; generated by PrusaSlicer 2.9.4 on 2026-05-15 at 08:04:53 UTC

; BE CAREFULL, THIS IS A HIGH SPEED PROFILE, DO NOT USE IT UNLESS YOU ARE SURE YOUR MACHINE IS MECHANICALLY WELL TUNED!

; external perimeters extrusion width = 0.68mm
; perimeters extrusion width = 0.60mm
; infill extrusion width = 0.68mm
; solid infill extrusion width = 0.68mm
; top infill extrusion width = 0.60mm
; support material extrusion width = 0.60mm

M73 P0 R53
;TYPE:Custom
PRINT_START BED_TEMP=60 EXTRUDER_TEMP=240 EXTRUDER1_TEMP=200
G21 ; set units to millimeters
G90 ; use absolute coordinates
M83 ; use relative distances for extrusion
; Filament gcode
M107
;LAYER_CHANGE
;Z:0.32
;HEIGHT:0.32
G1 E-8 F1500
G1 Z.52 F3000
G1 X123.459 Y88.002 F12000
G1 Z.32 F3000
G1 E10 F1500
M204 S1000
;TYPE:Skirt/Brim
;WIDTH:0.6
G1 F705.779
G1 X125.258 Y85.614 E.21134
G1 X127.412 Y83.291 E.22394
G1 X129.523 Y81.423 E.19926
G1 X131.941 Y79.666 E.21128
G1 X134.37 Y78.235 E.19928
G1 X137.245 Y76.905 E.22392
G1 X140.072 Y75.932 E.21134
G1 X142.813 Y75.274 E.19926
G1 X145.773 Y74.858 E.21129
G1 X148.939 Y74.738 E.22396
G1 X151.753 Y74.91 E.19929
G1 X154.88 Y75.415 E.22391
G1 X157.767 Y76.188 E.21127
G1 X160.408 Y77.176 E.19932
G1 X163.095 Y78.486 E.21131
G1 X165.498 Y79.959 E.19924
G1 X167.886 Y81.758 E.21134
G1 X170.209 Y83.911 E.22389
G1 X172.077 Y86.023 E.19931
G1 X173.834 Y88.441 E.21128
G1 X175.265 Y90.87 E.19928
G1 X176.595 Y93.746 E.22399
G1 X177.568 Y96.572 E.21127
G1 X178.226 Y99.313 E.19926
G1 X178.658 Y102.451 E.22391
G1 X178.762 Y105.439 E.21134
G1 X178.59 Y108.253 E.19929
G1 X178.123 Y111.205 E.21127
G1 X177.417 Y113.934 E.19926
G1 X176.324 Y116.908 E.22397
G1 X175.014 Y119.595 E.21131
G1 X173.541 Y121.998 E.19924
G1 X171.742 Y124.386 E.21134
G1 X169.588 Y126.709 E.22394
G1 X167.477 Y128.577 E.19926
G1 X164.909 Y130.431 E.22389
G1 X162.32 Y131.926 E.21133
G1 X159.755 Y133.095 E.19926
G1 X156.928 Y134.068 E.21134
G1 X154.187 Y134.726 E.19926
G1 X151.227 Y135.142 E.21129
G1 X148.061 Y135.262 E.22396
G1 X145.247 Y135.09 E.19929
G1 X142.295 Y134.623 E.21127
G1 X139.566 Y133.917 E.19926
G1 X136.592 Y132.824 E.22397
G1 X133.905 Y131.514 E.21131
G1 X131.214 Y129.843 E.22391
G1 X128.977 Y128.127 E.1993
G1 X126.791 Y126.088 E.21131
G1 X124.923 Y123.977 E.19926
G1 X123.069 Y121.409 E.22389
G1 X121.574 Y118.82 E.21133
G1 X120.405 Y116.254 E.19932
G1 X119.432 Y113.428 E.21127
G1 X118.71 Y110.344 E.2239
G1 X118.342 Y107.549 E.19928
G1 X118.238 Y104.561 E.21134
G1 X118.41 Y101.747 E.19929
G1 X118.877 Y98.795 E.21127
G1 X119.583 Y96.066 E.19926
G1 X120.676 Y93.092 E.22397
G1 X121.986 Y90.405 E.21131
G1 X123.443 Y88.027 E.19714
G1 E-8 F1500
G1 Z.52 F3000
G1 X148.51 Y85.338 F12000
G1 Z.32 F3000
G1 E10 F1500
;TYPE:External perimeter
;WIDTH:0.675
G1 F618.478
G1 X149.529 Y85.365 E.08223
G1 X150.555 Y85.445 E.08301
G1 X151.576 Y85.58 E.08308
G1 X152.588 Y85.767 E.08302
G1 X153.59 Y86.008 E.08313
G1 X154.258 Y86.2 E.05607
G1 X155.225 Y86.523 E.08224
G1 X156.183 Y86.901 E.08308
G1 X157.121 Y87.328 E.08314
G1 X157.73 Y87.638 E.05512
G1 X158.627 Y88.146 E.08316
G1 X159.496 Y88.7 E.08313
G1 X160.065 Y89.098 E.05601
G1 X160.874 Y89.719 E.08227
G1 X161.657 Y90.388 E.08308
G1 X162.404 Y91.098 E.08313
G1 X162.887 Y91.597 E.05602
G1 X163.562 Y92.361 E.08224
G1 X164.203 Y93.167 E.08307
G1 X164.801 Y94.005 E.08304
G1 X165.354 Y94.873 E.08302
G1 X165.861 Y95.769 E.08305
M73 P0 R52
G1 X166.321 Y96.692 E.08319
G1 X166.603 Y97.326 E.05597
G1 X166.977 Y98.275 E.08228
G1 X167.303 Y99.251 E.08301
G1 X167.578 Y100.243 E.08304
G1 X167.801 Y101.25 E.0832
G1 X167.922 Y101.934 E.05603
G1 X168.055 Y102.945 E.08226
G1 X168.135 Y103.971 E.08301
G1 X168.162 Y105 E.08303
G1 X168.135 Y106.03 E.08311
G1 X168.088 Y106.712 E.05514
G1 X167.971 Y107.736 E.08314
G1 X167.801 Y108.752 E.0831
G1 X167.578 Y109.757 E.08304
G1 X167.303 Y110.749 E.08304
G1 X166.976 Y111.726 E.08311
G1 X166.727 Y112.375 E.05607
G1 X166.32 Y113.31 E.08226
G1 X165.861 Y114.231 E.08301
G1 X165.354 Y115.127 E.08305
G1 X164.8 Y115.996 E.08313
G1 X164.408 Y116.556 E.05514
G1 X163.781 Y117.374 E.08314
G1 X163.112 Y118.157 E.08308
G1 X162.402 Y118.904 E.08313
G1 X161.911 Y119.379 E.05511
G1 X161.139 Y120.062 E.08315
G1 X160.333 Y120.703 E.08307
G1 X159.495 Y121.301 E.08304
G1 X158.627 Y121.854 E.08302
G1 X157.731 Y122.361 E.08305
G1 X156.808 Y122.821 E.08319
G1 X156.174 Y123.103 E.05597
G1 X155.225 Y123.477 E.08228
G1 X154.249 Y123.803 E.08301
G1 X153.257 Y124.078 E.08304
G1 X152.252 Y124.301 E.08304
G1 X151.235 Y124.471 E.08318
G1 X150.557 Y124.555 E.05511
G1 X149.529 Y124.635 E.08318
G1 X148.5 Y124.662 E.08303
G1 X147.47 Y124.635 E.08311
G1 X146.788 Y124.588 E.05514
G1 X145.764 Y124.471 E.08314
G1 X144.748 Y124.301 E.0831
G1 X143.743 Y124.078 E.08304
G1 X142.751 Y123.803 E.08304
G1 X141.774 Y123.476 E.08311
G1 X141.125 Y123.227 E.05607
G1 X140.19 Y122.82 E.08226
G1 X139.269 Y122.361 E.08301
G1 X138.373 Y121.854 E.08305
G1 X137.504 Y121.3 E.08313
G1 X136.944 Y120.908 E.05514
G1 X136.126 Y120.281 E.08314
G1 X135.343 Y119.612 E.08308
G1 X134.596 Y118.902 E.08313
G1 X134.113 Y118.403 E.05602
G1 X133.438 Y117.639 E.08224
G1 X132.797 Y116.833 E.08307
G1 X132.199 Y115.995 E.08304
G1 X131.646 Y115.127 E.08302
G1 X131.139 Y114.231 E.08305
G1 X130.679 Y113.308 E.08319
G1 X130.397 Y112.674 E.05597
G1 X130.023 Y111.725 E.08228
G1 X129.697 Y110.749 E.08301
G1 X129.422 Y109.757 E.08304
G1 X129.199 Y108.752 E.08304
G1 X129.029 Y107.736 E.0831
G1 X128.912 Y106.712 E.08314
G1 X128.865 Y106.03 E.05514
G1 X128.838 Y105 E.08311
G1 X128.865 Y103.97 E.08311
G1 X128.913 Y103.277 E.05604
G1 X129.029 Y102.264 E.08225
G1 X129.199 Y101.248 E.0831
G1 X129.422 Y100.243 E.08304
G1 X129.697 Y99.251 E.08304
G1 X130.024 Y98.274 E.08311
G1 X130.273 Y97.625 E.05607
G1 X130.68 Y96.69 E.08226
G1 X131.139 Y95.769 E.08301
G1 X131.646 Y94.873 E.08305
G1 X132.199 Y94.005 E.08302
G1 X132.798 Y93.166 E.08316
G1 X133.219 Y92.627 E.05517
G1 X133.888 Y91.843 E.08314
G1 X134.597 Y91.097 E.08302
G1 X135.343 Y90.388 E.08302
G1 X136.126 Y89.719 E.08308
G1 X136.944 Y89.092 E.08314
G1 X137.513 Y88.694 E.05601
G1 X138.373 Y88.146 E.08226
G1 X139.269 Y87.639 E.08305
G1 X140.19 Y87.18 E.08301
G1 X141.134 Y86.769 E.08305
G1 X142.1 Y86.408 E.08319
G1 X142.76 Y86.194 E.05597
G1 X143.743 Y85.922 E.08227
G1 X144.748 Y85.699 E.08304
G1 X145.764 Y85.529 E.0831
G1 X146.786 Y85.412 E.08298
G1 X147.815 Y85.35 E.08316
G1 X148.48 Y85.338 E.05365
G1 X149.079 Y85.353 F12000
G1 E-8 F1500
G1 Z.52 F3000
G1 X159.787 Y89.126 F12000
G1 Z.32 F3000
G1 E10 F1500
;TYPE:Solid infill
;WIDTH:0.678385
G1 F615.044
M73 P1 R52
G1 X162.149 Y91.488 E.27096
G1 X162.553 Y91.906 E.04716
G1 X163.214 Y92.654 E.08097
G1 X163.84 Y93.441 E.08157
G1 X164.424 Y94.259 E.08153
G1 X165.039 Y95.24 E.09392
G1 X158.26 Y88.461 E.77766
G1 X157.514 Y88.039 E.06952
G1 X156.466 Y87.53 E.09451
G1 X165.979 Y97.042 E1.09124
G1 X166.184 Y97.502 E.04085
G1 X166.571 Y98.497 E.0866
G1 X155.003 Y86.929 E1.32703
G1 X153.735 Y86.522 E.10802
G1 X166.972 Y99.76 E1.51855
G1 X167.137 Y100.353 E.04993
G1 X167.26 Y100.911 E.04635
G1 X152.584 Y86.234 E1.68363
G1 X151.519 Y86.032 E.08793
G1 X167.468 Y101.981 E1.8296
G1 X167.6 Y102.975 E.08134
G1 X150.525 Y85.9 E1.95877
G1 X149.589 Y85.825 E.07617
G1 X167.675 Y103.911 E2.07475
G1 X167.702 Y104.801 E.07223
G1 X148.703 Y85.802 E2.17949
G1 X147.843 Y85.804 E.06976
G1 X167.69 Y105.652 E2.27682
G1 X167.649 Y106.472 E.0666
G1 X147.03 Y85.853 E2.36533
G1 X146.246 Y85.932 E.06392
G1 X167.568 Y107.254 E2.44597
G1 X167.464 Y108.012 E.06206
G1 X145.488 Y86.036 E2.521
G1 X144.753 Y86.164 E.06052
G1 X167.336 Y108.747 E2.59063
G1 X167.18 Y109.453 E.05865
M73 P2 R52
G1 X144.047 Y86.32 E2.65372
G1 X143.364 Y86.499 E.05727
G1 X167.001 Y110.136 E2.71154
G1 X166.806 Y110.803 E.05637
G1 X142.696 Y86.693 E2.7658
G1 X142.052 Y86.912 E.05518
G1 X166.589 Y111.449 E2.81478
G1 X166.354 Y112.076 E.05431
G1 X141.425 Y87.146 E2.85981
G1 X140.819 Y87.403 E.05339
M73 P2 R51
G1 X166.098 Y112.682 E2.8999
G1 X165.829 Y113.275 E.05282
G1 X140.225 Y87.671 E2.93719
G1 X139.649 Y87.958 E.0522
G1 X165.542 Y113.851 E2.97034
G1 X165.238 Y114.409 E.05154
G1 X139.091 Y88.262 E2.99948
G1 X138.544 Y88.577 E.0512
M73 P3 R51
G1 X164.923 Y114.956 E3.02609
G1 X164.588 Y115.483 E.05065
G1 X138.017 Y88.912 E3.04812
G1 X137.5 Y89.258 E.05046
G1 X164.242 Y116 E3.06773
G1 X163.879 Y116.499 E.05005
G1 X137.001 Y89.621 E3.08333
G1 X136.513 Y89.995 E.04987
G1 X163.505 Y116.987 E3.09641
G1 X163.112 Y117.456 E.04963
G1 X136.044 Y90.388 E3.10513
G1 X135.582 Y90.789 E.04962
G1 X162.711 Y117.918 E3.11213
G1 X162.292 Y118.361 E.04946
G1 X135.139 Y91.208 E3.11488
G1 X134.708 Y91.639 E.04944
M73 P4 R51
G1 X161.863 Y118.794 E3.11511
G1 X161.416 Y119.21 E.04953
G1 X134.288 Y92.082 E3.11201
G1 X133.888 Y92.544 E.04957
G1 X160.959 Y119.614 E3.10542
G1 X160.484 Y120.002 E.04975
G1 X133.495 Y93.012 E3.09613
G1 X133.119 Y93.499 E.04991
M73 P4 R50
G1 X160.001 Y120.381 E3.08379
G1 X159.498 Y120.74 E.05013
G1 X132.76 Y94.002 E3.06727
G1 X132.412 Y94.517 E.05042
G1 X158.983 Y121.088 E3.04812
G1 X158.456 Y121.423 E.05065
G1 X132.077 Y95.044 E3.02609
G1 X131.762 Y95.591 E.0512
G1 X157.909 Y121.738 E2.99948
G1 X157.351 Y122.042 E.05154
M73 P5 R50
G1 X131.458 Y96.149 E2.97034
G1 X131.171 Y96.725 E.0522
G1 X156.775 Y122.329 E2.93719
G1 X156.185 Y122.601 E.0527
G1 X130.902 Y97.319 E2.90031
G1 X130.646 Y97.924 E.05329
G1 X155.573 Y122.851 E2.85952
G1 X154.949 Y123.089 E.05417
G1 X130.411 Y98.551 E2.8149
G1 X130.194 Y99.197 E.05528
G1 X154.303 Y123.306 E2.76569
G1 X153.636 Y123.501 E.05637
G1 X129.999 Y99.864 E2.71154
G1 X129.82 Y100.547 E.05727
G1 X152.953 Y123.68 E2.65372
G1 X152.247 Y123.836 E.05865
G1 X129.664 Y101.253 E2.59063
G1 X129.536 Y101.988 E.06052
M73 P6 R50
G1 X151.512 Y123.964 E2.521
G1 X150.758 Y124.072 E.06179
G1 X129.432 Y102.746 E2.44643
G1 X129.352 Y103.528 E.06376
G1 X149.968 Y124.145 E2.36504
G1 X149.152 Y124.19 E.06629
M73 P6 R49
G1 X129.31 Y104.348 E2.27619
G1 X129.298 Y105.199 E.06904
G1 X148.301 Y124.202 E2.17995
G1 X147.412 Y124.176 E.07214
G1 X129.324 Y106.088 E2.07498
G1 X129.406 Y107.032 E.07686
G1 X146.468 Y124.094 E1.95728
G1 X145.474 Y123.961 E.08135
G1 X129.539 Y108.026 E1.828
G1 X129.645 Y108.665 E.05254
G1 X129.74 Y109.09 E.03533
G1 X144.41 Y123.76 E1.68288
G1 X143.853 Y123.637 E.04627
G1 X143.26 Y123.472 E.04993
G1 X130.028 Y110.24 E1.51792
G1 X130.132 Y110.616 E.03164
G1 X130.429 Y111.503 E.07588
G1 X141.997 Y123.071 E1.32703
G1 X141.298 Y122.806 E.06064
G1 X140.539 Y122.476 E.06713
G1 X131.021 Y112.958 E1.09187
G1 X131.541 Y114.017 E.0957
G1 X131.961 Y114.76 E.06923
G1 X138.74 Y121.539 E.77766
G1 X137.756 Y120.922 E.09421
G1 X137.213 Y120.541 E.05381
G1 X136.412 Y119.927 E.08187
G1 X135.648 Y119.274 E.08153
G1 X134.961 Y118.622 E.07683
G1 X132.644 Y116.305 E.2658
M106 S127.5
;LAYER_CHANGE
;Z:0.72
;HEIGHT:0.4

G1 E-8 F1500
G1 Z.72 F3000
M73 P7 R49
;AFTER_LAYER_CHANGE
;0.72
G92 E0
_ON_LAYER_CHANGE LAYER=2
G1 Z.92
G1 X148.508 Y85.338 F12000
G1 Z.72 F3000
G1 E10 F1500
;TYPE:External perimeter
;WIDTH:0.675
G1 F509.2
G1 X148.534 Y85.338 E.00255
G1 X149.529 Y85.365 E.09752
G1 X150.555 Y85.445 E.10083
G1 X151.576 Y85.58 E.10091
G1 X152.589 Y85.768 E.10095
G1 X153.255 Y85.921 E.06695
G1 X154.249 Y86.197 E.10107
G1 X155.225 Y86.523 E.10082
G1 X156.183 Y86.901 E.1009
G1 X157.119 Y87.328 E.1008
G1 X158.032 Y87.803 E.10084
G1 X158.921 Y88.326 E.10106
G1 X159.495 Y88.699 E.06707
G1 X160.056 Y89.092 E.06711
G1 X160.874 Y89.719 E.10098
G1 X161.657 Y90.388 E.1009
G1 X162.403 Y91.097 E.10084
G1 X163.112 Y91.843 E.10084
G1 X163.781 Y92.626 E.1009
G1 X164.408 Y93.444 E.10098
G1 X164.82 Y94.034 E.07051
G1 X165.354 Y94.873 E.09744
G1 X165.861 Y95.769 E.10087
G1 X166.32 Y96.69 E.10082
G1 X166.731 Y97.636 E.10106
G1 X166.976 Y98.274 E.06696
G1 X167.303 Y99.251 E.10094
G1 X167.578 Y100.243 E.10086
G1 X167.801 Y101.248 E.10086
G1 X167.971 Y102.265 E.10103
G1 X168.055 Y102.943 E.06694
G1 X168.135 Y103.971 E.10103
G1 X168.162 Y105 E.10085
G1 X168.135 Y106.03 E.10095
G1 X168.088 Y106.712 E.06698
G1 X167.971 Y107.736 E.10098
G1 X167.801 Y108.752 E.10093
G1 X167.578 Y109.757 E.10086
G1 X167.303 Y110.749 E.10086
G1 X166.977 Y111.725 E.10082
G1 X166.599 Y112.684 E.101
G1 X166.321 Y113.308 E.06693
G1 X165.861 Y114.231 E.10104
G1 X165.354 Y115.127 E.10087
G1 X164.8 Y115.996 E.10097
G1 X164.408 Y116.556 E.06697
G1 X163.781 Y117.374 E.10098
G1 X163.112 Y118.157 E.1009
G1 X162.403 Y118.903 E.10084
G1 X161.657 Y119.612 E.10084
G1 X160.874 Y120.281 E.1009
G1 X160.056 Y120.908 E.10098
G1 X159.466 Y121.32 E.07051
G1 X158.627 Y121.854 E.09744
G1 X157.731 Y122.361 E.10087
G1 X156.81 Y122.82 E.10082
G1 X155.864 Y123.231 E.10106
G1 X155.226 Y123.476 E.06696
G1 X154.249 Y123.803 E.10094
G1 X153.257 Y124.078 E.10086
G1 X152.252 Y124.301 E.10086
G1 X151.235 Y124.471 E.10103
G1 X150.557 Y124.555 E.06694
G1 X149.529 Y124.635 E.10103
G1 X148.5 Y124.662 E.10085
G1 X147.471 Y124.635 E.10085
G1 X146.445 Y124.555 E.10083
G1 X145.424 Y124.42 E.10091
G1 X144.411 Y124.232 E.10095
G1 X143.745 Y124.079 E.06695
G1 X142.751 Y123.803 E.10107
G1 X141.775 Y123.477 E.10082
G1 X140.816 Y123.099 E.101
G1 X140.192 Y122.821 E.06693
G1 X139.269 Y122.361 E.10104
G1 X138.373 Y121.854 E.10087
G1 X137.504 Y121.3 E.10097
G1 X136.944 Y120.908 E.06697
G1 X136.126 Y120.281 E.10098
G1 X135.343 Y119.612 E.1009
G1 X134.597 Y118.903 E.10084
G1 X133.888 Y118.157 E.10084
G1 X133.219 Y117.374 E.1009
G1 X132.593 Y116.557 E.10084
G1 X132.009 Y115.708 E.10096
G1 X131.647 Y115.128 E.06699
G1 X131.139 Y114.231 E.101
G1 X130.68 Y113.31 E.10082
G1 X130.269 Y112.365 E.10097
G1 X130.012 Y111.692 E.07058
G1 X129.697 Y110.749 E.09741
G1 X129.422 Y109.757 E.10086
G1 X129.199 Y108.752 E.10086
G1 X129.029 Y107.735 E.10103
G1 X128.942 Y107.021 E.07047
G1 X128.865 Y106.029 E.09749
G1 X128.838 Y104.999 E.10095
G1 X128.85 Y104.315 E.06703
G1 X128.912 Y103.286 E.101
G1 X129.029 Y102.264 E.10079
G1 X129.199 Y101.248 E.10093
G1 X129.422 Y100.243 E.10086
G1 X129.697 Y99.251 E.10086
G1 X130.024 Y98.274 E.10094
G1 X130.283 Y97.602 E.07056
G1 X130.68 Y96.69 E.09745
G1 X131.139 Y95.769 E.10082
G1 X131.646 Y94.873 E.10087
G1 X132.199 Y94.005 E.10084
G1 X132.798 Y93.166 E.101
G1 X133.241 Y92.599 E.0705
G1 X133.888 Y91.843 E.09749
G1 X134.597 Y91.097 E.10084
G1 X135.343 Y90.388 E.10084
G1 X136.126 Y89.719 E.1009
G1 X136.944 Y89.092 E.10098
G1 X137.534 Y88.68 E.07051
G1 X138.373 Y88.146 E.09744
G1 X139.269 Y87.639 E.10087
G1 X140.19 Y87.18 E.10082
G1 X141.135 Y86.769 E.10097
G1 X141.808 Y86.512 E.07058
G1 X142.751 Y86.197 E.09741
G1 X143.743 Y85.922 E.10086
G1 X144.748 Y85.699 E.10086
G1 X145.764 Y85.529 E.10093
G1 X146.786 Y85.412 E.10079
G1 X147.815 Y85.35 E.101
G1 X148.478 Y85.339 E.06497
G1 X149.078 Y85.353 F12000
G1 X148.503 Y85.89
;TYPE:Perimeter
G1 E-30 F1500
G1 Z5.72 F300.0
G1 F12000.0
T1
G1 Z0.72 F300.0
PRIME_FIBRE
G1 E45.0 F1500
G1 F12000.0
;WIDTH:0.6
G1 F300
G1 X148.532 Y85.89 E.00248
G1 X149.5 Y85.916 E.0828 U0.968
G1 X150.498 Y85.994 E.08559 U1.969
G1 X151.49 Y86.125 E.08556 U2.97
G1 X152.477 Y86.308 E.08583 U3.974
G1 X153.12 Y86.456 E.05642 U4.634
G1 X154.087 Y86.724 E.0858 U5.637
G1 X155.036 Y87.042 E.08558 U6.638
G1 X155.967 Y87.409 E.08557 U7.639
G1 X156.878 Y87.824 E.0856 U8.64
G1 X157.765 Y88.286 E.08551 U9.64
G1 X158.63 Y88.795 E.08582 U10.644
G1 X159.187 Y89.157 E.0568 U11.308
G1 X159.73 Y89.537 E.05667 U11.971
G1 X160.527 Y90.148 E.08587 U12.975
G1 X161.287 Y90.798 E.08551 U13.975
G1 X162.013 Y91.487 E.08558 U14.976
G1 X162.702 Y92.213 E.08558 U15.977
G1 X163.352 Y92.973 E.08551 U16.977
G1 X163.963 Y93.77 E.08587 U17.981
G1 X164.361 Y94.34 E.05944 U18.676
G1 X164.881 Y95.157 E.08281 U19.645
G1 X165.374 Y96.028 E.08558 U20.645
G1 X165.82 Y96.924 E.08558 U21.646
G1 X166.221 Y97.845 E.08589 U22.651
G1 X166.457 Y98.46 E.05632 U23.31
G1 X166.776 Y99.413 E.08593 U24.315
G1 X167.043 Y100.377 E.08553 U25.315
G1 X167.259 Y101.353 E.08547 U26.314
G1 X167.425 Y102.344 E.08592 U27.319
G1 X167.506 Y102.999 E.05643 U27.979
G1 X167.584 Y104 E.08585 U28.983
G1 X167.611 Y105 E.08554 U29.984
G1 X167.584 Y106.004 E.08588 U30.988
G1 X167.538 Y106.662 E.0564 U31.648
G1 X167.425 Y107.66 E.08588 U32.652
G1 X167.259 Y108.646 E.08549 U33.652
G1 X167.043 Y109.623 E.08556 U34.652
G1 X166.776 Y110.587 E.08553 U35.653
G1 X166.458 Y111.536 E.08558 U36.654
G1 X166.09 Y112.471 E.08592 U37.658
G1 X165.822 Y113.073 E.05634 U38.317
G1 X165.374 Y113.972 E.08588 U39.322
G1 X164.881 Y114.843 E.08558 U40.323
G1 X164.341 Y115.69 E.08589 U41.327
G1 X163.963 Y116.23 E.05636 U41.986
G1 X163.352 Y117.027 E.08587 U42.991
G1 X162.702 Y117.787 E.08551 U43.991
G1 X162.013 Y118.513 E.08558 U44.992
G1 X161.287 Y119.202 E.08558 U45.992
G1 X160.527 Y119.852 E.08551 U46.992
G1 X159.73 Y120.463 E.08587 U47.997
G1 X159.16 Y120.861 E.05944 U48.692
G1 X158.343 Y121.381 E.08281 U49.66
G1 X157.472 Y121.874 E.08558 U50.661
G1 X156.576 Y122.32 E.08558 U51.662
G1 X155.655 Y122.721 E.08589 U52.667
G1 X155.04 Y122.957 E.05632 U53.325
G1 X154.087 Y123.276 E.08593 U54.33
G1 X153.123 Y123.543 E.08553 U55.331
G1 X152.147 Y123.759 E.08547 U56.33
G1 X151.156 Y123.925 E.08592 U57.335
G1 X150.501 Y124.006 E.05643 U57.995
G1 X149.5 Y124.084 E.08585 U58.999
G1 X148.5 Y124.111 E.08554 U59.999
G1 X147.5 Y124.084 E.08554 U61.0
G1 X146.502 Y124.006 E.08559 U62.001
G1 X145.51 Y123.875 E.08556 U63.001
G1 X144.523 Y123.692 E.08583 U64.005
G1 X143.88 Y123.544 E.05642 U64.665
G1 X142.913 Y123.276 E.0858 U65.669
G1 X141.964 Y122.958 E.08558 U66.669
G1 X141.029 Y122.59 E.08592 U67.674
G1 X140.427 Y122.322 E.05634 U68.333
G1 X139.528 Y121.874 E.08588 U69.338
G1 X138.657 Y121.381 E.08558 U70.338
G1 X137.81 Y120.841 E.08589 U71.343
G1 X137.27 Y120.463 E.05636 U72.002
G1 X136.473 Y119.852 E.08587 U73.006
G1 X135.713 Y119.202 E.08551 U74.006
G1 X134.987 Y118.513 E.08558 U75.007
G1 X134.298 Y117.787 E.08558 U76.008
G1 X133.648 Y117.027 E.08551 U77.008
G1 X133.039 Y116.233 E.08556 U78.009
G1 X132.47 Y115.405 E.0859 U79.014
G1 X132.121 Y114.846 E.05635 U79.673
G1 X131.626 Y113.972 E.08588 U80.677
G1 X131.18 Y113.076 E.08558 U81.678
G1 X130.78 Y112.156 E.08578 U82.681
M73 P8 R49
G1 X130.531 Y111.506 E.05952 U83.377
G1 X130.225 Y110.588 E.08274 U84.345
G1 X129.957 Y109.623 E.08564 U85.346
G1 X129.741 Y108.646 E.08556 U86.347
G1 X129.575 Y107.656 E.08583 U87.351
G1 X129.491 Y106.966 E.05943 U88.046
G1 X129.416 Y106 E.08285 U89.015
G1 X129.389 Y104.996 E.08588 U90.019
G1 X129.401 Y104.337 E.05636 U90.678
G1 X129.462 Y103.334 E.08592 U91.683
G1 X129.575 Y102.34 E.08554 U92.683
G1 X129.741 Y101.354 E.08549 U93.683
G1 X129.957 Y100.377 E.08556 U94.684
G1 X130.225 Y99.413 E.08555 U95.684
G1 X130.543 Y98.461 E.08582 U96.688
G1 X130.793 Y97.812 E.05947 U97.384
G1 X131.18 Y96.924 E.08283 U98.352
G1 X131.626 Y96.028 E.08558 U99.353
G1 X132.119 Y95.157 E.08558 U100.354
G1 X132.657 Y94.313 E.08558 U101.355
G1 X133.24 Y93.496 E.08582 U102.359
G1 X133.668 Y92.949 E.05939 U103.053
G1 X134.298 Y92.213 E.08284 U104.022
G1 X134.987 Y91.487 E.08558 U105.023
G1 X135.713 Y90.798 E.08558 U106.024
G1 X136.473 Y90.148 E.08551 U107.024
M73 P8 R48
G1 X137.27 Y89.537 E.08587 U108.028
G1 X137.84 Y89.139 E.05944 U108.723
G1 X138.657 Y88.619 E.08281 U109.692
G1 X139.528 Y88.126 E.08558 U110.693
G1 X140.424 Y87.68 E.08558 U111.693
G1 X141.344 Y87.28 E.08578 U112.697
G1 X141.994 Y87.031 E.05952 U113.393
G1 X142.912 Y86.725 E.08274 U114.36
G1 X143.877 Y86.457 E.08564 U115.362
G1 X144.853 Y86.241 E.08547 U116.361
G1 X145.84 Y86.075 E.08558 U117.362
G1 X146.834 Y85.962 E.08554 U118.363
G1 X147.836 Y85.901 E.08583 U119.367
G1 X148.473 Y85.891 E.05447 U120.004
G1 X148.499 Y86.404 F12000 U120.517
G1 F300
G1 X148.529 Y86.404 E.00257 U120.547
G1 X149.473 Y86.429 E.08075 U121.492
G1 X150.444 Y86.506 E.08329 U122.466
G1 X151.409 Y86.633 E.08322 U123.439
G1 X152.372 Y86.811 E.08374 U124.418
G1 X152.993 Y86.955 E.05451 U125.056
G1 X153.937 Y87.216 E.08375 U126.035
G1 X154.86 Y87.525 E.08323 U127.009
G1 X155.766 Y87.882 E.08326 U127.982
G1 X156.652 Y88.286 E.08326 U128.956
G1 X157.516 Y88.735 E.08326 U129.93
G1 X158.36 Y89.233 E.08379 U130.91
G1 X159.426 Y89.952 E.10994 U132.196
G1 X160.203 Y90.548 E.08373 U133.175
G1 X160.943 Y91.18 E.08321 U134.148
G1 X161.649 Y91.851 E.08328 U135.122
G1 X162.32 Y92.557 E.08328 U136.096
G1 X162.952 Y93.297 E.08321 U137.069
G1 X163.548 Y94.074 E.08373 U138.048
G1 X163.933 Y94.625 E.05747 U138.721
G1 X164.44 Y95.422 E.08077 U139.665
G1 X164.919 Y96.27 E.08328 U140.639
G1 X165.354 Y97.141 E.08325 U141.613
G1 X165.745 Y98.039 E.08375 U142.592
G1 X165.973 Y98.634 E.05448 U143.229
G1 X166.284 Y99.563 E.08377 U144.209
G1 X166.544 Y100.501 E.08323 U145.182
G1 X166.755 Y101.452 E.08329 U146.157
G1 X166.864 Y102.104 E.05652 U146.818
G1 X166.955 Y102.734 E.05443 U147.454
G1 X167.033 Y103.541 E.06932 U148.265
G1 X167.096 Y105 E.12487 U149.725
G1 X167.071 Y105.979 E.08374 U150.705
G1 X167.026 Y106.615 E.05452 U151.342
G1 X166.915 Y107.588 E.08374 U152.321
G1 X166.755 Y108.548 E.08322 U153.295
G1 X166.544 Y109.499 E.08329 U154.269
G1 X166.284 Y110.437 E.08323 U155.242
G1 X165.975 Y111.36 E.08323 U156.216
G1 X165.616 Y112.272 E.0838 U157.196
G1 X165.357 Y112.854 E.05447 U157.833
G1 X164.919 Y113.73 E.08374 U158.812
G1 X164.44 Y114.578 E.08328 U159.786
G1 X163.914 Y115.404 E.08373 U160.765
G1 X163.548 Y115.926 E.05451 U161.403
G1 X162.952 Y116.703 E.08373 U162.382
G1 X162.32 Y117.443 E.08321 U163.355
G1 X161.65 Y118.149 E.08322 U164.329
G1 X160.943 Y118.82 E.08334 U165.303
G1 X160.203 Y119.452 E.08321 U166.276
G1 X159.426 Y120.048 E.08373 U167.256
G1 X158.875 Y120.433 E.05747 U167.928
G1 X158.078 Y120.94 E.08077 U168.872
G1 X157.23 Y121.419 E.08328 U169.846
G1 X156.359 Y121.854 E.08325 U170.82
G1 X155.461 Y122.245 E.08375 U171.799
G1 X154.866 Y122.473 E.05448 U172.437
G1 X153.937 Y122.784 E.08377 U173.416
G1 X152.999 Y123.044 E.08323 U174.39
G1 X152.048 Y123.255 E.08329 U175.364
G1 X151.082 Y123.416 E.08374 U176.343
G1 X150.45 Y123.494 E.05445 U176.98
G1 X149.473 Y123.571 E.0838 U177.96
G1 X148.5 Y123.596 E.08322 U178.933
G1 X147.527 Y123.571 E.08322 U179.907
G1 X146.556 Y123.494 E.08329 U180.881
G1 X145.591 Y123.367 E.08322 U181.854
G1 X144.628 Y123.189 E.08374 U182.833
G1 X144.007 Y123.045 E.05451 U183.471
G1 X143.063 Y122.784 E.08375 U184.45
G1 X142.14 Y122.475 E.08323 U185.423
G1 X141.228 Y122.116 E.0838 U186.404
G1 X140.646 Y121.857 E.05447 U187.041
G1 X139.77 Y121.419 E.08374 U188.02
G1 X138.922 Y120.94 E.08328 U188.994
G1 X138.096 Y120.414 E.08373 U189.973
G1 X137.574 Y120.048 E.05451 U190.611
G1 X136.797 Y119.452 E.08373 U191.59
G1 X136.057 Y118.82 E.08321 U192.563
G1 X135.351 Y118.15 E.08322 U193.536
G1 X134.68 Y117.443 E.08334 U194.511
G1 X134.048 Y116.703 E.08321 U195.484
G1 X133.455 Y115.931 E.08324 U196.458
G1 X132.9 Y115.123 E.08382 U197.438
G1 X132.563 Y114.583 E.05443 U198.075
G1 X132.081 Y113.73 E.08377 U199.054
G1 X131.646 Y112.859 E.08325 U200.028
G1 X131.256 Y111.962 E.08363 U201.006
G1 X131.016 Y111.333 E.05756 U201.679
G1 X130.716 Y110.437 E.08079 U202.624
G1 X130.456 Y109.499 E.08323 U203.597
G1 X130.245 Y108.548 E.08329 U204.572
G1 X130.084 Y107.583 E.08365 U205.55
G1 X130.003 Y106.915 E.05754 U206.223
G1 X129.929 Y105.974 E.08071 U207.167
G1 X129.904 Y104.994 E.08382 U208.147
G1 X129.915 Y104.357 E.05447 U208.784
G1 X129.975 Y103.379 E.08378 U209.764
G1 X130.085 Y102.412 E.08322 U210.737
G1 X130.245 Y101.452 E.08322 U211.71
G1 X130.456 Y100.501 E.08329 U212.685
G1 X130.716 Y99.563 E.08323 U213.658
G1 X131.027 Y98.635 E.08369 U214.637
G1 X131.269 Y98.007 E.05755 U215.31
G1 X131.646 Y97.141 E.08076 U216.254
G1 X132.081 Y96.27 E.08325 U217.228
G1 X132.56 Y95.422 E.08328 U218.202
G1 X133.083 Y94.601 E.08323 U219.175
G1 X133.651 Y93.804 E.08368 U220.154
G1 X134.066 Y93.275 E.05749 U220.826
G1 X134.68 Y92.557 E.08078 U221.771
G1 X135.351 Y91.85 E.08334 U222.746
G1 X136.057 Y91.18 E.08322 U223.719
G1 X136.797 Y90.548 E.08321 U224.692
G1 X137.574 Y89.952 E.08373 U225.671
G1 X138.125 Y89.567 E.05747 U226.344
G1 X138.922 Y89.06 E.08077 U227.288
G1 X139.77 Y88.581 E.08328 U228.262
G1 X140.641 Y88.146 E.08325 U229.236
G1 X141.538 Y87.756 E.08363 U230.214
G1 X142.167 Y87.516 E.05756 U230.887
G1 X143.063 Y87.216 E.08079 U231.832
G1 X144.001 Y86.956 E.08323 U232.805
G1 X144.952 Y86.745 E.08329 U233.779
G1 X145.912 Y86.585 E.08322 U234.753
G1 X146.879 Y86.475 E.08322 U235.726
G1 X147.856 Y86.415 E.0837 U236.705
G1 X148.469 Y86.405 E.05242 U237.318
G1 X148.494 Y86.919 F12000 U237.832
G1 F300
G1 X148.526 Y86.918 E.00274 U237.864
G1 X149.446 Y86.943 E.07869 U238.785
G1 X150.39 Y87.017 E.08096 U239.732
G1 X151.329 Y87.141 E.08099 U240.679
G1 X152.268 Y87.315 E.08166 U241.634
G1 X152.866 Y87.453 E.05248 U242.248
G1 X153.787 Y87.708 E.08171 U243.203
M73 P9 R48
G1 X154.684 Y88.009 E.0809 U244.149
G1 X155.565 Y88.356 E.08096 U245.096
G1 X156.427 Y88.748 E.08097 U246.043
G1 X157.266 Y89.185 E.08089 U246.989
G1 X158.089 Y89.67 E.08168 U247.944
G1 X159.122 Y90.366 E.1065 U249.19
G1 X159.879 Y90.948 E.08165 U250.145
G1 X160.599 Y91.563 E.08096 U251.092
G1 X161.286 Y92.214 E.08093 U252.038
G1 X161.937 Y92.901 E.08093 U252.985
G1 X162.552 Y93.621 E.08096 U253.932
G1 X163.133 Y94.377 E.08153 U254.885
G1 X163.505 Y94.91 E.05558 U255.535
G1 X163.999 Y95.687 E.07873 U256.456
G1 X164.465 Y96.511 E.08094 U257.402
G1 X164.888 Y97.358 E.08095 U258.349
G1 X165.269 Y98.234 E.08168 U259.304
G1 X165.489 Y98.808 E.05256 U259.919
G1 X165.792 Y99.713 E.0816 U260.874
G1 X166.045 Y100.626 E.08101 U261.821
G1 X166.25 Y101.55 E.08093 U262.767
G1 X166.357 Y102.189 E.0554 U263.415
G1 X166.445 Y102.797 E.05253 U264.03
G1 X166.52 Y103.582 E.06743 U264.818
G1 X166.582 Y105 E.12136 U266.238
G1 X166.557 Y105.955 E.08169 U267.193
G1 X166.514 Y106.568 E.05254 U267.807
G1 X166.406 Y107.517 E.08167 U268.763
G1 X166.25 Y108.45 E.08088 U269.708
G1 X166.045 Y109.374 E.08093 U270.655
G1 X165.792 Y110.287 E.08101 U271.602
G1 X165.491 Y111.184 E.0809 U272.549
G1 X165.141 Y112.073 E.08169 U273.504
G1 X164.891 Y112.634 E.05252 U274.118
G1 X164.465 Y113.489 E.08168 U275.073
G1 X163.999 Y114.313 E.08094 U276.02
G1 X163.486 Y115.118 E.08162 U276.975
G1 X163.134 Y115.622 E.05256 U277.589
G1 X162.552 Y116.379 E.08165 U278.544
G1 X161.937 Y117.099 E.08096 U279.491
G1 X161.286 Y117.786 E.08093 U280.438
G1 X160.599 Y118.437 E.08093 U281.384
G1 X159.879 Y119.052 E.08096 U282.331
G1 X159.123 Y119.633 E.08153 U283.284
G1 X158.59 Y120.005 E.05558 U283.934
G1 X157.813 Y120.499 E.07873 U284.855
G1 X156.989 Y120.965 E.08094 U285.802
G1 X156.142 Y121.388 E.08095 U286.748
G1 X155.266 Y121.769 E.08168 U287.704
G1 X154.692 Y121.989 E.05256 U288.318
G1 X153.787 Y122.292 E.0816 U289.273
G1 X152.874 Y122.545 E.08101 U290.22
G1 X151.95 Y122.75 E.08093 U291.167
G1 X151.008 Y122.907 E.08166 U292.122
G1 X150.398 Y122.982 E.05255 U292.736
G1 X149.446 Y123.057 E.08165 U293.691
G1 X148.5 Y123.082 E.08092 U294.638
G1 X147.554 Y123.057 E.08092 U295.584
G1 X146.61 Y122.983 E.08096 U296.531
G1 X145.671 Y122.859 E.08099 U297.478
G1 X144.732 Y122.685 E.08166 U298.433
G1 X144.134 Y122.547 E.05248 U299.047
G1 X143.213 Y122.292 E.08171 U300.002
G1 X142.316 Y121.991 E.0809 U300.948
CUT
G1 X141.427 Y121.641 E.08169
G1 X140.866 Y121.391 E.05252
G1 X140.011 Y120.965 E.08168
G1 X139.187 Y120.499 E.08094
G1 X138.382 Y119.986 E.08162
G1 X137.878 Y119.634 E.05256
G1 X137.121 Y119.052 E.08165
G1 X136.401 Y118.437 E.08096
G1 X135.714 Y117.786 E.08093
G1 X135.063 Y117.099 E.08093
G1 X134.448 Y116.379 E.08096
G1 X133.871 Y115.628 E.08098
G1 X133.331 Y114.841 E.08161
G1 X133.005 Y114.32 E.05255
G1 X132.535 Y113.489 E.08163
G1 X132.112 Y112.642 E.08095
G1 X131.732 Y111.767 E.08157
G1 X131.5 Y111.16 E.05556
G1 X131.208 Y110.287 E.07871
G1 X130.955 Y109.374 E.08101
G1 X130.75 Y108.45 E.08093
G1 X130.593 Y107.509 E.08157
G1 X130.515 Y106.864 E.05555
G1 X130.443 Y105.947 E.07865
G1 X130.418 Y104.992 E.08169
G1 X130.429 Y104.377 E.05259
G1 X130.487 Y103.424 E.08164
G1 X130.594 Y102.483 E.08098
G1 X130.75 Y101.55 E.08088
G1 X130.955 Y100.626 E.08093
G1 X131.208 Y99.713
G1 X131.511 Y98.809
G1 X131.745 Y98.202
G1 X132.112 Y97.359
G1 X132.535 Y96.511
G1 X133.001 Y95.687
G1 X133.509 Y94.889
G1 X134.063 Y94.112
G1 X134.464 Y93.6
G1 X135.062 Y92.901
G1 X135.714 Y92.214
G1 X136.401 Y91.563
G1 X137.121 Y90.948
G1 X137.877 Y90.367
G1 X138.41 Y89.995
G1 X139.187 Y89.501
G1 X140.011 Y89.035
G1 X140.858 Y88.612
G1 X141.733 Y88.232
G1 X142.34 Y88
G1 X143.213 Y87.708
G1 X144.126 Y87.455
G1 X145.05 Y87.25
G1 X145.983 Y87.094
G1 X146.924 Y86.987
G1 X147.876 Y86.929
G1 X148.464 Y86.919
G1 E-8 F1500
G1 Z.92 F3000
G1 X136.577 Y91.758 F12000
G1 Z.72 F3000
G1 E10 F1500
;TYPE:Solid infill
G1 E-30 F1500
G1 Z5.72 F300.0
G1 F12000.0
T0
G1 Z0.72 F300.0
G1 E32.0 F1500
G1 F12000.0
;WIDTH:0.595841
G1 F588.235
G1 X135.258 Y93.078 E.15827
G1 X136.366 Y91.964 E.13326
G1 E-8 F1500
G1 Z.92 F3000
G1 X138.962 Y90.104 F12000
G1 Z.72 F3000
G1 E10 F1500
G1 F588.235
G1 X138.916 Y90.059 E.00546
G1 X138.855 Y90.075 E.00535
G1 X138.838 Y90.137 E.00545
G1 X138.883 Y90.182 E.0054
G1 X138.945 Y90.166 E.00543
;WIDTH:0.63542
G1 F545.872
G1 X138.714 Y90.313 E.02502
;WIDTH:0.675
G1 F509.2
G1 X138.483 Y90.46 E.02683
G1 X133.966 Y94.978 E.62595
G1 X133.826 Y95.178 E.02392
;WIDTH:0.63542
G1 F545.872
G1 X133.687 Y95.378 E.02226
;WIDTH:0.595841
G1 F588.235
G1 X133.642 Y95.333 E.0054
G1 X133.58 Y95.349 E.00543
G1 X133.564 Y95.411 E.00543
G1 X133.609 Y95.456 E.0054
G1 X133.67 Y95.439 E.00537
G1 E-8 F1500
G1 Z.92 F3000
G1 X132.512 Y97.426 F12000
G1 Z.72 F3000
G1 E10 F1500
G1 F588.235
G1 X132.467 Y97.381 E.0054
G1 X132.406 Y97.397 E.00535
G1 X132.389 Y97.459 E.00545
G1 X132.434 Y97.504 E.0054
G1 X132.496 Y97.487 E.00545
;WIDTH:0.63542
G1 F545.872
G1 X132.623 Y97.257 E.02401
;WIDTH:0.675
G1 F509.2
G1 X132.751 Y97.026 E.02588
G1 X140.526 Y89.251 E1.07731
G1 E-8 F1500
G1 Z.92 F3000
G1 X142.044 Y88.566 F12000
G1 Z.72 F3000
G1 E10 F1500
G1 F509.2
G1 X132.067 Y98.543 E1.38242
G1 X131.955 Y98.774 E.02515
;WIDTH:0.63542
G1 F545.872
G1 X131.843 Y99.005 E.02346
;WIDTH:0.595841
G1 F588.235
G1 X131.781 Y99.021 E.00543
G1 X131.736 Y98.976 E.0054
G1 X131.753 Y98.915 E.00537
G1 X131.814 Y98.898 E.00537
G1 X131.859 Y98.943 E.0054
G1 E-8 F1500
G1 Z.92 F3000
G1 X131.118 Y100.831 F12000
G1 Z.72 F3000
G1 E10 F1500
G1 F588.235
G1 X131.324 Y100.057 E.06793
;WIDTH:0.63542
G1 F545.872
G1 X131.47 Y99.942 E.01699
;WIDTH:0.675
G1 F509.2
G1 X131.617 Y99.826 E.01835
G1 X143.327 Y88.116 E1.62255
G1 X143.442 Y87.97 E.01821
M73 P10 R47
;WIDTH:0.63542
G1 F545.872
G1 X143.557 Y87.824 E.01699
;WIDTH:0.595841
G1 F588.235
G1 X144.331 Y87.618 E.06793
;WIDTH:0.675
G1 F509.2
G1 X144.462 Y87.814 E.0231
G1 X131.314 Y100.962 E1.8218
G1 X131.103 Y102.006 E.10436
G1 X145.506 Y87.603 E1.9957
G1 X146.479 Y87.463 E.09631
G1 X130.963 Y102.979 E2.14991
G1 X130.882 Y103.894 E.09
G1 X147.394 Y87.382 E2.28792
G1 X148.258 Y87.351 E.08471
G1 X130.845 Y104.764 E2.41277
G1 X130.857 Y105.585 E.08045
G1 X149.086 Y87.356 E2.52583
G1 X149.874 Y87.401 E.07733
G1 X130.901 Y106.375 E2.62899
G1 X130.974 Y107.135 E.07481
G1 X150.633 Y87.476 E2.72397
G1 X151.364 Y87.578 E.07232
G1 X131.081 Y107.861 E2.81044
G1 X131.209 Y108.566 E.0702
G1 X152.067 Y87.708 E2.89011
G1 X152.748 Y87.86 E.06836
G1 X131.361 Y109.248 E2.96348
G1 X131.54 Y109.901 E.06634
M73 P11 R47
G1 X153.401 Y88.04 E3.02909
G1 X154.037 Y88.238 E.06526
G1 X131.738 Y110.537 E3.08978
G1 X131.951 Y111.156 E.06414
G1 X154.656 Y88.452 E3.14596
G1 X155.253 Y88.688 E.0629
G1 X132.187 Y111.754 E3.19605
G1 X132.44 Y112.334 E.062
G1 X155.832 Y88.942 E3.24122
G1 X156.397 Y89.21 E.06127
G1 X132.712 Y112.896 E3.28189
G1 X132.996 Y113.445 E.06056
G1 X156.945 Y89.495 E3.31847
G1 X157.475 Y89.799 E.05986
M73 P11 R46
G1 X133.297 Y113.977 E3.35013
G1 X133.613 Y114.494 E.05937
M73 P12 R46
G1 X157.994 Y90.113 E3.37826
G1 X158.496 Y90.445 E.05897
G1 X133.948 Y114.992 E3.40133
G1 X134.292 Y115.481 E.05858
G1 X158.981 Y90.792 E3.42094
G1 X159.453 Y91.154 E.05828
G1 X134.654 Y115.953 E3.43618
G1 X135.03 Y116.41 E.05798
G1 X159.91 Y91.53 E3.4474
G1 X160.357 Y91.916 E.05787
G1 X135.416 Y116.857 E3.45585
G1 X135.822 Y117.284 E.05773
G1 X160.784 Y92.322 E3.45876
G1 X161.2 Y92.739 E.05771
G1 X136.239 Y117.7 E3.45863
M73 P13 R46
G1 X136.666 Y118.106 E.05773
G1 X161.606 Y93.166 E3.45572
G1 X161.991 Y93.615 E.05795
G1 X137.115 Y118.491 E3.44685
G1 X137.573 Y118.866 E.058
G1 X162.366 Y94.073 E3.43535
G1 X162.728 Y94.544 E.0582
G1 X138.044 Y119.228 E3.42024
G1 X138.531 Y119.574 E.05853
G1 X163.074 Y95.032 E3.40064
G1 X163.402 Y95.537 E.059
M73 P13 R45
G1 X139.037 Y119.902 E3.37604
G1 X139.552 Y120.22 E.0593
G1 X163.72 Y96.052 E3.34875
G1 X164.021 Y96.584 E.05989
M73 P14 R45
G1 X140.084 Y120.521 E3.31674
G1 X140.635 Y120.803 E.06065
G1 X164.303 Y97.135 E3.27947
G1 X164.574 Y97.697 E.06113
G1 X141.196 Y121.075 E3.23928
G1 X141.779 Y121.325 E.06215
G1 X164.826 Y98.278 E3.19342
G1 X165.062 Y98.876 E.06299
G1 X142.377 Y121.561 E3.14326
G1 X142.998 Y121.773 E.06429
G1 X165.273 Y99.498 E3.08645
G1 X165.469 Y100.135 E.0653
G1 X143.635 Y121.969 E3.02534
G1 X144.289 Y122.149 E.06646
G1 X165.648 Y100.79 E2.95953
G1 X165.799 Y101.472 E.06844
M73 P15 R45
G1 X144.971 Y122.299 E2.88588
G1 X145.674 Y122.429 E.07005
G1 X165.926 Y102.178 E2.80607
G1 X166.032 Y102.905 E.07198
G1 X146.407 Y122.529 E2.71919
G1 X147.168 Y122.602 E.0749
G1 X166.102 Y103.668 E2.62352
G1 X166.144 Y104.459 E.07761
G1 X147.959 Y122.644 E2.51973
G1 X148.785 Y122.651 E.08093
G1 X166.151 Y105.285 E2.40625
G1 X166.119 Y106.151 E.08491
G1 X149.653 Y122.616 E2.28148
G1 X150.568 Y122.535 E.09
M73 P15 R44
G1 X166.031 Y107.072 E2.14257
G1 X165.888 Y108.048 E.09665
G1 X151.548 Y122.388 E1.98697
G1 X152.596 Y122.173 E.10482
G1 X165.673 Y109.096 E1.81196
G1 X165.663 Y109.809 E.06986
;WIDTH:0.595841
G1 F588.235
G1 X165.618 Y109.764 E.0054
G1 X165.557 Y109.78 E.00535
G1 X165.54 Y109.842 E.00545
G1 X165.585 Y109.887 E.0054
G1 X165.647 Y109.87 E.00545
;WIDTH:0.63542
G1 F545.872
G1 X165.504 Y110.056 E.02144
;WIDTH:0.675
G1 F509.2
G1 X165.361 Y110.242 E.02299
G1 X153.742 Y121.861 E1.60994
G1 X153.557 Y122.006 E.02303
M73 P16 R44
;WIDTH:0.63542
G1 F545.872
G1 X153.373 Y122.151 E.02141
;WIDTH:0.595841
G1 F588.235
G1 X153.312 Y122.168 E.00537
G1 X153.266 Y122.123 E.00546
G1 X153.283 Y122.061 E.00545
G1 X153.345 Y122.045 E.00543
G1 X153.39 Y122.09 E.0054
G1 E-8 F1500
G1 Z.92 F3000
G1 X154.661 Y121.717 F12000
G1 Z.72 F3000
G1 E10 F1500
G1 F588.235
G1 X154.599 Y121.733 E.00543
G1 X154.554 Y121.688 E.0054
G1 X154.571 Y121.627 E.00537
G1 X154.632 Y121.61 E.00537
G1 X154.677 Y121.655 E.0054
;WIDTH:0.63542
G1 F545.872
G1 X154.853 Y121.531 E.01968
;WIDTH:0.675
G1 F509.2
G1 X155.03 Y121.406 E.02123
G1 X164.897 Y111.539 E1.36718
G1 X165.056 Y111.353 E.02397
;WIDTH:0.63542
G1 F545.872
G1 X165.215 Y111.167 E.02236
;WIDTH:0.595841
G1 F588.235
G1 X165.154 Y111.183 E.00535
G1 X165.109 Y111.138 E.0054
G1 X165.125 Y111.077 E.00535
G1 X165.187 Y111.06 E.00545
G1 X165.232 Y111.105 E.0054
G1 E-8 F1500
G1 Z.92 F3000
G1 X164.565 Y112.632 F12000
G1 Z.72 F3000
G1 E10 F1500
G1 F588.235
G1 X164.52 Y112.587 E.0054
G1 X164.459 Y112.603 E.00535
G1 X164.442 Y112.665 E.00545
G1 X164.487 Y112.71 E.0054
G1 X164.549 Y112.693 E.00545
;WIDTH:0.63542
G1 F545.872
G1 X164.376 Y112.879 E.02322
;WIDTH:0.675
G1 F509.2
G1 X156.565 Y120.704 E1.08327
G1 X156.387 Y120.842 E.02207
;WIDTH:0.63542
G1 F545.872
G1 X156.21 Y120.981 E.02057
;WIDTH:0.595841
G1 F588.235
G1 X156.165 Y120.936 E.0054
G1 X156.103 Y120.952 E.00543
G1 X156.087 Y121.014 E.00543
G1 X156.132 Y121.059 E.0054
G1 X156.193 Y121.043 E.00535
G1 E-8 F1500
G1 Z.92 F3000
G1 X162.936 Y115.166 F12000
G1 Z.72 F3000
G1 E10 F1500
;WIDTH:0.675
G1 F509.2
G1 X158.667 Y119.435 E.59152
G1 X158.459 Y119.607 E.02644
;WIDTH:0.63542
G1 F545.872
G1 X158.251 Y119.779 E.02467
;WIDTH:0.595841
G1 F588.235
G1 X158.441 Y119.782 E.01612
G1 X158.546 Y119.73 E.00994
G1 X159.654 Y118.774 E.12412
;WIDTH:0.618517
G1 F563.194
G1 X160.335 Y118.144 E.08218
;WIDTH:0.642753
G1 F538.685
G1 X161.644 Y116.835 E.17145
;WIDTH:0.618521
G1 F563.19
G1 X162.274 Y116.154 E.08218
;WIDTH:0.595841
G1 F588.235
G1 X162.894 Y115.446 E.07982
G1 X163.272 Y114.975 E.05122
G1 X163.28 Y114.749 E.01918
M106 S255
;LAYER_CHANGE
;Z:1.12
;HEIGHT:0.4

G1 E-8 F1500
G1 Z1.12 F3000
;AFTER_LAYER_CHANGE
;1.12
G92 E0
_ON_LAYER_CHANGE LAYER=3
G1 Z1.32
G1 X148.508 Y85.339 F12000
G1 Z1.12 F3000
G1 E10 F1500
;TYPE:External perimeter
;WIDTH:0.675
G1 F509.2
G1 X148.562 Y85.338 E.00529
G1 X149.529 Y85.365 E.09478
G1 X150.555 Y85.445 E.10083
G1 X151.576 Y85.58 E.10091
G1 X152.589 Y85.768 E.10095
G1 X153.255 Y85.921 E.06695
G1 X154.249 Y86.197 E.10107
G1 X155.225 Y86.523 E.10082
G1 X156.183 Y86.901 E.1009
G1 X157.119 Y87.328 E.1008
G1 X158.033 Y87.803 E.10092
G1 X158.921 Y88.326 E.10097
G1 X159.494 Y88.698 E.06693
G1 X160.334 Y89.298 E.10114
G1 X160.922 Y89.759 E.07321
G1 X161.657 Y90.388 E.09478
G1 X162.404 Y91.098 E.10097
G1 X162.879 Y91.589 E.06693
G1 X163.562 Y92.361 E.10099
G1 X164.203 Y93.167 E.1009
G1 X164.802 Y94.006 E.101
G1 X165.174 Y94.579 E.06693
G1 X165.697 Y95.467 E.10097
G1 X166.172 Y96.381 E.10092
G1 X166.6 Y97.319 E.10102
G1 X166.856 Y97.952 E.0669
G1 X167.2 Y98.924 E.10102
G1 X167.492 Y99.911 E.10085
G1 X167.733 Y100.912 E.10088
G1 X167.92 Y101.924 E.10083
G1 X168.055 Y102.945 E.10091
G1 X168.135 Y103.971 E.10083
G1 X168.15 Y105.685 E.16794
G1 X168.088 Y106.714 E.101
G1 X167.971 Y107.736 E.10079
G1 X167.801 Y108.752 E.10093
G1 X167.578 Y109.757 E.10086
G1 X167.303 Y110.749 E.10086
G1 X166.977 Y111.725 E.10082
G1 X166.599 Y112.684 E.101
G1 X166.321 Y113.308 E.06693
G1 X165.861 Y114.231 E.10104
G1 X165.354 Y115.127 E.10087
G1 X164.801 Y115.995 E.10084
G1 X164.202 Y116.834 E.101
G1 X163.781 Y117.373 E.06701
G1 X163.112 Y118.157 E.10098
G1 X162.402 Y118.904 E.10097
G1 X161.911 Y119.379 E.06693
G1 X161.139 Y120.062 E.10099
G1 X160.333 Y120.703 E.1009
G1 X159.494 Y121.302 E.101
G1 X158.921 Y121.674 E.06693
G1 X158.032 Y122.197 E.10106
G1 X157.119 Y122.672 E.10084
G1 X156.183 Y123.099 E.1008
G1 X155.225 Y123.477 E.1009
G1 X154.247 Y123.804 E.10104
G1 X153.59 Y123.992 E.06695
G1 X152.588 Y124.233 E.10097
G1 X151.576 Y124.42 E.10083
G1 X150.555 Y124.555 E.10091
G1 X149.529 Y124.635 E.10083
G1 X148.499 Y124.662 E.10095
G1 X147.815 Y124.65 E.06703
G1 X146.786 Y124.588 E.101
G1 X145.764 Y124.471 E.10079
G1 X144.747 Y124.301 E.10103
G1 X144.078 Y124.159 E.06701
G1 X143.08 Y123.901 E.101
G1 X142.099 Y123.591 E.1008
G1 X141.134 Y123.231 E.10091
G1 X140.189 Y122.82 E.10097
G1 X139.518 Y122.491 E.07322
G1 X138.669 Y122.028 E.09475
G1 X137.791 Y121.49 E.10089
G1 X136.943 Y120.907 E.10083
G1 X136.126 Y120.281 E.10084
G1 X135.343 Y119.612 E.1009
G1 X134.597 Y118.903 E.10084
G1 X133.888 Y118.157 E.10084
G1 X133.219 Y117.373 E.10098
G1 X132.798 Y116.834 E.06701
G1 X132.199 Y115.995 E.101
G1 X131.646 Y115.127 E.10084
G1 X131.139 Y114.231 E.10087
G1 X130.68 Y113.31 E.10082
G1 X130.269 Y112.364 E.10106
G1 X130.024 Y111.726 E.06696
G1 X129.697 Y110.749 E.10094
G1 X129.422 Y109.757 E.10086
G1 X129.199 Y108.752 E.10086
G1 X129.029 Y107.736 E.10093
G1 X128.912 Y106.712 E.10098
G1 X128.865 Y106.03 E.06698
G1 X128.838 Y105 E.10095
G1 X128.865 Y103.97 E.10095
G1 X128.918 Y103.224 E.07328
G1 X129.029 Y102.264 E.09469
G1 X129.199 Y101.248 E.10093
G1 X129.422 Y100.243 E.10086
G1 X129.697 Y99.251 E.10086
G1 X130.024 Y98.274 E.10094
G1 X130.293 Y97.577 E.0732
G1 X130.68 Y96.691 E.09473
G1 X131.139 Y95.769 E.10091
G1 X131.646 Y94.873 E.10087
G1 X132.199 Y94.005 E.10084
G1 X132.798 Y93.166 E.101
G1 X133.259 Y92.578 E.07321
G1 X133.888 Y91.843 E.09478
G1 X134.597 Y91.097 E.10084
G1 X135.343 Y90.388 E.10084
G1 X136.126 Y89.719 E.1009
G1 X136.944 Y89.092 E.10098
G1 X137.557 Y88.665 E.0732
G1 X138.373 Y88.146 E.09475
G1 X139.269 Y87.639 E.10087
G1 X140.19 Y87.18 E.10082
G1 X141.136 Y86.769 E.10106
G1 X141.774 Y86.524 E.06696
G1 X142.751 Y86.197 E.10094
G1 X143.743 Y85.922 E.10086
G1 X144.748 Y85.699 E.10086
G1 X145.764 Y85.529 E.10093
G1 X146.786 Y85.412 E.10079
G1 X147.815 Y85.35 E.101
G1 X148.478 Y85.339 E.06497
G1 X149.078 Y85.352 F12000
G1 X148.503 Y85.891
;TYPE:Perimeter
G1 E-30 F1500
G1 Z6.12 F300.0
G1 F12000.0
T1
G1 Z1.12 F300.0
PRIME_FIBRE
G1 E45.0 F1500
G1 F12000.0
;WIDTH:0.6
G1 F300
G1 X148.559 Y85.89 E.00479
G1 X149.5 Y85.916 E.08049 U0.941
G1 X150.498 Y85.994 E.08559 U1.942
G1 X151.49 Y86.125 E.08556 U2.943
G1 X152.477 Y86.308 E.08583 U3.947
G1 X153.12 Y86.456 E.05642 U4.607
G1 X154.087 Y86.724 E.0858 U5.61
G1 X155.036 Y87.042 E.08558 U6.611
G1 X155.967 Y87.409 E.08557 U7.612
G1 X156.878 Y87.824 E.0856 U8.613
G1 X157.765 Y88.286 E.08551 U9.613
G1 X158.63 Y88.795 E.08582 U10.617
G1 X159.183 Y89.154 E.05637 U11.276
G1 X160.003 Y89.739 E.08613 U12.283
G1 X160.572 Y90.186 E.06187 U13.007
G1 X161.287 Y90.798 E.08047 U13.948
G1 X162.016 Y91.489 E.08589 U14.952
G1 X162.474 Y91.964 E.05642 U15.612
G1 X163.14 Y92.716 E.08589 U16.617
G1 X163.762 Y93.499 E.0855 U17.617
G1 X164.346 Y94.317 E.08594 U18.622
G1 X164.705 Y94.87 E.05637 U19.281
G1 X165.214 Y95.735 E.08582 U20.285
G1 X165.676 Y96.622 E.08551 U21.285
G1 X166.093 Y97.536 E.0859 U22.289
G1 X166.34 Y98.148 E.05643 U22.949
G1 X166.675 Y99.095 E.08589 U23.954
G1 X166.959 Y100.054 E.08552 U24.954
G1 X167.193 Y101.027 E.08557 U25.955
G1 X167.375 Y102.01 E.08548 U26.955
G1 X167.506 Y103.002 E.08556 U27.955
G1 X167.584 Y104 E.08559 U28.956
G1 X167.599 Y105.663 E.1422 U30.619
G1 X167.538 Y106.666 E.08592 U31.624
G1 X167.425 Y107.66 E.08554 U32.624
G1 X167.259 Y108.646 E.08549 U33.624
G1 X167.043 Y109.623 E.08556 U34.625
G1 X166.776 Y110.587 E.08553 U35.625
G1 X166.458 Y111.536 E.08558 U36.626
G1 X166.09 Y112.471 E.08592 U37.631
G1 X165.822 Y113.073 E.05634 U38.29
G1 X165.374 Y113.972 E.08588 U39.294
G1 X164.881 Y114.843 E.08558 U40.295
M73 P17 R44
G1 X164.343 Y115.686 E.08551 U41.295
G1 X163.76 Y116.504 E.08589 U42.3
G1 X163.354 Y117.024 E.05641 U42.959
G1 X162.702 Y117.787 E.08582 U43.963
G1 X162.011 Y118.516 E.08589 U44.968
G1 X161.536 Y118.974 E.05642 U45.627
G1 X160.784 Y119.639 E.08583 U46.631
G1 X160.001 Y120.262 E.08556 U47.632
G1 X159.183 Y120.846 E.08594 U48.637
G1 X158.63 Y121.205 E.05637 U49.296
G1 X157.765 Y121.714 E.08582 U50.3
G1 X156.878 Y122.176 E.08551 U51.3
G1 X155.967 Y122.591 E.0856 U52.301
G1 X155.036 Y122.958 E.08557 U53.302
G1 X154.084 Y123.277 E.08585 U54.306
G1 X153.45 Y123.458 E.05638 U54.965
G1 X152.473 Y123.693 E.08592 U55.97
G1 X151.49 Y123.875 E.08548 U56.97
G1 X150.498 Y124.006 E.08556 U57.97
G1 X149.5 Y124.084 E.08559 U58.971
G1 X148.496 Y124.111 E.08588 U59.976
G1 X147.837 Y124.099 E.05636 U60.635
G1 X146.834 Y124.038 E.08592 U61.64
G1 X145.84 Y123.925 E.08554 U62.64
G1 X144.85 Y123.759 E.08583 U63.644
G1 X144.205 Y123.622 E.05638 U64.303
G1 X143.232 Y123.37 E.08594 U65.308
G1 X142.278 Y123.069 E.08554 U66.309
G1 X141.341 Y122.719 E.08553 U67.309
G1 X140.421 Y122.319 E.08578 U68.312
G1 X139.772 Y122.001 E.0618 U69.035
G1 X138.945 Y121.55 E.08054 U69.977
G1 X138.092 Y121.027 E.08555 U70.977
G1 X137.267 Y120.461 E.08555 U71.978
G1 X136.473 Y119.852 E.08556 U72.979
G1 X135.713 Y119.202 E.08551 U73.979
G1 X134.987 Y118.513 E.08558 U74.98
G1 X134.298 Y117.787 E.08558 U75.98
G1 X133.646 Y117.024 E.08582 U76.984
G1 X133.24 Y116.504 E.05641 U77.644
G1 X132.657 Y115.686 E.08589 U78.648
G1 X132.119 Y114.843 E.08551 U79.648
G1 X131.626 Y113.972 E.08558 U80.649
G1 X131.18 Y113.076 E.08558 U81.65
G1 X130.779 Y112.155 E.08589 U82.655
G1 X130.543 Y111.54 E.05632 U83.313
G1 X130.224 Y110.587 E.08593 U84.318
G1 X129.957 Y109.623 E.08553 U85.319
G1 X129.741 Y108.646 E.08556 U86.319
G1 X129.575 Y107.66 E.08549 U87.319
G1 X129.462 Y106.662 E.08588 U88.323
G1 X129.416 Y106.004 E.0564 U88.983
G1 X129.389 Y105 E.08588 U89.987
G1 X129.416 Y103.997 E.08579 U90.991
G1 X129.468 Y103.276 E.06181 U91.714
G1 X129.575 Y102.341 E.08047 U92.655
G1 X129.741 Y101.354 E.08558 U93.656
G1 X129.957 Y100.377 E.08556 U94.656
G1 X130.225 Y99.413 E.08555 U95.657
G1 X130.543 Y98.461 E.08582 U96.66
G1 X130.803 Y97.787 E.06177 U97.383
G1 X131.18 Y96.924 E.08052 U98.325
G1 X131.626 Y96.028 E.08558 U99.325
G1 X132.119 Y95.157 E.08558 U100.326
G1 X132.657 Y94.314 E.08551 U101.326
G1 X133.239 Y93.497 E.08577 U102.329
G1 X133.686 Y92.928 E.06187 U103.053
G1 X134.298 Y92.213 E.08047 U103.994
G1 X134.987 Y91.487 E.08558 U104.995
G1 X135.713 Y90.798 E.08558 U105.996
G1 X136.473 Y90.148 E.08551 U106.996
G1 X137.269 Y89.537 E.0858 U107.999
G1 X137.863 Y89.124 E.06186 U108.723
G1 X138.657 Y88.619 E.08046 U109.664
G1 X139.528 Y88.126 E.08558 U110.665
G1 X140.424 Y87.68 E.08558 U111.666
G1 X141.345 Y87.279 E.08589 U112.67
G1 X141.96 Y87.043 E.05632 U113.329
G1 X142.913 Y86.724 E.08593 U114.334
G1 X143.877 Y86.457 E.08553 U115.334
G1 X144.853 Y86.241 E.08547 U116.334
G1 X145.84 Y86.075 E.08558 U117.335
G1 X146.834 Y85.962 E.08554 U118.335
G1 X147.836 Y85.901 E.08583 U119.339
G1 X148.473 Y85.891 E.05447 U119.976
G1 X148.499 Y86.405 F12000 U120.491
G1 F300
G1 X148.556 Y86.404 E.00487 U120.548
G1 X149.472 Y86.429 E.07835 U121.464
G1 X150.444 Y86.506 E.08337 U122.439
G1 X151.409 Y86.633 E.08322 U123.412
G1 X152.372 Y86.811 E.08374 U124.392
G1 X152.993 Y86.955 E.05451 U125.029
M73 P17 R43
G1 X153.937 Y87.216 E.08375 U126.009
G1 X154.86 Y87.525 E.08323 U126.982
G1 X155.766 Y87.882 E.08326 U127.956
G1 X156.652 Y88.286 E.08326 U128.929
G1 X157.516 Y88.735 E.08326 U129.903
G1 X158.36 Y89.233 E.08379 U130.883
G1 X158.894 Y89.58 E.05445 U131.52
G1 X159.695 Y90.151 E.08411 U132.504
G1 X160.246 Y90.583 E.05987 U133.204
G1 X160.943 Y91.18 E.07847 U134.122
G1 X161.654 Y91.855 E.08383 U135.102
G1 X162.096 Y92.313 E.05442 U135.738
G1 X162.745 Y93.047 E.08378 U136.718
G1 X163.352 Y93.809 E.0833 U137.692
G1 X163.921 Y94.606 E.08373 U138.672
G1 X164.267 Y95.14 E.05441 U139.308
G1 X164.765 Y95.984 E.08379 U140.288
G1 X165.214 Y96.848 E.08326 U141.262
G1 X165.62 Y97.739 E.08372 U142.241
G1 X165.859 Y98.33 E.05451 U142.878
G1 X166.186 Y99.253 E.08373 U143.857
G1 X166.463 Y100.187 E.0833 U144.832
G1 X166.69 Y101.134 E.08327 U145.806
G1 X166.867 Y102.091 E.08322 U146.779
G1 X166.994 Y103.056 E.08322 U147.752
G1 X167.071 Y104.027 E.08329 U148.726
G1 X167.085 Y105.643 E.13818 U150.342
G1 X167.025 Y106.621 E.08378 U151.322
G1 X166.915 Y107.588 E.08322 U152.295
G1 X166.755 Y108.548 E.08322 U153.269
G1 X166.544 Y109.499 E.08329 U154.243
G1 X166.284 Y110.437 E.08323 U155.216
G1 X165.975 Y111.36 E.08323 U156.189
G1 X165.616 Y112.272 E.0838 U157.169
G1 X165.357 Y112.854 E.05447 U157.806
G1 X164.919 Y113.73 E.08374 U158.786
G1 X164.44 Y114.578 E.08328 U159.76
G1 X163.917 Y115.399 E.08323 U160.733
G1 X163.348 Y116.196 E.08373 U161.713
G1 X162.956 Y116.698 E.05446 U162.349
G1 X162.32 Y117.443 E.08376 U163.329
G1 X161.645 Y118.154 E.08383 U164.309
G1 X161.187 Y118.596 E.05442 U164.946
G1 X160.453 Y119.245 E.08378 U165.926
G1 X159.691 Y119.852 E.0833 U166.9
G1 X158.894 Y120.421 E.08373 U167.879
G1 X158.36 Y120.767 E.05441 U168.515
G1 X157.516 Y121.265 E.08379 U169.495
G1 X156.652 Y121.714 E.08326 U170.469
G1 X155.766 Y122.118 E.08326 U171.443
G1 X154.86 Y122.475 E.08326 U172.417
G1 X153.931 Y122.786 E.08377 U173.396
G1 X153.319 Y122.961 E.05443 U174.033
G1 X152.366 Y123.19 E.08381 U175.013
G1 X151.409 Y123.367 E.08322 U175.986
G1 X150.444 Y123.494 E.08322 U176.96
G1 X149.473 Y123.571 E.08329 U177.934
G1 X148.494 Y123.596 E.08374 U178.913
G1 X147.857 Y123.585 E.05447 U179.55
G1 X146.879 Y123.525 E.08378 U180.53
G1 X145.912 Y123.415 E.08322 U181.503
G1 X144.946 Y123.254 E.08374 U182.482
G1 X144.323 Y123.121 E.05447 U183.119
G1 X143.374 Y122.876 E.0838 U184.1
G1 X142.446 Y122.583 E.08321 U185.073
G1 X141.534 Y122.242 E.08325 U186.046
G1 X140.637 Y121.852 E.08363 U187.024
G1 X140.008 Y121.544 E.05988 U187.725
G1 X139.203 Y121.105 E.0784 U188.642
G1 X138.372 Y120.596 E.08332 U189.616
G1 X137.569 Y120.045 E.08327 U190.59
G1 X136.797 Y119.452 E.08324 U191.564
G1 X136.057 Y118.82 E.08321 U192.537
G1 X135.351 Y118.149 E.08328 U193.511
G1 X134.68 Y117.443 E.08328 U194.485
G1 X134.044 Y116.698 E.08376 U195.464
G1 X133.652 Y116.196 E.05446 U196.101
G1 X133.083 Y115.399 E.08373 U197.08
G1 X132.56 Y114.578 E.08323 U198.054
G1 X132.081 Y113.73 E.08328 U199.028
G1 X131.646 Y112.859 E.08325 U200.001
M73 P18 R43
G1 X131.255 Y111.961 E.08375 U200.981
G1 X131.027 Y111.366 E.05448 U201.618
G1 X130.716 Y110.437 E.08377 U202.598
G1 X130.456 Y109.499 E.08323 U203.571
G1 X130.245 Y108.548 E.08329 U204.545
G1 X130.085 Y107.588 E.08322 U205.518
G1 X129.974 Y106.615 E.08374 U206.498
G1 X129.929 Y105.979 E.05452 U207.135
G1 X129.904 Y105 E.08374 U208.115
G1 X129.929 Y104.022 E.08365 U209.093
G1 X129.98 Y103.324 E.05984 U209.793
G1 X130.085 Y102.413 E.07841 U210.71
G1 X130.245 Y101.452 E.0833 U211.684
G1 X130.456 Y100.501 E.08329 U212.658
G1 X130.716 Y99.563 E.08323 U213.632
G1 X131.027 Y98.635 E.08369 U214.61
G1 X131.279 Y97.982 E.05985 U215.31
G1 X131.646 Y97.142 E.07838 U216.227
G1 X132.081 Y96.27 E.08332 U217.201
G1 X132.56 Y95.422 E.08328 U218.175
G1 X133.083 Y94.601 E.08323 U219.149
G1 X133.651 Y93.805 E.08361 U220.127
G1 X134.083 Y93.254 E.05987 U220.827
G1 X134.68 Y92.557 E.07847 U221.745
G1 X135.351 Y91.851 E.08328 U222.719
G1 X136.057 Y91.18 E.08328 U223.693
G1 X136.797 Y90.548 E.08321 U224.666
G1 X137.573 Y89.953 E.08361 U225.644
G1 X138.148 Y89.552 E.05994 U226.345
G1 X138.922 Y89.06 E.07842 U227.262
G1 X139.77 Y88.581 E.08328 U228.236
G1 X140.641 Y88.146 E.08325 U229.209
G1 X141.539 Y87.755 E.08375 U230.189
G1 X142.134 Y87.527 E.05448 U230.826
G1 X143.063 Y87.216 E.08377 U231.806
G1 X144.001 Y86.956 E.08323 U232.779
G1 X144.952 Y86.745 E.08329 U233.753
G1 X145.912 Y86.585 E.08322 U234.726
G1 X146.879 Y86.475 E.08322 U235.7
G1 X147.856 Y86.415 E.0837 U236.678
G1 X148.469 Y86.405 E.05242 U237.291
G1 X148.494 Y86.919 F12000 U237.806
G1 F300
G1 X148.553 Y86.918 E.00505 U237.865
G1 X149.445 Y86.943 E.0763 U238.757
G1 X150.39 Y87.017 E.08105 U239.705
G1 X151.329 Y87.141 E.08099 U240.652
G1 X152.268 Y87.315 E.08166 U241.607
G1 X152.866 Y87.453 E.05248 U242.221
G1 X153.787 Y87.708 E.08171 U243.177
G1 X154.684 Y88.009 E.0809 U244.123
G1 X155.565 Y88.356 E.08096 U245.07
G1 X156.427 Y88.748 E.08097 U246.017
G1 X157.266 Y89.185 E.08089 U246.963
G1 X158.089 Y89.67 E.08168 U247.918
G1 X158.604 Y90.005 E.05253 U248.532
G1 X159.387 Y90.563 E.08221 U249.494
G1 X159.92 Y90.981 E.05792 U250.171
G1 X160.598 Y91.562 E.07635 U251.064
G1 X161.292 Y92.22 E.08177 U252.02
G1 X161.719 Y92.662 E.05255 U252.635
G1 X162.351 Y93.377 E.0816 U253.589
G1 X162.941 Y94.118 E.08099 U254.537
G1 X163.495 Y94.896 E.08167 U255.492
G1 X163.83 Y95.411 E.05253 U256.106
G1 X164.315 Y96.234 E.08168 U257.061
G1 X164.752 Y97.073 E.08089 U258.007
G1 X165.148 Y97.943 E.08173 U258.963
G1 X165.378 Y98.512 E.05248 U259.577
G1 X165.697 Y99.412 E.08165 U260.532
G1 X165.966 Y100.32 E.08097 U261.479
G1 X166.187 Y101.241 E.08099 U262.426
G1 X166.359 Y102.171 E.08087 U263.372
G1 X166.483 Y103.11 E.08099 U264.319
G1 X166.557 Y104.054 E.08096 U265.266
G1 X166.571 Y105.623 E.13416 U266.835
G1 X166.513 Y106.576 E.08164 U267.79
G1 X166.406 Y107.517 E.08098 U268.737
G1 X166.25 Y108.45 E.08088 U269.683
G1 X166.045 Y109.374 E.08093 U270.629
G1 X165.792 Y110.287 E.08101 U271.576
G1 X165.491 Y111.184 E.0809 U272.523
G1 X165.141 Y112.073 E.08169 U273.478
G1 X164.891 Y112.634 E.05252 U274.092
G1 X164.465 Y113.489 E.08168 U275.047
G1 X163.999 Y114.313 E.08094 U275.994
G1 X163.491 Y115.111 E.08089 U276.94
G1 X162.936 Y115.889 E.08171 U277.896
G1 X162.558 Y116.373 E.05251 U278.51
G1 X161.937 Y117.099 E.08169 U279.465
G1 X161.28 Y117.792 E.08165 U280.42
G1 X160.838 Y118.219 E.05255 U281.035
G1 X160.123 Y118.851 E.0816 U281.989
G1 X159.382 Y119.441 E.08099 U282.936
G1 X158.604 Y119.995 E.08167 U283.891
G1 X158.089 Y120.33 E.05253 U284.506
G1 X157.266 Y120.815 E.08168 U285.461
G1 X156.427 Y121.252 E.08089 U286.407
G1 X155.565 Y121.644 E.08097 U287.354
G1 X154.684 Y121.991 E.08096 U288.301
G1 X153.779 Y122.294 E.0816 U289.255
G1 X153.188 Y122.464 E.05258 U289.87
G1 X152.259 Y122.687 E.08169 U290.825
G1 X151.329 Y122.859 E.08087 U291.771
G1 X150.39 Y122.983 E.08099 U292.718
G1 X149.446 Y123.057 E.08096 U293.665
G1 X148.492 Y123.082 E.0816 U294.62
G1 X147.877 Y123.071 E.05259 U295.235
G1 X146.924 Y123.013 E.08164 U296.189
G1 X145.983 Y122.906 E.08098 U297.137
G1 X145.042 Y122.748 E.08159 U298.091
G1 X144.441 Y122.621 E.05252 U298.705
G1 X143.516 Y122.381 E.08171 U299.661
G1 X142.613 Y122.097 E.08094 U300.607
CUT
G1 X141.726 Y121.765 E.08098
G1 X140.853 Y121.385 E.08141
G1 X140.244 Y121.087 E.05797
G1 X139.46 Y120.66 E.07633
G1 X138.652 Y120.165 E.08102
G1 X137.872 Y119.629 E.08092
G1 X137.121 Y119.052 E.08098
G1 X136.401 Y118.437 E.08096
G1 X135.714 Y117.786 E.08093
G1 X135.063 Y117.099 E.08093
G1 X134.442 Y116.373 E.08169
G1 X134.064 Y115.889 E.05251
G1 X133.509 Y115.111 E.08171
G1 X133.001 Y114.313 E.08089
G1 X132.535 Y113.489 E.08094
G1 X132.112 Y112.642 E.08095
G1 X131.731 Y111.766 E.08168
G1 X131.511 Y111.192 E.05256
G1 X131.208 Y110.287 E.0816
G1 X130.955 Y109.374 E.08101
G1 X130.75 Y108.45 E.08093
G1 X130.594 Y107.517 E.08088
G1 X130.486 Y106.568 E.08167
G1 X130.443 Y105.955 E.05254
G1 X130.418 Y105 E.08169
G1 X130.443 Y104.047 E.08151
G1 X130.492 Y103.372 E.05787
G1 X130.594 Y102.485 E.07634
G1 X130.75 Y101.55 E.08105
G1 X130.955 Y100.626 E.08093
G1 X131.208 Y99.713
G1 X131.511 Y98.81
G1 X131.755 Y98.178
G1 X132.112 Y97.359
G1 X132.535 Y96.511
G1 X133.001 Y95.687
G1 X133.509 Y94.889
G1 X134.063 Y94.113
G1 X134.481 Y93.58
G1 X135.062 Y92.902
G1 X135.714 Y92.214
G1 X136.401 Y91.563
G1 X137.121 Y90.948
G1 X137.877 Y90.368
G1 X138.433 Y89.98
G1 X139.186 Y89.501
G1 X140.011 Y89.035
G1 X140.858 Y88.612
G1 X141.734 Y88.231
G1 X142.308 Y88.011
G1 X143.213 Y87.708
G1 X144.126 Y87.455
G1 X145.05 Y87.25
G1 X145.983 Y87.094
G1 X146.924 Y86.987
G1 X147.875 Y86.929
G1 X148.464 Y86.92
G1 E-8 F1500
G1 Z1.32 F3000
G1 X135.258 Y116.923 F12000
G1 Z1.12 F3000
G1 E10 F1500
;TYPE:Solid infill
G1 E-30 F1500
G1 Z6.12 F300.0
G1 F12000.0
T0
G1 Z1.12 F300.0
G1 E32.0 F1500
G1 F12000.0
;WIDTH:0.595841
G1 F588.235
G1 X136.577 Y118.242 E.15821
G1 X135.464 Y117.134 E.1332
G1 E-8 F1500
G1 Z1.32 F3000
M73 P19 R43
G1 X133.609 Y114.544 F12000
G1 Z1.12 F3000
G1 E10 F1500
G1 F588.235
G1 X133.564 Y114.589 E.0054
G1 X133.58 Y114.651 E.00543
G1 X133.642 Y114.667 E.00543
G1 X133.687 Y114.622 E.0054
G1 X133.67 Y114.561 E.00537
;WIDTH:0.63542
G1 F545.872
G1 X133.818 Y114.791 E.025
;WIDTH:0.675
G1 F509.2
G1 X133.966 Y115.022 E.02688
G1 X138.469 Y119.526 E.62401
G1 X138.669 Y119.667 E.02398
;WIDTH:0.63542
G1 F545.872
G1 X138.869 Y119.809 E.02242
;WIDTH:0.595841
G1 F588.235
G1 X138.824 Y119.854 E.0054
G1 X138.841 Y119.916 E.00545
G1 X138.902 Y119.932 E.00535
G1 X138.947 Y119.887 E.0054
G1 X138.931 Y119.826 E.00535
G1 E-8 F1500
G1 Z1.32 F3000
G1 X140.935 Y120.994 F12000
G1 Z1.12 F3000
G1 E10 F1500
G1 F588.235
G1 X140.89 Y121.039 E.0054
G1 X140.906 Y121.101 E.00543
G1 X140.968 Y121.118 E.00545
G1 X141.013 Y121.072 E.00546
G1 X140.996 Y121.011 E.00537
;WIDTH:0.63542
G1 F545.872
G1 X140.766 Y120.884 E.02401
;WIDTH:0.675
G1 F509.2
G1 X140.535 Y120.758 E.02578
G1 X132.751 Y112.974 E1.07856
G1 E-8 F1500
G1 Z1.32 F3000
G1 X132.066 Y111.456 F12000
G1 Z1.12 F3000
G1 E10 F1500
G1 F509.2
G1 X142.041 Y121.431 E1.38215
G1 X142.272 Y121.543 E.02515
;WIDTH:0.63542
G1 F545.872
G1 X142.503 Y121.654 E.02342
;WIDTH:0.595841
G1 F588.235
G1 X142.519 Y121.716 E.00543
G1 X142.474 Y121.761 E.0054
G1 X142.412 Y121.744 E.00545
G1 X142.396 Y121.683 E.00535
G1 X142.441 Y121.637 E.00546
;WIDTH:0.675
G1 F509.2
G1 X143.319 Y121.875 E.08913
G1 X131.617 Y110.174 E1.62137
G1 X131.47 Y110.058 E.01835
;WIDTH:0.63542
G1 F545.872
G1 X131.324 Y109.943 E.01699
;WIDTH:0.595841
G1 F588.235
G1 X131.118 Y109.169 E.06793
;WIDTH:0.675
G1 F509.2
G1 X131.314 Y109.038 E.0231
G1 X144.466 Y122.19 E1.82236
G1 X145.506 Y122.397 E.1039
G1 X131.103 Y107.994 E1.9957
G1 X130.963 Y107.021 E.09631
M73 P19 R42
G1 X146.479 Y122.537 E2.14991
G1 X147.394 Y122.618 E.09
G1 X130.878 Y106.102 E2.28848
G1 X130.848 Y105.239 E.08461
G1 X148.264 Y122.655 E2.41318
G1 X149.085 Y122.643 E.08045
G1 X130.857 Y104.415 E2.52569
G1 X130.898 Y103.623 E.0777
G1 X149.874 Y122.599 E2.62934
G1 X150.633 Y122.524 E.07473
G1 X130.976 Y102.867 E2.7237
G1 X131.081 Y102.139 E.07207
M73 P20 R42
G1 X151.364 Y122.422 E2.81044
G1 X152.067 Y122.292 E.07005
G1 X131.209 Y101.434 E2.89011
G1 X131.361 Y100.752 E.06846
G1 X152.744 Y122.135 E2.96285
G1 X153.403 Y121.962 E.06675
G1 X131.54 Y100.099 E3.02936
G1 X131.738 Y99.463 E.06526
G1 X154.037 Y121.762 E3.08978
G1 X154.656 Y121.548 E.06417
G1 X131.951 Y98.843 E3.14603
G1 X132.187 Y98.246 E.0629
G1 X155.253 Y121.312 E3.19605
G1 X155.832 Y121.058 E.06195
G1 X132.44 Y97.666 E3.24122
G1 X132.712 Y97.104 E.06117
G1 X156.397 Y120.79 E3.28189
G1 X156.945 Y120.505 E.06052
M73 P21 R42
G1 X132.996 Y96.555 E3.31847
G1 X133.297 Y96.023 E.05989
G1 X157.475 Y120.201 E3.35013
G1 X157.994 Y119.887 E.05943
M73 P21 R41
G1 X133.616 Y95.509 E3.37784
G1 X133.946 Y95.006 E.05894
G1 X158.494 Y119.554 E3.4014
G1 X158.981 Y119.207 E.05859
G1 X134.293 Y94.519 E3.4208
G1 X134.653 Y94.046 E.05824
G1 X159.451 Y118.845 E3.43611
G1 X159.912 Y118.473 E.05804
G1 X135.03 Y93.59 E3.44775
G1 X135.416 Y93.143 E.05787
G1 X160.355 Y118.082 E3.45558
G1 X160.786 Y117.68 E.05775
M73 P22 R41
G1 X135.822 Y92.716 E3.45904
G1 X136.239 Y92.3 E.05771
G1 X161.2 Y117.261 E3.45863
G1 X161.606 Y116.834 E.05773
G1 X136.666 Y91.894 E3.45572
G1 X137.115 Y91.509 E.05795
G1 X161.991 Y116.385 E3.44685
G1 X162.368 Y115.929 E.05797
G1 X137.573 Y91.134 E3.43562
G1 X138.044 Y90.772 E.0582
G1 X162.726 Y115.454 E3.41997
G1 X163.073 Y114.968 E.05851
G1 X138.532 Y90.427 E3.40043
G1 X139.036 Y90.098 E.05897
M73 P23 R41
G1 X163.402 Y114.463 E3.37611
G1 X163.72 Y113.948 E.0593
M73 P23 R40
G1 X139.552 Y89.78 E3.34875
G1 X140.084 Y89.479 E.05989
G1 X164.021 Y113.416 E3.31674
G1 X164.303 Y112.865 E.06065
G1 X140.635 Y89.197 E3.27947
G1 X141.197 Y88.926 E.06113
G1 X164.575 Y112.304 E3.23928
G1 X164.825 Y111.721 E.06215
G1 X141.778 Y88.674 E3.19342
G1 X142.376 Y88.438 E.06299
G1 X165.061 Y111.123 E3.14326
G1 X165.273 Y110.502 E.06429
G1 X142.998 Y88.227 E3.08645
G1 X143.635 Y88.031 E.0653
M73 P24 R40
G1 X165.469 Y109.865 E3.02534
G1 X165.648 Y109.21 E.06653
G1 X144.29 Y87.852 E2.95939
G1 X144.972 Y87.701 E.06844
G1 X165.799 Y108.528 E2.88581
G1 X165.926 Y107.822 E.07028
G1 X145.678 Y87.574 E2.80559
G1 X146.408 Y87.472 E.07222
G1 X166.028 Y107.092 E2.71857
G1 X166.104 Y106.334 E.07464
G1 X147.166 Y87.396 E2.62407
G1 X147.955 Y87.352 E.07742
G1 X166.15 Y105.546 E2.52105
G1 X166.151 Y104.715 E.08142
G1 X148.787 Y87.35 E2.40605
G1 X149.653 Y87.384 E.08491
G1 X166.116 Y103.847 E2.28113
G1 X166.032 Y102.929 E.09032
G1 X150.571 Y87.468 E2.14229
G1 X151.548 Y87.612 E.09676
M73 P25 R39
G1 X165.888 Y101.952 E1.98697
G1 X165.67 Y100.901 E.10517
G1 X152.594 Y87.824 E1.8119
G1 X153.309 Y87.836 E.07006
;WIDTH:0.595841
G1 F588.235
G1 X153.264 Y87.881 E.0054
G1 X153.28 Y87.943 E.00543
G1 X153.342 Y87.96 E.00545
G1 X153.387 Y87.914 E.00546
G1 X153.37 Y87.853 E.00537
;WIDTH:0.63542
G1 F545.872
G1 X153.556 Y87.996 E.02144
;WIDTH:0.675
G1 F509.2
G1 X153.742 Y88.139 E.02299
G1 X165.357 Y99.754 E1.60939
G1 X165.503 Y99.94 E.02317
;WIDTH:0.63542
G1 F545.872
G1 X165.65 Y100.126 E.02167
;WIDTH:0.595841
G1 F588.235
G1 X165.666 Y100.188 E.00543
G1 X165.621 Y100.233 E.0054
G1 X165.56 Y100.216 E.00537
G1 X165.543 Y100.155 E.00537
G1 X165.588 Y100.109 E.00546
G1 E-8 F1500
G1 Z1.32 F3000
G1 X165.217 Y98.84 F12000
G1 Z1.12 F3000
G1 E10 F1500
G1 F588.235
G1 X165.234 Y98.902 E.00545
G1 X165.189 Y98.947 E.0054
G1 X165.127 Y98.93 E.00545
G1 X165.111 Y98.869 E.00535
G1 X165.156 Y98.823 E.00546
;WIDTH:0.63542
G1 F545.872
G1 X165.03 Y98.646 E.01986
;WIDTH:0.675
G1 F509.2
G1 X164.904 Y98.468 E.02137
G1 X155.039 Y88.603 E1.36691
G1 X154.853 Y88.444 E.02397
;WIDTH:0.63542
G1 F545.872
G1 X154.667 Y88.285 E.02236
;WIDTH:0.595841
G1 F588.235
G1 X154.683 Y88.346 E.00535
G1 X154.638 Y88.391 E.0054
G1 X154.577 Y88.375 E.00535
G1 X154.56 Y88.313 E.00545
G1 X154.605 Y88.268 E.0054
G1 E-8 F1500
G1 Z1.32 F3000
G1 X156.134 Y88.937 F12000
G1 Z1.12 F3000
G1 E10 F1500
G1 F588.235
G1 X156.089 Y88.982 E.0054
G1 X156.105 Y89.044 E.00543
G1 X156.167 Y89.06 E.00543
G1 X156.212 Y89.015 E.0054
G1 X156.196 Y88.953 E.00543
;WIDTH:0.63542
G1 F545.872
G1 X156.381 Y89.126 E.02315
;WIDTH:0.675
G1 F509.2
G1 X164.202 Y96.933 E1.08272
G1 X164.342 Y97.11 E.02211
;WIDTH:0.63542
G1 F545.872
G1 X164.482 Y97.288 E.0207
;WIDTH:0.595841
G1 F588.235
G1 X164.437 Y97.333 E.0054
G1 X164.454 Y97.395 E.00545
G1 X164.515 Y97.411 E.00535
G1 X164.56 Y97.366 E.0054
G1 X164.544 Y97.304 E.00543
G1 E-8 F1500
G1 Z1.32 F3000
G1 X158.681 Y90.579 F12000
G1 Z1.12 F3000
G1 E10 F1500
;WIDTH:0.675
G1 F509.2
G1 X162.921 Y94.819 E.5875
G1 X163.095 Y95.027 E.02657
;WIDTH:0.63542
G1 F545.872
G1 X163.269 Y95.236 E.02486
;WIDTH:0.595841
G1 F588.235
G1 X163.271 Y95.048 E.01595
G1 X163.217 Y94.94 E.01024
G1 X162.065 Y93.617 E.14878
;WIDTH:0.632605
G1 F548.683
G1 X161.423 Y92.935 E.08517
;WIDTH:0.643017
G1 F538.43
G1 X160.334 Y91.855 E.14211
;WIDTH:0.618485
G1 F563.228
G1 X159.691 Y91.26 E.0776
;WIDTH:0.595841
G1 F588.235
G1 X158.56 Y90.283 E.12676
G1 X158.452 Y90.229 E.01024
G1 X158.264 Y90.231 E.01595
;LAYER_CHANGE
;Z:1.52
;HEIGHT:0.4

G1 E-8 F1500
G1 Z1.52 F3000
;AFTER_LAYER_CHANGE
;1.52
G92 E0
_ON_LAYER_CHANGE LAYER=4
G1 Z1.72
G1 X148.508 Y85.34 F12000
G1 Z1.52 F3000
G1 E10 F1500
;TYPE:External perimeter
;WIDTH:0.675
G1 F509.2
G1 X148.59 Y85.338 E.00804
G1 X149.529 Y85.365 E.09204
G1 X150.555 Y85.445 E.10083
G1 X151.576 Y85.58 E.10091
G1 X152.589 Y85.767 E.10093
G1 X153.344 Y85.944 E.07598
G1 X154.248 Y86.197 E.09198
G1 X155.225 Y86.523 E.10091
G1 X156.183 Y86.901 E.1009
G1 X157.12 Y87.328 E.10089
G1 X157.81 Y87.682 E.07598
G1 X158.627 Y88.146 E.09206
G1 X159.496 Y88.7 E.10097
G1 X160.056 Y89.092 E.06697
G1 X160.874 Y89.719 E.10098
G1 X161.657 Y90.388 E.1009
G1 X162.404 Y91.098 E.10097
G1 X162.879 Y91.589 E.06693
G1 X163.562 Y92.361 E.10099
G1 X164.203 Y93.167 E.1009
G1 X164.801 Y94.005 E.10087
G1 X165.354 Y94.873 E.10084
G1 X165.861 Y95.769 E.10087
G1 X166.321 Y96.691 E.10095
G1 X166.634 Y97.4 E.07593
G1 X166.976 Y98.275 E.09205
G1 X167.303 Y99.251 E.10085
G1 X167.578 Y100.243 E.10086
G1 X167.801 Y101.248 E.10086
G1 X167.971 Y102.265 E.10103
G1 X168.055 Y102.943 E.06694
G1 X168.135 Y103.971 E.10103
G1 X168.15 Y105.685 E.16794
G1 X168.088 Y106.714 E.101
G1 X167.971 Y107.736 E.10079
G1 X167.801 Y108.752 E.10093
G1 X167.578 Y109.757 E.10086
G1 X167.303 Y110.749 E.10086
G1 X166.977 Y111.725 E.10082
G1 X166.599 Y112.684 E.101
G1 X166.321 Y113.308 E.06693
G1 X165.861 Y114.231 E.10104
G1 X165.354 Y115.127 E.10087
G1 X164.8 Y115.996 E.10097
G1 X164.408 Y116.556 E.06697
G1 X163.781 Y117.374 E.10098
G1 X163.112 Y118.157 E.1009
G1 X162.403 Y118.903 E.10084
G1 X161.656 Y119.613 E.10097
G1 X161.14 Y120.061 E.06695
G1 X160.333 Y120.703 E.10104
G1 X159.495 Y121.301 E.10087
G1 X158.627 Y121.854 E.10084
G1 X157.731 Y122.361 E.10087
G1 X156.81 Y122.82 E.10082
G1 X155.864 Y123.231 E.10106
G1 X155.226 Y123.476 E.06696
G1 X154.249 Y123.803 E.10094
G1 X153.257 Y124.078 E.10086
G1 X152.252 Y124.301 E.10086
G1 X151.235 Y124.471 E.10103
G1 X150.557 Y124.555 E.06694
G1 X149.529 Y124.635 E.10103
G1 X148.499 Y124.662 E.10095
G1 X147.815 Y124.65 E.06703
G1 X146.786 Y124.588 E.101
G1 X145.764 Y124.471 E.10079
G1 X144.747 Y124.301 E.10103
G1 X144.078 Y124.159 E.06701
G1 X143.08 Y123.901 E.101
G1 X142.099 Y123.591 E.1008
G1 X141.134 Y123.231 E.10091
G1 X140.19 Y122.82 E.10088
G1 X139.269 Y122.361 E.10082
G1 X138.372 Y121.853 E.101
G1 X137.716 Y121.441 E.0759
G1 X136.943 Y120.907 E.09205
G1 X136.126 Y120.281 E.10084
G1 X135.343 Y119.612 E.1009
G1 X134.597 Y118.903 E.10084
G1 X133.888 Y118.157 E.10084
G1 X133.218 Y117.373 E.10104
G1 X132.798 Y116.834 E.06695
G1 X132.199 Y115.995 E.101
G1 X131.646 Y115.127 E.10084
G1 X131.139 Y114.231 E.10087
G1 X130.679 Y113.309 E.10095
G1 X130.366 Y112.6 E.07593
G1 X130.024 Y111.725 E.09205
G1 X129.697 Y110.749 E.10085
G1 X129.422 Y109.757 E.10086
G1 X129.199 Y108.752 E.10086
G1 X129.029 Y107.736 E.10093
G1 X128.912 Y106.712 E.10098
G1 X128.865 Y106.03 E.06698
G1 X128.838 Y104.999 E.10105
G1 X128.85 Y104.315 E.06703
G1 X128.912 Y103.286 E.101
G1 X129.029 Y102.264 E.10079
G1 X129.199 Y101.248 E.10093
G1 X129.422 Y100.243 E.10086
G1 X129.697 Y99.25 E.10095
G1 X129.908 Y98.6 E.06696
G1 X130.269 Y97.634 E.10104
G1 X130.68 Y96.69 E.10088
G1 X131.139 Y95.769 E.10082
G1 X131.646 Y94.873 E.10087
G1 X132.199 Y94.005 E.10084
G1 X132.797 Y93.166 E.10095
G1 X133.277 Y92.557 E.07597
G1 X133.888 Y91.843 E.09207
G1 X134.597 Y91.097 E.10084
G1 X135.344 Y90.387 E.10097
G1 X135.86 Y89.939 E.06695
G1 X136.667 Y89.297 E.10104
G1 X137.505 Y88.699 E.10087
G1 X138.373 Y88.146 E.10084
G1 X139.269 Y87.639 E.10087
G1 X140.19 Y87.18 E.10082
G1 X141.136 Y86.769 E.10106
G1 X141.774 Y86.524 E.06696
G1 X142.751 Y86.197 E.10094
G1 X143.743 Y85.922 E.10086
G1 X144.748 Y85.699 E.10086
G1 X145.764 Y85.529 E.10093
G1 X146.786 Y85.412 E.10079
G1 X147.815 Y85.35 E.101
G1 X148.478 Y85.34 E.06497
G1 X149.078 Y85.352 F12000
G1 X148.503 Y85.891
;TYPE:Perimeter
G1 E-30 F1500
G1 Z6.52 F300.0
G1 F12000.0
T1
G1 Z1.52 F300.0
PRIME_FIBRE
G1 E45.0 F1500
G1 F12000.0
;WIDTH:0.6
G1 F300
G1 X148.586 Y85.89 E.0071
G1 X149.499 Y85.916 E.0781 U0.913
G1 X150.498 Y85.994 E.08568 U1.915
G1 X151.49 Y86.125 E.08556 U2.916
M73 P26 R39
G1 X152.476 Y86.308 E.08575 U3.919
G1 X153.207 Y86.479 E.06419 U4.67
G1 X154.087 Y86.724 E.07811 U5.583
G1 X155.036 Y87.042 E.08558 U6.584
G1 X155.967 Y87.409 E.08557 U7.585
G1 X156.88 Y87.825 E.08579 U8.588
G1 X157.548 Y88.167 E.06417 U9.338
G1 X158.342 Y88.619 E.07812 U10.252
G1 X159.19 Y89.159 E.08596 U11.257
G1 X159.73 Y89.537 E.05636 U11.917
G1 X160.527 Y90.148 E.08587 U12.921
G1 X161.287 Y90.798 E.08551 U13.921
G1 X162.016 Y91.489 E.08589 U14.925
G1 X162.474 Y91.964 E.05642 U15.585
G1 X163.14 Y92.716 E.08589 U16.59
G1 X163.762 Y93.499 E.0855 U17.59
G1 X164.343 Y94.314 E.08558 U18.591
G1 X164.881 Y95.157 E.08551 U19.591
G1 X165.374 Y96.028 E.08558 U20.591
G1 X165.821 Y96.926 E.08577 U21.595
G1 X166.124 Y97.613 E.0642 U22.345
G1 X166.458 Y98.463 E.07809 U23.259
G1 X166.776 Y99.413 E.08566 U24.26
G1 X167.043 Y100.377 E.08553 U25.261
G1 X167.259 Y101.353 E.08547 U26.26
G1 X167.425 Y102.344 E.08592 U27.265
G1 X167.506 Y102.999 E.05643 U27.925
G1 X167.584 Y104 E.08585 U28.929
G1 X167.599 Y105.663 E.1422 U30.592
G1 X167.538 Y106.666 E.08592 U31.597
G1 X167.425 Y107.66 E.08554 U32.598
G1 X167.259 Y108.646 E.08549 U33.597
G1 X167.043 Y109.623 E.08556 U34.598
G1 X166.776 Y110.587 E.08553 U35.598
G1 X166.458 Y111.536 E.08558 U36.599
G1 X166.09 Y112.471 E.08592 U37.604
G1 X165.822 Y113.073 E.05634 U38.263
G1 X165.374 Y113.972 E.08588 U39.267
G1 X164.881 Y114.843 E.08558 U40.268
G1 X164.341 Y115.69 E.08589 U41.273
G1 X163.963 Y116.23 E.05636 U41.932
G1 X163.352 Y117.027 E.08587 U42.936
G1 X162.702 Y117.787 E.08551 U43.936
G1 X162.013 Y118.513 E.08558 U44.937
G1 X161.285 Y119.205 E.08588 U45.941
G1 X160.787 Y119.637 E.05637 U46.601
G1 X160.001 Y120.262 E.08586 U47.605
G1 X159.186 Y120.843 E.08558 U48.606
G1 X158.343 Y121.381 E.08551 U49.606
G1 X157.472 Y121.874 E.08558 U50.607
G1 X156.576 Y122.32 E.08558 U51.608
G1 X155.655 Y122.721 E.08589 U52.612
G1 X155.04 Y122.957 E.05632 U53.271
G1 X154.087 Y123.276 E.08593 U54.276
G1 X153.123 Y123.543 E.08553 U55.276
G1 X152.147 Y123.759 E.08547 U56.276
G1 X151.156 Y123.925 E.08592 U57.281
G1 X150.501 Y124.006 E.05643 U57.941
G1 X149.5 Y124.084 E.08585 U58.945
G1 X148.496 Y124.111 E.08588 U59.949
G1 X147.837 Y124.099 E.05636 U60.608
G1 X146.834 Y124.038 E.08592 U61.613
G1 X145.84 Y123.925 E.08554 U62.613
G1 X144.85 Y123.759 E.08583 U63.617
G1 X144.205 Y123.622 E.05638 U64.276
G1 X143.232 Y123.37 E.08594 U65.282
G1 X142.278 Y123.069 E.08554 U66.282
G1 X141.341 Y122.719 E.08553 U67.282
G1 X140.424 Y122.32 E.08551 U68.282
G1 X139.528 Y121.874 E.08558 U69.283
G1 X138.655 Y121.38 E.08577 U70.286
G1 X138.02 Y120.98 E.06417 U71.037
G1 X137.268 Y120.461 E.07813 U71.95
G1 X136.473 Y119.852 E.08563 U72.952
G1 X135.713 Y119.202 E.08551 U73.952
G1 X134.987 Y118.513 E.08558 U74.953
G1 X134.298 Y117.787 E.08558 U75.954
G1 X133.646 Y117.024 E.08582 U76.957
G1 X133.24 Y116.504 E.05641 U77.617
G1 X132.657 Y115.686 E.08589 U78.622
G1 X132.119 Y114.843 E.08551 U79.622
G1 X131.626 Y113.972 E.08558 U80.622
G1 X131.179 Y113.074 E.08577 U81.625
G1 X130.876 Y112.387 E.0642 U82.376
G1 X130.542 Y111.537 E.07809 U83.29
G1 X130.224 Y110.587 E.08566 U84.291
G1 X129.957 Y109.623 E.08553 U85.292
G1 X129.741 Y108.646 E.08556 U86.292
G1 X129.575 Y107.66 E.08549 U87.292
G1 X129.462 Y106.662 E.08588 U88.297
G1 X129.416 Y106.004 E.0564 U88.956
G1 X129.389 Y104.996 E.08622 U89.965
G1 X129.401 Y104.337 E.05636 U90.624
G1 X129.462 Y103.334 E.08592 U91.628
G1 X129.575 Y102.34 E.08554 U92.629
G1 X129.741 Y101.353 E.08558 U93.63
G1 X129.957 Y100.377 E.08547 U94.629
G1 X130.226 Y99.409 E.08591 U95.634
G1 X130.429 Y98.782 E.05635 U96.293
G1 X130.781 Y97.841 E.08591 U97.298
G1 X131.18 Y96.924 E.08551 U98.298
G1 X131.626 Y96.028 E.08558 U99.299
G1 X132.119 Y95.157 E.08558 U100.3
G1 X132.657 Y94.314 E.08551 U101.3
G1 X133.239 Y93.497 E.08577 U102.303
G1 X133.703 Y92.907 E.06418 U103.053
G1 X134.298 Y92.213 E.07816 U103.967
G1 X134.987 Y91.487 E.08558 U104.968
G1 X135.715 Y90.795 E.08588 U105.973
G1 X136.213 Y90.363 E.05637 U106.632
G1 X136.999 Y89.738 E.08586 U107.636
G1 X137.813 Y89.157 E.08551 U108.636
G1 X138.657 Y88.619 E.08558 U109.637
G1 X139.528 Y88.126 E.08558 U110.638
G1 X140.424 Y87.68 E.08558 U111.639
G1 X141.345 Y87.279 E.08589 U112.643
G1 X141.96 Y87.043 E.05632 U113.302
G1 X142.913 Y86.724 E.08593 U114.307
G1 X143.877 Y86.457 E.08553 U115.307
G1 X144.853 Y86.241 E.08547 U116.307
G1 X145.84 Y86.075 E.08558 U117.308
G1 X146.834 Y85.962 E.08554 U118.308
G1 X147.836 Y85.901 E.08583 U119.312
G1 X148.473 Y85.892 E.05447 U119.949
G1 X148.499 Y86.406 F12000 U120.464
G1 F300
G1 X148.583 Y86.404 E.00718 U120.548
G1 X149.472 Y86.429 E.07604 U121.437
G1 X150.444 Y86.506 E.08337 U122.412
G1 X151.409 Y86.633 E.08322 U123.386
G1 X152.37 Y86.811 E.08357 U124.363
G1 X153.079 Y86.977 E.06226 U125.091
G1 X153.936 Y87.216 E.07607 U125.981
G1 X154.86 Y87.525 E.08331 U126.955
G1 X155.766 Y87.882 E.08326 U127.929
G1 X156.656 Y88.288 E.08364 U128.907
G1 X157.303 Y88.62 E.06218 U129.634
G1 X158.077 Y89.059 E.07608 U130.524
G1 X158.904 Y89.586 E.08385 U131.505
G1 X159.426 Y89.952 E.05451 U132.142
G1 X160.203 Y90.548 E.08373 U133.122
G1 X160.943 Y91.18 E.08321 U134.095
G1 X161.654 Y91.855 E.08383 U135.075
G1 X162.096 Y92.313 E.05442 U135.712
G1 X162.745 Y93.047 E.08378 U136.691
G1 X163.352 Y93.809 E.0833 U137.666
G1 X163.917 Y94.601 E.08319 U138.638
G1 X164.44 Y95.422 E.08323 U139.612
G1 X164.919 Y96.27 E.08328 U140.586
G1 X165.356 Y97.144 E.08355 U141.563
G1 X165.65 Y97.81 E.06225 U142.291
G1 X165.974 Y98.639 E.07611 U143.181
G1 X166.284 Y99.563 E.08333 U144.156
G1 X166.544 Y100.501 E.08323 U145.129
G1 X166.755 Y101.452 E.08329 U146.103
G1 X166.916 Y102.418 E.08374 U147.083
M73 P26 R38
G1 X166.994 Y103.05 E.05445 U147.719
G1 X167.071 Y104.027 E.0838 U148.699
G1 X167.085 Y105.643 E.13818 U150.315
G1 X167.025 Y106.621 E.08378 U151.295
G1 X166.915 Y107.588 E.08322 U152.268
G1 X166.755 Y108.548 E.08322 U153.242
G1 X166.544 Y109.499 E.08329 U154.216
G1 X166.284 Y110.437 E.08323 U155.189
G1 X165.975 Y111.36 E.08323 U156.163
G1 X165.616 Y112.272 E.0838 U157.143
G1 X165.357 Y112.854 E.05447 U157.78
G1 X164.919 Y113.73 E.08374 U158.759
G1 X164.44 Y114.578 E.08328 U159.733
G1 X163.914 Y115.404 E.08373 U160.712
G1 X163.548 Y115.926 E.05451 U161.35
G1 X162.952 Y116.703 E.08373 U162.329
M73 P27 R38
G1 X162.32 Y117.443 E.08321 U163.302
G1 X161.649 Y118.15 E.08334 U164.277
G1 X160.939 Y118.824 E.08371 U165.256
G1 X160.458 Y119.242 E.05449 U165.893
G1 X159.691 Y119.852 E.08379 U166.873
G1 X158.899 Y120.417 E.08319 U167.846
G1 X158.078 Y120.94 E.08323 U168.819
G1 X157.23 Y121.419 E.08328 U169.793
G1 X156.359 Y121.854 E.08325 U170.767
G1 X155.461 Y122.245 E.08375 U171.746
G1 X154.866 Y122.473 E.05448 U172.384
G1 X153.937 Y122.784 E.08377 U173.363
G1 X152.999 Y123.044 E.08323 U174.337
G1 X152.048 Y123.255 E.08329 U175.311
G1 X151.082 Y123.416 E.08374 U176.29
G1 X150.45 Y123.494 E.05445 U176.927
G1 X149.473 Y123.571 E.0838 U177.907
G1 X148.494 Y123.596 E.08374 U178.886
G1 X147.857 Y123.585 E.05447 U179.523
G1 X146.879 Y123.525 E.08378 U180.503
G1 X145.912 Y123.415 E.08322 U181.476
G1 X144.946 Y123.254 E.08374 U182.456
G1 X144.323 Y123.121 E.05447 U183.093
G1 X143.374 Y122.876 E.0838 U184.073
G1 X142.446 Y122.583 E.08321 U185.046
G1 X141.534 Y122.242 E.08325 U186.02
G1 X140.641 Y121.854 E.08325 U186.993
G1 X139.77 Y121.419 E.08325 U187.967
G1 X138.919 Y120.938 E.08358 U188.944
G1 X138.303 Y120.551 E.0622 U189.672
G1 X137.57 Y120.045 E.07616 U190.563
G1 X136.797 Y119.452 E.0833 U191.537
G1 X136.057 Y118.82 E.08321 U192.51
G1 X135.35 Y118.149 E.08334 U193.485
G1 X134.68 Y117.443 E.08322 U194.458
G1 X134.044 Y116.698 E.08376 U195.438
G1 X133.652 Y116.196 E.05446 U196.075
G1 X133.083 Y115.399 E.08373 U197.054
G1 X132.56 Y114.578 E.08323 U198.027
G1 X132.081 Y113.73 E.08328 U199.001
G1 X131.644 Y112.856 E.08355 U199.978
G1 X131.35 Y112.19 E.06225 U200.706
G1 X131.026 Y111.361 E.07611 U201.596
G1 X130.716 Y110.437 E.08333 U202.571
G1 X130.456 Y109.499 E.08323 U203.544
G1 X130.245 Y108.548 E.08329 U204.519
G1 X130.085 Y107.588 E.08322 U205.492
G1 X129.974 Y106.615 E.08374 U206.471
G1 X129.929 Y105.979 E.05452 U207.109
G1 X129.904 Y104.994 E.08425 U208.094
G1 X129.915 Y104.357 E.05447 U208.731
G1 X129.975 Y103.379 E.08378 U209.711
G1 X130.085 Y102.412 E.08322 U210.684
G1 X130.245 Y101.452 E.08322 U211.657
G1 X130.456 Y100.501 E.08329 U212.632
G1 X130.718 Y99.557 E.08377 U213.611
G1 X130.915 Y98.951 E.05449 U214.248
G1 X131.258 Y98.034 E.08371 U215.227
G1 X131.646 Y97.141 E.08325 U216.201
G1 X132.081 Y96.27 E.08325 U217.175
G1 X132.56 Y95.422 E.08328 U218.149
G1 X133.083 Y94.601 E.08323 U219.122
G1 X133.651 Y93.805 E.08361 U220.1
G1 X134.101 Y93.233 E.06223 U220.828
G1 X134.68 Y92.558 E.07604 U221.717
G1 X135.351 Y91.851 E.08334 U222.692
G1 X136.061 Y91.176 E.08377 U223.671
G1 X136.542 Y90.758 E.05449 U224.309
G1 X137.309 Y90.148 E.08379 U225.289
G1 X138.101 Y89.583 E.08319 U226.262
G1 X138.922 Y89.06 E.08323 U227.235
G1 X139.77 Y88.581 E.08328 U228.209
G1 X140.641 Y88.146 E.08325 U229.183
G1 X141.539 Y87.755 E.08375 U230.162
G1 X142.134 Y87.527 E.05448 U230.799
G1 X143.063 Y87.216 E.08377 U231.779
G1 X144.001 Y86.956 E.08323 U232.752
G1 X144.952 Y86.745 E.08329 U233.726
G1 X145.912 Y86.585 E.08322 U234.7
G1 X146.879 Y86.475 E.08322 U235.673
G1 X147.855 Y86.415 E.08361 U236.651
G1 X148.469 Y86.406 E.05251 U237.265
G1 X148.494 Y86.92 F12000 U237.779
G1 F300
G1 X148.579 Y86.919 E.00727 U237.864
G1 X149.445 Y86.943 E.07408 U238.731
G1 X150.39 Y87.017 E.08105 U239.679
G1 X151.329 Y87.141 E.08099 U240.626
G1 X152.265 Y87.314 E.08139 U241.578
G1 X152.951 Y87.475 E.06025 U242.282
G1 X153.785 Y87.708 E.07404 U243.148
G1 X154.684 Y88.009 E.08106 U244.096
G1 X155.565 Y88.356 E.08096 U245.043
G1 X156.432 Y88.75 E.08143 U245.995
G1 X157.059 Y89.072 E.06027 U246.7
G1 X157.811 Y89.5 E.07398 U247.565
G1 X158.618 Y90.014 E.08181 U248.522
G1 X159.122 Y90.366 E.05256 U249.137
G1 X159.879 Y90.948 E.08165 U250.092
G1 X160.599 Y91.563 E.08096 U251.039
G1 X161.292 Y92.22 E.08165 U251.994
G1 X161.719 Y92.662 E.05255 U252.608
G1 X162.351 Y93.377 E.0816 U253.563
G1 X162.941 Y94.118 E.08099 U254.51
G1 X163.491 Y94.889 E.08098 U255.457
G1 X163.999 Y95.687 E.08089 U256.403
G1 X164.465 Y96.511 E.08094 U257.349
G1 X164.89 Y97.363 E.08141 U258.302
G1 X165.175 Y98.008 E.06029 U259.007
G1 X165.491 Y98.814 E.07402 U259.872
G1 X165.792 Y99.713 E.08106 U260.821
G1 X166.045 Y100.626 E.08101 U261.768
G1 X166.25 Y101.55 E.08093 U262.714
G1 X166.407 Y102.492 E.08166 U263.669
G1 X166.482 Y103.102 E.05255 U264.284
G1 X166.557 Y104.054 E.08165 U265.239
G1 X166.571 Y105.623 E.13416 U266.808
G1 X166.513 Y106.576 E.08164 U267.763
G1 X166.406 Y107.517 E.08098 U268.71
G1 X166.25 Y108.45 E.08088 U269.656
G1 X166.045 Y109.374 E.08093 U270.602
G1 X165.792 Y110.287 E.08101 U271.55
G1 X165.491 Y111.184 E.0809 U272.496
G1 X165.141 Y112.073 E.08169 U273.451
G1 X164.891 Y112.634 E.05252 U274.065
G1 X164.465 Y113.489 E.08168 U275.021
G1 X163.999 Y114.313 E.08094 U275.967
G1 X163.486 Y115.118 E.08162 U276.922
G1 X163.134 Y115.622 E.05256 U277.537
G1 X162.552 Y116.379 E.08165 U278.491
G1 X161.937 Y117.099 E.08096 U279.438
G1 X161.286 Y117.786 E.08093 U280.385
G1 X160.593 Y118.443 E.08165 U281.34
G1 X160.129 Y118.846 E.05255 U281.954
G1 X159.382 Y119.441 E.08166 U282.909
G1 X158.611 Y119.991 E.08098 U283.856
G1 X157.813 Y120.499 E.08089 U284.802
G1 X156.989 Y120.965 E.08094 U285.749
G1 X156.142 Y121.388 E.08095 U286.696
G1 X155.266 Y121.769 E.08168 U287.651
G1 X154.692 Y121.989 E.05256 U288.266
G1 X153.787 Y122.292 E.0816 U289.22
G1 X152.874 Y122.545 E.08101 U290.168
G1 X151.95 Y122.75 E.08093 U291.114
G1 X151.008 Y122.907 E.08166 U292.069
G1 X150.398 Y122.982 E.05255 U292.684
G1 X149.446 Y123.057 E.08165 U293.639
G1 X148.492 Y123.082 E.0816 U294.593
G1 X147.877 Y123.071 E.05259 U295.208
G1 X146.924 Y123.013 E.08164 U296.163
G1 X145.983 Y122.906 E.08098 U297.11
G1 X145.042 Y122.748 E.08159 U298.064
G1 X144.441 Y122.621 E.05252 U298.678
G1 X143.516 Y122.381 E.08171 U299.634
G1 X142.613 Y122.097 E.08094 U300.58
CUT
G1 X141.726 Y121.765 E.08098
G1 X140.858 Y121.388 E.08092
G1 X140.011 Y120.965 E.08095
G1 X139.182 Y120.496 E.08144
G1 X138.586 Y120.121 E.06021
G1 X137.873 Y119.63 E.07402
G1 X137.121 Y119.052 E.0811
G1 X136.401 Y118.437 E.08096
G1 X135.714 Y117.786 E.08093
G1 X135.063 Y117.099 E.08093
G1 X134.442 Y116.373 E.08169
G1 X134.064 Y115.889 E.05251
G1 X133.509 Y115.111 E.08171
G1 X133.001 Y114.313 E.08089
G1 X132.535 Y113.489 E.08094
G1 X132.11 Y112.637 E.08141
G1 X131.825 Y111.992 E.06029
G1 X131.509 Y111.186 E.07402
G1 X131.208 Y110.287 E.08106
G1 X130.955 Y109.374 E.08101
G1 X130.75 Y108.45 E.08093
G1 X130.594 Y107.517 E.08088
G1 X130.486 Y106.568 E.08167
G1 X130.443 Y105.955 E.05254
G1 X130.418 Y104.992 E.08237
M73 P28 R38

G1 X130.429 Y104.377 E.05259
G1 X130.487 Y103.424 E.08164
G1 X130.594 Y102.483 E.08098
G1 X130.75 Y101.55 E.08088
G1 X130.955 Y100.626 E.08093
G1 X131.21 Y99.705
G1 X131.4 Y99.121
G1 X131.735 Y98.226
G1 X132.112 Y97.358
G1 X132.535 Y96.511
G1 X133.001 Y95.687
G1 X133.509 Y94.889
G1 X134.062 Y94.114
G1 X134.498 Y93.559
G1 X135.061 Y92.902
G1 X135.714 Y92.214
G1 X136.407 Y91.557
G1 X136.871 Y91.154
G1 X137.618 Y90.559
G1 X138.389 Y90.009
G1 X139.187 Y89.501
G1 X140.011 Y89.035
G1 X140.858 Y88.612
G1 X141.734 Y88.231
G1 X142.308 Y88.011
G1 X143.213 Y87.708
G1 X144.126 Y87.455
G1 X145.05 Y87.25
G1 X145.983 Y87.094
G1 X146.924 Y86.987
G1 X147.874 Y86.929
G1 X148.464 Y86.92
G1 E-8 F1500
G1 Z1.72 F3000
G1 X136.584 Y91.752 F12000
G1 Z1.52 F3000
G1 E10 F1500
;TYPE:Solid infill
G1 E-30 F1500
G1 Z6.52 F300.0
G1 F12000.0
T0
G1 Z1.52 F300.0
G1 E32.0 F1500
G1 F12000.0
;WIDTH:0.595841
G1 F588.235
G1 X135.257 Y93.079 E.15917
G1 X136.373 Y91.957 E.13422
G1 E-8 F1500
G1 Z1.72 F3000
G1 X138.956 Y90.109 F12000
G1 Z1.52 F3000
G1 E10 F1500
G1 F588.235
G1 X138.911 Y90.064 E.0054
G1 X138.849 Y90.08 E.00543
G1 X138.833 Y90.142 E.00543
G1 X138.878 Y90.187 E.0054
G1 X138.939 Y90.17 E.00537
;WIDTH:0.63542
G1 F545.872
G1 X138.709 Y90.318 E.025
;WIDTH:0.675
G1 F509.2
G1 X138.478 Y90.466 E.02688
G1 X133.966 Y94.978 E.62519
G1 X133.818 Y95.209 E.02688
;WIDTH:0.63542
G1 F545.872
G1 X133.67 Y95.439 E.025
;WIDTH:0.595841
G1 F588.235
G1 X133.609 Y95.456 E.00537
G1 X133.564 Y95.411 E.0054
G1 X133.58 Y95.349 E.00543
G1 X133.642 Y95.333 E.00543
G1 X133.687 Y95.378 E.0054
G1 E-8 F1500
G1 Z1.72 F3000
G1 X132.496 Y97.487 F12000
G1 Z1.52 F3000
G1 E10 F1500
G1 F588.235
G1 X132.434 Y97.504 E.00545
G1 X132.389 Y97.459 E.0054
G1 X132.406 Y97.397 E.00545
G1 X132.467 Y97.381 E.00535
G1 X132.512 Y97.426 E.0054
;WIDTH:0.63542
G1 F545.872
G1 X132.632 Y97.226 E.02132
;WIDTH:0.675
G1 F509.2
G1 X132.751 Y97.026 E.0228
G1 X140.526 Y89.251 E1.07731
G1 E-8 F1500
G1 Z1.72 F3000
G1 X142.52 Y88.284 F12000
G1 Z1.52 F3000
G1 E10 F1500
;WIDTH:0.595841
G1 F588.235
G1 X142.475 Y88.239 E.0054
G1 X142.413 Y88.255 E.00543
G1 X142.397 Y88.317 E.00543
G1 X142.442 Y88.362 E.0054
G1 X142.503 Y88.346 E.00535
;WIDTH:0.63542
G1 F545.872
G1 X142.274 Y88.456 E.02322
;WIDTH:0.675
G1 F509.2
G1 X142.044 Y88.566 E.02498
G1 X132.069 Y98.541 E1.38215
G1 X131.957 Y98.772 E.02515
;WIDTH:0.63542
G1 F545.872
G1 X131.846 Y99.003 E.02342
;WIDTH:0.595841
G1 F588.235
G1 X131.784 Y99.019 E.00543
G1 X131.739 Y98.974 E.0054
G1 X131.756 Y98.912 E.00545
G1 X131.817 Y98.896 E.00535
G1 X131.863 Y98.941 E.00546
;WIDTH:0.675
G1 F509.2
G1 X131.616 Y99.827 E.09012
G1 X143.326 Y88.117 E1.62255
G1 X143.442 Y87.97 E.01835
;WIDTH:0.63542
G1 F545.872
G1 X143.557 Y87.824 E.01699
;WIDTH:0.595841
G1 F588.235
G1 X144.331 Y87.618 E.06793
;WIDTH:0.675
G1 F509.2
G1 X144.462 Y87.814 E.0231
G1 X131.314 Y100.962 E1.8218
G1 X131.103 Y102.006 E.10436
G1 X145.506 Y87.603 E1.9957
G1 X146.479 Y87.463 E.09631
G1 X130.963 Y102.979 E2.14991
G1 X130.882 Y103.894 E.09
G1 X147.394 Y87.382 E2.28792
G1 X148.257 Y87.352 E.08461
M73 P28 R37
G1 X130.845 Y104.764 E2.41263
G1 X130.857 Y105.585 E.08045
G1 X149.086 Y87.356 E2.52583
G1 X149.874 Y87.401 E.07733
M73 P29 R37
G1 X130.897 Y106.378 E2.62948
G1 X130.976 Y107.132 E.07428
G1 X150.633 Y87.476 E2.72363
G1 X151.364 Y87.578 E.07232
G1 X131.081 Y107.861 E2.81044
G1 X131.209 Y108.566 E.0702
G1 X152.067 Y87.708 E2.89011
G1 X152.747 Y87.862 E.06831
G1 X131.361 Y109.248 E2.96327
G1 X131.54 Y109.901 E.06634
G1 X153.401 Y88.04 E3.02909
G1 X154.037 Y88.238 E.06526
G1 X131.738 Y110.537 E3.08978
G1 X131.952 Y111.156 E.06417
G1 X154.656 Y88.452 E3.14589
G1 X155.253 Y88.688 E.0629
G1 X132.186 Y111.755 E3.19619
G1 X132.439 Y112.335 E.062
M73 P30 R37
G1 X155.832 Y88.942 E3.24136
G1 X156.398 Y89.209 E.06132
G1 X132.712 Y112.896 E3.28203
G1 X132.996 Y113.445 E.06056
G1 X156.946 Y89.495 E3.31854
G1 X157.477 Y89.797 E.05985
G1 X133.297 Y113.977 E3.35041
G1 X133.616 Y114.491 E.05927
G1 X157.991 Y90.116 E3.37743
G1 X158.496 Y90.445 E.05905
M73 P30 R36
G1 X133.946 Y114.994 E3.40161
G1 X134.293 Y115.481 E.05859
G1 X158.981 Y90.792 E3.42087
G1 X159.453 Y91.154 E.05828
G1 X134.652 Y115.954 E3.43639
G1 X135.03 Y116.41 E.05803
M73 P31 R36
G1 X159.91 Y91.53 E3.4474
G1 X160.357 Y91.916 E.05787
G1 X135.416 Y116.857 E3.45585
G1 X135.822 Y117.284 E.05773
G1 X160.784 Y92.322 E3.45876
G1 X161.203 Y92.737 E.05778
G1 X136.239 Y117.7 E3.45897
G1 X136.666 Y118.106 E.05773
G1 X161.603 Y93.17 E3.45523
G1 X161.994 Y93.612 E.05782
G1 X137.115 Y118.491 E3.44726
G1 X137.573 Y118.866 E.058
G1 X162.365 Y94.074 E3.43521
G1 X162.726 Y94.546 E.05822
G1 X138.044 Y119.228 E3.41997
M73 P32 R36
G1 X138.534 Y119.571 E.0586
G1 X163.073 Y95.032 E3.40015
G1 X163.402 Y95.537 E.05905
G1 X139.035 Y119.904 E3.37632
G1 X139.552 Y120.22 E.05937
G1 X163.72 Y96.052 E3.34875
G1 X164.021 Y96.584 E.05989
G1 X140.084 Y120.521 E3.31674
G1 X140.635 Y120.803 E.06065
M73 P32 R35
G1 X164.303 Y97.135 E3.27947
G1 X164.575 Y97.696 E.06109
G1 X141.197 Y121.074 E3.23928
G1 X141.778 Y121.326 E.06205
G1 X164.826 Y98.278 E3.19356
G1 X165.061 Y98.877 E.06304
M73 P33 R35
G1 X142.38 Y121.558 E3.14271
G1 X142.997 Y121.774 E.06405
G1 X165.273 Y99.498 E3.08659
G1 X165.469 Y100.135 E.0653
G1 X143.63 Y121.974 E3.02604
G1 X144.292 Y122.145 E.06699
G1 X165.648 Y100.79 E2.95904
G1 X165.799 Y101.472 E.06844
G1 X144.97 Y122.3 E2.88602
G1 X145.678 Y122.426 E.07046
G1 X165.926 Y102.178 E2.80559
G1 X166.032 Y102.905 E.07198
G1 X146.408 Y122.528 E2.71905
G1 X147.166 Y122.604 E.07464
G1 X166.102 Y103.668 E2.62379
G1 X166.144 Y104.459 E.07761
G1 X147.954 Y122.65 E2.5205
G1 X148.785 Y122.651 E.08142
M73 P34 R35
G1 X166.154 Y105.282 E2.40667
G1 X166.115 Y106.155 E.08562
G1 X149.653 Y122.616 E2.28092
G1 X150.568 Y122.535 E.09
G1 X166.031 Y107.072 E2.14257
G1 X165.888 Y108.048 E.09665
G1 X151.548 Y122.388 E1.98697
G1 X152.596 Y122.173 E.10482
G1 X165.673 Y109.096 E1.81196
G1 X165.663 Y109.809 E.06986
M73 P34 R34
;WIDTH:0.595841
G1 F588.235
G1 X165.618 Y109.764 E.0054
G1 X165.557 Y109.78 E.00535
G1 X165.54 Y109.842 E.00545
G1 X165.585 Y109.887 E.0054
G1 X165.647 Y109.87 E.00545
;WIDTH:0.63542
G1 F545.872
G1 X165.504 Y110.056 E.02144
;WIDTH:0.675
G1 F509.2
G1 X165.361 Y110.242 E.02299
G1 X153.742 Y121.861 E1.60994
G1 X153.557 Y122.006 E.02303
;WIDTH:0.63542
G1 F545.872
G1 X153.373 Y122.151 E.02141
;WIDTH:0.595841
G1 F588.235
G1 X153.312 Y122.168 E.00537
G1 X153.266 Y122.123 E.00546
G1 X153.283 Y122.061 E.00545
G1 X153.345 Y122.045 E.00543
G1 X153.39 Y122.09 E.0054
G1 E-8 F1500
G1 Z1.72 F3000
G1 X154.661 Y121.717 F12000
G1 Z1.52 F3000
G1 E10 F1500
G1 F588.235
G1 X154.599 Y121.733 E.00543
G1 X154.554 Y121.688 E.0054
G1 X154.571 Y121.627 E.00537
G1 X154.632 Y121.61 E.00537
G1 X154.677 Y121.655 E.0054
;WIDTH:0.63542
G1 F545.872
G1 X154.853 Y121.531 E.01968
;WIDTH:0.675
G1 F509.2
G1 X155.03 Y121.406 E.02123
G1 X164.897 Y111.539 E1.36718
G1 X165.056 Y111.353 E.02397
;WIDTH:0.63542
G1 F545.872
G1 X165.215 Y111.167 E.02236
;WIDTH:0.595841
G1 F588.235
G1 X165.154 Y111.183 E.00535
G1 X165.109 Y111.138 E.0054
G1 X165.125 Y111.077 E.00535
G1 X165.187 Y111.06 E.00545
G1 X165.232 Y111.105 E.0054
G1 E-8 F1500
G1 Z1.72 F3000
G1 X164.565 Y112.632 F12000
G1 Z1.52 F3000
G1 E10 F1500
G1 F588.235
G1 X164.52 Y112.587 E.0054
G1 X164.459 Y112.603 E.00535
G1 X164.442 Y112.665 E.00545
G1 X164.487 Y112.71 E.0054
G1 X164.549 Y112.693 E.00545
;WIDTH:0.63542
G1 F545.872
G1 X164.376 Y112.879 E.02322
;WIDTH:0.675
G1 F509.2
G1 X156.565 Y120.704 E1.08327
G1 X156.387 Y120.842 E.02207
;WIDTH:0.63542
G1 F545.872
G1 X156.21 Y120.981 E.02057
;WIDTH:0.595841
G1 F588.235
G1 X156.165 Y120.936 E.0054
G1 X156.103 Y120.952 E.00543
G1 X156.087 Y121.014 E.00543
G1 X156.132 Y121.059 E.0054
G1 X156.193 Y121.043 E.00535
G1 E-8 F1500
G1 Z1.72 F3000
G1 X162.936 Y115.166 F12000
G1 Z1.52 F3000
G1 E10 F1500
;WIDTH:0.675
G1 F509.2
G1 X158.681 Y119.421 E.58958
G1 X158.473 Y119.595 E.02657
;WIDTH:0.63542
G1 F545.872
G1 X158.264 Y119.768 E.0248
;WIDTH:0.595841
G1 F588.235
G1 X158.461 Y119.768 E.01671
G1 X158.56 Y119.717 E.00945
G1 X159.89 Y118.559 E.14957
;WIDTH:0.618255
G1 F563.471
G1 X160.328 Y118.151 E.053
;WIDTH:0.642755
G1 F538.683
G1 X161.644 Y116.835 E.17237
;WIDTH:0.618519
G1 F563.192
G1 X162.274 Y116.154 E.08218
;WIDTH:0.595841
G1 F588.235
G1 X162.894 Y115.446 E.07982
G1 X163.272 Y114.975 E.05122
G1 X163.28 Y114.749 E.01918
;LAYER_CHANGE
;Z:1.92
;HEIGHT:0.4

G1 E-8 F1500
G1 Z1.92 F3000
;AFTER_LAYER_CHANGE
;1.92
G92 E0
_ON_LAYER_CHANGE LAYER=5
G1 Z2.12
G1 X148.508 Y85.34 F12000
G1 Z1.92 F3000
G1 E10 F1500
;TYPE:External perimeter
;WIDTH:0.675
G1 F509.2
G1 X148.618 Y85.339 E.01078
G1 X149.529 Y85.365 E.08929
G1 X150.555 Y85.445 E.10083
G1 X151.576 Y85.58 E.10091
G1 X152.589 Y85.768 E.10095
G1 X153.255 Y85.921 E.06695
G1 X154.249 Y86.197 E.10107
G1 X155.225 Y86.523 E.10082
G1 X156.183 Y86.901 E.1009
G1 X157.119 Y87.328 E.1008
G1 X158.033 Y87.803 E.10092
G1 X158.921 Y88.326 E.10097
G1 X159.494 Y88.698 E.06693
G1 X160.334 Y89.297 E.10108
G1 X160.965 Y89.794 E.0787
G1 X161.656 Y90.388 E.08928
G1 X162.404 Y91.098 E.10105
G1 X162.879 Y91.589 E.06693
G1 X163.562 Y92.361 E.10099
G1 X164.203 Y93.167 E.1009
G1 X164.801 Y94.005 E.10087
G1 X165.354 Y94.873 E.10084
G1 X165.861 Y95.769 E.10087
G1 X166.32 Y96.69 E.10082
G1 X166.731 Y97.636 E.10106
G1 X166.976 Y98.274 E.06696
G1 X167.303 Y99.251 E.10094
G1 X167.578 Y100.243 E.10086
G1 X167.801 Y101.248 E.10086
G1 X167.971 Y102.265 E.10103
G1 X168.055 Y102.943 E.06694
G1 X168.135 Y103.971 E.10103
G1 X168.162 Y105 E.10085
G1 X168.135 Y106.03 E.10095
G1 X168.088 Y106.712 E.06698
G1 X167.971 Y107.736 E.10098
G1 X167.801 Y108.752 E.10093
G1 X167.578 Y109.757 E.10086
G1 X167.303 Y110.749 E.10086
G1 X166.977 Y111.725 E.10082
G1 X166.599 Y112.684 E.101
G1 X166.321 Y113.308 E.06693
G1 X165.861 Y114.231 E.10104
G1 X165.354 Y115.127 E.10087
G1 X164.8 Y115.996 E.10097
G1 X164.408 Y116.556 E.06697
G1 X163.781 Y117.374 E.10098
G1 X163.112 Y118.157 E.1009
G1 X162.402 Y118.904 E.10097
G1 X161.911 Y119.379 E.06693
G1 X161.139 Y120.062 E.10099
G1 X160.333 Y120.703 E.1009
G1 X159.495 Y121.301 E.10087
G1 X158.627 Y121.854 E.10084
G1 X157.731 Y122.361 E.10087
G1 X156.81 Y122.82 E.10082
G1 X155.864 Y123.231 E.10106
G1 X155.226 Y123.476 E.06696
G1 X154.249 Y123.803 E.10094
G1 X153.257 Y124.078 E.10086
G1 X152.252 Y124.301 E.10086
G1 X151.235 Y124.471 E.10103
G1 X150.557 Y124.555 E.06694
G1 X149.529 Y124.635 E.10103
G1 X148.499 Y124.662 E.10095
G1 X147.815 Y124.65 E.06703
M73 P35 R34
G1 X146.786 Y124.588 E.101
G1 X145.764 Y124.471 E.10079
G1 X144.747 Y124.301 E.10103
G1 X144.078 Y124.159 E.06701
G1 X143.08 Y123.901 E.101
G1 X142.099 Y123.591 E.1008
G1 X141.134 Y123.231 E.10091
G1 X140.19 Y122.82 E.10088
G1 X139.269 Y122.361 E.10082
G1 X138.373 Y121.854 E.10087
G1 X137.505 Y121.301 E.10084
G1 X136.666 Y120.702 E.101
G1 X136.127 Y120.281 E.06701
G1 X135.343 Y119.612 E.10098
G1 X134.597 Y118.903 E.10084
G1 X133.888 Y118.157 E.10084
G1 X133.218 Y117.373 E.10104
G1 X132.798 Y116.834 E.06695
G1 X132.199 Y115.995 E.101
G1 X131.646 Y115.127 E.10084
G1 X131.139 Y114.231 E.10087
G1 X130.679 Y113.309 E.10095
G1 X130.356 Y112.574 E.07866
G1 X130.024 Y111.725 E.08932
G1 X129.697 Y110.749 E.10085
G1 X129.422 Y109.757 E.10086
G1 X129.199 Y108.751 E.10096
G1 X129.062 Y107.96 E.07865
G1 X128.945 Y107.056 E.08931
G1 X128.865 Y106.029 E.10093
G1 X128.838 Y105 E.10085
G1 X128.865 Y103.97 E.10095
G1 X128.924 Y103.169 E.07869
G1 X129.029 Y102.264 E.08926
G1 X129.199 Y101.248 E.10093
G1 X129.422 Y100.243 E.10086
G1 X129.697 Y99.25 E.10095
G1 X129.948 Y98.488 E.0786
G1 X130.269 Y97.635 E.0893
G1 X130.68 Y96.69 E.10097
G1 X131.139 Y95.769 E.10082
G1 X131.646 Y94.872 E.10095
G1 X132.075 Y94.193 E.07869
G1 X132.593 Y93.443 E.08931
G1 X133.219 Y92.626 E.10084
G1 X133.888 Y91.843 E.1009
G1 X134.597 Y91.096 E.10091
G1 X135.177 Y90.54 E.07872
G1 X135.861 Y89.938 E.08928
G1 X136.667 Y89.297 E.1009
G1 X137.505 Y88.699 E.10087
G1 X138.373 Y88.146 E.10084
G1 X139.269 Y87.639 E.10087
G1 X140.19 Y87.18 E.10082
G1 X141.134 Y86.769 E.10088
G1 X142.099 Y86.409 E.10091
G1 X142.864 Y86.163 E.07873
G1 X143.743 Y85.922 E.0893
G1 X144.748 Y85.699 E.10086
G1 X145.764 Y85.529 E.10093
G1 X146.786 Y85.412 E.10079
G1 X147.815 Y85.35 E.101
G1 X148.478 Y85.341 E.06497
G1 X149.078 Y85.352 F12000
G1 X148.503 Y85.892
;TYPE:Perimeter
G1 E-30 F1500
G1 Z6.92 F300.0
G1 F12000.0
T1
G1 Z1.92 F300.0
PRIME_FIBRE
G1 E45.0 F1500
G1 F12000.0
;WIDTH:0.6
G1 F300
G1 X148.614 Y85.89 E.00949
G1 X149.499 Y85.916 E.0757 U0.885
G1 X150.498 Y85.994 E.08568 U1.887
G1 X151.49 Y86.125 E.08556 U2.888
G1 X152.477 Y86.308 E.08583 U3.892
G1 X153.12 Y86.456 E.05642 U4.552
G1 X154.087 Y86.724 E.0858 U5.555
G1 X155.036 Y87.042 E.08558 U6.556
G1 X155.967 Y87.409 E.08557 U7.557
G1 X156.878 Y87.824 E.0856 U8.558
G1 X157.765 Y88.286 E.08551 U9.558
G1 X158.63 Y88.795 E.08582 U10.562
G1 X159.183 Y89.154 E.05637 U11.221
G1 X160.003 Y89.739 E.08613 U12.228
G1 X160.614 Y90.22 E.06649 U13.006
G1 X161.287 Y90.797 E.0758 U13.892
G1 X162.016 Y91.489 E.08594 U14.897
G1 X162.474 Y91.964 E.05642 U15.557
G1 X163.14 Y92.716 E.08589 U16.562
G1 X163.762 Y93.499 E.0855 U17.562
G1 X164.343 Y94.314 E.08558 U18.563
G1 X164.881 Y95.157 E.08551 U19.563
G1 X165.374 Y96.028 E.08558 U20.563
G1 X165.82 Y96.924 E.08558 U21.564
G1 X166.221 Y97.845 E.08589 U22.569
G1 X166.457 Y98.46 E.05632 U23.228
G1 X166.776 Y99.413 E.08593 U24.233
G1 X167.043 Y100.377 E.08553 U25.233
G1 X167.259 Y101.353 E.08547 U26.232
G1 X167.425 Y102.344 E.08592 U27.237
G1 X167.506 Y102.999 E.05643 U27.897
G1 X167.584 Y104 E.08585 U28.901
G1 X167.611 Y105 E.08554 U29.902
G1 X167.584 Y106.004 E.08588 U30.906
G1 X167.538 Y106.662 E.0564 U31.566
G1 X167.425 Y107.66 E.08588 U32.57
G1 X167.259 Y108.646 E.08549 U33.57
G1 X167.043 Y109.623 E.08556 U34.57
G1 X166.776 Y110.587 E.08553 U35.571
G1 X166.458 Y111.536 E.08558 U36.572
G1 X166.09 Y112.471 E.08592 U37.576
G1 X165.822 Y113.073 E.05634 U38.235
G1 X165.374 Y113.972 E.08588 U39.24
G1 X164.881 Y114.843 E.08558 U40.241
G1 X164.341 Y115.69 E.08589 U41.245
G1 X163.963 Y116.23 E.05636 U41.904
G1 X163.352 Y117.027 E.08587 U42.909
G1 X162.702 Y117.787 E.08551 U43.909
G1 X162.011 Y118.516 E.08589 U44.913
G1 X161.536 Y118.974 E.05642 U45.573
G1 X160.784 Y119.64 E.08589 U46.577
G1 X160.001 Y120.262 E.0855 U47.577
G1 X159.187 Y120.843 E.08551 U48.578
G1 X158.343 Y121.381 E.08558 U49.578
G1 X157.472 Y121.874 E.08558 U50.579
G1 X156.576 Y122.32 E.08558 U51.58
G1 X155.655 Y122.721 E.08589 U52.585
G1 X155.04 Y122.957 E.05632 U53.243
G1 X154.087 Y123.276 E.08593 U54.248
G1 X153.123 Y123.543 E.08553 U55.249
G1 X152.147 Y123.759 E.08547 U56.248
G1 X151.156 Y123.925 E.08592 U57.253
G1 X150.501 Y124.006 E.05643 U57.913
G1 X149.5 Y124.084 E.08585 U58.917
G1 X148.496 Y124.111 E.08588 U59.921
G1 X147.837 Y124.099 E.05636 U60.581
G1 X146.834 Y124.038 E.08592 U61.585
G1 X145.84 Y123.925 E.08554 U62.586
G1 X144.85 Y123.759 E.08583 U63.59
G1 X144.205 Y123.622 E.05638 U64.249
G1 X143.232 Y123.37 E.08594 U65.254
G1 X142.278 Y123.069 E.08554 U66.254
G1 X141.341 Y122.719 E.08553 U67.255
G1 X140.424 Y122.32 E.08551 U68.255
G1 X139.528 Y121.874 E.08558 U69.256
G1 X138.657 Y121.381 E.08558 U70.256
G1 X137.813 Y120.843 E.08558 U71.257
G1 X136.996 Y120.26 E.08582 U72.261
G1 X136.476 Y119.854 E.05641 U72.921
G1 X135.713 Y119.202 E.08582 U73.924
G1 X134.987 Y118.513 E.08558 U74.925
G1 X134.298 Y117.787 E.08558 U75.926
G1 X133.646 Y117.024 E.08582 U76.93
G1 X133.24 Y116.504 E.05641 U77.59
G1 X132.657 Y115.686 E.08589 U78.594
G1 X132.119 Y114.843 E.08551 U79.594
G1 X131.626 Y113.972 E.08558 U80.595
G1 X131.179 Y113.075 E.08569 U81.597
G1 X130.865 Y112.362 E.06662 U82.376
G1 X130.542 Y111.537 E.07576 U83.262
G1 X130.224 Y110.587 E.08566 U84.264
G1 X129.957 Y109.623 E.08553 U85.264
G1 X129.74 Y108.644 E.08574 U86.267
G1 X129.608 Y107.877 E.06655 U87.045
G1 X129.494 Y106.999 E.0757 U87.931
G1 X129.416 Y106 E.08568 U88.933
G1 X129.389 Y105 E.08554 U89.933
G1 X129.416 Y103.998 E.08571 U90.935
G1 X129.473 Y103.221 E.06662 U91.715
G1 X129.575 Y102.341 E.07575 U92.6
G1 X129.741 Y101.353 E.08566 U93.602
G1 X129.957 Y100.377 E.08547 U94.602
G1 X130.225 Y99.411 E.08572 U95.604
G1 X130.468 Y98.671 E.0666 U96.383
G1 X130.781 Y97.842 E.07577 U97.269
G1 X131.18 Y96.924 E.08559 U98.27
G1 X131.626 Y96.028 E.08558 U99.271
G1 X132.12 Y95.155 E.08577 U100.274
G1 X132.535 Y94.497 E.06652 U101.052
G1 X133.039 Y93.768 E.07578 U101.939
G1 X133.648 Y92.973 E.08563 U102.94
G1 X134.298 Y92.213 E.08551 U103.94
G1 X134.988 Y91.485 E.08576 U104.943
G1 X135.55 Y90.947 E.06652 U105.721
G1 X136.215 Y90.361 E.07579 U106.607
G1 X136.999 Y89.738 E.08562 U107.609
G1 X137.814 Y89.157 E.08558 U108.61
G1 X138.657 Y88.619 E.08551 U109.61
G1 X139.528 Y88.126 E.08558 U110.611
G1 X140.424 Y87.68 E.08558 U111.611
G1 X141.341 Y87.281 E.08551 U112.611
G1 X142.28 Y86.93 E.08572 U113.614
G1 X143.021 Y86.692 E.06655 U114.392
G1 X143.876 Y86.457 E.07582 U115.279
G1 X144.854 Y86.241 E.08564 U116.281
G1 X145.84 Y86.075 E.08549 U117.28
G1 X146.834 Y85.962 E.08554 U118.281
G1 X147.835 Y85.901 E.08575 U119.284
G1 X148.473 Y85.892 E.05456 U119.922
G1 X148.499 Y86.406 F12000 U120.436
G1 F300
G1 X148.61 Y86.405 E.00949 U120.547
G1 X149.472 Y86.429 E.07373 U121.41
G1 X150.444 Y86.506 E.08337 U122.385
G1 X151.409 Y86.633 E.08322 U123.358
G1 X152.372 Y86.811 E.08374 U124.337
M73 P36 R34
G1 X152.993 Y86.955 E.05451 U124.975
G1 X153.937 Y87.216 E.08375 U125.954
G1 X154.86 Y87.525 E.08323 U126.928
G1 X155.766 Y87.882 E.08326 U127.901
G1 X156.652 Y88.286 E.08326 U128.875
G1 X157.516 Y88.735 E.08326 U129.849
G1 X158.36 Y89.233 E.08379 U130.829
G1 X158.894 Y89.58 E.05445 U131.466
G1 X159.694 Y90.15 E.08399 U132.448
G1 X160.288 Y90.618 E.06466 U133.204
G1 X160.942 Y91.179 E.07368 U134.066
G1 X161.654 Y91.855 E.08395 U135.048
G1 X162.096 Y92.313 E.05442 U135.684
G1 X162.745 Y93.047 E.08378 U136.664
G1 X163.352 Y93.809 E.0833 U137.638
G1 X163.917 Y94.601 E.08319 U138.611
G1 X164.44 Y95.422 E.08323 U139.584
G1 X164.919 Y96.27 E.08328 U140.558
G1 X165.354 Y97.141 E.08325 U141.532
G1 X165.745 Y98.039 E.08375 U142.511
G1 X165.973 Y98.634 E.05448 U143.149
G1 X166.284 Y99.563 E.08377 U144.128
G1 X166.544 Y100.501 E.08323 U145.102
G1 X166.755 Y101.452 E.08329 U146.076
G1 X166.864 Y102.104 E.05652 U146.737
G1 X166.955 Y102.734 E.05443 U147.373
G1 X167.033 Y103.541 E.06932 U148.184
G1 X167.096 Y105 E.12487 U149.644
G1 X167.071 Y105.979 E.08374 U150.624
G1 X167.026 Y106.615 E.05452 U151.261
G1 X166.915 Y107.588 E.08374 U152.241
G1 X166.755 Y108.548 E.08322 U153.214
G1 X166.544 Y109.499 E.08329 U154.188
G1 X166.284 Y110.437 E.08323 U155.161
G1 X165.975 Y111.36 E.08323 U156.135
G1 X165.616 Y112.272 E.0838 U157.115
G1 X165.357 Y112.854 E.05447 U157.752
G1 X164.919 Y113.73 E.08374 U158.731
G1 X164.44 Y114.578 E.08328 U159.705
G1 X163.914 Y115.404 E.08373 U160.684
G1 X163.548 Y115.926 E.05451 U161.322
G1 X162.952 Y116.703 E.08373 U162.301
G1 X162.32 Y117.443 E.08321 U163.274
G1 X161.645 Y118.154 E.08383 U164.255
G1 X161.187 Y118.596 E.05442 U164.891
G1 X160.453 Y119.246 E.08383 U165.872
G1 X159.691 Y119.852 E.08325 U166.845
G1 X158.899 Y120.417 E.08319 U167.818
G1 X158.078 Y120.94 E.08323 U168.792
M73 P36 R33
G1 X157.23 Y121.419 E.08328 U169.766
G1 X156.359 Y121.854 E.08325 U170.739
G1 X155.461 Y122.245 E.08375 U171.719
G1 X154.866 Y122.473 E.05448 U172.356
G1 X153.937 Y122.784 E.08377 U173.335
G1 X152.999 Y123.044 E.08323 U174.309
G1 X152.048 Y123.255 E.08329 U175.283
G1 X151.082 Y123.416 E.08374 U176.262
G1 X150.45 Y123.494 E.05445 U176.899
G1 X149.473 Y123.571 E.0838 U177.879
G1 X148.494 Y123.596 E.08374 U178.858
G1 X147.857 Y123.585 E.05447 U179.496
G1 X146.879 Y123.525 E.08378 U180.475
G1 X145.912 Y123.415 E.08322 U181.449
G1 X144.946 Y123.254 E.08374 U182.428
G1 X144.323 Y123.121 E.05447 U183.065
G1 X143.374 Y122.876 E.0838 U184.045
G1 X142.446 Y122.583 E.08321 U185.018
G1 X141.534 Y122.242 E.08325 U185.992
G1 X140.641 Y121.854 E.08325 U186.966
G1 X139.77 Y121.419 E.08325 U187.939
G1 X138.922 Y120.94 E.08328 U188.913
G1 X138.101 Y120.417 E.08323 U189.886
G1 X137.304 Y119.848 E.08373 U190.866
G1 X136.802 Y119.456 E.05446 U191.503
G1 X136.057 Y118.82 E.08376 U192.482
G1 X135.351 Y118.149 E.08328 U193.456
G1 X134.68 Y117.443 E.08328 U194.43
G1 X134.044 Y116.698 E.08376 U195.41
G1 X133.652 Y116.196 E.05446 U196.047
G1 X133.083 Y115.399 E.08373 U197.026
G1 X132.56 Y114.578 E.08323 U197.999
G1 X132.081 Y113.73 E.08328 U198.973
G1 X131.645 Y112.856 E.08351 U199.95
G1 X131.34 Y112.165 E.06458 U200.705
G1 X131.026 Y111.362 E.07372 U201.568
G1 X130.716 Y110.437 E.08342 U202.543
G1 X130.456 Y109.499 E.08323 U203.517
G1 X130.245 Y108.545 E.08354 U204.494
G1 X130.116 Y107.801 E.06456 U205.249
G1 X130.006 Y106.945 E.07379 U206.112
G1 X129.929 Y105.973 E.08337 U207.087
G1 X129.904 Y105 E.08322 U208.06
G1 X129.929 Y104.023 E.08357 U209.037
G1 X129.985 Y103.27 E.06456 U209.792
G1 X130.085 Y102.414 E.07369 U210.654
G1 X130.245 Y101.452 E.08339 U211.63
G1 X130.456 Y100.501 E.08329 U212.604
G1 X130.717 Y99.56 E.0835 U213.58
G1 X130.953 Y98.842 E.06462 U214.336
G1 X131.257 Y98.035 E.07374 U215.198
G1 X131.646 Y97.141 E.08336 U216.173
G1 X132.081 Y96.27 E.08325 U217.147
G1 X132.562 Y95.419 E.08358 U218.124
G1 X132.964 Y94.78 E.06455 U218.879
G1 X133.454 Y94.071 E.07369 U219.741
G1 X134.048 Y93.297 E.08342 U220.717
G1 X134.68 Y92.557 E.08321 U221.69
G1 X135.353 Y91.848 E.08359 U222.668
G1 X135.898 Y91.325 E.06459 U223.423
G1 X136.545 Y90.755 E.07373 U224.285
G1 X137.309 Y90.148 E.08343 U225.261
G1 X138.101 Y89.583 E.08319 U226.234
G1 X138.922 Y89.06 E.08323 U227.207
G1 X139.77 Y88.581 E.08328 U228.181
G1 X140.641 Y88.146 E.08325 U229.155
G1 X141.534 Y87.758 E.08325 U230.128
G1 X142.449 Y87.416 E.08352 U231.105
G1 X143.168 Y87.185 E.06457 U231.86
G1 X144 Y86.957 E.07376 U232.723
G1 X144.952 Y86.745 E.08339 U233.698
G1 X145.912 Y86.585 E.08322 U234.672
G1 X146.879 Y86.475 E.08322 U235.645
G1 X147.854 Y86.415 E.08353 U236.622
G1 X148.469 Y86.407 E.05259 U237.237
G1 X148.494 Y86.92 F12000 U237.75
G1 F300
G1 X148.606 Y86.919 E.00958 U237.862
G1 X149.444 Y86.943 E.07168 U238.701
G1 X150.39 Y87.017 E.08113 U239.65
G1 X151.329 Y87.141 E.08099 U240.597
G1 X152.268 Y87.315 E.08166 U241.552
G1 X152.866 Y87.453 E.05248 U242.165
G1 X153.787 Y87.708 E.08171 U243.121
G1 X154.684 Y88.009 E.0809 U244.067
G1 X155.565 Y88.356 E.08096 U245.014
G1 X156.427 Y88.748 E.08097 U245.961
G1 X157.266 Y89.185 E.08089 U246.907
G1 X158.089 Y89.67 E.08168 U247.862
G1 X158.604 Y90.005 E.05253 U248.477
G1 X159.386 Y90.562 E.08209 U249.437
G1 X159.961 Y91.015 E.06259 U250.169
G1 X160.598 Y91.561 E.07174 U251.008
G1 X161.292 Y92.22 E.08183 U251.965
G1 X161.719 Y92.662 E.05255 U252.579
G1 X162.351 Y93.377 E.0816 U253.534
G1 X162.941 Y94.118 E.08099 U254.481
G1 X163.491 Y94.889 E.08098 U255.428
G1 X163.999 Y95.687 E.08089 U256.374
G1 X164.465 Y96.511 E.08094 U257.321
G1 X164.888 Y97.358 E.08095 U258.267
G1 X165.269 Y98.234 E.08168 U259.223
G1 X165.489 Y98.808 E.05256 U259.837
G1 X165.792 Y99.713 E.0816 U260.792
G1 X166.045 Y100.626 E.08101 U261.739
G1 X166.25 Y101.55 E.08093 U262.686
G1 X166.357 Y102.189 E.0554 U263.333
G1 X166.445 Y102.797 E.05253 U263.948
G1 X166.52 Y103.582 E.06743 U264.736
G1 X166.582 Y105 E.12136 U266.156
G1 X166.557 Y105.955 E.08169 U267.111
G1 X166.514 Y106.568 E.05254 U267.726
G1 X166.406 Y107.517 E.08167 U268.681
G1 X166.25 Y108.45 E.08088 U269.627
G1 X166.045 Y109.374 E.08093 U270.573
G1 X165.792 Y110.287 E.08101 U271.521
G1 X165.491 Y111.184 E.0809 U272.467
G1 X165.141 Y112.073 E.08169 U273.422
G1 X164.891 Y112.634 E.05252 U274.036
G1 X164.465 Y113.489 E.08168 U274.992
G1 X163.999 Y114.313 E.08094 U275.938
G1 X163.486 Y115.118 E.08162 U276.893
G1 X163.134 Y115.622 E.05256 U277.507
G1 X162.552 Y116.379 E.08165 U278.462
G1 X161.937 Y117.099 E.08096 U279.409
G1 X161.28 Y117.792 E.08165 U280.364
G1 X160.838 Y118.219 E.05255 U280.979
G1 X160.123 Y118.852 E.08165 U281.934
G1 X159.382 Y119.441 E.08094 U282.88
G1 X158.611 Y119.991 E.08098 U283.827
G1 X157.813 Y120.499 E.08089 U284.773
M73 P37 R33
G1 X156.989 Y120.965 E.08094 U285.72
G1 X156.142 Y121.388 E.08095 U286.667
G1 X155.266 Y121.769 E.08168 U287.622
G1 X154.692 Y121.989 E.05256 U288.237
G1 X153.787 Y122.292 E.0816 U289.191
G1 X152.874 Y122.545 E.08101 U290.138
G1 X151.95 Y122.75 E.08093 U291.085
G1 X151.008 Y122.907 E.08166 U292.04
G1 X150.398 Y122.982 E.05255 U292.655
G1 X149.446 Y123.057 E.08165 U293.609
G1 X148.492 Y123.082 E.0816 U294.564
G1 X147.877 Y123.071 E.05259 U295.179
G1 X146.924 Y123.013 E.08164 U296.134
G1 X145.983 Y122.906 E.08098 U297.081
G1 X145.042 Y122.748 E.08159 U298.035
G1 X144.441 Y122.621 E.05252 U298.649
G1 X143.516 Y122.381 E.08171 U299.605
G1 X142.613 Y122.097 E.08094 U300.551
CUT
G1 X141.726 Y121.765 E.08098
G1 X140.858 Y121.388 E.08092
G1 X140.011 Y120.965 E.08095
G1 X139.187 Y120.499 E.08094
G1 X138.389 Y119.991 E.08089
G1 X137.611 Y119.436 E.08171
G1 X137.127 Y119.058 E.05251
G1 X136.401 Y118.437 E.08169
G1 X135.714 Y117.786 E.08093
G1 X135.063 Y117.099 E.08093
G1 X134.442 Y116.373 E.08169
G1 X134.064 Y115.889 E.05251
G1 X133.509 Y115.111 E.08171
G1 X133.001 Y114.313 E.08089
G1 X132.535 Y113.489 E.08094
G1 X132.11 Y112.638 E.08133
G1 X131.815 Y111.967 E.06267
G1 X131.509 Y111.186 E.07172
G1 X131.208 Y110.287 E.08106
G1 X130.955 Y109.374 E.08101
G1 X130.749 Y108.446 E.08128
G1 X130.625 Y107.724 E.06264
G1 X130.517 Y106.892 E.07174
G1 X130.443 Y105.946 E.08113
G1 X130.418 Y105 E.08092
G1 X130.443 Y104.049 E.08134
G1 X130.497 Y103.319 E.06259
G1 X130.594 Y102.486 E.07171
G1 X130.75 Y101.55 E.08114
G1 X130.955 Y100.626 E.08093
G1 X131.209 Y99.709
G1 X131.438 Y99.013
G1 X131.734 Y98.228
G1 X132.112 Y97.358
G1 X132.535 Y96.511
G1 X133.003 Y95.683
G1 X133.394 Y95.064
G1 X133.87 Y94.373
G1 X134.448 Y93.621
G1 X135.063 Y92.901
G1 X135.717 Y92.211
G1 X136.246 Y91.704
G1 X136.876 Y91.15
G1 X137.618 Y90.559
G1 X138.389 Y90.009
G1 X139.187 Y89.501
G1 X140.011 Y89.035
G1 X140.858 Y88.612
G1 X141.726 Y88.235
G1 X142.618 Y87.902
G1 X143.315 Y87.678
G1 X144.123 Y87.456
G1 X145.05 Y87.25
G1 X145.983 Y87.094
G1 X146.924 Y86.987
G1 X147.874 Y86.929
G1 X148.464 Y86.921
G1 E-8 F1500
G1 Z2.12 F3000
G1 X135.258 Y116.923 F12000
G1 Z1.92 F3000
G1 E10 F1500
;TYPE:Solid infill
G1 E-30 F1500
G1 Z6.92 F300.0
G1 F12000.0
T0
G1 Z1.92 F300.0
G1 E32.0 F1500
G1 F12000.0
;WIDTH:0.595841
G1 F588.235
G1 X136.577 Y118.242 E.15821
G1 X135.464 Y117.134 E.1332
G1 E-8 F1500
G1 Z2.12 F3000
G1 X133.609 Y114.544 F12000
G1 Z1.92 F3000
G1 E10 F1500
G1 F588.235
G1 X133.564 Y114.589 E.0054
G1 X133.58 Y114.651 E.00543
G1 X133.642 Y114.667 E.00543
G1 X133.687 Y114.622 E.0054
G1 X133.67 Y114.561 E.00537
;WIDTH:0.63542
G1 F545.872
G1 X133.818 Y114.792 E.02507
;WIDTH:0.675
G1 F509.2
G1 X133.966 Y115.022 E.0268
G1 X138.478 Y119.534 E.62519
G1 X138.708 Y119.682 E.0268
;WIDTH:0.63542
G1 F545.872
G1 X138.939 Y119.83 E.02507
;WIDTH:0.595841
G1 F588.235
G1 X138.956 Y119.891 E.00537
G1 X138.911 Y119.936 E.0054
G1 X138.849 Y119.92 E.00543
G1 X138.833 Y119.858 E.00543
G1 X138.878 Y119.813 E.0054
G1 E-8 F1500
G1 Z2.12 F3000
G1 X140.926 Y120.988 F12000
G1 Z1.92 F3000
G1 E10 F1500
G1 F588.235
G1 X140.881 Y121.033 E.0054
G1 X140.897 Y121.094 E.00535
G1 X140.959 Y121.111 E.00545
G1 X141.004 Y121.066 E.0054
G1 X140.987 Y121.004 E.00545
;WIDTH:0.63542
G1 F545.872
G1 X140.757 Y120.877 E.02401
;WIDTH:0.675
G1 F509.2
G1 X140.526 Y120.749 E.02588
G1 X132.751 Y112.974 E1.07731
G1 E-8 F1500
G1 Z2.12 F3000
G1 X132.071 Y111.461 F12000
G1 Z1.92 F3000
G1 E10 F1500
G1 F509.2
G1 X142.041 Y121.431 E1.38145
G1 X142.272 Y121.543 E.02515
;WIDTH:0.63542
G1 F545.872
G1 X142.503 Y121.654 E.02342
;WIDTH:0.595841
G1 F588.235
G1 X142.519 Y121.716 E.00543
G1 X142.474 Y121.761 E.0054
G1 X142.412 Y121.744 E.00545
G1 X142.396 Y121.683 E.00535
G1 X142.441 Y121.637 E.00546
;WIDTH:0.675
G1 F509.2
G1 X143.319 Y121.875 E.08913
G1 X131.617 Y110.174 E1.62137
G1 X131.47 Y110.058 E.01835
;WIDTH:0.63542
G1 F545.872
G1 X131.324 Y109.943 E.01699
;WIDTH:0.595841
G1 F588.235
G1 X131.118 Y109.169 E.06793
;WIDTH:0.675
G1 F509.2
G1 X131.314 Y109.038 E.0231
G1 X144.466 Y122.19 E1.82236
G1 X145.506 Y122.397 E.1039
G1 X131.1 Y107.991 E1.99611
G1 X130.96 Y107.018 E.09631
G1 X146.479 Y122.537 E2.15033
G1 X147.394 Y122.618 E.09
G1 X130.88 Y106.104 E2.2882
G1 X130.848 Y105.239 E.08481
M73 P38 R33
G1 X148.264 Y122.655 E2.41318
G1 X149.085 Y122.643 E.08045
M73 P38 R32
G1 X130.857 Y104.415 E2.52569
G1 X130.899 Y103.623 E.07771
G1 X149.874 Y122.599 E2.62927
G1 X150.635 Y122.527 E.07489
G1 X130.975 Y102.867 E2.72411
G1 X131.081 Y102.139 E.07208
G1 X151.361 Y122.419 E2.81002
G1 X152.066 Y122.291 E.0702
G1 X131.209 Y101.434 E2.88997
G1 X131.361 Y100.752 E.06846
G1 X152.748 Y122.139 E2.96341
G1 X153.401 Y121.96 E.06634
G1 X131.54 Y100.099 E3.02909
G1 X131.736 Y99.462 E.0653
G1 X154.037 Y121.762 E3.08998
G1 X154.657 Y121.549 E.06423
M73 P39 R32
G1 X131.954 Y98.846 E3.14575
G1 X132.187 Y98.246 E.06306
G1 X155.254 Y121.313 E3.19619
G1 X155.834 Y121.06 E.062
G1 X132.44 Y97.666 E3.2415
G1 X132.712 Y97.104 E.06117
G1 X156.396 Y120.788 E3.28168
G1 X156.945 Y120.504 E.06056
G1 X132.996 Y96.555 E3.3184
G1 X133.297 Y96.023 E.05989
G1 X157.477 Y120.203 E3.35041
G1 X157.991 Y119.884 E.05927
G1 X133.614 Y95.507 E3.37771
G1 X133.947 Y95.007 E.05886
G1 X158.494 Y119.554 E3.40126
G1 X158.981 Y119.207 E.05859
M73 P40 R31
G1 X134.292 Y94.519 E3.42087
G1 X134.654 Y94.047 E.05828
G1 X159.451 Y118.845 E3.43597
G1 X159.912 Y118.473 E.05804
G1 X135.03 Y93.59 E3.44775
G1 X135.416 Y93.143 E.05787
G1 X160.355 Y118.082 E3.45558
G1 X160.786 Y117.68 E.05775
G1 X135.822 Y92.716 E3.45904
G1 X136.238 Y92.298 E.05778
G1 X161.2 Y117.261 E3.45883
G1 X161.606 Y116.834 E.05773
G1 X136.668 Y91.896 E3.45544
G1 X137.112 Y91.506 E.0579
G1 X161.991 Y116.385 E3.44726
G1 X162.366 Y115.927 E.058
M73 P41 R31
G1 X137.574 Y91.135 E3.43521
G1 X138.046 Y90.774 E.05822
G1 X162.728 Y115.456 E3.41997
G1 X163.074 Y114.969 E.05853
G1 X138.532 Y90.427 E3.40057
G1 X139.037 Y90.098 E.05905
G1 X163.402 Y114.463 E3.37604
G1 X163.72 Y113.948 E.0593
G1 X139.552 Y89.78 E3.34875
G1 X140.084 Y89.479 E.05989
G1 X164.021 Y113.416 E3.31674
G1 X164.303 Y112.865 E.06065
G1 X140.635 Y89.197 E3.27947
G1 X141.197 Y88.926 E.06113
M73 P42 R30
G1 X164.575 Y112.304 E3.23928
G1 X164.825 Y111.721 E.06215
G1 X141.778 Y88.674 E3.19342
G1 X142.38 Y88.442 E.06321
G1 X165.061 Y111.123 E3.14271
G1 X165.273 Y110.502 E.06429
G1 X142.996 Y88.225 E3.08673
G1 X143.633 Y88.029 E.0653
G1 X165.469 Y109.865 E3.02562
G1 X165.648 Y109.21 E.06653
G1 X144.29 Y87.852 E2.95939
G1 X144.972 Y87.701 E.06844
G1 X165.799 Y108.528 E2.88581
G1 X165.926 Y107.822 E.07028
G1 X145.678 Y87.574 E2.80559
G1 X146.408 Y87.472 E.07222
G1 X166.028 Y107.092 E2.71857
G1 X166.106 Y106.336 E.07446
M73 P43 R30
G1 X147.166 Y87.396 E2.62435
G1 X147.955 Y87.352 E.07742
G1 X166.144 Y105.541 E2.52029
G1 X166.151 Y104.715 E.08093
G1 X148.788 Y87.352 E2.40584
G1 X149.653 Y87.384 E.08481
G1 X166.116 Y103.847 E2.28113
G1 X166.035 Y102.932 E.09
G1 X150.571 Y87.468 E2.14271
G1 X151.548 Y87.612 E.09676
G1 X165.888 Y101.952 E1.98697
G1 X165.673 Y100.904 E.10482
G1 X152.594 Y87.824 E1.81231
G1 X153.309 Y87.836 E.07006
;WIDTH:0.595841
G1 F588.235
G1 X153.264 Y87.881 E.0054
G1 X153.28 Y87.943 E.00543
G1 X153.342 Y87.96 E.00545
G1 X153.387 Y87.914 E.00546
G1 X153.37 Y87.853 E.00537
;WIDTH:0.63542
G1 F545.872
G1 X153.556 Y87.996 E.02144
;WIDTH:0.675
G1 F509.2
G1 X153.742 Y88.139 E.02299
G1 X165.361 Y99.758 E1.60994
G1 X165.506 Y99.943 E.02303
;WIDTH:0.63542
G1 F545.872
G1 X165.651 Y100.127 E.02141
;WIDTH:0.595841
G1 F588.235
G1 X165.668 Y100.188 E.00537
G1 X165.623 Y100.234 E.00546
G1 X165.561 Y100.217 E.00545
G1 X165.545 Y100.155 E.00543
G1 X165.59 Y100.11 E.0054
G1 E-8 F1500
G1 Z2.12 F3000
G1 X165.217 Y98.839 F12000
G1 Z1.92 F3000
G1 E10 F1500
G1 F588.235
G1 X165.233 Y98.901 E.00543
G1 X165.188 Y98.946 E.0054
G1 X165.127 Y98.929 E.00537
G1 X165.11 Y98.868 E.00537
G1 X165.155 Y98.823 E.0054
;WIDTH:0.63542
G1 F545.872
G1 X165.031 Y98.647 E.01968
;WIDTH:0.675
G1 F509.2
G1 X164.906 Y98.47 E.02123
G1 X155.038 Y88.603 E1.36725
G1 X154.853 Y88.444 E.0239
M73 P43 R29
;WIDTH:0.63542
G1 F545.872
G1 X154.667 Y88.285 E.02236
;WIDTH:0.595841
G1 F588.235
G1 X154.683 Y88.346 E.00535
G1 X154.638 Y88.391 E.0054
G1 X154.577 Y88.375 E.00535
G1 X154.56 Y88.313 E.00545
G1 X154.605 Y88.268 E.0054
G1 E-8 F1500
G1 Z2.12 F3000
G1 X156.134 Y88.937 F12000
G1 Z1.92 F3000
G1 E10 F1500
G1 F588.235
G1 X156.089 Y88.982 E.0054
G1 X156.105 Y89.044 E.00543
G1 X156.167 Y89.06 E.00543
G1 X156.212 Y89.015 E.0054
G1 X156.196 Y88.953 E.00543
;WIDTH:0.63542
G1 F545.872
G1 X156.381 Y89.126 E.02315
;WIDTH:0.675
G1 F509.2
G1 X164.204 Y96.935 E1.08299
G1 X164.342 Y97.113 E.02207
;WIDTH:0.63542
G1 F545.872
G1 X164.481 Y97.29 E.02057
;WIDTH:0.595841
G1 F588.235
G1 X164.436 Y97.335 E.0054
G1 X164.452 Y97.397 E.00543
G1 X164.514 Y97.413 E.00543
G1 X164.559 Y97.368 E.0054
G1 X164.543 Y97.307 E.00535
G1 E-8 F1500
G1 Z2.12 F3000
G1 X158.681 Y90.579 F12000
G1 Z1.92 F3000
G1 E10 F1500
;WIDTH:0.675
G1 F509.2
G1 X162.921 Y94.819 E.5875
G1 X163.095 Y95.027 E.02657
;WIDTH:0.63542
G1 F545.872
G1 X163.268 Y95.236 E.0248
;WIDTH:0.595841
G1 F588.235
G1 X163.268 Y95.039 E.01671
G1 X163.217 Y94.94 E.00945
G1 X162.065 Y93.617 E.14878
;WIDTH:0.632607
G1 F548.681
G1 X161.423 Y92.935 E.08517
;WIDTH:0.643019
G1 F538.428
G1 X160.333 Y91.854 E.14224
;WIDTH:0.618451
G1 F563.264
G1 X159.73 Y91.296 E.07277
;WIDTH:0.595841
G1 F588.235
G1 X158.56 Y90.283 E.13126
G1 X158.452 Y90.229 E.01024
G1 X158.264 Y90.231 E.01595
;LAYER_CHANGE
;Z:2.32
;HEIGHT:0.4

G1 E-8 F1500
G1 Z2.32 F3000
;AFTER_LAYER_CHANGE
;2.32
G92 E0
_ON_LAYER_CHANGE LAYER=6
G1 Z2.52
G1 X148.508 Y85.341 F12000
G1 Z2.32 F3000
G1 E10 F1500
;TYPE:External perimeter
;WIDTH:0.675
G1 F509.2
M73 P44 R29
G1 X148.645 Y85.339 E.01342
G1 X149.529 Y85.365 E.08665
G1 X150.555 Y85.445 E.10083
G1 X151.576 Y85.58 E.10091
G1 X152.589 Y85.768 E.10095
G1 X153.255 Y85.921 E.06695
G1 X154.249 Y86.197 E.10107
G1 X155.225 Y86.523 E.10082
G1 X156.183 Y86.901 E.1009
G1 X157.119 Y87.328 E.1008
G1 X158.033 Y87.803 E.10092
G1 X158.751 Y88.222 E.08145
G1 X159.496 Y88.7 E.08673
G1 X160.056 Y89.092 E.06697
G1 X160.874 Y89.719 E.10098
G1 X161.657 Y90.388 E.1009
G1 X162.404 Y91.098 E.10097
G1 X162.879 Y91.589 E.06693
G1 X163.562 Y92.361 E.10099
G1 X164.203 Y93.167 E.1009
G1 X164.801 Y94.005 E.10087
G1 X165.354 Y94.873 E.10084
G1 X165.862 Y95.77 E.101
G1 X166.172 Y96.379 E.06695
G1 X166.599 Y97.317 E.10098
G1 X166.977 Y98.276 E.101
G1 X167.2 Y98.923 E.06705
G1 X167.492 Y99.911 E.10094
G1 X167.733 Y100.912 E.10088
G1 X167.92 Y101.924 E.10083
G1 X168.055 Y102.945 E.10091
G1 X168.135 Y103.971 E.10083
G1 X168.15 Y105.685 E.16794
G1 X168.088 Y106.714 E.101
G1 X167.971 Y107.736 E.10079
G1 X167.801 Y108.752 E.10093
G1 X167.578 Y109.757 E.10086
G1 X167.303 Y110.749 E.10086
G1 X166.977 Y111.725 E.10082
G1 X166.599 Y112.684 E.101
G1 X166.321 Y113.308 E.06693
G1 X165.861 Y114.231 E.10104
G1 X165.354 Y115.127 E.10087
G1 X164.8 Y115.996 E.10097
G1 X164.408 Y116.556 E.06697
G1 X163.781 Y117.374 E.10098
G1 X163.112 Y118.157 E.1009
G1 X162.403 Y118.903 E.10084
G1 X161.656 Y119.613 E.10097
G1 X161.14 Y120.061 E.06695
G1 X160.333 Y120.703 E.10104
G1 X159.495 Y121.301 E.10087
G1 X158.627 Y121.854 E.10084
G1 X157.731 Y122.361 E.10087
G1 X156.81 Y122.82 E.10082
G1 X155.864 Y123.231 E.10106
G1 X155.226 Y123.476 E.06696
G1 X154.249 Y123.803 E.10094
G1 X153.257 Y124.078 E.10086
G1 X152.252 Y124.301 E.10086
G1 X151.235 Y124.471 E.10103
G1 X150.557 Y124.555 E.06694
G1 X149.529 Y124.635 E.10103
G1 X148.499 Y124.662 E.10095
G1 X147.815 Y124.65 E.06703
G1 X146.786 Y124.588 E.101
G1 X145.764 Y124.471 E.10079
G1 X144.747 Y124.301 E.10103
G1 X144.078 Y124.159 E.06701
G1 X143.08 Y123.901 E.101
G1 X142.099 Y123.591 E.1008
G1 X141.134 Y123.231 E.10091
G1 X140.19 Y122.82 E.10088
G1 X139.269 Y122.361 E.10082
G1 X138.373 Y121.854 E.10087
G1 X137.504 Y121.3 E.10097
G1 X136.944 Y120.908 E.06697
G1 X136.126 Y120.281 E.10098
G1 X135.343 Y119.612 E.1009
G1 X134.597 Y118.903 E.10084
G1 X133.888 Y118.157 E.10084
G1 X133.219 Y117.374 E.1009
G1 X132.593 Y116.557 E.10084
G1 X132.009 Y115.708 E.10096
G1 X131.647 Y115.128 E.06699
G1 X131.139 Y114.231 E.101
G1 X130.68 Y113.31 E.10082
G1 X130.269 Y112.364 E.10106
G1 X130.024 Y111.726 E.06696
G1 X129.697 Y110.749 E.10094
G1 X129.422 Y109.757 E.10086
G1 X129.199 Y108.752 E.10086
G1 X129.029 Y107.736 E.10093
G1 X128.931 Y106.911 E.0814
G1 X128.865 Y106.03 E.08656
G1 X128.838 Y104.999 E.10105
G1 X128.85 Y104.315 E.06703
G1 X128.912 Y103.286 E.101
G1 X129.029 Y102.264 E.10079
G1 X129.199 Y101.248 E.10093
G1 X129.422 Y100.243 E.10086
G1 X129.697 Y99.251 E.10086
G1 X130.024 Y98.274 E.10094
G1 X130.325 Y97.5 E.08137
G1 X130.68 Y96.691 E.08656
G1 X131.139 Y95.769 E.10091
G1 X131.646 Y94.873 E.10087
G1 X132.199 Y94.005 E.10084
G1 X132.797 Y93.166 E.10095
G1 X133.312 Y92.514 E.08141
G1 X133.888 Y91.844 E.08657
G1 X134.597 Y91.097 E.10091
G1 X135.344 Y90.388 E.10091
G1 X135.973 Y89.845 E.08142
G1 X136.666 Y89.297 E.08656
G1 X137.505 Y88.699 E.10095
G1 X138.373 Y88.146 E.10084
G1 X139.269 Y87.639 E.10087
G1 X140.19 Y87.18 E.10082
G1 X141.134 Y86.769 E.10088
G1 X142.098 Y86.409 E.10082
G1 X143.08 Y86.099 E.10089
G1 X144.078 Y85.841 E.101
G1 X144.747 Y85.699 E.06701
G1 X145.764 Y85.529 E.10103
G1 X146.786 Y85.412 E.10079
G1 X147.814 Y85.35 E.1009
G1 X148.478 Y85.341 E.06506
G1 X149.078 Y85.352 F12000
G1 X148.503 Y85.892
;TYPE:Perimeter
G1 E-30 F1500
G1 Z7.32 F300.0
G1 F12000.0
T1
G1 Z2.32 F300.0
PRIME_FIBRE
G1 E45.0 F1500
G1 F12000.0
;WIDTH:0.6
G1 F300
G1 X148.641 Y85.891 E.0118
G1 X149.499 Y85.916 E.07339 U0.858
G1 X150.498 Y85.994 E.08568 U1.86
G1 X151.49 Y86.125 E.08556 U2.861
G1 X152.477 Y86.308 E.08583 U3.865
G1 X153.12 Y86.456 E.05642 U4.525
G1 X154.087 Y86.725 E.08582 U5.528
G1 X155.036 Y87.042 E.08555 U6.529
G1 X155.967 Y87.409 E.08557 U7.53
G1 X156.878 Y87.824 E.0856 U8.531
G1 X157.767 Y88.286 E.08567 U9.533
G1 X158.463 Y88.693 E.06894 U10.339
G1 X159.189 Y89.158 E.07372 U11.201
G1 X159.73 Y89.537 E.05648 U11.862
G1 X160.527 Y90.148 E.08587 U12.866
G1 X161.287 Y90.798 E.08551 U13.866
G1 X162.016 Y91.489 E.08589 U14.87
G1 X162.474 Y91.964 E.05642 U15.53
G1 X163.14 Y92.716 E.08589 U16.535
G1 X163.762 Y93.499 E.0855 U17.535
G1 X164.343 Y94.314 E.08558 U18.536
G1 X164.881 Y95.157 E.08551 U19.536
G1 X165.376 Y96.032 E.08596 U20.541
G1 X165.675 Y96.619 E.05633 U21.2
G1 X166.091 Y97.533 E.08587 U22.204
G1 X166.459 Y98.467 E.08584 U23.208
G1 X166.674 Y99.091 E.05643 U23.868
G1 X166.959 Y100.054 E.08587 U24.872
G1 X167.193 Y101.027 E.08557 U25.873
G1 X167.375 Y102.01 E.08548 U26.873
G1 X167.506 Y103.002 E.08556 U27.873
G1 X167.584 Y104 E.08559 U28.874
G1 X167.599 Y105.663 E.1422 U30.537
G1 X167.538 Y106.666 E.08592 U31.542
G1 X167.425 Y107.66 E.08554 U32.542
G1 X167.259 Y108.646 E.08549 U33.542
G1 X167.043 Y109.623 E.08556 U34.543
G1 X166.776 Y110.587 E.08553 U35.543
G1 X166.458 Y111.536 E.08558 U36.544
G1 X166.09 Y112.471 E.08592 U37.549
G1 X165.822 Y113.073 E.05634 U38.208
G1 X165.374 Y113.972 E.08588 U39.212
G1 X164.881 Y114.843 E.08558 U40.213
G1 X164.341 Y115.69 E.08589 U41.218
G1 X163.963 Y116.23 E.05636 U41.877
G1 X163.352 Y117.027 E.08587 U42.881
G1 X162.702 Y117.787 E.08551 U43.881
G1 X162.013 Y118.513 E.08558 U44.882
G1 X161.285 Y119.205 E.08588 U45.886
G1 X160.787 Y119.637 E.05637 U46.546
G1 X160.001 Y120.262 E.08586 U47.55
G1 X159.186 Y120.843 E.08558 U48.551
G1 X158.343 Y121.381 E.08551 U49.551
G1 X157.472 Y121.874 E.08558 U50.552
G1 X156.576 Y122.32 E.08558 U51.553
G1 X155.655 Y122.721 E.08589 U52.557
G1 X155.04 Y122.957 E.05632 U53.216
G1 X154.087 Y123.276 E.08593 U54.221
G1 X153.123 Y123.543 E.08553 U55.221
G1 X152.147 Y123.759 E.08547 U56.221
G1 X151.156 Y123.925 E.08592 U57.225
G1 X150.501 Y124.006 E.05643 U57.885
G1 X149.5 Y124.084 E.08585 U58.89
G1 X148.496 Y124.111 E.08588 U59.894
G1 X147.837 Y124.099 E.05636 U60.553
G1 X146.834 Y124.038 E.08592 U61.558
G1 X145.84 Y123.925 E.08554 U62.558
G1 X144.85 Y123.759 E.08583 U63.562
G1 X144.205 Y123.622 E.05638 U64.221
G1 X143.232 Y123.37 E.08594 U65.227
G1 X142.278 Y123.069 E.08554 U66.227
G1 X141.341 Y122.719 E.08553 U67.227
G1 X140.424 Y122.32 E.08551 U68.227
G1 X139.528 Y121.874 E.08558 U69.228
G1 X138.657 Y121.381 E.08558 U70.229
G1 X137.81 Y120.841 E.08589 U71.233
G1 X137.27 Y120.463 E.05636 U71.893
G1 X136.473 Y119.852 E.08587 U72.897
G1 X135.713 Y119.202 E.08551 U73.897
G1 X134.987 Y118.513 E.08558 U74.898
G1 X134.298 Y117.787 E.08558 U75.899
G1 X133.648 Y117.027 E.08551 U76.899
G1 X133.039 Y116.233 E.08556 U77.899
G1 X132.47 Y115.405 E.0859 U78.904
G1 X132.121 Y114.846 E.05635 U79.563
G1 X131.626 Y113.972 E.08588 U80.567
G1 X131.18 Y113.076 E.08558 U81.568
G1 X130.779 Y112.155 E.08589 U82.573
G1 X130.543 Y111.54 E.05632 U83.232
G1 X130.224 Y110.587 E.08593 U84.237
G1 X129.957 Y109.623 E.08553 U85.237
G1 X129.741 Y108.646 E.08556 U86.237
M73 P45 R29
G1 X129.575 Y107.658 E.08566 U87.239
G1 X129.481 Y106.857 E.06896 U88.046
G1 X129.416 Y106.001 E.0734 U88.904
G1 X129.389 Y104.996 E.08596 U89.91
G1 X129.401 Y104.337 E.05636 U90.569
G1 X129.462 Y103.334 E.08592 U91.574
G1 X129.575 Y102.34 E.08554 U92.574
G1 X129.741 Y101.353 E.08558 U93.575
G1 X129.957 Y100.377 E.08547 U94.574
G1 X130.224 Y99.413 E.08553 U95.575
G1 X130.543 Y98.462 E.08577 U96.578
G1 X130.835 Y97.711 E.0689 U97.384
G1 X131.179 Y96.925 E.07336 U98.242
G1 X131.626 Y96.028 E.08569 U99.244
G1 X132.119 Y95.157 E.08558 U100.245
G1 X132.657 Y94.313 E.08558 U101.245
G1 X133.239 Y93.497 E.0857 U102.248
G1 X133.738 Y92.865 E.06885 U103.053
G1 X134.297 Y92.213 E.07343 U103.912
G1 X134.987 Y91.487 E.08564 U104.913
G1 X135.714 Y90.797 E.0857 U105.916
G1 X136.325 Y90.271 E.06894 U106.722
G1 X136.998 Y89.738 E.07341 U107.58
G1 X137.814 Y89.157 E.08565 U108.582
G1 X138.657 Y88.619 E.08551 U109.582
G1 X139.528 Y88.126 E.08558 U110.583
G1 X140.424 Y87.68 E.08558 U111.584
G1 X141.341 Y87.281 E.08551 U112.584
G1 X142.278 Y86.931 E.08553 U113.584
G1 X143.232 Y86.63 E.08554 U114.585
G1 X144.205 Y86.378 E.08594 U115.59
G1 X144.85 Y86.241 E.05638 U116.249
G1 X145.84 Y86.075 E.08583 U117.253
G1 X146.834 Y85.962 E.08554 U118.253
G1 X147.835 Y85.901 E.08575 U119.256
G1 X148.473 Y85.893 E.05456 U119.894
G1 X148.499 Y86.407 F12000 U120.409
G1 F300
G1 X148.637 Y86.405 E.0118 U120.547
G1 X149.471 Y86.429 E.07134 U121.381
G1 X150.444 Y86.506 E.08346 U122.357
G1 X151.409 Y86.633 E.08322 U123.331
G1 X152.372 Y86.811 E.08374 U124.31
G1 X152.993 Y86.955 E.05451 U124.947
G1 X153.937 Y87.216 E.08375 U125.927
G1 X154.86 Y87.525 E.08323 U126.9
G1 X155.766 Y87.882 E.08326 U127.874
G1 X156.652 Y88.286 E.08326 U128.848
G1 X157.518 Y88.737 E.08349 U129.824
G1 X158.194 Y89.131 E.0669 U130.607
G1 X158.902 Y89.585 E.07191 U131.448
G1 X159.426 Y89.952 E.0547 U132.087
G1 X160.203 Y90.548 E.08373 U133.067
G1 X160.943 Y91.18 E.08321 U134.04
G1 X161.654 Y91.855 E.08383 U135.02
G1 X162.096 Y92.313 E.05442 U135.657
G1 X162.745 Y93.047 E.08378 U136.636
G1 X163.352 Y93.809 E.0833 U137.611
G1 X163.917 Y94.601 E.08319 U138.583
G1 X164.44 Y95.422 E.08323 U139.557
G1 X164.923 Y96.275 E.08382 U140.537
G1 X165.212 Y96.842 E.05442 U141.174
G1 X165.618 Y97.734 E.0838 U142.154
G1 X165.977 Y98.645 E.08373 U143.133
G1 X166.184 Y99.248 E.05451 U143.77
G1 X166.463 Y100.187 E.08376 U144.75
G1 X166.69 Y101.134 E.08327 U145.724
G1 X166.867 Y102.091 E.08322 U146.697
G1 X166.994 Y103.056 E.08322 U147.67
G1 X167.071 Y104.027 E.08329 U148.644
G1 X167.085 Y105.643 E.13818 U150.26
G1 X167.025 Y106.621 E.08378 U151.24
G1 X166.915 Y107.588 E.08322 U152.213
G1 X166.755 Y108.548 E.08322 U153.187
G1 X166.544 Y109.499 E.08329 U154.161
G1 X166.284 Y110.437 E.08323 U155.134
G1 X165.975 Y111.36 E.08323 U156.108
G1 X165.616 Y112.272 E.0838 U157.088
G1 X165.357 Y112.854 E.05447 U157.725
G1 X164.919 Y113.73 E.08374 U158.704
G1 X164.44 Y114.578 E.08328 U159.678
G1 X163.914 Y115.404 E.08373 U160.657
G1 X163.548 Y115.926 E.05451 U161.295
G1 X162.952 Y116.703 E.08373 U162.274
G1 X162.32 Y117.443 E.08321 U163.247
G1 X161.649 Y118.15 E.08334 U164.222
G1 X160.939 Y118.824 E.08371 U165.201
G1 X160.458 Y119.242 E.05449 U165.838
G1 X159.691 Y119.852 E.08379 U166.818
G1 X158.899 Y120.417 E.08319 U167.791
G1 X158.078 Y120.94 E.08323 U168.764
G1 X157.23 Y121.419 E.08328 U169.738
G1 X156.359 Y121.854 E.08325 U170.712
G1 X155.461 Y122.245 E.08375 U171.691
G1 X154.866 Y122.473 E.05448 U172.329
G1 X153.937 Y122.784 E.08377 U173.308
G1 X152.999 Y123.044 E.08323 U174.282
G1 X152.048 Y123.255 E.08329 U175.256
G1 X151.082 Y123.416 E.08374 U176.235
G1 X150.45 Y123.494 E.05445 U176.872
G1 X149.473 Y123.571 E.0838 U177.852
G1 X148.494 Y123.596 E.08374 U178.831
G1 X147.857 Y123.585 E.05447 U179.468
G1 X146.879 Y123.525 E.08378 U180.448
G1 X145.912 Y123.415 E.08322 U181.421
G1 X144.946 Y123.254 E.08374 U182.401
G1 X144.323 Y123.121 E.05447 U183.038
G1 X143.374 Y122.876 E.0838 U184.018
G1 X142.446 Y122.583 E.08321 U184.991
G1 X141.534 Y122.242 E.08325 U185.965
G1 X140.641 Y121.854 E.08325 U186.938
G1 X139.77 Y121.419 E.08325 U187.912
G1 X138.922 Y120.94 E.08328 U188.886
G1 X138.096 Y120.414 E.08373 U189.865
G1 X137.574 Y120.048 E.05451 U190.503
M73 P45 R28
G1 X136.797 Y119.452 E.08373 U191.482
G1 X136.057 Y118.82 E.08321 U192.455
G1 X135.351 Y118.15 E.08322 U193.428
G1 X134.68 Y117.443 E.08334 U194.403
G1 X134.048 Y116.703 E.08321 U195.376
G1 X133.455 Y115.931 E.08324 U196.35
G1 X132.9 Y115.123 E.08382 U197.33
G1 X132.563 Y114.583 E.05443 U197.967
G1 X132.081 Y113.73 E.08377 U198.946
G1 X131.646 Y112.859 E.08325 U199.92
G1 X131.255 Y111.961 E.08375 U200.899
G1 X131.027 Y111.366 E.05448 U201.536
G1 X130.716 Y110.437 E.08377 U202.516
G1 X130.456 Y109.499 E.08323 U203.49
G1 X130.245 Y108.548 E.08329 U204.464
G1 X130.084 Y107.585 E.08348 U205.44
G1 X129.992 Y106.808 E.0669 U206.222
G1 X129.929 Y105.975 E.07143 U207.058
G1 X129.904 Y104.994 E.08391 U208.039
G1 X129.915 Y104.357 E.05447 U208.676
G1 X129.975 Y103.379 E.08378 U209.656
G1 X130.085 Y102.412 E.08322 U210.629
G1 X130.245 Y101.452 E.08322 U211.603
G1 X130.456 Y100.501 E.08329 U212.577
G1 X130.716 Y99.563 E.08323 U213.55
G1 X131.026 Y98.637 E.0835 U214.527
G1 X131.31 Y97.907 E.06698 U215.31
G1 X131.645 Y97.143 E.07133 U216.144
G1 X132.081 Y96.27 E.08344 U217.12
G1 X132.56 Y95.422 E.08328 U218.094
G1 X133.083 Y94.601 E.08323 U219.067
G1 X133.65 Y93.806 E.08349 U220.044
G1 X134.135 Y93.192 E.0669 U220.826
G1 X134.679 Y92.558 E.07143 U221.662
G1 X135.351 Y91.851 E.0834 U222.637
G1 X136.059 Y91.178 E.08352 U223.614
G1 X136.652 Y90.667 E.06693 U224.397
G1 X137.307 Y90.15 E.07135 U225.231
G1 X138.101 Y89.583 E.08342 U226.207
G1 X138.922 Y89.06 E.08323 U227.18
G1 X139.77 Y88.581 E.08328 U228.154
G1 X140.641 Y88.146 E.08325 U229.128
G1 X141.534 Y87.758 E.08325 U230.101
G1 X142.446 Y87.417 E.08325 U231.075
G1 X143.374 Y87.124 E.08321 U232.048
G1 X144.323 Y86.879 E.0838 U233.028
G1 X144.946 Y86.746 E.05447 U233.665
G1 X145.912 Y86.585 E.08374 U234.645
G1 X146.879 Y86.475 E.08322 U235.618
G1 X147.854 Y86.415 E.08353 U236.595
G1 X148.469 Y86.407 E.05259 U237.21
G1 X148.494 Y86.921 F12000 U237.724
G1 F300
G1 X148.632 Y86.919 E.0118 U237.862
G1 X149.444 Y86.943 E.06946 U238.675
G1 X150.39 Y87.017 E.08113 U239.624
G1 X151.329 Y87.141 E.08099 U240.571
G1 X152.268 Y87.315 E.08166 U241.526
G1 X152.866 Y87.453 E.05248 U242.139
G1 X153.787 Y87.708 E.08171 U243.095
G1 X154.684 Y88.009 E.0809 U244.041
G1 X155.565 Y88.356 E.08096 U244.988
G1 X156.427 Y88.748 E.08097 U245.935
G1 X157.27 Y89.187 E.08127 U246.886
M73 P46 R28
G1 X157.926 Y89.57 E.06495 U247.645
G1 X158.616 Y90.012 E.07007 U248.465
G1 X159.122 Y90.366 E.0528 U249.082
G1 X159.879 Y90.948 E.08165 U250.037
G1 X160.599 Y91.563 E.08096 U250.984
G1 X161.292 Y92.22 E.08165 U251.939
G1 X161.719 Y92.662 E.05255 U252.553
G1 X162.351 Y93.377 E.0816 U253.508
G1 X162.941 Y94.118 E.08099 U254.455
G1 X163.491 Y94.889 E.08098 U255.402
G1 X163.999 Y95.687 E.08089 U256.348
G1 X164.469 Y96.518 E.08163 U257.303
G1 X164.748 Y97.066 E.05258 U257.918
G1 X165.144 Y97.935 E.08166 U258.873
G1 X165.494 Y98.823 E.08161 U259.827
G1 X165.695 Y99.404 E.05257 U260.442
G1 X165.966 Y100.32 E.08168 U261.397
G1 X166.187 Y101.241 E.08099 U262.344
G1 X166.359 Y102.171 E.08087 U263.29
G1 X166.483 Y103.11 E.08099 U264.237
G1 X166.557 Y104.054 E.08096 U265.184
G1 X166.571 Y105.623 E.13416 U266.753
G1 X166.513 Y106.576 E.08164 U267.708
G1 X166.406 Y107.517 E.08098 U268.655
G1 X166.25 Y108.45 E.08088 U269.601
G1 X166.045 Y109.374 E.08093 U270.547
G1 X165.792 Y110.287 E.08101 U271.495
G1 X165.491 Y111.184 E.0809 U272.441
G1 X165.141 Y112.073 E.08169 U273.396
G1 X164.891 Y112.634 E.05252 U274.011
G1 X164.465 Y113.489 E.08168 U274.966
G1 X163.999 Y114.313 E.08094 U275.912
G1 X163.486 Y115.118 E.08162 U276.867
G1 X163.134 Y115.622 E.05256 U277.482
G1 X162.552 Y116.379 E.08165 U278.437
G1 X161.937 Y117.099 E.08096 U279.384
G1 X161.286 Y117.786 E.08093 U280.33
G1 X160.593 Y118.443 E.08165 U281.285
G1 X160.129 Y118.846 E.05255 U281.899
G1 X159.382 Y119.441 E.08166 U282.854
G1 X158.611 Y119.991 E.08098 U283.802
G1 X157.813 Y120.499 E.08089 U284.748
G1 X156.989 Y120.965 E.08094 U285.694
G1 X156.142 Y121.388 E.08095 U286.641
G1 X155.266 Y121.769 E.08168 U287.596
G1 X154.692 Y121.989 E.05256 U288.211
G1 X153.787 Y122.292 E.0816 U289.165
G1 X152.874 Y122.545 E.08101 U290.113
G1 X151.95 Y122.75 E.08093 U291.059
G1 X151.008 Y122.907 E.08166 U292.014
G1 X150.398 Y122.982 E.05255 U292.629
G1 X149.446 Y123.057 E.08165 U293.584
G1 X148.492 Y123.082 E.0816 U294.538
G1 X147.877 Y123.071 E.05259 U295.153
G1 X146.924 Y123.013 E.08164 U296.108
G1 X145.983 Y122.906 E.08098 U297.055
G1 X145.042 Y122.748 E.08159 U298.009
G1 X144.441 Y122.621 E.05252 U298.623
G1 X143.516 Y122.381 E.08171 U299.579
G1 X142.613 Y122.097 E.08094 U300.526
CUT
G1 X141.726 Y121.765 E.08098
G1 X140.858 Y121.388 E.08092
G1 X140.011 Y120.965 E.08095
G1 X139.187 Y120.499 E.08094
G1 X138.382 Y119.986 E.08162
G1 X137.878 Y119.634 E.05256
G1 X137.121 Y119.052 E.08165
G1 X136.401 Y118.437 E.08096
G1 X135.714 Y117.786 E.08093
G1 X135.063 Y117.099 E.08093
G1 X134.448 Y116.379 E.08096
G1 X133.871 Y115.628 E.08098
G1 X133.331 Y114.841 E.08161
G1 X133.005 Y114.32 E.05255
G1 X132.535 Y113.489 E.08163
G1 X132.112 Y112.642 E.08095
G1 X131.731 Y111.766 E.08168
G1 X131.511 Y111.192 E.05256
G1 X131.208 Y110.287 E.0816
G1 X130.955 Y109.374 E.08101
G1 X130.75 Y108.45 E.08093
G1 X130.593 Y107.513 E.08124
G1 X130.504 Y106.758 E.065
G1 X130.443 Y105.949 E.06937
G1 X130.418 Y104.992 E.08186
G1 X130.429 Y104.377 E.05259
G1 X130.487 Y103.424 E.08164
G1 X130.594 Y102.483 E.08098
G1 X130.75 Y101.55 E.08088
G1 X130.955 Y100.626 E.08093
G1 X131.208 Y99.713
G1 X131.51 Y98.812
G1 X131.785 Y98.104
G1 X132.111 Y97.361
G1 X132.535 Y96.511
G1 X133.001 Y95.687
G1 X133.509 Y94.889
G1 X134.062 Y94.115
G1 X134.532 Y93.518
G1 X135.061 Y92.903
G1 X135.714 Y92.214
G1 X136.404 Y91.56
G1 X136.979 Y91.064
G1 X137.616 Y90.561
G1 X138.389 Y90.009
G1 X139.187 Y89.501
G1 X140.011 Y89.035
G1 X140.858 Y88.612
G1 X141.726 Y88.235
G1 X142.613 Y87.903
G1 X143.516 Y87.619
G1 X144.441 Y87.379
G1 X145.042 Y87.252
G1 X145.983 Y87.094
G1 X146.924 Y86.987
G1 X147.873 Y86.929
G1 X148.464 Y86.921
G1 E-8 F1500
G1 Z2.52 F3000
G1 X144.623 Y87.773 F12000
G1 Z2.32 F3000
G1 E10 F1500
;TYPE:Internal infill
G1 E-30 F1500
G1 Z7.32 F300.0
G1 F12000.0
T0
G1 Z2.32 F300.0
G1 E32.0 F1500
G1 F12000.0
;WIDTH:0.675
G1 F509.2
G1 X146.364 Y87.477 E.17303
G1 X147.236 Y88.176 E.1095
G1 X147.868 Y88.449 E.06745
G1 X148.5 Y88.571 E.06306
G1 X149.132 Y88.566 E.06192
G1 X149.764 Y88.418 E.0636
G1 X150.396 Y88.074 E.0705
G1 X151.011 Y87.526 E.08071
G1 X152.746 Y87.86 E.17311
G1 E-8 F1500
G1 Z2.52 F3000
G1 X159.557 Y91.234 F12000
G1 Z2.32 F3000
G1 E10 F1500
G1 F509.2
G1 X160.876 Y92.409 E.17307
G1 X160.511 Y92.769 E.05023
G1 X159.878 Y93.234 E.07696
G1 X159.246 Y93.506 E.06741
G1 X158.614 Y93.628 E.06306
G1 X157.982 Y93.623 E.06192
G1 X157.35 Y93.475 E.0636
G1 X156.718 Y93.131 E.0705
G1 X155.454 Y91.946 E.16976
G1 X154.821 Y91.481 E.07696
G1 X154.189 Y91.209 E.06741
G1 X153.557 Y91.086 E.06308
G1 X152.925 Y91.091 E.06192
G1 X152.293 Y91.239 E.0636
G1 X151.661 Y91.583 E.0705
G1 X150.396 Y92.769 E.16989
G1 X149.764 Y93.234 E.07688
G1 X149.132 Y93.506 E.06741
G1 X148.5 Y93.628 E.06306
G1 X147.868 Y93.623 E.06192
G1 X147.236 Y93.475 E.0636
G1 X146.604 Y93.131 E.0705
G1 X145.339 Y91.946 E.16983
G1 X144.707 Y91.481 E.07688
G1 X144.075 Y91.209 E.06741
G1 X143.443 Y91.086 E.06308
G1 X142.811 Y91.091 E.06192
G1 X142.179 Y91.239 E.0636
G1 X141.546 Y91.583 E.07059
G1 X140.282 Y92.769 E.16982
G1 X139.65 Y93.234 E.07688
G1 X139.018 Y93.506 E.06741
G1 X138.386 Y93.628 E.06306
G1 X137.754 Y93.623 E.06192
G1 X137.122 Y93.475 E.0636
G1 X136.489 Y93.131 E.07059
G1 X135.914 Y92.618 E.0755
G1 X134.4 Y94.369 E.2268
G1 X133.217 Y96.165 E.21071
G1 X133.961 Y96.148 E.07291
G1 X134.593 Y96.296 E.0636
G1 X135.225 Y96.64 E.0705
G1 X136.489 Y97.826 E.16982
G1 X137.122 Y98.291 E.07696
G1 X137.754 Y98.563 E.06741
G1 X138.386 Y98.685 E.06306
G1 X139.018 Y98.68 E.06192
G1 X139.65 Y98.532 E.0636
G1 X140.282 Y98.188 E.0705
G1 X141.546 Y97.003 E.16976
G1 X142.179 Y96.538 E.07696
G1 X142.811 Y96.266 E.06741
G1 X143.443 Y96.143 E.06308
G1 X144.075 Y96.148 E.06192
G1 X144.707 Y96.296 E.0636
G1 X145.339 Y96.64 E.0705
G1 X146.604 Y97.826 E.16989
G1 X147.236 Y98.291 E.07688
G1 X147.868 Y98.563 E.06741
G1 X148.5 Y98.685 E.06306
G1 X149.132 Y98.68 E.06192
G1 X149.764 Y98.532 E.0636
G1 X150.396 Y98.188 E.0705
G1 X151.661 Y97.003 E.16983
G1 X152.293 Y96.538 E.07688
G1 X152.925 Y96.266 E.06741
G1 X153.557 Y96.143 E.06308
G1 X154.189 Y96.148 E.06192
G1 X154.821 Y96.296 E.0636
G1 X155.454 Y96.64 E.07059
G1 X156.718 Y97.826 E.16982
G1 X157.35 Y98.291 E.07688
G1 X157.982 Y98.563 E.06741
G1 X158.614 Y98.685 E.06306
G1 X159.246 Y98.68 E.06192
G1 X159.878 Y98.532 E.0636
G1 X160.511 Y98.188 E.07059
G1 X161.775 Y97.003 E.16976
G1 X162.407 Y96.538 E.07688
M73 P47 R28
G1 X163.039 Y96.266 E.06741
G1 X163.671 Y96.143 E.06308
G1 X163.772 Y96.144 E.0099
G1 X164.579 Y97.715 E.17304
G1 E-8 F1500
G1 Z2.52 F3000
G1 X164.101 Y113.272 F12000
G1 Z2.32 F3000
G1 E10 F1500
G1 F509.2
G1 X164.845 Y111.67 E.17306
G1 X164.303 Y111.437 E.0578
G1 X163.671 Y111.315 E.06306
G1 X163.039 Y111.32 E.06192
G1 X162.407 Y111.468 E.0636
G1 X161.775 Y111.812 E.0705
G1 X160.511 Y112.997 E.16976
G1 X159.878 Y113.462 E.07696
G1 X159.246 Y113.734 E.06741
G1 X158.614 Y113.857 E.06308
G1 X157.982 Y113.852 E.06192
G1 X157.35 Y113.704 E.0636
G1 X156.718 Y113.36 E.0705
G1 X155.454 Y112.174 E.16982
G1 X154.821 Y111.709 E.07696
G1 X154.189 Y111.437 E.06741
G1 X153.557 Y111.315 E.06306
G1 X152.925 Y111.32 E.06192
G1 X152.293 Y111.468 E.0636
G1 X151.661 Y111.812 E.0705
G1 X150.396 Y112.997 E.16983
G1 X149.764 Y113.462 E.07688
G1 X149.132 Y113.734 E.06741
G1 X148.5 Y113.857 E.06308
G1 X147.868 Y113.852 E.06192
G1 X147.236 Y113.704 E.0636
G1 X146.604 Y113.36 E.0705
G1 X145.339 Y112.174 E.16989
G1 X144.707 Y111.709 E.07688
G1 X144.075 Y111.437 E.06741
G1 X143.443 Y111.315 E.06306
G1 X142.811 Y111.32 E.06192
G1 X142.179 Y111.468 E.0636
G1 X141.546 Y111.812 E.07059
G1 X140.282 Y112.997 E.16976
G1 X139.65 Y113.462 E.07688
G1 X139.018 Y113.734 E.06741
G1 X138.386 Y113.857 E.06308
G1 X137.754 Y113.852 E.06192
G1 X137.122 Y113.704 E.0636
G1 X136.489 Y113.36 E.07059
G1 X135.225 Y112.174 E.16982
G1 X134.593 Y111.709 E.07688
G1 X133.961 Y111.437 E.06741
G1 X133.329 Y111.315 E.06306
G1 X132.697 Y111.32 E.06192
G1 X132.07 Y111.466 E.06308
G1 X131.366 Y109.272 E.22576
G1 X131.024 Y107.519 E.17499
G1 X131.432 Y107.117 E.05612
G1 X132.064 Y106.652 E.07688
G1 X132.697 Y106.38 E.0675
G1 X133.329 Y106.258 E.06306
G1 X133.961 Y106.262 E.06192
G1 X134.593 Y106.411 E.06362
G1 X135.225 Y106.755 E.0705
G1 X136.489 Y107.94 E.16976
G1 X137.122 Y108.405 E.07696
G1 X137.754 Y108.677 E.06741
G1 X138.386 Y108.8 E.06308
G1 X139.018 Y108.795 E.06192
G1 X139.65 Y108.647 E.0636
G1 X140.282 Y108.303 E.0705
G1 X141.546 Y107.117 E.16982
G1 X142.179 Y106.652 E.07696
G1 X142.811 Y106.38 E.06741
G1 X143.443 Y106.258 E.06306
G1 X144.075 Y106.262 E.06192
G1 X144.707 Y106.411 E.06362
G1 X145.339 Y106.755 E.0705
G1 X146.604 Y107.94 E.16983
G1 X147.236 Y108.405 E.07688
G1 X147.868 Y108.677 E.06741
G1 X148.5 Y108.8 E.06308
G1 X149.132 Y108.795 E.06192
G1 X149.764 Y108.647 E.0636
G1 X150.396 Y108.303 E.0705
G1 X151.661 Y107.117 E.16989
G1 X152.293 Y106.652 E.07688
G1 X152.925 Y106.38 E.06741
G1 X153.557 Y106.258 E.06306
G1 X154.189 Y106.262 E.06192
G1 X154.821 Y106.411 E.06362
G1 X155.454 Y106.755 E.07059
G1 X156.718 Y107.94 E.16976
G1 X157.35 Y108.405 E.07688
G1 X157.982 Y108.677 E.06741
G1 X158.614 Y108.8 E.06308
G1 X159.246 Y108.795 E.06192
G1 X159.878 Y108.647 E.0636
G1 X160.511 Y108.303 E.07059
G1 X161.775 Y107.117 E.16982
G1 X162.407 Y106.652 E.07688
G1 X163.039 Y106.38 E.06741
G1 X163.671 Y106.258 E.06306
G1 X164.303 Y106.262 E.06192
G1 X164.936 Y106.411 E.06371
G1 X165.568 Y106.755 E.0705
G1 X166.021 Y107.159 E.05947
G1 X166.159 Y105.01 E.21099
G1 X166.134 Y104.076 E.09154
G1 X165.97 Y102.455 E.15963
G1 X165.568 Y102.06 E.05522
G1 X164.936 Y101.595 E.07688
G1 X164.303 Y101.323 E.0675
G1 X163.671 Y101.2 E.06308
G1 X163.039 Y101.205 E.06192
G1 X162.407 Y101.353 E.0636
G1 X161.775 Y101.697 E.0705
G1 X160.511 Y102.883 E.16982
G1 X159.878 Y103.348 E.07696
G1 X159.246 Y103.62 E.06741
G1 X158.614 Y103.743 E.06308
G1 X157.982 Y103.738 E.06192
G1 X157.35 Y103.589 E.06362
G1 X156.718 Y103.245 E.0705
G1 X155.454 Y102.06 E.16976
G1 X154.821 Y101.595 E.07696
G1 X154.189 Y101.323 E.06741
G1 X153.557 Y101.2 E.06308
G1 X152.925 Y101.205 E.06192
G1 X152.293 Y101.353 E.0636
G1 X151.661 Y101.697 E.0705
G1 X150.396 Y102.883 E.16989
G1 X149.764 Y103.348 E.07688
G1 X149.132 Y103.62 E.06741
G1 X148.5 Y103.743 E.06308
G1 X147.868 Y103.738 E.06192
G1 X147.236 Y103.589 E.06362
G1 X146.604 Y103.245 E.0705
G1 X145.339 Y102.06 E.16983
G1 X144.707 Y101.595 E.07688
G1 X144.075 Y101.323 E.06741
G1 X143.443 Y101.2 E.06308
G1 X142.811 Y101.205 E.06192
G1 X142.179 Y101.353 E.0636
G1 X141.546 Y101.697 E.07059
G1 X140.282 Y102.883 E.16982
G1 X139.65 Y103.348 E.07688
G1 X139.018 Y103.62 E.06741
G1 X138.386 Y103.743 E.06308
G1 X137.754 Y103.738 E.06192
G1 X137.122 Y103.589 E.06362
G1 X136.489 Y103.245 E.07059
G1 X135.225 Y102.06 E.16976
G1 X134.593 Y101.595 E.07688
G1 X133.961 Y101.323 E.06741
G1 X133.329 Y101.2 E.06308
G1 X132.697 Y101.205 E.06192
G1 X132.064 Y101.353 E.06369
G1 X131.432 Y101.697 E.0705
G1 X131.106 Y101.988 E.04281
M73 P47 R27
G1 X131.494 Y100.265 E.17304
G1 E-8 F1500
G1 Z2.52 F3000
G1 X135.877 Y117.343 F12000
G1 Z2.32 F3000
G1 E10 F1500
G1 F509.2
G1 X137.175 Y118.542 E.17313
G1 X137.754 Y118.791 E.06175
G1 X138.386 Y118.914 E.06308
G1 X139.018 Y118.909 E.06192
G1 X139.65 Y118.761 E.0636
G1 X140.282 Y118.417 E.0705
G1 X141.546 Y117.231 E.16982
G1 X142.179 Y116.766 E.07696
G1 X142.811 Y116.494 E.06741
G1 X143.443 Y116.372 E.06306
G1 X144.075 Y116.377 E.06192
G1 X144.707 Y116.525 E.0636
G1 X145.339 Y116.869 E.0705
G1 X146.604 Y118.054 E.16983
G1 X147.236 Y118.519 E.07688
G1 X147.868 Y118.791 E.06741
G1 X148.5 Y118.914 E.06308
G1 X149.132 Y118.909 E.06192
G1 X149.764 Y118.761 E.0636
G1 X150.396 Y118.417 E.0705
G1 X151.661 Y117.231 E.16989
G1 X152.293 Y116.766 E.07688
G1 X152.925 Y116.494 E.06741
G1 X153.557 Y116.372 E.06306
G1 X154.189 Y116.377 E.06192
G1 X154.821 Y116.525 E.0636
G1 X155.454 Y116.869 E.07059
G1 X156.718 Y118.054 E.16976
G1 X157.35 Y118.519 E.07688
G1 X157.982 Y118.791 E.06741
G1 X158.614 Y118.914 E.06308
G1 X159.423 Y118.867 E.0794
G1 X157.982 Y119.889 E.17309
G1 E-8 F1500
G1 Z2.52 F3000
G1 X156.032 Y120.97 F12000
G1 Z2.32 F3000
G1 E10 F1500
G1 F509.2
G1 X154.398 Y121.641 E.17307
G1 X153.557 Y121.429 E.08498
G1 X152.925 Y121.434 E.06192
G1 X152.293 Y121.582 E.0636
G1 X151.661 Y121.926 E.0705
G1 X151.049 Y122.471 E.08029
G1 X149.29 Y122.638 E.17312
G1 E-8 F1500
G1 Z2.52 F3000
G1 X147.191 Y122.605 F12000
G1 Z2.32 F3000
G1 E10 F1500
G1 F509.2
G1 X145.438 Y122.386 E.17309
G1 X144.707 Y121.824 E.09034
G1 X144.075 Y121.551 E.06745
G1 X143.443 Y121.429 E.06306
G1 X142.811 Y121.434 E.06192
G1 X142.342 Y121.544 E.0472
G1 X140.719 Y120.846 E.1731
;LAYER_CHANGE
;Z:2.72
;HEIGHT:0.4

G1 E-8 F1500
G1 Z2.72 F3000
;AFTER_LAYER_CHANGE
;2.72
G92 E0
_ON_LAYER_CHANGE LAYER=7
G1 Z2.92
G1 X148.508 Y85.341 F12000
G1 Z2.72 F3000
G1 E10 F1500
;TYPE:External perimeter
;WIDTH:0.675
G1 F509.2
G1 X148.673 Y85.339 E.01617
G1 X149.528 Y85.365 E.08381
G1 X150.555 Y85.445 E.10093
G1 X151.576 Y85.58 E.10091
G1 X152.589 Y85.768 E.10095
G1 X153.255 Y85.921 E.06695
G1 X154.249 Y86.197 E.10107
G1 X155.225 Y86.523 E.10082
G1 X156.183 Y86.901 E.1009
G1 X157.12 Y87.328 E.10089
G1 X157.883 Y87.722 E.08414
G1 X158.626 Y88.146 E.08382
G1 X159.495 Y88.699 E.10092
G1 X160.333 Y89.297 E.10087
G1 X161.139 Y89.938 E.1009
G1 X161.91 Y90.62 E.10085
G1 X162.644 Y91.342 E.10088
G1 X163.227 Y91.973 E.08417
G1 X163.78 Y92.626 E.08384
G1 X164.407 Y93.443 E.1009
G1 X164.99 Y94.291 E.10083
G1 X165.528 Y95.169 E.10089
G1 X165.941 Y95.923 E.08423
G1 X166.32 Y96.69 E.08382
G1 X166.731 Y97.636 E.10106
G1 X166.976 Y98.274 E.06696
G1 X167.303 Y99.251 E.10094
G1 X167.578 Y100.243 E.10086
G1 X167.801 Y101.248 E.10086
G1 X167.971 Y102.264 E.10093
G1 X168.088 Y103.286 E.10079
G1 X168.15 Y104.314 E.1009
G1 X168.159 Y105.343 E.10082
G1 X168.114 Y106.372 E.10092
G1 X168.016 Y107.398 E.10098
G1 X167.921 Y108.074 E.06688
G1 X167.732 Y109.09 E.10125
G1 X167.579 Y109.755 E.06686
G1 X167.303 Y110.749 E.10107
G1 X166.977 Y111.725 E.10082
G1 X166.599 Y112.684 E.101
G1 X166.321 Y113.308 E.06693
G1 X165.861 Y114.231 E.10104
G1 X165.354 Y115.127 E.10087
G1 X164.801 Y115.995 E.10084
G1 X164.203 Y116.833 E.10087
G1 X163.562 Y117.639 E.1009
G1 X162.88 Y118.41 E.10085
G1 X162.158 Y119.145 E.10095
G1 X161.658 Y119.611 E.06697
G1 X160.874 Y120.281 E.10104
M73 P48 R27
G1 X160.057 Y120.907 E.10084
G1 X159.209 Y121.49 E.10083
G1 X158.33 Y122.029 E.10102
G1 X157.732 Y122.36 E.06697
G1 X156.81 Y122.82 E.10095
G1 X155.864 Y123.231 E.10106
G1 X155.226 Y123.476 E.06696
G1 X154.249 Y123.803 E.10094
G1 X153.257 Y124.078 E.10086
G1 X152.252 Y124.301 E.10086
G1 X151.236 Y124.471 E.10093
G1 X150.214 Y124.588 E.10079
G1 X149.186 Y124.65 E.1009
G1 X148.157 Y124.659 E.10082
G1 X147.127 Y124.614 E.10101
G1 X146.446 Y124.555 E.06697
G1 X145.424 Y124.42 E.101
G1 X144.412 Y124.233 E.10083
G1 X143.41 Y123.992 E.10097
G1 X142.753 Y123.804 E.06695
G1 X141.775 Y123.477 E.10104
G1 X140.817 Y123.099 E.1009
G1 X139.881 Y122.672 E.1008
G1 X138.966 Y122.196 E.10105
G1 X138.374 Y121.855 E.06694
G1 X137.505 Y121.301 E.10097
G1 X136.667 Y120.703 E.10087
G1 X135.861 Y120.062 E.1009
G1 X135.09 Y119.38 E.10085
G1 X134.356 Y118.658 E.10088
G1 X133.773 Y118.027 E.08417
G1 X133.22 Y117.374 E.08384
G1 X132.593 Y116.557 E.1009
G1 X132.009 Y115.708 E.10096
G1 X131.647 Y115.128 E.06699
G1 X131.139 Y114.231 E.101
G1 X130.68 Y113.31 E.10082
G1 X130.269 Y112.366 E.10088
G1 X129.909 Y111.402 E.10082
G1 X129.599 Y110.42 E.10089
G1 X129.342 Y109.423 E.10088
G1 X129.136 Y108.413 E.10099
G1 X129.029 Y107.738 E.06696
G1 X128.912 Y106.714 E.10098
G1 X128.85 Y105.686 E.1009
G1 X128.841 Y104.657 E.10082
G1 X128.886 Y103.628 E.10092
G1 X128.965 Y102.773 E.08413
G1 X129.08 Y101.925 E.08385
G1 X129.267 Y100.912 E.10093
G1 X129.508 Y99.911 E.10088
G1 X129.8 Y98.924 E.10085
G1 X130.144 Y97.953 E.10093
G1 X130.47 Y97.159 E.0841
G1 X130.827 Y96.381 E.08387
G1 X131.303 Y95.468 E.10088
G1 X131.825 Y94.581 E.10084
G1 X132.394 Y93.721 E.10103
G1 X132.796 Y93.168 E.06698
G1 X133.438 Y92.361 E.10104
G1 X134.12 Y91.59 E.10085
G1 X134.842 Y90.856 E.10088
G1 X135.473 Y90.273 E.08417
G1 X136.126 Y89.72 E.08384
G1 X136.943 Y89.093 E.1009
G1 X137.792 Y88.509 E.10096
G1 X138.522 Y88.058 E.08407
G1 X139.268 Y87.639 E.08383
G1 X140.19 Y87.18 E.10091
G1 X141.134 Y86.769 E.10088
G1 X142.099 Y86.409 E.10091
G1 X143.08 Y86.099 E.1008
G1 X144.078 Y85.841 E.101
G1 X144.747 Y85.699 E.06701
G1 X145.764 Y85.529 E.10103
G1 X146.786 Y85.412 E.10079
G1 X147.814 Y85.35 E.1009
G1 X148.478 Y85.341 E.06506
G1 X149.078 Y85.352 F12000
G1 X148.503 Y85.893
;TYPE:Perimeter
G1 E-30 F1500
G1 Z7.720000000000001 F300.0
G1 F12000.0
T1
G1 Z2.72 F300.0
PRIME_FIBRE
G1 E45.0 F1500
G1 F12000.0
;WIDTH:0.6
G1 F300
G1 X148.668 Y85.891 E.01411
G1 X149.499 Y85.916 E.07109 U0.831
G1 X150.498 Y85.994 E.08568 U1.833
G1 X151.49 Y86.125 E.08556 U2.834
G1 X152.477 Y86.308 E.08583 U3.838
G1 X153.12 Y86.456 E.05642 U4.498
G1 X154.087 Y86.724 E.0858 U5.501
G1 X155.036 Y87.042 E.08558 U6.502
G1 X155.967 Y87.409 E.08557 U7.503
G1 X156.879 Y87.824 E.08567 U8.505
G1 X157.62 Y88.207 E.07132 U9.339
G1 X158.341 Y88.618 E.07096 U10.169
G1 X159.186 Y89.157 E.0857 U11.171
G1 X160.001 Y89.738 E.08558 U12.172
G1 X160.784 Y90.361 E.08556 U13.173
G1 X161.533 Y91.023 E.08547 U14.172
G1 X162.248 Y91.726 E.08574 U15.175
G1 X162.813 Y92.338 E.07122 U16.008
G1 X163.351 Y92.972 E.0711 U16.839
G1 X163.961 Y93.767 E.08568 U17.841
G1 X164.527 Y94.592 E.08555 U18.842
G1 X165.051 Y95.446 E.08567 U19.844
G1 X165.451 Y96.177 E.07125 U20.677
G1 X165.819 Y96.922 E.07105 U21.508
G1 X166.221 Y97.845 E.08608 U22.515
G1 X166.457 Y98.46 E.05632 U23.173
G1 X166.776 Y99.413 E.08593 U24.178
G1 X167.043 Y100.377 E.08553 U25.179
G1 X167.259 Y101.353 E.08547 U26.178
G1 X167.425 Y102.34 E.08558 U27.179
G1 X167.538 Y103.334 E.08554 U28.18
G1 X167.599 Y104.333 E.08558 U29.18
G1 X167.608 Y105.334 E.08559 U30.181
G1 X167.564 Y106.333 E.0855 U31.181
G1 X167.468 Y107.333 E.0859 U32.186
G1 X167.376 Y107.986 E.05639 U32.846
G1 X167.192 Y108.977 E.08618 U33.853
G1 X167.044 Y109.62 E.05642 U34.513
G1 X166.776 Y110.587 E.0858 U35.517
G1 X166.458 Y111.536 E.08558 U36.518
G1 X166.09 Y112.471 E.08592 U37.522
G1 X165.822 Y113.073 E.05634 U38.181
G1 X165.374 Y113.972 E.08588 U39.186
G1 X164.881 Y114.843 E.08558 U40.187
G1 X164.343 Y115.686 E.08551 U41.187
G1 X163.762 Y116.501 E.08558 U42.188
G1 X163.14 Y117.284 E.0855 U43.188
G1 X162.477 Y118.033 E.08553 U44.188
G1 X161.773 Y118.75 E.08592 U45.193
G1 X161.29 Y119.199 E.05639 U45.852
G1 X160.527 Y119.852 E.08587 U46.856
G1 X159.733 Y120.461 E.08556 U47.857
G1 X158.908 Y121.027 E.08555 U48.858
G1 X158.052 Y121.552 E.08586 U49.862
G1 X157.475 Y121.872 E.05642 U50.522
G1 X156.576 Y122.32 E.08588 U51.526
G1 X155.655 Y122.721 E.08589 U52.53
G1 X155.04 Y122.957 E.05632 U53.189
G1 X154.087 Y123.276 E.08593 U54.194
G1 X153.123 Y123.543 E.08553 U55.194
G1 X152.147 Y123.759 E.08547 U56.194
G1 X151.16 Y123.925 E.08558 U57.195
G1 X150.166 Y124.038 E.08554 U58.195
G1 X149.167 Y124.099 E.08558 U59.196
G1 X148.166 Y124.108 E.08559 U60.197
G1 X147.163 Y124.064 E.08584 U61.201
G1 X146.506 Y124.006 E.0564 U61.861
G1 X145.51 Y123.875 E.0859 U62.865
G1 X144.527 Y123.693 E.08548 U63.865
G1 X143.55 Y123.458 E.08592 U64.87
G1 X142.916 Y123.277 E.05638 U65.529
G1 X141.964 Y122.958 E.08585 U66.533
G1 X141.033 Y122.591 E.08557 U67.534
G1 X140.122 Y122.176 E.0856 U68.535
G1 X139.232 Y121.713 E.08578 U69.538
G1 X138.661 Y121.383 E.05639 U70.198
G1 X137.814 Y120.843 E.08589 U71.202
G1 X136.999 Y120.262 E.08558 U72.203
G1 X136.216 Y119.64 E.0855 U73.203
G1 X135.467 Y118.977 E.08553 U74.203
G1 X134.752 Y118.274 E.08574 U75.206
G1 X134.187 Y117.662 E.07122 U76.039
G1 X133.649 Y117.028 E.0711 U76.871
G1 X133.039 Y116.233 E.08568 U77.873
G1 X132.47 Y115.405 E.0859 U78.877
G1 X132.121 Y114.846 E.05635 U79.536
G1 X131.626 Y113.972 E.08588 U80.541
G1 X131.18 Y113.076 E.08558 U81.542
G1 X130.781 Y112.159 E.08551 U82.542
G1 X130.431 Y111.222 E.08553 U83.542
G1 X130.13 Y110.268 E.08554 U84.542
G1 X129.879 Y109.299 E.08559 U85.543
G1 X129.679 Y108.315 E.08586 U86.547
G1 X129.576 Y107.664 E.05636 U87.206
G1 X129.462 Y106.666 E.08589 U88.211
G1 X129.401 Y105.667 E.08558 U89.212
G1 X129.392 Y104.666 E.08559 U90.213
G1 X129.436 Y103.665 E.08567 U91.215
G1 X129.513 Y102.835 E.07127 U92.048
G1 X129.624 Y102.012 E.07101 U92.879
G1 X129.807 Y101.027 E.08566 U93.881
G1 X130.041 Y100.054 E.08557 U94.881
G1 X130.325 Y99.095 E.08552 U95.882
G1 X130.659 Y98.15 E.0857 U96.884
G1 X130.976 Y97.379 E.07128 U97.718
G1 X131.323 Y96.624 E.07105 U98.548
G1 X131.786 Y95.735 E.08571 U99.551
G1 X132.293 Y94.873 E.08551 U100.551
G1 X132.848 Y94.035 E.08594 U101.556
G1 X133.235 Y93.502 E.05632 U102.215
G1 X133.861 Y92.716 E.08592 U103.219
G1 X134.523 Y91.967 E.08547 U104.219
G1 X135.226 Y91.252 E.08574 U105.222
G1 X135.838 Y90.687 E.07122 U106.055
G1 X136.472 Y90.149 E.0711 U106.886
G1 X137.267 Y89.539 E.08568 U107.888
G1 X138.093 Y88.972 E.08567 U108.89
G1 X138.802 Y88.534 E.07126 U109.724
G1 X139.527 Y88.127 E.07109 U110.555
G1 X140.424 Y87.68 E.08569 U111.557
G1 X141.341 Y87.281 E.08551 U112.557
G1 X142.278 Y86.931 E.08553 U113.557
G1 X143.232 Y86.63 E.08554 U114.558
G1 X144.205 Y86.378 E.08594 U115.563
M73 P49 R27
G1 X144.85 Y86.241 E.05638 U116.222
G1 X145.84 Y86.075 E.08583 U117.226
G1 X146.834 Y85.962 E.08554 U118.227
G1 X147.835 Y85.901 E.08575 U119.229
G1 X148.473 Y85.893 E.05456 U119.867
G1 X148.499 Y86.407 F12000 U120.382
G1 F300
G1 X148.664 Y86.405 E.01411 U120.547
G1 X149.471 Y86.429 E.06903 U121.354
G1 X150.444 Y86.506 E.08346 U122.331
G1 X151.409 Y86.633 E.08322 U123.304
G1 X152.372 Y86.811 E.08374 U124.283
G1 X152.993 Y86.955 E.05451 U124.921
G1 X153.937 Y87.216 E.08375 U125.9
G1 X154.86 Y87.525 E.08323 U126.873
G1 X155.766 Y87.882 E.08326 U127.847
G1 X156.654 Y88.287 E.08345 U128.823
G1 X157.374 Y88.659 E.0693 U129.634
G1 X158.076 Y89.059 E.06908 U130.442
G1 X158.899 Y89.583 E.08342 U131.417
G1 X159.691 Y90.148 E.08319 U132.39
G1 X160.453 Y90.755 E.0833 U133.364
G1 X161.183 Y91.4 E.08329 U134.338
G1 X161.879 Y92.084 E.08344 U135.314
G1 X162.428 Y92.679 E.06922 U136.124
G1 X162.95 Y93.295 E.06904 U136.931
G1 X163.545 Y94.069 E.08348 U137.908
G1 X164.096 Y94.872 E.08327 U138.881
G1 X164.606 Y95.704 E.08344 U139.857
G1 X164.995 Y96.415 E.0693 U140.668
G1 X165.353 Y97.139 E.06906 U141.475
G1 X165.618 Y97.747 E.05671 U142.139
G1 X165.859 Y98.337 E.05449 U142.776
G1 X166.129 Y99.101 E.06929 U143.586
G1 X166.414 Y100.032 E.08325 U144.56
G1 X166.649 Y100.976 E.08318 U145.533
G1 X166.835 Y101.932 E.08328 U146.507
G1 X166.97 Y102.896 E.08323 U147.48
G1 X167.055 Y103.865 E.08317 U148.453
G1 X167.093 Y105.325 E.12488 U149.913
G1 X167.051 Y106.297 E.08319 U150.886
G1 X166.957 Y107.272 E.08375 U151.866
G1 X166.868 Y107.903 E.05449 U152.503
G1 X166.689 Y108.872 E.08426 U153.488
G1 X166.545 Y109.493 E.05451 U154.126
G1 X166.284 Y110.437 E.08375 U155.105
G1 X165.975 Y111.36 E.08323 U156.079
G1 X165.616 Y112.272 E.0838 U157.059
G1 X165.357 Y112.854 E.05447 U157.696
G1 X164.919 Y113.73 E.08374 U158.675
G1 X164.44 Y114.578 E.08328 U159.649
G1 X163.917 Y115.399 E.08323 U160.623
G1 X163.352 Y116.191 E.08319 U161.595
G1 X162.746 Y116.953 E.08325 U162.569
G1 X162.1 Y117.683 E.08335 U163.544
G1 X161.414 Y118.381 E.08368 U164.522
G1 X160.948 Y118.816 E.05451 U165.16
G1 X160.203 Y119.452 E.08376 U166.14
G1 X159.431 Y120.045 E.08324 U167.113
G1 X158.628 Y120.596 E.08327 U168.087
G1 X157.793 Y121.108 E.08375 U169.066
G1 X157.236 Y121.417 E.05446 U169.703
G1 X156.359 Y121.854 E.08378 U170.683
G1 X155.461 Y122.245 E.08375 U171.663
G1 X154.866 Y122.473 E.05448 U172.3
G1 X153.937 Y122.784 E.08377 U173.279
G1 X152.999 Y123.044 E.08323 U174.253
G1 X152.048 Y123.255 E.08329 U175.227
G1 X151.088 Y123.415 E.08322 U176.2
G1 X150.121 Y123.525 E.08322 U177.173
G1 X149.149 Y123.585 E.08327 U178.147
G1 X148.175 Y123.593 E.08328 U179.121
G1 X147.197 Y123.551 E.0837 U180.1
M73 P49 R26
G1 X146.562 Y123.495 E.05451 U180.738
G1 X145.591 Y123.367 E.08374 U181.717
G1 X144.634 Y123.19 E.08322 U182.69
G1 X143.681 Y122.961 E.08381 U183.67
G1 X143.069 Y122.786 E.05443 U184.307
G1 X142.14 Y122.475 E.08377 U185.287
G1 X141.234 Y122.118 E.08326 U186.26
G1 X140.348 Y121.714 E.08326 U187.234
G1 X139.479 Y121.262 E.08375 U188.214
G1 X138.927 Y120.943 E.05451 U188.851
G1 X138.101 Y120.417 E.08373 U189.83
G1 X137.309 Y119.852 E.08319 U190.803
G1 X136.547 Y119.246 E.08325 U191.777
G1 X135.817 Y118.6 E.08335 U192.752
G1 X135.121 Y117.916 E.08344 U193.728
G1 X134.572 Y117.321 E.06922 U194.537
G1 X134.05 Y116.705 E.06904 U195.345
G1 X133.455 Y115.931 E.08348 U196.321
G1 X132.9 Y115.123 E.08382 U197.301
G1 X132.563 Y114.583 E.05443 U197.938
G1 X132.081 Y113.73 E.08377 U198.917
G1 X131.646 Y112.859 E.08325 U199.891
G1 X131.258 Y111.966 E.08325 U200.865
G1 X130.917 Y111.054 E.08325 U201.838
G1 X130.624 Y110.126 E.08321 U202.811
G1 X130.38 Y109.183 E.08329 U203.786
G1 X130.185 Y108.223 E.08376 U204.765
G1 X130.085 Y107.594 E.05446 U205.402
G1 X129.975 Y106.621 E.08373 U206.381
G1 X129.915 Y105.649 E.08327 U207.355
G1 X129.907 Y104.675 E.08328 U208.329
G1 X129.949 Y103.7 E.08344 U209.305
G1 X130.024 Y102.894 E.06921 U210.115
G1 X130.132 Y102.093 E.06911 U210.923
G1 X130.31 Y101.134 E.0834 U211.898
G1 X130.537 Y100.187 E.08327 U212.872
G1 X130.814 Y99.253 E.0833 U213.846
G1 X131.14 Y98.333 E.08346 U214.822
G1 X131.447 Y97.584 E.06921 U215.632
G1 X131.785 Y96.85 E.0691 U216.44
G1 X132.235 Y95.984 E.08345 U217.416
G1 X132.73 Y95.146 E.08322 U218.389
G1 X133.27 Y94.329 E.08374 U219.368
G1 X133.645 Y93.813 E.05454 U220.006
G1 X134.255 Y93.047 E.08373 U220.985
G1 X134.9 Y92.317 E.08329 U221.96
G1 X135.584 Y91.621 E.08344 U222.935
G1 X136.179 Y91.072 E.06922 U223.745
G1 X136.795 Y90.55 E.06904 U224.552
G1 X137.569 Y89.955 E.08348 U225.529
G1 X138.374 Y89.403 E.08346 U226.505
G1 X139.063 Y88.977 E.06926 U227.315
G1 X139.767 Y88.582 E.06902 U228.122
G1 X140.641 Y88.146 E.08351 U229.099
G1 X141.534 Y87.758 E.08325 U230.072
G1 X142.446 Y87.417 E.08325 U231.046
G1 X143.374 Y87.124 E.08321 U232.019
G1 X144.323 Y86.879 E.0838 U232.999
G1 X144.946 Y86.746 E.05447 U233.636
G1 X145.912 Y86.585 E.08374 U234.616
G1 X146.879 Y86.475 E.08322 U235.589
G1 X147.853 Y86.415 E.08344 U236.565
G1 X148.469 Y86.407 E.05268 U237.181
G1 X148.494 Y86.921 F12000 U237.695
G1 F300
G1 X148.659 Y86.919 E.01411 U237.86
G1 X149.443 Y86.943 E.06707 U238.645
G1 X150.39 Y87.017 E.08122 U239.595
G1 X151.329 Y87.141 E.08099 U240.542
G1 X152.268 Y87.315 E.08166 U241.497
G1 X152.866 Y87.453 E.05248 U242.111
G1 X153.787 Y87.708 E.08171 U243.066
G1 X154.684 Y88.009 E.0809 U244.012
G1 X155.565 Y88.356 E.08096 U244.959
G1 X156.43 Y88.75 E.08127 U245.91
G1 X157.129 Y89.11 E.06723 U246.696
G1 X157.81 Y89.499 E.06706 U247.48
G1 X158.611 Y90.009 E.08119 U248.43
G1 X159.382 Y90.559 E.08098 U249.377
G1 X160.123 Y91.149 E.08099 U250.324
G1 X160.832 Y91.776 E.08093 U251.271
G1 X161.509 Y92.442 E.0812 U252.22
G1 X162.043 Y93.02 E.06729 U253.007
G1 X162.55 Y93.618 E.06704 U253.791
G1 X163.129 Y94.372 E.08129 U254.742
G1 X163.665 Y95.152 E.08092 U255.688
G1 X164.161 Y95.962 E.08121 U256.638
G1 X164.539 Y96.652 E.06727 U257.425
G1 X164.886 Y97.355 E.06703 U258.209
G1 X165.146 Y97.952 E.05568 U258.86
G1 X165.379 Y98.521 E.05257 U259.475
G1 X165.642 Y99.265 E.06747 U260.264
G1 X165.918 Y100.169 E.08082 U261.209
G1 X166.147 Y101.088 E.08098 U262.156
G1 X166.328 Y102.017 E.08093 U263.103
G1 X166.459 Y102.954 E.0809 U264.049
G1 X166.542 Y103.896 E.08086 U264.994
G1 X166.579 Y105.316 E.12146 U266.415
G1 X166.538 Y106.261 E.08088 U267.361
G1 X166.446 Y107.212 E.08169 U268.316
G1 X166.361 Y107.82 E.05249 U268.93
G1 X166.185 Y108.768 E.08244 U269.894
G1 X166.047 Y109.366 E.05248 U270.508
G1 X165.792 Y110.287 E.08171 U271.464
G1 X165.491 Y111.184 E.0809 U272.41
G1 X165.141 Y112.073 E.08169 U273.365
G1 X164.891 Y112.634 E.05252 U273.98
G1 X164.465 Y113.489 E.08168 U274.935
G1 X163.999 Y114.313 E.08094 U275.881
G1 X163.491 Y115.111 E.08089 U276.827
M73 P50 R26
G1 X162.941 Y115.882 E.08098 U277.774
G1 X162.352 Y116.623 E.08094 U278.721
G1 X161.724 Y117.332 E.08098 U279.668
G1 X161.055 Y118.013 E.08163 U280.623
G1 X160.605 Y118.432 E.05257 U281.238
G1 X159.879 Y119.052 E.08163 U282.192
G1 X159.128 Y119.629 E.08098 U283.139
G1 X158.348 Y120.165 E.08092 U284.086
G1 X157.534 Y120.664 E.08164 U285.041
G1 X156.996 Y120.962 E.05259 U285.656
G1 X156.142 Y121.388 E.0816 U286.61
G1 X155.266 Y121.769 E.08168 U287.565
G1 X154.692 Y121.989 E.05256 U288.18
G1 X153.787 Y122.292 E.0816 U289.134
G1 X152.874 Y122.545 E.08101 U290.082
G1 X151.95 Y122.75 E.08093 U291.028
G1 X151.017 Y122.906 E.08088 U291.974
G1 X150.076 Y123.013 E.08098 U292.921
G1 X149.131 Y123.071 E.08095 U293.868
G1 X148.184 Y123.079 E.08098 U294.815
G1 X147.23 Y123.037 E.08165 U295.77
G1 X146.618 Y122.984 E.05252 U296.384
G1 X145.671 Y122.859 E.08168 U297.339
G1 X144.741 Y122.687 E.08087 U298.285
G1 X143.812 Y122.464 E.08169 U299.241
G1 X143.221 Y122.294 E.05258 U299.856
G1 X142.316 Y121.991 E.0816 U300.81
CUT
G1 X141.435 Y121.644 E.08096
G1 X140.573 Y121.252 E.08097
G1 X139.726 Y120.811 E.08165
G1 X139.194 Y120.504 E.05252
G1 X138.389 Y119.991 E.08162
G1 X137.618 Y119.441 E.08098
G1 X136.877 Y118.852 E.08094
G1 X136.168 Y118.224 E.08098
G1 X135.491 Y117.558 E.0812
G1 X134.957 Y116.98 E.06729
G1 X134.45 Y116.382 E.06704
G1 X133.871 Y115.628 E.08129
G1 X133.331 Y114.841 E.08161
G1 X133.005 Y114.32 E.05255
G1 X132.535 Y113.489 E.08163
G1 X132.112 Y112.642 E.08095
G1 X131.735 Y111.774 E.08092
G1 X131.403 Y110.887 E.08098
G1 X131.119 Y109.984 E.08094
G1 X130.882 Y109.068 E.0809
G1 X130.691 Y108.132 E.08168
G1 X130.595 Y107.525 E.05255
G1 X130.487 Y106.576 E.08167
G1 X130.429 Y105.631 E.08095
G1 X130.421 Y104.684 E.08098
G1 X130.462 Y103.735 E.08122
G1 X130.535 Y102.952 E.06724
G1 X130.64 Y102.175 E.06704
G1 X130.813 Y101.241 E.08122
G1 X131.034 Y100.32 E.08099
G1 X131.303 Y99.412
G1 X131.62 Y98.517
G1 X131.919 Y97.789
G1 X132.247 Y97.076
G1 X132.685 Y96.234
G1 X133.166 Y95.418
G1 X133.693 Y94.622
G1 X134.054 Y94.125
G1 X134.649 Y93.377
G1 X135.276 Y92.668
G1 X135.942 Y91.991
G1 X136.52 Y91.457
G1 X137.118 Y90.95
G1 X137.872 Y90.371
G1 X138.655 Y89.833
G1 X139.324 Y89.42
G1 X140.008 Y89.036
G1 X140.858 Y88.612
G1 X141.726 Y88.235
G1 X142.613 Y87.903
G1 X143.516 Y87.619
G1 X144.441 Y87.379
G1 X145.042 Y87.252
G1 X145.983 Y87.094
G1 X146.924 Y86.987
G1 X147.872 Y86.929
G1 X148.464 Y86.922
G1 E-8 F1500
G1 Z2.92 F3000
G1 X152.391 Y87.777 F12000
G1 Z2.72 F3000
G1 E10 F1500
;TYPE:Internal infill
G1 E-30 F1500
G1 Z7.720000000000001 F300.0
G1 F12000.0
T0
G1 Z2.72 F300.0
G1 E32.0 F1500
G1 F12000.0
;WIDTH:0.675
G1 F509.2
G1 X150.65 Y87.478 E.17308
G1 X149.764 Y88.185 E.11106
G1 X149.132 Y88.453 E.06726
G1 X148.5 Y88.57 E.06297
G1 X147.868 Y88.56 E.06193
G1 X147.236 Y88.407 E.06371
G1 X146.604 Y88.058 E.07074
G1 X146.002 Y87.52 E.0791
G1 X144.268 Y87.861 E.17315
G1 E-8 F1500
G1 Z2.92 F3000
G1 X137.434 Y91.241 F12000
G1 Z2.72 F3000
G1 E10 F1500
G1 F509.2
G1 X136.116 Y92.417 E.17307
G1 X136.489 Y92.783 E.0512
G1 X137.122 Y93.243 E.07667
G1 X137.754 Y93.51 E.06722
G1 X138.386 Y93.627 E.06297
G1 X139.018 Y93.617 E.06193
G1 X139.65 Y93.464 E.06371
G1 X140.282 Y93.116 E.07069
G1 X141.546 Y91.931 E.16976
G1 X142.179 Y91.472 E.07661
G1 X142.811 Y91.205 E.06722
G1 X143.443 Y91.087 E.06299
G1 X144.075 Y91.097 E.06193
G1 X144.707 Y91.25 E.06371
G1 X145.339 Y91.599 E.07074
G1 X146.604 Y92.783 E.16976
G1 X147.236 Y93.243 E.07659
G1 X147.868 Y93.51 E.06722
G1 X148.5 Y93.627 E.06297
G1 X149.132 Y93.617 E.06193
G1 X149.764 Y93.464 E.06371
G1 X150.396 Y93.116 E.07069
G1 X151.661 Y91.931 E.16983
G1 X152.293 Y91.472 E.07653
G1 X152.925 Y91.205 E.06722
G1 X153.557 Y91.087 E.06299
G1 X154.189 Y91.097 E.06193
G1 X154.821 Y91.25 E.06371
G1 X155.454 Y91.599 E.07082
G1 X156.718 Y92.783 E.16969
G1 X157.35 Y93.243 E.07659
G1 X157.982 Y93.51 E.06722
G1 X158.614 Y93.627 E.06297
G1 X159.246 Y93.617 E.06193
G1 X159.878 Y93.464 E.06371
G1 X160.511 Y93.116 E.07077
G1 X161.076 Y92.609 E.07438
G1 X161.726 Y93.3 E.09295
G1 X162.786 Y94.621 E.16595
G1 X163.79 Y96.166 E.18053
G1 X163.039 Y96.154 E.07359
G1 X162.407 Y96.307 E.06371
G1 X161.775 Y96.656 E.07074
G1 X160.511 Y97.84 E.16969
G1 X159.878 Y98.3 E.07667
G1 X159.246 Y98.567 E.06722
G1 X158.614 Y98.684 E.06297
G1 X157.982 Y98.675 E.06193
G1 X157.35 Y98.521 E.06373
G1 X156.718 Y98.173 E.07069
G1 X155.454 Y96.988 E.16976
G1 X154.821 Y96.529 E.07661
G1 X154.189 Y96.262 E.06722
G1 X153.557 Y96.144 E.06299
G1 X152.925 Y96.154 E.06193
G1 X152.293 Y96.307 E.06371
G1 X151.661 Y96.656 E.07074
G1 X150.396 Y97.84 E.16976
G1 X149.764 Y98.3 E.07659
G1 X149.132 Y98.567 E.06722
G1 X148.5 Y98.684 E.06297
G1 X147.868 Y98.675 E.06193
G1 X147.236 Y98.521 E.06373
G1 X146.604 Y98.173 E.07069
G1 X145.339 Y96.988 E.16983
G1 X144.707 Y96.529 E.07653
G1 X144.075 Y96.262 E.06722
G1 X143.443 Y96.144 E.06299
G1 X142.811 Y96.154 E.06193
G1 X142.179 Y96.307 E.06371
G1 X141.546 Y96.656 E.07082
G1 X140.282 Y97.84 E.16969
G1 X139.65 Y98.3 E.07659
G1 X139.018 Y98.567 E.06722
G1 X138.386 Y98.684 E.06297
G1 X137.754 Y98.675 E.06193
G1 X137.122 Y98.521 E.06373
G1 X136.489 Y98.173 E.07077
G1 X135.225 Y96.988 E.16976
G1 X134.593 Y96.529 E.07653
G1 X133.961 Y96.262 E.06722
G1 X133.329 Y96.144 E.06299
G1 X133.228 Y96.146 E.0099
G1 X133.055 Y96.439 E.03334
G1 X132.418 Y97.716 E.13982
G1 E-8 F1500
G1 Z2.92 F3000
G1 X132.896 Y113.266 F12000
G1 Z2.72 F3000
G1 E10 F1500
G1 F509.2
G1 X132.149 Y111.665 E.1731
G1 X132.697 Y111.433 E.05831
G1 X133.329 Y111.316 E.06297
G1 X133.961 Y111.325 E.06193
G1 X134.593 Y111.479 E.06373
G1 X135.225 Y111.827 E.07069
G1 X136.489 Y113.012 E.16976
G1 X137.122 Y113.471 E.07661
G1 X137.754 Y113.738 E.06722
G1 X138.386 Y113.856 E.06299
G1 X139.018 Y113.846 E.06193
G1 X139.65 Y113.693 E.06371
G1 X140.282 Y113.344 E.07074
G1 X141.546 Y112.16 E.16969
G1 X142.179 Y111.7 E.07667
G1 X142.811 Y111.433 E.06722
G1 X143.443 Y111.316 E.06297
G1 X144.075 Y111.325 E.06193
G1 X144.707 Y111.479 E.06373
G1 X145.339 Y111.827 E.07069
G1 X146.604 Y113.012 E.16983
G1 X147.236 Y113.471 E.07653
G1 X147.868 Y113.738 E.06722
G1 X148.5 Y113.856 E.06299
G1 X149.132 Y113.846 E.06193
G1 X149.764 Y113.693 E.06371
G1 X150.396 Y113.344 E.07074
G1 X151.661 Y112.16 E.16976
G1 X152.293 Y111.7 E.07659
G1 X152.925 Y111.433 E.06722
G1 X153.557 Y111.316 E.06297
G1 X154.189 Y111.325 E.06193
G1 X154.821 Y111.479 E.06373
G1 X155.454 Y111.827 E.07077
G1 X156.718 Y113.012 E.16976
G1 X157.35 Y113.471 E.07653
G1 X157.982 Y113.738 E.06722
G1 X158.614 Y113.856 E.06299
G1 X159.246 Y113.846 E.06193
G1 X159.878 Y113.693 E.06371
G1 X160.511 Y113.344 E.07082
G1 X161.775 Y112.16 E.16969
G1 X162.407 Y111.7 E.07659
M73 P51 R26
G1 X163.039 Y111.433 E.06722
G1 X163.671 Y111.316 E.06297
G1 X164.303 Y111.325 E.06193
G1 X164.922 Y111.475 E.0624
G1 X165.387 Y110.163 E.13638
G1 X165.637 Y109.262 E.09161
G1 X165.978 Y107.504 E.17545
G1 X165.568 Y107.103 E.05619
G1 X164.936 Y106.643 E.07659
G1 X164.303 Y106.376 E.06731
G1 X163.671 Y106.259 E.06297
G1 X163.039 Y106.268 E.06193
G1 X162.407 Y106.422 E.06373
G1 X161.775 Y106.77 E.07069
G1 X160.511 Y107.955 E.16976
G1 X159.878 Y108.414 E.07661
G1 X159.246 Y108.681 E.06722
G1 X158.614 Y108.799 E.06299
G1 X157.982 Y108.789 E.06193
G1 X157.35 Y108.636 E.06371
G1 X156.718 Y108.287 E.07074
G1 X155.454 Y107.103 E.16969
G1 X154.821 Y106.643 E.07667
G1 X154.189 Y106.376 E.06722
G1 X153.557 Y106.259 E.06297
G1 X152.925 Y106.268 E.06193
G1 X152.293 Y106.422 E.06373
G1 X151.661 Y106.77 E.07069
G1 X150.396 Y107.955 E.16983
G1 X149.764 Y108.414 E.07653
G1 X149.132 Y108.681 E.06722
G1 X148.5 Y108.799 E.06299
G1 X147.868 Y108.789 E.06193
G1 X147.236 Y108.636 E.06371
G1 X146.604 Y108.287 E.07074
G1 X145.339 Y107.103 E.16976
G1 X144.707 Y106.643 E.07659
G1 X144.075 Y106.376 E.06722
G1 X143.443 Y106.259 E.06297
G1 X142.811 Y106.268 E.06193
G1 X142.179 Y106.422 E.06373
G1 X141.546 Y106.77 E.07077
G1 X140.282 Y107.955 E.16976
G1 X139.65 Y108.414 E.07653
G1 X139.018 Y108.681 E.06722
G1 X138.386 Y108.799 E.06299
G1 X137.754 Y108.789 E.06193
G1 X137.122 Y108.636 E.06371
G1 X136.489 Y108.287 E.07082
G1 X135.225 Y107.103 E.16969
G1 X134.593 Y106.643 E.07659
G1 X133.961 Y106.376 E.06722
G1 X133.329 Y106.259 E.06297
G1 X132.697 Y106.268 E.06193
G1 X132.064 Y106.422 E.06383
G1 X131.432 Y106.77 E.07069
G1 X130.981 Y107.174 E.05932
G1 X130.852 Y105.616 E.15317
G1 X130.844 Y104.692 E.09053
G1 X131.032 Y102.438 E.22161
G1 X131.432 Y102.045 E.05494
G1 X132.064 Y101.586 E.07653
G1 X132.697 Y101.319 E.06731
G1 X133.329 Y101.201 E.06299
G1 X133.961 Y101.211 E.06193
G1 X134.593 Y101.364 E.06371
G1 X135.225 Y101.713 E.07074
G1 X136.489 Y102.897 E.16969
G1 X137.122 Y103.357 E.07667
G1 X137.754 Y103.624 E.06722
G1 X138.386 Y103.741 E.06297
G1 X139.018 Y103.732 E.06193
G1 X139.65 Y103.578 E.06373
G1 X140.282 Y103.23 E.07069
G1 X141.546 Y102.045 E.16976
G1 X142.179 Y101.586 E.07661
G1 X142.811 Y101.319 E.06722
G1 X143.443 Y101.201 E.06299
G1 X144.075 Y101.211 E.06193
G1 X144.707 Y101.364 E.06371
G1 X145.339 Y101.713 E.07074
G1 X146.604 Y102.897 E.16976
G1 X147.236 Y103.357 E.07659
G1 X147.868 Y103.624 E.06722
G1 X148.5 Y103.741 E.06297
G1 X149.132 Y103.732 E.06193
G1 X149.764 Y103.578 E.06373
G1 X150.396 Y103.23 E.07069
M73 P51 R25
G1 X151.661 Y102.045 E.16983
G1 X152.293 Y101.586 E.07653
G1 X152.925 Y101.319 E.06722
G1 X153.557 Y101.201 E.06299
G1 X154.189 Y101.211 E.06193
G1 X154.821 Y101.364 E.06371
G1 X155.454 Y101.713 E.07082
G1 X156.718 Y102.897 E.16969
G1 X157.35 Y103.357 E.07659
G1 X157.982 Y103.624 E.06722
G1 X158.614 Y103.741 E.06297
G1 X159.246 Y103.732 E.06193
G1 X159.878 Y103.578 E.06373
G1 X160.511 Y103.23 E.07077
G1 X161.775 Y102.045 E.16976
G1 X162.407 Y101.586 E.07653
G1 X163.039 Y101.319 E.06722
G1 X163.671 Y101.201 E.06299
G1 X164.303 Y101.211 E.06193
G1 X164.936 Y101.364 E.06381
G1 X165.568 Y101.713 E.07074
G1 X165.897 Y102.008 E.0433
G1 X165.511 Y100.284 E.1731
G1 E-8 F1500
G1 Z2.92 F3000
G1 X161.103 Y117.36 F12000
G1 Z2.72 F3000
G1 E10 F1500
G1 F509.2
G1 X159.805 Y118.559 E.17313
G1 X159.246 Y118.795 E.05945
G1 X158.614 Y118.913 E.06299
G1 X157.982 Y118.903 E.06193
G1 X157.35 Y118.75 E.06371
G1 X156.718 Y118.401 E.07074
G1 X155.454 Y117.217 E.16969
G1 X154.821 Y116.758 E.07661
G1 X154.189 Y116.49 E.06726
G1 X153.557 Y116.373 E.06297
G1 X152.925 Y116.383 E.06193
G1 X152.293 Y116.536 E.06371
G1 X151.661 Y116.884 E.07069
G1 X150.396 Y118.069 E.16983
G1 X149.764 Y118.528 E.07653
G1 X149.132 Y118.795 E.06722
G1 X148.5 Y118.913 E.06299
G1 X147.868 Y118.903 E.06193
G1 X147.236 Y118.75 E.06371
G1 X146.604 Y118.401 E.07074
G1 X145.339 Y117.217 E.16976
G1 X144.707 Y116.758 E.07653
G1 X144.075 Y116.49 E.06726
G1 X143.443 Y116.373 E.06297
G1 X142.811 Y116.383 E.06193
G1 X142.179 Y116.536 E.06371
G1 X141.546 Y116.884 E.07077
G1 X140.282 Y118.069 E.16976
G1 X139.65 Y118.528 E.07653
G1 X139.018 Y118.795 E.06722
G1 X138.386 Y118.913 E.06299
G1 X137.564 Y118.857 E.08072
G1 X139.003 Y119.88 E.17299
G1 E-8 F1500
G1 Z2.92 F3000
G1 X140.962 Y120.964 F12000
G1 Z2.72 F3000
G1 E10 F1500
G1 F509.2
G1 X142.595 Y121.639 E.17313
G1 X143.443 Y121.43 E.08557
G1 X144.075 Y121.44 E.06193
G1 X144.707 Y121.593 E.06371
G1 X145.339 Y121.942 E.07074
G1 X145.926 Y122.466 E.07709
G1 X147.684 Y122.634 E.17303
G1 E-8 F1500
G1 Z2.92 F3000
G1 X149.79 Y122.607 F12000
G1 Z2.72 F3000
G1 E10 F1500
G1 F509.2
G1 X151.543 Y122.389 E.17308
G1 X152.293 Y121.815 E.09253
G1 X152.925 Y121.547 E.06726
G1 X153.557 Y121.43 E.06297
G1 X154.189 Y121.44 E.06193
G1 X154.651 Y121.551 E.04655
G1 X156.272 Y120.85 E.17304
;LAYER_CHANGE
;Z:3.12
;HEIGHT:0.4

G1 E-8 F1500
G1 Z3.12 F3000
;AFTER_LAYER_CHANGE
;3.12
G92 E0
_ON_LAYER_CHANGE LAYER=8
G1 Z3.32
G1 X148.508 Y85.342 F12000
G1 Z3.12 F3000
G1 E10 F1500
;TYPE:External perimeter
;WIDTH:0.675
G1 F509.2
G1 X148.701 Y85.339 E.01891
G1 X149.528 Y85.365 E.08107
G1 X150.555 Y85.445 E.10093
G1 X151.576 Y85.58 E.10091
G1 X152.589 Y85.768 E.10095
G1 X153.255 Y85.921 E.06695
G1 X154.249 Y86.197 E.10107
G1 X155.225 Y86.523 E.10082
G1 X156.183 Y86.901 E.1009
G1 X157.12 Y87.328 E.10089
G1 X157.907 Y87.735 E.08681
G1 X158.626 Y88.146 E.08114
G1 X159.495 Y88.699 E.10092
G1 X160.333 Y89.297 E.10087
G1 X161.139 Y89.938 E.1009
G1 X161.91 Y90.62 E.10085
G1 X162.645 Y91.342 E.10095
G1 X163.111 Y91.842 E.06697
G1 X163.781 Y92.626 E.10104
G1 X164.407 Y93.443 E.10084
G1 X164.99 Y94.291 E.10083
G1 X165.528 Y95.169 E.10089
G1 X166.02 Y96.075 E.10101
G1 X166.32 Y96.689 E.06696
G1 X166.731 Y97.636 E.10115
G1 X166.976 Y98.274 E.06696
G1 X167.303 Y99.251 E.10094
G1 X167.578 Y100.243 E.10086
G1 X167.801 Y101.248 E.10086
G1 X167.971 Y102.264 E.10093
G1 X168.088 Y103.286 E.10079
G1 X168.15 Y104.314 E.1009
G1 X168.159 Y105.343 E.10082
G1 X168.114 Y106.372 E.10092
G1 X168.016 Y107.398 E.10098
G1 X167.921 Y108.074 E.06688
G1 X167.732 Y109.09 E.10125
G1 X167.579 Y109.755 E.06686
G1 X167.303 Y110.749 E.10107
G1 X166.977 Y111.725 E.10082
G1 X166.599 Y112.684 E.101
G1 X166.321 Y113.308 E.06693
G1 X165.861 Y114.231 E.10104
G1 X165.354 Y115.127 E.10087
G1 X164.801 Y115.995 E.10084
G1 X164.203 Y116.833 E.10087
G1 X163.562 Y117.639 E.1009
G1 X162.88 Y118.41 E.10085
G1 X162.158 Y119.145 E.10095
G1 X161.658 Y119.611 E.06697
G1 X160.874 Y120.281 E.10104
G1 X160.057 Y120.907 E.10084
G1 X159.209 Y121.49 E.10083
G1 X158.33 Y122.029 E.10102
G1 X157.732 Y122.36 E.06697
G1 X156.81 Y122.82 E.10095
G1 X155.864 Y123.231 E.10106
G1 X155.226 Y123.476 E.06696
G1 X154.249 Y123.803 E.10094
G1 X153.257 Y124.078 E.10086
G1 X152.252 Y124.301 E.10086
G1 X151.236 Y124.471 E.10093
G1 X150.214 Y124.588 E.10079
G1 X149.186 Y124.65 E.1009
G1 X148.157 Y124.659 E.10082
G1 X147.127 Y124.614 E.10101
G1 X146.446 Y124.555 E.06697
G1 X145.424 Y124.42 E.101
G1 X144.412 Y124.233 E.10083
G1 X143.41 Y123.992 E.10097
G1 X142.753 Y123.804 E.06695
G1 X141.775 Y123.477 E.10104
G1 X140.817 Y123.099 E.1009
G1 X139.88 Y122.672 E.10089
G1 X139.093 Y122.265 E.08681
G1 X138.374 Y121.854 E.08114
G1 X137.505 Y121.301 E.10092
G1 X136.667 Y120.703 E.10087
G1 X135.861 Y120.062 E.1009
G1 X135.09 Y119.38 E.10085
G1 X134.355 Y118.658 E.10095
G1 X133.889 Y118.158 E.06697
G1 X133.219 Y117.374 E.10104
G1 X132.593 Y116.557 E.10084
G1 X132.009 Y115.708 E.10096
G1 X131.647 Y115.128 E.06699
G1 X131.139 Y114.231 E.101
G1 X130.68 Y113.31 E.10082
G1 X130.269 Y112.366 E.10088
G1 X129.909 Y111.401 E.10091
G1 X129.599 Y110.42 E.1008
G1 X129.342 Y109.423 E.10088
G1 X129.136 Y108.413 E.10099
G1 X129.029 Y107.738 E.06696
G1 X128.912 Y106.714 E.10098
G1 X128.85 Y105.686 E.1009
G1 X128.841 Y104.657 E.10082
G1 X128.886 Y103.628 E.10092
G1 X128.968 Y102.745 E.08689
G1 X129.08 Y101.925 E.08109
G1 X129.267 Y100.912 E.10093
G1 X129.508 Y99.911 E.10088
G1 X129.8 Y98.924 E.10085
M73 P52 R25
G1 X130.144 Y97.953 E.10093
G1 X130.481 Y97.133 E.08686
G1 X130.827 Y96.381 E.0811
G1 X131.303 Y95.468 E.10088
G1 X131.825 Y94.581 E.10084
G1 X132.394 Y93.721 E.10103
G1 X132.796 Y93.168 E.06698
G1 X133.438 Y92.361 E.10104
G1 X134.12 Y91.59 E.10085
G1 X134.842 Y90.856 E.10088
G1 X135.494 Y90.255 E.08688
G1 X136.125 Y89.72 E.08105
G1 X136.943 Y89.093 E.10098
G1 X137.791 Y88.509 E.10088
G1 X138.546 Y88.044 E.08688
G1 X139.268 Y87.639 E.08111
G1 X140.19 Y87.18 E.10091
G1 X141.134 Y86.769 E.10088
G1 X142.098 Y86.409 E.10082
G1 X143.08 Y86.099 E.10089
G1 X144.078 Y85.841 E.101
G1 X144.747 Y85.699 E.06701
G1 X145.764 Y85.529 E.10103
G1 X146.786 Y85.412 E.10079
G1 X147.814 Y85.35 E.1009
G1 X148.478 Y85.342 E.06506
G1 X149.078 Y85.351 F12000
G1 X148.503 Y85.893
;TYPE:Perimeter
G1 E-30 F1500
G1 Z8.120000000000001 F300.0
G1 F12000.0
T1
G1 Z3.12 F300.0
PRIME_FIBRE
G1 E45.0 F1500
G1 F12000.0
;WIDTH:0.6
G1 F300
G1 X148.695 Y85.891 E.01642
G1 X149.498 Y85.916 E.06869 U0.803
G1 X150.498 Y85.994 E.08576 U1.806
G1 X151.49 Y86.125 E.08556 U2.807
G1 X152.477 Y86.308 E.08583 U3.811
G1 X153.12 Y86.456 E.05642 U4.471
G1 X154.087 Y86.724 E.0858 U5.474
G1 X155.036 Y87.042 E.08558 U6.475
G1 X155.967 Y87.409 E.08557 U7.476
G1 X156.879 Y87.824 E.08567 U8.478
G1 X157.644 Y88.22 E.07366 U9.339
G1 X158.341 Y88.618 E.06863 U10.142
G1 X159.186 Y89.157 E.0857 U11.144
G1 X160.001 Y89.738 E.08558 U12.145
G1 X160.784 Y90.361 E.08556 U13.146
G1 X161.533 Y91.023 E.08547 U14.145
G1 X162.25 Y91.727 E.08592 U15.15
G1 X162.699 Y92.21 E.05639 U15.809
G1 X163.352 Y92.973 E.08587 U16.814
G1 X163.961 Y93.767 E.08556 U17.814
G1 X164.527 Y94.592 E.08555 U18.815
G1 X165.05 Y95.445 E.08555 U19.815
G1 X165.529 Y96.327 E.08582 U20.819
G1 X165.818 Y96.92 E.05641 U21.479
G1 X166.221 Y97.845 E.08627 U22.488
G1 X166.457 Y98.46 E.05632 U23.146
G1 X166.776 Y99.413 E.08593 U24.151
G1 X167.043 Y100.377 E.08553 U25.152
G1 X167.259 Y101.353 E.08547 U26.151
G1 X167.425 Y102.34 E.08558 U27.152
G1 X167.538 Y103.334 E.08554 U28.153
G1 X167.599 Y104.333 E.08558 U29.153
G1 X167.608 Y105.334 E.08559 U30.155
G1 X167.564 Y106.333 E.0855 U31.155
G1 X167.468 Y107.333 E.0859 U32.159
G1 X167.376 Y107.986 E.05639 U32.819
G1 X167.192 Y108.977 E.08618 U33.826
G1 X167.044 Y109.62 E.05642 U34.486
G1 X166.776 Y110.587 E.0858 U35.49
G1 X166.458 Y111.536 E.08558 U36.491
G1 X166.09 Y112.471 E.08592 U37.495
G1 X165.822 Y113.073 E.05634 U38.154
G1 X165.374 Y113.972 E.08588 U39.159
G1 X164.881 Y114.843 E.08558 U40.16
G1 X164.343 Y115.686 E.08551 U41.16
G1 X163.762 Y116.501 E.08558 U42.161
G1 X163.14 Y117.284 E.0855 U43.161
G1 X162.477 Y118.033 E.08553 U44.161
G1 X161.773 Y118.75 E.08592 U45.166
G1 X161.29 Y119.199 E.05639 U45.825
G1 X160.527 Y119.852 E.08587 U46.829
G1 X159.733 Y120.461 E.08556 U47.83
G1 X158.908 Y121.027 E.08555 U48.831
G1 X158.052 Y121.552 E.08586 U49.835
G1 X157.475 Y121.872 E.05642 U50.495
G1 X156.576 Y122.32 E.08588 U51.499
G1 X155.655 Y122.721 E.08589 U52.504
G1 X155.04 Y122.957 E.05632 U53.162
G1 X154.087 Y123.276 E.08593 U54.167
G1 X153.123 Y123.543 E.08553 U55.168
G1 X152.147 Y123.759 E.08547 U56.167
G1 X151.16 Y123.925 E.08558 U57.168
G1 X150.166 Y124.038 E.08554 U58.168
G1 X149.167 Y124.099 E.08558 U59.169
G1 X148.166 Y124.108 E.08559 U60.17
G1 X147.163 Y124.064 E.08584 U61.174
G1 X146.506 Y124.006 E.0564 U61.834
G1 X145.51 Y123.875 E.0859 U62.838
G1 X144.527 Y123.693 E.08548 U63.838
G1 X143.55 Y123.458 E.08592 U64.843
G1 X142.916 Y123.277 E.05638 U65.502
G1 X141.964 Y122.958 E.08585 U66.506
G1 X141.033 Y122.591 E.08557 U67.507
G1 X140.121 Y122.176 E.08567 U68.509
G1 X139.356 Y121.78 E.07366 U69.37
G1 X138.659 Y121.382 E.06863 U70.173
G1 X137.814 Y120.843 E.0857 U71.175
G1 X136.999 Y120.262 E.08558 U72.176
G1 X136.216 Y119.639 E.08556 U73.177
G1 X135.467 Y118.977 E.08547 U74.176
G1 X134.75 Y118.273 E.08592 U75.181
G1 X134.301 Y117.79 E.05639 U75.841
G1 X133.648 Y117.027 E.08587 U76.845
G1 X133.039 Y116.233 E.08556 U77.846
G1 X132.47 Y115.405 E.0859 U78.85
G1 X132.121 Y114.846 E.05635 U79.509
G1 X131.626 Y113.972 E.08588 U80.514
G1 X131.18 Y113.076 E.08558 U81.515
G1 X130.781 Y112.159 E.08551 U82.515
G1 X130.431 Y111.222 E.08553 U83.515
G1 X130.13 Y110.268 E.08554 U84.515
G1 X129.879 Y109.299 E.08559 U85.516
G1 X129.679 Y108.315 E.08586 U86.52
G1 X129.576 Y107.664 E.05636 U87.18
G1 X129.462 Y106.666 E.08589 U88.184
G1 X129.401 Y105.667 E.08558 U89.185
G1 X129.392 Y104.666 E.08559 U90.186
G1 X129.436 Y103.666 E.08559 U91.187
G1 X129.516 Y102.808 E.07368 U92.049
G1 X129.624 Y102.012 E.06869 U92.852
G1 X129.807 Y101.027 E.08566 U93.854
G1 X130.041 Y100.054 E.08557 U94.854
G1 X130.325 Y99.095 E.08552 U95.855
G1 X130.659 Y98.15 E.0857 U96.857
G1 X130.987 Y97.354 E.07361 U97.718
G1 X131.323 Y96.624 E.06871 U98.521
G1 X131.786 Y95.735 E.08571 U99.524
G1 X132.293 Y94.873 E.08551 U100.524
G1 X132.848 Y94.035 E.08594 U101.529
G1 X133.235 Y93.502 E.05632 U102.188
G1 X133.861 Y92.716 E.08592 U103.193
G1 X134.523 Y91.967 E.08547 U104.192
G1 X135.226 Y91.252 E.08574 U105.195
G1 X135.859 Y90.669 E.07358 U106.055
G1 X136.472 Y90.149 E.06873 U106.859
G1 X137.267 Y89.539 E.08568 U107.861
G1 X138.093 Y88.972 E.08567 U108.863
G1 X138.826 Y88.52 E.07363 U109.724
G1 X139.526 Y88.127 E.06864 U110.527
G1 X140.424 Y87.68 E.08577 U111.53
G1 X141.341 Y87.281 E.08551 U112.53
G1 X142.278 Y86.931 E.08553 U113.531
G1 X143.232 Y86.63 E.08554 U114.531
G1 X144.205 Y86.378 E.08594 U115.536
G1 X144.85 Y86.241 E.05638 U116.195
G1 X145.84 Y86.075 E.08583 U117.199
G1 X146.834 Y85.962 E.08554 U118.2
G1 X147.834 Y85.901 E.08566 U119.201
G1 X148.473 Y85.894 E.05464 U119.84
G1 X148.499 Y86.408 F12000 U120.355
G1 F300
G1 X148.691 Y86.405 E.01642 U120.547
G1 X149.47 Y86.429 E.06664 U121.327
G1 X150.444 Y86.506 E.08354 U122.304
G1 X151.409 Y86.633 E.08322 U123.277
G1 X152.372 Y86.811 E.08374 U124.256
G1 X152.993 Y86.955 E.05451 U124.894
G1 X153.937 Y87.216 E.08375 U125.873
G1 X154.86 Y87.525 E.08323 U126.846
G1 X155.766 Y87.882 E.08326 U127.82
G1 X156.654 Y88.287 E.08345 U128.796
G1 X157.398 Y88.671 E.07159 U129.634
G1 X158.075 Y89.058 E.06668 U130.413
G1 X158.899 Y89.583 E.08354 U131.39
G1 X159.691 Y90.148 E.08319 U132.363
G1 X160.453 Y90.755 E.0833 U133.337
G1 X161.183 Y91.4 E.08329 U134.312
G1 X161.881 Y92.086 E.08368 U135.29
G1 X162.316 Y92.552 E.05451 U135.928
G1 X162.952 Y93.297 E.08376 U136.907
G1 X163.545 Y94.069 E.08324 U137.881
G1 X164.096 Y94.872 E.08327 U138.855
G1 X164.605 Y95.702 E.08325 U139.828
G1 X165.072 Y96.563 E.08375 U140.808
G1 X165.351 Y97.135 E.05442 U141.444
G1 X165.618 Y97.747 E.05709 U142.112
G1 X165.859 Y98.337 E.05449 U142.749
G1 X166.129 Y99.101 E.06929 U143.559
G1 X166.414 Y100.032 E.08325 U144.533
G1 X166.649 Y100.976 E.08318 U145.506
M73 P53 R25
G1 X166.835 Y101.932 E.08328 U146.48
G1 X166.97 Y102.896 E.08323 U147.453
G1 X167.055 Y103.865 E.08317 U148.426
G1 X167.093 Y105.325 E.12488 U149.886
G1 X167.051 Y106.297 E.08319 U150.859
G1 X166.957 Y107.272 E.08375 U151.839
G1 X166.868 Y107.903 E.05449 U152.476
G1 X166.689 Y108.872 E.08426 U153.462
G1 X166.545 Y109.493 E.05451 U154.099
G1 X166.284 Y110.437 E.08375 U155.078
G1 X165.975 Y111.36 E.08323 U156.052
G1 X165.616 Y112.272 E.0838 U157.032
G1 X165.357 Y112.854 E.05447 U157.669
G1 X164.919 Y113.73 E.08374 U158.648
G1 X164.44 Y114.578 E.08328 U159.622
G1 X163.917 Y115.399 E.08323 U160.596
G1 X163.352 Y116.191 E.08319 U161.569
G1 X162.746 Y116.953 E.08325 U162.542
G1 X162.1 Y117.683 E.08335 U163.517
G1 X161.414 Y118.381 E.08368 U164.496
G1 X160.948 Y118.816 E.05451 U165.133
G1 X160.203 Y119.452 E.08376 U166.113
G1 X159.431 Y120.045 E.08324 U167.086
G1 X158.628 Y120.596 E.08327 U168.06
G1 X157.793 Y121.108 E.08375 U169.039
M73 P53 R24
G1 X157.236 Y121.417 E.05446 U169.676
G1 X156.359 Y121.854 E.08378 U170.656
G1 X155.461 Y122.245 E.08375 U171.636
G1 X154.866 Y122.473 E.05448 U172.273
G1 X153.937 Y122.784 E.08377 U173.253
G1 X152.999 Y123.044 E.08323 U174.226
G1 X152.048 Y123.255 E.08329 U175.2
G1 X151.088 Y123.415 E.08322 U176.173
G1 X150.121 Y123.525 E.08322 U177.147
G1 X149.149 Y123.585 E.08327 U178.12
G1 X148.175 Y123.593 E.08328 U179.094
G1 X147.197 Y123.551 E.0837 U180.073
G1 X146.562 Y123.495 E.05451 U180.711
G1 X145.591 Y123.367 E.08374 U181.69
G1 X144.634 Y123.19 E.08322 U182.663
G1 X143.681 Y122.961 E.08381 U183.644
G1 X143.069 Y122.786 E.05443 U184.28
G1 X142.14 Y122.475 E.08377 U185.26
G1 X141.234 Y122.118 E.08326 U186.234
G1 X140.346 Y121.713 E.08345 U187.21
G1 X139.602 Y121.329 E.07159 U188.047
G1 X138.925 Y120.942 E.06668 U188.827
G1 X138.101 Y120.417 E.08354 U189.804
G1 X137.309 Y119.852 E.08319 U190.777
G1 X136.547 Y119.245 E.0833 U191.751
G1 X135.817 Y118.6 E.08329 U192.725
G1 X135.119 Y117.914 E.08368 U193.704
G1 X134.684 Y117.448 E.05451 U194.341
G1 X134.048 Y116.703 E.08376 U195.321
G1 X133.455 Y115.931 E.08324 U196.294
G1 X132.9 Y115.123 E.08382 U197.274
G1 X132.563 Y114.583 E.05443 U197.911
G1 X132.081 Y113.73 E.08377 U198.891
G1 X131.646 Y112.859 E.08325 U199.864
G1 X131.258 Y111.966 E.08325 U200.838
G1 X130.917 Y111.054 E.08325 U201.811
G1 X130.624 Y110.126 E.08321 U202.785
G1 X130.38 Y109.183 E.08329 U203.759
G1 X130.185 Y108.223 E.08376 U204.738
G1 X130.085 Y107.594 E.05446 U205.375
G1 X129.975 Y106.621 E.08373 U206.354
G1 X129.915 Y105.649 E.08327 U207.328
G1 X129.907 Y104.675 E.08328 U208.302
G1 X129.949 Y103.701 E.08336 U209.277
G1 X130.027 Y102.867 E.07162 U210.115
G1 X130.132 Y102.094 E.0667 U210.895
G1 X130.31 Y101.134 E.08348 U211.871
G1 X130.537 Y100.187 E.08327 U212.845
G1 X130.814 Y99.253 E.0833 U213.819
G1 X131.14 Y98.334 E.08338 U214.794
G1 X131.458 Y97.559 E.07163 U215.632
G1 X131.784 Y96.851 E.06665 U216.412
G1 X132.235 Y95.984 E.08356 U217.389
G1 X132.73 Y95.146 E.08322 U218.362
G1 X133.27 Y94.329 E.08374 U219.341
G1 X133.645 Y93.813 E.05454 U219.979
G1 X134.255 Y93.047 E.08373 U220.959
G1 X134.9 Y92.317 E.08329 U221.933
G1 X135.583 Y91.622 E.08332 U222.907
G1 X136.199 Y91.054 E.07164 U223.745
G1 X136.795 Y90.55 E.06674 U224.526
G1 X137.569 Y89.955 E.08348 U225.502
G1 X138.373 Y89.403 E.08339 U226.477
G1 X139.086 Y88.963 E.07164 U227.315
G1 X139.767 Y88.582 E.06672 U228.095
G1 X140.641 Y88.146 E.08351 U229.072
G1 X141.534 Y87.758 E.08325 U230.046
G1 X142.446 Y87.417 E.08325 U231.019
G1 X143.374 Y87.124 E.08321 U231.992
G1 X144.323 Y86.879 E.0838 U232.973
G1 X144.946 Y86.746 E.05447 U233.61
G1 X145.912 Y86.585 E.08374 U234.589
G1 X146.879 Y86.475 E.08322 U235.562
G1 X147.853 Y86.415 E.08344 U236.538
G1 X148.469 Y86.408 E.05267 U237.154
G1 X148.494 Y86.922 F12000 U237.669
G1 F300
G1 X148.686 Y86.92 E.01642 U237.861
G1 X149.442 Y86.943 E.06467 U238.617
G1 X150.39 Y87.017 E.08131 U239.568
G1 X151.329 Y87.141 E.08099 U240.515
G1 X152.268 Y87.315 E.08166 U241.47
G1 X152.866 Y87.453 E.05248 U242.084
G1 X153.787 Y87.708 E.08171 U243.039
G1 X154.684 Y88.009 E.0809 U243.986
G1 X155.565 Y88.356 E.08096 U244.932
G1 X156.429 Y88.749 E.08116 U245.882
G1 X157.152 Y89.123 E.0696 U246.696
G1 X157.809 Y89.499 E.06473 U247.453
G1 X158.611 Y90.009 E.08127 U248.403
G1 X159.382 Y90.559 E.08098 U249.35
G1 X160.123 Y91.149 E.08099 U250.297
G1 X160.832 Y91.776 E.08093 U251.244
G1 X161.513 Y92.445 E.08163 U252.198
G1 X161.932 Y92.895 E.05257 U252.813
G1 X162.552 Y93.621 E.08163 U253.768
G1 X163.129 Y94.372 E.08098 U254.715
G1 X163.665 Y95.152 E.08092 U255.661
G1 X164.159 Y95.959 E.0809 U256.608
G1 X164.615 Y96.798 E.08165 U257.563
G1 X164.884 Y97.351 E.05258 U258.178
G1 X165.146 Y97.952 E.05606 U258.833
G1 X165.379 Y98.521 E.05257 U259.448
G1 X165.642 Y99.265 E.06747 U260.237
G1 X165.918 Y100.169 E.08082 U261.182
G1 X166.147 Y101.088 E.08098 U262.129
G1 X166.328 Y102.017 E.08093 U263.076
G1 X166.459 Y102.954 E.0809 U264.022
G1 X166.542 Y103.896 E.08086 U264.968
G1 X166.579 Y105.316 E.12146 U266.388
G1 X166.538 Y106.261 E.08088 U267.334
G1 X166.446 Y107.212 E.08169 U268.289
G1 X166.361 Y107.82 E.05249 U268.903
G1 X166.185 Y108.768 E.08244 U269.868
G1 X166.047 Y109.366 E.05248 U270.481
G1 X165.792 Y110.287 E.08171 U271.437
G1 X165.491 Y111.184 E.0809 U272.383
G1 X165.141 Y112.073 E.08169 U273.338
G1 X164.891 Y112.634 E.05252 U273.953
G1 X164.465 Y113.489 E.08168 U274.908
G1 X163.999 Y114.313 E.08094 U275.855
G1 X163.491 Y115.111 E.08089 U276.801
G1 X162.941 Y115.882 E.08098 U277.748
G1 X162.352 Y116.623 E.08094 U278.694
G1 X161.724 Y117.332 E.08098 U279.641
G1 X161.055 Y118.013 E.08163 U280.596
G1 X160.605 Y118.432 E.05257 U281.211
G1 X159.879 Y119.052 E.08163 U282.166
G1 X159.128 Y119.629 E.08098 U283.113
G1 X158.348 Y120.165 E.08092 U284.059
G1 X157.534 Y120.664 E.08164 U285.014
G1 X156.996 Y120.962 E.05259 U285.629
G1 X156.142 Y121.388 E.0816 U286.583
G1 X155.266 Y121.769 E.08168 U287.538
G1 X154.692 Y121.989 E.05256 U288.153
G1 X153.787 Y122.292 E.0816 U289.108
G1 X152.874 Y122.545 E.08101 U290.055
G1 X151.95 Y122.75 E.08093 U291.001
G1 X151.017 Y122.906 E.08088 U291.947
G1 X150.076 Y123.013 E.08098 U292.894
G1 X149.131 Y123.071 E.08095 U293.841
G1 X148.184 Y123.079 E.08098 U294.788
G1 X147.23 Y123.037 E.08165 U295.743
G1 X146.618 Y122.984 E.05252 U296.357
G1 X145.671 Y122.859 E.08168 U297.313
G1 X144.741 Y122.687 E.08087 U298.258
G1 X143.812 Y122.464 E.08169 U299.214
G1 X143.221 Y122.294 E.05258 U299.829
G1 X142.316 Y121.991 E.0816 U300.783
CUT
G1 X141.435 Y121.644 E.08096
G1 X140.571 Y121.251 E.08116
G1 X139.848 Y120.877 E.0696
G1 X139.191 Y120.501 E.06473
G1 X138.389 Y119.991 E.08127
G1 X137.618 Y119.441 E.08098
M73 P54 R24

G1 X136.877 Y118.851 E.08099
G1 X136.168 Y118.224 E.08093
G1 X135.487 Y117.555 E.08163
G1 X135.068 Y117.105 E.05257
G1 X134.448 Y116.379 E.08163
G1 X133.872 Y115.628 E.08093
G1 X133.331 Y114.841 E.08166
G1 X133.005 Y114.32 E.05255
G1 X132.535 Y113.489 E.08163
G1 X132.112 Y112.642 E.08095
G1 X131.735 Y111.774 E.08092
G1 X131.403 Y110.887 E.08098
G1 X131.119 Y109.984 E.08094
G1 X130.882 Y109.068 E.0809
G1 X130.691 Y108.132 E.08168
G1 X130.595 Y107.525 E.05255
G1 X130.487 Y106.576 E.08167
G1 X130.429 Y105.631 E.08095
G1 X130.421 Y104.684 E.08098
G1 X130.462 Y103.736 E.08113
G1 X130.538 Y102.925 E.06965
G1 X130.64 Y102.175 E.06472
G1 X130.813 Y101.241 E.08122
G1 X131.034 Y100.32 E.08099
G1 X131.303 Y99.412
G1 X131.62 Y98.517
G1 X131.929 Y97.764
G1 X132.246 Y97.077
G1 X132.685 Y96.234
G1 X133.166 Y95.418
G1 X133.693 Y94.622
G1 X134.054 Y94.125
G1 X134.649 Y93.377
G1 X135.276 Y92.668
G1 X135.941 Y91.991
G1 X136.54 Y91.439
G1 X137.117 Y90.95
G1 X137.872 Y90.372
G1 X138.654 Y89.834
G1 X139.347 Y89.406
G1 X140.007 Y89.036
G1 X140.858 Y88.612
G1 X141.726 Y88.235
G1 X142.613 Y87.903
G1 X143.516 Y87.619
G1 X144.441 Y87.379
G1 X145.042 Y87.252
G1 X145.983 Y87.094
G1 X146.924 Y86.987
G1 X147.872 Y86.929
G1 X148.464 Y86.922
G1 E-8 F1500
G1 Z3.32 F3000
G1 X151.525 Y88.207 F12000
G1 Z3.12 F3000
G1 E10 F1500
;TYPE:Internal infill
G1 E-30 F1500
G1 Z8.120000000000001 F300.0
G1 F12000.0
T0
G1 Z3.12 F300.0
G1 E32.0 F1500
G1 F12000.0
;WIDTH:0.675
G1 F509.2
G1 X149.773 Y87.984 E.17304
G1 X149.132 Y88.387 E.07418
G1 X148.5 Y88.62 E.066
G1 X147.868 Y88.725 E.06277
G1 X147.236 Y88.696 E.06199
G1 X146.604 Y88.466 E.06589
G1 X146.158 Y88.093 E.05697
G1 X144.424 Y88.426 E.173
G1 E-8 F1500
G1 Z3.32 F3000
G1 X138.054 Y91.508 F12000
G1 Z3.12 F3000
G1 E10 F1500
G1 F509.2
G1 X136.712 Y92.657 E.1731
G1 X137.122 Y93.049 E.05558
G1 X137.754 Y93.445 E.07307
G1 X138.386 Y93.677 E.06596
G1 X139.018 Y93.782 E.06277
G1 X139.65 Y93.753 E.06199
G1 X140.282 Y93.523 E.06589
G1 X140.914 Y92.993 E.08081
G1 X141.546 Y92.271 E.09401
G1 X142.179 Y91.666 E.08579
G1 X142.811 Y91.27 E.07307
G1 X143.443 Y91.037 E.066
G1 X144.075 Y90.932 E.06277
G1 X144.707 Y90.962 E.06199
G1 X145.339 Y91.191 E.06586
G1 X145.971 Y91.721 E.08081
G1 X146.604 Y92.444 E.09415
G1 X147.236 Y93.049 E.08572
G1 X147.868 Y93.445 E.07307
G1 X148.5 Y93.677 E.06596
G1 X149.132 Y93.782 E.06277
G1 X149.764 Y93.753 E.06199
G1 X150.396 Y93.523 E.06589
G1 X151.029 Y92.993 E.08089
G1 X151.661 Y92.271 E.09401
G1 X152.293 Y91.666 E.08572
G1 X152.925 Y91.27 E.07307
G1 X153.557 Y91.037 E.066
G1 X154.189 Y90.932 E.06277
G1 X154.821 Y90.962 E.06199
G1 X155.454 Y91.191 E.06595
G1 X156.086 Y91.721 E.08081
G1 X156.718 Y92.444 E.09409
G1 X157.35 Y93.049 E.08572
G1 X157.982 Y93.445 E.07307
G1 X158.614 Y93.677 E.06596
G1 X159.246 Y93.782 E.06277
G1 X159.878 Y93.753 E.06199
G1 X160.511 Y93.523 E.06599
G1 X160.861 Y93.23 E.04472
G1 X161.761 Y94.252 E.13343
G1 X162.996 Y95.991 E.20898
G1 X162.407 Y96.019 E.05777
G1 X161.775 Y96.248 E.06586
G1 X161.143 Y96.778 E.08081
G1 X160.511 Y97.501 E.09409
G1 X159.878 Y98.106 E.08579
G1 X159.246 Y98.502 E.07307
G1 X158.614 Y98.734 E.06596
G1 X157.982 Y98.839 E.06277
G1 X157.35 Y98.81 E.06199
G1 X156.718 Y98.58 E.06589
G1 X156.086 Y98.05 E.08081
G1 X155.454 Y97.328 E.09401
G1 X154.821 Y96.723 E.08579
G1 X154.189 Y96.327 E.07307
G1 X153.557 Y96.095 E.06596
G1 X152.925 Y95.989 E.06279
G1 X152.293 Y96.019 E.06199
G1 X151.661 Y96.248 E.06586
G1 X151.029 Y96.778 E.08081
G1 X150.396 Y97.501 E.09415
G1 X149.764 Y98.106 E.08572
G1 X149.132 Y98.502 E.07307
G1 X148.5 Y98.734 E.06596
G1 X147.868 Y98.839 E.06277
G1 X147.236 Y98.81 E.06199
G1 X146.604 Y98.58 E.06589
G1 X145.971 Y98.05 E.08089
G1 X145.339 Y97.328 E.09401
G1 X144.707 Y96.723 E.08572
G1 X144.075 Y96.327 E.07307
G1 X143.443 Y96.095 E.06596
G1 X142.811 Y95.989 E.06279
G1 X142.179 Y96.019 E.06199
G1 X141.546 Y96.248 E.06595
G1 X140.914 Y96.778 E.08081
G1 X140.282 Y97.501 E.09409
G1 X139.65 Y98.106 E.08572
G1 X139.018 Y98.502 E.07307
G1 X138.386 Y98.734 E.06596
G1 X137.754 Y98.839 E.06277
G1 X137.122 Y98.81 E.06199
G1 X136.489 Y98.58 E.06599
G1 X135.857 Y98.05 E.08081
G1 X135.225 Y97.328 E.09401
G1 X134.593 Y96.723 E.08572
G1 X133.833 Y96.28 E.08619
G1 X133.008 Y97.842 E.17308
G1 E-8 F1500
G1 Z3.32 F3000
G1 X133.471 Y113.088 F12000
G1 Z3.12 F3000
G1 E10 F1500
G1 F509.2
G1 X132.716 Y111.491 E.17307
G1 X133.329 Y111.266 E.06398
G1 X133.961 Y111.161 E.06277
G1 X134.593 Y111.19 E.06199
G1 X135.225 Y111.42 E.06589
G1 X135.857 Y111.95 E.08081
G1 X136.489 Y112.672 E.09401
G1 X137.122 Y113.277 E.08579
G1 X137.754 Y113.673 E.07307
G1 X138.386 Y113.905 E.06596
G1 X139.018 Y114.011 E.06279
G1 X139.65 Y113.981 E.06199
G1 X140.282 Y113.752 E.06586
G1 X140.914 Y113.222 E.08081
G1 X141.546 Y112.499 E.09409
G1 X142.179 Y111.894 E.08579
G1 X142.811 Y111.498 E.07307
G1 X143.443 Y111.266 E.06596
G1 X144.075 Y111.161 E.06277
G1 X144.707 Y111.19 E.06199
G1 X145.339 Y111.42 E.06589
G1 X145.971 Y111.95 E.08081
G1 X146.604 Y112.672 E.09408
G1 X147.236 Y113.277 E.08572
G1 X147.868 Y113.673 E.07307
G1 X148.5 Y113.905 E.06596
G1 X149.132 Y114.011 E.06279
G1 X149.764 Y113.981 E.06199
G1 X150.396 Y113.752 E.06586
G1 X151.029 Y113.222 E.08089
G1 X151.661 Y112.499 E.09409
G1 X152.293 Y111.894 E.08572
G1 X152.925 Y111.498 E.07307
G1 X153.557 Y111.266 E.06596
G1 X154.189 Y111.161 E.06277
G1 X154.821 Y111.19 E.06199
G1 X155.454 Y111.42 E.06599
G1 X156.086 Y111.95 E.08081
G1 X156.718 Y112.672 E.09401
G1 X157.35 Y113.277 E.08572
G1 X157.982 Y113.673 E.07307
G1 X158.614 Y113.905 E.06596
G1 X159.246 Y114.011 E.06279
G1 X159.878 Y113.981 E.06199
G1 X160.511 Y113.752 E.06595
G1 X161.143 Y113.222 E.08081
G1 X161.775 Y112.499 E.09409
G1 X162.407 Y111.894 E.08572
G1 X163.039 Y111.498 E.07307
G1 X163.671 Y111.266 E.06596
G1 X164.411 Y111.166 E.07316
G1 X165.066 Y109.117 E.21076
G1 X165.413 Y107.293 E.18192
G1 X164.936 Y106.837 E.06466
G1 X164.303 Y106.441 E.07316
G1 X163.671 Y106.209 E.06596
G1 X163.039 Y106.104 E.06277
G1 X162.407 Y106.133 E.06199
G1 X161.775 Y106.362 E.06586
G1 X161.143 Y106.893 E.08088
G1 X160.511 Y107.615 E.09401
G1 X159.878 Y108.22 E.08579
G1 X159.246 Y108.616 E.07307
G1 X158.614 Y108.848 E.06596
G1 X157.982 Y108.954 E.06279
G1 X157.35 Y108.924 E.06199
G1 X156.718 Y108.695 E.06586
G1 X156.086 Y108.165 E.08081
G1 X155.454 Y107.442 E.09409
G1 X154.821 Y106.837 E.08579
G1 X154.189 Y106.441 E.07307
G1 X153.557 Y106.209 E.06596
G1 X152.925 Y106.104 E.06277
G1 X152.293 Y106.133 E.06199
G1 X151.661 Y106.362 E.06586
G1 X151.029 Y106.893 E.08088
G1 X150.396 Y107.615 E.09408
G1 X149.764 Y108.22 E.08572
G1 X149.132 Y108.616 E.07307
G1 X148.5 Y108.848 E.06596
G1 X147.868 Y108.954 E.06279
G1 X147.236 Y108.924 E.06199
G1 X146.604 Y108.695 E.06586
G1 X145.971 Y108.165 E.08089
G1 X145.339 Y107.442 E.09409
G1 X144.707 Y106.837 E.08572
G1 X144.075 Y106.441 E.07307
G1 X143.443 Y106.209 E.06596
G1 X142.811 Y106.104 E.06277
G1 X142.179 Y106.133 E.06199
G1 X141.546 Y106.362 E.06595
G1 X140.914 Y106.893 E.08088
G1 X140.282 Y107.615 E.09401
G1 X139.65 Y108.22 E.08572
G1 X139.018 Y108.616 E.07307
G1 X138.386 Y108.848 E.06596
G1 X137.754 Y108.954 E.06279
G1 X137.122 Y108.924 E.06199
G1 X136.489 Y108.695 E.06595
G1 X135.857 Y108.165 E.08081
G1 X135.225 Y107.442 E.09409
G1 X134.593 Y106.837 E.08572
G1 X133.961 Y106.441 E.07307
G1 X133.329 Y106.209 E.06596
G1 X132.697 Y106.104 E.06277
G1 X132.064 Y106.133 E.06208
G1 X131.487 Y106.343 E.06016
G1 X131.433 Y104.702 E.16087
G1 X131.473 Y103.805 E.08797
G1 X131.674 Y102.154 E.16296
G1 X132.064 Y101.78 E.05294
G1 X132.697 Y101.384 E.07316
M73 P55 R24
G1 X133.329 Y101.152 E.06596
G1 X133.961 Y101.046 E.06279
G1 X134.593 Y101.076 E.06199
G1 X135.225 Y101.305 E.06586
G1 X135.857 Y101.835 E.08081
G1 X136.489 Y102.558 E.09409
G1 X137.122 Y103.163 E.08579
G1 X137.754 Y103.559 E.07307
G1 X138.386 Y103.791 E.06596
M73 P55 R23
G1 X139.018 Y103.896 E.06277
G1 X139.65 Y103.867 E.06199
G1 X140.282 Y103.638 E.06586
G1 X140.914 Y103.107 E.08088
G1 X141.546 Y102.385 E.09401
G1 X142.179 Y101.78 E.08579
G1 X142.811 Y101.384 E.07307
G1 X143.443 Y101.152 E.06596
G1 X144.075 Y101.046 E.06279
G1 X144.707 Y101.076 E.06199
G1 X145.339 Y101.305 E.06586
G1 X145.971 Y101.835 E.08081
G1 X146.604 Y102.558 E.09415
G1 X147.236 Y103.163 E.08572
G1 X147.868 Y103.559 E.07307
G1 X148.5 Y103.791 E.06596
G1 X149.132 Y103.896 E.06277
G1 X149.764 Y103.867 E.06199
G1 X150.396 Y103.638 E.06586
G1 X151.029 Y103.107 E.08095
G1 X151.661 Y102.385 E.09401
G1 X152.293 Y101.78 E.08572
G1 X152.925 Y101.384 E.07307
G1 X153.557 Y101.152 E.06596
G1 X154.189 Y101.046 E.06279
G1 X154.821 Y101.076 E.06199
G1 X155.454 Y101.305 E.06595
G1 X156.086 Y101.835 E.08081
G1 X156.718 Y102.558 E.09409
G1 X157.35 Y103.163 E.08572
G1 X157.982 Y103.559 E.07307
G1 X158.614 Y103.791 E.06596
G1 X159.246 Y103.896 E.06277
G1 X159.878 Y103.867 E.06199
G1 X160.511 Y103.638 E.06595
G1 X161.143 Y103.107 E.08088
G1 X161.775 Y102.385 E.09401
G1 X162.407 Y101.78 E.08572
G1 X163.039 Y101.384 E.07307
G1 X163.671 Y101.152 E.06596
G1 X164.303 Y101.046 E.06279
G1 X164.936 Y101.076 E.06209
G1 X165.123 Y101.144 E.0195
G1 X165.433 Y102.883 E.17307
G1 E-8 F1500
G1 Z3.32 F3000
G1 X161.409 Y117.049 F12000
G1 Z3.12 F3000
G1 E10 F1500
;TYPE:Solid infill
;WIDTH:0.675013
G1 F509.189
G1 X160.755 Y117.714 E.09139
G1 X160.319 Y118.12 E.05837
G1 X159.607 Y118.728 E.09174
G1 X158.873 Y119.29 E.09058
G1 X158.111 Y119.814 E.09061
G1 X157.315 Y120.301 E.09143
G1 X156.794 Y120.59 E.05838
G1 X155.956 Y121.007 E.09171
G1 X155.1 Y121.379 E.09145
G1 X154.543 Y121.592 E.05843
G1 X153.655 Y121.889 E.09174
G1 X152.764 Y122.136 E.09059
G1 X151.862 Y122.335 E.0905
G1 X150.95 Y122.488 E.09061
G1 X150.031 Y122.592 E.09062
G1 X149.109 Y122.648 E.0905
G1 X148.185 Y122.656 E.09054
G1 X147.32 Y122.618 E.08483
G1 X146.658 Y122.562 E.06509
G1 X145.73 Y122.44 E.09171
G1 X144.821 Y122.271 E.09059
G1 X143.914 Y122.053 E.0914
G1 X143.341 Y121.888 E.05842
G1 X142.453 Y121.591 E.09174
G1 X141.593 Y121.252 E.09057
G1 X140.751 Y120.868 E.09067
G1 X140.13 Y120.546 E.06854
G1 X139.403 Y120.135 E.08183
G1 X138.619 Y119.635 E.09111
G1 X137.867 Y119.098 E.09054
G1 X137.143 Y118.522 E.09065
G1 X136.451 Y117.909 E.09058
G1 X135.786 Y117.255 E.09139
G1 X135.38 Y116.819 E.05837
G1 X134.772 Y116.107 E.09174
G1 X134.21 Y115.373 E.09058
G1 X133.68 Y114.601 E.09175
;WIDTH:0.674405
G1 X133.206 Y113.821 E.08934
;WIDTH:0.674983
G1 X132.861 Y113.195 E.07003
G1 X132.495 Y112.462 E.08027
G1 X132.125 Y111.608 E.09119
G1 X131.801 Y110.742 E.09059
G1 X131.524 Y109.86 E.09058
G1 X131.292 Y108.965 E.09059
G1 X131.107 Y108.05 E.09146
G1 X131.014 Y107.461 E.05842
G1 X130.908 Y106.531 E.09171
G1 X130.852 Y105.609 E.0905
G1 X130.844 Y104.684 E.09063
G1 X130.885 Y103.758 E.09081
G1 X130.96 Y102.961 E.07843
G1 X131.059 Y102.236 E.07169
G1 X131.232 Y101.31 E.09229
;WIDTH:0.674427
G1 X131.449 Y100.423 E.08938
;WIDTH:0.668301
G1 F515.057
G1 X131.711 Y99.537 E.08949
;WIDTH:0.668651
G1 F514.748
G1 X132.02 Y98.665 E.08967
;WIDTH:0.674991
G1 F509.208
G1 X132.284 Y98.015 E.06874
G1 X132.63 Y97.257 E.08164
G1 X133.059 Y96.432 E.09111
G1 X133.529 Y95.637 E.09048
G1 X134.006 Y94.914 E.08486
G1 X134.395 Y94.376 E.06505
G1 X134.978 Y93.643 E.09176
G1 X135.591 Y92.951 E.09058
G1 X136.241 Y92.29 E.09083
G1 X136.83 Y91.748 E.07842
G1 X137.388 Y91.276 E.07161
G1 X138.127 Y90.71 E.0912
G1 X138.891 Y90.185 E.09082
G1 X139.573 Y89.765 E.07847
G1 X140.211 Y89.408 E.07163
G1 X141.044 Y88.993 E.09118
G1 X141.892 Y88.625 E.09057
G1 X142.758 Y88.301 E.09059
G1 X143.64 Y88.025 E.09055
;WIDTH:0.672449
G1 F511.415
G1 X144.544 Y87.793 E.09105
;WIDTH:0.675009
G1 F509.193
G1 X145.131 Y87.666 E.05884
G1 X146.05 Y87.512 E.0913
G1 X146.969 Y87.408 E.09062
G1 X147.895 Y87.352 E.09089
G1 X149.164 Y87.354 E.12434
G1 X150.353 Y87.439 E.11679
G1 X151.27 Y87.56 E.09063
G1 X152.188 Y87.731 E.09149
G1 X152.873 Y87.894 E.06899
G1 X153.664 Y88.113 E.08042
G1 X154.547 Y88.409 E.09125
G1 X155.407 Y88.748 E.09057
G1 X156.25 Y89.133 E.0908
G1 X156.961 Y89.501 E.07844
G1 X157.596 Y89.864 E.07167
G1 X158.381 Y90.365 E.09124
G1 X159.133 Y90.902 E.09054
G1 X159.857 Y91.478 E.09065
G1 X160.549 Y92.091 E.09058
G1 X161.214 Y92.745 E.09139
G1 X161.691 Y93.264 E.06907
G1 X162.224 Y93.888 E.08041
G1 X162.79 Y94.627 E.0912
G1 X163.32 Y95.399 E.09175
;WIDTH:0.674429
G1 X163.794 Y96.179 E.08934
;WIDTH:0.669329
G1 F514.149
G1 X164.239 Y96.999 E.09053
;WIDTH:0.675009
G1 F509.193
G1 X164.504 Y97.537 E.05876
G1 X164.879 Y98.4 E.09219
G1 X165.092 Y98.957 E.05843
G1 X165.389 Y99.845 E.09174
G1 X165.636 Y100.735 E.0905
G1 X165.835 Y101.638 E.0906
G1 X165.988 Y102.55 E.09061
G1 X166.092 Y103.469 E.09062
G1 X166.148 Y104.391 E.0905
G1 X166.156 Y105.316 E.09063
G1 X166.115 Y106.239 E.09052
G1 X166.025 Y107.169 E.09155
G1 X165.942 Y107.759 E.05838
G1 X165.769 Y108.688 E.09259
G1 X165.635 Y109.268 E.05832
G1 X165.385 Y110.17 E.09171
G1 X165.091 Y111.047 E.09063
G1 X164.747 Y111.918 E.09175
;WIDTH:0.674405
G1 X164.362 Y112.755 E.09018
;WIDTH:0.675015
G1 X164.092 Y113.29 E.05872
G1 X163.632 Y114.101 E.09135
G1 X163.135 Y114.881 E.09062
G1 X162.598 Y115.633 E.09054
G1 X162.022 Y116.357 E.09065
G1 X161.605 Y116.828 E.06164
G1 E-8 F1500
G1 Z3.32 F3000
G1 X156.712 Y119.962 F12000
G1 Z3.12 F3000
G1 E10 F1500
;TYPE:Internal infill
;WIDTH:0.675
G1 F509.2
G1 X158.213 Y119.029 E.17316
G1 X157.35 Y119.038 E.08456
G1 X156.718 Y118.809 E.06586
G1 X156.086 Y118.279 E.08081
G1 X155.454 Y117.556 E.09409
G1 X154.821 Y116.951 E.08579
G1 X154.189 Y116.555 E.07307
G1 X153.557 Y116.323 E.06596
G1 X152.925 Y116.218 E.06277
G1 X152.293 Y116.247 E.06199
G1 X151.661 Y116.477 E.06589
G1 X151.029 Y117.007 E.08081
G1 X150.396 Y117.729 E.09408
G1 X149.764 Y118.334 E.08572
G1 X149.132 Y118.73 E.07307
G1 X148.5 Y118.963 E.066
G1 X147.868 Y119.068 E.06277
G1 X147.236 Y119.038 E.06199
G1 X146.604 Y118.809 E.06586
G1 X145.971 Y118.279 E.08089
G1 X145.339 Y117.556 E.09409
G1 X144.707 Y116.951 E.08572
G1 X144.075 Y116.555 E.07307
G1 X143.443 Y116.323 E.06596
G1 X142.811 Y116.218 E.06277
G1 X142.179 Y116.247 E.06199
G1 X141.546 Y116.477 E.06599
G1 X140.914 Y117.007 E.08081
G1 X140.282 Y117.729 E.09401
G1 X139.65 Y118.334 E.08572
G1 X139.018 Y118.73 E.07307
G1 X138.587 Y118.889 E.04501
G1 X140.075 Y119.841 E.17308
G1 E-8 F1500
G1 Z3.32 F3000
G1 X141.945 Y120.757 F12000
G1 Z3.12 F3000
G1 E10 F1500
G1 F509.2
G1 X143.609 Y121.352 E.17314
G1 X144.075 Y121.275 E.04628
G1 X144.707 Y121.304 E.06199
G1 X145.339 Y121.534 E.06589
G1 X145.698 Y121.835 E.0459
G1 X147.453 Y122.036 E.17307
;LAYER_CHANGE
;Z:3.52
;HEIGHT:0.4

G1 E-8 F1500
G1 Z3.52 F3000
;AFTER_LAYER_CHANGE
;3.52
G92 E0
_ON_LAYER_CHANGE LAYER=9
G1 Z3.72
G1 X148.508 Y85.342 F12000
G1 Z3.52 F3000
G1 E10 F1500
;TYPE:External perimeter
;WIDTH:0.675
G1 F509.2
G1 X148.728 Y85.34 E.02156
G1 X149.528 Y85.364 E.07842
G1 X150.555 Y85.445 E.10094
G1 X151.576 Y85.58 E.10091
G1 X152.588 Y85.767 E.10083
G1 X153.478 Y85.979 E.08964
G1 X154.248 Y86.197 E.07841
G1 X155.225 Y86.523 E.10091
G1 X156.183 Y86.901 E.1009
G1 X157.12 Y87.328 E.10089
G1 X157.932 Y87.748 E.08957
G1 X158.626 Y88.146 E.07838
G1 X159.495 Y88.699 E.10092
G1 X160.333 Y89.297 E.10087
G1 X161.139 Y89.938 E.1009
G1 X161.91 Y90.62 E.10085
G1 X162.644 Y91.342 E.10088
G1 X163.263 Y92.014 E.08952
G1 X163.78 Y92.625 E.07842
G1 X164.407 Y93.443 E.10098
G1 X164.991 Y94.292 E.10096
G1 X165.353 Y94.872 E.06699
G1 X165.861 Y95.769 E.101
G1 X166.32 Y96.69 E.10082
G1 X166.731 Y97.636 E.10106
G1 X166.976 Y98.274 E.06696
G1 X167.303 Y99.251 E.10094
G1 X167.578 Y100.243 E.10086
G1 X167.801 Y101.248 E.10086
G1 X167.971 Y102.264 E.10093
G1 X168.088 Y103.286 E.10079
G1 X168.15 Y104.314 E.1009
G1 X168.159 Y105.343 E.10082
G1 X168.114 Y106.372 E.10092
G1 X168.016 Y107.398 E.10098
G1 X167.921 Y108.074 E.06688
G1 X167.732 Y109.09 E.10125
G1 X167.579 Y109.755 E.06686
G1 X167.303 Y110.749 E.10107
G1 X166.977 Y111.725 E.10082
G1 X166.599 Y112.683 E.1009
G1 X166.172 Y113.621 E.10098
G1 X165.862 Y114.23 E.06695
G1 X165.354 Y115.127 E.101
G1 X164.801 Y115.995 E.10084
G1 X164.203 Y116.833 E.10087
G1 X163.562 Y117.639 E.1009
G1 X162.88 Y118.41 E.10085
G1 X162.158 Y119.145 E.10095
G1 X161.658 Y119.611 E.06697
G1 X160.874 Y120.281 E.10104
G1 X160.057 Y120.907 E.10084
G1 X159.209 Y121.49 E.10083
G1 X158.33 Y122.029 E.10102
G1 X157.732 Y122.36 E.06697
M73 P56 R23
G1 X156.81 Y122.82 E.10095
G1 X155.864 Y123.231 E.10106
G1 X155.226 Y123.476 E.06696
G1 X154.249 Y123.803 E.10094
G1 X153.257 Y124.078 E.10086
G1 X152.252 Y124.301 E.10086
G1 X151.236 Y124.471 E.10093
G1 X150.214 Y124.588 E.10079
G1 X149.186 Y124.65 E.1009
G1 X148.156 Y124.659 E.10092
G1 X147.243 Y124.622 E.08953
G1 X146.446 Y124.555 E.07836
G1 X145.424 Y124.42 E.101
G1 X144.412 Y124.233 E.10083
G1 X143.41 Y123.992 E.10097
G1 X142.753 Y123.804 E.06695
G1 X141.775 Y123.477 E.10104
G1 X140.817 Y123.099 E.1009
G1 X139.879 Y122.672 E.10098
G1 X139.27 Y122.362 E.06695
G1 X138.373 Y121.854 E.101
G1 X137.505 Y121.301 E.10084
G1 X136.667 Y120.703 E.10087
G1 X135.861 Y120.062 E.1009
G1 X135.09 Y119.38 E.10085
G1 X134.355 Y118.658 E.10095
G1 X133.889 Y118.158 E.06697
G1 X133.219 Y117.374 E.10104
G1 X132.593 Y116.557 E.10084
G1 X132.01 Y115.709 E.10083
G1 X131.472 Y114.831 E.10089
G1 X131.034 Y114.028 E.08962
G1 X130.68 Y113.31 E.07843
G1 X130.269 Y112.366 E.10088
G1 X129.909 Y111.401 E.10091
G1 X129.599 Y110.42 E.1008
G1 X129.342 Y109.423 E.10088
G1 X129.136 Y108.413 E.10099
G1 X129.029 Y107.738 E.06696
G1 X128.912 Y106.714 E.10098
G1 X128.85 Y105.686 E.1009
G1 X128.841 Y104.657 E.10082
G1 X128.886 Y103.628 E.10092
G1 X128.971 Y102.718 E.08955
G1 X129.08 Y101.925 E.07843
G1 X129.268 Y100.911 E.10104
G1 X129.421 Y100.245 E.06695
G1 X129.697 Y99.251 E.10107
G1 X130.023 Y98.275 E.10082
G1 X130.401 Y97.317 E.1009
G1 X130.828 Y96.381 E.1008
G1 X131.303 Y95.468 E.10084
G1 X131.826 Y94.58 E.10097
G1 X132.328 Y93.817 E.08949
G1 X132.796 Y93.168 E.0784
G1 X133.438 Y92.361 E.10104
G1 X134.12 Y91.59 E.10085
G1 X134.842 Y90.856 E.10088
G1 X135.514 Y90.237 E.08952
G1 X136.125 Y89.72 E.07842
G1 X136.943 Y89.093 E.10098
G1 X137.791 Y88.51 E.10083
G1 X138.57 Y88.03 E.08965
G1 X139.268 Y87.64 E.07834
G1 X140.19 Y87.18 E.10095
G1 X141.134 Y86.769 E.10088
G1 X142.099 Y86.409 E.10091
G1 X142.97 Y86.132 E.08955
G1 X143.742 Y85.922 E.07839
G1 X144.748 Y85.699 E.10096
G1 X145.764 Y85.529 E.10093
G1 X146.786 Y85.412 E.10079
G1 X147.814 Y85.35 E.1009
G1 X148.478 Y85.342 E.06506
G1 X149.078 Y85.351 F12000
G1 X148.503 Y85.894
;TYPE:Perimeter
G1 E-30 F1500
G1 Z8.52 F300.0
G1 F12000.0
T1
G1 Z3.52 F300.0
PRIME_FIBRE
G1 E45.0 F1500
G1 F12000.0
;WIDTH:0.6
G1 F300
G1 X148.723 Y85.891 E.01881
G1 X149.498 Y85.915 E.0663 U0.775
G1 X150.498 Y85.994 E.08577 U1.778
G1 X151.49 Y86.125 E.08556 U2.779
G1 X152.474 Y86.307 E.08556 U3.78
G1 X153.339 Y86.513 E.07603 U4.669
G1 X154.085 Y86.724 E.06629 U5.444
G1 X155.036 Y87.042 E.08574 U6.447
G1 X155.967 Y87.409 E.08557 U7.448
G1 X156.878 Y87.824 E.0856 U8.449
G1 X157.668 Y88.233 E.07606 U9.338
G1 X158.341 Y88.618 E.0663 U10.114
G1 X159.186 Y89.157 E.0857 U11.116
G1 X160.001 Y89.738 E.08558 U12.117
G1 X160.784 Y90.361 E.08556 U13.118
G1 X161.533 Y91.023 E.08547 U14.117
G1 X162.248 Y91.725 E.08568 U15.119
G1 X162.85 Y92.379 E.076 U16.008
G1 X163.35 Y92.972 E.06632 U16.784
G1 X163.961 Y93.767 E.08573 U17.786
G1 X164.53 Y94.595 E.0859 U18.791
G1 X164.879 Y95.154 E.05635 U19.45
G1 X165.374 Y96.028 E.08588 U20.454
G1 X165.82 Y96.924 E.08558 U21.455
G1 X166.221 Y97.845 E.08589 U22.46
G1 X166.457 Y98.46 E.05632 U23.119
G1 X166.776 Y99.413 E.08593 U24.124
G1 X167.043 Y100.377 E.08553 U25.124
G1 X167.259 Y101.353 E.08547 U26.123
G1 X167.425 Y102.34 E.08558 U27.124
G1 X167.538 Y103.334 E.08554 U28.125
G1 X167.599 Y104.333 E.08558 U29.126
G1 X167.608 Y105.334 E.08559 U30.127
G1 X167.564 Y106.333 E.0855 U31.127
G1 X167.468 Y107.333 E.0859 U32.131
G1 X167.376 Y107.986 E.05639 U32.791
G1 X167.192 Y108.977 E.08618 U33.799
G1 X167.044 Y109.62 E.05642 U34.458
G1 X166.776 Y110.587 E.0858 U35.462
G1 X166.458 Y111.536 E.08558 U36.463
G1 X166.091 Y112.467 E.08557 U37.463
G1 X165.675 Y113.381 E.08587 U38.468
G1 X165.376 Y113.968 E.05633 U39.126
G1 X164.881 Y114.843 E.08596 U40.132
G1 X164.343 Y115.686 E.08551 U41.132
G1 X163.762 Y116.501 E.08558 U42.133
G1 X163.14 Y117.284 E.0855 U43.133
G1 X162.477 Y118.033 E.08553 U44.133
G1 X161.773 Y118.75 E.08592 U45.138
G1 X161.29 Y119.199 E.05639 U45.797
G1 X160.527 Y119.852 E.08587 U46.802
G1 X159.733 Y120.461 E.08556 U47.802
G1 X158.908 Y121.027 E.08555 U48.803
G1 X158.052 Y121.552 E.08586 U49.807
G1 X157.475 Y121.872 E.05642 U50.467
G1 X156.576 Y122.32 E.08588 U51.471
G1 X155.655 Y122.721 E.08589 U52.476
G1 X155.04 Y122.957 E.05632 U53.134
G1 X154.087 Y123.276 E.08593 U54.139
G1 X153.123 Y123.543 E.08553 U55.14
G1 X152.147 Y123.759 E.08547 U56.139
G1 X151.16 Y123.925 E.08558 U57.14
G1 X150.166 Y124.038 E.08554 U58.14
G1 X149.167 Y124.099 E.08558 U59.141
G1 X148.165 Y124.108 E.08568 U60.143
G1 X147.277 Y124.071 E.07599 U61.032
G1 X146.505 Y124.006 E.06624 U61.807
G1 X145.51 Y123.875 E.08581 U62.81
G1 X144.527 Y123.693 E.08548 U63.81
G1 X143.55 Y123.458 E.08592 U64.815
G1 X142.916 Y123.277 E.05638 U65.474
G1 X141.964 Y122.958 E.08585 U66.478
G1 X141.033 Y122.591 E.08557 U67.479
G1 X140.119 Y122.175 E.08587 U68.483
G1 X139.532 Y121.876 E.05633 U69.142
G1 X138.657 Y121.381 E.08596 U70.147
G1 X137.814 Y120.843 E.08551 U71.147
G1 X136.999 Y120.262 E.08558 U72.148
G1 X136.216 Y119.639 E.08556 U73.149
G1 X135.467 Y118.977 E.08547 U74.149
G1 X134.75 Y118.273 E.08592 U75.153
G1 X134.301 Y117.79 E.05639 U75.813
G1 X133.648 Y117.027 E.08587 U76.817
G1 X133.039 Y116.233 E.08556 U77.818
G1 X132.473 Y115.408 E.08555 U78.818
G1 X131.949 Y114.554 E.08567 U79.82
G1 X131.523 Y113.774 E.07599 U80.709
G1 X131.181 Y113.078 E.06631 U81.484
G1 X130.781 Y112.159 E.0857 U82.487
G1 X130.431 Y111.222 E.08553 U83.487
G1 X130.13 Y110.268 E.08554 U84.487
G1 X129.879 Y109.299 E.08559 U85.488
G1 X129.679 Y108.315 E.08586 U86.492
G1 X129.576 Y107.664 E.05636 U87.152
G1 X129.462 Y106.666 E.08589 U88.156
G1 X129.401 Y105.667 E.08558 U89.157
G1 X129.392 Y104.666 E.08559 U90.158
G1 X129.436 Y103.666 E.08559 U91.159
G1 X129.519 Y102.781 E.076 U92.048
G1 X129.624 Y102.013 E.06628 U92.823
G1 X129.808 Y101.023 E.0861 U93.83
G1 X129.956 Y100.38 E.05642 U94.49
G1 X130.224 Y99.413 E.0858 U95.493
G1 X130.542 Y98.464 E.08558 U96.494
G1 X130.909 Y97.533 E.08557 U97.495
G1 X131.324 Y96.622 E.0856 U98.496
G1 X131.786 Y95.735 E.08551 U99.496
G1 X132.294 Y94.872 E.08563 U100.497
G1 X132.783 Y94.13 E.07598 U101.386
M73 P56 R22
G1 X133.236 Y93.501 E.06628 U102.161
G1 X133.861 Y92.716 E.0858 U103.165
G1 X134.523 Y91.967 E.08547 U104.164
G1 X135.225 Y91.252 E.08568 U105.166
G1 X135.879 Y90.65 E.076 U106.055
G1 X136.472 Y90.15 E.06632 U106.831
G1 X137.267 Y89.539 E.08573 U107.833
G1 X138.092 Y88.972 E.0856 U108.834
G1 X138.849 Y88.506 E.07601 U109.723
G1 X139.526 Y88.127 E.06634 U110.499
G1 X140.424 Y87.68 E.08577 U111.502
G1 X141.341 Y87.281 E.08551 U112.502
G1 X142.279 Y86.93 E.08564 U113.504
G1 X143.126 Y86.661 E.07599 U114.393
G1 X143.875 Y86.458 E.06635 U115.169
G1 X144.854 Y86.241 E.08574 U116.171
G1 X145.84 Y86.075 E.08549 U117.171
G1 X146.834 Y85.962 E.08554 U118.172
M73 P57 R22
G1 X147.834 Y85.901 E.08566 U119.174
G1 X148.473 Y85.894 E.05464 U119.813
G1 X148.499 Y86.408 F12000 U120.327
G1 F300
G1 X148.718 Y86.406 E.01873 U120.546
G1 X149.47 Y86.429 E.06433 U121.299
G1 X150.444 Y86.506 E.08354 U122.276
G1 X151.409 Y86.633 E.08322 U123.249
G1 X152.368 Y86.81 E.08338 U124.224
G1 X153.21 Y87.011 E.07402 U125.09
G1 X153.934 Y87.215 E.06432 U125.842
G1 X154.86 Y87.525 E.0835 U126.818
G1 X155.766 Y87.882 E.08326 U127.792
G1 X156.653 Y88.286 E.08334 U128.767
G1 X157.422 Y88.684 E.07404 U129.633
G1 X158.075 Y89.058 E.06434 U130.385
G1 X158.899 Y89.583 E.08354 U131.362
G1 X159.691 Y90.148 E.08319 U132.335
G1 X160.453 Y90.755 E.0833 U133.309
G1 X161.183 Y91.4 E.08329 U134.284
G1 X161.878 Y92.083 E.08332 U135.258
G1 X162.464 Y92.72 E.07401 U136.124
G1 X162.95 Y93.294 E.06431 U136.876
G1 X163.545 Y94.069 E.08354 U137.853
G1 X164.1 Y94.877 E.08382 U138.833
G1 X164.437 Y95.417 E.05443 U139.47
G1 X164.919 Y96.27 E.08377 U140.449
G1 X165.354 Y97.141 E.08325 U141.423
G1 X165.618 Y97.747 E.05652 U142.084
G1 X165.859 Y98.337 E.05449 U142.721
G1 X166.129 Y99.101 E.06929 U143.532
G1 X166.414 Y100.032 E.08325 U144.505
G1 X166.649 Y100.976 E.08318 U145.478
G1 X166.835 Y101.932 E.08328 U146.452
G1 X166.97 Y102.896 E.08323 U147.425
G1 X167.055 Y103.865 E.08317 U148.398
G1 X167.093 Y105.325 E.12488 U149.859
G1 X167.051 Y106.297 E.08319 U150.831
G1 X166.957 Y107.272 E.08375 U151.811
G1 X166.868 Y107.903 E.05449 U152.448
G1 X166.689 Y108.872 E.08426 U153.434
G1 X166.545 Y109.493 E.05451 U154.071
G1 X166.284 Y110.437 E.08375 U155.05
G1 X165.975 Y111.36 E.08323 U156.024
G1 X165.618 Y112.266 E.08326 U156.998
G1 X165.212 Y113.158 E.0838 U157.978
G1 X164.923 Y113.725 E.05442 U158.614
G1 X164.44 Y114.578 E.08382 U159.594
G1 X163.917 Y115.399 E.08323 U160.568
G1 X163.352 Y116.191 E.08319 U161.541
G1 X162.746 Y116.953 E.08325 U162.514
G1 X162.1 Y117.683 E.08335 U163.489
G1 X161.414 Y118.381 E.08368 U164.468
G1 X160.948 Y118.816 E.05451 U165.105
G1 X160.203 Y119.452 E.08376 U166.085
G1 X159.431 Y120.045 E.08324 U167.058
G1 X158.628 Y120.596 E.08327 U168.032
G1 X157.793 Y121.108 E.08375 U169.012
G1 X157.236 Y121.417 E.05446 U169.649
G1 X156.359 Y121.854 E.08378 U170.628
G1 X155.461 Y122.245 E.08375 U171.608
G1 X154.866 Y122.473 E.05448 U172.245
G1 X153.937 Y122.784 E.08377 U173.225
G1 X152.999 Y123.044 E.08323 U174.198
G1 X152.048 Y123.255 E.08329 U175.172
G1 X151.088 Y123.415 E.08322 U176.145
G1 X150.121 Y123.525 E.08322 U177.119
G1 X149.149 Y123.585 E.08327 U178.092
G1 X148.174 Y123.593 E.08337 U179.068
G1 X147.31 Y123.558 E.07394 U179.932
G1 X146.56 Y123.495 E.06435 U180.685
G1 X145.591 Y123.367 E.08357 U181.662
G1 X144.634 Y123.19 E.08322 U182.636
G1 X143.681 Y122.961 E.08381 U183.616
G1 X143.069 Y122.786 E.05443 U184.252
G1 X142.14 Y122.475 E.08377 U185.232
G1 X141.234 Y122.118 E.08326 U186.206
G1 X140.342 Y121.712 E.0838 U187.186
G1 X139.775 Y121.422 E.05445 U187.823
G1 X138.922 Y120.94 E.08377 U188.802
G1 X138.101 Y120.417 E.08323 U189.776
G1 X137.309 Y119.852 E.08319 U190.749
G1 X136.547 Y119.245 E.0833 U191.723
G1 X135.817 Y118.6 E.08329 U192.697
G1 X135.119 Y117.914 E.08368 U193.676
G1 X134.684 Y117.448 E.05451 U194.313
G1 X134.048 Y116.703 E.08376 U195.293
G1 X133.455 Y115.931 E.08324 U196.266
G1 X132.904 Y115.128 E.08327 U197.24
G1 X132.394 Y114.297 E.08337 U198.215
G1 X131.98 Y113.537 E.074 U199.08
G1 X131.648 Y112.862 E.06432 U199.833
G1 X131.258 Y111.966 E.08356 U200.81
G1 X130.917 Y111.054 E.08325 U201.784
G1 X130.624 Y110.126 E.08321 U202.757
G1 X130.38 Y109.183 E.08329 U203.731
G1 X130.185 Y108.223 E.08376 U204.71
G1 X130.085 Y107.594 E.05446 U205.347
G1 X129.975 Y106.621 E.08373 U206.326
G1 X129.915 Y105.649 E.08327 U207.3
G1 X129.907 Y104.675 E.08328 U208.274
G1 X129.949 Y103.701 E.08336 U209.249
G1 X130.03 Y102.84 E.07394 U210.114
G1 X130.132 Y102.094 E.06438 U210.867
G1 X130.311 Y101.128 E.084 U211.849
G1 X130.455 Y100.507 E.05451 U212.487
G1 X130.716 Y99.563 E.08375 U213.466
G1 X131.025 Y98.64 E.08323 U214.44
G1 X131.382 Y97.734 E.08326 U215.413
G1 X131.786 Y96.848 E.08326 U216.387
G1 X132.235 Y95.984 E.08326 U217.361
G1 X132.73 Y95.144 E.08337 U218.336
G1 X133.206 Y94.422 E.07394 U219.201
G1 X133.646 Y93.811 E.06438 U219.954
G1 X134.255 Y93.047 E.08354 U220.931
G1 X134.9 Y92.317 E.08329 U221.905
G1 X135.583 Y91.622 E.08332 U222.879
G1 X136.22 Y91.036 E.07401 U223.745
G1 X136.794 Y90.55 E.06431 U224.497
G1 X137.569 Y89.955 E.08354 U225.474
G1 X138.373 Y89.403 E.08339 U226.449
G1 X139.11 Y88.949 E.07401 U227.315
G1 X139.767 Y88.582 E.06435 U228.067
G1 X140.641 Y88.146 E.08351 U229.044
G1 X141.534 Y87.758 E.08325 U230.018
G1 X142.447 Y87.416 E.08336 U230.993
G1 X143.272 Y87.154 E.07401 U231.858
G1 X143.998 Y86.957 E.06432 U232.611
G1 X144.952 Y86.745 E.08356 U233.588
G1 X145.912 Y86.585 E.08322 U234.561
G1 X146.879 Y86.475 E.08322 U235.534
G1 X147.853 Y86.415 E.08344 U236.51
G1 X148.469 Y86.408 E.05267 U237.126
G1 X148.494 Y86.922 F12000 U237.641
G1 F300
G1 X148.712 Y86.92 E.01864 U237.859
G1 X149.442 Y86.943 E.06245 U238.589
G1 X150.39 Y87.017 E.08131 U239.54
G1 X151.329 Y87.141 E.08099 U240.487
G1 X152.261 Y87.314 E.08105 U241.435
G1 X153.08 Y87.508 E.07197 U242.277
G1 X153.782 Y87.707 E.06239 U243.006
G1 X154.684 Y88.009 E.08133 U243.958
G1 X155.565 Y88.356 E.08096 U244.905
G1 X156.429 Y88.749 E.08116 U245.854
G1 X157.176 Y89.136 E.07193 U246.695
G1 X157.809 Y89.498 E.06235 U247.424
G1 X158.611 Y90.009 E.08131 U248.375
G1 X159.382 Y90.559 E.08098 U249.322
G1 X160.123 Y91.149 E.08099 U250.269
G1 X160.832 Y91.776 E.08093 U251.216
G1 X161.509 Y92.441 E.08114 U252.165
G1 X162.078 Y93.06 E.07189 U253.006
G1 X162.549 Y93.617 E.06237 U253.735
G1 X163.129 Y94.372 E.08141 U254.687
G1 X163.669 Y95.159 E.08161 U255.642
G1 X163.995 Y95.68 E.05255 U256.256
G1 X164.465 Y96.511 E.08163 U257.211
G1 X164.888 Y97.358 E.08095 U258.158
G1 X165.146 Y97.952 E.05537 U258.805
G1 X165.379 Y98.521 E.05257 U259.42
G1 X165.642 Y99.265 E.06747 U260.209
G1 X165.918 Y100.169 E.08082 U261.154
G1 X166.147 Y101.088 E.08098 U262.102
G1 X166.328 Y102.017 E.08093 U263.048
G1 X166.459 Y102.954 E.0809 U263.994
G1 X166.542 Y103.896 E.08086 U264.94
G1 X166.579 Y105.316 E.12146 U266.36
G1 X166.538 Y106.261 E.08088 U267.306
G1 X166.446 Y107.212 E.08169 U268.262
G1 X166.361 Y107.82 E.05249 U268.876
G1 X166.185 Y108.768 E.08244 U269.84
G1 X166.047 Y109.366 E.05248 U270.453
G1 X165.792 Y110.287 E.08171 U271.409
G1 X165.491 Y111.184 E.0809 U272.355
G1 X165.144 Y112.065 E.08096 U273.302
G1 X164.748 Y112.934 E.08166 U274.257
G1 X164.469 Y113.482 E.05258 U274.872
G1 X163.999 Y114.313 E.08163 U275.827
G1 X163.491 Y115.111 E.08089 U276.773
G1 X162.941 Y115.882 E.08098 U277.72
G1 X162.352 Y116.623 E.08094 U278.666
M73 P58 R22
G1 X161.724 Y117.332 E.08098 U279.613
G1 X161.055 Y118.013 E.08163 U280.568
G1 X160.605 Y118.432 E.05257 U281.183
G1 X159.879 Y119.052 E.08163 U282.138
G1 X159.128 Y119.629 E.08098 U283.085
G1 X158.348 Y120.165 E.08092 U284.031
G1 X157.534 Y120.664 E.08164 U284.986
G1 X156.996 Y120.962 E.05259 U285.601
G1 X156.142 Y121.388 E.0816 U286.555
G1 X155.266 Y121.769 E.08168 U287.511
G1 X154.692 Y121.989 E.05256 U288.125
G1 X153.787 Y122.292 E.0816 U289.08
G1 X152.874 Y122.545 E.08101 U290.027
G1 X151.95 Y122.75 E.08093 U290.974
G1 X151.016 Y122.906 E.08097 U291.92
G1 X150.076 Y123.013 E.08089 U292.867
G1 X149.131 Y123.071 E.08095 U293.813
G1 X148.182 Y123.079 E.08115 U294.762
G1 X147.342 Y123.044 E.07189 U295.603
G1 X146.615 Y122.983 E.06238 U296.333
G1 X145.671 Y122.859 E.08141 U297.285
G1 X144.741 Y122.687 E.08087 U298.231
G1 X143.812 Y122.464 E.08169 U299.186
G1 X143.221 Y122.294 E.05258 U299.801
G1 X142.316 Y121.991 E.0816 U300.755
CUT
G1 X141.435 Y121.644 E.08096
G1 X140.566 Y121.248 E.08166
G1 X140.018 Y120.969 E.05258
G1 X139.187 Y120.499 E.08163
G1 X138.389 Y119.991 E.08089
G1 X137.618 Y119.441 E.08098
G1 X136.877 Y118.851 E.08099
G1 X136.168 Y118.224 E.08093
G1 X135.487 Y117.555 E.08163
G1 X135.068 Y117.105 E.05257
G1 X134.448 Y116.379 E.08163
G1 X133.872 Y115.628 E.08093
G1 X133.335 Y114.848 E.08097
G1 X132.84 Y114.039 E.08109
G1 X132.436 Y113.301 E.07194
G1 X132.114 Y112.646 E.06241
G1 X131.735 Y111.774 E.0813
G1 X131.403 Y110.887 E.08098
G1 X131.119 Y109.984 E.08094
G1 X130.882 Y109.068 E.0809
G1 X130.691 Y108.132 E.08168
G1 X130.595 Y107.525 E.05255
G1 X130.487 Y106.576 E.08167
G1 X130.429 Y105.631 E.08095
G1 X130.421 Y104.684 E.08098
G1 X130.462 Y103.737 E.08105
G1 X130.541 Y102.899 E.07197
G1 X130.64 Y102.176 E.0624
G1 X130.815 Y101.232 E.08209
G1 X130.953 Y100.634 E.05248
G1 X131.208 Y99.713
G1 X131.509 Y98.816
G1 X131.856 Y97.935
G1 X132.248 Y97.073
G1 X132.685 Y96.234
G1 X133.167 Y95.416
G1 X133.63 Y94.714
G1 X134.056 Y94.122
G1 X134.649 Y93.377
G1 X135.276 Y92.668
G1 X135.941 Y91.991
G1 X136.56 Y91.422
G1 X137.117 Y90.951
G1 X137.872 Y90.371
G1 X138.654 Y89.834
G1 X139.37 Y89.393
G1 X140.007 Y89.037
G1 X140.858 Y88.612
G1 X141.726 Y88.235
G1 X142.615 Y87.903
G1 X143.417 Y87.648
G1 X144.121 Y87.456
G1 X145.05 Y87.25
G1 X145.983 Y87.094
G1 X146.924 Y86.987
G1 X147.871 Y86.929
G1 X148.464 Y86.923
G1 E-8 F1500
G1 Z3.72 F3000
G1 X135.498 Y117.337 F12000
G1 Z3.52 F3000
G1 E10 F1500
;TYPE:Bridge infill
G1 E-30 F1500
G1 Z8.52 F300.0
G1 F12000.0
T0
G1 Z3.52 F300.0
G1 E32.0 F1500
G1 F12000.0
;WIDTH:0.502337
;HEIGHT:0.501996
G1 F605.482
G1 X133.673 Y114.624 E.26942
G1 X133.19 Y113.836 E.07616
G1 X132.796 Y113.114 E.06777
G1 X132.481 Y112.476 E.05863
G1 X132.11 Y111.622 E.07672
G1 X131.849 Y110.924 E.0614
G1 X136.733 Y118.183 E.7209
G1 X137.137 Y118.541 E.04448
G1 X137.862 Y119.118 E.07635
G1 X138.179 Y119.344 E.03208
G1 X131.32 Y109.149 E1.01246
G1 X131.089 Y108.06 E.09173
G1 X131.039 Y107.74 E.02669
G1 X139.383 Y120.144 E1.23179
G1 X140.444 Y120.733 E.09999
G1 X130.889 Y106.529 E1.41054
G1 X130.832 Y105.454 E.0887
G1 X141.42 Y121.193 E1.563
G1 X142.335 Y121.564 E.08136
G1 X130.835 Y104.469 E1.69765
G1 X130.886 Y103.555 E.07543
M73 P58 R21
G1 X143.201 Y121.861 E1.81792
G1 X144.027 Y122.099 E.07083
G1 X130.977 Y102.7 E1.92645
G1 X131.103 Y101.898 E.06689
G1 X144.821 Y122.29 E2.02506
G1 X145.581 Y122.431 E.06369
M73 P59 R21
G1 X131.253 Y101.132 E2.11513
G1 X131.434 Y100.412 E.06117
G1 X146.318 Y122.536 E2.1971
G1 X147.035 Y122.613 E.05942
G1 X131.633 Y99.718 E2.27364
G1 X131.854 Y99.057 E.05743
G1 X147.729 Y122.655 E2.34345
G1 X148.406 Y122.673 E.0558
G1 X132.096 Y98.427 E2.40776
G1 X132.353 Y97.819 E.05439
G1 X149.068 Y122.667 E2.46755
G1 X149.709 Y122.63 E.0529
G1 X132.622 Y97.23 E2.52239
G1 X132.913 Y96.673 E.05178
G1 X150.338 Y122.576 E2.57233
G1 X150.957 Y122.506 E.05133
G1 X133.215 Y96.132 E2.61911
G1 X133.526 Y95.606 E.05035
G1 X151.555 Y122.406 E2.66143
G1 X152.145 Y122.292 E.04951
G1 X133.856 Y95.106 E2.69978
G1 X134.195 Y94.621 E.04876
M73 P60 R21
G1 X152.724 Y122.164 E2.73523
G1 X153.287 Y122.011 E.04807
G1 X134.547 Y94.154 E2.7664
G1 X134.908 Y93.701 E.04773
G1 X153.842 Y121.847 E2.79508
G1 X154.385 Y121.665 E.04719
G1 X135.284 Y93.27 E2.81978
G1 X135.666 Y92.848 E.0469
G1 X154.919 Y121.468 E2.84216
G1 X155.439 Y121.252 E.0464
G1 X136.061 Y92.446 E2.86062
G1 X136.222 Y92.282 E.01894
M73 P60 R20
G1 X136.466 Y92.058 E.02729
G1 X155.954 Y121.028 E2.87689
G1 X156.453 Y120.78 E.04591
G1 X136.878 Y91.682 E2.88965
G1 X137.303 Y91.323 E.04584
G1 X156.948 Y120.526 E2.90004
G1 X157.43 Y120.253 E.04564
M73 P61 R20
G1 X137.739 Y90.983 E2.90674
G1 X138.181 Y90.65 E.0456
G1 X157.901 Y119.964 E2.91108
G1 X158.364 Y119.663 E.0455
G1 X138.636 Y90.337 E2.91227
G1 X139.099 Y90.035 E.04555
G1 X158.819 Y119.35 E2.91115
G1 X159.261 Y119.017 E.0456
G1 X139.569 Y89.745 E2.90692
G1 X140.053 Y89.475 E.04567
G1 X159.697 Y118.676 E2.89986
G1 X160.12 Y118.315 E.04582
G1 X140.547 Y89.219 E2.88942
G1 X141.046 Y88.972 E.04588
G1 X160.536 Y117.944 E2.87712
G1 X160.939 Y117.554 E.04621
G1 X141.561 Y88.748 E2.86062
G1 X142.083 Y88.533 E.04652
M73 P62 R20
G1 X161.334 Y117.151 E2.84193
G1 X161.717 Y116.73 E.0469
G1 X142.615 Y88.335 E2.81983
G1 X143.159 Y88.154 E.04724
G1 X162.092 Y116.299 E2.79496
G1 X162.453 Y115.845 E.04779
G1 X143.712 Y87.987 E2.76651
G1 X144.276 Y87.836 E.04811
G1 X162.804 Y115.377 E2.73504
G1 X163.146 Y114.897 E.04856
M73 P62 R19
G1 X144.856 Y87.708 E2.70003
G1 X145.445 Y87.594 E.04943
G1 X163.471 Y114.39 E2.66102
G1 X163.786 Y113.869 E.05017
G1 X146.043 Y87.494 E2.61922
G1 X146.662 Y87.424 E.05133
G1 X164.09 Y113.331 E2.57274
G1 X164.378 Y112.77 E.05196
G1 X147.291 Y87.37 E2.52239
M73 P63 R19
G1 X147.932 Y87.334 E.0529
G1 X164.647 Y112.181 E2.46748
G1 X164.904 Y111.572 E.05447
G1 X148.598 Y87.334 E2.40703
G1 X149.269 Y87.342 E.05529
G1 X165.146 Y110.942 E2.34368
G1 X165.367 Y110.282 E.05735
G1 X149.967 Y87.39 E2.27334
G1 X150.683 Y87.464 E.05931
G1 X165.566 Y109.588 E2.19706
G1 X165.747 Y108.868 E.06117
G1 X151.419 Y87.569 E2.11513
G1 X152.18 Y87.71 E.06377
G1 X165.897 Y108.101 E2.02495
G1 X166.025 Y107.302 E.06668
G1 X152.972 Y87.898 E1.92693
G1 X153.8 Y88.139 E.07106
G1 X166.114 Y106.444 E1.81781
G1 X166.165 Y105.53 E.07543
G1 X154.665 Y88.436 E1.69758
G1 X155.58 Y88.807 E.08136
G1 X166.168 Y104.545 E1.56293
G1 X166.111 Y103.471 E.08862
G1 X156.559 Y89.272 E1.41006
G1 X156.982 Y89.491 E.03925
M73 P64 R19
G1 X157.617 Y89.856 E.06035
G1 X165.957 Y102.253 E1.23112
G1 X165.852 Y101.627 E.0523
G1 X165.681 Y100.853 E.06531
G1 X158.821 Y90.656 E1.01265
G1 X159.138 Y90.882 E.03208
G1 X159.863 Y91.459 E.07635
G1 X160.268 Y91.817 E.04454
G1 X165.153 Y99.078 E.72109
G1 X164.894 Y98.387 E.0608
G1 X164.521 Y97.529 E.07709
G1 X164.108 Y96.701 E.07624
G1 X163.647 Y95.887 E.07708
G1 X163.333 Y95.383 E.04893
G1 X161.508 Y92.671 E.26935
;LAYER_CHANGE
;Z:3.92
;HEIGHT:0.4

G1 E-8 F1500
G1 Z3.92 F3000
;AFTER_LAYER_CHANGE
;3.92
G92 E0
_ON_LAYER_CHANGE LAYER=10
G1 Z4.12
G1 X148.508 Y85.342 F12000
G1 Z3.92 F3000
G1 E10 F1500
;TYPE:External perimeter
;WIDTH:0.675
G1 F509.2
G1 X148.756 Y85.34 E.0243
G1 X149.528 Y85.364 E.07568
G1 X150.555 Y85.445 E.10094
G1 X151.576 Y85.58 E.10091
G1 X152.588 Y85.767 E.10083
G1 X153.505 Y85.986 E.09237
G1 X154.248 Y86.196 E.07565
G1 X155.225 Y86.523 E.10094
G1 X156.183 Y86.901 E.1009
G1 X157.119 Y87.328 E.1008
G1 X158.033 Y87.803 E.10092
G1 X158.845 Y88.28 E.09227
G1 X159.494 Y88.699 E.07569
G1 X160.333 Y89.297 E.10095
G1 X161.139 Y89.938 E.1009
G1 X161.91 Y90.62 E.10085
G1 X162.644 Y91.342 E.10088
G1 X163.282 Y92.035 E.09229
G1 X163.78 Y92.625 E.07565
G1 X164.407 Y93.443 E.10098
G1 X164.991 Y94.292 E.10096
G1 X165.353 Y94.872 E.06699
G1 X165.861 Y95.769 E.101
G1 X166.32 Y96.69 E.10082
G1 X166.731 Y97.636 E.10106
G1 X166.976 Y98.274 E.06696
G1 X167.303 Y99.251 E.10094
G1 X167.578 Y100.243 E.10086
G1 X167.801 Y101.248 E.10086
G1 X167.971 Y102.264 E.10093
G1 X168.088 Y103.286 E.10079
G1 X168.15 Y104.314 E.1009
G1 X168.159 Y105.343 E.10082
G1 X168.114 Y106.372 E.10092
G1 X168.016 Y107.398 E.10098
G1 X167.921 Y108.074 E.06688
G1 X167.732 Y109.089 E.10116
G1 X167.579 Y109.755 E.06695
G1 X167.303 Y110.749 E.10107
G1 X166.977 Y111.725 E.10082
G1 X166.599 Y112.684 E.101
G1 X166.321 Y113.308 E.06693
G1 X165.861 Y114.231 E.10104
G1 X165.354 Y115.127 E.10087
G1 X164.801 Y115.995 E.10084
G1 X164.203 Y116.833 E.10087
G1 X163.562 Y117.639 E.1009
G1 X162.88 Y118.41 E.10085
G1 X162.158 Y119.145 E.10095
G1 X161.658 Y119.611 E.06697
G1 X160.874 Y120.281 E.10104
M73 P64 R18
G1 X160.057 Y120.907 E.10084
G1 X159.209 Y121.49 E.10083
G1 X158.33 Y122.029 E.10102
G1 X157.732 Y122.36 E.06697
G1 X156.81 Y122.82 E.10095
G1 X155.864 Y123.231 E.10106
G1 X155.226 Y123.476 E.06696
G1 X154.249 Y123.803 E.10094
G1 X153.257 Y124.078 E.10086
G1 X152.252 Y124.301 E.10086
G1 X151.236 Y124.471 E.10093
G1 X150.214 Y124.588 E.10079
G1 X149.186 Y124.65 E.1009
G1 X148.157 Y124.659 E.10082
G1 X147.215 Y124.62 E.09237
G1 X146.446 Y124.555 E.07561
G1 X145.424 Y124.42 E.101
G1 X144.41 Y124.232 E.10104
G1 X143.745 Y124.079 E.06686
G1 X142.751 Y123.803 E.10107
G1 X141.775 Y123.477 E.10082
G1 X140.817 Y123.099 E.1009
G1 X139.879 Y122.672 E.10098
G1 X139.27 Y122.362 E.06695
G1 X138.373 Y121.854 E.101
G1 X137.505 Y121.301 E.10084
G1 X136.667 Y120.703 E.10087
G1 X135.861 Y120.062 E.1009
G1 X135.09 Y119.38 E.10085
G1 X134.355 Y118.658 E.10095
G1 X133.889 Y118.158 E.06697
G1 X133.219 Y117.374 E.10104
G1 X132.593 Y116.557 E.10084
G1 X132.009 Y115.708 E.10096
G1 X131.647 Y115.128 E.06699
G1 X131.139 Y114.231 E.101
G1 X130.68 Y113.31 E.10082
G1 X130.269 Y112.366 E.10088
G1 X129.909 Y111.401 E.10091
G1 X129.599 Y110.42 E.1008
G1 X129.341 Y109.423 E.1009
G1 X129.152 Y108.5 E.09231
G1 X129.029 Y107.737 E.07572
G1 X128.912 Y106.714 E.10088
G1 X128.85 Y105.686 E.1009
G1 X128.841 Y104.657 E.10082
G1 X128.886 Y103.628 E.10092
G1 X128.974 Y102.69 E.09231
G1 X129.08 Y101.925 E.07567
G1 X129.268 Y100.911 E.10104
G1 X129.421 Y100.245 E.06695
G1 X129.697 Y99.251 E.10107
G1 X130.023 Y98.275 E.10082
G1 X130.401 Y97.316 E.101
G1 X130.679 Y96.692 E.06693
G1 X131.139 Y95.769 E.10104
G1 X131.646 Y94.873 E.10087
G1 X132.199 Y94.005 E.10084
G1 X132.797 Y93.167 E.10087
G1 X133.438 Y92.361 E.1009
G1 X134.12 Y91.59 E.10085
G1 X134.842 Y90.856 E.10088
G1 X135.535 Y90.218 E.09229
G1 X136.125 Y89.72 E.07565
G1 X136.943 Y89.093 E.10098
G1 X137.791 Y88.51 E.10083
G1 X138.669 Y87.972 E.10089
G1 X139.496 Y87.521 E.09229
G1 X140.189 Y87.18 E.07567
G1 X141.134 Y86.769 E.10097
G1 X142.098 Y86.409 E.10082
G1 X143.081 Y86.099 E.10099
G1 X143.992 Y85.862 E.09223
G1 X144.747 Y85.699 E.07568
G1 X145.764 Y85.529 E.10103
G1 X146.786 Y85.412 E.10079
G1 X147.814 Y85.35 E.1009
G1 X148.478 Y85.343 E.06506
G1 X149.078 Y85.351 F12000
G1 X148.503 Y85.894
;TYPE:Perimeter
G1 E-30 F1500
G1 Z8.92 F300.0
G1 F12000.0
T1
G1 Z3.92 F300.0
PRIME_FIBRE
G1 E45.0 F1500
G1 F12000.0
;WIDTH:0.6
G1 F300
G1 X148.75 Y85.892 E.02112
G1 X149.498 Y85.915 E.06399 U0.748
G1 X150.498 Y85.994 E.08577 U1.751
G1 X151.49 Y86.125 E.08556 U2.752
G1 X152.474 Y86.307 E.08556 U3.753
G1 X153.365 Y86.52 E.07833 U4.669
G1 X154.085 Y86.724 E.06399 U5.417
G1 X155.036 Y87.042 E.08574 U6.42
G1 X155.967 Y87.409 E.08557 U7.421
G1 X156.878 Y87.824 E.0856 U8.422
G1 X157.766 Y88.286 E.08559 U9.423
G1 X158.556 Y88.75 E.07834 U10.339
G1 X159.184 Y89.155 E.0639 U11.086
G1 X160.001 Y89.738 E.08582 U12.09
G1 X160.784 Y90.361 E.08556 U13.091
G1 X161.533 Y91.023 E.08547 U14.09
G1 X162.248 Y91.725 E.08568 U15.092
G1 X162.868 Y92.4 E.07837 U16.009
G1 X163.35 Y92.971 E.06389 U16.756
G1 X163.961 Y93.767 E.0858 U17.759
G1 X164.53 Y94.595 E.0859 U18.764
G1 X164.879 Y95.154 E.05635 U19.423
G1 X165.374 Y96.028 E.08588 U20.427
G1 X165.82 Y96.924 E.08558 U21.428
G1 X166.221 Y97.845 E.08589 U22.433
G1 X166.457 Y98.46 E.05632 U23.092
G1 X166.776 Y99.413 E.08593 U24.097
G1 X167.043 Y100.377 E.08553 U25.097
G1 X167.259 Y101.353 E.08547 U26.096
G1 X167.425 Y102.34 E.08558 U27.097
G1 X167.538 Y103.334 E.08554 U28.098
G1 X167.599 Y104.333 E.08558 U29.099
G1 X167.608 Y105.334 E.08559 U30.1
G1 X167.564 Y106.333 E.0855 U31.1
G1 X167.468 Y107.333 E.0859 U32.104
G1 X167.376 Y107.986 E.05639 U32.764
G1 X167.192 Y108.977 E.08618 U33.772
G1 X167.044 Y109.62 E.05642 U34.431
G1 X166.776 Y110.587 E.0858 U35.435
G1 X166.458 Y111.536 E.08558 U36.436
G1 X166.09 Y112.471 E.08592 U37.441
G1 X165.822 Y113.073 E.05634 U38.099
G1 X165.374 Y113.972 E.08588 U39.104
G1 X164.881 Y114.843 E.08558 U40.105
G1 X164.343 Y115.686 E.08551 U41.105
G1 X163.762 Y116.501 E.08558 U42.106
G1 X163.14 Y117.284 E.0855 U43.106
G1 X162.477 Y118.033 E.08553 U44.106
G1 X161.773 Y118.75 E.08592 U45.111
G1 X161.29 Y119.199 E.05639 U45.77
G1 X160.527 Y119.852 E.08587 U46.775
G1 X159.733 Y120.461 E.08556 U47.775
G1 X158.908 Y121.027 E.08555 U48.776
G1 X158.052 Y121.552 E.08586 U49.78
G1 X157.475 Y121.872 E.05642 U50.44
G1 X156.576 Y122.32 E.08588 U51.444
G1 X155.655 Y122.721 E.08589 U52.449
M73 P65 R18
G1 X155.04 Y122.957 E.05632 U53.107
G1 X154.087 Y123.276 E.08593 U54.112
G1 X153.123 Y123.543 E.08553 U55.113
G1 X152.147 Y123.759 E.08547 U56.112
G1 X151.16 Y123.925 E.08558 U57.113
G1 X150.166 Y124.038 E.08554 U58.114
G1 X149.167 Y124.099 E.08558 U59.114
G1 X148.166 Y124.108 E.08559 U60.115
G1 X147.25 Y124.069 E.07839 U61.032
G1 X146.505 Y124.006 E.06393 U61.78
G1 X145.51 Y123.875 E.08581 U62.783
G1 X144.523 Y123.692 E.08583 U63.787
G1 X143.88 Y123.544 E.05642 U64.447
G1 X142.913 Y123.276 E.0858 U65.451
G1 X141.964 Y122.958 E.08558 U66.451
G1 X141.033 Y122.591 E.08557 U67.452
G1 X140.119 Y122.175 E.08587 U68.456
G1 X139.532 Y121.876 E.05633 U69.115
G1 X138.657 Y121.381 E.08596 U70.12
G1 X137.814 Y120.843 E.08551 U71.12
G1 X136.999 Y120.262 E.08558 U72.121
G1 X136.216 Y119.639 E.08556 U73.122
G1 X135.467 Y118.977 E.08547 U74.122
G1 X134.75 Y118.273 E.08592 U75.126
G1 X134.301 Y117.79 E.05639 U75.786
G1 X133.648 Y117.027 E.08587 U76.79
G1 X133.039 Y116.233 E.08556 U77.791
G1 X132.47 Y115.405 E.0859 U78.796
G1 X132.121 Y114.846 E.05635 U79.455
G1 X131.626 Y113.972 E.08588 U80.459
G1 X131.18 Y113.076 E.08558 U81.46
G1 X130.781 Y112.159 E.08551 U82.46
G1 X130.431 Y111.222 E.08553 U83.46
G1 X130.13 Y110.268 E.08554 U84.46
G1 X129.879 Y109.298 E.08567 U85.462
G1 X129.695 Y108.401 E.07829 U86.378
G1 X129.576 Y107.662 E.064 U87.127
G1 X129.462 Y106.666 E.08572 U88.129
G1 X129.401 Y105.667 E.08558 U89.13
G1 X129.392 Y104.666 E.08559 U90.131
G1 X129.436 Y103.666 E.08559 U91.132
G1 X129.522 Y102.754 E.07833 U92.048
G1 X129.624 Y102.013 E.06396 U92.796
G1 X129.808 Y101.023 E.0861 U93.803
G1 X129.956 Y100.38 E.05642 U94.463
G1 X130.224 Y99.413 E.0858 U95.466
G1 X130.542 Y98.464 E.08558 U96.467
G1 X130.91 Y97.529 E.08592 U97.472
G1 X131.178 Y96.927 E.05634 U98.131
G1 X131.626 Y96.028 E.08588 U99.135
G1 X132.119 Y95.157 E.08558 U100.136
G1 X132.657 Y94.314 E.08551 U101.136
G1 X133.238 Y93.499 E.08558 U102.137
G1 X133.861 Y92.716 E.08556 U103.138
G1 X134.523 Y91.967 E.08547 U104.137
G1 X135.225 Y91.252 E.08568 U105.139
G1 X135.9 Y90.632 E.07837 U106.056
G1 X136.471 Y90.15 E.06389 U106.803
G1 X137.267 Y89.539 E.0858 U107.807
G1 X138.092 Y88.973 E.08555 U108.807
G1 X138.945 Y88.449 E.0856 U109.808
G1 X139.75 Y88.011 E.07836 U110.725
G1 X140.421 Y87.681 E.06394 U111.472
G1 X141.341 Y87.281 E.08578 U112.476
G1 X142.278 Y86.931 E.08553 U113.476
G1 X143.233 Y86.63 E.08562 U114.477
G1 X144.12 Y86.399 E.07837 U115.394
G1 X144.851 Y86.241 E.06395 U116.142
G1 X145.84 Y86.075 E.08575 U117.144
G1 X146.834 Y85.962 E.08554 U118.145
G1 X147.834 Y85.901 E.08566 U119.147
G1 X148.473 Y85.894 E.05464 U119.786
G1 X148.499 Y86.408 F12000 U120.3
G1 F300
G1 X148.745 Y86.406 E.02103 U120.546
G1 X149.469 Y86.429 E.06194 U121.271
G1 X150.444 Y86.506 E.08363 U122.249
G1 X151.409 Y86.633 E.08322 U123.222
G1 X152.367 Y86.81 E.0833 U124.196
G1 X153.236 Y87.017 E.07638 U125.09
G1 X153.933 Y87.215 E.06196 U125.814
G1 X154.86 Y87.525 E.08358 U126.792
G1 X155.766 Y87.882 E.08326 U127.765
G1 X156.652 Y88.286 E.08326 U128.739
G1 X157.517 Y88.736 E.08337 U129.714
G1 X158.286 Y89.188 E.07627 U130.606
G1 X158.896 Y89.581 E.06205 U131.332
G1 X159.691 Y90.148 E.08349 U132.308
G1 X160.453 Y90.755 E.0833 U133.283
G1 X161.183 Y91.4 E.08329 U134.257
G1 X161.878 Y92.083 E.08332 U135.231
G1 X162.482 Y92.74 E.07631 U136.124
G1 X162.95 Y93.294 E.06201 U136.849
G1 X163.545 Y94.069 E.08354 U137.826
G1 X164.1 Y94.877 E.08382 U138.806
G1 X164.437 Y95.417 E.05443 U139.443
G1 X164.919 Y96.27 E.08377 U140.422
G1 X165.354 Y97.141 E.08325 U141.396
G1 X165.618 Y97.747 E.05652 U142.057
G1 X165.859 Y98.337 E.05449 U142.694
G1 X166.129 Y99.101 E.06929 U143.505
G1 X166.414 Y100.032 E.08325 U144.478
G1 X166.649 Y100.976 E.08318 U145.451
G1 X166.835 Y101.932 E.08328 U146.425
G1 X166.97 Y102.896 E.08323 U147.398
G1 X167.055 Y103.865 E.08317 U148.371
G1 X167.093 Y105.325 E.12488 U149.832
G1 X167.051 Y106.297 E.08319 U150.805
G1 X166.957 Y107.272 E.08375 U151.784
G1 X166.868 Y107.903 E.05449 U152.421
G1 X166.689 Y108.872 E.08426 U153.407
G1 X166.545 Y109.493 E.05451 U154.044
G1 X166.284 Y110.437 E.08375 U155.024
G1 X165.975 Y111.36 E.08323 U155.997
G1 X165.616 Y112.272 E.0838 U156.977
G1 X165.357 Y112.854 E.05447 U157.614
G1 X164.919 Y113.73 E.08374 U158.593
G1 X164.44 Y114.578 E.08328 U159.567
G1 X163.917 Y115.399 E.08323 U160.541
G1 X163.352 Y116.191 E.08319 U161.514
G1 X162.746 Y116.953 E.08325 U162.487
G1 X162.1 Y117.683 E.08335 U163.462
G1 X161.414 Y118.381 E.08368 U164.441
G1 X160.948 Y118.816 E.05451 U165.078
G1 X160.203 Y119.452 E.08376 U166.058
G1 X159.431 Y120.045 E.08324 U167.031
G1 X158.628 Y120.596 E.08327 U168.005
G1 X157.793 Y121.108 E.08375 U168.985
G1 X157.236 Y121.417 E.05446 U169.622
G1 X156.359 Y121.854 E.08378 U170.601
G1 X155.461 Y122.245 E.08375 U171.581
G1 X154.866 Y122.473 E.05448 U172.218
G1 X153.937 Y122.784 E.08377 U173.198
G1 X152.999 Y123.044 E.08323 U174.171
G1 X152.048 Y123.255 E.08329 U175.145
G1 X151.088 Y123.415 E.08322 U176.118
G1 X150.121 Y123.525 E.08322 U177.092
G1 X149.149 Y123.585 E.08327 U178.066
G1 X148.174 Y123.593 E.08337 U179.041
G1 X147.283 Y123.556 E.07625 U179.932
G1 X146.56 Y123.495 E.06204 U180.658
G1 X145.591 Y123.367 E.08357 U181.635
G1 X144.628 Y123.189 E.08374 U182.615
G1 X144.007 Y123.045 E.05451 U183.252
G1 X143.063 Y122.784 E.08375 U184.232
G1 X142.14 Y122.475 E.08323 U185.205
G1 X141.234 Y122.118 E.08326 U186.179
G1 X140.342 Y121.712 E.0838 U187.159
G1 X139.775 Y121.422 E.05445 U187.796
G1 X138.922 Y120.94 E.08377 U188.775
G1 X138.101 Y120.417 E.08323 U189.749
G1 X137.309 Y119.852 E.08319 U190.722
G1 X136.547 Y119.245 E.0833 U191.696
G1 X135.817 Y118.6 E.08329 U192.67
G1 X135.119 Y117.914 E.08368 U193.649
G1 X134.684 Y117.448 E.05451 U194.286
G1 X134.048 Y116.703 E.08376 U195.266
G1 X133.455 Y115.931 E.08324 U196.239
G1 X132.9 Y115.123 E.08382 U197.219
G1 X132.563 Y114.583 E.05443 U197.856
G1 X132.081 Y113.73 E.08377 U198.836
G1 X131.646 Y112.859 E.08325 U199.809
G1 X131.258 Y111.966 E.08325 U200.783
G1 X130.917 Y111.054 E.08325 U201.757
G1 X130.624 Y110.126 E.08321 U202.73
G1 X130.38 Y109.182 E.08337 U203.705
G1 X130.201 Y108.308 E.07628 U204.597
G1 X130.085 Y107.592 E.06202 U205.322
G1 X129.975 Y106.621 E.08356 U206.299
G1 X129.915 Y105.649 E.08327 U207.273
G1 X129.907 Y104.675 E.08328 U208.247
G1 X129.949 Y103.702 E.08327 U209.221
G1 X130.033 Y102.813 E.07635 U210.114
G1 X130.132 Y102.095 E.06197 U210.839
G1 X130.311 Y101.128 E.08409 U211.822
G1 X130.455 Y100.507 E.05451 U212.46
M73 P66 R18
G1 X130.716 Y99.563 E.08375 U213.439
G1 X131.025 Y98.64 E.08323 U214.413
G1 X131.384 Y97.728 E.0838 U215.393
G1 X131.643 Y97.146 E.05447 U216.03
G1 X132.081 Y96.27 E.08374 U217.009
G1 X132.56 Y95.422 E.08328 U217.983
G1 X133.083 Y94.601 E.08323 U218.957
G1 X133.648 Y93.809 E.08319 U219.929
G1 X134.255 Y93.047 E.0833 U220.904
G1 X134.9 Y92.317 E.08329 U221.878
G1 X135.583 Y91.622 E.08332 U222.852
G1 X136.24 Y91.018 E.07631 U223.745
G1 X136.794 Y90.55 E.06201 U224.47
G1 X137.569 Y89.955 E.08354 U225.447
G1 X138.372 Y89.404 E.08327 U226.421
G1 X139.203 Y88.895 E.08332 U227.395
G1 X139.986 Y88.468 E.07626 U228.287
G1 X140.637 Y88.148 E.06203 U229.013
G1 X141.534 Y87.758 E.08363 U229.991
G1 X142.446 Y87.417 E.08325 U230.964
G1 X143.375 Y87.124 E.08329 U231.938
G1 X144.239 Y86.899 E.07634 U232.831
G1 X144.948 Y86.746 E.06202 U233.557
G1 X145.912 Y86.585 E.08357 U234.534
G1 X146.879 Y86.475 E.08322 U235.507
G1 X147.852 Y86.415 E.08335 U236.482
G1 X148.469 Y86.409 E.05276 U237.099
G1 X148.494 Y86.923 F12000 U237.614
G1 F300
G1 X148.739 Y86.92 E.02095 U237.859
G1 X149.441 Y86.942 E.06005 U238.561
G1 X150.39 Y87.017 E.0814 U239.513
G1 X151.329 Y87.141 E.08099 U240.46
G1 X152.261 Y87.314 E.08105 U241.408
G1 X153.106 Y87.515 E.07427 U242.277
G1 X153.781 Y87.706 E.05998 U242.978
G1 X154.684 Y88.009 E.08144 U243.931
G1 X155.565 Y88.356 E.08096 U244.878
G1 X156.427 Y88.748 E.08097 U245.824
G1 X157.268 Y89.186 E.08108 U246.773
G1 X158.017 Y89.626 E.07428 U247.641
G1 X158.607 Y90.006 E.06001 U248.343
G1 X159.382 Y90.559 E.08141 U249.295
G1 X160.123 Y91.149 E.08099 U250.242
G1 X160.832 Y91.776 E.08093 U251.189
G1 X161.508 Y92.44 E.08102 U252.136
G1 X162.096 Y93.08 E.07431 U253.006
G1 X162.549 Y93.616 E.06001 U253.707
G1 X163.129 Y94.372 E.08147 U254.66
G1 X163.669 Y95.159 E.08161 U255.615
G1 X163.995 Y95.68 E.05255 U256.229
M73 P66 R17
G1 X164.465 Y96.511 E.08163 U257.184
G1 X164.888 Y97.358 E.08095 U258.131
G1 X165.146 Y97.952 E.05537 U258.778
G1 X165.379 Y98.521 E.05257 U259.393
G1 X165.642 Y99.265 E.06747 U260.182
G1 X165.918 Y100.169 E.08082 U261.127
G1 X166.147 Y101.088 E.08098 U262.075
G1 X166.328 Y102.017 E.08093 U263.021
G1 X166.459 Y102.954 E.0809 U263.967
G1 X166.542 Y103.896 E.08086 U264.913
G1 X166.579 Y105.316 E.12146 U266.333
G1 X166.538 Y106.261 E.08088 U267.279
G1 X166.446 Y107.212 E.08169 U268.235
G1 X166.361 Y107.82 E.05249 U268.849
G1 X166.185 Y108.768 E.08244 U269.813
G1 X166.047 Y109.366 E.05248 U270.426
G1 X165.792 Y110.287 E.08171 U271.382
G1 X165.491 Y111.184 E.0809 U272.328
G1 X165.141 Y112.073 E.08169 U273.284
G1 X164.891 Y112.634 E.05252 U273.898
G1 X164.465 Y113.489 E.08168 U274.853
G1 X163.999 Y114.313 E.08094 U275.8
G1 X163.491 Y115.111 E.08089 U276.746
G1 X162.941 Y115.882 E.08098 U277.693
G1 X162.352 Y116.623 E.08094 U278.639
G1 X161.724 Y117.332 E.08098 U279.587
G1 X161.055 Y118.013 E.08163 U280.541
G1 X160.605 Y118.432 E.05257 U281.156
G1 X159.879 Y119.052 E.08163 U282.111
G1 X159.128 Y119.629 E.08098 U283.058
G1 X158.348 Y120.165 E.08092 U284.004
G1 X157.534 Y120.664 E.08164 U284.959
G1 X156.996 Y120.962 E.05259 U285.574
G1 X156.142 Y121.388 E.0816 U286.528
G1 X155.266 Y121.769 E.08168 U287.484
G1 X154.692 Y121.989 E.05256 U288.098
G1 X153.787 Y122.292 E.0816 U289.053
G1 X152.874 Y122.545 E.08101 U290.0
G1 X151.95 Y122.75 E.08093 U290.947
G1 X151.016 Y122.906 E.08097 U291.894
G1 X150.076 Y123.013 E.08089 U292.84
G1 X149.131 Y123.071 E.08095 U293.786
G1 X148.183 Y123.079 E.08106 U294.734
G1 X147.315 Y123.043 E.07428 U295.603
G1 X146.615 Y122.984 E.06007 U296.306
G1 X145.671 Y122.859 E.08142 U297.258
G1 X144.732 Y122.685 E.08166 U298.213
G1 X144.134 Y122.547 E.05248 U298.827
G1 X143.213 Y122.292 E.08171 U299.782
G1 X142.316 Y121.991 E.0809 U300.728
CUT
G1 X141.435 Y121.644 E.08096
G1 X140.566 Y121.248 E.08166
G1 X140.018 Y120.969 E.05258
G1 X139.187 Y120.499 E.08163
G1 X138.389 Y119.991 E.08089
G1 X137.618 Y119.441 E.08098
G1 X136.877 Y118.851 E.08099
G1 X136.168 Y118.224 E.08093
G1 X135.487 Y117.555 E.08163
G1 X135.068 Y117.105 E.05257
G1 X134.448 Y116.379 E.08163
G1 X133.872 Y115.628 E.08093
G1 X133.331 Y114.841 E.08166
G1 X133.005 Y114.32 E.05255
G1 X132.535 Y113.489 E.08163
G1 X132.112 Y112.642 E.08095
G1 X131.735 Y111.774 E.08092
G1 X131.403 Y110.887 E.08098
G1 X131.119 Y109.984 E.08094
G1 X130.881 Y109.066 E.08109
G1 X130.707 Y108.215 E.07427
G1 X130.595 Y107.522 E.06002
G1 X130.487 Y106.576 E.08141
G1 X130.429 Y105.631 E.08095
G1 X130.421 Y104.684 E.08098
G1 X130.462 Y103.737 E.08105
G1 X130.544 Y102.872 E.07429
G1 X130.64 Y102.177 E.05999
G1 X130.815 Y101.232 E.08218
G1 X130.953 Y100.634 E.05248
G1 X131.208 Y99.713
G1 X131.509 Y98.816
G1 X131.859 Y97.927
G1 X132.109 Y97.366
G1 X132.535 Y96.511
G1 X133.001 Y95.687
G1 X133.509 Y94.889
G1 X134.059 Y94.118
G1 X134.649 Y93.377
G1 X135.276 Y92.668
G1 X135.94 Y91.992
G1 X136.58 Y91.404
G1 X137.116 Y90.951
G1 X137.872 Y90.371
G1 X138.652 Y89.835
G1 X139.46 Y89.34
G1 X140.223 Y88.924
G1 X140.853 Y88.614
G1 X141.726 Y88.235
G1 X142.613 Y87.903
G1 X143.517 Y87.618
G1 X144.358 Y87.399
G1 X145.044 Y87.251
G1 X145.983 Y87.094
G1 X146.924 Y86.987
G1 X147.871 Y86.929
G1 X148.464 Y86.923
G1 E-8 F1500
G1 Z4.12 F3000
G1 X136.75 Y91.598 F12000
G1 Z3.92 F3000
G1 E10 F1500
;TYPE:Solid infill
G1 E-30 F1500
G1 Z8.92 F300.0
G1 F12000.0
T0
G1 Z3.92 F300.0
G1 E32.0 F1500
G1 F12000.0
;WIDTH:0.595841
G1 F588.235
G1 X135.475 Y92.854 E.15179
G1 X136.538 Y91.801 E.1269
G1 E-8 F1500
G1 Z4.12 F3000
G1 X138.96 Y90.111 F12000
G1 Z3.92 F3000
G1 E10 F1500
G1 F588.235
G1 X138.914 Y90.066 E.00546
G1 X138.853 Y90.082 E.00535
G1 X138.836 Y90.144 E.00545
G1 X138.881 Y90.189 E.0054
G1 X138.943 Y90.172 E.00545
;WIDTH:0.63542
G1 F545.872
G1 X138.712 Y90.319 E.02502
;WIDTH:0.675
G1 F509.2
G1 X138.481 Y90.466 E.02683
G1 X133.956 Y94.991 E.62699
G1 X133.817 Y95.191 E.02386
;WIDTH:0.63542
G1 F545.872
G1 X133.678 Y95.391 E.02226
;WIDTH:0.595841
G1 F588.235
G1 X133.633 Y95.346 E.0054
G1 X133.571 Y95.363 E.00545
G1 X133.555 Y95.424 E.00535
G1 X133.6 Y95.469 E.0054
G1 X133.661 Y95.453 E.00535
G1 E-8 F1500
G1 Z4.12 F3000
G1 X132.509 Y97.434 F12000
G1 Z3.92 F3000
G1 E10 F1500
G1 F588.235
M73 P67 R17
G1 X132.464 Y97.388 E.00546
G1 X132.402 Y97.405 E.00545
G1 X132.386 Y97.467 E.00543
G1 X132.431 Y97.512 E.0054
G1 X132.492 Y97.495 E.00537
;WIDTH:0.63542
G1 F545.872
G1 X132.62 Y97.264 E.02414
;WIDTH:0.675
G1 F509.2
G1 X132.747 Y97.033 E.02583
G1 X140.541 Y89.239 E1.07995
G1 E-8 F1500
G1 Z4.12 F3000
G1 X142.047 Y88.567 F12000
G1 Z3.92 F3000
G1 E10 F1500
G1 F509.2
G1 X132.071 Y98.543 E1.38229
G1 X131.958 Y98.774 E.0252
;WIDTH:0.63542
G1 F545.872
G1 X131.845 Y99.005 E.0235
;WIDTH:0.595841
G1 F588.235
G1 X131.783 Y99.021 E.00543
G1 X131.738 Y98.976 E.0054
G1 X131.754 Y98.914 E.00543
G1 X131.816 Y98.898 E.00543
G1 X131.861 Y98.943 E.0054
G1 E-8 F1500
G1 Z4.12 F3000
G1 X131.421 Y100.294 F12000
G1 Z3.92 F3000
G1 E10 F1500
G1 F588.235
G1 X131.36 Y100.31 E.00535
G1 X131.315 Y100.265 E.0054
G1 X131.331 Y100.204 E.00535
G1 X131.393 Y100.187 E.00545
G1 X131.438 Y100.232 E.0054
;WIDTH:0.63542
G1 F545.872
G1 X131.526 Y100.032 E.01997
;WIDTH:0.675
G1 F509.2
G1 X131.615 Y99.832 E.02145
G1 X143.324 Y88.123 E1.62241
G1 X143.554 Y88.022 E.02461
;WIDTH:0.63542
G1 F545.872
G1 X143.783 Y87.922 E.02284
;WIDTH:0.595841
G1 F588.235
G1 X143.721 Y87.938 E.00543
G1 X143.676 Y87.893 E.0054
G1 X143.693 Y87.832 E.00537
G1 X143.754 Y87.815 E.00537
G1 X143.799 Y87.86 E.0054
;WIDTH:0.675
G1 F509.2
G1 X144.473 Y87.807 E.06624
G1 X131.309 Y100.971 E1.82402
G1 X131.1 Y102.013 E.10413
G1 X145.511 Y87.602 E1.9968
G1 X146.483 Y87.463 E.0962
G1 X130.958 Y102.988 E2.15116
G1 X130.879 Y103.901 E.08979
G1 X147.398 Y87.382 E2.28889
G1 X148.26 Y87.353 E.0845
G1 X130.845 Y104.768 E2.41304
G1 X130.852 Y105.594 E.08093
G1 X149.09 Y87.356 E2.52708
G1 X149.872 Y87.407 E.07678
G1 X130.899 Y106.38 E2.62892
G1 X130.977 Y107.136 E.07446
G1 X150.636 Y87.476 E2.72404
G1 X151.367 Y87.578 E.07232
G1 X131.079 Y107.867 E2.8112
G1 X131.211 Y108.568 E.06989
M73 P68 R17
G1 X152.07 Y87.709 E2.89025
G1 X152.748 Y87.864 E.06814
M73 P68 R16
G1 X131.365 Y109.247 E2.96285
G1 X131.538 Y109.907 E.06685
G1 X153.406 Y88.04 E3.02999
G1 X154.039 Y88.239 E.06501
G1 X131.738 Y110.541 E3.09012
G1 X131.956 Y111.156 E.06393
G1 X154.658 Y88.453 E3.14568
G1 X155.256 Y88.689 E.06299
G1 X132.189 Y111.756 E3.19619
G1 X132.441 Y112.337 E.06205
G1 X155.835 Y88.943 E3.2415
G1 X156.4 Y89.211 E.06127
G1 X132.713 Y112.898 E3.2821
G1 X132.997 Y113.447 E.06056
M73 P69 R16
G1 X156.948 Y89.497 E3.31861
G1 X157.478 Y89.8 E.05982
G1 X133.298 Y113.979 E3.35034
G1 X133.614 Y114.497 E.05945
G1 X157.995 Y90.115 E3.37833
G1 X158.497 Y90.447 E.05897
G1 X133.949 Y114.995 E3.4014
G1 X134.294 Y115.483 E.05855
G1 X158.983 Y90.794 E3.42094
G1 X159.454 Y91.157 E.05826
G1 X134.655 Y115.955 E3.43611
G1 X135.032 Y116.412 E.05805
G1 X159.914 Y91.529 E3.44775
G1 X160.357 Y91.92 E.05789
G1 X135.417 Y116.86 E3.45572
G1 X135.821 Y117.289 E.05774
M73 P70 R15
G1 X160.786 Y92.324 E3.45918
G1 X161.206 Y92.737 E.05771
G1 X136.241 Y117.702 E3.45918
G1 X136.672 Y118.105 E.05781
G1 X161.605 Y93.171 E3.45481
G1 X161.994 Y93.615 E.05784
G1 X137.114 Y118.496 E3.44747
G1 X137.576 Y118.867 E.05805
G1 X162.368 Y94.075 E3.43521
G1 X162.729 Y94.547 E.05822
G1 X138.048 Y119.228 E3.41983
G1 X138.534 Y119.575 E.05851
G1 X163.072 Y95.037 E3.40001
G1 X163.406 Y95.536 E.05883
G1 X139.039 Y119.903 E3.37632
G1 X139.555 Y120.221 E.05939
M73 P71 R15
G1 X163.721 Y96.055 E3.34847
G1 X164.022 Y96.587 E.05989
G1 X140.087 Y120.522 E3.31646
G1 X140.634 Y120.808 E.06048
G1 X164.305 Y97.137 E3.27988
G1 X164.575 Y97.7 E.06118
G1 X141.202 Y121.073 E3.23859
G1 X141.782 Y121.326 E.062
G1 X164.827 Y98.281 E3.19314
G1 X165.063 Y98.879 E.06299
G1 X142.38 Y121.562 E3.14298
G1 X143 Y121.774 E.0642
G1 X165.274 Y99.5 E3.08631
G1 X165.47 Y100.138 E.06539
M73 P71 R14
G1 X143.638 Y121.97 E3.02507
G1 X144.292 Y122.149 E.06643
M73 P72 R14
G1 X165.648 Y100.793 E2.95911
G1 X165.8 Y101.475 E.06846
G1 X144.975 Y122.3 E2.88554
G1 X145.677 Y122.43 E.06995
G1 X165.926 Y102.181 E2.80572
G1 X166.029 Y102.912 E.07233
G1 X146.411 Y122.53 E2.71829
G1 X147.168 Y122.606 E.07454
G1 X166.104 Y103.67 E2.62379
G1 X166.148 Y104.459 E.07742
G1 X147.961 Y122.646 E2.52001
G1 X148.79 Y122.651 E.08122
G1 X166.156 Y105.285 E2.40625
G1 X166.119 Y106.155 E.08532
G1 X149.659 Y122.615 E2.28072
G1 X150.577 Y122.53 E.09033
G1 X166.035 Y107.072 E2.14188
G1 X165.887 Y108.052 E.09711
G1 X151.553 Y122.387 E1.9862
G1 X152.601 Y122.172 E.10482
M73 P73 R14
G1 X165.675 Y109.099 E1.81148
G1 X165.662 Y109.815 E.07016
;WIDTH:0.595841
G1 F588.235
G1 X165.617 Y109.769 E.00546
G1 X165.555 Y109.786 E.00545
G1 X165.539 Y109.848 E.00543
G1 X165.584 Y109.893 E.0054
G1 X165.645 Y109.876 E.00537
;WIDTH:0.63542
G1 F545.872
G1 X165.502 Y110.062 E.02144
;WIDTH:0.675
G1 F509.2
G1 X165.359 Y110.248 E.02299
G1 X153.748 Y121.859 E1.60883
G1 X153.563 Y122.004 E.02303
;WIDTH:0.63542
G1 F545.872
G1 X153.379 Y122.15 E.02147
;WIDTH:0.595841
G1 F588.235
G1 X153.317 Y122.166 E.00543
G1 X153.272 Y122.121 E.0054
G1 X153.289 Y122.059 E.00545
G1 X153.35 Y122.043 E.00535
G1 X153.395 Y122.088 E.0054
G1 E-8 F1500
G1 Z4.12 F3000
G1 X154.667 Y121.714 F12000
G1 Z3.92 F3000
G1 E10 F1500
G1 F588.235
G1 X154.605 Y121.731 E.00545
G1 X154.56 Y121.686 E.0054
G1 X154.577 Y121.624 E.00545
G1 X154.638 Y121.608 E.00535
G1 X154.683 Y121.653 E.0054
;WIDTH:0.63542
G1 F545.872
G1 X154.86 Y121.528 E.0198
;WIDTH:0.675
G1 F509.2
G1 X155.036 Y121.404 E.02109
G1 X164.895 Y111.545 E1.36607
G1 X165.054 Y111.359 E.02397
;WIDTH:0.63542
G1 F545.872
G1 X165.213 Y111.173 E.02236
;WIDTH:0.595841
G1 F588.235
G1 X165.151 Y111.19 E.00545
G1 X165.106 Y111.145 E.0054
G1 X165.123 Y111.083 E.00545
G1 X165.184 Y111.067 E.00535
G1 X165.229 Y111.112 E.0054
G1 E-8 F1500
G1 Z4.12 F3000
G1 X164.562 Y112.639 F12000
G1 Z3.92 F3000
G1 E10 F1500
G1 F588.235
G1 X164.517 Y112.594 E.0054
G1 X164.455 Y112.611 E.00545
G1 X164.438 Y112.672 E.00537
G1 X164.484 Y112.718 E.00552
G1 X164.545 Y112.701 E.00537
;WIDTH:0.63542
G1 F545.872
G1 X164.373 Y112.887 E.02315
;WIDTH:0.675
G1 F509.2
G1 X156.573 Y120.7 E1.08168
G1 X156.395 Y120.839 E.02213
;WIDTH:0.63542
G1 F545.872
G1 X156.217 Y120.977 E.02058
;WIDTH:0.595841
G1 F588.235
G1 X156.172 Y120.932 E.0054
G1 X156.111 Y120.949 E.00537
G1 X156.094 Y121.01 E.00537
G1 X156.139 Y121.055 E.0054
G1 X156.201 Y121.039 E.00543
G1 E-8 F1500
G1 Z4.12 F3000
G1 X162.912 Y115.194 F12000
G1 Z3.92 F3000
G1 E10 F1500
;WIDTH:0.675
G1 F509.2
G1 X158.689 Y119.417 E.58514
G1 X158.48 Y119.591 E.02665
;WIDTH:0.63542
G1 F545.872
G1 X158.272 Y119.764 E.02473
;WIDTH:0.595841
G1 F588.235
G1 X158.336 Y119.77 E.00545
G1 X158.566 Y119.712 E.02012
G1 X159.654 Y118.775 E.12178
;WIDTH:0.616595
G1 F565.234
G1 X160.343 Y118.138 E.08282
;WIDTH:0.637435
G1 F543.878
G1 X161.431 Y117.059 E.14056
;WIDTH:0.629269
G1 F552.051
G1 X162.066 Y116.384 E.08375
;WIDTH:0.595841
G1 F588.235
G1 X163.207 Y115.074 E.14734
G1 X163.263 Y114.958 E.01092
G1 X163.259 Y114.778 E.01527
;LAYER_CHANGE
;Z:4.32
;HEIGHT:0.4

G1 E-8 F1500
G1 Z4.32 F3000
;AFTER_LAYER_CHANGE
;4.32
G92 E0
_ON_LAYER_CHANGE LAYER=11
G1 Z4.52
G1 X148.508 Y85.343 F12000
G1 Z4.32 F3000
G1 E10 F1500
;TYPE:External perimeter
;WIDTH:0.675
G1 F509.2
G1 X148.784 Y85.34 E.02704
G1 X149.528 Y85.364 E.07293
G1 X150.555 Y85.445 E.10094
G1 X151.576 Y85.58 E.10091
G1 X152.588 Y85.767 E.10083
G1 X153.531 Y85.993 E.09501
G1 X154.248 Y86.196 E.07301
G1 X155.225 Y86.523 E.10094
G1 X156.183 Y86.901 E.1009
G1 X157.12 Y87.328 E.10089
G1 X157.98 Y87.774 E.09492
G1 X158.626 Y88.145 E.07299
G1 X159.495 Y88.699 E.10097
G1 X160.333 Y89.297 E.10087
G1 X161.139 Y89.938 E.1009
G1 X161.91 Y90.62 E.10085
G1 X162.644 Y91.342 E.10088
G1 X163.3 Y92.056 E.095
G1 X163.78 Y92.625 E.07294
G1 X164.407 Y93.443 E.10098
G1 X164.991 Y94.292 E.10096
G1 X165.353 Y94.872 E.06699
G1 X165.861 Y95.769 E.101
G1 X166.32 Y96.69 E.10082
G1 X166.731 Y97.636 E.10106
G1 X166.976 Y98.274 E.06696
G1 X167.303 Y99.251 E.10094
G1 X167.578 Y100.243 E.10086
G1 X167.801 Y101.248 E.10086
G1 X167.971 Y102.264 E.10093
G1 X168.088 Y103.286 E.10079
G1 X168.15 Y104.314 E.1009
G1 X168.159 Y105.343 E.10082
G1 X168.114 Y106.372 E.10092
G1 X168.016 Y107.398 E.10098
G1 X167.921 Y108.074 E.06688
G1 X167.732 Y109.089 E.10116
G1 X167.579 Y109.755 E.06695
G1 X167.303 Y110.749 E.10107
G1 X166.977 Y111.725 E.10082
G1 X166.599 Y112.683 E.1009
G1 X166.172 Y113.621 E.10098
G1 X165.862 Y114.23 E.06695
G1 X165.354 Y115.127 E.101
G1 X164.801 Y115.995 E.10084
G1 X164.203 Y116.833 E.10087
G1 X163.562 Y117.639 E.1009
G1 X162.88 Y118.41 E.10085
G1 X162.159 Y119.144 E.10081
G1 X161.4 Y119.839 E.10083
G1 X160.605 Y120.494 E.10092
G1 X159.777 Y121.107 E.10094
G1 X159.21 Y121.489 E.06698
G1 X158.331 Y122.028 E.10102
G1 X157.425 Y122.52 E.10101
G1 X156.811 Y122.82 E.06696
G1 X155.864 Y123.231 E.10115
G1 X155.226 Y123.476 E.06696
G1 X154.249 Y123.803 E.10094
G1 X153.257 Y124.078 E.10086
G1 X152.252 Y124.301 E.10086
G1 X151.236 Y124.471 E.10093
G1 X150.214 Y124.588 E.10079
G1 X149.186 Y124.65 E.1009
G1 X148.157 Y124.659 E.10082
G1 X147.128 Y124.614 E.10092
G1 X146.102 Y124.516 E.10098
G1 X145.426 Y124.421 E.06688
G1 X144.412 Y124.233 E.10104
G1 X143.41 Y123.992 E.10097
G1 X142.753 Y123.804 E.06695
G1 X141.775 Y123.477 E.10104
G1 X140.817 Y123.099 E.1009
G1 X139.88 Y122.672 E.10089
G1 X139.02 Y122.226 E.09492
G1 X138.374 Y121.855 E.07299
G1 X137.505 Y121.301 E.10097
G1 X136.667 Y120.703 E.10087
G1 X135.861 Y120.062 E.1009
G1 X135.09 Y119.38 E.10085
G1 X134.355 Y118.658 E.10095
G1 X133.889 Y118.158 E.06697
M73 P73 R13
G1 X133.219 Y117.374 E.10104
G1 X132.593 Y116.557 E.10084
G1 X132.009 Y115.708 E.10096
G1 X131.647 Y115.128 E.06699
G1 X131.139 Y114.231 E.101
G1 X130.68 Y113.31 E.10082
G1 X130.269 Y112.366 E.10088
G1 X129.909 Y111.401 E.10091
G1 X129.599 Y110.42 E.1008
G1 X129.342 Y109.423 E.10088
G1 X129.147 Y108.473 E.09502
G1 X129.029 Y107.738 E.07294
G1 X128.912 Y106.714 E.10098
G1 X128.85 Y105.686 E.1009
G1 X128.841 Y104.657 E.10082
G1 X128.882 Y103.688 E.09503
G1 X128.945 Y102.946 E.07296
G1 X129.08 Y101.924 E.101
G1 X129.268 Y100.911 E.10095
G1 X129.421 Y100.245 E.06695
G1 X129.697 Y99.251 E.10107
G1 X130.023 Y98.275 E.10082
G1 X130.401 Y97.317 E.1009
G1 X130.828 Y96.381 E.1008
G1 X131.303 Y95.468 E.10084
G1 X131.825 Y94.58 E.10092
G1 X132.36 Y93.771 E.09503
G1 X132.796 Y93.168 E.07291
G1 X133.438 Y92.361 E.10104
G1 X134.12 Y91.59 E.10085
G1 X134.842 Y90.856 E.10088
G1 X135.556 Y90.2 E.095
G1 X136.125 Y89.72 E.07294
G1 X136.943 Y89.093 E.10098
G1 X137.791 Y88.51 E.10083
G1 X138.669 Y87.972 E.10089
G1 X139.521 Y87.508 E.09505
G1 X140.189 Y87.18 E.07291
G1 X141.136 Y86.769 E.10115
G1 X141.774 Y86.524 E.06696
G1 X142.751 Y86.197 E.10094
G1 X143.743 Y85.922 E.10086
G1 X144.748 Y85.699 E.10086
G1 X145.764 Y85.529 E.10093
G1 X146.786 Y85.412 E.10079
G1 X147.814 Y85.35 E.1009
G1 X148.478 Y85.343 E.06506
G1 X149.078 Y85.35 F12000
G1 X148.503 Y85.895
;TYPE:Perimeter
G1 E-30 F1500
G1 Z9.32 F300.0
G1 F12000.0
T1
G1 Z4.32 F300.0
PRIME_FIBRE
G1 E45.0 F1500
G1 F12000.0
;WIDTH:0.6
G1 F300
G1 X148.777 Y85.892 E.02343
G1 X149.497 Y85.915 E.0616 U0.72
G1 X150.498 Y85.994 E.08586 U1.724
G1 X151.49 Y86.125 E.08556 U2.725
G1 X152.474 Y86.307 E.08556 U3.726
G1 X153.392 Y86.527 E.08072 U4.67
G1 X154.085 Y86.724 E.0616 U5.39
G1 X155.036 Y87.042 E.08574 U6.393
G1 X155.967 Y87.409 E.08557 U7.394
G1 X156.878 Y87.824 E.0856 U8.395
G1 X157.716 Y88.259 E.08073 U9.339
G1 X158.34 Y88.618 E.06156 U10.059
M73 P74 R13
G1 X159.186 Y89.157 E.08577 U11.062
G1 X160.001 Y89.738 E.08558 U12.063
G1 X160.784 Y90.361 E.08556 U13.063
G1 X161.533 Y91.023 E.08547 U14.063
G1 X162.247 Y91.725 E.08562 U15.064
G1 X162.886 Y92.42 E.08073 U16.009
G1 X163.35 Y92.971 E.06159 U16.729
G1 X163.961 Y93.767 E.0858 U17.732
G1 X164.53 Y94.595 E.0859 U18.737
G1 X164.879 Y95.154 E.05635 U19.396
G1 X165.374 Y96.028 E.08588 U20.4
G1 X165.82 Y96.924 E.08558 U21.401
G1 X166.221 Y97.845 E.08589 U22.406
G1 X166.457 Y98.46 E.05632 U23.065
G1 X166.776 Y99.413 E.08593 U24.069
G1 X167.043 Y100.377 E.08553 U25.07
G1 X167.259 Y101.354 E.08556 U26.07
G1 X167.425 Y102.34 E.08549 U27.07
G1 X167.538 Y103.334 E.08554 U28.071
G1 X167.599 Y104.333 E.08558 U29.072
G1 X167.608 Y105.334 E.08559 U30.073
G1 X167.564 Y106.333 E.0855 U31.073
G1 X167.468 Y107.333 E.0859 U32.077
G1 X167.376 Y107.986 E.05639 U32.737
G1 X167.192 Y108.977 E.08618 U33.745
G1 X167.044 Y109.62 E.05642 U34.404
G1 X166.775 Y110.587 E.08582 U35.408
G1 X166.458 Y111.536 E.08555 U36.409
G1 X166.091 Y112.467 E.08557 U37.409
G1 X165.675 Y113.381 E.08587 U38.414
G1 X165.376 Y113.968 E.05633 U39.072
G1 X164.881 Y114.843 E.08596 U40.078
G1 X164.343 Y115.686 E.08551 U41.078
G1 X163.762 Y116.501 E.08558 U42.079
G1 X163.14 Y117.284 E.0855 U43.079
G1 X162.477 Y118.033 E.08553 U44.079
G1 X161.775 Y118.747 E.08562 U45.08
G1 X161.038 Y119.423 E.08551 U46.08
G1 X160.266 Y120.059 E.08553 U47.08
G1 X159.458 Y120.657 E.08595 U48.086
G1 X158.912 Y121.025 E.0563 U48.744
G1 X158.055 Y121.55 E.08593 U49.749
G1 X157.173 Y122.029 E.08582 U50.753
G1 X156.58 Y122.318 E.05641 U51.412
G1 X155.655 Y122.721 E.08627 U52.421
G1 X155.04 Y122.957 E.05632 U53.08
G1 X154.087 Y123.276 E.08593 U54.085
G1 X153.123 Y123.543 E.08553 U55.085
G1 X152.147 Y123.759 E.08547 U56.085
G1 X151.16 Y123.925 E.08558 U57.086
G1 X150.166 Y124.038 E.08554 U58.086
G1 X149.167 Y124.099 E.08558 U59.087
G1 X148.166 Y124.108 E.08559 U60.088
G1 X147.167 Y124.064 E.0855 U61.088
G1 X146.167 Y123.968 E.0859 U62.093
G1 X145.514 Y123.876 E.05639 U62.752
G1 X144.527 Y123.693 E.08583 U63.756
G1 X143.55 Y123.458 E.08592 U64.761
G1 X142.916 Y123.277 E.05638 U65.42
G1 X141.964 Y122.958 E.08585 U66.424
G1 X141.033 Y122.591 E.08557 U67.425
G1 X140.122 Y122.176 E.0856 U68.426
G1 X139.284 Y121.741 E.08073 U69.37
G1 X138.66 Y121.383 E.06151 U70.09
G1 X137.814 Y120.843 E.08582 U71.093
G1 X136.999 Y120.262 E.08558 U72.094
G1 X136.216 Y119.639 E.08556 U73.095
G1 X135.467 Y118.977 E.08547 U74.094
G1 X134.75 Y118.273 E.08592 U75.099
G1 X134.301 Y117.79 E.05639 U75.759
G1 X133.648 Y117.027 E.08587 U76.763
G1 X133.039 Y116.233 E.08556 U77.764
G1 X132.47 Y115.405 E.0859 U78.768
G1 X132.121 Y114.846 E.05635 U79.427
G1 X131.626 Y113.972 E.08588 U80.432
G1 X131.18 Y113.076 E.08558 U81.433
G1 X130.781 Y112.159 E.08551 U82.433
G1 X130.431 Y111.222 E.08553 U83.433
G1 X130.13 Y110.268 E.08554 U84.433
G1 X129.879 Y109.298 E.08567 U85.435
G1 X129.69 Y108.374 E.08064 U86.378
G1 X129.576 Y107.663 E.06157 U87.098
G1 X129.462 Y106.666 E.0858 U88.102
G1 X129.401 Y105.667 E.08558 U89.103
G1 X129.392 Y104.666 E.08559 U90.104
G1 X129.433 Y103.723 E.08071 U91.048
G1 X129.494 Y103.005 E.06161 U91.768
G1 X129.625 Y102.01 E.08581 U92.772
G1 X129.808 Y101.023 E.08583 U93.776
G1 X129.956 Y100.38 E.05642 U94.436
G1 X130.224 Y99.413 E.0858 U95.439
G1 X130.542 Y98.464 E.08558 U96.44
G1 X130.909 Y97.533 E.08557 U97.441
G1 X131.324 Y96.622 E.0856 U98.442
G1 X131.786 Y95.735 E.08551 U99.442
G1 X132.294 Y94.873 E.08555 U100.442
G1 X132.814 Y94.085 E.08073 U101.386
G1 X133.236 Y93.501 E.06161 U102.107
G1 X133.861 Y92.716 E.0858 U103.11
G1 X134.523 Y91.967 E.08547 U104.11
G1 X135.225 Y91.253 E.08562 U105.111
G1 X135.92 Y90.614 E.08073 U106.055
G1 X136.471 Y90.15 E.06159 U106.776
G1 X137.267 Y89.539 E.0858 U107.779
G1 X138.092 Y88.973 E.08555 U108.78
G1 X138.945 Y88.45 E.08555 U109.78
G1 X139.774 Y87.998 E.08074 U110.724
G1 X140.421 Y87.681 E.06161 U111.445
G1 X141.345 Y87.279 E.08616 U112.453
G1 X141.96 Y87.043 E.05632 U113.111
G1 X142.913 Y86.724 E.08593 U114.116
G1 X143.877 Y86.457 E.08553 U115.117
G1 X144.854 Y86.241 E.08556 U116.117
G1 X145.84 Y86.075 E.08549 U117.117
G1 X146.834 Y85.962 E.08554 U118.117
G1 X147.834 Y85.901 E.08566 U119.119
G1 X148.473 Y85.895 E.05464 U119.758
G1 X148.499 Y86.409 F12000 U120.273
G1 F300
G1 X148.771 Y86.406 E.02326 U120.545
G1 X149.469 Y86.429 E.05971 U121.243
G1 X150.444 Y86.506 E.08363 U122.221
G1 X151.409 Y86.633 E.08322 U123.195
G1 X152.367 Y86.81 E.0833 U124.169
G1 X153.262 Y87.024 E.07868 U125.089
G1 X153.933 Y87.215 E.05965 U125.787
G1 X154.86 Y87.525 E.08358 U126.764
G1 X155.766 Y87.882 E.08326 U127.738
G1 X156.653 Y88.286 E.08334 U128.713
G1 X157.469 Y88.71 E.07863 U129.632
G1 X158.074 Y89.057 E.05964 U130.33
G1 X158.899 Y89.583 E.08366 U131.308
G1 X159.691 Y90.148 E.08319 U132.281
G1 X160.453 Y90.755 E.0833 U133.255
G1 X161.183 Y91.4 E.08329 U134.229
G1 X161.878 Y92.083 E.08332 U135.204
G1 X162.5 Y92.76 E.07861 U136.123
G1 X162.949 Y93.293 E.05959 U136.82
G1 X163.545 Y94.069 E.08366 U137.799
G1 X164.1 Y94.877 E.08382 U138.779
G1 X164.437 Y95.417 E.05443 U139.415
G1 X164.919 Y96.27 E.08377 U140.395
G1 X165.354 Y97.141 E.08325 U141.369
G1 X165.618 Y97.747 E.05652 U142.03
G1 X165.859 Y98.337 E.05449 U142.667
G1 X166.129 Y99.101 E.06929 U143.477
G1 X166.414 Y100.032 E.08325 U144.451
G1 X166.649 Y100.976 E.08318 U145.424
G1 X166.835 Y101.932 E.08328 U146.398
G1 X166.97 Y102.896 E.08323 U147.371
G1 X167.055 Y103.865 E.08317 U148.344
G1 X167.093 Y105.325 E.12488 U149.804
G1 X167.051 Y106.297 E.08319 U150.777
G1 X166.957 Y107.272 E.08375 U151.757
G1 X166.868 Y107.903 E.05449 U152.394
G1 X166.689 Y108.872 E.08426 U153.379
G1 X166.545 Y109.493 E.05451 U154.017
G1 X166.284 Y110.437 E.08375 U154.996
G1 X165.975 Y111.36 E.08323 U155.97
G1 X165.618 Y112.266 E.08326 U156.943
G1 X165.212 Y113.158 E.0838 U157.924
G1 X164.922 Y113.725 E.05445 U158.56
G1 X164.44 Y114.578 E.08377 U159.54
G1 X163.917 Y115.399 E.08323 U160.514
G1 X163.352 Y116.191 E.08319 U161.486
G1 X162.746 Y116.953 E.08325 U162.46
G1 X162.1 Y117.683 E.08335 U163.435
G1 X161.418 Y118.377 E.0832 U164.408
G1 X160.7 Y119.035 E.08327 U165.382
G1 X159.949 Y119.654 E.08322 U166.355
G1 X159.161 Y120.237 E.08381 U167.335
G1 X158.633 Y120.593 E.05445 U167.972
G1 X157.798 Y121.105 E.08375 U168.951
G1 X156.937 Y121.572 E.08375 U169.931
G1 X156.365 Y121.851 E.05442 U170.567
M73 P75 R13
G1 X155.461 Y122.245 E.08432 U171.554
G1 X154.866 Y122.473 E.05448 U172.191
G1 X153.937 Y122.784 E.08377 U173.17
G1 X152.999 Y123.044 E.08323 U174.144
G1 X152.048 Y123.255 E.08329 U175.118
G1 X151.088 Y123.415 E.08322 U176.091
G1 X150.121 Y123.525 E.08322 U177.064
G1 X149.149 Y123.585 E.08327 U178.038
G1 X148.175 Y123.593 E.08328 U179.012
G1 X147.203 Y123.551 E.08319 U179.985
G1 X146.228 Y123.457 E.08375 U180.965
G1 X145.597 Y123.368 E.05449 U181.602
G1 X144.634 Y123.19 E.08374 U182.581
G1 X143.681 Y122.961 E.08381 U183.561
G1 X143.069 Y122.786 E.05443 U184.198
G1 X142.14 Y122.475 E.08377 U185.178
G1 X141.234 Y122.118 E.08326 U186.151
G1 X140.347 Y121.714 E.08334 U187.126
G1 X139.531 Y121.29 E.07863 U188.046
G1 X138.926 Y120.943 E.05964 U188.743
G1 X138.101 Y120.417 E.08366 U189.721
G1 X137.309 Y119.852 E.08319 U190.694
G1 X136.547 Y119.245 E.0833 U191.669
G1 X135.817 Y118.6 E.08329 U192.643
G1 X135.119 Y117.914 E.08368 U193.621
G1 X134.684 Y117.448 E.05451 U194.259
G1 X134.048 Y116.703 E.08376 U195.238
G1 X133.455 Y115.931 E.08324 U196.212
G1 X132.9 Y115.123 E.08382 U197.192
G1 X132.563 Y114.583 E.05443 U197.829
G1 X132.081 Y113.73 E.08377 U198.808
G1 X131.646 Y112.859 E.08325 U199.782
G1 X131.258 Y111.966 E.08325 U200.756
G1 X130.917 Y111.054 E.08325 U201.729
G1 X130.624 Y110.126 E.08321 U202.702
G1 X130.38 Y109.182 E.08337 U203.677
G1 X130.196 Y108.281 E.07863 U204.597
G1 X130.085 Y107.593 E.05959 U205.294
G1 X129.975 Y106.621 E.08364 U206.272
G1 X129.915 Y105.649 E.08327 U207.246
G1 X129.907 Y104.675 E.08328 U208.22
G1 X129.946 Y103.756 E.07865 U209.14
G1 X130.005 Y103.061 E.05964 U209.837
G1 X130.133 Y102.091 E.08366 U210.816
G1 X130.311 Y101.128 E.08374 U211.795
G1 X130.455 Y100.507 E.05451 U212.433
G1 X130.716 Y99.563 E.08375 U213.412
G1 X131.025 Y98.64 E.08323 U214.385
G1 X131.382 Y97.734 E.08326 U215.359
G1 X131.786 Y96.848 E.08326 U216.333
G1 X132.235 Y95.984 E.08326 U217.307
G1 X132.73 Y95.145 E.08329 U218.281
G1 X133.237 Y94.377 E.07869 U219.201
G1 X133.646 Y93.812 E.05964 U219.899
G1 X134.255 Y93.047 E.08361 U220.876
G1 X134.9 Y92.317 E.08329 U221.85
G1 X135.583 Y91.622 E.08332 U222.825
G1 X136.26 Y91 E.07861 U223.744
G1 X136.793 Y90.551 E.05959 U224.441
G1 X137.569 Y89.955 E.08366 U225.42
G1 X138.372 Y89.404 E.08327 U226.393
G1 X139.203 Y88.895 E.08332 U227.368
G1 X140.01 Y88.455 E.07859 U228.287
G1 X140.637 Y88.148 E.05969 U228.985
G1 X141.539 Y87.755 E.08413 U229.969
G1 X142.134 Y87.527 E.05448 U230.606
G1 X143.063 Y87.216 E.08377 U231.586
G1 X144.001 Y86.956 E.08323 U232.559
G1 X144.952 Y86.745 E.08329 U233.534
G1 X145.912 Y86.585 E.08322 U234.507
G1 X146.879 Y86.475 E.08322 U235.48
G1 X147.852 Y86.415 E.08335 U236.455
G1 X148.469 Y86.409 E.05276 U237.072
G1 X148.494 Y86.923 F12000 U237.586
G1 F300
G1 X148.766 Y86.92 E.02326 U237.859
G1 X149.44 Y86.942 E.05766 U238.533
G1 X150.39 Y87.017 E.08148 U239.486
G1 X151.329 Y87.141 E.08099 U240.433
G1 X152.26 Y87.313 E.08095 U241.38
G1 X153.132 Y87.522 E.07667 U242.276
G1 X153.781 Y87.706 E.05768 U242.951
G1 X154.684 Y88.009 E.08144 U243.903
G1 X155.565 Y88.356 E.08096 U244.85
G1 X156.428 Y88.749 E.08108 U245.799
G1 X157.222 Y89.161 E.07649 U246.693
G1 X157.808 Y89.497 E.05776 U247.369
G1 X158.611 Y90.009 E.08143 U248.321
G1 X159.382 Y90.559 E.08098 U249.268
G1 X160.123 Y91.149 E.08099 U250.215
G1 X160.832 Y91.776 E.08093 U251.162
G1 X161.508 Y92.44 E.08102 U252.109
G1 X162.114 Y93.1 E.07661 U253.005
G1 X162.548 Y93.616 E.05765 U253.68
G1 X163.129 Y94.372 E.08153 U254.633
G1 X163.669 Y95.159 E.08161 U255.587
G1 X163.995 Y95.68 E.05255 U256.202
G1 X164.465 Y96.511 E.08163 U257.157
G1 X164.888 Y97.358 E.08095 U258.104
G1 X165.146 Y97.952 E.05537 U258.751
G1 X165.379 Y98.521 E.05257 U259.366
G1 X165.642 Y99.265 E.06747 U260.155
G1 X165.918 Y100.169 E.08082 U261.1
G1 X166.147 Y101.088 E.08098 U262.047
G1 X166.328 Y102.017 E.08093 U262.994
G1 X166.459 Y102.954 E.0809 U263.94
G1 X166.542 Y103.896 E.08086 U264.886
G1 X166.579 Y105.316 E.12146 U266.306
G1 X166.538 Y106.261 E.08088 U267.252
G1 X166.446 Y107.212 E.08169 U268.207
G1 X166.361 Y107.82 E.05249 U268.821
G1 X166.185 Y108.768 E.08244 U269.786
G1 X166.047 Y109.366 E.05248 U270.399
G1 X165.792 Y110.287 E.08171 U271.355
G1 X165.491 Y111.184 E.0809 U272.301
G1 X165.144 Y112.065 E.08096 U273.248
G1 X164.748 Y112.934 E.08166 U274.203
M73 P75 R12
G1 X164.469 Y113.482 E.05258 U274.818
G1 X163.999 Y114.313 E.08163 U275.773
G1 X163.491 Y115.111 E.08089 U276.719
G1 X162.941 Y115.882 E.08098 U277.666
G1 X162.352 Y116.623 E.08094 U278.612
G1 X161.724 Y117.332 E.08098 U279.559
G1 X161.061 Y118.007 E.0809 U280.505
G1 X160.363 Y118.647 E.08097 U281.452
G1 X159.632 Y119.249 E.08097 U282.399
G1 X158.865 Y119.817 E.08161 U283.354
G1 X158.355 Y120.16 E.05255 U283.968
G1 X157.541 Y120.659 E.08164 U284.923
G1 X156.702 Y121.115 E.08165 U285.878
G1 X156.149 Y121.384 E.05258 U286.493
G1 X155.266 Y121.769 E.08237 U287.456
G1 X154.692 Y121.989 E.05256 U288.071
G1 X153.787 Y122.292 E.0816 U289.025
G1 X152.874 Y122.545 E.08101 U289.973
G1 X151.95 Y122.75 E.08093 U290.919
G1 X151.017 Y122.906 E.08088 U291.865
G1 X150.076 Y123.013 E.08098 U292.812
G1 X149.131 Y123.071 E.08095 U293.759
G1 X148.184 Y123.079 E.08098 U294.706
G1 X147.239 Y123.038 E.08088 U295.652
G1 X146.288 Y122.946 E.08169 U296.608
G1 X145.68 Y122.861 E.05249 U297.221
G1 X144.741 Y122.687 E.08166 U298.176
G1 X143.812 Y122.464 E.08169 U299.132
G1 X143.221 Y122.294 E.05258 U299.747
G1 X142.316 Y121.991 E.0816 U300.701
CUT
G1 X141.435 Y121.644 E.08096
G1 X140.572 Y121.251 E.08108
G1 X139.778 Y120.839 E.07649
G1 X139.192 Y120.503 E.05776
G1 X138.389 Y119.991 E.08143
G1 X137.618 Y119.441 E.08098
G1 X136.877 Y118.851 E.08099
G1 X136.168 Y118.224 E.08093
G1 X135.487 Y117.555 E.08163
G1 X135.068 Y117.105 E.05257
G1 X134.448 Y116.379 E.08163
G1 X133.871 Y115.628 E.08098
G1 X133.331 Y114.841 E.08161
G1 X133.005 Y114.32 E.05255
G1 X132.535 Y113.489 E.08163
G1 X132.112 Y112.642 E.08095
G1 X131.735 Y111.774 E.08092
G1 X131.403 Y110.887 E.08098
G1 X131.119 Y109.984 E.08094
G1 X130.881 Y109.067 E.08101
G1 X130.702 Y108.189 E.07662
G1 X130.595 Y107.523 E.05768
G1 X130.487 Y106.576 E.0815
G1 X130.429 Y105.631 E.08095
G1 X130.421 Y104.683 E.08106
G1 X130.459 Y103.789 E.07651
G1 X130.516 Y103.116 E.05775
G1 X130.641 Y102.171 E.08151
G1 X130.815 Y101.232 E.08166
G1 X130.953 Y100.634 E.05248
G1 X131.208 Y99.713
G1 X131.509 Y98.816
G1 X131.856 Y97.935
G1 X132.248 Y97.073
M73 P76 R12

G1 X132.685 Y96.234
G1 X133.166 Y95.417
G1 X133.66 Y94.67
G1 X134.055 Y94.123
G1 X134.649 Y93.377
G1 X135.276 Y92.668
G1 X135.94 Y91.992
G1 X136.6 Y91.386
G1 X137.116 Y90.952
G1 X137.872 Y90.371
G1 X138.652 Y89.835
G1 X139.46 Y89.34
G1 X140.247 Y88.912
G1 X140.852 Y88.615
G1 X141.734 Y88.231
G1 X142.308 Y88.011
G1 X143.213 Y87.708
G1 X144.126 Y87.455
G1 X145.05 Y87.25
G1 X145.983 Y87.094
G1 X146.924 Y86.987
G1 X147.87 Y86.929
G1 X148.464 Y86.923
G1 E-8 F1500
G1 Z4.52 F3000
G1 X135.266 Y116.929 F12000
G1 Z4.32 F3000
G1 E10 F1500
;TYPE:Solid infill
G1 E-30 F1500
G1 Z9.32 F300.0
G1 F12000.0
T0
G1 Z4.32 F300.0
G1 E32.0 F1500
G1 F12000.0
;WIDTH:0.595841
G1 F588.235
G1 X136.354 Y118.025 E.13098
G1 X135.471 Y117.141 E.10597
G1 E-8 F1500
G1 Z4.52 F3000
G1 X133.609 Y114.541 F12000
G1 Z4.32 F3000
G1 E10 F1500
G1 F588.235
G1 X133.564 Y114.586 E.0054
G1 X133.58 Y114.647 E.00535
G1 X133.642 Y114.664 E.00545
G1 X133.687 Y114.619 E.0054
G1 X133.671 Y114.557 E.00543
;WIDTH:0.63542
G1 F545.872
G1 X133.818 Y114.788 E.02502
;WIDTH:0.675
G1 F509.2
G1 X133.966 Y115.019 E.02688
G1 X138.491 Y119.544 E.62699
G1 X138.722 Y119.691 E.02683
;WIDTH:0.63542
G1 F545.872
G1 X138.952 Y119.838 E.02495
;WIDTH:0.595841
G1 F588.235
G1 X138.969 Y119.9 E.00545
G1 X138.924 Y119.945 E.0054
G1 X138.862 Y119.929 E.00543
G1 X138.846 Y119.867 E.00543
G1 X138.891 Y119.822 E.0054
G1 E-8 F1500
G1 Z4.52 F3000
G1 X140.936 Y120.99 F12000
G1 Z4.32 F3000
G1 E10 F1500
G1 F588.235
G1 X140.891 Y121.035 E.0054
G1 X140.908 Y121.097 E.00545
G1 X140.969 Y121.113 E.00535
G1 X141.014 Y121.068 E.0054
G1 X140.998 Y121.007 E.00535
;WIDTH:0.63542
G1 F545.872
G1 X140.767 Y120.881 E.02405
;WIDTH:0.675
G1 F509.2
G1 X140.536 Y120.756 E.02573
G1 X132.747 Y112.967 E1.07925
G1 E-8 F1500
G1 Z4.52 F3000
G1 X132.067 Y111.453 F12000
G1 Z4.32 F3000
G1 E10 F1500
G1 F509.2
G1 X142.043 Y121.429 E1.38229
G1 X142.274 Y121.542 E.0252
;WIDTH:0.63542
G1 F545.872
G1 X142.504 Y121.655 E.02342
;WIDTH:0.595841
G1 F588.235
G1 X142.521 Y121.717 E.00545
G1 X142.476 Y121.762 E.0054
G1 X142.414 Y121.746 E.00543
G1 X142.398 Y121.684 E.00543
G1 X142.443 Y121.639 E.0054
G1 E-8 F1500
G1 Z4.52 F3000
G1 X144.261 Y122.362 F12000
G1 Z4.32 F3000
G1 E10 F1500
G1 F588.235
G1 X143.563 Y122.179 E.0612
;WIDTH:0.63542
G1 F545.872
G1 X143.448 Y122.032 E.01706
;WIDTH:0.675
G1 F509.2
G1 X143.332 Y121.885 E.01835
G1 X131.623 Y110.176 E1.62241
G1 X131.522 Y109.947 E.02452
;WIDTH:0.63542
G1 F545.872
G1 X131.422 Y109.717 E.02292
;WIDTH:0.595841
G1 F588.235
G1 X131.439 Y109.779 E.00545
G1 X131.393 Y109.824 E.00546
G1 X131.332 Y109.807 E.00537
G1 X131.315 Y109.746 E.00537
G1 X131.36 Y109.701 E.0054
;WIDTH:0.675
G1 F509.2
G1 X131.309 Y109.029 E.06603
G1 X144.466 Y122.186 E1.82305
G1 X145.513 Y122.4 E.1047
G1 X131.097 Y107.984 E1.9975
G1 X130.963 Y107.017 E.09565
G1 X146.487 Y122.54 E2.15095
G1 X147.401 Y122.621 E.0899
G1 X130.882 Y106.102 E2.28889
G1 X130.849 Y105.236 E.08491
G1 X148.268 Y122.655 E2.4136
G1 X149.094 Y122.648 E.08093
G1 X130.856 Y104.41 E2.52708
G1 X130.898 Y103.619 E.07761
M73 P77 R12
G1 X149.88 Y122.601 E2.63017
G1 X150.636 Y122.523 E.07446
G1 X130.976 Y102.864 E2.72404
G1 X131.078 Y102.133 E.07232
G1 X151.364 Y122.419 E2.81085
G1 X152.069 Y122.29 E.07022
G1 X131.209 Y101.43 E2.89039
G1 X131.361 Y100.749 E.06836
G1 X152.751 Y122.139 E2.96382
G1 X153.404 Y121.959 E.06637
M73 P77 R11
G1 X131.541 Y100.096 E3.02936
G1 X131.739 Y99.461 E.06517
G1 X154.039 Y121.761 E3.08991
G1 X154.66 Y121.548 E.06432
G1 X131.953 Y98.842 E3.14624
G1 X132.189 Y98.244 E.06299
G1 X155.256 Y121.311 E3.19619
G1 X155.837 Y121.059 E.06205
M73 P78 R11
G1 X132.443 Y97.665 E3.2415
G1 X132.711 Y97.1 E.06127
G1 X156.402 Y120.791 E3.28265
G1 X156.945 Y120.501 E.06031
G1 X132.996 Y96.552 E3.3184
G1 X133.3 Y96.023 E.05978
G1 X157.479 Y120.201 E3.3502
G1 X157.995 Y119.885 E.05928
G1 X133.615 Y95.505 E3.37812
G1 X133.947 Y95.003 E.05897
G1 X158.498 Y119.554 E3.40182
G1 X158.981 Y119.204 E.05844
G1 X134.293 Y94.516 E3.4208
G1 X134.657 Y94.046 E.05824
G1 X159.456 Y118.846 E3.43625
G1 X159.913 Y118.469 E.05805
M73 P79 R11
G1 X135.029 Y93.586 E3.44789
G1 X135.42 Y93.144 E.05782
G1 X160.356 Y118.079 E3.45509
G1 X160.789 Y117.679 E.05776
G1 X135.824 Y92.714 E3.45918
G1 X136.237 Y92.294 E.05771
M73 P79 R10
G1 X161.202 Y117.259 E3.45918
G1 X161.605 Y116.828 E.05781
G1 X136.671 Y91.895 E3.45481
G1 X137.115 Y91.506 E.05784
G1 X161.996 Y116.386 E3.44747
G1 X162.367 Y115.924 E.05805
G1 X137.575 Y91.132 E3.43521
G1 X138.047 Y90.771 E.05822
G1 X162.728 Y115.452 E3.41983
G1 X163.075 Y114.966 E.05851
M73 P80 R10
G1 X138.537 Y90.428 E3.40001
G1 X139.037 Y90.095 E.05886
G1 X163.403 Y114.461 E3.37618
G1 X163.721 Y113.945 E.05939
G1 X139.554 Y89.779 E3.34854
G1 X140.088 Y89.48 E.05996
G1 X164.022 Y113.413 E3.31625
G1 X164.308 Y112.866 E.06048
G1 X140.635 Y89.193 E3.28016
G1 X141.2 Y88.925 E.06127
G1 X164.573 Y112.298 E3.23859
G1 X164.826 Y111.718 E.062
G1 X141.781 Y88.673 E3.19314
G1 X142.379 Y88.437 E.06299
G1 X165.062 Y111.12 E3.14298
G1 X165.274 Y110.5 E.0642
M73 P81 R10
G1 X143 Y88.226 E3.08631
G1 X143.638 Y88.03 E.06539
G1 X165.47 Y109.862 E3.02507
G1 X165.649 Y109.208 E.06643
M73 P81 R9
G1 X144.293 Y87.852 E2.95911
G1 X144.975 Y87.7 E.06846
G1 X165.8 Y108.526 E2.88561
G1 X165.93 Y107.823 E.07005
G1 X145.681 Y87.574 E2.80572
G1 X146.412 Y87.471 E.07233
G1 X166.033 Y107.092 E2.71871
G1 X166.106 Y106.332 E.07481
G1 X147.17 Y87.396 E2.62379
G1 X147.959 Y87.352 E.07742
G1 X166.146 Y105.539 E2.52001
G1 X166.151 Y104.71 E.08122
G1 X148.794 Y87.354 E2.40494
G1 X149.666 Y87.393 E.08552
M73 P82 R9
G1 X166.115 Y103.841 E2.27912
G1 X166.03 Y102.924 E.09023
G1 X150.575 Y87.468 E2.14153
G1 X151.552 Y87.613 E.09677
G1 X165.887 Y101.947 E1.9862
G1 X165.672 Y100.899 E.10482
G1 X152.603 Y87.83 E1.81086
G1 X153.314 Y87.839 E.06967
;WIDTH:0.595841
G1 F588.235
G1 X153.269 Y87.884 E.0054
G1 X153.286 Y87.945 E.00537
G1 X153.347 Y87.962 E.00537
G1 X153.392 Y87.917 E.0054
G1 X153.376 Y87.855 E.00543
;WIDTH:0.63542
G1 F545.872
G1 X153.562 Y87.998 E.02144
;WIDTH:0.675
G1 F509.2
G1 X153.747 Y88.141 E.02291
G1 X165.359 Y99.752 E1.6089
G1 X165.504 Y99.937 E.02303
;WIDTH:0.63542
G1 F545.872
G1 X165.65 Y100.121 E.02147
;WIDTH:0.595841
G1 F588.235
G1 X165.666 Y100.183 E.00543
G1 X165.621 Y100.228 E.0054
G1 X165.559 Y100.211 E.00545
G1 X165.543 Y100.15 E.00535
G1 X165.588 Y100.105 E.0054
G1 E-8 F1500
G1 Z4.52 F3000
G1 X165.215 Y98.833 F12000
G1 Z4.32 F3000
G1 E10 F1500
G1 F588.235
G1 X165.231 Y98.895 E.00543
G1 X165.186 Y98.94 E.0054
G1 X165.124 Y98.923 E.00545
G1 X165.108 Y98.862 E.00535
G1 X165.153 Y98.817 E.0054
;WIDTH:0.63542
G1 F545.872
G1 X165.028 Y98.641 E.01973
;WIDTH:0.675
G1 F509.2
G1 X164.904 Y98.464 E.02117
G1 X155.045 Y88.605 E1.36607
G1 X154.859 Y88.446 E.02397
;WIDTH:0.63542
G1 F545.872
G1 X154.673 Y88.287 E.02236
;WIDTH:0.595841
G1 F588.235
G1 X154.69 Y88.349 E.00545
G1 X154.645 Y88.394 E.0054
G1 X154.583 Y88.377 E.00545
G1 X154.567 Y88.316 E.00535
G1 X154.612 Y88.271 E.0054
G1 E-8 F1500
G1 Z4.52 F3000
G1 X156.141 Y88.94 F12000
G1 Z4.32 F3000
G1 E10 F1500
G1 F588.235
G1 X156.096 Y88.985 E.0054
G1 X156.112 Y89.047 E.00543
G1 X156.174 Y89.063 E.00543
G1 X156.219 Y89.018 E.0054
G1 X156.202 Y88.956 E.00545
;WIDTH:0.63542
G1 F545.872
G1 X156.388 Y89.129 E.02322
;WIDTH:0.675
G1 F509.2
G1 X164.2 Y96.928 E1.08154
G1 X164.339 Y97.105 E.02205
;WIDTH:0.63542
G1 F545.872
G1 X164.477 Y97.283 E.02058
;WIDTH:0.595841
G1 F588.235
G1 X164.432 Y97.328 E.0054
G1 X164.449 Y97.389 E.00537
G1 X164.51 Y97.406 E.00537
G1 X164.555 Y97.361 E.0054
G1 X164.539 Y97.299 E.00543
G1 E-8 F1500
G1 Z4.52 F3000
G1 X158.694 Y90.588 F12000
G1 Z4.32 F3000
G1 E10 F1500
;WIDTH:0.675
G1 F509.2
G1 X162.918 Y94.812 E.58528
G1 X163.091 Y95.02 E.02651
;WIDTH:0.63542
G1 F545.872
G1 X163.264 Y95.228 E.02473
;WIDTH:0.595841
G1 F588.235
G1 X163.27 Y95.164 E.00545
G1 X163.212 Y94.934 E.02012
G1 X162.27 Y93.84 E.12244
;WIDTH:0.600099
G1 F583.365
G1 X161.824 Y93.354 E.05641
;WIDTH:0.637421
G1 F543.892
G1 X160.559 Y92.069 E.1654
;WIDTH:0.629329
G1 F551.99
G1 X159.884 Y91.434 E.08376
;WIDTH:0.595841
G1 F588.235
G1 X158.573 Y90.292 E.14746
G1 X158.458 Y90.237 E.01081
G1 X158.277 Y90.241 E.01535
;LAYER_CHANGE
;Z:4.72
;HEIGHT:0.4

G1 E-8 F1500
G1 Z4.72 F3000
;AFTER_LAYER_CHANGE
;4.72
G92 E0
_ON_LAYER_CHANGE LAYER=12
G1 Z4.92
G1 X148.508 Y85.343 F12000
G1 Z4.72 F3000
G1 E10 F1500
;TYPE:External perimeter
;WIDTH:0.675
G1 F509.2
G1 X148.811 Y85.34 E.02969
G1 X149.528 Y85.364 E.07029
G1 X150.555 Y85.445 E.10094
G1 X151.576 Y85.58 E.10091
G1 X152.589 Y85.768 E.10095
G1 X153.255 Y85.921 E.06695
G1 X154.249 Y86.197 E.10107
G1 X155.225 Y86.523 E.10082
G1 X156.183 Y86.901 E.1009
G1 X157.12 Y87.328 E.10089
G1 X158.005 Y87.788 E.09772
G1 X158.626 Y88.145 E.07018
G1 X159.495 Y88.699 E.10097
G1 X160.333 Y89.297 E.10087
G1 X161.139 Y89.938 E.1009
G1 X161.91 Y90.62 E.10085
G1 X162.644 Y91.341 E.10081
G1 X163.339 Y92.1 E.10083
G1 X163.995 Y92.896 E.10106
G1 X164.406 Y93.442 E.06696
G1 X164.991 Y94.292 E.1011
G1 X165.353 Y94.872 E.06699
G1 X165.861 Y95.769 E.101
G1 X166.32 Y96.69 E.10082
G1 X166.731 Y97.636 E.10106
G1 X166.976 Y98.274 E.06696
G1 X167.303 Y99.251 E.10094
G1 X167.578 Y100.243 E.10086
G1 X167.801 Y101.248 E.10086
G1 X167.971 Y102.264 E.10093
G1 X168.088 Y103.286 E.10079
G1 X168.15 Y104.314 E.1009
G1 X168.159 Y105.343 E.10082
G1 X168.114 Y106.372 E.10092
G1 X168.016 Y107.398 E.10098
G1 X167.921 Y108.074 E.06688
G1 X167.733 Y109.088 E.10104
G1 X167.492 Y110.09 E.10097
G1 X167.304 Y110.747 E.06695
G1 X166.977 Y111.725 E.10104
G1 X166.599 Y112.684 E.101
G1 X166.321 Y113.308 E.06693
G1 X165.861 Y114.231 E.10104
G1 X165.354 Y115.127 E.10087
G1 X164.801 Y115.995 E.10084
G1 X164.203 Y116.833 E.10087
G1 X163.562 Y117.639 E.1009
G1 X162.88 Y118.41 E.10085
G1 X162.159 Y119.144 E.10081
G1 X161.399 Y119.84 E.10097
G1 X160.875 Y120.28 E.06704
G1 X160.057 Y120.907 E.10098
G1 X159.209 Y121.49 E.10083
G1 X158.33 Y122.029 E.10102
G1 X157.732 Y122.36 E.06697
G1 X156.81 Y122.82 E.10095
G1 X155.864 Y123.231 E.10106
G1 X155.226 Y123.476 E.06696
G1 X154.249 Y123.803 E.10094
G1 X153.257 Y124.078 E.10086
G1 X152.252 Y124.301 E.10086
G1 X151.236 Y124.471 E.10093
G1 X150.214 Y124.588 E.10079
G1 X149.186 Y124.65 E.1009
G1 X148.157 Y124.659 E.10082
G1 X147.127 Y124.614 E.10101
G1 X146.446 Y124.555 E.06697
G1 X145.424 Y124.42 E.101
G1 X144.412 Y124.233 E.10083
G1 X143.41 Y123.992 E.10097
G1 X142.753 Y123.804 E.06695
G1 X141.775 Y123.477 E.10104
G1 X140.817 Y123.099 E.1009
M73 P83 R9
G1 X139.881 Y122.672 E.1008
G1 X138.967 Y122.197 E.10092
G1 X138.08 Y121.675 E.10084
G1 X137.248 Y121.124 E.09777
G1 X136.668 Y120.704 E.07016
G1 X135.861 Y120.062 E.10104
G1 X135.09 Y119.38 E.10085
G1 X134.355 Y118.658 E.10095
G1 X133.889 Y118.158 E.06697
G1 X133.219 Y117.374 E.10104
G1 X132.593 Y116.557 E.10084
G1 X132.009 Y115.708 E.10096
G1 X131.647 Y115.128 E.06699
G1 X131.139 Y114.231 E.101
G1 X130.68 Y113.31 E.10082
G1 X130.269 Y112.366 E.10088
G1 X129.909 Y111.401 E.10091
G1 X129.599 Y110.42 E.1008
G1 X129.342 Y109.423 E.10088
G1 X129.142 Y108.446 E.09771
G1 X129.029 Y107.738 E.07025
G1 X128.912 Y106.714 E.10098
G1 X128.85 Y105.686 E.1009
G1 X128.841 Y104.657 E.10082
G1 X128.884 Y103.66 E.09777
G1 X128.945 Y102.946 E.07021
G1 X129.08 Y101.924 E.101
G1 X129.268 Y100.911 E.10095
G1 X129.421 Y100.245 E.06695
G1 X129.697 Y99.251 E.10107
G1 X130.023 Y98.275 E.10082
G1 X130.401 Y97.317 E.1009
G1 X130.828 Y96.381 E.1008
G1 X131.303 Y95.468 E.10084
G1 X131.825 Y94.58 E.10092
G1 X132.376 Y93.748 E.09777
G1 X132.796 Y93.168 E.07016
G1 X133.438 Y92.361 E.10104
G1 X134.12 Y91.59 E.10085
G1 X134.841 Y90.856 E.10081
M73 P83 R8
G1 X135.577 Y90.182 E.09778
G1 X136.125 Y89.72 E.07023
G1 X136.943 Y89.093 E.10098
G1 X137.791 Y88.51 E.10083
G1 X138.641 Y87.988 E.09773
G1 X139.268 Y87.64 E.07026
G1 X140.19 Y87.18 E.10095
G1 X141.134 Y86.769 E.10088
G1 X142.069 Y86.419 E.09782
G1 X142.75 Y86.197 E.07018
G1 X143.743 Y85.922 E.10095
G1 X144.748 Y85.699 E.10086
G1 X145.764 Y85.529 E.10093
G1 X146.786 Y85.412 E.10079
G1 X147.814 Y85.35 E.1009
G1 X148.478 Y85.343 E.06506
G1 X149.078 Y85.35 F12000
G1 X148.503 Y85.895
;TYPE:Perimeter
G1 E-30 F1500
G1 Z9.719999999999999 F300.0
G1 F12000.0
T1
G1 Z4.72 F300.0
PRIME_FIBRE
G1 E45.0 F1500
G1 F12000.0
;WIDTH:0.6
G1 F300
G1 X148.805 Y85.892 E.02582
G1 X149.497 Y85.915 E.0592 U0.692
G1 X150.498 Y85.994 E.08586 U1.696
G1 X151.489 Y86.125 E.08547 U2.696
G1 X152.477 Y86.308 E.08592 U3.701
G1 X153.12 Y86.456 E.05642 U4.361
G1 X154.087 Y86.724 E.0858 U5.364
G1 X155.036 Y87.042 E.08558 U6.365
G1 X155.967 Y87.409 E.08557 U7.366
G1 X156.878 Y87.824 E.0856 U8.367
G1 X157.74 Y88.272 E.08307 U9.338
G1 X158.34 Y88.617 E.05918 U10.03
G1 X159.186 Y89.157 E.08582 U11.034
G1 X160.001 Y89.738 E.08558 U12.035
G1 X160.784 Y90.361 E.08556 U13.036
G1 X161.533 Y91.023 E.08547 U14.035
G1 X162.247 Y91.725 E.08562 U15.037
G1 X162.923 Y92.462 E.08551 U16.037
G1 X163.562 Y93.237 E.08589 U17.041
G1 X163.959 Y93.764 E.05642 U17.701
G1 X164.53 Y94.595 E.08621 U18.709
G1 X164.879 Y95.154 E.05635 U19.368
G1 X165.374 Y96.028 E.08588 U20.373
G1 X165.82 Y96.924 E.08558 U21.373
G1 X166.221 Y97.845 E.08589 U22.378
G1 X166.457 Y98.46 E.05632 U23.037
G1 X166.776 Y99.413 E.08593 U24.042
G1 X167.043 Y100.377 E.08553 U25.042
G1 X167.259 Y101.354 E.08556 U26.043
G1 X167.425 Y102.34 E.08549 U27.042
G1 X167.538 Y103.334 E.08554 U28.043
G1 X167.599 Y104.333 E.08558 U29.044
G1 X167.608 Y105.334 E.08559 U30.045
G1 X167.564 Y106.333 E.0855 U31.045
G1 X167.468 Y107.333 E.0859 U32.049
G1 X167.376 Y107.986 E.05639 U32.709
G1 X167.193 Y108.973 E.08583 U33.713
G1 X166.958 Y109.95 E.08592 U34.717
G1 X166.777 Y110.584 E.05638 U35.377
G1 X166.458 Y111.536 E.08585 U36.381
G1 X166.09 Y112.471 E.08592 U37.386
G1 X165.822 Y113.073 E.05634 U38.045
G1 X165.374 Y113.972 E.08588 U39.049
G1 X164.881 Y114.843 E.08558 U40.05
G1 X164.343 Y115.686 E.08551 U41.05
G1 X163.762 Y116.501 E.08558 U42.051
G1 X163.14 Y117.284 E.0855 U43.051
G1 X162.477 Y118.033 E.08553 U44.051
G1 X161.775 Y118.747 E.08562 U45.052
G1 X161.035 Y119.426 E.08587 U46.057
G1 X160.53 Y119.849 E.05633 U46.715
G1 X159.733 Y120.461 E.08592 U47.72
G1 X158.908 Y121.027 E.08555 U48.721
G1 X158.052 Y121.552 E.08586 U49.725
G1 X157.475 Y121.872 E.05642 U50.385
G1 X156.576 Y122.32 E.08588 U51.389
G1 X155.655 Y122.721 E.08589 U52.394
G1 X155.04 Y122.957 E.05632 U53.052
G1 X154.087 Y123.276 E.08593 U54.057
G1 X153.123 Y123.543 E.08553 U55.058
G1 X152.147 Y123.759 E.08547 U56.057
G1 X151.16 Y123.925 E.08558 U57.058
G1 X150.166 Y124.038 E.08554 U58.059
G1 X149.167 Y124.099 E.08558 U59.059
G1 X148.166 Y124.108 E.08559 U60.06
G1 X147.163 Y124.064 E.08584 U61.064
G1 X146.506 Y124.006 E.0564 U61.724
G1 X145.51 Y123.875 E.0859 U62.729
G1 X144.527 Y123.693 E.08548 U63.728
G1 X143.55 Y123.458 E.08592 U64.733
G1 X142.916 Y123.277 E.05638 U65.392
G1 X141.964 Y122.958 E.08585 U66.396
G1 X141.033 Y122.591 E.08557 U67.397
G1 X140.122 Y122.176 E.0856 U68.398
G1 X139.235 Y121.714 E.08551 U69.398
G1 X138.373 Y121.207 E.08551 U70.398
G1 X137.562 Y120.671 E.08312 U71.371
G1 X137.002 Y120.264 E.05919 U72.063
G1 X136.216 Y119.639 E.08586 U73.067
G1 X135.467 Y118.977 E.08547 U74.067
G1 X134.75 Y118.273 E.08592 U75.071
G1 X134.301 Y117.79 E.05639 U75.731
G1 X133.648 Y117.027 E.08587 U76.735
G1 X133.039 Y116.233 E.08556 U77.736
G1 X132.47 Y115.405 E.0859 U78.741
G1 X132.121 Y114.846 E.05635 U79.4
G1 X131.626 Y113.972 E.08588 U80.404
G1 X131.18 Y113.076 E.08558 U81.405
G1 X130.781 Y112.159 E.08551 U82.405
G1 X130.431 Y111.222 E.08553 U83.405
G1 X130.13 Y110.268 E.08554 U84.405
G1 X129.879 Y109.299 E.08559 U85.406
G1 X129.685 Y108.347 E.08307 U86.378
G1 X129.576 Y107.663 E.05922 U87.071
G1 X129.462 Y106.666 E.0858 U88.074
G1 X129.401 Y105.667 E.08558 U89.075
G1 X129.392 Y104.666 E.08559 U90.076
G1 X129.434 Y103.696 E.08302 U91.047
G1 X129.494 Y103.006 E.05922 U91.74
G1 X129.625 Y102.011 E.08581 U92.743
G1 X129.808 Y101.023 E.08592 U93.748
G1 X129.956 Y100.38 E.05642 U94.408
G1 X130.224 Y99.413 E.0858 U95.411
G1 X130.542 Y98.464 E.08558 U96.412
G1 X130.909 Y97.533 E.08557 U97.413
G1 X131.324 Y96.622 E.0856 U98.414
G1 X131.786 Y95.735 E.08551 U99.414
G1 X132.293 Y94.873 E.08551 U100.414
G1 X132.829 Y94.062 E.08312 U101.386
G1 X133.236 Y93.502 E.05919 U102.078
G1 X133.86 Y92.716 E.08581 U103.082
G1 X134.523 Y91.967 E.08553 U104.082
G1 X135.225 Y91.253 E.08562 U105.084
G1 X135.941 Y90.596 E.08309 U106.055
G1 X136.471 Y90.15 E.05923 U106.748
G1 X137.267 Y89.539 E.0858 U107.751
G1 X138.092 Y88.972 E.0856 U108.753
G1 X138.92 Y88.464 E.08306 U109.724
G1 X139.525 Y88.128 E.05917 U110.416
G1 X140.424 Y87.68 E.08588 U111.42
G1 X141.341 Y87.281 E.08551 U112.42
G1 X142.251 Y86.94 E.08309 U113.392
G1 X142.909 Y86.725 E.05919 U114.085
G1 X143.877 Y86.457 E.08588 U115.089
G1 X144.854 Y86.241 E.08556 U116.09
G1 X145.84 Y86.075 E.08549 U117.089
G1 X146.834 Y85.962 E.08554 U118.09
G1 X147.833 Y85.901 E.08558 U119.091
G1 X148.473 Y85.895 E.05473 U119.731
G1 X148.499 Y86.409 F12000 U120.245
G1 F300
G1 X148.798 Y86.406 E.02557 U120.544
G1 X149.468 Y86.429 E.05732 U121.215
G1 X150.444 Y86.506 E.08371 U122.194
G1 X151.409 Y86.633 E.08322 U123.167
G1 X152.372 Y86.811 E.08374 U124.146
G1 X152.993 Y86.955 E.05451 U124.784
G1 X153.937 Y87.216 E.08375 U125.763
G1 X154.86 Y87.525 E.08323 U126.737
G1 X155.766 Y87.882 E.08326 U127.71
G1 X156.652 Y88.286 E.08326 U128.684
M73 P84 R8
G1 X157.493 Y88.723 E.08104 U129.632
G1 X158.073 Y89.057 E.05723 U130.301
G1 X158.899 Y89.583 E.08373 U131.281
G1 X159.691 Y90.148 E.08319 U132.253
G1 X160.453 Y90.755 E.0833 U133.228
G1 X161.183 Y91.4 E.08329 U134.202
G1 X161.877 Y92.082 E.0832 U135.175
G1 X162.535 Y92.8 E.08327 U136.149
G1 X163.158 Y93.556 E.08376 U137.128
G1 X163.541 Y94.064 E.0544 U137.765
G1 X164.1 Y94.877 E.08436 U138.751
G1 X164.437 Y95.417 E.05443 U139.388
G1 X164.919 Y96.27 E.08377 U140.367
G1 X165.354 Y97.141 E.08325 U141.341
G1 X165.618 Y97.747 E.05652 U142.002
G1 X165.859 Y98.337 E.05449 U142.639
G1 X166.129 Y99.101 E.06929 U143.45
G1 X166.414 Y100.032 E.08325 U144.423
G1 X166.649 Y100.976 E.08318 U145.396
G1 X166.835 Y101.932 E.08328 U146.37
G1 X166.97 Y102.896 E.08323 U147.343
G1 X167.055 Y103.865 E.08317 U148.316
G1 X167.093 Y105.325 E.12488 U149.777
G1 X167.051 Y106.297 E.08319 U150.75
G1 X166.957 Y107.272 E.08375 U151.729
G1 X166.868 Y107.903 E.05449 U152.366
G1 X166.69 Y108.866 E.08374 U153.346
G1 X166.461 Y109.819 E.08381 U154.326
G1 X166.286 Y110.431 E.05443 U154.962
G1 X165.975 Y111.36 E.08377 U155.942
G1 X165.616 Y112.272 E.0838 U156.922
G1 X165.357 Y112.854 E.05447 U157.559
G1 X164.919 Y113.73 E.08374 U158.539
G1 X164.44 Y114.578 E.08328 U159.512
G1 X163.917 Y115.399 E.08323 U160.486
G1 X163.352 Y116.191 E.08319 U161.459
G1 X162.746 Y116.953 E.08325 U162.432
G1 X162.1 Y117.683 E.08335 U163.407
G1 X161.418 Y118.377 E.0832 U164.38
G1 X160.696 Y119.039 E.08376 U165.36
G1 X160.208 Y119.448 E.05444 U165.996
G1 X159.431 Y120.045 E.08378 U166.976
G1 X158.628 Y120.596 E.08327 U167.95
G1 X157.793 Y121.108 E.08375 U168.93
G1 X157.236 Y121.417 E.05446 U169.567
G1 X156.359 Y121.854 E.08378 U170.546
G1 X155.461 Y122.245 E.08375 U171.526
G1 X154.866 Y122.473 E.05448 U172.163
G1 X153.937 Y122.784 E.08377 U173.143
G1 X152.999 Y123.044 E.08323 U174.116
G1 X152.048 Y123.255 E.08329 U175.09
G1 X151.088 Y123.415 E.08322 U176.063
G1 X150.121 Y123.525 E.08322 U177.037
G1 X149.149 Y123.585 E.08327 U178.011
G1 X148.175 Y123.593 E.08328 U178.985
G1 X147.197 Y123.551 E.0837 U179.964
G1 X146.562 Y123.495 E.05451 U180.601
G1 X145.591 Y123.367 E.08374 U181.58
G1 X144.634 Y123.19 E.08322 U182.554
G1 X143.681 Y122.961 E.08381 U183.534
G1 X143.069 Y122.786 E.05443 U184.17
G1 X142.14 Y122.475 E.08377 U185.15
G1 X141.234 Y122.118 E.08326 U186.124
G1 X140.348 Y121.714 E.08326 U187.098
G1 X139.484 Y121.265 E.08326 U188.071
G1 X138.645 Y120.77 E.08329 U189.045
G1 X137.855 Y120.248 E.08096 U189.992
G1 X137.313 Y119.855 E.05724 U190.662
G1 X136.547 Y119.245 E.08373 U191.641
G1 X135.817 Y118.6 E.08329 U192.615
G1 X135.119 Y117.914 E.08368 U193.594
G1 X134.684 Y117.448 E.05451 U194.231
G1 X134.048 Y116.703 E.08376 U195.211
G1 X133.455 Y115.931 E.08324 U196.184
G1 X132.9 Y115.123 E.08382 U197.164
G1 X132.563 Y114.583 E.05443 U197.801
G1 X132.081 Y113.73 E.08377 U198.781
G1 X131.646 Y112.859 E.08325 U199.754
G1 X131.258 Y111.966 E.08325 U200.728
G1 X130.917 Y111.054 E.08325 U201.702
G1 X130.624 Y110.126 E.08321 U202.675
G1 X130.38 Y109.183 E.08329 U203.649
G1 X130.191 Y108.255 E.08098 U204.596
G1 X130.085 Y107.593 E.05733 U205.266
G1 X129.975 Y106.621 E.08364 U206.245
G1 X129.915 Y105.649 E.08327 U207.218
G1 X129.907 Y104.675 E.08328 U208.192
G1 X129.947 Y103.729 E.08096 U209.139
G1 X130.005 Y103.061 E.05733 U209.81
G1 X130.133 Y102.091 E.08366 U210.788
G1 X130.311 Y101.128 E.08374 U211.768
G1 X130.455 Y100.507 E.05451 U212.405
G1 X130.716 Y99.563 E.08375 U213.384
G1 X131.025 Y98.64 E.08323 U214.358
G1 X131.382 Y97.734 E.08326 U215.332
G1 X131.786 Y96.848 E.08326 U216.305
G1 X132.235 Y95.984 E.08326 U217.279
G1 X132.73 Y95.145 E.08329 U218.253
G1 X133.252 Y94.355 E.08096 U219.2
G1 X133.645 Y93.813 E.05724 U219.87
G1 X134.255 Y93.047 E.08373 U220.849
G1 X134.9 Y92.317 E.08329 U221.823
G1 X135.582 Y91.623 E.0832 U222.796
G1 X136.28 Y90.983 E.08097 U223.743
G1 X136.793 Y90.551 E.05735 U224.414
G1 X137.569 Y89.955 E.08366 U225.392
G1 X138.372 Y89.404 E.08327 U226.366
G1 X139.179 Y88.908 E.08099 U227.313
G1 X139.765 Y88.583 E.0573 U227.983
G1 X140.641 Y88.146 E.08371 U228.962
G1 X141.534 Y87.758 E.08325 U229.936
G1 X142.421 Y87.426 E.08098 U230.883
G1 X143.058 Y87.218 E.0573 U231.553
G1 X144.001 Y86.956 E.08369 U232.532
G1 X144.952 Y86.745 E.08329 U233.506
G1 X145.912 Y86.585 E.08322 U234.479
G1 X146.879 Y86.475 E.08322 U235.452
G1 X147.851 Y86.415 E.08327 U236.426
G1 X148.469 Y86.409 E.05284 U237.044
G1 X148.494 Y86.923 F12000 U237.559
G1 F300
G1 X148.792 Y86.921 E.02548 U237.857
G1 X149.439 Y86.942 E.05535 U238.504
G1 X150.39 Y87.017 E.08157 U239.458
G1 X151.329 Y87.141 E.08099 U240.405
G1 X152.268 Y87.315 E.08166 U241.36
G1 X152.866 Y87.453 E.05248 U241.974
G1 X153.787 Y87.708 E.08171 U242.93
G1 X154.684 Y88.009 E.0809 U243.876
G1 X155.565 Y88.356 E.08096 U244.823
G1 X156.427 Y88.748 E.08097 U245.77
G1 X157.246 Y89.174 E.07894 U246.693
G1 X157.807 Y89.497 E.05535 U247.34
G1 X158.611 Y90.009 E.0815 U248.293
G1 X159.382 Y90.559 E.08098 U249.24
G1 X160.123 Y91.149 E.08099 U250.188
G1 X160.832 Y91.776 E.08093 U251.134
G1 X161.507 Y92.439 E.0809 U252.08
G1 X162.147 Y93.137 E.08097 U253.027
G1 X162.754 Y93.874 E.08164 U253.982
G1 X163.124 Y94.365 E.05257 U254.597
G1 X163.669 Y95.159 E.08235 U255.56
G1 X163.995 Y95.68 E.05255 U256.174
G1 X164.465 Y96.511 E.08163 U257.129
G1 X164.888 Y97.358 E.08095 U258.076
G1 X165.146 Y97.952 E.05537 U258.723
G1 X165.379 Y98.521 E.05257 U259.338
G1 X165.642 Y99.265 E.06747 U260.127
G1 X165.918 Y100.169 E.08082 U261.073
G1 X166.147 Y101.088 E.08098 U262.02
G1 X166.328 Y102.017 E.08093 U262.966
G1 X166.459 Y102.954 E.0809 U263.912
G1 X166.542 Y103.896 E.08086 U264.858
G1 X166.579 Y105.316 E.12146 U266.278
G1 X166.538 Y106.261 E.08088 U267.224
G1 X166.446 Y107.212 E.08169 U268.18
G1 X166.361 Y107.82 E.05249 U268.794
G1 X166.187 Y108.759 E.08166 U269.749
G1 X165.964 Y109.688 E.08169 U270.704
G1 X165.794 Y110.279 E.05258 U271.319
G1 X165.491 Y111.184 E.0816 U272.273
G1 X165.141 Y112.073 E.08169 U273.229
G1 X164.891 Y112.634 E.05252 U273.843
G1 X164.465 Y113.489 E.08168 U274.798
G1 X163.999 Y114.313 E.08094 U275.745
G1 X163.491 Y115.111 E.08089 U276.691
G1 X162.941 Y115.882 E.08098 U277.638
G1 X162.352 Y116.623 E.08094 U278.585
G1 X161.724 Y117.332 E.08098 U279.532
G1 X161.061 Y118.007 E.0809 U280.478
G1 X160.357 Y118.652 E.08164 U281.433
G1 X159.886 Y119.047 E.05256 U282.047
G1 X159.128 Y119.629 E.08171 U283.003
G1 X158.348 Y120.165 E.08092 U283.949
G1 X157.534 Y120.664 E.08164 U284.904
G1 X156.996 Y120.962 E.05259 U285.519
G1 X156.142 Y121.388 E.0816 U286.474
G1 X155.266 Y121.769 E.08168 U287.429
G1 X154.692 Y121.989 E.05256 U288.044
G1 X153.787 Y122.292 E.0816 U288.998
M73 P85 R8
G1 X152.874 Y122.545 E.08101 U289.945
G1 X151.95 Y122.75 E.08093 U290.892
G1 X151.017 Y122.906 E.08088 U291.838
M73 P85 R7
G1 X150.076 Y123.013 E.08098 U292.785
G1 X149.131 Y123.071 E.08095 U293.732
G1 X148.184 Y123.079 E.08098 U294.679
G1 X147.23 Y123.037 E.08165 U295.634
G1 X146.618 Y122.984 E.05252 U296.248
G1 X145.671 Y122.859 E.08168 U297.203
G1 X144.741 Y122.687 E.08087 U298.149
G1 X143.812 Y122.464 E.08169 U299.104
G1 X143.221 Y122.294 E.05258 U299.719
G1 X142.316 Y121.991 E.0816 U300.674
CUT
G1 X141.435 Y121.644 E.08096
G1 X140.573 Y121.252 E.08097
G1 X139.734 Y120.815 E.08089
G1 X138.918 Y120.334 E.08099
G1 X138.148 Y119.825 E.07892
G1 X137.624 Y119.445 E.05535
G1 X136.877 Y118.851 E.0816
G1 X136.168 Y118.224 E.08093
G1 X135.487 Y117.555 E.08163
G1 X135.068 Y117.105 E.05257
G1 X134.448 Y116.379 E.08163
G1 X133.871 Y115.628 E.08098
G1 X133.331 Y114.841 E.08161
G1 X133.005 Y114.32 E.05255
G1 X132.535 Y113.489 E.08163
G1 X132.112 Y112.642 E.08095
G1 X131.735 Y111.774 E.08092
G1 X131.403 Y110.887 E.08098
G1 X131.119 Y109.984 E.08094
G1 X130.881 Y109.067 E.08101
G1 X130.697 Y108.163 E.07888
G1 X130.595 Y107.524 E.05533
G1 X130.487 Y106.576 E.08158
G1 X130.429 Y105.631 E.08095
G1 X130.421 Y104.684 E.08098
G1 X130.461 Y103.762 E.07891
G1 X130.516 Y103.117 E.05535
G1 X130.641 Y102.171 E.08159
G1 X130.815 Y101.232 E.08166
G1 X130.953 Y100.634 E.05248
G1 X131.208 Y99.713
G1 X131.509 Y98.816
G1 X131.856 Y97.935
G1 X132.248 Y97.073
G1 X132.685 Y96.234
G1 X133.166 Y95.418
G1 X133.675 Y94.648
G1 X134.055 Y94.124
G1 X134.649 Y93.377
G1 X135.276 Y92.668
G1 X135.94 Y91.993
G1 X136.62 Y91.369
G1 X137.115 Y90.952
G1 X137.872 Y90.371
G1 X138.652 Y89.835
G1 X139.439 Y89.352
G1 X140.005 Y89.038
G1 X140.858 Y88.612
G1 X141.727 Y88.235
G1 X142.591 Y87.911
G1 X143.206 Y87.71
G1 X144.126 Y87.455
G1 X145.05 Y87.25
G1 X145.983 Y87.094
G1 X146.924 Y86.987
G1 X147.87 Y86.929
G1 X148.464 Y86.924
G1 E-8 F1500
G1 Z4.92 F3000
G1 X136.789 Y91.561 F12000
G1 Z4.72 F3000
G1 E10 F1500
;TYPE:Solid infill
G1 E-30 F1500
G1 Z9.719999999999999 F300.0
G1 F12000.0
T0
G1 Z4.72 F300.0
G1 E32.0 F1500
G1 F12000.0
;WIDTH:0.595841
G1 F588.235
G1 X135.475 Y92.854 E.15635
G1 X136.576 Y91.765 E.13134
G1 E-8 F1500
G1 Z4.92 F3000
G1 X138.96 Y90.111 F12000
G1 Z4.72 F3000
G1 E10 F1500
G1 F588.235
G1 X138.915 Y90.066 E.0054
G1 X138.853 Y90.082 E.00543
G1 X138.836 Y90.144 E.00545
G1 X138.882 Y90.189 E.00546
G1 X138.943 Y90.172 E.00537
;WIDTH:0.63542
G1 F545.872
G1 X138.712 Y90.319 E.02502
;WIDTH:0.675
G1 F509.2
G1 X138.481 Y90.466 E.02683
G1 X133.953 Y94.994 E.6274
G1 X133.814 Y95.194 E.02386
;WIDTH:0.63542
G1 F545.872
G1 X133.675 Y95.394 E.02226
;WIDTH:0.595841
G1 F588.235
G1 X133.629 Y95.349 E.00546
G1 X133.568 Y95.366 E.00537
G1 X133.551 Y95.427 E.00537
G1 X133.596 Y95.472 E.0054
G1 X133.658 Y95.456 E.00543
G1 E-8 F1500
G1 Z4.92 F3000
G1 X132.51 Y97.436 F12000
G1 Z4.72 F3000
G1 E10 F1500
G1 F588.235
G1 X132.465 Y97.391 E.0054
G1 X132.404 Y97.407 E.00535
G1 X132.387 Y97.469 E.00545
G1 X132.432 Y97.514 E.0054
G1 X132.494 Y97.497 E.00545
;WIDTH:0.63542
G1 F545.872
G1 X132.619 Y97.267 E.02392
;WIDTH:0.675
G1 F509.2
G1 X132.745 Y97.036 E.02578
G1 X140.533 Y89.247 E1.07918
G1 E-8 F1500
G1 Z4.92 F3000
G1 X142.523 Y88.281 F12000
G1 Z4.72 F3000
G1 E10 F1500
;WIDTH:0.595841
G1 F588.235
G1 X142.478 Y88.236 E.0054
G1 X142.416 Y88.253 E.00545
G1 X142.4 Y88.314 E.00535
G1 X142.445 Y88.359 E.0054
G1 X142.506 Y88.343 E.00535
;WIDTH:0.63542
G1 F545.872
G1 X142.277 Y88.455 E.0233
;WIDTH:0.675
G1 F509.2
G1 X142.047 Y88.566 E.02502
G1 X132.071 Y98.543 E1.38236
G1 X131.958 Y98.774 E.0252
;WIDTH:0.63542
G1 F545.872
G1 X131.845 Y99.005 E.0235
;WIDTH:0.595841
G1 F588.235
G1 X131.783 Y99.021 E.00543
G1 X131.738 Y98.976 E.0054
G1 X131.754 Y98.914 E.00543
G1 X131.816 Y98.898 E.00543
G1 X131.861 Y98.943 E.0054
G1 E-8 F1500
G1 Z4.92 F3000
G1 X131.421 Y100.294 F12000
G1 Z4.72 F3000
G1 E10 F1500
G1 F588.235
G1 X131.36 Y100.31 E.00535
G1 X131.315 Y100.265 E.0054
G1 X131.331 Y100.204 E.00535
G1 X131.393 Y100.187 E.00545
G1 X131.438 Y100.232 E.0054
;WIDTH:0.63542
G1 F545.872
G1 X131.526 Y100.032 E.01997
;WIDTH:0.675
G1 F509.2
G1 X131.615 Y99.832 E.02145
G1 X143.333 Y88.114 E1.62366
G1 X144.467 Y87.813 E.11495
G1 X131.309 Y100.971 E1.82319
G1 X131.1 Y102.013 E.10413
G1 X145.511 Y87.602 E1.9968
G1 X146.483 Y87.463 E.0962
G1 X130.96 Y102.986 E2.15088
G1 X130.878 Y103.902 E.09011
G1 X147.398 Y87.382 E2.28903
G1 X148.26 Y87.353 E.0845
M73 P86 R7
G1 X130.845 Y104.768 E2.41304
G1 X130.852 Y105.594 E.08093
G1 X149.092 Y87.354 E2.52736
G1 X149.873 Y87.406 E.07669
G1 X130.899 Y106.38 E2.62906
G1 X130.977 Y107.136 E.07446
G1 X150.636 Y87.476 E2.72404
G1 X151.367 Y87.578 E.07232
G1 X131.078 Y107.867 E2.81127
G1 X131.211 Y108.567 E.06981
G1 X152.07 Y87.709 E2.89018
G1 X152.751 Y87.861 E.06836
G1 X131.365 Y109.247 E2.96327
G1 X131.538 Y109.907 E.06685
G1 X153.404 Y88.041 E3.02978
G1 X154.039 Y88.239 E.06517
M73 P86 R6
G1 X131.738 Y110.541 E3.09012
G1 X131.956 Y111.156 E.06393
M73 P87 R6
G1 X154.658 Y88.453 E3.14568
G1 X155.256 Y88.689 E.06299
G1 X132.189 Y111.756 E3.19619
G1 X132.441 Y112.337 E.06205
G1 X155.835 Y88.943 E3.2415
G1 X156.4 Y89.211 E.06127
G1 X132.713 Y112.898 E3.2821
G1 X132.997 Y113.447 E.06056
G1 X156.948 Y89.496 E3.31868
G1 X157.48 Y89.797 E.05989
G1 X133.298 Y113.979 E3.35069
G1 X133.614 Y114.497 E.05945
G1 X157.993 Y90.117 E3.37805
G1 X158.497 Y90.447 E.05902
G1 X133.949 Y114.995 E3.4014
G1 X134.294 Y115.483 E.05855
M73 P88 R6
G1 X158.983 Y90.794 E3.42094
G1 X159.454 Y91.157 E.05826
G1 X134.655 Y115.955 E3.43611
G1 X135.032 Y116.412 E.05805
G1 X159.914 Y91.529 E3.44775
G1 X160.357 Y91.92 E.05789
G1 X135.417 Y116.86 E3.45572
G1 X135.821 Y117.289 E.05774
G1 X160.786 Y92.324 E3.45918
G1 X161.206 Y92.737 E.05771
G1 X136.241 Y117.702 E3.45918
G1 X136.672 Y118.105 E.05781
M73 P88 R5
G1 X161.604 Y93.172 E3.45468
G1 X161.993 Y93.616 E.05784
G1 X137.114 Y118.496 E3.44733
G1 X137.576 Y118.867 E.05805
M73 P89 R5
G1 X162.37 Y94.073 E3.43549
G1 X162.73 Y94.546 E.05824
G1 X138.047 Y119.229 E3.42011
G1 X138.535 Y119.574 E.05855
G1 X163.072 Y95.037 E3.39988
G1 X163.406 Y95.536 E.05883
G1 X139.037 Y119.906 E3.37667
G1 X139.556 Y120.219 E.05938
G1 X163.721 Y96.055 E3.34826
G1 X164.022 Y96.587 E.05989
G1 X140.087 Y120.522 E3.31646
G1 X140.635 Y120.807 E.06052
G1 X164.305 Y97.137 E3.27974
G1 X164.575 Y97.7 E.06118
M73 P90 R5
G1 X141.202 Y121.073 E3.23859
G1 X141.782 Y121.326 E.062
G1 X164.827 Y98.281 E3.19314
G1 X165.063 Y98.879 E.06299
G1 X142.38 Y121.562 E3.14298
G1 X143 Y121.774 E.0642
G1 X165.274 Y99.5 E3.08631
G1 X165.47 Y100.138 E.06539
G1 X143.635 Y121.973 E3.02548
G1 X144.296 Y122.145 E.06692
G1 X165.648 Y100.793 E2.95856
G1 X165.8 Y101.475 E.06846
M73 P90 R4
G1 X144.975 Y122.3 E2.88554
G1 X145.677 Y122.43 E.06995
G1 X165.926 Y102.181 E2.80572
G1 X166.029 Y102.912 E.07233
G1 X146.411 Y122.53 E2.71829
G1 X147.167 Y122.607 E.07445
M73 P91 R4
G1 X166.104 Y103.67 E2.62393
G1 X166.148 Y104.459 E.07742
G1 X147.961 Y122.646 E2.52001
G1 X148.79 Y122.651 E.08122
G1 X166.156 Y105.285 E2.40625
G1 X166.119 Y106.155 E.08532
G1 X149.659 Y122.615 E2.28072
G1 X150.577 Y122.53 E.09033
G1 X166.035 Y107.072 E2.14188
G1 X165.887 Y108.052 E.09711
G1 X151.553 Y122.387 E1.9862
G1 X152.601 Y122.172 E.10482
G1 X165.669 Y109.104 E1.81072
G1 X165.661 Y109.815 E.06967
;WIDTH:0.595841
G1 F588.235
G1 X165.616 Y109.769 E.00546
G1 X165.555 Y109.786 E.00537
G1 X165.538 Y109.848 E.00545
G1 X165.583 Y109.893 E.0054
G1 X165.645 Y109.876 E.00545
;WIDTH:0.63542
G1 F545.872
G1 X165.502 Y110.062 E.02144
;WIDTH:0.675
G1 F509.2
G1 X165.359 Y110.248 E.02299
G1 X153.748 Y121.859 E1.60883
G1 X153.563 Y122.004 E.02303
;WIDTH:0.63542
G1 F545.872
G1 X153.379 Y122.15 E.02147
;WIDTH:0.595841
G1 F588.235
G1 X153.317 Y122.166 E.00543
G1 X153.272 Y122.121 E.0054
G1 X153.289 Y122.059 E.00545
G1 X153.35 Y122.043 E.00535
G1 X153.395 Y122.088 E.0054
G1 E-8 F1500
G1 Z4.92 F3000
G1 X154.667 Y121.714 F12000
G1 Z4.72 F3000
G1 E10 F1500
G1 F588.235
G1 X154.605 Y121.731 E.00545
G1 X154.56 Y121.686 E.0054
G1 X154.577 Y121.624 E.00545
G1 X154.638 Y121.608 E.00535
G1 X154.683 Y121.653 E.0054
;WIDTH:0.63542
G1 F545.872
G1 X154.86 Y121.528 E.0198
;WIDTH:0.675
G1 F509.2
G1 X155.036 Y121.404 E.02109
G1 X164.895 Y111.545 E1.36607
G1 X165.054 Y111.359 E.02397
;WIDTH:0.63542
G1 F545.872
G1 X165.213 Y111.173 E.02236
;WIDTH:0.595841
G1 F588.235
G1 X165.151 Y111.19 E.00545
G1 X165.106 Y111.145 E.0054
G1 X165.123 Y111.083 E.00545
G1 X165.184 Y111.067 E.00535
G1 X165.229 Y111.112 E.0054
G1 E-8 F1500
G1 Z4.92 F3000
G1 X164.562 Y112.639 F12000
G1 Z4.72 F3000
G1 E10 F1500
G1 F588.235
G1 X164.517 Y112.594 E.0054
G1 X164.455 Y112.611 E.00545
G1 X164.438 Y112.672 E.00537
G1 X164.484 Y112.718 E.00552
G1 X164.545 Y112.701 E.00537
;WIDTH:0.63542
G1 F545.872
G1 X164.373 Y112.887 E.02315
;WIDTH:0.675
G1 F509.2
G1 X156.573 Y120.7 E1.08168
G1 X156.395 Y120.839 E.02213
;WIDTH:0.63542
G1 F545.872
G1 X156.218 Y120.977 E.02051
;WIDTH:0.595841
G1 F588.235
G1 X156.172 Y120.932 E.00546
G1 X156.111 Y120.949 E.00537
G1 X156.094 Y121.01 E.00537
G1 X156.139 Y121.055 E.0054
G1 X156.201 Y121.039 E.00543
G1 E-8 F1500
G1 Z4.92 F3000
G1 X162.912 Y115.194 F12000
G1 Z4.72 F3000
G1 E10 F1500
;WIDTH:0.675
G1 F509.2
G1 X158.689 Y119.417 E.58514
G1 X158.48 Y119.591 E.02665
;WIDTH:0.63542
G1 F545.872
G1 X158.272 Y119.764 E.02473
;WIDTH:0.595841
G1 F588.235
G1 X158.336 Y119.77 E.00545
G1 X158.566 Y119.711 E.02014
G1 X159.662 Y118.768 E.12263
;WIDTH:0.596487
G1 F587.491
G1 X160.103 Y118.364 E.05079
;WIDTH:0.637335
G1 F543.977
G1 X161.431 Y117.059 E.17076
;WIDTH:0.629259
G1 F552.061
G1 X162.066 Y116.384 E.08375
;WIDTH:0.595841
G1 F588.235
G1 X163.207 Y115.074 E.14734
G1 X163.263 Y114.958 E.01092
G1 X163.259 Y114.778 E.01527
;LAYER_CHANGE
;Z:5.12
;HEIGHT:0.4

G1 E-8 F1500
G1 Z5.12 F3000
;AFTER_LAYER_CHANGE
;5.12
G92 E0
_ON_LAYER_CHANGE LAYER=13
G1 Z5.32
G1 X148.508 Y85.343 F12000
G1 Z5.12 F3000
G1 E10 F1500
M73 P92 R4
;TYPE:External perimeter
;WIDTH:0.675
G1 F509.2
G1 X148.839 Y85.341 E.03243
G1 X149.528 Y85.364 E.06754
G1 X150.555 Y85.445 E.10094
G1 X151.576 Y85.58 E.10091
G1 X152.588 Y85.767 E.10083
G1 X153.585 Y86.007 E.10047
G1 X154.247 Y86.196 E.06745
G1 X155.225 Y86.523 E.10104
G1 X156.183 Y86.901 E.1009
G1 X157.119 Y87.328 E.1008
G1 X158.029 Y87.801 E.10048
G1 X158.626 Y88.145 E.06751
G1 X159.495 Y88.699 E.10097
G1 X160.333 Y89.297 E.10087
G1 X161.139 Y89.938 E.1009
G1 X161.91 Y90.62 E.10085
G1 X162.644 Y91.341 E.10081
G1 X163.339 Y92.1 E.10083
G1 X163.992 Y92.891 E.1005
G1 X164.406 Y93.442 E.06753
G1 X164.99 Y94.291 E.10096
G1 X165.528 Y95.169 E.10089
G1 X166.017 Y96.07 E.10044
G1 X166.32 Y96.689 E.06752
G1 X166.731 Y97.634 E.10097
G1 X167.091 Y98.598 E.10082
G1 X167.401 Y99.58 E.10089
G1 X167.658 Y100.573 E.1005
G1 X167.801 Y101.247 E.06751
G1 X167.971 Y102.264 E.10103
G1 X168.088 Y103.286 E.10079
G1 X168.15 Y104.314 E.1009
G1 X168.159 Y105.343 E.10082
G1 X168.114 Y106.372 E.10092
G1 X168.016 Y107.392 E.1004
G1 X167.921 Y108.074 E.06747
G1 X167.733 Y109.088 E.10104
G1 X167.492 Y110.089 E.10088
G1 X167.2 Y111.076 E.10085
G1 X166.856 Y112.046 E.10084
G1 X166.462 Y112.999 E.10104
G1 X166.173 Y113.618 E.06693
G1 X165.697 Y114.532 E.10097
G1 X165.175 Y115.419 E.10084
G1 X164.606 Y116.279 E.10103
G1 X164.204 Y116.832 E.06698
G1 X163.562 Y117.639 E.10104
G1 X162.88 Y118.41 E.10085
G1 X162.159 Y119.144 E.10081
G1 X161.399 Y119.84 E.10097
G1 X160.875 Y120.28 E.06704
G1 X160.057 Y120.907 E.10098
G1 X159.208 Y121.491 E.10096
G1 X158.628 Y121.853 E.06699
G1 X157.731 Y122.361 E.101
G1 X156.81 Y122.82 E.10082
G1 X155.864 Y123.231 E.10106
G1 X155.226 Y123.476 E.06696
G1 X154.249 Y123.803 E.10094
G1 X153.257 Y124.078 E.10086
G1 X152.252 Y124.301 E.10086
G1 X151.236 Y124.471 E.10093
G1 X150.214 Y124.588 E.10079
G1 X149.186 Y124.65 E.1009
G1 X148.157 Y124.659 E.10082
G1 X147.127 Y124.614 E.10101
G1 X146.446 Y124.555 E.06697
G1 X145.424 Y124.42 E.101
G1 X144.411 Y124.232 E.10095
G1 X143.745 Y124.079 E.06695
G1 X142.751 Y123.803 E.10107
G1 X141.775 Y123.477 E.10082
G1 X140.817 Y123.099 E.1009
G1 X139.881 Y122.672 E.1008
G1 X138.967 Y122.197 E.10092
G1 X138.081 Y121.675 E.10075
G1 X137.222 Y121.106 E.10095
G1 X136.395 Y120.494 E.1008
G1 X135.603 Y119.842 E.10051
G1 X135.091 Y119.381 E.0675
G1 X134.355 Y118.658 E.10108
G1 X133.889 Y118.158 E.06697
G1 X133.219 Y117.374 E.10104
G1 X132.593 Y116.557 E.10084
G1 X132.009 Y115.708 E.10096
G1 X131.647 Y115.128 E.06699
G1 X131.139 Y114.231 E.101
G1 X130.68 Y113.31 E.10082
G1 X130.269 Y112.366 E.10088
G1 X129.909 Y111.402 E.10082
G1 X129.599 Y110.42 E.10089
G1 X129.342 Y109.423 E.10088
G1 X129.137 Y108.418 E.1005
G1 X129.029 Y107.738 E.06746
G1 X128.912 Y106.714 E.10098
G1 X128.85 Y105.686 E.1009
G1 X128.841 Y104.657 E.10082
G1 X128.885 Y103.632 E.10052
G1 X128.945 Y102.946 E.06747
G1 X129.08 Y101.924 E.101
G1 X129.268 Y100.911 E.10095
G1 X129.421 Y100.245 E.06695
G1 X129.697 Y99.251 E.10107
G1 X130.023 Y98.275 E.10082
G1 X130.401 Y97.317 E.1009
G1 X130.828 Y96.381 E.1008
G1 X131.303 Y95.468 E.10084
G1 X131.825 Y94.58 E.10092
G1 X132.391 Y93.725 E.10046
G1 X132.796 Y93.168 E.06747
G1 X133.438 Y92.361 E.10104
G1 X134.12 Y91.59 E.10085
G1 X134.842 Y90.855 E.10095
G1 X135.342 Y90.389 E.06697
G1 X136.126 Y89.719 E.10104
G1 X136.943 Y89.093 E.10084
G1 X137.791 Y88.51 E.10083
G1 X138.669 Y87.972 E.10089
G1 X139.57 Y87.483 E.10044
G1 X140.189 Y87.18 E.06752
G1 X141.134 Y86.769 E.10097
G1 X142.099 Y86.409 E.10091
G1 X143.08 Y86.099 E.1008
G1 X144.073 Y85.842 E.1005
G1 X144.747 Y85.699 E.06751
G1 X145.764 Y85.529 E.10103
G1 X146.786 Y85.412 E.10079
G1 X147.814 Y85.35 E.1009
G1 X148.478 Y85.344 E.06506
G1 X149.078 Y85.35 F12000
G1 E-8 F1500
G1 Z5.32 F3000
G1 X159.993 Y89.267 F12000
G1 Z5.12 F3000
G1 E10 F1500
;TYPE:Top solid infill
;WIDTH:0.606163
G1 F576.566
G1 X162.401 Y91.674 E.29461
G1 X163.034 Y92.366 E.08115
G1 X163.674 Y93.142 E.08704
G1 X164.078 Y93.678 E.05808
M73 P92 R3
G1 X164.651 Y94.511 E.08749
G1 X164.887 Y94.897 E.03915
G1 X158.597 Y88.606 E.76978
G1 X157.834 Y88.156 E.07665
G1 X156.95 Y87.695 E.08627
G1 X165.799 Y96.545 E1.08293
G1 X165.952 Y96.858 E.03015
G1 X166.386 Y97.867 E.09504
G1 X155.64 Y87.122 E1.31495
G1 X155.087 Y86.904 E.05143
G1 X154.485 Y86.702 E.05495
G1 X166.799 Y99.016 E1.50689
G1 X167.012 Y99.692 E.06133
G1 X167.107 Y100.06 E.03289
G1 X153.433 Y86.386 E1.67331
G1 X152.467 Y86.156 E.08592
G1 X167.341 Y101.03 E1.82016
G1 X167.505 Y101.93 E.07916
G1 X151.564 Y85.989 E1.95073
G1 X150.713 Y85.874 E.07431
G1 X167.623 Y102.784 E2.06931
G1 X167.701 Y103.598 E.07076
M73 P93 R3
G1 X149.911 Y85.807 E2.17705
G1 X149.124 Y85.757 E.06824
G1 X167.747 Y104.379 E2.27887
G1 X167.753 Y105.121 E.06421
G1 X148.387 Y85.755 E2.36985
G1 X147.66 Y85.764 E.06291
G1 X167.733 Y105.837 E2.45637
G1 X167.693 Y106.533 E.06032
G1 X146.967 Y85.807 E2.53628
G1 X146.299 Y85.875 E.0581
G1 X167.628 Y107.204 E2.61007
G1 X167.543 Y107.855 E.05681
G1 X145.647 Y85.958 E2.67951
G1 X145.017 Y86.064 E.05528
G1 X167.434 Y108.481 E2.74321
G1 X167.315 Y109.098 E.05437
G1 X144.403 Y86.186 E2.80378
G1 X143.809 Y86.328 E.05285
G1 X167.172 Y109.691 E2.85897
G1 X167.017 Y110.271 E.05195
G1 X143.225 Y86.48 E2.91141
G1 X142.664 Y86.655 E.05085
M73 P94 R3
G1 X166.848 Y110.839 E2.95944
G1 X166.661 Y111.387 E.0501
G1 X142.11 Y86.836 E3.00435
G1 X141.574 Y87.037 E.04953
G1 X166.467 Y111.93 E3.0462
G1 X166.252 Y112.45 E.04869
M73 P94 R2
G1 X141.049 Y87.247 E3.08414
G1 X140.536 Y87.47 E.0484
G1 X166.031 Y112.965 E3.11987
G1 X165.796 Y113.466 E.04788
G1 X140.035 Y87.705 E3.15242
G1 X139.549 Y87.954 E.04725
G1 X165.544 Y113.95 E3.18111
G1 X165.288 Y114.43 E.04707
G1 X139.072 Y88.213 E3.20816
G1 X138.607 Y88.484 E.04657
M73 P95 R2
G1 X165.015 Y114.893 E3.23165
G1 X164.736 Y115.349 E.04626
G1 X138.15 Y88.764 E3.25331
G1 X137.708 Y89.057 E.04589
G1 X164.443 Y115.792 E3.27161
G1 X164.143 Y116.228 E.0458
G1 X137.272 Y89.357 E3.28825
G1 X136.852 Y89.672 E.04543
G1 X163.831 Y116.652 E3.30153
G1 X163.505 Y117.061 E.04526
G1 X136.435 Y89.992 E3.31254
G1 X136.036 Y90.328 E.04514
G1 X163.174 Y117.467 E3.32099
G1 X162.829 Y117.857 E.04506
G1 X135.639 Y90.667 E3.32729
G1 X135.257 Y91.021 E.04507
M73 P96 R2
G1 X162.478 Y118.242 E3.33108
G1 X162.113 Y118.613 E.04503
G1 X134.887 Y91.387 E3.33169
G1 X134.522 Y91.758 E.04503
M73 P96 R1
G1 X161.742 Y118.978 E3.33096
G1 X161.358 Y119.329 E.04502
G1 X134.171 Y92.143 E3.32686
G1 X133.826 Y92.533 E.04506
G1 X160.967 Y119.675 E3.32135
G1 X160.565 Y120.008 E.04517
G1 X133.495 Y92.939 E3.31254
G1 X133.169 Y93.348 E.04526
G1 X160.148 Y120.328 E3.30153
G1 X159.728 Y120.643 E.04543
G1 X132.857 Y93.772 E3.28825
G1 X132.557 Y94.208 E.0458
M73 P97 R1
G1 X159.292 Y120.943 E3.27161
G1 X158.851 Y121.237 E.04586
G1 X132.264 Y94.651 E3.25344
G1 X131.984 Y95.107 E.0463
G1 X158.397 Y121.52 E3.23221
G1 X157.927 Y121.785 E.04669
G1 X131.712 Y95.57 E3.20798
G1 X131.456 Y96.05 E.04707
G1 X157.453 Y122.048 E3.18136
G1 X156.962 Y122.292 E.04744
G1 X131.204 Y96.534 E3.15205
G1 X130.972 Y97.038 E.04801
G1 X156.464 Y122.53 E3.1195
G1 X155.951 Y122.753 E.0484
G1 X130.745 Y97.547 E3.0845
G1 X130.537 Y98.075 E.04911
M73 P98 R1
G1 X155.428 Y122.966 E3.04596
G1 X154.889 Y123.163 E.04966
M73 P98 R0
G1 X130.337 Y98.611 E3.00447
G1 X130.153 Y99.162 E.05027
G1 X154.338 Y123.347 E2.95956
G1 X153.771 Y123.516 E.0512
G1 X129.984 Y99.729 E2.91086
G1 X129.824 Y100.305 E.05173
G1 X153.195 Y123.676 E2.85995
G1 X152.594 Y123.811 E.0533
G1 X129.685 Y100.902 E2.80341
G1 X129.566 Y101.519 E.05437
G1 X151.983 Y123.936 E2.74321
G1 X151.353 Y124.042 E.05528
G1 X129.458 Y102.147 E2.67933
G1 X129.373 Y102.797 E.05672
G1 X150.701 Y124.125 E2.60994
G1 X150.033 Y124.193 E.0581
M73 P99 R0
G1 X129.306 Y103.466 E2.5364
G1 X129.267 Y104.163 E.06041
G1 X149.34 Y124.236 E2.45637
G1 X148.619 Y124.251 E.0624
G1 X129.247 Y104.879 E2.37059
G1 X129.253 Y105.621 E.06421
G1 X147.874 Y124.242 E2.27868
G1 X147.103 Y124.206 E.06679
G1 X129.299 Y106.402 E2.17871
G1 X129.377 Y107.216 E.07076
G1 X146.286 Y124.126 E2.06925
G1 X145.436 Y124.011 E.07422
G1 X129.491 Y108.066 E1.95122
G1 X129.663 Y108.974 E.07997
G1 X144.532 Y123.844 E1.81961
G1 X143.561 Y123.608 E.08647
G1 X129.893 Y109.94 E1.67258
G1 X129.988 Y110.308 E.03289
G1 X130.201 Y110.984 E.06133
G1 X142.515 Y123.298 E1.50689
G1 X141.913 Y123.096 E.05495
G1 X141.359 Y122.878 E.05152
G1 X130.614 Y112.133 E1.31488
G1 X131.046 Y113.139 E.09474
G1 X131.208 Y113.463 E.03134
G1 X140.05 Y122.305 E1.08201
G1 X139.164 Y121.843 E.08646
G1 X138.407 Y121.398 E.07598
G1 X132.1 Y115.091 E.7718
G1 X132.347 Y115.486 E.04031
G1 X132.92 Y116.32 E.08756
G1 X133.534 Y117.119 E.08719
G1 X134.191 Y117.889 E.08759
G1 X134.586 Y118.312 E.05008
G1 X137.002 Y120.728 E.29565
G1 E-8 F1500
M107
;TYPE:Custom
; Filament-specific end gcode
; Filament-specific end gcode
END_PRINT
M73 P100 R0
; objects_info = {"objects":[]}
; filament used [mm] = 2447.30, 0.00
; filament used [cm3] = 5.89, 0.00
; filament used [g] = 7.30, 0.00
; filament cost = 0.26, 0.00
; total filament used [g] = 7.30
; total filament cost = 0.26
; total filament used for wipe tower [g] = 0.00
; estimated printing time (normal mode) = 53m 20s
; estimated first layer printing time (normal mode) = 3m 43s

; prusaslicer_config = begin
; arc_fitting = disabled
; autoemit_temperature_commands = 0
; automatic_extrusion_widths = 0
; automatic_infill_combination = 0
; automatic_infill_combination_max_layer_height = 100%
; avoid_crossing_curled_overhangs = 1
; avoid_crossing_perimeters = 0
; avoid_crossing_perimeters_max_detour = 300%
; bed_custom_model = 
; bed_custom_texture = 
; bed_shape = 0x0,297x0,297x210,0x210
; bed_temperature = 60,60
; bed_temperature_extruder = 0
; before_layer_gcode = \n
; between_objects_gcode = G92 E0
; binary_gcode = 0
; bottom_fill_pattern = monotonic
; bottom_solid_layers = 5
; bottom_solid_min_thickness = 1
; bridge_acceleration = 1000
; bridge_angle = 0
; bridge_fan_speed = 100,100
; bridge_flow_ratio = 0.7
; bridge_speed = 0
; brim_separation = 0
; brim_type = outer_only
; brim_width = 0
; chamber_minimal_temperature = 0,0
; chamber_temperature = 0,0
; color_change_gcode = M600
; colorprint_heights = 
; compatible_printers_condition_cummulative = ;"printer_notes!~/.*NO_TEMPLATES.*/ and printer_notes!~/.*PRINTER_VENDOR_TRILAB.*/ and printer_notes!~/.*PRINTER_MODEL_MK4IS.*/ and ! (printer_notes=~/.*PRINTER_VENDOR_PRUSA3D.*/ and num_extruders>1) and printer_model == \"VC4_500 IDEX\"";"printer_notes!~/.*NO_TEMPLATES.*/ and printer_notes!~/.*PRINTER_VENDOR_TRILAB.*/ and printer_notes!~/.*PRINTER_MODEL_MK4IS.*/ and ! (printer_notes=~/.*PRINTER_VENDOR_PRUSA3D.*/ and num_extruders>1) and printer_model == \"VC4_500 IDEX\""
; complete_objects = 0
; cooling = 1,1
; cooling_perimeter_transition_distance = 0,0
; cooling_slowdown_logic = uniform_cooling,uniform_cooling
; cooling_tube_length = 5
; cooling_tube_retraction = 91.5
; custom_parameters_filament = ;
; custom_parameters_print = 
; custom_parameters_printer = 
; default_acceleration = 1000
; default_filament_profile = "PunkFil PETG @RatRig"
; default_print_profile = QUALITY_0.20mm_Nozzle_0.6_VC4_IDEX
; deretract_speed = 25,120
; disable_fan_first_layers = 1,1
; dont_support_bridges = 0
; draft_shield = disabled
; duplicate_distance = 6
; elefant_foot_compensation = 0
; enable_dynamic_fan_speeds = 0,0
; enable_dynamic_overhang_speeds = 1
; end_filament_gcode = "; Filament-specific end gcode";"; Filament-specific end gcode"
; end_gcode = END_PRINT\n
; ensure_vertical_shell_thickness = enabled
; external_perimeter_acceleration = 1000
; external_perimeter_extrusion_width = 0
; external_perimeter_speed = 100
; external_perimeters_first = 1
; extra_loading_move = -2
; extra_perimeters = 1
; extra_perimeters_on_overhangs = 0
; extruder_clearance_height = 25
; extruder_clearance_radius = 45
; extruder_colour = #0080FF;#FF8000
; extruder_offset = 0x0,0x0
; extrusion_axis = E
; extrusion_multiplier = 1,0.9
; extrusion_width = 0
; fan_always_on = 1,1
; fan_below_layer_time = 100,100
; filament_abrasive = 0,0
; filament_colour = #FF8000;#FF8000
; filament_cooling_final_speed = 2,2
; filament_cooling_initial_speed = 3,3
; filament_cooling_moves = 1,1
; filament_cost = 36.29,36.29
; filament_density = 1.24,1.24
; filament_deretract_speed = nil,nil
; filament_diameter = 1.75,1.75
; filament_infill_max_crossing_speed = 0,0
; filament_infill_max_speed = 0,0
; filament_load_time = 0,0
; filament_loading_speed = 14,14
; filament_loading_speed_start = 19,19
; filament_max_volumetric_speed = 2,5
; filament_minimal_purge_on_wipe_tower = 0,0
; filament_multitool_ramming = 0,0
; filament_multitool_ramming_flow = 10,10
; filament_multitool_ramming_volume = 10,10
; filament_notes = "Affordable filament for everyday printing in premium quality manufactured in-house by Josef Prusa";"Affordable filament for everyday printing in premium quality manufactured in-house by Josef Prusa"
; filament_purge_multiplier = 100%,100%
; filament_ramming_parameters = "130 120 2.70968 2.93548 3.32258 3.83871 4.58065 5.54839 6.51613 7.35484 7.93548 8.16129| 0.05 2.66451 0.45 3.05805 0.95 4.05807 1.45 5.97742 1.95 7.69999 2.45 8.1936 2.95 11.342 3.45 11.4065 3.95 7.6 4.45 7.6 4.95 7.6";"130 120 2.70968 2.93548 3.32258 3.83871 4.58065 5.54839 6.51613 7.35484 7.93548 8.16129| 0.05 2.66451 0.45 3.05805 0.95 4.05807 1.45 5.97742 1.95 7.69999 2.45 8.1936 2.95 11.342 3.45 11.4065 3.95 7.6 4.45 7.6 4.95 7.6"
; filament_retract_before_travel = nil,nil
; filament_retract_before_wipe = nil,nil
; filament_retract_layer_change = nil,nil
; filament_retract_length = nil,nil
; filament_retract_length_toolchange = nil,nil
; filament_retract_lift = nil,nil
; filament_retract_lift_above = nil,nil
; filament_retract_lift_below = nil,nil
; filament_retract_restart_extra = nil,nil
; filament_retract_restart_extra_toolchange = nil,nil
; filament_retract_speed = nil,nil
; filament_seam_gap_distance = nil,nil
; filament_settings_id = "PLA Temp thingy";"PLA CCF Temp thingy"
; filament_shrinkage_compensation_xy = 0%,0%
; filament_shrinkage_compensation_z = 0%,0%
; filament_soluble = 0,0
; filament_spool_weight = 201,201
; filament_stamping_distance = 0,0
; filament_stamping_loading_speed = 20,20
; filament_toolchange_delay = 0,0
; filament_travel_lift_before_obstacle = nil,nil
; filament_travel_max_lift = nil,nil
; filament_travel_ramping_lift = nil,nil
; filament_travel_slope = nil,nil
; filament_type = PLA;PLA
; filament_unload_time = 0,0
; filament_unloading_speed = 20,20
; filament_unloading_speed_start = 100,100
; filament_vendor = Prusa Polymers
; filament_wipe = nil,nil
; fill_angle = 45
; fill_density = 15%
; fill_pattern = gyroid
; first_layer_acceleration = 1000
; first_layer_acceleration_over_raft = 0
; first_layer_bed_temperature = 60,60
; first_layer_extrusion_width = 0
; first_layer_height = 0.32
; first_layer_infill_speed = 0
; first_layer_speed = 70%
; first_layer_speed_over_raft = 30
; first_layer_temperature = 240,200
; full_fan_speed_layer = 3,3
; fuzzy_skin = none
; fuzzy_skin_point_dist = 0.8
; fuzzy_skin_thickness = 0.3
; gap_fill_enabled = 0
; gap_fill_speed = 100
; gcode_comments = 0
; gcode_flavor = klipper
; gcode_label_objects = disabled
; gcode_resolution = 0.0125
; gcode_substitutions = 
; high_current_on_filament_swap = 0
; host_type = prusalink
; idle_temperature = 180,180
; infill_acceleration = 1000
; infill_anchor = 300%
; infill_anchor_max = 5
; infill_every_layers = 1
; infill_extruder = 1
; infill_extrusion_width = 0
; infill_first = 0
; infill_overlap = 25%
; infill_speed = 0
; inherits_cummulative = ;"Prusament PLA @Template";"Prusament PLA @Template";
; interface_shells = 0
; interlocking_beam = 0
; interlocking_beam_layer_count = 2
; interlocking_beam_width = 0.8
; interlocking_boundary_avoidance = 2
; interlocking_depth = 2
; interlocking_orientation = 22.5
; ironing = 0
; ironing_flowrate = 15%
; ironing_spacing = 0.3
; ironing_speed = 200
; ironing_type = top
; layer_gcode = ;AFTER_LAYER_CHANGE\n;[layer_z]\nG92 E0\n_ON_LAYER_CHANGE LAYER={layer_num + 1}
; layer_height = 0.4
; machine_limits_usage = time_estimate_only
; machine_max_acceleration_e = 1000
; machine_max_acceleration_extruding = 1000
; machine_max_acceleration_retracting = 1000
; machine_max_acceleration_travel = 9000,1250
; machine_max_acceleration_x = 1000
; machine_max_acceleration_y = 1000
; machine_max_acceleration_z = 1000
; machine_max_feedrate_e = 120
; machine_max_feedrate_x = 200
; machine_max_feedrate_y = 200
; machine_max_feedrate_z = 5
; machine_max_jerk_e = 5
; machine_max_jerk_x = 5
; machine_max_jerk_y = 5
; machine_max_jerk_z = 0.4
; machine_max_junction_deviation = 0,0
; machine_min_extruding_rate = 0
; machine_min_travel_rate = 0
; max_fan_speed = 100,100
; max_layer_height = 0.32,0.32
; max_print_height = 140
; max_print_speed = 100
; max_volumetric_extrusion_rate_slope_negative = 0
; max_volumetric_extrusion_rate_slope_positive = 0
; max_volumetric_speed = 10
; min_bead_width = 85%
; min_fan_speed = 100,100
; min_feature_size = 25%
; min_layer_height = 0.08,0.08
; min_print_speed = 10,10
; min_skirt_length = 4
; mmu_segmented_region_interlocking_depth = 0
; mmu_segmented_region_max_width = 0
; multimaterial_purging = 140
; notes = BE CAREFULL, THIS IS A HIGH SPEED PROFILE, DO NOT USE IT UNLESS YOU ARE SURE YOUR MACHINE IS MECHANICALLY WELL TUNED!
; nozzle_diameter = 0.6,1
; nozzle_high_flow = 0,0
; only_one_perimeter_first_layer = 1
; only_retract_when_crossing_perimeters = 0
; ooze_prevention = 0
; output_filename_format = {input_filename_base}_{filament_type[0]}_{print_settings_id}_{print_time}.gcode
; over_bridge_speed = 0
; overhang_fan_speed_0 = 0,0
; overhang_fan_speed_1 = 0,0
; overhang_fan_speed_2 = 0,0
; overhang_fan_speed_3 = 0,0
; overhang_speed_0 = 20%
; overhang_speed_1 = 40%
; overhang_speed_2 = 60%
; overhang_speed_3 = 80%
; overhangs = 1
; parking_pos_retraction = 92
; pause_print_gcode = M601
; perimeter_acceleration = 1000
; perimeter_extruder = 1
; perimeter_extrusion_width = 0.6
; perimeter_generator = arachne
; perimeter_speed = 5
; perimeters = 4
; physical_printer_settings_id = Anisoprint
; post_process = "\"C:\\Users\\dhilu\\AppData\\Local\\Programs\\Python\\Python313\\python.exe\" \"C:\\Users\\dhilu\\Documents\\Anisoprint\\process.py\""
; prefer_clockwise_movements = 0
; print_settings_id = Anisoprint
; printer_model = VC4_500 IDEX
; printer_notes = 
; printer_settings_id = Anisoprint
; printer_technology = FFF
; printer_variant = 0.6
; printer_vendor = 
; raft_contact_distance = 0.1
; raft_expansion = 1.5
; raft_first_layer_density = 90%
; raft_first_layer_expansion = 4
; raft_layers = 0
; remaining_times = 1
; resolution = 0
; retract_before_travel = 1,1
; retract_before_wipe = 0%,0%
; retract_layer_change = 0,0
; retract_length = 8,8
; retract_length_toolchange = 1,1
; retract_lift = 0.2,0.2
; retract_lift_above = 0.2,0.2
; retract_lift_below = 0,0
; retract_restart_extra = 2,15
; retract_restart_extra_toolchange = 0,0
; retract_speed = 25,120
; scarf_seam_entire_loop = 0
; scarf_seam_length = 10
; scarf_seam_max_segment_length = 1
; scarf_seam_on_inner_perimeters = 0
; scarf_seam_only_on_smooth = 1
; scarf_seam_placement = nowhere
; scarf_seam_start_height = 20%
; seam_gap_distance = 5%
; seam_position = aligned
; silent_mode = 0
; single_extruder_multi_material = 0
; single_extruder_multi_material_priming = 1
; skirt_distance = 10
; skirt_height = 1
; skirts = 1
; slice_closing_radius = 0.049
; slicing_mode = regular
; slowdown_below_layer_time = 10,10
; small_perimeter_speed = 80%
; solid_infill_acceleration = 1000
; solid_infill_below_area = 0
; solid_infill_every_layers = 0
; solid_infill_extruder = 1
; solid_infill_extrusion_width = 0
; solid_infill_speed = 80%
; spiral_vase = 0
; staggered_inner_seams = 0
; standby_temperature_delta = -5
; start_filament_gcode = "; Filament gcode\n";"; Filament gcode\n"
; start_gcode = PRINT_START BED_TEMP={first_layer_bed_temperature[0]} EXTRUDER_TEMP={first_layer_temperature[0]} EXTRUDER1_TEMP={first_layer_temperature[1]}
; support_material = 1
; support_material_angle = 0
; support_material_auto = 0
; support_material_bottom_contact_distance = 0
; support_material_bottom_interface_layers = 1
; support_material_buildplate_only = 0
; support_material_closing_radius = 2
; support_material_contact_distance = 0.25
; support_material_enforce_layers = 0
; support_material_extruder = 1
; support_material_extrusion_width = 0
; support_material_interface_contact_loops = 0
; support_material_interface_extruder = 1
; support_material_interface_layers = 3
; support_material_interface_pattern = rectilinear
; support_material_interface_spacing = 0.05
; support_material_interface_speed = 65%
; support_material_pattern = rectilinear
; support_material_spacing = 3
; support_material_speed = 150
; support_material_style = organic
; support_material_synchronize_layers = 0
; support_material_threshold = 40
; support_material_with_sheath = 0
; support_material_xy_spacing = 0.5
; support_tree_angle = 40
; support_tree_angle_slow = 25
; support_tree_branch_diameter = 3
; support_tree_branch_diameter_angle = 5
; support_tree_branch_diameter_double_wall = 3
; support_tree_branch_distance = 0.5
; support_tree_tip_diameter = 1.2
; support_tree_top_rate = 15%
; temperature = 240,200
; template_custom_gcode = 
; thick_bridges = 1
; thin_walls = 1
; thumbnails = 
; thumbnails_format = PNG
; toolchange_gcode = T[next_extruder]
; top_fill_pattern = monotonic
; top_infill_extrusion_width = 0
; top_one_perimeter_type = topmost
; top_solid_infill_acceleration = 1000
; top_solid_infill_speed = 70%
; top_solid_layers = 5
; top_solid_min_thickness = 1
; travel_acceleration = 1000
; travel_lift_before_obstacle = 0,0
; travel_max_lift = 0,0
; travel_ramping_lift = 0,0
; travel_short_distance_acceleration = 0
; travel_slope = 0,0
; travel_speed = 200
; travel_speed_z = 50
; use_firmware_retraction = 0
; use_relative_e_distances = 1
; use_volumetric_e = 0
; variable_layer_height = 1
; wall_distribution_count = 1
; wall_transition_angle = 10
; wall_transition_filter_deviation = 25%
; wall_transition_length = 100%
; wipe = 0,0
; wipe_into_infill = 0
; wipe_into_objects = 0
; wipe_tower = 0
; wipe_tower_acceleration = 0
; wipe_tower_bridging = 10
; wipe_tower_brim_width = 2
; wipe_tower_cone_angle = 0
; wipe_tower_extra_flow = 100%
; wipe_tower_extra_spacing = 100%
; wipe_tower_extruder = 0
; wipe_tower_no_sparse_layers = 0
; wipe_tower_width = 60
; wiping_volumes_matrix = 0,140,140,0
; wiping_volumes_use_custom_matrix = 0
; xy_size_compensation = 0
; z_offset = 0
; prusaslicer_config = end
