; generated by PrusaSlicer 2.9.4 on 2026-05-15 at 00:47:49 UTC

; BE CAREFULL, THIS IS A HIGH SPEED PROFILE, DO NOT USE IT UNLESS YOU ARE SURE YOUR MACHINE IS MECHANICALLY WELL TUNED!

; external perimeters extrusion width = 0.68mm
; perimeters extrusion width = 0.80mm
; infill extrusion width = 0.68mm
; solid infill extrusion width = 0.68mm
; top infill extrusion width = 0.60mm
; support material extrusion width = 0.60mm

M73 P0 R17
;TYPE:Custom
PRINT_START BED_TEMP=60 EXTRUDER_TEMP=240 EXTRUDER1_TEMP=240
G21 ; set units to millimeters
G90 ; use absolute coordinates
M83 ; use relative distances for extrusion
; Filament gcode
M107
;LAYER_CHANGE
;Z:0.32
;HEIGHT:0.32
G1 E-8 F1500
G1 Z.52 F3000
G1 X123.377 Y87.945 F12000
G1 Z.32 F3000
G1 E8 F1500
M204 S1000
;TYPE:Skirt/Brim
;WIDTH:0.8
G1 F1281.916
G1 X125.181 Y85.551 E.29166
G1 X127.341 Y83.22 E.3092
G1 X129.461 Y81.345 E.27537
G1 X131.886 Y79.583 E.29165
G1 X134.324 Y78.147 E.2753
G1 X137.209 Y76.812 E.3093
G1 X140.043 Y75.836 E.29163
G1 X142.795 Y75.175 E.27537
G1 X145.763 Y74.758 E.29161
G1 X148.939 Y74.638 E.30923
G1 X151.764 Y74.811 E.27538
G1 X154.902 Y75.317 E.30926
G1 X157.797 Y76.093 E.29162
G1 X160.448 Y77.084 E.27537
G1 X163.142 Y78.398 E.29163
G1 X165.555 Y79.877 E.27537
G1 X167.949 Y81.681 E.29166
G1 X170.28 Y83.841 E.3092
G1 X172.155 Y85.961 E.27537
G1 X174.016 Y88.538 E.30928
G1 X175.515 Y91.134 E.29166
G1 X176.688 Y93.709 E.27531
G1 X177.664 Y96.543 E.29163
G1 X178.325 Y99.295 E.27537
G1 X178.742 Y102.263 E.29161
G1 X178.862 Y105.439 E.30923
G1 X178.689 Y108.264 E.27538
G1 X178.221 Y111.225 E.29167
G1 X177.512 Y113.964 E.27528
G1 X176.416 Y116.948 E.3093
G1 X175.102 Y119.642 E.29163
G1 X173.623 Y122.055 E.27537
G1 X171.819 Y124.449 E.29166
G1 X169.659 Y126.78 E.3092
G1 X167.539 Y128.655 E.27537
G1 X164.962 Y130.516 E.30928
G1 X162.366 Y132.015 E.29166
G1 X159.791 Y133.188 E.27531
G1 X156.957 Y134.164 E.29163
G1 X154.205 Y134.825 E.27537
G1 X151.237 Y135.242 E.29161
G1 X148.061 Y135.362 E.30923
G1 X145.236 Y135.189 E.27538
G1 X142.098 Y134.683 E.30926
G1 X139.203 Y133.907 E.29162
G1 X136.552 Y132.916 E.27537
G1 X133.858 Y131.602 E.29163
G1 X131.157 Y129.926 E.30928
G1 X128.912 Y128.203 E.27535
G1 X126.72 Y126.159 E.29161
G1 X124.845 Y124.039 E.27537
G1 X122.984 Y121.462 E.30928
G1 X121.485 Y118.866 E.29166
G1 X120.312 Y116.291 E.27531
G1 X119.336 Y113.457 E.29163
G1 X118.612 Y110.362 E.30926
G1 X118.242 Y107.556 E.27538
G1 X118.138 Y104.561 E.29158
G1 X118.311 Y101.736 E.27538
G1 X118.817 Y98.598 E.30926
G1 X119.593 Y95.703 E.29162
G1 X120.584 Y93.052 E.27537
G1 X121.898 Y90.358 E.29163
G1 X123.361 Y87.971 E.2724
M73 P1 R17
G1 E-8 F1500
G1 Z.52 F3000
G1 X148.51 Y85.338 F12000
G1 Z.32 F3000
G1 E8 F1500
;TYPE:External perimeter
;WIDTH:0.675
G1 F1546.195
G1 X149.529 Y85.365 E.08223
G1 X150.555 Y85.445 E.08301
G1 X151.576 Y85.58 E.08308
G1 X152.588 Y85.767 E.08302
G1 X153.59 Y86.008 E.08313
G1 X154.258 Y86.2 E.05607
G1 X155.225 Y86.523 E.08224
G1 X156.183 Y86.901 E.08308
G1 X157.121 Y87.328 E.08314
G1 X157.73 Y87.638 E.05512
G1 X158.627 Y88.146 E.08316
G1 X159.496 Y88.7 E.08313
G1 X160.065 Y89.098 E.05601
G1 X160.874 Y89.719 E.08227
G1 X161.657 Y90.388 E.08308
G1 X162.404 Y91.098 E.08313
G1 X162.887 Y91.597 E.05602
G1 X163.562 Y92.361 E.08224
G1 X164.203 Y93.167 E.08307
G1 X164.801 Y94.005 E.08304
G1 X165.354 Y94.873 E.08302
G1 X165.861 Y95.769 E.08305
G1 X166.321 Y96.692 E.08319
G1 X166.603 Y97.326 E.05597
G1 X166.977 Y98.275 E.08228
G1 X167.303 Y99.251 E.08301
G1 X167.578 Y100.243 E.08304
G1 X167.801 Y101.25 E.0832
G1 X167.922 Y101.934 E.05603
G1 X168.055 Y102.945 E.08226
G1 X168.135 Y103.971 E.08301
G1 X168.162 Y105 E.08303
G1 X168.135 Y106.03 E.08311
G1 X168.088 Y106.712 E.05514
G1 X167.971 Y107.736 E.08314
G1 X167.801 Y108.752 E.0831
G1 X167.578 Y109.757 E.08304
G1 X167.303 Y110.749 E.08304
G1 X166.976 Y111.726 E.08311
G1 X166.727 Y112.375 E.05607
G1 X166.32 Y113.31 E.08226
G1 X165.861 Y114.231 E.08301
G1 X165.354 Y115.127 E.08305
G1 X164.8 Y115.996 E.08313
G1 X164.408 Y116.556 E.05514
G1 X163.781 Y117.374 E.08314
G1 X163.112 Y118.157 E.08308
G1 X162.402 Y118.904 E.08313
G1 X161.911 Y119.379 E.05511
G1 X161.139 Y120.062 E.08315
G1 X160.333 Y120.703 E.08307
G1 X159.495 Y121.301 E.08304
G1 X158.627 Y121.854 E.08302
G1 X157.731 Y122.361 E.08305
G1 X156.808 Y122.821 E.08319
G1 X156.174 Y123.103 E.05597
G1 X155.225 Y123.477 E.08228
G1 X154.249 Y123.803 E.08301
G1 X153.257 Y124.078 E.08304
G1 X152.252 Y124.301 E.08304
G1 X151.235 Y124.471 E.08318
G1 X150.557 Y124.555 E.05511
G1 X149.529 Y124.635 E.08318
G1 X148.5 Y124.662 E.08303
G1 X147.47 Y124.635 E.08311
G1 X146.788 Y124.588 E.05514
G1 X145.764 Y124.471 E.08314
G1 X144.748 Y124.301 E.0831
G1 X143.743 Y124.078 E.08304
G1 X142.751 Y123.803 E.08304
G1 X141.774 Y123.476 E.08311
G1 X141.125 Y123.227 E.05607
G1 X140.19 Y122.82 E.08226
G1 X139.269 Y122.361 E.08301
G1 X138.373 Y121.854 E.08305
G1 X137.504 Y121.3 E.08313
G1 X136.944 Y120.908 E.05514
G1 X136.126 Y120.281 E.08314
G1 X135.343 Y119.612 E.08308
G1 X134.596 Y118.902 E.08313
G1 X134.113 Y118.403 E.05602
G1 X133.438 Y117.639 E.08224
G1 X132.797 Y116.833 E.08307
G1 X132.199 Y115.995 E.08304
G1 X131.646 Y115.127 E.08302
G1 X131.139 Y114.231 E.08305
G1 X130.679 Y113.308 E.08319
G1 X130.397 Y112.674 E.05597
G1 X130.023 Y111.725 E.08228
G1 X129.697 Y110.749 E.08301
G1 X129.422 Y109.757 E.08304
G1 X129.199 Y108.752 E.08304
G1 X129.029 Y107.736 E.0831
G1 X128.912 Y106.712 E.08314
G1 X128.865 Y106.03 E.05514
G1 X128.838 Y105 E.08311
G1 X128.865 Y103.97 E.08311
G1 X128.913 Y103.277 E.05604
G1 X129.029 Y102.264 E.08225
G1 X129.199 Y101.248 E.0831
G1 X129.422 Y100.243 E.08304
G1 X129.697 Y99.251 E.08304
G1 X130.024 Y98.274 E.08311
G1 X130.273 Y97.625 E.05607
G1 X130.68 Y96.69 E.08226
G1 X131.139 Y95.769 E.08301
G1 X131.646 Y94.873 E.08305
G1 X132.199 Y94.005 E.08302
G1 X132.798 Y93.166 E.08316
G1 X133.219 Y92.627 E.05517
G1 X133.888 Y91.843 E.08314
G1 X134.597 Y91.097 E.08302
G1 X135.343 Y90.388 E.08302
G1 X136.126 Y89.719 E.08308
G1 X136.944 Y89.092 E.08314
G1 X137.513 Y88.694 E.05601
G1 X138.373 Y88.146 E.08226
G1 X139.269 Y87.639 E.08305
G1 X140.19 Y87.18 E.08301
G1 X141.134 Y86.769 E.08305
G1 X142.1 Y86.408 E.08319
G1 X142.76 Y86.194 E.05597
G1 X143.743 Y85.922 E.08227
G1 X144.748 Y85.699 E.08304
G1 X145.764 Y85.529 E.0831
G1 X146.786 Y85.412 E.08298
G1 X147.815 Y85.35 E.08316
G1 X148.48 Y85.338 E.05365
G1 X149.079 Y85.353 F12000
G1 E-8 F1500
G1 Z.52 F3000
G1 X159.787 Y89.126 F12000
G1 Z.32 F3000
G1 E8 F1500
;TYPE:Solid infill
;WIDTH:0.678385
G1 F1537.611
G1 X162.149 Y91.488 E.27096
G1 X162.553 Y91.906 E.04716
G1 X163.214 Y92.654 E.08097
G1 X163.84 Y93.441 E.08157
G1 X164.424 Y94.259 E.08153
G1 X165.039 Y95.24 E.09392
G1 X158.26 Y88.461 E.77766
G1 X157.514 Y88.039 E.06952
G1 X156.466 Y87.53 E.09451
G1 X165.979 Y97.042 E1.09124
G1 X166.184 Y97.502 E.04085
G1 X166.571 Y98.497 E.0866
G1 X155.003 Y86.929 E1.32703
G1 X153.735 Y86.522 E.10802
G1 X166.972 Y99.76 E1.51855
G1 X167.137 Y100.353 E.04993
G1 X167.26 Y100.911 E.04635
G1 X152.584 Y86.234 E1.68363
G1 X151.519 Y86.032 E.08793
M73 P2 R17
G1 X167.468 Y101.981 E1.8296
G1 X167.6 Y102.975 E.08134
G1 X150.525 Y85.9 E1.95877
G1 X149.589 Y85.825 E.07617
M73 P2 R16
G1 X167.675 Y103.911 E2.07475
G1 X167.702 Y104.801 E.07223
G1 X148.703 Y85.802 E2.17949
G1 X147.843 Y85.804 E.06976
G1 X167.69 Y105.652 E2.27682
G1 X167.649 Y106.472 E.0666
G1 X147.03 Y85.853 E2.36533
G1 X146.246 Y85.932 E.06392
G1 X167.568 Y107.254 E2.44597
G1 X167.464 Y108.012 E.06206
G1 X145.488 Y86.036 E2.521
G1 X144.753 Y86.164 E.06052
G1 X167.336 Y108.747 E2.59063
G1 X167.18 Y109.453 E.05865
M73 P3 R16
G1 X144.047 Y86.32 E2.65372
G1 X143.364 Y86.499 E.05727
G1 X167.001 Y110.136 E2.71154
G1 X166.806 Y110.803 E.05637
G1 X142.696 Y86.693 E2.7658
G1 X142.052 Y86.912 E.05518
G1 X166.589 Y111.449 E2.81478
G1 X166.354 Y112.076 E.05431
G1 X141.425 Y87.146 E2.85981
G1 X140.819 Y87.403 E.05339
G1 X166.098 Y112.682 E2.8999
G1 X165.829 Y113.275 E.05282
G1 X140.225 Y87.671 E2.93719
G1 X139.649 Y87.958 E.0522
G1 X165.542 Y113.851 E2.97034
G1 X165.238 Y114.409 E.05154
M73 P4 R16
G1 X139.091 Y88.262 E2.99948
G1 X138.544 Y88.577 E.0512
G1 X164.923 Y114.956 E3.02609
G1 X164.588 Y115.483 E.05065
G1 X138.017 Y88.912 E3.04812
G1 X137.5 Y89.258 E.05046
G1 X164.242 Y116 E3.06773
G1 X163.879 Y116.499 E.05005
G1 X137.001 Y89.621 E3.08333
G1 X136.513 Y89.995 E.04987
G1 X163.505 Y116.987 E3.09641
G1 X163.112 Y117.456 E.04963
G1 X136.044 Y90.388 E3.10513
G1 X135.582 Y90.789 E.04962
M73 P5 R16
G1 X162.711 Y117.918 E3.11213
G1 X162.292 Y118.361 E.04946
G1 X135.139 Y91.208 E3.11488
G1 X134.708 Y91.639 E.04944
G1 X161.863 Y118.794 E3.11511
G1 X161.416 Y119.21 E.04953
G1 X134.288 Y92.082 E3.11201
G1 X133.888 Y92.544 E.04957
G1 X160.959 Y119.614 E3.10542
G1 X160.484 Y120.002 E.04975
G1 X133.495 Y93.012 E3.09613
G1 X133.119 Y93.499 E.04991
M73 P6 R16
G1 X160.001 Y120.381 E3.08379
G1 X159.498 Y120.74 E.05013
G1 X132.76 Y94.002 E3.06727
G1 X132.412 Y94.517 E.05042
G1 X158.983 Y121.088 E3.04812
G1 X158.456 Y121.423 E.05065
G1 X132.077 Y95.044 E3.02609
G1 X131.762 Y95.591 E.0512
G1 X157.909 Y121.738 E2.99948
G1 X157.351 Y122.042 E.05154
G1 X131.458 Y96.149 E2.97034
G1 X131.171 Y96.725 E.0522
G1 X156.775 Y122.329 E2.93719
G1 X156.185 Y122.601 E.0527
M73 P7 R16
G1 X130.902 Y97.319 E2.90031
G1 X130.646 Y97.924 E.05329
G1 X155.573 Y122.851 E2.85952
G1 X154.949 Y123.089 E.05417
G1 X130.411 Y98.551 E2.8149
G1 X130.194 Y99.197 E.05528
G1 X154.303 Y123.306 E2.76569
G1 X153.636 Y123.501 E.05637
G1 X129.999 Y99.864 E2.71154
G1 X129.82 Y100.547 E.05727
G1 X152.953 Y123.68 E2.65372
G1 X152.247 Y123.836 E.05865
G1 X129.664 Y101.253 E2.59063
G1 X129.536 Y101.988 E.06052
M73 P7 R15
G1 X151.512 Y123.964 E2.521
G1 X150.758 Y124.072 E.06179
M73 P8 R15
G1 X129.432 Y102.746 E2.44643
G1 X129.352 Y103.528 E.06376
G1 X149.968 Y124.145 E2.36504
G1 X149.152 Y124.19 E.06629
G1 X129.31 Y104.348 E2.27619
G1 X129.298 Y105.199 E.06904
G1 X148.301 Y124.202 E2.17995
G1 X147.412 Y124.176 E.07214
G1 X129.324 Y106.088 E2.07498
G1 X129.406 Y107.032 E.07686
G1 X146.468 Y124.094 E1.95728
G1 X145.474 Y123.961 E.08135
G1 X129.539 Y108.026 E1.828
G1 X129.645 Y108.665 E.05254
G1 X129.74 Y109.09 E.03533
G1 X144.41 Y123.76 E1.68288
G1 X143.853 Y123.637 E.04627
G1 X143.26 Y123.472 E.04993
G1 X130.028 Y110.24 E1.51792
G1 X130.132 Y110.616 E.03164
G1 X130.429 Y111.503 E.07588
G1 X141.997 Y123.071 E1.32703
G1 X141.298 Y122.806 E.06064
M73 P9 R15
G1 X140.539 Y122.476 E.06713
G1 X131.021 Y112.958 E1.09187
G1 X131.541 Y114.017 E.0957
G1 X131.961 Y114.76 E.06923
G1 X138.74 Y121.539 E.77766
G1 X137.756 Y120.922 E.09421
G1 X137.213 Y120.541 E.05381
G1 X136.412 Y119.927 E.08187
G1 X135.648 Y119.274 E.08153
G1 X134.961 Y118.622 E.07683
G1 X132.644 Y116.305 E.2658
M106 S127.5
;LAYER_CHANGE
;Z:0.52
;HEIGHT:0.2

G1 E-8 F1500
G1 Z.52 F3000
;AFTER_LAYER_CHANGE
;0.52
G92 E0
_ON_LAYER_CHANGE LAYER=2
G1 Z.72
G1 X148.508 Y85.338 F12000
G1 Z.52 F3000
G1 E8 F1500
;TYPE:External perimeter
;WIDTH:0.674999
G1 F2373.121
G1 X148.528 Y85.338 E.00105
G1 X149.529 Y85.365 E.05263
G1 X150.555 Y85.445 E.05409
G1 X151.576 Y85.58 E.05413
G1 X152.589 Y85.768 E.05415
G1 X153.255 Y85.921 E.03592
G1 X154.249 Y86.197 E.05422
G1 X155.225 Y86.523 E.05408
G1 X156.183 Y86.901 E.05413
G1 X157.119 Y87.328 E.05407
G1 X158.033 Y87.803 E.05414
G1 X158.921 Y88.326 E.05416
G1 X159.495 Y88.699 E.03598
G1 X160.056 Y89.092 E.036
G1 X160.874 Y89.719 E.05417
G1 X161.657 Y90.388 E.05413
G1 X162.404 Y91.098 E.05417
G1 X162.879 Y91.589 E.03591
G1 X163.562 Y92.361 E.05417
G1 X164.203 Y93.167 E.05412
G1 X164.801 Y94.005 E.05411
G1 X165.354 Y94.873 E.05409
G1 X165.861 Y95.769 E.05411
G1 X166.32 Y96.69 E.05408
G1 X166.731 Y97.636 E.05421
G1 X166.976 Y98.274 E.03592
G1 X167.303 Y99.251 E.05415
G1 X167.578 Y100.243 E.0541
G1 X167.801 Y101.248 E.05411
G1 X167.971 Y102.265 E.05419
G1 X168.055 Y102.943 E.03591
G1 X168.135 Y103.971 E.05419
G1 X168.162 Y105 E.0541
G1 X168.135 Y106.03 E.05415
G1 X168.088 Y106.712 E.03593
G1 X167.971 Y107.736 E.05417
G1 X167.801 Y108.752 E.05414
G1 X167.578 Y109.757 E.05411
G1 X167.303 Y110.749 E.0541
G1 X166.977 Y111.725 E.05408
G1 X166.599 Y112.684 E.05418
G1 X166.321 Y113.308 E.0359
G1 X165.861 Y114.231 E.0542
G1 X165.354 Y115.127 E.05411
G1 X164.801 Y115.995 E.05409
G1 X164.202 Y116.834 E.05418
G1 X163.781 Y117.373 E.03595
G1 X163.112 Y118.157 E.05417
G1 X162.402 Y118.904 E.05417
G1 X161.911 Y119.379 E.03591
G1 X161.139 Y120.062 E.05417
G1 X160.333 Y120.703 E.05412
G1 X159.494 Y121.302 E.05418
G1 X158.921 Y121.674 E.03591
G1 X158.033 Y122.197 E.05416
G1 X157.119 Y122.672 E.05414
G1 X156.183 Y123.099 E.05407
G1 X155.225 Y123.477 E.05413
G1 X154.247 Y123.804 E.0542
G1 X153.59 Y123.992 E.03592
G1 X152.588 Y124.233 E.05416
G1 X151.576 Y124.42 E.05409
G1 X150.555 Y124.555 E.05413
G1 X149.529 Y124.635 E.05409
G1 X148.5 Y124.662 E.0541
G1 X147.471 Y124.635 E.0541
G1 X146.445 Y124.555 E.05409
G1 X145.424 Y124.42 E.05413
G1 X144.411 Y124.232 E.05415
G1 X143.745 Y124.079 E.03592
G1 X142.751 Y123.803 E.05422
G1 X141.775 Y123.477 E.05408
G1 X140.817 Y123.099 E.05413
G1 X139.881 Y122.672 E.05407
G1 X138.968 Y122.197 E.05409
G1 X138.079 Y121.674 E.05421
G1 X137.506 Y121.302 E.03591
G1 X136.666 Y120.702 E.05425
G1 X136.127 Y120.282 E.03591
G1 X135.343 Y119.612 E.0542
G1 X134.596 Y118.903 E.05413
G1 X134.101 Y118.389 E.0375
G1 X133.438 Y117.639 E.05261
G1 X132.797 Y116.833 E.05412
G1 X132.199 Y115.995 E.05411
G1 X131.646 Y115.127 E.05409
G1 X131.139 Y114.231 E.05411
G1 X130.679 Y113.308 E.0542
G1 X130.39 Y112.657 E.03743
G1 X130.023 Y111.725 E.05264
G1 X129.697 Y110.749 E.05408
G1 X129.422 Y109.757 E.0541
G1 X129.199 Y108.75 E.05421
G1 X129.08 Y108.077 E.03592
G1 X128.945 Y107.055 E.05418
G1 X128.865 Y106.029 E.05409
G1 X128.838 Y105 E.0541
G1 X128.865 Y103.97 E.05415
G1 X128.915 Y103.259 E.03746
G1 X129.029 Y102.264 E.05264
G1 X129.199 Y101.248 E.05414
G1 X129.422 Y100.243 E.05411
G1 X129.697 Y99.25 E.05415
G1 X129.918 Y98.573 E.03743
G1 X130.269 Y97.634 E.05269
G1 X130.68 Y96.69 E.05411
G1 X131.139 Y95.769 E.05408
G1 X131.647 Y94.872 E.05418
G1 X132.025 Y94.268 E.03745
G1 X132.593 Y93.443 E.05264
G1 X133.219 Y92.626 E.0541
G1 X133.888 Y91.843 E.05413
G1 X134.597 Y91.097 E.05409
G1 X135.343 Y90.388 E.05409
G1 X136.126 Y89.719 E.05413
G1 X136.944 Y89.092 E.05417
G1 X137.528 Y88.684 E.03744
G1 X138.373 Y88.146 E.05265
G1 X139.269 Y87.639 E.05411
G1 X140.19 Y87.18 E.05408
G1 X141.136 Y86.769 E.05421
G1 X141.774 Y86.524 E.03592
G1 X142.751 Y86.197 E.05415
G1 X143.743 Y85.922 E.0541
G1 X144.748 Y85.699 E.05411
G1 X145.764 Y85.529 E.05414
G1 X146.786 Y85.412 E.05406
G1 X147.815 Y85.35 E.05418
G1 X148.478 Y85.339 E.03485
G1 X149.078 Y85.353 F12000
G1 X148.502 Y86.033
;TYPE:Perimeter
G1 E-10F1500
G1 F12000.0
T1
G1 E20F1500
;WIDTH:0.799999
G1 F1981.299
G1 X148.524 Y86.033 E.00138
G1 X149.492 Y86.058 E.06096
G1 X150.483 Y86.136 E.06258
G1 X151.467 Y86.266 E.06248
G1 X152.448 Y86.448 E.06281
G1 X153.084 Y86.595 E.04109
G1 X154.046 Y86.861 E.06283
G1 X154.987 Y87.176 E.06247
G1 X155.911 Y87.54 E.06252
G1 X156.815 Y87.952 E.06254
G1 X157.696 Y88.411 E.06254
G1 X158.555 Y88.917 E.06276
G1 X159.107 Y89.275 E.04142
G1 X159.645 Y89.652 E.04136
G1 X160.437 Y90.259 E.06282
G1 X161.192 Y90.904 E.06251
G1 X161.915 Y91.591 E.06278
G1 X162.369 Y92.061 E.04114
G1 X163.03 Y92.808 E.06279
G1 X163.648 Y93.585 E.0625
G1 X164.225 Y94.393 E.0625
G1 X164.758 Y95.231 E.06252
G1 X165.247 Y96.095 E.0625
G1 X165.69 Y96.984 E.06253
G1 X166.088 Y97.899 E.06281
G1 X166.322 Y98.508 E.04107
G1 X166.639 Y99.454 E.06281
G1 X166.904 Y100.411 E.06251
G1 X167.119 Y101.381 E.06254
G1 X167.284 Y102.365 E.06281
G1 X167.363 Y103.013 E.04109
G1 X167.403 Y103.512 E.03151
G1 X167.468 Y105 E.09376
G1 X167.441 Y105.997 E.06279
G1 X167.396 Y106.649 E.04114
G1 X167.283 Y107.64 E.06279
G1 X167.119 Y108.619 E.06249
G1 X166.904 Y109.589 E.06254
G1 X166.639 Y110.546 E.06251
G1 X166.324 Y111.487 E.06247
G1 X165.958 Y112.415 E.0628
G1 X165.692 Y113.012 E.04114
G1 X165.247 Y113.905 E.06281
G1 X164.758 Y114.769 E.0625
G1 X164.225 Y115.607 E.06252
G1 X163.646 Y116.419 E.06278
G1 X163.243 Y116.933 E.04112
G1 X162.596 Y117.692 E.06278
G1 X161.909 Y118.415 E.06278
G1 X161.439 Y118.869 E.04114
G1 X160.692 Y119.53 E.06279
G1 X159.915 Y120.148 E.0625
G1 X159.103 Y120.727 E.06278
G1 X158.555 Y121.083 E.04114
G1 X157.696 Y121.589 E.06276
G1 X156.815 Y122.048 E.06254
G1 X155.911 Y122.46 E.06254
G1 X154.987 Y122.824 E.06252
G1 X154.041 Y123.14 E.06279
G1 X153.414 Y123.32 E.04106
G1 X152.444 Y123.553 E.0628
G1 X151.467 Y123.734 E.06255
G1 X150.483 Y123.864 E.06248
G1 X149.493 Y123.942 E.06251
G1 X148.5 Y123.968 E.06253
G1 X147.507 Y123.942 E.06253
G1 X146.517 Y123.864 E.06251
G1 X145.533 Y123.734 E.06248
G1 X144.552 Y123.552 E.06281
G1 X143.916 Y123.405 E.04109
G1 X142.954 Y123.139 E.06283
G1 X142.013 Y122.824 E.06247
G1 X141.089 Y122.46 E.06252
G1 X140.185 Y122.048 E.06254
G1 X139.304 Y121.589 E.06254
G1 X138.445 Y121.083 E.06276
G1 X137.897 Y120.727 E.04114
G1 X137.081 Y120.146 E.06306
G1 X136.567 Y119.744 E.04108
G1 X135.808 Y119.096 E.06282
G1 X135.085 Y118.409 E.06278
G1 X134.612 Y117.918 E.04292
G1 X133.97 Y117.192 E.06101
G1 X133.352 Y116.415 E.0625
G1 X132.775 Y115.607 E.0625
G1 X132.242 Y114.769 E.06252
G1 X131.753 Y113.905 E.0625
G1 X131.308 Y113.012 E.06281
G1 X131.031 Y112.389 E.04292
G1 X130.676 Y111.488 E.06096
G1 X130.361 Y110.546 E.06253
G1 X130.096 Y109.589 E.06251
G1 X129.88 Y108.615 E.0628
G1 X129.767 Y107.972 E.0411
G1 X129.636 Y106.983 E.0628
G1 X129.558 Y105.993 E.06251
G1 X129.532 Y105 E.06253
G1 X129.559 Y104.003 E.06279
G1 X129.607 Y103.323 E.04291
G1 X129.717 Y102.36 E.06102
G1 X129.881 Y101.381 E.06249
G1 X130.096 Y100.411 E.06254
G1 X130.362 Y99.451 E.06271
G1 X130.574 Y98.802 E.04298
G1 X130.913 Y97.895 E.06095
G1 X131.31 Y96.984 E.06256
G1 X131.753 Y96.095 E.06253
G1 X132.244 Y95.228 E.06272
G1 X132.606 Y94.649 E.04299
G1 X133.155 Y93.851 E.06098
G1 X133.759 Y93.063 E.0625
G1 X134.404 Y92.308 E.06251
G1 X135.088 Y91.588 E.06252
G1 X135.808 Y90.904 E.06252
G1 X136.563 Y90.259 E.06251
G1 X137.354 Y89.652 E.06277
G1 X137.913 Y89.262 E.04291
G1 X138.731 Y88.742 E.06102
G1 X139.595 Y88.253 E.0625
G1 X140.484 Y87.81 E.06253
G1 X141.399 Y87.412 E.06281
G1 X142.008 Y87.178 E.04107
G1 X142.954 Y86.861 E.06281
G1 X143.911 Y86.596 E.06251
G1 X144.881 Y86.381 E.06254
G1 X145.86 Y86.217 E.06249
G1 X146.847 Y86.105 E.06253
G1 X147.842 Y86.044 E.06275
G1 X148.472 Y86.033 E.03967
G1 X148.496 Y86.79 F12000
G1 F1981.299
G1 X148.52 Y86.79 E.00151
G1 X149.453 Y86.815 E.05875
G1 X150.403 Y86.89 E.05999
G1 X151.349 Y87.014 E.06006
G1 X152.294 Y87.189 E.0605
G1 X152.898 Y87.329 E.03903
G1 X153.824 Y87.585 E.06048
G1 X154.728 Y87.888 E.06002
G1 X155.615 Y88.237 E.06
G1 X156.483 Y88.633 E.06006
G1 X157.329 Y89.073 E.06003
G1 X158.157 Y89.561 E.0605
G1 X159.197 Y90.263 E.07899
G1 X159.96 Y90.848 E.06052
G1 X160.685 Y91.467 E.06001
G1 X161.382 Y92.129 E.06051
M73 P10 R15
G1 X161.813 Y92.575 E.03904
G1 X162.45 Y93.295 E.06052
G1 X163.043 Y94.041 E.05999
G1 X163.597 Y94.817 E.06002
G1 X164.109 Y95.621 E.06
G1 X164.579 Y96.451 E.06005
G1 X165.004 Y97.304 E.05999
G1 X165.387 Y98.185 E.06047
G1 X165.61 Y98.764 E.03906
G1 X165.915 Y99.676 E.06054
G1 X166.169 Y100.594 E.05996
G1 X166.376 Y101.525 E.06004
G1 X166.483 Y102.168 E.04103
G1 X166.572 Y102.781 E.03899
G1 X166.648 Y103.572 E.05002
G1 X166.71 Y105 E.08998
G1 X166.685 Y105.961 E.06052
G1 X166.642 Y106.579 E.039
G1 X166.533 Y107.534 E.06051
G1 X166.376 Y108.475 E.06006
G1 X166.169 Y109.406 E.06004
G1 X165.915 Y110.324 E.05996
G1 X165.612 Y111.228 E.06002
G1 X165.26 Y112.123 E.06054
G1 X165.008 Y112.689 E.039
G1 X164.579 Y113.549 E.0605
G1 X164.109 Y114.379 E.06005
G1 X163.597 Y115.183 E.06
G1 X163.039 Y115.966 E.06053
G1 X162.657 Y116.454 E.03901
G1 X162.033 Y117.185 E.0605
G1 X161.371 Y117.882 E.06051
G1 X160.925 Y118.313 E.03904
G1 X160.205 Y118.95 E.06052
G1 X159.459 Y119.543 E.05999
G1 X158.677 Y120.102 E.06051
G1 X158.157 Y120.439 E.03901
G1 X157.328 Y120.927 E.06056
G1 X156.483 Y121.367 E.05997
G1 X155.615 Y121.763 E.06006
G1 X154.728 Y122.112 E.06
G1 X153.817 Y122.417 E.06048
G1 X153.221 Y122.588 E.03903
G1 X152.286 Y122.812 E.06053
G1 X151.349 Y122.986 E.05999
G1 X150.403 Y123.11 E.06006
G1 X149.453 Y123.185 E.05999
G1 X148.5 Y123.21 E.06001
G1 X147.547 Y123.185 E.06001
G1 X146.597 Y123.11 E.05999
G1 X145.651 Y122.986 E.06006
G1 X144.706 Y122.811 E.0605
G1 X144.102 Y122.671 E.03903
G1 X143.176 Y122.415 E.06048
G1 X142.272 Y122.112 E.06002
G1 X141.385 Y121.763 E.06
G1 X140.517 Y121.367 E.06006
G1 X139.672 Y120.927 E.05997
G1 X138.843 Y120.439 E.06056
G1 X138.323 Y120.101 E.03904
G1 X137.534 Y119.539 E.06098
G1 X137.046 Y119.157 E.03901
G1 X136.315 Y118.533 E.0605
G1 X135.618 Y117.872 E.06047
G1 X135.168 Y117.405 E.04083
G1 X134.55 Y116.706 E.05873
G1 X133.957 Y115.959 E.06004
G1 X133.403 Y115.183 E.06002
G1 X132.891 Y114.379 E.06
G1 X132.421 Y113.549 E.06005
G1 X131.993 Y112.69 E.06042
G1 X131.73 Y112.097 E.04084
G1 X131.388 Y111.229 E.05873
G1 X131.085 Y110.324 E.06008
G1 X130.831 Y109.406 E.05996
G1 X130.623 Y108.467 E.06054
G1 X130.515 Y107.856 E.03906
G1 X130.39 Y106.903 E.06051
G1 X130.315 Y105.953 E.05999
G1 X130.29 Y105 E.06001
G1 X130.315 Y104.04 E.06045
G1 X130.361 Y103.393 E.04083
G1 X130.467 Y102.466 E.05874
G1 X130.624 Y101.525 E.06006
G1 X130.831 Y100.594 E.06004
G1 X131.087 Y99.669 E.06042
G1 X131.288 Y99.052 E.04085
G1 X131.616 Y98.179 E.05871
G1 X131.996 Y97.304 E.06005
G1 X132.421 Y96.451 E.05999
G1 X132.894 Y95.615 E.06047
G1 X133.239 Y95.065 E.04087
G1 X133.767 Y94.297 E.05867
G1 X134.348 Y93.54 E.06007
G1 X134.967 Y92.815 E.06001
G1 X135.623 Y92.123 E.06003
G1 X136.315 Y91.467 E.06003
G1 X137.04 Y90.848 E.06001
G1 X137.802 Y90.263 E.06047
G1 X138.334 Y89.892 E.04083
G1 X139.121 Y89.391 E.05873
G1 X139.951 Y88.921 E.06005
G1 X140.804 Y88.496 E.05999
G1 X141.685 Y88.113 E.06047
G1 X142.264 Y87.89 E.03906
G1 X143.176 Y87.585 E.06054
G1 X144.095 Y87.331 E.06002
G1 X145.025 Y87.124 E.05998
G1 X145.966 Y86.967 E.06006
G1 X146.913 Y86.859 E.06
G1 X147.871 Y86.8 E.06042
G1 X148.466 Y86.791 E.03746
G1 X148.489 Y87.547 F12000
G1 F1981.299
G1 X148.516 Y87.547 E.0017
G1 X149.413 Y87.571 E.05649
G1 X150.324 Y87.643 E.05753
G1 X151.23 Y87.762 E.05752
G1 X152.14 Y87.931 E.05827
G1 X152.712 Y88.063 E.03695
G1 X153.603 Y88.31 E.05821
G1 X154.469 Y88.6 E.05749
G1 X155.319 Y88.935 E.05751
G1 X156.151 Y89.313 E.05753
G1 X156.961 Y89.735 E.0575
G1 X157.758 Y90.205 E.05825
G1 X158.75 Y90.874 E.07532
G1 X159.483 Y91.437 E.05818
G1 X160.178 Y92.03 E.05751
G1 X160.849 Y92.667 E.05824
G1 X161.257 Y93.089 E.03695
G1 X161.87 Y93.782 E.05824
G1 X162.438 Y94.497 E.05748
G1 X162.969 Y95.24 E.05749
G1 X163.46 Y96.011 E.05754
G1 X163.91 Y96.806 E.05751
G1 X164.318 Y97.624 E.05754
G1 X164.686 Y98.472 E.05819
G1 X164.897 Y99.02 E.03697
G1 X165.19 Y99.897 E.05821
G1 X165.434 Y100.778 E.05755
G1 X165.632 Y101.67 E.05752
G1 X165.736 Y102.292 E.0397
G1 X165.821 Y102.873 E.03696
G1 X165.893 Y103.631 E.04793
G1 X165.953 Y105 E.08626
G1 X165.929 Y105.924 E.05819
G1 X165.888 Y106.51 E.03698
G1 X165.783 Y107.429 E.05823
G1 X165.632 Y108.33 E.05751
G1 X165.434 Y109.222 E.05752
G1 X165.19 Y110.103 E.05755
G1 X164.9 Y110.969 E.05749
G1 X164.561 Y111.83 E.05825
G1 X164.323 Y112.366 E.03692
G1 X163.91 Y113.194 E.05825
G1 X163.46 Y113.989 E.05751
G1 X162.969 Y114.76 E.05754
G1 X162.432 Y115.512 E.05817
G1 X162.071 Y115.975 E.03696
G1 X161.47 Y116.678 E.05822
G1 X160.833 Y117.349 E.05824
G1 X160.411 Y117.757 E.03695
G1 X159.719 Y118.37 E.0582
G1 X159.003 Y118.939 E.05757
G1 X158.25 Y119.476 E.05822
G1 X157.758 Y119.795 E.03691
G1 X156.961 Y120.265 E.05825
G1 X156.151 Y120.687 E.0575
G1 X155.319 Y121.065 E.05753
G1 X154.469 Y121.4 E.05751
G1 X153.592 Y121.694 E.05823
G1 X153.028 Y121.856 E.03694
G1 X152.129 Y122.072 E.0582
G1 X151.23 Y122.238 E.05755
G1 X150.324 Y122.357 E.05752
G1 X149.413 Y122.429 E.05753
G1 X148.5 Y122.453 E.05749
G1 X147.587 Y122.429 E.05749
G1 X146.676 Y122.357 E.05753
G1 X145.77 Y122.238 E.05752
G1 X144.86 Y122.069 E.05827
G1 X144.288 Y121.937 E.03695
G1 X143.397 Y121.69 E.05821
G1 X142.531 Y121.4 E.05749
G1 X141.681 Y121.065 E.05751
G1 X140.849 Y120.687 E.05753
G1 X140.039 Y120.265 E.0575
G1 X139.242 Y119.795 E.05825
G1 X138.749 Y119.476 E.03697
G1 X137.988 Y118.932 E.05889
G1 X137.525 Y118.571 E.03696
G1 X136.822 Y117.97 E.05822
G1 X136.152 Y117.334 E.05815
G1 X135.725 Y116.891 E.03873
G1 X135.131 Y116.219 E.05646
G1 X134.561 Y115.503 E.05761
G1 X134.031 Y114.76 E.05745
G1 X133.54 Y113.989 E.05754
G1 X133.09 Y113.194 E.05751
G1 X132.678 Y112.367 E.05816
G1 X132.428 Y111.804 E.03878
G1 X132.1 Y110.97 E.05642
G1 X131.81 Y110.103 E.05755
G1 X131.566 Y109.222 E.05755
G1 X131.365 Y108.319 E.05824
G1 X131.263 Y107.741 E.03695
G1 X131.143 Y106.824 E.05822
G1 X131.071 Y105.913 E.05753
G1 X131.047 Y105 E.05749
G1 X131.071 Y104.077 E.05812
G1 X131.115 Y103.463 E.03875
G1 X131.217 Y102.572 E.05646
G1 X131.368 Y101.67 E.05757
G1 X131.566 Y100.778 E.05752
G1 X131.812 Y99.888 E.05813
G1 X132.003 Y99.303 E.03874
G1 X132.318 Y98.463 E.05647
G1 X132.682 Y97.624 E.05757
G1 X133.09 Y96.806 E.05754
G1 X133.545 Y96.003 E.0581
G1 X133.872 Y95.481 E.03878
G1 X134.38 Y94.742 E.05645
G1 X134.937 Y94.017 E.05755
G1 X135.53 Y93.322 E.05751
G1 X136.159 Y92.659 E.05753
G1 X136.822 Y92.03 E.05753
G1 X137.517 Y91.437 E.05751
G1 X138.249 Y90.874 E.05813
G1 X138.754 Y90.522 E.03875
G1 X139.511 Y90.04 E.05649
G1 X140.306 Y89.59 E.05751
G1 X141.124 Y89.182 E.05754
G1 X141.972 Y88.814 E.05819
G1 X142.52 Y88.603 E.03697
G1 X143.397 Y88.31 E.05821
G1 X144.278 Y88.066 E.05755
G1 X145.17 Y87.868 E.05752
G1 X146.071 Y87.717 E.05751
G1 X146.979 Y87.614 E.05753
G1 X147.901 Y87.557 E.05815
G1 X148.459 Y87.548 E.03513
G1 E-8 F1500
G1 Z.72 F3000
G1 X137.046 Y92.279 F12000
G1 Z.52 F3000
G1 E8 F1500
;TYPE:Solid infill
G1 E-10F1500
G1 F12000.0
T0
G1 E16F1500
G1 F12000.0
;WIDTH:0.55292
G1 F2941.177
G1 X135.779 Y93.546 E.07598
G1 X136.82 Y92.5 E.06258
G1 E-8 F1500
G1 Z.72 F3000
G1 X139.551 Y90.562 F12000
G1 Z.52 F3000
G1 E8 F1500
G1 F2941.177
G1 X139.506 Y90.517 E.0027
G1 X139.444 Y90.533 E.00272
G1 X139.428 Y90.595 E.00272
G1 X139.473 Y90.64 E.0027
G1 X139.534 Y90.624 E.00267
;WIDTH:0.593613
G1 F2723.841
G1 X139.37 Y90.728 E.00889
;WIDTH:0.634306
G1 F2536.414
G1 X139.206 Y90.833 E.00958
;WIDTH:0.674999
G1 F2373.121
G1 X139.042 Y90.937 E.01021
G1 X134.455 Y95.525 E.34098
G1 X134.354 Y95.668 E.0092
;WIDTH:0.635602
G1 F2530.871
G1 X134.254 Y95.812 E.00864
;WIDTH:0.596204
G1 F2711.087
G1 X134.153 Y95.955 E.00805
;WIDTH:0.556806
G1 F2918.936
G1 X134.108 Y95.91 E.00272
G1 X134.046 Y95.927 E.00275
G1 X134.029 Y95.989 E.00275
G1 X134.074 Y96.034 E.00272
G1 X134.137 Y96.017 E.00279
G1 E-8 F1500
G1 Z.72 F3000
G1 X132.994 Y98.059 F12000
G1 Z.52 F3000
G1 E8 F1500
;WIDTH:0.55292
G1 F2941.177
G1 X132.949 Y98.014 E.0027
G1 X132.888 Y98.031 E.00269
G1 X132.871 Y98.092 E.00269
G1 X132.916 Y98.137 E.0027
G1 X132.978 Y98.121 E.00272
;WIDTH:0.593613
G1 F2723.841
G1 X133.067 Y97.957 E.00854
;WIDTH:0.634306
G1 F2536.414
G1 X133.156 Y97.793 E.00918
;WIDTH:0.674999
G1 F2373.121
G1 X133.245 Y97.629 E.00981
G1 X141.129 Y89.745 E.586
G1 E-8 F1500
G1 Z.72 F3000
G1 X143.193 Y88.787 F12000
G1 Z.52 F3000
G1 E8 F1500
;WIDTH:0.55292
G1 F2941.177
M73 P11 R15
G1 X143.148 Y88.742 E.0027
G1 X143.086 Y88.758 E.00272
G1 X143.07 Y88.82 E.00272
G1 X143.115 Y88.865 E.0027
G1 X143.176 Y88.848 E.00269
;WIDTH:0.593613
G1 F2723.841
G1 X143.013 Y88.926 E.00827
;WIDTH:0.634306
G1 F2536.414
G1 X142.85 Y89.003 E.00886
;WIDTH:0.674999
G1 F2373.121
G1 X142.687 Y89.08 E.00947
G1 X132.589 Y99.178 E.75056
G1 X132.516 Y99.321 E.00844
;WIDTH:0.634306
G1 F2536.414
G1 X132.443 Y99.465 E.00794
;WIDTH:0.593613
G1 F2723.841
G1 X132.37 Y99.608 E.00735
;WIDTH:0.55292
G1 F2941.177
G1 X132.325 Y99.563 E.0027
G1 X132.264 Y99.58 E.00269
G1 X132.247 Y99.641 E.00269
G1 X132.292 Y99.686 E.0027
G1 X132.354 Y99.67 E.00272
G1 E-8 F1500
G1 Z.72 F3000
G1 X131.639 Y101.668 F12000
G1 Z.52 F3000
G1 E8 F1500
G1 F2941.177
G1 X131.856 Y100.741 E.04037
;WIDTH:0.593613
G1 F2723.841
G1 X131.961 Y100.658 E.00613
;WIDTH:0.634306
G1 F2536.414
G1 X132.065 Y100.575 E.00654
;WIDTH:0.674999
G1 F2373.121
G1 X132.169 Y100.492 E.00699
G1 X143.992 Y88.669 E.87878
G1 X144.24 Y88.359 E.02087
;WIDTH:0.55292
G1 F2941.177
G1 X145.093 Y88.157 E.03717
;WIDTH:0.593613
G1 F2723.841
G1 X145.118 Y88.233 E.00366
;WIDTH:0.634306
G1 F2536.414
G1 X145.144 Y88.309 E.00395
;WIDTH:0.674999
G1 F2373.121
G1 X145.17 Y88.385 E.00422
G1 X131.885 Y101.67 E.98744
G1 X131.706 Y102.743 E.05717
G1 X146.243 Y88.206 E1.0805
G1 X147.239 Y88.104 E.05262
G1 X131.602 Y103.741 E1.16226
G1 X131.561 Y104.676 E.04919
G1 X148.175 Y88.062 E1.23488
G1 X149.064 Y88.067 E.04672
G1 X131.567 Y105.563 E1.30047
G1 X131.617 Y106.408 E.04449
G1 X149.908 Y88.117 E1.35953
G1 X150.715 Y88.204 E.04266
G1 X131.704 Y107.215 E1.41304
G1 X131.821 Y107.992 E.0413
G1 X151.489 Y88.324 E1.46188
G1 X152.235 Y88.471 E.03996
G1 X131.974 Y108.732 E1.50595
G1 X132.152 Y109.448 E.03878
G1 X152.948 Y88.652 E1.54572
G1 X153.639 Y88.855 E.03785
G1 X132.355 Y110.139 E1.58199
G1 X132.579 Y110.809 E.03713
G1 X154.309 Y89.079 E1.61514
G1 X154.95 Y89.332 E.03622
M73 P12 R15
G1 X132.832 Y111.45 E1.64398
G1 X133.101 Y112.075 E.03576
G1 X155.571 Y89.605 E1.67014
G1 X156.174 Y89.895 E.03517
G1 X133.396 Y112.674 E1.69307
G1 X133.706 Y113.257 E.0347
G1 X156.76 Y90.203 E1.71355
G1 X157.323 Y90.535 E.03435
G1 X134.034 Y113.824 E1.73102
G1 X134.382 Y114.37 E.03403
G1 X157.871 Y90.88 E1.74592
G1 X158.4 Y91.245 E.03378
G1 X134.749 Y114.896 E1.75792
G1 X135.131 Y115.408 E.03357
G1 X158.908 Y91.632 E1.76725
G1 X159.402 Y92.031 E.03337
G1 X135.528 Y115.905 E1.7745
G1 X135.947 Y116.38 E.03329
G1 X159.882 Y92.445 E1.77903
G1 X160.34 Y92.88 E.0332
G1 X136.379 Y116.842 E1.781
G1 X136.832 Y117.283 E.03323
G1 X160.786 Y93.329 E1.78044
G1 X161.21 Y93.799 E.03327
M73 P13 R15
G1 X137.297 Y117.711 E1.77736
G1 X137.779 Y118.123 E.03333
G1 X161.621 Y94.281 E1.77212
G1 X162.017 Y94.779 E.03344
G1 X138.278 Y118.518 E1.76446
G1 X138.8 Y118.891 E.03372
G1 X162.391 Y95.3 E1.75346
G1 X162.749 Y95.835 E.03383
G1 X139.333 Y119.252 E1.74049
G1 X139.888 Y119.59 E.03415
G1 X163.092 Y96.386 E1.7247
G1 X163.415 Y96.957 E.03448
G1 X140.458 Y119.913 E1.7063
G1 X141.046 Y120.22 E.03486
M73 P13 R14
G1 X163.716 Y97.55 E1.68501
G1 X164 Y98.16 E.03536
G1 X141.659 Y120.5 E1.66052
G1 X142.291 Y120.763 E.03598
G1 X164.266 Y98.787 E1.63339
G1 X164.505 Y99.442 E.03665
G1 X142.942 Y121.005 E1.60273
G1 X143.615 Y121.226 E.03723
M73 P14 R14
G1 X164.726 Y100.115 E1.56913
G1 X164.92 Y100.815 E.03818
G1 X144.315 Y121.42 E1.53152
G1 X145.04 Y121.589 E.03913
G1 X165.086 Y101.543 E1.48997
G1 X165.225 Y102.298 E.04035
G1 X145.794 Y121.729 E1.44426
G1 X146.582 Y121.835 E.04179
G1 X165.337 Y103.08 E1.39402
G1 X165.408 Y103.903 E.04342
G1 X147.403 Y121.908 E1.33827
G1 X148.264 Y121.941 E.04529
G1 X165.441 Y104.764 E1.27673
G1 X165.43 Y105.669 E.04757
G1 X149.169 Y121.93 E1.20864
G1 X150.127 Y121.866 E.05046
G1 X165.366 Y106.627 E1.13268
G1 X165.233 Y107.653 E.05438
G1 X151.147 Y121.739 E1.04698
G1 E-8 F1500
G1 Z.72 F3000
G1 X153.226 Y121.514 F12000
G1 Z.52 F3000
G1 E8 F1500
;WIDTH:0.55292
G1 F2941.177
G1 X152.073 Y121.812 E.0505
;WIDTH:0.593613
G1 F2723.841
G1 X152.135 Y121.715 E.00527
;WIDTH:0.634306
G1 F2536.414
G1 X152.198 Y121.618 E.00569
;WIDTH:0.674999
G1 F2373.121
G1 X152.26 Y121.52 E.00609
G1 X165.019 Y108.761 E.94835
G1 X164.701 Y109.974 E.06591
G1 X153.474 Y121.201 E.83448
G1 X154.466 Y121.032 E.05289
;WIDTH:0.55292
G1 F2941.177
G1 X154.405 Y121.048 E.00267
G1 X154.359 Y121.003 E.00273
G1 X154.376 Y120.942 E.00269
G1 X154.438 Y120.925 E.00273
G1 X154.483 Y120.97 E.0027
;WIDTH:0.593613
G1 F2723.841
G1 X154.611 Y120.88 E.00716
;WIDTH:0.634306
G1 F2536.414
G1 X154.74 Y120.79 E.00773
;WIDTH:0.674999
G1 F2373.121
G1 X154.868 Y120.7 E.00822
G1 X164.2 Y111.368 E.69363
G1 X164.313 Y111.234 E.00921
;WIDTH:0.634306
G1 F2536.414
G1 X164.426 Y111.1 E.00862
;WIDTH:0.593613
G1 F2723.841
G1 X164.538 Y110.966 E.008
;WIDTH:0.55292
G1 F2941.177
G1 X164.477 Y110.983 E.00269
G1 X164.432 Y110.938 E.0027
G1 X164.448 Y110.876 E.00272
G1 X164.51 Y110.859 E.00273
G1 X164.555 Y110.905 E.00273
G1 E-8 F1500
G1 Z.72 F3000
G1 X163.796 Y112.59 F12000
G1 Z.52 F3000
G1 E8 F1500
G1 F2941.177
M73 P15 R14
G1 X163.751 Y112.545 E.0027
G1 X163.689 Y112.561 E.00272
G1 X163.673 Y112.623 E.00272
G1 X163.718 Y112.668 E.0027
G1 X163.779 Y112.651 E.00269
;WIDTH:0.593613
G1 F2723.841
G1 X163.656 Y112.785 E.00833
;WIDTH:0.634306
G1 F2536.414
G1 X163.532 Y112.919 E.00898
;WIDTH:0.674999
G1 F2373.121
G1 X156.556 Y119.906 E.51892
G1 X156.428 Y120.007 E.00857
;WIDTH:0.634306
G1 F2536.414
G1 X156.299 Y120.109 E.00809
;WIDTH:0.593613
G1 F2723.841
G1 X156.171 Y120.21 E.00747
;WIDTH:0.55292
G1 F2941.177
G1 X156.126 Y120.165 E.0027
G1 X156.064 Y120.182 E.00273
G1 X156.048 Y120.243 E.00267
G1 X156.093 Y120.288 E.0027
G1 X156.154 Y120.272 E.00267
G1 E-8 F1500
G1 Z.72 F3000
G1 X158.033 Y119.156 F12000
G1 Z.52 F3000
G1 E8 F1500
;WIDTH:0.588344
G1 F2750.154
G1 X158.725 Y118.569 E.04115
;WIDTH:0.621968
G1 F2590.459
G1 X158.947 Y118.372 E.01429
;WIDTH:0.655592
G1 F2448.292
G1 X159.168 Y118.174 E.01512
;WIDTH:0.689216
G1 F2320.918
G1 X159.389 Y117.977 E.01591
;WIDTH:0.716704
G1 F2226.233
G1 X159.717 Y117.669 E.02521
;WIDTH:0.744192
G1 F2138.97
G1 X160.045 Y117.36 E.02628
;WIDTH:0.754026
G1 F2109.39
G1 X161.074 Y116.321 E.08646
;WIDTH:0.730484
G1 F2181.615
G1 X161.379 Y115.991 E.02569
;WIDTH:0.695125
G1 F2299.89
G1 X161.685 Y115.66 E.02445
;WIDTH:0.659766
G1 F2431.725
G1 X161.873 Y115.448 E.01453
;WIDTH:0.625147
G1 F2576.315
G1 X162.061 Y115.235 E.01375
;WIDTH:0.590528
G1 F2739.186
G1 X162.647 Y114.543 E.04129
M106 S255
;LAYER_CHANGE
;Z:0.72
;HEIGHT:0.2

G1 E-8 F1500
G1 Z.72 F3000
;AFTER_LAYER_CHANGE
;0.72
G92 E0
_ON_LAYER_CHANGE LAYER=3
G1 Z.92
G1 X148.508 Y85.338 F12000
G1 Z.72 F3000
G1 E8 F1500
;TYPE:External perimeter
;WIDTH:0.674999
G1 F2373.121
G1 X148.541 Y85.338 E.00173
G1 X149.529 Y85.365 E.05195
G1 X150.555 Y85.445 E.05409
G1 X151.576 Y85.58 E.05413
G1 X152.589 Y85.768 E.05415
G1 X153.255 Y85.921 E.03592
G1 X154.249 Y86.197 E.05422
G1 X155.225 Y86.523 E.05408
G1 X156.183 Y86.901 E.05413
G1 X157.121 Y87.328 E.05417
G1 X157.767 Y87.659 E.03815
G1 X158.627 Y88.146 E.05194
G1 X159.495 Y88.699 E.05409
G1 X160.334 Y89.298 E.05418
G1 X160.906 Y89.746 E.03819
G1 X161.657 Y90.388 E.05193
G1 X162.403 Y91.097 E.05409
G1 X163.112 Y91.843 E.05409
G1 X163.781 Y92.626 E.05413
G1 X164.407 Y93.443 E.0541
G1 X164.991 Y94.292 E.05416
G1 X165.353 Y94.872 E.03593
G1 X165.861 Y95.769 E.05418
G1 X166.32 Y96.69 E.05408
G1 X166.731 Y97.636 E.05421
G1 X166.976 Y98.274 E.03592
G1 X167.303 Y99.251 E.05415
G1 X167.578 Y100.243 E.0541
G1 X167.801 Y101.248 E.05411
G1 X167.971 Y102.265 E.05419
G1 X168.059 Y102.986 E.03818
G1 X168.135 Y103.971 E.05192
G1 X168.162 Y105 E.0541
G1 X168.135 Y106.03 E.05415
G1 X168.088 Y106.712 E.03593
G1 X167.971 Y107.736 E.05417
G1 X167.801 Y108.752 E.05414
G1 X167.578 Y109.757 E.05411
G1 X167.303 Y110.749 E.0541
G1 X166.977 Y111.725 E.05408
G1 X166.599 Y112.684 E.05418
G1 X166.321 Y113.308 E.0359
G1 X165.861 Y114.231 E.0542
G1 X165.354 Y115.127 E.05411
G1 X164.8 Y115.996 E.05416
G1 X164.408 Y116.556 E.03593
G1 X163.781 Y117.374 E.05417
G1 X163.112 Y118.157 E.05413
G1 X162.403 Y118.903 E.05409
G1 X161.656 Y119.613 E.05417
G1 X161.107 Y120.089 E.03819
G1 X160.333 Y120.703 E.05192
G1 X159.495 Y121.301 E.05411
G1 X158.627 Y121.854 E.05409
G1 X157.731 Y122.361 E.05411
G1 X156.81 Y122.82 E.05408
G1 X155.864 Y123.231 E.05421
G1 X155.226 Y123.476 E.03592
G1 X154.249 Y123.803 E.05415
G1 X153.257 Y124.078 E.0541
G1 X152.252 Y124.301 E.05411
G1 X151.235 Y124.471 E.05419
G1 X150.557 Y124.555 E.03591
G1 X149.529 Y124.635 E.05419
G1 X148.5 Y124.662 E.0541
G1 X147.47 Y124.635 E.05415
G1 X146.788 Y124.588 E.03593
G1 X145.764 Y124.471 E.05417
G1 X144.748 Y124.301 E.05414
G1 X143.743 Y124.078 E.05411
G1 X142.751 Y123.803 E.0541
G1 X141.774 Y123.476 E.05415
G1 X141.136 Y123.231 E.03592
G1 X140.189 Y122.82 E.05426
G1 X139.575 Y122.52 E.03592
G1 X138.669 Y122.028 E.05419
G1 X137.791 Y121.49 E.05412
G1 X136.943 Y120.907 E.05409
G1 X136.126 Y120.281 E.0541
G1 X135.343 Y119.612 E.05413
G1 X134.597 Y118.903 E.05409
G1 X133.888 Y118.157 E.05409
G1 X133.219 Y117.374 E.05413
G1 X132.592 Y116.556 E.05417
G1 X132.176 Y115.961 E.03816
G1 X131.646 Y115.127 E.05194
G1 X131.139 Y114.231 E.05411
G1 X130.68 Y113.31 E.05408
G1 X130.269 Y112.364 E.05421
G1 X130.024 Y111.726 E.03592
G1 X129.697 Y110.749 E.05415
G1 X129.422 Y109.757 E.0541
G1 X129.199 Y108.752 E.05411
G1 X129.029 Y107.735 E.05419
G1 X128.941 Y107.014 E.03818
G1 X128.865 Y106.029 E.05192
G1 X128.838 Y105 E.0541
G1 X128.865 Y103.971 E.0541
G1 X128.945 Y102.945 E.05409
G1 X129.08 Y101.924 E.05413
G1 X129.268 Y100.911 E.05415
G1 X129.432 Y100.203 E.0382
G1 X129.697 Y99.251 E.05194
G1 X130.023 Y98.275 E.05408
G1 X130.401 Y97.316 E.05418
G1 X130.698 Y96.653 E.03818
G1 X131.139 Y95.769 E.05192
G1 X131.646 Y94.873 E.05411
G1 X132.199 Y94.005 E.05409
G1 X132.798 Y93.166 E.05418
G1 X133.246 Y92.594 E.03819
G1 X133.888 Y91.843 E.05193
G1 X134.597 Y91.097 E.05409
G1 X135.343 Y90.388 E.05409
G1 X136.126 Y89.719 E.05413
G1 X136.944 Y89.092 E.05417
G1 X137.539 Y88.676 E.03816
G1 X138.373 Y88.146 E.05194
G1 X139.269 Y87.639 E.05411
G1 X140.19 Y87.18 E.05408
G1 X141.134 Y86.769 E.05411
G1 X142.1 Y86.408 E.0542
G1 X142.791 Y86.185 E.03816
G1 X143.743 Y85.922 E.05191
G1 X144.748 Y85.699 E.05411
G1 X145.764 Y85.529 E.05414
G1 X146.786 Y85.412 E.05406
G1 X147.815 Y85.35 E.05418
G1 X148.478 Y85.339 E.03485
G1 X149.078 Y85.353 F12000
G1 X148.502 Y86.033
;TYPE:Perimeter
G1 E-10F1500
G1 F12000.0
T1
G1 E20F1500
;WIDTH:0.799999
G1 F1981.299
G1 X148.538 Y86.033 E.00227
G1 X149.492 Y86.058 E.06008
G1 X150.483 Y86.136 E.06258
G1 X151.467 Y86.266 E.06248
G1 X152.448 Y86.448 E.06281
G1 X153.084 Y86.595 E.04109
G1 X154.046 Y86.861 E.06283
G1 X154.987 Y87.176 E.06247
G1 X155.911 Y87.54 E.06252
G1 X156.818 Y87.954 E.06276
G1 X157.438 Y88.271 E.04384
G1 X158.269 Y88.741 E.0601
G1 X159.107 Y89.275 E.06255
G1 X159.918 Y89.854 E.06273
G1 X160.466 Y90.283 E.04381
G1 X161.191 Y90.904 E.06009
G1 X161.912 Y91.588 E.06256
G1 X162.596 Y92.308 E.06252
G1 X163.241 Y93.063 E.06251
G1 X163.845 Y93.851 E.0625
G1 X164.41 Y94.673 E.06279
G1 X164.756 Y95.227 E.04112
G1 X165.247 Y96.095 E.06278
G1 X165.69 Y96.984 E.06253
G1 X166.088 Y97.899 E.06281
G1 X166.322 Y98.508 E.04107
G1 X166.639 Y99.454 E.06281
G1 X166.904 Y100.411 E.06251
G1 X167.119 Y101.381 E.06254
G1 X167.225 Y102.012 E.04028
G1 X167.327 Y102.718 E.04491
G1 X167.404 Y103.523 E.05091
G1 X167.454 Y104.492 E.06108
G1 X167.468 Y105 E.03199
G1 X167.441 Y105.997 E.06279
G1 X167.396 Y106.649 E.04114
G1 X167.283 Y107.64 E.06279
G1 X167.119 Y108.619 E.06249
G1 X166.904 Y109.589 E.06254
G1 X166.639 Y110.546 E.06251
G1 X166.324 Y111.487 E.06247
G1 X165.958 Y112.415 E.0628
G1 X165.692 Y113.012 E.04114
G1 X165.247 Y113.905 E.06281
G1 X164.758 Y114.769 E.0625
G1 X164.222 Y115.61 E.06278
G1 X163.848 Y116.145 E.04109
G1 X163.241 Y116.937 E.06282
G1 X162.596 Y117.692 E.06251
G1 X161.912 Y118.412 E.06252
G1 X161.189 Y119.098 E.06274
G1 X160.663 Y119.554 E.04382
G1 X159.915 Y120.148 E.06013
G1 X159.107 Y120.725 E.0625
G1 X158.269 Y121.258 E.06252
G1 X157.405 Y121.747 E.0625
G1 X156.516 Y122.19 E.06253
G1 X155.601 Y122.588 E.06281
G1 X154.992 Y122.822 E.04107
G1 X154.046 Y123.139 E.06281
G1 X153.089 Y123.404 E.06251
G1 X152.119 Y123.619 E.06254
G1 X151.135 Y123.784 E.06281
G1 X150.487 Y123.863 E.04109
G1 X149.493 Y123.942 E.06277
G1 X148.5 Y123.968 E.06253
G1 X147.503 Y123.941 E.06279
G1 X146.851 Y123.896 E.04114
G1 X145.86 Y123.783 E.06279
G1 X144.881 Y123.619 E.06249
G1 X143.911 Y123.404 E.06254
G1 X142.954 Y123.139 E.06251
G1 X142.008 Y122.822 E.06281
G1 X141.399 Y122.588 E.04107
G1 X140.48 Y122.189 E.06307
G1 X139.893 Y121.902 E.04113
G1 X139.016 Y121.426 E.06282
G1 X138.17 Y120.908 E.06245
G1 X137.351 Y120.345 E.06256
G1 X136.563 Y119.741 E.0625
G1 X135.808 Y119.096 E.06251
G1 X135.088 Y118.412 E.06252
G1 X134.404 Y117.692 E.06252
G1 X133.759 Y116.937 E.06251
G1 X133.153 Y116.146 E.06273
G1 X132.754 Y115.575 E.04385
G1 X132.242 Y114.769 E.06011
G1 X131.753 Y113.905 E.0625
G1 X131.31 Y113.016 E.06253
G1 X130.912 Y112.101 E.06281
G1 X130.678 Y111.492 E.04107
G1 X130.361 Y110.546 E.06281
G1 X130.096 Y109.589 E.06251
G1 X129.881 Y108.619 E.06254
G1 X129.716 Y107.636 E.06275
G1 X129.633 Y106.945 E.04381
G1 X129.558 Y105.993 E.06012
G1 X129.532 Y105 E.06253
G1 X129.558 Y104.007 E.06253
G1 X129.636 Y103.017 E.06251
G1 X129.766 Y102.033 E.06248
G1 X129.948 Y101.053 E.06275
G1 X130.105 Y100.375 E.04381
G1 X130.361 Y99.455 E.06012
G1 X130.676 Y98.513 E.06253
G1 X131.042 Y97.585 E.0628
G1 X131.326 Y96.95 E.04379
G1 X131.752 Y96.096 E.06008
G1 X132.242 Y95.231 E.06258
G1 X132.775 Y94.393 E.06252
G1 X133.354 Y93.582 E.06273
G1 X133.783 Y93.034 E.04381
G1 X134.404 Y92.309 E.06009
G1 X135.088 Y91.588 E.06256
G1 X135.808 Y90.904 E.06252
G1 X136.563 Y90.259 E.06251
G1 X137.354 Y89.653 E.06273
G1 X137.925 Y89.254 E.04385
G1 X138.731 Y88.742 E.06011
G1 X139.595 Y88.253 E.0625
G1 X140.484 Y87.81 E.06253
G1 X141.395 Y87.414 E.06253
G1 X142.328 Y87.065 E.06271
G1 X142.99 Y86.85 E.04382
G1 X143.911 Y86.596 E.06014
G1 X144.881 Y86.381 E.06254
G1 X145.86 Y86.217 E.06249
G1 X146.847 Y86.105 E.06253
G1 X147.842 Y86.044 E.06275
G1 X148.472 Y86.034 E.03966
G1 X148.496 Y86.791 F12000
G1 F1981.299
G1 X148.533 Y86.79 E.00233
G1 X149.452 Y86.815 E.05787
G1 X150.403 Y86.89 E.06005
G1 X151.349 Y87.014 E.06006
G1 X152.294 Y87.189 E.0605
G1 X152.898 Y87.329 E.03903
G1 X153.824 Y87.585 E.06048
G1 X154.728 Y87.888 E.06002
G1 X155.615 Y88.237 E.06
G1 X156.489 Y88.635 E.06046
G1 X157.079 Y88.937 E.04172
G1 X157.878 Y89.39 E.05782
G1 X158.683 Y89.903 E.06009
G1 X159.464 Y90.46 E.06039
G1 X159.986 Y90.869 E.04175
G1 X160.685 Y91.467 E.05791
G1 X161.377 Y92.123 E.06003
G1 X162.033 Y92.815 E.06003
G1 X162.652 Y93.54 E.06001
G1 X163.232 Y94.296 E.05998
G1 X163.777 Y95.088 E.06052
G1 X164.105 Y95.614 E.03902
G1 X164.579 Y96.451 E.06055
G1 X165.004 Y97.304 E.05999
G1 X165.387 Y98.185 E.06047
G1 X165.61 Y98.764 E.03906
G1 X165.915 Y99.676 E.06054
G1 X166.169 Y100.595 E.06002
G1 X166.376 Y101.525 E.05998
G1 X166.478 Y102.137 E.03906
G1 X166.575 Y102.81 E.0428
G1 X166.649 Y103.582 E.04882
G1 X166.71 Y105 E.08935
G1 X166.685 Y105.961 E.06052
M73 P16 R14
G1 X166.642 Y106.579 E.039
G1 X166.533 Y107.534 E.06051
G1 X166.376 Y108.475 E.06006
G1 X166.169 Y109.405 E.05998
G1 X165.915 Y110.324 E.06002
G1 X165.612 Y111.228 E.06002
G1 X165.26 Y112.123 E.06054
G1 X165.008 Y112.689 E.039
G1 X164.579 Y113.549 E.0605
G1 X164.109 Y114.379 E.06005
G1 X163.593 Y115.19 E.06051
G1 X163.237 Y115.698 E.03905
G1 X162.652 Y116.46 E.06047
G1 X162.033 Y117.185 E.06001
G1 X161.377 Y117.877 E.06003
G1 X160.68 Y118.537 E.06043
G1 X160.18 Y118.971 E.04168
G1 X159.46 Y119.543 E.05789
G1 X158.683 Y120.097 E.06007
G1 X157.879 Y120.609 E.06
G1 X157.049 Y121.079 E.06005
G1 X156.196 Y121.504 E.05999
G1 X155.315 Y121.887 E.06047
G1 X154.736 Y122.11 E.03906
G1 X153.824 Y122.415 E.06054
G1 X152.905 Y122.669 E.06002
G1 X151.975 Y122.876 E.05998
G1 X151.027 Y123.034 E.0605
G1 X150.411 Y123.11 E.03907
G1 X149.453 Y123.185 E.06049
G1 X148.5 Y123.21 E.06001
G1 X147.539 Y123.185 E.06052
G1 X146.921 Y123.142 E.039
G1 X145.966 Y123.033 E.06051
G1 X145.025 Y122.876 E.06006
G1 X144.094 Y122.669 E.06004
G1 X143.176 Y122.415 E.05996
G1 X142.264 Y122.11 E.06054
G1 X141.685 Y121.887 E.03906
G1 X140.797 Y121.501 E.06095
G1 X140.24 Y121.229 E.03902
G1 X139.395 Y120.771 E.06051
G1 X138.582 Y120.272 E.06005
G1 X137.796 Y119.732 E.06003
G1 X137.04 Y119.152 E.05998
G1 X136.315 Y118.533 E.06001
G1 X135.623 Y117.877 E.06003
G1 X134.967 Y117.185 E.06003
G1 X134.348 Y116.46 E.06001
G1 X133.764 Y115.699 E.06039
G1 X133.384 Y115.155 E.04177
G1 X132.891 Y114.38 E.05782
G1 X132.421 Y113.549 E.0601
G1 X131.996 Y112.696 E.05999
G1 X131.613 Y111.815 E.06047
G1 X131.39 Y111.236 E.03906
G1 X131.085 Y110.324 E.06054
G1 X130.831 Y109.406 E.05996
G1 X130.624 Y108.475 E.06004
G1 X130.466 Y107.528 E.06044
G1 X130.386 Y106.87 E.04173
G1 X130.315 Y105.954 E.05784
G1 X130.29 Y105 E.06008
G1 X130.315 Y104.047 E.06001
G1 X130.39 Y103.097 E.05999
G1 X130.514 Y102.151 E.06006
G1 X130.689 Y101.208 E.06038
G1 X130.839 Y100.562 E.04175
G1 X131.085 Y99.676 E.05788
G1 X131.388 Y98.772 E.06002
G1 X131.74 Y97.879 E.06043
G1 X132.01 Y97.274 E.04171
G1 X132.421 Y96.451 E.05791
G1 X132.891 Y95.621 E.06005
G1 X133.403 Y94.817 E.06
G1 X133.96 Y94.036 E.06039
G1 X134.369 Y93.514 E.04175
G1 X134.967 Y92.815 E.05791
G1 X135.623 Y92.123 E.06003
G1 X136.315 Y91.467 E.06003
G1 X137.04 Y90.848 E.06001
G1 X137.801 Y90.264 E.06039
G1 X138.345 Y89.884 E.04177
G1 X139.12 Y89.391 E.05782
G1 X139.951 Y88.921 E.0601
G1 X140.804 Y88.496 E.05999
G1 X141.678 Y88.116 E.05999
G1 X142.577 Y87.78 E.06042
G1 X143.208 Y87.576 E.04175
G1 X144.094 Y87.331 E.05787
G1 X145.025 Y87.124 E.06004
G1 X145.966 Y86.967 E.06006
G1 X146.913 Y86.859 E.06
G1 X147.871 Y86.8 E.06042
G1 X148.466 Y86.791 E.03746
G1 X148.489 Y87.548 F12000
G1 F1981.299
G1 X148.529 Y87.547 E.00252
G1 X149.412 Y87.571 E.05561
G1 X150.324 Y87.643 E.05759
G1 X151.23 Y87.762 E.05752
G1 X152.14 Y87.931 E.05827
G1 X152.712 Y88.063 E.03695
G1 X153.603 Y88.31 E.05821
G1 X154.469 Y88.6 E.05749
G1 X155.319 Y88.935 E.05751
G1 X156.159 Y89.317 E.05809
G1 X156.719 Y89.604 E.03961
G1 X157.488 Y90.039 E.05562
G1 X158.26 Y90.531 E.05763
G1 X159.011 Y91.067 E.05808
G1 X159.506 Y91.455 E.03959
G1 X160.178 Y92.029 E.05563
G1 X160.841 Y92.659 E.05757
G1 X161.47 Y93.322 E.05753
G1 X162.063 Y94.017 E.05751
G1 X162.62 Y94.741 E.0575
G1 X163.144 Y95.504 E.05827
G1 X163.455 Y96.001 E.03691
G1 X163.91 Y96.806 E.05821
G1 X164.318 Y97.624 E.05754
G1 X164.686 Y98.472 E.05819
G1 X164.897 Y99.02 E.03697
G1 X165.19 Y99.897 E.05821
G1 X165.434 Y100.778 E.05755
G1 X165.632 Y101.67 E.05752
G1 X165.731 Y102.262 E.03778
G1 X165.823 Y102.901 E.04064
G1 X165.894 Y103.641 E.0468
G1 X165.953 Y105 E.08563
G1 X165.929 Y105.924 E.05819
G1 X165.888 Y106.51 E.03698
G1 X165.783 Y107.429 E.05823
G1 X165.632 Y108.33 E.05751
G1 X165.434 Y109.222 E.05752
G1 X165.19 Y110.103 E.05755
G1 X164.9 Y110.969 E.05749
G1 X164.561 Y111.83 E.05825
G1 X164.323 Y112.366 E.03692
G1 X163.91 Y113.194 E.05825
G1 X163.46 Y113.989 E.05751
G1 X162.963 Y114.769 E.05822
G1 X162.626 Y115.25 E.03697
G1 X162.063 Y115.983 E.05818
G1 X161.47 Y116.678 E.05751
G1 X160.841 Y117.341 E.05753
G1 X160.172 Y117.976 E.05807
G1 X159.696 Y118.388 E.03963
G1 X159.004 Y118.938 E.05565
G1 X158.26 Y119.469 E.05754
G1 X157.489 Y119.96 E.05754
G1 X156.694 Y120.41 E.05751
G1 X155.876 Y120.818 E.05754
G1 X155.028 Y121.186 E.05819
G1 X154.48 Y121.397 E.03697
G1 X153.603 Y121.69 E.05821
G1 X152.722 Y121.934 E.05755
G1 X151.83 Y122.132 E.05752
G1 X150.918 Y122.285 E.05821
G1 X150.335 Y122.356 E.03697
G1 X149.413 Y122.429 E.05822
G1 X148.5 Y122.453 E.05749
G1 X147.576 Y122.429 E.05819
G1 X146.99 Y122.388 E.03698
G1 X146.071 Y122.283 E.05823
G1 X145.17 Y122.132 E.05751
G1 X144.278 Y121.934 E.05752
G1 X143.397 Y121.69 E.05755
G1 X142.52 Y121.397 E.05821
G1 X141.972 Y121.186 E.03697
G1 X141.114 Y120.813 E.0589
G1 X140.586 Y120.556 E.03697
G1 X139.774 Y120.115 E.05817
G1 X138.994 Y119.637 E.05759
G1 X138.241 Y119.12 E.0575
G1 X137.517 Y118.563 E.0575
G1 X136.822 Y117.97 E.05751
G1 X136.159 Y117.341 E.05753
G1 X135.53 Y116.678 E.05753
G1 X134.937 Y115.983 E.05751
G1 X134.375 Y115.251 E.0581
G1 X134.015 Y114.735 E.03961
G1 X133.54 Y113.99 E.05562
G1 X133.09 Y113.194 E.05756
G1 X132.682 Y112.376 E.05754
G1 X132.314 Y111.528 E.05819
G1 X132.103 Y110.98 E.03697
G1 X131.81 Y110.103 E.05821
G1 X131.566 Y109.222 E.05755
G1 X131.368 Y108.33 E.05752
G1 X131.215 Y107.42 E.05809
G1 X131.14 Y106.795 E.03963
G1 X131.071 Y105.914 E.05563
G1 X131.047 Y105 E.05756
G1 X131.071 Y104.087 E.05749
G1 X131.143 Y103.176 E.05753
G1 X131.262 Y102.27 E.05752
G1 X131.43 Y101.362 E.05813
G1 X131.573 Y100.749 E.03963
G1 X131.809 Y99.898 E.05559
G1 X132.1 Y99.031 E.05757
G1 X132.438 Y98.172 E.05811
G1 X132.695 Y97.598 E.03959
G1 X133.09 Y96.807 E.05566
G1 X133.54 Y96.011 E.05756
G1 X134.031 Y95.24 E.05754
G1 X134.567 Y94.489 E.05808
G1 X134.955 Y93.994 E.03959
G1 X135.529 Y93.322 E.05563
G1 X136.159 Y92.659 E.05757
G1 X136.822 Y92.03 E.05753
G1 X137.517 Y91.437 E.05751
G1 X138.249 Y90.875 E.0581
G1 X138.765 Y90.515 E.03961
G1 X139.51 Y90.04 E.05562
G1 X140.306 Y89.59 E.05756
G1 X141.124 Y89.182 E.05754
G1 X141.962 Y88.818 E.05751
G1 X142.826 Y88.495 E.05807
G1 X143.425 Y88.301 E.03964
G1 X144.277 Y88.066 E.05564
G1 X145.17 Y87.868 E.05758
G1 X146.071 Y87.717 E.05751
G1 X146.979 Y87.614 E.05753
G1 X147.9 Y87.557 E.05809
G1 X148.459 Y87.548 E.03519
G1 E-8 F1500
G1 Z.92 F3000
G1 X135.779 Y116.454 F12000
G1 Z.72 F3000
G1 E8 F1500
;TYPE:Solid infill
G1 E-10F1500
G1 F12000.0
T0
G1 E16F1500
G1 F12000.0
;WIDTH:0.55292
G1 F2941.177
G1 X137.046 Y117.721 E.07598
G1 X136 Y116.68 E.06258
G1 E-8 F1500
G1 Z.92 F3000
G1 X134.062 Y113.949 F12000
G1 Z.72 F3000
G1 E8 F1500
G1 F2941.177
G1 X134.017 Y113.994 E.0027
G1 X134.033 Y114.055 E.00267
G1 X134.095 Y114.072 E.00273
G1 X134.14 Y114.027 E.0027
G1 X134.123 Y113.965 E.00273
;WIDTH:0.593613
G1 F2723.841
G1 X134.228 Y114.129 E.00892
;WIDTH:0.634306
G1 F2536.414
G1 X134.332 Y114.293 E.00955
;WIDTH:0.674999
G1 F2373.121
G1 X134.437 Y114.457 E.01023
G1 X139.024 Y119.044 E.34094
G1 X139.167 Y119.144 E.00917
;WIDTH:0.634664
G1 F2534.88
G1 X139.311 Y119.244 E.00863
;WIDTH:0.594329
G1 F2720.304
G1 X139.454 Y119.344 E.008
;WIDTH:0.553994
G1 F2934.996
G1 X139.409 Y119.389 E.0027
G1 X139.425 Y119.451 E.00272
G1 X139.487 Y119.467 E.00272
G1 X139.532 Y119.422 E.0027
G1 X139.516 Y119.36 E.00272
G1 E-8 F1500
G1 Z.92 F3000
G1 X141.565 Y120.51 F12000
G1 Z.72 F3000
G1 E8 F1500
;WIDTH:0.55292
G1 F2941.177
G1 X141.52 Y120.555 E.0027
G1 X141.536 Y120.616 E.00267
G1 X141.598 Y120.633 E.00273
G1 X141.643 Y120.588 E.0027
G1 X141.627 Y120.526 E.00272
;WIDTH:0.593613
G1 F2723.841
G1 X141.463 Y120.438 E.00852
;WIDTH:0.634306
G1 F2536.414
G1 X141.299 Y120.349 E.00918
;WIDTH:0.674999
G1 F2373.121
G1 X141.135 Y120.261 E.00978
G1 X133.245 Y112.371 E.58645
G1 E-8 F1500
G1 Z.92 F3000
G1 X132.287 Y110.307 F12000
G1 Z.72 F3000
G1 E8 F1500
;WIDTH:0.55292
G1 F2941.177
G1 X132.242 Y110.352 E.0027
G1 X132.258 Y110.414 E.00272
G1 X132.32 Y110.43 E.00272
G1 X132.365 Y110.385 E.0027
G1 X132.348 Y110.324 E.00269
;WIDTH:0.593613
G1 F2723.841
G1 X132.426 Y110.487 E.00827
;WIDTH:0.634306
G1 F2536.414
G1 X132.503 Y110.65 E.00886
;WIDTH:0.674999
G1 F2373.121
G1 X132.58 Y110.813 E.00947
G1 X142.687 Y120.92 E.75123
G1 X142.83 Y120.991 E.00839
M73 P17 R14
;WIDTH:0.634306
G1 F2536.414
G1 X142.974 Y121.063 E.00792
;WIDTH:0.593613
G1 F2723.841
G1 X143.117 Y121.135 E.00733
;WIDTH:0.55292
G1 F2941.177
G1 X143.072 Y121.18 E.0027
G1 X143.089 Y121.241 E.00269
G1 X143.15 Y121.258 E.00269
G1 X143.195 Y121.213 E.0027
G1 X143.179 Y121.151 E.00272
G1 E-8 F1500
G1 Z.92 F3000
G1 X145.168 Y121.861 F12000
G1 Z.72 F3000
G1 E8 F1500
G1 F2941.177
G1 X144.241 Y121.644 E.04037
;WIDTH:0.593613
G1 F2723.841
G1 X144.158 Y121.539 E.00613
;WIDTH:0.634306
G1 F2536.414
G1 X144.075 Y121.435 E.00654
;WIDTH:0.674999
G1 F2373.121
G1 X143.992 Y121.331 E.00699
G1 X132.169 Y109.508 E.87878
G1 X131.859 Y109.26 E.02087
;WIDTH:0.55292
G1 F2941.177
G1 X131.657 Y108.407 E.03717
;WIDTH:0.593613
G1 F2723.841
G1 X131.733 Y108.382 E.00366
;WIDTH:0.634306
G1 F2536.414
G1 X131.809 Y108.356 E.00395
;WIDTH:0.674999
G1 F2373.121
G1 X131.885 Y108.33 E.00422
G1 X145.17 Y121.615 E.98744
G1 X146.243 Y121.794 E.05717
G1 X131.705 Y107.256 E1.08058
G1 X131.605 Y106.262 E.05251
G1 X147.242 Y121.899 E1.16226
G1 X148.176 Y121.939 E.04913
G1 X131.561 Y105.324 E1.23495
G1 X131.567 Y104.437 E.04662
G1 X149.063 Y121.933 E1.30044
G1 X149.908 Y121.883 E.04449
G1 X131.617 Y103.592 E1.35953
G1 X131.704 Y102.785 E.04266
G1 X150.719 Y121.8 E1.41334
G1 X151.489 Y121.677 E.04098
G1 X131.824 Y102.011 E1.46169
G1 X131.972 Y101.265 E.03997
G1 X152.232 Y121.526 E1.50592
G1 X152.948 Y121.348 E.03878
G1 X132.152 Y100.552 E1.54572
G1 X132.355 Y99.861 E.03785
G1 X153.639 Y121.145 E1.58199
G1 X154.309 Y120.921 E.03713
G1 X132.579 Y99.191 E1.61514
G1 X132.832 Y98.55 E.03622
M73 P18 R14
G1 X154.951 Y120.669 E1.64405
G1 X155.574 Y120.398 E.03571
G1 X133.102 Y97.926 E1.67029
G1 X133.395 Y97.326 E.03509
G1 X156.174 Y120.104 E1.69307
G1 X156.757 Y119.794 E.0347
G1 X133.706 Y96.743 E1.71333
G1 X134.034 Y96.176 E.03443
G1 X157.324 Y119.466 E1.73109
G1 X157.87 Y119.118 E.03403
G1 X134.382 Y95.63 E1.74581
G1 X134.749 Y95.104 E.03371
G1 X158.396 Y118.751 E1.75763
G1 X158.908 Y118.369 E.03357
G1 X135.129 Y94.59 E1.76744
G1 X135.531 Y94.098 E.03339
G1 X159.405 Y117.972 E1.7745
G1 X159.882 Y117.555 E.0333
G1 X135.945 Y93.618 E1.77918
G1 X136.38 Y93.16 E.0332
G1 X160.34 Y117.12 E1.78089
G1 X160.783 Y116.668 E.03326
G1 X136.832 Y92.717 E1.78022
G1 X137.297 Y92.289 E.03322
M73 P19 R14
G1 X161.211 Y116.203 E1.77747
G1 X161.623 Y115.721 E.03333
G1 X137.779 Y91.877 E1.77227
G1 X138.282 Y91.486 E.03348
G1 X162.014 Y115.218 E1.76394
G1 X162.393 Y114.702 E.03365
G1 X138.798 Y91.108 E1.75372
G1 X139.335 Y90.751 E.03389
G1 X162.749 Y114.165 E1.74031
G1 X163.092 Y113.614 E.03411
M73 P19 R13
G1 X139.886 Y90.408 E1.72485
G1 X140.457 Y90.085 E.03448
G1 X163.415 Y113.043 E1.70641
G1 X163.716 Y112.45 E.03495
G1 X141.05 Y89.784 E1.68471
G1 X141.66 Y89.5 E.03536
G1 X164.002 Y111.843 E1.66067
G1 X164.263 Y111.209 E.03603
G1 X142.289 Y89.235 E1.63328
G1 X142.94 Y88.992 E.03652
G1 X164.505 Y110.558 E1.60291
G1 X164.726 Y109.885 E.03723
G1 X143.615 Y88.773 E1.56917
G1 X144.315 Y88.58 E.03816
M73 P20 R13
G1 X164.92 Y109.185 E1.53152
G1 X165.086 Y108.457 E.03924
G1 X145.043 Y88.414 E1.48975
G1 X145.798 Y88.275 E.04035
G1 X165.225 Y107.702 E1.44396
G1 X165.333 Y106.916 E.0417
G1 X146.584 Y88.167 E1.39357
G1 X147.405 Y88.094 E.04332
G1 X165.41 Y106.099 E1.33827
G1 X165.441 Y105.236 E.04539
G1 X148.266 Y88.062 E1.27654
G1 X149.169 Y88.07 E.04746
G1 X165.43 Y104.331 E1.20864
G1 X165.367 Y103.374 E.05041
G1 X150.127 Y88.134 E1.13275
G1 X151.147 Y88.261 E.05402
G1 X165.233 Y102.347 E1.04698
G1 X165.288 Y102.186 E.00894
;WIDTH:0.634306
G1 F2536.414
G1 X165.342 Y102.025 E.00835
;WIDTH:0.593613
G1 F2723.841
G1 X165.397 Y101.864 E.00779
;WIDTH:0.55292
G1 F2941.177
G1 X165.371 Y101.721 E.00616
G1 E-8 F1500
G1 Z.92 F3000
G1 X153.226 Y88.486 F12000
G1 Z.72 F3000
G1 E8 F1500
G1 F2941.177
G1 X152.101 Y88.193 E.0493
;WIDTH:0.674999
G1 F2373.121
G1 X152.256 Y88.476 E.01696
G1 X165.019 Y101.239 E.94864
G1 X165.069 Y101.107 E.00742
;WIDTH:0.634306
G1 F2536.414
G1 X165.118 Y100.976 E.00688
;WIDTH:0.593613
G1 F2723.841
G1 X165.168 Y100.844 E.00646
;WIDTH:0.55292
G1 F2941.177
G1 X165.014 Y100.274 E.02504
;WIDTH:0.674999
G1 F2373.121
G1 X164.701 Y100.026 E.02099
G1 X153.474 Y88.799 E.83448
G1 X154.405 Y88.945 E.04953
;WIDTH:0.55292
G1 F2941.177
G1 X154.359 Y88.99 E.00273
G1 X154.376 Y89.052 E.00273
G1 X154.438 Y89.068 E.00272
G1 X154.483 Y89.023 E.0027
G1 X154.466 Y88.962 E.00269
;WIDTH:0.593613
G1 F2723.841
G1 X154.6 Y89.074 E.008
;WIDTH:0.634306
G1 F2536.414
G1 X154.734 Y89.187 E.00862
;WIDTH:0.674999
G1 F2373.121
G1 X154.868 Y89.3 E.00921
G1 X164.209 Y98.64 E.69426
G1 X164.298 Y98.769 E.00824
;WIDTH:0.634306
G1 F2536.414
G1 X164.388 Y98.897 E.00769
;WIDTH:0.593613
G1 F2723.841
G1 X164.477 Y99.026 E.00718
;WIDTH:0.55292
G1 F2941.177
G1 X164.432 Y99.071 E.0027
G1 X164.449 Y99.132 E.00269
G1 X164.51 Y99.149 E.00269
G1 X164.556 Y99.104 E.00273
G1 X164.539 Y99.042 E.00273
G1 E-8 F1500
G1 Z.92 F3000
G1 X163.779 Y97.349 F12000
G1 Z.72 F3000
G1 E8 F1500
G1 F2941.177
M73 P21 R13
G1 X163.796 Y97.41 E.00269
G1 X163.751 Y97.455 E.0027
G1 X163.689 Y97.439 E.00272
G1 X163.673 Y97.377 E.00272
G1 X163.718 Y97.332 E.0027
;WIDTH:0.593613
G1 F2723.841
G1 X163.615 Y97.204 E.00752
;WIDTH:0.634306
G1 F2536.414
G1 X163.512 Y97.075 E.00812
;WIDTH:0.674999
G1 F2373.121
G1 X163.409 Y96.947 E.00863
G1 X156.418 Y89.965 E.51929
;WIDTH:0.634306
G1 F2536.414
G1 X156.284 Y89.841 E.00898
;WIDTH:0.593613
G1 F2723.841
G1 X156.15 Y89.717 E.00836
;WIDTH:0.55292
G1 F2941.177
G1 X156.166 Y89.778 E.00267
G1 X156.121 Y89.824 E.00273
G1 X156.059 Y89.807 E.00273
G1 X156.043 Y89.745 E.00272
G1 X156.088 Y89.7 E.0027
G1 E-8 F1500
G1 Z.92 F3000
G1 X158.043 Y90.853 F12000
G1 Z.72 F3000
G1 E8 F1500
;WIDTH:0.59015
G1 F2741.078
G1 X158.734 Y91.438 E.0412
;WIDTH:0.626876
G1 F2568.687
G1 X158.962 Y91.64 E.01479
;WIDTH:0.663602
G1 F2416.697
G1 X159.19 Y91.842 E.01572
;WIDTH:0.697027
G1 F2293.203
G1 X159.505 Y92.134 E.02336
;WIDTH:0.730452
G1 F2181.717
G1 X159.821 Y92.425 E.02456
;WIDTH:0.753666
G1 F2110.459
G1 X161.074 Y93.679 E.10477
;WIDTH:0.730482
G1 F2181.621
G1 X161.375 Y94.004 E.02533
;WIDTH:0.695648
G1 F2298.048
G1 X161.676 Y94.33 E.02408
;WIDTH:0.660814
G1 F2427.601
G1 X161.872 Y94.553 E.01525
;WIDTH:0.62485
G1 F2577.633
G1 X162.068 Y94.777 E.0144
;WIDTH:0.588885
G1 F2747.431
G1 X162.264 Y95 E.01348
;LAYER_CHANGE
;Z:0.92
;HEIGHT:0.2

G1 E-8 F1500
G1 Z.92 F3000
;AFTER_LAYER_CHANGE
;0.92
G92 E0
_ON_LAYER_CHANGE LAYER=4
G1 Z1.12
G1 X148.508 Y85.339 F12000
G1 Z.92 F3000
G1 E8 F1500
;TYPE:External perimeter
;WIDTH:0.674999
G1 F2373.121
G1 X148.555 Y85.338 E.00247
G1 X149.529 Y85.365 E.05121
G1 X150.555 Y85.445 E.05409
G1 X151.576 Y85.58 E.05413
G1 X152.589 Y85.768 E.05415
G1 X153.255 Y85.921 E.03592
G1 X154.249 Y86.197 E.05422
G1 X155.225 Y86.523 E.05408
G1 X156.183 Y86.901 E.05413
G1 X157.119 Y87.328 E.05407
G1 X158.033 Y87.803 E.05414
G1 X158.921 Y88.326 E.05416
G1 X159.495 Y88.699 E.03598
G1 X160.056 Y89.092 E.036
G1 X160.874 Y89.719 E.05417
G1 X161.657 Y90.388 E.05413
G1 X162.404 Y91.098 E.05417
G1 X162.879 Y91.589 E.03591
G1 X163.562 Y92.361 E.05417
G1 X164.203 Y93.167 E.05412
G1 X164.801 Y94.005 E.05411
G1 X165.354 Y94.873 E.05409
G1 X165.862 Y95.77 E.05418
G1 X166.172 Y96.379 E.03592
G1 X166.6 Y97.318 E.05424
G1 X166.876 Y98.005 E.03891
G1 X167.2 Y98.924 E.05121
G1 X167.492 Y99.911 E.0541
G1 X167.733 Y100.912 E.05411
G1 X167.92 Y101.924 E.05409
G1 X168.055 Y102.945 E.05413
G1 X168.135 Y103.971 E.05409
G1 X168.162 Y105 E.0541
G1 X168.135 Y106.03 E.05415
G1 X168.088 Y106.712 E.03593
G1 X167.971 Y107.736 E.05417
G1 X167.801 Y108.752 E.05414
G1 X167.578 Y109.757 E.05411
G1 X167.303 Y110.749 E.0541
G1 X166.977 Y111.725 E.05408
G1 X166.599 Y112.684 E.05418
G1 X166.321 Y113.308 E.0359
G1 X165.861 Y114.231 E.0542
G1 X165.354 Y115.127 E.05411
G1 X164.8 Y115.996 E.05416
G1 X164.408 Y116.556 E.03593
G1 X163.781 Y117.374 E.05417
G1 X163.112 Y118.157 E.05413
G1 X162.402 Y118.904 E.05417
G1 X161.911 Y119.379 E.03591
G1 X161.139 Y120.062 E.05417
G1 X160.333 Y120.703 E.05412
G1 X159.494 Y121.302 E.05418
G1 X158.921 Y121.674 E.03591
G1 X158.032 Y122.197 E.05421
G1 X157.119 Y122.672 E.05409
G1 X156.183 Y123.099 E.05407
G1 X155.225 Y123.477 E.05413
G1 X154.247 Y123.804 E.0542
G1 X153.59 Y123.992 E.03592
G1 X152.588 Y124.233 E.05416
G1 X151.576 Y124.42 E.05409
G1 X150.555 Y124.555 E.05413
G1 X149.529 Y124.635 E.05409
G1 X148.5 Y124.662 E.0541
G1 X147.47 Y124.635 E.05415
G1 X146.788 Y124.588 E.03593
G1 X145.764 Y124.471 E.05417
G1 X144.747 Y124.301 E.05419
G1 X144.078 Y124.159 E.03594
G1 X143.08 Y123.901 E.05418
G1 X142.099 Y123.591 E.05407
G1 X141.134 Y123.231 E.05413
G1 X140.19 Y122.82 E.05411
G1 X139.269 Y122.361 E.05408
G1 X138.373 Y121.854 E.05411
G1 X137.505 Y121.301 E.05409
G1 X136.666 Y120.702 E.05418
G1 X136.083 Y120.245 E.03893
G1 X135.343 Y119.612 E.05118
G1 X134.597 Y118.903 E.05409
G1 X133.887 Y118.156 E.05417
G1 X133.403 Y117.596 E.0389
G1 X132.797 Y116.833 E.05121
G1 X132.199 Y115.995 E.05411
G1 X131.646 Y115.127 E.05409
G1 X131.139 Y114.231 E.05411
G1 X130.679 Y113.309 E.05415
G1 X130.38 Y112.632 E.0389
G1 X130.023 Y111.725 E.05123
G1 X129.697 Y110.749 E.05408
G1 X129.422 Y109.757 E.0541
G1 X129.199 Y108.752 E.05411
G1 X129.029 Y107.735 E.05419
G1 X128.94 Y107 E.03891
G1 X128.865 Y106.029 E.05119
G1 X128.838 Y105 E.0541
G1 X128.865 Y103.97 E.05415
G1 X128.918 Y103.231 E.03894
G1 X129.029 Y102.264 E.05116
G1 X129.199 Y101.248 E.05414
G1 X129.422 Y100.243 E.05411
G1 X129.697 Y99.25 E.05415
G1 X129.927 Y98.546 E.03893
G1 X130.269 Y97.635 E.05114
G1 X130.68 Y96.689 E.05421
G1 X131.006 Y96.024 E.03892
G1 X131.472 Y95.169 E.05118
G1 X132.01 Y94.291 E.05412
G1 X132.593 Y93.443 E.05409
G1 X133.219 Y92.626 E.0541
G1 X133.888 Y91.843 E.05413
G1 X134.597 Y91.097 E.05409
G1 X135.343 Y90.388 E.05409
G1 X136.126 Y89.719 E.05413
G1 X136.944 Y89.092 E.05417
G1 X137.551 Y88.669 E.03888
G1 X138.373 Y88.146 E.05121
G1 X139.269 Y87.639 E.05411
G1 X140.19 Y87.18 E.05408
G1 X141.136 Y86.769 E.05421
G1 X141.774 Y86.524 E.03592
G1 X142.751 Y86.197 E.05415
G1 X143.743 Y85.922 E.0541
G1 X144.748 Y85.699 E.05411
G1 X145.764 Y85.529 E.05414
G1 X146.786 Y85.412 E.05406
G1 X147.815 Y85.35 E.05418
G1 X148.478 Y85.339 E.03485
G1 X149.078 Y85.352 F12000
G1 X148.502 Y86.034
;TYPE:Perimeter
G1 E-10F1500
G1 F12000.0
T1
G1 E20F1500
;WIDTH:0.799999
G1 F1981.299
G1 X148.551 Y86.033 E.00309
G1 X149.492 Y86.058 E.05926
G1 X150.483 Y86.136 E.06258
G1 X151.467 Y86.266 E.06248
G1 X152.448 Y86.448 E.06281
G1 X153.084 Y86.595 E.04109
G1 X154.046 Y86.861 E.06283
G1 X154.987 Y87.176 E.06247
G1 X155.911 Y87.54 E.06252
G1 X156.815 Y87.952 E.06254
G1 X157.696 Y88.411 E.06254
G1 X158.555 Y88.917 E.06276
G1 X159.107 Y89.275 E.04142
G1 X159.645 Y89.652 E.04136
G1 X160.437 Y90.259 E.06282
G1 X161.192 Y90.904 E.06251
G1 X161.915 Y91.591 E.06278
G1 X162.369 Y92.061 E.04114
G1 X163.03 Y92.808 E.06279
G1 X163.648 Y93.585 E.0625
G1 X164.225 Y94.393 E.0625
G1 X164.758 Y95.231 E.06252
G1 X165.25 Y96.099 E.06281
G1 X165.546 Y96.681 E.0411
G1 X165.809 Y97.258 E.03992
G1 X166.098 Y97.932 E.04617
G1 X166.379 Y98.685 E.0506
G1 X166.68 Y99.615 E.06153
G1 X166.937 Y100.574 E.0625
G1 X167.144 Y101.545 E.0625
G1 X167.299 Y102.525 E.06246
G1 X167.403 Y103.512 E.06248
G1 X167.468 Y105 E.09376
G1 X167.441 Y105.997 E.06279
G1 X167.396 Y106.649 E.04114
G1 X167.283 Y107.64 E.06279
G1 X167.119 Y108.619 E.06249
G1 X166.904 Y109.589 E.06254
G1 X166.639 Y110.546 E.06251
G1 X166.324 Y111.487 E.06247
G1 X165.958 Y112.415 E.0628
G1 X165.692 Y113.012 E.04114
G1 X165.247 Y113.905 E.06281
G1 X164.758 Y114.769 E.0625
G1 X164.222 Y115.61 E.06278
G1 X163.848 Y116.145 E.04109
G1 X163.241 Y116.937 E.06282
G1 X162.596 Y117.692 E.06251
G1 X161.909 Y118.415 E.06278
G1 X161.439 Y118.869 E.04114
G1 X160.692 Y119.53 E.06279
G1 X159.915 Y120.148 E.0625
G1 X159.103 Y120.727 E.06278
G1 X158.555 Y121.083 E.04114
G1 X157.696 Y121.589 E.06276
G1 X156.815 Y122.048 E.06254
G1 X155.911 Y122.46 E.06254
G1 X154.987 Y122.824 E.06252
G1 X154.041 Y123.14 E.06279
G1 X153.414 Y123.32 E.04106
G1 X152.444 Y123.553 E.0628
G1 X151.467 Y123.734 E.06255
G1 X150.483 Y123.864 E.06248
G1 X149.493 Y123.942 E.06251
G1 X148.5 Y123.968 E.06253
G1 X147.503 Y123.941 E.06279
G1 X146.851 Y123.896 E.04114
G1 X145.86 Y123.783 E.06279
G1 X144.876 Y123.618 E.06281
G1 X144.238 Y123.483 E.04105
G1 X143.272 Y123.233 E.06281
G1 X142.325 Y122.934 E.06252
G1 X141.395 Y122.586 E.06251
G1 X140.484 Y122.19 E.06253
G1 X139.595 Y121.747 E.06253
G1 X138.731 Y121.258 E.0625
G1 X137.893 Y120.725 E.06252
G1 X137.082 Y120.146 E.06273
G1 X136.524 Y119.708 E.04466
G1 X135.809 Y119.096 E.05925
G1 X135.088 Y118.412 E.06256
G1 X134.402 Y117.689 E.06274
G1 X133.937 Y117.153 E.04467
G1 X133.352 Y116.415 E.05928
G1 X132.775 Y115.607 E.0625
G1 X132.242 Y114.769 E.06252
G1 X131.753 Y113.905 E.0625
G1 X131.308 Y113.013 E.06275
G1 X131.021 Y112.364 E.04467
G1 X130.676 Y111.488 E.05927
G1 X130.361 Y110.546 E.06253
G1 X130.096 Y109.589 E.06251
G1 X129.881 Y108.619 E.06254
G1 X129.716 Y107.636 E.06275
G1 X129.631 Y106.932 E.04464
G1 X129.558 Y105.993 E.05929
G1 X129.532 Y105 E.06253
G1 X129.559 Y104.004 E.06272
G1 X129.609 Y103.296 E.04468
G1 X129.717 Y102.361 E.05925
G1 X129.881 Y101.381 E.06255
G1 X130.096 Y100.411 E.06254
G1 X130.362 Y99.451 E.06271
G1 X130.583 Y98.776 E.04471
G1 X130.913 Y97.895 E.05922
G1 X131.311 Y96.981 E.06276
G1 X131.623 Y96.343 E.04471
G1 X132.073 Y95.517 E.05921
G1 X132.592 Y94.67 E.06253
G1 X133.155 Y93.851 E.06256
G1 X133.759 Y93.063 E.0625
G1 X134.404 Y92.308 E.06251
G1 X135.088 Y91.588 E.06252
G1 X135.808 Y90.904 E.06252
G1 X136.563 Y90.259 E.06251
G1 X137.354 Y89.653 E.06273
G1 X137.936 Y89.247 E.04467
G1 X138.73 Y88.742 E.05924
G1 X139.595 Y88.253 E.06255
G1 X140.484 Y87.81 E.06253
G1 X141.399 Y87.412 E.06281
G1 X142.008 Y87.178 E.04107
G1 X142.954 Y86.861 E.06281
G1 X143.911 Y86.596 E.06251
G1 X144.881 Y86.381 E.06254
G1 X145.86 Y86.217 E.06249
G1 X146.847 Y86.105 E.06253
G1 X147.841 Y86.044 E.06269
G1 X148.472 Y86.034 E.03973
G1 X148.496 Y86.791 F12000
G1 F1981.299
G1 X148.547 Y86.79 E.00321
G1 X149.452 Y86.815 E.05699
G1 X150.403 Y86.89 E.06005
G1 X151.349 Y87.014 E.06006
G1 X152.294 Y87.189 E.0605
G1 X152.898 Y87.329 E.03903
G1 X153.824 Y87.585 E.06048
G1 X154.728 Y87.888 E.06002
G1 X155.615 Y88.237 E.06
G1 X156.483 Y88.633 E.06006
G1 X157.329 Y89.073 E.06003
G1 X158.157 Y89.561 E.0605
G1 X158.683 Y89.903 E.0395
G1 X159.197 Y90.263 E.0395
G1 X159.96 Y90.848 E.06052
G1 X160.685 Y91.467 E.06001
G1 X161.382 Y92.129 E.06051
G1 X161.813 Y92.575 E.03904
G1 X162.45 Y93.295 E.06052
G1 X163.043 Y94.041 E.05999
G1 X163.597 Y94.817 E.06002
G1 X164.109 Y95.621 E.06
G1 X164.583 Y96.458 E.06055
G1 X164.864 Y97.01 E.03899
G1 X165.12 Y97.572 E.03888
G1 X165.395 Y98.215 E.04402
G1 X165.665 Y98.937 E.04853
G1 X165.954 Y99.83 E.05909
G1 X166.201 Y100.75 E.05997
G1 X166.399 Y101.683 E.06004
G1 X166.548 Y102.624 E.05998
G1 X166.648 Y103.572 E.06001
G1 X166.71 Y105 E.08998
G1 X166.685 Y105.961 E.06052
G1 X166.642 Y106.579 E.039
G1 X166.533 Y107.534 E.06051
G1 X166.376 Y108.475 E.06006
G1 X166.169 Y109.405 E.05998
G1 X165.915 Y110.324 E.06002
G1 X165.612 Y111.228 E.06002
G1 X165.26 Y112.123 E.06054
G1 X165.008 Y112.689 E.039
M73 P22 R13
G1 X164.579 Y113.549 E.0605
G1 X164.109 Y114.379 E.06005
G1 X163.593 Y115.19 E.06051
G1 X163.237 Y115.698 E.03905
G1 X162.652 Y116.46 E.06047
G1 X162.033 Y117.185 E.06001
G1 X161.371 Y117.882 E.06051
G1 X160.925 Y118.313 E.03904
G1 X160.205 Y118.95 E.06052
G1 X159.459 Y119.543 E.05999
G1 X158.677 Y120.102 E.06051
G1 X158.157 Y120.439 E.03901
G1 X157.328 Y120.927 E.06056
G1 X156.483 Y121.367 E.05997
G1 X155.615 Y121.763 E.06006
G1 X154.728 Y122.112 E.06
G1 X153.817 Y122.417 E.06048
G1 X153.221 Y122.588 E.03903
G1 X152.286 Y122.812 E.06053
G1 X151.349 Y122.986 E.05999
G1 X150.403 Y123.11 E.06006
G1 X149.453 Y123.185 E.05999
G1 X148.5 Y123.21 E.06001
G1 X147.539 Y123.185 E.06052
G1 X146.921 Y123.142 E.039
G1 X145.966 Y123.033 E.06051
G1 X145.018 Y122.874 E.06051
G1 X144.411 Y122.745 E.03906
G1 X143.481 Y122.505 E.06046
G1 X142.571 Y122.218 E.06007
G1 X141.678 Y121.884 E.06002
G1 X140.804 Y121.504 E.05999
G1 X139.951 Y121.079 E.05999
G1 X139.121 Y120.609 E.06005
G1 X138.317 Y120.097 E.06
G1 X137.536 Y119.54 E.06039
G1 X137.004 Y119.122 E.04259
G1 X136.316 Y118.533 E.05701
G1 X135.623 Y117.877 E.06007
G1 X134.963 Y117.181 E.06038
G1 X134.52 Y116.669 E.04262
G1 X133.957 Y115.96 E.05699
G1 X133.403 Y115.183 E.06007
G1 X132.891 Y114.379 E.06
G1 X132.421 Y113.549 E.06005
G1 X131.993 Y112.691 E.06036
G1 X131.719 Y112.072 E.04261
G1 X131.388 Y111.229 E.05701
G1 X131.085 Y110.324 E.06008
G1 X130.831 Y109.406 E.05996
G1 X130.624 Y108.475 E.06004
G1 X130.466 Y107.528 E.06044
G1 X130.385 Y106.857 E.04255
G1 X130.315 Y105.954 E.05702
G1 X130.29 Y105 E.06008
G1 X130.315 Y104.041 E.06039
G1 X130.363 Y103.366 E.0426
G1 X130.467 Y102.467 E.05697
G1 X130.624 Y101.525 E.06012
G1 X130.831 Y100.595 E.05998
G1 X131.087 Y99.67 E.06042
G1 X131.297 Y99.027 E.04258
G1 X131.615 Y98.179 E.05701
G1 X131.998 Y97.298 E.06047
G1 X132.296 Y96.691 E.04257
G1 X132.729 Y95.896 E.05699
G1 X133.228 Y95.082 E.0601
G1 X133.768 Y94.296 E.06003
G1 X134.348 Y93.54 E.05998
G1 X134.967 Y92.815 E.06001
G1 X135.623 Y92.123 E.06003
G1 X136.315 Y91.467 E.06003
G1 X137.04 Y90.848 E.06001
G1 X137.801 Y90.264 E.06039
G1 X138.356 Y89.877 E.04259
G1 X139.12 Y89.391 E.057
G1 X139.951 Y88.921 E.0601
G1 X140.804 Y88.496 E.05999
G1 X141.685 Y88.113 E.06047
G1 X142.264 Y87.89 E.03906
G1 X143.176 Y87.585 E.06054
G1 X144.095 Y87.331 E.06002
G1 X145.025 Y87.124 E.05998
G1 X145.966 Y86.967 E.06006
G1 X146.913 Y86.859 E.06
G1 X147.87 Y86.801 E.06036
G1 X148.466 Y86.791 E.03752
G1 X148.489 Y87.548 F12000
G1 F1981.299
G1 X148.542 Y87.547 E.00334
G1 X149.412 Y87.571 E.05479
G1 X150.324 Y87.643 E.05759
G1 X151.23 Y87.762 E.05752
G1 X152.14 Y87.931 E.05827
G1 X152.712 Y88.063 E.03695
G1 X153.603 Y88.31 E.05821
G1 X154.469 Y88.6 E.05749
G1 X155.319 Y88.935 E.05751
G1 X156.151 Y89.313 E.05753
G1 X156.961 Y89.735 E.0575
G1 X157.758 Y90.205 E.05825
G1 X158.26 Y90.53 E.03765
G1 X158.75 Y90.874 E.03769
G1 X159.483 Y91.437 E.05818
G1 X160.178 Y92.03 E.05751
G1 X160.849 Y92.667 E.05824
G1 X161.257 Y93.089 E.03695
G1 X161.87 Y93.781 E.0582
G1 X162.439 Y94.497 E.05757
G1 X162.969 Y95.24 E.05745
G1 X163.46 Y96.011 E.05754
G1 X163.915 Y96.816 E.05821
G1 X164.182 Y97.339 E.03697
G1 X164.431 Y97.886 E.03783
G1 X164.693 Y98.497 E.04185
G1 X164.951 Y99.189 E.04649
G1 X165.228 Y100.045 E.05664
G1 X165.465 Y100.927 E.05749
G1 X165.655 Y101.821 E.05754
G1 X165.798 Y102.723 E.05749
G1 X165.893 Y103.631 E.05747
G1 X165.953 Y105 E.08626
G1 X165.929 Y105.924 E.05819
G1 X165.888 Y106.51 E.03698
G1 X165.783 Y107.429 E.05823
G1 X165.632 Y108.33 E.05751
G1 X165.434 Y109.222 E.05752
G1 X165.19 Y110.103 E.05755
G1 X164.9 Y110.969 E.05749
G1 X164.561 Y111.83 E.05825
G1 X164.323 Y112.366 E.03692
G1 X163.91 Y113.194 E.05825
G1 X163.46 Y113.989 E.05751
G1 X162.963 Y114.769 E.05822
G1 X162.626 Y115.25 E.03697
G1 X162.063 Y115.983 E.05818
G1 X161.47 Y116.678 E.05751
G1 X160.833 Y117.349 E.05824
G1 X160.411 Y117.757 E.03695
G1 X159.718 Y118.37 E.05824
G1 X159.003 Y118.938 E.05748
G1 X158.25 Y119.476 E.05826
G1 X157.758 Y119.795 E.03691
G1 X156.961 Y120.265 E.05825
G1 X156.151 Y120.687 E.0575
G1 X155.319 Y121.065 E.05753
G1 X154.469 Y121.4 E.05751
G1 X153.592 Y121.694 E.05823
G1 X153.028 Y121.856 E.03694
G1 X152.129 Y122.071 E.05819
G1 X151.23 Y122.238 E.05756
G1 X150.324 Y122.357 E.05752
G1 X149.413 Y122.429 E.05753
G1 X148.5 Y122.453 E.05749
G1 X147.576 Y122.429 E.05819
G1 X146.99 Y122.388 E.03698
G1 X146.071 Y122.283 E.05823
G1 X145.159 Y122.13 E.05821
G1 X144.585 Y122.008 E.03694
G1 X143.689 Y121.777 E.05825
G1 X142.818 Y121.502 E.0575
G1 X141.962 Y121.182 E.05753
G1 X141.124 Y120.818 E.05751
G1 X140.306 Y120.41 E.05754
G1 X139.511 Y119.96 E.05751
G1 X138.74 Y119.469 E.05754
G1 X137.99 Y118.934 E.05799
G1 X137.484 Y118.537 E.04049
G1 X136.823 Y117.971 E.05478
G1 X136.159 Y117.341 E.05762
G1 X135.524 Y116.672 E.05807
G1 X135.103 Y116.186 E.04048
G1 X134.562 Y115.504 E.0548
G1 X134.031 Y114.76 E.05754
G1 X133.54 Y113.989 E.05754
G1 X133.09 Y113.194 E.05751
G1 X132.678 Y112.368 E.05811
G1 X132.418 Y111.78 E.04047
G1 X132.1 Y110.97 E.05478
G1 X131.81 Y110.103 E.05755
G1 X131.566 Y109.222 E.05755
G1 X131.368 Y108.33 E.05752
G1 X131.216 Y107.42 E.05808
G1 X131.138 Y106.782 E.04046
G1 X131.071 Y105.915 E.05474
G1 X131.047 Y105 E.05762
G1 X131.071 Y104.078 E.05806
G1 X131.117 Y103.437 E.04046
G1 X131.217 Y102.572 E.05482
G1 X131.368 Y101.67 E.05757
G1 X131.566 Y100.778 E.05752
G1 X131.812 Y99.889 E.05807
G1 X132.012 Y99.278 E.04047
G1 X132.317 Y98.463 E.05478
G1 X132.686 Y97.616 E.05816
G1 X132.969 Y97.039 E.04046
G1 X133.385 Y96.275 E.05476
G1 X133.863 Y95.494 E.05764
G1 X134.38 Y94.741 E.0575
G1 X134.937 Y94.017 E.0575
G1 X135.53 Y93.322 E.05751
G1 X136.159 Y92.659 E.05753
G1 X136.822 Y92.03 E.05753
G1 X137.517 Y91.437 E.05751
G1 X138.248 Y90.875 E.05805
G1 X138.776 Y90.507 E.04051
G1 X139.51 Y90.041 E.05473
G1 X140.306 Y89.59 E.05759
G1 X141.124 Y89.182 E.05754
G1 X141.972 Y88.814 E.05819
G1 X142.52 Y88.603 E.03697
G1 X143.397 Y88.31 E.05821
G1 X144.278 Y88.066 E.05755
G1 X145.17 Y87.868 E.05752
G1 X146.071 Y87.717 E.05751
G1 X146.979 Y87.614 E.05753
G1 X147.899 Y87.557 E.05803
G1 X148.459 Y87.549 E.03526
G1 E-8 F1500
G1 Z1.12 F3000
G1 X137.046 Y92.279 F12000
G1 Z.92 F3000
G1 E8 F1500
;TYPE:Solid infill
G1 E-10F1500
G1 F12000.0
T0
G1 E16F1500
G1 F12000.0
;WIDTH:0.55292
G1 F2941.177
G1 X135.779 Y93.546 E.07598
G1 X136.82 Y92.5 E.06258
G1 E-8 F1500
G1 Z1.12 F3000
G1 X139.55 Y90.563 F12000
G1 Z.92 F3000
G1 E8 F1500
G1 F2941.177
G1 X139.505 Y90.518 E.0027
G1 X139.443 Y90.534 E.00272
G1 X139.427 Y90.596 E.00272
G1 X139.472 Y90.641 E.0027
G1 X139.534 Y90.624 E.00273
;WIDTH:0.593613
G1 F2723.841
G1 X139.37 Y90.729 E.00892
;WIDTH:0.634306
G1 F2536.414
G1 X139.206 Y90.833 E.00955
;WIDTH:0.674999
G1 F2373.121
G1 X139.042 Y90.938 E.01023
G1 X134.456 Y95.524 E.34087
G1 X134.356 Y95.667 E.00917
;WIDTH:0.634664
G1 F2534.88
G1 X134.256 Y95.811 E.00863
;WIDTH:0.594329
G1 F2720.304
G1 X134.156 Y95.954 E.008
;WIDTH:0.553994
G1 F2934.996
G1 X134.111 Y95.909 E.0027
G1 X134.049 Y95.925 E.00272
G1 X134.033 Y95.987 E.00272
G1 X134.078 Y96.032 E.0027
G1 X134.14 Y96.016 E.00272
G1 E-8 F1500
G1 Z1.12 F3000
G1 X132.991 Y98.064 F12000
G1 Z.92 F3000
G1 E8 F1500
;WIDTH:0.55292
G1 F2941.177
G1 X132.946 Y98.019 E.0027
G1 X132.885 Y98.035 E.00267
G1 X132.868 Y98.097 E.00273
G1 X132.913 Y98.142 E.0027
G1 X132.975 Y98.125 E.00273
;WIDTH:0.593613
G1 F2723.841
G1 X133.063 Y97.961 E.00852
;WIDTH:0.634306
G1 F2536.414
G1 X133.152 Y97.797 E.00918
;WIDTH:0.674999
G1 F2373.121
G1 X133.24 Y97.633 E.00978
G1 X141.129 Y89.745 E.58633
G1 E-8 F1500
G1 Z1.12 F3000
G1 X143.193 Y88.787 F12000
G1 Z.92 F3000
G1 E8 F1500
;WIDTH:0.55292
G1 F2941.177
G1 X143.148 Y88.742 E.0027
G1 X143.086 Y88.758 E.00272
G1 X143.07 Y88.82 E.00272
G1 X143.115 Y88.865 E.0027
G1 X143.176 Y88.848 E.00269
;WIDTH:0.593613
G1 F2723.841
G1 X143.013 Y88.926 E.00827
;WIDTH:0.634306
G1 F2536.414
G1 X142.85 Y89.003 E.00886
;WIDTH:0.674999
G1 F2373.121
G1 X142.687 Y89.08 E.00947
G1 X132.589 Y99.178 E.75056
G1 X132.516 Y99.322 E.00849
M73 P23 R13
;WIDTH:0.634306
G1 F2536.414
G1 X132.443 Y99.465 E.0079
;WIDTH:0.593613
G1 F2723.841
G1 X132.37 Y99.609 E.00739
;WIDTH:0.55292
G1 F2941.177
G1 X132.325 Y99.564 E.0027
G1 X132.263 Y99.58 E.00272
G1 X132.247 Y99.642 E.00272
G1 X132.292 Y99.687 E.0027
G1 X132.353 Y99.67 E.00269
G1 E-8 F1500
G1 Z1.12 F3000
G1 X131.639 Y101.668 F12000
G1 Z.92 F3000
G1 E8 F1500
G1 F2941.177
G1 X131.856 Y100.741 E.04037
;WIDTH:0.593613
G1 F2723.841
G1 X131.961 Y100.658 E.00613
;WIDTH:0.634306
G1 F2536.414
G1 X132.065 Y100.575 E.00654
;WIDTH:0.674999
G1 F2373.121
G1 X132.169 Y100.492 E.00699
G1 X143.992 Y88.669 E.87878
G1 X144.24 Y88.359 E.02087
;WIDTH:0.55292
G1 F2941.177
G1 X145.093 Y88.157 E.03717
;WIDTH:0.593613
G1 F2723.841
G1 X145.118 Y88.233 E.00366
;WIDTH:0.634306
G1 F2536.414
G1 X145.144 Y88.309 E.00395
;WIDTH:0.674999
G1 F2373.121
G1 X145.17 Y88.385 E.00422
G1 X131.885 Y101.67 E.98744
G1 X131.706 Y102.743 E.05717
G1 X146.243 Y88.206 E1.0805
G1 X147.239 Y88.104 E.05262
G1 X131.602 Y103.741 E1.16226
G1 X131.561 Y104.676 E.04919
G1 X148.175 Y88.062 E1.23488
G1 X149.064 Y88.067 E.04672
G1 X131.567 Y105.563 E1.30047
G1 X131.616 Y106.408 E.04449
G1 X149.908 Y88.117 E1.35956
G1 X150.715 Y88.204 E.04266
G1 X131.7 Y107.218 E1.4133
G1 X131.823 Y107.989 E.04103
G1 X151.489 Y88.324 E1.46169
G1 X152.235 Y88.471 E.03996
G1 X131.974 Y108.732 E1.50595
G1 X132.152 Y109.448 E.03878
G1 X152.948 Y88.652 E1.54572
G1 X153.639 Y88.855 E.03785
G1 X132.355 Y110.139 E1.58199
G1 X132.579 Y110.809 E.03713
G1 X154.309 Y89.079 E1.61514
G1 X154.95 Y89.332 E.03622
G1 X132.831 Y111.45 E1.64402
G1 X133.101 Y112.075 E.03578
M73 P24 R13
G1 X155.571 Y89.605 E1.67014
G1 X156.174 Y89.895 E.03517
G1 X133.396 Y112.674 E1.69307
G1 X133.706 Y113.257 E.0347
G1 X156.76 Y90.203 E1.71355
G1 X157.323 Y90.535 E.03435
G1 X134.034 Y113.824 E1.73102
G1 X134.382 Y114.37 E.03403
G1 X157.871 Y90.88 E1.74592
G1 X158.4 Y91.245 E.03378
G1 X134.749 Y114.896 E1.75792
G1 X135.131 Y115.408 E.03357
G1 X158.908 Y91.632 E1.76725
G1 X159.402 Y92.031 E.03337
G1 X135.528 Y115.905 E1.7745
G1 X135.945 Y116.382 E.0333
G1 X159.882 Y92.445 E1.77918
G1 X160.34 Y92.88 E.0332
G1 X136.38 Y116.84 E1.78089
G1 X136.832 Y117.283 E.03326
G1 X160.786 Y93.329 E1.78044
G1 X161.21 Y93.799 E.03327
M73 P25 R13
G1 X137.297 Y117.712 E1.7774
G1 X137.779 Y118.124 E.03333
G1 X161.621 Y94.281 E1.77216
G1 X162.017 Y94.779 E.03344
M73 P25 R12
G1 X138.278 Y118.518 E1.76446
G1 X138.8 Y118.891 E.03372
G1 X162.391 Y95.3 E1.75346
G1 X162.749 Y95.835 E.03383
G1 X139.335 Y119.249 E1.74031
G1 X139.886 Y119.592 E.03411
G1 X163.092 Y96.386 E1.72485
G1 X163.415 Y96.957 E.03448
G1 X140.457 Y119.915 E1.70641
G1 X141.05 Y120.216 E.03495
G1 X163.72 Y97.546 E1.68501
G1 X164 Y98.159 E.03542
G1 X141.66 Y120.5 E1.66052
G1 X142.289 Y120.765 E.03587
G1 X164.265 Y98.788 E1.63346
G1 X164.505 Y99.443 E.03666
G1 X142.94 Y121.008 E1.60288
G1 X143.617 Y121.224 E.03735
G1 X164.723 Y100.118 E1.56876
G1 X164.919 Y100.817 E.03815
M73 P26 R12
G1 X144.318 Y121.417 E1.53119
G1 X145.041 Y121.589 E.03906
G1 X165.089 Y101.54 E1.49016
G1 X165.229 Y102.294 E.04031
G1 X145.798 Y121.725 E1.44426
G1 X146.584 Y121.833 E.0417
G1 X165.335 Y103.082 E1.39372
G1 X165.408 Y103.903 E.04332
G1 X147.401 Y121.91 E1.33842
G1 X148.264 Y121.941 E.04539
G1 X165.441 Y104.764 E1.27673
G1 X165.43 Y105.669 E.04757
G1 X149.169 Y121.93 E1.20864
G1 X150.127 Y121.866 E.05046
G1 X165.366 Y106.627 E1.13268
G1 X165.233 Y107.653 E.05438
G1 X151.147 Y121.739 E1.04698
G1 E-8 F1500
G1 Z1.12 F3000
G1 X153.226 Y121.514 F12000
G1 Z.92 F3000
G1 E8 F1500
;WIDTH:0.55292
G1 F2941.177
G1 X152.073 Y121.812 E.0505
;WIDTH:0.593613
G1 F2723.841
G1 X152.135 Y121.715 E.00527
;WIDTH:0.634306
G1 F2536.414
G1 X152.198 Y121.618 E.00569
;WIDTH:0.674999
G1 F2373.121
G1 X152.26 Y121.52 E.00609
G1 X165.019 Y108.761 E.94835
G1 X164.701 Y109.974 E.06591
G1 X153.474 Y121.201 E.83448
G1 X154.466 Y121.032 E.05289
;WIDTH:0.55292
G1 F2941.177
G1 X154.405 Y121.048 E.00267
G1 X154.359 Y121.003 E.00273
G1 X154.376 Y120.942 E.00269
G1 X154.438 Y120.925 E.00273
G1 X154.483 Y120.97 E.0027
;WIDTH:0.593613
G1 F2723.841
G1 X154.611 Y120.88 E.00716
;WIDTH:0.634306
G1 F2536.414
G1 X154.74 Y120.79 E.00773
;WIDTH:0.674999
G1 F2373.121
G1 X154.868 Y120.7 E.00822
G1 X164.2 Y111.368 E.69363
G1 X164.313 Y111.234 E.00921
;WIDTH:0.634306
G1 F2536.414
G1 X164.426 Y111.1 E.00862
;WIDTH:0.593613
G1 F2723.841
G1 X164.538 Y110.966 E.008
;WIDTH:0.55292
G1 F2941.177
G1 X164.477 Y110.983 E.00269
G1 X164.432 Y110.938 E.0027
G1 X164.448 Y110.876 E.00272
G1 X164.51 Y110.859 E.00273
G1 X164.555 Y110.905 E.00273
G1 E-8 F1500
G1 Z1.12 F3000
G1 X163.796 Y112.59 F12000
G1 Z.92 F3000
G1 E8 F1500
G1 F2941.177
G1 X163.751 Y112.545 E.0027
G1 X163.689 Y112.561 E.00272
G1 X163.673 Y112.623 E.00272
G1 X163.718 Y112.668 E.0027
G1 X163.779 Y112.651 E.00269
;WIDTH:0.593613
G1 F2723.841
G1 X163.656 Y112.785 E.00833
;WIDTH:0.634306
G1 F2536.414
G1 X163.532 Y112.919 E.00898
;WIDTH:0.674999
G1 F2373.121
G1 X156.556 Y119.906 E.51892
G1 X156.428 Y120.007 E.00857
;WIDTH:0.634306
G1 F2536.414
G1 X156.299 Y120.109 E.00809
;WIDTH:0.593613
G1 F2723.841
G1 X156.171 Y120.21 E.00747
;WIDTH:0.55292
G1 F2941.177
G1 X156.126 Y120.165 E.0027
G1 X156.064 Y120.182 E.00273
G1 X156.048 Y120.243 E.00267
G1 X156.093 Y120.288 E.0027
G1 X156.154 Y120.272 E.00267
G1 E-8 F1500
G1 Z1.12 F3000
M73 P27 R12
G1 X158.033 Y119.156 F12000
G1 Z.92 F3000
G1 E8 F1500
;WIDTH:0.588348
G1 F2750.134
G1 X158.725 Y118.569 E.04115
;WIDTH:0.621971
G1 F2590.447
G1 X158.947 Y118.372 E.01429
;WIDTH:0.655594
G1 F2448.287
G1 X159.168 Y118.174 E.01512
;WIDTH:0.689216
G1 F2320.918
G1 X159.389 Y117.977 E.01591
;WIDTH:0.716703
G1 F2226.236
G1 X159.717 Y117.669 E.02521
;WIDTH:0.74419
G1 F2138.977
G1 X160.045 Y117.36 E.02628
;WIDTH:0.754022
G1 F2109.402
G1 X161.074 Y116.321 E.08646
;WIDTH:0.730482
G1 F2181.621
G1 X161.375 Y115.996 E.02533
;WIDTH:0.695645
G1 F2298.058
G1 X161.676 Y115.67 E.02408
;WIDTH:0.660808
G1 F2427.625
G1 X161.875 Y115.443 E.01551
;WIDTH:0.624846
G1 F2577.65
G1 X162.074 Y115.217 E.01457
;WIDTH:0.588883
G1 F2747.441
G1 X162.272 Y114.99 E.01367
;LAYER_CHANGE
;Z:1.12
;HEIGHT:0.2

G1 E-8 F1500
G1 Z1.12 F3000
;AFTER_LAYER_CHANGE
;1.12
G92 E0
_ON_LAYER_CHANGE LAYER=5
G1 Z1.32
G1 X148.508 Y85.339 F12000
G1 Z1.12 F3000
G1 E8 F1500
;TYPE:External perimeter
;WIDTH:0.674999
G1 F2373.121
G1 X148.569 Y85.338 E.00321
G1 X149.529 Y85.365 E.05048
G1 X150.555 Y85.445 E.05409
G1 X151.576 Y85.58 E.05413
G1 X152.589 Y85.767 E.05414
G1 X153.324 Y85.939 E.03967
G1 X154.249 Y86.197 E.05047
G1 X155.225 Y86.523 E.05408
G1 X156.184 Y86.901 E.05418
G1 X156.808 Y87.179 E.0359
G1 X157.731 Y87.639 E.0542
G1 X158.627 Y88.146 E.05411
G1 X159.496 Y88.7 E.05416
G1 X160.056 Y89.092 E.03593
G1 X160.874 Y89.719 E.05417
G1 X161.657 Y90.388 E.05413
G1 X162.404 Y91.098 E.05417
G1 X162.879 Y91.589 E.03591
G1 X163.562 Y92.361 E.05417
G1 X164.203 Y93.167 E.05412
G1 X164.801 Y94.005 E.05411
G1 X165.354 Y94.873 E.05409
G1 X165.862 Y95.77 E.05418
G1 X166.172 Y96.379 E.03592
G1 X166.599 Y97.317 E.05417
G1 X166.977 Y98.276 E.05418
G1 X167.2 Y98.923 E.03597
G1 X167.492 Y99.911 E.05415
G1 X167.733 Y100.912 E.05411
G1 X167.92 Y101.924 E.05409
G1 X168.055 Y102.945 E.05413
G1 X168.135 Y103.971 E.05409
G1 X168.162 Y105 E.0541
G1 X168.135 Y106.03 E.05415
G1 X168.088 Y106.712 E.03593
G1 X167.971 Y107.736 E.05417
G1 X167.801 Y108.752 E.05414
G1 X167.578 Y109.757 E.05411
G1 X167.303 Y110.749 E.0541
G1 X166.977 Y111.725 E.05408
G1 X166.599 Y112.684 E.05418
G1 X166.321 Y113.308 E.0359
G1 X165.861 Y114.231 E.0542
G1 X165.354 Y115.127 E.05411
G1 X164.8 Y115.996 E.05416
G1 X164.408 Y116.556 E.03593
G1 X163.781 Y117.374 E.05417
G1 X163.112 Y118.157 E.05413
G1 X162.402 Y118.904 E.05417
G1 X161.911 Y119.379 E.03591
G1 X161.139 Y120.062 E.05417
G1 X160.333 Y120.703 E.05412
G1 X159.495 Y121.301 E.05411
G1 X158.627 Y121.854 E.05409
G1 X157.731 Y122.361 E.05411
G1 X156.81 Y122.82 E.05408
G1 X155.864 Y123.231 E.05421
G1 X155.226 Y123.476 E.03592
G1 X154.249 Y123.803 E.05415
G1 X153.257 Y124.078 E.0541
G1 X152.252 Y124.301 E.05411
G1 X151.235 Y124.471 E.05419
G1 X150.557 Y124.555 E.03591
G1 X149.529 Y124.635 E.05419
G1 X148.5 Y124.662 E.0541
G1 X147.47 Y124.635 E.05415
G1 X146.788 Y124.588 E.03593
G1 X145.764 Y124.471 E.05417
G1 X144.747 Y124.301 E.05419
G1 X144.078 Y124.159 E.03594
G1 X143.08 Y123.901 E.05418
G1 X142.099 Y123.591 E.05407
G1 X141.134 Y123.231 E.05413
G1 X140.19 Y122.82 E.05411
G1 X139.269 Y122.361 E.05408
G1 X138.372 Y121.853 E.05418
G1 X137.792 Y121.491 E.03593
G1 X136.943 Y120.907 E.05416
G1 X136.126 Y120.281 E.0541
G1 X135.343 Y119.612 E.05413
G1 X134.597 Y118.903 E.05409
G1 X133.888 Y118.157 E.05409
G1 X133.219 Y117.374 E.05413
G1 X132.592 Y116.556 E.05417
G1 X132.161 Y115.937 E.03964
G1 X131.646 Y115.127 E.05045
G1 X131.139 Y114.231 E.05411
G1 X130.68 Y113.31 E.05408
G1 X130.269 Y112.366 E.05411
G1 X129.908 Y111.4 E.0542
G1 X129.677 Y110.682 E.03964
G1 X129.422 Y109.757 E.05043
G1 X129.199 Y108.75 E.05421
G1 X129.08 Y108.077 E.03592
G1 X128.945 Y107.055 E.05418
G1 X128.865 Y106.029 E.05409
G1 X128.838 Y105 E.0541
G1 X128.865 Y103.971 E.0541
G1 X128.945 Y102.945 E.05409
G1 X129.08 Y101.924 E.05413
G1 X129.268 Y100.911 E.05415
G1 X129.421 Y100.245 E.03592
G1 X129.697 Y99.251 E.05422
G1 X130.023 Y98.275 E.05408
G1 X130.401 Y97.316 E.05418
G1 X130.679 Y96.692 E.0359
G1 X131.139 Y95.769 E.0542
G1 X131.646 Y94.873 E.05411
G1 X132.199 Y94.005 E.05409
G1 X132.798 Y93.166 E.05418
G1 X133.263 Y92.573 E.03961
G1 X133.888 Y91.843 E.05051
G1 X134.597 Y91.097 E.05409
G1 X135.343 Y90.388 E.05409
G1 X136.126 Y89.719 E.05413
G1 X136.944 Y89.092 E.05417
G1 X137.563 Y88.661 E.03964
G1 X138.373 Y88.146 E.05045
G1 X139.269 Y87.639 E.05411
G1 X140.19 Y87.18 E.05408
G1 X141.136 Y86.769 E.05421
G1 X141.774 Y86.524 E.03592
G1 X142.751 Y86.197 E.05415
G1 X143.743 Y85.922 E.0541
G1 X144.748 Y85.699 E.05411
G1 X145.764 Y85.529 E.05414
G1 X146.786 Y85.412 E.05406
G1 X147.815 Y85.35 E.05418
G1 X148.478 Y85.34 E.03485
G1 X149.078 Y85.352 F12000
G1 X148.502 Y86.034
;TYPE:Perimeter
G1 E-10F1500
G1 F12000.0
T1
G1 E20F1500
;WIDTH:0.799999
G1 F1981.299
G1 X148.565 Y86.033 E.00397
G1 X149.492 Y86.058 E.05838
G1 X150.483 Y86.136 E.06258
G1 X151.467 Y86.266 E.06248
G1 X152.447 Y86.448 E.06275
G1 X153.151 Y86.612 E.0455
G1 X154.045 Y86.861 E.05842
G1 X154.987 Y87.176 E.06253
G1 X155.915 Y87.542 E.0628
G1 X156.512 Y87.808 E.04114
G1 X157.405 Y88.253 E.06281
G1 X158.269 Y88.742 E.0625
G1 X159.11 Y89.278 E.06278
G1 X159.645 Y89.652 E.04109
G1 X160.437 Y90.259 E.06282
G1 X161.192 Y90.904 E.06251
G1 X161.915 Y91.591 E.06278
G1 X162.369 Y92.061 E.04114
G1 X163.03 Y92.808 E.06279
G1 X163.648 Y93.585 E.0625
G1 X164.225 Y94.393 E.0625
G1 X164.758 Y95.231 E.06252
G1 X165.25 Y96.099 E.06281
G1 X165.546 Y96.681 E.0411
G1 X165.96 Y97.589 E.06282
G1 X166.325 Y98.517 E.06278
G1 X166.68 Y99.615 E.07264
G1 X166.937 Y100.574 E.0625
G1 X167.144 Y101.545 E.0625
G1 X167.299 Y102.525 E.06246
G1 X167.403 Y103.512 E.06248
G1 X167.468 Y105 E.09376
G1 X167.441 Y105.997 E.06279
G1 X167.396 Y106.649 E.04114
G1 X167.283 Y107.64 E.06279
G1 X167.119 Y108.619 E.06249
G1 X166.904 Y109.589 E.06254
G1 X166.639 Y110.546 E.06251
G1 X166.324 Y111.487 E.06247
G1 X165.958 Y112.415 E.0628
G1 X165.692 Y113.012 E.04114
G1 X165.247 Y113.905 E.06281
G1 X164.758 Y114.769 E.0625
G1 X164.222 Y115.61 E.06278
G1 X163.848 Y116.145 E.04109
G1 X163.241 Y116.937 E.06282
G1 X162.596 Y117.692 E.06251
G1 X161.909 Y118.415 E.06278
G1 X161.439 Y118.869 E.04114
G1 X160.692 Y119.53 E.06279
G1 X159.915 Y120.148 E.0625
G1 X159.107 Y120.725 E.0625
G1 X158.269 Y121.258 E.06252
G1 X157.405 Y121.747 E.0625
G1 X156.516 Y122.19 E.06253
G1 X155.601 Y122.588 E.06281
G1 X154.992 Y122.822 E.04107
G1 X154.046 Y123.139 E.06281
G1 X153.089 Y123.404 E.06251
G1 X152.119 Y123.619 E.06254
G1 X151.135 Y123.784 E.06281
G1 X150.487 Y123.863 E.04109
G1 X149.493 Y123.942 E.06277
G1 X148.5 Y123.968 E.06253
G1 X147.503 Y123.941 E.06279
G1 X146.851 Y123.896 E.04114
G1 X145.86 Y123.783 E.06279
G1 X144.876 Y123.618 E.06281
G1 X144.238 Y123.483 E.04105
G1 X143.272 Y123.233 E.06281
G1 X142.325 Y122.934 E.06252
G1 X141.395 Y122.586 E.06251
G1 X140.484 Y122.19 E.06253
G1 X139.595 Y121.747 E.06253
G1 X138.727 Y121.256 E.06278
G1 X138.173 Y120.91 E.04112
G1 X137.351 Y120.345 E.06279
G1 X136.563 Y119.741 E.0625
G1 X135.808 Y119.096 E.06251
G1 X135.088 Y118.412 E.06252
G1 X134.404 Y117.692 E.06252
G1 X133.759 Y116.937 E.06251
G1 X133.153 Y116.146 E.06273
G1 X132.739 Y115.553 E.04553
G1 X132.242 Y114.77 E.05838
G1 X131.753 Y113.905 E.06255
G1 X131.31 Y113.016 E.06253
G1 X130.914 Y112.105 E.06253
G1 X130.565 Y111.172 E.06271
G1 X130.343 Y110.483 E.04557
G1 X130.096 Y109.589 E.05839
G1 X129.88 Y108.615 E.0628
G1 X129.767 Y107.972 E.0411
G1 X129.636 Y106.983 E.0628
G1 X129.558 Y105.993 E.06251
G1 X129.532 Y105 E.06253
G1 X129.558 Y104.007 E.06253
G1 X129.636 Y103.017 E.06251
G1 X129.766 Y102.033 E.06248
G1 X129.948 Y101.052 E.06281
G1 X130.095 Y100.416 E.04109
G1 X130.361 Y99.454 E.06283
G1 X130.676 Y98.513 E.06247
G1 X131.042 Y97.585 E.0628
G1 X131.308 Y96.988 E.04114
G1 X131.753 Y96.095 E.06281
G1 X132.242 Y95.231 E.0625
G1 X132.775 Y94.393 E.06252
G1 X133.354 Y93.582 E.06273
G1 X133.801 Y93.013 E.04555
G1 X134.404 Y92.309 E.05835
G1 X135.088 Y91.588 E.06256
G1 X135.808 Y90.904 E.06252
G1 X136.563 Y90.259 E.06251
G1 X137.354 Y89.653 E.06273
G1 X137.947 Y89.239 E.04553
G1 X138.73 Y88.742 E.05838
G1 X139.595 Y88.253 E.06255
G1 X140.484 Y87.81 E.06253
G1 X141.399 Y87.412 E.06281
G1 X142.008 Y87.178 E.04107
G1 X142.954 Y86.861 E.06281
G1 X143.911 Y86.596 E.06251
G1 X144.881 Y86.381 E.06254
G1 X145.86 Y86.217 E.06249
G1 X146.847 Y86.105 E.06253
G1 X147.841 Y86.044 E.06269
G1 X148.472 Y86.034 E.03973
G1 X148.496 Y86.791 F12000
G1 F1981.299
G1 X148.56 Y86.79 E.00403
G1 X149.452 Y86.815 E.05617
G1 X150.403 Y86.89 E.06005
G1 X151.349 Y87.014 E.06006
G1 X152.292 Y87.189 E.06038
G1 X152.964 Y87.346 E.04344
G1 X153.823 Y87.585 E.05613
G1 X154.728 Y87.888 E.06008
G1 X155.623 Y88.24 E.06054
G1 X156.189 Y88.492 E.039
G1 X157.049 Y88.921 E.0605
G1 X157.879 Y89.391 E.06005
G1 X158.69 Y89.907 E.06051
G1 X159.198 Y90.263 E.03905
G1 X159.96 Y90.848 E.06047
G1 X160.685 Y91.467 E.06001
G1 X161.382 Y92.129 E.06051
G1 X161.813 Y92.575 E.03904
G1 X162.45 Y93.295 E.06052
G1 X163.043 Y94.041 E.05999
G1 X163.597 Y94.817 E.06002
G1 X164.109 Y95.621 E.06
G1 X164.583 Y96.458 E.06055
G1 X164.864 Y97.01 E.03899
G1 X165.263 Y97.885 E.06054
G1 X165.501 Y98.491 E.04099
G1 X165.716 Y99.072 E.039
G1 X165.954 Y99.83 E.05001
G1 X166.201 Y100.75 E.05997
G1 X166.399 Y101.683 E.06004
G1 X166.548 Y102.624 E.05998
G1 X166.648 Y103.572 E.06001
G1 X166.71 Y105 E.08998
G1 X166.685 Y105.961 E.06052
G1 X166.642 Y106.579 E.039
G1 X166.533 Y107.534 E.06051
G1 X166.376 Y108.475 E.06006
G1 X166.169 Y109.406 E.06004
G1 X165.915 Y110.324 E.05996
G1 X165.612 Y111.228 E.06002
G1 X165.26 Y112.123 E.06054
G1 X165.008 Y112.689 E.039
G1 X164.579 Y113.549 E.0605
G1 X164.109 Y114.379 E.06005
G1 X163.593 Y115.19 E.06051
G1 X163.237 Y115.697 E.039
G1 X162.652 Y116.46 E.06052
G1 X162.033 Y117.185 E.06001
G1 X161.371 Y117.882 E.06051
G1 X160.925 Y118.313 E.03904
G1 X160.205 Y118.95 E.06052
G1 X159.459 Y119.543 E.05999
G1 X158.683 Y120.097 E.06002
G1 X157.879 Y120.609 E.06
G1 X157.049 Y121.079 E.06005
G1 X156.196 Y121.504 E.05999
G1 X155.315 Y121.887 E.06047
G1 X154.736 Y122.11 E.03906
G1 X153.824 Y122.415 E.06054
G1 X152.905 Y122.669 E.06002
M73 P28 R12
G1 X151.975 Y122.876 E.05998
G1 X151.027 Y123.034 E.0605
G1 X150.411 Y123.11 E.03907
G1 X149.453 Y123.185 E.06049
G1 X148.5 Y123.21 E.06001
G1 X147.539 Y123.185 E.06052
G1 X146.921 Y123.142 E.039
G1 X145.966 Y123.033 E.06051
G1 X145.018 Y122.874 E.06051
G1 X144.411 Y122.745 E.03906
G1 X143.481 Y122.505 E.06046
G1 X142.571 Y122.218 E.06007
G1 X141.678 Y121.884 E.06002
G1 X140.804 Y121.504 E.05999
G1 X139.951 Y121.079 E.05999
G1 X139.114 Y120.605 E.06055
G1 X138.588 Y120.277 E.03902
G1 X137.796 Y119.732 E.06052
G1 X137.04 Y119.152 E.05998
G1 X136.315 Y118.533 E.06001
G1 X135.623 Y117.877 E.06003
G1 X134.967 Y117.185 E.06003
G1 X134.348 Y116.46 E.06001
G1 X133.764 Y115.699 E.06039
G1 X133.37 Y115.133 E.04341
G1 X132.891 Y114.38 E.05618
G1 X132.421 Y113.549 E.0601
G1 X131.996 Y112.696 E.05999
G1 X131.616 Y111.822 E.05999
G1 X131.28 Y110.923 E.06042
G1 X131.068 Y110.267 E.0434
G1 X130.831 Y109.407 E.05616
G1 X130.623 Y108.467 E.06061
G1 X130.515 Y107.856 E.03906
G1 X130.39 Y106.903 E.06051
G1 X130.315 Y105.953 E.05999
G1 X130.29 Y105 E.06001
G1 X130.315 Y104.047 E.06001
G1 X130.39 Y103.097 E.05999
G1 X130.514 Y102.151 E.06006
G1 X130.689 Y101.206 E.0605
G1 X130.829 Y100.602 E.03903
G1 X131.085 Y99.676 E.06048
G1 X131.388 Y98.772 E.06002
G1 X131.74 Y97.877 E.06054
G1 X131.992 Y97.311 E.039
G1 X132.421 Y96.451 E.0605
G1 X132.891 Y95.621 E.06005
G1 X133.403 Y94.817 E.06
G1 X133.96 Y94.036 E.06039
G1 X134.386 Y93.493 E.04345
G1 X134.966 Y92.816 E.05612
G1 X135.623 Y92.123 E.06011
G1 X136.315 Y91.467 E.06003
G1 X137.04 Y90.848 E.06001
G1 X137.801 Y90.264 E.06039
G1 X138.367 Y89.87 E.04341
G1 X139.12 Y89.391 E.05618
G1 X139.951 Y88.921 E.0601
G1 X140.804 Y88.496 E.05999
G1 X141.686 Y88.113 E.06053
G1 X142.264 Y87.89 E.039
G1 X143.176 Y87.585 E.06054
G1 X144.095 Y87.331 E.06002
G1 X145.025 Y87.124 E.05998
G1 X145.966 Y86.967 E.06006
G1 X146.913 Y86.859 E.06
G1 X147.87 Y86.801 E.06036
G1 X148.466 Y86.792 E.03752
G1 X148.489 Y87.548 F12000
G1 F1981.299
G1 X148.555 Y87.547 E.00416
G1 X149.412 Y87.571 E.05397
G1 X150.324 Y87.643 E.05759
G1 X151.23 Y87.762 E.05752
G1 X152.137 Y87.93 E.05807
G1 X152.776 Y88.079 E.04131
G1 X153.601 Y88.309 E.05392
G1 X154.469 Y88.6 E.05763
G1 X155.33 Y88.939 E.05825
G1 X155.866 Y89.177 E.03692
G1 X156.694 Y89.59 E.05825
G1 X157.489 Y90.04 E.05751
G1 X158.269 Y90.537 E.05822
G1 X158.75 Y90.874 E.03697
G1 X159.483 Y91.437 E.05818
G1 X160.178 Y92.03 E.05751
G1 X160.849 Y92.667 E.05824
G1 X161.257 Y93.089 E.03695
G1 X161.87 Y93.782 E.05824
G1 X162.438 Y94.497 E.05748
G1 X162.969 Y95.24 E.05749
G1 X163.46 Y96.011 E.05754
G1 X163.915 Y96.816 E.05821
G1 X164.182 Y97.339 E.03697
G1 X164.565 Y98.181 E.05823
G1 X164.797 Y98.768 E.03973
G1 X165 Y99.319 E.03697
G1 X165.228 Y100.045 E.0479
G1 X165.465 Y100.927 E.05749
G1 X165.655 Y101.821 E.05754
G1 X165.798 Y102.723 E.05749
G1 X165.893 Y103.631 E.05747
G1 X165.953 Y105 E.08626
G1 X165.929 Y105.924 E.05819
G1 X165.888 Y106.51 E.03698
G1 X165.783 Y107.429 E.05823
G1 X165.632 Y108.33 E.05751
G1 X165.434 Y109.222 E.05752
G1 X165.19 Y110.103 E.05755
G1 X164.9 Y110.969 E.05749
G1 X164.561 Y111.83 E.05825
G1 X164.323 Y112.366 E.03692
G1 X163.91 Y113.194 E.05825
G1 X163.46 Y113.989 E.05751
G1 X162.963 Y114.769 E.05822
G1 X162.626 Y115.25 E.03697
G1 X162.063 Y115.983 E.05818
G1 X161.47 Y116.678 E.05751
G1 X160.833 Y117.349 E.05824
G1 X160.411 Y117.757 E.03695
G1 X159.719 Y118.37 E.0582
G1 X159.003 Y118.938 E.05753
G1 X158.26 Y119.469 E.05749
G1 X157.489 Y119.96 E.05754
G1 X156.694 Y120.41 E.05751
G1 X155.876 Y120.818 E.05754
G1 X155.028 Y121.186 E.05819
G1 X154.48 Y121.397 E.03697
G1 X153.603 Y121.69 E.05821
G1 X152.722 Y121.934 E.05755
G1 X151.83 Y122.132 E.05752
G1 X150.918 Y122.285 E.05821
G1 X150.335 Y122.356 E.03697
G1 X149.413 Y122.429 E.05822
G1 X148.5 Y122.453 E.05749
G1 X147.576 Y122.429 E.05819
G1 X146.99 Y122.388 E.03698
G1 X146.071 Y122.283 E.05823
G1 X145.159 Y122.13 E.05821
G1 X144.585 Y122.008 E.03694
G1 X143.689 Y121.777 E.05825
G1 X142.818 Y121.502 E.0575
G1 X141.962 Y121.182 E.05753
G1 X141.124 Y120.818 E.05751
G1 X140.306 Y120.41 E.05754
G1 X139.501 Y119.955 E.05821
G1 X139.004 Y119.644 E.03691
G1 X138.241 Y119.12 E.05827
G1 X137.517 Y118.563 E.0575
G1 X136.822 Y117.97 E.05751
G1 X136.159 Y117.341 E.05753
G1 X135.53 Y116.678 E.05753
G1 X134.937 Y115.983 E.05751
G1 X134.375 Y115.252 E.05805
G1 X134 Y114.713 E.04133
G1 X133.541 Y113.99 E.05391
G1 X133.09 Y113.194 E.05759
G1 X132.682 Y112.376 E.05754
G1 X132.318 Y111.538 E.05751
G1 X131.995 Y110.675 E.05801
G1 X131.794 Y110.05 E.04133
G1 X131.566 Y109.224 E.05394
G1 X131.365 Y108.319 E.05836
G1 X131.263 Y107.741 E.03695
G1 X131.143 Y106.824 E.05822
G1 X131.071 Y105.913 E.05753
G1 X131.047 Y105 E.05749
G1 X131.071 Y104.087 E.05749
G1 X131.143 Y103.176 E.05753
G1 X131.262 Y102.27 E.05752
G1 X131.431 Y101.36 E.05827
G1 X131.563 Y100.788 E.03695
G1 X131.81 Y99.897 E.05821
G1 X132.1 Y99.031 E.05749
G1 X132.439 Y98.17 E.05825
G1 X132.677 Y97.634 E.03692
G1 X133.09 Y96.806 E.05825
G1 X133.54 Y96.011 E.05751
G1 X134.031 Y95.24 E.05754
G1 X134.566 Y94.49 E.05799
G1 X134.972 Y93.974 E.04133
G1 X135.529 Y93.323 E.05393
G1 X136.159 Y92.659 E.05762
G1 X136.822 Y92.03 E.05753
G1 X137.517 Y91.437 E.05751
G1 X138.248 Y90.875 E.05805
G1 X138.787 Y90.5 E.04133
G1 X139.51 Y90.041 E.05391
G1 X140.306 Y89.59 E.05759
G1 X141.124 Y89.182 E.05754
G1 X141.972 Y88.814 E.05819
G1 X142.52 Y88.603 E.03697
G1 X143.397 Y88.31 E.05821
G1 X144.278 Y88.066 E.05755
G1 X145.17 Y87.868 E.05752
G1 X146.071 Y87.717 E.05751
G1 X146.979 Y87.614 E.05753
G1 X147.899 Y87.557 E.05803
G1 X148.459 Y87.549 E.03526
G1 E-8 F1500
G1 Z1.32 F3000
G1 X135.779 Y116.454 F12000
G1 Z1.12 F3000
G1 E8 F1500
;TYPE:Solid infill
G1 E-10F1500
G1 F12000.0
T0
G1 E16F1500
G1 F12000.0
;WIDTH:0.55292
G1 F2941.177
G1 X137.046 Y117.721 E.07598
G1 X136 Y116.68 E.06258
G1 E-8 F1500
G1 Z1.32 F3000
G1 X134.064 Y113.951 F12000
G1 Z1.12 F3000
G1 E8 F1500
G1 F2941.177
G1 X134.018 Y113.996 E.00273
G1 X134.035 Y114.058 E.00273
G1 X134.097 Y114.074 E.00272
G1 X134.142 Y114.029 E.0027
G1 X134.125 Y113.968 E.00269
;WIDTH:0.593613
G1 F2723.841
G1 X134.23 Y114.132 E.00892
;WIDTH:0.634306
G1 F2536.414
G1 X134.334 Y114.296 E.00955
;WIDTH:0.674999
G1 F2373.121
G1 X134.439 Y114.46 E.01023
G1 X139.024 Y119.044 E.34076
G1 X139.167 Y119.145 E.0092
;WIDTH:0.635656
G1 F2530.641
G1 X139.311 Y119.245 E.00864
;WIDTH:0.596312
G1 F2710.558
G1 X139.454 Y119.346 E.00806
;WIDTH:0.556968
G1 F2918.016
G1 X139.409 Y119.391 E.00272
G1 X139.425 Y119.453 E.00274
G1 X139.487 Y119.47 E.00275
G1 X139.533 Y119.424 E.00278
G1 X139.516 Y119.362 E.00275
G1 E-8 F1500
G1 Z1.32 F3000
G1 X141.621 Y120.522 F12000
G1 Z1.12 F3000
G1 E8 F1500
;WIDTH:0.55292
G1 F2941.177
G1 X141.637 Y120.584 E.00272
G1 X141.592 Y120.629 E.0027
G1 X141.531 Y120.612 E.00269
G1 X141.514 Y120.551 E.00269
G1 X141.559 Y120.506 E.0027
;WIDTH:0.593613
G1 F2723.841
G1 X141.416 Y120.422 E.00759
;WIDTH:0.634306
G1 F2536.414
G1 X141.272 Y120.339 E.00817
;WIDTH:0.674999
G1 F2373.121
G1 X141.129 Y120.255 E.00872
G1 X133.245 Y112.371 E.586
G1 E-8 F1500
G1 Z1.32 F3000
G1 X132.59 Y110.823 F12000
G1 Z1.12 F3000
G1 E8 F1500
G1 F2373.121
G1 X142.677 Y120.91 E.74974
G1 X142.841 Y120.988 E.00954
;WIDTH:0.634306
G1 F2536.414
G1 X143.005 Y121.066 E.00893
;WIDTH:0.593613
G1 F2723.841
G1 X143.169 Y121.144 E.00832
;WIDTH:0.55292
G1 F2941.177
G1 X143.186 Y121.205 E.00269
G1 X143.141 Y121.25 E.0027
G1 X143.079 Y121.234 E.00272
G1 X143.063 Y121.172 E.00272
G1 X143.108 Y121.127 E.0027
G1 E-8 F1500
G1 Z1.32 F3000
M73 P29 R12
G1 X145.145 Y121.857 F12000
G1 Z1.12 F3000
G1 E8 F1500
G1 F2941.177
G1 X144.243 Y121.644 E.0393
;WIDTH:0.593613
G1 F2723.841
G1 X144.16 Y121.54 E.00609
;WIDTH:0.634306
G1 F2536.414
G1 X144.078 Y121.437 E.00647
;WIDTH:0.674999
G1 F2373.121
G1 X143.995 Y121.334 E.00695
G1 X132.168 Y109.507 E.87907
G1 X131.859 Y109.259 E.02082
;WIDTH:0.55292
G1 F2941.177
G1 X131.664 Y108.438 E.03578
;WIDTH:0.593613
G1 F2723.841
G1 X131.738 Y108.402 E.00377
;WIDTH:0.634306
G1 F2536.414
G1 X131.812 Y108.366 E.00405
;WIDTH:0.674999
G1 F2373.121
G1 X131.885 Y108.33 E.00428
G1 X145.172 Y121.617 E.98759
G1 X146.243 Y121.794 E.05705
G1 X131.71 Y107.261 E1.0802
G1 X131.605 Y106.262 E.05279
G1 X147.242 Y121.899 E1.16226
G1 X148.176 Y121.939 E.04913
G1 X131.561 Y105.324 E1.23495
G1 X131.567 Y104.437 E.04662
G1 X149.063 Y121.933 E1.30044
G1 X149.908 Y121.883 E.04449
G1 X131.617 Y103.592 E1.35953
G1 X131.704 Y102.785 E.04266
G1 X150.719 Y121.8 E1.41334
G1 X151.489 Y121.677 E.04098
G1 X131.824 Y102.011 E1.46169
G1 X131.971 Y101.265 E.03996
G1 X152.232 Y121.526 E1.50595
G1 X152.948 Y121.348 E.03878
G1 X132.152 Y100.552 E1.54572
G1 X132.355 Y99.861 E.03785
G1 X153.639 Y121.145 E1.58199
G1 X154.309 Y120.921 E.03713
G1 X132.579 Y99.191 E1.61514
G1 X132.832 Y98.55 E.03622
G1 X154.951 Y120.669 E1.64405
G1 X155.574 Y120.398 E.03571
M73 P30 R12
G1 X133.101 Y97.925 E1.67037
G1 X133.396 Y97.326 E.03509
G1 X156.174 Y120.104 E1.69304
G1 X156.757 Y119.794 E.0347
G1 X133.706 Y96.743 E1.71333
G1 X134.034 Y96.176 E.03443
G1 X157.324 Y119.466 E1.73109
G1 X157.87 Y119.118 E.03403
G1 X134.382 Y95.63 E1.74581
G1 X134.749 Y95.104 E.03371
G1 X158.396 Y118.751 E1.75763
G1 X158.908 Y118.369 E.03357
G1 X135.13 Y94.591 E1.76736
G1 X135.531 Y94.098 E.0334
G1 X159.405 Y117.972 E1.7745
G1 X159.879 Y117.553 E.03325
G1 X135.945 Y93.618 E1.779
G1 X136.38 Y93.16 E.0332
G1 X160.342 Y117.121 E1.781
G1 X160.783 Y116.668 E.03323
G1 X136.832 Y92.717 E1.78022
G1 X137.297 Y92.289 E.03322
M73 P30 R11
G1 X161.211 Y116.203 E1.77747
G1 X161.623 Y115.721 E.03333
M73 P31 R11
G1 X137.779 Y91.877 E1.77227
G1 X138.282 Y91.486 E.03348
G1 X162.014 Y115.218 E1.76394
G1 X162.393 Y114.702 E.03365
G1 X138.798 Y91.108 E1.75372
G1 X139.335 Y90.751 E.03389
G1 X162.749 Y114.165 E1.74031
G1 X163.092 Y113.614 E.03411
G1 X139.886 Y90.408 E1.72485
G1 X140.457 Y90.085 E.03448
G1 X163.415 Y113.043 E1.70641
G1 X163.716 Y112.45 E.03495
G1 X141.05 Y89.784 E1.68471
G1 X141.66 Y89.5 E.03536
G1 X164.002 Y111.843 E1.66067
G1 X164.263 Y111.209 E.03603
G1 X142.287 Y89.234 E1.63339
G1 X142.942 Y88.995 E.03665
G1 X164.505 Y110.558 E1.60273
G1 X164.726 Y109.885 E.03723
G1 X143.615 Y88.774 E1.56913
G1 X144.315 Y88.58 E.03818
G1 X164.92 Y109.185 E1.53152
G1 X165.086 Y108.457 E.03924
M73 P32 R11
G1 X145.043 Y88.414 E1.48975
G1 X145.798 Y88.275 E.04035
G1 X165.225 Y107.702 E1.44396
G1 X165.333 Y106.916 E.0417
G1 X146.584 Y88.167 E1.39357
G1 X147.405 Y88.094 E.04332
G1 X165.41 Y106.099 E1.33827
G1 X165.441 Y105.236 E.04539
G1 X148.267 Y88.062 E1.2765
G1 X149.168 Y88.07 E.04736
G1 X165.43 Y104.331 E1.20868
G1 X165.366 Y103.373 E.05046
G1 X150.127 Y88.134 E1.13268
G1 X151.147 Y88.261 E.05402
G1 X165.239 Y102.353 E1.04743
G1 E-8 F1500
G1 Z1.32 F3000
G1 X165.008 Y100.267 F12000
G1 Z1.12 F3000
G1 E8 F1500
;WIDTH:0.55292
G1 F2941.177
G1 X165.312 Y101.427 E.05085
;WIDTH:0.593613
G1 F2723.841
G1 X165.215 Y101.365 E.00527
;WIDTH:0.634306
G1 F2536.414
G1 X165.118 Y101.302 E.00569
;WIDTH:0.674999
G1 F2373.121
G1 X165.02 Y101.24 E.00609
G1 X152.257 Y88.477 E.94864
G1 X152.088 Y88.19 E.0175
;WIDTH:0.55292
G1 F2941.177
G1 X153.226 Y88.485 E.04985
;WIDTH:0.674999
G1 F2373.121
G1 X153.474 Y88.799 E.02103
G1 X164.694 Y100.02 E.83399
G1 X164.533 Y99.034 E.05251
;WIDTH:0.55292
G1 F2941.177
G1 X164.55 Y99.095 E.00269
G1 X164.505 Y99.141 E.00273
G1 X164.443 Y99.124 E.00273
G1 X164.427 Y99.062 E.00272
G1 X164.472 Y99.017 E.0027
;WIDTH:0.593613
G1 F2723.841
G1 X164.381 Y98.889 E.00719
;WIDTH:0.634306
G1 F2536.414
G1 X164.291 Y98.76 E.00773
;WIDTH:0.674999
G1 F2373.121
G1 X164.2 Y98.632 E.00825
G1 X154.868 Y89.3 E.69363
G1 X154.734 Y89.187 E.00921
;WIDTH:0.634306
G1 F2536.414
G1 X154.6 Y89.074 E.00862
;WIDTH:0.593613
G1 F2723.841
G1 X154.466 Y88.962 E.008
;WIDTH:0.55292
G1 F2941.177
G1 X154.483 Y89.023 E.00269
G1 X154.438 Y89.068 E.0027
G1 X154.376 Y89.052 E.00272
G1 X154.359 Y88.99 E.00273
G1 X154.405 Y88.945 E.00273
G1 E-8 F1500
G1 Z1.32 F3000
G1 X156.09 Y89.704 F12000
G1 Z1.12 F3000
G1 E8 F1500
G1 F2941.177
G1 X156.045 Y89.749 E.0027
G1 X156.061 Y89.811 E.00272
G1 X156.123 Y89.827 E.00272
G1 X156.168 Y89.782 E.0027
G1 X156.151 Y89.721 E.00269
;WIDTH:0.593613
G1 F2723.841
G1 X156.285 Y89.844 E.00833
;WIDTH:0.634306
G1 F2536.414
G1 X156.419 Y89.968 E.00898
;WIDTH:0.674999
G1 F2373.121
G1 X163.409 Y96.947 E.51914
G1 X163.511 Y97.075 E.0086
;WIDTH:0.634306
G1 F2536.414
G1 X163.613 Y97.204 E.00809
;WIDTH:0.593613
G1 F2723.841
G1 X163.715 Y97.332 E.00749
;WIDTH:0.55292
G1 F2941.177
G1 X163.67 Y97.377 E.0027
G1 X163.686 Y97.439 E.00272
G1 X163.748 Y97.455 E.00272
G1 X163.793 Y97.41 E.0027
G1 X163.776 Y97.349 E.00269
G1 E-8 F1500
G1 Z1.32 F3000
G1 X162.647 Y95.457 F12000
G1 Z1.12 F3000
G1 E8 F1500
;WIDTH:0.58835
G1 F2750.124
M73 P33 R11
G1 X162.069 Y94.775 E.04054
;WIDTH:0.621972
G1 F2590.441
G1 X161.872 Y94.553 E.01429
;WIDTH:0.655594
G1 F2448.284
G1 X161.674 Y94.332 E.01512
;WIDTH:0.689216
G1 F2320.918
G1 X161.477 Y94.111 E.01591
;WIDTH:0.716703
G1 F2226.236
G1 X161.169 Y93.783 E.02521
;WIDTH:0.74419
G1 F2138.977
G1 X160.86 Y93.455 E.02628
;WIDTH:0.754022
G1 F2109.402
G1 X159.821 Y92.426 E.08646
;WIDTH:0.730482
G1 F2181.621
G1 X159.496 Y92.125 E.02533
;WIDTH:0.695646
G1 F2298.055
G1 X159.17 Y91.824 E.02408
;WIDTH:0.66081
G1 F2427.617
G1 X158.943 Y91.625 E.01551
;WIDTH:0.624847
G1 F2577.644
G1 X158.717 Y91.426 E.01457
;WIDTH:0.588884
G1 F2747.438
G1 X158.49 Y91.228 E.01367
;LAYER_CHANGE
;Z:1.32
;HEIGHT:0.2

G1 E-8 F1500
G1 Z1.32 F3000
;AFTER_LAYER_CHANGE
;1.32
G92 E0
_ON_LAYER_CHANGE LAYER=6
G1 Z1.52
G1 X148.508 Y85.339 F12000
G1 Z1.32 F3000
G1 E8 F1500
;TYPE:External perimeter
;WIDTH:0.674999
G1 F2373.121
G1 X148.583 Y85.338 E.00394
G1 X149.529 Y85.365 E.04974
G1 X150.555 Y85.445 E.05409
G1 X151.576 Y85.58 E.05413
G1 X152.589 Y85.768 E.05415
G1 X153.255 Y85.921 E.03592
G1 X154.249 Y86.197 E.05422
G1 X155.225 Y86.523 E.05408
G1 X156.183 Y86.901 E.05413
G1 X157.119 Y87.328 E.05407
G1 X158.033 Y87.803 E.05414
G1 X158.921 Y88.326 E.05416
G1 X159.494 Y88.698 E.03591
G1 X160.334 Y89.298 E.05425
G1 X160.938 Y89.772 E.04035
G1 X161.657 Y90.388 E.04976
G1 X162.404 Y91.097 E.05413
G1 X162.936 Y91.651 E.04037
G1 X163.562 Y92.361 E.04975
G1 X164.203 Y93.167 E.05412
G1 X164.801 Y94.005 E.05411
G1 X165.354 Y94.873 E.05409
G1 X165.862 Y95.77 E.05418
G1 X166.172 Y96.379 E.03592
G1 X166.599 Y97.317 E.05417
G1 X166.977 Y98.275 E.05413
G1 X167.304 Y99.253 E.0542
G1 X167.492 Y99.91 E.03592
G1 X167.733 Y100.912 E.05416
G1 X167.92 Y101.924 E.05409
G1 X168.055 Y102.945 E.05413
G1 X168.135 Y103.971 E.05409
G1 X168.162 Y105 E.0541
G1 X168.135 Y106.03 E.05415
G1 X168.088 Y106.712 E.03593
G1 X167.971 Y107.736 E.05417
G1 X167.801 Y108.752 E.05414
G1 X167.578 Y109.757 E.05411
G1 X167.303 Y110.749 E.0541
G1 X166.977 Y111.725 E.05408
G1 X166.599 Y112.684 E.05418
G1 X166.321 Y113.308 E.0359
G1 X165.861 Y114.231 E.0542
G1 X165.354 Y115.127 E.05411
G1 X164.8 Y115.996 E.05416
G1 X164.358 Y116.624 E.04036
G1 X163.781 Y117.374 E.04973
G1 X163.112 Y118.157 E.05413
G1 X162.402 Y118.904 E.05417
G1 X161.911 Y119.379 E.03591
G1 X161.139 Y120.062 E.05417
G1 X160.333 Y120.703 E.05412
G1 X159.494 Y121.302 E.05418
G1 X158.921 Y121.674 E.03591
G1 X158.032 Y122.197 E.05421
G1 X157.119 Y122.672 E.05409
G1 X156.183 Y123.099 E.05407
G1 X155.225 Y123.477 E.05413
G1 X154.249 Y123.803 E.05408
G1 X153.257 Y124.078 E.0541
G1 X152.252 Y124.301 E.05411
G1 X151.235 Y124.471 E.05419
G1 X150.557 Y124.555 E.03591
G1 X149.529 Y124.635 E.05419
G1 X148.5 Y124.662 E.0541
G1 X147.47 Y124.635 E.05415
G1 X146.788 Y124.588 E.03593
G1 X145.764 Y124.471 E.05417
G1 X144.748 Y124.301 E.05414
G1 X143.743 Y124.078 E.05411
G1 X142.751 Y123.803 E.0541
G1 X141.774 Y123.476 E.05415
G1 X141.136 Y123.231 E.03592
G1 X140.19 Y122.82 E.05421
G1 X139.268 Y122.36 E.05415
G1 X138.67 Y122.029 E.03592
G1 X137.791 Y121.49 E.05419
G1 X136.943 Y120.907 E.05409
G1 X136.126 Y120.281 E.0541
G1 X135.343 Y119.612 E.05413
G1 X134.597 Y118.903 E.05409
G1 X133.888 Y118.157 E.05409
G1 X133.219 Y117.373 E.05417
G1 X132.798 Y116.834 E.03595
G1 X132.199 Y115.995 E.05418
G1 X131.646 Y115.127 E.05409
G1 X131.139 Y114.231 E.05411
G1 X130.68 Y113.31 E.05408
G1 X130.269 Y112.364 E.05421
G1 X130.024 Y111.726 E.03592
G1 X129.697 Y110.749 E.05415
G1 X129.422 Y109.757 E.0541
G1 X129.199 Y108.752 E.05411
G1 X129.029 Y107.735 E.05419
G1 X128.937 Y106.973 E.04034
G1 X128.865 Y106.029 E.04976
G1 X128.838 Y105 E.0541
G1 X128.865 Y103.971 E.0541
G1 X128.945 Y102.944 E.05414
G1 X129.041 Y102.181 E.04042
G1 X129.199 Y101.248 E.04973
G1 X129.422 Y100.243 E.05411
G1 X129.697 Y99.251 E.0541
G1 X130.024 Y98.274 E.05415
G1 X130.301 Y97.558 E.04035
G1 X130.68 Y96.691 E.04973
G1 X131.139 Y95.769 E.05413
G1 X131.646 Y94.873 E.05411
G1 X132.199 Y94.005 E.05409
G1 X132.798 Y93.166 E.05418
G1 X133.272 Y92.562 E.04035
G1 X133.888 Y91.843 E.04976
G1 X134.597 Y91.097 E.05409
G1 X135.344 Y90.387 E.05417
G1 X135.925 Y89.885 E.04036
G1 X136.667 Y89.297 E.04976
G1 X137.505 Y88.699 E.05411
G1 X138.373 Y88.146 E.05409
G1 X139.269 Y87.639 E.05411
G1 X140.19 Y87.18 E.05408
G1 X141.134 Y86.769 E.05411
G1 X142.099 Y86.409 E.05413
G1 X143.081 Y86.099 E.05412
G1 X143.824 Y85.902 E.0404
G1 X144.748 Y85.699 E.04972
G1 X145.764 Y85.529 E.05414
G1 X146.786 Y85.412 E.05406
G1 X147.815 Y85.35 E.05418
G1 X148.478 Y85.34 E.03485
G1 X149.078 Y85.352 F12000
G1 X148.502 Y86.034
;TYPE:Perimeter
G1 E-10F1500
G1 F12000.0
T1
G1 E20F1500
;WIDTH:0.799999
G1 F1981.299
G1 X148.578 Y86.033 E.00478
G1 X149.492 Y86.058 E.05756
G1 X150.483 Y86.136 E.06258
G1 X151.467 Y86.266 E.06248
G1 X152.448 Y86.448 E.06281
G1 X153.084 Y86.595 E.04109
G1 X154.046 Y86.861 E.06283
G1 X154.987 Y87.176 E.06247
G1 X155.911 Y87.54 E.06252
G1 X156.815 Y87.952 E.06254
G1 X157.696 Y88.411 E.06254
G1 X158.555 Y88.917 E.06276
G1 X159.103 Y89.273 E.04114
G1 X159.917 Y89.854 E.06296
G1 X160.497 Y90.309 E.04641
G1 X161.191 Y90.904 E.05755
G1 X161.914 Y91.59 E.06274
G1 X162.425 Y92.122 E.04644
G1 X163.03 Y92.807 E.05753
G1 X163.648 Y93.585 E.06255
G1 X164.225 Y94.393 E.0625
G1 X164.758 Y95.231 E.06252
G1 X165.25 Y96.099 E.06281
G1 X165.546 Y96.681 E.0411
G1 X165.96 Y97.589 E.06282
G1 X166.324 Y98.513 E.06252
G1 X166.64 Y99.459 E.06279
G1 X166.937 Y100.574 E.07264
G1 X167.144 Y101.545 E.0625
G1 X167.299 Y102.525 E.06246
G1 X167.403 Y103.512 E.06248
G1 X167.468 Y105 E.09376
G1 X167.441 Y105.997 E.06279
G1 X167.396 Y106.649 E.04114
G1 X167.283 Y107.64 E.06279
G1 X167.119 Y108.619 E.06249
G1 X166.904 Y109.589 E.06254
G1 X166.639 Y110.546 E.06251
G1 X166.324 Y111.487 E.06247
G1 X165.958 Y112.415 E.0628
G1 X165.692 Y113.012 E.04114
G1 X165.247 Y113.905 E.06281
G1 X164.758 Y114.769 E.0625
G1 X164.223 Y115.609 E.06269
G1 X163.799 Y116.212 E.0464
G1 X163.241 Y116.936 E.05754
G1 X162.596 Y117.692 E.06256
G1 X161.909 Y118.415 E.06278
G1 X161.439 Y118.869 E.04114
G1 X160.692 Y119.53 E.06279
G1 X159.915 Y120.148 E.0625
G1 X159.103 Y120.727 E.06278
G1 X158.555 Y121.083 E.04114
G1 X157.696 Y121.589 E.06276
G1 X156.815 Y122.048 E.06254
G1 X155.911 Y122.46 E.06254
G1 X154.987 Y122.824 E.06252
G1 X154.046 Y123.139 E.06247
G1 X153.089 Y123.404 E.06251
G1 X152.119 Y123.619 E.06254
G1 X151.135 Y123.784 E.06281
G1 X150.487 Y123.863 E.04109
G1 X149.493 Y123.942 E.06277
G1 X148.5 Y123.968 E.06253
G1 X147.503 Y123.941 E.06279
G1 X146.851 Y123.896 E.04114
G1 X145.86 Y123.783 E.06279
G1 X144.881 Y123.619 E.06249
G1 X143.911 Y123.404 E.06254
G1 X142.954 Y123.139 E.06251
G1 X142.008 Y122.822 E.06281
G1 X141.399 Y122.588 E.04107
G1 X140.484 Y122.19 E.06281
G1 X139.591 Y121.745 E.06281
G1 X139.02 Y121.429 E.04108
G1 X138.17 Y120.908 E.06276
G1 X137.351 Y120.345 E.06256
G1 X136.563 Y119.741 E.0625
G1 X135.808 Y119.096 E.06251
G1 X135.088 Y118.412 E.06252
G1 X134.404 Y117.692 E.06252
G1 X133.757 Y116.933 E.06278
G1 X133.354 Y116.419 E.04112
G1 X132.775 Y115.607 E.06278
G1 X132.242 Y114.769 E.06252
G1 X131.753 Y113.905 E.0625
G1 X131.31 Y113.016 E.06253
G1 X130.912 Y112.101 E.06281
G1 X130.678 Y111.492 E.04107
G1 X130.361 Y110.546 E.06281
G1 X130.096 Y109.589 E.06251
G1 X129.881 Y108.619 E.06254
G1 X129.717 Y107.637 E.06267
G1 X129.629 Y106.905 E.04641
G1 X129.558 Y105.993 E.05759
G1 X129.532 Y105 E.06253
G1 X129.558 Y104.007 E.06253
G1 X129.637 Y103.014 E.06271
G1 X129.729 Y102.283 E.04638
G1 X129.881 Y101.382 E.05752
G1 X130.096 Y100.411 E.06261
G1 X130.361 Y99.454 E.06251
G1 X130.677 Y98.51 E.06267
G1 X130.943 Y97.822 E.04643
G1 X131.309 Y96.985 E.05751
G1 X131.753 Y96.095 E.06261
G1 X132.242 Y95.231 E.0625
G1 X132.775 Y94.393 E.06252
G1 X133.354 Y93.583 E.06268
G1 X133.809 Y93.003 E.04641
G1 X134.404 Y92.309 E.05755
G1 X135.088 Y91.588 E.06256
G1 X135.81 Y90.902 E.0627
G1 X136.368 Y90.42 E.04642
G1 X137.084 Y89.852 E.05753
G1 X137.893 Y89.275 E.06255
G1 X138.731 Y88.742 E.06252
G1 X139.595 Y88.253 E.0625
G1 X140.484 Y87.81 E.06253
G1 X141.395 Y87.414 E.06253
G1 X142.325 Y87.066 E.06251
G1 X143.275 Y86.766 E.06271
G1 X143.988 Y86.577 E.04643
G1 X144.88 Y86.381 E.05749
G1 X145.86 Y86.217 E.06255
G1 X146.847 Y86.105 E.06253
G1 X147.841 Y86.044 E.06269
G1 X148.472 Y86.035 E.03973
G1 X148.496 Y86.791 F12000
G1 F1981.299
G1 X148.573 Y86.79 E.00485
G1 X149.452 Y86.815 E.05536
G1 X150.403 Y86.89 E.06005
G1 X151.349 Y87.014 E.06006
G1 X152.294 Y87.189 E.0605
G1 X152.898 Y87.329 E.03903
G1 X153.824 Y87.585 E.06048
G1 X154.728 Y87.888 E.06002
G1 X155.615 Y88.237 E.06
G1 X156.483 Y88.633 E.06006
G1 X157.329 Y89.073 E.06003
G1 X158.157 Y89.561 E.0605
G1 X158.677 Y89.899 E.03904
G1 X159.464 Y90.46 E.06084
G1 X160.017 Y90.895 E.04429
G1 X160.684 Y91.466 E.05527
G1 X161.38 Y92.127 E.06042
G1 X161.868 Y92.635 E.04434
G1 X162.449 Y93.294 E.05531
G1 X163.043 Y94.041 E.06008
G1 X163.597 Y94.817 E.06002
G1 X164.109 Y95.621 E.06
G1 X164.583 Y96.458 E.06055
G1 X164.864 Y97.01 E.03899
G1 X165.263 Y97.885 E.06054
G1 X165.612 Y98.772 E.06
G1 X165.819 Y99.389 E.04097
G1 X166.002 Y99.981 E.03901
G1 X166.201 Y100.75 E.05
G1 X166.399 Y101.683 E.06004
G1 X166.548 Y102.624 E.05998
G1 X166.648 Y103.572 E.06001
G1 X166.71 Y105 E.08998
G1 X166.685 Y105.961 E.06052
G1 X166.642 Y106.579 E.039
G1 X166.533 Y107.534 E.06051
G1 X166.376 Y108.475 E.06006
G1 X166.169 Y109.405 E.05998
G1 X165.915 Y110.324 E.06002
G1 X165.612 Y111.228 E.06002
G1 X165.26 Y112.123 E.06054
G1 X165.008 Y112.689 E.039
G1 X164.579 Y113.549 E.0605
G1 X164.109 Y114.379 E.06005
G1 X163.594 Y115.188 E.06037
G1 X163.189 Y115.763 E.04427
G1 X162.653 Y116.459 E.0553
G1 X162.033 Y117.185 E.0601
G1 X161.371 Y117.882 E.06051
G1 X160.925 Y118.313 E.03904
G1 X160.205 Y118.95 E.06052
G1 X159.459 Y119.543 E.05999
G1 X158.677 Y120.102 E.06051
G1 X158.157 Y120.439 E.03901
G1 X157.328 Y120.927 E.06056
G1 X156.483 Y121.367 E.05997
G1 X155.615 Y121.763 E.06006
G1 X154.728 Y122.112 E.06
G1 X153.824 Y122.415 E.06002
G1 X152.905 Y122.669 E.06002
G1 X151.975 Y122.876 E.05998
G1 X151.027 Y123.034 E.0605
G1 X150.411 Y123.11 E.03907
G1 X149.453 Y123.185 E.06049
G1 X148.5 Y123.21 E.06001
G1 X147.539 Y123.185 E.06052
G1 X146.921 Y123.142 E.039
G1 X145.966 Y123.033 E.06051
G1 X145.025 Y122.876 E.06006
G1 X144.095 Y122.669 E.05998
G1 X143.176 Y122.415 E.06002
G1 X142.264 Y122.11 E.06054
G1 X141.685 Y121.887 E.03906
G1 X140.804 Y121.504 E.06047
G1 X139.944 Y121.075 E.0605
G1 X139.402 Y120.775 E.039
G1 X138.582 Y120.272 E.06056
G1 X137.796 Y119.732 E.06003
G1 X137.04 Y119.152 E.05998
G1 X136.315 Y118.533 E.06001
M73 P34 R11
G1 X135.623 Y117.877 E.06003
G1 X134.967 Y117.185 E.06003
G1 X134.343 Y116.454 E.0605
G1 X133.961 Y115.966 E.03901
G1 X133.403 Y115.183 E.06053
G1 X132.891 Y114.379 E.06
G1 X132.421 Y113.549 E.06005
G1 X131.996 Y112.696 E.05999
G1 X131.613 Y111.815 E.06047
G1 X131.39 Y111.236 E.03906
G1 X131.085 Y110.324 E.06054
G1 X130.831 Y109.406 E.05996
G1 X130.624 Y108.475 E.06004
G1 X130.466 Y107.529 E.06038
G1 X130.382 Y106.83 E.04432
G1 X130.315 Y105.954 E.05531
G1 X130.29 Y105 E.06008
G1 X130.315 Y104.047 E.06001
G1 X130.39 Y103.091 E.06037
G1 X130.478 Y102.393 E.04429
G1 X130.624 Y101.527 E.05529
G1 X130.831 Y100.595 E.0601
G1 X131.085 Y99.676 E.06002
G1 X131.39 Y98.767 E.06036
G1 X131.644 Y98.11 E.04434
G1 X131.995 Y97.305 E.05528
G1 X132.421 Y96.451 E.06008
G1 X132.891 Y95.621 E.06005
G1 X133.403 Y94.817 E.06
G1 X133.96 Y94.037 E.06034
G1 X134.395 Y93.483 E.04434
G1 X134.966 Y92.816 E.05527
G1 X135.623 Y92.123 E.06011
G1 X136.319 Y91.464 E.06034
G1 X136.851 Y91.003 E.04431
G1 X137.54 Y90.457 E.05534
G1 X138.317 Y89.903 E.06007
G1 X139.121 Y89.391 E.06
G1 X139.951 Y88.921 E.06005
G1 X140.804 Y88.496 E.05999
G1 X141.678 Y88.116 E.05999
G1 X142.571 Y87.782 E.06002
G1 X143.486 Y87.494 E.06039
G1 X144.166 Y87.313 E.0443
G1 X145.024 Y87.125 E.05529
G1 X145.966 Y86.967 E.06013
G1 X146.913 Y86.859 E.06
G1 X147.87 Y86.801 E.06036
G1 X148.466 Y86.792 E.03752
G1 X148.489 Y87.549 F12000
G1 F1981.299
G1 X148.568 Y87.547 E.00497
G1 X149.411 Y87.571 E.05309
G1 X150.324 Y87.643 E.05765
G1 X151.23 Y87.762 E.05752
G1 X152.14 Y87.931 E.05827
G1 X152.712 Y88.063 E.03695
G1 X153.603 Y88.31 E.05821
G1 X154.469 Y88.6 E.05749
G1 X155.319 Y88.935 E.05751
G1 X156.151 Y89.313 E.05753
G1 X156.961 Y89.735 E.0575
G1 X157.758 Y90.205 E.05825
G1 X158.251 Y90.524 E.03697
G1 X159.01 Y91.066 E.05871
G1 X159.536 Y91.48 E.04214
G1 X160.177 Y92.029 E.05313
G1 X160.846 Y92.664 E.05807
G1 X161.311 Y93.148 E.04225
G1 X161.868 Y93.78 E.05303
G1 X162.439 Y94.497 E.0577
G1 X162.969 Y95.24 E.05745
G1 X163.46 Y96.011 E.05754
G1 X163.915 Y96.816 E.05821
G1 X164.182 Y97.339 E.03697
G1 X164.565 Y98.181 E.05823
G1 X164.9 Y99.031 E.05751
G1 X165.101 Y99.629 E.03971
G1 X165.275 Y100.19 E.03698
G1 X165.465 Y100.927 E.04791
G1 X165.655 Y101.821 E.05754
G1 X165.798 Y102.723 E.05749
G1 X165.893 Y103.631 E.05747
G1 X165.953 Y105 E.08626
G1 X165.929 Y105.924 E.05819
G1 X165.888 Y106.51 E.03698
G1 X165.783 Y107.429 E.05823
G1 X165.632 Y108.33 E.05751
G1 X165.434 Y109.222 E.05752
G1 X165.19 Y110.103 E.05755
G1 X164.9 Y110.969 E.05749
G1 X164.561 Y111.83 E.05825
G1 X164.323 Y112.366 E.03692
G1 X163.91 Y113.194 E.05825
G1 X163.46 Y113.989 E.05751
G1 X162.965 Y114.766 E.058
G1 X162.579 Y115.314 E.0422
G1 X162.065 Y115.982 E.05306
G1 X161.47 Y116.678 E.05764
G1 X160.833 Y117.349 E.05824
G1 X160.411 Y117.757 E.03695
G1 X159.719 Y118.37 E.0582
G1 X159.003 Y118.939 E.05757
G1 X158.25 Y119.476 E.05822
G1 X157.758 Y119.795 E.03691
G1 X156.961 Y120.265 E.05825
G1 X156.151 Y120.687 E.0575
G1 X155.319 Y121.065 E.05753
G1 X154.469 Y121.4 E.05751
G1 X153.603 Y121.69 E.05749
G1 X152.722 Y121.934 E.05755
G1 X151.83 Y122.132 E.05752
G1 X150.918 Y122.285 E.05821
G1 X150.335 Y122.356 E.03697
G1 X149.413 Y122.429 E.05822
G1 X148.5 Y122.453 E.05749
G1 X147.576 Y122.429 E.05819
G1 X146.99 Y122.388 E.03698
G1 X146.071 Y122.283 E.05823
G1 X145.17 Y122.132 E.05751
G1 X144.278 Y121.934 E.05752
G1 X143.397 Y121.69 E.05755
G1 X142.52 Y121.397 E.05821
G1 X141.972 Y121.186 E.03697
G1 X141.124 Y120.818 E.05819
G1 X140.296 Y120.405 E.05825
G1 X139.783 Y120.12 E.03694
G1 X138.994 Y119.637 E.05824
G1 X138.241 Y119.12 E.0575
G1 X137.517 Y118.563 E.0575
G1 X136.822 Y117.97 E.05751
G1 X136.159 Y117.341 E.05753
G1 X135.53 Y116.678 E.05753
G1 X134.929 Y115.975 E.05822
G1 X134.568 Y115.512 E.03696
G1 X134.031 Y114.76 E.05817
G1 X133.54 Y113.989 E.05754
G1 X133.09 Y113.194 E.05751
G1 X132.682 Y112.376 E.05754
G1 X132.314 Y111.528 E.05819
G1 X132.103 Y110.98 E.03697
G1 X131.81 Y110.103 E.05821
G1 X131.566 Y109.222 E.05755
G1 X131.368 Y108.33 E.05752
G1 X131.216 Y107.422 E.05796
G1 X131.136 Y106.756 E.04223
G1 X131.071 Y105.915 E.0531
G1 X131.047 Y105 E.05762
G1 X131.071 Y104.087 E.05749
G1 X131.143 Y103.168 E.05803
G1 X131.227 Y102.503 E.0422
G1 X131.367 Y101.672 E.05305
G1 X131.566 Y100.778 E.05766
G1 X131.81 Y99.897 E.05755
G1 X132.102 Y99.024 E.05795
G1 X132.344 Y98.399 E.04219
G1 X132.681 Y97.626 E.05308
G1 X133.09 Y96.806 E.05768
G1 X133.54 Y96.011 E.05751
G1 X134.031 Y95.24 E.05754
G1 X134.566 Y94.49 E.05799
G1 X134.98 Y93.964 E.04214
G1 X135.529 Y93.323 E.05313
G1 X136.159 Y92.659 E.05762
G1 X136.827 Y92.025 E.05798
G1 X137.334 Y91.587 E.04218
G1 X137.995 Y91.063 E.0531
G1 X138.74 Y90.531 E.05763
G1 X139.511 Y90.04 E.05754
G1 X140.306 Y89.59 E.05751
G1 X141.124 Y89.182 E.05754
G1 X141.962 Y88.818 E.05751
G1 X142.818 Y88.498 E.05753
G1 X143.696 Y88.221 E.05796
G1 X144.344 Y88.049 E.04221
G1 X145.168 Y87.868 E.05311
G1 X146.071 Y87.717 E.05763
G1 X146.979 Y87.614 E.05753
G1 X147.898 Y87.557 E.05796
G1 X148.459 Y87.549 E.03532
G1 E-8 F1500
G1 Z1.52 F3000
G1 X147.376 Y88.096 F12000
G1 Z1.32 F3000
G1 E8 F1500
;TYPE:Internal infill
G1 E-10F1500
G1 F12000.0
T0
G1 E16F1500
G1 F12000.0
;WIDTH:0.675
G1 F2373.119
G1 X149.271 Y88.072 E.0996
G1 X150.715 Y88.723 E.08325
G1 X150.921 Y89.063 E.02089
G1 X150.894 Y89.402 E.01787
G1 X150.461 Y90.758 E.07481
G1 X150.133 Y91.436 E.03958
G1 X149.674 Y92.114 E.04303
G1 X148.965 Y92.793 E.0516
G1 X148.452 Y93.132 E.03232
G1 X146.285 Y94.149 E.12581
G1 X146.079 Y94.488 E.02085
G1 X146.106 Y94.827 E.01787
G1 X146.288 Y95.505 E.0369
G1 X146.867 Y96.862 E.07754
G1 X147.326 Y97.54 E.04303
G1 X148.035 Y98.218 E.05156
G1 X149.21 Y98.896 E.0713
G1 X150.715 Y99.574 E.08676
G1 X150.921 Y99.914 E.02089
G1 X150.894 Y100.253 E.01787
G1 X150.712 Y100.931 E.0369
G1 X150.461 Y101.609 E.038
G1 X150.133 Y102.287 E.03958
G1 X149.674 Y102.965 E.04303
G1 X148.965 Y103.644 E.0516
G1 X148.452 Y103.983 E.03232
G1 X146.285 Y105 E.12581
G1 X146.079 Y105.339 E.02085
G1 X146.106 Y105.678 E.01787
G1 X146.539 Y107.035 E.07486
G1 X146.867 Y107.713 E.03958
G1 X147.326 Y108.391 E.04303
G1 X148.035 Y109.069 E.05156
G1 X148.548 Y109.408 E.03232
G1 X150.715 Y110.426 E.12583
G1 X150.921 Y110.765 E.02085
G1 X150.894 Y111.104 E.01787
G1 X150.712 Y111.782 E.0369
G1 X150.461 Y112.46 E.038
G1 X150.133 Y113.138 E.03958
G1 X149.674 Y113.816 E.04303
G1 X148.965 Y114.495 E.0516
G1 X148.452 Y114.834 E.03232
G1 X146.285 Y115.851 E.12581
G1 X146.079 Y116.19 E.02085
G1 X146.106 Y116.529 E.01787
G1 X146.539 Y117.886 E.07486
G1 X146.867 Y118.564 E.03958
G1 X147.326 Y119.242 E.04303
G1 X148.035 Y119.92 E.05156
G1 X148.548 Y120.259 E.03232
G1 X150.715 Y121.277 E.12583
G1 X150.921 Y121.616 E.02085
G1 X150.908 Y121.774 E.00833
G1 X152.253 Y121.521 E.07193
G1 X151.711 Y121.277 E.03124
G1 X151.505 Y120.937 E.02089
G1 X151.531 Y120.598 E.01787
G1 X151.965 Y119.242 E.07483
G1 X152.293 Y118.564 E.03958
G1 X152.752 Y117.886 E.04303
G1 X153.46 Y117.207 E.05156
G1 X153.974 Y116.868 E.03236
G1 X156.14 Y115.851 E.12576
G1 X156.346 Y115.512 E.02085
G1 X156.32 Y115.173 E.01787
G1 X156.137 Y114.495 E.03691
G1 X155.886 Y113.816 E.03805
G1 X155.558 Y113.138 E.03958
G1 X155.099 Y112.46 E.04303
G1 X154.391 Y111.782 E.05152
G1 X153.877 Y111.443 E.03236
G1 X151.711 Y110.426 E.12576
G1 X151.505 Y110.086 E.02089
G1 X151.531 Y109.747 E.01787
G1 X151.714 Y109.069 E.03691
G1 X151.965 Y108.391 E.038
G1 X152.293 Y107.713 E.03958
G1 X152.752 Y107.035 E.04303
G1 X153.46 Y106.356 E.05156
G1 X153.974 Y106.017 E.03236
G1 X156.14 Y105 E.12576
G1 X156.346 Y104.661 E.02085
G1 X156.32 Y104.322 E.01787
G1 X156.137 Y103.644 E.03691
G1 X155.886 Y102.965 E.03805
G1 X155.558 Y102.287 E.03958
G1 X155.099 Y101.609 E.04303
G1 X154.391 Y100.931 E.05152
G1 X153.877 Y100.592 E.03236
G1 X151.711 Y99.574 E.12579
G1 X151.505 Y99.235 E.02085
G1 X151.531 Y98.896 E.01787
G1 X151.714 Y98.218 E.03691
G1 X151.965 Y97.54 E.038
G1 X152.293 Y96.862 E.03958
G1 X152.752 Y96.184 E.04303
G1 X153.46 Y95.505 E.05156
G1 X153.974 Y95.166 E.03236
G1 X156.14 Y94.149 E.12576
G1 X156.346 Y93.81 E.02085
G1 X156.32 Y93.471 E.01787
G1 X156.137 Y92.793 E.03691
G1 X155.886 Y92.114 E.03805
G1 X155.558 Y91.436 E.03958
G1 X155.099 Y90.758 E.04303
G1 X154.391 Y90.08 E.05152
G1 X153.877 Y89.741 E.03236
G1 X151.711 Y88.723 E.12579
G1 X151.509 Y88.328 E.02332
G1 X152.246 Y88.474 E.03949
G1 E-8 F1500
G1 Z1.52 F3000
G1 X132.739 Y98.777 F12000
G1 Z1.32 F3000
G1 E8 F1500
G1 F2373.119
G1 X132.146 Y100.577 E.09961
G1 X132.689 Y100.931 E.03407
G1 X133.397 Y101.609 E.05152
G1 X133.856 Y102.287 E.04303
G1 X134.435 Y103.644 E.07754
G1 X134.618 Y104.322 E.03691
G1 X134.644 Y104.661 E.01787
G1 X134.438 Y105 E.02085
G1 X132.271 Y106.017 E.12581
G1 X131.622 Y106.487 E.04212
G1 X131.892 Y108.362 E.09956
G1 E-8 F1500
G1 Z1.52 F3000
M73 P35 R11
G1 X132.477 Y110.506 F12000
G1 Z1.32 F3000
G1 E8 F1500
G1 F2373.119
G1 X133.19 Y112.262 E.09961
G1 X133.397 Y112.46 E.01506
G1 X133.856 Y113.138 E.04303
G1 X134.45 Y114.477 E.07699
G1 X135.473 Y115.833 E.08927
G1 X136.939 Y115.173 E.0845
G1 X138.114 Y114.495 E.0713
G1 X138.823 Y113.816 E.0516
G1 X139.282 Y113.138 E.04303
G1 X139.61 Y112.46 E.03958
G1 X140.043 Y111.104 E.07481
G1 X140.07 Y110.765 E.01787
G1 X139.864 Y110.426 E.02085
G1 X137.697 Y109.408 E.12583
G1 X137.183 Y109.069 E.03236
G1 X136.475 Y108.391 E.05152
G1 X136.016 Y107.713 E.04303
G1 X135.688 Y107.035 E.03958
G1 X135.437 Y106.356 E.03805
G1 X135.255 Y105.678 E.0369
G1 X135.228 Y105.339 E.01787
G1 X135.434 Y105 E.02085
G1 X137.601 Y103.983 E.12581
G1 X138.114 Y103.644 E.03232
G1 X138.823 Y102.965 E.0516
G1 X139.282 Y102.287 E.04303
G1 X139.61 Y101.609 E.03958
G1 X139.861 Y100.931 E.038
G1 X140.043 Y100.253 E.0369
G1 X140.07 Y99.914 E.01787
G1 X139.864 Y99.574 E.02089
G1 X137.697 Y98.557 E.12581
G1 X137.183 Y98.218 E.03236
G1 X136.475 Y97.54 E.05152
G1 X136.016 Y96.862 E.04303
G1 X135.688 Y96.184 E.03958
G1 X135.437 Y95.505 E.03805
G1 X135.255 Y94.827 E.0369
G1 X135.228 Y94.488 E.01787
G1 X135.519 Y94.11 E.02507
G1 X136.939 Y93.471 E.08184
G1 X138.114 Y92.793 E.0713
G1 X138.823 Y92.114 E.0516
G1 X139.282 Y91.436 E.04303
G1 X139.698 Y90.52 E.05287
G1 X140.544 Y90.036 E.05123
G1 X142.13 Y89.296 E.09198
G1 X142.364 Y89.402 E.0135
G1 X143.54 Y90.08 E.07134
G1 X144.248 Y90.758 E.05152
G1 X144.707 Y91.436 E.04303
G1 X145.035 Y92.114 E.03958
G1 X145.286 Y92.793 E.03805
G1 X145.469 Y93.471 E.03691
G1 X145.495 Y93.81 E.01787
G1 X145.289 Y94.149 E.02085
G1 X143.123 Y95.166 E.12576
G1 X142.609 Y95.505 E.03236
G1 X141.901 Y96.184 E.05156
G1 X141.442 Y96.862 E.04303
G1 X141.114 Y97.54 E.03958
G1 X140.68 Y98.896 E.07483
G1 X140.654 Y99.235 E.01787
G1 X140.86 Y99.574 E.02085
G1 X143.026 Y100.592 E.12579
G1 X143.54 Y100.931 E.03236
G1 X144.248 Y101.609 E.05152
G1 X144.707 Y102.287 E.04303
G1 X145.035 Y102.965 E.03958
G1 X145.469 Y104.322 E.07488
G1 X145.495 Y104.661 E.01787
G1 X145.289 Y105 E.02085
G1 X143.123 Y106.017 E.12576
G1 X142.609 Y106.356 E.03236
G1 X141.901 Y107.035 E.05156
G1 X141.442 Y107.713 E.04303
G1 X141.114 Y108.391 E.03958
G1 X140.68 Y109.747 E.07483
G1 X140.654 Y110.086 E.01787
G1 X140.86 Y110.426 E.02089
G1 X143.026 Y111.443 E.12576
G1 X143.54 Y111.782 E.03236
G1 X144.248 Y112.46 E.05152
G1 X144.707 Y113.138 E.04303
G1 X145.035 Y113.816 E.03958
G1 X145.469 Y115.173 E.07488
G1 X145.495 Y115.512 E.01787
G1 X145.289 Y115.851 E.02085
G1 X143.785 Y116.529 E.08671
G1 X142.609 Y117.207 E.07134
G1 X141.901 Y117.886 E.05156
G1 X141.442 Y118.564 E.04303
G1 X141.114 Y119.242 E.03958
G1 X140.815 Y120.099 E.0477
G1 X142.548 Y120.866 E.0996
G1 E-8 F1500
G1 Z1.52 F3000
G1 X159.528 Y117.863 F12000
G1 Z1.32 F3000
G1 E8 F1500
G1 F2373.119
G1 X158.024 Y119.016 E.0996
G1 X157.718 Y118.564 E.02869
G1 X157.39 Y117.886 E.03958
G1 X157.139 Y117.207 E.03805
G1 X156.957 Y116.529 E.0369
G1 X156.93 Y116.19 E.01787
G1 X157.136 Y115.851 E.02085
G1 X159.303 Y114.834 E.12581
G1 X159.817 Y114.495 E.03236
G1 X160.525 Y113.816 E.05156
G1 X160.984 Y113.138 E.04303
G1 X161.312 Y112.46 E.03958
G1 X161.563 Y111.782 E.038
G1 X161.745 Y111.104 E.0369
G1 X161.772 Y110.765 E.01787
G1 X161.566 Y110.426 E.02085
G1 X159.399 Y109.408 E.12583
G1 X158.886 Y109.069 E.03232
G1 X158.177 Y108.391 E.05156
G1 X157.718 Y107.713 E.04303
G1 X157.39 Y107.035 E.03958
G1 X157.139 Y106.356 E.03805
G1 X156.957 Y105.678 E.0369
G1 X156.93 Y105.339 E.01787
G1 X157.136 Y105 E.02085
G1 X159.303 Y103.983 E.12581
G1 X159.817 Y103.644 E.03236
G1 X160.525 Y102.965 E.05156
G1 X160.984 Y102.287 E.04303
G1 X161.312 Y101.609 E.03958
G1 X161.563 Y100.931 E.038
G1 X161.745 Y100.253 E.0369
G1 X161.772 Y99.914 E.01787
G1 X161.566 Y99.574 E.02089
G1 X159.399 Y98.557 E.12581
G1 X158.886 Y98.218 E.03232
G1 X158.177 Y97.54 E.05156
G1 X157.718 Y96.862 E.04303
G1 X157.39 Y96.184 E.03958
G1 X157.139 Y95.505 E.03805
G1 X156.957 Y94.827 E.0369
G1 X156.93 Y94.488 E.01787
G1 X157.136 Y94.149 E.02085
G1 X159.303 Y93.132 E.12581
G1 X160.031 Y92.587 E.0478
G1 X161.346 Y93.952 E.09962
G1 E-8 F1500
G1 Z1.52 F3000
G1 X162.241 Y95.09 F12000
G1 Z1.32 F3000
G1 E8 F1500
G1 F2373.119
G1 X163.262 Y96.687 E.09962
G1 X162.816 Y97.54 E.05059
G1 X162.565 Y98.218 E.038
G1 X162.382 Y98.896 E.03691
G1 X162.356 Y99.235 E.01787
G1 X162.562 Y99.574 E.02085
G1 X164.066 Y100.253 E.08673
G1 X164.89 Y100.699 E.04924
G1 X165.266 Y102.556 E.09958
G1 E-8 F1500
G1 Z1.52 F3000
G1 X165.401 Y103.813 F12000
G1 Z1.32 F3000
G1 E8 F1500
G1 F2373.119
G1 X165.429 Y105.708 E.09961
G1 X164.311 Y106.356 E.06792
G1 X163.603 Y107.035 E.05156
G1 X163.144 Y107.713 E.04303
G1 X162.816 Y108.391 E.03958
G1 X162.382 Y109.747 E.07483
G1 X162.356 Y110.086 E.01787
G1 X162.562 Y110.426 E.02089
G1 X164.264 Y111.205 E.09838
G1 X163.477 Y112.929 E.0996
;LAYER_CHANGE
;Z:1.52
;HEIGHT:0.2

G1 E-8 F1500
G1 Z1.52 F3000
;AFTER_LAYER_CHANGE
;1.52
G92 E0
_ON_LAYER_CHANGE LAYER=7
G1 Z1.72
G1 X148.508 Y85.34 F12000
G1 Z1.52 F3000
G1 E8 F1500
;TYPE:External perimeter
;WIDTH:0.674999
G1 F2373.121
G1 X148.597 Y85.338 E.00468
G1 X149.529 Y85.365 E.049
G1 X150.555 Y85.445 E.05409
G1 X151.576 Y85.58 E.05413
G1 X152.589 Y85.767 E.05414
G1 X153.35 Y85.946 E.04109
G1 X154.248 Y86.197 E.04901
G1 X155.225 Y86.523 E.05413
G1 X156.183 Y86.901 E.05413
G1 X157.119 Y87.328 E.05407
G1 X158.033 Y87.803 E.05414
G1 X158.921 Y88.326 E.05416
G1 X160.056 Y89.092 E.07197
G1 X160.874 Y89.719 E.05417
G1 X161.657 Y90.388 E.05413
G1 X162.404 Y91.097 E.05413
G1 X162.946 Y91.662 E.04115
G1 X163.562 Y92.361 E.04897
G1 X164.203 Y93.167 E.05412
G1 X164.801 Y94.006 E.05415
G1 X165.225 Y94.663 E.0411
G1 X165.697 Y95.467 E.049
G1 X166.172 Y96.381 E.05414
G1 X166.599 Y97.317 E.05407
G1 X166.977 Y98.276 E.05418
G1 X167.2 Y98.923 E.03597
G1 X167.492 Y99.911 E.05415
G1 X167.733 Y100.912 E.05411
G1 X167.92 Y101.924 E.05409
G1 X168.055 Y102.945 E.05413
G1 X168.135 Y103.971 E.05409
G1 X168.15 Y105.685 E.09009
G1 X168.088 Y106.714 E.05418
G1 X167.971 Y107.736 E.05406
G1 X167.801 Y108.752 E.05414
G1 X167.578 Y109.757 E.05411
G1 X167.303 Y110.749 E.0541
G1 X166.977 Y111.725 E.05408
G1 X166.599 Y112.684 E.05418
G1 X166.321 Y113.308 E.0359
G1 X165.861 Y114.231 E.0542
G1 X165.354 Y115.127 E.05411
G1 X164.8 Y115.996 E.05416
G1 X164.408 Y116.556 E.03593
G1 X163.781 Y117.374 E.05417
G1 X163.112 Y118.157 E.05413
G1 X162.402 Y118.904 E.05417
G1 X161.911 Y119.379 E.03591
G1 X161.139 Y120.062 E.05417
G1 X160.333 Y120.703 E.05412
G1 X159.494 Y121.302 E.05418
G1 X158.921 Y121.674 E.03591
M73 P36 R11
G1 X158.032 Y122.197 E.05421
G1 X157.119 Y122.672 E.05409
G1 X156.183 Y123.099 E.05407
G1 X155.225 Y123.477 E.05413
G1 X154.247 Y123.804 E.0542
G1 X153.59 Y123.992 E.03592
G1 X152.588 Y124.233 E.05416
G1 X151.576 Y124.42 E.05409
G1 X150.555 Y124.555 E.05413
G1 X149.529 Y124.635 E.05409
G1 X148.499 Y124.662 E.05415
G1 X147.815 Y124.65 E.03595
G1 X146.786 Y124.588 E.05418
G1 X145.764 Y124.471 E.05406
G1 X144.747 Y124.301 E.05419
G1 X144.078 Y124.159 E.03594
G1 X143.08 Y123.901 E.05418
G1 X142.099 Y123.591 E.05407
G1 X141.134 Y123.231 E.05413
G1 X140.19 Y122.82 E.05411
G1 X139.269 Y122.361 E.05408
G1 X138.373 Y121.854 E.05411
G1 X137.505 Y121.301 E.05409
G1 X136.666 Y120.702 E.05418
G1 X136.127 Y120.281 E.03595
G1 X135.343 Y119.612 E.05417
G1 X134.597 Y118.903 E.05409
G1 X133.888 Y118.157 E.05409
G1 X133.219 Y117.374 E.05413
G1 X132.593 Y116.557 E.0541
G1 X132.009 Y115.708 E.05416
G1 X131.597 Y115.044 E.04107
G1 X131.139 Y114.231 E.04904
G1 X130.68 Y113.31 E.05408
G1 X130.269 Y112.364 E.05421
G1 X130.024 Y111.726 E.03592
G1 X129.697 Y110.749 E.05415
G1 X129.422 Y109.757 E.0541
G1 X129.199 Y108.752 E.05411
G1 X129.029 Y107.736 E.05414
G1 X128.936 Y106.959 E.04113
G1 X128.865 Y106.029 E.04902
G1 X128.838 Y104.999 E.05415
G1 X128.85 Y104.315 E.03595
G1 X128.912 Y103.286 E.05418
G1 X129.029 Y102.264 E.05406
G1 X129.199 Y101.248 E.05414
G1 X129.422 Y100.243 E.05411
G1 X129.697 Y99.251 E.0541
G1 X130.024 Y98.274 E.05415
G1 X130.306 Y97.545 E.04108
G1 X130.68 Y96.691 E.049
G1 X131.139 Y95.769 E.05413
G1 X131.646 Y94.873 E.05411
G1 X132.199 Y94.005 E.05409
G1 X132.798 Y93.166 E.05418
G1 X133.218 Y92.627 E.03591
G1 X133.888 Y91.843 E.0542
G1 X134.597 Y91.097 E.05409
G1 X135.344 Y90.387 E.05417
G1 X135.86 Y89.939 E.03591
G1 X136.667 Y89.297 E.0542
G1 X137.505 Y88.699 E.05411
G1 X138.373 Y88.146 E.05409
G1 X139.269 Y87.639 E.05411
G1 X140.19 Y87.18 E.05408
G1 X141.136 Y86.769 E.05421
G1 X141.774 Y86.524 E.03592
G1 X142.751 Y86.197 E.05415
G1 X143.743 Y85.922 E.0541
G1 X144.748 Y85.699 E.05411
G1 X145.764 Y85.529 E.05414
G1 X146.786 Y85.412 E.05406
G1 X147.815 Y85.35 E.05418
G1 X148.478 Y85.34 E.03485
G1 X149.078 Y85.352 F12000
G1 X148.502 Y86.034
;TYPE:Perimeter
G1 E-10F1500
G1 F12000.0
T1
G1 E20F1500
;WIDTH:0.799999
G1 F1981.299
G1 X148.592 Y86.033 E.00567
G1 X149.492 Y86.058 E.05668
G1 X150.483 Y86.136 E.06258
G1 X151.467 Y86.266 E.06248
G1 X152.446 Y86.447 E.06267
G1 X153.178 Y86.619 E.04734
G1 X154.045 Y86.861 E.05667
G1 X154.987 Y87.176 E.06253
G1 X155.911 Y87.54 E.06252
G1 X156.815 Y87.952 E.06254
G1 X157.696 Y88.411 E.06254
G1 X158.555 Y88.917 E.06276
G1 X159.645 Y89.652 E.08276
G1 X160.437 Y90.259 E.06282
G1 X161.192 Y90.904 E.06251
G1 X161.914 Y91.59 E.0627
G1 X162.434 Y92.132 E.04728
G1 X163.029 Y92.807 E.05664
G1 X163.648 Y93.585 E.06259
G1 X164.226 Y94.396 E.06269
G1 X164.634 Y95.027 E.0473
G1 X165.089 Y95.804 E.05668
G1 X165.548 Y96.685 E.06254
G1 X165.96 Y97.589 E.06254
G1 X166.325 Y98.517 E.06278
G1 X166.538 Y99.134 E.04109
G1 X166.821 Y100.091 E.06282
G1 X167.053 Y101.056 E.06248
G1 X167.234 Y102.033 E.06255
G1 X167.364 Y103.017 E.06248
G1 X167.442 Y104.007 E.06251
G1 X167.456 Y105.657 E.10387
G1 X167.395 Y106.653 E.06282
G1 X167.283 Y107.64 E.06253
G1 X167.119 Y108.619 E.06249
G1 X166.904 Y109.589 E.06254
G1 X166.639 Y110.546 E.06251
G1 X166.324 Y111.487 E.06247
G1 X165.958 Y112.415 E.0628
G1 X165.692 Y113.012 E.04114
G1 X165.247 Y113.905 E.06281
G1 X164.758 Y114.769 E.0625
G1 X164.222 Y115.61 E.06278
G1 X163.848 Y116.145 E.04109
G1 X163.241 Y116.937 E.06282
G1 X162.596 Y117.692 E.06251
G1 X161.909 Y118.415 E.06278
G1 X161.439 Y118.869 E.04114
G1 X160.692 Y119.53 E.06279
G1 X159.915 Y120.148 E.0625
G1 X159.103 Y120.727 E.06278
G1 X158.555 Y121.083 E.04114
G1 X157.696 Y121.589 E.06276
G1 X156.815 Y122.048 E.06254
G1 X155.911 Y122.46 E.06254
G1 X154.987 Y122.824 E.06252
G1 X154.041 Y123.14 E.06279
G1 X153.414 Y123.32 E.04106
G1 X152.444 Y123.553 E.0628
G1 X151.467 Y123.734 E.06255
G1 X150.483 Y123.864 E.06248
G1 X149.493 Y123.942 E.06251
G1 X148.495 Y123.968 E.06285
G1 X147.843 Y123.956 E.04105
G1 X146.847 Y123.895 E.06282
G1 X145.86 Y123.783 E.06253
G1 X144.876 Y123.618 E.06281
G1 X144.238 Y123.483 E.04105
G1 X143.272 Y123.233 E.06281
G1 X142.325 Y122.934 E.06252
G1 X141.395 Y122.586 E.06251
G1 X140.484 Y122.19 E.06253
G1 X139.595 Y121.747 E.06253
G1 X138.731 Y121.258 E.0625
G1 X137.893 Y120.725 E.06252
G1 X137.081 Y120.146 E.06278
G1 X136.567 Y119.743 E.04112
G1 X135.808 Y119.096 E.06278
G1 X135.088 Y118.412 E.06252
G1 X134.404 Y117.692 E.06252
G1 X133.759 Y116.937 E.06251
G1 X133.155 Y116.149 E.0625
G1 X132.591 Y115.328 E.0627
G1 X132.195 Y114.69 E.04727
G1 X131.753 Y113.906 E.05666
G1 X131.31 Y113.016 E.06258
G1 X130.912 Y112.101 E.06281
G1 X130.678 Y111.492 E.04107
G1 X130.361 Y110.546 E.06281
G1 X130.096 Y109.589 E.06251
G1 X129.881 Y108.619 E.06254
G1 X129.717 Y107.637 E.06267
G1 X129.627 Y106.891 E.0473
G1 X129.558 Y105.994 E.05663
G1 X129.532 Y104.995 E.06291
G1 X129.544 Y104.343 E.04105
G1 X129.605 Y103.347 E.06282
G1 X129.717 Y102.36 E.06253
G1 X129.881 Y101.381 E.06249
G1 X130.096 Y100.411 E.06254
G1 X130.361 Y99.454 E.06251
G1 X130.677 Y98.51 E.06267
G1 X130.949 Y97.81 E.04728
G1 X131.309 Y96.985 E.05666
G1 X131.753 Y96.095 E.06261
G1 X132.242 Y95.231 E.0625
G1 X132.775 Y94.393 E.06252
G1 X133.354 Y93.581 E.06278
G1 X133.756 Y93.067 E.04108
G1 X134.404 Y92.308 E.06282
G1 X135.088 Y91.588 E.06252
G1 X135.811 Y90.901 E.06278
G1 X136.304 Y90.473 E.0411
G1 X137.085 Y89.852 E.06281
G1 X137.893 Y89.275 E.0625
G1 X138.731 Y88.742 E.06252
G1 X139.595 Y88.253 E.0625
G1 X140.484 Y87.81 E.06253
G1 X141.399 Y87.412 E.06281
G1 X142.008 Y87.178 E.04107
G1 X142.954 Y86.861 E.06281
G1 X143.911 Y86.596 E.06251
G1 X144.881 Y86.381 E.06254
G1 X145.86 Y86.217 E.06249
G1 X146.847 Y86.105 E.06253
G1 X147.841 Y86.044 E.06269
G1 X148.472 Y86.035 E.03973
G1 X148.496 Y86.792 F12000
G1 F1981.299
G1 X148.587 Y86.79 E.00573
G1 X149.451 Y86.815 E.05441
G1 X150.403 Y86.89 E.06012
G1 X151.349 Y87.014 E.06006
G1 X152.291 Y87.189 E.06031
G1 X152.989 Y87.352 E.04512
G1 X153.823 Y87.585 E.05451
G1 X154.728 Y87.888 E.06008
G1 X155.615 Y88.237 E.06
G1 X156.483 Y88.633 E.06006
G1 X157.329 Y89.073 E.06003
G1 X158.157 Y89.561 E.0605
G1 X159.198 Y90.263 E.07904
G1 X159.96 Y90.848 E.06047
G1 X160.685 Y91.467 E.06001
G1 X161.38 Y92.127 E.06034
G1 X161.877 Y92.645 E.04519
G1 X162.449 Y93.293 E.05441
G1 X163.043 Y94.041 E.06013
G1 X163.6 Y94.821 E.06034
G1 X163.989 Y95.424 E.04517
G1 X164.426 Y96.17 E.05443
G1 X164.867 Y97.017 E.06011
G1 X165.263 Y97.885 E.06006
G1 X165.615 Y98.779 E.06048
G1 X165.817 Y99.365 E.03902
G1 X166.09 Y100.287 E.06053
G1 X166.312 Y101.214 E.06001
G1 X166.486 Y102.151 E.05999
G1 X166.61 Y103.097 E.06006
G1 X166.685 Y104.047 E.05999
G1 X166.7 Y105.628 E.09953
G1 X166.641 Y106.587 E.06048
G1 X166.533 Y107.534 E.06
G1 X166.376 Y108.475 E.06006
G1 X166.169 Y109.405 E.05998
G1 X165.915 Y110.324 E.06002
G1 X165.612 Y111.228 E.06002
G1 X165.26 Y112.123 E.06054
G1 X165.008 Y112.689 E.039
G1 X164.579 Y113.549 E.0605
G1 X164.109 Y114.379 E.06005
G1 X163.593 Y115.19 E.06051
G1 X163.237 Y115.698 E.03905
G1 X162.652 Y116.46 E.06047
G1 X162.033 Y117.185 E.06001
G1 X161.371 Y117.882 E.06051
G1 X160.925 Y118.313 E.03904
G1 X160.205 Y118.95 E.06052
G1 X159.459 Y119.543 E.05999
G1 X158.677 Y120.102 E.06051
G1 X158.157 Y120.439 E.03901
G1 X157.328 Y120.927 E.06056
G1 X156.483 Y121.367 E.05997
G1 X155.615 Y121.763 E.06006
G1 X154.728 Y122.112 E.06
G1 X153.817 Y122.417 E.06048
G1 X153.221 Y122.588 E.03903
G1 X152.286 Y122.812 E.06053
G1 X151.349 Y122.986 E.05999
G1 X150.403 Y123.11 E.06006
M73 P36 R10
G1 X149.453 Y123.185 E.05999
G1 X148.492 Y123.21 E.06052
G1 X147.872 Y123.2 E.03903
G1 X146.913 Y123.141 E.06048
G1 X145.966 Y123.033 E.06
G1 X145.018 Y122.874 E.06051
G1 X144.411 Y122.745 E.03906
G1 X143.481 Y122.505 E.06046
G1 X142.571 Y122.218 E.06007
G1 X141.678 Y121.884 E.06002
G1 X140.804 Y121.504 E.05999
G1 X139.951 Y121.079 E.05999
G1 X139.121 Y120.609 E.06005
G1 X138.317 Y120.097 E.06
G1 X137.534 Y119.539 E.06053
G1 X137.046 Y119.157 E.03901
G1 X136.315 Y118.533 E.0605
G1 X135.623 Y117.877 E.06003
G1 X134.967 Y117.185 E.06003
G1 X134.348 Y116.46 E.06001
G1 X133.768 Y115.704 E.05998
G1 X133.225 Y114.914 E.06035
G1 X132.847 Y114.304 E.04518
G1 X132.422 Y113.551 E.05443
G1 X131.996 Y112.696 E.06013
G1 X131.613 Y111.815 E.06047
G1 X131.39 Y111.236 E.03906
G1 X131.085 Y110.324 E.06054
G1 X130.831 Y109.405 E.06002
G1 X130.624 Y108.475 E.05998
G1 X130.466 Y107.53 E.06031
G1 X130.381 Y106.817 E.0452
G1 X130.315 Y105.955 E.05442
G1 X130.29 Y104.992 E.06064
G1 X130.3 Y104.372 E.03903
G1 X130.359 Y103.413 E.06048
G1 X130.467 Y102.466 E.06
G1 X130.624 Y101.525 E.06006
G1 X130.831 Y100.595 E.05998
G1 X131.085 Y99.676 E.06002
G1 X131.39 Y98.767 E.06036
G1 X131.649 Y98.098 E.04516
G1 X131.995 Y97.306 E.05441
G1 X132.421 Y96.451 E.06013
G1 X132.891 Y95.621 E.06005
G1 X133.403 Y94.817 E.06
G1 X133.961 Y94.034 E.06053
G1 X134.343 Y93.546 E.03901
G1 X134.967 Y92.815 E.0605
G1 X135.623 Y92.123 E.06003
G1 X136.321 Y91.462 E.06052
G1 X136.789 Y91.055 E.03904
G1 X137.541 Y90.457 E.06048
G1 X138.317 Y89.903 E.06002
G1 X139.121 Y89.391 E.06
G1 X139.951 Y88.921 E.06005
G1 X140.804 Y88.496 E.05999
G1 X141.685 Y88.113 E.06047
G1 X142.264 Y87.89 E.03906
G1 X143.176 Y87.585 E.06054
G1 X144.095 Y87.331 E.06002
G1 X145.025 Y87.124 E.05998
G1 X145.966 Y86.967 E.06006
G1 X146.913 Y86.859 E.06
G1 X147.869 Y86.801 E.06029
G1 X148.466 Y86.792 E.03759
G1 X148.489 Y87.549 F12000
G1 F1981.299
G1 X148.582 Y87.548 E.00585
G1 X149.411 Y87.571 E.05221
G1 X150.324 Y87.643 E.05765
G1 X151.23 Y87.762 E.05752
G1 X152.136 Y87.93 E.05801
G1 X152.801 Y88.086 E.043
G1 X153.601 Y88.309 E.05228
G1 X154.469 Y88.6 E.05763
G1 X155.319 Y88.935 E.05751
G1 X156.151 Y89.313 E.05753
G1 X156.961 Y89.735 E.0575
G1 X157.758 Y90.205 E.05825
G1 X158.75 Y90.874 E.07532
G1 X159.483 Y91.437 E.05818
G1 X160.178 Y92.03 E.05751
G1 X160.846 Y92.664 E.05798
G1 X161.319 Y93.157 E.04301
G1 X161.868 Y93.78 E.05227
G1 X162.439 Y94.497 E.0577
G1 X162.973 Y95.246 E.05791
G1 X163.344 Y95.821 E.04308
G1 X163.764 Y96.537 E.05226
G1 X164.187 Y97.349 E.05764
G1 X164.565 Y98.181 E.05753
G1 X164.904 Y99.041 E.05819
G1 X165.096 Y99.596 E.03697
G1 X165.358 Y100.483 E.05822
G1 X165.572 Y101.371 E.0575
G1 X165.738 Y102.27 E.05755
G1 X165.857 Y103.176 E.05752
G1 X165.929 Y104.087 E.05753
G1 X165.943 Y105.598 E.09512
G1 X165.886 Y106.521 E.05821
G1 X165.783 Y107.429 E.05753
G1 X165.632 Y108.33 E.05751
G1 X165.434 Y109.222 E.05752
G1 X165.19 Y110.103 E.05755
G1 X164.9 Y110.969 E.05749
G1 X164.561 Y111.83 E.05825
G1 X164.323 Y112.366 E.03692
G1 X163.91 Y113.194 E.05825
G1 X163.46 Y113.989 E.05751
G1 X162.963 Y114.769 E.05822
G1 X162.626 Y115.25 E.03697
G1 X162.063 Y115.983 E.05818
G1 X161.47 Y116.678 E.05751
G1 X160.833 Y117.349 E.05824
G1 X160.411 Y117.757 E.03695
M73 P37 R10
G1 X159.719 Y118.37 E.0582
G1 X159.003 Y118.939 E.05757
G1 X158.25 Y119.476 E.05822
G1 X157.758 Y119.795 E.03691
G1 X156.961 Y120.265 E.05825
G1 X156.151 Y120.687 E.0575
G1 X155.319 Y121.065 E.05753
G1 X154.469 Y121.4 E.05751
G1 X153.592 Y121.694 E.05823
G1 X153.028 Y121.856 E.03694
G1 X152.129 Y122.072 E.0582
G1 X151.23 Y122.238 E.05755
G1 X150.324 Y122.357 E.05752
G1 X149.413 Y122.429 E.05753
G1 X148.489 Y122.453 E.05819
G1 X147.902 Y122.443 E.03696
G1 X146.979 Y122.386 E.05821
G1 X146.071 Y122.283 E.05753
G1 X145.159 Y122.13 E.05821
G1 X144.585 Y122.008 E.03694
G1 X143.689 Y121.777 E.05825
G1 X142.818 Y121.502 E.0575
G1 X141.962 Y121.182 E.05753
G1 X141.124 Y120.818 E.05751
G1 X140.306 Y120.41 E.05754
G1 X139.511 Y119.96 E.05751
G1 X138.74 Y119.469 E.05754
G1 X137.988 Y118.932 E.05817
G1 X137.525 Y118.571 E.03696
G1 X136.822 Y117.97 E.05822
G1 X136.159 Y117.341 E.05753
G1 X135.53 Y116.678 E.05753
G1 X134.937 Y115.983 E.05751
G1 X134.38 Y115.259 E.0575
G1 X133.859 Y114.5 E.05795
G1 X133.498 Y113.919 E.04306
G1 X133.091 Y113.196 E.05223
G1 X132.682 Y112.376 E.05768
G1 X132.314 Y111.528 E.05819
G1 X132.103 Y110.98 E.03697
G1 X131.81 Y110.103 E.05821
G1 X131.566 Y109.222 E.05755
G1 X131.368 Y108.33 E.05752
G1 X131.216 Y107.422 E.05796
G1 X131.135 Y106.743 E.04305
G1 X131.071 Y105.916 E.05222
G1 X131.047 Y104.989 E.05838
G1 X131.057 Y104.402 E.03696
G1 X131.114 Y103.479 E.05821
G1 X131.217 Y102.571 E.05753
G1 X131.368 Y101.67 E.05751
G1 X131.566 Y100.778 E.05752
G1 X131.81 Y99.897 E.05755
G1 X132.102 Y99.024 E.05795
G1 X132.349 Y98.387 E.04301
G1 X132.681 Y97.626 E.05227
G1 X133.09 Y96.806 E.05768
G1 X133.54 Y96.011 E.05751
G1 X134.031 Y95.24 E.05754
G1 X134.568 Y94.488 E.05817
G1 X134.929 Y94.025 E.03696
G1 X135.53 Y93.322 E.05822
G1 X136.159 Y92.659 E.05753
G1 X136.83 Y92.022 E.05824
G1 X137.273 Y91.637 E.03695
G1 X137.997 Y91.062 E.0582
G1 X138.74 Y90.531 E.05749
G1 X139.511 Y90.04 E.05754
G1 X140.306 Y89.59 E.05751
G1 X141.124 Y89.182 E.05754
G1 X141.972 Y88.814 E.05819
G1 X142.52 Y88.603 E.03697
G1 X143.397 Y88.31 E.05821
G1 X144.278 Y88.066 E.05755
G1 X145.17 Y87.868 E.05752
G1 X146.071 Y87.717 E.05751
G1 X146.979 Y87.614 E.05753
G1 X147.898 Y87.557 E.05796
G1 X148.459 Y87.549 E.03532
G1 E-8 F1500
G1 Z1.72 F3000
G1 X158.578 Y91.379 F12000
G1 Z1.52 F3000
G1 E8 F1500
;TYPE:Internal infill
G1 E-10F1500
G1 F12000.0
T0
G1 E16F1500
G1 F12000.0
;WIDTH:0.675
G1 F2373.119
G1 X160.035 Y92.59 E.09957
G1 X159.351 Y93.015 E.04232
G1 X158.673 Y93.301 E.03867
G1 X157.995 Y93.487 E.03695
G1 X157.316 Y93.533 E.03577
G1 X156.977 Y93.425 E.0187
G1 X156.638 Y93.116 E.02411
G1 X155.96 Y91.941 E.0713
G1 X155.282 Y90.923 E.06428
G1 X154.604 Y90.277 E.04922
G1 X153.926 Y89.858 E.04189
G1 X153.247 Y89.572 E.03872
G1 X152.569 Y89.385 E.03696
G1 X151.891 Y89.34 E.03571
G1 X151.552 Y89.447 E.01868
G1 X151.213 Y89.756 E.02411
G1 X150.535 Y90.931 E.0713
G1 X149.856 Y91.949 E.06431
G1 X149.178 Y92.596 E.04926
G1 X148.5 Y93.015 E.04189
G1 X147.822 Y93.301 E.03867
G1 X147.144 Y93.487 E.03695
G1 X146.465 Y93.533 E.03577
G1 X146.126 Y93.425 E.0187
G1 X145.787 Y93.116 E.02411
G1 X145.109 Y91.941 E.0713
G1 X144.431 Y90.923 E.06428
G1 X143.753 Y90.277 E.04922
G1 X143.074 Y89.858 E.04193
G1 X142.396 Y89.572 E.03867
G1 X141.844 Y89.42 E.03009
G1 X140.034 Y90.325 E.10636
G1 X139.005 Y91.949 E.10104
G1 X138.327 Y92.596 E.04926
G1 X137.649 Y93.015 E.04189
G1 X136.971 Y93.301 E.03867
G1 X136.055 Y93.503 E.0493
G1 X134.789 Y95.048 E.10498
G1 X134.936 Y95.182 E.01045
G1 X135.614 Y96.357 E.0713
G1 X136.293 Y97.375 E.06431
G1 X136.971 Y98.021 E.04922
G1 X137.649 Y98.44 E.04189
G1 X138.327 Y98.726 E.03867
G1 X139.005 Y98.913 E.03696
G1 X139.684 Y98.958 E.03576
G1 X140.023 Y98.851 E.01868
G1 X140.362 Y98.542 E.02411
G1 X141.04 Y97.366 E.07134
G1 X141.718 Y96.349 E.06424
G1 X142.396 Y95.702 E.04926
G1 X143.074 Y95.283 E.04189
G1 X143.753 Y94.997 E.03872
G1 X144.431 Y94.811 E.03695
G1 X145.109 Y94.765 E.03572
G1 X145.448 Y94.873 E.0187
G1 X145.787 Y95.182 E.02411
G1 X146.465 Y96.357 E.0713
G1 X147.144 Y97.375 E.06431
G1 X147.822 Y98.021 E.04922
G1 X148.5 Y98.44 E.04189
G1 X149.178 Y98.726 E.03867
G1 X149.856 Y98.913 E.03696
G1 X150.535 Y98.958 E.03576
G1 X150.874 Y98.851 E.01868
G1 X151.213 Y98.542 E.02411
G1 X151.891 Y97.366 E.07134
G1 X152.569 Y96.349 E.06424
G1 X153.247 Y95.702 E.04926
G1 X153.926 Y95.283 E.04193
G1 X154.604 Y94.997 E.03867
G1 X155.282 Y94.811 E.03695
G1 X155.96 Y94.765 E.03572
G1 X156.299 Y94.873 E.0187
G1 X156.638 Y95.182 E.02411
G1 X157.316 Y96.357 E.0713
G1 X157.995 Y97.375 E.06431
G1 X158.673 Y98.021 E.04922
G1 X159.351 Y98.44 E.04189
G1 X160.029 Y98.726 E.03867
G1 X160.707 Y98.913 E.03696
G1 X161.386 Y98.958 E.03576
G1 X161.725 Y98.851 E.01868
G1 X162.064 Y98.542 E.02411
G1 X163.233 Y96.63 E.11778
G1 X164.1 Y98.378 E.10255
G1 X164.614 Y99.75 E.077
G1 X164.913 Y100.793 E.05703
G1 X164.098 Y100.423 E.04704
G1 X163.42 Y100.236 E.03696
G1 X162.742 Y100.191 E.03571
G1 X162.403 Y100.298 E.01868
G1 X162.064 Y100.607 E.02411
G1 X161.386 Y101.783 E.07134
G1 X160.707 Y102.8 E.06427
G1 X160.029 Y103.447 E.04926
G1 X159.351 Y103.866 E.04189
G1 X158.673 Y104.152 E.03867
G1 X157.995 Y104.338 E.03695
G1 X157.316 Y104.384 E.03577
G1 X156.977 Y104.276 E.0187
G1 X156.638 Y103.967 E.02411
G1 X155.96 Y102.792 E.0713
G1 X155.282 Y101.774 E.06428
G1 X154.604 Y101.128 E.04922
G1 X153.926 Y100.709 E.04189
G1 X153.247 Y100.423 E.03872
G1 X152.569 Y100.236 E.03696
G1 X151.891 Y100.191 E.03571
G1 X151.552 Y100.298 E.01868
G1 X151.213 Y100.607 E.02411
G1 X150.535 Y101.783 E.07134
G1 X149.856 Y102.8 E.06427
G1 X149.178 Y103.447 E.04926
G1 X148.5 Y103.866 E.04189
G1 X147.822 Y104.152 E.03867
G1 X147.144 Y104.338 E.03695
G1 X146.465 Y104.384 E.03577
G1 X146.126 Y104.276 E.0187
G1 X145.787 Y103.967 E.02411
G1 X145.109 Y102.792 E.0713
G1 X144.431 Y101.774 E.06428
G1 X143.753 Y101.128 E.04922
G1 X143.074 Y100.709 E.04193
G1 X142.396 Y100.423 E.03867
G1 X141.718 Y100.236 E.03696
G1 X141.04 Y100.191 E.03571
G1 X140.701 Y100.298 E.01868
G1 X140.362 Y100.607 E.02411
G1 X139.684 Y101.783 E.07134
G1 X139.005 Y102.8 E.06427
G1 X138.327 Y103.447 E.04926
G1 X137.649 Y103.866 E.04189
G1 X136.971 Y104.152 E.03867
G1 X136.293 Y104.338 E.03695
G1 X135.614 Y104.384 E.03577
G1 X135.275 Y104.276 E.0187
G1 X134.936 Y103.967 E.02411
G1 X134.258 Y102.792 E.0713
G1 X133.58 Y101.774 E.06428
G1 X132.902 Y101.128 E.04922
G1 X132.121 Y100.665 E.04772
G1 X131.738 Y102.521 E.0996
G1 E-8 F1500
G1 Z1.72 F3000
G1 X131.559 Y104.611 F12000
G1 Z1.52 F3000
G1 E8 F1500
G1 F2373.119
G1 X131.623 Y106.505 E.0996
G1 X132.223 Y106.134 E.03708
G1 X132.902 Y105.848 E.03872
G1 X133.58 Y105.662 E.03695
G1 X134.258 Y105.616 E.03572
G1 X134.597 Y105.724 E.0187
G1 X134.936 Y106.033 E.02411
G1 X135.614 Y107.208 E.0713
G1 X136.293 Y108.226 E.06431
G1 X136.971 Y108.872 E.04922
G1 X137.649 Y109.291 E.04189
G1 X138.327 Y109.577 E.03867
G1 X139.005 Y109.764 E.03696
G1 X139.684 Y109.809 E.03576
G1 X140.023 Y109.702 E.01868
G1 X140.362 Y109.393 E.02411
G1 X141.04 Y108.218 E.0713
G1 X141.718 Y107.2 E.06428
G1 X142.396 Y106.553 E.04926
G1 X143.074 Y106.134 E.04189
G1 X143.753 Y105.848 E.03872
G1 X144.431 Y105.662 E.03695
G1 X145.109 Y105.616 E.03572
G1 X145.448 Y105.724 E.0187
G1 X145.787 Y106.033 E.02411
G1 X146.465 Y107.208 E.0713
G1 X147.144 Y108.226 E.06431
G1 X147.822 Y108.872 E.04922
G1 X148.5 Y109.291 E.04189
G1 X149.178 Y109.577 E.03867
G1 X149.856 Y109.764 E.03696
G1 X150.535 Y109.809 E.03576
G1 X150.874 Y109.702 E.01868
G1 X151.213 Y109.393 E.02411
G1 X151.891 Y108.218 E.0713
G1 X152.569 Y107.2 E.06428
G1 X153.247 Y106.553 E.04926
G1 X153.926 Y106.134 E.04193
G1 X154.604 Y105.848 E.03867
G1 X155.282 Y105.662 E.03695
G1 X155.96 Y105.616 E.03572
G1 X156.299 Y105.724 E.0187
G1 X156.638 Y106.033 E.02411
G1 X157.316 Y107.208 E.0713
G1 X157.995 Y108.226 E.06431
G1 X158.673 Y108.872 E.04922
G1 X159.351 Y109.291 E.04189
G1 X160.029 Y109.577 E.03867
G1 X160.707 Y109.764 E.03696
G1 X161.386 Y109.809 E.03576
G1 X161.725 Y109.702 E.01868
G1 X162.064 Y109.393 E.02411
G1 X162.742 Y108.218 E.0713
G1 X163.42 Y107.2 E.06428
G1 X164.098 Y106.553 E.04926
G1 X164.777 Y106.134 E.04193
G1 X165.42 Y105.863 E.03667
G1 X165.217 Y107.747 E.09959
G1 E-8 F1500
G1 Z1.72 F3000
G1 X164.825 Y109.529 F12000
G1 Z1.52 F3000
G1 E8 F1500
G1 F2373.119
G1 X164.217 Y111.324 E.09961
G1 X163.42 Y111.087 E.0437
G1 X162.742 Y111.042 E.03571
G1 X162.403 Y111.149 E.01868
G1 X162.064 Y111.458 E.02411
G1 X161.386 Y112.634 E.07134
G1 X160.707 Y113.651 E.06427
G1 X160.029 Y114.298 E.04926
G1 X159.351 Y114.717 E.04189
G1 X158.673 Y115.003 E.03867
M73 P38 R10
G1 X157.995 Y115.189 E.03695
G1 X157.316 Y115.235 E.03577
G1 X156.977 Y115.127 E.0187
G1 X156.638 Y114.818 E.02411
G1 X155.96 Y113.643 E.0713
G1 X155.282 Y112.625 E.06428
G1 X154.604 Y111.979 E.04922
G1 X153.926 Y111.56 E.04189
G1 X153.247 Y111.274 E.03872
G1 X152.569 Y111.087 E.03696
G1 X151.891 Y111.042 E.03571
G1 X151.552 Y111.149 E.01868
G1 X151.213 Y111.458 E.02411
G1 X150.535 Y112.634 E.07134
G1 X149.856 Y113.651 E.06427
G1 X149.178 Y114.298 E.04926
G1 X148.5 Y114.717 E.04189
G1 X147.822 Y115.003 E.03867
G1 X147.144 Y115.189 E.03695
G1 X146.465 Y115.235 E.03577
G1 X146.126 Y115.127 E.0187
G1 X145.787 Y114.818 E.02411
G1 X145.109 Y113.643 E.0713
G1 X144.431 Y112.625 E.06428
G1 X143.753 Y111.979 E.04922
G1 X143.074 Y111.56 E.04193
G1 X142.396 Y111.274 E.03867
G1 X141.718 Y111.087 E.03696
G1 X141.04 Y111.042 E.03571
G1 X140.701 Y111.149 E.01868
G1 X140.362 Y111.458 E.02411
G1 X139.684 Y112.634 E.07134
G1 X139.005 Y113.651 E.06427
G1 X138.327 Y114.298 E.04926
G1 X137.649 Y114.717 E.04189
G1 X136.971 Y115.003 E.03867
G1 X136.293 Y115.189 E.03695
G1 X135.614 Y115.235 E.03577
G1 X135.275 Y115.127 E.0187
G1 X134.936 Y114.818 E.02411
G1 X134.258 Y113.643 E.0713
G1 X133.58 Y112.625 E.06428
G1 X133.182 Y112.246 E.02888
G1 X132.472 Y110.489 E.0996
G1 E-8 F1500
G1 Z1.72 F3000
G1 X142.249 Y120.75 F12000
G1 Z1.52 F3000
G1 E8 F1500
G1 F2373.119
G1 X140.528 Y119.955 E.09964
G1 X141.718 Y118.051 E.11801
G1 X142.396 Y117.404 E.04926
G1 X143.074 Y116.985 E.04189
G1 X143.753 Y116.7 E.0387
G1 X144.431 Y116.513 E.03696
G1 X145.109 Y116.467 E.03572
G1 X145.448 Y116.575 E.0187
G1 X145.787 Y116.884 E.02411
G1 X146.465 Y118.059 E.0713
G1 X147.144 Y119.077 E.06431
G1 X147.822 Y119.723 E.04922
G1 X148.5 Y120.142 E.04189
G1 X149.178 Y120.428 E.03867
G1 X149.856 Y120.615 E.03696
G1 X150.535 Y120.66 E.03576
G1 X150.874 Y120.553 E.01868
G1 X151.213 Y120.244 E.02411
G1 X151.891 Y119.069 E.0713
G1 X152.569 Y118.051 E.06428
G1 X153.247 Y117.404 E.04926
G1 X153.926 Y116.985 E.04193
G1 X154.604 Y116.7 E.03865
G1 X155.282 Y116.513 E.03696
G1 X155.96 Y116.467 E.03572
G1 X156.299 Y116.575 E.0187
G1 X156.638 Y116.884 E.02411
G1 X157.316 Y118.059 E.0713
G1 X157.977 Y119.05 E.06261
G1 X156.346 Y120.015 E.0996
;LAYER_CHANGE
;Z:1.72
;HEIGHT:0.2

G1 E-8 F1500
G1 Z1.72 F3000
;AFTER_LAYER_CHANGE
;1.72
G92 E0
_ON_LAYER_CHANGE LAYER=8
G1 Z1.92
G1 X148.508 Y85.34 F12000
G1 Z1.72 F3000
G1 E8 F1500
;TYPE:External perimeter
;WIDTH:0.674999
G1 F2373.121
G1 X148.611 Y85.339 E.00541
G1 X149.529 Y85.365 E.04827
G1 X150.555 Y85.445 E.05409
G1 X151.576 Y85.58 E.05413
G1 X152.589 Y85.767 E.05414
G1 X153.364 Y85.949 E.04184
G1 X154.248 Y86.197 E.04825
G1 X155.225 Y86.523 E.05413
G1 X156.183 Y86.901 E.05413
G1 X157.12 Y87.328 E.05412
G1 X157.828 Y87.692 E.04184
G1 X158.627 Y88.146 E.0483
G1 X159.496 Y88.7 E.05416
G1 X160.146 Y89.159 E.04182
G1 X160.874 Y89.719 E.04827
G1 X161.657 Y90.388 E.05413
G1 X162.404 Y91.098 E.05417
G1 X162.879 Y91.589 E.03591
G1 X163.562 Y92.361 E.05417
G1 X164.203 Y93.167 E.05412
G1 X164.801 Y94.005 E.05411
G1 X165.354 Y94.873 E.05409
G1 X165.862 Y95.77 E.05418
G1 X166.172 Y96.379 E.03592
G1 X166.599 Y97.317 E.05417
G1 X166.977 Y98.276 E.05418
G1 X167.2 Y98.923 E.03597
G1 X167.492 Y99.911 E.05415
G1 X167.733 Y100.912 E.05411
G1 X167.92 Y101.924 E.05409
G1 X168.055 Y102.945 E.05413
G1 X168.135 Y103.971 E.05409
G1 X168.15 Y105.685 E.09009
G1 X168.088 Y106.714 E.05418
G1 X167.971 Y107.736 E.05406
G1 X167.801 Y108.752 E.05414
G1 X167.578 Y109.757 E.05411
G1 X167.303 Y110.749 E.0541
G1 X166.977 Y111.725 E.05408
G1 X166.599 Y112.684 E.05418
G1 X166.321 Y113.308 E.0359
G1 X165.861 Y114.231 E.0542
G1 X165.354 Y115.127 E.05411
G1 X164.801 Y115.995 E.05409
G1 X164.202 Y116.834 E.05418
G1 X163.781 Y117.373 E.03595
G1 X163.112 Y118.157 E.05417
G1 X162.403 Y118.903 E.05409
G1 X161.656 Y119.613 E.05417
G1 X161.14 Y120.061 E.03591
G1 X160.333 Y120.703 E.0542
G1 X159.495 Y121.301 E.05411
G1 X158.627 Y121.854 E.05409
G1 X157.731 Y122.361 E.05411
G1 X156.81 Y122.82 E.05408
G1 X155.864 Y123.231 E.05421
G1 X155.226 Y123.476 E.03592
G1 X154.249 Y123.803 E.05415
G1 X153.257 Y124.078 E.0541
G1 X152.251 Y124.301 E.05416
G1 X151.466 Y124.437 E.04187
G1 X150.556 Y124.555 E.04823
G1 X149.529 Y124.635 E.05414
G1 X148.499 Y124.662 E.05415
G1 X147.815 Y124.65 E.03595
G1 X146.786 Y124.588 E.05418
G1 X145.764 Y124.471 E.05406
G1 X144.747 Y124.301 E.05419
G1 X144.078 Y124.159 E.03594
G1 X143.08 Y123.901 E.05418
G1 X142.099 Y123.591 E.05407
G1 X141.134 Y123.231 E.05413
G1 X140.19 Y122.82 E.05411
G1 X139.269 Y122.361 E.05408
G1 X138.373 Y121.854 E.05411
G1 X137.504 Y121.3 E.05416
G1 X136.854 Y120.841 E.04182
G1 X136.126 Y120.281 E.04827
G1 X135.343 Y119.612 E.05413
G1 X134.597 Y118.903 E.05409
G1 X133.888 Y118.157 E.05409
G1 X133.219 Y117.374 E.05413
G1 X132.593 Y116.557 E.0541
G1 X132.009 Y115.708 E.05416
G1 X131.647 Y115.128 E.03593
G1 X131.139 Y114.231 E.05418
G1 X130.68 Y113.31 E.05408
G1 X130.269 Y112.364 E.05421
G1 X130.024 Y111.726 E.03592
G1 X129.697 Y110.749 E.05415
G1 X129.422 Y109.757 E.0541
G1 X129.199 Y108.751 E.05416
G1 X129.063 Y107.966 E.04187
G1 X128.945 Y107.056 E.04823
G1 X128.865 Y106.029 E.05414
G1 X128.838 Y105 E.0541
G1 X128.865 Y103.97 E.05415
G1 X128.923 Y103.176 E.04184
G1 X129.029 Y102.264 E.04826
G1 X129.199 Y101.248 E.05414
G1 X129.422 Y100.243 E.05411
G1 X129.697 Y99.251 E.0541
G1 X130.024 Y98.274 E.05415
G1 X130.312 Y97.532 E.04183
G1 X130.68 Y96.691 E.04825
G1 X131.139 Y95.769 E.05413
G1 X131.646 Y94.873 E.05411
G1 X132.199 Y94.005 E.05409
G1 X132.797 Y93.166 E.05415
G1 X133.29 Y92.541 E.04184
G1 X133.888 Y91.844 E.04827
G1 X134.597 Y91.097 E.05413
G1 X135.343 Y90.388 E.05409
G1 X136.126 Y89.719 E.05413
G1 X136.943 Y89.092 E.05413
G1 X137.597 Y88.638 E.04184
G1 X138.373 Y88.146 E.04829
G1 X139.269 Y87.639 E.05411
G1 X140.19 Y87.18 E.05408
G1 X141.134 Y86.769 E.05411
G1 X142.098 Y86.409 E.05408
G1 X143.08 Y86.099 E.05412
G1 X144.078 Y85.841 E.05418
G1 X144.747 Y85.699 E.03594
G1 X145.764 Y85.529 E.05419
G1 X146.786 Y85.412 E.05406
G1 X147.815 Y85.35 E.05418
G1 X148.478 Y85.34 E.03485
G1 X149.078 Y85.352 F12000
G1 X148.502 Y86.035
;TYPE:Perimeter
G1 E-10F1500
G1 F12000.0
T1
G1 E20F1500
;WIDTH:0.799999
G1 F1981.299
G1 X148.606 Y86.033 E.00655
G1 X149.492 Y86.058 E.0558
G1 X150.483 Y86.136 E.06258
G1 X151.467 Y86.266 E.06248
G1 X152.446 Y86.447 E.06267
G1 X153.191 Y86.622 E.04818
G1 X154.045 Y86.861 E.05583
G1 X154.987 Y87.176 E.06253
G1 X155.911 Y87.54 E.06252
G1 X156.817 Y87.953 E.06268
G1 X157.498 Y88.303 E.0482
G1 X158.268 Y88.741 E.05577
G1 X159.109 Y89.277 E.06278
G1 X159.734 Y89.718 E.04815
G1 X160.436 Y90.259 E.05579
G1 X161.192 Y90.904 E.06256
G1 X161.915 Y91.591 E.06278
G1 X162.369 Y92.061 E.04114
G1 X163.03 Y92.808 E.06279
G1 X163.648 Y93.585 E.0625
G1 X164.225 Y94.393 E.0625
G1 X164.758 Y95.231 E.06252
G1 X165.25 Y96.099 E.06281
G1 X165.546 Y96.681 E.0411
G1 X165.96 Y97.589 E.06282
G1 X166.325 Y98.517 E.06278
G1 X166.538 Y99.134 E.04109
G1 X166.821 Y100.091 E.06282
G1 X167.053 Y101.056 E.06248
G1 X167.234 Y102.033 E.06255
G1 X167.364 Y103.017 E.06248
G1 X167.442 Y104.007 E.06251
G1 X167.456 Y105.657 E.10387
G1 X167.395 Y106.653 E.06282
G1 X167.283 Y107.64 E.06253
G1 X167.119 Y108.619 E.06249
G1 X166.904 Y109.589 E.06254
G1 X166.639 Y110.546 E.06251
G1 X166.324 Y111.487 E.06247
G1 X165.958 Y112.415 E.0628
G1 X165.692 Y113.012 E.04114
G1 X165.247 Y113.905 E.06281
G1 X164.758 Y114.769 E.0625
G1 X164.225 Y115.607 E.06252
G1 X163.646 Y116.419 E.06278
G1 X163.243 Y116.933 E.04112
G1 X162.596 Y117.692 E.06278
G1 X161.912 Y118.412 E.06252
G1 X161.188 Y119.099 E.06283
G1 X160.696 Y119.527 E.04105
G1 X159.915 Y120.148 E.06281
G1 X159.107 Y120.725 E.0625
G1 X158.269 Y121.258 E.06252
G1 X157.405 Y121.747 E.0625
G1 X156.516 Y122.19 E.06253
G1 X155.601 Y122.588 E.06281
G1 X154.992 Y122.822 E.04107
G1 X154.046 Y123.139 E.06281
G1 X153.089 Y123.404 E.06251
G1 X152.117 Y123.62 E.06268
G1 X151.363 Y123.75 E.04817
G1 X150.484 Y123.864 E.0558
G1 X149.493 Y123.942 E.06258
G1 X148.495 Y123.968 E.06285
G1 X147.843 Y123.956 E.04105
G1 X146.847 Y123.895 E.06282
G1 X145.86 Y123.783 E.06253
G1 X144.876 Y123.618 E.06281
G1 X144.238 Y123.483 E.04105
G1 X143.272 Y123.233 E.06281
G1 X142.325 Y122.934 E.06252
G1 X141.395 Y122.586 E.06251
G1 X140.484 Y122.19 E.06253
G1 X139.595 Y121.747 E.06253
G1 X138.731 Y121.258 E.0625
G1 X137.891 Y120.723 E.06269
G1 X137.266 Y120.282 E.04815
G1 X136.564 Y119.741 E.05579
G1 X135.808 Y119.096 E.06256
G1 X135.088 Y118.412 E.06252
G1 X134.404 Y117.692 E.06252
G1 X133.759 Y116.937 E.06251
G1 X133.155 Y116.149 E.0625
G1 X132.59 Y115.327 E.06279
G1 X132.244 Y114.773 E.04112
G1 X131.753 Y113.905 E.06278
G1 X131.31 Y113.016 E.06253
G1 X130.912 Y112.101 E.06281
G1 X130.678 Y111.492 E.04107
G1 X130.361 Y110.546 E.06281
G1 X130.096 Y109.589 E.06251
G1 X129.88 Y108.617 E.06268
G1 X129.75 Y107.863 E.04817
G1 X129.636 Y106.984 E.0558
G1 X129.558 Y105.993 E.06258
G1 X129.532 Y105 E.06253
G1 X129.558 Y104.005 E.06266
G1 X129.615 Y103.242 E.04817
G1 X129.717 Y102.361 E.05583
G1 X129.881 Y101.381 E.06255
G1 X130.096 Y100.411 E.06254
G1 X130.361 Y99.454 E.06251
G1 X130.677 Y98.51 E.06267
G1 X130.954 Y97.797 E.04815
G1 X131.309 Y96.985 E.05579
G1 X131.753 Y96.095 E.06261
G1 X132.242 Y95.231 E.0625
G1 X132.775 Y94.393 E.06252
M73 P39 R10
G1 X133.353 Y93.583 E.06264
G1 X133.827 Y92.982 E.04818
G1 X134.404 Y92.309 E.05581
G1 X135.088 Y91.588 E.06256
G1 X135.808 Y90.904 E.06252
G1 X136.563 Y90.259 E.06251
G1 X137.353 Y89.653 E.06268
G1 X137.982 Y89.217 E.04818
G1 X138.73 Y88.742 E.05578
G1 X139.595 Y88.253 E.06255
G1 X140.484 Y87.81 E.06253
G1 X141.395 Y87.414 E.06253
G1 X142.325 Y87.066 E.06251
G1 X143.272 Y86.767 E.06252
G1 X144.238 Y86.517 E.06281
G1 X144.876 Y86.382 E.04105
G1 X145.86 Y86.217 E.06281
G1 X146.847 Y86.105 E.06253
G1 X147.841 Y86.044 E.06269
G1 X148.472 Y86.035 E.03973
G1 X148.496 Y86.792 F12000
G1 F1981.299
G1 X148.6 Y86.79 E.00655
G1 X149.451 Y86.815 E.05359
G1 X150.403 Y86.89 E.06012
G1 X151.349 Y87.014 E.06006
G1 X152.291 Y87.189 E.06031
G1 X153.002 Y87.356 E.04598
G1 X153.822 Y87.585 E.0536
G1 X154.728 Y87.888 E.06014
G1 X155.615 Y88.237 E.06
G1 X156.487 Y88.635 E.06034
G1 X157.137 Y88.969 E.046
G1 X157.877 Y89.39 E.0536
G1 X158.687 Y89.906 E.06046
G1 X159.284 Y90.327 E.04599
G1 X159.959 Y90.847 E.05364
G1 X160.685 Y91.467 E.0601
G1 X161.382 Y92.129 E.06051
G1 X161.813 Y92.575 E.03904
G1 X162.45 Y93.295 E.06052
G1 X163.043 Y94.041 E.05999
G1 X163.597 Y94.817 E.06002
G1 X164.109 Y95.621 E.06
G1 X164.583 Y96.458 E.06055
G1 X164.864 Y97.01 E.03899
G1 X165.263 Y97.885 E.06054
G1 X165.615 Y98.779 E.06048
G1 X165.817 Y99.365 E.03902
G1 X166.09 Y100.287 E.06053
G1 X166.312 Y101.214 E.06001
G1 X166.486 Y102.151 E.05999
G1 X166.61 Y103.097 E.06006
G1 X166.685 Y104.047 E.05999
G1 X166.7 Y105.628 E.09953
G1 X166.641 Y106.587 E.06048
G1 X166.533 Y107.534 E.06
G1 X166.376 Y108.475 E.06006
G1 X166.169 Y109.405 E.05998
G1 X165.915 Y110.324 E.06002
G1 X165.612 Y111.228 E.06002
G1 X165.26 Y112.123 E.06054
G1 X165.008 Y112.689 E.039
G1 X164.579 Y113.549 E.0605
G1 X164.109 Y114.379 E.06005
G1 X163.597 Y115.183 E.06
G1 X163.039 Y115.966 E.06053
G1 X162.657 Y116.454 E.03901
G1 X162.033 Y117.185 E.0605
G1 X161.377 Y117.877 E.06003
G1 X160.679 Y118.538 E.06052
G1 X160.211 Y118.945 E.03904
G1 X159.459 Y119.543 E.06048
G1 X158.683 Y120.097 E.06002
G1 X157.879 Y120.609 E.06
G1 X157.049 Y121.079 E.06005
G1 X156.196 Y121.504 E.05999
G1 X155.315 Y121.887 E.06047
G1 X154.736 Y122.11 E.03906
G1 X153.824 Y122.415 E.06054
G1 X152.906 Y122.669 E.05996
G1 X151.97 Y122.877 E.06036
G1 X151.25 Y123.001 E.04599
G1 X150.405 Y123.11 E.05363
G1 X149.453 Y123.185 E.06012
G1 X148.492 Y123.21 E.06052
G1 X147.872 Y123.2 E.03903
G1 X146.913 Y123.141 E.06048
G1 X145.966 Y123.033 E.06
G1 X145.018 Y122.874 E.06051
G1 X144.411 Y122.745 E.03906
G1 X143.481 Y122.505 E.06046
G1 X142.571 Y122.218 E.06007
G1 X141.678 Y121.884 E.06002
G1 X140.804 Y121.504 E.05999
G1 X139.951 Y121.079 E.05999
G1 X139.121 Y120.609 E.06005
G1 X138.313 Y120.094 E.06032
G1 X137.716 Y119.673 E.04599
G1 X137.041 Y119.153 E.05364
G1 X136.315 Y118.533 E.0601
G1 X135.623 Y117.877 E.06003
G1 X134.967 Y117.185 E.06003
G1 X134.348 Y116.46 E.06001
G1 X133.768 Y115.704 E.05998
G1 X133.223 Y114.912 E.06052
G1 X132.895 Y114.386 E.03902
G1 X132.421 Y113.549 E.06055
G1 X131.996 Y112.696 E.05999
G1 X131.613 Y111.815 E.06047
G1 X131.39 Y111.236 E.03906
G1 X131.085 Y110.324 E.06054
G1 X130.831 Y109.405 E.06002
G1 X130.623 Y108.47 E.0603
G1 X130.499 Y107.75 E.04599
G1 X130.39 Y106.905 E.05363
G1 X130.315 Y105.953 E.06012
G1 X130.29 Y105 E.06001
G1 X130.315 Y104.042 E.06033
G1 X130.369 Y103.313 E.04602
G1 X130.467 Y102.468 E.05355
G1 X130.624 Y101.525 E.06018
G1 X130.831 Y100.595 E.05998
G1 X131.085 Y99.676 E.06002
G1 X131.389 Y98.767 E.06034
G1 X131.654 Y98.086 E.046
G1 X131.995 Y97.306 E.05359
G1 X132.421 Y96.451 E.06013
G1 X132.891 Y95.621 E.06005
G1 X133.403 Y94.817 E.06
G1 X133.959 Y94.037 E.0603
G1 X134.412 Y93.463 E.04603
G1 X134.966 Y92.816 E.05362
G1 X135.623 Y92.123 E.06011
G1 X136.315 Y91.467 E.06003
G1 X137.04 Y90.848 E.06001
G1 X137.8 Y90.265 E.0603
G1 X138.4 Y89.848 E.046
G1 X139.119 Y89.392 E.0536
G1 X139.951 Y88.921 E.06019
G1 X140.804 Y88.496 E.05999
G1 X141.678 Y88.116 E.05999
G1 X142.571 Y87.782 E.06002
G1 X143.481 Y87.495 E.06007
G1 X144.411 Y87.255 E.06046
G1 X145.018 Y87.126 E.03906
G1 X145.966 Y86.967 E.06051
G1 X146.913 Y86.859 E.06
G1 X147.869 Y86.801 E.06029
G1 X148.466 Y86.792 E.03759
G1 X148.489 Y87.549 F12000
G1 F1981.299
G1 X148.595 Y87.548 E.00667
G1 X149.411 Y87.571 E.05139
G1 X150.324 Y87.643 E.05765
G1 X151.23 Y87.762 E.05752
G1 X152.135 Y87.93 E.05794
G1 X152.814 Y88.089 E.0439
G1 X153.6 Y88.309 E.05138
G1 X154.469 Y88.6 E.05769
G1 X155.319 Y88.935 E.05751
G1 X156.157 Y89.316 E.05795
G1 X156.777 Y89.635 E.04389
G1 X157.487 Y90.038 E.05139
G1 X158.265 Y90.534 E.05808
G1 X158.835 Y90.936 E.04391
G1 X159.481 Y91.435 E.05139
G1 X160.178 Y92.03 E.05769
G1 X160.849 Y92.667 E.05824
G1 X161.257 Y93.089 E.03695
G1 X161.87 Y93.781 E.0582
G1 X162.438 Y94.497 E.05753
G1 X162.969 Y95.24 E.05749
G1 X163.46 Y96.011 E.05754
G1 X163.915 Y96.816 E.05821
G1 X164.182 Y97.339 E.03697
G1 X164.565 Y98.181 E.05823
G1 X164.904 Y99.041 E.05819
G1 X165.096 Y99.596 E.03697
G1 X165.358 Y100.483 E.05822
G1 X165.572 Y101.371 E.0575
G1 X165.738 Y102.27 E.05755
G1 X165.857 Y103.176 E.05752
G1 X165.929 Y104.087 E.05753
G1 X165.943 Y105.598 E.09512
G1 X165.886 Y106.521 E.05821
G1 X165.783 Y107.429 E.05753
G1 X165.632 Y108.33 E.05751
G1 X165.434 Y109.222 E.05752
G1 X165.19 Y110.103 E.05755
G1 X164.9 Y110.969 E.05749
G1 X164.561 Y111.83 E.05825
G1 X164.323 Y112.366 E.03692
G1 X163.91 Y113.194 E.05825
G1 X163.46 Y113.989 E.05751
G1 X162.969 Y114.76 E.05754
G1 X162.432 Y115.512 E.05817
G1 X162.071 Y115.975 E.03696
G1 X161.47 Y116.678 E.05822
G1 X160.841 Y117.341 E.05753
G1 X160.17 Y117.978 E.05824
G1 X159.727 Y118.363 E.03695
G1 X159.003 Y118.938 E.0582
G1 X158.26 Y119.469 E.05749
G1 X157.489 Y119.96 E.05754
G1 X156.694 Y120.41 E.05751
G1 X155.876 Y120.818 E.05754
G1 X155.028 Y121.186 E.05819
G1 X154.48 Y121.397 E.03697
G1 X153.603 Y121.69 E.05821
G1 X152.722 Y121.934 E.05755
G1 X151.824 Y122.134 E.05792
G1 X151.137 Y122.252 E.04388
G1 X150.327 Y122.357 E.05142
G1 X149.413 Y122.429 E.05772
G1 X148.489 Y122.453 E.05819
G1 X147.902 Y122.443 E.03696
G1 X146.979 Y122.386 E.05821
G1 X146.071 Y122.283 E.05753
G1 X145.159 Y122.13 E.05821
G1 X144.585 Y122.008 E.03694
G1 X143.689 Y121.777 E.05825
G1 X142.818 Y121.502 E.0575
G1 X141.962 Y121.182 E.05753
G1 X141.124 Y120.818 E.05751
G1 X140.306 Y120.41 E.05754
G1 X139.511 Y119.96 E.05751
G1 X138.735 Y119.466 E.05791
G1 X138.165 Y119.064 E.04391
G1 X137.519 Y118.565 E.05139
G1 X136.822 Y117.97 E.05769
G1 X136.159 Y117.341 E.05753
G1 X135.53 Y116.678 E.05753
G1 X134.937 Y115.983 E.05751
G1 X134.38 Y115.259 E.0575
G1 X133.856 Y114.496 E.05827
G1 X133.545 Y113.999 E.03691
G1 X133.09 Y113.194 E.05821
G1 X132.682 Y112.376 E.05754
G1 X132.314 Y111.528 E.05819
G1 X132.103 Y110.98 E.03697
G1 X131.81 Y110.103 E.05821
G1 X131.566 Y109.222 E.05755
G1 X131.366 Y108.324 E.05792
G1 X131.248 Y107.637 E.04388
G1 X131.143 Y106.827 E.05142
G1 X131.071 Y105.913 E.05772
G1 X131.047 Y105 E.05749
G1 X131.071 Y104.08 E.05793
G1 X131.122 Y103.385 E.04387
G1 X131.217 Y102.574 E.0514
G1 X131.368 Y101.67 E.0577
G1 X131.566 Y100.778 E.05752
G1 X131.81 Y99.897 E.05755
G1 X132.102 Y99.025 E.05789
G1 X132.354 Y98.375 E.04389
G1 X132.681 Y97.627 E.05139
G1 X133.09 Y96.806 E.05774
G1 X133.54 Y96.011 E.05751
G1 X134.031 Y95.24 E.05754
G1 X134.565 Y94.491 E.05791
G1 X134.997 Y93.943 E.04393
G1 X135.528 Y93.324 E.05134
G1 X136.159 Y92.659 E.05771
G1 X136.822 Y92.03 E.05753
G1 X137.517 Y91.437 E.05751
G1 X138.247 Y90.876 E.05796
G1 X138.819 Y90.478 E.04387
G1 X139.509 Y90.041 E.05142
G1 X140.306 Y89.59 E.05765
G1 X141.124 Y89.182 E.05754
G1 X141.962 Y88.818 E.05751
G1 X142.818 Y88.498 E.05753
G1 X143.689 Y88.223 E.0575
G1 X144.585 Y87.992 E.05825
G1 X145.159 Y87.87 E.03694
G1 X146.071 Y87.717 E.05821
G1 X146.979 Y87.614 E.05753
G1 X147.897 Y87.557 E.0579
G1 X148.459 Y87.55 E.03538
G1 E-8 F1500
G1 Z1.92 F3000
G1 X158.573 Y91.373 F12000
G1 Z1.72 F3000
G1 E8 F1500
;TYPE:Internal infill
G1 E-10F1500
G1 F12000.0
T0
G1 E16F1500
G1 F12000.0
;WIDTH:0.675
G1 F2373.119
G1 X160.03 Y92.586 E.09964
G1 X159.351 Y92.943 E.04032
G1 X158.673 Y93.165 E.0375
G1 X157.995 Y93.263 E.036
G1 X157.316 Y93.17 E.03602
G1 X156.977 Y92.983 E.02035
G1 X156.638 Y92.653 E.02486
G1 X155.282 Y90.845 E.11878
G1 X154.604 Y90.286 E.04618
G1 X153.926 Y89.929 E.04027
G1 X153.247 Y89.708 E.03753
G1 X152.569 Y89.609 E.03601
G1 X151.891 Y89.703 E.03597
G1 X151.552 Y89.889 E.02032
G1 X151.213 Y90.219 E.02486
G1 X149.856 Y92.027 E.11881
G1 X149.178 Y92.586 E.04618
G1 X148.5 Y92.943 E.04027
G1 X147.822 Y93.165 E.0375
G1 X147.144 Y93.263 E.036
G1 X146.465 Y93.17 E.03602
G1 X146.126 Y92.983 E.02035
G1 X145.787 Y92.653 E.02486
G1 X144.431 Y90.845 E.11878
G1 X143.753 Y90.286 E.04618
G1 X143.074 Y89.929 E.04032
G1 X142.396 Y89.708 E.03748
G1 X141.718 Y89.609 E.03601
G1 X141.279 Y89.67 E.02329
G1 X140.556 Y90.03 E.04245
G1 X140.362 Y90.219 E.01423
G1 X139.005 Y92.027 E.11881
G1 X138.327 Y92.586 E.04618
G1 X137.649 Y92.943 E.04027
G1 X136.971 Y93.165 E.0375
G1 X136.283 Y93.262 E.03652
G1 X135.387 Y94.264 E.07065
G1 X134.598 Y95.316 E.06911
G1 X134.936 Y95.645 E.02479
G1 X136.293 Y97.453 E.11881
G1 X136.971 Y98.012 E.04618
G1 X137.649 Y98.369 E.04027
G1 X138.327 Y98.59 E.03748
G1 X139.005 Y98.689 E.03601
G1 X139.684 Y98.595 E.03603
G1 X140.023 Y98.409 E.02032
G1 X140.362 Y98.079 E.02486
G1 X141.718 Y96.271 E.11878
G1 X142.396 Y95.712 E.04618
G1 X143.074 Y95.355 E.04027
G1 X143.753 Y95.133 E.03755
G1 X144.431 Y95.034 E.03601
G1 X145.109 Y95.128 E.03597
G1 X145.448 Y95.315 E.02035
G1 X145.787 Y95.645 E.02486
G1 X147.144 Y97.453 E.11881
G1 X147.822 Y98.012 E.04618
G1 X148.5 Y98.369 E.04027
G1 X149.178 Y98.59 E.03748
G1 X149.856 Y98.689 E.03601
G1 X150.535 Y98.595 E.03603
G1 X150.874 Y98.409 E.02032
G1 X151.213 Y98.079 E.02486
G1 X152.569 Y96.271 E.11878
G1 X153.247 Y95.712 E.04618
G1 X153.926 Y95.355 E.04032
G1 X154.604 Y95.133 E.0375
G1 X155.282 Y95.034 E.03601
G1 X155.96 Y95.128 E.03597
G1 X156.299 Y95.315 E.02035
G1 X156.638 Y95.645 E.02486
G1 X157.995 Y97.453 E.11881
G1 X158.673 Y98.012 E.04618
G1 X159.351 Y98.369 E.04027
M73 P40 R10
G1 X160.029 Y98.59 E.03748
G1 X160.707 Y98.689 E.03601
G1 X161.386 Y98.595 E.03603
G1 X161.725 Y98.409 E.02032
G1 X162.064 Y98.079 E.02486
G1 X163.189 Y96.559 E.09939
G1 X164.1 Y98.378 E.10692
G1 X164.614 Y99.75 E.077
G1 X164.929 Y100.861 E.06069
G1 X164.098 Y100.559 E.04647
G1 X163.42 Y100.46 E.03601
G1 X162.742 Y100.554 E.03597
G1 X162.403 Y100.74 E.02032
G1 X162.064 Y101.07 E.02486
G1 X160.707 Y102.878 E.11881
G1 X160.029 Y103.437 E.04618
G1 X159.351 Y103.794 E.04027
G1 X158.673 Y104.016 E.0375
G1 X157.995 Y104.114 E.036
G1 X157.316 Y104.021 E.03602
G1 X156.977 Y103.834 E.02035
G1 X156.638 Y103.504 E.02486
G1 X155.282 Y101.696 E.11878
G1 X154.604 Y101.137 E.04618
G1 X153.926 Y100.78 E.04027
G1 X153.247 Y100.559 E.03753
G1 X152.569 Y100.46 E.03601
G1 X151.891 Y100.554 E.03597
G1 X151.552 Y100.74 E.02032
G1 X151.213 Y101.07 E.02486
G1 X149.856 Y102.878 E.11881
G1 X149.178 Y103.437 E.04618
G1 X148.5 Y103.794 E.04027
G1 X147.822 Y104.016 E.0375
G1 X147.144 Y104.114 E.036
G1 X146.465 Y104.021 E.03602
G1 X146.126 Y103.834 E.02035
G1 X145.787 Y103.504 E.02486
G1 X144.431 Y101.696 E.11878
G1 X143.753 Y101.137 E.04618
G1 X143.074 Y100.78 E.04032
G1 X142.396 Y100.559 E.03748
G1 X141.718 Y100.46 E.03601
G1 X141.04 Y100.554 E.03597
G1 X140.701 Y100.74 E.02032
G1 X140.362 Y101.07 E.02486
G1 X139.005 Y102.878 E.11881
G1 X138.327 Y103.437 E.04618
G1 X137.649 Y103.794 E.04027
G1 X136.971 Y104.016 E.0375
G1 X136.293 Y104.114 E.036
G1 X135.614 Y104.021 E.03602
G1 X135.275 Y103.834 E.02035
G1 X134.936 Y103.504 E.02486
G1 X133.58 Y101.696 E.11878
G1 X132.902 Y101.137 E.04618
G1 X132.1 Y100.74 E.04703
G1 X131.725 Y102.598 E.09962
G1 E-8 F1500
G1 Z1.92 F3000
G1 X131.562 Y104.627 F12000
G1 Z1.72 F3000
G1 E8 F1500
G1 F2373.119
G1 X131.626 Y106.521 E.0996
G1 X132.223 Y106.206 E.03548
G1 X132.902 Y105.984 E.03755
G1 X133.58 Y105.886 E.036
G1 X134.258 Y105.979 E.03597
G1 X134.597 Y106.166 E.02035
G1 X134.936 Y106.496 E.02486
G1 X136.293 Y108.304 E.11881
G1 X136.971 Y108.863 E.04618
G1 X137.649 Y109.22 E.04027
G1 X138.327 Y109.441 E.03748
G1 X139.005 Y109.54 E.03601
G1 X139.684 Y109.446 E.03603
G1 X140.023 Y109.26 E.02032
G1 X140.362 Y108.93 E.02486
G1 X141.718 Y107.122 E.11878
G1 X142.396 Y106.563 E.04618
G1 X143.074 Y106.206 E.04027
G1 X143.753 Y105.984 E.03755
G1 X144.431 Y105.886 E.036
G1 X145.109 Y105.979 E.03597
G1 X145.448 Y106.166 E.02035
G1 X145.787 Y106.496 E.02486
G1 X147.144 Y108.304 E.11881
G1 X147.822 Y108.863 E.04618
G1 X148.5 Y109.22 E.04027
G1 X149.178 Y109.441 E.03748
G1 X149.856 Y109.54 E.03601
G1 X150.535 Y109.446 E.03603
G1 X150.874 Y109.26 E.02032
G1 X151.213 Y108.93 E.02486
G1 X152.569 Y107.122 E.11878
G1 X153.247 Y106.563 E.04618
G1 X153.926 Y106.206 E.04032
G1 X154.604 Y105.984 E.0375
G1 X155.282 Y105.886 E.036
G1 X155.96 Y105.979 E.03597
G1 X156.299 Y106.166 E.02035
G1 X156.638 Y106.496 E.02486
G1 X157.995 Y108.304 E.11881
G1 X158.673 Y108.863 E.04618
G1 X159.351 Y109.22 E.04027
G1 X160.029 Y109.441 E.03748
G1 X160.707 Y109.54 E.03601
G1 X161.386 Y109.446 E.03603
G1 X161.725 Y109.26 E.02032
G1 X162.064 Y108.93 E.02486
G1 X163.42 Y107.122 E.11878
G1 X164.098 Y106.563 E.04618
G1 X164.777 Y106.206 E.04032
G1 X165.412 Y105.998 E.03512
G1 X165.195 Y107.881 E.09962
G1 E-8 F1500
G1 Z1.92 F3000
G1 X164.793 Y109.644 F12000
G1 Z1.72 F3000
G1 E8 F1500
G1 F2373.119
G1 X164.174 Y111.435 E.09959
G1 X163.42 Y111.311 E.04016
G1 X162.742 Y111.405 E.03597
G1 X162.403 Y111.591 E.02032
G1 X162.064 Y111.921 E.02486
G1 X160.707 Y113.729 E.11881
G1 X160.029 Y114.288 E.04618
G1 X159.351 Y114.645 E.04027
G1 X158.673 Y114.867 E.0375
G1 X157.995 Y114.966 E.03601
G1 X157.316 Y114.872 E.03603
G1 X156.977 Y114.685 E.02035
G1 X156.638 Y114.355 E.02486
G1 X155.282 Y112.547 E.11878
G1 X154.604 Y111.988 E.04618
G1 X153.926 Y111.631 E.04027
G1 X153.247 Y111.41 E.03753
G1 X152.569 Y111.311 E.03601
G1 X151.891 Y111.405 E.03597
G1 X151.552 Y111.591 E.02032
G1 X151.213 Y111.921 E.02486
G1 X149.856 Y113.729 E.11881
G1 X149.178 Y114.288 E.04618
G1 X148.5 Y114.645 E.04027
G1 X147.822 Y114.867 E.0375
G1 X147.144 Y114.966 E.03601
G1 X146.465 Y114.872 E.03603
G1 X146.126 Y114.685 E.02035
G1 X145.787 Y114.355 E.02486
G1 X144.431 Y112.547 E.11878
G1 X143.753 Y111.988 E.04618
G1 X143.074 Y111.631 E.04032
G1 X142.396 Y111.41 E.03748
G1 X141.718 Y111.311 E.03601
G1 X141.04 Y111.405 E.03597
G1 X140.701 Y111.591 E.02032
G1 X140.362 Y111.921 E.02486
G1 X139.005 Y113.729 E.11881
G1 X138.327 Y114.288 E.04618
G1 X137.649 Y114.645 E.04027
G1 X136.971 Y114.867 E.0375
G1 X136.293 Y114.966 E.03601
G1 X135.614 Y114.872 E.03603
G1 X135.275 Y114.685 E.02035
G1 X134.936 Y114.355 E.02486
G1 X133.58 Y112.547 E.11878
G1 X133.16 Y112.201 E.0286
G1 X132.456 Y110.442 E.09958
G1 E-8 F1500
G1 Z1.92 F3000
G1 X142.017 Y120.655 F12000
G1 Z1.72 F3000
G1 E8 F1500
G1 F2373.119
G1 X140.31 Y119.831 E.09962
G1 X141.718 Y117.973 E.12252
G1 X142.396 Y117.414 E.04618
G1 X143.074 Y117.057 E.04027
G1 X143.753 Y116.835 E.03755
G1 X144.431 Y116.737 E.036
G1 X145.109 Y116.83 E.03597
G1 X145.448 Y117.017 E.02035
G1 X145.787 Y117.347 E.02486
G1 X147.144 Y119.155 E.11881
G1 X147.822 Y119.714 E.04618
G1 X148.5 Y120.071 E.04027
G1 X149.178 Y120.292 E.03748
G1 X149.856 Y120.391 E.03601
G1 X150.535 Y120.297 E.03603
G1 X150.874 Y120.111 E.02032
G1 X151.213 Y119.781 E.02486
G1 X152.569 Y117.973 E.11878
G1 X153.247 Y117.414 E.04618
G1 X153.926 Y117.057 E.04032
G1 X154.604 Y116.835 E.0375
G1 X155.282 Y116.737 E.036
G1 X155.96 Y116.83 E.03597
G1 X156.299 Y117.017 E.02035
G1 X156.638 Y117.347 E.02486
G1 X157.933 Y119.078 E.11362
G1 X156.301 Y120.041 E.09959
;LAYER_CHANGE
;Z:1.92
;HEIGHT:0.2

G1 E-8 F1500
G1 Z1.92 F3000
;AFTER_LAYER_CHANGE
;1.92
G92 E0
_ON_LAYER_CHANGE LAYER=9
G1 Z2.12
G1 X148.508 Y85.34 F12000
G1 Z1.92 F3000
G1 E8 F1500
;TYPE:External perimeter
;WIDTH:0.674999
G1 F2373.121
G1 X148.625 Y85.339 E.00615
G1 X149.529 Y85.365 E.04753
G1 X150.555 Y85.445 E.05409
G1 X151.576 Y85.58 E.05413
G1 X152.589 Y85.768 E.05415
G1 X153.255 Y85.921 E.03592
G1 X154.249 Y86.197 E.05422
G1 X155.225 Y86.523 E.05408
G1 X156.183 Y86.901 E.05413
G1 X157.119 Y87.328 E.05407
G1 X158.033 Y87.803 E.05414
G1 X158.921 Y88.326 E.05416
G1 X159.495 Y88.699 E.03598
G1 X160.056 Y89.092 E.036
G1 X160.874 Y89.719 E.05417
G1 X161.657 Y90.388 E.05413
G1 X162.404 Y91.098 E.05417
G1 X162.879 Y91.589 E.03591
G1 X163.562 Y92.361 E.05417
G1 X164.203 Y93.167 E.05412
G1 X164.801 Y94.005 E.05411
G1 X165.354 Y94.873 E.05409
G1 X165.861 Y95.769 E.05411
G1 X166.32 Y96.69 E.05408
G1 X166.731 Y97.636 E.05421
G1 X166.976 Y98.274 E.03592
G1 X167.303 Y99.251 E.05415
G1 X167.578 Y100.243 E.0541
G1 X167.801 Y101.248 E.05411
G1 X167.971 Y102.265 E.05419
G1 X168.055 Y102.943 E.03591
G1 X168.135 Y103.971 E.05419
G1 X168.162 Y105 E.0541
G1 X168.135 Y106.03 E.05415
G1 X168.088 Y106.712 E.03593
G1 X167.971 Y107.736 E.05417
G1 X167.801 Y108.752 E.05414
G1 X167.578 Y109.757 E.05411
G1 X167.303 Y110.749 E.0541
G1 X166.977 Y111.725 E.05408
G1 X166.599 Y112.684 E.05418
G1 X166.321 Y113.308 E.0359
G1 X165.861 Y114.231 E.0542
G1 X165.354 Y115.127 E.05411
G1 X164.801 Y115.995 E.05409
G1 X164.202 Y116.834 E.05418
G1 X163.781 Y117.373 E.03595
G1 X163.112 Y118.157 E.05417
G1 X162.403 Y118.903 E.05409
G1 X161.656 Y119.613 E.05417
G1 X161.14 Y120.061 E.03591
G1 X160.333 Y120.703 E.0542
G1 X159.495 Y121.301 E.05411
G1 X158.627 Y121.854 E.05409
G1 X157.731 Y122.361 E.05411
G1 X156.81 Y122.82 E.05408
G1 X155.864 Y123.231 E.05421
G1 X155.226 Y123.476 E.03592
G1 X154.249 Y123.803 E.05415
G1 X153.257 Y124.078 E.0541
G1 X152.252 Y124.301 E.05411
G1 X151.235 Y124.471 E.05419
M73 P41 R10
G1 X150.557 Y124.555 E.03591
G1 X149.529 Y124.635 E.05419
G1 X148.499 Y124.662 E.05415
G1 X147.815 Y124.65 E.03595
G1 X146.786 Y124.588 E.05418
G1 X145.764 Y124.471 E.05406
G1 X144.747 Y124.301 E.05419
G1 X144.078 Y124.159 E.03594
G1 X143.08 Y123.901 E.05418
G1 X142.099 Y123.591 E.05407
G1 X141.134 Y123.231 E.05413
G1 X140.19 Y122.82 E.05411
G1 X139.269 Y122.361 E.05408
G1 X138.372 Y121.854 E.05415
G1 X137.687 Y121.422 E.04256
G1 X136.943 Y120.907 E.04756
G1 X136.126 Y120.281 E.0541
G1 X135.343 Y119.612 E.05413
G1 X134.597 Y118.903 E.05409
G1 X133.888 Y118.157 E.05409
G1 X133.218 Y117.373 E.0542
G1 X132.798 Y116.834 E.03591
G1 X132.199 Y115.995 E.05418
G1 X131.646 Y115.127 E.05409
G1 X131.139 Y114.231 E.05411
G1 X130.679 Y113.309 E.05415
G1 X130.353 Y112.568 E.04255
G1 X130.024 Y111.725 E.04756
G1 X129.697 Y110.749 E.0541
G1 X129.422 Y109.757 E.0541
G1 X129.199 Y108.75 E.05421
G1 X129.08 Y108.077 E.03592
G1 X128.945 Y107.055 E.05418
G1 X128.865 Y106.029 E.05409
G1 X128.838 Y105 E.0541
G1 X128.865 Y103.97 E.05415
G1 X128.924 Y103.162 E.04258
G1 X129.029 Y102.264 E.04752
G1 X129.199 Y101.248 E.05414
G1 X129.422 Y100.243 E.05411
G1 X129.697 Y99.251 E.0541
G1 X129.95 Y98.481 E.0426
G1 X130.269 Y97.635 E.04752
G1 X130.68 Y96.69 E.05416
G1 X131.139 Y95.769 E.05408
G1 X131.646 Y94.872 E.05415
G1 X132.078 Y94.187 E.04256
G1 X132.593 Y93.443 E.04756
G1 X133.219 Y92.626 E.0541
G1 X133.888 Y91.843 E.05413
G1 X134.597 Y91.096 E.05413
G1 X135.182 Y90.536 E.04256
G1 X135.861 Y89.938 E.04755
G1 X136.667 Y89.297 E.05412
G1 X137.505 Y88.699 E.05411
G1 X138.373 Y88.146 E.05409
G1 X139.269 Y87.639 E.05411
G1 X140.19 Y87.18 E.05408
G1 X141.135 Y86.769 E.05416
G1 X141.892 Y86.482 E.04255
G1 X142.751 Y86.197 E.04757
G1 X143.743 Y85.922 E.0541
G1 X144.748 Y85.699 E.05411
G1 X145.764 Y85.529 E.05414
G1 X146.786 Y85.412 E.05406
G1 X147.815 Y85.35 E.05418
G1 X148.478 Y85.341 E.03485
G1 X149.078 Y85.352 F12000
G1 X148.502 Y86.035
;TYPE:Perimeter
G1 E-10F1500
G1 F12000.0
T1
G1 E20F1500
;WIDTH:0.799999
G1 F1981.299
G1 X148.619 Y86.033 E.00737
G1 X149.491 Y86.058 E.05492
G1 X150.483 Y86.136 E.06264
G1 X151.467 Y86.266 E.06248
G1 X152.448 Y86.448 E.06281
G1 X153.084 Y86.595 E.04109
G1 X154.046 Y86.861 E.06283
G1 X154.987 Y87.176 E.06247
G1 X155.911 Y87.54 E.06252
G1 X156.815 Y87.952 E.06254
G1 X157.696 Y88.411 E.06254
G1 X158.555 Y88.917 E.06276
G1 X159.107 Y89.275 E.04142
G1 X159.645 Y89.652 E.04136
G1 X160.437 Y90.259 E.06282
G1 X161.192 Y90.904 E.06251
G1 X161.915 Y91.591 E.06278
G1 X162.369 Y92.061 E.04114
G1 X163.03 Y92.808 E.06279
G1 X163.648 Y93.585 E.0625
G1 X164.225 Y94.393 E.0625
G1 X164.758 Y95.231 E.06252
G1 X165.247 Y96.095 E.0625
G1 X165.69 Y96.984 E.06253
G1 X166.088 Y97.899 E.06281
G1 X166.322 Y98.508 E.04107
G1 X166.639 Y99.454 E.06281
G1 X166.904 Y100.411 E.06251
G1 X167.119 Y101.381 E.06254
G1 X167.284 Y102.365 E.06281
G1 X167.363 Y103.013 E.04109
G1 X167.403 Y103.512 E.03151
G1 X167.468 Y105 E.09376
G1 X167.441 Y105.997 E.06279
G1 X167.396 Y106.649 E.04114
G1 X167.283 Y107.64 E.06279
G1 X167.119 Y108.619 E.06249
G1 X166.904 Y109.589 E.06254
G1 X166.639 Y110.546 E.06251
G1 X166.324 Y111.487 E.06247
G1 X165.958 Y112.415 E.0628
G1 X165.692 Y113.012 E.04114
G1 X165.247 Y113.905 E.06281
G1 X164.758 Y114.769 E.0625
G1 X164.225 Y115.607 E.06252
G1 X163.646 Y116.419 E.06278
G1 X163.243 Y116.933 E.04112
G1 X162.596 Y117.692 E.06278
G1 X161.912 Y118.412 E.06252
G1 X161.188 Y119.099 E.06283
G1 X160.696 Y119.527 E.04105
G1 X159.915 Y120.148 E.06281
G1 X159.107 Y120.725 E.0625
G1 X158.269 Y121.258 E.06252
G1 X157.405 Y121.747 E.0625
G1 X156.516 Y122.19 E.06253
G1 X155.601 Y122.588 E.06281
G1 X154.992 Y122.822 E.04107
G1 X154.046 Y123.139 E.06281
G1 X153.089 Y123.404 E.06251
G1 X152.119 Y123.619 E.06254
G1 X151.135 Y123.784 E.06281
G1 X150.487 Y123.863 E.04109
G1 X149.493 Y123.942 E.06277
G1 X148.495 Y123.968 E.06285
G1 X147.843 Y123.956 E.04105
G1 X146.847 Y123.895 E.06282
G1 X145.86 Y123.783 E.06253
G1 X144.876 Y123.618 E.06281
G1 X144.238 Y123.483 E.04105
G1 X143.272 Y123.233 E.06281
G1 X142.325 Y122.934 E.06252
G1 X141.395 Y122.586 E.06251
G1 X140.484 Y122.19 E.06253
G1 X139.595 Y121.747 E.06253
G1 X138.729 Y121.257 E.06264
G1 X138.07 Y120.842 E.04903
G1 X137.352 Y120.346 E.05494
G1 X136.563 Y119.741 E.06259
G1 X135.808 Y119.096 E.06251
G1 X135.088 Y118.412 E.06252
G1 X134.404 Y117.692 E.06252
G1 X133.756 Y116.933 E.06282
G1 X133.354 Y116.419 E.04108
G1 X132.775 Y115.607 E.06278
G1 X132.242 Y114.769 E.06252
G1 X131.753 Y113.905 E.0625
G1 X131.308 Y113.014 E.0627
G1 X130.995 Y112.301 E.04902
G1 X130.677 Y111.488 E.05496
G1 X130.361 Y110.546 E.06255
G1 X130.096 Y109.589 E.06251
G1 X129.88 Y108.615 E.0628
G1 X129.767 Y107.972 E.0411
G1 X129.636 Y106.983 E.0628
G1 X129.558 Y105.993 E.06251
G1 X129.532 Y105 E.06253
G1 X129.558 Y104.005 E.06266
G1 X129.616 Y103.228 E.04905
G1 X129.717 Y102.361 E.05495
G1 X129.881 Y101.381 E.06255
G1 X130.096 Y100.411 E.06254
G1 X130.362 Y99.452 E.06265
G1 X130.606 Y98.712 E.04905
G1 X130.913 Y97.896 E.05488
G1 X131.31 Y96.984 E.06262
G1 X131.753 Y96.095 E.06253
G1 X132.243 Y95.229 E.06264
G1 X132.658 Y94.57 E.04903
G1 X133.154 Y93.852 E.05494
G1 X133.759 Y93.063 E.06259
G1 X134.404 Y92.308 E.06251
G1 X135.09 Y91.586 E.0627
G1 X135.652 Y91.047 E.04902
G1 X136.307 Y90.471 E.05491
G1 X137.085 Y89.852 E.06259
G1 X137.893 Y89.275 E.0625
G1 X138.731 Y88.742 E.06252
G1 X139.595 Y88.253 E.0625
G1 X140.484 Y87.81 E.06253
G1 X141.397 Y87.413 E.06267
G1 X142.125 Y87.136 E.04903
G1 X142.953 Y86.862 E.0549
G1 X143.911 Y86.596 E.06259
G1 X144.881 Y86.381 E.06254
G1 X145.86 Y86.217 E.06249
G1 X146.847 Y86.105 E.06253
G1 X147.84 Y86.044 E.06263
G1 X148.472 Y86.035 E.03979
G1 X148.496 Y86.792 F12000
G1 F1981.299
G1 X148.613 Y86.791 E.00737
G1 X149.451 Y86.815 E.05277
G1 X150.403 Y86.89 E.06012
G1 X151.349 Y87.014 E.06006
G1 X152.294 Y87.189 E.0605
G1 X152.898 Y87.329 E.03903
G1 X153.824 Y87.585 E.06048
G1 X154.728 Y87.888 E.06002
G1 X155.615 Y88.237 E.06
G1 X156.483 Y88.633 E.06006
G1 X157.329 Y89.073 E.06003
G1 X158.157 Y89.561 E.0605
G1 X159.198 Y90.263 E.07904
G1 X159.96 Y90.848 E.06047
G1 X160.685 Y91.467 E.06001
G1 X161.382 Y92.129 E.06051
G1 X161.813 Y92.575 E.03904
G1 X162.45 Y93.295 E.06052
G1 X163.043 Y94.041 E.05999
G1 X163.597 Y94.817 E.06002
G1 X164.109 Y95.621 E.06
G1 X164.579 Y96.451 E.06005
G1 X165.004 Y97.304 E.05999
G1 X165.387 Y98.185 E.06047
G1 X165.61 Y98.764 E.03906
G1 X165.915 Y99.676 E.06054
G1 X166.169 Y100.595 E.06002
G1 X166.376 Y101.525 E.05998
G1 X166.483 Y102.168 E.04103
G1 X166.572 Y102.781 E.03899
G1 X166.648 Y103.572 E.05002
G1 X166.71 Y105 E.08998
G1 X166.685 Y105.961 E.06052
G1 X166.642 Y106.579 E.039
G1 X166.533 Y107.534 E.06051
G1 X166.376 Y108.475 E.06006
G1 X166.169 Y109.405 E.05998
G1 X165.915 Y110.324 E.06002
G1 X165.612 Y111.228 E.06002
G1 X165.26 Y112.123 E.06054
G1 X165.008 Y112.689 E.039
G1 X164.579 Y113.549 E.0605
G1 X164.109 Y114.379 E.06005
G1 X163.597 Y115.183 E.06
G1 X163.039 Y115.966 E.06053
G1 X162.657 Y116.454 E.03901
G1 X162.033 Y117.185 E.0605
G1 X161.377 Y117.877 E.06003
G1 X160.679 Y118.538 E.06052
G1 X160.211 Y118.945 E.03904
G1 X159.459 Y119.543 E.06048
G1 X158.683 Y120.097 E.06002
G1 X157.879 Y120.609 E.06
G1 X157.049 Y121.079 E.06005
G1 X156.196 Y121.504 E.05999
G1 X155.315 Y121.887 E.06047
G1 X154.736 Y122.11 E.03906
G1 X153.824 Y122.415 E.06054
G1 X152.905 Y122.669 E.06002
G1 X151.975 Y122.876 E.05998
G1 X151.027 Y123.034 E.0605
G1 X150.411 Y123.11 E.03907
G1 X149.453 Y123.185 E.06049
G1 X148.492 Y123.21 E.06052
G1 X147.872 Y123.2 E.03903
G1 X146.913 Y123.141 E.06048
G1 X145.966 Y123.033 E.06
G1 X145.018 Y122.874 E.06051
G1 X144.411 Y122.745 E.03906
G1 X143.481 Y122.505 E.06046
G1 X142.571 Y122.218 E.06007
G1 X141.678 Y121.884 E.06002
G1 X140.804 Y121.504 E.05999
G1 X139.951 Y121.079 E.05999
G1 X139.117 Y120.607 E.06033
G1 X138.487 Y120.21 E.04688
G1 X137.798 Y119.734 E.05272
G1 X137.04 Y119.152 E.06016
G1 X136.315 Y118.533 E.06001
G1 X135.623 Y117.877 E.06003
G1 X134.967 Y117.185 E.06003
G1 X134.343 Y116.454 E.0605
G1 X133.961 Y115.966 E.03901
G1 X133.403 Y115.183 E.06053
G1 X132.891 Y114.379 E.06
G1 X132.421 Y113.549 E.06005
G1 X131.994 Y112.692 E.06028
G1 X131.694 Y112.01 E.0469
G1 X131.389 Y111.23 E.05272
G1 X131.085 Y110.324 E.06016
G1 X130.831 Y109.405 E.06002
G1 X130.623 Y108.467 E.06048
G1 X130.515 Y107.856 E.03906
G1 X130.39 Y106.903 E.06051
G1 X130.315 Y105.953 E.05999
G1 X130.29 Y105 E.06001
G1 X130.315 Y104.043 E.06027
G1 X130.37 Y103.3 E.0469
G1 X130.467 Y102.468 E.05273
G1 X130.624 Y101.525 E.06018
G1 X130.831 Y100.595 E.05998
G1 X131.087 Y99.672 E.0603
G1 X131.32 Y98.964 E.04692
G1 X131.615 Y98.18 E.05273
G1 X131.996 Y97.304 E.06014
G1 X132.421 Y96.451 E.05999
G1 X132.893 Y95.617 E.06033
G1 X133.29 Y94.987 E.04688
G1 X133.766 Y94.298 E.05272
G1 X134.348 Y93.54 E.06016
G1 X134.967 Y92.815 E.06001
G1 X135.626 Y92.12 E.06029
G1 X136.164 Y91.605 E.04688
G1 X136.793 Y91.052 E.05272
G1 X137.541 Y90.457 E.06017
G1 X138.317 Y89.903 E.06002
G1 X139.121 Y89.391 E.06
G1 X139.951 Y88.921 E.06005
G1 X140.804 Y88.496 E.05999
G1 X141.682 Y88.114 E.06028
G1 X142.379 Y87.85 E.04692
G1 X143.174 Y87.586 E.05273
G1 X144.095 Y87.331 E.06016
G1 X145.025 Y87.124 E.05998
G1 X145.966 Y86.967 E.06006
G1 X146.913 Y86.859 E.06
G1 X147.869 Y86.801 E.06029
G1 X148.466 Y86.793 E.03759
G1 X148.489 Y87.549 F12000
G1 F1981.299
G1 X148.608 Y87.548 E.00749
G1 X149.41 Y87.571 E.05051
G1 X150.324 Y87.643 E.05772
G1 X151.23 Y87.762 E.05752
G1 X152.14 Y87.931 E.05827
G1 X152.712 Y88.063 E.03695
G1 X153.603 Y88.31 E.05821
G1 X154.469 Y88.6 E.05749
G1 X155.319 Y88.935 E.05751
G1 X156.151 Y89.313 E.05753
G1 X156.961 Y89.735 E.0575
G1 X157.758 Y90.205 E.05825
G1 X158.75 Y90.874 E.07532
G1 X159.483 Y91.437 E.05818
G1 X160.178 Y92.03 E.05751
G1 X160.849 Y92.667 E.05824
G1 X161.257 Y93.089 E.03695
G1 X161.87 Y93.781 E.0582
G1 X162.438 Y94.497 E.05753
G1 X162.969 Y95.24 E.05749
G1 X163.46 Y96.011 E.05754
G1 X163.91 Y96.806 E.05751
G1 X164.318 Y97.624 E.05754
G1 X164.686 Y98.472 E.05819
G1 X164.897 Y99.02 E.03697
G1 X165.19 Y99.897 E.05821
G1 X165.434 Y100.778 E.05755
G1 X165.632 Y101.67 E.05752
G1 X165.736 Y102.292 E.0397
G1 X165.821 Y102.873 E.03696
G1 X165.893 Y103.631 E.04793
G1 X165.953 Y105 E.08626
G1 X165.929 Y105.924 E.05819
G1 X165.888 Y106.51 E.03698
G1 X165.783 Y107.429 E.05823
G1 X165.632 Y108.33 E.05751
G1 X165.434 Y109.222 E.05752
G1 X165.19 Y110.103 E.05755
G1 X164.9 Y110.969 E.05749
G1 X164.561 Y111.83 E.05825
G1 X164.323 Y112.366 E.03692
G1 X163.91 Y113.194 E.05825
G1 X163.46 Y113.989 E.05751
G1 X162.969 Y114.76 E.05754
G1 X162.432 Y115.512 E.05817
G1 X162.071 Y115.975 E.03696
G1 X161.47 Y116.678 E.05822
G1 X160.841 Y117.341 E.05753
G1 X160.17 Y117.978 E.05824
G1 X159.727 Y118.363 E.03695
G1 X159.003 Y118.939 E.05824
G1 X158.26 Y119.469 E.05745
G1 X157.489 Y119.96 E.05754
G1 X156.694 Y120.41 E.05751
G1 X155.876 Y120.818 E.05754
G1 X155.028 Y121.186 E.05819
M73 P42 R10
G1 X154.48 Y121.397 E.03697
G1 X153.603 Y121.69 E.05821
G1 X152.722 Y121.934 E.05755
G1 X151.83 Y122.132 E.05752
G1 X150.918 Y122.285 E.05821
G1 X150.335 Y122.356 E.03697
G1 X149.413 Y122.429 E.05822
G1 X148.489 Y122.453 E.05819
G1 X147.902 Y122.443 E.03696
G1 X146.979 Y122.386 E.05821
G1 X146.071 Y122.283 E.05753
G1 X145.159 Y122.13 E.05821
G1 X144.585 Y122.008 E.03694
G1 X143.689 Y121.777 E.05825
G1 X142.818 Y121.502 E.0575
G1 X141.962 Y121.182 E.05753
G1 X141.124 Y120.818 E.05751
G1 X140.306 Y120.41 E.05754
G1 X139.506 Y119.957 E.05787
G1 X138.905 Y119.578 E.04473
G1 X138.244 Y119.122 E.05055
G1 X137.517 Y118.563 E.05773
G1 X136.822 Y117.97 E.05751
G1 X136.159 Y117.341 E.05753
G1 X135.53 Y116.678 E.05753
G1 X134.929 Y115.975 E.05822
G1 X134.568 Y115.512 E.03696
G1 X134.031 Y114.76 E.05817
G1 X133.54 Y113.989 E.05754
G1 X133.09 Y113.194 E.05751
G1 X132.68 Y112.371 E.05788
G1 X132.393 Y111.72 E.04479
G1 X132.101 Y110.972 E.05055
G1 X131.81 Y110.103 E.05769
G1 X131.566 Y109.222 E.05755
G1 X131.365 Y108.319 E.05824
G1 X131.263 Y107.741 E.03695
G1 X131.143 Y106.824 E.05822
G1 X131.071 Y105.913 E.05753
G1 X131.047 Y105 E.05749
G1 X131.071 Y104.081 E.05787
G1 X131.124 Y103.372 E.04476
G1 X131.216 Y102.574 E.05057
G1 X131.368 Y101.67 E.05771
G1 X131.566 Y100.778 E.05752
G1 X131.811 Y99.892 E.05787
G1 X132.034 Y99.216 E.04481
G1 X132.317 Y98.465 E.05052
G1 X132.682 Y97.624 E.05771
G1 X133.09 Y96.806 E.05754
G1 X133.543 Y96.006 E.05787
G1 X133.922 Y95.405 E.04473
G1 X134.378 Y94.744 E.05055
G1 X134.937 Y94.017 E.05773
G1 X135.53 Y93.322 E.05751
G1 X136.163 Y92.655 E.05789
G1 X136.676 Y92.163 E.04475
G1 X137.279 Y91.632 E.05058
G1 X137.997 Y91.062 E.05771
G1 X138.74 Y90.531 E.05749
G1 X139.511 Y90.04 E.05754
G1 X140.306 Y89.59 E.05751
G1 X141.124 Y89.182 E.05754
G1 X141.968 Y88.816 E.05791
G1 X142.632 Y88.563 E.04473
G1 X143.394 Y88.311 E.05052
G1 X144.278 Y88.066 E.05775
G1 X145.17 Y87.868 E.05752
G1 X146.071 Y87.717 E.05751
G1 X146.979 Y87.614 E.05753
G1 X147.897 Y87.557 E.0579
G1 X148.459 Y87.55 E.03538
G1 E-8 F1500
G1 Z2.12 F3000
G1 X158.575 Y91.377 F12000
G1 Z1.92 F3000
G1 E8 F1500
;TYPE:Internal infill
G1 E-10F1500
G1 F12000.0
T0
G1 E16F1500
G1 F12000.0
;WIDTH:0.675
G1 F2373.119
G1 X160.032 Y92.588 E.09957
G1 X159.351 Y92.887 E.03909
G1 X158.673 Y93.047 E.03661
G1 X157.995 Y93.07 E.03565
G1 X157.316 Y92.881 E.03704
G1 X156.638 Y92.329 E.04595
G1 X155.96 Y91.488 E.05678
G1 X155.282 Y90.763 E.05217
G1 X154.604 Y90.282 E.04369
G1 X153.926 Y89.986 E.03888
G1 X153.247 Y89.826 E.03666
G1 X152.569 Y89.803 E.03565
G1 X151.891 Y89.991 E.03698
G1 X151.213 Y90.543 E.04595
G1 X150.535 Y91.385 E.05682
G1 X149.856 Y92.11 E.05221
G1 X149.178 Y92.59 E.04366
G1 X148.5 Y92.887 E.0389
G1 X147.822 Y93.047 E.03661
G1 X147.144 Y93.07 E.03565
G1 X146.465 Y92.881 E.03704
G1 X145.787 Y92.329 E.04595
G1 X145.109 Y91.488 E.05678
G1 X144.431 Y90.763 E.05217
G1 X143.753 Y90.282 E.04369
G1 X143.074 Y89.986 E.03893
G1 X142.396 Y89.826 E.03661
G1 X141.718 Y89.803 E.03565
G1 X141.04 Y89.991 E.03698
G1 X140.362 Y90.543 E.04595
G1 X139.684 Y91.385 E.05682
G1 X139.005 Y92.11 E.05221
G1 X138.327 Y92.59 E.04366
G1 X137.649 Y92.887 E.0389
G1 X136.971 Y93.047 E.03661
G1 X136.472 Y93.064 E.02624
G1 X135.329 Y94.335 E.08984
G1 X134.431 Y95.557 E.0797
G1 X134.936 Y95.969 E.03425
G1 X135.614 Y96.81 E.05678
G1 X136.293 Y97.535 E.05221
G1 X136.971 Y98.016 E.04369
G1 X137.649 Y98.312 E.03888
G1 X138.327 Y98.472 E.03661
G1 X139.005 Y98.495 E.03565
G1 X139.684 Y98.307 E.03703
G1 X140.362 Y97.755 E.04595
G1 X141.04 Y96.913 E.05682
G1 X141.718 Y96.188 E.05217
G1 X142.396 Y95.708 E.04366
G1 X143.074 Y95.411 E.0389
G1 X143.753 Y95.251 E.03666
G1 X144.431 Y95.228 E.03565
G1 X145.109 Y95.416 E.03698
G1 X145.787 Y95.969 E.04598
G1 X146.465 Y96.81 E.05678
G1 X147.144 Y97.535 E.05221
G1 X147.822 Y98.016 E.04369
G1 X148.5 Y98.312 E.03888
G1 X149.178 Y98.472 E.03661
G1 X149.856 Y98.495 E.03565
G1 X150.535 Y98.307 E.03703
G1 X151.213 Y97.755 E.04595
G1 X151.891 Y96.913 E.05682
G1 X152.569 Y96.188 E.05217
G1 X153.247 Y95.708 E.04366
G1 X153.926 Y95.411 E.03895
G1 X154.604 Y95.251 E.03661
G1 X155.282 Y95.228 E.03565
G1 X155.96 Y95.416 E.03698
G1 X156.638 Y95.969 E.04598
G1 X157.316 Y96.81 E.05678
G1 X157.995 Y97.535 E.05221
M73 P42 R9
G1 X158.673 Y98.016 E.04369
G1 X159.351 Y98.312 E.03888
G1 X160.029 Y98.472 E.03661
G1 X160.707 Y98.495 E.03565
G1 X161.386 Y98.307 E.03703
G1 X162.064 Y97.755 E.04595
G1 X163.146 Y96.482 E.08781
G1 X163.86 Y97.838 E.08054
G1 X164.219 Y98.664 E.04734
G1 X164.707 Y100.045 E.07698
G1 X164.946 Y100.911 E.04722
G1 X164.098 Y100.677 E.04623
G1 X163.42 Y100.654 E.03565
G1 X162.742 Y100.842 E.03698
G1 X162.064 Y101.394 E.04595
G1 X161.386 Y102.236 E.05682
G1 X160.707 Y102.961 E.05221
G1 X160.029 Y103.441 E.04366
G1 X159.351 Y103.738 E.0389
G1 X158.673 Y103.898 E.03661
G1 X157.995 Y103.921 E.03565
G1 X157.316 Y103.733 E.03703
G1 X156.638 Y103.18 E.04598
G1 X155.96 Y102.339 E.05678
G1 X155.282 Y101.614 E.05217
G1 X154.604 Y101.133 E.04369
G1 X153.926 Y100.837 E.03888
G1 X153.247 Y100.677 E.03666
G1 X152.569 Y100.654 E.03565
G1 X151.891 Y100.842 E.03698
G1 X151.213 Y101.394 E.04595
G1 X150.535 Y102.236 E.05682
G1 X149.856 Y102.961 E.05221
G1 X149.178 Y103.441 E.04366
G1 X148.5 Y103.738 E.0389
G1 X147.822 Y103.898 E.03661
G1 X147.144 Y103.921 E.03565
G1 X146.465 Y103.733 E.03703
G1 X145.787 Y103.18 E.04598
G1 X145.109 Y102.339 E.05678
G1 X144.431 Y101.614 E.05217
G1 X143.753 Y101.133 E.04369
G1 X143.074 Y100.837 E.03893
G1 X142.396 Y100.677 E.03661
G1 X141.718 Y100.654 E.03565
G1 X141.04 Y100.842 E.03698
G1 X140.362 Y101.394 E.04595
G1 X139.684 Y102.236 E.05682
G1 X139.005 Y102.961 E.05221
G1 X138.327 Y103.441 E.04366
G1 X137.649 Y103.738 E.0389
G1 X136.971 Y103.898 E.03661
G1 X136.293 Y103.921 E.03565
G1 X135.614 Y103.733 E.03703
G1 X134.936 Y103.18 E.04598
G1 X134.258 Y102.339 E.05678
G1 X133.58 Y101.614 E.05217
G1 X132.902 Y101.133 E.04369
G1 X132.083 Y100.804 E.04639
G1 X131.715 Y102.663 E.0996
G1 E-8 F1500
G1 Z2.12 F3000
G1 X131.562 Y104.629 F12000
G1 Z1.92 F3000
G1 E8 F1500
G1 F2373.119
G1 X131.626 Y106.523 E.0996
G1 X132.223 Y106.262 E.03424
G1 X132.902 Y106.102 E.03666
G1 X133.58 Y106.079 E.03565
G1 X134.258 Y106.268 E.03699
G1 X134.936 Y106.82 E.04595
G1 X135.614 Y107.661 E.05678
G1 X136.293 Y108.386 E.05221
G1 X136.971 Y108.867 E.04369
G1 X137.649 Y109.163 E.03888
G1 X138.327 Y109.323 E.03661
G1 X139.005 Y109.346 E.03565
G1 X139.684 Y109.158 E.03703
G1 X140.362 Y108.606 E.04595
G1 X141.04 Y107.764 E.05682
G1 X141.718 Y107.039 E.05217
G1 X142.396 Y106.559 E.04366
G1 X143.074 Y106.262 E.0389
G1 X143.753 Y106.102 E.03666
G1 X144.431 Y106.079 E.03565
G1 X145.109 Y106.268 E.03699
G1 X145.787 Y106.82 E.04595
G1 X146.465 Y107.661 E.05678
G1 X147.144 Y108.386 E.05221
G1 X147.822 Y108.867 E.04369
G1 X148.5 Y109.163 E.03888
G1 X149.178 Y109.323 E.03661
G1 X149.856 Y109.346 E.03565
G1 X150.535 Y109.158 E.03703
G1 X151.213 Y108.606 E.04595
G1 X151.891 Y107.764 E.05682
G1 X152.569 Y107.039 E.05217
G1 X153.247 Y106.559 E.04366
G1 X153.926 Y106.262 E.03895
G1 X154.604 Y106.102 E.03661
G1 X155.282 Y106.079 E.03565
G1 X155.96 Y106.268 E.03699
G1 X156.638 Y106.82 E.04595
G1 X157.316 Y107.661 E.05678
G1 X157.995 Y108.386 E.05221
G1 X158.673 Y108.867 E.04369
G1 X159.351 Y109.163 E.03888
G1 X160.029 Y109.323 E.03661
G1 X160.707 Y109.346 E.03565
G1 X161.386 Y109.158 E.03703
G1 X162.064 Y108.606 E.04595
G1 X162.742 Y107.764 E.05682
G1 X163.42 Y107.039 E.05217
G1 X164.098 Y106.559 E.04366
G1 X164.777 Y106.262 E.03895
G1 X165.409 Y106.113 E.03413
G1 X165.176 Y107.994 E.09962
G1 E-8 F1500
G1 Z2.12 F3000
G1 X164.764 Y109.749 F12000
G1 Z1.92 F3000
G1 E8 F1500
G1 F2373.119
G1 X164.134 Y111.536 E.09959
G1 X163.42 Y111.505 E.03756
G1 X162.742 Y111.693 E.03698
G1 X162.064 Y112.245 E.04595
G1 X161.386 Y113.087 E.05682
G1 X160.707 Y113.812 E.05221
G1 X160.029 Y114.293 E.04369
G1 X159.351 Y114.589 E.03888
G1 X158.673 Y114.749 E.03661
G1 X157.995 Y114.772 E.03565
G1 X157.316 Y114.584 E.03703
G1 X156.638 Y114.031 E.04598
G1 X155.96 Y113.19 E.05678
G1 X155.282 Y112.465 E.05217
G1 X154.604 Y111.984 E.04369
G1 X153.926 Y111.688 E.03888
G1 X153.247 Y111.528 E.03666
G1 X152.569 Y111.505 E.03565
G1 X151.891 Y111.693 E.03698
G1 X151.213 Y112.245 E.04595
G1 X150.535 Y113.087 E.05682
G1 X149.856 Y113.812 E.05221
G1 X149.178 Y114.293 E.04369
G1 X148.5 Y114.589 E.03888
G1 X147.822 Y114.749 E.03661
G1 X147.144 Y114.772 E.03565
G1 X146.465 Y114.584 E.03703
G1 X145.787 Y114.031 E.04598
G1 X145.109 Y113.19 E.05678
G1 X144.431 Y112.465 E.05217
G1 X143.753 Y111.984 E.04369
M73 P43 R9
G1 X143.074 Y111.688 E.03893
G1 X142.396 Y111.528 E.03661
G1 X141.718 Y111.505 E.03565
G1 X141.04 Y111.693 E.03698
G1 X140.362 Y112.245 E.04595
G1 X139.684 Y113.087 E.05682
G1 X139.005 Y113.812 E.05221
G1 X138.327 Y114.293 E.04369
G1 X137.649 Y114.589 E.03888
G1 X136.971 Y114.749 E.03661
G1 X136.293 Y114.772 E.03565
G1 X135.614 Y114.584 E.03703
G1 X134.936 Y114.031 E.04598
G1 X134.258 Y113.19 E.05678
G1 X133.58 Y112.465 E.05217
G1 X133.134 Y112.149 E.02873
G1 X132.438 Y110.386 E.09962
G1 E-8 F1500
G1 Z2.12 F3000
G1 X141.763 Y120.544 F12000
G1 Z1.92 F3000
G1 E8 F1500
G1 F2373.119
G1 X140.069 Y119.695 E.09959
G1 X140.362 Y119.457 E.01984
G1 X141.04 Y118.616 E.05678
G1 X141.718 Y117.89 E.05221
G1 X142.396 Y117.41 E.04366
G1 X143.074 Y117.113 E.0389
G1 X143.753 Y116.953 E.03666
G1 X144.431 Y116.93 E.03565
G1 X145.109 Y117.119 E.03699
G1 X145.787 Y117.671 E.04595
G1 X146.465 Y118.512 E.05678
G1 X147.144 Y119.237 E.05221
G1 X147.822 Y119.718 E.04369
G1 X148.5 Y120.014 E.03888
G1 X149.178 Y120.174 E.03661
G1 X149.856 Y120.197 E.03565
G1 X150.535 Y120.009 E.03703
G1 X151.213 Y119.457 E.04595
G1 X151.891 Y118.616 E.05678
G1 X152.569 Y117.89 E.05221
G1 X153.247 Y117.41 E.04366
G1 X153.926 Y117.113 E.03895
G1 X154.604 Y116.953 E.03661
G1 X155.282 Y116.93 E.03565
G1 X155.96 Y117.119 E.03699
G1 X156.638 Y117.671 E.04595
G1 X157.878 Y119.113 E.09996
G1 X156.243 Y120.07 E.09957
;LAYER_CHANGE
;Z:2.12
;HEIGHT:0.2

G1 E-8 F1500
G1 Z2.12 F3000
;AFTER_LAYER_CHANGE
;2.12
G92 E0
_ON_LAYER_CHANGE LAYER=10
G1 Z2.32
G1 X148.508 Y85.34 F12000
G1 Z2.12 F3000
G1 E8 F1500
;TYPE:External perimeter
;WIDTH:0.674999
G1 F2373.121
G1 X148.638 Y85.339 E.00683
G1 X149.529 Y85.365 E.04685
G1 X150.555 Y85.445 E.05409
G1 X151.576 Y85.58 E.05413
G1 X152.589 Y85.768 E.05415
G1 X153.255 Y85.921 E.03592
G1 X154.249 Y86.197 E.05422
G1 X155.225 Y86.523 E.05408
G1 X156.183 Y86.901 E.05413
G1 X157.12 Y87.328 E.05412
G1 X157.853 Y87.705 E.04332
G1 X158.626 Y88.146 E.04677
G1 X159.496 Y88.7 E.05421
G1 X160.056 Y89.092 E.03593
G1 X160.874 Y89.719 E.05417
G1 X161.657 Y90.388 E.05413
G1 X162.404 Y91.098 E.05417
G1 X162.879 Y91.589 E.03591
G1 X163.562 Y92.361 E.05417
G1 X164.203 Y93.167 E.05412
G1 X164.802 Y94.006 E.05418
G1 X165.174 Y94.579 E.03591
G1 X165.697 Y95.468 E.05421
G1 X166.172 Y96.381 E.05409
G1 X166.599 Y97.317 E.05407
G1 X166.977 Y98.276 E.05418
G1 X167.2 Y98.923 E.03597
G1 X167.492 Y99.911 E.05415
G1 X167.733 Y100.912 E.05411
G1 X167.92 Y101.924 E.05409
G1 X168.055 Y102.945 E.05413
G1 X168.135 Y103.971 E.05409
G1 X168.15 Y105.685 E.09009
G1 X168.088 Y106.714 E.05418
G1 X167.971 Y107.736 E.05406
G1 X167.801 Y108.752 E.05414
G1 X167.578 Y109.757 E.05411
G1 X167.303 Y110.749 E.0541
G1 X166.977 Y111.725 E.05408
G1 X166.599 Y112.684 E.05418
G1 X166.321 Y113.308 E.0359
G1 X165.861 Y114.231 E.0542
G1 X165.354 Y115.127 E.05411
G1 X164.801 Y115.995 E.05409
G1 X164.202 Y116.834 E.05418
G1 X163.781 Y117.373 E.03595
G1 X163.112 Y118.157 E.05417
G1 X162.402 Y118.904 E.05417
G1 X161.911 Y119.379 E.03591
G1 X161.139 Y120.062 E.05417
G1 X160.333 Y120.703 E.05412
G1 X159.495 Y121.301 E.05411
G1 X158.627 Y121.854 E.05409
G1 X157.731 Y122.361 E.05411
G1 X156.81 Y122.82 E.05408
G1 X155.864 Y123.231 E.05421
G1 X155.226 Y123.476 E.03592
G1 X154.249 Y123.803 E.05415
G1 X153.257 Y124.078 E.0541
G1 X152.252 Y124.301 E.05411
G1 X151.235 Y124.471 E.05419
G1 X150.557 Y124.555 E.03591
G1 X149.529 Y124.635 E.05419
G1 X148.499 Y124.662 E.05415
G1 X147.815 Y124.65 E.03595
G1 X146.786 Y124.588 E.05418
G1 X145.764 Y124.471 E.05406
G1 X144.747 Y124.301 E.05419
G1 X144.078 Y124.159 E.03594
G1 X143.08 Y123.901 E.05418
G1 X142.099 Y123.591 E.05407
G1 X141.134 Y123.231 E.05413
G1 X140.19 Y122.82 E.05411
G1 X139.269 Y122.361 E.05408
G1 X138.373 Y121.854 E.05411
G1 X137.505 Y121.301 E.05409
G1 X136.667 Y120.703 E.05411
G1 X135.86 Y120.061 E.0542
G1 X135.344 Y119.613 E.03591
G1 X134.597 Y118.903 E.05417
G1 X133.888 Y118.157 E.05409
G1 X133.219 Y117.374 E.05413
G1 X132.593 Y116.557 E.0541
G1 X132.009 Y115.708 E.05416
G1 X131.647 Y115.128 E.03593
G1 X131.139 Y114.231 E.05418
G1 X130.68 Y113.31 E.05408
G1 X130.269 Y112.364 E.05421
G1 X130.024 Y111.726 E.03592
G1 X129.697 Y110.749 E.05415
G1 X129.422 Y109.757 E.0541
G1 X129.199 Y108.752 E.05411
G1 X129.029 Y107.736 E.05414
G1 X128.932 Y106.918 E.04329
G1 X128.865 Y106.029 E.04686
G1 X128.838 Y105 E.0541
G1 X128.865 Y103.97 E.05415
G1 X128.926 Y103.149 E.04327
G1 X129.029 Y102.264 E.04683
G1 X129.199 Y101.248 E.05414
G1 X129.422 Y100.243 E.05411
G1 X129.697 Y99.25 E.05415
G1 X129.908 Y98.6 E.03592
G1 X130.269 Y97.634 E.0542
G1 X130.68 Y96.69 E.05411
G1 X131.045 Y95.951 E.04332
G1 X131.472 Y95.169 E.04683
G1 X132.01 Y94.291 E.05412
G1 X132.593 Y93.443 E.05409
G1 X133.219 Y92.626 E.0541
G1 X133.888 Y91.843 E.05413
G1 X134.597 Y91.097 E.05409
G1 X135.343 Y90.388 E.05409
G1 X136.127 Y89.719 E.05417
G1 X136.666 Y89.298 E.03595
G1 X137.505 Y88.699 E.05418
G1 X138.373 Y88.146 E.05409
G1 X139.269 Y87.639 E.05411
G1 X140.19 Y87.18 E.05408
G1 X141.134 Y86.769 E.05411
G1 X142.099 Y86.409 E.05413
G1 X143.081 Y86.099 E.05412
G1 X143.878 Y85.889 E.04332
G1 X144.748 Y85.699 E.0468
G1 X145.764 Y85.529 E.05414
G1 X146.786 Y85.412 E.05406
G1 X147.815 Y85.35 E.05418
G1 X148.478 Y85.341 E.03485
G1 X149.078 Y85.352 F12000
G1 X148.502 Y86.035
;TYPE:Perimeter
G1 E-10F1500
G1 F12000.0
T1
G1 E20F1500
;WIDTH:0.799999
G1 F1981.299
G1 X148.633 Y86.034 E.00825
G1 X149.491 Y86.058 E.05403
G1 X150.483 Y86.136 E.06264
G1 X151.467 Y86.266 E.06248
G1 X152.448 Y86.448 E.06281
G1 X153.084 Y86.595 E.04109
G1 X154.046 Y86.861 E.06283
G1 X154.987 Y87.176 E.06247
G1 X155.911 Y87.54 E.06252
G1 X156.817 Y87.953 E.06268
G1 X157.522 Y88.316 E.04992
G1 X158.268 Y88.741 E.05405
G1 X159.11 Y89.278 E.06287
G1 X159.645 Y89.652 E.04109
G1 X160.437 Y90.259 E.06282
G1 X161.192 Y90.904 E.06251
G1 X161.915 Y91.591 E.06278
G1 X162.369 Y92.061 E.04114
G1 X163.03 Y92.808 E.06279
G1 X163.648 Y93.585 E.0625
G1 X164.227 Y94.397 E.06278
G1 X164.583 Y94.945 E.04114
G1 X165.089 Y95.804 E.06276
G1 X165.548 Y96.685 E.06254
G1 X165.96 Y97.589 E.06254
G1 X166.325 Y98.517 E.06278
G1 X166.538 Y99.134 E.04109
G1 X166.821 Y100.091 E.06282
G1 X167.053 Y101.056 E.06248
G1 X167.234 Y102.033 E.06255
G1 X167.364 Y103.017 E.06248
G1 X167.442 Y104.007 E.06251
G1 X167.456 Y105.657 E.10387
G1 X167.395 Y106.653 E.06282
G1 X167.283 Y107.64 E.06253
G1 X167.119 Y108.619 E.06249
G1 X166.904 Y109.589 E.06254
G1 X166.639 Y110.546 E.06251
G1 X166.324 Y111.487 E.06247
G1 X165.958 Y112.415 E.0628
G1 X165.692 Y113.012 E.04114
G1 X165.247 Y113.905 E.06281
G1 X164.758 Y114.769 E.0625
G1 X164.225 Y115.607 E.06252
G1 X163.646 Y116.419 E.06278
G1 X163.243 Y116.933 E.04112
G1 X162.596 Y117.692 E.06278
G1 X161.909 Y118.415 E.06278
G1 X161.439 Y118.869 E.04114
G1 X160.692 Y119.53 E.06279
G1 X159.915 Y120.148 E.0625
G1 X159.107 Y120.725 E.0625
G1 X158.269 Y121.258 E.06252
G1 X157.405 Y121.747 E.0625
G1 X156.516 Y122.19 E.06253
G1 X155.601 Y122.588 E.06281
G1 X154.992 Y122.822 E.04107
G1 X154.046 Y123.139 E.06281
G1 X153.089 Y123.404 E.06251
G1 X152.119 Y123.619 E.06254
G1 X151.135 Y123.784 E.06281
G1 X150.487 Y123.863 E.04109
G1 X149.493 Y123.942 E.06277
G1 X148.495 Y123.968 E.06285
G1 X147.843 Y123.956 E.04105
G1 X146.847 Y123.895 E.06282
G1 X145.86 Y123.783 E.06253
G1 X144.876 Y123.618 E.06281
G1 X144.238 Y123.483 E.04105
G1 X143.272 Y123.233 E.06281
G1 X142.325 Y122.934 E.06252
G1 X141.395 Y122.586 E.06251
G1 X140.484 Y122.19 E.06253
G1 X139.595 Y121.747 E.06253
G1 X138.731 Y121.258 E.0625
G1 X137.893 Y120.725 E.06252
G1 X137.085 Y120.148 E.0625
G1 X136.304 Y119.527 E.06281
G1 X135.812 Y119.099 E.04105
G1 X135.088 Y118.412 E.06283
G1 X134.404 Y117.692 E.06252
G1 X133.759 Y116.937 E.06251
G1 X133.155 Y116.149 E.0625
G1 X132.59 Y115.327 E.06279
G1 X132.244 Y114.773 E.04112
G1 X131.753 Y113.905 E.06278
G1 X131.31 Y113.016 E.06253
G1 X130.912 Y112.101 E.06281
G1 X130.678 Y111.492 E.04107
G1 X130.361 Y110.546 E.06281
G1 X130.096 Y109.589 E.06251
G1 X129.881 Y108.619 E.06254
G1 X129.717 Y107.638 E.06261
G1 X129.624 Y106.85 E.04995
G1 X129.558 Y105.994 E.05405
G1 X129.532 Y105 E.0626
G1 X129.558 Y104.005 E.06266
G1 X129.617 Y103.215 E.04987
G1 X129.717 Y102.362 E.05407
G1 X129.881 Y101.381 E.06261
G1 X130.096 Y100.411 E.06254
G1 X130.362 Y99.45 E.06277
G1 X130.564 Y98.829 E.04111
G1 X130.914 Y97.895 E.06279
G1 X131.31 Y96.982 E.06265
G1 X131.661 Y96.271 E.04992
G1 X132.073 Y95.517 E.05409
G1 X132.592 Y94.67 E.06253
G1 X133.155 Y93.851 E.06256
G1 X133.759 Y93.063 E.0625
G1 X134.404 Y92.308 E.06251
G1 X135.088 Y91.588 E.06252
G1 X135.808 Y90.904 E.06252
G1 X136.567 Y90.257 E.06278
G1 X137.081 Y89.854 E.04112
G1 X137.893 Y89.275 E.06278
G1 X138.731 Y88.742 E.06252
G1 X139.595 Y88.253 E.0625
G1 X140.484 Y87.81 E.06253
G1 X141.395 Y87.414 E.06253
G1 X142.325 Y87.066 E.06251
G1 X143.274 Y86.767 E.06264
G1 X144.04 Y86.565 E.04987
G1 X144.879 Y86.381 E.05407
G1 X145.86 Y86.217 E.06261
G1 X146.847 Y86.105 E.06253
G1 X147.84 Y86.044 E.06263
G1 X148.472 Y86.036 E.03979
G1 X148.496 Y86.792 F12000
G1 F1981.299
G1 X148.627 Y86.791 E.00825
G1 X149.451 Y86.815 E.05189
G1 X150.403 Y86.89 E.06012
G1 X151.349 Y87.014 E.06006
M73 P44 R9
G1 X152.294 Y87.189 E.0605
G1 X152.898 Y87.329 E.03903
G1 X153.824 Y87.585 E.06048
G1 X154.728 Y87.888 E.06002
G1 X155.615 Y88.237 E.06
G1 X156.486 Y88.634 E.06026
G1 X157.161 Y88.982 E.04781
G1 X157.877 Y89.389 E.05185
G1 X158.69 Y89.907 E.06069
G1 X159.197 Y90.263 E.039
G1 X159.96 Y90.848 E.06052
G1 X160.685 Y91.467 E.06001
G1 X161.382 Y92.129 E.06051
G1 X161.813 Y92.575 E.03904
G1 X162.45 Y93.295 E.06052
G1 X163.043 Y94.041 E.05999
G1 X163.602 Y94.823 E.06051
G1 X163.939 Y95.343 E.03901
G1 X164.427 Y96.172 E.06056
G1 X164.867 Y97.017 E.05997
G1 X165.263 Y97.885 E.06006
G1 X165.615 Y98.779 E.06048
G1 X165.817 Y99.365 E.03902
G1 X166.09 Y100.287 E.06053
G1 X166.312 Y101.214 E.06001
G1 X166.486 Y102.151 E.05999
G1 X166.61 Y103.097 E.06006
G1 X166.685 Y104.047 E.05999
G1 X166.7 Y105.628 E.09953
G1 X166.641 Y106.587 E.06048
G1 X166.533 Y107.534 E.06
G1 X166.376 Y108.475 E.06006
G1 X166.169 Y109.405 E.05998
G1 X165.915 Y110.324 E.06002
G1 X165.612 Y111.228 E.06002
G1 X165.26 Y112.123 E.06054
G1 X165.008 Y112.689 E.039
G1 X164.579 Y113.549 E.0605
G1 X164.109 Y114.379 E.06005
G1 X163.597 Y115.183 E.06
G1 X163.039 Y115.966 E.06053
G1 X162.657 Y116.454 E.03901
G1 X162.033 Y117.185 E.0605
G1 X161.371 Y117.882 E.06051
G1 X160.925 Y118.313 E.03904
G1 X160.205 Y118.95 E.06052
G1 X159.459 Y119.543 E.05999
G1 X158.683 Y120.097 E.06002
G1 X157.879 Y120.609 E.06
G1 X157.049 Y121.079 E.06005
G1 X156.196 Y121.504 E.05999
G1 X155.315 Y121.887 E.06047
G1 X154.736 Y122.11 E.03906
G1 X153.824 Y122.415 E.06054
G1 X152.905 Y122.669 E.06002
G1 X151.975 Y122.876 E.05998
G1 X151.027 Y123.034 E.0605
G1 X150.411 Y123.11 E.03907
G1 X149.453 Y123.185 E.06049
G1 X148.492 Y123.21 E.06052
G1 X147.872 Y123.2 E.03903
G1 X146.913 Y123.141 E.06048
G1 X145.966 Y123.033 E.06
G1 X145.018 Y122.874 E.06051
G1 X144.411 Y122.745 E.03906
G1 X143.481 Y122.505 E.06046
G1 X142.571 Y122.218 E.06007
G1 X141.678 Y121.884 E.06002
G1 X140.804 Y121.504 E.05999
G1 X139.951 Y121.079 E.05999
G1 X139.121 Y120.609 E.06005
G1 X138.317 Y120.097 E.06
G1 X137.541 Y119.543 E.06002
G1 X136.789 Y118.945 E.06048
G1 X136.321 Y118.538 E.03904
G1 X135.623 Y117.877 E.06052
G1 X134.967 Y117.185 E.06003
G1 X134.348 Y116.46 E.06001
G1 X133.768 Y115.704 E.05998
G1 X133.223 Y114.912 E.06052
G1 X132.895 Y114.386 E.03902
G1 X132.421 Y113.549 E.06055
G1 X131.996 Y112.696 E.05999
G1 X131.613 Y111.815 E.06047
G1 X131.39 Y111.236 E.03906
G1 X131.085 Y110.324 E.06054
G1 X130.831 Y109.405 E.06002
G1 X130.624 Y108.475 E.05998
G1 X130.466 Y107.531 E.06025
G1 X130.377 Y106.777 E.04779
G1 X130.315 Y105.955 E.05189
G1 X130.29 Y105 E.06014
G1 X130.315 Y104.043 E.06027
G1 X130.371 Y103.287 E.04772
G1 X130.467 Y102.468 E.05191
G1 X130.624 Y101.525 E.06018
G1 X130.831 Y100.595 E.05998
G1 X131.088 Y99.668 E.06056
G1 X131.279 Y99.079 E.03898
G1 X131.616 Y98.178 E.06056
G1 X131.997 Y97.301 E.06019
G1 X132.333 Y96.62 E.0478
G1 X132.728 Y95.897 E.05186
G1 X133.228 Y95.082 E.06019
G1 X133.768 Y94.296 E.06003
G1 X134.348 Y93.54 E.05998
G1 X134.967 Y92.815 E.06001
G1 X135.623 Y92.123 E.06003
G1 X136.315 Y91.467 E.06003
G1 X137.046 Y90.843 E.0605
G1 X137.534 Y90.461 E.03901
G1 X138.317 Y89.903 E.06053
G1 X139.121 Y89.391 E.06
G1 X139.951 Y88.921 E.06005
G1 X140.804 Y88.496 E.05999
G1 X141.678 Y88.116 E.05999
G1 X142.571 Y87.782 E.06002
G1 X143.484 Y87.494 E.06027
G1 X144.218 Y87.301 E.04778
G1 X145.023 Y87.125 E.05187
G1 X145.966 Y86.967 E.06019
G1 X146.913 Y86.859 E.06
G1 X147.868 Y86.801 E.06023
G1 X148.466 Y86.793 E.03765
G1 X148.489 Y87.55 F12000
G1 F1981.299
G1 X148.621 Y87.548 E.00831
G1 X149.41 Y87.571 E.04969
G1 X150.324 Y87.643 E.05772
G1 X151.23 Y87.762 E.05752
G1 X152.14 Y87.931 E.05827
G1 X152.712 Y88.063 E.03695
G1 X153.603 Y88.31 E.05821
G1 X154.469 Y88.6 E.05749
G1 X155.319 Y88.935 E.05751
G1 X156.156 Y89.316 E.05789
G1 X156.8 Y89.647 E.04558
G1 X157.486 Y90.038 E.04971
G1 X158.269 Y90.537 E.05845
G1 X158.75 Y90.874 E.03697
G1 X159.483 Y91.437 E.05818
G1 X160.178 Y92.03 E.05751
G1 X160.849 Y92.667 E.05824
G1 X161.257 Y93.089 E.03695
G1 X161.87 Y93.781 E.0582
G1 X162.438 Y94.497 E.05753
G1 X162.976 Y95.25 E.05826
G1 X163.295 Y95.742 E.03691
G1 X163.765 Y96.539 E.05825
G1 X164.187 Y97.349 E.0575
G1 X164.565 Y98.181 E.05753
G1 X164.904 Y99.041 E.05819
G1 X165.096 Y99.596 E.03697
G1 X165.358 Y100.483 E.05822
G1 X165.572 Y101.371 E.0575
G1 X165.738 Y102.27 E.05755
G1 X165.857 Y103.176 E.05752
G1 X165.929 Y104.087 E.05753
G1 X165.943 Y105.598 E.09512
G1 X165.886 Y106.521 E.05821
G1 X165.783 Y107.429 E.05753
G1 X165.632 Y108.33 E.05751
G1 X165.434 Y109.222 E.05752
G1 X165.19 Y110.103 E.05755
G1 X164.9 Y110.969 E.05749
G1 X164.561 Y111.83 E.05825
G1 X164.323 Y112.366 E.03692
G1 X163.91 Y113.194 E.05825
G1 X163.46 Y113.989 E.05751
G1 X162.969 Y114.76 E.05754
G1 X162.432 Y115.512 E.05817
G1 X162.071 Y115.975 E.03696
G1 X161.47 Y116.678 E.05822
G1 X160.833 Y117.349 E.05824
G1 X160.411 Y117.757 E.03695
G1 X159.719 Y118.37 E.0582
G1 X159.003 Y118.938 E.05753
G1 X158.26 Y119.469 E.05749
G1 X157.489 Y119.96 E.05754
G1 X156.694 Y120.41 E.05751
G1 X155.876 Y120.818 E.05754
G1 X155.028 Y121.186 E.05819
G1 X154.48 Y121.397 E.03697
G1 X153.603 Y121.69 E.05821
G1 X152.722 Y121.934 E.05755
G1 X151.83 Y122.132 E.05752
G1 X150.918 Y122.285 E.05821
G1 X150.335 Y122.356 E.03697
G1 X149.413 Y122.429 E.05822
G1 X148.489 Y122.453 E.05819
G1 X147.902 Y122.443 E.03696
G1 X146.979 Y122.386 E.05821
G1 X146.071 Y122.283 E.05753
G1 X145.159 Y122.13 E.05821
G1 X144.585 Y122.008 E.03694
G1 X143.689 Y121.777 E.05825
G1 X142.818 Y121.502 E.0575
G1 X141.962 Y121.182 E.05753
G1 X141.124 Y120.818 E.05751
G1 X140.306 Y120.41 E.05754
G1 X139.511 Y119.96 E.05751
G1 X138.74 Y119.469 E.05754
G1 X137.997 Y118.939 E.05745
G1 X137.273 Y118.363 E.05824
G1 X136.83 Y117.978 E.03695
G1 X136.159 Y117.341 E.05824
G1 X135.53 Y116.678 E.05753
G1 X134.937 Y115.983 E.05751
G1 X134.38 Y115.259 E.0575
G1 X133.856 Y114.496 E.05827
G1 X133.545 Y113.999 E.03691
G1 X133.09 Y113.194 E.05821
G1 X132.682 Y112.376 E.05754
G1 X132.314 Y111.528 E.05819
G1 X132.103 Y110.98 E.03697
G1 X131.81 Y110.103 E.05821
G1 X131.566 Y109.222 E.05755
G1 X131.368 Y108.33 E.05752
G1 X131.216 Y107.424 E.05783
G1 X131.131 Y106.704 E.04564
G1 X131.071 Y105.917 E.04969
G1 X131.047 Y105 E.05775
G1 X131.071 Y104.081 E.05787
G1 X131.125 Y103.359 E.04558
G1 X131.216 Y102.574 E.04975
G1 X131.368 Y101.67 E.05771
G1 X131.566 Y100.778 E.05752
G1 X131.813 Y99.887 E.05821
G1 X131.994 Y99.328 E.03699
G1 X132.318 Y98.462 E.05821
G1 X132.684 Y97.619 E.05785
G1 X133.005 Y96.969 E.04564
G1 X133.384 Y96.277 E.04967
G1 X133.863 Y95.494 E.05778
G1 X134.38 Y94.741 E.0575
G1 X134.937 Y94.017 E.0575
G1 X135.53 Y93.322 E.05751
G1 X136.159 Y92.659 E.05753
G1 X136.822 Y92.03 E.05753
G1 X137.525 Y91.429 E.05822
G1 X137.988 Y91.068 E.03696
G1 X138.74 Y90.531 E.05817
G1 X139.511 Y90.04 E.05754
G1 X140.306 Y89.59 E.05751
G1 X141.124 Y89.182 E.05754
G1 X141.962 Y88.818 E.05751
G1 X142.818 Y88.498 E.05753
G1 X143.695 Y88.222 E.05788
G1 X144.395 Y88.037 E.04558
G1 X145.166 Y87.868 E.04969
G1 X146.071 Y87.717 E.05776
G1 X146.979 Y87.614 E.05753
G1 X147.896 Y87.557 E.05784
G1 X148.459 Y87.55 E.03544
G1 E-8 F1500
G1 Z2.32 F3000
G1 X158.587 Y91.386 F12000
G1 Z2.12 F3000
G1 E8 F1500
;TYPE:Internal infill
G1 E-10F1500
G1 F12000.0
T0
G1 E16F1500
G1 F12000.0
;WIDTH:0.675
G1 F2373.119
G1 X160.043 Y92.599 E.0996
G1 X159.351 Y92.844 E.03858
G1 X158.673 Y92.945 E.03603
G1 X157.995 Y92.9 E.03571
G1 X157.316 Y92.64 E.03821
G1 X156.638 Y92.067 E.04666
G1 X155.96 Y91.306 E.05357
G1 X155.282 Y90.675 E.04868
G1 X154.604 Y90.265 E.04164
G1 X153.926 Y90.028 E.03775
G1 X153.247 Y89.927 E.03608
G1 X152.569 Y89.973 E.03572
G1 X151.891 Y90.233 E.03816
G1 X151.213 Y90.805 E.04662
G1 X150.535 Y91.566 E.05357
G1 X149.856 Y92.197 E.04872
G1 X149.178 Y92.607 E.04164
G1 X148.5 Y92.844 E.03775
G1 X147.822 Y92.945 E.03603
G1 X147.144 Y92.9 E.03571
G1 X146.465 Y92.64 E.03821
G1 X145.787 Y92.067 E.04666
G1 X145.109 Y91.306 E.05357
G1 X144.431 Y90.675 E.04868
G1 X143.753 Y90.265 E.04164
G1 X143.074 Y90.028 E.0378
G1 X142.396 Y89.927 E.03603
G1 X141.718 Y89.973 E.03572
G1 X141.04 Y90.233 E.03816
G1 X140.362 Y90.805 E.04662
G1 X139.684 Y91.566 E.05357
G1 X139.005 Y92.197 E.04872
G1 X138.327 Y92.607 E.04164
G1 X137.649 Y92.844 E.03775
G1 X136.971 Y92.945 E.03603
G1 X136.616 Y92.921 E.0187
G1 X135.329 Y94.335 E.10049
G1 X134.325 Y95.715 E.08969
G1 X134.936 Y96.231 E.04203
G1 X135.614 Y96.992 E.05357
G1 X136.293 Y97.623 E.04872
G1 X136.971 Y98.033 E.04164
G1 X137.649 Y98.27 E.03775
G1 X138.327 Y98.371 E.03603
G1 X139.005 Y98.325 E.03572
G1 X139.684 Y98.065 E.03821
G1 X140.362 Y97.493 E.04662
G1 X141.04 Y96.732 E.05357
G1 X141.718 Y96.101 E.04868
G1 X142.396 Y95.691 E.04164
G1 X143.074 Y95.454 E.03775
G1 X143.753 Y95.353 E.03608
G1 X144.431 Y95.398 E.03571
G1 X145.109 Y95.658 E.03816
G1 X145.787 Y96.231 E.04666
G1 X146.465 Y96.992 E.05357
G1 X147.144 Y97.623 E.04872
G1 X147.822 Y98.033 E.04164
G1 X148.5 Y98.27 E.03775
G1 X149.178 Y98.371 E.03603
G1 X149.856 Y98.325 E.03572
G1 X150.535 Y98.065 E.03821
G1 X151.213 Y97.493 E.04662
G1 X151.891 Y96.732 E.05357
G1 X152.569 Y96.101 E.04868
G1 X153.247 Y95.691 E.04164
G1 X153.926 Y95.454 E.0378
G1 X154.604 Y95.353 E.03603
G1 X155.282 Y95.398 E.03571
G1 X155.96 Y95.658 E.03816
G1 X156.638 Y96.231 E.04666
G1 X157.316 Y96.992 E.05357
G1 X157.995 Y97.623 E.04872
G1 X158.673 Y98.033 E.04164
G1 X159.351 Y98.27 E.03775
G1 X160.029 Y98.371 E.03603
G1 X160.707 Y98.325 E.03572
G1 X161.386 Y98.065 E.03821
G1 X162.064 Y97.493 E.04662
G1 X163.097 Y96.401 E.079
G1 X164.1 Y98.378 E.11651
G1 X164.614 Y99.75 E.077
G1 X164.948 Y100.939 E.06491
G1 X164.098 Y100.778 E.04547
G1 X163.42 Y100.824 E.03572
G1 X162.742 Y101.084 E.03816
G1 X162.064 Y101.656 E.04662
G1 X161.386 Y102.417 E.05357
G1 X160.707 Y103.048 E.04872
G1 X160.029 Y103.458 E.04164
G1 X159.351 Y103.695 E.03775
G1 X158.673 Y103.796 E.03603
G1 X157.995 Y103.751 E.03571
G1 X157.316 Y103.491 E.03821
G1 X156.638 Y102.918 E.04666
G1 X155.96 Y102.157 E.05357
G1 X155.282 Y101.526 E.04868
G1 X154.604 Y101.116 E.04164
G1 X153.926 Y100.879 E.03775
M73 P45 R9
G1 X153.247 Y100.778 E.03608
G1 X152.569 Y100.824 E.03572
G1 X151.891 Y101.084 E.03816
G1 X151.213 Y101.656 E.04662
G1 X150.535 Y102.417 E.05357
G1 X149.856 Y103.048 E.04872
G1 X149.178 Y103.458 E.04164
G1 X148.5 Y103.695 E.03775
G1 X147.822 Y103.796 E.03603
G1 X147.144 Y103.751 E.03571
G1 X146.465 Y103.491 E.03821
G1 X145.787 Y102.918 E.04666
G1 X145.109 Y102.157 E.05357
G1 X144.431 Y101.526 E.04868
G1 X143.753 Y101.116 E.04164
G1 X143.074 Y100.879 E.0378
G1 X142.396 Y100.778 E.03603
G1 X141.718 Y100.824 E.03572
G1 X141.04 Y101.084 E.03816
G1 X140.362 Y101.656 E.04662
G1 X139.684 Y102.417 E.05357
G1 X139.005 Y103.048 E.04872
G1 X138.327 Y103.458 E.04164
G1 X137.649 Y103.695 E.03775
G1 X136.971 Y103.796 E.03603
G1 X136.293 Y103.751 E.03571
G1 X135.614 Y103.491 E.03821
G1 X134.936 Y102.918 E.04666
G1 X134.258 Y102.157 E.05357
G1 X133.58 Y101.526 E.04868
G1 X132.902 Y101.116 E.04164
G1 X132.223 Y100.879 E.0378
G1 X132.068 Y100.856 E.00824
G1 X131.709 Y102.717 E.09961
G1 E-8 F1500
G1 Z2.32 F3000
G1 X131.563 Y104.62 F12000
G1 Z2.12 F3000
G1 E8 F1500
G1 F2373.119
G1 X131.623 Y106.514 E.09959
G1 X132.223 Y106.305 E.03339
G1 X132.902 Y106.204 E.03608
G1 X133.58 Y106.249 E.03571
G1 X134.258 Y106.509 E.03816
G1 X134.936 Y107.082 E.04666
G1 X135.614 Y107.843 E.05357
G1 X136.293 Y108.474 E.04872
G1 X136.971 Y108.884 E.04164
G1 X137.649 Y109.121 E.03775
G1 X138.327 Y109.222 E.03603
G1 X139.005 Y109.176 E.03572
G1 X139.684 Y108.916 E.03821
G1 X140.362 Y108.344 E.04662
G1 X141.04 Y107.583 E.05357
G1 X141.718 Y106.952 E.04868
G1 X142.396 Y106.542 E.04164
G1 X143.074 Y106.305 E.03775
G1 X143.753 Y106.204 E.03608
G1 X144.431 Y106.249 E.03571
G1 X145.109 Y106.509 E.03816
G1 X145.787 Y107.082 E.04666
G1 X146.465 Y107.843 E.05357
G1 X147.144 Y108.474 E.04872
G1 X147.822 Y108.884 E.04164
G1 X148.5 Y109.121 E.03775
G1 X149.178 Y109.222 E.03603
G1 X149.856 Y109.176 E.03572
G1 X150.535 Y108.916 E.03821
G1 X151.213 Y108.344 E.04662
G1 X151.891 Y107.583 E.05357
G1 X152.569 Y106.952 E.04868
G1 X153.247 Y106.542 E.04164
G1 X153.926 Y106.305 E.0378
G1 X154.604 Y106.204 E.03603
G1 X155.282 Y106.249 E.03571
G1 X155.96 Y106.509 E.03816
G1 X156.638 Y107.082 E.04666
G1 X157.316 Y107.843 E.05357
G1 X157.995 Y108.474 E.04872
G1 X158.673 Y108.884 E.04164
G1 X159.351 Y109.121 E.03775
G1 X160.029 Y109.222 E.03603
G1 X160.707 Y109.176 E.03572
G1 X161.386 Y108.916 E.03821
G1 X162.064 Y108.344 E.04662
G1 X162.742 Y107.583 E.05357
G1 X163.42 Y106.952 E.04868
G1 X164.098 Y106.542 E.04164
G1 X164.777 Y106.305 E.0378
G1 X165.399 Y106.212 E.03305
G1 X165.16 Y108.092 E.0996
G1 E-8 F1500
G1 Z2.32 F3000
G1 X164.737 Y109.846 F12000
G1 Z2.12 F3000
G1 E8 F1500
G1 F2373.119
G1 X164.097 Y111.63 E.09961
G1 X163.42 Y111.675 E.03566
G1 X162.742 Y111.935 E.03816
G1 X162.064 Y112.507 E.04662
G1 X161.386 Y113.268 E.05357
G1 X160.707 Y113.899 E.04872
G1 X160.029 Y114.309 E.04164
G1 X159.351 Y114.547 E.03777
G1 X158.673 Y114.647 E.03602
G1 X157.995 Y114.602 E.03571
G1 X157.316 Y114.342 E.03821
G1 X156.638 Y113.769 E.04666
G1 X155.96 Y113.009 E.05353
G1 X155.282 Y112.377 E.04871
G1 X154.604 Y111.967 E.04164
G1 X153.926 Y111.73 E.03775
G1 X153.247 Y111.63 E.03607
G1 X152.569 Y111.675 E.03571
G1 X151.891 Y111.935 E.03816
G1 X151.213 Y112.507 E.04662
G1 X150.535 Y113.268 E.05357
G1 X149.856 Y113.899 E.04872
G1 X149.178 Y114.309 E.04164
G1 X148.5 Y114.547 E.03777
G1 X147.822 Y114.647 E.03602
G1 X147.144 Y114.602 E.03571
G1 X146.465 Y114.342 E.03821
G1 X145.787 Y113.769 E.04666
G1 X145.109 Y113.009 E.05353
G1 X144.431 Y112.377 E.04871
G1 X143.753 Y111.967 E.04164
G1 X143.074 Y111.73 E.0378
G1 X142.396 Y111.63 E.03602
G1 X141.718 Y111.675 E.03571
G1 X141.04 Y111.935 E.03816
G1 X140.362 Y112.507 E.04662
G1 X139.684 Y113.268 E.05357
G1 X139.005 Y113.899 E.04872
G1 X138.327 Y114.309 E.04164
G1 X137.649 Y114.547 E.03777
G1 X136.971 Y114.647 E.03602
G1 X136.293 Y114.602 E.03571
G1 X135.614 Y114.342 E.03821
G1 X134.936 Y113.769 E.04666
G1 X134.258 Y113.009 E.05353
G1 X133.58 Y112.377 E.04871
G1 X133.111 Y112.094 E.02879
G1 X132.418 Y110.329 E.09966
G1 E-8 F1500
G1 Z2.32 F3000
G1 X141.574 Y120.462 F12000
G1 Z2.12 F3000
G1 E8 F1500
G1 F2373.119
G1 X139.889 Y119.594 E.09962
G1 X140.362 Y119.195 E.03252
G1 X141.04 Y118.434 E.05357
G1 X141.718 Y117.803 E.04868
G1 X142.396 Y117.393 E.04164
G1 X143.074 Y117.156 E.03775
G1 X143.753 Y117.055 E.03608
G1 X144.431 Y117.1 E.03571
G1 X145.109 Y117.36 E.03816
G1 X145.787 Y117.933 E.04666
G1 X146.465 Y118.694 E.05357
G1 X147.144 Y119.325 E.04872
G1 X147.822 Y119.735 E.04164
G1 X148.5 Y119.972 E.03775
G1 X149.178 Y120.073 E.03603
G1 X149.856 Y120.028 E.03571
G1 X150.535 Y119.767 E.03823
G1 X151.213 Y119.195 E.04662
G1 X151.891 Y118.434 E.05357
G1 X152.569 Y117.803 E.04868
G1 X153.247 Y117.393 E.04164
G1 X153.926 Y117.156 E.0378
G1 X154.604 Y117.055 E.03603
G1 X155.282 Y117.1 E.03571
G1 X155.96 Y117.36 E.03816
G1 X156.638 Y117.933 E.04666
G1 X157.316 Y118.694 E.05357
G1 X157.812 Y119.155 E.03559
G1 X156.173 Y120.105 E.09957
;LAYER_CHANGE
;Z:2.32
;HEIGHT:0.2

G1 E-8 F1500
G1 Z2.32 F3000
;AFTER_LAYER_CHANGE
;2.32
G92 E0
_ON_LAYER_CHANGE LAYER=11
G1 Z2.52
G1 X148.508 Y85.341 F12000
G1 Z2.32 F3000
G1 E8 F1500
;TYPE:External perimeter
;WIDTH:0.674999
G1 F2373.121
G1 X148.652 Y85.339 E.00757
G1 X149.529 Y85.365 E.04611
G1 X150.555 Y85.445 E.05409
G1 X151.576 Y85.58 E.05413
G1 X152.589 Y85.768 E.05415
G1 X153.255 Y85.921 E.03592
G1 X154.249 Y86.197 E.05422
G1 X155.225 Y86.523 E.05408
G1 X156.183 Y86.901 E.05413
G1 X157.119 Y87.328 E.05407
G1 X158.033 Y87.803 E.05414
G1 X158.921 Y88.326 E.05416
G1 X160.056 Y89.092 E.07197
G1 X160.874 Y89.719 E.05417
G1 X161.657 Y90.388 E.05413
G1 X162.404 Y91.098 E.05417
G1 X162.879 Y91.589 E.03591
G1 X163.562 Y92.361 E.05417
G1 X164.203 Y93.167 E.05412
G1 X164.801 Y94.005 E.05411
G1 X165.354 Y94.873 E.05409
G1 X165.862 Y95.77 E.05418
G1 X166.172 Y96.379 E.03592
G1 X166.599 Y97.317 E.05417
G1 X166.977 Y98.276 E.05418
G1 X167.2 Y98.923 E.03597
G1 X167.492 Y99.911 E.05415
G1 X167.733 Y100.912 E.05411
G1 X167.92 Y101.924 E.05409
G1 X168.055 Y102.945 E.05413
G1 X168.135 Y103.971 E.05409
G1 X168.15 Y105.685 E.09009
G1 X168.088 Y106.714 E.05418
G1 X167.971 Y107.736 E.05406
G1 X167.801 Y108.752 E.05414
G1 X167.578 Y109.757 E.05411
G1 X167.303 Y110.749 E.0541
G1 X166.977 Y111.725 E.05408
G1 X166.599 Y112.684 E.05418
G1 X166.321 Y113.308 E.0359
G1 X165.861 Y114.231 E.0542
G1 X165.354 Y115.127 E.05411
G1 X164.8 Y115.996 E.05416
G1 X164.408 Y116.556 E.03593
G1 X163.781 Y117.374 E.05417
G1 X163.112 Y118.157 E.05413
G1 X162.402 Y118.904 E.05417
G1 X161.911 Y119.379 E.03591
G1 X161.139 Y120.062 E.05417
G1 X160.333 Y120.703 E.05412
G1 X159.495 Y121.301 E.05411
G1 X158.627 Y121.854 E.05409
G1 X157.731 Y122.361 E.05411
G1 X156.81 Y122.82 E.05408
G1 X155.864 Y123.231 E.05421
G1 X155.226 Y123.476 E.03592
G1 X154.249 Y123.803 E.05415
G1 X153.257 Y124.078 E.0541
G1 X152.252 Y124.301 E.05411
G1 X151.235 Y124.471 E.05419
G1 X150.557 Y124.555 E.03591
G1 X149.529 Y124.635 E.05419
G1 X148.499 Y124.662 E.05415
G1 X147.815 Y124.65 E.03595
G1 X146.786 Y124.588 E.05418
G1 X145.764 Y124.471 E.05406
G1 X144.747 Y124.301 E.05419
G1 X144.078 Y124.159 E.03594
G1 X143.08 Y123.901 E.05418
G1 X142.099 Y123.591 E.05407
G1 X141.134 Y123.231 E.05413
G1 X140.19 Y122.82 E.05411
G1 X139.438 Y122.449 E.04407
G1 X138.669 Y122.028 E.04608
G1 X137.791 Y121.49 E.05412
G1 X136.943 Y120.907 E.05409
G1 X136.126 Y120.281 E.0541
G1 X135.343 Y119.612 E.05413
G1 X134.597 Y118.903 E.05409
G1 X133.888 Y118.157 E.05409
G1 X133.218 Y117.373 E.0542
G1 X132.798 Y116.834 E.03591
G1 X132.199 Y115.995 E.05418
G1 X131.646 Y115.127 E.05409
G1 X131.139 Y114.231 E.05411
G1 X130.679 Y113.309 E.05415
G1 X130.342 Y112.542 E.04403
G1 X130.024 Y111.725 E.04608
G1 X129.697 Y110.749 E.0541
G1 X129.422 Y109.757 E.0541
G1 X129.199 Y108.752 E.05411
G1 X129.029 Y107.736 E.05414
G1 X128.912 Y106.712 E.05417
G1 X128.865 Y106.03 E.03593
M73 P46 R9
G1 X128.838 Y105 E.05415
G1 X128.865 Y103.971 E.0541
G1 X128.945 Y102.945 E.05409
G1 X129.08 Y101.923 E.05418
G1 X129.229 Y101.099 E.04401
G1 X129.422 Y100.244 E.04607
G1 X129.697 Y99.251 E.05415
G1 X130.023 Y98.275 E.05408
G1 X130.401 Y97.317 E.05413
G1 X130.828 Y96.38 E.05412
G1 X131.212 Y95.635 E.04405
G1 X131.646 Y94.874 E.04604
G1 X132.199 Y94.005 E.05414
G1 X132.797 Y93.166 E.05415
G1 X133.316 Y92.509 E.044
G1 X133.888 Y91.844 E.0461
G1 X134.597 Y91.097 E.05413
G1 X135.343 Y90.388 E.05409
G1 X136.126 Y89.719 E.05413
G1 X136.943 Y89.092 E.05413
G1 X137.632 Y88.615 E.04404
G1 X138.373 Y88.146 E.04609
G1 X139.269 Y87.639 E.05411
G1 X140.19 Y87.18 E.05408
G1 X141.134 Y86.769 E.05411
G1 X142.099 Y86.409 E.05413
G1 X142.897 Y86.154 E.04403
G1 X143.743 Y85.922 E.04611
G1 X144.748 Y85.699 E.05411
G1 X145.764 Y85.529 E.05414
G1 X146.786 Y85.412 E.05406
G1 X147.814 Y85.35 E.05413
G1 X148.478 Y85.341 E.0349
G1 X149.078 Y85.352 F12000
G1 X148.502 Y86.035
;TYPE:Perimeter
G1 E-10F1500
G1 F12000.0
T1
G1 E20F1500
;WIDTH:0.799999
G1 F1981.299
G1 X148.646 Y86.034 E.00907
G1 X149.491 Y86.058 E.05322
G1 X150.483 Y86.136 E.06264
G1 X151.467 Y86.266 E.06248
G1 X152.448 Y86.448 E.06281
G1 X153.084 Y86.595 E.04109
G1 X154.046 Y86.861 E.06283
G1 X154.987 Y87.176 E.06247
G1 X155.911 Y87.54 E.06252
G1 X156.815 Y87.952 E.06254
G1 X157.696 Y88.411 E.06254
G1 X158.555 Y88.917 E.06276
G1 X159.645 Y89.652 E.08276
G1 X160.437 Y90.259 E.06282
G1 X161.192 Y90.904 E.06251
G1 X161.915 Y91.591 E.06278
G1 X162.369 Y92.061 E.04114
G1 X163.03 Y92.808 E.06279
G1 X163.648 Y93.585 E.0625
G1 X164.225 Y94.393 E.0625
G1 X164.758 Y95.231 E.06252
G1 X165.25 Y96.099 E.06281
G1 X165.546 Y96.681 E.0411
G1 X165.96 Y97.589 E.06282
G1 X166.325 Y98.517 E.06278
G1 X166.538 Y99.134 E.04109
G1 X166.821 Y100.091 E.06282
G1 X167.053 Y101.056 E.06248
G1 X167.234 Y102.033 E.06255
G1 X167.364 Y103.017 E.06248
G1 X167.442 Y104.007 E.06251
G1 X167.456 Y105.657 E.10387
G1 X167.395 Y106.653 E.06282
G1 X167.283 Y107.64 E.06253
G1 X167.119 Y108.619 E.06249
G1 X166.904 Y109.589 E.06254
G1 X166.639 Y110.546 E.06251
G1 X166.324 Y111.487 E.06247
G1 X165.958 Y112.415 E.0628
G1 X165.692 Y113.012 E.04114
G1 X165.247 Y113.905 E.06281
G1 X164.758 Y114.769 E.0625
G1 X164.222 Y115.61 E.06278
G1 X163.848 Y116.145 E.04109
G1 X163.241 Y116.937 E.06282
G1 X162.596 Y117.692 E.06251
G1 X161.909 Y118.415 E.06278
G1 X161.439 Y118.869 E.04114
G1 X160.692 Y119.53 E.06279
G1 X159.915 Y120.148 E.0625
G1 X159.107 Y120.725 E.0625
G1 X158.269 Y121.258 E.06252
G1 X157.405 Y121.747 E.0625
G1 X156.516 Y122.19 E.06253
G1 X155.601 Y122.588 E.06281
G1 X154.992 Y122.822 E.04107
G1 X154.046 Y123.139 E.06281
G1 X153.089 Y123.404 E.06251
G1 X152.119 Y123.619 E.06254
G1 X151.135 Y123.784 E.06281
G1 X150.487 Y123.863 E.04109
G1 X149.493 Y123.942 E.06277
G1 X148.495 Y123.968 E.06285
G1 X147.843 Y123.956 E.04105
G1 X146.847 Y123.895 E.06282
G1 X145.86 Y123.783 E.06253
G1 X144.876 Y123.618 E.06281
G1 X144.238 Y123.483 E.04105
G1 X143.272 Y123.233 E.06281
G1 X142.325 Y122.934 E.06252
G1 X141.395 Y122.586 E.06251
G1 X140.482 Y122.19 E.06265
G1 X139.759 Y121.833 E.05076
G1 X139.018 Y121.427 E.05319
G1 X138.17 Y120.908 E.06259
G1 X137.351 Y120.345 E.06256
G1 X136.563 Y119.741 E.0625
G1 X135.808 Y119.096 E.06251
G1 X135.088 Y118.412 E.06252
G1 X134.404 Y117.692 E.06252
G1 X133.756 Y116.933 E.06282
G1 X133.354 Y116.419 E.04108
G1 X132.775 Y115.607 E.06278
G1 X132.242 Y114.769 E.06252
G1 X131.753 Y113.905 E.0625
G1 X131.309 Y113.014 E.06267
G1 X130.984 Y112.276 E.05076
G1 X130.677 Y111.489 E.05318
G1 X130.361 Y110.546 E.06261
G1 X130.096 Y109.589 E.06251
G1 X129.881 Y108.619 E.06254
G1 X129.717 Y107.64 E.06249
G1 X129.604 Y106.649 E.06279
G1 X129.559 Y105.997 E.04114
G1 X129.532 Y105 E.06279
G1 X129.558 Y104.007 E.06253
G1 X129.636 Y103.017 E.06251
G1 X129.766 Y102.031 E.06261
G1 X129.91 Y101.237 E.0508
G1 X130.095 Y100.413 E.05316
G1 X130.361 Y99.454 E.06265
G1 X130.676 Y98.513 E.06247
G1 X131.04 Y97.589 E.06252
G1 X131.453 Y96.683 E.06268
G1 X131.822 Y95.967 E.05071
G1 X132.241 Y95.232 E.05326
G1 X132.775 Y94.393 E.06261
G1 X133.353 Y93.583 E.06264
G1 X133.853 Y92.95 E.05078
G1 X134.403 Y92.309 E.05317
G1 X135.088 Y91.588 E.06261
G1 X135.808 Y90.904 E.06252
G1 X136.563 Y90.259 E.06251
G1 X137.353 Y89.654 E.06264
G1 X138.016 Y89.194 E.0508
G1 X138.73 Y88.742 E.0532
G1 X139.595 Y88.253 E.06255
G1 X140.484 Y87.81 E.06253
G1 X141.395 Y87.414 E.06253
G1 X142.327 Y87.065 E.06265
G1 X143.095 Y86.82 E.05075
G1 X143.91 Y86.596 E.05321
G1 X144.881 Y86.381 E.06261
G1 X145.86 Y86.217 E.06249
G1 X146.847 Y86.105 E.06253
G1 X147.84 Y86.044 E.06263
G1 X148.472 Y86.036 E.03979
G1 X148.496 Y86.793 F12000
G1 F1981.299
G1 X148.64 Y86.791 E.00907
G1 X149.45 Y86.815 E.05101
G1 X150.403 Y86.89 E.06018
G1 X151.349 Y87.014 E.06006
G1 X152.294 Y87.189 E.0605
G1 X152.898 Y87.329 E.03903
G1 X153.824 Y87.585 E.06048
G1 X154.728 Y87.888 E.06002
G1 X155.615 Y88.237 E.06
G1 X156.483 Y88.633 E.06006
G1 X157.329 Y89.073 E.06003
G1 X158.157 Y89.561 E.0605
G1 X159.198 Y90.263 E.07904
G1 X159.96 Y90.848 E.06047
G1 X160.685 Y91.467 E.06001
G1 X161.382 Y92.129 E.06051
G1 X161.813 Y92.575 E.03904
G1 X162.45 Y93.295 E.06052
G1 X163.043 Y94.041 E.05999
G1 X163.597 Y94.817 E.06002
G1 X164.109 Y95.621 E.06
G1 X164.583 Y96.458 E.06055
G1 X164.864 Y97.01 E.03899
G1 X165.263 Y97.885 E.06054
G1 X165.615 Y98.779 E.06048
G1 X165.817 Y99.365 E.03902
G1 X166.09 Y100.287 E.06053
G1 X166.312 Y101.214 E.06001
G1 X166.486 Y102.151 E.05999
G1 X166.61 Y103.097 E.06006
G1 X166.685 Y104.047 E.05999
G1 X166.7 Y105.628 E.09953
G1 X166.641 Y106.587 E.06048
G1 X166.533 Y107.534 E.06
G1 X166.376 Y108.475 E.06006
G1 X166.169 Y109.405 E.05998
G1 X165.915 Y110.324 E.06002
G1 X165.612 Y111.228 E.06002
G1 X165.26 Y112.123 E.06054
G1 X165.008 Y112.689 E.039
G1 X164.579 Y113.549 E.0605
G1 X164.109 Y114.379 E.06005
G1 X163.593 Y115.19 E.06051
G1 X163.237 Y115.698 E.03905
G1 X162.652 Y116.46 E.06047
G1 X162.033 Y117.185 E.06001
G1 X161.371 Y117.882 E.06051
G1 X160.925 Y118.313 E.03904
G1 X160.205 Y118.95 E.06052
G1 X159.459 Y119.543 E.05999
G1 X158.683 Y120.097 E.06002
G1 X157.879 Y120.609 E.06
G1 X157.049 Y121.079 E.06005
G1 X156.196 Y121.504 E.05999
G1 X155.315 Y121.887 E.06047
G1 X154.736 Y122.11 E.03906
G1 X153.824 Y122.415 E.06054
G1 X152.905 Y122.669 E.06002
G1 X151.975 Y122.876 E.05998
G1 X151.027 Y123.034 E.0605
G1 X150.411 Y123.11 E.03907
G1 X149.453 Y123.185 E.06049
G1 X148.492 Y123.21 E.06052
G1 X147.872 Y123.2 E.03903
G1 X146.913 Y123.141 E.06048
G1 X145.966 Y123.033 E.06
G1 X145.018 Y122.874 E.06051
G1 X144.411 Y122.745 E.03906
G1 X143.481 Y122.505 E.06046
G1 X142.571 Y122.218 E.06007
G1 X141.678 Y121.884 E.06002
G1 X140.801 Y121.503 E.06019
G1 X140.108 Y121.161 E.04865
G1 X139.397 Y120.772 E.05102
G1 X138.582 Y120.272 E.06019
G1 X137.796 Y119.732 E.06003
G1 X137.04 Y119.152 E.05998
G1 X136.315 Y118.533 E.06001
G1 X135.623 Y117.877 E.06003
G1 X134.967 Y117.185 E.06003
G1 X134.343 Y116.454 E.0605
G1 X133.961 Y115.966 E.03901
G1 X133.403 Y115.183 E.06053
G1 X132.891 Y114.379 E.06
G1 X132.421 Y113.549 E.06005
G1 X131.994 Y112.693 E.06022
G1 X131.684 Y111.986 E.0486
G1 X131.389 Y111.231 E.05103
G1 X131.085 Y110.324 E.06022
G1 X130.831 Y109.405 E.06002
G1 X130.624 Y108.475 E.05998
G1 X130.467 Y107.534 E.06006
G1 X130.358 Y106.579 E.06051
G1 X130.315 Y105.961 E.039
G1 X130.29 Y105 E.06052
G1 X130.315 Y104.047 E.06001
G1 X130.39 Y103.097 E.05999
G1 X130.514 Y102.148 E.06025
G1 X130.652 Y101.388 E.04863
G1 X130.83 Y100.597 E.05104
G1 X131.085 Y99.676 E.06016
G1 X131.388 Y98.772 E.06002
G1 X131.737 Y97.885 E.06
G1 X132.134 Y97.014 E.06026
G1 X132.488 Y96.328 E.0486
G1 X132.889 Y95.623 E.05106
G1 X133.403 Y94.817 E.06018
G1 X133.959 Y94.038 E.06025
G1 X134.437 Y93.432 E.04859
G1 X134.965 Y92.817 E.05103
G1 X135.623 Y92.123 E.0602
G1 X136.315 Y91.467 E.06003
G1 X137.04 Y90.848 E.06001
G1 X137.799 Y90.265 E.06025
G1 X138.434 Y89.826 E.0486
G1 X139.119 Y89.392 E.05105
G1 X139.951 Y88.921 E.06019
G1 X140.804 Y88.496 E.05999
G1 X141.678 Y88.116 E.05999
G1 X142.575 Y87.781 E.06028
G1 X143.31 Y87.546 E.04858
G1 X144.092 Y87.331 E.05105
G1 X145.025 Y87.124 E.06016
G1 X145.966 Y86.967 E.06006
G1 X146.913 Y86.859 E.06
G1 X147.868 Y86.801 E.06023
G1 X148.466 Y86.793 E.03765
G1 X148.489 Y87.55 F12000
G1 F1981.299
G1 X148.634 Y87.548 E.00913
G1 X149.41 Y87.571 E.04887
G1 X150.324 Y87.643 E.05772
G1 X151.23 Y87.762 E.05752
G1 X152.14 Y87.931 E.05827
G1 X152.712 Y88.063 E.03695
G1 X153.603 Y88.31 E.05821
G1 X154.469 Y88.6 E.05749
G1 X155.319 Y88.935 E.05751
G1 X156.151 Y89.313 E.05753
G1 X156.961 Y89.735 E.0575
G1 X157.758 Y90.205 E.05825
G1 X158.75 Y90.874 E.07532
G1 X159.483 Y91.437 E.05818
G1 X160.178 Y92.03 E.05751
G1 X160.849 Y92.667 E.05824
G1 X161.257 Y93.089 E.03695
G1 X161.87 Y93.781 E.0582
G1 X162.438 Y94.497 E.05753
G1 X162.969 Y95.24 E.05749
G1 X163.46 Y96.011 E.05754
G1 X163.915 Y96.816 E.05821
G1 X164.182 Y97.339 E.03697
G1 X164.565 Y98.181 E.05823
G1 X164.904 Y99.041 E.05819
G1 X165.096 Y99.596 E.03697
G1 X165.358 Y100.483 E.05822
G1 X165.572 Y101.371 E.0575
G1 X165.738 Y102.27 E.05755
G1 X165.857 Y103.176 E.05752
G1 X165.929 Y104.087 E.05753
G1 X165.943 Y105.598 E.09512
G1 X165.886 Y106.521 E.05821
G1 X165.783 Y107.429 E.05753
G1 X165.632 Y108.33 E.05751
G1 X165.434 Y109.222 E.05752
G1 X165.19 Y110.103 E.05755
G1 X164.9 Y110.969 E.05749
G1 X164.561 Y111.83 E.05825
G1 X164.323 Y112.366 E.03692
G1 X163.91 Y113.194 E.05825
G1 X163.46 Y113.989 E.05751
G1 X162.963 Y114.769 E.05822
G1 X162.626 Y115.25 E.03697
G1 X162.063 Y115.983 E.05818
G1 X161.47 Y116.678 E.05751
G1 X160.833 Y117.349 E.05824
G1 X160.411 Y117.757 E.03695
G1 X159.719 Y118.37 E.0582
G1 X159.003 Y118.938 E.05753
G1 X158.26 Y119.469 E.05749
G1 X157.489 Y119.96 E.05754
G1 X156.694 Y120.41 E.05751
G1 X155.876 Y120.818 E.05754
G1 X155.028 Y121.186 E.05819
G1 X154.48 Y121.397 E.03697
G1 X153.603 Y121.69 E.05821
G1 X152.722 Y121.934 E.05755
G1 X151.83 Y122.132 E.05752
G1 X150.918 Y122.285 E.05821
G1 X150.335 Y122.356 E.03697
G1 X149.413 Y122.429 E.05822
G1 X148.489 Y122.453 E.05819
G1 X147.902 Y122.443 E.03696
G1 X146.979 Y122.386 E.05821
G1 X146.071 Y122.283 E.05753
G1 X145.159 Y122.13 E.05821
G1 X144.585 Y122.008 E.03694
G1 X143.689 Y121.777 E.05825
G1 X142.818 Y121.502 E.0575
G1 X141.962 Y121.182 E.05753
G1 X141.119 Y120.816 E.05785
G1 X140.458 Y120.489 E.04642
G1 X139.777 Y120.117 E.04885
G1 X138.994 Y119.637 E.05782
G1 X138.241 Y119.12 E.0575
G1 X137.517 Y118.563 E.0575
G1 X136.822 Y117.97 E.05751
G1 X136.159 Y117.341 E.05753
G1 X135.53 Y116.678 E.05753
G1 X134.929 Y115.975 E.05822
G1 X134.568 Y115.512 E.03696
G1 X134.031 Y114.76 E.05817
G1 X133.54 Y113.989 E.05754
G1 X133.09 Y113.194 E.05751
G1 X132.68 Y112.371 E.05788
G1 X132.383 Y111.696 E.04642
M73 P47 R9
G1 X132.101 Y110.973 E.04885
G1 X131.81 Y110.103 E.05775
G1 X131.566 Y109.222 E.05755
G1 X131.368 Y108.33 E.05752
G1 X131.217 Y107.429 E.05751
G1 X131.112 Y106.51 E.05823
G1 X131.071 Y105.924 E.03698
G1 X131.047 Y105 E.05819
G1 X131.071 Y104.087 E.05749
G1 X131.143 Y103.176 E.05753
G1 X131.263 Y102.265 E.05784
G1 X131.394 Y101.538 E.0465
G1 X131.565 Y100.781 E.04885
G1 X131.81 Y99.897 E.05775
G1 X132.1 Y99.031 E.05749
G1 X132.435 Y98.181 E.05751
G1 X132.816 Y97.345 E.05784
G1 X133.154 Y96.689 E.04646
G1 X133.538 Y96.014 E.04889
G1 X134.031 Y95.24 E.05777
G1 X134.564 Y94.492 E.05782
G1 X135.022 Y93.913 E.04647
G1 X135.527 Y93.325 E.04879
G1 X136.159 Y92.659 E.0578
G1 X136.822 Y92.03 E.05753
G1 X137.517 Y91.437 E.05751
G1 X138.245 Y90.877 E.05782
G1 X138.852 Y90.457 E.04647
G1 X139.508 Y90.042 E.04887
G1 X140.306 Y89.59 E.05773
G1 X141.124 Y89.182 E.05754
G1 X141.962 Y88.818 E.05751
G1 X142.823 Y88.496 E.05787
G1 X143.526 Y88.271 E.04647
G1 X144.274 Y88.066 E.04882
G1 X145.17 Y87.868 E.05777
G1 X146.071 Y87.717 E.05751
G1 X146.979 Y87.614 E.05753
G1 X147.896 Y87.557 E.05784
G1 X148.459 Y87.55 E.03544
G1 E-8 F1500
G1 Z2.52 F3000
G1 X158.61 Y91.403 F12000
G1 Z2.32 F3000
G1 E8 F1500
;TYPE:Internal infill
G1 E-10F1500
G1 F12000.0
T0
G1 E16F1500
G1 F12000.0
;WIDTH:0.675
G1 F2373.119
G1 X160.064 Y92.618 E.09959
G1 X159.351 Y92.815 E.03888
G1 X158.673 Y92.858 E.03571
G1 X157.995 Y92.75 E.03608
G1 X157.316 Y92.429 E.03947
G1 X156.638 Y91.84 E.0472
G1 X155.96 Y91.136 E.05137
G1 X155.282 Y90.581 E.04605
G1 X154.604 Y90.237 E.03996
G1 X153.926 Y90.057 E.03687
G1 X153.247 Y90.015 E.03575
G1 X152.569 Y90.123 E.03608
G1 X151.891 Y90.444 E.03943
G1 X151.213 Y91.033 E.0472
G1 X150.535 Y91.737 E.05137
G1 X149.856 Y92.291 E.04606
G1 X149.178 Y92.636 E.03998
G1 X148.5 Y92.815 E.03686
G1 X147.822 Y92.858 E.03571
G1 X147.144 Y92.75 E.03608
G1 X146.465 Y92.429 E.03947
G1 X145.787 Y91.84 E.0472
G1 X145.109 Y91.136 E.05137
G1 X144.431 Y90.581 E.04605
G1 X143.753 Y90.237 E.03996
G1 X143.074 Y90.057 E.03692
G1 X142.396 Y90.015 E.0357
G1 X141.718 Y90.123 E.03608
G1 X141.04 Y90.444 E.03943
G1 X140.362 Y91.033 E.0472
G1 X139.684 Y91.737 E.05137
G1 X139.005 Y92.291 E.04606
G1 X138.327 Y92.636 E.03998
G1 X137.649 Y92.815 E.03686
G1 X136.971 Y92.858 E.03571
G1 X136.725 Y92.819 E.01309
G1 X135.412 Y94.234 E.10145
G1 X134.236 Y95.859 E.10542
G1 X134.936 Y96.458 E.04842
G1 X135.614 Y97.162 E.05137
G1 X136.293 Y97.717 E.04609
G1 X136.971 Y98.061 E.03996
G1 X137.649 Y98.241 E.03687
G1 X138.327 Y98.283 E.0357
G1 X139.005 Y98.175 E.03608
G1 X139.684 Y97.854 E.03947
G1 X140.362 Y97.265 E.0472
G1 X141.04 Y96.561 E.05137
G1 X141.718 Y96.007 E.04602
G1 X142.396 Y95.662 E.03998
G1 X143.074 Y95.483 E.03686
G1 X143.753 Y95.44 E.03576
G1 X144.431 Y95.548 E.03608
G1 X145.109 Y95.869 E.03943
G1 X145.787 Y96.458 E.0472
G1 X146.465 Y97.162 E.05137
G1 X147.144 Y97.717 E.04609
G1 X147.822 Y98.061 E.03996
G1 X148.5 Y98.241 E.03687
G1 X149.178 Y98.283 E.0357
G1 X149.856 Y98.175 E.03608
G1 X150.535 Y97.854 E.03947
G1 X151.213 Y97.265 E.0472
G1 X151.891 Y96.561 E.05137
G1 X152.569 Y96.007 E.04602
G1 X153.247 Y95.662 E.03998
G1 X153.926 Y95.483 E.03691
G1 X154.604 Y95.44 E.03571
G1 X155.282 Y95.548 E.03608
G1 X155.96 Y95.869 E.03943
G1 X156.638 Y96.458 E.0472
G1 X157.316 Y97.162 E.05137
G1 X157.995 Y97.717 E.04609
G1 X158.673 Y98.061 E.03996
G1 X159.351 Y98.241 E.03687
G1 X160.029 Y98.283 E.0357
G1 X160.707 Y98.175 E.03608
G1 X161.386 Y97.854 E.03947
G1 X163.049 Y96.31 E.11927
G1 X163.924 Y97.991 E.0996
G1 E-8 F1500
G1 Z2.52 F3000
G1 X164.401 Y99.142 F12000
G1 Z2.32 F3000
G1 E8 F1500
G1 F2373.119
G1 X164.952 Y100.955 E.09959
G1 X164.098 Y100.866 E.04513
G1 X163.42 Y100.974 E.03608
G1 X162.742 Y101.295 E.03943
G1 X162.064 Y101.884 E.0472
G1 X161.386 Y102.588 E.05137
G1 X160.707 Y103.142 E.04606
G1 X160.029 Y103.487 E.03998
G1 X159.351 Y103.666 E.03686
G1 X158.673 Y103.709 E.03571
G1 X157.995 Y103.601 E.03608
G1 X157.316 Y103.28 E.03947
G1 X156.638 Y102.691 E.0472
G1 X155.96 Y101.987 E.05137
G1 X155.282 Y101.432 E.04605
G1 X154.604 Y101.088 E.03996
G1 X153.926 Y100.908 E.03687
G1 X153.247 Y100.866 E.03575
G1 X152.569 Y100.974 E.03608
G1 X151.891 Y101.295 E.03943
G1 X151.213 Y101.884 E.0472
G1 X150.535 Y102.588 E.05137
G1 X149.856 Y103.142 E.04606
G1 X149.178 Y103.487 E.03998
G1 X148.5 Y103.666 E.03686
G1 X147.822 Y103.709 E.03571
G1 X147.144 Y103.601 E.03608
G1 X146.465 Y103.28 E.03947
G1 X145.787 Y102.691 E.0472
G1 X145.109 Y101.987 E.05137
G1 X144.431 Y101.432 E.04605
G1 X143.753 Y101.088 E.03996
G1 X143.074 Y100.908 E.03692
G1 X142.396 Y100.866 E.0357
G1 X141.718 Y100.974 E.03608
G1 X141.04 Y101.295 E.03943
G1 X140.362 Y101.884 E.0472
G1 X139.684 Y102.588 E.05137
G1 X139.005 Y103.142 E.04606
G1 X138.327 Y103.487 E.03998
G1 X137.649 Y103.666 E.03686
G1 X136.971 Y103.709 E.03571
G1 X136.293 Y103.601 E.03608
G1 X135.614 Y103.28 E.03947
G1 X134.936 Y102.691 E.0472
G1 X134.258 Y101.987 E.05137
G1 X133.58 Y101.432 E.04605
G1 X132.902 Y101.088 E.03996
G1 X132.223 Y100.908 E.03692
G1 X132.057 Y100.898 E.00874
G1 X131.707 Y102.76 E.09958
G1 E-8 F1500
G1 Z2.52 F3000
G1 X131.563 Y104.6 F12000
G1 Z2.32 F3000
G1 E8 F1500
G1 F2373.119
G1 X131.619 Y106.494 E.09959
G1 X132.223 Y106.334 E.03284
G1 X132.902 Y106.291 E.03576
G1 X133.58 Y106.399 E.03608
G1 X134.258 Y106.72 E.03943
G1 X134.936 Y107.309 E.0472
G1 X135.614 Y108.013 E.05137
G1 X136.293 Y108.568 E.04609
G1 X136.971 Y108.912 E.03996
G1 X137.649 Y109.092 E.03687
G1 X138.327 Y109.134 E.0357
G1 X139.005 Y109.026 E.03608
G1 X139.684 Y108.705 E.03947
G1 X140.362 Y108.116 E.0472
G1 X141.04 Y107.412 E.05137
G1 X141.718 Y106.858 E.04602
G1 X142.396 Y106.513 E.03998
G1 X143.074 Y106.334 E.03686
G1 X143.753 Y106.291 E.03576
G1 X144.431 Y106.399 E.03608
G1 X145.109 Y106.72 E.03943
G1 X145.787 Y107.309 E.0472
G1 X146.465 Y108.013 E.05137
G1 X147.144 Y108.568 E.04609
G1 X147.822 Y108.912 E.03996
G1 X148.5 Y109.092 E.03687
G1 X149.178 Y109.134 E.0357
G1 X149.856 Y109.026 E.03608
G1 X150.535 Y108.705 E.03947
G1 X151.213 Y108.116 E.0472
G1 X151.891 Y107.412 E.05137
G1 X152.569 Y106.858 E.04602
G1 X153.247 Y106.513 E.03998
G1 X153.926 Y106.334 E.03691
G1 X154.604 Y106.291 E.03571
G1 X155.282 Y106.399 E.03608
G1 X155.96 Y106.72 E.03943
G1 X156.638 Y107.309 E.0472
G1 X157.316 Y108.013 E.05137
G1 X157.995 Y108.568 E.04609
G1 X158.673 Y108.912 E.03996
G1 X159.351 Y109.092 E.03687
G1 X160.029 Y109.134 E.0357
G1 X160.707 Y109.026 E.03608
G1 X161.386 Y108.705 E.03947
G1 X162.064 Y108.116 E.0472
G1 X162.742 Y107.412 E.05137
G1 X163.42 Y106.858 E.04602
G1 X164.098 Y106.513 E.03998
G1 X164.777 Y106.334 E.03691
G1 X165.394 Y106.295 E.03249
G1 X165.146 Y108.174 E.09961
G1 E-8 F1500
G1 Z2.52 F3000
G1 X164.71 Y109.945 F12000
G1 Z2.32 F3000
G1 E8 F1500
G1 F2373.119
G1 X164.056 Y111.723 E.09957
G1 X163.42 Y111.825 E.03385
G1 X162.742 Y112.146 E.03943
G1 X162.064 Y112.735 E.0472
G1 X161.386 Y113.439 E.05137
G1 X160.707 Y113.993 E.04606
G1 X160.029 Y114.338 E.03998
G1 X159.351 Y114.517 E.03686
G1 X158.673 Y114.56 E.03571
G1 X157.995 Y114.452 E.03608
G1 X157.316 Y114.131 E.03947
G1 X156.638 Y113.542 E.0472
G1 X155.96 Y112.838 E.05137
G1 X155.282 Y112.283 E.04605
G1 X154.604 Y111.939 E.03996
G1 X153.926 Y111.759 E.03687
G1 X153.247 Y111.717 E.03575
G1 X152.569 Y111.825 E.03608
G1 X151.891 Y112.146 E.03943
G1 X151.213 Y112.735 E.0472
G1 X150.535 Y113.439 E.05137
G1 X149.856 Y113.993 E.04606
G1 X149.178 Y114.338 E.03998
G1 X148.5 Y114.517 E.03686
G1 X147.822 Y114.56 E.03571
G1 X147.144 Y114.452 E.03608
G1 X146.465 Y114.131 E.03947
G1 X145.787 Y113.542 E.0472
G1 X145.109 Y112.838 E.05137
G1 X144.431 Y112.283 E.04605
G1 X143.753 Y111.939 E.03996
G1 X143.074 Y111.759 E.03692
G1 X142.396 Y111.717 E.0357
G1 X141.718 Y111.825 E.03608
G1 X141.04 Y112.146 E.03943
G1 X140.362 Y112.735 E.0472
G1 X139.684 Y113.439 E.05137
G1 X139.005 Y113.993 E.04606
G1 X138.327 Y114.338 E.03998
G1 X137.649 Y114.517 E.03686
G1 X136.971 Y114.56 E.03571
G1 X136.293 Y114.452 E.03608
G1 X135.614 Y114.131 E.03947
G1 X134.936 Y113.542 E.0472
G1 X134.258 Y112.838 E.05137
M73 P48 R9
G1 X133.58 Y112.283 E.04605
G1 X133.082 Y112.031 E.02933
G1 X133.962 Y113.709 E.09958
G1 E-8 F1500
G1 Z2.52 F3000
G1 X138.179 Y118.435 F12000
G1 Z2.32 F3000
G1 E8 F1500
G1 F2373.119
G1 X139.744 Y119.504 E.09961
G1 X140.362 Y118.967 E.04303
G1 X141.04 Y118.263 E.05137
G1 X141.718 Y117.709 E.04602
G1 X142.396 Y117.364 E.03998
G1 X143.074 Y117.185 E.03686
G1 X143.753 Y117.142 E.03576
G1 X144.431 Y117.25 E.03608
G1 X145.109 Y117.571 E.03943
G1 X145.787 Y118.16 E.0472
G1 X146.465 Y118.864 E.05137
G1 X147.144 Y119.419 E.04609
G1 X147.822 Y119.763 E.03996
G1 X148.5 Y119.943 E.03687
G1 X149.178 Y119.985 E.0357
G1 X149.856 Y119.877 E.03608
G1 X150.535 Y119.556 E.03947
G1 X151.213 Y118.967 E.0472
G1 X151.891 Y118.263 E.05137
G1 X152.569 Y117.709 E.04602
G1 X153.247 Y117.364 E.03998
G1 X153.926 Y117.185 E.03691
G1 X154.604 Y117.142 E.03571
G1 X155.282 Y117.25 E.03608
G1 X155.96 Y117.571 E.03943
G1 X157.733 Y119.205 E.12672
G1 X156.089 Y120.147 E.09958
;LAYER_CHANGE
;Z:2.52
;HEIGHT:0.2

G1 E-8 F1500
G1 Z2.52 F3000
;AFTER_LAYER_CHANGE
;2.52
G92 E0
_ON_LAYER_CHANGE LAYER=12
G1 Z2.72
G1 X148.508 Y85.341 F12000
G1 Z2.52 F3000
M73 P48 R8
G1 E8 F1500
;TYPE:External perimeter
;WIDTH:0.674999
G1 F2373.121
G1 X148.666 Y85.339 E.0083
G1 X149.528 Y85.365 E.04533
G1 X150.555 Y85.445 E.05414
G1 X151.576 Y85.58 E.05413
G1 X152.589 Y85.768 E.05415
G1 X153.255 Y85.921 E.03592
G1 X154.249 Y86.197 E.05422
G1 X155.225 Y86.523 E.05408
G1 X156.183 Y86.901 E.05413
G1 X157.119 Y87.328 E.05407
G1 X158.033 Y87.803 E.05414
G1 X158.768 Y88.233 E.04476
G1 X159.496 Y88.7 E.04546
G1 X160.056 Y89.092 E.03593
G1 X160.874 Y89.719 E.05417
G1 X161.657 Y90.388 E.05413
G1 X162.403 Y91.097 E.05409
G1 X163.112 Y91.844 E.05413
G1 X163.668 Y92.489 E.04476
G1 X164.203 Y93.166 E.04535
G1 X164.801 Y94.005 E.05415
G1 X165.354 Y94.873 E.05409
G1 X165.862 Y95.77 E.05418
G1 X166.172 Y96.379 E.03592
G1 X166.6 Y97.318 E.05424
G1 X166.915 Y98.109 E.04475
G1 X167.2 Y98.923 E.04533
G1 X167.492 Y99.911 E.05415
G1 X167.733 Y100.912 E.05411
G1 X167.92 Y101.924 E.05409
G1 X168.055 Y102.945 E.05413
G1 X168.135 Y103.971 E.05409
G1 X168.15 Y105.685 E.09009
G1 X168.088 Y106.714 E.05418
G1 X167.971 Y107.736 E.05406
G1 X167.801 Y108.752 E.05414
G1 X167.578 Y109.757 E.05411
G1 X167.303 Y110.749 E.0541
G1 X166.977 Y111.725 E.05408
G1 X166.599 Y112.684 E.05418
G1 X166.321 Y113.308 E.0359
G1 X165.861 Y114.231 E.0542
G1 X165.354 Y115.127 E.05411
G1 X164.8 Y115.996 E.05416
G1 X164.408 Y116.556 E.03593
G1 X163.781 Y117.374 E.05417
G1 X163.112 Y118.157 E.05413
G1 X162.402 Y118.904 E.05417
G1 X161.911 Y119.379 E.03591
G1 X161.139 Y120.062 E.05417
G1 X160.333 Y120.703 E.05412
G1 X159.495 Y121.301 E.05411
G1 X158.627 Y121.854 E.05409
G1 X157.731 Y122.361 E.05411
G1 X156.81 Y122.82 E.05408
G1 X155.864 Y123.231 E.05421
G1 X155.226 Y123.476 E.03592
G1 X154.249 Y123.803 E.05415
G1 X153.257 Y124.078 E.0541
G1 X152.251 Y124.301 E.05416
G1 X151.412 Y124.445 E.04474
G1 X150.556 Y124.555 E.04536
G1 X149.529 Y124.635 E.05414
G1 X148.499 Y124.662 E.05415
G1 X147.815 Y124.65 E.03595
G1 X146.786 Y124.588 E.05418
G1 X145.764 Y124.471 E.05406
G1 X144.748 Y124.301 E.05414
G1 X143.743 Y124.078 E.05411
G1 X142.751 Y123.803 E.0541
G1 X141.775 Y123.476 E.0541
G1 X140.981 Y123.167 E.04478
G1 X140.191 Y122.82 E.04535
G1 X139.269 Y122.361 E.05413
G1 X138.373 Y121.854 E.05411
G1 X137.505 Y121.301 E.05409
G1 X136.666 Y120.702 E.05418
G1 X136.127 Y120.282 E.03591
G1 X135.343 Y119.612 E.0542
G1 X134.597 Y118.903 E.05409
G1 X133.888 Y118.157 E.05409
G1 X133.219 Y117.374 E.05413
G1 X132.592 Y116.557 E.05413
G1 X132.107 Y115.857 E.04476
G1 X131.646 Y115.127 E.04538
G1 X131.139 Y114.231 E.05411
G1 X130.68 Y113.31 E.05408
G1 X130.269 Y112.364 E.05421
G1 X130.024 Y111.726 E.03592
G1 X129.697 Y110.749 E.05415
G1 X129.422 Y109.757 E.0541
G1 X129.199 Y108.751 E.05416
G1 X129.055 Y107.912 E.04474
G1 X128.945 Y107.056 E.04536
G1 X128.865 Y106.029 E.05414
G1 X128.838 Y104.999 E.05415
G1 X128.85 Y104.315 E.03595
G1 X128.912 Y103.286 E.05418
G1 X129.029 Y102.264 E.05406
G1 X129.199 Y101.248 E.05414
G1 X129.422 Y100.243 E.05411
G1 X129.697 Y99.251 E.0541
G1 X130.024 Y98.275 E.0541
G1 X130.333 Y97.481 E.04478
G1 X130.68 Y96.691 E.04535
G1 X131.139 Y95.769 E.05413
G1 X131.646 Y94.873 E.05411
G1 X132.2 Y94.004 E.05416
G1 X132.692 Y93.309 E.04475
G1 X133.219 Y92.626 E.04534
G1 X133.888 Y91.843 E.05413
G1 X134.598 Y91.096 E.05417
G1 X135.089 Y90.621 E.03591
G1 X135.861 Y89.938 E.05417
G1 X136.667 Y89.297 E.05412
G1 X137.505 Y88.699 E.05411
G1 X138.373 Y88.146 E.05409
G1 X139.269 Y87.639 E.05411
G1 X140.19 Y87.18 E.05408
G1 X141.134 Y86.769 E.05411
G1 X142.098 Y86.409 E.05408
G1 X143.081 Y86.099 E.05417
G1 X143.905 Y85.883 E.04477
G1 X144.748 Y85.699 E.04535
G1 X145.764 Y85.529 E.05414
G1 X146.786 Y85.412 E.05406
G1 X147.814 Y85.35 E.05413
G1 X148.478 Y85.341 E.0349
G1 X149.078 Y85.352 F12000
G1 X148.502 Y86.036
;TYPE:Perimeter
G1 E-10F1500
G1 F12000.0
T1
G1 E20F1500
;WIDTH:0.799999
G1 F1981.299
G1 X148.66 Y86.034 E.00995
G1 X149.491 Y86.058 E.05233
G1 X150.483 Y86.136 E.06264
G1 X151.467 Y86.266 E.06248
G1 X152.448 Y86.448 E.06281
G1 X153.084 Y86.595 E.04109
G1 X154.046 Y86.861 E.06283
G1 X154.987 Y87.176 E.06247
G1 X155.911 Y87.54 E.06252
G1 X156.815 Y87.952 E.06254
G1 X157.697 Y88.411 E.06259
G1 X158.406 Y88.825 E.05168
G1 X159.109 Y89.277 E.05261
G1 X159.645 Y89.652 E.04118
G1 X160.437 Y90.259 E.06282
G1 X161.192 Y90.904 E.06251
G1 X161.912 Y91.588 E.06252
G1 X162.597 Y92.31 E.06265
G1 X163.132 Y92.931 E.0516
G1 X163.647 Y93.584 E.05235
G1 X164.225 Y94.393 E.06259
G1 X164.758 Y95.231 E.06252
G1 X165.25 Y96.099 E.06281
G1 X165.546 Y96.681 E.0411
G1 X165.961 Y97.59 E.0629
G1 X166.264 Y98.353 E.05168
G1 X166.539 Y99.137 E.0523
G1 X166.821 Y100.091 E.06262
G1 X167.053 Y101.056 E.06248
G1 X167.234 Y102.033 E.06255
G1 X167.364 Y103.017 E.06248
G1 X167.442 Y104.007 E.06251
G1 X167.456 Y105.657 E.10387
G1 X167.395 Y106.653 E.06282
G1 X167.283 Y107.64 E.06253
G1 X167.119 Y108.619 E.06249
G1 X166.904 Y109.589 E.06254
G1 X166.639 Y110.546 E.06251
G1 X166.324 Y111.487 E.06247
G1 X165.958 Y112.415 E.0628
G1 X165.692 Y113.012 E.04114
G1 X165.247 Y113.905 E.06281
G1 X164.758 Y114.769 E.0625
G1 X164.222 Y115.61 E.06278
G1 X163.848 Y116.145 E.04109
G1 X163.241 Y116.937 E.06282
G1 X162.596 Y117.692 E.06251
G1 X161.909 Y118.415 E.06278
G1 X161.439 Y118.869 E.04114
G1 X160.692 Y119.53 E.06279
G1 X159.915 Y120.148 E.0625
G1 X159.107 Y120.725 E.0625
G1 X158.269 Y121.258 E.06252
G1 X157.405 Y121.747 E.0625
G1 X156.516 Y122.19 E.06253
G1 X155.601 Y122.588 E.06281
G1 X154.992 Y122.822 E.04107
G1 X154.046 Y123.139 E.06281
G1 X153.089 Y123.404 E.06251
G1 X152.117 Y123.619 E.06267
G1 X151.309 Y123.758 E.05161
G1 X150.484 Y123.864 E.05236
G1 X149.493 Y123.942 E.06258
G1 X148.495 Y123.968 E.06285
G1 X147.843 Y123.956 E.04105
G1 X146.847 Y123.895 E.06282
G1 X145.86 Y123.783 E.06253
G1 X144.881 Y123.619 E.06249
G1 X143.911 Y123.404 E.06254
G1 X142.954 Y123.139 E.06251
G1 X142.011 Y122.823 E.06261
G1 X141.247 Y122.525 E.05162
G1 X140.486 Y122.191 E.05232
G1 X139.595 Y121.747 E.06267
G1 X138.731 Y121.258 E.0625
G1 X137.893 Y120.725 E.06252
G1 X137.081 Y120.146 E.06278
G1 X136.567 Y119.744 E.04108
G1 X135.808 Y119.096 E.06282
G1 X135.088 Y118.412 E.06252
G1 X134.404 Y117.692 E.06252
G1 X133.759 Y116.937 E.06251
G1 X133.154 Y116.147 E.06264
G1 X132.687 Y115.473 E.05162
G1 X132.242 Y114.771 E.05232
G1 X131.753 Y113.905 E.06261
G1 X131.31 Y113.016 E.06253
G1 X130.912 Y112.101 E.06281
G1 X130.678 Y111.492 E.04107
G1 X130.361 Y110.546 E.06281
G1 X130.096 Y109.589 E.06251
G1 X129.881 Y108.617 E.06267
G1 X129.742 Y107.809 E.05161
G1 X129.636 Y106.984 E.05236
G1 X129.558 Y105.993 E.06258
G1 X129.532 Y104.995 E.06285
G1 X129.544 Y104.343 E.04105
G1 X129.605 Y103.347 E.06282
G1 X129.717 Y102.36 E.06253
G1 X129.881 Y101.381 E.06249
G1 X130.096 Y100.411 E.06254
G1 X130.361 Y99.454 E.06251
G1 X130.677 Y98.511 E.06261
G1 X130.975 Y97.747 E.05162
G1 X131.309 Y96.986 E.05232
G1 X131.753 Y96.095 E.06267
G1 X132.242 Y95.231 E.0625
G1 X132.776 Y94.392 E.06261
G1 X133.25 Y93.722 E.05167
G1 X133.758 Y93.065 E.05228
G1 X134.404 Y92.308 E.06265
G1 X135.091 Y91.585 E.06278
G1 X135.561 Y91.131 E.04114
G1 X136.308 Y90.47 E.06279
G1 X137.085 Y89.852 E.0625
G1 X137.893 Y89.275 E.0625
G1 X138.731 Y88.742 E.06252
G1 X139.595 Y88.253 E.0625
G1 X140.484 Y87.81 E.06253
G1 X141.395 Y87.414 E.06253
G1 X142.325 Y87.066 E.06251
G1 X143.274 Y86.767 E.06264
G1 X144.067 Y86.558 E.05163
G1 X144.879 Y86.381 E.05232
G1 X145.86 Y86.217 E.06261
G1 X146.847 Y86.105 E.06253
G1 X147.84 Y86.044 E.06263
G1 X148.472 Y86.036 E.03979
G1 X148.496 Y86.793 F12000
G1 F1981.299
G1 X148.654 Y86.791 E.00995
G1 X149.45 Y86.814 E.05013
G1 X150.403 Y86.89 E.06018
G1 X151.349 Y87.014 E.06006
G1 X152.294 Y87.189 E.0605
G1 X152.898 Y87.329 E.03903
G1 X153.824 Y87.585 E.06048
G1 X154.728 Y87.888 E.06002
G1 X155.615 Y88.237 E.06
G1 X156.483 Y88.633 E.06006
G1 X157.331 Y89.074 E.06017
G1 X158.01 Y89.471 E.04951
G1 X158.687 Y89.906 E.05066
G1 X159.198 Y90.263 E.03924
G1 X159.96 Y90.848 E.06047
G1 X160.685 Y91.467 E.06001
G1 X161.377 Y92.123 E.06003
G1 X162.035 Y92.817 E.0602
G1 X162.548 Y93.413 E.0495
G1 X163.042 Y94.038 E.05015
G1 X163.597 Y94.817 E.06021
M73 P49 R8
G1 X164.109 Y95.621 E.06
G1 X164.583 Y96.458 E.06055
G1 X164.864 Y97.01 E.03899
G1 X165.264 Y97.888 E.06074
G1 X165.555 Y98.618 E.04947
G1 X165.818 Y99.37 E.05015
G1 X166.09 Y100.287 E.06021
G1 X166.312 Y101.214 E.06001
G1 X166.486 Y102.151 E.05999
G1 X166.61 Y103.097 E.06006
G1 X166.685 Y104.047 E.05999
G1 X166.7 Y105.628 E.09953
G1 X166.641 Y106.587 E.06048
G1 X166.533 Y107.534 E.06
G1 X166.376 Y108.475 E.06006
G1 X166.169 Y109.405 E.05998
G1 X165.915 Y110.324 E.06002
G1 X165.612 Y111.228 E.06002
G1 X165.26 Y112.123 E.06054
G1 X165.008 Y112.689 E.039
G1 X164.579 Y113.549 E.0605
G1 X164.109 Y114.379 E.06005
G1 X163.593 Y115.19 E.06051
G1 X163.237 Y115.697 E.039
G1 X162.652 Y116.46 E.06052
G1 X162.033 Y117.185 E.06001
G1 X161.371 Y117.882 E.06051
G1 X160.925 Y118.313 E.03904
G1 X160.205 Y118.95 E.06052
G1 X159.459 Y119.543 E.05999
G1 X158.683 Y120.097 E.06002
G1 X157.879 Y120.609 E.06
G1 X157.049 Y121.079 E.06005
G1 X156.196 Y121.504 E.05999
G1 X155.315 Y121.887 E.06047
G1 X154.736 Y122.11 E.03906
G1 X153.824 Y122.415 E.06054
G1 X152.905 Y122.669 E.06002
G1 X151.972 Y122.876 E.06016
G1 X151.197 Y123.009 E.0495
G1 X150.406 Y123.11 E.0502
G1 X149.453 Y123.185 E.06018
G1 X148.492 Y123.21 E.06052
G1 X147.872 Y123.2 E.03903
G1 X146.913 Y123.141 E.06048
G1 X145.966 Y123.033 E.06
G1 X145.025 Y122.876 E.06006
G1 X144.095 Y122.669 E.05998
G1 X143.176 Y122.415 E.06002
G1 X142.269 Y122.111 E.06022
G1 X141.536 Y121.826 E.04951
G1 X140.807 Y121.505 E.05014
G1 X139.951 Y121.079 E.06019
G1 X139.121 Y120.609 E.06005
G1 X138.317 Y120.097 E.06
G1 X137.534 Y119.539 E.06053
G1 X137.046 Y119.157 E.03901
G1 X136.315 Y118.533 E.0605
G1 X135.623 Y117.877 E.06003
G1 X134.967 Y117.185 E.06003
G1 X134.348 Y116.46 E.06001
G1 X133.766 Y115.701 E.06021
G1 X133.318 Y115.055 E.04949
G1 X132.892 Y114.382 E.05014
G1 X132.421 Y113.549 E.06024
G1 X131.996 Y112.696 E.05999
G1 X131.613 Y111.815 E.06047
G1 X131.39 Y111.236 E.03906
G1 X131.085 Y110.324 E.06054
G1 X130.831 Y109.405 E.06002
G1 X130.624 Y108.471 E.06022
G1 X130.491 Y107.697 E.04944
G1 X130.39 Y106.906 E.0502
G1 X130.315 Y105.953 E.06018
G1 X130.29 Y104.992 E.06052
G1 X130.3 Y104.372 E.03903
G1 X130.359 Y103.413 E.06048
G1 X130.467 Y102.466 E.06
G1 X130.624 Y101.525 E.06006
G1 X130.831 Y100.594 E.06004
G1 X131.085 Y99.676 E.05996
G1 X131.389 Y98.769 E.06022
G1 X131.674 Y98.036 E.04951
G1 X131.995 Y97.307 E.05014
G1 X132.421 Y96.451 E.06019
G1 X132.891 Y95.621 E.06005
G1 X133.405 Y94.814 E.06023
G1 X133.859 Y94.173 E.04945
G1 X134.346 Y93.542 E.05018
G1 X134.967 Y92.815 E.06019
G1 X135.629 Y92.118 E.06051
G1 X136.075 Y91.687 E.03904
G1 X136.795 Y91.05 E.06052
G1 X137.541 Y90.457 E.05999
G1 X138.317 Y89.903 E.06002
G1 X139.121 Y89.391 E.06
G1 X139.951 Y88.921 E.06005
G1 X140.804 Y88.496 E.05999
G1 X141.678 Y88.116 E.05999
G1 X142.571 Y87.782 E.06002
G1 X143.484 Y87.494 E.06027
G1 X144.244 Y87.295 E.04946
G1 X145.022 Y87.125 E.05013
G1 X145.966 Y86.967 E.06025
G1 X146.913 Y86.859 E.06
G1 X147.868 Y86.801 E.06023
G1 X148.466 Y86.793 E.03765
G1 X148.489 Y87.55 F12000
G1 F1981.299
G1 X148.647 Y87.548 E.00995
G1 X149.409 Y87.571 E.04799
G1 X150.324 Y87.643 E.05778
G1 X151.23 Y87.762 E.05752
G1 X152.14 Y87.931 E.05827
G1 X152.712 Y88.063 E.03695
G1 X153.603 Y88.31 E.05821
G1 X154.469 Y88.6 E.05749
G1 X155.319 Y88.935 E.05751
G1 X156.151 Y89.313 E.05753
G1 X156.965 Y89.738 E.05781
G1 X157.614 Y90.117 E.04731
G1 X158.265 Y90.534 E.04867
G1 X158.75 Y90.874 E.03729
G1 X159.483 Y91.437 E.05818
G1 X160.178 Y92.03 E.05751
G1 X160.841 Y92.659 E.05753
G1 X161.473 Y93.325 E.0578
G1 X161.963 Y93.895 E.04732
G1 X162.436 Y94.493 E.048
G1 X162.969 Y95.24 E.05777
G1 X163.46 Y96.011 E.05754
G1 X163.915 Y96.816 E.05821
G1 X164.182 Y97.339 E.03697
G1 X164.567 Y98.185 E.05851
G1 X164.845 Y98.883 E.0473
G1 X165.097 Y99.603 E.04802
G1 X165.358 Y100.483 E.05778
G1 X165.572 Y101.371 E.0575
G1 X165.738 Y102.27 E.05755
G1 X165.857 Y103.176 E.05752
G1 X165.929 Y104.087 E.05753
G1 X165.943 Y105.598 E.09512
G1 X165.886 Y106.521 E.05821
G1 X165.783 Y107.429 E.05753
G1 X165.632 Y108.33 E.05751
G1 X165.434 Y109.222 E.05752
G1 X165.19 Y110.103 E.05755
G1 X164.9 Y110.969 E.05749
G1 X164.561 Y111.83 E.05825
G1 X164.323 Y112.366 E.03692
G1 X163.91 Y113.194 E.05825
G1 X163.46 Y113.989 E.05751
G1 X162.963 Y114.769 E.05822
G1 X162.626 Y115.25 E.03697
G1 X162.063 Y115.983 E.05818
G1 X161.47 Y116.678 E.05751
G1 X160.833 Y117.349 E.05824
G1 X160.411 Y117.757 E.03695
G1 X159.718 Y118.37 E.05824
G1 X159.003 Y118.938 E.05748
G1 X158.26 Y119.469 E.05749
G1 X157.489 Y119.96 E.05754
G1 X156.694 Y120.41 E.05751
G1 X155.876 Y120.818 E.05754
G1 X155.028 Y121.186 E.05819
G1 X154.48 Y121.397 E.03697
G1 X153.603 Y121.69 E.05821
G1 X152.722 Y121.934 E.05755
G1 X151.826 Y122.133 E.05778
G1 X151.085 Y122.26 E.04733
G1 X150.329 Y122.357 E.04798
G1 X149.413 Y122.429 E.05784
G1 X148.489 Y122.453 E.05819
G1 X147.902 Y122.443 E.03696
G1 X146.979 Y122.386 E.05821
G1 X146.071 Y122.283 E.05753
G1 X145.17 Y122.132 E.05751
G1 X144.278 Y121.934 E.05752
G1 X143.397 Y121.69 E.05755
G1 X142.526 Y121.399 E.05781
G1 X141.826 Y121.126 E.0473
G1 X141.128 Y120.82 E.04798
G1 X140.306 Y120.41 E.05783
G1 X139.511 Y119.96 E.05751
G1 X138.74 Y119.469 E.05754
G1 X137.988 Y118.932 E.05817
G1 X137.525 Y118.571 E.03696
G1 X136.822 Y117.97 E.05822
G1 X136.159 Y117.341 E.05753
G1 X135.53 Y116.678 E.05753
G1 X134.937 Y115.983 E.05751
G1 X134.378 Y115.255 E.05778
G1 X133.95 Y114.637 E.04732
G1 X133.542 Y113.993 E.04799
G1 X133.09 Y113.194 E.05779
G1 X132.682 Y112.376 E.05754
G1 X132.314 Y111.528 E.05819
G1 X132.103 Y110.98 E.03697
G1 X131.81 Y110.103 E.05821
G1 X131.566 Y109.222 E.05755
G1 X131.367 Y108.326 E.05778
G1 X131.24 Y107.585 E.04733
G1 X131.143 Y106.829 E.04798
G1 X131.071 Y105.913 E.05784
G1 X131.047 Y104.989 E.05819
G1 X131.057 Y104.402 E.03696
G1 X131.114 Y103.479 E.05821
G1 X131.217 Y102.571 E.05753
G1 X131.368 Y101.67 E.05751
G1 X131.566 Y100.778 E.05752
G1 X131.81 Y99.897 E.05755
G1 X132.101 Y99.026 E.05781
G1 X132.374 Y98.326 E.0473
G1 X132.68 Y97.628 E.04798
G1 X133.09 Y96.806 E.05783
G1 X133.54 Y96.011 E.05751
G1 X134.033 Y95.237 E.05777
G1 X134.468 Y94.623 E.04737
G1 X134.934 Y94.02 E.04797
G1 X135.53 Y93.322 E.05778
G1 X136.167 Y92.651 E.05824
G1 X136.589 Y92.243 E.03695
G1 X137.282 Y91.63 E.05824
G1 X137.997 Y91.062 E.05748
G1 X138.74 Y90.531 E.05749
G1 X139.511 Y90.04 E.05754
G1 X140.306 Y89.59 E.05751
G1 X141.124 Y89.182 E.05754
G1 X141.962 Y88.818 E.05751
G1 X142.818 Y88.498 E.05753
G1 X143.694 Y88.222 E.05782
G1 X144.421 Y88.031 E.04732
G1 X145.166 Y87.868 E.04801
G1 X146.071 Y87.717 E.05776
G1 X146.979 Y87.614 E.05753
G1 X147.896 Y87.557 E.05784
G1 X148.459 Y87.55 E.03544
G1 E-8 F1500
G1 Z2.72 F3000
G1 X158.644 Y91.429 F12000
G1 Z2.52 F3000
G1 E8 F1500
;TYPE:Internal infill
G1 E-10F1500
G1 F12000.0
T0
G1 E16F1500
G1 F12000.0
;WIDTH:0.675
G1 F2373.119
G1 X160.095 Y92.648 E.0996
G1 X159.351 Y92.798 E.03989
G1 X158.673 Y92.784 E.03564
G1 X157.995 Y92.616 E.03671
G1 X157.316 Y92.238 E.04084
G1 X155.96 Y90.969 E.09761
G1 X155.282 Y90.48 E.04394
G1 X154.604 Y90.197 E.03861
G1 X153.926 Y90.074 E.03622
G1 X153.247 Y90.089 E.0357
G1 X152.569 Y90.257 E.03671
G1 X151.891 Y90.634 E.04077
G1 X150.535 Y91.904 E.09764
G1 X149.856 Y92.393 E.04398
G1 X149.178 Y92.675 E.03859
G1 X148.5 Y92.798 E.03622
G1 X147.822 Y92.784 E.03564
G1 X147.144 Y92.616 E.03671
G1 X146.465 Y92.238 E.04084
G1 X145.109 Y90.969 E.09761
G1 X144.431 Y90.48 E.04394
G1 X143.753 Y90.197 E.03861
G1 X143.074 Y90.074 E.03627
G1 X142.396 Y90.089 E.03564
G1 X141.718 Y90.257 E.03671
G1 X141.04 Y90.634 E.04077
G1 X139.684 Y91.904 E.09764
G1 X139.005 Y92.393 E.04398
G1 X138.327 Y92.675 E.03859
G1 X137.649 Y92.798 E.03622
G1 X136.8 Y92.742 E.04472
G1 X135.326 Y94.339 E.11422
G1 X134.147 Y95.998 E.10697
G1 X135.614 Y97.329 E.10411
G1 X136.293 Y97.818 E.04398
G1 X136.971 Y98.101 E.03861
G1 X137.649 Y98.224 E.03622
G1 X138.327 Y98.209 E.03564
G1 X139.005 Y98.041 E.03671
G1 X139.684 Y97.664 E.04082
G1 X141.04 Y96.394 E.09764
G1 X141.718 Y95.905 E.04394
G1 X142.396 Y95.623 E.03859
G1 X143.074 Y95.5 E.03622
G1 X143.753 Y95.514 E.03569
G1 X144.431 Y95.682 E.03671
G1 X145.109 Y96.06 E.0408
G1 X146.465 Y97.329 E.09761
G1 X147.144 Y97.818 E.04398
G1 X147.822 Y98.101 E.03861
G1 X148.5 Y98.224 E.03622
G1 X149.178 Y98.209 E.03564
G1 X149.856 Y98.041 E.03671
G1 X150.535 Y97.664 E.04082
G1 X151.891 Y96.394 E.09764
G1 X152.569 Y95.905 E.04394
G1 X153.247 Y95.623 E.03859
G1 X153.926 Y95.5 E.03627
G1 X154.604 Y95.514 E.03564
G1 X155.282 Y95.682 E.03671
G1 X155.96 Y96.06 E.0408
G1 X157.316 Y97.329 E.09761
G1 X157.995 Y97.818 E.04398
G1 X158.673 Y98.101 E.03861
G1 X159.351 Y98.224 E.03622
G1 X160.029 Y98.209 E.03564
G1 X160.707 Y98.041 E.03671
G1 X161.386 Y97.664 E.04082
G1 X162.991 Y96.215 E.11365
G1 X163.877 Y97.889 E.09954
G1 E-8 F1500
G1 Z2.72 F3000
G1 X164.401 Y99.144 F12000
G1 Z2.52 F3000
G1 E8 F1500
G1 F2373.119
G1 X164.952 Y100.957 E.09959
G1 X164.098 Y100.94 E.04489
G1 X163.42 Y101.108 E.03671
G1 X162.742 Y101.485 E.04077
G1 X161.386 Y102.755 E.09764
M73 P50 R8
G1 X160.707 Y103.244 E.04398
G1 X160.029 Y103.526 E.03859
G1 X159.351 Y103.649 E.03622
G1 X158.673 Y103.635 E.03564
G1 X157.995 Y103.467 E.03671
G1 X157.316 Y103.089 E.04084
G1 X155.96 Y101.82 E.09761
G1 X155.282 Y101.331 E.04394
G1 X154.604 Y101.048 E.03861
G1 X153.926 Y100.925 E.03622
G1 X153.247 Y100.94 E.0357
G1 X152.569 Y101.108 E.03671
G1 X151.891 Y101.485 E.04077
G1 X150.535 Y102.755 E.09764
G1 X149.856 Y103.244 E.04398
G1 X149.178 Y103.526 E.03859
G1 X148.5 Y103.649 E.03622
G1 X147.822 Y103.635 E.03564
G1 X147.144 Y103.467 E.03671
G1 X146.465 Y103.089 E.04084
G1 X145.109 Y101.82 E.09761
G1 X144.431 Y101.331 E.04394
G1 X143.753 Y101.048 E.03861
G1 X143.074 Y100.925 E.03627
G1 X142.396 Y100.94 E.03564
G1 X141.718 Y101.108 E.03671
G1 X141.04 Y101.485 E.04077
G1 X139.684 Y102.755 E.09764
G1 X139.005 Y103.244 E.04398
G1 X138.327 Y103.526 E.03859
G1 X137.649 Y103.649 E.03622
G1 X136.971 Y103.635 E.03564
G1 X136.293 Y103.467 E.03671
G1 X135.614 Y103.089 E.04084
G1 X134.258 Y101.82 E.09761
G1 X133.58 Y101.331 E.04394
G1 X132.902 Y101.048 E.03861
G1 X132.223 Y100.925 E.03627
G1 X132.05 Y100.929 E.00909
G1 X131.7 Y102.792 E.09963
G1 E-8 F1500
G1 Z2.72 F3000
G1 X131.56 Y104.566 F12000
G1 Z2.52 F3000
G1 E8 F1500
G1 F2373.119
G1 X131.621 Y106.46 E.0996
G1 X132.223 Y106.351 E.03215
G1 X132.902 Y106.365 E.03569
G1 X133.58 Y106.533 E.03671
G1 X134.258 Y106.911 E.0408
G1 X135.614 Y108.18 E.09761
G1 X136.293 Y108.669 E.04398
G1 X136.971 Y108.952 E.03861
G1 X137.649 Y109.075 E.03622
G1 X138.327 Y109.06 E.03564
G1 X139.005 Y108.892 E.03671
G1 X139.684 Y108.515 E.04082
G1 X141.04 Y107.245 E.09764
G1 X141.718 Y106.756 E.04394
G1 X142.396 Y106.474 E.03859
G1 X143.074 Y106.351 E.03622
G1 X143.753 Y106.365 E.03569
G1 X144.431 Y106.533 E.03671
G1 X145.109 Y106.911 E.0408
G1 X146.465 Y108.18 E.09761
G1 X147.144 Y108.669 E.04398
G1 X147.822 Y108.952 E.03861
G1 X148.5 Y109.075 E.03622
G1 X149.178 Y109.06 E.03564
G1 X149.856 Y108.892 E.03671
G1 X150.535 Y108.515 E.04082
G1 X151.891 Y107.245 E.09764
G1 X152.569 Y106.756 E.04394
G1 X153.247 Y106.474 E.03859
G1 X153.926 Y106.351 E.03627
G1 X154.604 Y106.365 E.03564
G1 X155.282 Y106.533 E.03671
G1 X155.96 Y106.911 E.0408
G1 X157.316 Y108.18 E.09761
G1 X157.995 Y108.669 E.04398
G1 X158.673 Y108.952 E.03861
G1 X159.351 Y109.075 E.03622
G1 X160.029 Y109.06 E.03564
G1 X160.707 Y108.892 E.03671
G1 X161.386 Y108.515 E.04082
G1 X162.742 Y107.245 E.09764
G1 X163.42 Y106.756 E.04394
G1 X164.098 Y106.474 E.03859
G1 X164.777 Y106.351 E.03627
G1 X165.39 Y106.364 E.03223
G1 X165.134 Y108.242 E.09962
G1 E-8 F1500
G1 Z2.72 F3000
G1 X164.68 Y110.035 F12000
G1 Z2.52 F3000
G1 E8 F1500
G1 F2373.119
G1 X164.017 Y111.811 E.09963
G1 X163.42 Y111.959 E.03233
G1 X162.742 Y112.336 E.04077
G1 X161.386 Y113.606 E.09764
G1 X160.707 Y114.095 E.04398
G1 X160.029 Y114.377 E.03859
G1 X159.351 Y114.5 E.03622
G1 X158.673 Y114.486 E.03564
G1 X157.995 Y114.318 E.03671
G1 X157.316 Y113.94 E.04084
G1 X155.96 Y112.671 E.09761
G1 X155.282 Y112.182 E.04394
G1 X154.604 Y111.899 E.03861
G1 X153.926 Y111.777 E.03621
G1 X153.247 Y111.791 E.03569
G1 X152.569 Y111.959 E.03671
G1 X151.891 Y112.336 E.04077
G1 X150.535 Y113.606 E.09764
G1 X149.856 Y114.095 E.04398
G1 X149.178 Y114.377 E.03859
G1 X148.5 Y114.5 E.03622
G1 X147.822 Y114.486 E.03564
G1 X147.144 Y114.318 E.03671
G1 X146.465 Y113.94 E.04084
G1 X145.109 Y112.671 E.09761
G1 X144.431 Y112.182 E.04394
G1 X143.753 Y111.899 E.03861
G1 X143.074 Y111.777 E.03626
G1 X142.396 Y111.791 E.03564
G1 X141.718 Y111.959 E.03671
G1 X141.04 Y112.336 E.04077
G1 X139.684 Y113.606 E.09764
G1 X139.005 Y114.095 E.04398
G1 X138.327 Y114.377 E.03859
G1 X137.649 Y114.5 E.03622
G1 X136.971 Y114.486 E.03564
G1 X136.293 Y114.318 E.03671
G1 X135.614 Y113.94 E.04084
G1 X134.258 Y112.671 E.09761
G1 X133.58 Y112.182 E.04394
G1 X133.054 Y111.962 E.02997
G1 X133.926 Y113.645 E.09962
G1 E-8 F1500
G1 Z2.72 F3000
G1 X138.04 Y118.332 F12000
G1 Z2.52 F3000
G1 E8 F1500
G1 F2373.119
G1 X139.596 Y119.415 E.09964
G1 X141.04 Y118.096 E.10279
G1 X141.718 Y117.607 E.04394
G1 X142.396 Y117.325 E.03859
G1 X143.074 Y117.202 E.03622
G1 X143.753 Y117.216 E.03569
G1 X144.431 Y117.384 E.03671
G1 X145.109 Y117.762 E.0408
G1 X146.465 Y119.031 E.09761
G1 X147.144 Y119.52 E.04398
G1 X147.822 Y119.803 E.03861
G1 X148.5 Y119.926 E.03622
G1 X149.178 Y119.911 E.03564
G1 X149.856 Y119.743 E.03671
G1 X150.535 Y119.366 E.04082
G1 X151.891 Y118.096 E.09764
G1 X152.569 Y117.607 E.04394
G1 X153.247 Y117.325 E.03859
G1 X153.926 Y117.202 E.03627
G1 X154.604 Y117.216 E.03564
G1 X155.282 Y117.384 E.03671
G1 X155.96 Y117.762 E.0408
G1 X157.316 Y119.031 E.09761
G1 X157.64 Y119.265 E.02101
G1 X155.99 Y120.196 E.09957
;LAYER_CHANGE
;Z:2.72
;HEIGHT:0.2

G1 E-8 F1500
G1 Z2.72 F3000
;AFTER_LAYER_CHANGE
;2.72
G92 E0
_ON_LAYER_CHANGE LAYER=13
G1 Z2.92
G1 X148.508 Y85.341 F12000
G1 Z2.72 F3000
G1 E8 F1500
;TYPE:External perimeter
;WIDTH:0.674999
G1 F2373.121
G1 X148.68 Y85.339 E.00904
G1 X149.528 Y85.365 E.04459
G1 X150.555 Y85.445 E.05414
G1 X151.576 Y85.58 E.05413
G1 X152.589 Y85.768 E.05415
G1 X153.255 Y85.921 E.03592
G1 X154.249 Y86.197 E.05422
G1 X155.225 Y86.523 E.05408
G1 X156.183 Y86.901 E.05413
G1 X157.119 Y87.328 E.05407
G1 X158.033 Y87.803 E.05414
G1 X158.92 Y88.326 E.05412
G1 X159.643 Y88.801 E.04547
G1 X160.333 Y89.297 E.04466
G1 X161.139 Y89.938 E.05412
G1 X161.91 Y90.62 E.0541
G1 X162.644 Y91.342 E.05411
G1 X163.231 Y91.978 E.04549
G1 X163.78 Y92.626 E.04464
G1 X164.407 Y93.443 E.05413
G1 X164.991 Y94.292 E.05416
G1 X165.353 Y94.872 E.03593
G1 X165.861 Y95.769 E.05418
G1 X166.32 Y96.69 E.05408
G1 X166.731 Y97.636 E.05421
G1 X166.976 Y98.274 E.03592
G1 X167.303 Y99.251 E.05415
G1 X167.578 Y100.243 E.0541
G1 X167.801 Y101.248 E.05411
G1 X167.971 Y102.264 E.05414
G1 X168.088 Y103.286 E.05406
G1 X168.15 Y104.314 E.05413
G1 X168.159 Y105.343 E.05408
G1 X168.114 Y106.372 E.05413
G1 X168.016 Y107.398 E.05417
G1 X167.921 Y108.074 E.03588
G1 X167.732 Y109.09 E.05431
G1 X167.579 Y109.755 E.03586
G1 X167.303 Y110.749 E.05422
G1 X166.977 Y111.725 E.05408
G1 X166.599 Y112.684 E.05418
G1 X166.321 Y113.308 E.0359
G1 X165.861 Y114.231 E.0542
G1 X165.354 Y115.127 E.05411
G1 X164.801 Y115.995 E.05409
G1 X164.203 Y116.833 E.05411
G1 X163.562 Y117.639 E.05412
G1 X162.88 Y118.41 E.0541
G1 X162.158 Y119.145 E.05415
G1 X161.658 Y119.611 E.03592
G1 X160.874 Y120.281 E.0542
G1 X160.057 Y120.907 E.0541
G1 X159.208 Y121.491 E.05416
G1 X158.628 Y121.853 E.03593
G1 X157.731 Y122.361 E.05418
G1 X156.81 Y122.82 E.05408
G1 X155.864 Y123.231 E.05421
G1 X155.226 Y123.476 E.03592
G1 X154.249 Y123.803 E.05415
G1 X153.257 Y124.078 E.0541
G1 X152.252 Y124.301 E.05411
G1 X151.236 Y124.471 E.05414
G1 X150.214 Y124.588 E.05406
G1 X149.186 Y124.65 E.05413
G1 X148.156 Y124.659 E.05414
G1 X147.291 Y124.624 E.0455
G1 X146.445 Y124.555 E.04461
G1 X145.424 Y124.42 E.05413
G1 X144.412 Y124.233 E.05409
G1 X143.41 Y123.992 E.05416
G1 X142.753 Y123.804 E.03592
G1 X141.775 Y123.477 E.0542
G1 X140.817 Y123.099 E.05413
G1 X139.881 Y122.672 E.05407
G1 X138.966 Y122.196 E.05421
G1 X138.374 Y121.855 E.03591
G1 X137.505 Y121.301 E.05416
G1 X136.667 Y120.703 E.05411
G1 X135.861 Y120.062 E.05412
G1 X135.09 Y119.38 E.0541
G1 X134.355 Y118.658 E.05415
G1 X133.889 Y118.158 E.03592
G1 X133.219 Y117.374 E.0542
G1 X132.593 Y116.557 E.0541
G1 X132.009 Y115.708 E.05416
G1 X131.647 Y115.128 E.03593
G1 X131.139 Y114.231 E.05418
G1 X130.68 Y113.31 E.05408
G1 X130.269 Y112.366 E.05411
G1 X129.909 Y111.401 E.05413
M73 P51 R8
G1 X129.599 Y110.42 E.05407
G1 X129.342 Y109.423 E.05411
G1 X129.136 Y108.414 E.05412
G1 X128.984 Y107.396 E.0541
G1 X128.898 Y106.534 E.04553
G1 X128.85 Y105.687 E.04459
G1 X128.841 Y104.657 E.05414
G1 X128.886 Y103.628 E.05413
G1 X128.966 Y102.766 E.0455
G1 X129.08 Y101.925 E.04461
G1 X129.268 Y100.911 E.0542
G1 X129.421 Y100.245 E.03592
G1 X129.697 Y99.251 E.05422
G1 X130.023 Y98.275 E.05408
G1 X130.401 Y97.316 E.05418
G1 X130.679 Y96.692 E.0359
G1 X131.139 Y95.769 E.0542
G1 X131.646 Y94.873 E.05411
G1 X132.199 Y94.005 E.05409
G1 X132.797 Y93.167 E.05411
G1 X133.438 Y92.361 E.05412
G1 X134.12 Y91.59 E.0541
G1 X134.841 Y90.856 E.05408
G1 X135.601 Y90.16 E.05416
G1 X136.267 Y89.607 E.0455
G1 X136.942 Y89.093 E.04459
G1 X137.792 Y88.509 E.0542
G1 X138.528 Y88.055 E.04545
G1 X139.269 Y87.639 E.04466
G1 X140.19 Y87.18 E.05408
G1 X141.134 Y86.769 E.05411
G1 X142.099 Y86.409 E.05413
G1 X142.924 Y86.146 E.04551
G1 X143.743 Y85.922 E.04463
G1 X144.748 Y85.699 E.05411
G1 X145.764 Y85.529 E.05414
G1 X146.786 Y85.412 E.05406
G1 X147.814 Y85.35 E.05413
G1 X148.478 Y85.342 E.0349
G1 X149.078 Y85.351 F12000
G1 X148.502 Y86.036
;TYPE:Perimeter
G1 E-10F1500
G1 F12000.0
T1
G1 E20F1500
;WIDTH:0.799999
G1 F1981.299
G1 X148.674 Y86.034 E.01083
G1 X149.491 Y86.058 E.05145
G1 X150.483 Y86.136 E.06264
G1 X151.467 Y86.266 E.06248
G1 X152.448 Y86.448 E.06281
G1 X153.084 Y86.595 E.04109
G1 X154.046 Y86.861 E.06283
G1 X154.987 Y87.176 E.06247
G1 X155.911 Y87.54 E.06252
G1 X156.815 Y87.952 E.06254
G1 X157.696 Y88.411 E.06254
G1 X158.553 Y88.915 E.06259
G1 X159.25 Y89.373 E.0525
G1 X159.913 Y89.851 E.05145
G1 X160.692 Y90.47 E.06264
G1 X161.436 Y91.128 E.06253
G1 X162.145 Y91.825 E.06259
G1 X162.711 Y92.438 E.05252
G1 X163.239 Y93.062 E.05146
G1 X163.845 Y93.851 E.06263
G1 X164.41 Y94.673 E.06279
G1 X164.756 Y95.227 E.04112
G1 X165.247 Y96.095 E.06278
G1 X165.69 Y96.984 E.06253
G1 X166.088 Y97.899 E.06281
G1 X166.481 Y98.984 E.07264
G1 X166.771 Y99.933 E.06247
G1 X167.012 Y100.896 E.06249
G1 X167.201 Y101.871 E.06252
G1 X167.339 Y102.854 E.06249
G1 X167.426 Y103.842 E.06244
G1 X167.465 Y105.331 E.09377
G1 X167.421 Y106.323 E.06251
G1 X167.326 Y107.316 E.0628
G1 X167.235 Y107.963 E.04113
G1 X167.052 Y108.948 E.06307
G1 X166.905 Y109.584 E.04109
G1 X166.639 Y110.546 E.06283
G1 X166.324 Y111.487 E.06247
G1 X165.958 Y112.415 E.0628
G1 X165.692 Y113.012 E.04114
G1 X165.247 Y113.905 E.06281
G1 X164.758 Y114.769 E.0625
G1 X164.225 Y115.607 E.06252
G1 X163.648 Y116.415 E.0625
G1 X163.03 Y117.192 E.0625
G1 X162.372 Y117.936 E.06253
G1 X161.673 Y118.647 E.06277
G1 X161.195 Y119.093 E.04115
G1 X160.437 Y119.741 E.06278
G1 X159.649 Y120.345 E.0625
G1 X158.827 Y120.91 E.06279
G1 X158.273 Y121.256 E.04112
G1 X157.405 Y121.747 E.06278
G1 X156.516 Y122.19 E.06253
G1 X155.601 Y122.588 E.06281
G1 X154.992 Y122.822 E.04107
G1 X154.046 Y123.139 E.06281
G1 X153.089 Y123.404 E.06251
G1 X152.119 Y123.619 E.06254
G1 X151.14 Y123.783 E.06249
G1 X150.153 Y123.895 E.06253
G1 X149.162 Y123.956 E.0625
G1 X148.167 Y123.965 E.06264
G1 X147.334 Y123.931 E.05248
G1 X146.519 Y123.864 E.05148
G1 X145.533 Y123.734 E.06261
G1 X144.556 Y123.553 E.06255
G1 X143.586 Y123.32 E.0628
G1 X142.959 Y123.14 E.04106
G1 X142.013 Y122.824 E.06279
G1 X141.089 Y122.46 E.06252
G1 X140.185 Y122.048 E.06254
G1 X139.3 Y121.587 E.06282
G1 X138.735 Y121.261 E.04106
G1 X137.893 Y120.725 E.06283
G1 X137.085 Y120.148 E.0625
G1 X136.308 Y119.53 E.0625
G1 X135.564 Y118.872 E.06253
G1 X134.853 Y118.173 E.06277
G1 X134.407 Y117.695 E.04115
G1 X133.759 Y116.937 E.06278
G1 X133.155 Y116.149 E.0625
G1 X132.59 Y115.327 E.06279
G1 X132.244 Y114.773 E.04112
G1 X131.753 Y113.905 E.06278
G1 X131.31 Y113.016 E.06253
G1 X130.914 Y112.105 E.06253
G1 X130.566 Y111.175 E.06251
G1 X130.267 Y110.228 E.06252
G1 X130.019 Y109.267 E.06248
G1 X129.821 Y108.294 E.06251
G1 X129.674 Y107.31 E.06263
G1 X129.591 Y106.48 E.05251
G1 X129.544 Y105.664 E.05145
G1 X129.535 Y104.669 E.06264
G1 X129.579 Y103.675 E.06263
G1 X129.656 Y102.845 E.05247
G1 X129.766 Y102.035 E.05146
G1 X129.948 Y101.052 E.06293
G1 X130.095 Y100.416 E.04109
G1 X130.361 Y99.454 E.06283
G1 X130.676 Y98.513 E.06247
G1 X131.042 Y97.585 E.0628
G1 X131.308 Y96.988 E.04114
G1 X131.753 Y96.095 E.06281
G1 X132.242 Y95.231 E.0625
G1 X132.775 Y94.393 E.06252
G1 X133.352 Y93.585 E.0625
G1 X133.97 Y92.808 E.0625
G1 X134.628 Y92.064 E.06253
G1 X135.324 Y91.356 E.0625
G1 X136.057 Y90.684 E.0626
G1 X136.699 Y90.151 E.05253
G1 X137.35 Y89.656 E.05148
G1 X138.171 Y89.092 E.0627
G1 X138.881 Y88.653 E.05255
G1 X139.594 Y88.253 E.05147
G1 X140.484 Y87.81 E.06258
G1 X141.395 Y87.414 E.06253
G1 X142.326 Y87.065 E.06259
G1 X143.121 Y86.812 E.05252
G1 X143.909 Y86.596 E.05144
G1 X144.881 Y86.381 E.06267
G1 X145.86 Y86.217 E.06249
G1 X146.847 Y86.105 E.06253
G1 X147.84 Y86.044 E.06263
G1 X148.472 Y86.036 E.03979
G1 X148.496 Y86.793 F12000
G1 F1981.299
G1 X148.667 Y86.791 E.01077
G1 X149.45 Y86.814 E.04931
G1 X150.403 Y86.89 E.06018
G1 X151.349 Y87.014 E.06006
G1 X152.294 Y87.189 E.0605
G1 X152.898 Y87.329 E.03903
G1 X153.824 Y87.585 E.06048
G1 X154.728 Y87.888 E.06002
G1 X155.615 Y88.237 E.06
G1 X156.483 Y88.633 E.06006
G1 X157.328 Y89.073 E.05997
G1 X158.153 Y89.558 E.06024
G1 X158.821 Y89.997 E.05032
G1 X159.457 Y90.455 E.04934
G1 X160.205 Y91.05 E.06017
G1 X160.919 Y91.682 E.06003
G1 X161.602 Y92.352 E.06023
G1 X162.144 Y92.94 E.05034
G1 X162.65 Y93.537 E.04927
G1 X163.232 Y94.296 E.06021
G1 X163.777 Y95.088 E.06052
G1 X164.105 Y95.614 E.03902
G1 X164.579 Y96.451 E.06055
G1 X165.004 Y97.304 E.05999
G1 X165.264 Y97.901 E.04099
G1 X165.498 Y98.475 E.03902
G1 X165.763 Y99.224 E.05001
G1 X166.042 Y100.135 E.05998
G1 X166.272 Y101.06 E.06
G1 X166.454 Y101.995 E.05996
G1 X166.587 Y102.939 E.06001
G1 X166.67 Y103.889 E.06003
G1 X166.707 Y105.318 E.08999
G1 X166.666 Y106.27 E.05999
G1 X166.574 Y107.227 E.06052
G1 X166.487 Y107.841 E.03904
G1 X166.311 Y108.794 E.06101
G1 X166.171 Y109.398 E.03903
G1 X165.915 Y110.324 E.06048
G1 X165.612 Y111.228 E.06002
G1 X165.26 Y112.123 E.06054
G1 X165.008 Y112.689 E.039
G1 X164.579 Y113.549 E.0605
G1 X164.109 Y114.379 E.06005
G1 X163.597 Y115.183 E.06
G1 X163.043 Y115.959 E.06002
G1 X162.45 Y116.705 E.05999
G1 X161.818 Y117.419 E.06003
G1 X161.144 Y118.105 E.06054
G1 X160.691 Y118.528 E.03902
G1 X159.96 Y119.152 E.0605
G1 X159.204 Y119.732 E.05998
G1 X158.412 Y120.277 E.06052
G1 X157.886 Y120.605 E.03902
G1 X157.049 Y121.079 E.06055
G1 X156.196 Y121.504 E.05999
G1 X155.315 Y121.887 E.06047
G1 X154.736 Y122.11 E.03906
G1 X153.824 Y122.415 E.06054
G1 X152.905 Y122.669 E.06002
G1 X151.975 Y122.876 E.05998
G1 X151.034 Y123.033 E.06006
G1 X150.087 Y123.141 E.06
G1 X149.136 Y123.199 E.05998
G1 X148.179 Y123.207 E.06025
G1 X147.38 Y123.175 E.05034
G1 X146.6 Y123.111 E.04927
G1 X145.651 Y122.986 E.06026
G1 X144.714 Y122.812 E.05999
G1 X143.779 Y122.588 E.06053
G1 X143.183 Y122.417 E.03903
G1 X142.272 Y122.112 E.06048
G1 X141.385 Y121.763 E.06
G1 X140.517 Y121.367 E.06006
G1 X139.665 Y120.923 E.06048
G1 X139.128 Y120.613 E.03903
G1 X138.317 Y120.097 E.06051
G1 X137.541 Y119.543 E.06002
G1 X136.795 Y118.95 E.05999
G1 X136.081 Y118.318 E.06003
G1 X135.395 Y117.644 E.06054
G1 X134.972 Y117.191 E.03902
G1 X134.348 Y116.46 E.0605
G1 X133.768 Y115.704 E.05998
G1 X133.223 Y114.912 E.06052
G1 X132.895 Y114.386 E.03902
G1 X132.421 Y113.549 E.06055
G1 X131.996 Y112.696 E.05999
G1 X131.616 Y111.822 E.05999
G1 X131.282 Y110.929 E.06002
G1 X130.995 Y110.019 E.06007
G1 X130.757 Y109.096 E.06
G1 X130.566 Y108.162 E.06001
G1 X130.425 Y107.216 E.06021
G1 X130.346 Y106.421 E.05029
G1 X130.301 Y105.639 E.04931
G1 X130.293 Y104.682 E.06025
G1 X130.334 Y103.727 E.06017
G1 X130.408 Y102.931 E.05033
G1 X130.513 Y102.155 E.0493
G1 X130.689 Y101.206 E.06076
G1 X130.829 Y100.602 E.03903
G1 X131.085 Y99.676 E.06048
G1 X131.388 Y98.772 E.06002
G1 X131.74 Y97.877 E.06054
G1 X131.992 Y97.311 E.039
G1 X132.421 Y96.451 E.0605
G1 X132.891 Y95.621 E.06005
G1 X133.403 Y94.817 E.06
G1 X133.957 Y94.041 E.06002
G1 X134.55 Y93.295 E.05999
G1 X135.182 Y92.581 E.06003
G1 X135.85 Y91.901 E.06001
G1 X136.555 Y91.255 E.06019
G1 X137.17 Y90.744 E.05034
G1 X137.794 Y90.27 E.04933
G1 X138.584 Y89.726 E.06038
G1 X139.265 Y89.306 E.05037
G1 X139.948 Y88.923 E.04929
G1 X140.804 Y88.496 E.06022
G1 X141.678 Y88.116 E.05999
G1 X142.574 Y87.781 E.06022
G1 X143.336 Y87.538 E.05035
G1 X144.091 Y87.331 E.04928
G1 X145.025 Y87.124 E.06022
G1 X145.966 Y86.967 E.06006
G1 X146.913 Y86.859 E.06
G1 X147.867 Y86.801 E.06017
G1 X148.466 Y86.793 E.03771
G1 X148.489 Y87.55 F12000
G1 F1981.299
G1 X148.66 Y87.548 E.01077
G1 X149.409 Y87.571 E.04717
G1 X150.324 Y87.643 E.05778
G1 X151.23 Y87.762 E.05752
G1 X152.14 Y87.931 E.05827
G1 X152.712 Y88.063 E.03695
G1 X153.603 Y88.31 E.05821
G1 X154.469 Y88.6 E.05749
G1 X155.319 Y88.935 E.05751
G1 X156.151 Y89.313 E.05753
G1 X156.961 Y89.735 E.0575
G1 X157.752 Y90.201 E.05779
G1 X158.392 Y90.621 E.04819
G1 X159 Y91.059 E.04717
G1 X159.719 Y91.63 E.0578
G1 X160.403 Y92.236 E.05753
G1 X161.058 Y92.879 E.05778
G1 X161.576 Y93.442 E.04816
G1 X162.061 Y94.013 E.04716
G1 X162.62 Y94.741 E.05778
G1 X163.144 Y95.504 E.05827
G1 X163.455 Y96.001 E.03691
G1 X163.91 Y96.806 E.05821
G1 X164.318 Y97.624 E.05754
G1 X164.569 Y98.203 E.03973
G1 X164.792 Y98.746 E.03695
G1 X165.045 Y99.464 E.04792
G1 X165.312 Y100.337 E.05747
G1 X165.533 Y101.224 E.05754
G1 X165.708 Y102.12 E.05747
G1 X165.835 Y103.025 E.05753
G1 X165.914 Y103.935 E.0575
G1 X165.95 Y105.305 E.08627
G1 X165.91 Y106.217 E.05747
G1 X165.822 Y107.138 E.05824
G1 X165.74 Y107.719 E.03694
G1 X165.569 Y108.64 E.05897
G1 X165.437 Y109.212 E.03695
G1 X165.19 Y110.103 E.05821
G1 X164.9 Y110.969 E.05749
G1 X164.561 Y111.83 E.05825
G1 X164.323 Y112.366 E.03692
G1 X163.91 Y113.194 E.05825
G1 X163.46 Y113.989 E.05751
G1 X162.969 Y114.76 E.05754
G1 X162.438 Y115.503 E.05749
G1 X161.87 Y116.218 E.05748
G1 X161.264 Y116.903 E.05757
G1 X160.616 Y117.563 E.05823
G1 X160.187 Y117.963 E.03692
G1 X159.483 Y118.563 E.05823
G1 X158.759 Y119.12 E.0575
G1 X157.996 Y119.644 E.05827
G1 X157.499 Y119.955 E.03691
G1 X156.694 Y120.41 E.05821
G1 X155.876 Y120.818 E.05754
G1 X155.028 Y121.186 E.05819
G1 X154.48 Y121.397 E.03697
G1 X153.603 Y121.69 E.05821
G1 X152.722 Y121.934 E.05755
G1 X151.83 Y122.132 E.05752
G1 X150.929 Y122.283 E.05751
G1 X150.021 Y122.386 E.05753
G1 X149.109 Y122.442 E.05752
G1 X148.191 Y122.45 E.05779
G1 X147.427 Y122.419 E.04813
G1 X146.68 Y122.358 E.04718
G1 X145.77 Y122.238 E.05778
G1 X144.871 Y122.072 E.05755
G1 X143.972 Y121.856 E.0582
G1 X143.408 Y121.694 E.03694
G1 X142.531 Y121.4 E.05823
G1 X141.681 Y121.065 E.05751
G1 X140.849 Y120.687 E.05753
G1 X140.029 Y120.259 E.05823
G1 X139.521 Y119.966 E.03692
G1 X138.74 Y119.469 E.05828
G1 X137.997 Y118.939 E.05745
G1 X137.281 Y118.37 E.05757
G1 X136.597 Y117.764 E.05753
G1 X135.937 Y117.116 E.05823
G1 X135.537 Y116.687 E.03692
G1 X134.937 Y115.983 E.05823
G1 X134.38 Y115.259 E.0575
M73 P52 R8
G1 X133.856 Y114.496 E.05827
G1 X133.545 Y113.999 E.03691
G1 X133.09 Y113.194 E.05821
G1 X132.682 Y112.376 E.05754
G1 X132.318 Y111.538 E.05751
G1 X131.998 Y110.682 E.05753
G1 X131.723 Y109.811 E.0575
G1 X131.494 Y108.926 E.05755
G1 X131.312 Y108.031 E.05749
G1 X131.177 Y107.123 E.05779
G1 X131.101 Y106.361 E.04821
G1 X131.058 Y105.614 E.0471
G1 X131.05 Y104.695 E.05785
G1 X131.09 Y103.778 E.05778
G1 X131.161 Y103.017 E.04811
G1 X131.261 Y102.274 E.04719
G1 X131.431 Y101.36 E.05852
G1 X131.563 Y100.788 E.03695
G1 X131.81 Y99.897 E.05821
G1 X132.1 Y99.031 E.05749
G1 X132.439 Y98.17 E.05825
G1 X132.677 Y97.634 E.03692
G1 X133.09 Y96.806 E.05825
G1 X133.54 Y96.011 E.05751
G1 X134.031 Y95.24 E.05754
G1 X134.562 Y94.497 E.05749
G1 X135.13 Y93.781 E.05753
G1 X135.736 Y93.097 E.05753
G1 X136.376 Y92.445 E.05751
G1 X137.053 Y91.825 E.05779
G1 X137.642 Y91.337 E.04815
G1 X138.238 Y90.883 E.04716
G1 X138.998 Y90.36 E.05808
G1 X139.649 Y89.958 E.04817
G1 X140.302 Y89.592 E.04712
G1 X141.124 Y89.182 E.05783
G1 X141.962 Y88.818 E.05751
G1 X142.822 Y88.497 E.05779
G1 X143.551 Y88.264 E.04818
G1 X144.273 Y88.067 E.04711
G1 X145.17 Y87.868 E.05784
G1 X146.071 Y87.717 E.05751
G1 X146.979 Y87.614 E.05753
G1 X147.895 Y87.557 E.05777
G1 X148.459 Y87.551 E.03551
G1 E-8 F1500
G1 Z2.92 F3000
G1 X138.31 Y91.463 F12000
G1 Z2.72 F3000
G1 E8 F1500
;TYPE:Internal infill
G1 E-10F1500
G1 F12000.0
T0
G1 E16F1500
G1 F12000.0
;WIDTH:0.675
G1 F2373.119
G1 X136.862 Y92.686 E.09962
G1 X137.649 Y92.793 E.04174
G1 X138.327 Y92.726 E.03581
G1 X139.005 Y92.503 E.03751
G1 X139.684 Y92.074 E.04221
G1 X141.04 Y90.811 E.09739
G1 X141.718 Y90.377 E.04231
G1 X142.396 Y90.15 E.03758
G1 X143.074 Y90.08 E.03582
G1 X143.753 Y90.146 E.03585
G1 X144.431 Y90.369 E.03751
G1 X145.109 Y90.799 E.0422
G1 X146.465 Y92.061 E.09736
G1 X147.144 Y92.495 E.04235
G1 X147.822 Y92.722 E.03758
G1 X148.5 Y92.793 E.03583
G1 X149.178 Y92.726 E.03581
G1 X149.856 Y92.503 E.03751
G1 X150.535 Y92.074 E.04221
G1 X151.891 Y90.811 E.09739
G1 X152.569 Y90.377 E.04231
G1 X153.247 Y90.15 E.03758
G1 X153.926 Y90.08 E.03588
G1 X154.604 Y90.146 E.0358
G1 X155.282 Y90.369 E.03751
G1 X155.96 Y90.799 E.0422
G1 X157.316 Y92.061 E.09736
G1 X157.995 Y92.495 E.04235
G1 X158.673 Y92.722 E.03758
G1 X159.351 Y92.793 E.03583
G1 X160.143 Y92.689 E.04198
G1 X161.667 Y94.33 E.1177
G1 X162.925 Y96.108 E.11447
G1 X161.386 Y97.487 E.10861
G1 X160.707 Y97.92 E.04233
G1 X160.029 Y98.148 E.03759
G1 X159.351 Y98.218 E.03582
G1 X158.673 Y98.152 E.0358
G1 X157.995 Y97.929 E.03751
G1 X157.316 Y97.499 E.04224
G1 X155.96 Y96.237 E.09736
G1 X155.282 Y95.803 E.04231
G1 X154.604 Y95.576 E.03758
G1 X153.926 Y95.505 E.03583
G1 X153.247 Y95.572 E.03586
G1 X152.569 Y95.795 E.03751
G1 X151.891 Y96.224 E.04217
G1 X150.535 Y97.487 E.09739
G1 X149.856 Y97.92 E.04233
G1 X149.178 Y98.148 E.03759
G1 X148.5 Y98.218 E.03582
G1 X147.822 Y98.152 E.0358
G1 X147.144 Y97.929 E.03751
G1 X146.465 Y97.499 E.04224
G1 X145.109 Y96.237 E.09736
G1 X144.431 Y95.803 E.04231
G1 X143.753 Y95.576 E.03758
G1 X143.074 Y95.505 E.03588
G1 X142.396 Y95.572 E.03581
G1 X141.718 Y95.795 E.03751
G1 X141.04 Y96.224 E.04217
G1 X139.684 Y97.487 E.09739
G1 X139.005 Y97.92 E.04233
G1 X138.327 Y98.148 E.03759
G1 X137.649 Y98.218 E.03582
G1 X136.971 Y98.152 E.0358
G1 X136.293 Y97.929 E.03751
G1 X135.614 Y97.499 E.04224
G1 X134.071 Y96.117 E.10887
G1 X133.168 Y97.783 E.0996
G1 E-8 F1500
G1 Z2.92 F3000
G1 X132.601 Y99.138 F12000
G1 Z2.72 F3000
G1 E8 F1500
G1 F2373.119
G1 X132.044 Y100.949 E.09958
G1 X132.902 Y100.997 E.04516
G1 X133.58 Y101.22 E.03751
G1 X134.258 Y101.65 E.0422
G1 X135.614 Y102.912 E.09736
G1 X136.293 Y103.346 E.04235
G1 X136.971 Y103.573 E.03758
G1 X137.649 Y103.644 E.03583
G1 X138.327 Y103.577 E.03581
G1 X139.005 Y103.354 E.03751
G1 X139.684 Y102.925 E.04221
G1 X141.04 Y101.662 E.09739
G1 X141.718 Y101.228 E.04231
G1 X142.396 Y101.001 E.03758
G1 X143.074 Y100.931 E.03582
G1 X143.753 Y100.997 E.03585
G1 X144.431 Y101.22 E.03751
G1 X145.109 Y101.65 E.0422
G1 X146.465 Y102.912 E.09736
G1 X147.144 Y103.346 E.04235
G1 X147.822 Y103.573 E.03758
G1 X148.5 Y103.644 E.03583
G1 X149.178 Y103.577 E.03581
G1 X149.856 Y103.354 E.03751
G1 X150.535 Y102.925 E.04221
G1 X151.891 Y101.662 E.09739
G1 X152.569 Y101.228 E.04231
G1 X153.247 Y101.001 E.03758
G1 X153.926 Y100.931 E.03588
G1 X154.604 Y100.997 E.0358
G1 X155.282 Y101.22 E.03751
G1 X155.96 Y101.65 E.0422
G1 X157.316 Y102.912 E.09736
G1 X157.995 Y103.346 E.04235
G1 X158.673 Y103.573 E.03758
G1 X159.351 Y103.644 E.03583
G1 X160.029 Y103.577 E.03581
G1 X160.707 Y103.354 E.03751
G1 X161.386 Y102.925 E.04221
G1 X162.742 Y101.662 E.09739
G1 X163.42 Y101.228 E.04231
G1 X164.098 Y101.001 E.03758
G1 X164.955 Y100.948 E.04513
G1 X165.302 Y102.811 E.0996
G1 E-8 F1500
G1 Z2.92 F3000
G1 X165.438 Y104.525 F12000
G1 Z2.72 F3000
G1 E8 F1500
G1 F2373.119
G1 X165.383 Y106.419 E.09959
G1 X164.777 Y106.356 E.03202
G1 X164.098 Y106.423 E.03586
G1 X163.42 Y106.646 E.03751
G1 X162.742 Y107.075 E.04217
G1 X161.386 Y108.338 E.09739
G1 X160.707 Y108.772 E.04235
G1 X160.029 Y108.999 E.03758
G1 X159.351 Y109.069 E.03582
G1 X158.673 Y109.003 E.0358
G1 X157.995 Y108.78 E.03751
G1 X157.316 Y108.35 E.04224
G1 X155.96 Y107.088 E.09736
G1 X155.282 Y106.654 E.04231
G1 X154.604 Y106.427 E.03758
G1 X153.926 Y106.356 E.03583
G1 X153.247 Y106.423 E.03586
G1 X152.569 Y106.646 E.03751
G1 X151.891 Y107.075 E.04217
G1 X150.535 Y108.338 E.09739
G1 X149.856 Y108.772 E.04235
G1 X149.178 Y108.999 E.03758
G1 X148.5 Y109.069 E.03582
G1 X147.822 Y109.003 E.0358
G1 X147.144 Y108.78 E.03751
G1 X146.465 Y108.35 E.04224
G1 X145.109 Y107.088 E.09736
G1 X144.431 Y106.654 E.04231
G1 X143.753 Y106.427 E.03758
G1 X143.074 Y106.356 E.03588
G1 X142.396 Y106.423 E.03581
G1 X141.718 Y106.646 E.03751
G1 X141.04 Y107.075 E.04217
G1 X139.684 Y108.338 E.09739
G1 X139.005 Y108.772 E.04235
G1 X138.327 Y108.999 E.03758
G1 X137.649 Y109.069 E.03582
G1 X136.971 Y109.003 E.0358
G1 X136.293 Y108.78 E.03751
G1 X135.614 Y108.35 E.04224
G1 X134.258 Y107.088 E.09736
G1 X133.58 Y106.654 E.04231
G1 X132.902 Y106.427 E.03758
G1 X132.223 Y106.356 E.03588
G1 X131.614 Y106.416 E.03216
G1 X131.881 Y108.292 E.09959
G1 E-8 F1500
G1 Z2.92 F3000
G1 X132.349 Y110.116 F12000
G1 Z2.72 F3000
G1 E8 F1500
G1 F2373.119
G1 X133.021 Y111.887 E.09956
G1 X133.58 Y112.071 E.03093
G1 X134.258 Y112.501 E.0422
G1 X135.614 Y113.763 E.09736
G1 X136.293 Y114.197 E.04235
G1 X136.971 Y114.424 E.03758
G1 X137.649 Y114.495 E.03583
G1 X138.327 Y114.428 E.03581
G1 X139.005 Y114.205 E.03751
G1 X139.684 Y113.776 E.04221
G1 X141.04 Y112.513 E.09739
G1 X141.718 Y112.08 E.04228
G1 X142.396 Y111.852 E.03759
G1 X143.074 Y111.782 E.03582
G1 X143.753 Y111.848 E.03585
G1 X144.431 Y112.071 E.03751
G1 X145.109 Y112.501 E.0422
G1 X146.465 Y113.763 E.09736
G1 X147.144 Y114.197 E.04235
G1 X147.822 Y114.424 E.03758
G1 X148.5 Y114.495 E.03583
G1 X149.178 Y114.428 E.03581
G1 X149.856 Y114.205 E.03751
G1 X150.535 Y113.776 E.04221
G1 X151.891 Y112.513 E.09739
G1 X152.569 Y112.08 E.04228
G1 X153.247 Y111.852 E.03759
G1 X153.926 Y111.782 E.03588
G1 X154.604 Y111.848 E.0358
G1 X155.282 Y112.071 E.03751
G1 X155.96 Y112.501 E.0422
G1 X157.316 Y113.763 E.09736
G1 X157.995 Y114.197 E.04235
G1 X158.673 Y114.424 E.03758
G1 X159.351 Y114.495 E.03583
G1 X160.029 Y114.428 E.03581
G1 X160.707 Y114.205 E.03751
G1 X161.386 Y113.776 E.04221
G1 X162.742 Y112.513 E.09739
G1 X163.42 Y112.08 E.04228
M73 P53 R8
G1 X163.981 Y111.892 E.0311
G1 X163.113 Y113.576 E.09957
G1 E-8 F1500
G1 Z2.92 F3000
G1 X159.076 Y118.239 F12000
G1 Z2.72 F3000
G1 E8 F1500
G1 F2373.119
G1 X157.532 Y119.338 E.09961
G1 X157.316 Y119.201 E.01344
G1 X155.96 Y117.939 E.09736
G1 X155.282 Y117.505 E.04231
G1 X154.604 Y117.278 E.03758
G1 X153.926 Y117.207 E.03583
G1 X153.247 Y117.274 E.03586
G1 X152.569 Y117.497 E.03751
G1 X151.891 Y117.926 E.04217
G1 X150.535 Y119.189 E.09739
G1 X149.856 Y119.623 E.04235
G1 X149.178 Y119.85 E.03758
G1 X148.5 Y119.92 E.03582
G1 X147.822 Y119.854 E.0358
G1 X147.144 Y119.631 E.03751
G1 X146.465 Y119.201 E.04224
G1 X145.109 Y117.939 E.09736
G1 X144.431 Y117.505 E.04231
G1 X143.753 Y117.278 E.03758
G1 X143.074 Y117.207 E.03588
G1 X142.396 Y117.274 E.03581
G1 X141.718 Y117.497 E.03751
G1 X141.04 Y117.926 E.04217
G1 X139.684 Y119.189 E.09739
G1 X139.463 Y119.33 E.01378
G1 X141.117 Y120.253 E.09955
;LAYER_CHANGE
;Z:2.92
;HEIGHT:0.2

G1 E-8 F1500
G1 Z2.92 F3000
;AFTER_LAYER_CHANGE
;2.92
G92 E0
_ON_LAYER_CHANGE LAYER=14
G1 Z3.12
G1 X148.508 Y85.341 F12000
G1 Z2.92 F3000
G1 E8 F1500
;TYPE:External perimeter
;WIDTH:0.674999
G1 F2373.121
G1 X148.694 Y85.339 E.00978
G1 X149.528 Y85.365 E.04385
G1 X150.555 Y85.445 E.05414
G1 X151.576 Y85.58 E.05413
G1 X152.589 Y85.768 E.05415
G1 X153.255 Y85.921 E.03592
G1 X154.249 Y86.197 E.05422
G1 X155.225 Y86.523 E.05408
G1 X156.183 Y86.901 E.05413
G1 X157.12 Y87.328 E.05412
G1 X157.901 Y87.732 E.04621
G1 X158.626 Y88.146 E.04388
G1 X159.495 Y88.699 E.05414
G1 X160.333 Y89.297 E.05411
G1 X161.139 Y89.938 E.05412
G1 X161.91 Y90.62 E.0541
G1 X162.644 Y91.341 E.05408
G1 X163.339 Y92.1 E.05409
G1 X163.995 Y92.896 E.05421
G1 X164.406 Y93.441 E.03588
G1 X164.991 Y94.292 E.05428
G1 X165.353 Y94.872 E.03593
G1 X165.861 Y95.769 E.05418
G1 X166.32 Y96.69 E.05408
G1 X166.731 Y97.636 E.05421
G1 X166.976 Y98.274 E.03592
G1 X167.303 Y99.251 E.05415
G1 X167.578 Y100.243 E.0541
G1 X167.801 Y101.248 E.05411
G1 X167.971 Y102.264 E.05414
G1 X168.088 Y103.286 E.05406
G1 X168.15 Y104.314 E.05413
G1 X168.159 Y105.343 E.05408
G1 X168.114 Y106.372 E.05413
G1 X168.033 Y107.248 E.04624
G1 X167.92 Y108.075 E.04387
G1 X167.732 Y109.089 E.0542
G1 X167.579 Y109.755 E.03592
G1 X167.303 Y110.749 E.05422
G1 X166.977 Y111.725 E.05408
G1 X166.599 Y112.684 E.05418
G1 X166.321 Y113.308 E.0359
G1 X165.861 Y114.231 E.0542
G1 X165.354 Y115.127 E.05411
G1 X164.801 Y115.995 E.05409
G1 X164.203 Y116.833 E.05411
G1 X163.562 Y117.639 E.05412
G1 X162.88 Y118.41 E.0541
G1 X162.158 Y119.145 E.05415
G1 X161.658 Y119.611 E.03592
G1 X160.874 Y120.281 E.0542
G1 X160.057 Y120.907 E.0541
G1 X159.209 Y121.49 E.05409
G1 X158.331 Y122.028 E.05412
G1 X157.559 Y122.45 E.04624
G1 X156.81 Y122.82 E.04391
G1 X155.864 Y123.231 E.05421
G1 X155.226 Y123.476 E.03592
G1 X154.249 Y123.803 E.05415
G1 X153.257 Y124.078 E.0541
G1 X152.252 Y124.301 E.05411
G1 X151.236 Y124.471 E.05414
G1 X150.214 Y124.588 E.05406
G1 X149.186 Y124.65 E.05413
G1 X148.157 Y124.659 E.05408
G1 X147.127 Y124.614 E.05419
G1 X146.446 Y124.555 E.03593
G1 X145.424 Y124.42 E.05418
G1 X144.412 Y124.233 E.05409
G1 X143.41 Y123.992 E.05416
G1 X142.753 Y123.804 E.03592
G1 X141.775 Y123.477 E.0542
G1 X140.817 Y123.099 E.05413
G1 X139.879 Y122.672 E.05417
G1 X139.27 Y122.362 E.03592
G1 X138.373 Y121.854 E.05418
G1 X137.505 Y121.301 E.05409
G1 X136.667 Y120.703 E.05411
G1 X135.861 Y120.062 E.05412
G1 X135.09 Y119.38 E.0541
G1 X134.355 Y118.658 E.05415
G1 X133.889 Y118.158 E.03592
G1 X133.219 Y117.374 E.0542
G1 X132.593 Y116.557 E.0541
G1 X132.009 Y115.708 E.05416
G1 X131.548 Y114.96 E.04618
G1 X131.139 Y114.232 E.04389
G1 X130.68 Y113.31 E.05413
G1 X130.269 Y112.364 E.05421
G1 X130.024 Y111.726 E.03592
G1 X129.697 Y110.749 E.05415
G1 X129.422 Y109.757 E.0541
G1 X129.199 Y108.752 E.05411
G1 X129.029 Y107.736 E.05414
G1 X128.912 Y106.714 E.05406
G1 X128.85 Y105.686 E.05413
G1 X128.841 Y104.656 E.05414
G1 X128.876 Y103.778 E.04618
G1 X128.945 Y102.945 E.04393
G1 X129.08 Y101.924 E.05413
G1 X129.268 Y100.911 E.05415
G1 X129.421 Y100.245 E.03592
G1 X129.697 Y99.251 E.05422
G1 X130.023 Y98.275 E.05408
G1 X130.401 Y97.317 E.05413
G1 X130.828 Y96.381 E.05407
G1 X131.303 Y95.468 E.05409
G1 X131.826 Y94.58 E.05416
G1 X132.309 Y93.845 E.04622
G1 X132.796 Y93.167 E.04387
G1 X133.438 Y92.361 E.05416
G1 X134.12 Y91.59 E.0541
G1 X134.841 Y90.856 E.05408
G1 X135.601 Y90.16 E.05416
G1 X136.278 Y89.599 E.04621
G1 X136.942 Y89.093 E.04388
G1 X137.792 Y88.509 E.0542
G1 X138.54 Y88.048 E.04618
G1 X139.268 Y87.639 E.04389
G1 X140.19 Y87.18 E.05413
G1 X141.135 Y86.769 E.05416
G1 X141.958 Y86.459 E.04622
G1 X142.751 Y86.197 E.04389
G1 X143.743 Y85.922 E.0541
G1 X144.748 Y85.699 E.05411
G1 X145.764 Y85.529 E.05414
G1 X146.786 Y85.412 E.05406
G1 X147.814 Y85.35 E.05413
G1 X148.478 Y85.342 E.0349
G1 X149.078 Y85.351 F12000
G1 X148.502 Y86.036
;TYPE:Perimeter
G1 E-10F1500
G1 F12000.0
T1
G1 E20F1500
;WIDTH:0.799999
G1 F1981.299
G1 X148.687 Y86.034 E.01165
G1 X149.491 Y86.058 E.05064
G1 X150.483 Y86.136 E.06264
G1 X151.467 Y86.266 E.06248
G1 X152.448 Y86.448 E.06281
G1 X153.084 Y86.595 E.04109
G1 X154.046 Y86.861 E.06283
G1 X154.987 Y87.176 E.06247
G1 X155.911 Y87.54 E.06252
G1 X156.816 Y87.953 E.06262
G1 X157.569 Y88.342 E.05335
G1 X158.267 Y88.74 E.05058
G1 X159.107 Y89.275 E.06269
G1 X159.915 Y89.852 E.0625
G1 X160.692 Y90.47 E.0625
G1 X161.436 Y91.128 E.06253
G1 X162.144 Y91.824 E.0625
G1 X162.815 Y92.556 E.06251
G1 X163.45 Y93.326 E.06283
G1 X163.843 Y93.847 E.04108
G1 X164.41 Y94.673 E.06307
G1 X164.756 Y95.227 E.04112
G1 X165.247 Y96.095 E.06278
G1 X165.69 Y96.984 E.06253
G1 X166.088 Y97.899 E.06281
G1 X166.481 Y98.984 E.07264
G1 X166.771 Y99.933 E.06247
G1 X167.012 Y100.896 E.06249
G1 X167.201 Y101.871 E.06252
G1 X167.339 Y102.854 E.06249
G1 X167.426 Y103.842 E.06244
G1 X167.465 Y105.331 E.09377
G1 X167.421 Y106.325 E.06263
G1 X167.343 Y107.169 E.05336
G1 X167.234 Y107.965 E.05058
G1 X167.052 Y108.948 E.06293
G1 X166.905 Y109.584 E.04109
G1 X166.639 Y110.546 E.06283
G1 X166.324 Y111.487 E.06247
G1 X165.958 Y112.415 E.0628
G1 X165.692 Y113.012 E.04114
G1 X165.247 Y113.905 E.06281
G1 X164.758 Y114.769 E.0625
G1 X164.225 Y115.607 E.06252
G1 X163.648 Y116.415 E.0625
G1 X163.03 Y117.192 E.0625
G1 X162.372 Y117.936 E.06253
G1 X161.673 Y118.647 E.06277
G1 X161.195 Y119.093 E.04115
G1 X160.437 Y119.741 E.06278
G1 X159.649 Y120.345 E.0625
G1 X158.83 Y120.908 E.06256
G1 X157.983 Y121.427 E.06253
G1 X157.239 Y121.834 E.05339
G1 X156.518 Y122.19 E.05062
G1 X155.601 Y122.588 E.06293
G1 X154.992 Y122.822 E.04107
G1 X154.046 Y123.139 E.06281
G1 X153.089 Y123.404 E.06251
G1 X152.119 Y123.619 E.06254
G1 X151.14 Y123.783 E.06249
G1 X150.153 Y123.895 E.06253
G1 X149.162 Y123.956 E.0625
G1 X148.169 Y123.965 E.06251
G1 X147.172 Y123.921 E.06282
G1 X146.522 Y123.864 E.04108
G1 X145.533 Y123.734 E.06279
G1 X144.556 Y123.553 E.06255
G1 X143.586 Y123.32 E.0628
G1 X142.959 Y123.14 E.04106
G1 X142.013 Y122.824 E.06279
G1 X141.089 Y122.46 E.06252
G1 X140.181 Y122.046 E.06282
G1 X139.599 Y121.75 E.0411
G1 X138.731 Y121.258 E.06281
G1 X137.893 Y120.725 E.06252
G1 X137.085 Y120.148 E.0625
G1 X136.308 Y119.53 E.0625
G1 X135.564 Y118.872 E.06253
G1 X134.853 Y118.173 E.06277
G1 X134.407 Y117.695 E.04115
G1 X133.759 Y116.937 E.06278
G1 X133.155 Y116.149 E.0625
G1 X132.592 Y115.329 E.06262
G1 X132.146 Y114.608 E.05337
G1 X131.754 Y113.907 E.05056
G1 X131.31 Y113.016 E.06267
G1 X130.912 Y112.101 E.06281
G1 X130.678 Y111.492 E.04107
G1 X130.361 Y110.546 E.06281
G1 X130.096 Y109.589 E.06251
G1 X129.881 Y108.619 E.06254
G1 X129.717 Y107.64 E.06249
G1 X129.605 Y106.653 E.06253
G1 X129.544 Y105.662 E.0625
G1 X129.535 Y104.667 E.06264
G1 X129.57 Y103.82 E.05337
G1 X129.636 Y103.019 E.05059
G1 X129.766 Y102.033 E.06261
G1 X129.948 Y101.052 E.06281
G1 X130.095 Y100.416 E.04109
G1 X130.361 Y99.454 E.06283
G1 X130.676 Y98.513 E.06247
G1 X131.04 Y97.589 E.06252
G1 X131.452 Y96.685 E.06254
G1 X131.911 Y95.804 E.06254
G1 X132.415 Y94.947 E.06259
G1 X132.881 Y94.239 E.05336
G1 X133.351 Y93.587 E.0506
G1 X133.97 Y92.808 E.06264
G1 X134.628 Y92.064 E.06253
G1 X135.324 Y91.356 E.0625
G1 X136.057 Y90.684 E.0626
G1 X136.71 Y90.143 E.05338
G1 X137.349 Y89.656 E.05058
G1 X138.171 Y89.092 E.06276
G1 X138.892 Y88.646 E.05337
G1 X139.593 Y88.254 E.05056
G1 X140.484 Y87.81 E.06267
G1 X141.396 Y87.413 E.06262
G1 X142.189 Y87.114 E.05335
G1 X142.952 Y86.862 E.05058
G1 X143.911 Y86.596 E.06265
G1 X144.881 Y86.381 E.06254
G1 X145.86 Y86.217 E.06249
G1 X146.847 Y86.105 E.06253
G1 X147.84 Y86.044 E.06263
G1 X148.472 Y86.036 E.03979
G1 X148.496 Y86.793 F12000
G1 F1981.299
G1 X148.68 Y86.791 E.01158
G1 X149.449 Y86.814 E.04843
G1 X150.403 Y86.89 E.06025
G1 X151.349 Y87.014 E.06006
G1 X152.294 Y87.189 E.0605
G1 X152.898 Y87.329 E.03903
G1 X153.824 Y87.585 E.06048
G1 X154.728 Y87.888 E.06002
G1 X155.615 Y88.237 E.06
G1 X156.485 Y88.634 E.0602
G1 X157.208 Y89.007 E.05121
G1 X157.876 Y89.389 E.04844
G1 X158.683 Y89.903 E.06023
G1 X159.459 Y90.457 E.06002
M73 P53 R7
G1 X160.205 Y91.05 E.05999
G1 X160.919 Y91.682 E.06003
G1 X161.599 Y92.35 E.06001
G1 X162.243 Y93.053 E.06002
G1 X162.855 Y93.795 E.06055
G1 X163.228 Y94.29 E.03902
G1 X163.777 Y95.088 E.06098
G1 X164.105 Y95.614 E.03902
G1 X164.579 Y96.451 E.06055
M73 P54 R7
G1 X165.004 Y97.304 E.05999
G1 X165.264 Y97.901 E.04099
G1 X165.498 Y98.475 E.03902
G1 X165.763 Y99.224 E.05001
G1 X166.042 Y100.135 E.05998
G1 X166.272 Y101.06 E.06
G1 X166.454 Y101.995 E.05996
G1 X166.587 Y102.939 E.06001
G1 X166.67 Y103.889 E.06003
G1 X166.707 Y105.318 E.08999
G1 X166.666 Y106.273 E.06017
G1 X166.59 Y107.083 E.05121
G1 X166.487 Y107.845 E.04841
G1 X166.311 Y108.794 E.06076
G1 X166.171 Y109.398 E.03903
G1 X165.915 Y110.324 E.06048
G1 X165.612 Y111.228 E.06002
G1 X165.26 Y112.123 E.06054
G1 X165.008 Y112.689 E.039
G1 X164.579 Y113.549 E.0605
G1 X164.109 Y114.379 E.06005
G1 X163.597 Y115.183 E.06
G1 X163.043 Y115.959 E.06002
G1 X162.45 Y116.705 E.05999
G1 X161.818 Y117.419 E.06003
G1 X161.144 Y118.105 E.06054
G1 X160.691 Y118.528 E.03902
G1 X159.96 Y119.152 E.0605
G1 X159.204 Y119.732 E.05998
G1 X158.418 Y120.272 E.06003
G1 X157.603 Y120.772 E.06019
G1 X156.889 Y121.162 E.05122
G1 X156.199 Y121.503 E.04845
G1 X155.315 Y121.887 E.06067
G1 X154.736 Y122.11 E.03906
G1 X153.824 Y122.415 E.06054
G1 X152.905 Y122.669 E.06002
G1 X151.975 Y122.876 E.05998
G1 X151.034 Y123.033 E.06006
G1 X150.087 Y123.141 E.06
G1 X149.136 Y123.199 E.05998
G1 X148.182 Y123.207 E.06006
G1 X147.222 Y123.166 E.06049
G1 X146.604 Y123.111 E.03906
G1 X145.651 Y122.986 E.06051
G1 X144.714 Y122.812 E.05999
G1 X143.779 Y122.588 E.06053
G1 X143.183 Y122.417 E.03903
G1 X142.272 Y122.112 E.06048
G1 X141.385 Y121.763 E.06
G1 X140.51 Y121.364 E.06054
G1 X139.958 Y121.083 E.03899
G1 X139.121 Y120.609 E.06055
G1 X138.317 Y120.097 E.06
G1 X137.541 Y119.543 E.06002
G1 X136.795 Y118.95 E.05999
G1 X136.081 Y118.318 E.06003
G1 X135.395 Y117.644 E.06054
G1 X134.972 Y117.191 E.03902
G1 X134.348 Y116.46 E.0605
G1 X133.768 Y115.704 E.05998
G1 X133.226 Y114.916 E.06021
G1 X132.799 Y114.224 E.05119
G1 X132.423 Y113.552 E.04848
G1 X131.996 Y112.696 E.06022
G1 X131.613 Y111.815 E.06047
G1 X131.39 Y111.236 E.03906
G1 X131.085 Y110.324 E.06054
G1 X130.831 Y109.405 E.06002
G1 X130.624 Y108.475 E.05998
G1 X130.467 Y107.534 E.06006
G1 X130.359 Y106.587 E.06
G1 X130.301 Y105.636 E.05998
G1 X130.293 Y104.68 E.06018
G1 X130.326 Y103.867 E.05122
G1 X130.389 Y103.1 E.04845
G1 X130.514 Y102.151 E.06026
G1 X130.689 Y101.206 E.0605
G1 X130.829 Y100.602 E.03903
G1 X131.085 Y99.676 E.06048
G1 X131.388 Y98.772 E.06002
G1 X131.737 Y97.885 E.06
G1 X132.133 Y97.017 E.06006
G1 X132.573 Y96.172 E.05997
G1 X133.058 Y95.348 E.06019
G1 X133.505 Y94.668 E.05123
G1 X133.954 Y94.044 E.04839
G1 X134.55 Y93.295 E.06026
G1 X135.182 Y92.581 E.06003
G1 X135.85 Y91.901 E.06001
G1 X136.555 Y91.255 E.06019
G1 X137.181 Y90.736 E.05119
G1 X137.793 Y90.27 E.04842
G1 X138.584 Y89.726 E.06043
G1 X139.276 Y89.299 E.05119
G1 X139.948 Y88.923 E.04848
G1 X140.804 Y88.496 E.06022
G1 X141.681 Y88.115 E.06019
G1 X142.442 Y87.828 E.0512
G1 X143.172 Y87.586 E.04841
G1 X144.095 Y87.331 E.06028
G1 X145.025 Y87.124 E.05998
G1 X145.966 Y86.967 E.06006
G1 X146.913 Y86.859 E.06
G1 X147.867 Y86.801 E.06017
G1 X148.466 Y86.794 E.03771
G1 X148.489 Y87.551 F12000
G1 F1981.299
G1 X148.673 Y87.548 E.01158
G1 X149.408 Y87.571 E.04629
G1 X150.324 Y87.643 E.05784
G1 X151.23 Y87.762 E.05752
G1 X152.14 Y87.931 E.05827
G1 X152.712 Y88.063 E.03695
G1 X153.603 Y88.31 E.05821
G1 X154.469 Y88.6 E.05749
G1 X155.319 Y88.935 E.05751
G1 X156.154 Y89.315 E.05775
G1 X156.846 Y89.672 E.04902
G1 X157.485 Y90.037 E.04633
G1 X158.26 Y90.531 E.05786
G1 X159.003 Y91.062 E.05749
G1 X159.719 Y91.63 E.05753
G1 X160.403 Y92.236 E.05753
G1 X161.055 Y92.876 E.05751
G1 X161.672 Y93.55 E.05752
G1 X162.26 Y94.264 E.05823
G1 X162.613 Y94.732 E.0369
G1 X163.144 Y95.504 E.05898
G1 X163.455 Y96.001 E.03691
G1 X163.91 Y96.806 E.05821
G1 X164.318 Y97.624 E.05754
G1 X164.569 Y98.203 E.03973
G1 X164.792 Y98.746 E.03695
G1 X165.045 Y99.464 E.04792
G1 X165.312 Y100.337 E.05747
G1 X165.533 Y101.224 E.05754
G1 X165.708 Y102.12 E.05747
G1 X165.835 Y103.025 E.05753
G1 X165.914 Y103.935 E.0575
G1 X165.95 Y105.305 E.08627
G1 X165.91 Y106.221 E.05772
G1 X165.838 Y106.997 E.04906
G1 X165.739 Y107.725 E.04625
G1 X165.569 Y108.64 E.05859
G1 X165.437 Y109.212 E.03695
G1 X165.19 Y110.103 E.05821
G1 X164.9 Y110.969 E.05749
G1 X164.561 Y111.83 E.05825
G1 X164.323 Y112.366 E.03692
G1 X163.91 Y113.194 E.05825
G1 X163.46 Y113.989 E.05751
G1 X162.969 Y114.76 E.05754
G1 X162.439 Y115.503 E.05745
G1 X161.87 Y116.218 E.05752
G1 X161.264 Y116.903 E.05757
G1 X160.616 Y117.563 E.05823
G1 X160.187 Y117.963 E.03692
G1 X159.483 Y118.563 E.05823
G1 X158.759 Y119.12 E.0575
G1 X158.006 Y119.637 E.0575
G1 X157.223 Y120.117 E.05782
G1 X156.54 Y120.49 E.04899
G1 X155.881 Y120.816 E.04628
G1 X155.028 Y121.186 E.05853
G1 X154.48 Y121.397 E.03697
G1 X153.603 Y121.69 E.05821
G1 X152.722 Y121.934 E.05755
G1 X151.83 Y122.132 E.05752
G1 X150.929 Y122.283 E.05751
G1 X150.021 Y122.386 E.05753
G1 X149.109 Y122.442 E.05752
G1 X148.195 Y122.45 E.05754
G1 X147.271 Y122.41 E.05822
G1 X146.687 Y122.359 E.0369
G1 X145.77 Y122.238 E.05823
G1 X144.871 Y122.072 E.05755
G1 X143.972 Y121.856 E.0582
G1 X143.408 Y121.694 E.03694
G1 X142.531 Y121.4 E.05823
G1 X141.681 Y121.065 E.05751
G1 X140.839 Y120.682 E.05823
G1 X140.316 Y120.415 E.03697
G1 X139.511 Y119.96 E.05821
G1 X138.74 Y119.469 E.05754
G1 X137.997 Y118.939 E.05745
G1 X137.281 Y118.37 E.05757
G1 X136.597 Y117.764 E.05753
G1 X135.937 Y117.116 E.05823
G1 X135.537 Y116.687 E.03692
G1 X134.937 Y115.983 E.05823
G1 X134.38 Y115.259 E.0575
G1 X133.861 Y114.502 E.05778
G1 X133.452 Y113.84 E.04899
G1 X133.092 Y113.198 E.04634
G1 X132.682 Y112.376 E.05783
G1 X132.314 Y111.528 E.05819
G1 X132.103 Y110.98 E.03697
G1 X131.81 Y110.103 E.05821
G1 X131.566 Y109.222 E.05755
G1 X131.368 Y108.33 E.05752
G1 X131.217 Y107.429 E.05751
G1 X131.114 Y106.521 E.05753
G1 X131.058 Y105.609 E.05752
G1 X131.05 Y104.692 E.05773
G1 X131.081 Y103.914 E.04902
G1 X131.142 Y103.181 E.0463
G1 X131.262 Y102.27 E.05784
G1 X131.431 Y101.36 E.05827
G1 X131.563 Y100.788 E.03695
G1 X131.81 Y99.897 E.05821
G1 X132.1 Y99.031 E.05749
G1 X132.435 Y98.181 E.05751
G1 X132.813 Y97.349 E.05753
G1 X133.235 Y96.539 E.0575
G1 X133.701 Y95.748 E.05779
G1 X134.129 Y95.098 E.04899
G1 X134.558 Y94.501 E.04628
G1 X135.13 Y93.781 E.05789
G1 X135.736 Y93.097 E.05753
G1 X136.376 Y92.445 E.05751
G1 X137.053 Y91.826 E.05775
G1 X137.652 Y91.329 E.049
G1 X138.237 Y90.883 E.04631
G1 X138.998 Y90.361 E.05809
G1 X139.66 Y89.952 E.04899
G1 X140.302 Y89.592 E.04634
G1 X141.124 Y89.182 E.05783
G1 X141.966 Y88.816 E.0578
G1 X142.694 Y88.542 E.04897
G1 X143.392 Y88.311 E.04628
G1 X144.278 Y88.066 E.05787
G1 X145.17 Y87.868 E.05752
G1 X146.071 Y87.717 E.05751
G1 X146.979 Y87.614 E.05753
G1 X147.895 Y87.558 E.05777
G1 X148.459 Y87.551 E.03551
G1 E-8 F1500
G1 Z3.12 F3000
G1 X138.358 Y91.426 F12000
G1 Z2.92 F3000
G1 E8 F1500
;TYPE:Internal infill
G1 E-10F1500
G1 F12000.0
T0
G1 E16F1500
G1 F12000.0
;WIDTH:0.675
G1 F2373.119
G1 X136.906 Y92.645 E.09964
G1 X137.649 Y92.799 E.03988
G1 X138.327 Y92.789 E.03564
G1 X139.005 Y92.625 E.03666
G1 X139.684 Y92.251 E.04074
G1 X141.04 Y90.981 E.09764
G1 X141.718 Y90.487 E.04409
G1 X142.396 Y90.2 E.0387
G1 X143.074 Y90.074 E.03624
G1 X143.753 Y90.084 E.03569
G1 X144.431 Y90.247 E.03665
G1 X145.109 Y90.621 E.0407
G1 X146.465 Y91.892 E.09768
G1 X147.144 Y92.385 E.0441
G1 X147.822 Y92.672 E.0387
G1 X148.5 Y92.799 E.03625
G1 X149.178 Y92.789 E.03564
G1 X149.856 Y92.625 E.03666
G1 X150.535 Y92.251 E.04074
G1 X151.891 Y90.981 E.09764
G1 X152.569 Y90.487 E.04409
G1 X153.247 Y90.2 E.0387
G1 X153.926 Y90.074 E.0363
G1 X154.604 Y90.084 E.03564
G1 X155.282 Y90.247 E.03665
G1 X155.96 Y90.621 E.0407
G1 X157.316 Y91.892 E.09768
G1 X157.995 Y92.385 E.0441
G1 X158.673 Y92.672 E.0387
G1 X159.351 Y92.799 E.03625
G1 X160.202 Y92.747 E.04481
G1 X161.29 Y93.881 E.0826
G1 X161.863 Y94.576 E.04734
G1 X162.85 Y95.987 E.0905
G1 X161.386 Y97.317 E.10396
G1 X160.707 Y97.811 E.04413
G1 X160.029 Y98.098 E.0387
G1 X159.351 Y98.224 E.03624
G1 X158.673 Y98.214 E.03564
G1 X157.995 Y98.051 E.03665
G1 X157.316 Y97.677 E.04074
G1 X155.96 Y96.406 E.09768
G1 X155.282 Y95.913 E.04406
G1 X154.604 Y95.626 E.0387
G1 X153.926 Y95.499 E.03625
G1 X153.247 Y95.509 E.03569
G1 X152.569 Y95.673 E.03666
G1 X151.891 Y96.047 E.0407
G1 X150.535 Y97.317 E.09764
G1 X149.856 Y97.811 E.04413
G1 X149.178 Y98.098 E.0387
G1 X148.5 Y98.224 E.03624
G1 X147.822 Y98.214 E.03564
G1 X147.144 Y98.051 E.03665
G1 X146.465 Y97.677 E.04074
G1 X145.109 Y96.406 E.09768
G1 X144.431 Y95.913 E.04406
G1 X143.753 Y95.626 E.0387
G1 X143.074 Y95.499 E.03631
G1 X142.396 Y95.509 E.03564
G1 X141.718 Y95.673 E.03666
G1 X141.04 Y96.047 E.0407
G1 X139.684 Y97.317 E.09764
G1 X139.005 Y97.811 E.04413
G1 X138.327 Y98.098 E.0387
G1 X137.649 Y98.224 E.03624
G1 X136.971 Y98.214 E.03564
G1 X136.293 Y98.051 E.03665
G1 X135.614 Y97.677 E.04074
G1 X134.007 Y96.224 E.11387
G1 X133.119 Y97.898 E.09959
G1 E-8 F1500
G1 Z3.12 F3000
G1 X132.597 Y99.146 F12000
G1 Z2.92 F3000
G1 E8 F1500
G1 F2373.119
G1 X132.042 Y100.959 E.09965
G1 X132.902 Y100.935 E.04522
G1 X133.58 Y101.098 E.03665
G1 X134.258 Y101.472 E.0407
G1 X135.614 Y102.743 E.09768
G1 X136.293 Y103.236 E.0441
M73 P55 R7
G1 X136.971 Y103.523 E.0387
G1 X137.649 Y103.65 E.03625
G1 X138.327 Y103.64 E.03564
G1 X139.005 Y103.476 E.03666
G1 X139.684 Y103.102 E.04074
G1 X141.04 Y101.832 E.09764
G1 X141.718 Y101.338 E.04409
G1 X142.396 Y101.051 E.0387
G1 X143.074 Y100.925 E.03624
G1 X143.753 Y100.935 E.03569
G1 X144.431 Y101.098 E.03665
G1 X145.109 Y101.472 E.0407
G1 X146.465 Y102.743 E.09768
G1 X147.144 Y103.236 E.0441
G1 X147.822 Y103.523 E.0387
G1 X148.5 Y103.65 E.03625
G1 X149.178 Y103.64 E.03564
G1 X149.856 Y103.476 E.03666
G1 X150.535 Y103.102 E.04074
G1 X151.891 Y101.832 E.09764
G1 X152.569 Y101.338 E.04409
G1 X153.247 Y101.051 E.0387
G1 X153.926 Y100.925 E.0363
G1 X154.604 Y100.935 E.03564
G1 X155.282 Y101.098 E.03665
G1 X155.96 Y101.472 E.0407
G1 X157.316 Y102.743 E.09768
G1 X157.995 Y103.236 E.0441
G1 X158.673 Y103.523 E.0387
G1 X159.351 Y103.65 E.03625
G1 X160.029 Y103.64 E.03564
G1 X160.707 Y103.476 E.03666
G1 X161.386 Y103.102 E.04074
G1 X162.742 Y101.832 E.09764
G1 X163.42 Y101.338 E.04409
G1 X164.098 Y101.051 E.0387
G1 X164.777 Y100.925 E.0363
G1 X164.95 Y100.927 E.00909
G1 X165.299 Y102.79 E.09962
G1 E-8 F1500
G1 Z3.12 F3000
G1 X165.438 Y104.569 F12000
G1 Z2.92 F3000
G1 E8 F1500
G1 F2373.119
G1 X165.38 Y106.463 E.09959
G1 X164.777 Y106.35 E.03224
G1 X164.098 Y106.36 E.03569
G1 X163.42 Y106.524 E.03666
G1 X162.742 Y106.898 E.0407
G1 X161.386 Y108.168 E.09764
G1 X160.707 Y108.662 E.04413
G1 X160.029 Y108.949 E.0387
G1 X159.351 Y109.075 E.03624
G1 X158.673 Y109.065 E.03564
G1 X157.995 Y108.902 E.03665
G1 X157.316 Y108.528 E.04074
G1 X155.96 Y107.257 E.09768
G1 X155.282 Y106.764 E.04406
G1 X154.604 Y106.477 E.0387
G1 X153.926 Y106.35 E.03625
G1 X153.247 Y106.36 E.03569
G1 X152.569 Y106.524 E.03666
G1 X151.891 Y106.898 E.0407
G1 X150.535 Y108.168 E.09764
G1 X149.856 Y108.662 E.04413
G1 X149.178 Y108.949 E.0387
G1 X148.5 Y109.075 E.03624
G1 X147.822 Y109.065 E.03564
G1 X147.144 Y108.902 E.03665
G1 X146.465 Y108.528 E.04074
G1 X145.109 Y107.257 E.09768
G1 X144.431 Y106.764 E.04406
G1 X143.753 Y106.477 E.0387
G1 X143.074 Y106.35 E.03631
G1 X142.396 Y106.36 E.03564
G1 X141.718 Y106.524 E.03666
G1 X141.04 Y106.898 E.0407
G1 X139.684 Y108.168 E.09764
G1 X139.005 Y108.662 E.04413
G1 X138.327 Y108.949 E.0387
G1 X137.649 Y109.075 E.03624
G1 X136.971 Y109.065 E.03564
G1 X136.293 Y108.902 E.03665
G1 X135.614 Y108.528 E.04074
G1 X134.258 Y107.257 E.09768
G1 X133.58 Y106.764 E.04406
G1 X132.902 Y106.477 E.0387
G1 X132.223 Y106.35 E.03631
G1 X131.61 Y106.359 E.03222
G1 X131.865 Y108.237 E.09961
G1 E-8 F1500
G1 Z3.12 F3000
G1 X132.319 Y110.032 F12000
G1 Z2.92 F3000
G1 E8 F1500
G1 F2373.119
G1 X132.985 Y111.806 E.09959
G1 X133.58 Y111.949 E.03216
G1 X134.258 Y112.323 E.0407
G1 X135.614 Y113.594 E.09768
G1 X136.293 Y114.087 E.0441
G1 X136.971 Y114.374 E.0387
G1 X137.649 Y114.501 E.03625
G1 X138.327 Y114.491 E.03564
G1 X139.005 Y114.327 E.03666
G1 X139.684 Y113.953 E.04074
G1 X141.04 Y112.683 E.09764
G1 X141.718 Y112.189 E.04409
G1 X142.396 Y111.902 E.0387
G1 X143.074 Y111.776 E.03624
G1 X143.753 Y111.786 E.03569
G1 X144.431 Y111.949 E.03665
G1 X145.109 Y112.323 E.0407
G1 X146.465 Y113.594 E.09768
G1 X147.144 Y114.087 E.0441
G1 X147.822 Y114.374 E.0387
G1 X148.5 Y114.501 E.03625
G1 X149.178 Y114.491 E.03564
G1 X149.856 Y114.327 E.03666
G1 X150.535 Y113.953 E.04074
G1 X151.891 Y112.683 E.09764
G1 X152.569 Y112.189 E.04409
G1 X153.247 Y111.902 E.0387
G1 X153.926 Y111.776 E.0363
G1 X154.604 Y111.786 E.03564
G1 X155.282 Y111.949 E.03665
G1 X155.96 Y112.323 E.0407
G1 X157.316 Y113.594 E.09768
G1 X157.995 Y114.087 E.0441
G1 X158.673 Y114.374 E.0387
G1 X159.351 Y114.501 E.03625
G1 X160.029 Y114.491 E.03564
G1 X160.707 Y114.327 E.03666
G1 X161.386 Y113.953 E.04074
G1 X162.742 Y112.683 E.09764
G1 X163.42 Y112.189 E.04409
G1 X163.948 Y111.966 E.03012
G1 X163.073 Y113.647 E.0996
G1 E-8 F1500
G1 Z3.12 F3000
G1 X158.947 Y118.338 F12000
G1 Z2.92 F3000
G1 E8 F1500
G1 F2373.119
G1 X157.392 Y119.421 E.0996
G1 X155.96 Y118.108 E.10211
G1 X155.282 Y117.615 E.04406
G1 X154.604 Y117.328 E.0387
G1 X153.926 Y117.201 E.03625
G1 X153.247 Y117.211 E.03569
G1 X152.569 Y117.375 E.03666
G1 X151.891 Y117.749 E.0407
G1 X150.535 Y119.019 E.09764
G1 X149.856 Y119.513 E.04413
G1 X149.178 Y119.8 E.0387
G1 X148.5 Y119.926 E.03624
G1 X147.822 Y119.916 E.03564
G1 X147.144 Y119.753 E.03665
G1 X146.465 Y119.379 E.04074
G1 X145.109 Y118.108 E.09768
G1 X144.431 Y117.615 E.04406
G1 X143.753 Y117.328 E.0387
G1 X143.074 Y117.201 E.03631
G1 X142.396 Y117.211 E.03564
G1 X141.718 Y117.375 E.03666
G1 X141.04 Y117.749 E.0407
G1 X139.684 Y119.019 E.09764
G1 X139.353 Y119.26 E.02152
G1 X141 Y120.197 E.09959
;LAYER_CHANGE
;Z:3.12
;HEIGHT:0.2

G1 E-8 F1500
G1 Z3.12 F3000
;AFTER_LAYER_CHANGE
;3.12
G92 E0
_ON_LAYER_CHANGE LAYER=15
G1 Z3.32
G1 X148.508 Y85.342 F12000
G1 Z3.12 F3000
G1 E8 F1500
;TYPE:External perimeter
;WIDTH:0.674999
G1 F2373.121
G1 X148.708 Y85.339 E.01051
G1 X149.528 Y85.365 E.04312
G1 X150.555 Y85.445 E.05414
G1 X151.576 Y85.58 E.05413
G1 X152.589 Y85.768 E.05415
G1 X153.255 Y85.921 E.03592
G1 X154.249 Y86.197 E.05422
G1 X155.225 Y86.523 E.05408
G1 X156.183 Y86.901 E.05413
G1 X157.119 Y87.328 E.05407
G1 X158.033 Y87.803 E.05414
G1 X158.804 Y88.254 E.04695
G1 X159.494 Y88.699 E.04315
G1 X160.333 Y89.297 E.05415
G1 X161.139 Y89.938 E.05412
G1 X161.91 Y90.62 E.0541
G1 X162.645 Y91.342 E.05415
G1 X163.111 Y91.842 E.03592
G1 X163.781 Y92.626 E.0542
G1 X164.407 Y93.443 E.0541
G1 X164.991 Y94.292 E.05416
G1 X165.353 Y94.872 E.03593
G1 X165.861 Y95.769 E.05418
G1 X166.32 Y96.69 E.05408
G1 X166.731 Y97.636 E.05421
G1 X166.976 Y98.274 E.03592
G1 X167.303 Y99.251 E.05415
G1 X167.578 Y100.243 E.0541
G1 X167.801 Y101.248 E.05411
G1 X167.971 Y102.264 E.05414
G1 X168.088 Y103.286 E.05406
G1 X168.15 Y104.314 E.05413
G1 X168.159 Y105.343 E.05408
G1 X168.114 Y106.372 E.05413
G1 X168.016 Y107.398 E.05417
G1 X167.921 Y108.074 E.03588
G1 X167.732 Y109.089 E.05426
G1 X167.579 Y109.755 E.03592
G1 X167.303 Y110.749 E.05422
G1 X166.977 Y111.725 E.05408
G1 X166.599 Y112.684 E.05418
G1 X166.321 Y113.308 E.0359
G1 X165.861 Y114.231 E.0542
G1 X165.354 Y115.127 E.05411
G1 X164.801 Y115.995 E.05409
G1 X164.203 Y116.833 E.05411
G1 X163.562 Y117.639 E.05412
G1 X162.88 Y118.41 E.0541
G1 X162.158 Y119.145 E.05415
G1 X161.658 Y119.611 E.03592
G1 X160.874 Y120.281 E.0542
G1 X160.057 Y120.907 E.0541
G1 X159.209 Y121.49 E.05409
G1 X158.331 Y122.028 E.05412
G1 X157.425 Y122.52 E.05419
G1 X156.811 Y122.82 E.03592
G1 X155.864 Y123.231 E.05426
G1 X155.226 Y123.476 E.03592
G1 X154.249 Y123.803 E.05415
G1 X153.257 Y124.078 E.0541
G1 X152.252 Y124.301 E.05411
G1 X151.236 Y124.471 E.05414
G1 X150.214 Y124.588 E.05406
G1 X149.186 Y124.65 E.05413
G1 X148.157 Y124.659 E.05408
G1 X147.127 Y124.614 E.05419
G1 X146.446 Y124.555 E.03593
G1 X145.424 Y124.42 E.05418
G1 X144.412 Y124.233 E.05409
G1 X143.41 Y123.992 E.05416
G1 X142.753 Y123.804 E.03592
G1 X141.775 Y123.477 E.0542
G1 X140.817 Y123.099 E.05413
G1 X139.881 Y122.672 E.05407
G1 X138.966 Y122.196 E.05421
G1 X138.374 Y121.855 E.03591
G1 X137.505 Y121.301 E.05416
G1 X136.667 Y120.703 E.05411
G1 X135.861 Y120.062 E.05412
G1 X135.09 Y119.38 E.0541
G1 X134.355 Y118.658 E.05415
G1 X133.889 Y118.158 E.03592
G1 X133.219 Y117.374 E.0542
G1 X132.593 Y116.557 E.0541
G1 X132.009 Y115.708 E.05416
G1 X131.647 Y115.128 E.03593
G1 X131.139 Y114.231 E.05418
G1 X130.68 Y113.31 E.05408
G1 X130.269 Y112.366 E.05411
G1 X129.909 Y111.401 E.05413
G1 X129.599 Y110.42 E.05407
M73 P56 R7
G1 X129.342 Y109.423 E.05411
G1 X129.136 Y108.414 E.05412
G1 X128.984 Y107.396 E.0541
G1 X128.896 Y106.507 E.04695
G1 X128.85 Y105.687 E.04316
G1 X128.841 Y104.657 E.05414
G1 X128.886 Y103.628 E.05413
G1 X128.969 Y102.738 E.04698
G1 X129.08 Y101.925 E.04313
G1 X129.267 Y100.912 E.05414
G1 X129.508 Y99.911 E.05411
G1 X129.8 Y98.924 E.0541
G1 X130.144 Y97.953 E.05414
G1 X130.483 Y97.127 E.04693
G1 X130.827 Y96.381 E.04318
G1 X131.303 Y95.468 E.05412
G1 X131.825 Y94.581 E.05409
G1 X132.394 Y93.722 E.05415
G1 X133.006 Y92.894 E.05411
G1 X133.573 Y92.203 E.04698
G1 X134.119 Y91.591 E.04311
G1 X134.842 Y90.856 E.05419
G1 X135.499 Y90.25 E.04698
G1 X136.126 Y89.72 E.04315
G1 X136.943 Y89.093 E.05413
G1 X137.791 Y88.509 E.05412
G1 X138.552 Y88.041 E.04695
G1 X139.268 Y87.639 E.04316
G1 X140.19 Y87.18 E.05413
G1 X141.134 Y86.769 E.05411
G1 X142.099 Y86.409 E.05413
G1 X142.95 Y86.138 E.04694
G1 X143.742 Y85.922 E.04315
G1 X144.748 Y85.699 E.05416
G1 X145.764 Y85.529 E.05414
G1 X146.786 Y85.412 E.05406
G1 X147.814 Y85.35 E.05413
G1 X148.478 Y85.342 E.0349
G1 X149.078 Y85.351 F12000
G1 X148.502 Y86.036
;TYPE:Perimeter
G1 E-10F1500
G1 F12000.0
T1
G1 E20F1500
;WIDTH:0.799999
G1 F1981.299
G1 X148.701 Y86.034 E.01253
G1 X149.49 Y86.058 E.04969
G1 X150.483 Y86.136 E.0627
G1 X151.467 Y86.266 E.06248
G1 X152.448 Y86.448 E.06281
G1 X153.084 Y86.595 E.04109
G1 X154.046 Y86.861 E.06283
G1 X154.987 Y87.176 E.06247
G1 X155.911 Y87.54 E.06252
G1 X156.815 Y87.952 E.06254
G1 X157.697 Y88.411 E.06259
G1 X158.44 Y88.847 E.05423
G1 X159.105 Y89.274 E.04975
G1 X159.915 Y89.852 E.06264
G1 X160.692 Y90.47 E.0625
G1 X161.436 Y91.128 E.06253
G1 X162.147 Y91.827 E.06277
G1 X162.593 Y92.305 E.04115
G1 X163.241 Y93.063 E.06278
G1 X163.845 Y93.851 E.0625
G1 X164.41 Y94.673 E.06279
G1 X164.756 Y95.227 E.04112
G1 X165.247 Y96.095 E.06278
G1 X165.69 Y96.984 E.06253
G1 X166.088 Y97.899 E.06281
G1 X166.481 Y98.984 E.07264
G1 X166.771 Y99.933 E.06247
G1 X167.012 Y100.896 E.06249
G1 X167.201 Y101.871 E.06252
G1 X167.339 Y102.854 E.06249
G1 X167.426 Y103.842 E.06244
G1 X167.465 Y105.331 E.09377
G1 X167.421 Y106.323 E.06251
G1 X167.326 Y107.316 E.0628
G1 X167.235 Y107.963 E.04113
G1 X167.052 Y108.948 E.06307
G1 X166.905 Y109.584 E.04109
G1 X166.639 Y110.546 E.06283
G1 X166.324 Y111.487 E.06247
G1 X165.958 Y112.415 E.0628
G1 X165.692 Y113.012 E.04114
G1 X165.247 Y113.905 E.06281
G1 X164.758 Y114.769 E.0625
G1 X164.225 Y115.607 E.06252
G1 X163.648 Y116.415 E.0625
G1 X163.03 Y117.192 E.0625
G1 X162.372 Y117.936 E.06253
G1 X161.673 Y118.647 E.06277
G1 X161.195 Y119.093 E.04115
G1 X160.437 Y119.741 E.06278
G1 X159.649 Y120.345 E.0625
G1 X158.83 Y120.908 E.06256
G1 X157.984 Y121.426 E.06245
G1 X157.107 Y121.902 E.06282
G1 X156.52 Y122.189 E.04113
G1 X155.601 Y122.588 E.06307
G1 X154.992 Y122.822 E.04107
G1 X154.046 Y123.139 E.06281
G1 X153.089 Y123.404 E.06251
G1 X152.119 Y123.619 E.06254
G1 X151.14 Y123.783 E.06249
G1 X150.153 Y123.895 E.06253
G1 X149.162 Y123.956 E.0625
G1 X148.169 Y123.965 E.06251
G1 X147.172 Y123.921 E.06282
G1 X146.522 Y123.864 E.04108
G1 X145.533 Y123.734 E.06279
G1 X144.556 Y123.553 E.06255
G1 X143.586 Y123.32 E.0628
G1 X142.959 Y123.14 E.04106
G1 X142.013 Y122.824 E.06279
G1 X141.089 Y122.46 E.06252
G1 X140.185 Y122.048 E.06254
G1 X139.3 Y121.587 E.06282
G1 X138.735 Y121.261 E.04106
G1 X137.893 Y120.725 E.06283
G1 X137.085 Y120.148 E.0625
G1 X136.308 Y119.53 E.0625
G1 X135.564 Y118.872 E.06253
G1 X134.853 Y118.173 E.06277
G1 X134.407 Y117.695 E.04115
G1 X133.759 Y116.937 E.06278
G1 X133.155 Y116.149 E.0625
G1 X132.59 Y115.327 E.06279
G1 X132.244 Y114.773 E.04112
G1 X131.753 Y113.905 E.06278
G1 X131.31 Y113.016 E.06253
G1 X130.914 Y112.105 E.06253
G1 X130.566 Y111.175 E.06251
G1 X130.267 Y110.228 E.06252
G1 X130.019 Y109.267 E.06248
G1 X129.821 Y108.294 E.06251
G1 X129.674 Y107.31 E.06263
G1 X129.589 Y106.453 E.05421
G1 X129.544 Y105.664 E.04975
G1 X129.535 Y104.669 E.06264
G1 X129.579 Y103.676 E.06257
G1 X129.659 Y102.818 E.05425
G1 X129.766 Y102.035 E.04975
G1 X129.947 Y101.056 E.06267
G1 X130.179 Y100.091 E.06248
G1 X130.461 Y99.139 E.0625
G1 X130.793 Y98.201 E.06264
G1 X131.12 Y97.405 E.05417
G1 X131.451 Y96.687 E.04977
G1 X131.911 Y95.804 E.06268
G1 X132.415 Y94.949 E.06248
G1 X132.963 Y94.121 E.06251
G1 X133.554 Y93.321 E.06261
G1 X134.1 Y92.655 E.05421
G1 X134.626 Y92.066 E.04971
G1 X135.325 Y91.355 E.06277
G1 X135.959 Y90.771 E.05426
G1 X136.562 Y90.261 E.04972
G1 X137.351 Y89.655 E.06263
G1 X138.171 Y89.092 E.06262
G1 X138.904 Y88.64 E.05421
G1 X139.593 Y88.254 E.04972
G1 X140.484 Y87.81 E.06267
G1 X141.395 Y87.414 E.06253
G1 X142.326 Y87.065 E.06259
G1 X143.147 Y86.804 E.05423
G1 X143.909 Y86.596 E.04972
G1 X144.881 Y86.381 E.06267
G1 X145.86 Y86.217 E.06249
G1 X146.847 Y86.105 E.06253
G1 X147.839 Y86.044 E.06257
G1 X148.472 Y86.037 E.03985
G1 X148.496 Y86.794 F12000
G1 F1981.299
G1 X148.694 Y86.791 E.01247
G1 X149.449 Y86.814 E.04755
G1 X150.403 Y86.89 E.06025
G1 X151.349 Y87.014 E.06006
G1 X152.294 Y87.189 E.0605
G1 X152.898 Y87.329 E.03903
G1 X153.824 Y87.585 E.06048
G1 X154.728 Y87.888 E.06002
G1 X155.615 Y88.237 E.06
G1 X156.483 Y88.633 E.06006
G1 X157.331 Y89.074 E.06017
G1 X158.044 Y89.492 E.05203
G1 X158.68 Y89.901 E.0476
G1 X159.459 Y90.457 E.06025
G1 X160.205 Y91.05 E.05999
G1 X160.919 Y91.682 E.06003
G1 X161.605 Y92.356 E.06054
G1 X162.028 Y92.809 E.03902
G1 X162.652 Y93.54 E.0605
G1 X163.232 Y94.296 E.05998
G1 X163.777 Y95.088 E.06052
G1 X164.105 Y95.614 E.03902
G1 X164.579 Y96.451 E.06055
G1 X165.004 Y97.304 E.05999
G1 X165.264 Y97.901 E.04099
G1 X165.498 Y98.475 E.03902
G1 X165.763 Y99.224 E.05001
G1 X166.042 Y100.135 E.05998
G1 X166.272 Y101.06 E.06
G1 X166.454 Y101.995 E.05996
G1 X166.587 Y102.939 E.06001
G1 X166.67 Y103.889 E.06003
G1 X166.707 Y105.318 E.08999
G1 X166.666 Y106.27 E.05999
G1 X166.574 Y107.227 E.06052
G1 X166.487 Y107.841 E.03904
G1 X166.311 Y108.794 E.06101
G1 X166.171 Y109.398 E.03903
G1 X165.915 Y110.324 E.06048
G1 X165.612 Y111.228 E.06002
G1 X165.26 Y112.123 E.06054
G1 X165.008 Y112.689 E.039
G1 X164.579 Y113.549 E.0605
G1 X164.109 Y114.379 E.06005
G1 X163.597 Y115.183 E.06
G1 X163.043 Y115.959 E.06002
G1 X162.45 Y116.705 E.05999
G1 X161.818 Y117.419 E.06003
G1 X161.144 Y118.105 E.06054
G1 X160.691 Y118.528 E.03902
G1 X159.96 Y119.152 E.0605
G1 X159.204 Y119.732 E.05998
G1 X158.418 Y120.272 E.06003
G1 X157.605 Y120.771 E.06005
G1 X156.76 Y121.229 E.06051
G1 X156.203 Y121.501 E.03902
G1 X155.315 Y121.887 E.06095
G1 X154.736 Y122.11 E.03906
G1 X153.824 Y122.415 E.06054
G1 X152.905 Y122.669 E.06002
G1 X151.975 Y122.876 E.05998
G1 X151.034 Y123.033 E.06006
G1 X150.087 Y123.141 E.06
G1 X149.136 Y123.199 E.05998
G1 X148.182 Y123.207 E.06006
G1 X147.222 Y123.166 E.06049
G1 X146.604 Y123.111 E.03906
G1 X145.651 Y122.986 E.06051
G1 X144.714 Y122.812 E.05999
G1 X143.779 Y122.588 E.06053
G1 X143.183 Y122.417 E.03903
G1 X142.272 Y122.112 E.06048
G1 X141.385 Y121.763 E.06
G1 X140.517 Y121.367 E.06006
G1 X139.665 Y120.923 E.06048
G1 X139.128 Y120.613 E.03903
G1 X138.317 Y120.097 E.06051
G1 X137.541 Y119.543 E.06002
G1 X136.795 Y118.95 E.05999
G1 X136.081 Y118.318 E.06003
G1 X135.395 Y117.644 E.06054
G1 X134.972 Y117.191 E.03902
G1 X134.348 Y116.46 E.0605
G1 X133.768 Y115.704 E.05998
G1 X133.223 Y114.912 E.06052
G1 X132.895 Y114.386 E.03902
G1 X132.421 Y113.549 E.06055
G1 X131.996 Y112.696 E.05999
G1 X131.616 Y111.822 E.05999
G1 X131.282 Y110.929 E.06002
G1 X130.995 Y110.019 E.06007
G1 X130.757 Y109.096 E.06
G1 X130.566 Y108.162 E.06001
G1 X130.425 Y107.217 E.06015
G1 X130.344 Y106.394 E.05206
G1 X130.301 Y105.639 E.04761
G1 X130.293 Y104.682 E.06025
G1 X130.334 Y103.727 E.06017
G1 X130.411 Y102.904 E.05204
G1 X130.513 Y102.155 E.04759
G1 X130.688 Y101.214 E.06025
G1 X130.91 Y100.287 E.06001
G1 X131.181 Y99.373 E.06001
G1 X131.5 Y98.472 E.06017
G1 X131.814 Y97.707 E.05206
G1 X132.131 Y97.021 E.04757
G1 X132.573 Y96.172 E.06025
G1 X133.057 Y95.35 E.06005
G1 X133.583 Y94.555 E.06001
G1 X134.152 Y93.787 E.06017
G1 X134.676 Y93.147 E.05207
G1 X135.179 Y92.584 E.04753
G1 X135.852 Y91.899 E.06045
G1 X136.46 Y91.339 E.05204
G1 X137.037 Y90.85 E.04761
G1 X137.796 Y90.268 E.06021
G1 X138.584 Y89.726 E.06021
G1 X139.288 Y89.292 E.05206
G1 X139.947 Y88.923 E.04755
G1 X140.804 Y88.496 E.06028
G1 X141.678 Y88.116 E.05999
G1 X142.574 Y87.781 E.06022
G1 X143.361 Y87.53 E.052
G1 X144.091 Y87.332 E.04761
G1 X145.025 Y87.124 E.06024
G1 X145.966 Y86.967 E.06006
G1 X146.913 Y86.859 E.06
G1 X147.867 Y86.801 E.06017
G1 X148.466 Y86.794 E.03771
G1 X148.489 Y87.551 F12000
G1 F1981.299
G1 X148.686 Y87.549 E.0124
G1 X149.408 Y87.571 E.04547
G1 X150.324 Y87.643 E.05784
G1 X151.23 Y87.762 E.05752
G1 X152.14 Y87.931 E.05827
G1 X152.712 Y88.063 E.03695
G1 X153.603 Y88.31 E.05821
G1 X154.469 Y88.6 E.05749
G1 X155.319 Y88.935 E.05751
G1 X156.151 Y89.313 E.05753
G1 X156.964 Y89.737 E.05772
G1 X157.648 Y90.137 E.04988
G1 X158.255 Y90.528 E.04545
G1 X159.003 Y91.061 E.05782
G1 X159.719 Y91.63 E.05757
G1 X160.403 Y92.236 E.05753
G1 X161.063 Y92.884 E.05823
G1 X161.463 Y93.313 E.03692
G1 X162.063 Y94.017 E.05823
G1 X162.62 Y94.741 E.0575
G1 X163.144 Y95.504 E.05827
G1 X163.455 Y96.001 E.03691
G1 X163.91 Y96.806 E.05821
G1 X164.318 Y97.624 E.05754
G1 X164.569 Y98.203 E.03973
G1 X164.792 Y98.746 E.03695
G1 X165.045 Y99.464 E.04792
G1 X165.312 Y100.337 E.05747
G1 X165.533 Y101.224 E.05754
G1 X165.708 Y102.12 E.05747
G1 X165.835 Y103.025 E.05753
G1 X165.914 Y103.935 E.0575
G1 X165.95 Y105.305 E.08627
G1 X165.91 Y106.217 E.05747
G1 X165.822 Y107.138 E.05824
G1 X165.74 Y107.719 E.03694
G1 X165.569 Y108.64 E.05897
G1 X165.437 Y109.212 E.03695
G1 X165.19 Y110.103 E.05821
G1 X164.9 Y110.969 E.05749
G1 X164.561 Y111.83 E.05825
G1 X164.323 Y112.366 E.03692
G1 X163.91 Y113.194 E.05825
G1 X163.46 Y113.989 E.05751
G1 X162.969 Y114.76 E.05754
G1 X162.439 Y115.503 E.05745
G1 X161.87 Y116.218 E.05752
G1 X161.264 Y116.903 E.05757
G1 X160.616 Y117.563 E.05823
G1 X160.187 Y117.963 E.03692
G1 X159.483 Y118.563 E.05823
G1 X158.759 Y119.12 E.0575
G1 X158.006 Y119.637 E.0575
G1 X157.226 Y120.115 E.05759
G1 X156.414 Y120.556 E.05817
G1 X155.886 Y120.813 E.03697
G1 X155.028 Y121.186 E.0589
G1 X154.48 Y121.397 E.03697
G1 X153.603 Y121.69 E.05821
G1 X152.722 Y121.934 E.05755
G1 X151.83 Y122.132 E.05752
G1 X150.929 Y122.283 E.05751
G1 X150.021 Y122.386 E.05753
G1 X149.109 Y122.442 E.05752
G1 X148.195 Y122.45 E.05754
G1 X147.271 Y122.41 E.05822
G1 X146.687 Y122.359 E.0369
G1 X145.77 Y122.238 E.05823
G1 X144.871 Y122.072 E.05755
G1 X143.972 Y121.856 E.0582
G1 X143.408 Y121.694 E.03694
G1 X142.531 Y121.4 E.05823
G1 X141.681 Y121.065 E.05751
G1 X140.849 Y120.687 E.05753
G1 X140.029 Y120.259 E.05823
G1 X139.52 Y119.966 E.03697
G1 X138.74 Y119.469 E.05822
G1 X137.997 Y118.939 E.05745
G1 X137.281 Y118.37 E.05757
G1 X136.597 Y117.764 E.05753
G1 X135.937 Y117.116 E.05823
G1 X135.537 Y116.687 E.03692
G1 X134.937 Y115.983 E.05823
G1 X134.38 Y115.259 E.0575
G1 X133.856 Y114.496 E.05827
M73 P57 R7
G1 X133.545 Y113.999 E.03691
G1 X133.09 Y113.194 E.05821
G1 X132.682 Y112.376 E.05754
G1 X132.318 Y111.538 E.05751
G1 X131.998 Y110.682 E.05753
G1 X131.723 Y109.811 E.0575
G1 X131.494 Y108.926 E.05755
G1 X131.312 Y108.031 E.05749
G1 X131.177 Y107.124 E.05773
G1 X131.099 Y106.335 E.04991
G1 X131.058 Y105.615 E.0454
G1 X131.05 Y104.695 E.05792
G1 X131.09 Y103.779 E.05772
G1 X131.164 Y102.99 E.04989
G1 X131.261 Y102.275 E.04542
G1 X131.428 Y101.371 E.05787
G1 X131.642 Y100.483 E.0575
G1 X131.901 Y99.607 E.05751
G1 X132.207 Y98.742 E.05776
G1 X132.509 Y98.01 E.04985
G1 X132.811 Y97.354 E.04546
G1 X133.235 Y96.539 E.05783
G1 X133.699 Y95.751 E.05757
G1 X134.203 Y94.989 E.05751
G1 X134.749 Y94.252 E.05774
G1 X135.251 Y93.64 E.04983
G1 X135.732 Y93.101 E.04548
G1 X136.379 Y92.443 E.05809
G1 X136.961 Y91.906 E.04985
G1 X137.512 Y91.44 E.04543
G1 X138.241 Y90.88 E.05787
G1 X138.997 Y90.361 E.05773
G1 X139.672 Y89.945 E.04991
G1 X140.301 Y89.593 E.04538
G1 X141.124 Y89.182 E.05791
G1 X141.962 Y88.818 E.05751
G1 X142.821 Y88.497 E.05773
G1 X143.576 Y88.257 E.04987
G1 X144.272 Y88.067 E.04542
G1 X145.17 Y87.868 E.0579
G1 X146.071 Y87.717 E.05751
G1 X146.979 Y87.614 E.05753
G1 X147.894 Y87.558 E.05771
G1 X148.459 Y87.551 E.03557
G1 E-8 F1500
G1 Z3.32 F3000
G1 X138.392 Y91.402 F12000
G1 Z3.12 F3000
G1 E8 F1500
;TYPE:Internal infill
G1 E-10F1500
G1 F12000.0
T0
G1 E16F1500
G1 F12000.0
;WIDTH:0.675
G1 F2373.119
G1 X136.937 Y92.616 E.09959
G1 X137.649 Y92.817 E.03888
G1 X138.327 Y92.864 E.03572
G1 X139.005 Y92.76 E.03605
G1 X139.684 Y92.443 E.03938
G1 X140.362 Y91.855 E.04717
G1 X141.04 Y91.148 E.05148
G1 X141.718 Y90.588 E.04622
G1 X142.396 Y90.239 E.04008
G1 X143.074 Y90.056 E.03691
G1 X143.753 Y90.009 E.03577
G1 X144.431 Y90.112 E.03604
G1 X145.109 Y90.429 E.03934
G1 X145.787 Y91.017 E.04717
G1 X146.465 Y91.724 E.05148
G1 X147.144 Y92.284 E.04626
G1 X147.822 Y92.633 E.04008
G1 X148.5 Y92.817 E.03692
G1 X149.178 Y92.864 E.03572
G1 X149.856 Y92.76 E.03605
G1 X150.535 Y92.443 E.03938
G1 X151.213 Y91.855 E.04717
G1 X151.891 Y91.148 E.05148
G1 X152.569 Y90.588 E.04622
G1 X153.247 Y90.239 E.04008
G1 X153.926 Y90.056 E.03696
G1 X154.604 Y90.009 E.03572
G1 X155.282 Y90.112 E.03604
G1 X155.96 Y90.429 E.03934
G1 X156.638 Y91.017 E.04717
G1 X157.316 Y91.724 E.05148
G1 X157.995 Y92.284 E.04626
G1 X158.673 Y92.633 E.04008
G1 X159.351 Y92.817 E.03692
G1 X160.029 Y92.864 E.03572
G1 X160.282 Y92.825 E.01345
G1 X161.671 Y94.335 E.10783
G1 X162.761 Y95.846 E.09792
G1 X162.064 Y96.443 E.04823
G1 X161.386 Y97.15 E.05148
G1 X160.707 Y97.71 E.04626
G1 X160.029 Y98.059 E.04008
G1 X159.351 Y98.242 E.03691
G1 X158.673 Y98.289 E.03572
G1 X157.995 Y98.186 E.03604
G1 X157.316 Y97.869 E.03938
G1 X156.638 Y97.281 E.04717
G1 X155.96 Y96.574 E.05148
G1 X155.282 Y96.014 E.04622
G1 X154.604 Y95.665 E.04008
G1 X153.926 Y95.481 E.03692
G1 X153.247 Y95.434 E.03577
G1 X152.569 Y95.538 E.03605
G1 X151.891 Y95.855 E.03934
G1 X151.213 Y96.443 E.04717
G1 X150.535 Y97.15 E.05148
G1 X149.856 Y97.71 E.04626
G1 X149.178 Y98.059 E.04008
G1 X148.5 Y98.242 E.03691
G1 X147.822 Y98.289 E.03572
G1 X147.144 Y98.186 E.03604
G1 X146.465 Y97.869 E.03938
G1 X145.787 Y97.281 E.04717
G1 X145.109 Y96.574 E.05148
G1 X144.431 Y96.014 E.04622
G1 X143.753 Y95.665 E.04008
G1 X143.074 Y95.481 E.03697
G1 X142.396 Y95.434 E.03572
G1 X141.718 Y95.538 E.03605
G1 X141.04 Y95.855 E.03934
G1 X140.362 Y96.443 E.04717
G1 X139.684 Y97.15 E.05148
G1 X139.005 Y97.71 E.04626
G1 X138.327 Y98.059 E.04008
G1 X137.649 Y98.242 E.03691
G1 X136.971 Y98.289 E.03572
G1 X136.293 Y98.186 E.03604
G1 X135.614 Y97.869 E.03938
G1 X133.951 Y96.32 E.11945
G1 X133.07 Y97.998 E.09961
G1 E-8 F1500
G1 Z3.32 F3000
G1 X132.602 Y99.142 F12000
G1 Z3.12 F3000
G1 E8 F1500
G1 F2373.119
G1 X132.048 Y100.954 E.09959
G1 X132.902 Y100.86 E.04516
G1 X133.58 Y100.963 E.03604
G1 X134.258 Y101.28 E.03934
G1 X134.936 Y101.868 E.04717
G1 X135.614 Y102.575 E.05148
G1 X136.293 Y103.135 E.04626
G1 X136.971 Y103.484 E.04008
G1 X137.649 Y103.668 E.03692
G1 X138.327 Y103.715 E.03572
G1 X139.005 Y103.611 E.03605
G1 X139.684 Y103.294 E.03938
G1 X140.362 Y102.706 E.04717
G1 X141.04 Y101.999 E.05148
G1 X141.718 Y101.439 E.04622
G1 X142.396 Y101.09 E.04008
G1 X143.074 Y100.907 E.03691
G1 X143.753 Y100.86 E.03577
G1 X144.431 Y100.963 E.03604
G1 X145.109 Y101.28 E.03934
G1 X145.787 Y101.868 E.04717
G1 X146.465 Y102.575 E.05148
G1 X147.144 Y103.135 E.04626
G1 X147.822 Y103.484 E.04008
G1 X148.5 Y103.668 E.03692
G1 X149.178 Y103.715 E.03572
G1 X149.856 Y103.611 E.03605
G1 X150.535 Y103.294 E.03938
G1 X151.213 Y102.706 E.04717
G1 X151.891 Y101.999 E.05148
G1 X152.569 Y101.439 E.04622
G1 X153.247 Y101.09 E.04008
G1 X153.926 Y100.907 E.03696
G1 X154.604 Y100.86 E.03572
G1 X155.282 Y100.963 E.03604
G1 X155.96 Y101.28 E.03934
G1 X156.638 Y101.868 E.04717
G1 X157.316 Y102.575 E.05148
G1 X157.995 Y103.135 E.04626
G1 X158.673 Y103.484 E.04008
G1 X159.351 Y103.668 E.03692
G1 X160.029 Y103.715 E.03572
G1 X160.707 Y103.611 E.03605
G1 X161.386 Y103.294 E.03938
G1 X162.064 Y102.706 E.04717
G1 X162.742 Y101.999 E.05148
G1 X163.42 Y101.439 E.04622
G1 X164.098 Y101.09 E.04008
G1 X164.777 Y100.907 E.03696
G1 X164.943 Y100.895 E.00875
G1 X165.296 Y102.757 E.09961
G1 E-8 F1500
G1 Z3.32 F3000
G1 X165.439 Y104.6 F12000
G1 Z3.12 F3000
G1 E8 F1500
G1 F2373.119
G1 X165.376 Y106.494 E.0996
G1 X164.777 Y106.332 E.03261
G1 X164.098 Y106.285 E.03577
G1 X163.42 Y106.389 E.03605
G1 X162.742 Y106.706 E.03934
G1 X162.064 Y107.294 E.04717
G1 X161.386 Y108.001 E.05148
G1 X160.707 Y108.561 E.04626
G1 X160.029 Y108.91 E.04008
G1 X159.351 Y109.093 E.03691
G1 X158.673 Y109.14 E.03572
G1 X157.995 Y109.037 E.03604
G1 X157.316 Y108.72 E.03938
G1 X156.638 Y108.132 E.04717
G1 X155.96 Y107.425 E.05148
G1 X155.282 Y106.865 E.04622
G1 X154.604 Y106.516 E.04008
G1 X153.926 Y106.332 E.03692
G1 X153.247 Y106.285 E.03577
G1 X152.569 Y106.389 E.03605
G1 X151.891 Y106.706 E.03934
G1 X151.213 Y107.294 E.04717
G1 X150.535 Y108.001 E.05148
G1 X149.856 Y108.561 E.04626
G1 X149.178 Y108.91 E.04008
G1 X148.5 Y109.093 E.03691
G1 X147.822 Y109.14 E.03572
G1 X147.144 Y109.037 E.03604
G1 X146.465 Y108.72 E.03938
G1 X145.787 Y108.132 E.04717
G1 X145.109 Y107.425 E.05148
G1 X144.431 Y106.865 E.04622
G1 X143.753 Y106.516 E.04008
G1 X143.074 Y106.332 E.03697
G1 X142.396 Y106.285 E.03572
G1 X141.718 Y106.389 E.03605
G1 X141.04 Y106.706 E.03934
G1 X140.362 Y107.294 E.04717
G1 X139.684 Y108.001 E.05148
G1 X139.005 Y108.561 E.04626
G1 X138.327 Y108.91 E.04008
G1 X137.649 Y109.093 E.03691
G1 X136.971 Y109.14 E.03572
G1 X136.293 Y109.037 E.03604
G1 X135.614 Y108.72 E.03938
G1 X134.936 Y108.132 E.04717
G1 X134.258 Y107.425 E.05148
G1 X133.58 Y106.865 E.04622
G1 X132.902 Y106.516 E.04008
G1 X132.223 Y106.332 E.03697
G1 X131.602 Y106.289 E.03272
G1 X131.856 Y108.167 E.0996
G1 E-8 F1500
G1 Z3.32 F3000
G1 X132.294 Y109.939 F12000
G1 Z3.12 F3000
G1 E8 F1500
G1 F2373.119
G1 X132.947 Y111.718 E.0996
G1 X133.58 Y111.814 E.03365
G1 X134.258 Y112.131 E.03934
G1 X134.936 Y112.719 E.04717
G1 X135.614 Y113.426 E.05148
G1 X136.293 Y113.986 E.04626
G1 X136.971 Y114.335 E.04008
G1 X137.649 Y114.519 E.03692
G1 X138.327 Y114.566 E.03572
G1 X139.005 Y114.462 E.03605
G1 X139.684 Y114.145 E.03938
G1 X140.362 Y113.557 E.04717
G1 X141.04 Y112.85 E.05148
G1 X141.718 Y112.29 E.04622
G1 X142.396 Y111.941 E.04008
G1 X143.074 Y111.758 E.03691
G1 X143.753 Y111.711 E.03577
G1 X144.431 Y111.814 E.03604
G1 X145.109 Y112.131 E.03934
G1 X145.787 Y112.719 E.04717
G1 X146.465 Y113.426 E.05148
G1 X147.144 Y113.986 E.04626
G1 X147.822 Y114.335 E.04008
G1 X148.5 Y114.519 E.03692
G1 X149.178 Y114.566 E.03572
G1 X149.856 Y114.462 E.03605
G1 X150.535 Y114.145 E.03938
G1 X151.213 Y113.557 E.04717
G1 X151.891 Y112.85 E.05148
G1 X152.569 Y112.29 E.04622
G1 X153.247 Y111.941 E.04008
G1 X153.926 Y111.758 E.03696
G1 X154.604 Y111.711 E.03572
G1 X155.282 Y111.814 E.03604
G1 X155.96 Y112.131 E.03934
G1 X156.638 Y112.719 E.04717
G1 X157.316 Y113.426 E.05148
G1 X157.995 Y113.986 E.04626
G1 X158.673 Y114.335 E.04008
G1 X159.351 Y114.519 E.03692
M73 P58 R7
G1 X160.029 Y114.566 E.03572
G1 X160.707 Y114.462 E.03605
G1 X161.386 Y114.145 E.03938
G1 X162.064 Y113.557 E.04717
G1 X162.742 Y112.85 E.05148
G1 X163.42 Y112.29 E.04622
G1 X163.917 Y112.035 E.02936
G1 X163.036 Y113.713 E.09961
G1 E-8 F1500
G1 Z3.32 F3000
G1 X158.812 Y118.442 F12000
G1 Z3.12 F3000
G1 E8 F1500
G1 F2373.119
G1 X157.246 Y119.51 E.09962
G1 X156.638 Y118.983 E.04229
G1 X155.96 Y118.276 E.05148
G1 X155.282 Y117.716 E.04622
G1 X154.604 Y117.367 E.04008
G1 X153.926 Y117.183 E.03692
G1 X153.247 Y117.136 E.03577
G1 X152.569 Y117.24 E.03605
G1 X151.891 Y117.557 E.03934
G1 X151.213 Y118.145 E.04717
G1 X150.535 Y118.852 E.05148
G1 X149.856 Y119.412 E.04626
G1 X149.178 Y119.761 E.04008
G1 X148.5 Y119.944 E.03691
G1 X147.822 Y119.991 E.03572
G1 X147.144 Y119.888 E.03604
G1 X146.465 Y119.571 E.03938
G1 X145.787 Y118.983 E.04717
G1 X145.109 Y118.276 E.05148
G1 X144.431 Y117.716 E.04622
G1 X143.753 Y117.367 E.04008
G1 X143.074 Y117.183 E.03697
G1 X142.396 Y117.136 E.03572
G1 X141.718 Y117.24 E.03605
G1 X141.04 Y117.557 E.03934
G1 X139.26 Y119.201 E.12735
G1 X140.903 Y120.145 E.09959
;LAYER_CHANGE
;Z:3.32
;HEIGHT:0.2

G1 E-8 F1500
G1 Z3.32 F3000
;AFTER_LAYER_CHANGE
;3.32
G92 E0
_ON_LAYER_CHANGE LAYER=16
G1 Z3.52
G1 X148.508 Y85.342 F12000
G1 Z3.32 F3000
G1 E8 F1500
;TYPE:External perimeter
;WIDTH:0.674999
G1 F2373.121
G1 X148.721 Y85.34 E.0112
G1 X149.528 Y85.364 E.04243
G1 X150.555 Y85.445 E.05414
G1 X151.576 Y85.58 E.05413
G1 X152.589 Y85.768 E.05415
G1 X153.255 Y85.921 E.03592
G1 X154.249 Y86.197 E.05422
G1 X155.225 Y86.523 E.05408
G1 X156.183 Y86.901 E.05413
G1 X157.12 Y87.328 E.05412
G1 X157.926 Y87.745 E.0477
G1 X158.626 Y88.146 E.0424
G1 X159.495 Y88.699 E.05414
G1 X160.333 Y89.297 E.05411
G1 X161.139 Y89.938 E.05412
G1 X161.91 Y90.62 E.0541
G1 X162.644 Y91.342 E.05411
G1 X163.259 Y92.009 E.04768
G1 X163.78 Y92.625 E.0424
G1 X164.407 Y93.443 E.05417
G1 X164.991 Y94.292 E.05416
G1 X165.353 Y94.872 E.03593
G1 X165.861 Y95.769 E.05418
G1 X166.32 Y96.69 E.05408
G1 X166.731 Y97.636 E.05421
G1 X166.976 Y98.274 E.03592
G1 X167.303 Y99.251 E.05415
G1 X167.578 Y100.243 E.0541
G1 X167.801 Y101.248 E.05411
G1 X167.971 Y102.264 E.05414
G1 X168.088 Y103.286 E.05406
G1 X168.15 Y104.314 E.05413
G1 X168.159 Y105.343 E.05408
G1 X168.114 Y106.372 E.05413
G1 X168.016 Y107.398 E.05417
G1 X167.921 Y108.074 E.03588
G1 X167.732 Y109.089 E.05426
G1 X167.579 Y109.755 E.03592
G1 X167.303 Y110.749 E.05422
G1 X166.977 Y111.725 E.05408
G1 X166.599 Y112.684 E.05418
G1 X166.321 Y113.308 E.0359
G1 X165.861 Y114.231 E.0542
G1 X165.354 Y115.127 E.05411
G1 X164.801 Y115.995 E.05409
G1 X164.203 Y116.833 E.05411
G1 X163.562 Y117.639 E.05412
G1 X162.88 Y118.41 E.0541
G1 X162.158 Y119.145 E.05415
G1 X161.658 Y119.611 E.03592
G1 X160.874 Y120.281 E.0542
G1 X160.057 Y120.907 E.0541
G1 X159.209 Y121.49 E.05409
G1 X158.33 Y122.029 E.05419
G1 X157.732 Y122.36 E.03592
G1 X156.81 Y122.82 E.05415
G1 X155.864 Y123.231 E.05421
G1 X155.226 Y123.476 E.03592
G1 X154.249 Y123.803 E.05415
G1 X153.257 Y124.078 E.0541
G1 X152.252 Y124.301 E.05411
G1 X151.236 Y124.471 E.05414
G1 X150.214 Y124.588 E.05406
G1 X149.186 Y124.65 E.05413
G1 X148.156 Y124.659 E.05414
G1 X147.25 Y124.622 E.04766
G1 X146.446 Y124.555 E.0424
G1 X145.424 Y124.42 E.05418
G1 X144.412 Y124.233 E.05409
G1 X143.41 Y123.992 E.05416
G1 X142.753 Y123.804 E.03592
G1 X141.775 Y123.477 E.0542
G1 X140.817 Y123.099 E.05413
G1 X139.879 Y122.672 E.05417
G1 X139.27 Y122.362 E.03592
G1 X138.373 Y121.854 E.05418
G1 X137.505 Y121.301 E.05409
G1 X136.667 Y120.703 E.05411
G1 X135.861 Y120.062 E.05412
G1 X135.09 Y119.38 E.0541
G1 X134.355 Y118.658 E.05415
G1 X133.889 Y118.158 E.03592
G1 X133.219 Y117.374 E.0542
G1 X132.593 Y116.557 E.0541
G1 X132.009 Y115.708 E.05416
G1 X131.647 Y115.128 E.03593
G1 X131.139 Y114.231 E.05418
G1 X130.68 Y113.31 E.05408
G1 X130.269 Y112.366 E.05411
G1 X129.909 Y111.401 E.05413
G1 X129.599 Y110.42 E.05407
G1 X129.341 Y109.423 E.05413
G1 X129.158 Y108.534 E.0477
G1 X129.029 Y107.737 E.04243
G1 X128.912 Y106.714 E.05412
G1 X128.85 Y105.686 E.05413
G1 X128.841 Y104.657 E.05408
G1 X128.886 Y103.628 E.05413
G1 X128.97 Y102.725 E.04766
G1 X129.08 Y101.925 E.04244
G1 X129.268 Y100.911 E.0542
G1 X129.421 Y100.245 E.03592
G1 X129.697 Y99.251 E.05422
G1 X130.023 Y98.275 E.05408
G1 X130.401 Y97.317 E.05413
G1 X130.775 Y96.49 E.0477
G1 X131.139 Y95.77 E.0424
G1 X131.646 Y94.873 E.05415
G1 X132.199 Y94.005 E.05409
G1 X132.797 Y93.167 E.05411
G1 X133.438 Y92.361 E.05412
G1 X134.12 Y91.59 E.0541
G1 X134.842 Y90.856 E.05411
G1 X135.509 Y90.241 E.04768
G1 X136.125 Y89.72 E.0424
G1 X136.943 Y89.093 E.05417
G1 X137.791 Y88.51 E.05409
G1 X138.564 Y88.034 E.04771
G1 X139.268 Y87.64 E.0424
G1 X140.19 Y87.18 E.05415
G1 X141.134 Y86.769 E.05411
G1 X142.098 Y86.409 E.05408
G1 X143.081 Y86.099 E.05417
G1 X143.959 Y85.87 E.04769
G1 X144.747 Y85.699 E.04238
G1 X145.764 Y85.529 E.05419
G1 X146.786 Y85.412 E.05406
G1 X147.814 Y85.35 E.05413
G1 X148.478 Y85.342 E.0349
G1 X149.078 Y85.351 F12000
G1 X148.502 Y86.037
;TYPE:Perimeter
G1 E-10F1500
G1 F12000.0
T1
G1 E20F1500
;WIDTH:0.799999
G1 F1981.299
G1 X148.715 Y86.034 E.01341
G1 X149.49 Y86.058 E.04881
G1 X150.483 Y86.136 E.0627
G1 X151.467 Y86.266 E.06248
G1 X152.448 Y86.448 E.06281
G1 X153.084 Y86.595 E.04109
G1 X154.046 Y86.861 E.06283
G1 X154.987 Y87.176 E.06247
G1 X155.911 Y87.54 E.06252
G1 X156.816 Y87.953 E.06262
G1 X157.593 Y88.355 E.05507
G1 X158.267 Y88.74 E.04886
G1 X159.107 Y89.275 E.06269
G1 X159.915 Y89.852 E.0625
G1 X160.692 Y90.47 E.0625
G1 X161.436 Y91.128 E.06253
G1 X162.145 Y91.825 E.06259
G1 X162.738 Y92.469 E.05511
G1 X163.239 Y93.061 E.04882
G1 X163.845 Y93.851 E.06268
G1 X164.41 Y94.673 E.06279
G1 X164.756 Y95.227 E.04112
G1 X165.247 Y96.095 E.06278
G1 X165.69 Y96.984 E.06253
G1 X166.088 Y97.899 E.06281
G1 X166.481 Y98.984 E.07264
G1 X166.771 Y99.933 E.06247
G1 X167.012 Y100.896 E.06249
G1 X167.201 Y101.871 E.06252
G1 X167.339 Y102.854 E.06249
G1 X167.426 Y103.842 E.06244
G1 X167.465 Y105.331 E.09377
G1 X167.421 Y106.323 E.06251
G1 X167.326 Y107.316 E.0628
G1 X167.235 Y107.963 E.04113
G1 X167.052 Y108.948 E.06307
G1 X166.905 Y109.584 E.04109
G1 X166.639 Y110.546 E.06283
G1 X166.324 Y111.487 E.06247
G1 X165.958 Y112.415 E.0628
G1 X165.692 Y113.012 E.04114
G1 X165.247 Y113.905 E.06281
G1 X164.758 Y114.769 E.0625
G1 X164.225 Y115.607 E.06252
G1 X163.648 Y116.415 E.0625
G1 X163.03 Y117.192 E.0625
G1 X162.372 Y117.936 E.06253
G1 X161.673 Y118.647 E.06277
G1 X161.195 Y119.093 E.04115
G1 X160.437 Y119.741 E.06278
G1 X159.649 Y120.345 E.0625
G1 X158.83 Y120.908 E.06256
G1 X157.98 Y121.429 E.06276
G1 X157.409 Y121.745 E.04108
G1 X156.516 Y122.19 E.06281
G1 X155.601 Y122.588 E.06281
G1 X154.992 Y122.822 E.04107
G1 X154.046 Y123.139 E.06281
G1 X153.089 Y123.404 E.06251
G1 X152.119 Y123.619 E.06254
G1 X151.14 Y123.783 E.06249
G1 X150.153 Y123.895 E.06253
G1 X149.162 Y123.956 E.0625
G1 X148.168 Y123.965 E.06258
G1 X147.293 Y123.929 E.05513
G1 X146.52 Y123.864 E.04883
G1 X145.533 Y123.734 E.06267
G1 X144.556 Y123.553 E.06255
G1 X143.586 Y123.32 E.0628
G1 X142.959 Y123.14 E.04106
G1 X142.013 Y122.824 E.06279
G1 X141.089 Y122.46 E.06252
G1 X140.181 Y122.046 E.06282
G1 X139.599 Y121.75 E.0411
G1 X138.731 Y121.258 E.06281
G1 X137.893 Y120.725 E.06252
G1 X137.085 Y120.148 E.0625
G1 X136.308 Y119.53 E.0625
G1 X135.564 Y118.872 E.06253
G1 X134.853 Y118.173 E.06277
G1 X134.407 Y117.695 E.04115
G1 X133.759 Y116.937 E.06278
G1 X133.155 Y116.149 E.0625
G1 X132.59 Y115.327 E.06279
G1 X132.244 Y114.773 E.04112
G1 X131.753 Y113.905 E.06278
G1 X131.31 Y113.016 E.06253
G1 X130.914 Y112.105 E.06253
G1 X130.566 Y111.175 E.06251
G1 X130.267 Y110.228 E.06252
G1 X130.018 Y109.266 E.06255
G1 X129.842 Y108.408 E.05514
G1 X129.717 Y107.642 E.04886
G1 X129.605 Y106.653 E.06266
G1 X129.544 Y105.662 E.0625
G1 X129.535 Y104.669 E.06251
G1 X129.579 Y103.676 E.06257
G1 X129.661 Y102.804 E.05514
G1 X129.766 Y102.035 E.04886
G1 X129.948 Y101.052 E.06293
G1 X130.095 Y100.416 E.04109
G1 X130.361 Y99.454 E.06283
G1 X130.676 Y98.513 E.06247
G1 X131.041 Y97.588 E.0626
G1 X131.402 Y96.79 E.05514
G1 X131.751 Y96.097 E.04885
G1 X132.242 Y95.231 E.06267
G1 X132.775 Y94.393 E.06252
G1 X133.352 Y93.585 E.0625
G1 X133.97 Y92.808 E.0625
G1 X134.628 Y92.064 E.06253
G1 X135.325 Y91.355 E.06259
G1 X135.969 Y90.762 E.05511
G1 X136.561 Y90.261 E.04882
G1 X137.351 Y89.655 E.06268
G1 X138.171 Y89.092 E.06262
G1 X138.916 Y88.633 E.05509
G1 X139.593 Y88.254 E.04884
G1 X140.484 Y87.81 E.06267
G1 X141.395 Y87.414 E.06253
G1 X142.325 Y87.066 E.06251
G1 X143.273 Y86.767 E.06258
G1 X144.12 Y86.546 E.0551
G1 X144.878 Y86.381 E.04883
G1 X145.86 Y86.217 E.06267
G1 X146.847 Y86.105 E.06253
G1 X147.839 Y86.044 E.06257
G1 X148.472 Y86.037 E.03985
G1 X148.496 Y86.794 F12000
G1 F1981.299
G1 X148.707 Y86.791 E.01328
G1 X149.449 Y86.814 E.04673
G1 X150.403 Y86.89 E.06025
G1 X151.349 Y87.014 E.06006
G1 X152.294 Y87.189 E.0605
G1 X152.898 Y87.329 E.03903
G1 X153.824 Y87.585 E.06048
G1 X154.728 Y87.888 E.06002
G1 X155.615 Y88.237 E.06
G1 X156.485 Y88.634 E.0602
G1 X157.231 Y89.02 E.05288
G1 X157.875 Y89.388 E.04669
G1 X158.683 Y89.903 E.06032
G1 X159.459 Y90.457 E.06002
G1 X160.205 Y91.05 E.05999
G1 X160.919 Y91.682 E.06003
G1 X161.601 Y92.352 E.06018
M73 P59 R7
G1 X162.17 Y92.97 E.05288
G1 X162.649 Y93.537 E.04673
G1 X163.232 Y94.296 E.06025
G1 X163.777 Y95.088 E.06052
G1 X164.105 Y95.614 E.03902
G1 X164.579 Y96.451 E.06055
G1 X165.004 Y97.304 E.05999
G1 X165.264 Y97.901 E.04099
G1 X165.498 Y98.475 E.03902
G1 X165.763 Y99.224 E.05001
G1 X166.042 Y100.135 E.05998
G1 X166.272 Y101.06 E.06
G1 X166.454 Y101.995 E.05996
G1 X166.587 Y102.939 E.06001
G1 X166.67 Y103.889 E.06003
G1 X166.707 Y105.318 E.08999
G1 X166.666 Y106.27 E.05999
G1 X166.574 Y107.227 E.06052
G1 X166.487 Y107.841 E.03904
G1 X166.311 Y108.794 E.06101
G1 X166.171 Y109.398 E.03903
G1 X165.915 Y110.324 E.06048
G1 X165.612 Y111.228 E.06002
G1 X165.26 Y112.123 E.06054
G1 X165.008 Y112.689 E.039
G1 X164.579 Y113.549 E.0605
G1 X164.109 Y114.379 E.06005
G1 X163.597 Y115.183 E.06
G1 X163.043 Y115.959 E.06002
G1 X162.45 Y116.705 E.05999
G1 X161.818 Y117.419 E.06003
G1 X161.144 Y118.105 E.06054
G1 X160.691 Y118.528 E.03902
G1 X159.96 Y119.152 E.0605
G1 X159.204 Y119.732 E.05998
G1 X158.418 Y120.272 E.06003
G1 X157.599 Y120.775 E.0605
G1 X157.056 Y121.075 E.03905
G1 X156.196 Y121.504 E.0605
G1 X155.315 Y121.887 E.06047
G1 X154.736 Y122.11 E.03906
G1 X153.824 Y122.415 E.06054
G1 X152.905 Y122.669 E.06002
G1 X151.975 Y122.876 E.05998
G1 X151.034 Y123.033 E.06006
G1 X150.087 Y123.141 E.06
G1 X149.136 Y123.199 E.05998
G1 X148.18 Y123.207 E.06018
G1 X147.34 Y123.173 E.05292
G1 X146.601 Y123.111 E.04668
G1 X145.651 Y122.986 E.06032
G1 X144.714 Y122.812 E.05999
G1 X143.779 Y122.588 E.06053
G1 X143.183 Y122.417 E.03903
G1 X142.272 Y122.112 E.06048
G1 X141.385 Y121.763 E.06
G1 X140.51 Y121.364 E.06054
G1 X139.958 Y121.083 E.03899
G1 X139.121 Y120.609 E.06055
G1 X138.317 Y120.097 E.06
G1 X137.541 Y119.543 E.06002
G1 X136.795 Y118.95 E.05999
G1 X136.081 Y118.318 E.06003
G1 X135.395 Y117.644 E.06054
G1 X134.972 Y117.191 E.03902
G1 X134.348 Y116.46 E.0605
G1 X133.768 Y115.704 E.05998
G1 X133.223 Y114.912 E.06052
G1 X132.895 Y114.386 E.03902
G1 X132.421 Y113.549 E.06055
G1 X131.996 Y112.696 E.05999
G1 X131.616 Y111.822 E.05999
G1 X131.282 Y110.929 E.06002
G1 X130.995 Y110.019 E.06007
G1 X130.756 Y109.094 E.06014
G1 X130.586 Y108.271 E.0529
G1 X130.467 Y107.539 E.04669
G1 X130.359 Y106.587 E.06031
G1 X130.301 Y105.636 E.05998
G1 X130.293 Y104.682 E.06006
G1 X130.334 Y103.728 E.06011
G1 X130.413 Y102.891 E.05292
G1 X130.513 Y102.155 E.04676
G1 X130.689 Y101.206 E.06076
G1 X130.829 Y100.602 E.03903
G1 X131.085 Y99.676 E.06048
G1 X131.388 Y98.772 E.06002
G1 X131.738 Y97.883 E.06014
G1 X132.085 Y97.117 E.05294
G1 X132.419 Y96.455 E.04668
G1 X132.891 Y95.621 E.06033
G1 X133.403 Y94.817 E.06
G1 X133.957 Y94.041 E.06002
G1 X134.55 Y93.295 E.05999
G1 X135.182 Y92.581 E.06003
G1 X135.852 Y91.899 E.06018
G1 X136.47 Y91.33 E.05288
G1 X137.037 Y90.851 E.04673
G1 X137.796 Y90.268 E.06025
G1 X138.584 Y89.726 E.06021
G1 X139.299 Y89.286 E.05285
G1 X139.947 Y88.923 E.04676
G1 X140.804 Y88.496 E.06028
G1 X141.678 Y88.116 E.05999
G1 X142.571 Y87.782 E.06002
G1 X143.483 Y87.495 E.06019
G1 X144.296 Y87.282 E.05291
G1 X145.021 Y87.125 E.0467
G1 X145.966 Y86.967 E.06031
G1 X146.913 Y86.859 E.06
G1 X147.867 Y86.801 E.06017
G1 X148.466 Y86.794 E.03771
G1 X148.489 Y87.551 F12000
G1 F1981.299
G1 X148.699 Y87.549 E.01322
G1 X149.407 Y87.571 E.04459
G1 X150.324 Y87.643 E.0579
G1 X151.23 Y87.762 E.05752
G1 X152.14 Y87.931 E.05827
G1 X152.712 Y88.063 E.03695
G1 X153.603 Y88.31 E.05821
G1 X154.469 Y88.6 E.05749
G1 X155.319 Y88.935 E.05751
G1 X156.154 Y89.315 E.05775
G1 X156.869 Y89.685 E.05068
G1 X157.484 Y90.037 E.04461
G1 X158.26 Y90.531 E.05791
G1 X159.003 Y91.061 E.05745
G1 X159.719 Y91.63 E.05757
G1 X160.403 Y92.236 E.05753
G1 X161.057 Y92.878 E.05769
G1 X161.602 Y93.471 E.0507
G1 X162.06 Y94.012 E.04462
G1 X162.62 Y94.741 E.05787
G1 X163.144 Y95.504 E.05827
G1 X163.455 Y96.001 E.03691
G1 X163.91 Y96.806 E.05821
G1 X164.318 Y97.624 E.05754
G1 X164.569 Y98.203 E.03973
G1 X164.792 Y98.746 E.03695
G1 X165.045 Y99.464 E.04792
G1 X165.312 Y100.337 E.05747
G1 X165.533 Y101.224 E.05754
G1 X165.708 Y102.12 E.05747
G1 X165.835 Y103.025 E.05753
G1 X165.914 Y103.935 E.0575
G1 X165.95 Y105.305 E.08627
G1 X165.91 Y106.217 E.05747
G1 X165.822 Y107.138 E.05824
G1 X165.74 Y107.719 E.03694
G1 X165.569 Y108.64 E.05897
G1 X165.437 Y109.212 E.03695
G1 X165.19 Y110.103 E.05821
G1 X164.9 Y110.969 E.05749
G1 X164.561 Y111.83 E.05825
G1 X164.323 Y112.366 E.03692
G1 X163.91 Y113.194 E.05825
G1 X163.46 Y113.989 E.05751
G1 X162.969 Y114.76 E.05754
G1 X162.439 Y115.503 E.05745
G1 X161.87 Y116.218 E.05752
G1 X161.264 Y116.903 E.05757
G1 X160.616 Y117.563 E.05823
G1 X160.187 Y117.963 E.03692
G1 X159.483 Y118.563 E.05823
G1 X158.759 Y119.12 E.0575
G1 X158.006 Y119.637 E.0575
G1 X157.217 Y120.12 E.05824
G1 X156.704 Y120.405 E.03694
G1 X155.876 Y120.818 E.05825
G1 X155.028 Y121.186 E.05819
G1 X154.48 Y121.397 E.03697
G1 X153.603 Y121.69 E.05821
G1 X152.722 Y121.934 E.05755
G1 X151.83 Y122.132 E.05752
G1 X150.929 Y122.283 E.05751
G1 X150.021 Y122.386 E.05753
G1 X149.109 Y122.442 E.05752
G1 X148.192 Y122.45 E.05773
G1 X147.387 Y122.417 E.05072
G1 X146.682 Y122.358 E.04454
G1 X145.77 Y122.238 E.05791
G1 X144.871 Y122.072 E.05755
G1 X143.972 Y121.856 E.0582
G1 X143.408 Y121.694 E.03694
G1 X142.531 Y121.4 E.05823
G1 X141.681 Y121.065 E.05751
G1 X140.839 Y120.682 E.05823
G1 X140.316 Y120.415 E.03697
G1 X139.511 Y119.96 E.05821
G1 X138.74 Y119.469 E.05754
G1 X137.997 Y118.939 E.05745
G1 X137.282 Y118.37 E.05752
G1 X136.597 Y117.764 E.05757
G1 X135.937 Y117.116 E.05823
G1 X135.537 Y116.687 E.03692
G1 X134.937 Y115.983 E.05823
G1 X134.38 Y115.259 E.0575
G1 X133.856 Y114.496 E.05827
G1 X133.545 Y113.999 E.03691
G1 X133.09 Y113.194 E.05821
G1 X132.682 Y112.376 E.05754
G1 X132.318 Y111.538 E.05751
G1 X131.998 Y110.682 E.05753
G1 X131.723 Y109.811 E.0575
G1 X131.494 Y108.923 E.05773
G1 X131.331 Y108.134 E.05072
G1 X131.218 Y107.435 E.04457
G1 X131.114 Y106.521 E.05791
G1 X131.058 Y105.609 E.05752
G1 X131.05 Y104.695 E.05754
G1 X131.09 Y103.78 E.05766
G1 X131.165 Y102.977 E.05077
G1 X131.261 Y102.276 E.04454
G1 X131.431 Y101.36 E.05865
G1 X131.563 Y100.788 E.03695
G1 X131.81 Y99.897 E.05821
G1 X132.1 Y99.031 E.05749
G1 X132.436 Y98.178 E.05771
G1 X132.768 Y97.444 E.05071
G1 X133.087 Y96.812 E.04457
G1 X133.54 Y96.011 E.05793
G1 X134.031 Y95.24 E.05754
G1 X134.562 Y94.497 E.05749
G1 X135.13 Y93.781 E.05753
G1 X135.736 Y93.097 E.05753
G1 X136.378 Y92.443 E.05769
G1 X136.971 Y91.898 E.0507
G1 X137.512 Y91.44 E.04462
G1 X138.241 Y90.88 E.05787
G1 X138.997 Y90.361 E.05773
G1 X139.683 Y89.939 E.0507
G1 X140.301 Y89.593 E.04459
G1 X141.124 Y89.182 E.05791
G1 X141.962 Y88.818 E.05751
G1 X142.818 Y88.498 E.05753
G1 X143.692 Y88.222 E.0577
G1 X144.472 Y88.019 E.05074
G1 X145.164 Y87.869 E.04457
G1 X146.071 Y87.717 E.05789
G1 X146.979 Y87.614 E.05753
G1 X147.894 Y87.558 E.05771
G1 X148.459 Y87.551 E.03557
G1 E-8 F1500
G1 Z3.52 F3000
G1 X138.414 Y91.385 F12000
G1 Z3.32 F3000
G1 E8 F1500
;TYPE:Internal infill
G1 E-10F1500
G1 F12000.0
T0
G1 E16F1500
G1 F12000.0
;WIDTH:0.675
G1 F2373.119
G1 X136.957 Y92.597 E.09961
G1 X137.649 Y92.847 E.03867
G1 X138.327 Y92.952 E.03606
G1 X139.005 Y92.912 E.0357
G1 X139.684 Y92.656 E.03814
G1 X140.362 Y92.085 E.04659
G1 X141.04 Y91.319 E.05376
G1 X141.718 Y90.682 E.04889
G1 X142.396 Y90.267 E.04178
G1 X143.074 Y90.025 E.03784
M73 P59 R6
G1 X143.753 Y89.921 E.0361
G1 X144.431 Y89.961 E.0357
G1 X145.109 Y90.216 E.03807
G1 X145.787 Y90.788 E.04662
G1 X146.465 Y91.553 E.05372
G1 X147.144 Y92.191 E.04897
G1 X147.822 Y92.606 E.04178
G1 X148.5 Y92.847 E.03782
G1 X149.178 Y92.952 E.03606
G1 X149.856 Y92.912 E.0357
G1 X150.535 Y92.656 E.03814
G1 X151.213 Y92.085 E.04659
G1 X151.891 Y91.319 E.05376
G1 X152.569 Y90.682 E.04889
G1 X153.247 Y90.267 E.04178
G1 X153.926 Y90.025 E.03789
G1 X154.604 Y89.921 E.03605
G1 X155.282 Y89.961 E.0357
G1 X155.96 Y90.216 E.03807
G1 X156.638 Y90.788 E.04662
G1 X157.316 Y91.553 E.05372
G1 X157.995 Y92.191 E.04897
G1 X158.673 Y92.606 E.04178
G1 X159.351 Y92.847 E.03782
G1 X160.029 Y92.952 E.03606
G1 X160.389 Y92.93 E.01896
G1 X161.666 Y94.329 E.09955
G1 X162.668 Y95.704 E.08942
G1 X162.064 Y96.213 E.04151
G1 X161.386 Y96.979 E.05376
G1 X160.707 Y97.616 E.04893
G1 X160.029 Y98.031 E.04178
G1 X159.351 Y98.273 E.03784
G1 X158.673 Y98.377 E.03605
G1 X157.995 Y98.337 E.0357
G1 X157.316 Y98.082 E.03812
G1 X156.638 Y97.51 E.04662
G1 X155.96 Y96.745 E.05372
G1 X155.282 Y96.107 E.04893
G1 X154.604 Y95.692 E.04178
G1 X153.926 Y95.451 E.03782
G1 X153.247 Y95.346 E.03611
G1 X152.569 Y95.386 E.0357
G1 X151.891 Y95.642 E.03809
G1 X151.213 Y96.213 E.04659
G1 X150.535 Y96.979 E.05376
G1 X149.856 Y97.616 E.04893
G1 X149.178 Y98.031 E.04178
G1 X148.5 Y98.273 E.03784
G1 X147.822 Y98.377 E.03605
G1 X147.144 Y98.337 E.0357
G1 X146.465 Y98.082 E.03812
G1 X145.787 Y97.51 E.04662
G1 X145.109 Y96.745 E.05372
G1 X144.431 Y96.107 E.04893
G1 X143.753 Y95.692 E.04178
G1 X143.074 Y95.451 E.03787
G1 X142.396 Y95.346 E.03606
G1 X141.718 Y95.386 E.0357
G1 X141.04 Y95.642 E.03809
G1 X140.362 Y96.213 E.04659
G1 X139.684 Y96.979 E.05376
G1 X139.005 Y97.616 E.04893
G1 X138.327 Y98.031 E.04178
G1 X137.649 Y98.273 E.03784
G1 X136.971 Y98.377 E.03605
G1 X136.293 Y98.337 E.0357
G1 X135.614 Y98.082 E.03812
G1 X134.936 Y97.51 E.04662
G1 X133.897 Y96.406 E.07968
G1 X132.901 Y98.375 E.11597
G1 X132.293 Y100.045 E.09341
G1 X132.046 Y100.939 E.04875
G1 X132.902 Y100.772 E.04584
G1 X133.58 Y100.812 E.0357
G1 X134.258 Y101.067 E.03807
G1 X134.936 Y101.639 E.04662
G1 X135.614 Y102.404 E.05372
G1 X136.293 Y103.042 E.04897
G1 X136.971 Y103.457 E.04178
G1 X137.649 Y103.698 E.03782
G1 X138.327 Y103.803 E.03606
G1 X139.005 Y103.763 E.0357
G1 X139.684 Y103.507 E.03814
G1 X140.362 Y102.936 E.04659
G1 X141.04 Y102.17 E.05376
G1 X141.718 Y101.533 E.04889
G1 X142.396 Y101.118 E.04178
G1 X143.074 Y100.876 E.03784
G1 X143.753 Y100.772 E.0361
G1 X144.431 Y100.812 E.0357
G1 X145.109 Y101.067 E.03807
G1 X145.787 Y101.639 E.04662
G1 X146.465 Y102.404 E.05372
G1 X147.144 Y103.042 E.04897
G1 X147.822 Y103.457 E.04178
G1 X148.5 Y103.698 E.03782
G1 X149.178 Y103.803 E.03606
G1 X149.856 Y103.763 E.0357
G1 X150.535 Y103.507 E.03814
G1 X151.213 Y102.936 E.04659
G1 X151.891 Y102.17 E.05376
G1 X152.569 Y101.533 E.04889
M73 P60 R6
G1 X153.247 Y101.118 E.04178
G1 X153.926 Y100.876 E.03789
G1 X154.604 Y100.772 E.03605
G1 X155.282 Y100.812 E.0357
G1 X155.96 Y101.067 E.03807
G1 X156.638 Y101.639 E.04662
G1 X157.316 Y102.404 E.05372
G1 X157.995 Y103.042 E.04897
G1 X158.673 Y103.457 E.04178
G1 X159.351 Y103.698 E.03782
G1 X160.029 Y103.803 E.03606
G1 X160.707 Y103.763 E.0357
G1 X161.386 Y103.507 E.03814
G1 X162.064 Y102.936 E.04659
G1 X162.742 Y102.17 E.05376
G1 X163.42 Y101.533 E.04889
G1 X164.098 Y101.118 E.04178
G1 X164.777 Y100.876 E.03789
G1 X164.931 Y100.853 E.00818
G1 X165.291 Y102.713 E.09957
G1 E-8 F1500
G1 Z3.52 F3000
G1 X165.439 Y104.621 F12000
G1 Z3.32 F3000
G1 E8 F1500
G1 F2373.119
G1 X165.374 Y106.515 E.0996
G1 X164.777 Y106.302 E.03331
G1 X164.098 Y106.197 E.03611
G1 X163.42 Y106.237 E.0357
G1 X162.742 Y106.493 E.03809
G1 X162.064 Y107.064 E.04659
G1 X161.386 Y107.83 E.05376
G1 X160.707 Y108.467 E.04893
G1 X160.029 Y108.882 E.04178
G1 X159.351 Y109.124 E.03784
G1 X158.673 Y109.228 E.03605
G1 X157.995 Y109.188 E.0357
G1 X157.316 Y108.933 E.03812
G1 X156.638 Y108.361 E.04662
G1 X155.96 Y107.596 E.05372
G1 X155.282 Y106.958 E.04893
G1 X154.604 Y106.543 E.04178
G1 X153.926 Y106.302 E.03782
G1 X153.247 Y106.197 E.03611
G1 X152.569 Y106.237 E.0357
G1 X151.891 Y106.493 E.03809
G1 X151.213 Y107.064 E.04659
G1 X150.535 Y107.83 E.05376
G1 X149.856 Y108.467 E.04893
G1 X149.178 Y108.882 E.04178
G1 X148.5 Y109.124 E.03784
G1 X147.822 Y109.228 E.03605
G1 X147.144 Y109.188 E.0357
G1 X146.465 Y108.933 E.03812
G1 X145.787 Y108.361 E.04662
G1 X145.109 Y107.596 E.05372
G1 X144.431 Y106.958 E.04893
G1 X143.753 Y106.543 E.04178
G1 X143.074 Y106.302 E.03787
G1 X142.396 Y106.197 E.03606
G1 X141.718 Y106.237 E.0357
G1 X141.04 Y106.493 E.03809
G1 X140.362 Y107.064 E.04659
G1 X139.684 Y107.83 E.05376
G1 X139.005 Y108.467 E.04893
G1 X138.327 Y108.882 E.04178
G1 X137.649 Y109.124 E.03784
G1 X136.971 Y109.228 E.03605
G1 X136.293 Y109.188 E.0357
G1 X135.614 Y108.933 E.03812
G1 X134.936 Y108.361 E.04662
G1 X134.258 Y107.596 E.05372
G1 X133.58 Y106.958 E.04893
G1 X132.902 Y106.543 E.04178
G1 X132.223 Y106.302 E.03787
G1 X131.6 Y106.206 E.03313
G1 X131.837 Y108.086 E.09959
G1 E-8 F1500
G1 Z3.52 F3000
G1 X132.262 Y109.841 F12000
G1 Z3.32 F3000
G1 E8 F1500
G1 F2373.119
G1 X132.906 Y111.623 E.09959
G1 X133.58 Y111.663 E.03549
G1 X134.258 Y111.918 E.03807
G1 X134.936 Y112.49 E.04662
G1 X135.614 Y113.255 E.05372
G1 X136.293 Y113.893 E.04897
G1 X136.971 Y114.308 E.04178
G1 X137.649 Y114.549 E.03782
G1 X138.327 Y114.654 E.03606
G1 X139.005 Y114.614 E.0357
G1 X139.684 Y114.358 E.03814
G1 X140.362 Y113.787 E.04659
G1 X141.04 Y113.021 E.05376
G1 X141.718 Y112.384 E.04889
G1 X142.396 Y111.969 E.04178
G1 X143.074 Y111.727 E.03784
G1 X143.753 Y111.623 E.0361
G1 X144.431 Y111.663 E.0357
G1 X145.109 Y111.918 E.03807
G1 X145.787 Y112.49 E.04662
G1 X146.465 Y113.255 E.05372
G1 X147.144 Y113.893 E.04897
G1 X147.822 Y114.308 E.04178
G1 X148.5 Y114.549 E.03782
G1 X149.178 Y114.654 E.03606
G1 X149.856 Y114.614 E.0357
G1 X150.535 Y114.358 E.03814
G1 X151.213 Y113.787 E.04659
G1 X151.891 Y113.021 E.05376
G1 X152.569 Y112.384 E.04889
G1 X153.247 Y111.969 E.04178
G1 X153.926 Y111.727 E.03789
G1 X154.604 Y111.623 E.03605
G1 X155.282 Y111.663 E.0357
G1 X155.96 Y111.918 E.03807
G1 X156.638 Y112.49 E.04662
G1 X157.316 Y113.255 E.05372
G1 X157.995 Y113.893 E.04897
G1 X158.673 Y114.308 E.04178
G1 X159.351 Y114.549 E.03782
G1 X160.029 Y114.654 E.03606
G1 X160.707 Y114.614 E.0357
G1 X161.386 Y114.358 E.03814
G1 X162.064 Y113.787 E.04659
G1 X162.742 Y113.021 E.05376
G1 X163.42 Y112.384 E.04889
G1 X163.889 Y112.097 E.0289
G1 X164.581 Y110.332 E.09964
G1 E-8 F1500
G1 Z3.52 F3000
G1 X155.414 Y120.468 F12000
G1 Z3.32 F3000
G1 E8 F1500
G1 F2373.119
G1 X157.099 Y119.6 E.09962
G1 X156.638 Y119.213 E.03163
G1 X155.96 Y118.447 E.05376
G1 X155.282 Y117.809 E.04893
G1 X154.604 Y117.394 E.04178
G1 X153.926 Y117.153 E.03782
G1 X153.247 Y117.048 E.03611
G1 X152.569 Y117.088 E.0357
G1 X151.891 Y117.344 E.03809
G1 X151.213 Y117.915 E.04659
G1 X150.535 Y118.681 E.05376
G1 X149.856 Y119.318 E.04893
G1 X149.178 Y119.733 E.04178
G1 X148.5 Y119.975 E.03784
G1 X147.822 Y120.079 E.03605
G1 X147.144 Y120.039 E.0357
G1 X146.465 Y119.784 E.03812
G1 X145.787 Y119.213 E.04659
G1 X145.109 Y118.447 E.05376
G1 X144.431 Y117.809 E.04893
G1 X143.753 Y117.394 E.04178
G1 X143.074 Y117.153 E.03787
G1 X142.396 Y117.048 E.03606
G1 X141.718 Y117.088 E.0357
G1 X141.04 Y117.344 E.03809
G1 X140.362 Y117.915 E.04659
G1 X139.684 Y118.681 E.05376
G1 X139.183 Y119.152 E.03614
G1 X140.82 Y120.105 E.09955
;LAYER_CHANGE
;Z:3.52
;HEIGHT:0.2

G1 E-8 F1500
G1 Z3.52 F3000
;AFTER_LAYER_CHANGE
;3.52
G92 E0
_ON_LAYER_CHANGE LAYER=17
G1 Z3.72
G1 X148.508 Y85.342 F12000
G1 Z3.52 F3000
G1 E8 F1500
;TYPE:External perimeter
;WIDTH:0.674999
G1 F2373.121
G1 X148.735 Y85.34 E.01193
G1 X149.528 Y85.364 E.0417
G1 X150.555 Y85.445 E.05414
G1 X151.576 Y85.58 E.05413
G1 X152.588 Y85.767 E.05409
G1 X153.485 Y85.981 E.04847
G1 X154.248 Y86.196 E.04166
G1 X155.225 Y86.523 E.05415
G1 X156.183 Y86.901 E.05413
G1 X157.119 Y87.328 E.05407
G1 X158.033 Y87.803 E.05414
G1 X158.92 Y88.326 E.05412
G1 X159.689 Y88.832 E.04838
G1 X160.332 Y89.296 E.04167
G1 X161.139 Y89.938 E.0542
G1 X161.91 Y90.62 E.0541
G1 X162.644 Y91.342 E.05411
G1 X163.268 Y92.02 E.04843
G1 X163.78 Y92.625 E.04166
G1 X164.407 Y93.443 E.05417
G1 X164.991 Y94.292 E.05416
G1 X165.353 Y94.872 E.03593
G1 X165.861 Y95.769 E.05418
G1 X166.32 Y96.69 E.05408
G1 X166.731 Y97.636 E.05421
G1 X166.976 Y98.274 E.03592
G1 X167.303 Y99.251 E.05415
G1 X167.578 Y100.243 E.0541
G1 X167.801 Y101.248 E.05411
G1 X167.971 Y102.264 E.05414
G1 X168.088 Y103.286 E.05406
G1 X168.15 Y104.314 E.05413
G1 X168.159 Y105.343 E.05408
G1 X168.114 Y106.372 E.05413
G1 X168.016 Y107.398 E.05417
G1 X167.921 Y108.074 E.03588
G1 X167.732 Y109.089 E.05426
G1 X167.579 Y109.755 E.03592
G1 X167.303 Y110.749 E.05422
G1 X166.977 Y111.725 E.05408
G1 X166.599 Y112.684 E.05418
G1 X166.321 Y113.308 E.0359
G1 X165.861 Y114.231 E.0542
G1 X165.354 Y115.127 E.05411
G1 X164.801 Y115.995 E.05409
G1 X164.203 Y116.833 E.05411
G1 X163.562 Y117.639 E.05412
G1 X162.88 Y118.41 E.0541
G1 X162.158 Y119.145 E.05415
G1 X161.658 Y119.611 E.03592
G1 X160.874 Y120.281 E.0542
G1 X160.057 Y120.907 E.0541
G1 X159.209 Y121.49 E.05409
G1 X158.33 Y122.029 E.05419
G1 X157.732 Y122.36 E.03592
G1 X156.81 Y122.82 E.05415
G1 X155.864 Y123.231 E.05421
G1 X155.226 Y123.476 E.03592
G1 X154.249 Y123.803 E.05415
G1 X153.257 Y124.078 E.0541
G1 X152.252 Y124.301 E.05411
G1 X151.236 Y124.471 E.05414
G1 X150.214 Y124.588 E.05406
G1 X149.186 Y124.65 E.05413
G1 X148.156 Y124.659 E.05414
G1 X147.236 Y124.621 E.04839
G1 X146.446 Y124.555 E.04167
G1 X145.424 Y124.42 E.05418
G1 X144.412 Y124.233 E.05409
G1 X143.41 Y123.992 E.05416
G1 X142.753 Y123.804 E.03592
G1 X141.775 Y123.477 E.0542
G1 X140.817 Y123.099 E.05413
G1 X139.881 Y122.672 E.05407
G1 X138.966 Y122.196 E.05421
G1 X138.374 Y121.855 E.03591
G1 X137.505 Y121.301 E.05416
G1 X136.667 Y120.703 E.05411
G1 X135.861 Y120.062 E.05412
G1 X135.09 Y119.38 E.0541
G1 X134.355 Y118.658 E.05415
G1 X133.889 Y118.158 E.03592
G1 X133.219 Y117.374 E.0542
G1 X132.593 Y116.557 E.0541
G1 X132.009 Y115.708 E.05416
G1 X131.647 Y115.128 E.03593
G1 X131.139 Y114.231 E.05418
G1 X130.68 Y113.31 E.05408
G1 X130.269 Y112.366 E.05411
G1 X129.909 Y111.401 E.05413
G1 X129.599 Y110.42 E.05407
G1 X129.342 Y109.423 E.05411
G1 X129.136 Y108.414 E.05412
G1 X128.984 Y107.396 E.0541
G1 X128.894 Y106.479 E.04843
G1 X128.85 Y105.687 E.04169
G1 X128.841 Y104.657 E.05414
G1 X128.886 Y103.628 E.05413
G1 X128.972 Y102.711 E.04841
G1 X129.08 Y101.925 E.0417
G1 X129.267 Y100.912 E.05414
G1 X129.508 Y99.911 E.05411
G1 X129.8 Y98.924 E.0541
G1 X130.144 Y97.953 E.05414
G1 X130.494 Y97.102 E.04836
G1 X130.827 Y96.381 E.04174
G1 X131.303 Y95.468 E.05412
G1 X131.825 Y94.581 E.05409
G1 X132.394 Y93.721 E.0542
G1 X132.796 Y93.168 E.03593
M73 P61 R6
G1 X133.438 Y92.361 E.0542
G1 X134.12 Y91.59 E.0541
G1 X134.841 Y90.856 E.05408
G1 X135.601 Y90.16 E.05416
G1 X136.31 Y89.573 E.04838
G1 X136.942 Y89.093 E.04171
G1 X137.791 Y88.51 E.05413
G1 X138.669 Y87.972 E.05412
G1 X139.478 Y87.53 E.04845
G1 X140.19 Y87.18 E.0417
G1 X141.134 Y86.769 E.05411
G1 X142.099 Y86.409 E.05413
G1 X142.977 Y86.13 E.04842
G1 X143.742 Y85.922 E.04167
G1 X144.748 Y85.699 E.05416
G1 X145.764 Y85.529 E.05414
G1 X146.786 Y85.412 E.05406
G1 X147.814 Y85.35 E.05413
G1 X148.478 Y85.342 E.0349
G1 X149.078 Y85.351 F12000
G1 X148.502 Y86.037
;TYPE:Perimeter
G1 E-10F1500
G1 F12000.0
T1
G1 E20F1500
;WIDTH:0.799999
G1 F1981.299
G1 X148.728 Y86.034 E.01423
G1 X149.49 Y86.058 E.04799
G1 X150.483 Y86.136 E.0627
G1 X151.467 Y86.266 E.06248
G1 X152.445 Y86.447 E.06261
G1 X153.31 Y86.653 E.05598
G1 X154.043 Y86.86 E.04795
G1 X154.987 Y87.176 E.06267
G1 X155.911 Y87.54 E.06252
G1 X156.815 Y87.952 E.06254
G1 X157.696 Y88.411 E.06254
G1 X158.552 Y88.915 E.06253
G1 X159.295 Y89.404 E.05599
G1 X159.913 Y89.85 E.04798
G1 X160.692 Y90.47 E.06268
G1 X161.436 Y91.128 E.06253
G1 X162.145 Y91.825 E.06259
G1 X162.747 Y92.479 E.05596
G1 X163.239 Y93.061 E.04797
G1 X163.845 Y93.851 E.06268
G1 X164.41 Y94.673 E.06279
G1 X164.756 Y95.227 E.04112
G1 X165.247 Y96.095 E.06278
G1 X165.69 Y96.984 E.06253
G1 X166.088 Y97.899 E.06281
G1 X166.481 Y98.984 E.07264
G1 X166.771 Y99.933 E.06247
G1 X167.012 Y100.896 E.06249
G1 X167.201 Y101.871 E.06252
G1 X167.339 Y102.854 E.06249
G1 X167.426 Y103.842 E.06244
G1 X167.465 Y105.331 E.09377
G1 X167.421 Y106.323 E.06251
G1 X167.326 Y107.316 E.0628
G1 X167.235 Y107.963 E.04113
G1 X167.052 Y108.948 E.06307
G1 X166.905 Y109.584 E.04109
G1 X166.639 Y110.546 E.06283
G1 X166.324 Y111.487 E.06247
G1 X165.958 Y112.415 E.0628
G1 X165.692 Y113.012 E.04114
G1 X165.247 Y113.905 E.06281
G1 X164.758 Y114.769 E.0625
G1 X164.225 Y115.607 E.06252
G1 X163.648 Y116.415 E.0625
G1 X163.03 Y117.192 E.0625
G1 X162.372 Y117.936 E.06253
G1 X161.673 Y118.647 E.06277
G1 X161.195 Y119.093 E.04115
G1 X160.437 Y119.741 E.06278
G1 X159.649 Y120.345 E.0625
G1 X158.83 Y120.908 E.06256
G1 X157.98 Y121.429 E.06276
G1 X157.409 Y121.745 E.04108
G1 X156.516 Y122.19 E.06281
G1 X155.601 Y122.588 E.06281
G1 X154.992 Y122.822 E.04107
G1 X154.046 Y123.139 E.06281
G1 X153.089 Y123.404 E.06251
G1 X152.119 Y123.619 E.06254
G1 X151.14 Y123.783 E.06249
G1 X150.153 Y123.895 E.06253
G1 X149.162 Y123.956 E.0625
G1 X148.168 Y123.965 E.06258
G1 X147.28 Y123.928 E.05595
G1 X146.52 Y123.864 E.04801
G1 X145.533 Y123.734 E.06267
G1 X144.556 Y123.553 E.06255
G1 X143.586 Y123.32 E.0628
G1 X142.959 Y123.14 E.04106
G1 X142.013 Y122.824 E.06279
G1 X141.089 Y122.46 E.06252
G1 X140.185 Y122.048 E.06254
G1 X139.3 Y121.587 E.06282
G1 X138.735 Y121.261 E.04106
G1 X137.893 Y120.725 E.06283
G1 X137.085 Y120.148 E.0625
G1 X136.308 Y119.53 E.0625
G1 X135.564 Y118.872 E.06253
G1 X134.853 Y118.173 E.06277
G1 X134.407 Y117.695 E.04115
G1 X133.759 Y116.937 E.06278
G1 X133.155 Y116.149 E.0625
G1 X132.59 Y115.327 E.06279
G1 X132.244 Y114.773 E.04112
G1 X131.753 Y113.905 E.06278
G1 X131.31 Y113.016 E.06253
G1 X130.914 Y112.105 E.06253
G1 X130.566 Y111.175 E.06251
G1 X130.267 Y110.228 E.06252
G1 X130.019 Y109.267 E.06248
G1 X129.821 Y108.294 E.06251
G1 X129.674 Y107.31 E.06263
G1 X129.587 Y106.426 E.05592
G1 X129.544 Y105.665 E.04798
G1 X129.535 Y104.669 E.0627
G1 X129.579 Y103.676 E.06257
G1 X129.662 Y102.791 E.05596
G1 X129.765 Y102.035 E.04803
G1 X129.947 Y101.056 E.06269
G1 X130.179 Y100.091 E.06248
G1 X130.461 Y99.139 E.0625
G1 X130.793 Y98.202 E.06258
G1 X131.131 Y97.38 E.05595
G1 X131.451 Y96.688 E.04799
G1 X131.911 Y95.804 E.06273
G1 X132.415 Y94.949 E.06248
G1 X132.965 Y94.117 E.06279
G1 X133.349 Y93.589 E.0411
G1 X133.97 Y92.808 E.06281
G1 X134.628 Y92.064 E.06253
G1 X135.324 Y91.356 E.0625
G1 X136.057 Y90.684 E.0626
G1 X136.742 Y90.117 E.05598
G1 X137.349 Y89.656 E.04798
G1 X138.17 Y89.092 E.0627
G1 X139.017 Y88.573 E.06253
G1 X139.798 Y88.147 E.056
G1 X140.482 Y87.811 E.04797
G1 X141.395 Y87.414 E.06267
G1 X142.326 Y87.065 E.06259
G1 X143.173 Y86.796 E.05594
G1 X143.909 Y86.596 E.04801
G1 X144.881 Y86.381 E.06267
G1 X145.86 Y86.217 E.06249
G1 X146.847 Y86.105 E.06253
G1 X147.839 Y86.044 E.06257
G1 X148.472 Y86.037 E.03985
G1 X148.496 Y86.794 F12000
G1 F1981.299
G1 X148.72 Y86.792 E.0141
G1 X149.448 Y86.814 E.04585
G1 X150.403 Y86.89 E.06031
G1 X151.349 Y87.014 E.06006
G1 X152.288 Y87.188 E.06012
G1 X153.119 Y87.386 E.05378
G1 X153.82 Y87.584 E.04586
G1 X154.728 Y87.888 E.06028
G1 X155.615 Y88.237 E.06
G1 X156.483 Y88.633 E.06006
G1 X157.329 Y89.073 E.06003
G1 X158.152 Y89.558 E.06014
G1 X158.865 Y90.028 E.05376
G1 X159.456 Y90.454 E.04586
G1 X160.205 Y91.05 E.06026
G1 X160.919 Y91.682 E.06003
G1 X161.601 Y92.351 E.06014
G1 X162.179 Y92.98 E.05378
G1 X162.649 Y93.536 E.04583
G1 X163.232 Y94.296 E.0603
G1 X163.777 Y95.088 E.06052
G1 X164.105 Y95.614 E.03902
G1 X164.579 Y96.451 E.06055
G1 X165.004 Y97.304 E.05999
G1 X165.264 Y97.901 E.04099
G1 X165.498 Y98.475 E.03902
G1 X165.763 Y99.224 E.05001
G1 X166.042 Y100.135 E.05998
G1 X166.272 Y101.06 E.06
G1 X166.454 Y101.995 E.05996
G1 X166.587 Y102.939 E.06001
G1 X166.67 Y103.889 E.06003
G1 X166.707 Y105.318 E.08999
G1 X166.666 Y106.27 E.05999
G1 X166.574 Y107.227 E.06052
G1 X166.487 Y107.841 E.03904
G1 X166.311 Y108.794 E.06101
G1 X166.171 Y109.398 E.03903
G1 X165.915 Y110.324 E.06048
G1 X165.612 Y111.228 E.06002
G1 X165.26 Y112.123 E.06054
G1 X165.008 Y112.689 E.039
G1 X164.579 Y113.549 E.0605
G1 X164.109 Y114.379 E.06005
G1 X163.597 Y115.183 E.06
G1 X163.043 Y115.959 E.06002
G1 X162.45 Y116.705 E.05999
G1 X161.818 Y117.419 E.06003
G1 X161.144 Y118.105 E.06054
G1 X160.691 Y118.528 E.03902
G1 X159.96 Y119.152 E.0605
G1 X159.204 Y119.732 E.05998
G1 X158.418 Y120.272 E.06003
G1 X157.599 Y120.775 E.0605
G1 X157.056 Y121.075 E.03905
G1 X156.196 Y121.504 E.0605
G1 X155.315 Y121.887 E.06047
G1 X154.736 Y122.11 E.03906
G1 X153.824 Y122.415 E.06054
G1 X152.905 Y122.669 E.06002
G1 X151.975 Y122.876 E.05998
G1 X151.034 Y123.033 E.06006
G1 X150.087 Y123.141 E.06
G1 X149.136 Y123.199 E.05998
G1 X148.18 Y123.207 E.06018
G1 X147.327 Y123.172 E.05374
G1 X146.601 Y123.111 E.04586
G1 X145.651 Y122.986 E.06032
G1 X144.714 Y122.812 E.05999
G1 X143.779 Y122.588 E.06053
G1 X143.183 Y122.417 E.03903
G1 X142.272 Y122.112 E.06048
G1 X141.385 Y121.763 E.06
G1 X140.517 Y121.367 E.06006
G1 X139.665 Y120.923 E.06048
G1 X139.128 Y120.613 E.03903
G1 X138.317 Y120.097 E.06051
G1 X137.541 Y119.543 E.06002
G1 X136.795 Y118.95 E.05999
G1 X136.081 Y118.318 E.06003
G1 X135.395 Y117.644 E.06054
G1 X134.972 Y117.191 E.03902
G1 X134.348 Y116.46 E.0605
G1 X133.768 Y115.704 E.05998
G1 X133.223 Y114.912 E.06052
G1 X132.895 Y114.386 E.03902
G1 X132.421 Y113.549 E.06055
G1 X131.996 Y112.696 E.05999
G1 X131.616 Y111.822 E.05999
G1 X131.282 Y110.929 E.06002
G1 X130.995 Y110.019 E.06007
G1 X130.757 Y109.096 E.06
G1 X130.566 Y108.162 E.06001
G1 X130.425 Y107.217 E.06015
G1 X130.342 Y106.367 E.05376
G1 X130.301 Y105.64 E.04584
G1 X130.293 Y104.682 E.06031
G1 X130.334 Y103.728 E.06011
G1 X130.414 Y102.878 E.05375
G1 X130.513 Y102.156 E.04588
G1 X130.688 Y101.214 E.06031
G1 X130.91 Y100.287 E.06001
G1 X131.181 Y99.373 E.06001
G1 X131.5 Y98.472 E.06017
G1 X131.825 Y97.683 E.05372
G1 X132.131 Y97.021 E.04591
G1 X132.573 Y96.172 E.06025
G1 X133.057 Y95.35 E.06005
G1 X133.587 Y94.549 E.06046
G1 X133.952 Y94.047 E.03907
G1 X134.55 Y93.295 E.06048
G1 X135.182 Y92.581 E.06003
G1 X135.85 Y91.901 E.06001
G1 X136.554 Y91.255 E.06015
G1 X137.212 Y90.711 E.05375
G1 X137.792 Y90.27 E.04587
G1 X138.582 Y89.728 E.06031
G1 X139.396 Y89.229 E.0601
G1 X140.146 Y88.819 E.05381
G1 X140.8 Y88.498 E.04586
G1 X141.678 Y88.116 E.06028
G1 X142.573 Y87.781 E.06016
G1 X143.387 Y87.523 E.05375
G1 X144.09 Y87.332 E.04586
G1 X145.025 Y87.124 E.0603
G1 X145.966 Y86.967 E.06006
G1 X146.913 Y86.859 E.06
G1 X147.866 Y86.801 E.0601
G1 X148.466 Y86.794 E.03777
G1 X148.489 Y87.551 F12000
G1 F1981.299
G1 X148.713 Y87.549 E.0141
G1 X149.407 Y87.571 E.04371
G1 X150.324 Y87.643 E.0579
G1 X151.23 Y87.762 E.05752
G1 X152.131 Y87.929 E.05769
G1 X152.928 Y88.119 E.05158
G1 X153.597 Y88.308 E.04376
G1 X154.469 Y88.6 E.05789
G1 X155.319 Y88.935 E.05751
G1 X156.151 Y89.313 E.05753
G1 X156.961 Y89.735 E.0575
G1 X157.751 Y90.2 E.05771
G1 X158.435 Y90.651 E.05158
G1 X158.998 Y91.057 E.0437
G1 X159.719 Y91.63 E.05798
G1 X160.403 Y92.236 E.05753
G1 X161.056 Y92.878 E.05765
G1 X161.611 Y93.481 E.05159
G1 X162.059 Y94.011 E.04369
G1 X162.62 Y94.741 E.05796
G1 X163.144 Y95.504 E.05827
G1 X163.455 Y96.001 E.03691
G1 X163.91 Y96.806 E.05821
G1 X164.318 Y97.624 E.05754
G1 X164.569 Y98.203 E.03973
G1 X164.792 Y98.746 E.03695
G1 X165.045 Y99.464 E.04792
G1 X165.312 Y100.337 E.05747
G1 X165.533 Y101.224 E.05754
G1 X165.708 Y102.12 E.05747
G1 X165.835 Y103.025 E.05753
G1 X165.914 Y103.935 E.0575
G1 X165.95 Y105.305 E.08627
G1 X165.91 Y106.217 E.05747
G1 X165.822 Y107.138 E.05824
G1 X165.74 Y107.719 E.03694
G1 X165.569 Y108.64 E.05897
G1 X165.437 Y109.212 E.03695
G1 X165.19 Y110.103 E.05821
G1 X164.9 Y110.969 E.05749
G1 X164.561 Y111.83 E.05825
G1 X164.323 Y112.366 E.03692
G1 X163.91 Y113.194 E.05825
G1 X163.46 Y113.989 E.05751
G1 X162.969 Y114.76 E.05754
G1 X162.439 Y115.503 E.05745
G1 X161.87 Y116.218 E.05752
G1 X161.264 Y116.903 E.05757
G1 X160.616 Y117.563 E.05823
G1 X160.187 Y117.963 E.03692
G1 X159.483 Y118.563 E.05823
G1 X158.759 Y119.12 E.0575
G1 X158.005 Y119.637 E.05755
G1 X157.217 Y120.12 E.05818
G1 X156.704 Y120.405 E.03694
G1 X155.876 Y120.818 E.05825
G1 X155.028 Y121.186 E.05819
G1 X154.48 Y121.397 E.03697
G1 X153.603 Y121.69 E.05821
G1 X152.722 Y121.934 E.05755
G1 X151.83 Y122.132 E.05752
G1 X150.929 Y122.283 E.05751
G1 X150.021 Y122.386 E.05753
G1 X149.109 Y122.442 E.05752
G1 X148.193 Y122.45 E.05767
G1 X147.374 Y122.416 E.0516
G1 X146.682 Y122.358 E.04372
G1 X145.77 Y122.238 E.05791
G1 X144.871 Y122.072 E.05755
G1 X143.972 Y121.856 E.0582
G1 X143.408 Y121.694 E.03694
G1 X142.531 Y121.4 E.05823
G1 X141.681 Y121.065 E.05751
G1 X140.849 Y120.687 E.05753
G1 X140.029 Y120.259 E.05823
G1 X139.52 Y119.966 E.03697
G1 X138.74 Y119.469 E.05822
G1 X137.997 Y118.939 E.05745
G1 X137.281 Y118.37 E.05757
G1 X136.597 Y117.764 E.05753
G1 X135.937 Y117.116 E.05823
G1 X135.537 Y116.687 E.03692
G1 X134.937 Y115.983 E.05823
G1 X134.38 Y115.259 E.0575
G1 X133.856 Y114.496 E.05827
G1 X133.545 Y113.999 E.03691
G1 X133.09 Y113.194 E.05821
G1 X132.682 Y112.376 E.05754
G1 X132.318 Y111.538 E.05751
G1 X131.998 Y110.682 E.05753
G1 X131.723 Y109.811 E.0575
G1 X131.494 Y108.926 E.05755
G1 X131.312 Y108.031 E.05749
G1 X131.177 Y107.124 E.05773
G1 X131.097 Y106.309 E.05155
G1 X131.058 Y105.616 E.04369
G1 X131.05 Y104.695 E.05798
G1 X131.09 Y103.78 E.05766
G1 X131.167 Y102.964 E.0516
G1 X131.261 Y102.276 E.04371
G1 X131.428 Y101.371 E.05793
G1 X131.642 Y100.483 E.0575
M73 P62 R6
G1 X131.901 Y99.607 E.05751
G1 X132.207 Y98.743 E.0577
G1 X132.519 Y97.986 E.05154
G1 X132.81 Y97.355 E.04374
G1 X133.235 Y96.539 E.05792
G1 X133.699 Y95.751 E.05757
G1 X134.21 Y94.98 E.05823
G1 X134.555 Y94.505 E.03696
G1 X135.13 Y93.781 E.0582
G1 X135.736 Y93.097 E.05753
G1 X136.376 Y92.445 E.05751
G1 X137.052 Y91.826 E.0577
G1 X137.683 Y91.304 E.05155
G1 X138.236 Y90.884 E.04371
G1 X138.994 Y90.363 E.0579
G1 X139.776 Y89.884 E.05773
G1 X140.495 Y89.492 E.05155
G1 X141.118 Y89.185 E.04372
G1 X141.962 Y88.818 E.05794
G1 X142.82 Y88.497 E.05767
G1 X143.601 Y88.249 E.05158
G1 X144.271 Y88.067 E.04371
G1 X145.17 Y87.868 E.05796
G1 X146.071 Y87.717 E.05751
G1 X146.979 Y87.614 E.05753
G1 X147.894 Y87.558 E.05771
G1 X148.459 Y87.551 E.03557
G1 E-8 F1500
G1 Z3.72 F3000
G1 X138.425 Y91.375 F12000
G1 Z3.52 F3000
G1 E8 F1500
;TYPE:Internal infill
G1 E-10F1500
G1 F12000.0
T0
G1 E16F1500
G1 F12000.0
;WIDTH:0.675
G1 F2373.119
G1 X136.969 Y92.588 E.0996
G1 X137.649 Y92.89 E.03911
G1 X138.327 Y93.055 E.03667
G1 X139.005 Y93.083 E.03566
G1 X139.684 Y92.901 E.03695
G1 X140.362 Y92.35 E.04592
G1 X141.04 Y91.502 E.05706
G1 X141.718 Y90.769 E.05248
G1 X142.396 Y90.283 E.04384
G1 X143.074 Y89.982 E.03899
G1 X143.753 Y89.818 E.03671
G1 X144.431 Y89.79 E.03566
G1 X145.109 Y89.972 E.0369
G1 X145.787 Y90.523 E.04592
G1 X146.465 Y91.371 E.05706
G1 X147.144 Y92.103 E.05248
G1 X147.822 Y92.59 E.04387
G1 X148.5 Y92.89 E.03897
G1 X149.178 Y93.055 E.03667
G1 X149.856 Y93.083 E.03566
G1 X150.535 Y92.901 E.03695
G1 X151.213 Y92.35 E.04592
G1 X151.891 Y91.502 E.05706
G1 X152.569 Y90.769 E.05248
G1 X153.247 Y90.283 E.04384
G1 X153.926 Y89.982 E.03904
G1 X154.604 Y89.818 E.03666
G1 X155.282 Y89.79 E.03566
G1 X155.96 Y89.972 E.0369
G1 X156.638 Y90.523 E.04592
G1 X157.316 Y91.371 E.05706
G1 X157.995 Y92.103 E.05248
G1 X158.673 Y92.59 E.04387
G1 X159.351 Y92.89 E.03897
G1 X160.029 Y93.055 E.03667
G1 X160.537 Y93.076 E.02672
G1 X161.666 Y94.328 E.08861
G1 X162.559 Y95.546 E.07938
G1 X162.064 Y95.948 E.03351
G1 X161.386 Y96.796 E.05706
G1 X160.707 Y97.529 E.05251
G1 X160.029 Y98.015 E.04384
G1 X159.351 Y98.316 E.03899
G1 X158.673 Y98.48 E.03666
G1 X157.995 Y98.508 E.03566
G1 X157.316 Y98.326 E.03695
G1 X156.638 Y97.775 E.04592
G1 X155.96 Y96.927 E.05706
G1 X155.282 Y96.195 E.05244
G1 X154.604 Y95.708 E.04387
G1 X153.926 Y95.408 E.03897
G1 X153.247 Y95.243 E.03673
G1 X152.569 Y95.215 E.03566
G1 X151.891 Y95.397 E.0369
G1 X151.213 Y95.948 E.04592
G1 X150.535 Y96.796 E.05706
G1 X149.856 Y97.529 E.05251
G1 X149.178 Y98.015 E.04384
G1 X148.5 Y98.316 E.03899
G1 X147.822 Y98.48 E.03666
G1 X147.144 Y98.508 E.03566
G1 X146.465 Y98.326 E.03695
G1 X145.787 Y97.775 E.04592
G1 X145.109 Y96.927 E.05706
G1 X144.431 Y96.195 E.05244
G1 X143.753 Y95.708 E.04387
G1 X143.074 Y95.408 E.03901
G1 X142.396 Y95.243 E.03667
G1 X141.718 Y95.215 E.03566
G1 X141.04 Y95.397 E.0369
G1 X140.362 Y95.948 E.04592
G1 X139.684 Y96.796 E.05706
G1 X139.005 Y97.529 E.05251
G1 X138.327 Y98.015 E.04384
G1 X137.649 Y98.316 E.03899
G1 X136.971 Y98.48 E.03666
G1 X136.293 Y98.508 E.03566
G1 X135.614 Y98.326 E.03695
G1 X134.936 Y97.775 E.04592
G1 X133.852 Y96.488 E.08844
G1 X133.264 Y97.578 E.06509
G1 X132.679 Y98.924 E.07714
G1 X132.06 Y100.906 E.10913
G1 X132.902 Y100.669 E.04597
G1 X133.58 Y100.641 E.03566
G1 X134.258 Y100.823 E.0369
G1 X134.936 Y101.374 E.04592
G1 X135.614 Y102.222 E.05706
G1 X136.293 Y102.954 E.05248
G1 X136.971 Y103.441 E.04387
G1 X137.649 Y103.741 E.03897
G1 X138.327 Y103.906 E.03667
G1 X139.005 Y103.934 E.03566
G1 X139.684 Y103.752 E.03695
G1 X140.362 Y103.201 E.04592
G1 X141.04 Y102.353 E.05706
G1 X141.718 Y101.62 E.05248
G1 X142.396 Y101.134 E.04384
G1 X143.074 Y100.833 E.03899
G1 X143.753 Y100.669 E.03671
G1 X144.431 Y100.641 E.03566
G1 X145.109 Y100.823 E.0369
G1 X145.787 Y101.374 E.04592
G1 X146.465 Y102.222 E.05706
G1 X147.144 Y102.954 E.05248
G1 X147.822 Y103.441 E.04387
G1 X148.5 Y103.741 E.03897
G1 X149.178 Y103.906 E.03667
G1 X149.856 Y103.934 E.03566
G1 X150.535 Y103.752 E.03695
G1 X151.213 Y103.201 E.04592
G1 X151.891 Y102.353 E.05706
G1 X152.569 Y101.62 E.05248
G1 X153.247 Y101.134 E.04384
G1 X153.926 Y100.833 E.03904
G1 X154.604 Y100.669 E.03666
G1 X155.282 Y100.641 E.03566
G1 X155.96 Y100.823 E.0369
G1 X156.638 Y101.374 E.04592
G1 X157.316 Y102.222 E.05706
G1 X157.995 Y102.954 E.05248
G1 X158.673 Y103.441 E.04387
G1 X159.351 Y103.741 E.03897
G1 X160.029 Y103.906 E.03667
G1 X160.707 Y103.934 E.03566
G1 X161.386 Y103.752 E.03695
G1 X162.064 Y103.201 E.04592
G1 X162.742 Y102.353 E.05706
G1 X163.42 Y101.62 E.05248
G1 X164.098 Y101.134 E.04384
G1 X164.916 Y100.799 E.04646
G1 X165.284 Y102.658 E.0996
G1 E-8 F1500
G1 Z3.72 F3000
G1 X165.439 Y104.629 F12000
G1 Z3.52 F3000
G1 E8 F1500
G1 F2373.119
G1 X165.373 Y106.523 E.0996
G1 X164.777 Y106.259 E.03426
G1 X164.098 Y106.094 E.03673
G1 X163.42 Y106.066 E.03566
G1 X162.742 Y106.248 E.0369
G1 X162.064 Y106.799 E.04592
G1 X161.386 Y107.647 E.05706
G1 X160.707 Y108.38 E.05251
G1 X160.029 Y108.866 E.04384
G1 X159.351 Y109.167 E.03899
G1 X158.673 Y109.331 E.03666
G1 X157.995 Y109.359 E.03566
G1 X157.316 Y109.177 E.03695
G1 X156.638 Y108.626 E.04592
G1 X155.96 Y107.778 E.05706
G1 X155.282 Y107.046 E.05244
G1 X154.604 Y106.559 E.04387
G1 X153.926 Y106.259 E.03897
G1 X153.247 Y106.094 E.03673
G1 X152.569 Y106.066 E.03566
G1 X151.891 Y106.248 E.0369
G1 X151.213 Y106.799 E.04592
G1 X150.535 Y107.647 E.05706
G1 X149.856 Y108.38 E.05251
G1 X149.178 Y108.866 E.04384
G1 X148.5 Y109.167 E.03899
G1 X147.822 Y109.331 E.03666
G1 X147.144 Y109.359 E.03566
G1 X146.465 Y109.177 E.03695
G1 X145.787 Y108.626 E.04592
G1 X145.109 Y107.778 E.05706
G1 X144.431 Y107.046 E.05244
G1 X143.753 Y106.559 E.04387
G1 X143.074 Y106.259 E.03901
G1 X142.396 Y106.094 E.03667
G1 X141.718 Y106.066 E.03566
G1 X141.04 Y106.248 E.0369
G1 X140.362 Y106.799 E.04592
G1 X139.684 Y107.647 E.05706
G1 X139.005 Y108.38 E.05251
G1 X138.327 Y108.866 E.04384
G1 X137.649 Y109.167 E.03899
G1 X136.971 Y109.331 E.03666
G1 X136.293 Y109.359 E.03566
G1 X135.614 Y109.177 E.03695
G1 X134.936 Y108.626 E.04592
G1 X134.258 Y107.778 E.05706
G1 X133.58 Y107.046 E.05244
G1 X132.902 Y106.559 E.04387
G1 X132.223 Y106.259 E.03901
G1 X131.591 Y106.105 E.03419
G1 X131.819 Y107.987 E.09964
G1 E-8 F1500
G1 Z3.72 F3000
G1 X132.232 Y109.743 F12000
G1 Z3.52 F3000
G1 E8 F1500
G1 F2373.119
G1 X132.865 Y111.529 E.09959
G1 X133.58 Y111.492 E.03763
G1 X134.258 Y111.674 E.0369
G1 X134.936 Y112.225 E.04592
G1 X135.614 Y113.073 E.05706
G1 X136.293 Y113.805 E.05248
G1 X136.971 Y114.292 E.04387
G1 X137.649 Y114.592 E.03897
G1 X138.327 Y114.757 E.03667
G1 X139.005 Y114.785 E.03566
G1 X139.684 Y114.603 E.03695
G1 X140.362 Y114.052 E.04592
G1 X141.04 Y113.204 E.05706
G1 X141.718 Y112.471 E.05248
G1 X142.396 Y111.985 E.04384
G1 X143.074 Y111.684 E.03899
G1 X143.753 Y111.52 E.03671
G1 X144.431 Y111.492 E.03566
G1 X145.109 Y111.674 E.0369
G1 X145.787 Y112.225 E.04592
G1 X146.465 Y113.073 E.05706
G1 X147.144 Y113.805 E.05248
G1 X147.822 Y114.292 E.04387
G1 X148.5 Y114.592 E.03897
G1 X149.178 Y114.757 E.03667
G1 X149.856 Y114.785 E.03566
G1 X150.535 Y114.603 E.03695
G1 X151.213 Y114.052 E.04592
G1 X151.891 Y113.204 E.05706
G1 X152.569 Y112.471 E.05248
G1 X153.247 Y111.985 E.04384
G1 X153.926 Y111.684 E.03904
G1 X154.604 Y111.52 E.03666
G1 X155.282 Y111.492 E.03566
G1 X155.96 Y111.674 E.0369
G1 X156.638 Y112.225 E.04592
G1 X157.316 Y113.073 E.05706
G1 X157.995 Y113.805 E.05248
G1 X158.673 Y114.292 E.04387
G1 X159.351 Y114.592 E.03897
G1 X160.029 Y114.757 E.03667
G1 X160.707 Y114.785 E.03566
G1 X161.386 Y114.603 E.03695
G1 X162.064 Y114.052 E.04592
G1 X162.742 Y113.204 E.05706
G1 X163.42 Y112.471 E.05248
G1 X163.864 Y112.153 E.0287
G1 X164.561 Y110.39 E.09964
G1 E-8 F1500
G1 Z3.72 F3000
G1 X155.224 Y120.55 F12000
G1 Z3.52 F3000
G1 E8 F1500
G1 F2373.119
M73 P63 R6
G1 X156.921 Y119.707 E.09959
G1 X156.638 Y119.477 E.01917
G1 X155.96 Y118.629 E.05706
G1 X155.282 Y117.897 E.05244
G1 X154.604 Y117.41 E.04387
G1 X153.926 Y117.11 E.03897
G1 X153.247 Y116.945 E.03673
G1 X152.569 Y116.917 E.03566
G1 X151.891 Y117.099 E.0369
G1 X151.213 Y117.65 E.04592
G1 X150.535 Y118.498 E.05706
G1 X149.856 Y119.231 E.05251
G1 X149.178 Y119.717 E.04384
G1 X148.5 Y120.018 E.03899
G1 X147.822 Y120.182 E.03666
G1 X147.144 Y120.21 E.03566
G1 X146.465 Y120.028 E.03695
G1 X145.787 Y119.477 E.04592
G1 X145.109 Y118.629 E.05706
G1 X144.431 Y117.897 E.05244
G1 X143.753 Y117.41 E.04387
G1 X143.074 Y117.11 E.03901
G1 X142.396 Y116.945 E.03667
G1 X141.718 Y116.917 E.03566
G1 X141.04 Y117.099 E.0369
G1 X140.362 Y117.65 E.04592
G1 X139.117 Y119.11 E.10085
G1 X140.753 Y120.067 E.09962
;LAYER_CHANGE
;Z:3.72
;HEIGHT:0.2

G1 E-8 F1500
G1 Z3.72 F3000
;AFTER_LAYER_CHANGE
;3.72
G92 E0
_ON_LAYER_CHANGE LAYER=18
G1 Z3.92
G1 X148.508 Y85.342 F12000
G1 Z3.72 F3000
G1 E8 F1500
;TYPE:External perimeter
;WIDTH:0.674999
G1 F2373.121
G1 X148.749 Y85.34 E.01267
G1 X149.528 Y85.364 E.04096
G1 X150.555 Y85.445 E.05414
G1 X151.576 Y85.58 E.05413
G1 X152.588 Y85.767 E.05409
G1 X153.498 Y85.984 E.04917
G1 X154.248 Y86.196 E.04096
G1 X155.225 Y86.523 E.05415
G1 X156.183 Y86.901 E.05413
G1 X157.12 Y87.328 E.05412
G1 X157.95 Y87.758 E.04913
G1 X158.626 Y88.146 E.04097
G1 X159.495 Y88.699 E.05414
G1 X160.333 Y89.297 E.05411
G1 X161.139 Y89.938 E.05412
G1 X161.91 Y90.62 E.0541
G1 X162.645 Y91.342 E.05415
G1 X163.111 Y91.842 E.03592
G1 X163.781 Y92.626 E.0542
G1 X164.407 Y93.443 E.0541
G1 X164.991 Y94.292 E.05416
G1 X165.353 Y94.872 E.03593
G1 X165.861 Y95.769 E.05418
G1 X166.32 Y96.69 E.05408
G1 X166.731 Y97.636 E.05421
G1 X166.976 Y98.274 E.03592
G1 X167.303 Y99.251 E.05415
G1 X167.578 Y100.243 E.0541
G1 X167.801 Y101.248 E.05411
G1 X167.971 Y102.264 E.05414
G1 X168.088 Y103.286 E.05406
G1 X168.15 Y104.314 E.05413
G1 X168.159 Y105.343 E.05408
G1 X168.114 Y106.372 E.05413
G1 X168.016 Y107.398 E.05417
G1 X167.921 Y108.074 E.03588
G1 X167.732 Y109.089 E.05426
G1 X167.579 Y109.755 E.03592
G1 X167.303 Y110.749 E.05422
G1 X166.977 Y111.725 E.05408
G1 X166.599 Y112.683 E.05413
G1 X166.172 Y113.621 E.05417
G1 X165.862 Y114.23 E.03592
G1 X165.354 Y115.127 E.05418
G1 X164.801 Y115.995 E.05409
G1 X164.203 Y116.833 E.05411
G1 X163.562 Y117.639 E.05412
G1 X162.88 Y118.41 E.0541
G1 X162.158 Y119.145 E.05415
G1 X161.658 Y119.611 E.03592
G1 X160.874 Y120.281 E.0542
G1 X160.057 Y120.907 E.0541
G1 X159.209 Y121.49 E.05409
G1 X158.331 Y122.028 E.05412
G1 X157.425 Y122.52 E.05419
G1 X156.811 Y122.82 E.03592
G1 X155.864 Y123.231 E.05426
G1 X155.226 Y123.476 E.03592
G1 X154.249 Y123.803 E.05415
G1 X153.257 Y124.078 E.0541
G1 X152.252 Y124.301 E.05411
G1 X151.236 Y124.471 E.05414
G1 X150.214 Y124.588 E.05406
G1 X149.186 Y124.65 E.05413
G1 X148.157 Y124.659 E.05408
G1 X147.127 Y124.614 E.05419
G1 X146.446 Y124.555 E.03593
G1 X145.424 Y124.42 E.05418
G1 X144.412 Y124.233 E.05409
G1 X143.41 Y123.992 E.05416
G1 X142.753 Y123.804 E.03592
G1 X141.775 Y123.477 E.0542
G1 X140.817 Y123.099 E.05413
G1 X139.88 Y122.672 E.05412
G1 X139.05 Y122.242 E.04913
G1 X138.374 Y121.854 E.04097
G1 X137.505 Y121.301 E.05414
G1 X136.667 Y120.703 E.05411
G1 X135.861 Y120.062 E.05412
G1 X135.09 Y119.38 E.0541
G1 X134.355 Y118.658 E.05415
G1 X133.889 Y118.158 E.03592
G1 X133.219 Y117.374 E.0542
G1 X132.593 Y116.557 E.0541
G1 X132.009 Y115.708 E.05416
G1 X131.647 Y115.128 E.03593
G1 X131.139 Y114.231 E.05418
G1 X130.68 Y113.31 E.05408
G1 X130.269 Y112.366 E.05411
G1 X129.909 Y111.401 E.05413
G1 X129.599 Y110.42 E.05407
G1 X129.341 Y109.423 E.05413
G1 X129.153 Y108.507 E.04915
G1 X129.029 Y107.737 E.04099
G1 X128.912 Y106.714 E.05412
G1 X128.85 Y105.686 E.05413
G1 X128.841 Y104.657 E.05408
G1 X128.886 Y103.628 E.05413
G1 X128.974 Y102.697 E.04915
G1 X129.08 Y101.925 E.04096
G1 X129.267 Y100.912 E.05414
G1 X129.508 Y99.911 E.05411
G1 X129.8 Y98.924 E.0541
G1 X130.144 Y97.953 E.05414
G1 X130.5 Y97.089 E.04911
G1 X130.827 Y96.381 E.04099
G1 X131.303 Y95.468 E.05412
G1 X131.825 Y94.581 E.05409
G1 X132.394 Y93.721 E.0542
G1 X132.796 Y93.168 E.03593
G1 X133.438 Y92.361 E.0542
G1 X134.12 Y91.59 E.0541
G1 X134.842 Y90.856 E.05411
G1 X135.53 Y90.223 E.04914
G1 X136.125 Y89.72 E.04095
G1 X136.943 Y89.093 E.05417
G1 X137.791 Y88.51 E.05409
G1 X138.588 Y88.02 E.04917
G1 X139.268 Y87.64 E.04094
G1 X140.19 Y87.18 E.05415
G1 X141.134 Y86.769 E.05411
G1 X142.098 Y86.409 E.05408
G1 X143.081 Y86.099 E.05417
G1 X143.985 Y85.863 E.0491
G1 X144.747 Y85.699 E.04097
G1 X145.764 Y85.529 E.05419
G1 X146.786 Y85.412 E.05406
G1 X147.814 Y85.35 E.05413
G1 X148.478 Y85.343 E.0349
G1 X149.078 Y85.351 F12000
G1 X148.502 Y86.037
;TYPE:Perimeter
G1 E-10F1500
G1 F12000.0
T1
G1 E20F1500
;WIDTH:0.799999
G1 F1981.299
G1 X148.742 Y86.034 E.01511
G1 X149.49 Y86.058 E.04711
G1 X150.483 Y86.136 E.0627
G1 X151.467 Y86.266 E.06248
G1 X152.444 Y86.447 E.06255
G1 X153.323 Y86.656 E.05688
G1 X154.043 Y86.86 E.04711
G1 X154.987 Y87.176 E.06267
G1 X155.911 Y87.54 E.06252
G1 X156.816 Y87.952 E.0626
G1 X157.617 Y88.368 E.05682
G1 X158.267 Y88.74 E.04715
G1 X159.107 Y89.275 E.06269
G1 X159.915 Y89.852 E.0625
G1 X160.692 Y90.47 E.0625
G1 X161.436 Y91.128 E.06253
G1 X162.147 Y91.827 E.06277
G1 X162.593 Y92.305 E.04115
G1 X163.241 Y93.063 E.06278
G1 X163.845 Y93.851 E.0625
G1 X164.41 Y94.673 E.06279
G1 X164.756 Y95.227 E.04112
G1 X165.247 Y96.095 E.06278
G1 X165.69 Y96.984 E.06253
G1 X166.088 Y97.899 E.06281
G1 X166.481 Y98.984 E.07264
G1 X166.771 Y99.933 E.06247
G1 X167.012 Y100.896 E.06249
G1 X167.201 Y101.871 E.06252
G1 X167.339 Y102.854 E.06249
G1 X167.426 Y103.842 E.06244
G1 X167.465 Y105.331 E.09377
G1 X167.421 Y106.323 E.06251
G1 X167.326 Y107.316 E.0628
G1 X167.235 Y107.963 E.04113
G1 X167.052 Y108.948 E.06307
G1 X166.905 Y109.584 E.04109
G1 X166.639 Y110.546 E.06283
G1 X166.324 Y111.487 E.06247
G1 X165.96 Y112.411 E.06252
G1 X165.546 Y113.319 E.06282
G1 X165.25 Y113.901 E.0411
G1 X164.758 Y114.769 E.06281
G1 X164.225 Y115.607 E.06252
G1 X163.648 Y116.415 E.0625
G1 X163.03 Y117.192 E.0625
G1 X162.372 Y117.936 E.06253
G1 X161.673 Y118.647 E.06277
G1 X161.195 Y119.093 E.04115
G1 X160.437 Y119.741 E.06278
G1 X159.649 Y120.345 E.0625
G1 X158.83 Y120.908 E.06256
G1 X157.984 Y121.426 E.06245
G1 X157.107 Y121.902 E.06282
G1 X156.52 Y122.189 E.04113
G1 X155.601 Y122.588 E.06307
G1 X154.992 Y122.822 E.04107
G1 X154.046 Y123.139 E.06281
G1 X153.089 Y123.404 E.06251
G1 X152.119 Y123.619 E.06254
G1 X151.14 Y123.783 E.06249
G1 X150.153 Y123.895 E.06253
G1 X149.162 Y123.956 E.0625
G1 X148.169 Y123.965 E.06251
G1 X147.172 Y123.921 E.06282
G1 X146.522 Y123.864 E.04108
G1 X145.533 Y123.734 E.06279
G1 X144.556 Y123.553 E.06255
G1 X143.586 Y123.32 E.0628
G1 X142.959 Y123.14 E.04106
G1 X142.013 Y122.824 E.06279
G1 X141.089 Y122.46 E.06252
G1 X140.184 Y122.048 E.0626
G1 X139.383 Y121.632 E.05682
G1 X138.733 Y121.26 E.04715
G1 X137.893 Y120.725 E.06269
G1 X137.085 Y120.148 E.0625
G1 X136.308 Y119.53 E.0625
G1 X135.564 Y118.872 E.06253
G1 X134.853 Y118.173 E.06277
G1 X134.407 Y117.695 E.04115
G1 X133.759 Y116.937 E.06278
G1 X133.155 Y116.149 E.0625
G1 X132.59 Y115.327 E.06279
G1 X132.244 Y114.773 E.04112
G1 X131.753 Y113.905 E.06278
G1 X131.31 Y113.016 E.06253
G1 X130.914 Y112.105 E.06253
G1 X130.566 Y111.175 E.06251
G1 X130.267 Y110.228 E.06252
G1 X130.018 Y109.266 E.06255
G1 X129.837 Y108.381 E.05687
G1 X129.717 Y107.643 E.04707
G1 X129.605 Y106.653 E.06272
G1 X129.544 Y105.662 E.0625
G1 X129.535 Y104.669 E.06251
G1 X129.579 Y103.676 E.06257
G1 X129.664 Y102.777 E.05685
G1 X129.765 Y102.036 E.04708
G1 X129.947 Y101.056 E.06275
G1 X130.179 Y100.091 E.06248
G1 X130.461 Y99.139 E.0625
G1 X130.793 Y98.202 E.06258
G1 X131.137 Y97.367 E.05685
G1 X131.451 Y96.688 E.04709
G1 X131.911 Y95.804 E.06273
G1 X132.415 Y94.949 E.06248
G1 X132.965 Y94.117 E.06279
G1 X133.349 Y93.589 E.0411
G1 X133.97 Y92.808 E.06281
G1 X134.628 Y92.064 E.06253
G1 X135.325 Y91.355 E.06259
G1 X135.989 Y90.744 E.0568
G1 X136.561 Y90.261 E.04713
G1 X137.351 Y89.655 E.06268
G1 X138.17 Y89.092 E.06256
G1 X138.939 Y88.619 E.05683
G1 X139.593 Y88.254 E.04715
G1 X140.484 Y87.81 E.06267
G1 X141.395 Y87.414 E.06253
G1 X142.325 Y87.066 E.06251
G1 X143.273 Y86.767 E.06258
G1 X144.146 Y86.539 E.0568
G1 X144.878 Y86.381 E.04714
G1 X145.86 Y86.217 E.06267
G1 X146.847 Y86.105 E.06253
G1 X147.839 Y86.044 E.06257
G1 X148.472 Y86.037 E.03985
G1 X148.496 Y86.794 F12000
G1 F1981.299
G1 X148.734 Y86.792 E.01498
G1 X149.448 Y86.814 E.04497
G1 X150.403 Y86.89 E.06031
G1 X151.349 Y87.014 E.06006
G1 X152.288 Y87.188 E.06012
G1 X153.132 Y87.389 E.05462
G1 X153.819 Y87.584 E.04496
G1 X154.728 Y87.888 E.06034
G1 X155.615 Y88.237 E.06
G1 X156.484 Y88.633 E.06012
G1 X157.255 Y89.033 E.05468
G1 X157.875 Y89.388 E.04497
G1 X158.683 Y89.903 E.06032
G1 X159.459 Y90.457 E.06002
G1 X160.205 Y91.05 E.05999
G1 X160.919 Y91.682 E.06003
G1 X161.605 Y92.356 E.06054
G1 X162.028 Y92.809 E.03902
G1 X162.652 Y93.54 E.0605
G1 X163.232 Y94.296 E.05998
G1 X163.777 Y95.088 E.06052
G1 X164.105 Y95.614 E.03902
G1 X164.579 Y96.451 E.06055
G1 X165.004 Y97.304 E.05999
G1 X165.264 Y97.901 E.04099
G1 X165.498 Y98.475 E.03902
G1 X165.763 Y99.224 E.05001
G1 X166.042 Y100.135 E.05998
G1 X166.272 Y101.06 E.06
G1 X166.454 Y101.995 E.05996
G1 X166.587 Y102.939 E.06001
G1 X166.67 Y103.889 E.06003
G1 X166.707 Y105.318 E.08999
G1 X166.666 Y106.27 E.05999
G1 X166.574 Y107.227 E.06052
G1 X166.487 Y107.841 E.03904
G1 X166.311 Y108.794 E.06101
G1 X166.171 Y109.398 E.03903
G1 X165.915 Y110.324 E.06048
G1 X165.612 Y111.228 E.06002
G1 X165.263 Y112.115 E.06
G1 X164.864 Y112.99 E.06054
G1 X164.583 Y113.542 E.03899
G1 X164.109 Y114.379 E.06055
G1 X163.597 Y115.183 E.06
G1 X163.043 Y115.959 E.06002
G1 X162.45 Y116.705 E.05999
M73 P64 R6
G1 X161.818 Y117.419 E.06003
G1 X161.144 Y118.105 E.06054
G1 X160.691 Y118.528 E.03902
G1 X159.96 Y119.152 E.0605
G1 X159.204 Y119.732 E.05998
G1 X158.418 Y120.272 E.06003
G1 X157.605 Y120.771 E.06005
G1 X156.76 Y121.229 E.06051
G1 X156.203 Y121.501 E.03902
G1 X155.314 Y121.887 E.06101
G1 X154.736 Y122.11 E.039
G1 X153.824 Y122.415 E.06054
G1 X152.905 Y122.669 E.06002
G1 X151.975 Y122.876 E.05998
G1 X151.034 Y123.033 E.06006
G1 X150.087 Y123.141 E.06
G1 X149.136 Y123.199 E.05998
G1 X148.182 Y123.207 E.06006
G1 X147.222 Y123.166 E.06049
G1 X146.604 Y123.111 E.03906
G1 X145.651 Y122.986 E.06051
G1 X144.714 Y122.812 E.05999
G1 X143.779 Y122.588 E.06053
G1 X143.183 Y122.417 E.03903
G1 X142.272 Y122.112 E.06048
G1 X141.385 Y121.763 E.06
G1 X140.516 Y121.367 E.06012
G1 X139.745 Y120.967 E.05468
G1 X139.125 Y120.612 E.04497
G1 X138.317 Y120.097 E.06032
G1 X137.541 Y119.543 E.06002
G1 X136.795 Y118.95 E.05999
G1 X136.081 Y118.318 E.06003
G1 X135.395 Y117.644 E.06054
G1 X134.972 Y117.191 E.03902
G1 X134.348 Y116.46 E.0605
G1 X133.768 Y115.704 E.05998
G1 X133.223 Y114.912 E.06052
G1 X132.895 Y114.386 E.03902
G1 X132.421 Y113.549 E.06055
G1 X131.996 Y112.696 E.05999
G1 X131.616 Y111.822 E.05999
G1 X131.282 Y110.929 E.06002
G1 X130.995 Y110.019 E.06007
G1 X130.756 Y109.095 E.06008
G1 X130.582 Y108.245 E.05462
G1 X130.468 Y107.539 E.04502
G1 X130.359 Y106.587 E.06032
G1 X130.301 Y105.636 E.05998
G1 X130.293 Y104.682 E.06006
G1 X130.334 Y103.728 E.06011
G1 X130.416 Y102.864 E.05463
G1 X130.513 Y102.156 E.04499
G1 X130.688 Y101.214 E.06031
G1 X130.91 Y100.287 E.06001
G1 X131.181 Y99.373 E.06001
G1 X131.5 Y98.473 E.06011
G1 X131.83 Y97.67 E.05465
G1 X132.13 Y97.022 E.04495
G1 X132.573 Y96.172 E.06034
G1 X133.057 Y95.35 E.06005
G1 X133.587 Y94.549 E.06046
G1 X133.952 Y94.047 E.03907
G1 X134.55 Y93.295 E.06048
G1 X135.182 Y92.581 E.06003
G1 X135.851 Y91.899 E.06014
G1 X136.49 Y91.312 E.05462
G1 X137.036 Y90.851 E.04498
G1 X137.796 Y90.268 E.0603
G1 X138.583 Y89.727 E.06012
G1 X139.322 Y89.272 E.05463
G1 X139.946 Y88.924 E.04498
G1 X140.804 Y88.496 E.06036
G1 X141.678 Y88.116 E.05999
G1 X142.571 Y87.782 E.06002
G1 X143.482 Y87.495 E.06013
G1 X144.322 Y87.276 E.05465
G1 X145.02 Y87.125 E.04496
G1 X145.966 Y86.967 E.06038
G1 X146.913 Y86.859 E.06
G1 X147.866 Y86.801 E.0601
G1 X148.466 Y86.794 E.03777
G1 X148.489 Y87.551 F12000
G1 F1981.299
G1 X148.726 Y87.549 E.01492
G1 X149.406 Y87.57 E.04283
G1 X150.324 Y87.643 E.05797
G1 X151.23 Y87.762 E.05752
G1 X152.131 Y87.929 E.05769
G1 X152.941 Y88.122 E.05242
G1 X153.596 Y88.307 E.04285
G1 X154.469 Y88.6 E.05797
G1 X155.319 Y88.935 E.05751
G1 X156.153 Y89.314 E.05767
G1 X156.892 Y89.698 E.05243
G1 X157.483 Y90.036 E.04286
G1 X158.26 Y90.531 E.058
G1 X159.003 Y91.062 E.05749
G1 X159.719 Y91.63 E.05753
G1 X160.403 Y92.236 E.05753
G1 X161.063 Y92.884 E.05823
G1 X161.463 Y93.313 E.03692
G1 X162.063 Y94.017 E.05823
G1 X162.62 Y94.741 E.0575
G1 X163.144 Y95.504 E.05827
G1 X163.455 Y96.001 E.03691
G1 X163.91 Y96.806 E.05821
G1 X164.318 Y97.624 E.05754
G1 X164.569 Y98.203 E.03973
G1 X164.792 Y98.746 E.03695
G1 X165.045 Y99.464 E.04792
G1 X165.312 Y100.337 E.05747
G1 X165.533 Y101.224 E.05754
G1 X165.708 Y102.12 E.05747
G1 X165.835 Y103.025 E.05753
G1 X165.914 Y103.935 E.0575
G1 X165.95 Y105.305 E.08627
G1 X165.91 Y106.217 E.05747
G1 X165.822 Y107.138 E.05824
G1 X165.74 Y107.719 E.03694
G1 X165.569 Y108.64 E.05897
G1 X165.437 Y109.212 E.03695
G1 X165.19 Y110.103 E.05821
G1 X164.9 Y110.969 E.05749
G1 X164.565 Y111.819 E.05751
G1 X164.182 Y112.661 E.05823
G1 X163.915 Y113.184 E.03697
G1 X163.46 Y113.989 E.05821
G1 X162.969 Y114.76 E.05754
G1 X162.439 Y115.503 E.05745
G1 X161.87 Y116.218 E.05752
G1 X161.264 Y116.903 E.05757
G1 X160.616 Y117.563 E.05823
G1 X160.187 Y117.963 E.03692
G1 X159.483 Y118.563 E.05823
G1 X158.759 Y119.12 E.0575
G1 X158.005 Y119.637 E.05755
G1 X157.226 Y120.115 E.05754
G1 X156.414 Y120.556 E.05817
G1 X155.886 Y120.813 E.03697
G1 X155.028 Y121.186 E.0589
G1 X154.48 Y121.397 E.03697
G1 X153.603 Y121.69 E.05821
G1 X152.722 Y121.934 E.05755
G1 X151.83 Y122.132 E.05752
G1 X150.929 Y122.283 E.05751
G1 X150.021 Y122.386 E.05753
G1 X149.109 Y122.442 E.05752
G1 X148.195 Y122.45 E.05754
G1 X147.271 Y122.41 E.05822
G1 X146.687 Y122.359 E.0369
G1 X145.77 Y122.238 E.05823
G1 X144.871 Y122.072 E.05755
G1 X143.972 Y121.856 E.0582
G1 X143.408 Y121.694 E.03694
G1 X142.531 Y121.4 E.05823
G1 X141.681 Y121.065 E.05751
G1 X140.847 Y120.686 E.05767
G1 X140.108 Y120.302 E.05243
G1 X139.517 Y119.964 E.04286
G1 X138.74 Y119.469 E.058
G1 X137.997 Y118.939 E.05745
G1 X137.281 Y118.37 E.05757
G1 X136.597 Y117.764 E.05753
G1 X135.937 Y117.116 E.05823
G1 X135.537 Y116.687 E.03692
G1 X134.937 Y115.983 E.05823
G1 X134.38 Y115.259 E.0575
G1 X133.856 Y114.496 E.05827
G1 X133.545 Y113.999 E.03691
G1 X133.09 Y113.194 E.05821
G1 X132.682 Y112.376 E.05754
G1 X132.318 Y111.538 E.05751
G1 X131.998 Y110.682 E.05753
G1 X131.723 Y109.811 E.0575
G1 X131.494 Y108.924 E.05767
G1 X131.326 Y108.108 E.05245
G1 X131.218 Y107.436 E.04285
G1 X131.114 Y106.521 E.05797
G1 X131.058 Y105.609 E.05752
G1 X131.05 Y104.695 E.05754
G1 X131.09 Y103.78 E.05766
G1 X131.168 Y102.951 E.05242
G1 X131.261 Y102.277 E.04283
G1 X131.428 Y101.371 E.05799
G1 X131.642 Y100.483 E.0575
G1 X131.901 Y99.607 E.05751
G1 X132.207 Y98.743 E.0577
G1 X132.524 Y97.974 E.05236
G1 X132.81 Y97.355 E.04293
G1 X133.235 Y96.539 E.05792
G1 X133.699 Y95.751 E.05757
G1 X134.21 Y94.98 E.05823
G1 X134.555 Y94.505 E.03696
G1 X135.13 Y93.781 E.0582
G1 X135.736 Y93.097 E.05753
G1 X136.378 Y92.444 E.05765
G1 X136.991 Y91.88 E.05244
G1 X137.511 Y91.441 E.04284
G1 X138.241 Y90.88 E.05796
G1 X138.996 Y90.362 E.05764
G1 X139.705 Y89.925 E.05243
G1 X140.3 Y89.593 E.04289
G1 X141.124 Y89.182 E.05797
G1 X141.962 Y88.818 E.05751
G1 X142.818 Y88.498 E.05753
G1 X143.692 Y88.223 E.05768
G1 X144.497 Y88.013 E.05237
G1 X145.163 Y87.869 E.04289
G1 X146.071 Y87.717 E.05796
G1 X146.979 Y87.614 E.05753
G1 X147.893 Y87.558 E.05765
G1 X148.459 Y87.552 E.03563
G1 E-8 F1500
G1 Z3.92 F3000
G1 X138.427 Y91.375 F12000
G1 Z3.72 F3000
G1 E8 F1500
;TYPE:Internal infill
G1 E-10F1500
G1 F12000.0
T0
G1 E16F1500
G1 F12000.0
;WIDTH:0.675
G1 F2373.119
G1 X136.97 Y92.586 E.09957
G1 X137.649 Y92.948 E.04044
G1 X138.327 Y93.174 E.03756
G1 X139.005 Y93.279 E.03606
G1 X139.684 Y93.193 E.03597
G1 X140.023 Y93.01 E.02025
G1 X140.362 Y92.681 E.02483
G1 X141.718 Y90.851 E.11971
G1 X142.396 Y90.286 E.04639
G1 X143.074 Y89.925 E.04037
G1 X143.753 Y89.699 E.03761
G1 X144.431 Y89.594 E.03606
G1 X145.109 Y89.68 E.03592
G1 X145.448 Y89.862 E.02022
G1 X145.787 Y90.192 E.02486
G1 X147.144 Y92.021 E.1197
G1 X147.822 Y92.586 E.04639
G1 X148.5 Y92.948 E.0404
G1 X149.178 Y93.174 E.03756
G1 X149.856 Y93.279 E.03606
G1 X150.535 Y93.193 E.03597
G1 X150.874 Y93.01 E.02025
G1 X151.213 Y92.681 E.02483
G1 X152.569 Y90.851 E.11971
G1 X153.247 Y90.286 E.04639
G1 X153.926 Y89.925 E.04042
G1 X154.604 Y89.699 E.03756
G1 X155.282 Y89.594 E.03606
G1 X155.65 Y89.64 E.01949
G1 X156.513 Y90.07 E.05068
G1 X156.638 Y90.192 E.00918
G1 X157.995 Y92.021 E.1197
G1 X158.673 Y92.586 E.04639
G1 X159.351 Y92.948 E.0404
G1 X160.029 Y93.174 E.03756
G1 X160.736 Y93.275 E.03754
G1 X161.671 Y94.335 E.07429
G1 X162.39 Y95.3 E.06325
G1 X162.064 Y95.617 E.0239
G1 X160.707 Y97.447 E.11974
G1 X160.029 Y98.012 E.04639
G1 X159.351 Y98.373 E.04037
G1 X158.673 Y98.599 E.03756
G1 X157.995 Y98.704 E.03606
G1 X157.316 Y98.618 E.03597
G1 X156.977 Y98.436 E.02022
G1 X156.638 Y98.106 E.02486
G1 X155.282 Y96.277 E.11967
G1 X154.604 Y95.712 E.04639
G1 X153.926 Y95.35 E.0404
G1 X153.247 Y95.124 E.03761
G1 X152.569 Y95.019 E.03606
G1 X151.891 Y95.105 E.03592
G1 X151.552 Y95.288 E.02025
G1 X151.213 Y95.617 E.02483
G1 X149.856 Y97.447 E.11974
G1 X149.178 Y98.012 E.04639
G1 X148.5 Y98.373 E.04037
G1 X147.822 Y98.599 E.03756
G1 X147.144 Y98.704 E.03606
G1 X146.465 Y98.618 E.03597
G1 X146.126 Y98.436 E.02022
G1 X145.787 Y98.106 E.02486
G1 X144.431 Y96.277 E.11967
G1 X143.753 Y95.712 E.04639
G1 X143.074 Y95.35 E.04044
G1 X142.396 Y95.124 E.03756
G1 X141.718 Y95.019 E.03606
G1 X141.04 Y95.105 E.03592
G1 X140.701 Y95.288 E.02025
G1 X140.362 Y95.617 E.02483
G1 X139.005 Y97.447 E.11974
G1 X138.327 Y98.012 E.04639
G1 X137.649 Y98.373 E.04037
G1 X136.971 Y98.599 E.03756
G1 X136.293 Y98.704 E.03606
G1 X135.614 Y98.618 E.03597
G1 X135.275 Y98.436 E.02022
G1 X134.936 Y98.106 E.02486
G1 X133.807 Y96.564 E.10044
G1 X133.264 Y97.578 E.06045
G1 X132.679 Y98.924 E.07714
G1 X132.072 Y100.857 E.10649
G1 X132.902 Y100.55 E.04651
G1 X133.58 Y100.445 E.03606
G1 X134.258 Y100.531 E.03592
G1 X134.597 Y100.713 E.02022
G1 X134.936 Y101.043 E.02486
G1 X136.293 Y102.872 E.1197
G1 X136.971 Y103.437 E.04639
G1 X137.649 Y103.799 E.0404
G1 X138.327 Y104.025 E.03756
G1 X139.005 Y104.13 E.03606
G1 X139.684 Y104.044 E.03597
G1 X140.023 Y103.861 E.02025
G1 X140.362 Y103.532 E.02483
G1 X141.718 Y101.702 E.11971
G1 X142.396 Y101.137 E.04639
G1 X143.074 Y100.776 E.04037
G1 X143.753 Y100.55 E.03761
G1 X144.431 Y100.445 E.03606
G1 X145.109 Y100.531 E.03592
G1 X145.448 Y100.713 E.02022
G1 X145.787 Y101.043 E.02486
G1 X147.144 Y102.872 E.1197
G1 X147.822 Y103.437 E.04639
G1 X148.5 Y103.799 E.0404
G1 X149.178 Y104.025 E.03756
G1 X149.856 Y104.13 E.03606
G1 X150.535 Y104.044 E.03597
G1 X150.874 Y103.861 E.02025
G1 X151.213 Y103.532 E.02483
G1 X152.569 Y101.702 E.11971
G1 X153.247 Y101.137 E.04639
G1 X153.926 Y100.776 E.04042
G1 X154.604 Y100.55 E.03756
G1 X155.282 Y100.445 E.03606
G1 X155.96 Y100.531 E.03592
G1 X156.299 Y100.713 E.02022
G1 X156.638 Y101.043 E.02486
G1 X157.995 Y102.872 E.1197
G1 X158.673 Y103.437 E.04639
G1 X159.351 Y103.799 E.0404
G1 X160.029 Y104.025 E.03756
G1 X160.707 Y104.13 E.03606
G1 X161.386 Y104.044 E.03597
G1 X161.725 Y103.861 E.02025
G1 X162.064 Y103.532 E.02483
G1 X163.42 Y101.702 E.11971
G1 X164.098 Y101.137 E.04639
G1 X164.898 Y100.735 E.04706
G1 X165.274 Y102.593 E.09963
G1 E-8 F1500
G1 Z3.92 F3000
M73 P65 R6
G1 X165.439 Y104.626 F12000
G1 Z3.72 F3000
G1 E8 F1500
G1 F2373.119
G1 X165.374 Y106.519 E.09955
G1 X164.777 Y106.201 E.03555
G1 X164.098 Y105.975 E.03761
G1 X163.42 Y105.87 E.03606
G1 X162.742 Y105.956 E.03592
G1 X162.403 Y106.139 E.02025
G1 X162.064 Y106.468 E.02483
G1 X160.707 Y108.298 E.11974
G1 X160.029 Y108.863 E.04639
G1 X159.351 Y109.224 E.04037
G1 X158.673 Y109.45 E.03756
G1 X157.995 Y109.555 E.03606
G1 X157.316 Y109.469 E.03597
G1 X156.977 Y109.287 E.02022
G1 X156.638 Y108.957 E.02486
G1 X155.282 Y107.128 E.11967
G1 X154.604 Y106.563 E.04639
G1 X153.926 Y106.201 E.0404
G1 X153.247 Y105.975 E.03761
G1 X152.569 Y105.87 E.03606
G1 X151.891 Y105.956 E.03592
G1 X151.552 Y106.139 E.02025
G1 X151.213 Y106.468 E.02483
G1 X149.856 Y108.298 E.11974
G1 X149.178 Y108.863 E.04639
G1 X148.5 Y109.224 E.04037
G1 X147.822 Y109.45 E.03756
G1 X147.144 Y109.555 E.03606
G1 X146.465 Y109.469 E.03597
G1 X146.126 Y109.287 E.02022
G1 X145.787 Y108.957 E.02486
G1 X144.431 Y107.128 E.11967
G1 X143.753 Y106.563 E.04639
G1 X143.074 Y106.201 E.04044
G1 X142.396 Y105.975 E.03756
G1 X141.718 Y105.87 E.03606
G1 X141.04 Y105.956 E.03592
G1 X140.701 Y106.139 E.02025
G1 X140.362 Y106.468 E.02483
G1 X139.005 Y108.298 E.11974
G1 X138.327 Y108.863 E.04639
G1 X137.649 Y109.224 E.04037
G1 X136.971 Y109.45 E.03756
G1 X136.293 Y109.555 E.03606
G1 X135.614 Y109.469 E.03597
G1 X135.275 Y109.287 E.02022
G1 X134.936 Y108.957 E.02486
G1 X133.58 Y107.128 E.11967
G1 X132.902 Y106.563 E.04639
G1 X132.223 Y106.201 E.04044
G1 X131.587 Y105.989 E.03523
G1 X131.8 Y107.872 E.0996
G1 E-8 F1500
G1 Z3.92 F3000
G1 X132.2 Y109.637 F12000
G1 Z3.72 F3000
G1 E8 F1500
G1 F2373.119
G1 X132.821 Y111.428 E.09963
G1 X133.58 Y111.296 E.04049
G1 X134.258 Y111.382 E.03592
G1 X134.597 Y111.564 E.02022
G1 X134.936 Y111.894 E.02486
G1 X136.293 Y113.724 E.11974
G1 X136.971 Y114.288 E.04635
G1 X137.649 Y114.65 E.0404
G1 X138.327 Y114.876 E.03756
G1 X139.005 Y114.981 E.03606
G1 X139.684 Y114.895 E.03597
G1 X140.023 Y114.712 E.02025
G1 X140.362 Y114.383 E.02483
G1 X141.718 Y112.553 E.11971
G1 X142.396 Y111.988 E.04639
G1 X143.074 Y111.627 E.04037
G1 X143.753 Y111.401 E.03761
G1 X144.431 Y111.296 E.03606
G1 X145.109 Y111.382 E.03592
G1 X145.448 Y111.564 E.02022
G1 X145.787 Y111.894 E.02486
G1 X147.144 Y113.724 E.11974
G1 X147.822 Y114.288 E.04635
G1 X148.5 Y114.65 E.0404
G1 X149.178 Y114.876 E.03756
G1 X149.856 Y114.981 E.03606
G1 X150.535 Y114.895 E.03597
G1 X150.874 Y114.712 E.02025
G1 X151.213 Y114.383 E.02483
G1 X152.569 Y112.553 E.11971
G1 X153.247 Y111.988 E.04639
G1 X153.926 Y111.627 E.04042
G1 X154.604 Y111.401 E.03756
G1 X155.282 Y111.296 E.03606
G1 X155.96 Y111.382 E.03592
G1 X156.299 Y111.564 E.02022
G1 X156.638 Y111.894 E.02486
G1 X157.995 Y113.724 E.11974
G1 X158.673 Y114.288 E.04635
G1 X159.351 Y114.65 E.0404
G1 X160.029 Y114.876 E.03756
G1 X160.707 Y114.981 E.03606
G1 X161.386 Y114.895 E.03597
G1 X161.725 Y114.712 E.02025
G1 X162.064 Y114.383 E.02483
G1 X163.42 Y112.553 E.11971
G1 X163.832 Y112.21 E.02818
G1 X164.541 Y110.452 E.09963
G1 E-8 F1500
G1 Z3.92 F3000
G1 X154.964 Y120.663 F12000
G1 Z3.72 F3000
G1 E8 F1500
G1 F2373.119
M73 P65 R5
G1 X156.672 Y119.841 E.09962
G1 X155.282 Y117.979 E.12212
G1 X154.604 Y117.414 E.04639
G1 X153.926 Y117.052 E.0404
G1 X153.247 Y116.826 E.03761
G1 X152.569 Y116.721 E.03606
G1 X151.891 Y116.807 E.03592
G1 X151.552 Y116.99 E.02025
G1 X151.213 Y117.319 E.02483
G1 X149.856 Y119.149 E.11974
G1 X149.178 Y119.714 E.04639
G1 X148.5 Y120.075 E.04037
G1 X147.822 Y120.301 E.03756
G1 X147.144 Y120.406 E.03606
G1 X146.465 Y120.32 E.03597
G1 X146.126 Y120.138 E.02022
G1 X145.787 Y119.808 E.02486
G1 X144.431 Y117.979 E.11967
G1 X143.753 Y117.414 E.04639
G1 X143.074 Y117.052 E.04044
G1 X142.396 Y116.826 E.03756
G1 X141.718 Y116.721 E.03606
G1 X141.04 Y116.807 E.03592
G1 X140.701 Y116.99 E.02025
G1 X140.362 Y117.319 E.02483
G1 X139.063 Y119.076 E.11484
G1 X140.696 Y120.038 E.09961
;LAYER_CHANGE
;Z:3.92
;HEIGHT:0.2

G1 E-8 F1500
G1 Z3.92 F3000
;AFTER_LAYER_CHANGE
;3.92
G92 E0
_ON_LAYER_CHANGE LAYER=19
G1 Z4.12
G1 X148.508 Y85.342 F12000
G1 Z3.92 F3000
G1 E8 F1500
;TYPE:External perimeter
;WIDTH:0.674999
G1 F2373.121
G1 X148.763 Y85.34 E.0134
G1 X149.528 Y85.364 E.04023
G1 X150.555 Y85.445 E.05414
G1 X151.576 Y85.58 E.05413
G1 X152.588 Y85.767 E.05409
G1 X153.511 Y85.988 E.04988
G1 X154.248 Y86.196 E.04025
G1 X155.225 Y86.523 E.05415
G1 X156.183 Y86.901 E.05413
G1 X157.119 Y87.328 E.05407
G1 X158.033 Y87.803 E.05414
G1 X158.851 Y88.283 E.04985
G1 X159.494 Y88.699 E.04025
G1 X160.333 Y89.297 E.05415
G1 X161.139 Y89.938 E.05412
G1 X161.91 Y90.62 E.0541
G1 X162.644 Y91.342 E.05411
G1 X163.286 Y92.04 E.04984
G1 X163.78 Y92.625 E.04024
G1 X164.407 Y93.443 E.05417
G1 X164.991 Y94.292 E.05416
G1 X165.353 Y94.872 E.03593
G1 X165.861 Y95.769 E.05418
G1 X166.32 Y96.69 E.05408
G1 X166.731 Y97.636 E.05421
G1 X166.976 Y98.274 E.03592
G1 X167.303 Y99.251 E.05415
G1 X167.578 Y100.243 E.0541
G1 X167.801 Y101.248 E.05411
G1 X167.971 Y102.264 E.05414
G1 X168.088 Y103.286 E.05406
G1 X168.15 Y104.314 E.05413
G1 X168.159 Y105.343 E.05408
G1 X168.114 Y106.372 E.05413
G1 X168.016 Y107.398 E.05417
G1 X167.921 Y108.074 E.03588
G1 X167.732 Y109.089 E.05426
G1 X167.579 Y109.755 E.03592
G1 X167.303 Y110.749 E.05422
G1 X166.977 Y111.725 E.05408
G1 X166.599 Y112.684 E.05418
G1 X166.321 Y113.308 E.0359
G1 X165.861 Y114.231 E.0542
G1 X165.354 Y115.127 E.05411
G1 X164.801 Y115.995 E.05409
G1 X164.203 Y116.833 E.05411
G1 X163.562 Y117.639 E.05412
G1 X162.88 Y118.41 E.0541
G1 X162.159 Y119.144 E.05408
G1 X161.4 Y119.839 E.05409
G1 X160.605 Y120.494 E.05414
G1 X159.777 Y121.107 E.05415
G1 X159.21 Y121.49 E.03596
G1 X158.331 Y122.028 E.05416
G1 X157.425 Y122.52 E.05419
G1 X156.811 Y122.82 E.03592
G1 X155.864 Y123.231 E.05426
G1 X155.226 Y123.476 E.03592
G1 X154.249 Y123.803 E.05415
G1 X153.257 Y124.078 E.0541
G1 X152.252 Y124.301 E.05411
G1 X151.236 Y124.471 E.05414
G1 X150.214 Y124.588 E.05406
G1 X149.186 Y124.65 E.05413
G1 X148.157 Y124.659 E.05408
G1 X147.208 Y124.619 E.04992
G1 X146.446 Y124.555 E.04019
G1 X145.424 Y124.42 E.05418
G1 X144.411 Y124.232 E.05415
G1 X143.745 Y124.079 E.03592
G1 X142.751 Y123.803 E.05422
G1 X141.775 Y123.477 E.05408
G1 X140.817 Y123.099 E.05413
G1 X139.881 Y122.672 E.05407
G1 X138.966 Y122.196 E.05421
G1 X138.374 Y121.855 E.03591
G1 X137.505 Y121.301 E.05416
G1 X136.667 Y120.703 E.05411
G1 X135.861 Y120.062 E.05412
G1 X135.09 Y119.38 E.0541
G1 X134.355 Y118.658 E.05415
G1 X133.889 Y118.158 E.03592
G1 X133.219 Y117.374 E.0542
G1 X132.593 Y116.557 E.0541
G1 X132.009 Y115.708 E.05416
G1 X131.647 Y115.128 E.03593
G1 X131.139 Y114.231 E.05418
G1 X130.68 Y113.31 E.05408
G1 X130.269 Y112.364 E.05421
G1 X130.024 Y111.726 E.03592
G1 X129.697 Y110.749 E.05415
G1 X129.422 Y109.757 E.0541
G1 X129.199 Y108.752 E.05411
G1 X129.029 Y107.736 E.05414
G1 X128.912 Y106.714 E.05406
G1 X128.85 Y105.686 E.05413
G1 X128.841 Y104.657 E.05408
G1 X128.881 Y103.708 E.04992
G1 X128.945 Y102.946 E.04019
G1 X129.08 Y101.924 E.05418
G1 X129.268 Y100.911 E.05415
G1 X129.421 Y100.245 E.03592
G1 X129.697 Y99.251 E.05422
G1 X130.023 Y98.275 E.05408
G1 X130.401 Y97.316 E.05418
G1 X130.679 Y96.692 E.0359
G1 X131.139 Y95.769 E.0542
G1 X131.646 Y94.873 E.05411
G1 X132.199 Y94.005 E.05409
G1 X132.797 Y93.167 E.05411
G1 X133.438 Y92.361 E.05412
G1 X134.12 Y91.59 E.0541
G1 X134.842 Y90.856 E.05411
G1 X135.54 Y90.214 E.04984
G1 X136.125 Y89.72 E.04024
G1 X136.943 Y89.093 E.05417
G1 X137.791 Y88.51 E.05409
G1 X138.6 Y88.013 E.0499
G1 X139.268 Y87.64 E.04021
G1 X140.19 Y87.18 E.05415
G1 X141.135 Y86.769 E.05416
G1 X142.023 Y86.436 E.04984
G1 X142.75 Y86.197 E.04022
G1 X143.743 Y85.922 E.05415
G1 X144.748 Y85.699 E.05411
G1 X145.764 Y85.529 E.05414
G1 X146.786 Y85.412 E.05406
G1 X147.814 Y85.35 E.05413
G1 X148.478 Y85.343 E.0349
G1 X149.078 Y85.351 F12000
G1 X148.502 Y86.037
;TYPE:Perimeter
G1 E-10F1500
G1 F12000.0
T1
G1 E20F1500
;WIDTH:0.799999
G1 F1981.299
G1 X148.755 Y86.035 E.01593
G1 X149.49 Y86.058 E.04629
G1 X150.483 Y86.136 E.0627
G1 X151.467 Y86.266 E.06248
M73 P66 R5
G1 X152.444 Y86.447 E.06255
G1 X153.336 Y86.66 E.05773
G1 X154.043 Y86.86 E.04625
G1 X154.987 Y87.176 E.06267
G1 X155.911 Y87.54 E.06252
G1 X156.815 Y87.952 E.06254
G1 X157.696 Y88.411 E.06254
G1 X158.487 Y88.875 E.05773
G1 X159.104 Y89.273 E.04622
G1 X159.915 Y89.852 E.06273
G1 X160.692 Y90.47 E.0625
G1 X161.436 Y91.128 E.06253
G1 X162.145 Y91.825 E.06259
G1 X162.765 Y92.499 E.05765
G1 X163.239 Y93.061 E.04628
G1 X163.845 Y93.851 E.06268
G1 X164.41 Y94.673 E.06279
G1 X164.756 Y95.227 E.04112
G1 X165.247 Y96.095 E.06278
G1 X165.69 Y96.984 E.06253
G1 X166.088 Y97.899 E.06281
G1 X166.481 Y98.984 E.07264
G1 X166.771 Y99.933 E.06247
G1 X167.012 Y100.896 E.06249
G1 X167.201 Y101.871 E.06252
G1 X167.339 Y102.854 E.06249
G1 X167.426 Y103.842 E.06244
G1 X167.465 Y105.331 E.09377
G1 X167.421 Y106.323 E.06251
G1 X167.326 Y107.316 E.0628
G1 X167.235 Y107.963 E.04113
G1 X167.052 Y108.948 E.06307
G1 X166.905 Y109.584 E.04109
G1 X166.639 Y110.546 E.06283
G1 X166.324 Y111.487 E.06247
G1 X165.958 Y112.415 E.0628
G1 X165.692 Y113.012 E.04114
G1 X165.247 Y113.905 E.06281
G1 X164.758 Y114.769 E.0625
G1 X164.225 Y115.607 E.06252
G1 X163.648 Y116.415 E.0625
G1 X163.03 Y117.192 E.0625
G1 X162.372 Y117.936 E.06253
G1 X161.676 Y118.644 E.0625
G1 X160.944 Y119.315 E.06251
G1 X160.178 Y119.947 E.06251
G1 X159.376 Y120.54 E.06279
G1 X158.834 Y120.905 E.04114
G1 X157.984 Y121.426 E.06276
G1 X157.107 Y121.902 E.06282
G1 X156.52 Y122.189 E.04113
G1 X155.601 Y122.588 E.06307
G1 X154.992 Y122.822 E.04107
G1 X154.046 Y123.139 E.06281
G1 X153.089 Y123.404 E.06251
G1 X152.119 Y123.619 E.06254
G1 X151.14 Y123.783 E.06249
G1 X150.153 Y123.895 E.06253
G1 X149.162 Y123.956 E.0625
G1 X148.168 Y123.965 E.06258
G1 X147.252 Y123.926 E.05772
G1 X146.52 Y123.864 E.04625
G1 X145.533 Y123.734 E.06267
G1 X144.552 Y123.552 E.06281
G1 X143.916 Y123.405 E.04109
G1 X142.954 Y123.139 E.06283
G1 X142.013 Y122.824 E.06247
G1 X141.089 Y122.46 E.06252
G1 X140.185 Y122.048 E.06254
G1 X139.3 Y121.587 E.06282
G1 X138.735 Y121.261 E.04106
G1 X137.893 Y120.725 E.06283
G1 X137.085 Y120.148 E.0625
G1 X136.308 Y119.53 E.0625
G1 X135.564 Y118.872 E.06253
G1 X134.853 Y118.173 E.06277
G1 X134.407 Y117.695 E.04115
G1 X133.759 Y116.937 E.06278
G1 X133.155 Y116.149 E.0625
G1 X132.59 Y115.327 E.06279
G1 X132.244 Y114.773 E.04112
G1 X131.753 Y113.905 E.06278
G1 X131.31 Y113.016 E.06253
G1 X130.912 Y112.101 E.06281
G1 X130.678 Y111.492 E.04107
G1 X130.361 Y110.546 E.06281
G1 X130.096 Y109.589 E.06251
G1 X129.881 Y108.619 E.06254
G1 X129.717 Y107.64 E.06249
G1 X129.605 Y106.653 E.06253
G1 X129.544 Y105.662 E.0625
G1 X129.535 Y104.668 E.06258
G1 X129.574 Y103.752 E.05772
G1 X129.636 Y103.02 E.04625
G1 X129.766 Y102.033 E.06267
G1 X129.948 Y101.052 E.06281
G1 X130.095 Y100.416 E.04109
G1 X130.361 Y99.454 E.06283
G1 X130.676 Y98.513 E.06247
G1 X131.042 Y97.585 E.0628
G1 X131.308 Y96.988 E.04114
G1 X131.753 Y96.095 E.06281
G1 X132.242 Y95.231 E.0625
G1 X132.775 Y94.393 E.06252
G1 X133.352 Y93.585 E.0625
G1 X133.97 Y92.808 E.0625
G1 X134.628 Y92.064 E.06253
G1 X135.325 Y91.355 E.06259
G1 X135.999 Y90.735 E.05765
G1 X136.561 Y90.261 E.04628
G1 X137.351 Y89.655 E.06268
G1 X138.17 Y89.092 E.06256
G1 X138.951 Y88.612 E.05771
G1 X139.593 Y88.254 E.04627
G1 X140.484 Y87.81 E.06267
G1 X141.395 Y87.413 E.06256
G1 X142.253 Y87.091 E.05769
G1 X142.951 Y86.862 E.04624
G1 X143.911 Y86.596 E.06271
G1 X144.881 Y86.381 E.06254
G1 X145.86 Y86.217 E.06249
G1 X146.847 Y86.105 E.06253
G1 X147.839 Y86.044 E.06257
G1 X148.472 Y86.037 E.03985
G1 X148.496 Y86.794 F12000
G1 F1981.299
G1 X148.747 Y86.792 E.0158
G1 X149.448 Y86.814 E.04415
G1 X150.403 Y86.89 E.06031
G1 X151.349 Y87.014 E.06006
G1 X152.287 Y87.188 E.06006
G1 X153.145 Y87.392 E.05552
G1 X153.819 Y87.584 E.04412
G1 X154.728 Y87.888 E.06034
G1 X155.615 Y88.237 E.06
G1 X156.483 Y88.633 E.06006
G1 X157.33 Y89.074 E.06011
G1 X158.09 Y89.52 E.05547
G1 X158.679 Y89.9 E.04413
G1 X159.459 Y90.457 E.06034
G1 X160.205 Y91.05 E.05999
G1 X160.919 Y91.682 E.06003
G1 X161.6 Y92.351 E.0601
G1 X162.197 Y93 E.05551
G1 X162.649 Y93.536 E.04414
G1 X163.232 Y94.296 E.0603
G1 X163.777 Y95.088 E.06052
G1 X164.105 Y95.614 E.03902
G1 X164.579 Y96.451 E.06055
G1 X165.004 Y97.304 E.05999
G1 X165.264 Y97.901 E.04099
G1 X165.498 Y98.475 E.03902
G1 X165.763 Y99.224 E.05001
G1 X166.042 Y100.135 E.05998
G1 X166.272 Y101.06 E.06
G1 X166.454 Y101.995 E.05996
G1 X166.587 Y102.939 E.06001
G1 X166.67 Y103.889 E.06003
G1 X166.707 Y105.318 E.08999
G1 X166.666 Y106.27 E.05999
G1 X166.574 Y107.227 E.06052
G1 X166.487 Y107.841 E.03904
G1 X166.311 Y108.794 E.06101
G1 X166.171 Y109.398 E.03903
G1 X165.915 Y110.324 E.06048
G1 X165.612 Y111.228 E.06002
G1 X165.26 Y112.123 E.06054
G1 X165.008 Y112.689 E.039
G1 X164.579 Y113.549 E.0605
G1 X164.109 Y114.379 E.06005
G1 X163.597 Y115.183 E.06
G1 X163.043 Y115.959 E.06002
G1 X162.45 Y116.705 E.05999
G1 X161.818 Y117.419 E.06003
G1 X161.15 Y118.099 E.06001
G1 X160.447 Y118.743 E.06002
G1 X159.711 Y119.35 E.06006
G1 X158.939 Y119.922 E.06048
G1 X158.425 Y120.268 E.03901
G1 X157.605 Y120.771 E.06056
G1 X156.76 Y121.229 E.06051
G1 X156.203 Y121.501 E.03902
G1 X155.315 Y121.887 E.06095
G1 X154.736 Y122.11 E.03906
G1 X153.824 Y122.415 E.06054
G1 X152.905 Y122.669 E.06002
G1 X151.975 Y122.876 E.05998
G1 X151.034 Y123.033 E.06006
G1 X150.087 Y123.141 E.06
G1 X149.136 Y123.199 E.05998
G1 X148.181 Y123.207 E.06012
G1 X147.3 Y123.17 E.05551
G1 X146.602 Y123.111 E.0441
G1 X145.651 Y122.986 E.06038
G1 X144.706 Y122.811 E.0605
G1 X144.102 Y122.671 E.03903
G1 X143.176 Y122.415 E.06048
G1 X142.272 Y122.112 E.06002
G1 X141.385 Y121.763 E.06
G1 X140.517 Y121.367 E.06006
G1 X139.665 Y120.923 E.06048
G1 X139.128 Y120.613 E.03903
G1 X138.317 Y120.097 E.06051
G1 X137.541 Y119.543 E.06002
G1 X136.795 Y118.95 E.05999
G1 X136.081 Y118.318 E.06003
G1 X135.395 Y117.644 E.06054
G1 X134.972 Y117.191 E.03902
G1 X134.348 Y116.46 E.0605
G1 X133.768 Y115.704 E.05998
G1 X133.223 Y114.912 E.06052
G1 X132.895 Y114.386 E.03902
G1 X132.421 Y113.549 E.06055
G1 X131.996 Y112.696 E.05999
G1 X131.613 Y111.814 E.06053
G1 X131.39 Y111.236 E.039
G1 X131.085 Y110.324 E.06054
G1 X130.831 Y109.405 E.06002
G1 X130.624 Y108.475 E.05998
G1 X130.467 Y107.534 E.06006
G1 X130.359 Y106.587 E.06
G1 X130.301 Y105.636 E.05998
G1 X130.293 Y104.681 E.06012
G1 X130.33 Y103.8 E.05551
G1 X130.389 Y103.102 E.0441
G1 X130.514 Y102.151 E.06038
G1 X130.689 Y101.206 E.0605
G1 X130.829 Y100.602 E.03903
G1 X131.085 Y99.676 E.06048
G1 X131.388 Y98.772 E.06002
G1 X131.74 Y97.877 E.06054
G1 X131.992 Y97.311 E.039
G1 X132.421 Y96.451 E.0605
G1 X132.891 Y95.621 E.06005
G1 X133.403 Y94.817 E.06
G1 X133.957 Y94.041 E.06002
G1 X134.55 Y93.295 E.05999
G1 X135.182 Y92.581 E.06003
G1 X135.851 Y91.9 E.0601
G1 X136.5 Y91.303 E.05551
G1 X137.036 Y90.851 E.04414
G1 X137.796 Y90.268 E.0603
G1 X138.583 Y89.727 E.06012
G1 X139.334 Y89.265 E.05551
G1 X139.946 Y88.924 E.0441
G1 X140.804 Y88.496 E.06036
G1 X141.68 Y88.115 E.06014
G1 X142.505 Y87.805 E.05548
G1 X143.171 Y87.587 E.04411
G1 X144.095 Y87.331 E.06036
G1 X145.025 Y87.124 E.05998
G1 X145.966 Y86.967 E.06006
G1 X146.913 Y86.859 E.06
G1 X147.866 Y86.801 E.0601
G1 X148.466 Y86.795 E.03777
G1 X148.489 Y87.552 F12000
G1 F1981.299
G1 X148.739 Y87.549 E.01574
G1 X149.406 Y87.57 E.04201
G1 X150.324 Y87.643 E.05797
G1 X151.23 Y87.762 E.05752
G1 X152.13 Y87.929 E.05762
G1 X152.953 Y88.125 E.05326
G1 X153.596 Y88.307 E.04207
G1 X154.469 Y88.6 E.05797
G1 X155.319 Y88.935 E.05751
G1 X156.151 Y89.313 E.05753
G1 X156.963 Y89.736 E.05764
G1 X157.693 Y90.165 E.0533
G1 X158.253 Y90.526 E.04194
G1 X159.003 Y91.062 E.05803
G1 X159.719 Y91.63 E.05753
G1 X160.403 Y92.236 E.05753
G1 X161.056 Y92.878 E.05765
G1 X161.628 Y93.5 E.0532
G1 X162.059 Y94.011 E.04208
G1 X162.62 Y94.741 E.05796
G1 X163.144 Y95.504 E.05827
G1 X163.455 Y96.001 E.03691
G1 X163.91 Y96.806 E.05821
G1 X164.318 Y97.624 E.05754
G1 X164.569 Y98.203 E.03973
G1 X164.792 Y98.746 E.03695
G1 X165.045 Y99.464 E.04792
G1 X165.312 Y100.337 E.05747
G1 X165.533 Y101.224 E.05754
G1 X165.708 Y102.12 E.05747
G1 X165.835 Y103.025 E.05753
G1 X165.914 Y103.935 E.0575
G1 X165.95 Y105.305 E.08627
G1 X165.91 Y106.217 E.05747
G1 X165.822 Y107.138 E.05824
G1 X165.74 Y107.719 E.03694
G1 X165.569 Y108.64 E.05897
G1 X165.437 Y109.212 E.03695
G1 X165.19 Y110.103 E.05821
G1 X164.9 Y110.969 E.05749
G1 X164.561 Y111.83 E.05825
G1 X164.323 Y112.366 E.03692
G1 X163.91 Y113.194 E.05825
G1 X163.46 Y113.989 E.05751
G1 X162.969 Y114.76 E.05754
G1 X162.439 Y115.503 E.05745
G1 X161.87 Y116.218 E.05752
G1 X161.264 Y116.903 E.05757
G1 X160.624 Y117.555 E.05751
G1 X159.95 Y118.172 E.05752
G1 X159.245 Y118.753 E.05751
G1 X158.502 Y119.303 E.05819
G1 X158.015 Y119.631 E.03696
G1 X157.226 Y120.115 E.05827
G1 X156.414 Y120.556 E.05817
G1 X155.886 Y120.813 E.03697
G1 X155.028 Y121.186 E.0589
G1 X154.48 Y121.397 E.03697
G1 X153.603 Y121.69 E.05821
G1 X152.722 Y121.934 E.05755
G1 X151.83 Y122.132 E.05752
G1 X150.929 Y122.283 E.05751
G1 X150.021 Y122.386 E.05753
G1 X149.109 Y122.442 E.05752
G1 X148.193 Y122.45 E.05767
G1 X147.348 Y122.415 E.05324
G1 X146.683 Y122.358 E.04202
G1 X145.77 Y122.238 E.05797
G1 X144.86 Y122.069 E.05827
G1 X144.288 Y121.937 E.03695
G1 X143.397 Y121.69 E.05821
G1 X142.531 Y121.4 E.05749
G1 X141.681 Y121.065 E.05751
G1 X140.849 Y120.687 E.05753
G1 X140.029 Y120.259 E.05823
G1 X139.521 Y119.966 E.03692
G1 X138.74 Y119.469 E.05828
G1 X137.997 Y118.939 E.05745
G1 X137.281 Y118.37 E.05757
G1 X136.597 Y117.764 E.05753
G1 X135.937 Y117.116 E.05823
G1 X135.537 Y116.687 E.03692
G1 X134.937 Y115.983 E.05823
G1 X134.38 Y115.259 E.0575
G1 X133.856 Y114.496 E.05827
G1 X133.545 Y113.999 E.03691
G1 X133.09 Y113.194 E.05821
G1 X132.682 Y112.376 E.05754
G1 X132.314 Y111.528 E.05819
G1 X132.103 Y110.98 E.03697
G1 X131.81 Y110.103 E.05821
G1 X131.566 Y109.222 E.05755
G1 X131.368 Y108.33 E.05752
G1 X131.217 Y107.429 E.05751
G1 X131.114 Y106.521 E.05753
G1 X131.058 Y105.609 E.05752
G1 X131.05 Y104.693 E.05767
G1 X131.085 Y103.848 E.05324
G1 X131.142 Y103.183 E.04202
G1 X131.262 Y102.27 E.05797
G1 X131.431 Y101.36 E.05827
G1 X131.563 Y100.788 E.03695
G1 X131.81 Y99.897 E.05821
G1 X132.1 Y99.031 E.05749
G1 X132.439 Y98.17 E.05825
G1 X132.677 Y97.634 E.03692
G1 X133.09 Y96.806 E.05825
G1 X133.54 Y96.011 E.05751
G1 X134.031 Y95.24 E.05754
G1 X134.562 Y94.497 E.05749
G1 X135.13 Y93.781 E.05753
G1 X135.736 Y93.097 E.05753
G1 X136.378 Y92.444 E.05765
G1 X137 Y91.872 E.0532
G1 X137.511 Y91.441 E.04208
G1 X138.241 Y90.88 E.05796
G1 X138.996 Y90.362 E.05764
G1 X139.717 Y89.919 E.05327
G1 X140.3 Y89.593 E.04205
G1 X141.124 Y89.182 E.05797
G1 X141.964 Y88.817 E.05766
G1 X142.756 Y88.52 E.05325
G1 X143.39 Y88.312 E.042
G1 X144.278 Y88.066 E.05801
G1 X145.17 Y87.868 E.05752
G1 X146.071 Y87.717 E.05751
G1 X146.979 Y87.614 E.05753
G1 X147.893 Y87.558 E.05765
M73 P67 R5
G1 X148.459 Y87.552 E.03563
G1 E-8 F1500
G1 Z4.12 F3000
G1 X160.064 Y92.611 F12000
G1 Z3.92 F3000
G1 E8 F1500
;TYPE:Solid infill
G1 E-10F1500
G1 F12000.0
T0
G1 E16F1500
G1 F12000.0
;WIDTH:0.675006
G1 F2373.095
G1 X160.698 Y93.235 E.04675
G1 X161.253 Y93.84 E.04315
G1 X161.669 Y94.333 E.0339
G1 X162.215 Y95.045 E.04716
G1 X162.725 Y95.787 E.04732
G1 X163.024 Y96.266 E.02968
G1 X163.467 Y97.051 E.04737
G1 X163.863 Y97.845 E.04663
G1 X164.221 Y98.67 E.04727
G1 X164.423 Y99.198 E.02971
G1 X164.709 Y100.053 E.04738
G1 X164.946 Y100.908 E.04663
G1 X165.137 Y101.774 E.04661
G1 X165.283 Y102.65 E.04668
G1 X165.383 Y103.531 E.0466
G1 X165.437 Y104.417 E.04665
G1 X165.444 Y105.304 E.04662
G1 X165.405 Y106.19 E.04661
G1 X165.319 Y107.085 E.04726
G1 X165.24 Y107.645 E.02972
G1 X165.073 Y108.543 E.04801
G1 X164.946 Y109.094 E.02972
G1 X164.704 Y109.963 E.04741
G1 X164.422 Y110.804 E.04662
G1 X164.093 Y111.641 E.04727
G1 X163.862 Y112.157 E.02971
G1 X163.46 Y112.964 E.04739
G1 X163.022 Y113.736 E.04665
G1 X162.545 Y114.484 E.04663
G1 X162.03 Y115.206 E.04661
G1 X161.477 Y115.9 E.04664
G1 X160.889 Y116.564 E.04662
G1 X160.256 Y117.207 E.04742
;WIDTH:0.674254
G1 F2375.922
G1 X159.61 Y117.793 E.04579
;WIDTH:0.66857
G1 F2397.507
G1 X158.925 Y118.357 E.04616
;WIDTH:0.669438
G1 F2394.185
G1 X158.203 Y118.892 E.04681
;WIDTH:0.675008
G1 F2373.087
G1 X157.73 Y119.213 E.03004
G1 X156.967 Y119.681 E.04704
G1 X156.214 Y120.089 E.04501
G1 X155.668 Y120.357 E.03197
G1 X154.83 Y120.721 E.04802
G1 X154.302 Y120.923 E.02971
G1 X153.447 Y121.209 E.04738
G1 X152.592 Y121.446 E.04663
G1 X151.726 Y121.637 E.04661
G1 X150.85 Y121.783 E.04668
G1 X149.969 Y121.883 E.0466
G1 X149.083 Y121.937 E.04665
G1 X148.194 Y121.944 E.04673
G1 X147.347 Y121.907 E.04456
G1 X146.735 Y121.855 E.03228
G1 X145.841 Y121.737 E.04739
G1 X144.954 Y121.572 E.04742
;WIDTH:0.67424
G1 F2375.974
G1 X144.095 Y121.362 E.04642
;WIDTH:0.67502
G1 F2373.042
G1 X143.545 Y121.207 E.03003
G1 X142.696 Y120.922 E.04707
G1 X141.871 Y120.597 E.0466
G1 X141.063 Y120.228 E.04669
G1 X140.263 Y119.811 E.04742
;WIDTH:0.674234
G1 F2375.997
G1 X139.515 Y119.365 E.04572
;WIDTH:0.674944
G1 F2373.328
G1 X138.924 Y118.979 E.0371
G1 X138.301 Y118.535 E.0402
G1 X137.6 Y117.977 E.04709
G1 X136.936 Y117.389 E.04661
G1 X136.295 Y116.758 E.04727
G1 X135.91 Y116.345 E.02967
G1 X135.324 Y115.659 E.04741
G1 X134.785 Y114.955 E.0466
G1 X134.274 Y114.211 E.04743
;WIDTH:0.674238
G1 F2375.982
G1 X133.822 Y113.466 E.04574
;WIDTH:0.674948
G1 F2373.313
G1 X133.482 Y112.847 E.03711
G1 X133.14 Y112.162 E.04024
G1 X132.778 Y111.327 E.04783
;WIDTH:0.67424
G1 F2375.974
G1 X132.476 Y110.509 E.04577
;WIDTH:0.668594
G1 F2397.415
G1 X132.21 Y109.663 E.04614
;WIDTH:0.668714
G1 F2396.955
G1 X131.988 Y108.804 E.04617
;WIDTH:0.674944
G1 F2373.328
G1 X131.844 Y108.114 E.03704
G1 X131.718 Y107.359 E.04023
G1 X131.617 Y106.469 E.04707
G1 X131.563 Y105.583 E.04665
G1 X131.556 Y104.694 E.04672
G1 X131.593 Y103.848 E.0445
G1 X131.661 Y103.109 E.039
G1 X131.761 Y102.349 E.04028
G1 X131.927 Y101.457 E.04768
G1 X132.054 Y100.906 E.02972
G1 X132.296 Y100.037 E.04741
G1 X132.578 Y99.196 E.04662
G1 X132.909 Y98.357 E.0474
;WIDTH:0.674238
G1 F2375.982
G1 X133.274 Y97.565 E.04578
;WIDTH:0.668594
G1 F2397.415
G1 X133.684 Y96.778 E.04617
;WIDTH:0.668712
G1 F2396.963
G1 X134.135 Y96.015 E.04612
;WIDTH:0.67494
G1 F2373.343
G1 X134.521 Y95.424 E.0371
G1 X134.965 Y94.801 E.0402
G1 X135.523 Y94.1 E.04709
G1 X136.111 Y93.436 E.04661
G1 X136.735 Y92.802 E.04675
G1 X137.359 Y92.23 E.04449
G1 X137.931 Y91.756 E.03904
G1 X138.538 Y91.289 E.04025
G1 X139.279 Y90.781 E.04721
G1 X139.978 Y90.351 E.04313
G1 X140.541 Y90.037 E.03388
G1 X141.345 Y89.637 E.04719
G1 X142.162 Y89.283 E.04679
G1 X142.991 Y88.974 E.04649
;WIDTH:0.673482
G1 F2378.83
G1 X143.837 Y88.71 E.04647
;WIDTH:0.674942
G1 F2373.335
G1 X144.519 Y88.53 E.03707
G1 X145.266 Y88.364 E.04021
G1 X146.15 Y88.217 E.04709
G1 X147.031 Y88.117 E.0466
G1 X147.92 Y88.063 E.04681
G1 X149.041 Y88.064 E.05891
G1 X150.268 Y88.145 E.06462
G1 X151.159 Y88.263 E.04723
G1 X152.034 Y88.425 E.04677
G1 X152.832 Y88.616 E.04312
G1 X153.453 Y88.792 E.03392
G1 X154.304 Y89.078 E.04718
G1 X155.129 Y89.403 E.0466
G1 X155.936 Y89.771 E.04661
G1 X156.695 Y90.166 E.04497
G1 X157.325 Y90.535 E.03837
G1 X157.977 Y90.95 E.04062
G1 X158.706 Y91.47 E.04706
G1 X159.4 Y92.023 E.04663
;WIDTH:0.675076
G1 F2372.834
G1 X159.827 Y92.402 E.03001
G1 E-8 F1500
G1 Z4.12 F3000
G1 X136.195 Y94.295 F12000
G1 Z3.92 F3000
G1 E8 F1500
;TYPE:Internal infill
;WIDTH:0.675
G1 F2373.119
G1 X137.519 Y92.94 E.09957
G1 X138.327 Y93.311 E.04673
G1 X139.005 Y93.505 E.03706
G1 X139.684 Y93.563 E.03582
G1 X140.023 Y93.466 E.01853
G1 X140.362 Y93.161 E.02397
G1 X141.04 Y91.962 E.07239
G1 X141.718 Y90.929 E.06494
G1 X142.396 Y90.275 E.04951
G1 X143.074 Y89.852 E.042
G1 X143.753 Y89.561 E.03883
G1 X144.431 Y89.368 E.03705
G1 X145.109 Y89.309 E.03577
G1 X145.448 Y89.407 E.01855
G1 X145.787 Y89.712 E.02397
G1 X146.465 Y90.911 E.07239
G1 X147.144 Y91.944 E.06497
G1 X147.822 Y92.597 E.04947
G1 X148.5 Y93.021 E.04203
G1 X149.178 Y93.311 E.03876
G1 X149.856 Y93.505 E.03706
G1 X150.535 Y93.563 E.03582
G1 X150.874 Y93.466 E.01853
G1 X151.213 Y93.161 E.02397
G1 X151.891 Y91.962 E.07239
G1 X152.569 Y90.929 E.06494
G1 X153.247 Y90.275 E.04951
G1 X154.222 Y89.725 E.05883
G1 X155.654 Y90.337 E.08185
G1 X156.37 Y90.708 E.04238
G1 X157.742 Y91.559 E.08485
G1 X157.995 Y91.944 E.02421
G1 X158.673 Y92.597 E.04947
G1 X159.351 Y93.021 E.04203
G1 X159.755 Y93.194 E.0231
G1 X160.783 Y94.262 E.07791
G1 X161.699 Y95.41 E.07719
G1 X161.814 Y95.578 E.0107
G1 X161.386 Y96.336 E.04575
G1 X160.707 Y97.369 E.06497
G1 X160.029 Y98.023 E.04951
G1 X159.351 Y98.446 E.042
G1 X158.673 Y98.737 E.03878
G1 X157.995 Y98.93 E.03705
G1 X157.316 Y98.989 E.03582
G1 X156.977 Y98.891 E.01855
G1 X156.638 Y98.586 E.02397
G1 X155.96 Y97.387 E.07239
G1 X155.282 Y96.354 E.06494
G1 X154.604 Y95.701 E.04947
G1 X153.926 Y95.277 E.04203
G1 X153.247 Y94.987 E.03881
G1 X152.569 Y94.793 E.03706
G1 X151.891 Y94.735 E.03576
G1 X151.552 Y94.832 E.01853
G1 X151.213 Y95.137 E.02397
G1 X150.535 Y96.336 E.07239
G1 X149.856 Y97.369 E.06497
G1 X149.178 Y98.023 E.04951
G1 X148.5 Y98.446 E.042
G1 X147.822 Y98.737 E.03878
G1 X147.144 Y98.93 E.03705
G1 X146.465 Y98.989 E.03582
G1 X146.126 Y98.891 E.01855
G1 X145.787 Y98.586 E.02397
G1 X145.109 Y97.387 E.07239
G1 X144.431 Y96.354 E.06494
G1 X143.753 Y95.701 E.04947
G1 X143.074 Y95.277 E.04207
G1 X142.396 Y94.987 E.03876
G1 X141.718 Y94.793 E.03706
G1 X141.04 Y94.735 E.03576
G1 X140.701 Y94.832 E.01853
G1 X140.362 Y95.137 E.02397
G1 X139.684 Y96.336 E.07239
G1 X139.005 Y97.369 E.06497
G1 X138.327 Y98.023 E.04951
G1 X137.649 Y98.446 E.042
G1 X136.971 Y98.737 E.03878
G1 X136.293 Y98.93 E.03705
G1 X135.614 Y98.989 E.03582
G1 X135.275 Y98.891 E.01855
G1 X134.936 Y98.586 E.02397
G1 X134.156 Y97.232 E.08213
G1 X133.488 Y98.61 E.08049
G1 X132.84 Y100.439 E.10198
G1 X133.58 Y100.219 E.04058
G1 X134.258 Y100.16 E.03577
G1 X134.597 Y100.258 E.01855
G1 X134.936 Y100.563 E.02397
G1 X135.614 Y101.762 E.07239
G1 X136.293 Y102.795 E.06497
G1 X136.971 Y103.448 E.04947
G1 X137.649 Y103.872 E.04203
G1 X138.327 Y104.162 E.03876
G1 X139.005 Y104.356 E.03706
G1 X139.684 Y104.414 E.03582
G1 X140.023 Y104.317 E.01853
G1 X140.362 Y104.012 E.02397
G1 X141.04 Y102.813 E.07239
G1 X141.718 Y101.78 E.06494
G1 X142.396 Y101.126 E.04951
G1 X143.074 Y100.703 E.042
G1 X143.753 Y100.412 E.03883
G1 X144.431 Y100.219 E.03705
G1 X145.109 Y100.16 E.03577
G1 X145.448 Y100.258 E.01855
G1 X145.787 Y100.563 E.02397
G1 X146.465 Y101.762 E.07239
G1 X147.144 Y102.795 E.06497
G1 X147.822 Y103.448 E.04947
G1 X148.5 Y103.872 E.04203
G1 X149.178 Y104.162 E.03876
G1 X149.856 Y104.356 E.03706
G1 X150.535 Y104.414 E.03582
G1 X150.874 Y104.317 E.01853
G1 X151.213 Y104.012 E.02397
G1 X151.891 Y102.813 E.07239
G1 X152.569 Y101.78 E.06494
G1 X153.247 Y101.126 E.04951
G1 X153.926 Y100.703 E.04205
G1 X154.604 Y100.412 E.03878
G1 X155.282 Y100.219 E.03705
G1 X155.96 Y100.16 E.03577
G1 X156.299 Y100.258 E.01855
G1 X156.638 Y100.563 E.02397
G1 X157.316 Y101.762 E.07239
G1 X157.995 Y102.795 E.06497
G1 X158.673 Y103.448 E.04947
G1 X159.351 Y103.872 E.04203
G1 X160.029 Y104.162 E.03876
G1 X160.707 Y104.356 E.03706
G1 X161.386 Y104.414 E.03582
G1 X161.725 Y104.317 E.01853
G1 X162.064 Y104.012 E.02397
G1 X162.742 Y102.813 E.07239
G1 X163.42 Y101.78 E.06494
G1 X164.098 Y101.126 E.04951
G1 X164.314 Y100.992 E.01336
G1 X164.67 Y102.853 E.09958
G1 E-8 F1500
G1 Z4.12 F3000
G1 X164.793 Y104.233 F12000
G1 Z3.92 F3000
G1 E8 F1500
G1 F2373.119
G1 X164.776 Y106.128 E.0996
G1 X164.098 Y105.838 E.03876
G1 X163.42 Y105.644 E.03706
G1 X162.742 Y105.586 E.03576
G1 X162.403 Y105.683 E.01853
G1 X162.064 Y105.988 E.02397
G1 X161.386 Y107.187 E.07239
G1 X160.707 Y108.22 E.06497
G1 X160.029 Y108.874 E.04951
G1 X159.351 Y109.297 E.042
G1 X158.673 Y109.588 E.03878
G1 X157.995 Y109.781 E.03705
G1 X157.316 Y109.84 E.03582
G1 X156.977 Y109.742 E.01855
G1 X156.638 Y109.437 E.02397
G1 X155.96 Y108.238 E.07239
G1 X155.282 Y107.205 E.06494
G1 X154.604 Y106.552 E.04947
G1 X153.926 Y106.128 E.04203
G1 X153.247 Y105.838 E.03881
G1 X152.569 Y105.644 E.03706
G1 X151.891 Y105.586 E.03576
G1 X151.552 Y105.683 E.01853
G1 X151.213 Y105.988 E.02397
G1 X150.535 Y107.187 E.07239
G1 X149.856 Y108.22 E.06497
G1 X149.178 Y108.874 E.04951
G1 X148.5 Y109.297 E.042
G1 X147.822 Y109.588 E.03878
G1 X147.144 Y109.781 E.03705
G1 X146.465 Y109.84 E.03582
G1 X146.126 Y109.742 E.01855
G1 X145.787 Y109.437 E.02397
G1 X145.109 Y108.238 E.07239
G1 X144.431 Y107.205 E.06494
G1 X143.753 Y106.552 E.04947
G1 X143.074 Y106.128 E.04207
G1 X142.396 Y105.838 E.03876
G1 X141.718 Y105.644 E.03706
G1 X141.04 Y105.586 E.03576
G1 X140.701 Y105.683 E.01853
G1 X140.362 Y105.988 E.02397
G1 X139.684 Y107.187 E.07239
M73 P68 R5
G1 X139.005 Y108.22 E.06497
G1 X138.327 Y108.874 E.04951
G1 X137.649 Y109.297 E.042
G1 X136.971 Y109.588 E.03878
G1 X136.293 Y109.781 E.03705
G1 X135.614 Y109.84 E.03582
G1 X135.275 Y109.742 E.01855
G1 X134.936 Y109.437 E.02397
G1 X134.258 Y108.238 E.07239
G1 X133.58 Y107.205 E.06494
G1 X132.902 Y106.552 E.04947
G1 X132.229 Y106.132 E.04169
G1 X132.468 Y108.012 E.0996
G1 E-8 F1500
G1 Z4.12 F3000
G1 X132.774 Y109.332 F12000
G1 Z3.92 F3000
G1 E8 F1500
G1 F2373.119
G1 X133.38 Y111.127 E.09957
G1 X134.258 Y111.011 E.04655
G1 X134.597 Y111.109 E.01855
G1 X134.936 Y111.414 E.02397
G1 X135.614 Y112.613 E.07239
G1 X136.293 Y113.646 E.06497
G1 X136.971 Y114.299 E.04947
G1 X137.649 Y114.723 E.04203
G1 X138.327 Y115.013 E.03876
G1 X139.005 Y115.207 E.03706
G1 X139.684 Y115.265 E.03582
G1 X140.023 Y115.168 E.01853
G1 X140.362 Y114.863 E.02397
G1 X141.04 Y113.664 E.07239
G1 X141.718 Y112.631 E.06494
G1 X142.396 Y111.977 E.04951
G1 X143.074 Y111.554 E.042
G1 X143.753 Y111.263 E.03883
G1 X144.431 Y111.07 E.03705
G1 X145.109 Y111.011 E.03577
G1 X145.448 Y111.109 E.01855
G1 X145.787 Y111.414 E.02397
G1 X146.465 Y112.613 E.07239
G1 X147.144 Y113.646 E.06497
G1 X147.822 Y114.299 E.04947
G1 X148.5 Y114.723 E.04203
G1 X149.178 Y115.013 E.03876
G1 X149.856 Y115.207 E.03706
G1 X150.535 Y115.265 E.03582
G1 X150.874 Y115.168 E.01853
G1 X151.213 Y114.863 E.02397
G1 X151.891 Y113.664 E.07239
G1 X152.569 Y112.631 E.06494
G1 X153.247 Y111.977 E.04951
G1 X153.926 Y111.554 E.04205
G1 X154.604 Y111.263 E.03878
G1 X155.282 Y111.07 E.03705
G1 X155.96 Y111.011 E.03577
G1 X156.299 Y111.109 E.01855
G1 X156.638 Y111.414 E.02397
G1 X157.316 Y112.613 E.07239
G1 X157.995 Y113.646 E.06497
G1 X158.673 Y114.299 E.04947
G1 X159.351 Y114.723 E.04203
G1 X160.029 Y115.013 E.03876
G1 X160.707 Y115.207 E.03706
G1 X161.188 Y115.248 E.02537
G1 X159.916 Y116.652 E.09957
G1 E-8 F1500
G1 Z4.12 F3000
G1 X157.763 Y118.429 F12000
G1 Z3.92 F3000
G1 E8 F1500
G1 F2373.119
G1 X156.142 Y119.41 E.09958
G1 X155.282 Y118.056 E.0843
G1 X154.604 Y117.403 E.04947
G1 X153.926 Y116.979 E.04203
G1 X153.247 Y116.689 E.03881
G1 X152.569 Y116.495 E.03706
G1 X151.891 Y116.437 E.03576
G1 X151.552 Y116.534 E.01853
G1 X151.213 Y116.839 E.02397
G1 X150.535 Y118.038 E.07239
G1 X149.856 Y119.071 E.06497
G1 X149.178 Y119.725 E.04951
G1 X148.5 Y120.148 E.042
G1 X147.822 Y120.439 E.03878
G1 X147.144 Y120.632 E.03705
G1 X146.465 Y120.691 E.03582
G1 X146.126 Y120.593 E.01855
G1 X145.787 Y120.288 E.02397
G1 X145.109 Y119.089 E.07239
G1 X144.431 Y118.056 E.06494
G1 X143.753 Y117.403 E.04947
G1 X143.074 Y116.979 E.04207
G1 X142.396 Y116.689 E.03876
G1 X141.718 Y116.495 E.03706
G1 X141.04 Y116.437 E.03576
G1 X140.701 Y116.534 E.01853
G1 X140.362 Y116.839 E.02397
G1 X139.368 Y118.519 E.10259
G1 X137.864 Y117.366 E.0996
;LAYER_CHANGE
;Z:4.12
;HEIGHT:0.2

G1 E-8 F1500
G1 Z4.12 F3000
;AFTER_LAYER_CHANGE
;4.12
G92 E0
_ON_LAYER_CHANGE LAYER=20
G1 Z4.32
G1 X148.508 Y85.343 F12000
G1 Z4.12 F3000
G1 E8 F1500
;TYPE:External perimeter
;WIDTH:0.674999
G1 F2373.121
G1 X148.777 Y85.34 E.01414
G1 X149.528 Y85.364 E.03949
G1 X150.555 Y85.445 E.05414
G1 X151.576 Y85.58 E.05413
G1 X152.588 Y85.767 E.05409
G1 X153.525 Y85.991 E.05063
G1 X154.248 Y86.196 E.0395
G1 X155.225 Y86.523 E.05415
G1 X156.183 Y86.901 E.05413
G1 X157.12 Y87.328 E.05412
G1 X157.974 Y87.771 E.05056
G1 X158.626 Y88.145 E.0395
G1 X159.495 Y88.699 E.05416
G1 X160.333 Y89.297 E.05411
G1 X161.139 Y89.938 E.05412
G1 X161.91 Y90.62 E.0541
G1 X162.644 Y91.342 E.05411
G1 X163.295 Y92.051 E.05059
G1 X163.78 Y92.625 E.0395
G1 X164.407 Y93.443 E.05417
G1 X164.991 Y94.292 E.05416
G1 X165.353 Y94.872 E.03593
G1 X165.861 Y95.769 E.05418
G1 X166.32 Y96.69 E.05408
G1 X166.731 Y97.636 E.05421
G1 X166.976 Y98.274 E.03592
G1 X167.303 Y99.251 E.05415
G1 X167.578 Y100.243 E.0541
G1 X167.801 Y101.248 E.05411
G1 X167.971 Y102.264 E.05414
G1 X168.088 Y103.286 E.05406
G1 X168.15 Y104.314 E.05413
G1 X168.159 Y105.343 E.05408
G1 X168.114 Y106.372 E.05413
G1 X168.016 Y107.398 E.05417
G1 X167.921 Y108.074 E.03588
G1 X167.732 Y109.089 E.05426
G1 X167.579 Y109.755 E.03592
G1 X167.303 Y110.749 E.05422
G1 X166.977 Y111.725 E.05408
G1 X166.599 Y112.684 E.05418
G1 X166.321 Y113.308 E.0359
G1 X165.861 Y114.231 E.0542
G1 X165.354 Y115.127 E.05411
G1 X164.801 Y115.995 E.05409
G1 X164.203 Y116.833 E.05411
G1 X163.562 Y117.639 E.05412
G1 X162.88 Y118.41 E.0541
G1 X162.158 Y119.145 E.05415
G1 X161.658 Y119.611 E.03592
G1 X160.874 Y120.281 E.0542
G1 X160.057 Y120.907 E.0541
G1 X159.209 Y121.49 E.05409
G1 X158.331 Y122.028 E.05412
G1 X157.485 Y122.489 E.05064
G1 X156.811 Y122.82 E.03947
G1 X155.864 Y123.231 E.05426
G1 X155.226 Y123.476 E.03592
G1 X154.249 Y123.803 E.05415
G1 X153.257 Y124.078 E.0541
G1 X152.252 Y124.301 E.05411
G1 X151.236 Y124.471 E.05414
G1 X150.214 Y124.588 E.05406
G1 X149.186 Y124.65 E.05413
G1 X148.157 Y124.659 E.05408
G1 X147.127 Y124.614 E.05419
G1 X146.446 Y124.555 E.03593
G1 X145.424 Y124.42 E.05418
G1 X144.412 Y124.233 E.05409
G1 X143.41 Y123.992 E.05416
G1 X142.753 Y123.804 E.03592
G1 X141.775 Y123.477 E.0542
G1 X140.817 Y123.099 E.05413
G1 X139.881 Y122.672 E.05407
G1 X138.967 Y122.197 E.05414
G1 X138.08 Y121.675 E.05409
G1 X137.277 Y121.144 E.0506
G1 X136.668 Y120.704 E.03949
G1 X135.861 Y120.062 E.0542
G1 X135.09 Y119.38 E.0541
G1 X134.355 Y118.658 E.05415
G1 X133.889 Y118.158 E.03592
G1 X133.219 Y117.374 E.0542
G1 X132.593 Y116.557 E.0541
G1 X132.01 Y115.709 E.05409
G1 X131.472 Y114.831 E.05412
G1 X131.011 Y113.985 E.05064
G1 X130.68 Y113.311 E.03947
G1 X130.269 Y112.366 E.05416
G1 X129.909 Y111.401 E.05413
G1 X129.599 Y110.42 E.05407
G1 X129.342 Y109.423 E.05411
G1 X129.148 Y108.48 E.0506
G1 X129.029 Y107.738 E.0395
G1 X128.912 Y106.714 E.05417
G1 X128.85 Y105.686 E.05413
G1 X128.841 Y104.657 E.05408
G1 X128.886 Y103.628 E.05413
G1 X128.977 Y102.67 E.05058
G1 X129.079 Y101.925 E.03952
G1 X129.268 Y100.911 E.05421
G1 X129.421 Y100.245 E.03592
G1 X129.697 Y99.251 E.05422
G1 X130.023 Y98.275 E.05408
G1 X130.401 Y97.317 E.05413
G1 X130.828 Y96.381 E.05407
G1 X131.303 Y95.467 E.05414
G1 X131.825 Y94.58 E.05409
G1 X132.356 Y93.777 E.0506
G1 X132.796 Y93.168 E.03949
G1 X133.438 Y92.361 E.0542
G1 X134.12 Y91.59 E.0541
G1 X134.841 Y90.856 E.05408
G1 X135.6 Y90.161 E.05409
G1 X136.343 Y89.547 E.05066
G1 X136.942 Y89.093 E.0395
G1 X137.791 Y88.51 E.05413
G1 X138.612 Y88.006 E.05063
G1 X139.268 Y87.64 E.03948
G1 X140.19 Y87.18 E.05415
G1 X141.134 Y86.769 E.05411
G1 X142.098 Y86.409 E.05408
G1 X143.081 Y86.099 E.05417
G1 X144.012 Y85.857 E.05056
G1 X144.747 Y85.699 E.03951
G1 X145.764 Y85.529 E.05419
G1 X146.786 Y85.412 E.05406
G1 X147.814 Y85.35 E.05413
G1 X148.478 Y85.343 E.0349
G1 X149.078 Y85.35 F12000
G1 X148.502 Y86.037
;TYPE:Perimeter
G1 E-10F1500
G1 F12000.0
T1
G1 E20F1500
;WIDTH:0.799999
G1 F1981.299
G1 X148.769 Y86.035 E.01681
G1 X149.489 Y86.058 E.04535
G1 X150.483 Y86.136 E.06277
G1 X151.467 Y86.266 E.06248
G1 X152.444 Y86.447 E.06255
G1 X153.349 Y86.663 E.05857
G1 X154.042 Y86.86 E.04535
G1 X154.987 Y87.176 E.06273
G1 X155.911 Y87.54 E.06252
G1 X156.815 Y87.952 E.06254
G1 X157.641 Y88.381 E.05859
G1 X158.266 Y88.74 E.04537
G1 X159.107 Y89.275 E.06275
G1 X159.915 Y89.852 E.0625
G1 X160.692 Y90.47 E.0625
G1 X161.436 Y91.128 E.06253
G1 X162.145 Y91.825 E.06259
G1 X162.774 Y92.51 E.05854
G1 X163.239 Y93.061 E.04539
G1 X163.845 Y93.851 E.06268
G1 X164.41 Y94.673 E.06279
G1 X164.756 Y95.227 E.04112
G1 X165.247 Y96.095 E.06278
G1 X165.69 Y96.984 E.06253
G1 X166.088 Y97.899 E.06281
G1 X166.481 Y98.984 E.07264
G1 X166.771 Y99.933 E.06247
G1 X167.012 Y100.896 E.06249
G1 X167.201 Y101.871 E.06252
G1 X167.339 Y102.854 E.06249
G1 X167.426 Y103.842 E.06244
G1 X167.465 Y105.331 E.09377
G1 X167.421 Y106.323 E.06251
G1 X167.326 Y107.316 E.0628
G1 X167.235 Y107.963 E.04113
G1 X167.052 Y108.948 E.06307
G1 X166.905 Y109.584 E.04109
G1 X166.639 Y110.546 E.06283
G1 X166.324 Y111.487 E.06247
G1 X165.958 Y112.415 E.0628
G1 X165.692 Y113.012 E.04114
G1 X165.247 Y113.905 E.06281
G1 X164.758 Y114.769 E.0625
G1 X164.225 Y115.607 E.06252
G1 X163.648 Y116.415 E.0625
G1 X163.03 Y117.192 E.0625
G1 X162.372 Y117.936 E.06253
G1 X161.673 Y118.647 E.06277
G1 X161.195 Y119.093 E.04115
G1 X160.437 Y119.741 E.06278
G1 X159.649 Y120.345 E.0625
G1 X158.83 Y120.908 E.06256
G1 X157.983 Y121.427 E.06253
G1 X157.166 Y121.872 E.05857
G1 X156.519 Y122.189 E.04536
G1 X155.601 Y122.588 E.06301
G1 X154.992 Y122.822 E.04107
G1 X154.046 Y123.139 E.06281
G1 X153.089 Y123.404 E.06251
G1 X152.119 Y123.619 E.06254
G1 X151.14 Y123.783 E.06249
G1 X150.153 Y123.895 E.06253
G1 X149.162 Y123.956 E.0625
G1 X148.169 Y123.965 E.06251
G1 X147.172 Y123.921 E.06282
G1 X146.522 Y123.864 E.04108
M73 P69 R5
G1 X145.533 Y123.734 E.06279
G1 X144.556 Y123.553 E.06255
G1 X143.586 Y123.32 E.0628
G1 X142.959 Y123.14 E.04106
G1 X142.013 Y122.824 E.06279
G1 X141.089 Y122.46 E.06252
G1 X140.185 Y122.048 E.06254
G1 X139.304 Y121.589 E.06254
G1 X138.448 Y121.085 E.06253
G1 X137.672 Y120.573 E.05853
G1 X137.088 Y120.15 E.04539
G1 X136.308 Y119.53 E.06272
G1 X135.564 Y118.872 E.06253
G1 X134.853 Y118.173 E.06277
G1 X134.407 Y117.695 E.04115
G1 X133.759 Y116.937 E.06278
G1 X133.155 Y116.149 E.0625
G1 X132.592 Y115.33 E.06256
G1 X132.073 Y114.483 E.06253
G1 X131.628 Y113.666 E.05857
G1 X131.311 Y113.019 E.04536
G1 X130.914 Y112.105 E.06273
G1 X130.566 Y111.175 E.06251
G1 X130.267 Y110.228 E.06252
G1 X130.018 Y109.266 E.06255
G1 X129.832 Y108.355 E.05853
G1 X129.717 Y107.643 E.0454
G1 X129.605 Y106.653 E.06272
G1 X129.544 Y105.662 E.0625
G1 X129.535 Y104.669 E.06251
G1 X129.579 Y103.676 E.06257
G1 X129.667 Y102.75 E.05856
G1 X129.765 Y102.036 E.04537
G1 X129.948 Y101.052 E.06301
G1 X130.095 Y100.416 E.04109
G1 X130.361 Y99.454 E.06283
G1 X130.676 Y98.513 E.06247
G1 X131.04 Y97.589 E.06252
G1 X131.452 Y96.685 E.06254
G1 X131.911 Y95.804 E.06254
G1 X132.415 Y94.948 E.06253
G1 X132.927 Y94.172 E.05853
G1 X133.35 Y93.588 E.04539
G1 X133.97 Y92.808 E.06272
G1 X134.628 Y92.064 E.06253
G1 X135.324 Y91.356 E.0625
G1 X136.057 Y90.685 E.06256
G1 X136.774 Y90.092 E.05857
G1 X137.348 Y89.657 E.04534
G1 X138.17 Y89.092 E.06279
G1 X138.963 Y88.605 E.05858
G1 X139.592 Y88.254 E.04534
G1 X140.484 Y87.81 E.06272
G1 X141.395 Y87.414 E.06253
G1 X142.325 Y87.066 E.06251
G1 X143.272 Y86.767 E.06252
G1 X144.173 Y86.533 E.0586
G1 X144.878 Y86.381 E.0454
G1 X145.86 Y86.217 E.06267
G1 X146.847 Y86.105 E.06253
G1 X147.839 Y86.044 E.06257
G1 X148.472 Y86.038 E.03985
G1 X148.496 Y86.795 F12000
G1 F1981.299
G1 X148.76 Y86.792 E.01662
G1 X149.447 Y86.814 E.04327
G1 X150.403 Y86.89 E.06037
G1 X151.349 Y87.014 E.06006
G1 X152.287 Y87.188 E.06006
G1 X153.158 Y87.396 E.05637
G1 X153.819 Y87.584 E.04326
G1 X154.728 Y87.888 E.06034
G1 X155.615 Y88.237 E.06
G1 X156.484 Y88.633 E.06012
G1 X157.278 Y89.045 E.05631
G1 X157.874 Y89.388 E.04329
G1 X158.683 Y89.903 E.06037
G1 X159.459 Y90.457 E.06002
G1 X160.205 Y91.05 E.05999
G1 X160.919 Y91.682 E.06003
G1 X161.6 Y92.351 E.0601
G1 X162.205 Y93.01 E.05632
G1 X162.649 Y93.535 E.04328
G1 X163.232 Y94.296 E.06035
G1 X163.777 Y95.088 E.06052
G1 X164.105 Y95.614 E.03902
G1 X164.579 Y96.451 E.06055
G1 X165.004 Y97.304 E.05999
G1 X165.264 Y97.901 E.04099
G1 X165.498 Y98.475 E.03902
G1 X165.763 Y99.224 E.05001
G1 X166.042 Y100.135 E.05998
G1 X166.272 Y101.06 E.06
G1 X166.454 Y101.995 E.05996
G1 X166.587 Y102.939 E.06001
G1 X166.67 Y103.889 E.06003
G1 X166.707 Y105.318 E.08999
G1 X166.666 Y106.27 E.05999
G1 X166.574 Y107.227 E.06052
G1 X166.487 Y107.841 E.03904
G1 X166.311 Y108.794 E.06101
G1 X166.171 Y109.398 E.03903
G1 X165.915 Y110.324 E.06048
G1 X165.612 Y111.228 E.06002
G1 X165.26 Y112.123 E.06054
G1 X165.008 Y112.689 E.039
G1 X164.579 Y113.549 E.0605
G1 X164.109 Y114.379 E.06005
G1 X163.597 Y115.183 E.06
G1 X163.043 Y115.959 E.06002
G1 X162.45 Y116.705 E.05999
G1 X161.818 Y117.419 E.06003
G1 X161.144 Y118.105 E.06054
G1 X160.691 Y118.528 E.03902
G1 X159.96 Y119.152 E.0605
G1 X159.204 Y119.732 E.05998
G1 X158.418 Y120.272 E.06003
G1 X157.604 Y120.771 E.0601
G1 X156.818 Y121.199 E.05634
G1 X156.201 Y121.502 E.04327
G1 X155.315 Y121.887 E.06081
G1 X154.736 Y122.11 E.03906
G1 X153.824 Y122.415 E.06054
G1 X152.905 Y122.669 E.06002
G1 X151.975 Y122.876 E.05998
G1 X151.034 Y123.033 E.06006
G1 X150.087 Y123.141 E.06
G1 X149.136 Y123.199 E.05998
G1 X148.182 Y123.207 E.06006
G1 X147.222 Y123.166 E.06049
G1 X146.604 Y123.111 E.03906
G1 X145.651 Y122.986 E.06051
G1 X144.714 Y122.812 E.05999
G1 X143.779 Y122.588 E.06053
G1 X143.183 Y122.417 E.03903
G1 X142.272 Y122.112 E.06048
G1 X141.385 Y121.763 E.06
G1 X140.517 Y121.367 E.06006
G1 X139.672 Y120.927 E.05997
G1 X138.849 Y120.443 E.0601
G1 X138.102 Y119.95 E.05634
G1 X137.545 Y119.547 E.04328
G1 X136.795 Y118.95 E.06035
G1 X136.081 Y118.318 E.06003
G1 X135.395 Y117.644 E.06054
G1 X134.972 Y117.191 E.03902
G1 X134.348 Y116.46 E.0605
G1 X133.768 Y115.704 E.05998
G1 X133.228 Y114.918 E.06003
G1 X132.729 Y114.104 E.0601
G1 X132.301 Y113.318 E.05634
G1 X131.998 Y112.701 E.04327
G1 X131.616 Y111.822 E.06033
G1 X131.282 Y110.929 E.06002
G1 X130.995 Y110.019 E.06007
G1 X130.756 Y109.095 E.06008
G1 X130.577 Y108.219 E.05628
G1 X130.468 Y107.54 E.04329
G1 X130.359 Y106.587 E.06038
G1 X130.301 Y105.636 E.05998
G1 X130.293 Y104.682 E.06006
G1 X130.334 Y103.729 E.06005
G1 X130.419 Y102.838 E.05634
G1 X130.513 Y102.157 E.04328
G1 X130.689 Y101.206 E.06088
G1 X130.829 Y100.602 E.03903
G1 X131.085 Y99.676 E.06048
G1 X131.388 Y98.772 E.06002
G1 X131.737 Y97.885 E.06
G1 X132.133 Y97.017 E.06006
G1 X132.573 Y96.172 E.05997
G1 X133.057 Y95.349 E.0601
G1 X133.55 Y94.602 E.05634
G1 X133.953 Y94.045 E.04328
G1 X134.55 Y93.295 E.06035
G1 X135.182 Y92.581 E.06003
G1 X135.85 Y91.901 E.06001
G1 X136.554 Y91.256 E.06011
G1 X137.244 Y90.686 E.05634
G1 X137.792 Y90.271 E.04327
G1 X138.583 Y89.727 E.06043
G1 X139.345 Y89.259 E.05629
G1 X139.946 Y88.924 E.04331
G1 X140.804 Y88.496 E.06036
G1 X141.678 Y88.116 E.05999
G1 X142.571 Y87.782 E.06002
G1 X143.482 Y87.495 E.06013
G1 X144.348 Y87.27 E.05633
G1 X145.02 Y87.125 E.04328
G1 X145.966 Y86.967 E.06038
G1 X146.913 Y86.859 E.06
G1 X147.866 Y86.801 E.0601
G1 X148.466 Y86.795 E.03777
G1 X148.489 Y87.552 F12000
G1 F1981.299
G1 X148.752 Y87.549 E.01656
G1 X149.405 Y87.57 E.04113
G1 X150.324 Y87.643 E.05803
G1 X151.23 Y87.762 E.05752
G1 X152.13 Y87.929 E.05762
G1 X152.966 Y88.128 E.0541
G1 X153.595 Y88.307 E.04117
G1 X154.469 Y88.6 E.05803
G1 X155.319 Y88.935 E.05751
G1 X156.152 Y89.314 E.05761
G1 X156.915 Y89.71 E.05412
G1 X157.482 Y90.036 E.04117
G1 X158.26 Y90.531 E.05805
G1 X159.003 Y91.062 E.05749
G1 X159.719 Y91.63 E.05753
G1 X160.403 Y92.236 E.05753
G1 X161.056 Y92.877 E.0576
G1 X161.637 Y93.51 E.05409
G1 X162.059 Y94.01 E.04119
G1 X162.62 Y94.741 E.05801
G1 X163.144 Y95.504 E.05827
G1 X163.455 Y96.001 E.03691
G1 X163.91 Y96.806 E.05821
G1 X164.318 Y97.624 E.05754
G1 X164.569 Y98.203 E.03973
G1 X164.792 Y98.746 E.03695
G1 X165.045 Y99.464 E.04792
G1 X165.312 Y100.337 E.05747
G1 X165.533 Y101.224 E.05754
G1 X165.708 Y102.12 E.05747
G1 X165.835 Y103.025 E.05753
G1 X165.914 Y103.935 E.0575
G1 X165.95 Y105.305 E.08627
G1 X165.91 Y106.217 E.05747
G1 X165.822 Y107.138 E.05824
G1 X165.74 Y107.719 E.03694
G1 X165.569 Y108.64 E.05897
G1 X165.437 Y109.212 E.03695
G1 X165.19 Y110.103 E.05821
G1 X164.9 Y110.969 E.05749
G1 X164.561 Y111.83 E.05825
G1 X164.323 Y112.366 E.03692
G1 X163.91 Y113.194 E.05825
G1 X163.46 Y113.989 E.05751
G1 X162.969 Y114.76 E.05754
G1 X162.439 Y115.503 E.05745
G1 X161.87 Y116.218 E.05752
G1 X161.264 Y116.903 E.05757
G1 X160.616 Y117.563 E.05823
G1 X160.187 Y117.963 E.03692
G1 X159.483 Y118.563 E.05823
G1 X158.759 Y119.12 E.0575
G1 X158.006 Y119.637 E.0575
G1 X157.225 Y120.115 E.05764
G1 X156.47 Y120.526 E.05411
G1 X155.883 Y120.814 E.04116
G1 X155.028 Y121.186 E.0587
G1 X154.48 Y121.397 E.03697
G1 X153.603 Y121.69 E.05821
G1 X152.722 Y121.934 E.05755
G1 X151.83 Y122.132 E.05752
G1 X150.929 Y122.283 E.05751
G1 X150.021 Y122.386 E.05753
G1 X149.109 Y122.442 E.05752
G1 X148.195 Y122.45 E.05754
G1 X147.271 Y122.41 E.05822
G1 X146.687 Y122.359 E.0369
G1 X145.77 Y122.238 E.05823
G1 X144.871 Y122.072 E.05755
G1 X143.972 Y121.856 E.0582
G1 X143.408 Y121.694 E.03694
G1 X142.531 Y121.4 E.05823
G1 X141.681 Y121.065 E.05751
G1 X140.849 Y120.687 E.05753
G1 X140.039 Y120.265 E.0575
G1 X139.25 Y119.8 E.05765
G1 X138.533 Y119.327 E.05407
G1 X138.003 Y118.944 E.04116
G1 X137.282 Y118.37 E.05801
G1 X136.597 Y117.764 E.05757
G1 X135.937 Y117.116 E.05823
G1 X135.537 Y116.687 E.03692
G1 X134.937 Y115.983 E.05823
G1 X134.38 Y115.259 E.0575
G1 X133.863 Y114.506 E.0575
G1 X133.385 Y113.725 E.05764
G1 X132.974 Y112.97 E.05411
G1 X132.686 Y112.383 E.04116
G1 X132.318 Y111.538 E.05802
G1 X131.998 Y110.682 E.05753
G1 X131.723 Y109.811 E.0575
G1 X131.494 Y108.925 E.05761
G1 X131.322 Y108.083 E.0541
G1 X131.218 Y107.437 E.04119
G1 X131.114 Y106.521 E.05803
G1 X131.058 Y105.609 E.05752
G1 X131.05 Y104.695 E.05754
G1 X131.09 Y103.781 E.05759
G1 X131.171 Y102.925 E.05413
G1 X131.261 Y102.278 E.04112
G1 X131.431 Y101.36 E.05877
G1 X131.563 Y100.788 E.03695
G1 X131.81 Y99.897 E.05821
G1 X132.1 Y99.031 E.05749
G1 X132.435 Y98.181 E.05751
G1 X132.813 Y97.349 E.05753
G1 X133.235 Y96.539 E.0575
G1 X133.7 Y95.75 E.05765
G1 X134.173 Y95.033 E.05407
G1 X134.556 Y94.503 E.04116
G1 X135.13 Y93.781 E.05806
G1 X135.736 Y93.097 E.05753
G1 X136.376 Y92.445 E.05751
G1 X137.051 Y91.827 E.05761
G1 X137.714 Y91.28 E.05411
G1 X138.235 Y90.885 E.04116
G1 X138.996 Y90.362 E.05813
G1 X139.728 Y89.912 E.05409
G1 X140.299 Y89.594 E.04114
G1 X141.124 Y89.182 E.05805
G1 X141.962 Y88.818 E.05751
G1 X142.818 Y88.498 E.05753
G1 X143.691 Y88.223 E.05762
G1 X144.523 Y88.007 E.05411
G1 X145.162 Y87.869 E.04115
G1 X146.071 Y87.717 E.05802
G1 X146.979 Y87.614 E.05753
G1 X147.892 Y87.558 E.05758
G1 X148.459 Y87.552 E.0357
G1 E-8 F1500
G1 Z4.32 F3000
G1 X157.405 Y119.751 F12000
G1 Z4.12 F3000
G1 E8 F1500
;TYPE:Bridge infill
G1 E-10F1500
G1 F12000.0
T0
G1 E16F1500
G1 F12000.0
;WIDTH:0.506835
;HEIGHT:0.501996
G1 F1486.956
G1 X159.925 Y117.571 E.27949
G1 X160.291 Y117.229 E.04202
G1 X160.924 Y116.585 E.07574
G1 X161.513 Y115.919 E.07458
G1 X162.067 Y115.223 E.07462
G1 X162.517 Y114.592 E.06501
G1 X155.976 Y120.251 E.72549
G1 X154.852 Y120.756 E.10336
M73 P70 R5
G1 X154.296 Y120.968 E.04991
G1 X163.465 Y113.036 E1.01694
G1 X163.902 Y112.167 E.08159
G1 X164.08 Y111.767 E.03672
G1 X152.963 Y121.385 E1.23304
G1 X152.61 Y121.483 E.03073
G1 X151.788 Y121.665 E.07062
G1 X164.515 Y110.655 E1.41157
G1 X164.835 Y109.641 E.08919
G1 X150.739 Y121.836 E1.56344
G1 X149.773 Y121.936 E.08146
G1 X165.079 Y108.694 E1.69766
G1 X165.25 Y107.81 E.07552
G1 X148.872 Y121.979 E1.81653
G1 X148.023 Y121.977 E.07121
G1 X165.371 Y106.969 E1.92411
G1 X165.447 Y106.167 E.06757
G1 X147.217 Y121.938 E2.02193
G1 X146.457 Y121.859 E.06409
G1 X165.48 Y105.402 E2.10988
G1 X165.479 Y104.666 E.06174
G1 X145.725 Y121.756 E2.19099
G1 X145.024 Y121.627 E.05979
G1 X165.45 Y103.956 E2.26551
G1 X165.394 Y103.267 E.05798
G1 X144.355 Y121.469 E2.33353
G1 X143.705 Y121.295 E.05644
M73 P71 R5
G1 X165.316 Y102.599 E2.39693
G1 X165.208 Y101.956 E.05469
G1 X143.085 Y121.095 E2.45372
G1 X142.481 Y120.881 E.05375
M73 P71 R4
G1 X165.08 Y101.33 E2.50653
G1 X164.935 Y100.719 E.05267
G1 X141.897 Y120.65 E2.55523
G1 X141.338 Y120.398 E.05143
G1 X164.771 Y100.125 E2.59905
G1 X164.584 Y99.551 E.05064
G1 X140.793 Y120.133 E2.63872
G1 X140.262 Y119.856 E.05024
G1 X164.385 Y98.986 E2.67559
G1 X164.165 Y98.44 E.04938
G1 X139.755 Y119.558 E2.7074
G1 X139.261 Y119.25 E.04883
M73 P72 R4
G1 X163.933 Y97.905 E2.73648
G1 X163.68 Y97.388 E.04828
G1 X138.779 Y118.93 E2.76182
G1 X138.315 Y118.595 E.048
G1 X163.417 Y96.879 E2.78412
G1 X163.137 Y96.385 E.04763
G1 X137.87 Y118.243 E2.80238
G1 X137.435 Y117.884 E.04731
G1 X162.844 Y95.902 E2.81819
G1 X162.532 Y95.435 E.04711
G1 X137.014 Y117.512 E2.83032
G1 X136.61 Y117.125 E.04693
G1 X162.213 Y94.975 E2.83972
G1 X161.873 Y94.533 E.04677
M73 P73 R4
G1 X136.214 Y116.731 E2.8459
G1 X135.837 Y116.321 E.04672
G1 X161.524 Y94.098 E2.84905
G1 X161.288 Y93.818 E.03072
G1 X161.159 Y93.678 E.01597
G1 X135.475 Y115.898 E2.8487
G1 X135.125 Y115.464 E.04677
G1 X160.782 Y93.268 E2.84567
G1 X160.387 Y92.873 E.04686
G1 X134.785 Y115.022 E2.8396
G1 X134.466 Y114.562 E.04695
G1 X159.984 Y92.486 E2.83026
G1 X159.563 Y92.114 E.04712
G1 X134.156 Y114.094 E2.81795
G1 X133.861 Y113.612 E.0474
G1 X159.127 Y91.754 E2.80232
G1 X158.682 Y91.403 E.04754
M73 P74 R4
G1 X133.583 Y113.117 E2.78382
G1 X133.316 Y112.612 E.04792
G1 X158.215 Y91.071 E2.76164
G1 X157.736 Y90.749 E.04841
G1 X133.066 Y112.092 E2.73624
G1 X132.833 Y111.556 E.04902
G1 X157.246 Y90.437 E2.70765
G1 X156.735 Y90.143 E.04945
G1 X132.616 Y111.008 E2.67506
G1 X132.412 Y110.448 E.04999
G1 X156.204 Y89.865 E2.63884
G1 X155.659 Y89.601 E.0508
G1 X132.23 Y109.87 E2.59858
G1 X132.065 Y109.276 E.05171
G1 X155.1 Y89.348 E2.55487
G1 X154.515 Y89.118 E.05273
M73 P75 R4
G1 X131.916 Y108.668 E2.50647
G1 X131.788 Y108.043 E.05351
G1 X153.911 Y88.904 E2.45372
G1 X153.291 Y88.704 E.05464
G1 X131.683 Y107.398 E2.39663
G1 X131.605 Y106.728 E.05658
G1 X152.642 Y88.529 E2.33324
G1 X151.972 Y88.373 E.0577
G1 X131.55 Y106.04 E2.26503
G1 X131.521 Y105.329 E.05969
G1 X151.271 Y88.243 E2.19052
G1 X150.538 Y88.14 E.06209
G1 X131.52 Y104.594 E2.1094
G1 X131.553 Y103.828 E.06431
G1 X149.766 Y88.072 E2.02003
G1 X148.97 Y88.024 E.06689
M73 P76 R4
G1 X131.629 Y103.027 E1.92339
G1 X131.751 Y102.185 E.07136
G1 X148.121 Y88.023 E1.81564
G1 X147.221 Y88.065 E.07557
G1 X131.922 Y101.301 E1.69688
G1 X132.166 Y100.353 E.08211
G1 X146.255 Y88.164 E1.56267
G1 X145.206 Y88.335 E.08915
G1 X132.487 Y99.339 E1.41073
G1 X132.927 Y98.222 E.1007
G1 X144.032 Y88.615 E1.23168
G1 X142.969 Y88.938 E.09319
G1 X142.684 Y89.045 E.02554
G1 X133.545 Y96.951 E1.01361
G1 X134.095 Y95.996 E.09244
G1 X134.49 Y95.397 E.06018
G1 X141.004 Y89.762 E.72246
G1 X140.516 Y90.005 E.04573
G1 X139.963 Y90.314 E.05314
G1 X139.25 Y90.752 E.07019
G1 X138.507 Y91.262 E.07559
G1 X138.002 Y91.645 E.05316
G1 X137.435 Y92.113 E.06167
G1 X135.188 Y94.057 E.24923
;LAYER_CHANGE
;Z:4.32
;HEIGHT:0.2

G1 E-8 F1500
G1 Z4.32 F3000
;AFTER_LAYER_CHANGE
;4.32
G92 E0
_ON_LAYER_CHANGE LAYER=21
G1 Z4.52
G1 X148.508 Y85.343 F12000
G1 Z4.32 F3000
G1 E8 F1500
;TYPE:External perimeter
;WIDTH:0.674999
G1 F2373.121
G1 X148.791 Y85.34 E.01487
G1 X149.528 Y85.364 E.03876
G1 X150.555 Y85.445 E.05414
G1 X151.576 Y85.58 E.05413
G1 X152.589 Y85.768 E.05415
G1 X153.255 Y85.921 E.03592
G1 X154.249 Y86.197 E.05422
G1 X155.225 Y86.523 E.05408
G1 X156.183 Y86.901 E.05413
G1 X157.12 Y87.328 E.05412
G1 X157.986 Y87.778 E.05129
G1 X158.626 Y88.145 E.03877
G1 X159.495 Y88.699 E.05416
G1 X160.333 Y89.297 E.05411
G1 X161.139 Y89.938 E.05412
G1 X161.91 Y90.62 E.0541
G1 X162.644 Y91.342 E.05411
G1 X163.305 Y92.061 E.05133
G1 X163.78 Y92.625 E.03875
G1 X164.407 Y93.443 E.05417
G1 X164.991 Y94.292 E.05416
G1 X165.353 Y94.872 E.03593
G1 X165.861 Y95.769 E.05418
G1 X166.32 Y96.69 E.05408
G1 X166.731 Y97.636 E.05421
G1 X166.976 Y98.274 E.03592
G1 X167.303 Y99.251 E.05415
G1 X167.578 Y100.243 E.0541
G1 X167.801 Y101.248 E.05411
G1 X167.971 Y102.264 E.05414
G1 X168.088 Y103.286 E.05406
G1 X168.15 Y104.314 E.05413
G1 X168.159 Y105.343 E.05408
G1 X168.114 Y106.372 E.05413
G1 X168.022 Y107.344 E.05131
G1 X167.921 Y108.075 E.03878
G1 X167.732 Y109.089 E.05421
G1 X167.579 Y109.755 E.03592
G1 X167.303 Y110.749 E.05422
G1 X166.977 Y111.725 E.05408
G1 X166.599 Y112.683 E.05413
G1 X166.172 Y113.621 E.05417
G1 X165.862 Y114.23 E.03592
G1 X165.354 Y115.127 E.05418
G1 X164.801 Y115.995 E.05409
G1 X164.203 Y116.833 E.05411
G1 X163.562 Y117.639 E.05412
G1 X162.88 Y118.41 E.0541
G1 X162.159 Y119.144 E.05408
G1 X161.399 Y119.84 E.05416
G1 X160.875 Y120.28 E.03596
G1 X160.057 Y120.907 E.05417
G1 X159.209 Y121.49 E.05409
G1 X158.33 Y122.029 E.05419
G1 X157.732 Y122.36 E.03592
G1 X156.81 Y122.82 E.05415
G1 X155.864 Y123.231 E.05421
G1 X155.226 Y123.476 E.03592
G1 X154.249 Y123.803 E.05415
G1 X153.257 Y124.078 E.0541
G1 X152.252 Y124.301 E.05411
G1 X151.236 Y124.471 E.05414
G1 X150.214 Y124.588 E.05406
G1 X149.186 Y124.65 E.05413
G1 X148.157 Y124.659 E.05408
G1 X147.181 Y124.618 E.05134
G1 X146.446 Y124.555 E.03877
G1 X145.424 Y124.42 E.05418
G1 X144.411 Y124.232 E.05415
G1 X143.745 Y124.079 E.03592
G1 X142.751 Y123.803 E.05422
G1 X141.775 Y123.477 E.05408
G1 X140.817 Y123.099 E.05413
G1 X139.88 Y122.672 E.05412
G1 X139.014 Y122.222 E.05129
G1 X138.374 Y121.855 E.03877
G1 X137.505 Y121.301 E.05416
G1 X136.667 Y120.703 E.05411
G1 X135.861 Y120.062 E.05412
G1 X135.09 Y119.38 E.0541
G1 X134.355 Y118.658 E.05415
G1 X133.889 Y118.158 E.03592
G1 X133.219 Y117.374 E.0542
G1 X132.593 Y116.557 E.0541
G1 X132.009 Y115.708 E.05416
G1 X131.647 Y115.128 E.03593
G1 X131.139 Y114.231 E.05418
G1 X130.68 Y113.31 E.05408
G1 X130.269 Y112.364 E.05421
G1 X130.024 Y111.726 E.03592
G1 X129.697 Y110.749 E.05415
G1 X129.422 Y109.757 E.0541
G1 X129.199 Y108.752 E.05411
G1 X129.029 Y107.736 E.05414
G1 X128.912 Y106.714 E.05406
G1 X128.85 Y105.686 E.05413
G1 X128.841 Y104.657 E.05408
G1 X128.886 Y103.628 E.05413
G1 X128.978 Y102.656 E.05131
G1 X129.079 Y101.925 E.03878
G1 X129.268 Y100.911 E.05421
G1 X129.421 Y100.245 E.03592
G1 X129.697 Y99.251 E.05422
G1 X130.023 Y98.275 E.05408
G1 X130.401 Y97.317 E.05413
G1 X130.828 Y96.381 E.05407
G1 X131.303 Y95.467 E.05414
G1 X131.825 Y94.58 E.05409
G1 X132.364 Y93.765 E.05135
G1 X132.796 Y93.168 E.03873
G1 X133.438 Y92.361 E.0542
G1 X134.12 Y91.59 E.0541
G1 X134.842 Y90.856 E.05411
G1 X135.561 Y90.195 E.05133
G1 X136.125 Y89.72 E.03875
G1 X136.943 Y89.093 E.05417
G1 X137.791 Y88.51 E.05409
G1 X138.669 Y87.972 E.05412
G1 X139.527 Y87.505 E.05134
G1 X140.189 Y87.18 E.03876
G1 X141.136 Y86.769 E.05426
G1 X141.774 Y86.524 E.03592
G1 X142.751 Y86.197 E.05415
G1 X143.743 Y85.922 E.0541
G1 X144.748 Y85.699 E.05411
G1 X145.764 Y85.529 E.05414
G1 X146.786 Y85.412 E.05406
M73 P77 R4
G1 X147.814 Y85.35 E.05413
G1 X148.478 Y85.343 E.0349
G1 X149.078 Y85.35 F12000
G1 X148.502 Y86.038
M73 P77 R3
;TYPE:Perimeter
G1 E-10F1500
G1 F12000.0
T1
G1 E20F1500
;WIDTH:0.799999
G1 F1981.299
G1 X148.783 Y86.035 E.01769
G1 X149.489 Y86.058 E.04447
G1 X150.483 Y86.136 E.06277
G1 X151.467 Y86.266 E.06248
G1 X152.448 Y86.448 E.06281
G1 X153.084 Y86.595 E.04109
G1 X154.046 Y86.861 E.06283
G1 X154.987 Y87.176 E.06247
G1 X155.911 Y87.54 E.06252
G1 X156.815 Y87.952 E.06254
G1 X157.653 Y88.387 E.05944
G1 X158.266 Y88.74 E.04453
G1 X159.107 Y89.275 E.06275
G1 X159.915 Y89.852 E.0625
G1 X160.692 Y90.47 E.0625
G1 X161.436 Y91.128 E.06253
G1 X162.145 Y91.824 E.06254
G1 X162.783 Y92.52 E.05944
G1 X163.238 Y93.061 E.0445
G1 X163.845 Y93.851 E.06272
G1 X164.41 Y94.673 E.06279
G1 X164.756 Y95.227 E.04112
G1 X165.247 Y96.095 E.06278
G1 X165.69 Y96.984 E.06253
G1 X166.088 Y97.899 E.06281
G1 X166.481 Y98.984 E.07264
G1 X166.771 Y99.933 E.06247
G1 X167.012 Y100.896 E.06249
G1 X167.201 Y101.871 E.06252
G1 X167.339 Y102.854 E.06249
G1 X167.426 Y103.842 E.06244
G1 X167.465 Y105.331 E.09377
G1 X167.421 Y106.324 E.06257
G1 X167.332 Y107.263 E.05938
G1 X167.235 Y107.964 E.04455
G1 X167.052 Y108.948 E.06301
G1 X166.905 Y109.584 E.04109
G1 X166.639 Y110.546 E.06283
G1 X166.324 Y111.487 E.06247
G1 X165.96 Y112.411 E.06252
G1 X165.546 Y113.319 E.06282
G1 X165.25 Y113.901 E.0411
G1 X164.758 Y114.769 E.06281
G1 X164.225 Y115.607 E.06252
G1 X163.648 Y116.415 E.0625
G1 X163.03 Y117.192 E.0625
G1 X162.372 Y117.936 E.06253
G1 X161.676 Y118.644 E.0625
G1 X160.941 Y119.318 E.06278
G1 X160.44 Y119.738 E.04116
G1 X159.649 Y120.345 E.06277
G1 X158.83 Y120.908 E.06256
G1 X157.98 Y121.429 E.06276
G1 X157.409 Y121.745 E.04108
G1 X156.516 Y122.19 E.06281
G1 X155.601 Y122.588 E.06281
G1 X154.992 Y122.822 E.04107
G1 X154.046 Y123.139 E.06281
G1 X153.089 Y123.404 E.06251
G1 X152.119 Y123.619 E.06254
G1 X151.14 Y123.783 E.06249
G1 X150.153 Y123.895 E.06253
G1 X149.162 Y123.956 E.0625
G1 X148.168 Y123.965 E.06258
G1 X147.225 Y123.924 E.05942
G1 X146.521 Y123.864 E.04448
G1 X145.533 Y123.734 E.06273
G1 X144.552 Y123.552 E.06281
G1 X143.916 Y123.405 E.04109
G1 X142.954 Y123.139 E.06283
G1 X142.013 Y122.824 E.06247
G1 X141.089 Y122.46 E.06252
G1 X140.185 Y122.048 E.06254
G1 X139.347 Y121.613 E.05944
G1 X138.734 Y121.26 E.04453
G1 X137.893 Y120.725 E.06275
G1 X137.085 Y120.148 E.0625
G1 X136.308 Y119.53 E.0625
G1 X135.564 Y118.872 E.06253
G1 X134.853 Y118.173 E.06277
G1 X134.407 Y117.695 E.04115
G1 X133.759 Y116.937 E.06278
G1 X133.155 Y116.149 E.0625
G1 X132.59 Y115.327 E.06279
G1 X132.244 Y114.773 E.04112
G1 X131.753 Y113.905 E.06278
G1 X131.31 Y113.016 E.06253
G1 X130.912 Y112.101 E.06281
G1 X130.678 Y111.492 E.04107
G1 X130.361 Y110.546 E.06281
G1 X130.096 Y109.589 E.06251
G1 X129.881 Y108.619 E.06254
G1 X129.717 Y107.64 E.06249
G1 X129.605 Y106.653 E.06253
G1 X129.544 Y105.662 E.0625
G1 X129.535 Y104.669 E.06251
G1 X129.579 Y103.676 E.06257
G1 X129.668 Y102.737 E.05938
G1 X129.765 Y102.036 E.04455
G1 X129.948 Y101.052 E.06301
G1 X130.095 Y100.416 E.04109
G1 X130.361 Y99.454 E.06283
G1 X130.676 Y98.513 E.06247
G1 X131.04 Y97.589 E.06252
G1 X131.452 Y96.685 E.06254
G1 X131.911 Y95.804 E.06254
G1 X132.415 Y94.948 E.06253
G1 X132.935 Y94.161 E.05938
G1 X133.35 Y93.588 E.04454
G1 X133.97 Y92.808 E.06272
G1 X134.628 Y92.064 E.06253
G1 X135.324 Y91.355 E.06254
G1 X136.02 Y90.717 E.05944
G1 X136.561 Y90.262 E.0445
G1 X137.351 Y89.655 E.06272
G1 X138.17 Y89.092 E.06256
G1 X139.017 Y88.573 E.06253
G1 X139.846 Y88.122 E.05941
G1 X140.481 Y87.811 E.04451
G1 X141.399 Y87.412 E.06301
G1 X142.008 Y87.178 E.04107
G1 X142.954 Y86.861 E.06281
G1 X143.911 Y86.596 E.06251
G1 X144.881 Y86.381 E.06254
G1 X145.86 Y86.217 E.06249
G1 X146.847 Y86.105 E.06253
G1 X147.839 Y86.044 E.06257
G1 X148.472 Y86.038 E.03985
G1 X148.496 Y86.795 F12000
G1 F1981.299
G1 X148.774 Y86.792 E.0175
G1 X149.447 Y86.814 E.04239
G1 X150.403 Y86.89 E.06037
G1 X151.349 Y87.014 E.06006
G1 X152.294 Y87.189 E.0605
G1 X152.898 Y87.329 E.03903
G1 X153.824 Y87.585 E.06048
G1 X154.728 Y87.888 E.06002
G1 X155.615 Y88.237 E.06
G1 X156.484 Y88.633 E.06012
G1 X157.29 Y89.052 E.05719
G1 X157.874 Y89.388 E.04241
G1 X158.683 Y89.903 E.06037
G1 X159.459 Y90.457 E.06002
G1 X160.205 Y91.05 E.05999
G1 X160.919 Y91.682 E.06003
G1 X161.6 Y92.351 E.0601
G1 X162.214 Y93.02 E.05716
G1 X162.648 Y93.535 E.0424
G1 X163.232 Y94.296 E.06039
G1 X163.777 Y95.088 E.06052
G1 X164.105 Y95.614 E.03902
G1 X164.579 Y96.451 E.06055
G1 X165.004 Y97.304 E.05999
G1 X165.264 Y97.901 E.04099
G1 X165.498 Y98.475 E.03902
G1 X165.763 Y99.224 E.05001
G1 X166.042 Y100.135 E.05998
G1 X166.272 Y101.06 E.06
G1 X166.454 Y101.995 E.05996
G1 X166.587 Y102.939 E.06001
G1 X166.67 Y103.889 E.06003
G1 X166.707 Y105.318 E.08999
G1 X166.666 Y106.271 E.06005
G1 X166.58 Y107.175 E.05716
G1 X166.487 Y107.843 E.04246
G1 X166.311 Y108.794 E.06088
G1 X166.171 Y109.398 E.03903
G1 X165.915 Y110.324 E.06048
G1 X165.612 Y111.228 E.06002
G1 X165.263 Y112.115 E.06
G1 X164.864 Y112.99 E.06054
G1 X164.583 Y113.542 E.03899
G1 X164.109 Y114.379 E.06055
G1 X163.597 Y115.183 E.06
G1 X163.043 Y115.959 E.06002
G1 X162.45 Y116.705 E.05999
G1 X161.818 Y117.419 E.06003
G1 X161.15 Y118.099 E.06001
G1 X160.441 Y118.749 E.06055
G1 X159.966 Y119.147 E.03901
G1 X159.204 Y119.732 E.06047
G1 X158.418 Y120.272 E.06003
G1 X157.598 Y120.775 E.06056
G1 X157.056 Y121.075 E.039
G1 X156.196 Y121.504 E.0605
G1 X155.315 Y121.887 E.06047
G1 X154.736 Y122.11 E.03906
G1 X153.824 Y122.415 E.06054
G1 X152.906 Y122.669 E.05996
G1 X151.975 Y122.876 E.06004
G1 X151.034 Y123.033 E.06006
G1 X150.087 Y123.141 E.06
G1 X149.136 Y123.199 E.05998
G1 X148.181 Y123.207 E.06012
G1 X147.274 Y123.169 E.05715
G1 X146.603 Y123.111 E.0424
G1 X145.651 Y122.986 E.06044
G1 X144.706 Y122.811 E.0605
G1 X144.102 Y122.671 E.03903
G1 X143.176 Y122.415 E.06048
G1 X142.272 Y122.112 E.06002
G1 X141.385 Y121.763 E.06
G1 X140.516 Y121.367 E.06012
G1 X139.71 Y120.948 E.05719
G1 X139.126 Y120.613 E.04238
G1 X138.317 Y120.097 E.06041
G1 X137.541 Y119.543 E.06002
G1 X136.795 Y118.95 E.05999
G1 X136.081 Y118.318 E.06003
G1 X135.395 Y117.644 E.06054
G1 X134.972 Y117.191 E.03902
G1 X134.348 Y116.46 E.0605
G1 X133.768 Y115.704 E.05998
G1 X133.223 Y114.912 E.06052
G1 X132.895 Y114.386 E.03902
G1 X132.421 Y113.549 E.06055
G1 X131.996 Y112.696 E.05999
G1 X131.613 Y111.815 E.06047
G1 X131.39 Y111.236 E.03906
G1 X131.085 Y110.324 E.06054
G1 X130.831 Y109.405 E.06002
G1 X130.624 Y108.475 E.05998
G1 X130.467 Y107.534 E.06006
G1 X130.359 Y106.587 E.06
G1 X130.301 Y105.636 E.05998
G1 X130.293 Y104.682 E.06006
G1 X130.334 Y103.729 E.06005
G1 X130.42 Y102.825 E.05716
G1 X130.513 Y102.157 E.04246
G1 X130.689 Y101.206 E.06088
G1 X130.829 Y100.602 E.03903
G1 X131.085 Y99.676 E.06048
G1 X131.388 Y98.772 E.06002
G1 X131.737 Y97.885 E.06
G1 X132.133 Y97.017 E.06006
G1 X132.573 Y96.172 E.05997
G1 X133.057 Y95.349 E.0601
G1 X133.558 Y94.591 E.0572
G1 X133.953 Y94.046 E.04237
G1 X134.55 Y93.295 E.06039
G1 X135.182 Y92.581 E.06003
G1 X135.851 Y91.9 E.0601
G1 X136.52 Y91.286 E.05716
G1 X137.035 Y90.852 E.0424
G1 X137.796 Y90.268 E.06039
G1 X138.582 Y89.728 E.06003
G1 X139.396 Y89.229 E.0601
G1 X140.194 Y88.795 E.05718
G1 X140.798 Y88.498 E.04237
G1 X141.685 Y88.113 E.06087
G1 X142.264 Y87.89 E.03906
G1 X143.176 Y87.585 E.06054
G1 X144.095 Y87.331 E.06002
G1 X145.025 Y87.124 E.05998
G1 X145.966 Y86.967 E.06006
G1 X146.913 Y86.859 E.06
G1 X147.865 Y86.801 E.06004
G1 X148.466 Y86.795 E.03784
G1 X148.489 Y87.552 F12000
G1 F1981.299
G1 X148.765 Y87.549 E.01738
G1 X149.405 Y87.57 E.04031
G1 X150.324 Y87.643 E.05803
G1 X151.23 Y87.762 E.05752
G1 X152.14 Y87.931 E.05827
G1 X152.712 Y88.063 E.03695
G1 X153.603 Y88.31 E.05821
G1 X154.469 Y88.6 E.05749
G1 X155.319 Y88.935 E.05751
G1 X156.152 Y89.314 E.05761
G1 X156.927 Y89.716 E.05496
G1 X157.482 Y90.035 E.0403
G1 X158.26 Y90.531 E.05808
G1 X159.003 Y91.062 E.05749
G1 X159.719 Y91.63 E.05753
G1 X160.403 Y92.236 E.05753
G1 X161.055 Y92.877 E.05756
G1 X161.646 Y93.52 E.05498
G1 X162.058 Y94.01 E.0403
G1 X162.62 Y94.741 E.05805
G1 X163.144 Y95.504 E.05827
G1 X163.455 Y96.001 E.03691
G1 X163.91 Y96.806 E.05821
G1 X164.318 Y97.624 E.05754
G1 X164.569 Y98.203 E.03973
G1 X164.792 Y98.746 E.03695
G1 X165.045 Y99.464 E.04792
G1 X165.312 Y100.337 E.05747
G1 X165.533 Y101.224 E.05754
G1 X165.708 Y102.12 E.05747
G1 X165.835 Y103.025 E.05753
G1 X165.914 Y103.935 E.0575
G1 X165.95 Y105.305 E.08627
G1 X165.91 Y106.219 E.05759
G1 X165.827 Y107.088 E.05495
G1 X165.74 Y107.722 E.04029
G1 X165.569 Y108.64 E.05878
G1 X165.437 Y109.212 E.03695
G1 X165.19 Y110.103 E.05821
G1 X164.9 Y110.969 E.05749
G1 X164.565 Y111.819 E.05751
G1 X164.182 Y112.661 E.05823
G1 X163.915 Y113.184 E.03697
G1 X163.46 Y113.989 E.05821
G1 X162.969 Y114.76 E.05754
G1 X162.439 Y115.503 E.05745
G1 X161.87 Y116.218 E.05752
G1 X161.264 Y116.903 E.05757
G1 X160.624 Y117.555 E.05751
G1 X159.942 Y118.179 E.05819
G1 X159.492 Y118.557 E.037
G1 X158.759 Y119.12 E.05818
G1 X158.006 Y119.637 E.0575
G1 X157.217 Y120.12 E.05824
G1 X156.704 Y120.405 E.03694
G1 X155.876 Y120.818 E.05825
G1 X155.028 Y121.186 E.05819
G1 X154.48 Y121.397 E.03697
G1 X153.603 Y121.69 E.05821
G1 X152.722 Y121.934 E.05755
G1 X151.83 Y122.132 E.05752
G1 X150.929 Y122.283 E.05751
G1 X150.021 Y122.386 E.05753
G1 X149.109 Y122.442 E.05752
G1 X148.194 Y122.45 E.0576
G1 X147.322 Y122.413 E.05494
G1 X146.684 Y122.358 E.04031
G1 X145.77 Y122.238 E.05803
G1 X144.86 Y122.069 E.05827
G1 X144.288 Y121.937 E.03695
G1 X143.397 Y121.69 E.05821
G1 X142.531 Y121.4 E.05749
G1 X141.681 Y121.065 E.05751
G1 X140.848 Y120.686 E.05761
G1 X140.073 Y120.284 E.05496
G1 X139.518 Y119.965 E.0403
G1 X138.74 Y119.469 E.05808
G1 X137.997 Y118.939 E.05745
G1 X137.281 Y118.37 E.05757
G1 X136.597 Y117.764 E.05753
G1 X135.937 Y117.116 E.05823
G1 X135.537 Y116.687 E.03692
G1 X134.937 Y115.983 E.05823
G1 X134.38 Y115.259 E.0575
G1 X133.856 Y114.496 E.05827
G1 X133.545 Y113.999 E.03691
G1 X133.09 Y113.194 E.05821
G1 X132.682 Y112.376 E.05754
G1 X132.314 Y111.528 E.05819
G1 X132.103 Y110.98 E.03697
G1 X131.81 Y110.103 E.05821
G1 X131.566 Y109.222 E.05755
G1 X131.368 Y108.33 E.05752
G1 X131.217 Y107.429 E.05751
G1 X131.114 Y106.521 E.05753
G1 X131.058 Y105.609 E.05752
G1 X131.05 Y104.695 E.05754
G1 X131.09 Y103.781 E.05759
G1 X131.173 Y102.912 E.05495
G1 X131.26 Y102.278 E.04029
G1 X131.431 Y101.36 E.05878
G1 X131.563 Y100.788 E.03695
G1 X131.81 Y99.897 E.05821
G1 X132.1 Y99.031 E.05749
G1 X132.435 Y98.181 E.05751
G1 X132.813 Y97.349 E.05753
G1 X133.235 Y96.539 E.0575
G1 X133.7 Y95.75 E.05765
G1 X134.181 Y95.022 E.05493
G1 X134.556 Y94.503 E.04031
G1 X135.13 Y93.781 E.05806
G1 X135.736 Y93.097 E.05753
G1 X136.377 Y92.445 E.05756
G1 X137.02 Y91.854 E.05498
G1 X137.51 Y91.442 E.0403
G1 X138.241 Y90.88 E.05805
G1 X138.994 Y90.363 E.0575
G1 X139.775 Y89.885 E.05764
M73 P78 R3
G1 X140.541 Y89.468 E.0549
G1 X141.116 Y89.186 E.04032
G1 X141.972 Y88.814 E.05875
G1 X142.52 Y88.603 E.03697
G1 X143.397 Y88.31 E.05821
G1 X144.278 Y88.066 E.05755
G1 X145.17 Y87.868 E.05752
G1 X146.071 Y87.717 E.05751
G1 X146.979 Y87.614 E.05753
G1 X147.892 Y87.558 E.05758
G1 X148.459 Y87.552 E.0357
G1 E-8 F1500
G1 Z4.52 F3000
G1 X134.8 Y115.371 F12000
G1 Z4.32 F3000
G1 E8 F1500
;TYPE:Solid infill
G1 E-10F1500
G1 F12000.0
T0
G1 E16F1500
G1 F12000.0
;WIDTH:0.55292
G1 F2941.177
G1 X135.171 Y115.794 E.02386
G1 X136.186 Y116.874 E.06285
G1 X136.831 Y117.513 E.0385
G1 X138.155 Y118.726 E.07615
G1 E-8 F1500
G1 Z4.52 F3000
G1 X139.481 Y119.365 F12000
G1 Z4.32 F3000
G1 E8 F1500
G1 F2941.177
G1 X139.436 Y119.41 E.0027
G1 X139.453 Y119.471 E.00269
G1 X139.514 Y119.488 E.00269
G1 X139.559 Y119.443 E.0027
G1 X139.543 Y119.381 E.00272
;WIDTH:0.593613
G1 F2723.841
G1 X139.379 Y119.277 E.00889
;WIDTH:0.634306
G1 F2536.414
G1 X139.215 Y119.172 E.00958
;WIDTH:0.674999
G1 F2373.121
G1 X139.051 Y119.068 E.01021
G1 X134.448 Y114.465 E.34213
G1 X134.342 Y114.301 E.01026
;WIDTH:0.63557
G1 F2531.008
G1 X134.236 Y114.137 E.00962
;WIDTH:0.59614
G1 F2711.4
G1 X134.13 Y113.973 E.00898
;WIDTH:0.55671
G1 F2919.481
G1 X134.147 Y114.035 E.00275
G1 X134.101 Y114.08 E.00275
G1 X134.039 Y114.063 E.00275
G1 X134.023 Y114.001 E.00274
G1 X134.068 Y113.956 E.00272
G1 E-8 F1500
G1 Z4.52 F3000
G1 X133.241 Y112.364 F12000
G1 Z4.32 F3000
G1 E8 F1500
;WIDTH:0.674999
G1 F2373.121
G1 X141.141 Y120.264 E.58719
G1 X141.305 Y120.353 E.00981
;WIDTH:0.634306
G1 F2536.414
G1 X141.469 Y120.441 E.00915
;WIDTH:0.593613
G1 F2723.841
G1 X141.633 Y120.529 E.00852
;WIDTH:0.55292
G1 F2941.177
G1 X141.65 Y120.591 E.00273
G1 X141.605 Y120.636 E.0027
G1 X141.543 Y120.62 E.00272
G1 X141.527 Y120.558 E.00272
G1 X141.572 Y120.513 E.0027
G1 E-8 F1500
G1 Z4.52 F3000
G1 X143.183 Y121.152 F12000
G1 Z4.32 F3000
G1 E8 F1500
G1 F2941.177
G1 X143.2 Y121.214 E.00273
G1 X143.155 Y121.259 E.0027
G1 X143.093 Y121.243 E.00272
G1 X143.077 Y121.181 E.00272
G1 X143.122 Y121.136 E.0027
;WIDTH:0.593613
G1 F2723.841
G1 X142.978 Y121.064 E.00737
;WIDTH:0.634306
G1 F2536.414
G1 X142.835 Y120.992 E.00787
;WIDTH:0.674999
G1 F2373.121
G1 X142.691 Y120.921 E.00844
G1 X132.578 Y110.807 E.75171
G1 X132.501 Y110.644 E.00947
;WIDTH:0.634306
G1 F2536.414
G1 X132.424 Y110.481 E.00886
;WIDTH:0.593613
G1 F2723.841
G1 X132.346 Y110.318 E.00827
;WIDTH:0.55292
G1 F2941.177
G1 X132.363 Y110.38 E.00273
G1 X132.318 Y110.425 E.0027
G1 X132.256 Y110.408 E.00273
G1 X132.24 Y110.347 E.00267
G1 X132.285 Y110.302 E.0027
;WIDTH:0.674999
G1 F2373.121
G1 X132.168 Y109.503 E.04244
G1 X143.997 Y121.332 E.87922
G1 X144.08 Y121.437 E.00703
;WIDTH:0.634306
G1 F2536.414
G1 X144.163 Y121.541 E.00654
;WIDTH:0.593613
G1 F2723.841
G1 X144.246 Y121.645 E.00609
;WIDTH:0.55292
G1 F2941.177
G1 X145.128 Y121.85 E.0384
;WIDTH:0.674999
G1 F2373.121
G1 X145.172 Y121.613 E.01267
G1 X131.884 Y108.326 E.98763
G1 X131.808 Y108.351 E.0042
;WIDTH:0.634306
G1 F2536.414
G1 X131.732 Y108.376 E.00393
;WIDTH:0.593613
G1 F2723.841
G1 X131.656 Y108.401 E.00366
;WIDTH:0.55292
G1 F2941.177
G1 X131.858 Y109.255 E.03721
G1 E-8 F1500
G1 Z4.52 F3000
G1 X131.705 Y107.253 F12000
G1 Z4.32 F3000
G1 E8 F1500
;WIDTH:0.674999
G1 F2373.121
G1 X146.243 Y121.791 E1.08058
G1 X147.246 Y121.899 E.05302
G1 X131.604 Y106.257 E1.16263
G1 X131.561 Y105.32 E.0493
G1 X148.184 Y121.944 E1.23559
G1 X149.072 Y121.937 E.04667
G1 X131.567 Y104.433 E1.30107
G1 X131.616 Y103.588 E.04449
G1 X149.915 Y121.887 E1.36012
G1 X150.72 Y121.798 E.04257
G1 X131.701 Y102.779 E1.41364
G1 X131.824 Y102.008 E.04103
M73 P79 R3
G1 X151.492 Y121.676 E1.46188
G1 X152.235 Y121.525 E.03985
G1 X131.972 Y101.262 E1.5061
G1 X132.153 Y100.549 E.03866
G1 X152.951 Y121.347 E1.54587
G1 X153.642 Y121.144 E.03785
G1 X132.356 Y99.858 E1.58214
G1 X132.58 Y99.189 E.03708
G1 X154.312 Y120.92 E1.61525
G1 X154.953 Y120.668 E.0362
G1 X132.833 Y98.548 E1.64413
G1 X133.106 Y97.926 E.0357
G1 X155.576 Y120.397 E1.67018
G1 X156.176 Y120.103 E.03512
G1 X133.397 Y97.323 E1.69315
G1 X133.705 Y96.738 E.03475
G1 X156.762 Y119.795 E1.71377
G1 X157.324 Y119.463 E.03431
G1 X134.036 Y96.175 E1.73094
G1 X134.385 Y95.63 E.03401
G1 X157.871 Y119.116 E1.74566
G1 X158.401 Y118.752 E.03379
G1 X134.748 Y95.1 E1.75803
G1 X135.133 Y94.59 E.03358
M73 P80 R3
G1 X158.91 Y118.367 E1.76729
G1 X159.406 Y117.969 E.03342
G1 X135.529 Y94.093 E1.77468
G1 X135.949 Y93.619 E.03329
G1 X159.881 Y117.55 E1.77877
G1 X160.343 Y117.119 E.03321
G1 X136.383 Y93.159 E1.78089
G1 X136.832 Y92.713 E.03326
G1 X160.786 Y116.668 E1.78048
G1 X161.212 Y116.2 E.03326
G1 X137.298 Y92.285 E1.77751
G1 X137.78 Y91.874 E.03329
G1 X161.623 Y115.717 E1.77219
G1 X162.019 Y115.219 E.03344
G1 X138.284 Y91.484 E1.76417
G1 X138.802 Y91.108 E.03364
G1 X162.392 Y114.698 E1.75339
G1 X162.75 Y114.163 E.03383
G1 X139.335 Y90.747 E1.74042
G1 X139.889 Y90.407 E.03416
G1 X163.093 Y113.611 E1.7247
G1 X163.416 Y113.041 E.03443
M73 P81 R3
G1 X140.462 Y90.086 E1.70615
G1 X141.05 Y89.781 E.03481
G1 X163.721 Y112.452 E1.68508
G1 X164.002 Y111.838 E.03549
G1 X141.663 Y89.499 E1.66041
G1 X142.29 Y89.233 E.0358
G1 X164.264 Y111.207 E1.63328
G1 X164.506 Y110.555 E.03655
G1 X142.945 Y88.994 E1.60258
G1 X143.618 Y88.773 E.03723
G1 X164.727 Y109.882 E1.56898
G1 X164.921 Y109.182 E.03818
G1 X144.318 Y88.579 E1.53137
G1 X145.046 Y88.413 E.03924
G1 X165.089 Y108.457 E1.48979
G1 X165.229 Y107.703 E.04031
G1 X145.801 Y88.274 E1.44407
G1 X146.587 Y88.167 E.04169
G1 X165.336 Y106.916 E1.39357
G1 X165.41 Y106.095 E.04332
G1 X147.408 Y88.094 E1.33801
G1 X148.272 Y88.063 E.04544
G1 X165.444 Y105.236 E1.27639
G1 X165.432 Y104.33 E.04762
G1 X149.175 Y88.072 E1.20838
G1 X150.132 Y88.136 E.05041
M73 P82 R3
G1 X165.365 Y103.369 E1.13223
G1 E-8 F1500
G1 Z4.52 F3000
G1 X165.371 Y101.721 F12000
G1 Z4.32 F3000
G1 E8 F1500
;WIDTH:0.55292
G1 F2941.177
G1 X165.397 Y101.865 E.00621
;WIDTH:0.593613
G1 F2723.841
G1 X165.342 Y102.024 E.0077
;WIDTH:0.634306
G1 F2536.414
G1 X165.287 Y102.183 E.00827
;WIDTH:0.674999
G1 F2373.121
G1 X165.232 Y102.342 E.00884
G1 X151.151 Y88.261 E1.04661
G1 X152.105 Y88.194 E.05026
;WIDTH:0.55292
G1 F2941.177
G1 X153.231 Y88.487 E.04934
;WIDTH:0.674999
G1 F2373.121
G1 X152.261 Y88.477 E.05098
G1 X165.018 Y101.234 E.9482
G1 X165.068 Y101.104 E.00732
;WIDTH:0.634306
G1 F2536.414
G1 X165.118 Y100.974 E.00685
;WIDTH:0.593613
G1 F2723.841
G1 X165.168 Y100.844 E.00638
;WIDTH:0.55292
G1 F2941.177
G1 X165.013 Y100.269 E.02525
;WIDTH:0.674999
G1 F2373.121
G1 X164.699 Y100.021 E.02103
G1 X153.479 Y88.801 E.83396
G1 X154.41 Y88.948 E.04954
;WIDTH:0.55292
G1 F2941.177
G1 X154.365 Y88.993 E.0027
G1 X154.382 Y89.054 E.00269
G1 X154.443 Y89.071 E.00269
G1 X154.489 Y89.026 E.00273
G1 X154.472 Y88.964 E.00273
;WIDTH:0.593613
G1 F2723.841
G1 X154.606 Y89.077 E.00803
;WIDTH:0.634306
G1 F2536.414
G1 X154.74 Y89.189 E.00859
;WIDTH:0.674999
G1 F2373.121
G1 X154.874 Y89.302 E.00921
G1 X164.206 Y98.634 E.69363
G1 X164.296 Y98.763 E.00827
;WIDTH:0.634306
G1 F2536.414
G1 X164.385 Y98.891 E.00767
;WIDTH:0.593613
G1 F2723.841
G1 X164.475 Y99.019 E.00716
;WIDTH:0.55292
G1 F2941.177
G1 X164.43 Y99.065 E.00273
G1 X164.446 Y99.126 E.00267
G1 X164.508 Y99.143 E.00273
G1 X164.553 Y99.098 E.0027
G1 X164.536 Y99.036 E.00273
G1 E-8 F1500
G1 Z4.52 F3000
G1 X163.775 Y97.34 F12000
G1 Z4.32 F3000
G1 E8 F1500
G1 F2941.177
G1 X163.791 Y97.402 E.00272
G1 X163.746 Y97.447 E.0027
G1 X163.685 Y97.431 E.00267
G1 X163.668 Y97.369 E.00273
G1 X163.713 Y97.324 E.0027
;WIDTH:0.593613
G1 F2723.841
G1 X163.61 Y97.195 E.00756
;WIDTH:0.634306
G1 F2536.414
G1 X163.507 Y97.067 E.00808
;WIDTH:0.674999
G1 F2373.121
G1 X163.404 Y96.939 E.00863
G1 X156.428 Y89.972 E.51818
;WIDTH:0.634306
G1 F2536.414
G1 X156.294 Y89.848 E.00898
;WIDTH:0.593613
G1 F2723.841
G1 X156.16 Y89.724 E.00836
;WIDTH:0.55292
G1 F2941.177
G1 X156.177 Y89.785 E.00269
G1 X156.131 Y89.83 E.00273
G1 X156.07 Y89.814 E.00267
G1 X156.053 Y89.752 E.00273
G1 X156.098 Y89.707 E.0027
G1 E-8 F1500
G1 Z4.52 F3000
G1 X158.043 Y90.852 F12000
G1 Z4.32 F3000
G1 E8 F1500
;WIDTH:0.585806
G1 F2763.011
G1 X158.726 Y91.43 E.04039
;WIDTH:0.619435
G1 F2601.842
G1 X158.947 Y91.627 E.01419
;WIDTH:0.653064
G1 F2458.439
G1 X159.169 Y91.825 E.01509
;WIDTH:0.686692
G1 F2330.017
G1 X159.39 Y92.022 E.01585
;WIDTH:0.713767
G1 F2235.979
G1 X159.713 Y92.326 E.02474
;WIDTH:0.740842
G1 F2149.237
G1 X160.036 Y92.63 E.02574
;WIDTH:0.748582
G1 F2125.664
G1 X161.252 Y93.866 E.10174
;WIDTH:0.712398
G1 F2240.551
G1 X161.461 Y94.094 E.01722
;WIDTH:0.686016
G1 F2332.467
G1 X161.67 Y94.322 E.01654
;WIDTH:0.659634
G1 F2432.246
G1 X161.868 Y94.548 E.01541
;WIDTH:0.624063
G1 F2581.122
G1 X162.067 Y94.773 E.01451
;WIDTH:0.588492
G1 F2749.411
G1 X162.265 Y94.999 E.01363
;LAYER_CHANGE
;Z:4.52
;HEIGHT:0.2

G1 E-8 F1500
G1 Z4.52 F3000
;AFTER_LAYER_CHANGE
;4.52
G92 E0
_ON_LAYER_CHANGE LAYER=22
G1 Z4.72
G1 X148.508 Y85.343 F12000
G1 Z4.52 F3000
G1 E8 F1500
;TYPE:External perimeter
;WIDTH:0.674999
G1 F2373.121
G1 X148.805 Y85.34 E.01561
G1 X149.528 Y85.364 E.03802
G1 X150.555 Y85.445 E.05414
G1 X151.576 Y85.58 E.05413
G1 X152.589 Y85.768 E.05415
G1 X153.255 Y85.921 E.03592
G1 X154.249 Y86.197 E.05422
G1 X155.225 Y86.523 E.05408
G1 X156.183 Y86.901 E.05413
G1 X157.12 Y87.328 E.05412
G1 X157.999 Y87.784 E.05204
G1 X158.626 Y88.145 E.03803
G1 X159.495 Y88.699 E.05416
G1 X160.333 Y89.297 E.05411
G1 X161.139 Y89.938 E.05412
G1 X161.91 Y90.62 E.0541
G1 X162.644 Y91.341 E.05408
G1 X163.339 Y92.1 E.05409
G1 X163.995 Y92.896 E.05421
G1 X164.406 Y93.441 E.03588
G1 X164.99 Y94.291 E.0542
G1 X165.528 Y95.169 E.05412
G1 X166.001 Y96.039 E.05205
G1 X166.32 Y96.689 E.03805
G1 X166.731 Y97.636 E.05426
G1 X166.976 Y98.274 E.03592
G1 X167.303 Y99.251 E.05415
G1 X167.578 Y100.243 E.0541
G1 X167.801 Y101.248 E.05411
G1 X167.971 Y102.264 E.05414
G1 X168.088 Y103.286 E.05406
G1 X168.15 Y104.314 E.05413
G1 X168.159 Y105.343 E.05408
G1 X168.114 Y106.372 E.05413
G1 X168.016 Y107.396 E.05406
G1 X167.863 Y108.416 E.05421
G1 X167.733 Y109.088 E.03597
G1 X167.579 Y109.755 E.03598
G1 X167.303 Y110.749 E.05422
G1 X166.977 Y111.725 E.05408
G1 X166.599 Y112.683 E.05413
G1 X166.172 Y113.621 E.05417
G1 X165.862 Y114.23 E.03592
G1 X165.354 Y115.127 E.05418
G1 X164.801 Y115.995 E.05409
G1 X164.203 Y116.833 E.05411
G1 X163.562 Y117.639 E.05412
M73 P82 R2
G1 X162.88 Y118.41 E.0541
G1 X162.159 Y119.144 E.05408
G1 X161.4 Y119.839 E.05409
G1 X160.605 Y120.494 E.05414
G1 X159.777 Y121.107 E.05415
G1 X159.21 Y121.489 E.03593
G1 X158.331 Y122.028 E.05419
G1 X157.461 Y122.501 E.05205
G1 X156.811 Y122.82 E.03805
G1 X155.864 Y123.231 E.05426
G1 X155.226 Y123.476 E.03592
G1 X154.249 Y123.803 E.05415
G1 X153.257 Y124.078 E.0541
G1 X152.252 Y124.301 E.05411
G1 X151.236 Y124.471 E.05414
G1 X150.214 Y124.588 E.05406
G1 X149.186 Y124.65 E.05413
G1 X148.157 Y124.659 E.05408
G1 X147.127 Y124.614 E.05419
G1 X146.446 Y124.555 E.03593
G1 X145.424 Y124.42 E.05418
G1 X144.412 Y124.233 E.05409
G1 X143.41 Y123.992 E.05416
G1 X142.753 Y123.804 E.03592
G1 X141.775 Y123.477 E.0542
G1 X140.817 Y123.099 E.05413
G1 X139.881 Y122.672 E.05407
G1 X138.967 Y122.197 E.05414
G1 X138.08 Y121.675 E.05409
G1 X137.254 Y121.128 E.05207
G1 X136.668 Y120.704 E.03802
G1 X135.861 Y120.062 E.0542
G1 X135.09 Y119.38 E.0541
G1 X134.355 Y118.658 E.05415
G1 X133.889 Y118.158 E.03592
G1 X133.219 Y117.374 E.0542
G1 X132.593 Y116.557 E.0541
G1 X132.01 Y115.709 E.05409
G1 X131.472 Y114.831 E.05412
G1 X130.999 Y113.961 E.05205
G1 X130.68 Y113.311 E.03805
G1 X130.269 Y112.366 E.05416
G1 X129.909 Y111.401 E.05413
G1 X129.599 Y110.42 E.05407
G1 X129.342 Y109.423 E.05411
G1 X129.143 Y108.452 E.05209
G1 X129.029 Y107.738 E.038
G1 X128.912 Y106.714 E.05417
G1 X128.85 Y105.686 E.05413
G1 X128.841 Y104.657 E.05408
G1 X128.883 Y103.667 E.05208
G1 X128.945 Y102.946 E.03803
G1 X129.08 Y101.924 E.05418
G1 X129.267 Y100.912 E.05409
G1 X129.508 Y99.911 E.05411
G1 X129.8 Y98.924 E.0541
G1 X130.144 Y97.953 E.05414
G1 X130.522 Y97.038 E.05203
G1 X130.827 Y96.382 E.03802
G1 X131.303 Y95.468 E.05416
G1 X131.825 Y94.581 E.05409
G1 X132.394 Y93.721 E.0542
G1 X132.796 Y93.168 E.03593
G1 X133.438 Y92.361 E.0542
G1 X134.12 Y91.59 E.0541
G1 X134.841 Y90.856 E.05408
G1 X135.571 Y90.186 E.05208
G1 X136.125 Y89.72 E.03805
G1 X136.943 Y89.093 E.05417
G1 X137.791 Y88.51 E.05409
G1 X138.669 Y87.972 E.05412
G1 X139.539 Y87.499 E.05205
G1 X140.189 Y87.18 E.03805
G1 X141.136 Y86.769 E.05426
G1 X141.774 Y86.524 E.03592
G1 X142.751 Y86.197 E.05415
G1 X143.743 Y85.922 E.0541
G1 X144.748 Y85.699 E.05411
G1 X145.764 Y85.529 E.05414
G1 X146.786 Y85.412 E.05406
G1 X147.814 Y85.35 E.05413
G1 X148.478 Y85.343 E.0349
G1 X149.078 Y85.35 F12000
G1 X148.502 Y86.038
;TYPE:Perimeter
G1 E-10F1500
G1 F12000.0
T1
G1 E20F1500
;WIDTH:0.799999
G1 F1981.299
G1 X148.796 Y86.035 E.01851
G1 X149.489 Y86.058 E.04365
G1 X150.483 Y86.136 E.06277
G1 X151.467 Y86.266 E.06248
G1 X152.448 Y86.448 E.06281
G1 X153.084 Y86.595 E.04109
G1 X154.046 Y86.861 E.06283
G1 X154.987 Y87.176 E.06247
G1 X155.911 Y87.54 E.06252
G1 X156.815 Y87.952 E.06254
M73 P83 R2
G1 X157.665 Y88.394 E.06031
G1 X158.266 Y88.74 E.04366
G1 X159.107 Y89.275 E.06275
G1 X159.915 Y89.852 E.0625
G1 X160.692 Y90.47 E.0625
G1 X161.436 Y91.128 E.06253
G1 X162.144 Y91.824 E.0625
G1 X162.815 Y92.556 E.06251
G1 X163.45 Y93.326 E.06283
G1 X163.843 Y93.847 E.04108
G1 X164.408 Y94.67 E.06284
G1 X164.927 Y95.517 E.06253
G1 X165.384 Y96.358 E.06025
G1 X165.689 Y96.981 E.04367
G1 X166.088 Y97.899 E.06301
G1 X166.481 Y98.984 E.07264
G1 X166.771 Y99.933 E.06247
G1 X167.012 Y100.896 E.06249
G1 X167.201 Y101.871 E.06252
G1 X167.339 Y102.854 E.06249
G1 X167.426 Y103.842 E.06244
G1 X167.465 Y105.331 E.09377
G1 X167.421 Y106.323 E.06251
G1 X167.326 Y107.312 E.06255
G1 X167.179 Y108.298 E.06276
G1 X167.053 Y108.944 E.04143
G1 X166.905 Y109.584 E.04135
G1 X166.639 Y110.546 E.06283
G1 X166.324 Y111.487 E.06247
G1 X165.96 Y112.411 E.06252
G1 X165.546 Y113.319 E.06282
G1 X165.25 Y113.901 E.0411
G1 X164.758 Y114.769 E.06281
G1 X164.225 Y115.607 E.06252
G1 X163.648 Y116.415 E.0625
G1 X163.03 Y117.192 E.0625
G1 X162.372 Y117.936 E.06253
G1 X161.676 Y118.644 E.0625
G1 X160.944 Y119.315 E.06251
G1 X160.178 Y119.947 E.06251
G1 X159.376 Y120.54 E.06279
G1 X158.834 Y120.905 E.04114
G1 X157.983 Y121.427 E.06285
G1 X157.142 Y121.884 E.06025
G1 X156.519 Y122.189 E.04367
G1 X155.601 Y122.588 E.06301
G1 X154.992 Y122.822 E.04107
G1 X154.046 Y123.139 E.06281
G1 X153.089 Y123.404 E.06251
G1 X152.119 Y123.619 E.06254
G1 X151.14 Y123.783 E.06249
G1 X150.153 Y123.895 E.06253
G1 X149.162 Y123.956 E.0625
G1 X148.169 Y123.965 E.06251
G1 X147.172 Y123.921 E.06282
G1 X146.522 Y123.864 E.04108
G1 X145.533 Y123.734 E.06279
G1 X144.556 Y123.553 E.06255
G1 X143.586 Y123.32 E.0628
G1 X142.959 Y123.14 E.04106
G1 X142.013 Y122.824 E.06279
G1 X141.089 Y122.46 E.06252
G1 X140.185 Y122.048 E.06254
G1 X139.304 Y121.589 E.06254
G1 X138.448 Y121.085 E.06253
G1 X137.649 Y120.557 E.06029
G1 X137.088 Y120.151 E.04359
G1 X136.308 Y119.53 E.06276
G1 X135.564 Y118.872 E.06253
G1 X134.853 Y118.173 E.06277
G1 X134.407 Y117.695 E.04115
G1 X133.759 Y116.937 E.06278
G1 X133.155 Y116.149 E.0625
G1 X132.592 Y115.33 E.06256
G1 X132.073 Y114.483 E.06253
G1 X131.616 Y113.642 E.06025
G1 X131.311 Y113.019 E.04367
G1 X130.914 Y112.105 E.06273
G1 X130.566 Y111.175 E.06251
G1 X130.267 Y110.228 E.06252
G1 X130.018 Y109.266 E.06255
G1 X129.827 Y108.328 E.06026
G1 X129.717 Y107.644 E.04361
G1 X129.605 Y106.653 E.06278
G1 X129.544 Y105.662 E.0625
G1 X129.535 Y104.669 E.06251
G1 X129.576 Y103.712 E.0603
G1 X129.636 Y103.021 E.04366
G1 X129.766 Y102.033 E.06273
G1 X129.947 Y101.056 E.06255
G1 X130.179 Y100.091 E.06248
G1 X130.461 Y99.139 E.0625
G1 X130.792 Y98.202 E.06256
G1 X131.158 Y97.317 E.06029
G1 X131.45 Y96.688 E.04366
G1 X131.911 Y95.804 E.06276
G1 X132.415 Y94.949 E.06248
G1 X132.965 Y94.117 E.06279
G1 X133.349 Y93.589 E.0411
G1 X133.97 Y92.808 E.06281
G1 X134.628 Y92.064 E.06253
G1 X135.324 Y91.356 E.0625
G1 X136.03 Y90.708 E.06033
G1 X136.56 Y90.262 E.04361
G1 X137.351 Y89.655 E.06277
G1 X138.17 Y89.092 E.06256
G1 X139.017 Y88.573 E.06253
G1 X139.858 Y88.116 E.06025
G1 X140.48 Y87.811 E.04361
G1 X141.399 Y87.412 E.06307
G1 X142.008 Y87.178 E.04107
G1 X142.954 Y86.861 E.06281
G1 X143.911 Y86.596 E.06251
G1 X144.881 Y86.381 E.06254
G1 X145.86 Y86.217 E.06249
G1 X146.847 Y86.105 E.06253
G1 X147.838 Y86.044 E.0625
G1 X148.472 Y86.038 E.03991
G1 X148.496 Y86.795 F12000
G1 F1981.299
G1 X148.787 Y86.792 E.01832
G1 X149.447 Y86.814 E.04157
G1 X150.403 Y86.89 E.06037
G1 X151.349 Y87.014 E.06006
G1 X152.294 Y87.189 E.0605
G1 X152.898 Y87.329 E.03903
G1 X153.824 Y87.585 E.06048
G1 X154.728 Y87.888 E.06002
G1 X155.615 Y88.237 E.06
G1 X156.483 Y88.633 E.06006
G1 X157.302 Y89.058 E.05809
G1 X157.873 Y89.387 E.04149
G1 X158.683 Y89.903 E.06046
G1 X159.459 Y90.457 E.06002
G1 X160.205 Y91.05 E.05999
G1 X160.919 Y91.682 E.06003
G1 X161.599 Y92.35 E.06001
G1 X162.243 Y93.053 E.06002
G1 X162.855 Y93.795 E.06055
G1 X163.228 Y94.29 E.03902
G1 X163.772 Y95.082 E.06049
G1 X164.271 Y95.895 E.06005
G1 X164.711 Y96.705 E.05803
G1 X165.001 Y97.298 E.04156
G1 X165.264 Y97.901 E.04141
G1 X165.498 Y98.475 E.03902
G1 X165.763 Y99.224 E.05001
G1 X166.042 Y100.135 E.05998
G1 X166.272 Y101.06 E.06
G1 X166.454 Y101.995 E.05996
G1 X166.587 Y102.939 E.06001
G1 X166.67 Y103.889 E.06003
G1 X166.707 Y105.318 E.08999
G1 X166.666 Y106.27 E.05999
G1 X166.575 Y107.219 E.06001
G1 X166.432 Y108.17 E.06054
G1 X166.313 Y108.786 E.0395
G1 X166.171 Y109.398 E.03955
G1 X165.915 Y110.324 E.06048
G1 X165.612 Y111.228 E.06002
G1 X165.263 Y112.115 E.06
G1 X164.864 Y112.99 E.06054
G1 X164.583 Y113.542 E.03899
G1 X164.109 Y114.379 E.06055
G1 X163.597 Y115.183 E.06
G1 X163.043 Y115.959 E.06002
G1 X162.45 Y116.705 E.05999
G1 X161.818 Y117.419 E.06003
G1 X161.15 Y118.099 E.06001
G1 X160.447 Y118.743 E.06002
G1 X159.711 Y119.35 E.06006
G1 X158.939 Y119.922 E.06048
G1 X158.425 Y120.268 E.03901
G1 X157.605 Y120.771 E.06056
G1 X156.795 Y121.211 E.05803
G1 X156.202 Y121.501 E.04156
G1 X155.314 Y121.887 E.06095
G1 X154.736 Y122.11 E.039
G1 X153.824 Y122.415 E.06054
G1 X152.906 Y122.669 E.05996
G1 X151.975 Y122.876 E.06004
G1 X151.034 Y123.033 E.06006
G1 X150.087 Y123.141 E.06
G1 X149.136 Y123.199 E.05998
G1 X148.182 Y123.207 E.06006
G1 X147.222 Y123.166 E.06049
G1 X146.604 Y123.111 E.03906
G1 X145.651 Y122.986 E.06051
G1 X144.714 Y122.812 E.05999
G1 X143.779 Y122.588 E.06053
G1 X143.183 Y122.417 E.03903
G1 X142.272 Y122.112 E.06048
G1 X141.385 Y121.763 E.06
G1 X140.517 Y121.367 E.06006
G1 X139.672 Y120.927 E.05997
G1 X138.849 Y120.443 E.0601
G1 X138.08 Y119.934 E.05805
G1 X137.546 Y119.547 E.04152
G1 X136.795 Y118.95 E.06039
G1 X136.081 Y118.318 E.06003
G1 X135.395 Y117.644 E.06054
G1 X134.972 Y117.191 E.03902
G1 X134.348 Y116.46 E.0605
G1 X133.768 Y115.704 E.05998
G1 X133.228 Y114.918 E.06003
G1 X132.729 Y114.105 E.06005
G1 X132.289 Y113.295 E.05803
G1 X131.999 Y112.702 E.04156
G1 X131.616 Y111.822 E.06042
G1 X131.282 Y110.929 E.06002
G1 X130.995 Y110.019 E.06007
G1 X130.756 Y109.096 E.06002
G1 X130.572 Y108.192 E.05807
G1 X130.468 Y107.541 E.0415
G1 X130.359 Y106.587 E.06045
G1 X130.301 Y105.636 E.05998
G1 X130.293 Y104.682 E.06006
G1 X130.332 Y103.76 E.05809
G1 X130.389 Y103.103 E.04151
G1 X130.514 Y102.151 E.06044
G1 X130.688 Y101.214 E.05999
G1 X130.91 Y100.287 E.06001
G1 X131.181 Y99.373 E.06001
G1 X131.5 Y98.473 E.06011
G1 X131.852 Y97.621 E.05803
G1 X132.13 Y97.023 E.04151
G1 X132.573 Y96.172 E.0604
G1 X133.057 Y95.35 E.06005
G1 X133.587 Y94.549 E.06046
G1 X133.952 Y94.047 E.03907
G1 X134.55 Y93.295 E.06048
G1 X135.182 Y92.581 E.06003
G1 X135.851 Y91.9 E.0601
G1 X136.53 Y91.277 E.05801
G1 X137.035 Y90.852 E.04155
G1 X137.796 Y90.268 E.06039
G1 X138.582 Y89.728 E.06003
G1 X139.395 Y89.229 E.06005
G1 X140.205 Y88.789 E.05803
G1 X140.798 Y88.499 E.04156
G1 X141.685 Y88.113 E.0609
G1 X142.264 Y87.89 E.03906
G1 X143.176 Y87.585 E.06054
G1 X144.095 Y87.331 E.06002
G1 X145.025 Y87.124 E.05998
G1 X145.966 Y86.967 E.06006
G1 X146.913 Y86.859 E.06
G1 X147.865 Y86.801 E.06004
G1 X148.466 Y86.795 E.03784
G1 X148.489 Y87.552 F12000
G1 F1981.299
G1 X148.778 Y87.549 E.01819
G1 X149.404 Y87.57 E.03943
G1 X150.324 Y87.643 E.0581
G1 X151.23 Y87.762 E.05752
G1 X152.14 Y87.931 E.05827
G1 X152.712 Y88.063 E.03695
G1 X153.603 Y88.31 E.05821
G1 X154.469 Y88.6 E.05749
G1 X155.319 Y88.935 E.05751
G1 X156.152 Y89.314 E.05761
G1 X156.938 Y89.722 E.05575
G1 X157.481 Y90.035 E.03945
G1 X158.26 Y90.531 E.05814
G1 X159.003 Y91.062 E.05749
G1 X159.719 Y91.63 E.05753
G1 X160.403 Y92.236 E.05753
G1 X161.055 Y92.876 E.05751
G1 X161.672 Y93.55 E.05752
G1 X162.26 Y94.264 E.05823
G1 X162.613 Y94.732 E.0369
G1 X163.137 Y95.494 E.05822
G1 X163.615 Y96.274 E.05759
G1 X164.039 Y97.053 E.05583
G1 X164.314 Y97.616 E.03944
G1 X164.569 Y98.203 E.04029
G1 X164.792 Y98.746 E.03695
G1 X165.045 Y99.464 E.04792
G1 X165.312 Y100.337 E.05747
G1 X165.533 Y101.224 E.05754
G1 X165.708 Y102.12 E.05747
G1 X165.835 Y103.025 E.05753
G1 X165.914 Y103.935 E.0575
G1 X165.95 Y105.305 E.08627
G1 X165.91 Y106.217 E.05747
G1 X165.823 Y107.127 E.05755
G1 X165.686 Y108.042 E.05824
G1 X165.572 Y108.629 E.03764
G1 X165.437 Y109.212 E.03767
G1 X165.19 Y110.103 E.05821
G1 X164.9 Y110.969 E.05749
G1 X164.565 Y111.819 E.05751
G1 X164.182 Y112.661 E.05823
G1 X163.915 Y113.184 E.03697
G1 X163.46 Y113.989 E.05821
G1 X162.969 Y114.76 E.05754
G1 X162.439 Y115.503 E.05745
G1 X161.87 Y116.218 E.05752
G1 X161.264 Y116.903 E.05757
G1 X160.624 Y117.555 E.05751
G1 X159.95 Y118.172 E.05752
G1 X159.245 Y118.753 E.05751
G1 X158.502 Y119.303 E.05819
G1 X158.015 Y119.631 E.03696
G1 X157.226 Y120.115 E.05827
G1 X156.447 Y120.539 E.05583
G1 X155.884 Y120.814 E.03944
G1 X155.028 Y121.186 E.05875
G1 X154.48 Y121.397 E.03697
G1 X153.603 Y121.69 E.05821
G1 X152.722 Y121.934 E.05755
G1 X151.83 Y122.132 E.05752
G1 X150.929 Y122.283 E.05751
G1 X150.021 Y122.386 E.05753
G1 X149.109 Y122.442 E.05752
G1 X148.195 Y122.45 E.05754
G1 X147.271 Y122.41 E.05822
G1 X146.687 Y122.359 E.0369
G1 X145.77 Y122.238 E.05823
G1 X144.871 Y122.072 E.05755
G1 X143.972 Y121.856 E.0582
G1 X143.408 Y121.694 E.03694
G1 X142.531 Y121.4 E.05823
G1 X141.681 Y121.065 E.05751
G1 X140.849 Y120.687 E.05753
G1 X140.039 Y120.265 E.0575
G1 X139.251 Y119.8 E.0576
G1 X138.511 Y119.312 E.0558
G1 X138.004 Y118.944 E.03944
G1 X137.281 Y118.37 E.05811
G1 X136.597 Y117.764 E.05753
G1 X135.937 Y117.116 E.05823
G1 X135.537 Y116.687 E.03692
G1 X134.937 Y115.983 E.05823
G1 X134.38 Y115.259 E.0575
G1 X133.863 Y114.506 E.0575
G1 X133.385 Y113.726 E.05759
G1 X132.961 Y112.947 E.05583
G1 X132.686 Y112.384 E.03944
G1 X132.318 Y111.538 E.05808
G1 X131.998 Y110.682 E.05753
G1 X131.723 Y109.811 E.0575
G1 X131.494 Y108.925 E.05761
G1 X131.317 Y108.057 E.05577
G1 X131.218 Y107.438 E.03946
G1 X131.114 Y106.521 E.0581
G1 X131.058 Y105.609 E.05752
G1 X131.05 Y104.694 E.0576
G1 X131.088 Y103.809 E.05576
G1 X131.142 Y103.185 E.03943
G1 X131.262 Y102.27 E.05809
G1 X131.428 Y101.371 E.05755
G1 X131.642 Y100.483 E.0575
G1 X131.901 Y99.607 E.05751
G1 X132.207 Y98.745 E.05758
G1 X132.545 Y97.926 E.05578
G1 X132.809 Y97.357 E.03949
G1 X133.235 Y96.539 E.05806
G1 X133.699 Y95.751 E.05757
G1 X134.21 Y94.98 E.05823
G1 X134.555 Y94.505 E.03696
G1 X135.13 Y93.781 E.0582
G1 X135.736 Y93.097 E.05753
G1 X136.377 Y92.445 E.05756
G1 X137.03 Y91.846 E.05578
G1 X137.509 Y91.442 E.03945
G1 X138.241 Y90.88 E.0581
G1 X138.994 Y90.363 E.0575
G1 X139.774 Y89.885 E.05759
G1 X140.553 Y89.461 E.05583
G1 X141.116 Y89.186 E.03944
G1 X141.972 Y88.814 E.05875
G1 X142.52 Y88.603 E.03697
G1 X143.397 Y88.31 E.05821
G1 X144.278 Y88.066 E.05755
G1 X145.17 Y87.868 E.05752
G1 X146.071 Y87.717 E.05751
G1 X146.979 Y87.614 E.05753
G1 X147.892 Y87.558 E.05758
G1 X148.459 Y87.552 E.0357
G1 E-8 F1500
G1 Z4.72 F3000
M73 P84 R2
G1 X137.247 Y92.093 F12000
G1 Z4.52 F3000
G1 E8 F1500
;TYPE:Solid infill
G1 E-10F1500
G1 F12000.0
T0
G1 E16F1500
G1 F12000.0
;WIDTH:0.55292
G1 F2941.177
G1 X135.987 Y93.331 E.07491
G1 X137.019 Y92.311 E.06153
G1 E-8 F1500
G1 Z4.72 F3000
G1 X139.544 Y90.57 F12000
G1 Z4.52 F3000
G1 E8 F1500
;WIDTH:0.553768
G1 F2936.294
G1 X139.499 Y90.525 E.0027
G1 X139.437 Y90.541 E.00272
G1 X139.421 Y90.603 E.00272
G1 X139.466 Y90.648 E.0027
G1 X139.528 Y90.632 E.00272
;WIDTH:0.594179
G1 F2721.047
G1 X139.364 Y90.737 E.00893
;WIDTH:0.634589
G1 F2535.203
G1 X139.2 Y90.842 E.00958
;WIDTH:0.674999
G1 F2373.121
G1 X139.036 Y90.948 E.01026
G1 X134.448 Y95.535 E.34098
G1 X134.347 Y95.678 E.0092
;WIDTH:0.636446
G1 F2527.269
G1 X134.247 Y95.822 E.00865
;WIDTH:0.597893
G1 F2702.834
G1 X134.146 Y95.965 E.00808
;WIDTH:0.55934
G1 F2904.612
G1 X134.1 Y95.919 E.00279
G1 X134.038 Y95.936 E.00276
G1 X134.021 Y95.999 E.0028
G1 X134.067 Y96.044 E.00276
G1 X134.129 Y96.027 E.00276
G1 E-8 F1500
G1 Z4.72 F3000
G1 X132.982 Y98.074 F12000
G1 Z4.52 F3000
G1 E8 F1500
;WIDTH:0.55292
G1 F2941.177
G1 X132.937 Y98.029 E.0027
G1 X132.876 Y98.046 E.00269
G1 X132.859 Y98.107 E.00269
G1 X132.904 Y98.152 E.0027
G1 X132.966 Y98.136 E.00272
;WIDTH:0.593613
G1 F2723.841
G1 X133.055 Y97.972 E.00854
;WIDTH:0.634306
G1 F2536.414
G1 X133.144 Y97.808 E.00918
;WIDTH:0.674999
G1 F2373.121
G1 X133.233 Y97.644 E.00981
G1 X141.141 Y89.736 E.58778
G1 E-8 F1500
G1 Z4.72 F3000
G1 X143.199 Y88.785 F12000
G1 Z4.52 F3000
G1 E8 F1500
;WIDTH:0.55292
G1 F2941.177
G1 X143.153 Y88.739 E.00276
G1 X143.092 Y88.756 E.00269
G1 X143.075 Y88.818 E.00273
G1 X143.12 Y88.863 E.0027
G1 X143.182 Y88.846 E.00273
;WIDTH:0.593613
G1 F2723.841
G1 X143.019 Y88.924 E.00827
;WIDTH:0.634306
G1 F2536.414
G1 X142.856 Y89.001 E.00886
;WIDTH:0.674999
G1 F2373.121
G1 X142.693 Y89.078 E.00947
G1 X132.587 Y99.184 E.75116
G1 X132.514 Y99.327 E.00844
;WIDTH:0.634306
G1 F2536.414
G1 X132.44 Y99.471 E.00796
;WIDTH:0.593613
G1 F2723.841
G1 X132.367 Y99.614 E.00735
;WIDTH:0.55292
G1 F2941.177
G1 X132.322 Y99.569 E.0027
G1 X132.26 Y99.586 E.00273
G1 X132.244 Y99.647 E.00267
G1 X132.289 Y99.692 E.0027
G1 X132.35 Y99.676 E.00267
G1 E-8 F1500
G1 Z4.72 F3000
G1 X131.653 Y101.614 F12000
G1 Z4.52 F3000
G1 E8 F1500
G1 F2941.177
G1 X131.853 Y100.75 E.03761
;WIDTH:0.593613
G1 F2723.841
G1 X131.957 Y100.667 E.00609
;WIDTH:0.634306
G1 F2536.414
G1 X132.06 Y100.584 E.0065
;WIDTH:0.674999
G1 F2373.121
G1 X132.163 Y100.502 E.00692
G1 X143.997 Y88.668 E.87959
G1 X144.245 Y88.358 E.02087
;WIDTH:0.55292
G1 F2941.177
G1 X145.099 Y88.156 E.03721
;WIDTH:0.593613
G1 F2723.841
G1 X145.124 Y88.232 E.00366
;WIDTH:0.634306
G1 F2536.414
G1 X145.149 Y88.308 E.00393
;WIDTH:0.674999
G1 F2373.121
G1 X145.175 Y88.384 E.00422
G1 X131.887 Y101.672 E.98767
G1 X131.709 Y102.743 E.05706
G1 X146.247 Y88.205 E1.08058
G1 X147.243 Y88.104 E.05262
G1 X131.6 Y103.746 E1.16267
G1 X131.556 Y104.685 E.04941
G1 X148.177 Y88.063 E1.23544
G1 X149.07 Y88.065 E.04693
G1 X131.563 Y105.572 E1.30125
G1 X131.613 Y106.415 E.04438
G1 X149.907 Y88.121 E1.35975
G1 X150.718 Y88.204 E.04285
G1 X131.702 Y107.22 E1.41341
G1 X131.82 Y107.996 E.04125
M73 P85 R2
G1 X151.492 Y88.324 E1.46217
G1 X152.238 Y88.472 E.03997
G1 X131.972 Y108.738 E1.50632
G1 X132.152 Y109.452 E.0387
G1 X152.951 Y88.653 E1.54594
G1 X153.642 Y88.856 E.03785
G1 X132.357 Y110.141 E1.58206
G1 X132.584 Y110.807 E.03698
G1 X154.311 Y89.08 E1.61492
G1 X154.952 Y89.333 E.03622
G1 X132.832 Y111.453 E1.64413
G1 X133.103 Y112.076 E.03571
G1 X155.574 Y89.606 E1.67018
G1 X156.177 Y89.896 E.03517
G1 X133.393 Y112.68 E1.69348
G1 X133.707 Y113.26 E.03466
G1 X156.763 Y90.205 E1.71366
G1 X157.326 Y90.535 E.0343
G1 X134.038 Y113.824 E1.73098
G1 X134.384 Y114.371 E.03402
G1 X157.872 Y90.883 E1.74581
G1 X158.398 Y91.251 E.03374
G1 X134.748 Y114.901 E1.75785
G1 X135.133 Y115.41 E.03354
M73 P86 R2
G1 X158.91 Y91.633 E1.76729
G1 X159.407 Y92.03 E.03343
G1 X135.533 Y115.904 E1.7745
G1 X135.946 Y116.384 E.03328
G1 X159.881 Y92.449 E1.77903
G1 X160.341 Y92.883 E.03324
G1 X136.381 Y116.843 E1.78089
G1 X136.832 Y117.286 E.03323
G1 X160.787 Y93.332 E1.78048
G1 X161.214 Y93.798 E.03322
G1 X137.3 Y117.712 E1.77747
G1 X137.783 Y118.123 E.03333
G1 X161.622 Y94.284 E1.7719
G1 X162.018 Y94.782 E.03344
G1 X138.281 Y118.519 E1.76432
G1 X138.798 Y118.896 E.03363
G1 X162.392 Y95.302 E1.75369
G1 X162.753 Y95.835 E.03383
G1 X139.336 Y119.251 E1.74049
G1 X139.891 Y119.591 E.03421
G1 X163.093 Y96.389 E1.72455
G1 X163.414 Y96.962 E.03452
G1 X140.461 Y119.915 E1.70604
G1 X141.049 Y120.221 E.03484
M73 P87 R2
G1 X163.719 Y97.55 E1.68504
G1 X164.001 Y98.163 E.03546
G1 X141.662 Y120.502 E1.66041
G1 X142.294 Y120.764 E.03596
G1 X164.267 Y98.79 E1.63324
G1 X164.506 Y99.445 E.03665
G1 X142.945 Y121.006 E1.60258
G1 X143.617 Y121.228 E.0372
G1 X164.727 Y100.118 E1.56906
G1 X164.921 Y100.818 E.03818
G1 X144.32 Y121.419 E1.53122
G1 X145.043 Y121.589 E.03904
G1 X165.087 Y101.546 E1.48979
G1 X165.226 Y102.301 E.04035
G1 X145.798 Y121.729 E1.44404
G1 X146.585 Y121.836 E.04174
G1 X165.333 Y103.087 E1.39353
G1 X165.406 Y103.908 E.04332
G1 X147.405 Y121.91 E1.33801
G1 X148.264 Y121.944 E.04518
G1 X165.44 Y104.768 E1.27665
G1 X165.428 Y105.674 E.04762
G1 X149.17 Y121.932 E1.20842
G1 X150.131 Y121.865 E.05063
G1 X165.363 Y106.634 E1.13212
G1 X165.233 Y107.658 E.05425
M73 P88 R2
G1 X151.158 Y121.732 E1.04612
G1 X151.317 Y121.787 E.00884
;WIDTH:0.634306
G1 F2536.414
G1 X151.476 Y121.842 E.00827
;WIDTH:0.593613
G1 F2723.841
G1 X151.635 Y121.897 E.0077
;WIDTH:0.55292
G1 F2941.177
G1 X151.779 Y121.871 E.00621
G1 E-8 F1500
G1 Z4.72 F3000
G1 X153.231 Y121.513 F12000
G1 Z4.52 F3000
G1 E8 F1500
G1 F2941.177
G1 X152.656 Y121.668 E.02525
;WIDTH:0.593613
G1 F2723.841
G1 X152.526 Y121.618 E.00638
;WIDTH:0.634306
G1 F2536.414
G1 X152.396 Y121.568 E.00685
;WIDTH:0.674999
G1 F2373.121
G1 X152.266 Y121.518 E.00732
G1 X165.023 Y108.761 E.9482
G1 X164.699 Y109.979 E.06624
G1 X153.479 Y121.199 E.83396
G1 X154.464 Y121.036 E.05247
;WIDTH:0.55292
G1 F2941.177
G1 X154.403 Y121.053 E.00269
G1 X154.358 Y121.008 E.0027
G1 X154.374 Y120.946 E.00272
G1 X154.436 Y120.93 E.00272
G1 X154.481 Y120.975 E.0027
;WIDTH:0.593613
G1 F2723.841
G1 X154.609 Y120.885 E.00716
;WIDTH:0.634306
G1 F2536.414
G1 X154.738 Y120.795 E.00773
;WIDTH:0.674999
G1 F2373.121
G1 X154.866 Y120.706 E.00819
G1 X164.198 Y111.374 E.69363
G1 X164.31 Y111.24 E.00918
;WIDTH:0.634306
G1 F2536.414
G1 X164.423 Y111.106 E.00862
;WIDTH:0.593613
G1 F2723.841
G1 X164.536 Y110.972 E.00803
;WIDTH:0.55292
G1 F2941.177
G1 X164.474 Y110.989 E.00273
G1 X164.429 Y110.944 E.0027
G1 X164.446 Y110.882 E.00273
G1 X164.507 Y110.866 E.00267
G1 X164.552 Y110.911 E.0027
G1 E-8 F1500
G1 Z4.72 F3000
G1 X163.794 Y112.598 F12000
G1 Z4.52 F3000
G1 E8 F1500
G1 F2941.177
G1 X163.749 Y112.553 E.0027
G1 X163.687 Y112.57 E.00273
G1 X163.671 Y112.631 E.00267
G1 X163.716 Y112.676 E.0027
G1 X163.778 Y112.66 E.00272
;WIDTH:0.593613
G1 F2723.841
G1 X163.653 Y112.794 E.00839
;WIDTH:0.634306
G1 F2536.414
G1 X163.529 Y112.928 E.00898
;WIDTH:0.674999
G1 F2373.121
G1 X156.568 Y119.897 E.51769
G1 X156.44 Y120.001 E.00867
;WIDTH:0.634306
G1 F2536.414
G1 X156.311 Y120.105 E.00815
;WIDTH:0.593613
G1 F2723.841
G1 X156.183 Y120.208 E.00752
;WIDTH:0.55292
G1 F2941.177
G1 X156.138 Y120.163 E.0027
G1 X156.076 Y120.18 E.00273
G1 X156.06 Y120.241 E.00267
G1 X156.105 Y120.286 E.0027
G1 X156.167 Y120.27 E.00272
G1 E-8 F1500
G1 Z4.72 F3000
G1 X158.263 Y118.966 F12000
G1 Z4.52 F3000
G1 E8 F1500
;WIDTH:0.58874
G1 F2748.159
G1 X158.606 Y118.67 E.02056
;WIDTH:0.62456
G1 F2578.915
G1 X158.949 Y118.375 E.02188
;WIDTH:0.667189
G1 F2402.81
G1 X159.278 Y118.076 E.02308
;WIDTH:0.709818
G1 F2249.219
G1 X159.607 Y117.777 E.02465
;WIDTH:0.748474
G1 F2125.989
G1 X160.871 Y116.536 E.10392
;WIDTH:0.740746
G1 F2149.533
G1 X161.174 Y116.213 E.0257
;WIDTH:0.713668
G1 F2236.309
G1 X161.478 Y115.89 E.02474
;WIDTH:0.68659
G1 F2330.387
G1 X161.676 Y115.669 E.01588
;WIDTH:0.652964
G1 F2458.839
G1 X161.873 Y115.447 E.01506
;WIDTH:0.619338
G1 F2602.278
G1 X162.07 Y115.226 E.01419
;WIDTH:0.585712
G1 F2763.489
G1 X162.648 Y114.543 E.04038
;LAYER_CHANGE
;Z:4.72
;HEIGHT:0.2

G1 E-8 F1500
G1 Z4.72 F3000
M73 P88 R1
;AFTER_LAYER_CHANGE
;4.72
G92 E0
_ON_LAYER_CHANGE LAYER=23
G1 Z4.92
G1 X148.508 Y85.343 F12000
G1 Z4.72 F3000
G1 E8 F1500
;TYPE:External perimeter
;WIDTH:0.674999
G1 F2373.121
G1 X148.818 Y85.34 E.01629
G1 X149.528 Y85.364 E.03734
G1 X150.555 Y85.445 E.05414
G1 X151.576 Y85.58 E.05413
G1 X152.589 Y85.768 E.05415
G1 X153.255 Y85.921 E.03592
G1 X154.249 Y86.197 E.05422
G1 X155.225 Y86.523 E.05408
G1 X156.183 Y86.901 E.05413
G1 X157.12 Y87.328 E.05412
G1 X158.011 Y87.791 E.05277
G1 X158.626 Y88.145 E.0373
G1 X159.495 Y88.699 E.05416
G1 X160.333 Y89.297 E.05411
G1 X161.139 Y89.938 E.05412
G1 X161.91 Y90.62 E.0541
G1 X162.644 Y91.341 E.05408
G1 X163.339 Y92.1 E.05409
G1 X163.995 Y92.896 E.05421
G1 X164.406 Y93.442 E.03592
G1 X164.991 Y94.292 E.05423
G1 X165.353 Y94.872 E.03593
G1 X165.861 Y95.769 E.05418
G1 X166.32 Y96.69 E.05408
G1 X166.731 Y97.636 E.05421
G1 X166.976 Y98.274 E.03592
G1 X167.303 Y99.251 E.05415
G1 X167.578 Y100.243 E.0541
G1 X167.801 Y101.248 E.05411
G1 X167.971 Y102.264 E.05414
G1 X168.088 Y103.286 E.05406
G1 X168.15 Y104.314 E.05413
G1 X168.159 Y105.343 E.05408
G1 X168.114 Y106.372 E.05413
G1 X168.019 Y107.372 E.05279
G1 X167.921 Y108.075 E.03731
G1 X167.732 Y109.09 E.05426
G1 X167.579 Y109.755 E.03586
G1 X167.303 Y110.749 E.05422
G1 X166.977 Y111.725 E.05408
G1 X166.599 Y112.683 E.05413
G1 X166.172 Y113.621 E.05417
G1 X165.862 Y114.23 E.03592
G1 X165.354 Y115.127 E.05418
G1 X164.801 Y115.995 E.05409
G1 X164.203 Y116.833 E.05411
G1 X163.562 Y117.639 E.05412
G1 X162.88 Y118.41 E.0541
G1 X162.159 Y119.144 E.05408
G1 X161.4 Y119.839 E.05409
G1 X160.605 Y120.494 E.05414
G1 X159.777 Y121.107 E.05415
G1 X159.21 Y121.49 E.03596
G1 X158.33 Y122.029 E.05424
G1 X157.732 Y122.36 E.03592
G1 X156.81 Y122.82 E.05415
G1 X155.864 Y123.231 E.05421
G1 X155.226 Y123.476 E.03592
G1 X154.249 Y123.803 E.05415
G1 X153.257 Y124.078 E.0541
G1 X152.252 Y124.301 E.05411
G1 X151.236 Y124.471 E.05414
G1 X150.214 Y124.588 E.05406
G1 X149.186 Y124.65 E.05413
G1 X148.157 Y124.659 E.05408
G1 X147.153 Y124.616 E.05282
G1 X146.446 Y124.555 E.0373
G1 X145.424 Y124.42 E.05418
G1 X144.412 Y124.233 E.05409
G1 X143.41 Y123.992 E.05416
G1 X142.753 Y123.804 E.03592
G1 X141.775 Y123.477 E.0542
G1 X140.817 Y123.099 E.05413
G1 X139.881 Y122.672 E.05407
G1 X138.967 Y122.197 E.05414
G1 X138.08 Y121.675 E.05409
G1 X137.243 Y121.121 E.05275
G1 X136.668 Y120.704 E.03733
G1 X135.861 Y120.062 E.0542
G1 X135.09 Y119.38 E.0541
G1 X134.355 Y118.658 E.05415
G1 X133.889 Y118.158 E.03592
G1 X133.219 Y117.374 E.0542
G1 X132.593 Y116.557 E.0541
G1 X132.01 Y115.709 E.05409
G1 X131.472 Y114.831 E.05412
G1 X130.992 Y113.949 E.05278
G1 X130.68 Y113.311 E.03733
G1 X130.269 Y112.366 E.05416
G1 X129.909 Y111.401 E.05413
G1 X129.599 Y110.42 E.05407
G1 X129.342 Y109.423 E.05411
G1 X129.141 Y108.439 E.05278
G1 X129.029 Y107.738 E.03731
G1 X128.912 Y106.714 E.05417
G1 X128.85 Y105.686 E.05413
G1 X128.841 Y104.657 E.05408
G1 X128.886 Y103.628 E.05413
G1 X128.981 Y102.628 E.05279
G1 X129.079 Y101.925 E.03731
G1 X129.268 Y100.911 E.05421
G1 X129.421 Y100.245 E.03592
G1 X129.697 Y99.251 E.05422
G1 X130.023 Y98.275 E.05408
G1 X130.401 Y97.317 E.05413
G1 X130.828 Y96.381 E.05407
G1 X131.303 Y95.468 E.05409
G1 X131.825 Y94.58 E.05414
G1 X132.379 Y93.743 E.05275
G1 X132.796 Y93.168 E.03733
G1 X133.438 Y92.361 E.0542
G1 X134.12 Y91.59 E.0541
G1 X134.841 Y90.856 E.05408
G1 X135.582 Y90.177 E.05282
G1 X136.125 Y89.72 E.0373
G1 X136.943 Y89.093 E.05417
G1 X137.791 Y88.51 E.05409
G1 X138.669 Y87.972 E.05412
G1 X139.551 Y87.492 E.05278
G1 X140.189 Y87.18 E.03733
G1 X141.134 Y86.769 E.05416
G1 X142.075 Y86.417 E.0528
G1 X142.75 Y86.197 E.03731
G1 X143.743 Y85.922 E.05415
G1 X144.748 Y85.699 E.05411
G1 X145.764 Y85.529 E.05414
G1 X146.786 Y85.412 E.05406
G1 X147.814 Y85.35 E.05413
G1 X148.478 Y85.343 E.0349
G1 X149.078 Y85.35 F12000
G1 X148.502 Y86.038
;TYPE:Perimeter
G1 E-10F1500
G1 F12000.0
T1
G1 E20F1500
;WIDTH:0.799999
G1 F1981.299
G1 X148.81 Y86.035 E.01939
G1 X149.489 Y86.058 E.04277
G1 X150.483 Y86.136 E.06277
G1 X151.467 Y86.266 E.06248
G1 X152.448 Y86.448 E.06281
G1 X153.084 Y86.595 E.04109
G1 X154.046 Y86.861 E.06283
G1 X154.987 Y87.176 E.06247
G1 X155.911 Y87.54 E.06252
G1 X156.815 Y87.952 E.06254
G1 X157.677 Y88.4 E.06116
G1 X158.266 Y88.739 E.04278
G1 X159.107 Y89.275 E.06278
G1 X159.915 Y89.852 E.0625
G1 X160.692 Y90.47 E.0625
G1 X161.436 Y91.128 E.06253
G1 X162.144 Y91.824 E.0625
G1 X162.815 Y92.556 E.06251
G1 X163.45 Y93.326 E.06283
G1 X163.843 Y93.847 E.04108
G1 X164.41 Y94.673 E.06307
G1 X164.756 Y95.227 E.04112
G1 X165.247 Y96.095 E.06278
G1 X165.69 Y96.984 E.06253
G1 X166.088 Y97.899 E.06281
G1 X166.481 Y98.984 E.07264
G1 X166.771 Y99.933 E.06247
M73 P89 R1
G1 X167.012 Y100.896 E.06249
G1 X167.201 Y101.871 E.06252
G1 X167.339 Y102.854 E.06249
G1 X167.426 Y103.842 E.06244
G1 X167.465 Y105.331 E.09377
G1 X167.421 Y106.323 E.06251
G1 X167.329 Y107.29 E.06115
G1 X167.235 Y107.963 E.04278
G1 X167.052 Y108.948 E.06307
G1 X166.905 Y109.584 E.04109
G1 X166.639 Y110.546 E.06283
G1 X166.324 Y111.487 E.06247
G1 X165.96 Y112.411 E.06252
G1 X165.546 Y113.319 E.06282
G1 X165.25 Y113.901 E.0411
G1 X164.758 Y114.769 E.06281
G1 X164.225 Y115.607 E.06252
G1 X163.648 Y116.415 E.0625
G1 X163.03 Y117.192 E.0625
G1 X162.372 Y117.936 E.06253
G1 X161.676 Y118.644 E.0625
G1 X160.944 Y119.315 E.06251
G1 X160.178 Y119.947 E.06251
G1 X159.376 Y120.54 E.06279
G1 X158.834 Y120.905 E.04114
G1 X157.98 Y121.429 E.06307
G1 X157.409 Y121.745 E.04108
G1 X156.516 Y122.19 E.06281
G1 X155.601 Y122.588 E.06281
G1 X154.992 Y122.822 E.04107
G1 X154.046 Y123.139 E.06281
G1 X153.089 Y123.404 E.06251
G1 X152.119 Y123.619 E.06254
G1 X151.14 Y123.783 E.06249
G1 X150.153 Y123.895 E.06253
G1 X149.162 Y123.956 E.0625
G1 X148.169 Y123.965 E.06251
G1 X147.198 Y123.923 E.06118
G1 X146.521 Y123.864 E.04278
G1 X145.533 Y123.734 E.06273
G1 X144.556 Y123.553 E.06255
G1 X143.586 Y123.32 E.0628
G1 X142.959 Y123.14 E.04106
G1 X142.013 Y122.824 E.06279
G1 X141.089 Y122.46 E.06252
G1 X140.185 Y122.048 E.06254
G1 X139.304 Y121.589 E.06254
G1 X138.449 Y121.085 E.06248
G1 X137.638 Y120.549 E.0612
G1 X137.088 Y120.151 E.04274
G1 X136.308 Y119.53 E.06276
G1 X135.564 Y118.872 E.06253
G1 X134.853 Y118.173 E.06277
G1 X134.407 Y117.695 E.04115
G1 X133.759 Y116.937 E.06278
G1 X133.155 Y116.149 E.0625
G1 X132.592 Y115.33 E.06256
G1 X132.073 Y114.484 E.06248
G1 X131.61 Y113.63 E.06115
G1 X131.311 Y113.02 E.04277
G1 X130.914 Y112.105 E.06279
G1 X130.566 Y111.175 E.06251
G1 X130.267 Y110.228 E.06252
G1 X130.019 Y109.267 E.06248
G1 X129.824 Y108.315 E.06117
G1 X129.717 Y107.644 E.04277
G1 X129.605 Y106.653 E.06278
G1 X129.544 Y105.662 E.0625
G1 X129.535 Y104.669 E.06251
G1 X129.579 Y103.677 E.06251
G1 X129.671 Y102.71 E.06115
G1 X129.765 Y102.037 E.04278
G1 X129.948 Y101.052 E.06307
G1 X130.095 Y100.416 E.04109
G1 X130.361 Y99.454 E.06283
G1 X130.676 Y98.513 E.06247
G1 X131.04 Y97.589 E.06252
G1 X131.452 Y96.685 E.06254
G1 X131.911 Y95.804 E.06254
G1 X132.415 Y94.949 E.06248
G1 X132.951 Y94.138 E.0612
G1 X133.349 Y93.588 E.04274
G1 X133.97 Y92.808 E.06276
G1 X134.628 Y92.064 E.06253
G1 X135.324 Y91.356 E.0625
G1 X136.04 Y90.699 E.06117
G1 X136.56 Y90.262 E.04276
G1 X137.351 Y89.655 E.06277
G1 X138.17 Y89.092 E.06256
G1 X139.016 Y88.574 E.06245
G1 X139.87 Y88.11 E.06118
G1 X140.48 Y87.811 E.04277
G1 X141.395 Y87.413 E.06281
G1 X142.305 Y87.073 E.06115
G1 X142.951 Y86.862 E.04278
G1 X143.911 Y86.596 E.06271
G1 X144.881 Y86.381 E.06254
G1 X145.86 Y86.217 E.06249
G1 X146.847 Y86.105 E.06253
G1 X147.838 Y86.044 E.0625
G1 X148.472 Y86.038 E.03991
G1 X148.496 Y86.795 F12000
G1 F1981.299
G1 X148.8 Y86.792 E.01914
G1 X149.446 Y86.814 E.04069
G1 X150.403 Y86.89 E.06043
G1 X151.349 Y87.014 E.06006
G1 X152.294 Y87.189 E.0605
G1 X152.898 Y87.329 E.03903
G1 X153.824 Y87.585 E.06048
G1 X154.728 Y87.888 E.06002
G1 X155.615 Y88.237 E.06
G1 X156.483 Y88.633 E.06006
G1 X157.313 Y89.065 E.0589
G1 X157.873 Y89.387 E.04067
G1 X158.683 Y89.903 E.06046
G1 X159.459 Y90.457 E.06002
G1 X160.205 Y91.05 E.05999
G1 X160.919 Y91.682 E.06003
G1 X161.599 Y92.35 E.06001
G1 X162.243 Y93.053 E.06002
G1 X162.855 Y93.795 E.06055
G1 X163.228 Y94.29 E.03902
G1 X163.777 Y95.088 E.06098
G1 X164.105 Y95.614 E.03902
G1 X164.579 Y96.451 E.06055
G1 X165.004 Y97.304 E.05999
G1 X165.264 Y97.901 E.04099
G1 X165.498 Y98.475 E.03902
G1 X165.763 Y99.224 E.05001
G1 X166.042 Y100.135 E.05998
G1 X166.272 Y101.06 E.06
G1 X166.454 Y101.995 E.05996
G1 X166.587 Y102.939 E.06001
G1 X166.67 Y103.889 E.06003
G1 X166.707 Y105.318 E.08999
G1 X166.666 Y106.271 E.06005
G1 X166.577 Y107.202 E.05887
G1 X166.487 Y107.842 E.04069
G1 X166.311 Y108.794 E.06095
G1 X166.171 Y109.398 E.03903
G1 X165.915 Y110.324 E.06048
G1 X165.612 Y111.228 E.06002
G1 X165.263 Y112.115 E.06
G1 X164.864 Y112.99 E.06054
G1 X164.583 Y113.542 E.03899
G1 X164.109 Y114.379 E.06055
G1 X163.597 Y115.183 E.06
G1 X163.043 Y115.959 E.06002
G1 X162.45 Y116.705 E.05999
G1 X161.818 Y117.419 E.06003
G1 X161.15 Y118.099 E.06001
G1 X160.447 Y118.743 E.06002
G1 X159.711 Y119.35 E.06006
G1 X158.939 Y119.922 E.06048
G1 X158.425 Y120.268 E.03901
G1 X157.598 Y120.775 E.06107
G1 X157.056 Y121.075 E.039
G1 X156.196 Y121.504 E.0605
G1 X155.314 Y121.887 E.06053
G1 X154.736 Y122.11 E.039
G1 X153.824 Y122.415 E.06054
G1 X152.906 Y122.669 E.05996
G1 X151.975 Y122.876 E.06004
G1 X151.034 Y123.033 E.06006
G1 X150.087 Y123.141 E.06
G1 X149.136 Y123.199 E.05998
G1 X148.182 Y123.207 E.06006
G1 X147.247 Y123.167 E.05891
G1 X146.603 Y123.111 E.04069
G1 X145.651 Y122.986 E.06044
G1 X144.714 Y122.812 E.05999
G1 X143.779 Y122.588 E.06053
G1 X143.183 Y122.417 E.03903
G1 X142.272 Y122.112 E.06048
G1 X141.385 Y121.763 E.06
G1 X140.517 Y121.367 E.06006
G1 X139.672 Y120.927 E.05997
G1 X138.85 Y120.443 E.06005
G1 X138.069 Y119.927 E.05893
G1 X137.546 Y119.548 E.04066
G1 X136.795 Y118.95 E.06043
G1 X136.081 Y118.318 E.06003
G1 X135.395 Y117.644 E.06054
G1 X134.972 Y117.191 E.03902
G1 X134.348 Y116.46 E.0605
G1 X133.768 Y115.704 E.05998
G1 X133.228 Y114.918 E.06003
G1 X132.729 Y114.105 E.06005
G1 X132.283 Y113.283 E.05887
G1 X131.999 Y112.702 E.04071
G1 X131.616 Y111.822 E.06042
G1 X131.282 Y110.929 E.06002
G1 X130.995 Y110.019 E.06007
G1 X130.756 Y109.096 E.06002
G1 X130.569 Y108.179 E.05891
G1 X130.468 Y107.541 E.04066
G1 X130.359 Y106.587 E.06045
G1 X130.301 Y105.636 E.05998
G1 X130.293 Y104.682 E.06006
G1 X130.334 Y103.729 E.06005
G1 X130.423 Y102.798 E.05887
G1 X130.513 Y102.158 E.04069
G1 X130.689 Y101.206 E.06095
G1 X130.829 Y100.602 E.03903
G1 X131.085 Y99.676 E.06048
G1 X131.388 Y98.772 E.06002
G1 X131.737 Y97.885 E.06
G1 X132.133 Y97.017 E.06006
G1 X132.573 Y96.172 E.05997
G1 X133.057 Y95.35 E.06005
G1 X133.573 Y94.569 E.05893
G1 X133.952 Y94.046 E.04066
G1 X134.55 Y93.295 E.06043
G1 X135.182 Y92.581 E.06003
G1 X135.85 Y91.9 E.06005
G1 X136.54 Y91.268 E.0589
G1 X137.034 Y90.852 E.04066
G1 X137.796 Y90.268 E.06044
G1 X138.582 Y89.728 E.06003
G1 X139.395 Y89.229 E.06005
G1 X140.217 Y88.783 E.05887
G1 X140.798 Y88.499 E.04071
G1 X141.679 Y88.116 E.06047
G1 X142.555 Y87.788 E.05888
G1 X143.169 Y87.587 E.04067
G1 X144.095 Y87.331 E.06048
G1 X145.025 Y87.124 E.05998
G1 X145.966 Y86.967 E.06006
G1 X146.913 Y86.859 E.06
G1 X147.865 Y86.801 E.06004
G1 X148.466 Y86.795 E.03784
G1 X148.489 Y87.552 F12000
G1 F1981.299
G1 X148.791 Y87.549 E.01901
G1 X149.404 Y87.57 E.03861
G1 X150.324 Y87.643 E.0581
G1 X151.23 Y87.762 E.05752
G1 X152.14 Y87.931 E.05827
G1 X152.712 Y88.063 E.03695
G1 X153.603 Y88.31 E.05821
G1 X154.469 Y88.6 E.05749
G1 X155.319 Y88.935 E.05751
G1 X156.151 Y89.314 E.05755
G1 X156.949 Y89.729 E.05662
G1 X157.48 Y90.035 E.03858
G1 X158.26 Y90.531 E.05819
G1 X159.003 Y91.062 E.05749
G1 X159.719 Y91.63 E.05753
G1 X160.403 Y92.236 E.05753
G1 X161.055 Y92.876 E.05751
G1 X161.672 Y93.55 E.05752
G1 X162.26 Y94.264 E.05823
G1 X162.613 Y94.732 E.0369
G1 X163.144 Y95.504 E.05898
G1 X163.455 Y96.001 E.03691
G1 X163.91 Y96.806 E.05821
G1 X164.318 Y97.624 E.05754
G1 X164.569 Y98.203 E.03973
G1 X164.792 Y98.746 E.03695
G1 X165.045 Y99.464 E.04792
G1 X165.312 Y100.337 E.05747
G1 X165.533 Y101.224 E.05754
G1 X165.708 Y102.12 E.05747
G1 X165.835 Y103.025 E.05753
G1 X165.914 Y103.935 E.0575
G1 X165.95 Y105.305 E.08627
G1 X165.91 Y106.218 E.05753
G1 X165.825 Y107.113 E.05659
G1 X165.74 Y107.72 E.03858
G1 X165.569 Y108.64 E.05891
G1 X165.437 Y109.212 E.03695
G1 X165.19 Y110.103 E.05821
G1 X164.9 Y110.969 E.05749
G1 X164.565 Y111.819 E.05751
G1 X164.182 Y112.661 E.05823
G1 X163.915 Y113.184 E.03697
G1 X163.46 Y113.989 E.05821
G1 X162.969 Y114.76 E.05754
G1 X162.439 Y115.503 E.05745
G1 X161.87 Y116.218 E.05752
G1 X161.264 Y116.903 E.05757
G1 X160.624 Y117.555 E.05751
G1 X159.95 Y118.172 E.05752
G1 X159.245 Y118.753 E.05751
G1 X158.502 Y119.303 E.05819
G1 X158.015 Y119.631 E.03696
G1 X157.217 Y120.12 E.05892
G1 X156.704 Y120.405 E.03694
G1 X155.876 Y120.818 E.05825
G1 X155.028 Y121.186 E.05819
G1 X154.48 Y121.397 E.03697
G1 X153.603 Y121.69 E.05821
G1 X152.722 Y121.934 E.05755
G1 X151.83 Y122.132 E.05752
G1 X150.929 Y122.283 E.05751
G1 X150.021 Y122.386 E.05753
G1 X149.109 Y122.442 E.05752
G1 X148.195 Y122.45 E.05754
G1 X147.296 Y122.411 E.05665
G1 X146.685 Y122.359 E.0386
G1 X145.77 Y122.238 E.0581
G1 X144.871 Y122.072 E.05755
G1 X143.972 Y121.856 E.0582
G1 X143.408 Y121.694 E.03694
G1 X142.531 Y121.4 E.05823
G1 X141.681 Y121.065 E.05751
G1 X140.849 Y120.687 E.05753
G1 X140.039 Y120.265 E.0575
G1 X139.251 Y119.801 E.05757
G1 X138.501 Y119.304 E.05664
G1 X138.004 Y118.945 E.0386
G1 X137.281 Y118.37 E.05815
G1 X136.597 Y117.764 E.05753
G1 X135.937 Y117.116 E.05823
G1 X135.537 Y116.687 E.03692
G1 X134.937 Y115.983 E.05823
G1 X134.38 Y115.259 E.0575
G1 X133.863 Y114.506 E.0575
G1 X133.385 Y113.726 E.05759
G1 X132.955 Y112.936 E.05662
G1 X132.686 Y112.385 E.0386
G1 X132.318 Y111.538 E.05813
G1 X131.998 Y110.682 E.05753
G1 X131.723 Y109.811 E.0575
G1 X131.494 Y108.926 E.05755
G1 X131.315 Y108.044 E.05666
G1 X131.218 Y107.439 E.03857
G1 X131.114 Y106.521 E.05816
G1 X131.058 Y105.609 E.05752
G1 X131.05 Y104.695 E.05754
G1 X131.09 Y103.782 E.05753
G1 X131.175 Y102.887 E.05659
G1 X131.26 Y102.28 E.03858
G1 X131.431 Y101.36 E.05891
G1 X131.563 Y100.788 E.03695
G1 X131.81 Y99.897 E.05821
G1 X132.1 Y99.031 E.05749
G1 X132.435 Y98.181 E.05751
G1 X132.813 Y97.349 E.05753
G1 X133.235 Y96.539 E.0575
G1 X133.699 Y95.751 E.05757
G1 X134.196 Y95.001 E.05664
G1 X134.555 Y94.504 E.0386
G1 X135.13 Y93.781 E.05815
G1 X135.736 Y93.097 E.05753
G1 X136.377 Y92.445 E.05756
G1 X137.04 Y91.837 E.05663
G1 X137.509 Y91.443 E.03856
G1 X138.241 Y90.88 E.05813
G1 X138.994 Y90.363 E.0575
G1 X139.774 Y89.885 E.05759
G1 X140.564 Y89.455 E.05662
G1 X141.115 Y89.186 E.0386
G1 X141.963 Y88.818 E.05819
G1 X142.805 Y88.502 E.05661
G1 X143.388 Y88.312 E.0386
G1 X144.278 Y88.066 E.05813
G1 X145.17 Y87.868 E.05752
G1 X146.071 Y87.717 E.05751
G1 X146.979 Y87.614 E.05753
G1 X147.891 Y87.558 E.05752
G1 X148.459 Y87.552 E.03576
G1 E-8 F1500
G1 Z4.92 F3000
G1 X135.789 Y116.462 F12000
G1 Z4.72 F3000
M73 P90 R1
G1 E8 F1500
;TYPE:Solid infill
G1 E-10F1500
G1 F12000.0
T0
G1 E16F1500
G1 F12000.0
;WIDTH:0.55292
G1 F2941.177
G1 X136.831 Y117.513 E.06276
G1 X137.485 Y118.128 E.03807
G1 X136.831 Y117.513 E.03807
G1 X136.008 Y116.689 E.04939
G1 E-8 F1500
G1 Z4.92 F3000
G1 X134.07 Y113.956 F12000
G1 Z4.72 F3000
G1 E8 F1500
;WIDTH:0.553776
G1 F2936.248
G1 X134.025 Y114.001 E.0027
G1 X134.042 Y114.063 E.00273
G1 X134.103 Y114.08 E.00269
G1 X134.148 Y114.034 E.00273
G1 X134.132 Y113.973 E.00268
;WIDTH:0.594184
G1 F2721.021
G1 X134.237 Y114.137 E.00893
;WIDTH:0.634592
G1 F2535.191
G1 X134.343 Y114.301 E.00961
;WIDTH:0.674999
G1 F2373.121
G1 X134.448 Y114.465 E.01023
G1 X139.036 Y119.052 E.34098
G1 X139.179 Y119.153 E.0092
;WIDTH:0.636366
G1 F2527.61
G1 X139.322 Y119.254 E.00864
;WIDTH:0.597733
G1 F2703.613
G1 X139.466 Y119.355 E.00811
;WIDTH:0.5591
G1 F2905.963
G1 X139.42 Y119.401 E.00279
G1 X139.437 Y119.463 E.00276
G1 X139.499 Y119.48 E.00276
G1 X139.545 Y119.434 E.00279
G1 X139.528 Y119.372 E.00276
G1 E-8 F1500
G1 Z4.92 F3000
G1 X141.572 Y120.513 F12000
G1 Z4.72 F3000
G1 E8 F1500
;WIDTH:0.55292
G1 F2941.177
G1 X141.527 Y120.558 E.0027
G1 X141.543 Y120.62 E.00272
G1 X141.605 Y120.636 E.00272
G1 X141.65 Y120.591 E.0027
G1 X141.633 Y120.529 E.00273
;WIDTH:0.593613
G1 F2723.841
G1 X141.469 Y120.441 E.00852
;WIDTH:0.634306
G1 F2536.414
G1 X141.305 Y120.353 E.00915
;WIDTH:0.674999
G1 F2373.121
G1 X141.141 Y120.264 E.00981
G1 X133.236 Y112.359 E.58756
G1 E-8 F1500
G1 Z4.92 F3000
G1 X132.292 Y110.311 F12000
G1 Z4.72 F3000
G1 E8 F1500
;WIDTH:0.55292
G1 F2941.177
G1 X132.247 Y110.356 E.0027
G1 X132.264 Y110.418 E.00273
G1 X132.325 Y110.434 E.00267
G1 X132.37 Y110.389 E.0027
G1 X132.354 Y110.328 E.00267
;WIDTH:0.593613
G1 F2723.841
G1 X132.432 Y110.491 E.00827
;WIDTH:0.634306
G1 F2536.414
G1 X132.51 Y110.654 E.00889
;WIDTH:0.674999
G1 F2373.121
G1 X132.588 Y110.817 E.0095
G1 X142.691 Y120.921 E.75097
G1 X142.835 Y120.992 E.00844
;WIDTH:0.634306
G1 F2536.414
G1 X142.978 Y121.064 E.00787
;WIDTH:0.593613
G1 F2723.841
G1 X143.122 Y121.136 E.00737
;WIDTH:0.55292
G1 F2941.177
G1 X143.077 Y121.181 E.0027
G1 X143.093 Y121.243 E.00272
G1 X143.155 Y121.259 E.00272
G1 X143.2 Y121.214 E.0027
G1 X143.183 Y121.152 E.00273
G1 E-8 F1500
G1 Z4.92 F3000
G1 X145.106 Y121.846 F12000
G1 Z4.72 F3000
G1 E8 F1500
G1 F2941.177
G1 X144.252 Y121.648 E.03718
;WIDTH:0.593613
G1 F2723.841
G1 X144.169 Y121.545 E.00606
;WIDTH:0.634306
G1 F2536.414
G1 X144.086 Y121.442 E.0065
;WIDTH:0.674999
G1 F2373.121
G1 X144.004 Y121.339 E.00692
G1 X132.165 Y109.5 E.87997
G1 X131.855 Y109.252 E.02087
;WIDTH:0.55292
G1 F2941.177
G1 X131.655 Y108.393 E.0374
;WIDTH:0.593613
G1 F2723.841
G1 X131.733 Y108.372 E.0037
;WIDTH:0.634306
G1 F2536.414
G1 X131.811 Y108.351 E.00397
;WIDTH:0.674999
G1 F2373.121
G1 X131.889 Y108.33 E.00425
G1 X145.172 Y121.613 E.98729
G1 X146.243 Y121.791 E.05706
G1 X131.705 Y107.253 E1.08058
G1 X131.604 Y106.257 E.05262
G1 X147.246 Y121.9 E1.16267
G1 X148.184 Y121.944 E.04935
G1 X131.561 Y105.32 E1.23559
G1 X131.567 Y104.433 E.04662
G1 X149.072 Y121.937 E1.30107
G1 X149.915 Y121.887 E.04438
G1 X131.616 Y103.588 E1.36012
G1 X131.701 Y102.779 E.04275
G1 X150.72 Y121.798 E1.41364
G1 X151.492 Y121.676 E.04108
G1 X131.824 Y102.008 E1.46188
G1 X131.972 Y101.262 E.03997
M73 P91 R1
G1 X152.235 Y121.525 E1.5061
G1 X152.951 Y121.347 E.03878
G1 X132.153 Y100.549 E1.54587
G1 X132.356 Y99.858 E.03785
G1 X153.642 Y121.144 E1.58214
G1 X154.312 Y120.92 E.03713
G1 X132.58 Y99.189 E1.61525
G1 X132.833 Y98.548 E.03622
G1 X154.953 Y120.668 E1.64413
G1 X155.576 Y120.397 E.03571
G1 X133.106 Y97.926 E1.67018
G1 X133.397 Y97.323 E.03519
G1 X156.176 Y120.103 E1.69315
G1 X156.762 Y119.795 E.03479
G1 X133.705 Y96.738 E1.71377
G1 X134.036 Y96.175 E.03432
G1 X157.324 Y119.463 E1.73094
G1 X157.873 Y119.118 E.03408
G1 X134.385 Y95.63 E1.74581
G1 X134.748 Y95.099 E.03381
G1 X158.399 Y118.75 E1.75792
G1 X158.913 Y118.37 E.0336
G1 X135.133 Y94.59 E1.76751
G1 X135.529 Y94.093 E.0334
M73 P92 R1
G1 X159.404 Y117.967 E1.77454
G1 X159.881 Y117.55 E.0333
G1 X135.949 Y93.619 E1.77877
G1 X136.383 Y93.159 E.03324
G1 X160.343 Y117.119 E1.78089
G1 X160.786 Y116.668 E.03323
G1 X136.832 Y92.713 E1.78048
G1 X137.298 Y92.286 E.03322
G1 X161.212 Y116.2 E1.77747
G1 X161.623 Y115.717 E.03333
G1 X137.78 Y91.874 E1.77219
G1 X138.284 Y91.484 E.03349
G1 X162.019 Y115.219 E1.76417
G1 X162.392 Y114.698 E.03368
G1 X138.802 Y91.108 E1.75339
G1 X139.335 Y90.747 E.03383
G1 X162.75 Y114.163 E1.74042
G1 X163.093 Y113.611 E.03416
G1 X139.889 Y90.407 E1.7247
G1 X140.462 Y90.086 E.03452
G1 X163.416 Y113.041 E1.70615
G1 X163.721 Y112.452 E.03486
M73 P93 R1
G1 X141.05 Y89.781 E1.68508
G1 X141.663 Y89.499 E.03546
G1 X164.002 Y111.838 E1.66041
G1 X164.264 Y111.207 E.03591
G1 X142.291 Y89.234 E1.6332
G1 X142.942 Y88.991 E.03652
G1 X164.506 Y110.555 E1.6028
G1 X164.727 Y109.882 E.03723
G1 X143.618 Y88.773 E1.56898
G1 X144.318 Y88.579 E.03818
G1 X164.921 Y109.182 E1.53137
G1 X165.089 Y108.457 E.03911
G1 X145.046 Y88.413 E1.48979
G1 X145.801 Y88.274 E.04035
G1 X165.229 Y107.703 E1.44407
G1 X165.336 Y106.915 E.0418
G1 X146.587 Y88.167 E1.39353
G1 X147.408 Y88.094 E.04332
G1 X165.41 Y106.095 E1.33801
G1 X165.444 Y105.236 E.04518
G1 X148.272 Y88.063 E1.27639
G1 X149.174 Y88.071 E.04741
G1 X165.432 Y104.33 E1.20846
G1 X165.365 Y103.369 E.05063
G1 X150.132 Y88.136 E1.13223
G1 X151.151 Y88.261 E.05396
G1 X165.232 Y102.342 E1.04661
M73 P94 R1
G1 X165.287 Y102.183 E.00884
;WIDTH:0.634306
G1 F2536.414
G1 X165.342 Y102.024 E.00827
;WIDTH:0.593613
G1 F2723.841
G1 X165.397 Y101.865 E.0077
;WIDTH:0.55292
G1 F2941.177
G1 X165.371 Y101.721 E.00621
G1 E-8 F1500
G1 Z4.92 F3000
G1 X153.231 Y88.487 F12000
G1 Z4.72 F3000
G1 E8 F1500
G1 F2941.177
G1 X152.105 Y88.194 E.04934
;WIDTH:0.674999
G1 F2373.121
G1 X152.261 Y88.477 E.01698
G1 X165.018 Y101.234 E.9482
G1 X165.068 Y101.104 E.00732
;WIDTH:0.634306
G1 F2536.414
G1 X165.118 Y100.974 E.00685
;WIDTH:0.593613
G1 F2723.841
G1 X165.168 Y100.844 E.00638
;WIDTH:0.55292
G1 F2941.177
G1 X165.013 Y100.269 E.02525
;WIDTH:0.674999
G1 F2373.121
G1 X164.699 Y100.021 E.02103
G1 X153.479 Y88.801 E.83396
G1 X154.41 Y88.948 E.04954
;WIDTH:0.55292
G1 F2941.177
G1 X154.365 Y88.993 E.0027
G1 X154.382 Y89.054 E.00269
G1 X154.443 Y89.071 E.00269
G1 X154.489 Y89.026 E.00273
G1 X154.472 Y88.964 E.00273
;WIDTH:0.593613
G1 F2723.841
G1 X154.606 Y89.077 E.00803
;WIDTH:0.634306
G1 F2536.414
G1 X154.74 Y89.189 E.00859
;WIDTH:0.674999
G1 F2373.121
G1 X154.874 Y89.302 E.00921
G1 X164.206 Y98.634 E.69363
G1 X164.296 Y98.763 E.00827
M73 P94 R0
;WIDTH:0.634306
G1 F2536.414
G1 X164.385 Y98.891 E.00767
;WIDTH:0.593613
G1 F2723.841
G1 X164.475 Y99.019 E.00716
;WIDTH:0.55292
G1 F2941.177
G1 X164.43 Y99.065 E.00273
G1 X164.446 Y99.126 E.00267
G1 X164.508 Y99.143 E.00273
G1 X164.553 Y99.098 E.0027
G1 X164.536 Y99.036 E.00273
G1 E-8 F1500
G1 Z4.92 F3000
G1 X163.775 Y97.34 F12000
G1 Z4.72 F3000
G1 E8 F1500
G1 F2941.177
G1 X163.791 Y97.402 E.00272
G1 X163.746 Y97.447 E.0027
G1 X163.685 Y97.431 E.00267
G1 X163.668 Y97.369 E.00273
G1 X163.713 Y97.324 E.0027
;WIDTH:0.593613
G1 F2723.841
G1 X163.61 Y97.195 E.00756
;WIDTH:0.634306
G1 F2536.414
G1 X163.507 Y97.067 E.00808
;WIDTH:0.674999
G1 F2373.121
G1 X163.404 Y96.939 E.00863
G1 X156.429 Y89.973 E.5181
;WIDTH:0.634306
G1 F2536.414
G1 X156.295 Y89.849 E.00898
;WIDTH:0.593613
G1 F2723.841
G1 X156.161 Y89.725 E.00836
;WIDTH:0.55292
G1 F2941.177
G1 X156.177 Y89.786 E.00267
G1 X156.132 Y89.831 E.0027
G1 X156.071 Y89.815 E.00267
G1 X156.054 Y89.753 E.00273
G1 X156.099 Y89.708 E.0027
G1 E-8 F1500
G1 Z4.92 F3000
G1 X158.043 Y90.852 F12000
G1 Z4.72 F3000
G1 E8 F1500
;WIDTH:0.585808
G1 F2763.001
G1 X158.726 Y91.43 E.04039
;WIDTH:0.619436
G1 F2601.839
G1 X158.947 Y91.627 E.01419
;WIDTH:0.653063
G1 F2458.441
G1 X159.169 Y91.825 E.01509
;WIDTH:0.68669
G1 F2330.025
G1 X159.39 Y92.022 E.01585
;WIDTH:0.713766
G1 F2235.983
G1 X159.713 Y92.326 E.02474
;WIDTH:0.740842
G1 F2149.237
G1 X160.036 Y92.63 E.02574
;WIDTH:0.748568
G1 F2125.706
G1 X161.277 Y93.893 E.10389
;WIDTH:0.709916
G1 F2248.889
G1 X161.58 Y94.227 E.02501
;WIDTH:0.666651
G1 F2404.883
G1 X161.884 Y94.56 E.02338
;WIDTH:0.623386
G1 F2584.131
G1 X162.07 Y94.775 E.01372
;WIDTH:0.588153
G1 F2751.117
G1 X162.256 Y94.989 E.01285
;LAYER_CHANGE
;Z:4.92
;HEIGHT:0.2

G1 E-8 F1500
G1 Z4.92 F3000
;AFTER_LAYER_CHANGE
;4.92
G92 E0
_ON_LAYER_CHANGE LAYER=24
G1 Z5.12
G1 X148.508 Y85.343 F12000
G1 Z4.92 F3000
G1 E8 F1500
;TYPE:External perimeter
;WIDTH:0.674999
G1 F2373.121
G1 X148.832 Y85.34 E.01703
G1 X149.528 Y85.364 E.0366
G1 X150.555 Y85.445 E.05414
G1 X151.576 Y85.58 E.05413
G1 X152.588 Y85.767 E.05409
G1 X153.578 Y86.005 E.05351
G1 X154.247 Y86.196 E.03657
G1 X155.225 Y86.523 E.0542
G1 X156.183 Y86.901 E.05413
G1 X157.119 Y87.328 E.05407
G1 X158.023 Y87.798 E.05355
G1 X158.626 Y88.145 E.03657
G1 X159.495 Y88.699 E.05416
G1 X160.333 Y89.297 E.05411
G1 X161.139 Y89.938 E.05412
G1 X161.91 Y90.62 E.0541
G1 X162.644 Y91.341 E.05408
G1 X163.339 Y92.1 E.05409
G1 X163.995 Y92.896 E.05421
G1 X164.406 Y93.442 E.03592
G1 X164.99 Y94.291 E.05416
G1 X165.528 Y95.169 E.05412
G1 X166.014 Y96.064 E.05353
G1 X166.32 Y96.689 E.03657
G1 X166.731 Y97.636 E.05426
G1 X166.976 Y98.274 E.03592
G1 X167.303 Y99.251 E.05415
G1 X167.578 Y100.243 E.0541
G1 X167.801 Y101.248 E.05411
G1 X167.971 Y102.263 E.05409
G1 X168.088 Y103.286 E.05412
G1 X168.15 Y104.314 E.05413
G1 X168.159 Y105.343 E.05408
G1 X168.114 Y106.372 E.05413
G1 X168.016 Y107.398 E.05417
G1 X167.921 Y108.074 E.03588
G1 X167.733 Y109.088 E.0542
G1 X167.492 Y110.089 E.05411
G1 X167.2 Y111.076 E.0541
G1 X166.856 Y112.046 E.05409
G1 X166.462 Y112.999 E.0542
G1 X166.173 Y113.618 E.0359
G1 X165.697 Y114.533 E.05421
G1 X165.175 Y115.419 E.05405
G1 X164.606 Y116.279 E.0542
G1 X164.204 Y116.832 E.03593
G1 X163.562 Y117.639 E.0542
G1 X162.88 Y118.41 E.0541
G1 X162.159 Y119.144 E.05408
G1 X161.4 Y119.839 E.05409
G1 X160.614 Y120.487 E.05354
G1 X160.058 Y120.906 E.03659
G1 X159.208 Y121.491 E.05423
G1 X158.628 Y121.853 E.03593
G1 X157.731 Y122.361 E.05418
G1 X156.81 Y122.82 E.05408
G1 X155.864 Y123.231 E.05421
G1 X155.226 Y123.476 E.03592
G1 X154.249 Y123.803 E.05415
G1 X153.257 Y124.078 E.0541
G1 X152.252 Y124.301 E.05411
G1 X151.237 Y124.471 E.05409
G1 X150.214 Y124.588 E.05412
G1 X149.186 Y124.65 E.05413
G1 X148.157 Y124.659 E.05408
G1 X147.139 Y124.615 E.05355
G1 X146.446 Y124.555 E.03656
G1 X145.424 Y124.42 E.05418
G1 X144.411 Y124.232 E.05415
G1 X143.745 Y124.079 E.03592
G1 X142.751 Y123.803 E.05422
G1 X141.775 Y123.477 E.05408
G1 X140.817 Y123.099 E.05413
G1 X139.881 Y122.672 E.05407
G1 X138.967 Y122.197 E.05414
G1 X138.081 Y121.675 E.05405
G1 X137.222 Y121.106 E.05415
G1 X136.395 Y120.494 E.05407
G1 X135.609 Y119.847 E.05351
G1 X135.091 Y119.381 E.03662
G1 X134.355 Y118.658 E.05422
G1 X133.889 Y118.158 E.03592
G1 X133.219 Y117.374 E.0542
G1 X132.593 Y116.557 E.0541
G1 X132.009 Y115.708 E.05416
G1 X131.647 Y115.128 E.03593
G1 X131.139 Y114.231 E.05418
G1 X130.68 Y113.31 E.05408
G1 X130.269 Y112.366 E.05411
G1 X129.909 Y111.401 E.05413
G1 X129.599 Y110.42 E.05407
G1 X129.342 Y109.423 E.05411
G1 X129.138 Y108.425 E.05354
G1 X129.029 Y107.738 E.03656
G1 X128.912 Y106.714 E.05417
G1 X128.85 Y105.686 E.05413
G1 X128.841 Y104.657 E.05408
G1 X128.885 Y103.639 E.05355
G1 X128.945 Y102.946 E.03656
G1 X129.08 Y101.924 E.05418
G1 X129.267 Y100.912 E.05409
G1 X129.505 Y99.922 E.05351
G1 X129.696 Y99.253 E.03657
G1 X130.023 Y98.275 E.0542
G1 X130.401 Y97.317 E.05413
G1 X130.828 Y96.379 E.05417
G1 X131.138 Y95.77 E.03592
G1 X131.646 Y94.873 E.05418
G1 X132.199 Y94.005 E.05409
G1 X132.797 Y93.167 E.05411
G1 X133.438 Y92.361 E.05412
G1 X134.12 Y91.59 E.0541
G1 X134.841 Y90.856 E.05408
G1 X135.592 Y90.168 E.05353
G1 X136.125 Y89.72 E.03659
G1 X136.943 Y89.093 E.05417
G1 X137.791 Y88.51 E.05409
G1 X138.669 Y87.972 E.05412
G1 X139.564 Y87.486 E.05353
G1 X140.189 Y87.18 E.03657
G1 X141.134 Y86.769 E.05416
G1 X142.099 Y86.409 E.05413
G1 X143.07 Y86.102 E.05352
G1 X143.742 Y85.922 E.03656
G1 X144.748 Y85.699 E.05416
G1 X145.763 Y85.529 E.05409
G1 X146.786 Y85.412 E.05412
G1 X147.814 Y85.35 E.05413
G1 X148.478 Y85.344 E.0349
G1 X149.078 Y85.35 F12000
G1 E-8 F1500
G1 Z5.12 F3000
G1 X164.296 Y116.389 F12000
G1 Z4.92 F3000
G1 E8 F1500
;TYPE:Top solid infill
;WIDTH:0.600101
G1 F2692.123
M73 P95 R0
G1 X161.854 Y118.831 E.16
G1 X161.113 Y119.51 E.04656
G1 X160.344 Y120.145 E.0462
G1 X159.803 Y120.552 E.03137
G1 X158.968 Y121.126 E.04694
G1 X158.443 Y121.454 E.02868
G1 X164.941 Y114.956 E.42575
G1 X165.315 Y114.321 E.03414
G1 X165.867 Y113.242 E.05615
G1 X156.744 Y122.365 E.59774
G1 X155.699 Y122.827 E.05294
G1 X155.366 Y122.955 E.01653
G1 X166.458 Y111.863 E.72675
G1 X166.866 Y110.667 E.05855
G1 X154.161 Y123.372 E.83243
G1 X153.073 Y123.672 E.05229
G1 X167.166 Y109.579 E.92338
G1 X167.306 Y108.997 E.02773
G1 X167.384 Y108.573 E.01997
G1 X152.068 Y123.889 E1.00351
G1 X151.125 Y124.044 E.04428
G1 X167.543 Y107.627 E1.07568
G1 X167.64 Y106.741 E.04129
G1 X150.236 Y124.146 E1.14035
G1 X149.393 Y124.2 E.03914
G1 X167.698 Y105.895 E1.19935
G1 X167.721 Y105.085 E.03754
G1 X148.586 Y124.219 E1.2537
G1 X147.81 Y124.207 E.03596
G1 X167.712 Y104.305 E1.30398
G1 X167.667 Y103.562 E.03449
G1 X147.059 Y124.17 E1.35024
G1 X146.341 Y124.101 E.03342
G1 X167.598 Y102.844 E1.39276
G1 X167.509 Y102.145 E.03265
G1 X145.644 Y124.009 E1.43257
G1 X144.973 Y123.893 E.03155
G1 X167.396 Y101.47 E1.46916
G1 X167.259 Y100.819 E.03082
G1 X144.315 Y123.762 E1.50326
G1 X143.681 Y123.608 E.03023
G1 X167.108 Y100.181 E1.53494
G1 X166.937 Y99.564 E.02966
M73 P96 R0
G1 X143.064 Y123.437 E1.56416
G1 X142.466 Y123.247 E.02907
G1 X166.747 Y98.966 E1.5909
G1 X166.548 Y98.377 E.0288
G1 X141.878 Y123.048 E1.61642
G1 X141.312 Y122.825 E.02818
G1 X166.33 Y97.808 E1.63915
G1 X166.091 Y97.258 E.02778
G1 X140.757 Y122.592 E1.65989
G1 X140.216 Y122.346 E.02753
G1 X165.847 Y96.715 E1.67935
G1 X165.585 Y96.188 E.02727
G1 X139.692 Y122.082 E1.69655
G1 X139.174 Y121.812 E.02706
G1 X165.308 Y95.678 E1.71231
G1 X165.021 Y95.177 E.02675
G1 X138.678 Y121.52 E1.726
G1 X138.188 Y121.222 E.02657
G1 X164.722 Y94.688 E1.73851
G1 X164.408 Y94.214 E.02634
G1 X137.714 Y120.908 E1.749
G1 X137.25 Y120.584 E.02622
G1 X164.087 Y93.747 E1.75837
G1 X163.75 Y93.296 E.02608
M73 P97 R0
G1 X136.797 Y120.249 E1.76597
G1 X136.359 Y119.899 E.02598
G1 X163.399 Y92.859 E1.77167
G1 X163.043 Y92.427 E.02593
G1 X135.927 Y119.543 E1.77665
G1 X135.511 Y119.171 E.02586
G1 X162.668 Y92.014 E1.77933
G1 X162.289 Y91.605 E.02583
G1 X135.108 Y118.786 E1.7809
G1 X134.711 Y118.395 E.02582
G1 X161.892 Y91.214 E1.7809
G1 X161.488 Y90.83 E.02582
G1 X134.329 Y117.989 E1.77946
G1 X133.961 Y117.569 E.02587
G1 X161.07 Y90.46 E1.77619
G1 X160.642 Y90.1 E.02591
G1 X133.598 Y117.144 E1.77193
G1 X133.253 Y116.701 E.02601
G1 X160.203 Y89.751 E1.76577
G1 X159.749 Y89.417 E.02611
G1 X132.913 Y116.253 E1.7583
G1 X132.592 Y115.786 E.02625
M73 P98 R0
G1 X159.289 Y89.089 E1.74919
G1 X158.81 Y88.78 E.02641
G1 X132.277 Y115.313 E1.73845
G1 X131.977 Y114.825 E.02654
G1 X158.326 Y88.476 E1.72639
G1 X157.826 Y88.188 E.02673
G1 X131.692 Y114.322 E1.71231
G1 X131.417 Y113.809 E.02697
G1 X157.308 Y87.918 E1.69638
G1 X156.784 Y87.654 E.02718
G1 X131.155 Y113.284 E1.67925
G1 X130.909 Y112.741 E.02762
G1 X156.243 Y87.408 E1.65986
G1 X155.687 Y87.175 E.02793
G1 X130.67 Y112.192 E1.63912
G1 X130.456 Y111.618 E.02838
G1 X155.122 Y86.952 E1.61612
G1 X154.534 Y86.753 E.02876
G1 X130.251 Y111.035 E1.59099
G1 X130.062 Y110.436 E.0291
G1 X153.937 Y86.562 E1.56426
G1 X153.319 Y86.392 E.0297
G1 X129.894 Y109.816 E1.53478
G1 X129.738 Y109.184 E.03016
M73 P99 R0
G1 X152.683 Y86.239 E1.50336
G1 X152.027 Y86.107 E.031
G1 X129.605 Y108.529 E1.46909
G1 X129.49 Y107.856 E.03163
G1 X151.355 Y85.991 E1.4326
G1 X150.659 Y85.899 E.03253
G1 X129.402 Y107.156 E1.39276
G1 X129.333 Y106.438 E.03342
G1 X149.93 Y85.841 E1.34952
G1 X149.192 Y85.791 E.03427
G1 X129.288 Y105.695 E1.30411
G1 X129.279 Y104.915 E.03614
G1 X148.407 Y85.787 E1.25327
G1 X147.607 Y85.8 E.03707
G1 X129.302 Y104.105 E1.19935
G1 X129.356 Y103.263 E.03909
G1 X146.764 Y85.854 E1.14061
G1 X145.875 Y85.956 E.04146
G1 X129.461 Y102.369 E1.07542
G1 X129.616 Y101.427 E.04423
G1 X144.932 Y86.111 E1.00351
G1 X143.927 Y86.328 E.04763
G1 X129.834 Y100.421 E.92338
G1 X130.128 Y99.339 E.05195
G1 X142.831 Y86.635 E.83234
G1 X142.241 Y86.822 E.02867
G1 X141.628 Y87.051 E.03032
G1 X130.55 Y98.128 E.7258
G1 X130.803 Y97.488 E.03188
G1 X131.137 Y96.753 E.0374
G1 X140.259 Y87.632 E.59764
G1 X139.764 Y87.874 E.02553
G1 X138.887 Y88.35 E.04623
G1 X138.54 Y88.563 E.01886
G1 X131.377 Y95.725 E.46929
G1 E-8 F1500
M107
;TYPE:Custom
; Filament-specific end gcode
; Filament-specific end gcode
END_PRINT
M73 P100 R0
; objects_info = {"objects":[]}
; filament used [mm] = 1771.01, 0.00
; filament used [cm3] = 4.26, 0.00
; filament used [g] = 5.28, 0.00
; filament cost = 0.19, 0.00
; total filament used [g] = 5.28
; total filament cost = 0.19
; total filament used for wipe tower [g] = 0.00
; estimated printing time (normal mode) = 17m 21s
; estimated first layer printing time (normal mode) = 1m 35s

; prusaslicer_config = begin
; arc_fitting = disabled
; autoemit_temperature_commands = 0
; automatic_extrusion_widths = 0
; automatic_infill_combination = 0
; automatic_infill_combination_max_layer_height = 100%
; avoid_crossing_curled_overhangs = 1
; avoid_crossing_perimeters = 0
; avoid_crossing_perimeters_max_detour = 300%
; bed_custom_model = 
; bed_custom_texture = 
; bed_shape = 0x0,297x0,297x210,0x210
; bed_temperature = 60,60
; bed_temperature_extruder = 0
; before_layer_gcode = \n
; between_objects_gcode = G92 E0
; binary_gcode = 0
; bottom_fill_pattern = monotonic
; bottom_solid_layers = 5
; bottom_solid_min_thickness = 1
; bridge_acceleration = 1000
; bridge_angle = 0
; bridge_fan_speed = 100,100
; bridge_flow_ratio = 0.7
; bridge_speed = 0
; brim_separation = 0
; brim_type = outer_only
; brim_width = 0
; chamber_minimal_temperature = 0,0
; chamber_temperature = 0,0
; color_change_gcode = M600
; colorprint_heights = 
; compatible_printers_condition_cummulative = ;"printer_notes!~/.*NO_TEMPLATES.*/ and printer_notes!~/.*PRINTER_VENDOR_TRILAB.*/ and printer_notes!~/.*PRINTER_MODEL_MK4IS.*/ and ! (printer_notes=~/.*PRINTER_VENDOR_PRUSA3D.*/ and num_extruders>1) and printer_model == \"VC4_500 IDEX\"";"printer_notes!~/.*NO_TEMPLATES.*/ and printer_notes!~/.*PRINTER_VENDOR_TRILAB.*/ and printer_notes!~/.*PRINTER_MODEL_MK4IS.*/ and ! (printer_notes=~/.*PRINTER_VENDOR_PRUSA3D.*/ and num_extruders>1) and printer_model == \"VC4_500 IDEX\""
; complete_objects = 0
; cooling = 1,1
; cooling_perimeter_transition_distance = 0,0
; cooling_slowdown_logic = uniform_cooling,uniform_cooling
; cooling_tube_length = 5
; cooling_tube_retraction = 91.5
; custom_parameters_filament = ;
; custom_parameters_print = 
; custom_parameters_printer = 
; default_acceleration = 1000
; default_filament_profile = "PunkFil PETG @RatRig"
; default_print_profile = QUALITY_0.20mm_Nozzle_0.6_VC4_IDEX
; deretract_speed = 25,120
; disable_fan_first_layers = 1,1
; dont_support_bridges = 0
; draft_shield = disabled
; duplicate_distance = 6
; elefant_foot_compensation = 0
; enable_dynamic_fan_speeds = 0,0
; enable_dynamic_overhang_speeds = 1
; end_filament_gcode = "; Filament-specific end gcode";"; Filament-specific end gcode"
; end_gcode = END_PRINT\n
; ensure_vertical_shell_thickness = enabled
; external_perimeter_acceleration = 1000
; external_perimeter_extrusion_width = 0
; external_perimeter_speed = 50%
; external_perimeters_first = 1
; extra_loading_move = -2
; extra_perimeters = 1
; extra_perimeters_on_overhangs = 0
; extruder_clearance_height = 25
; extruder_clearance_radius = 45
; extruder_colour = #0080FF;#0080FF
; extruder_offset = 0x0,0x0
; extrusion_axis = E
; extrusion_multiplier = 1,1
; extrusion_width = 0
; fan_always_on = 1,1
; fan_below_layer_time = 100,100
; filament_abrasive = 0,0
; filament_colour = #FF8000;#FF8000
; filament_cooling_final_speed = 2,2
; filament_cooling_initial_speed = 3,3
; filament_cooling_moves = 1,1
; filament_cost = 36.29,36.29
; filament_density = 1.24,1.24
; filament_deretract_speed = nil,nil
; filament_diameter = 1.75,1.75
; filament_infill_max_crossing_speed = 0,0
; filament_infill_max_speed = 0,0
; filament_load_time = 0,0
; filament_loading_speed = 14,14
; filament_loading_speed_start = 19,19
; filament_max_volumetric_speed = 5,5
; filament_minimal_purge_on_wipe_tower = 0,0
; filament_multitool_ramming = 0,0
; filament_multitool_ramming_flow = 10,10
; filament_multitool_ramming_volume = 10,10
; filament_notes = "Affordable filament for everyday printing in premium quality manufactured in-house by Josef Prusa";"Affordable filament for everyday printing in premium quality manufactured in-house by Josef Prusa"
; filament_purge_multiplier = 100%,100%
; filament_ramming_parameters = "130 120 2.70968 2.93548 3.32258 3.83871 4.58065 5.54839 6.51613 7.35484 7.93548 8.16129| 0.05 2.66451 0.45 3.05805 0.95 4.05807 1.45 5.97742 1.95 7.69999 2.45 8.1936 2.95 11.342 3.45 11.4065 3.95 7.6 4.45 7.6 4.95 7.6";"130 120 2.70968 2.93548 3.32258 3.83871 4.58065 5.54839 6.51613 7.35484 7.93548 8.16129| 0.05 2.66451 0.45 3.05805 0.95 4.05807 1.45 5.97742 1.95 7.69999 2.45 8.1936 2.95 11.342 3.45 11.4065 3.95 7.6 4.45 7.6 4.95 7.6"
; filament_retract_before_travel = nil,nil
; filament_retract_before_wipe = nil,nil
; filament_retract_layer_change = nil,nil
; filament_retract_length = nil,nil
; filament_retract_length_toolchange = nil,nil
; filament_retract_lift = nil,nil
; filament_retract_lift_above = nil,nil
; filament_retract_lift_below = nil,nil
; filament_retract_restart_extra = nil,nil
; filament_retract_restart_extra_toolchange = nil,nil
; filament_retract_speed = nil,nil
; filament_seam_gap_distance = nil,nil
; filament_settings_id = "PLA Temp thingy";"PLA Temp thingy"
; filament_shrinkage_compensation_xy = 0%,0%
; filament_shrinkage_compensation_z = 0%,0%
; filament_soluble = 0,0
; filament_spool_weight = 201,201
; filament_stamping_distance = 0,0
; filament_stamping_loading_speed = 20,20
; filament_toolchange_delay = 0,0
; filament_travel_lift_before_obstacle = nil,nil
; filament_travel_max_lift = nil,nil
; filament_travel_ramping_lift = nil,nil
; filament_travel_slope = nil,nil
; filament_type = PLA;PLA
; filament_unload_time = 0,0
; filament_unloading_speed = 20,20
; filament_unloading_speed_start = 100,100
; filament_vendor = Prusa Polymers
; filament_wipe = nil,nil
; fill_angle = 45
; fill_density = 15%
; fill_pattern = gyroid
; first_layer_acceleration = 1000
; first_layer_acceleration_over_raft = 0
; first_layer_bed_temperature = 60,60
; first_layer_extrusion_width = 0
; first_layer_height = 0.32
; first_layer_infill_speed = 0
; first_layer_speed = 70%
; first_layer_speed_over_raft = 30
; first_layer_temperature = 240,240
; full_fan_speed_layer = 3,3
; fuzzy_skin = none
; fuzzy_skin_point_dist = 0.8
; fuzzy_skin_thickness = 0.3
; gap_fill_enabled = 0
; gap_fill_speed = 100
; gcode_comments = 0
; gcode_flavor = klipper
; gcode_label_objects = disabled
; gcode_resolution = 0.0125
; gcode_substitutions = 
; high_current_on_filament_swap = 0
; host_type = prusalink
; idle_temperature = 180,180
; infill_acceleration = 1000
; infill_anchor = 300%
; infill_anchor_max = 5
; infill_every_layers = 1
; infill_extruder = 1
; infill_extrusion_width = 0
; infill_first = 0
; infill_overlap = 25%
; infill_speed = 0
; inherits_cummulative = ;"Prusament PLA @Template";"Prusament PLA @Template";
; interface_shells = 0
; interlocking_beam = 0
; interlocking_beam_layer_count = 2
; interlocking_beam_width = 0.8
; interlocking_boundary_avoidance = 2
; interlocking_depth = 2
; interlocking_orientation = 22.5
; ironing = 0
; ironing_flowrate = 15%
; ironing_spacing = 0.3
; ironing_speed = 200
; ironing_type = top
; layer_gcode = ;AFTER_LAYER_CHANGE\n;[layer_z]\nG92 E0\n_ON_LAYER_CHANGE LAYER={layer_num + 1}
; layer_height = 0.2
; machine_limits_usage = time_estimate_only
; machine_max_acceleration_e = 1000
; machine_max_acceleration_extruding = 1000
; machine_max_acceleration_retracting = 1000
; machine_max_acceleration_travel = 9000,1250
; machine_max_acceleration_x = 1000
; machine_max_acceleration_y = 1000
; machine_max_acceleration_z = 1000
; machine_max_feedrate_e = 120
; machine_max_feedrate_x = 200
; machine_max_feedrate_y = 200
; machine_max_feedrate_z = 50
; machine_max_jerk_e = 5
; machine_max_jerk_x = 5
; machine_max_jerk_y = 5
; machine_max_jerk_z = 0.4
; machine_max_junction_deviation = 0,0
; machine_min_extruding_rate = 0
; machine_min_travel_rate = 0
; max_fan_speed = 100,100
; max_layer_height = 0.32,0.32
; max_print_height = 140
; max_print_speed = 100
; max_volumetric_extrusion_rate_slope_negative = 0
; max_volumetric_extrusion_rate_slope_positive = 0
; max_volumetric_speed = 10
; min_bead_width = 85%
; min_fan_speed = 100,100
; min_feature_size = 25%
; min_layer_height = 0.08,0.08
; min_print_speed = 10,10
; min_skirt_length = 4
; mmu_segmented_region_interlocking_depth = 0
; mmu_segmented_region_max_width = 0
; multimaterial_purging = 140
; notes = BE CAREFULL, THIS IS A HIGH SPEED PROFILE, DO NOT USE IT UNLESS YOU ARE SURE YOUR MACHINE IS MECHANICALLY WELL TUNED!
; nozzle_diameter = 0.6,1
; nozzle_high_flow = 0,0
; only_one_perimeter_first_layer = 1
; only_retract_when_crossing_perimeters = 0
; ooze_prevention = 0
; output_filename_format = {input_filename_base}_{filament_type[0]}_{print_settings_id}_{print_time}.gcode
; over_bridge_speed = 0
; overhang_fan_speed_0 = 0,0
; overhang_fan_speed_1 = 0,0
; overhang_fan_speed_2 = 0,0
; overhang_fan_speed_3 = 0,0
; overhang_speed_0 = 20%
; overhang_speed_1 = 40%
; overhang_speed_2 = 60%
; overhang_speed_3 = 80%
; overhangs = 1
; parking_pos_retraction = 92
; pause_print_gcode = M601
; perimeter_acceleration = 1000
; perimeter_extruder = 1
; perimeter_extrusion_width = 0.8
; perimeter_generator = arachne
; perimeter_speed = 0
; perimeters = 4
; physical_printer_settings_id = Anisoprint
; post_process = "\"C:\\Users\\dhilu\\AppData\\Local\\Programs\\Python\\Python313\\python.exe\" \"C:\\Users\\dhilu\\Documents\\Anisoprint\\process.py\""
; prefer_clockwise_movements = 0
; print_settings_id = Anisoprint
; printer_model = VC4_500 IDEX
; printer_notes = 
; printer_settings_id = Anisoprint
; printer_technology = FFF
; printer_variant = 0.6
; printer_vendor = 
; raft_contact_distance = 0.1
; raft_expansion = 1.5
; raft_first_layer_density = 90%
; raft_first_layer_expansion = 4
; raft_layers = 0
; remaining_times = 1
; resolution = 0
; retract_before_travel = 1,1
; retract_before_wipe = 0%,0%
; retract_layer_change = 0,0
; retract_length = 8,8
; retract_length_toolchange = 1,1
; retract_lift = 0.2,0.2
; retract_lift_above = 0.2,0.2
; retract_lift_below = 0,0
; retract_restart_extra = 0,0
; retract_restart_extra_toolchange = 5,0
; retract_speed = 25,120
; scarf_seam_entire_loop = 0
; scarf_seam_length = 10
; scarf_seam_max_segment_length = 1
; scarf_seam_on_inner_perimeters = 0
; scarf_seam_only_on_smooth = 1
; scarf_seam_placement = nowhere
; scarf_seam_start_height = 20%
; seam_gap_distance = 5%
; seam_position = aligned
; silent_mode = 0
; single_extruder_multi_material = 0
; single_extruder_multi_material_priming = 1
; skirt_distance = 10
; skirt_height = 1
; skirts = 1
; slice_closing_radius = 0.049
; slicing_mode = regular
; slowdown_below_layer_time = 10,10
; small_perimeter_speed = 80%
; solid_infill_acceleration = 1000
; solid_infill_below_area = 0
; solid_infill_every_layers = 0
; solid_infill_extruder = 1
; solid_infill_extrusion_width = 0
; solid_infill_speed = 80%
; spiral_vase = 0
; staggered_inner_seams = 0
; standby_temperature_delta = -5
; start_filament_gcode = "; Filament gcode\n";"; Filament gcode\n"
; start_gcode = PRINT_START BED_TEMP={first_layer_bed_temperature[0]} EXTRUDER_TEMP={first_layer_temperature[0]} EXTRUDER1_TEMP={first_layer_temperature[1]}
; support_material = 1
; support_material_angle = 0
; support_material_auto = 0
; support_material_bottom_contact_distance = 0
; support_material_bottom_interface_layers = 1
; support_material_buildplate_only = 0
; support_material_closing_radius = 2
; support_material_contact_distance = 0.25
; support_material_enforce_layers = 0
; support_material_extruder = 1
; support_material_extrusion_width = 0
; support_material_interface_contact_loops = 0
; support_material_interface_extruder = 1
; support_material_interface_layers = 3
; support_material_interface_pattern = rectilinear
; support_material_interface_spacing = 0.05
; support_material_interface_speed = 65%
; support_material_pattern = rectilinear
; support_material_spacing = 3
; support_material_speed = 150
; support_material_style = organic
; support_material_synchronize_layers = 0
; support_material_threshold = 40
; support_material_with_sheath = 0
; support_material_xy_spacing = 0.5
; support_tree_angle = 40
; support_tree_angle_slow = 25
; support_tree_branch_diameter = 3
; support_tree_branch_diameter_angle = 5
; support_tree_branch_diameter_double_wall = 3
; support_tree_branch_distance = 0.5
; support_tree_tip_diameter = 1.2
; support_tree_top_rate = 15%
; temperature = 240,240
; template_custom_gcode = 
; thick_bridges = 1
; thin_walls = 1
; thumbnails = 
; thumbnails_format = PNG
; toolchange_gcode = T[next_extruder]
; top_fill_pattern = monotonic
; top_infill_extrusion_width = 0
; top_one_perimeter_type = topmost
; top_solid_infill_acceleration = 1000
; top_solid_infill_speed = 70%
; top_solid_layers = 5
; top_solid_min_thickness = 1
; travel_acceleration = 1000
; travel_lift_before_obstacle = 0,0
; travel_max_lift = 0,0
; travel_ramping_lift = 0,0
; travel_short_distance_acceleration = 0
; travel_slope = 0,0
; travel_speed = 200
; travel_speed_z = 50
; use_firmware_retraction = 0
; use_relative_e_distances = 1
; use_volumetric_e = 0
; variable_layer_height = 1
; wall_distribution_count = 1
; wall_transition_angle = 10
; wall_transition_filter_deviation = 25%
; wall_transition_length = 100%
; wipe = 0,0
; wipe_into_infill = 0
; wipe_into_objects = 0
; wipe_tower = 0
; wipe_tower_acceleration = 0
; wipe_tower_bridging = 10
; wipe_tower_brim_width = 2
; wipe_tower_cone_angle = 0
; wipe_tower_extra_flow = 100%
; wipe_tower_extra_spacing = 100%
; wipe_tower_extruder = 0
; wipe_tower_no_sparse_layers = 0
; wipe_tower_width = 60
; wiping_volumes_matrix = 0,140,140,0
; wiping_volumes_use_custom_matrix = 0
; xy_size_compensation = 0
; z_offset = 0
; prusaslicer_config = end
