; generated by PrusaSlicer 2.9.4 on 2026-05-14 at 09:18:30 UTC

; BE CAREFULL, THIS IS A HIGH SPEED PROFILE, DO NOT USE IT UNLESS YOU ARE SURE YOUR MACHINE IS MECHANICALLY WELL TUNED!

; external perimeters extrusion width = 0.68mm
; perimeters extrusion width = 1.00mm
; infill extrusion width = 0.68mm
; solid infill extrusion width = 0.68mm
; top infill extrusion width = 0.60mm
; support material extrusion width = 0.60mm

M73 P0 R38
;TYPE:Custom
PRINT_START BED_TEMP=60 EXTRUDER_TEMP=240 EXTRUDER1_TEMP=240
G21 ; set units to millimeters
G90 ; use absolute coordinates
M83 ; use relative distances for extrusion
; Filament gcode
M107
;LAYER_CHANGE
;Z:0.2
;HEIGHT:0.2
G1 E-8 F7200
G1 Z.2 F3000
G1 X123.284 Y87.881 F12000
G1 Z.2 F3000
G1 E8 F7200
M204 S1000
;TYPE:Skirt/Brim
;WIDTH:1
G1 F626.907
G1 X125.094 Y85.479 E.23935
G1 X127.262 Y83.139 E.25386
G1 X129.391 Y81.256 E.22619
G1 X131.824 Y79.489 E.2393
G1 X134.272 Y78.046 E.22614
G1 X137.167 Y76.707 E.25384
G1 X140.011 Y75.728 E.23936
G1 X143.117 Y75.001 E.25386
G1 X145.935 Y74.63 E.2262
G1 X148.94 Y74.525 E.23929
G1 X151.777 Y74.698 E.22619
G1 X154.926 Y75.207 E.25385
G1 X157.831 Y75.985 E.23933
G1 X160.493 Y76.98 E.22616
M73 P0 R37
G1 X163.196 Y78.299 E.23935
G1 X165.619 Y79.784 E.22616
G1 X168.021 Y81.594 E.23935
G1 X170.361 Y83.762 E.25386
G1 X172.243 Y85.891 E.22614
G1 X174.011 Y88.324 E.23934
G1 X175.454 Y90.772 E.22614
G1 X176.793 Y93.667 E.25384
G1 X177.772 Y96.511 E.23936
G1 X178.436 Y99.274 E.22614
G1 X178.854 Y102.253 E.2394
G1 X178.975 Y105.44 E.25381
G1 X178.802 Y108.277 E.22619
G1 X178.331 Y111.247 E.23931
G1 X177.62 Y113.998 E.22612
G1 X176.52 Y116.993 E.25391
G1 X175.201 Y119.696 E.23935
G1 X173.716 Y122.119 E.22616
G1 X171.906 Y124.521 E.23935
G1 X169.738 Y126.861 E.25386
G1 X167.609 Y128.744 E.22619
G1 X165.176 Y130.511 E.2393
G1 X162.728 Y131.954 E.22614
G1 X159.833 Y133.293 E.25384
G1 X156.989 Y134.272 E.23936
G1 X154.226 Y134.936 E.22614
G1 X151.247 Y135.354 E.2394
G1 X148.06 Y135.475 E.25381
G1 X145.223 Y135.302 E.22619
G1 X142.253 Y134.831 E.23931
G1 X139.502 Y134.12 E.22612
G1 X136.507 Y133.02 E.25391
G1 X133.804 Y131.701 E.23935
G1 X131.093 Y130.019 E.2539
G1 X128.839 Y128.289 E.22612
G1 X126.639 Y126.238 E.23936
G1 X124.756 Y124.109 E.22619
G1 X122.989 Y121.676 E.2393
G1 X121.546 Y119.228 E.22614
G1 X120.207 Y116.333 E.25384
G1 X119.228 Y113.489 E.23936
G1 X118.501 Y110.383 E.25386
G1 X118.13 Y107.565 E.2262
G1 X118.025 Y104.56 E.23929
G1 X118.198 Y101.723 E.22619
G1 X118.707 Y98.574 E.25385
G1 X119.485 Y95.669 E.23933
G1 X120.48 Y93.007 E.22616
G1 X121.799 Y90.304 E.23935
G1 X123.268 Y87.907 E.22373
G1 E-8 F7200
G1 X148.505 Y85.338 F12000
G1 E8 F7200
;TYPE:External perimeter
;WIDTH:0.674999
G1 F949.248
G1 X149.529 Y85.365 E.05384
G1 X150.555 Y85.445 E.05409
G1 X151.576 Y85.58 E.05413
G1 X152.589 Y85.768 E.05415
G1 X153.262 Y85.923 E.0363
G1 X154.249 Y86.197 E.05384
G1 X155.225 Y86.523 E.05408
G1 X156.183 Y86.901 E.05413
G1 X157.119 Y87.328 E.05407
G1 X158.033 Y87.803 E.05414
G1 X158.921 Y88.326 E.05416
G1 X160.056 Y89.092 E.07197
G1 X160.874 Y89.719 E.05417
G1 X161.657 Y90.388 E.05413
G1 X162.403 Y91.097 E.05409
G1 X163.113 Y91.844 E.05417
G1 X163.566 Y92.365 E.03629
G1 X164.203 Y93.167 E.05383
G1 X164.801 Y94.005 E.05411
G1 X165.354 Y94.873 E.05409
G1 X165.861 Y95.769 E.05411
G1 X166.32 Y96.69 E.05408
G1 X166.731 Y97.636 E.05421
G1 X166.976 Y98.274 E.03592
G1 X167.303 Y99.251 E.05415
G1 X167.578 Y100.243 E.0541
G1 X167.801 Y101.248 E.05411
G1 X167.971 Y102.264 E.05414
G1 X168.088 Y103.288 E.05417
G1 X168.135 Y103.97 E.03593
G1 X168.162 Y105 E.05415
G1 X168.135 Y106.029 E.0541
G1 X168.055 Y107.055 E.05409
G1 X167.92 Y108.077 E.05418
G1 X167.8 Y108.757 E.03629
G1 X167.578 Y109.757 E.05384
G1 X167.303 Y110.749 E.0541
G1 X166.977 Y111.725 E.05408
G1 X166.599 Y112.684 E.05418
G1 X166.321 Y113.308 E.0359
G1 X165.861 Y114.231 E.0542
G1 X165.354 Y115.127 E.05411
G1 X164.8 Y115.996 E.05416
M73 P1 R37
G1 X164.408 Y116.556 E.03593
G1 X163.781 Y117.374 E.05417
G1 X163.112 Y118.157 E.05413
G1 X162.402 Y118.904 E.05417
G1 X161.911 Y119.379 E.03591
G1 X161.139 Y120.062 E.05417
G1 X160.333 Y120.703 E.05412
G1 X159.494 Y121.302 E.05418
G1 X158.921 Y121.674 E.03591
G1 X158.033 Y122.197 E.05416
G1 X157.119 Y122.672 E.05414
G1 X156.183 Y123.099 E.05407
G1 X155.225 Y123.477 E.05413
G1 X154.247 Y123.804 E.0542
G1 X153.59 Y123.992 E.03592
G1 X152.588 Y124.233 E.05416
G1 X151.576 Y124.42 E.05409
G1 X150.555 Y124.555 E.05413
G1 X149.529 Y124.635 E.05409
G1 X148.5 Y124.662 E.0541
G1 X147.471 Y124.635 E.0541
G1 X146.443 Y124.555 E.05419
G1 X145.765 Y124.471 E.03591
G1 X144.747 Y124.301 E.05424
G1 X144.078 Y124.159 E.03594
G1 X143.08 Y123.901 E.05418
G1 X142.099 Y123.591 E.05407
G1 X141.134 Y123.231 E.05413
G1 X140.19 Y122.82 E.05411
G1 X139.269 Y122.361 E.05408
G1 X138.373 Y121.854 E.05411
G1 X137.504 Y121.3 E.05416
G1 X136.944 Y120.908 E.03593
G1 X136.126 Y120.281 E.05417
G1 X135.343 Y119.612 E.05413
G1 X134.597 Y118.903 E.05409
G1 X133.888 Y118.157 E.05409
G1 X133.219 Y117.374 E.05413
G1 X132.593 Y116.557 E.0541
G1 X132.01 Y115.709 E.05409
G1 X131.471 Y114.83 E.05419
G1 X131.14 Y114.232 E.03592
G1 X130.68 Y113.31 E.05415
G1 X130.269 Y112.366 E.05411
G1 X129.908 Y111.4 E.0542
G1 X129.695 Y110.744 E.03625
G1 X129.422 Y109.757 E.05382
G1 X129.199 Y108.75 E.05421
G1 X129.08 Y108.077 E.03592
G1 X128.945 Y107.055 E.05418
G1 X128.865 Y106.029 E.05409
G1 X128.838 Y105 E.0541
G1 X128.865 Y103.971 E.0541
G1 X128.945 Y102.945 E.05409
G1 X129.08 Y101.923 E.05418
G1 X129.2 Y101.243 E.03629
G1 X129.422 Y100.243 E.05384
G1 X129.697 Y99.251 E.0541
G1 X130.023 Y98.275 E.05408
G1 X130.401 Y97.316 E.05418
G1 X130.682 Y96.685 E.0363
G1 X131.139 Y95.769 E.0538
G1 X131.646 Y94.873 E.05411
G1 X132.199 Y94.005 E.05409
G1 X132.797 Y93.167 E.05411
G1 X133.439 Y92.36 E.0542
G1 X133.887 Y91.844 E.03591
G1 X134.597 Y91.097 E.05417
G1 X135.344 Y90.387 E.05417
G1 X135.86 Y89.939 E.03591
G1 X136.667 Y89.297 E.0542
G1 X137.505 Y88.699 E.05411
G1 X138.373 Y88.146 E.05409
G1 X139.269 Y87.639 E.05411
G1 X140.19 Y87.18 E.05408
G1 X141.134 Y86.769 E.05411
G1 X142.1 Y86.408 E.0542
G1 X142.756 Y86.195 E.03625
G1 X143.743 Y85.922 E.05382
G1 X144.748 Y85.699 E.05411
G1 X145.764 Y85.529 E.05414
G1 X146.786 Y85.412 E.05406
G1 X147.815 Y85.35 E.05418
G1 X148.475 Y85.338 E.03469
G1 X149.075 Y85.353 F12000
G1 E-8 F7200
G1 X164.399 Y93.768 F12000
G1 E8 F7200
;TYPE:Solid infill
;WIDTH:0.682405
G1 F938.255
G1 X161.967 Y91.336 E.18288
G1 X161.339 Y90.74 E.04604
G1 X160.576 Y90.088 E.05337
G1 X159.776 Y89.474 E.05362
G1 X158.671 Y88.729 E.07086
G1 X158.147 Y88.421 E.03232
G1 X165.082 Y95.356 E.5215
G1 X165.442 Y95.992 E.03886
G1 X165.89 Y96.891 E.05341
G1 X166.027 Y97.205 E.01822
G1 X156.295 Y87.473 E.73183
G1 X155.997 Y87.337 E.01742
G1 X154.799 Y86.881 E.06816
G1 X166.619 Y98.701 E.88885
G1 X166.85 Y99.39 E.03864
G1 X167.021 Y100.007 E.03404
G1 X153.492 Y86.479 E1.01732
G1 X153.145 Y86.383 E.01914
G1 X152.306 Y86.197 E.0457
G1 X167.304 Y101.194 E1.12779
G1 X167.495 Y102.29 E.05916
G1 X151.215 Y86.01 E1.22423
G1 X150.193 Y85.892 E.0547
G1 X167.613 Y103.313 E1.31
G1 X167.669 Y104.273 E.05113
G1 X149.227 Y85.831 E1.38681
G1 X148.314 Y85.822 E.04855
G1 X167.683 Y105.191 E1.45652
G1 X167.657 Y106.069 E.04671
G1 X147.435 Y85.848 E1.52063
G1 X146.594 Y85.911 E.04484
G1 X167.591 Y106.908 E1.57894
G1 X167.49 Y107.712 E.04309
G1 X145.785 Y86.006 E1.63222
G1 X145.01 Y86.136 E.04179
M73 P2 R37
G1 X167.366 Y108.491 E1.6811
G1 X167.208 Y109.238 E.0406
G1 X144.262 Y86.292 E1.72551
G1 X143.536 Y86.471 E.03976
G1 X167.029 Y109.964 E1.76664
G1 X166.83 Y110.669 E.03895
G1 X142.831 Y86.67 E1.80469
G1 X142.152 Y86.895 E.03804
G1 X166.603 Y111.347 E1.83872
G1 X166.357 Y112.005 E.03735
G1 X141.494 Y87.141 E1.8697
G1 X140.856 Y87.408 E.03678
G1 X166.096 Y112.648 E1.89801
G1 X165.811 Y113.268 E.03628
G1 X140.232 Y87.689 E1.9235
G1 X139.629 Y87.99 E.03584
M73 P2 R36
G1 X165.51 Y113.871 E1.94621
G1 X165.19 Y114.455 E.03541
G1 X139.045 Y88.31 E1.96607
G1 X138.474 Y88.644 E.03517
M73 P3 R36
G1 X164.856 Y115.026 E1.98389
G1 X164.504 Y115.578 E.03481
G1 X137.922 Y88.996 E1.99893
G1 X137.387 Y89.365 E.03456
G1 X164.138 Y116.116 E2.01164
G1 X163.751 Y116.634 E.03438
G1 X136.864 Y89.746 E2.0219
G1 X136.36 Y90.147 E.03425
G1 X163.355 Y117.142 E2.02998
G1 X162.939 Y117.63 E.0341
G1 X135.868 Y90.56 E2.03566
G1 X135.396 Y90.992 E.03402
G1 X162.508 Y118.104 E2.03878
G1 X162.068 Y118.568 E.034
G1 X134.932 Y91.432 E2.04059
G1 X134.492 Y91.896 E.034
G1 X161.608 Y119.013 E2.03912
G1 X161.129 Y119.438 E.03405
M73 P4 R36
G1 X134.06 Y92.368 E2.03559
G1 X133.647 Y92.86 E.03416
G1 X160.64 Y119.853 E2.02983
G1 X160.136 Y120.254 E.03425
G1 X133.246 Y93.364 E2.02209
G1 X132.865 Y93.887 E.03441
G1 X159.613 Y120.635 E2.01141
G1 X159.227 Y120.91 E.0252
G1 X159.079 Y121.006 E.00938
G1 X132.496 Y94.422 E1.99904
G1 X132.144 Y94.974 E.03481
G1 X158.526 Y121.356 E1.98389
G1 X157.957 Y121.692 E.03514
G1 X131.81 Y95.545 E1.96622
G1 X131.489 Y96.129 E.03544
G1 X157.369 Y122.008 E1.9461
G1 X156.768 Y122.312 E.03581
G1 X131.189 Y96.732 E1.92354
G1 X130.904 Y97.352 E.03628
M73 P5 R36
G1 X156.147 Y122.595 E1.89824
G1 X155.504 Y122.857 E.03692
G1 X130.643 Y97.996 E1.86951
G1 X130.397 Y98.654 E.03735
G1 X154.846 Y123.103 E1.83853
G1 X154.169 Y123.33 E.03797
G1 X130.17 Y99.331 E1.80469
G1 X129.971 Y100.037 E.039
G1 X153.468 Y123.534 E1.76694
G1 X152.739 Y123.709 E.03986
M73 P5 R35
G1 X129.792 Y100.762 E1.72558
G1 X129.634 Y101.509 E.0406
G1 X151.988 Y123.862 E1.68095
G1 X151.211 Y123.99 E.04187
G1 X129.51 Y102.289 E1.63188
G1 X129.409 Y103.092 E.04303
G1 X150.408 Y124.091 E1.57909
G1 X149.569 Y124.157 E.04475
G1 X129.343 Y103.931 E1.52097
G1 X129.317 Y104.809 E.04671
G1 X148.691 Y124.183 E1.4569
G1 X147.773 Y124.169 E.04882
M73 P6 R35
G1 X129.331 Y105.727 E1.38681
G1 X129.392 Y106.693 E.05147
G1 X146.807 Y124.108 E1.30958
G1 X145.79 Y123.995 E.05441
G1 X129.51 Y107.715 E1.22423
G1 X129.696 Y108.806 E.05885
G1 X144.696 Y123.805 E1.12794
G1 X144.187 Y123.697 E.02767
G1 X143.508 Y123.522 E.03728
G1 X129.979 Y109.993 E1.01736
G1 X130.149 Y110.607 E.03388
G1 X130.374 Y111.292 E.03834
G1 X142.208 Y123.126 E.8899
G1 X141.312 Y122.791 E.05086
G1 X140.704 Y122.527 E.03525
G1 X130.973 Y112.796 E.73176
G1 X131.11 Y113.109 E.01817
G1 X131.559 Y114.011 E.05358
G1 X131.907 Y114.633 E.0379
G1 X138.855 Y121.582 E.52252
G1 X137.767 Y120.906 E.06811
G1 X137.224 Y120.526 E.03524
G1 X136.424 Y119.912 E.05362
G1 X135.661 Y119.26 E.05337
G1 X135.031 Y118.662 E.04619
G1 X132.596 Y116.227 E.18311
M106 S127.5
;LAYER_CHANGE
;Z:0.4
;HEIGHT:0.2

G1 E-8 F7200
G1 Z.4 F3000
;AFTER_LAYER_CHANGE
;0.4
G92 E0
_ON_LAYER_CHANGE LAYER=2
G1 Z.6
G1 X148.504 Y85.338 F12000
G1 Z.4 F3000
G1 E8 F7200
;TYPE:External perimeter
;WIDTH:0.674999
G1 F949.248
G1 X148.519 Y85.338 E.00079
G1 X149.529 Y85.365 E.0531
G1 X150.555 Y85.445 E.05409
G1 X151.576 Y85.58 E.05413
G1 X152.588 Y85.767 E.05409
G1 X153.59 Y86.008 E.05416
G1 X154.247 Y86.196 E.03592
G1 X155.225 Y86.523 E.0542
G1 X156.183 Y86.901 E.05413
G1 X157.119 Y87.328 E.05407
G1 X158.032 Y87.803 E.05409
G1 X158.921 Y88.326 E.05421
G1 X159.495 Y88.699 E.03598
G1 X160.056 Y89.092 E.036
G1 X160.874 Y89.719 E.05417
G1 X161.657 Y90.388 E.05413
G1 X162.404 Y91.097 E.05413
G1 X162.893 Y91.605 E.03706
G1 X163.562 Y92.361 E.05306
G1 X164.203 Y93.167 E.05412
G1 X164.802 Y94.006 E.05418
G1 X165.185 Y94.597 E.03701
G1 X165.697 Y95.467 E.05306
G1 X166.172 Y96.381 E.05414
G1 X166.599 Y97.317 E.05407
G1 X166.977 Y98.276 E.05418
G1 X167.2 Y98.923 E.03597
G1 X167.492 Y99.911 E.05415
G1 X167.733 Y100.912 E.05411
G1 X167.92 Y101.924 E.05409
G1 X168.055 Y102.945 E.05413
G1 X168.135 Y103.971 E.05409
G1 X168.162 Y105 E.0541
G1 X168.135 Y106.03 E.05415
G1 X168.088 Y106.712 E.03593
G1 X167.971 Y107.736 E.05417
G1 X167.801 Y108.752 E.05414
G1 X167.578 Y109.757 E.05411
G1 X167.303 Y110.749 E.0541
G1 X166.977 Y111.725 E.05408
G1 X166.599 Y112.684 E.05418
G1 X166.321 Y113.308 E.0359
G1 X165.861 Y114.231 E.0542
G1 X165.354 Y115.127 E.05411
G1 X164.801 Y115.995 E.05409
G1 X164.202 Y116.834 E.05418
G1 X163.782 Y117.373 E.03591
G1 X163.112 Y118.157 E.0542
G1 X162.403 Y118.903 E.05409
G1 X161.656 Y119.613 E.05417
G1 X161.124 Y120.075 E.03703
G1 X160.333 Y120.703 E.05308
G1 X159.495 Y121.301 E.05411
G1 X158.627 Y121.854 E.05409
G1 X157.731 Y122.361 E.05411
G1 X156.81 Y122.82 E.05408
G1 X155.864 Y123.231 E.05421
G1 X155.226 Y123.476 E.03592
G1 X154.249 Y123.803 E.05415
G1 X153.257 Y124.078 E.0541
G1 X152.252 Y124.301 E.05411
G1 X151.235 Y124.471 E.05419
G1 X150.557 Y124.555 E.03591
G1 X149.529 Y124.635 E.05419
G1 X148.5 Y124.662 E.0541
G1 X147.47 Y124.635 E.05415
G1 X146.788 Y124.588 E.03593
G1 X145.764 Y124.471 E.05417
G1 X144.748 Y124.301 E.05414
G1 X143.743 Y124.078 E.05411
G1 X142.75 Y123.803 E.05415
G1 X142.1 Y123.592 E.03592
G1 X141.134 Y123.231 E.0542
G1 X140.19 Y122.82 E.05411
G1 X139.269 Y122.361 E.05408
G1 X138.373 Y121.854 E.05411
G1 X137.504 Y121.3 E.05416
G1 X136.944 Y120.908 E.03593
G1 X136.126 Y120.281 E.05417
G1 X135.343 Y119.612 E.05413
G1 X134.597 Y118.903 E.05409
G1 X133.888 Y118.157 E.05409
G1 X133.218 Y117.373 E.0542
G1 X132.798 Y116.834 E.03591
G1 X132.199 Y115.995 E.05418
G1 X131.646 Y115.127 E.05409
G1 X131.138 Y114.23 E.05418
G1 X130.828 Y113.621 E.03592
G1 X130.401 Y112.683 E.05417
G1 X130.023 Y111.724 E.05418
G1 X129.794 Y111.058 E.03701
G1 X129.508 Y110.089 E.0531
G1 X129.267 Y109.088 E.05411
G1 X129.08 Y108.076 E.05409
G1 X128.945 Y107.055 E.05413
G1 X128.865 Y106.029 E.05409
G1 X128.838 Y105 E.0541
G1 X128.865 Y103.971 E.0541
G1 X128.945 Y102.943 E.05419
G1 X129.029 Y102.265 E.03591
G1 X129.199 Y101.248 E.05419
G1 X129.422 Y100.243 E.05411
G1 X129.697 Y99.251 E.0541
G1 X130.024 Y98.274 E.05415
G1 X130.277 Y97.617 E.037
G1 X130.68 Y96.69 E.05313
G1 X131.139 Y95.769 E.05408
G1 X131.646 Y94.873 E.05411
G1 X132.2 Y94.004 E.05416
G1 X132.604 Y93.427 E.03702
G1 X133.219 Y92.626 E.05308
G1 X133.888 Y91.843 E.05413
G1 X134.597 Y91.097 E.05409
G1 X135.343 Y90.388 E.05409
G1 X136.126 Y89.719 E.05413
G1 X136.944 Y89.092 E.05417
G1 X137.521 Y88.688 E.03702
G1 X138.373 Y88.146 E.05307
G1 X139.269 Y87.639 E.05411
G1 X140.19 Y87.18 E.05408
G1 X141.134 Y86.769 E.05411
G1 X142.1 Y86.408 E.0542
G1 X142.77 Y86.191 E.03701
G1 X143.743 Y85.922 E.05306
G1 X144.748 Y85.699 E.05411
G1 X145.764 Y85.529 E.05414
G1 X146.786 Y85.412 E.05406
G1 X147.815 Y85.35 E.05418
G1 X148.474 Y85.339 E.03464
G1 X149.074 Y85.353 F12000
G1 X148.497 Y86.133
;TYPE:Perimeter
G1 E-10F300
G1 F12000.0
T1
G1 E20F300
;WIDTH:0.999999
G1 F626.907
G1 X148.515 Y86.133 E.00143
G1 X149.487 Y86.158 E.07738
G1 X150.472 Y86.236 E.07863
G1 X151.452 Y86.365 E.07866
G1 X152.423 Y86.545 E.07859
G1 X153.388 Y86.777 E.07898
G1 X154.012 Y86.955 E.05164
G1 X154.953 Y87.27 E.07897
G1 X155.872 Y87.632 E.0786
G1 X156.771 Y88.042 E.07863
G1 X157.647 Y88.498 E.07859
G1 X158.503 Y89.002 E.07905
G1 X159.586 Y89.733 E.10398
G1 X160.374 Y90.337 E.07901
G1 X161.125 Y90.979 E.07863
G1 X161.845 Y91.662 E.07898
G1 X162.309 Y92.144 E.05324
G1 X162.953 Y92.872 E.07735
G1 X163.568 Y93.645 E.07861
G1 X164.145 Y94.453 E.07901
G1 X164.509 Y95.015 E.05329
G1 X165.002 Y95.853 E.07737
G1 X165.458 Y96.729 E.07859
G1 X165.868 Y97.628 E.07863
G1 X166.113 Y98.25 E.0532
G1 X166.337 Y98.858 E.05156
G1 X166.584 Y99.643 E.06549
G1 X166.84 Y100.597 E.07861
M73 P7 R35
G1 X167.045 Y101.563 E.07859
G1 X167.2 Y102.538 E.07857
G1 X167.303 Y103.52 E.07858
G1 X167.368 Y105 E.11789
G1 X167.342 Y105.992 E.07897
G1 X167.296 Y106.64 E.0517
G1 X167.184 Y107.626 E.07897
G1 X167.021 Y108.6 E.07859
G1 X166.807 Y109.565 E.07866
G1 X166.543 Y110.516 E.07854
G1 X166.23 Y111.453 E.07862
G1 X165.866 Y112.377 E.07903
G1 X165.602 Y112.969 E.05158
G1 X165.159 Y113.858 E.07905
G1 X164.673 Y114.717 E.07854
G1 X164.142 Y115.551 E.07868
G1 X163.565 Y116.359 E.07901
G1 X163.166 Y116.87 E.05159
G1 X162.521 Y117.625 E.07902
G1 X161.841 Y118.341 E.07858
G1 X161.122 Y119.024 E.07892
G1 X160.616 Y119.463 E.05331
G1 X159.855 Y120.068 E.07737
G1 X159.051 Y120.642 E.07862
G1 X158.218 Y121.173 E.07861
G1 X157.358 Y121.659 E.07861
G1 X156.474 Y122.1 E.07862
G1 X155.563 Y122.496 E.07905
G1 X154.958 Y122.728 E.05157
G1 X154.016 Y123.043 E.07905
G1 X153.065 Y123.307 E.07854
G1 X152.1 Y123.521 E.07866
G1 X151.121 Y123.685 E.079
G1 X150.477 Y123.764 E.05163
G1 X149.487 Y123.842 E.07903
G1 X148.5 Y123.868 E.07857
G1 X147.508 Y123.842 E.07897
G1 X146.86 Y123.796 E.0517
G1 X145.874 Y123.684 E.07897
G1 X144.9 Y123.521 E.07859
G1 X143.935 Y123.307 E.07866
G1 X142.979 Y123.042 E.07895
G1 X142.362 Y122.841 E.05164
G1 X141.432 Y122.494 E.07899
G1 X140.526 Y122.1 E.07862
G1 X139.642 Y121.659 E.07862
G1 X138.782 Y121.173 E.07861
G1 X137.945 Y120.639 E.07901
G1 X137.414 Y120.267 E.0516
G1 X136.626 Y119.663 E.07901
G1 X135.875 Y119.021 E.07863
G1 X135.159 Y118.341 E.07858
G1 X134.479 Y117.625 E.07858
G1 X133.834 Y116.87 E.07902
G1 X133.435 Y116.359 E.05159
G1 X132.858 Y115.551 E.07901
G1 X132.327 Y114.718 E.07861
G1 X131.839 Y113.853 E.07904
G1 X131.544 Y113.275 E.05164
G1 X131.132 Y112.372 E.07899
G1 X130.769 Y111.449 E.07893
G1 X130.551 Y110.816 E.05328
G1 X130.275 Y109.883 E.07743
G1 X130.045 Y108.923 E.07856
G1 X129.865 Y107.951 E.07867
G1 X129.736 Y106.972 E.07858
G1 X129.658 Y105.987 E.07863
G1 X129.632 Y105 E.07857
G1 X129.658 Y104.013 E.07857
G1 X129.736 Y103.023 E.07903
G1 X129.815 Y102.379 E.05163
G1 X129.979 Y101.4 E.079
G1 X130.193 Y100.435 E.07866
G1 X130.457 Y99.484 E.07854
G1 X130.772 Y98.543 E.07897
G1 X131.012 Y97.918 E.05328
G1 X131.4 Y97.026 E.07741
G1 X131.841 Y96.142 E.07862
G1 X132.327 Y95.283 E.07854
G1 X132.861 Y94.446 E.07901
G1 X133.245 Y93.898 E.05325
G1 X133.837 Y93.126 E.07742
G1 X134.479 Y92.375 E.07863
G1 X135.159 Y91.659 E.07858
G1 X135.875 Y90.979 E.07858
G1 X136.626 Y90.337 E.07863
G1 X137.414 Y89.733 E.07901
G1 X137.962 Y89.35 E.05321
G1 X138.782 Y88.827 E.0774
G1 X139.642 Y88.341 E.07861
G1 X140.526 Y87.9 E.07862
G1 X141.432 Y87.506 E.07862
G1 X142.362 Y87.159 E.07899
G1 X142.998 Y86.952 E.05323
G1 X143.935 Y86.693 E.07736
G1 X144.9 Y86.479 E.07866
G1 X145.874 Y86.316 E.07859
G1 X146.856 Y86.204 E.07866
G1 X147.846 Y86.144 E.07893
G1 X148.467 Y86.133 E.04943
G1 X148.489 Y87.09 F12000
G1 F626.907
G1 X148.511 Y87.09 E.00175
G1 X149.437 Y87.114 E.07372
G1 X150.372 Y87.188 E.07464
G1 X151.302 Y87.31 E.07464
G1 X152.224 Y87.481 E.07463
G1 X153.144 Y87.702 E.0753
G1 X153.728 Y87.87 E.04836
G1 X154.626 Y88.17 E.07535
G1 X155.498 Y88.514 E.0746
G1 X156.351 Y88.902 E.07458
G1 X157.183 Y89.335 E.07464
G1 X157.999 Y89.816 E.07538
G1 X159.02 Y90.505 E.09802
G1 X159.771 Y91.081 E.07532
G1 X160.484 Y91.69 E.07462
G1 X161.17 Y92.341 E.07526
G1 X161.606 Y92.793 E.04998
G1 X162.22 Y93.487 E.07374
G1 X162.804 Y94.221 E.07465
G1 X163.353 Y94.992 E.07532
G1 X163.694 Y95.518 E.04989
G1 X164.164 Y96.317 E.07377
G1 X164.598 Y97.149 E.07468
G1 X164.986 Y98.002 E.07458
G1 X165.222 Y98.6 E.05116
G1 X165.432 Y99.17 E.04834
G1 X165.667 Y99.915 E.06217
G1 X165.909 Y100.82 E.07455
G1 X166.104 Y101.737 E.07461
G1 X166.251 Y102.663 E.07462
G1 X166.349 Y103.595 E.07458
G1 X166.41 Y105 E.11192
G1 X166.385 Y105.946 E.07531
G1 X166.343 Y106.552 E.04834
G1 X166.236 Y107.493 E.07537
G1 X166.081 Y108.417 E.07456
G1 X165.878 Y109.333 E.07467
G1 X165.628 Y110.236 E.07457
G1 X165.33 Y111.126 E.07469
G1 X164.983 Y112.007 E.07535
G1 X164.736 Y112.561 E.04827
G1 X164.314 Y113.408 E.07531
G1 X163.852 Y114.224 E.07462
G1 X163.348 Y115.015 E.07464
G1 X162.798 Y115.786 E.07537
G1 X162.425 Y116.264 E.04825
G1 X161.81 Y116.984 E.07536
G1 X161.164 Y117.664 E.07464
G1 X160.478 Y118.316 E.07532
G1 X160.004 Y118.727 E.04993
G1 X159.279 Y119.303 E.07369
G1 X158.515 Y119.848 E.07468
G1 X157.724 Y120.352 E.07464
G1 X156.908 Y120.814 E.07462
G1 X156.069 Y121.232 E.0746
G1 X155.201 Y121.61 E.07534
G1 X154.634 Y121.827 E.04831
G1 X153.736 Y122.128 E.07537
G1 X152.833 Y122.378 E.07457
G1 X151.917 Y122.581 E.07467
G1 X150.984 Y122.737 E.07528
G1 X150.381 Y122.811 E.04835
G1 X149.437 Y122.886 E.07536
G1 X148.5 Y122.91 E.07459
G1 X147.554 Y122.885 E.07531
G1 X146.948 Y122.843 E.04834
G1 X146.007 Y122.736 E.07537
G1 X145.083 Y122.581 E.07456
G1 X144.167 Y122.378 E.07467
G1 X143.255 Y122.125 E.07532
G1 X142.678 Y121.938 E.04827
G1 X141.791 Y121.606 E.07537
G1 X140.931 Y121.232 E.07463
G1 X140.092 Y120.814 E.0746
G1 X139.276 Y120.352 E.07462
G1 X138.477 Y119.843 E.07539
G1 X137.98 Y119.495 E.04828
G1 X137.229 Y118.919 E.07532
G1 X136.516 Y118.31 E.07462
G1 X135.836 Y117.664 E.07464
G1 X135.19 Y116.984 E.07464
G1 X134.575 Y116.264 E.07536
G1 X134.202 Y115.786 E.04825
G1 X133.652 Y115.015 E.07537
G1 X133.148 Y114.224 E.07464
G1 X132.682 Y113.4 E.07534
G1 X132.406 Y112.86 E.04826
G1 X132.014 Y111.998 E.07536
G1 X131.667 Y111.118 E.07528
G1 X131.463 Y110.524 E.04998
G1 X131.2 Y109.636 E.0737
G1 X130.981 Y108.724 E.07464
G1 X130.81 Y107.802 E.07463
G1 X130.688 Y106.872 E.07464
G1 X130.614 Y105.937 E.07464
G1 X130.59 Y105 E.07459
G1 X130.614 Y104.063 E.07459
G1 X130.689 Y103.119 E.07536
G1 X130.763 Y102.516 E.04835
G1 X130.919 Y101.583 E.07528
G1 X131.122 Y100.667 E.07467
G1 X131.372 Y99.764 E.07457
G1 X131.673 Y98.867 E.0753
G1 X131.898 Y98.281 E.04995
G1 X132.268 Y97.431 E.07378
G1 X132.686 Y96.592 E.0746
G1 X133.148 Y95.776 E.07462
G1 X133.656 Y94.978 E.07528
G1 X134.017 Y94.464 E.04999
G1 X134.581 Y93.729 E.07373
G1 X135.19 Y93.016 E.07462
G1 X135.836 Y92.336 E.07464
G1 X136.516 Y91.69 E.07464
G1 X137.229 Y91.081 E.07462
G1 X137.979 Y90.505 E.07526
G1 X138.494 Y90.146 E.04996
G1 X139.275 Y89.648 E.07371
G1 X140.092 Y89.186 E.07469
G1 X140.931 Y88.768 E.0746
G1 X141.791 Y88.394 E.07463
G1 X142.677 Y88.063 E.07527
G1 X143.274 Y87.869 E.04996
G1 X144.167 Y87.622 E.07373
G1 X145.083 Y87.419 E.07467
G1 X146.007 Y87.264 E.07456
G1 X146.939 Y87.158 E.07465
G1 X147.883 Y87.1 E.07527
G1 X148.459 Y87.091 E.04584
G1 X148.481 Y88.048 F12000
G1 F626.907
G1 X148.506 Y88.047 E.00199
G1 X149.387 Y88.07 E.07014
G1 X150.272 Y88.14 E.07065
G1 X151.152 Y88.256 E.07064
G1 X152.025 Y88.418 E.07066
G1 X152.901 Y88.628 E.07169
G1 X153.444 Y88.784 E.04496
G1 X154.298 Y89.07 E.07167
G1 X155.124 Y89.395 E.07064
G1 X155.932 Y89.763 E.07066
G1 X156.719 Y90.173 E.07062
G1 X157.495 Y90.63 E.07167
G1 X158.454 Y91.277 E.09206
G1 X159.169 Y91.825 E.07169
G1 X159.844 Y92.402 E.07067
G1 X160.496 Y93.021 E.07155
G1 X160.903 Y93.443 E.04666
G1 X161.486 Y94.103 E.07008
G1 X162.039 Y94.798 E.07068
G1 X162.561 Y95.53 E.07155
G1 X162.88 Y96.021 E.0466
G1 X163.327 Y96.781 E.07017
G1 X163.737 Y97.568 E.07062
G1 X164.105 Y98.376 E.07066
G1 X164.332 Y98.951 E.0492
G1 X164.527 Y99.481 E.04494
G1 X164.749 Y100.187 E.0589
G1 X164.979 Y101.044 E.07061
G1 X165.163 Y101.912 E.07061
G1 X165.302 Y102.788 E.07059
G1 X165.395 Y103.67 E.07058
G1 X165.453 Y105 E.10594
G1 X165.429 Y105.9 E.07165
G1 X165.39 Y106.464 E.04499
G1 X165.288 Y107.359 E.07169
G1 X165.141 Y108.235 E.07069
G1 X164.949 Y109.101 E.07059
G1 X164.712 Y109.956 E.07061
M73 P8 R35
G1 X164.43 Y110.798 E.07067
G1 X164.1 Y111.636 E.07167
G1 X163.87 Y112.153 E.04503
G1 X163.468 Y112.959 E.07168
G1 X163.031 Y113.731 E.0706
G1 X162.554 Y114.48 E.07067
G1 X162.031 Y115.213 E.07166
G1 X161.683 Y115.659 E.04502
G1 X161.098 Y116.344 E.07169
G1 X160.487 Y116.987 E.07059
G1 X159.835 Y117.607 E.0716
G1 X159.393 Y117.99 E.04654
G1 X158.703 Y118.539 E.07017
G1 X157.98 Y119.054 E.07064
G1 X157.231 Y119.531 E.07067
G1 X156.459 Y119.968 E.0706
G1 X155.665 Y120.364 E.07061
G1 X154.838 Y120.724 E.07178
G1 X154.311 Y120.926 E.04491
G1 X153.456 Y121.212 E.07175
G1 X152.601 Y121.449 E.07061
G1 X151.735 Y121.641 E.07059
G1 X150.846 Y121.79 E.07173
G1 X150.285 Y121.859 E.04498
G1 X149.387 Y121.929 E.07168
G1 X148.5 Y121.953 E.07061
G1 X147.6 Y121.929 E.07165
M73 P8 R34
G1 X147.036 Y121.89 E.04499
G1 X146.141 Y121.788 E.07169
G1 X145.265 Y121.641 E.07069
G1 X144.399 Y121.449 E.07059
G1 X143.531 Y121.208 E.07169
G1 X142.993 Y121.034 E.045
G1 X142.149 Y120.718 E.07172
G1 X141.335 Y120.364 E.07064
G1 X140.541 Y119.968 E.07061
G1 X139.769 Y119.531 E.0706
G1 X139.009 Y119.047 E.07171
G1 X138.546 Y118.723 E.04497
G1 X137.831 Y118.175 E.07169
G1 X137.156 Y117.598 E.07067
G1 X136.513 Y116.987 E.07059
G1 X135.902 Y116.344 E.07059
G1 X135.317 Y115.659 E.07169
G1 X134.969 Y115.213 E.04502
G1 X134.446 Y114.48 E.07166
G1 X133.969 Y113.731 E.07067
G1 X133.525 Y112.947 E.0717
G1 X133.269 Y112.444 E.04492
G1 X132.895 Y111.624 E.07172
G1 X132.565 Y110.787 E.0716
G1 X132.375 Y110.233 E.04661
G1 X132.125 Y109.388 E.07013
G1 X131.918 Y108.525 E.07063
G1 X131.756 Y107.652 E.07066
G1 X131.64 Y106.772 E.07064
G1 X131.571 Y105.887 E.07064
G1 X131.547 Y105 E.07061
G1 X131.571 Y104.113 E.07061
G1 X131.641 Y103.215 E.07168
G1 X131.71 Y102.654 E.04498
G1 X131.859 Y101.765 E.07173
G1 X132.051 Y100.899 E.07059
G1 X132.288 Y100.044 E.07061
G1 X132.573 Y99.19 E.07165
G1 X132.784 Y98.644 E.04658
G1 X133.135 Y97.836 E.07011
G1 X133.532 Y97.041 E.07072
G1 X133.969 Y96.269 E.0706
G1 X134.452 Y95.51 E.0716
G1 X134.788 Y95.03 E.04663
G1 X135.325 Y94.332 E.07008
G1 X135.902 Y93.656 E.07073
G1 X136.513 Y93.013 E.07059
G1 X137.156 Y92.402 E.07059
G1 X137.831 Y91.825 E.07067
G1 X138.545 Y91.278 E.07158
G1 X139.025 Y90.942 E.04663
G1 X139.768 Y90.469 E.07009
G1 X140.541 Y90.032 E.07067
G1 X141.335 Y89.636 E.07061
G1 X142.149 Y89.282 E.07064
G1 X142.992 Y88.967 E.07162
G1 X143.549 Y88.786 E.04661
G1 X144.398 Y88.551 E.07011
G1 X145.265 Y88.359 E.07067
G1 X146.141 Y88.212 E.07069
G1 X147.022 Y88.112 E.07056
G1 X147.92 Y88.057 E.0716
G1 X148.451 Y88.048 E.04226
G1 E-8 F7200
G1 Z.6 F3000
G1 X137.415 Y92.689 F12000
G1 Z.4 F3000
G1 E8 F7200
;TYPE:Solid infill
G1 E-10F300
G1 F12000.0
T0
G1 E16F300
G1 F12000.0
;WIDTH:0.55292
G1 F1176.471
G1 X136.189 Y93.915 E.07353
G1 X137.188 Y92.909 E.06012
G1 E-8 F7200
G1 Z.6 F3000
G1 X139.898 Y90.994 F12000
G1 Z.4 F3000
G1 E8 F7200
G1 F1176.471
G1 X139.852 Y90.948 E.00276
G1 X139.791 Y90.965 E.00269
G1 X139.774 Y91.027 E.00273
G1 X139.819 Y91.072 E.0027
G1 X139.881 Y91.055 E.00273
;WIDTH:0.593613
G1 F1089.536
G1 X139.717 Y91.16 E.00892
;WIDTH:0.634306
G1 F1014.566
G1 X139.553 Y91.264 E.00955
;WIDTH:0.674999
G1 F949.248
G1 X139.389 Y91.369 E.01023
G1 X134.87 Y95.888 E.33589
G1 X134.771 Y96.031 E.00914
;WIDTH:0.634306
G1 F1014.566
G1 X134.672 Y96.175 E.00859
;WIDTH:0.593613
G1 F1089.536
G1 X134.573 Y96.318 E.00796
;WIDTH:0.55292
G1 F1176.471
G1 X134.527 Y96.273 E.00273
G1 X134.466 Y96.29 E.00269
G1 X134.449 Y96.351 E.00269
G1 X134.494 Y96.396 E.0027
G1 X134.556 Y96.38 E.00272
G1 E-8 F7200
G1 Z.6 F3000
G1 X133.45 Y98.385 F12000
G1 Z.4 F3000
G1 E8 F7200
G1 F1176.471
G1 X133.404 Y98.34 E.00273
G1 X133.343 Y98.357 E.00269
G1 X133.326 Y98.418 E.00269
G1 X133.371 Y98.464 E.00273
G1 X133.433 Y98.447 E.00273
;WIDTH:0.593613
G1 F1089.536
G1 X133.521 Y98.283 E.00852
;WIDTH:0.634306
G1 F1014.566
G1 X133.609 Y98.119 E.00915
;WIDTH:0.674999
G1 F949.248
G1 X133.697 Y97.955 E.00978
G1 X141.455 Y90.197 E.57663
G1 E-8 F7200
G1 Z.6 F3000
G1 X143.488 Y89.267 F12000
G1 Z.4 F3000
G1 E8 F7200
;WIDTH:0.55292
G1 F1176.471
G1 X143.443 Y89.222 E.0027
G1 X143.381 Y89.238 E.00272
G1 X143.365 Y89.3 E.00272
G1 X143.41 Y89.345 E.0027
G1 X143.471 Y89.328 E.00269
;WIDTH:0.593613
G1 F1089.536
G1 X143.308 Y89.407 E.00829
;WIDTH:0.634306
G1 F1014.566
G1 X143.145 Y89.485 E.00889
;WIDTH:0.674999
G1 F949.248
G1 X142.982 Y89.563 E.0095
G1 X133.061 Y99.485 E.73744
G1 X132.989 Y99.628 E.00841
;WIDTH:0.634306
G1 F1014.566
G1 X132.917 Y99.772 E.00792
;WIDTH:0.593613
G1 F1089.536
G1 X132.845 Y99.915 E.00733
;WIDTH:0.55292
G1 F1176.471
G1 X132.8 Y99.87 E.0027
G1 X132.739 Y99.887 E.00269
G1 X132.722 Y99.948 E.00269
G1 X132.767 Y99.993 E.0027
G1 X132.829 Y99.977 E.00272
G1 E-8 F7200
G1 Z.6 F3000
G1 X132.161 Y101.862 F12000
G1 Z.4 F3000
G1 E8 F7200
G1 F1176.471
G1 X132.351 Y101.027 E.03631
;WIDTH:0.593613
G1 F1089.536
G1 X132.454 Y100.944 E.00606
;WIDTH:0.634306
G1 F1014.566
G1 X132.557 Y100.862 E.00647
;WIDTH:0.674999
G1 F949.248
G1 X132.66 Y100.779 E.00695
G1 X144.279 Y89.16 E.86361
G1 X144.527 Y88.851 E.02082
;WIDTH:0.55292
G1 F1176.471
G1 X145.361 Y88.662 E.03626
;WIDTH:0.593613
G1 F1089.536
G1 X145.388 Y88.739 E.00374
;WIDTH:0.634306
G1 F1014.566
G1 X145.414 Y88.815 E.00395
;WIDTH:0.674999
G1 F949.248
G1 X145.441 Y88.892 E.00429
G1 X132.392 Y101.941 E.9699
G1 X132.227 Y103 E.05633
G1 X146.496 Y88.731 E1.06058
G1 X147.481 Y88.64 E.05199
G1 X132.138 Y103.983 E1.14041
G1 X132.105 Y104.91 E.04875
G1 X148.404 Y88.611 E1.21147
G1 X149.285 Y88.623 E.04631
G1 X132.123 Y105.785 E1.27561
G1 X132.185 Y106.618 E.0439
G1 X150.118 Y88.685 E1.33292
G1 X150.912 Y88.785 E.04206
G1 X132.285 Y107.412 E1.3845
G1 X132.417 Y108.173 E.04059
M73 P9 R34
G1 X151.673 Y88.917 E1.43125
G1 X152.404 Y89.08 E.03936
G1 X132.58 Y108.904 E1.47347
G1 X132.769 Y109.609 E.03836
G1 X153.112 Y89.266 E1.51205
G1 X153.788 Y89.484 E.03733
G1 X132.982 Y110.29 E1.54646
G1 X133.223 Y110.943 E.03658
G1 X154.443 Y89.723 E1.57723
G1 X155.076 Y89.984 E.03599
G1 X133.484 Y111.576 E1.60488
G1 X133.763 Y112.19 E.03545
G1 X155.69 Y90.263 E1.62978
G1 X156.278 Y90.57 E.03486
G1 X134.068 Y112.78 E1.65082
G1 X134.391 Y113.35 E.03443
G1 X156.848 Y90.893 E1.66918
G1 X157.403 Y91.232 E.03418
G1 X134.735 Y113.901 E1.6849
G1 X135.095 Y114.434 E.0338
G1 X157.937 Y91.593 E1.69775
G1 X158.45 Y91.974 E.03358
M73 P10 R34
G1 X135.47 Y114.953 E1.70801
G1 X135.868 Y115.449 E.03342
G1 X158.949 Y92.368 E1.71556
G1 X159.431 Y92.78 E.03333
G1 X136.28 Y115.931 E1.72076
G1 X136.713 Y116.392 E.03324
G1 X159.892 Y93.213 E1.72284
G1 X160.34 Y93.659 E.03322
G1 X137.161 Y116.837 E1.7228
G1 X137.625 Y117.268 E.03328
G1 X160.766 Y94.127 E1.72002
G1 X161.179 Y94.608 E.03332
G1 X138.107 Y117.68 E1.71489
G1 X138.609 Y118.072 E.03348
G1 X161.575 Y95.106 E1.70701
G1 X161.948 Y95.626 E.03363
M73 P10 R33
G1 X139.124 Y118.45 E1.69645
G1 X139.663 Y118.805 E.03392
G1 X162.308 Y96.16 E1.68315
G1 X162.645 Y96.717 E.03422
G1 X140.216 Y119.146 E1.66709
G1 X140.787 Y119.469 E.03448
M73 P11 R33
G1 X162.966 Y97.29 E1.64851
G1 X163.269 Y97.881 E.03491
G1 X141.383 Y119.767 E1.62673
G1 X141.997 Y120.047 E.03547
G1 X163.549 Y98.495 E1.60191
G1 X163.806 Y99.132 E.0361
G1 X142.632 Y120.306 E1.57381
G1 X143.287 Y120.545 E.03665
G1 X164.045 Y99.787 E1.54289
G1 X164.254 Y100.471 E.03759
G1 X143.971 Y120.754 E1.50759
G1 X144.677 Y120.942 E.0384
G1 X164.44 Y101.179 E1.46894
G1 X164.599 Y101.915 E.03957
G1 X145.411 Y121.103 E1.4262
G1 X146.177 Y121.231 E.04082
G1 X164.728 Y102.68 E1.37885
G1 X164.823 Y103.479 E.04229
G1 X146.977 Y121.324 E1.32641
G1 X147.816 Y121.379 E.04419
G1 X164.879 Y104.316 E1.26825
G1 X164.892 Y105.197 E.04631
G1 X148.697 Y121.392 E1.20374
G1 X149.629 Y121.353 E.04903
G1 X164.857 Y106.126 E1.13182
G1 X164.756 Y107.121 E.05256
M73 P12 R33
G1 X150.618 Y121.258 E1.05081
G1 E-8 F7200
G1 Z.6 F3000
G1 X164.613 Y109.116 F12000
G1 Z.4 F3000
G1 E8 F7200
;WIDTH:0.55292
G1 F1176.471
G1 X164.828 Y108.194 E.04015
;WIDTH:0.674999
G1 F949.248
G1 X164.583 Y108.188 E.01288
G1 X151.688 Y121.083 E.95846
G1 X151.698 Y121.163 E.00424
;WIDTH:0.634306
G1 F1014.566
G1 X151.709 Y121.242 E.00392
;WIDTH:0.593613
G1 F1089.536
G1 X151.719 Y121.322 E.00369
;WIDTH:0.55292
G1 F1176.471
G1 X152.617 Y121.109 E.03914
;WIDTH:0.674999
G1 F949.248
G1 X152.865 Y120.8 E.02082
G1 X164.3 Y109.365 E.84994
G1 X164.218 Y110.214 E.04483
;WIDTH:0.55292
G1 F1176.471
G1 X164.173 Y110.169 E.0027
G1 X164.112 Y110.185 E.00267
G1 X164.095 Y110.247 E.00273
G1 X164.14 Y110.292 E.0027
G1 X164.202 Y110.276 E.00272
;WIDTH:0.593613
G1 F1089.536
G1 X164.095 Y110.409 E.00782
;WIDTH:0.634306
G1 F1014.566
G1 X163.988 Y110.543 E.00843
;WIDTH:0.674999
G1 F949.248
G1 X163.881 Y110.677 E.00901
G1 X154.175 Y120.383 E.72142
G1 X154.041 Y120.491 E.00905
;WIDTH:0.634306
G1 F1014.566
G1 X153.907 Y120.599 E.00846
;WIDTH:0.593613
G1 F1089.536
G1 X153.773 Y120.707 E.00788
;WIDTH:0.55292
G1 F1176.471
G1 X153.712 Y120.723 E.00267
G1 X153.667 Y120.678 E.0027
G1 X153.683 Y120.616 E.00272
G1 X153.745 Y120.6 E.00272
G1 X153.79 Y120.645 E.0027
G1 E-8 F7200
G1 Z.6 F3000
G1 X155.35 Y120.058 F12000
G1 Z.4 F3000
G1 E8 F7200
G1 F1176.471
G1 X155.289 Y120.075 E.00269
G1 X155.244 Y120.029 E.00273
G1 X155.26 Y119.968 E.00267
G1 X155.322 Y119.951 E.00273
G1 X155.367 Y119.996 E.0027
;WIDTH:0.593613
G1 F1089.536
G1 X155.495 Y119.898 E.00738
;WIDTH:0.634306
G1 F1014.566
G1 X155.624 Y119.799 E.008
;WIDTH:0.674999
G1 F949.248
G1 X155.752 Y119.7 E.0085
G1 X163.321 Y112.118 E.56307
;WIDTH:0.634306
G1 F1014.566
G1 X163.442 Y111.984 E.00888
;WIDTH:0.593613
G1 F1089.536
G1 X163.563 Y111.85 E.00827
;WIDTH:0.55292
G1 F1176.471
G1 X163.501 Y111.867 E.00273
G1 X163.456 Y111.822 E.0027
G1 X163.472 Y111.76 E.00272
G1 X163.534 Y111.744 E.00272
G1 X163.579 Y111.789 E.0027
G1 E-8 F7200
G1 Z.6 F3000
G1 X162.258 Y114.012 F12000
G1 Z.4 F3000
G1 E8 F7200
;WIDTH:0.567204
G1 F1144.418
G1 X162.243 Y114.27 E.01127
;WIDTH:0.55292
G1 F1176.471
G1 X161.317 Y115.359 E.06062
;WIDTH:0.578902
G1 F1119.441
G1 X160.721 Y116.004 E.03914
;WIDTH:0.601434
G1 F1074.279
G1 X159.494 Y117.231 E.08059
;WIDTH:0.578528
G1 F1120.222
G1 X159.081 Y117.616 E.02515
;WIDTH:0.55292
G1 F1176.471
G1 X157.83 Y118.704 E.07031
G1 X157.581 Y118.765 E.01087
;WIDTH:0.567202
G1 F1144.422
G1 X157.512 Y118.758 E.00302
;WIDTH:0.603135
G1 F1071.019
G1 X157.661 Y118.634 E.00903
;WIDTH:0.639067
G1 F1006.464
G1 X157.81 Y118.511 E.00958
;WIDTH:0.674999
G1 F949.248
G1 X157.959 Y118.387 E.01019
G1 X161.887 Y114.459 E.29196
M106 S255
;LAYER_CHANGE
;Z:0.6
;HEIGHT:0.2

G1 E-8 F7200
G1 Z.6 F3000
;AFTER_LAYER_CHANGE
;0.6
G92 E0
_ON_LAYER_CHANGE LAYER=3
G1 Z.8
G1 X148.504 Y85.338 F12000
G1 Z.6 F3000
G1 E8 F7200
;TYPE:External perimeter
G1 F949.248
G1 X148.533 Y85.338 E.00152
G1 X149.529 Y85.365 E.05237
G1 X150.555 Y85.445 E.05409
G1 X151.576 Y85.58 E.05413
G1 X152.588 Y85.767 E.05409
G1 X153.59 Y86.008 E.05416
G1 X154.247 Y86.196 E.03592
G1 X155.225 Y86.523 E.0542
G1 X156.183 Y86.901 E.05413
G1 X157.119 Y87.328 E.05407
G1 X158.033 Y87.803 E.05414
G1 X158.921 Y88.326 E.05416
G1 X159.494 Y88.698 E.03591
G1 X160.334 Y89.298 E.05425
G1 X160.9 Y89.741 E.03778
G1 X161.657 Y90.388 E.05234
G1 X162.404 Y91.098 E.05417
G1 X162.879 Y91.589 E.03591
G1 X163.562 Y92.361 E.05417
G1 X164.203 Y93.167 E.05412
G1 X164.801 Y94.005 E.05411
G1 X165.354 Y94.873 E.05409
G1 X165.861 Y95.769 E.05411
G1 X166.32 Y96.69 E.05408
G1 X166.731 Y97.636 E.05421
G1 X166.976 Y98.274 E.03592
G1 X167.303 Y99.251 E.05415
G1 X167.578 Y100.243 E.0541
G1 X167.801 Y101.248 E.05411
G1 X167.971 Y102.265 E.05419
G1 X168.055 Y102.943 E.03591
G1 X168.135 Y103.971 E.05419
G1 X168.162 Y105 E.0541
G1 X168.135 Y106.03 E.05415
G1 X168.088 Y106.712 E.03593
G1 X167.971 Y107.736 E.05417
G1 X167.801 Y108.752 E.05414
G1 X167.578 Y109.757 E.05411
G1 X167.303 Y110.749 E.0541
G1 X166.977 Y111.725 E.05408
G1 X166.599 Y112.684 E.05418
G1 X166.321 Y113.308 E.0359
G1 X165.861 Y114.231 E.0542
G1 X165.354 Y115.127 E.05411
G1 X164.801 Y115.995 E.05409
G1 X164.202 Y116.834 E.05418
G1 X163.782 Y117.373 E.03591
G1 X163.112 Y118.157 E.0542
G1 X162.402 Y118.904 E.05417
G1 X161.911 Y119.379 E.03591
G1 X161.139 Y120.062 E.05417
G1 X160.333 Y120.703 E.05412
G1 X159.494 Y121.302 E.05418
G1 X158.891 Y121.692 E.03774
G1 X158.033 Y122.197 E.05233
G1 X157.119 Y122.672 E.05414
G1 X156.183 Y123.099 E.05407
G1 X155.225 Y123.477 E.05413
G1 X154.247 Y123.804 E.0542
G1 X153.59 Y123.992 E.03592
G1 X152.588 Y124.233 E.05416
G1 X151.576 Y124.42 E.05409
G1 X150.555 Y124.555 E.05413
G1 X149.529 Y124.635 E.05409
G1 X148.5 Y124.662 E.0541
G1 X147.471 Y124.635 E.0541
G1 X146.443 Y124.555 E.05419
G1 X145.765 Y124.471 E.03591
G1 X144.748 Y124.301 E.05419
G1 X143.743 Y124.078 E.05411
G1 X142.751 Y123.803 E.0541
G1 X141.774 Y123.476 E.05415
G1 X141.104 Y123.218 E.03773
G1 X140.19 Y122.82 E.05239
G1 X139.269 Y122.361 E.05408
G1 X138.373 Y121.854 E.05411
G1 X137.505 Y121.301 E.05409
G1 X136.666 Y120.702 E.05418
G1 X136.127 Y120.281 E.03595
G1 X135.343 Y119.612 E.05417
G1 X134.597 Y118.903 E.05409
G1 X133.888 Y118.157 E.05409
G1 X133.219 Y117.373 E.05417
G1 X132.798 Y116.834 E.03595
G1 X132.199 Y115.995 E.05418
G1 X131.646 Y115.127 E.05409
G1 X131.138 Y114.23 E.05418
G1 X130.828 Y113.621 E.03592
G1 X130.401 Y112.683 E.05417
G1 X130.023 Y111.725 E.05413
G1 X129.696 Y110.747 E.0542
G1 X129.508 Y110.09 E.03592
G1 X129.267 Y109.088 E.05416
G1 X129.08 Y108.076 E.05409
G1 X128.945 Y107.055 E.05413
G1 X128.865 Y106.029 E.05409
G1 X128.838 Y105 E.0541
G1 X128.865 Y103.971 E.0541
G1 X128.945 Y102.945 E.05409
G1 X129.08 Y101.924 E.05413
G1 X129.268 Y100.911 E.05415
G1 X129.421 Y100.245 E.03592
G1 X129.697 Y99.251 E.05422
G1 X130.023 Y98.275 E.05408
G1 X130.401 Y97.317 E.05413
G1 X130.828 Y96.379 E.05417
G1 X131.155 Y95.74 E.03773
G1 X131.646 Y94.873 E.05237
G1 X132.199 Y94.005 E.05409
G1 X132.798 Y93.166 E.05418
G1 X133.241 Y92.6 E.03778
G1 X133.888 Y91.843 E.05234
G1 X134.597 Y91.097 E.05409
G1 X135.343 Y90.388 E.05409
G1 X136.126 Y89.719 E.05413
G1 X136.944 Y89.092 E.05417
G1 X137.533 Y88.681 E.03775
G1 X138.373 Y88.146 E.05234
G1 X139.269 Y87.639 E.05411
G1 X140.19 Y87.18 E.05408
G1 X141.136 Y86.769 E.05421
G1 X141.774 Y86.524 E.03592
G1 X142.751 Y86.197 E.05415
G1 X143.743 Y85.922 E.0541
G1 X144.748 Y85.699 E.05411
G1 X145.764 Y85.529 E.05414
G1 X146.786 Y85.412 E.05406
G1 X147.815 Y85.35 E.05418
G1 X148.474 Y85.339 E.03464
G1 X149.074 Y85.352 F12000
G1 X148.497 Y86.133
;TYPE:Perimeter
G1 E-10F300
G1 F12000.0
T1
G1 E20F300
;WIDTH:0.999999
G1 F626.907
G1 X148.529 Y86.133 E.00255
G1 X149.487 Y86.158 E.07626
G1 X150.472 Y86.236 E.07863
G1 X151.452 Y86.365 E.07866
G1 X152.423 Y86.545 E.07859
G1 X153.388 Y86.777 E.07898
G1 X154.012 Y86.955 E.05164
G1 X154.953 Y87.27 E.07897
G1 X155.872 Y87.632 E.0786
G1 X156.771 Y88.042 E.07863
G1 X157.647 Y88.498 E.07859
G1 X158.503 Y89.002 E.07905
G1 X159.047 Y89.355 E.05161
G1 X159.858 Y89.934 E.0793
G1 X160.396 Y90.356 E.05441
G1 X161.125 Y90.978 E.07626
G1 X161.845 Y91.662 E.07903
G1 X162.296 Y92.129 E.05167
G1 X162.953 Y92.872 E.07893
G1 X163.568 Y93.645 E.07861
G1 X164.142 Y94.449 E.07862
G1 X164.673 Y95.283 E.07868
G1 X165.159 Y96.142 E.07854
G1 X165.6 Y97.026 E.07862
G1 X165.996 Y97.937 E.07905
G1 X166.228 Y98.542 E.05157
G1 X166.543 Y99.484 E.07905
G1 X166.807 Y100.435 E.07854
G1 X167.021 Y101.4 E.07866
G1 X167.131 Y102.059 E.05317
G1 X167.224 Y102.701 E.05162
G1 X167.303 Y103.52 E.06548
G1 X167.368 Y105 E.11789
G1 X167.342 Y105.992 E.07897
G1 X167.296 Y106.64 E.0517
G1 X167.184 Y107.626 E.07897
G1 X167.021 Y108.6 E.07859
G1 X166.807 Y109.565 E.07866
G1 X166.543 Y110.516 E.07854
G1 X166.23 Y111.453 E.07862
G1 X165.866 Y112.377 E.07903
G1 X165.602 Y112.969 E.05158
G1 X165.159 Y113.858 E.07905
G1 X164.673 Y114.717 E.07854
G1 X164.142 Y115.551 E.07868
G1 X163.565 Y116.359 E.07901
G1 X163.166 Y116.87 E.05159
G1 X162.521 Y117.625 E.07902
G1 X161.838 Y118.345 E.07898
G1 X161.371 Y118.796 E.05167
G1 X160.628 Y119.453 E.07893
G1 X159.855 Y120.068 E.07861
G1 X159.047 Y120.644 E.07897
G1 X158.474 Y121.016 E.05437
G1 X157.647 Y121.502 E.07634
G1 X156.771 Y121.958 E.07859
G1 X155.872 Y122.368 E.07863
G1 X154.953 Y122.73 E.0786
G1 X154.012 Y123.045 E.07897
G1 X153.388 Y123.223 E.05164
G1 X152.423 Y123.455 E.07898
G1 X151.452 Y123.635 E.07859
G1 X150.472 Y123.764 E.07866
G1 X149.487 Y123.842 E.07863
M73 P13 R33
G1 X148.5 Y123.868 E.07857
G1 X147.513 Y123.842 E.07857
G1 X146.523 Y123.764 E.07903
G1 X145.879 Y123.685 E.05163
G1 X144.9 Y123.521 E.079
G1 X143.935 Y123.307 E.07866
G1 X142.984 Y123.043 E.07854
G1 X142.043 Y122.728 E.07897
G1 X141.405 Y122.483 E.05439
G1 X140.527 Y122.1 E.07623
G1 X139.642 Y121.659 E.07869
G1 X138.783 Y121.173 E.07854
G1 X137.949 Y120.642 E.07868
G1 X137.141 Y120.065 E.07901
G1 X136.63 Y119.666 E.05159
G1 X135.875 Y119.021 E.07902
G1 X135.159 Y118.341 E.07858
G1 X134.479 Y117.625 E.07858
G1 X133.834 Y116.87 E.07902
G1 X133.435 Y116.359 E.05159
G1 X132.858 Y115.551 E.07901
G1 X132.327 Y114.718 E.07861
G1 X131.839 Y113.853 E.07904
G1 X131.544 Y113.275 E.05164
G1 X131.132 Y112.372 E.07899
G1 X130.77 Y111.453 E.0786
G1 X130.455 Y110.512 E.07897
G1 X130.277 Y109.888 E.05164
G1 X130.045 Y108.923 E.07898
G1 X129.865 Y107.952 E.07859
G1 X129.736 Y106.972 E.07866
G1 X129.658 Y105.987 E.07863
G1 X129.632 Y105 E.07857
G1 X129.658 Y104.013 E.07857
G1 X129.736 Y103.028 E.07863
G1 X129.865 Y102.048 E.07866
G1 X130.046 Y101.072 E.079
G1 X130.192 Y100.44 E.05162
G1 X130.457 Y99.484 E.07895
G1 X130.77 Y98.547 E.07862
G1 X131.132 Y97.628 E.0786
G1 X131.544 Y96.725 E.07899
G1 X131.855 Y96.117 E.05435
G1 X132.327 Y95.283 E.07626
G1 X132.858 Y94.449 E.07868
G1 X133.434 Y93.642 E.0789
G1 X133.856 Y93.104 E.05441
G1 X134.478 Y92.375 E.07626
G1 X135.159 Y91.659 E.07864
G1 X135.875 Y90.979 E.07858
G1 X136.626 Y90.337 E.07863
G1 X137.413 Y89.733 E.07895
G1 X137.973 Y89.342 E.05435
G1 X138.782 Y88.828 E.07628
G1 X139.642 Y88.341 E.07865
G1 X140.526 Y87.9 E.07862
G1 X141.437 Y87.504 E.07905
G1 X142.042 Y87.272 E.05157
G1 X142.984 Y86.957 E.07905
G1 X143.935 Y86.693 E.07854
G1 X144.9 Y86.479 E.07866
G1 X145.874 Y86.316 E.07859
G1 X146.856 Y86.204 E.07866
G1 X147.846 Y86.144 E.07893
G1 X148.467 Y86.134 E.04943
G1 X148.489 Y87.09 F12000
G1 F626.907
G1 X148.524 Y87.09 E.00279
G1 X149.437 Y87.114 E.07268
G1 X150.372 Y87.188 E.07464
G1 X151.302 Y87.31 E.07464
G1 X152.224 Y87.481 E.07463
G1 X153.144 Y87.702 E.0753
G1 X153.728 Y87.87 E.04836
G1 X154.626 Y88.17 E.07535
G1 X155.498 Y88.514 E.0746
G1 X156.351 Y88.902 E.07458
G1 X157.183 Y89.335 E.07464
G1 X157.999 Y89.816 E.07538
G1 X158.508 Y90.147 E.04832
G1 X159.285 Y90.701 E.07594
G1 X159.79 Y91.096 E.05102
G1 X160.484 Y91.69 E.0727
G1 X161.171 Y92.342 E.07537
G1 X161.593 Y92.779 E.04835
G1 X162.22 Y93.488 E.07532
G1 X162.804 Y94.221 E.07458
G1 X163.348 Y94.985 E.07464
G1 X163.852 Y95.776 E.07464
G1 X164.314 Y96.592 E.07462
G1 X164.732 Y97.431 E.0746
G1 X165.11 Y98.299 E.07534
G1 X165.327 Y98.866 E.04831
G1 X165.628 Y99.764 E.07537
M73 P13 R32
G1 X165.878 Y100.667 E.07457
G1 X166.081 Y101.583 E.07467
G1 X166.187 Y102.217 E.05115
G1 X166.274 Y102.818 E.04833
G1 X166.349 Y103.595 E.06212
G1 X166.41 Y105 E.11192
G1 X166.385 Y105.946 E.07531
G1 X166.343 Y106.552 E.04834
G1 X166.236 Y107.493 E.07537
G1 X166.081 Y108.417 E.07456
G1 X165.878 Y109.333 E.07467
G1 X165.628 Y110.236 E.07457
G1 X165.33 Y111.126 E.07469
G1 X164.983 Y112.007 E.07535
G1 X164.736 Y112.561 E.04827
G1 X164.314 Y113.408 E.07531
G1 X163.852 Y114.224 E.07462
G1 X163.348 Y115.015 E.07464
G1 X162.798 Y115.786 E.07537
G1 X162.425 Y116.264 E.04825
G1 X161.81 Y116.984 E.07536
G1 X161.158 Y117.671 E.07537
G1 X160.721 Y118.093 E.04835
G1 X160.012 Y118.72 E.07532
G1 X159.279 Y119.304 E.07458
G1 X158.509 Y119.853 E.07526
G1 X157.971 Y120.201 E.05099
G1 X157.184 Y120.664 E.07267
G1 X156.351 Y121.098 E.07475
G1 X155.498 Y121.486 E.07458
G1 X154.626 Y121.83 E.0746
G1 X153.728 Y122.13 E.07535
G1 X153.144 Y122.298 E.04836
G1 X152.224 Y122.519 E.0753
G1 X151.302 Y122.69 E.07463
G1 X150.372 Y122.812 E.07464
G1 X149.437 Y122.886 E.07464
G1 X148.5 Y122.91 E.07459
G1 X147.563 Y122.886 E.07459
G1 X146.619 Y122.811 E.07536
G1 X146.016 Y122.737 E.04835
G1 X145.083 Y122.581 E.07528
G1 X144.167 Y122.378 E.07467
G1 X143.264 Y122.128 E.07457
G1 X142.367 Y121.828 E.07527
G1 X141.769 Y121.597 E.05102
G1 X140.931 Y121.232 E.07274
G1 X140.092 Y120.814 E.0746
G1 X139.276 Y120.352 E.07462
G1 X138.485 Y119.848 E.07464
G1 X137.714 Y119.298 E.07537
G1 X137.236 Y118.925 E.04825
G1 X136.516 Y118.31 E.07536
G1 X135.836 Y117.664 E.07464
G1 X135.19 Y116.984 E.07464
G1 X134.575 Y116.264 E.07536
G1 X134.202 Y115.786 E.04825
G1 X133.652 Y115.015 E.07537
G1 X133.148 Y114.224 E.07464
G1 X132.682 Y113.4 E.07534
G1 X132.406 Y112.86 E.04826
G1 X132.014 Y111.998 E.07536
G1 X131.67 Y111.126 E.0746
G1 X131.37 Y110.228 E.07535
G1 X131.202 Y109.644 E.04836
G1 X130.981 Y108.724 E.0753
G1 X130.81 Y107.802 E.07463
G1 X130.688 Y106.872 E.07464
G1 X130.614 Y105.937 E.07464
G1 X130.59 Y105 E.07459
G1 X130.614 Y104.063 E.07459
G1 X130.688 Y103.128 E.07464
G1 X130.81 Y102.198 E.07464
G1 X130.983 Y101.267 E.07536
G1 X131.119 Y100.676 E.04826
G1 X131.372 Y99.764 E.07532
G1 X131.67 Y98.874 E.07469
G1 X132.014 Y98.002 E.0746
G1 X132.406 Y97.142 E.07521
G1 X132.698 Y96.571 E.05104
G1 X133.148 Y95.776 E.0727
G1 X133.652 Y94.985 E.07464
G1 X134.201 Y94.215 E.07526
G1 X134.596 Y93.71 E.05102
G1 X135.19 Y93.016 E.0727
G1 X135.836 Y92.336 E.07464
G1 X136.516 Y91.69 E.07464
G1 X137.229 Y91.081 E.07462
G1 X137.979 Y90.506 E.07521
G1 X138.505 Y90.139 E.05104
G1 X139.275 Y89.648 E.07268
G1 X140.092 Y89.186 E.07469
G1 X140.931 Y88.768 E.0746
G1 X141.799 Y88.39 E.07534
G1 X142.366 Y88.173 E.04831
G1 X143.264 Y87.872 E.07537
G1 X144.167 Y87.622 E.07457
G1 X145.083 Y87.419 E.07467
G1 X146.007 Y87.264 E.07456
G1 X146.939 Y87.158 E.07465
G1 X147.883 Y87.1 E.07527
G1 X148.459 Y87.091 E.04584
G1 X148.48 Y88.048 F12000
G1 F626.907
G1 X148.519 Y88.047 E.0031
G1 X149.386 Y88.07 E.06902
G1 X150.272 Y88.14 E.07073
G1 X151.152 Y88.256 E.07064
G1 X152.025 Y88.418 E.07066
G1 X152.901 Y88.628 E.07169
G1 X153.444 Y88.784 E.04496
G1 X154.298 Y89.07 E.07167
G1 X155.124 Y89.395 E.07064
G1 X155.932 Y89.763 E.07066
G1 X156.719 Y90.173 E.07062
G1 X157.495 Y90.63 E.07167
G1 X157.969 Y90.938 E.04499
G1 X158.712 Y91.468 E.07263
G1 X159.183 Y91.837 E.04762
G1 X159.843 Y92.401 E.06909
G1 X160.497 Y93.022 E.07177
G1 X160.89 Y93.428 E.04497
G1 X161.487 Y94.103 E.07171
G1 X162.039 Y94.798 E.07063
G1 X162.554 Y95.52 E.07058
G1 X163.031 Y96.269 E.07067
G1 X163.468 Y97.041 E.0706
G1 X163.864 Y97.836 E.07068
G1 X164.224 Y98.662 E.07171
G1 X164.426 Y99.189 E.04491
G1 X164.712 Y100.044 E.07175
G1 X164.949 Y100.899 E.07061
G1 X165.141 Y101.765 E.07059
G1 X165.243 Y102.375 E.04922
G1 X165.324 Y102.934 E.04495
G1 X165.395 Y103.67 E.05884
G1 X165.453 Y105 E.10594
G1 X165.429 Y105.9 E.07165
G1 X165.39 Y106.464 E.04499
G1 X165.288 Y107.359 E.07169
G1 X165.141 Y108.235 E.07069
G1 X164.949 Y109.101 E.07059
G1 X164.712 Y109.956 E.07061
G1 X164.43 Y110.798 E.07067
G1 X164.1 Y111.636 E.07167
G1 X163.87 Y112.153 E.04503
G1 X163.468 Y112.959 E.07168
G1 X163.031 Y113.731 E.0706
G1 X162.554 Y114.48 E.07067
G1 X162.031 Y115.213 E.07166
G1 X161.683 Y115.659 E.04502
G1 X161.098 Y116.344 E.07169
G1 X160.478 Y116.997 E.07166
G1 X160.072 Y117.39 E.04497
G1 X159.397 Y117.987 E.07171
G1 X158.702 Y118.539 E.07063
G1 X157.971 Y119.061 E.07148
G1 X157.468 Y119.387 E.0477
G1 X156.72 Y119.827 E.06906
G1 X155.932 Y120.237 E.07069
G1 X155.124 Y120.605 E.07066
G1 X154.298 Y120.93 E.07064
G1 X153.444 Y121.216 E.07167
G1 X152.901 Y121.372 E.04496
G1 X152.025 Y121.582 E.07169
G1 X151.152 Y121.744 E.07066
G1 X150.272 Y121.86 E.07064
G1 X149.387 Y121.929 E.07064
G1 X148.5 Y121.953 E.07061
G1 X147.613 Y121.929 E.07061
G1 X146.715 Y121.859 E.07168
G1 X146.154 Y121.79 E.04498
G1 X145.265 Y121.641 E.07173
G1 X144.399 Y121.449 E.07059
G1 X143.544 Y121.212 E.07061
G1 X142.691 Y120.927 E.07157
G1 X142.132 Y120.711 E.04769
G1 X141.336 Y120.365 E.06907
G1 X140.541 Y119.968 E.07072
G1 X139.769 Y119.531 E.0706
G1 X139.02 Y119.054 E.07067
G1 X138.287 Y118.531 E.07166
G1 X137.841 Y118.183 E.04502
M73 P14 R32
G1 X137.156 Y117.598 E.07169
G1 X136.513 Y116.987 E.07059
G1 X135.902 Y116.344 E.07059
G1 X135.317 Y115.659 E.07169
G1 X134.969 Y115.213 E.04502
G1 X134.446 Y114.48 E.07166
G1 X133.969 Y113.731 E.07067
G1 X133.525 Y112.947 E.0717
G1 X133.269 Y112.444 E.04492
G1 X132.895 Y111.624 E.07172
G1 X132.57 Y110.798 E.07064
G1 X132.284 Y109.944 E.07167
G1 X132.128 Y109.401 E.04496
G1 X131.918 Y108.525 E.07169
G1 X131.756 Y107.652 E.07066
G1 X131.64 Y106.772 E.07064
G1 X131.571 Y105.887 E.07064
G1 X131.547 Y105 E.07061
G1 X131.571 Y104.113 E.07061
G1 X131.64 Y103.228 E.07064
G1 X131.756 Y102.348 E.07064
G1 X131.92 Y101.462 E.07171
G1 X132.047 Y100.912 E.04492
G1 X132.288 Y100.044 E.07169
G1 X132.57 Y99.202 E.07067
G1 X132.895 Y98.376 E.07064
G1 X133.268 Y97.558 E.07155
G1 X133.54 Y97.025 E.04762
G1 X133.968 Y96.27 E.06907
G1 X134.446 Y95.52 E.07078
G1 X134.968 Y94.788 E.07155
G1 X135.337 Y94.317 E.04762
G1 X135.901 Y93.657 E.06909
G1 X136.513 Y93.013 E.0707
G1 X137.156 Y92.402 E.07059
G1 X137.831 Y91.825 E.07067
G1 X138.544 Y91.278 E.07152
G1 X139.036 Y90.935 E.04773
G1 X139.768 Y90.469 E.06906
G1 X140.541 Y90.032 E.07067
G1 X141.335 Y89.636 E.07061
G1 X142.162 Y89.276 E.07178
G1 X142.689 Y89.074 E.04491
G1 X143.543 Y88.788 E.07167
G1 X144.399 Y88.551 E.07068
G1 X145.265 Y88.359 E.07059
G1 X146.141 Y88.212 E.07069
G1 X147.022 Y88.112 E.07056
G1 X147.92 Y88.057 E.0716
G1 X148.45 Y88.048 E.04218
G1 E-8 F7200
G1 Z.8 F3000
G1 X135.203 Y114.999 F12000
G1 Z.6 F3000
G1 E8 F7200
;TYPE:Solid infill
G1 E-10F300
G1 F12000.0
T0
G1 E16F300
G1 F12000.0
;WIDTH:0.55292
G1 F1176.471
G1 X136.189 Y116.085 E.0622
G1 X136.794 Y116.706 E.03677
G1 X137.415 Y117.311 E.03677
G1 X138.476 Y118.276 E.06082
G1 E-8 F7200
G1 Z.8 F3000
G1 X139.818 Y118.927 F12000
G1 Z.6 F3000
G1 E8 F7200
G1 F1176.471
G1 X139.773 Y118.973 E.00273
G1 X139.79 Y119.034 E.00269
G1 X139.851 Y119.051 E.00269
G1 X139.896 Y119.006 E.0027
G1 X139.88 Y118.944 E.00272
;WIDTH:0.593613
G1 F1089.536
G1 X139.716 Y118.839 E.00892
;WIDTH:0.634306
G1 F1014.566
G1 X139.552 Y118.735 E.00955
;WIDTH:0.674999
G1 F949.248
G1 X139.388 Y118.63 E.01023
G1 X134.87 Y114.112 E.33581
G1 X134.765 Y113.948 E.01023
;WIDTH:0.634306
G1 F1014.566
G1 X134.661 Y113.784 E.00955
;WIDTH:0.593613
G1 F1089.536
G1 X134.556 Y113.62 E.00892
;WIDTH:0.55292
G1 F1176.471
G1 X134.573 Y113.682 E.00273
G1 X134.527 Y113.727 E.00273
G1 X134.466 Y113.71 E.00269
G1 X134.449 Y113.649 E.00269
G1 X134.494 Y113.604 E.0027
G1 E-8 F7200
G1 Z.8 F3000
G1 X133.698 Y112.046 F12000
G1 Z.6 F3000
G1 E8 F7200
;WIDTH:0.674999
G1 F949.248
G1 X141.455 Y119.803 E.57656
G1 X141.619 Y119.891 E.00978
;WIDTH:0.634306
G1 F1014.566
G1 X141.783 Y119.979 E.00915
;WIDTH:0.593613
G1 F1089.536
G1 X141.947 Y120.067 E.00852
;WIDTH:0.55292
G1 F1176.471
G1 X141.964 Y120.129 E.00273
G1 X141.918 Y120.174 E.00273
G1 X141.857 Y120.157 E.00269
G1 X141.84 Y120.096 E.00269
G1 X141.885 Y120.051 E.0027
G1 E-8 F7200
G1 Z.8 F3000
G1 X143.477 Y120.671 F12000
G1 Z.6 F3000
G1 E8 F7200
G1 F1176.471
G1 X143.493 Y120.733 E.00272
G1 X143.448 Y120.778 E.0027
G1 X143.387 Y120.761 E.00269
G1 X143.37 Y120.7 E.00269
G1 X143.415 Y120.655 E.0027
;WIDTH:0.593613
G1 F1089.536
G1 X143.272 Y120.583 E.00733
;WIDTH:0.634306
G1 F1014.566
G1 X143.128 Y120.511 E.00792
;WIDTH:0.674999
G1 F949.248
G1 X142.985 Y120.439 E.00841
G1 X133.061 Y110.515 E.73763
G1 X132.983 Y110.352 E.0095
;WIDTH:0.634306
G1 F1014.566
G1 X132.906 Y110.189 E.00886
;WIDTH:0.593613
G1 F1089.536
G1 X132.828 Y110.026 E.00827
;WIDTH:0.55292
G1 F1176.471
G1 X132.845 Y110.087 E.00269
G1 X132.8 Y110.132 E.0027
G1 X132.738 Y110.116 E.00272
G1 X132.722 Y110.054 E.00272
G1 X132.767 Y110.009 E.0027
;WIDTH:0.674999
G1 F949.248
G1 X132.655 Y109.215 E.04214
G1 X144.279 Y120.84 E.86402
G1 X144.362 Y120.943 E.00695
;WIDTH:0.634306
G1 F1014.566
G1 X144.444 Y121.046 E.00647
;WIDTH:0.593613
G1 F1089.536
G1 X144.527 Y121.149 E.00606
;WIDTH:0.55292
G1 F1176.471
G1 X145.362 Y121.339 E.03631
;WIDTH:0.674999
G1 F949.248
G1 X145.441 Y121.108 E.01283
G1 X132.397 Y108.064 E.96953
G1 X132.324 Y108.112 E.00459
;WIDTH:0.634306
G1 F1014.566
G1 X132.251 Y108.159 E.00427
;WIDTH:0.593613
G1 F1089.536
G1 X132.179 Y108.207 E.00396
;WIDTH:0.55292
G1 F1176.471
G1 X132.348 Y108.968 E.03306
G1 E-8 F7200
G1 Z.8 F3000
G1 X132.231 Y107.004 F12000
G1 Z.6 F3000
G1 E8 F7200
;WIDTH:0.674999
G1 F949.248
G1 X146.5 Y121.273 E1.06058
G1 X147.483 Y121.362 E.05188
G1 X132.138 Y106.017 E1.14056
G1 X132.105 Y105.09 E.04875
G1 X148.41 Y121.395 E1.21191
G1 X149.285 Y121.377 E.046
G1 X132.123 Y104.215 E1.27561
G1 X132.185 Y103.382 E.0439
G1 X150.118 Y121.315 E1.33292
G1 X150.912 Y121.215 E.04206
G1 X132.285 Y102.588 E1.3845
G1 X132.417 Y101.827 E.04059
G1 X151.673 Y121.083 E1.43125
G1 X152.404 Y120.92 E.03936
G1 X132.576 Y101.091 E1.47381
G1 X132.768 Y100.39 E.0382
M73 P15 R32
G1 X153.112 Y120.734 E1.51212
G1 X153.788 Y120.516 E.03733
G1 X132.984 Y99.712 E1.54631
G1 X133.223 Y99.057 E.03665
G1 X154.443 Y120.277 E1.57723
G1 X155.076 Y120.016 E.03599
G1 X133.484 Y98.424 E1.60488
G1 X133.763 Y97.81 E.03545
G1 X155.69 Y119.737 E1.62978
G1 X156.278 Y119.431 E.03484
G1 X134.068 Y97.22 E1.65085
G1 X134.391 Y96.65 E.03443
G1 X156.848 Y119.107 E1.66918
G1 X157.403 Y118.767 E.03421
G1 X134.735 Y96.099 E1.68486
G1 X135.095 Y95.566 E.0338
G1 X157.934 Y118.405 E1.69757
G1 X158.452 Y118.029 E.03364
G1 X135.47 Y95.047 E1.7082
G1 X135.868 Y94.551 E.03342
G1 X158.95 Y117.633 E1.71563
G1 X159.428 Y117.217 E.0333
M73 P16 R31
G1 X136.28 Y94.069 E1.72054
G1 X136.713 Y93.608 E.03324
G1 X159.894 Y116.789 E1.72299
G1 X160.338 Y116.339 E.03323
G1 X137.161 Y93.163 E1.72265
G1 X137.625 Y92.732 E.03328
G1 X160.768 Y115.875 E1.72016
G1 X161.18 Y115.393 E.03333
G1 X138.107 Y92.32 E1.71496
G1 X138.609 Y91.928 E.03348
G1 X161.575 Y114.895 E1.70705
G1 X161.948 Y114.374 E.03368
G1 X139.125 Y91.55 E1.69642
G1 X139.663 Y91.194 E.03391
G1 X162.305 Y113.837 E1.68296
G1 X162.646 Y113.284 E.03415
G1 X140.216 Y90.854 E1.66717
G1 X140.787 Y90.531 E.03448
G1 X162.969 Y112.713 E1.64874
G1 X163.267 Y112.117 E.03502
G1 X141.383 Y90.233 E1.62659
G1 X141.997 Y89.953 E.03547
M73 P17 R31
G1 X163.55 Y111.506 E1.60198
G1 X163.806 Y110.868 E.03613
G1 X142.629 Y89.692 E1.574
G1 X143.29 Y89.458 E.03685
G1 X164.042 Y110.21 E1.54245
G1 X164.254 Y109.529 E.03749
G1 X143.971 Y89.246 E1.50759
G1 X144.677 Y89.058 E.0384
G1 X164.442 Y108.823 E1.46909
G1 X164.603 Y108.089 E.03949
G1 X145.411 Y88.897 E1.4265
G1 X146.177 Y88.769 E.04082
G1 X164.731 Y107.323 E1.37908
G1 X164.824 Y106.523 E.04233
G1 X146.977 Y88.676 E1.32653
G1 X147.815 Y88.62 E.04414
G1 X164.879 Y105.684 E1.26833
G1 X164.892 Y104.803 E.04631
G1 X148.699 Y88.61 E1.20359
G1 X149.629 Y88.647 E.04892
G1 X164.853 Y103.871 E1.13156
G1 X164.758 Y102.882 E.05222
G1 X150.623 Y88.746 E1.05066
G1 X151.691 Y88.921 E.05688
G1 X164.583 Y101.812 E.95819
G1 X164.663 Y101.802 E.00424
M73 P18 R31
;WIDTH:0.634306
G1 F1014.566
G1 X164.742 Y101.791 E.00392
;WIDTH:0.593613
G1 F1089.536
G1 X164.822 Y101.781 E.00369
;WIDTH:0.55292
G1 F1176.471
G1 X164.609 Y100.883 E.03914
G1 E-8 F7200
G1 Z.8 F3000
G1 X152.61 Y88.884 F12000
G1 Z.6 F3000
G1 E8 F7200
G1 F1176.471
G1 X151.763 Y88.689 E.03686
;WIDTH:0.674999
G1 F949.248
G1 X152.858 Y89.194 E.06338
G1 X164.3 Y100.635 E.85042
G1 X164.145 Y99.71 E.04929
;WIDTH:0.55292
G1 F1176.471
G1 X164.1 Y99.755 E.0027
G1 X164.116 Y99.817 E.00272
G1 X164.178 Y99.833 E.00272
G1 X164.223 Y99.788 E.0027
G1 X164.207 Y99.727 E.00267
;WIDTH:0.593613
G1 F1089.536
G1 X164.099 Y99.593 E.00788
;WIDTH:0.634306
G1 F1014.566
G1 X163.991 Y99.459 E.00846
;WIDTH:0.674999
G1 F949.248
G1 X163.883 Y99.325 E.00905
G1 X154.177 Y89.619 E.72142
G1 X154.043 Y89.512 E.00901
;WIDTH:0.634306
G1 F1014.566
G1 X153.909 Y89.405 E.00843
;WIDTH:0.593613
G1 F1089.536
G1 X153.776 Y89.297 E.00785
;WIDTH:0.55292
G1 F1176.471
G1 X153.792 Y89.359 E.00272
G1 X153.747 Y89.404 E.0027
G1 X153.685 Y89.388 E.00272
G1 X153.669 Y89.326 E.00272
G1 X153.714 Y89.281 E.0027
G1 E-8 F7200
G1 Z.8 F3000
G1 X155.28 Y89.917 F12000
G1 Z.6 F3000
G1 E8 F7200
G1 F1176.471
G1 X155.235 Y89.963 E.00273
G1 X155.251 Y90.024 E.00267
G1 X155.313 Y90.041 E.00273
G1 X155.358 Y89.996 E.0027
G1 X155.342 Y89.934 E.00272
;WIDTH:0.593613
G1 F1089.536
G1 X155.476 Y90.053 E.00821
;WIDTH:0.634306
G1 F1014.566
G1 X155.61 Y90.172 E.00881
;WIDTH:0.674999
G1 F949.248
G1 X163.319 Y97.882 E.57303
;WIDTH:0.634306
G1 F1014.566
G1 X163.439 Y98.016 E.00885
;WIDTH:0.593613
G1 F1089.536
G1 X163.558 Y98.15 E.00821
;WIDTH:0.55292
G1 F1176.471
G1 X163.575 Y98.211 E.00269
G1 X163.529 Y98.256 E.00273
G1 X163.468 Y98.24 E.00267
G1 X163.451 Y98.178 E.00273
G1 X163.496 Y98.133 E.0027
G1 E-8 F7200
G1 Z.8 F3000
G1 X157.959 Y91.613 F12000
G1 Z.6 F3000
G1 E8 F7200
;WIDTH:0.674999
G1 F949.248
G1 X161.887 Y95.541 E.29196
G1 X162.011 Y95.69 E.01019
;WIDTH:0.639067
G1 F1006.464
G1 X162.134 Y95.839 E.00958
;WIDTH:0.603135
G1 F1071.019
G1 X162.258 Y95.988 E.00903
;WIDTH:0.567202
G1 F1144.422
G1 X162.265 Y95.919 E.00302
;WIDTH:0.55292
G1 F1176.471
G1 X162.205 Y95.67 E.01086
G1 X161.113 Y94.416 E.07051
;WIDTH:0.59237
G1 F1092.001
G1 X160.512 Y93.777 E.04008
;WIDTH:0.601844
G1 F1073.491
G1 X159.503 Y92.778 E.06599
;WIDTH:0.578872
G1 F1119.503
G1 X158.883 Y92.204 E.03765
;WIDTH:0.55292
G1 F1176.471
G1 X158.449 Y91.819 E.0246
G1 X157.756 Y91.251 E.038
;WIDTH:0.569596
G1 F1139.22
G1 X157.512 Y91.24 E.0107
;LAYER_CHANGE
;Z:0.8
;HEIGHT:0.2

G1 E-8 F7200
G1 Z.8 F3000
;AFTER_LAYER_CHANGE
;0.8
G92 E0
_ON_LAYER_CHANGE LAYER=4
G1 Z1
G1 X148.504 Y85.339 F12000
G1 Z.8 F3000
G1 E8 F7200
;TYPE:External perimeter
;WIDTH:0.674999
G1 F949.248
G1 X148.547 Y85.338 E.00226
G1 X149.529 Y85.365 E.05163
G1 X150.555 Y85.445 E.05409
G1 X151.576 Y85.58 E.05413
G1 X152.589 Y85.768 E.05415
G1 X153.255 Y85.921 E.03592
G1 X154.249 Y86.197 E.05422
G1 X155.225 Y86.523 E.05408
G1 X156.183 Y86.901 E.05413
G1 X157.119 Y87.328 E.05407
G1 X158.033 Y87.803 E.05414
G1 X158.921 Y88.326 E.05416
G1 X159.495 Y88.699 E.03598
G1 X160.056 Y89.092 E.036
G1 X160.874 Y89.719 E.05417
G1 X161.657 Y90.388 E.05413
G1 X162.403 Y91.097 E.05409
G1 X163.113 Y91.844 E.05417
G1 X163.592 Y92.398 E.03849
G1 X164.203 Y93.167 E.05162
G1 X164.801 Y94.005 E.05411
G1 X165.354 Y94.873 E.05409
G1 X165.861 Y95.769 E.05411
G1 X166.32 Y96.69 E.05408
G1 X166.731 Y97.636 E.05421
G1 X166.976 Y98.274 E.03592
G1 X167.303 Y99.251 E.05415
G1 X167.578 Y100.243 E.0541
G1 X167.801 Y101.248 E.05411
G1 X167.971 Y102.265 E.05419
G1 X168.055 Y102.943 E.03591
G1 X168.135 Y103.971 E.05419
G1 X168.162 Y105 E.0541
G1 X168.135 Y106.03 E.05415
G1 X168.088 Y106.712 E.03593
G1 X167.971 Y107.736 E.05417
G1 X167.801 Y108.752 E.05414
G1 X167.578 Y109.757 E.05411
G1 X167.303 Y110.749 E.0541
G1 X166.977 Y111.725 E.05408
G1 X166.599 Y112.684 E.05418
G1 X166.321 Y113.308 E.0359
G1 X165.861 Y114.231 E.0542
G1 X165.354 Y115.127 E.05411
G1 X164.801 Y115.995 E.05409
G1 X164.202 Y116.834 E.05418
G1 X163.781 Y117.373 E.03595
G1 X163.112 Y118.157 E.05417
G1 X162.402 Y118.904 E.05417
G1 X161.911 Y119.379 E.03591
G1 X161.139 Y120.062 E.05417
G1 X160.333 Y120.703 E.05412
G1 X159.494 Y121.302 E.05418
G1 X158.921 Y121.674 E.03591
G1 X158.032 Y122.197 E.05421
G1 X157.119 Y122.672 E.05409
G1 X156.183 Y123.099 E.05407
G1 X155.225 Y123.477 E.05413
G1 X154.249 Y123.803 E.05408
G1 X153.257 Y124.078 E.0541
G1 X152.252 Y124.301 E.05411
G1 X151.235 Y124.471 E.05419
G1 X150.557 Y124.555 E.03591
G1 X149.529 Y124.635 E.05419
G1 X148.5 Y124.662 E.0541
G1 X147.47 Y124.635 E.05415
G1 X146.788 Y124.588 E.03593
G1 X145.764 Y124.471 E.05417
G1 X144.748 Y124.301 E.05414
G1 X143.743 Y124.078 E.05411
G1 X142.75 Y123.803 E.05415
G1 X142.1 Y123.592 E.03592
G1 X141.134 Y123.231 E.0542
G1 X140.189 Y122.82 E.05416
G1 X139.532 Y122.498 E.03845
G1 X138.669 Y122.028 E.05165
G1 X137.791 Y121.49 E.05412
G1 X136.943 Y120.907 E.05409
G1 X136.126 Y120.281 E.0541
G1 X135.343 Y119.612 E.05413
G1 X134.596 Y118.902 E.05417
G1 X134.121 Y118.411 E.03591
G1 X133.438 Y117.639 E.05417
G1 X132.797 Y116.833 E.05412
G1 X132.199 Y115.995 E.05411
G1 X131.646 Y115.127 E.05409
G1 X131.139 Y114.231 E.05411
G1 X130.679 Y113.309 E.05415
G1 X130.383 Y112.639 E.0385
G1 X130.023 Y111.725 E.05163
G1 X129.697 Y110.749 E.05408
G1 X129.422 Y109.757 E.0541
G1 X129.199 Y108.751 E.05416
G1 X129.073 Y108.029 E.03852
G1 X128.945 Y107.055 E.05163
G1 X128.865 Y106.029 E.05409
G1 X128.838 Y105 E.0541
G1 X128.865 Y103.97 E.05415
G1 X128.917 Y103.24 E.03846
G1 X129.029 Y102.264 E.05163
G1 X129.199 Y101.248 E.05414
G1 X129.422 Y100.243 E.05411
G1 X129.697 Y99.25 E.05415
G1 X129.925 Y98.554 E.03849
G1 X130.269 Y97.634 E.05162
G1 X130.68 Y96.69 E.05411
G1 X131.139 Y95.769 E.05408
G1 X131.647 Y94.872 E.05418
G1 X132.036 Y94.252 E.03847
G1 X132.593 Y93.443 E.05162
G1 X133.219 Y92.626 E.0541
G1 X133.888 Y91.843 E.05413
G1 X134.597 Y91.097 E.05409
G1 X135.343 Y90.388 E.05409
G1 X136.126 Y89.719 E.05413
G1 X136.944 Y89.092 E.05417
G1 X137.544 Y88.673 E.03846
G1 X138.373 Y88.146 E.05163
G1 X139.269 Y87.639 E.05411
G1 X140.19 Y87.18 E.05408
G1 X141.136 Y86.769 E.05421
G1 X141.774 Y86.524 E.03592
G1 X142.751 Y86.197 E.05415
M73 P18 R30
G1 X143.743 Y85.922 E.0541
G1 X144.748 Y85.699 E.05411
G1 X145.764 Y85.529 E.05414
G1 X146.786 Y85.412 E.05406
G1 X147.815 Y85.35 E.05418
G1 X148.474 Y85.339 E.03464
G1 X149.074 Y85.352 F12000
G1 X148.497 Y86.133
;TYPE:Perimeter
G1 E-10F300
G1 F12000.0
T1
G1 E20F300
;WIDTH:0.999999
G1 F626.907
G1 X148.542 Y86.133 E.00358
G1 X149.487 Y86.158 E.07523
G1 X150.472 Y86.236 E.07863
G1 X151.452 Y86.365 E.07866
G1 X152.428 Y86.546 E.079
G1 X153.06 Y86.692 E.05162
G1 X154.016 Y86.957 E.07895
G1 X154.953 Y87.27 E.07862
G1 X155.872 Y87.632 E.0786
G1 X156.771 Y88.042 E.07863
G1 X157.647 Y88.498 E.07859
G1 X158.503 Y89.002 E.07905
G1 X159.586 Y89.733 E.10398
G1 X160.374 Y90.337 E.07901
G1 X161.125 Y90.979 E.07863
G1 X161.841 Y91.659 E.07858
G1 X162.524 Y92.378 E.07892
G1 X162.98 Y92.905 E.05546
G1 X163.568 Y93.645 E.07522
G1 X164.142 Y94.449 E.07862
G1 X164.673 Y95.283 E.07868
G1 X165.159 Y96.142 E.07854
G1 X165.6 Y97.026 E.07862
G1 X165.996 Y97.937 E.07905
G1 X166.228 Y98.542 E.05157
G1 X166.543 Y99.484 E.07905
G1 X166.807 Y100.435 E.07854
G1 X167.021 Y101.4 E.07866
G1 X167.131 Y102.059 E.05317
G1 X167.224 Y102.701 E.05162
G1 X167.303 Y103.52 E.06548
G1 X167.368 Y105 E.11789
G1 X167.342 Y105.992 E.07897
G1 X167.296 Y106.64 E.0517
G1 X167.184 Y107.626 E.07897
G1 X167.021 Y108.6 E.07859
G1 X166.807 Y109.565 E.07866
G1 X166.543 Y110.516 E.07854
G1 X166.23 Y111.453 E.07862
G1 X165.866 Y112.377 E.07903
G1 X165.602 Y112.969 E.05158
G1 X165.159 Y113.858 E.07905
G1 X164.673 Y114.718 E.07861
G1 X164.142 Y115.551 E.07861
G1 X163.565 Y116.359 E.07901
G1 X163.166 Y116.87 E.05159
G1 X162.521 Y117.625 E.07902
G1 X161.838 Y118.345 E.07898
G1 X161.371 Y118.796 E.05167
G1 X160.628 Y119.453 E.07893
G1 X159.855 Y120.068 E.07861
G1 X159.047 Y120.645 E.07901
G1 X158.503 Y120.998 E.05161
G1 X157.647 Y121.502 E.07905
G1 X156.771 Y121.958 E.07859
G1 X155.872 Y122.368 E.07863
G1 X154.953 Y122.73 E.0786
G1 X154.016 Y123.043 E.07862
G1 X153.065 Y123.307 E.07854
G1 X152.1 Y123.521 E.07866
G1 X151.121 Y123.685 E.079
G1 X150.477 Y123.764 E.05163
G1 X149.487 Y123.842 E.07903
G1 X148.5 Y123.868 E.07857
G1 X147.508 Y123.842 E.07897
G1 X146.86 Y123.796 E.0517
G1 X145.874 Y123.684 E.07897
G1 X144.9 Y123.521 E.07859
G1 X143.935 Y123.307 E.07866
G1 X142.979 Y123.042 E.07895
G1 X142.362 Y122.841 E.05164
G1 X141.432 Y122.494 E.07899
G1 X140.523 Y122.098 E.07891
G1 X139.897 Y121.792 E.05545
G1 X139.067 Y121.34 E.07521
G1 X138.224 Y120.824 E.07866
G1 X137.41 Y120.264 E.07863
G1 X136.626 Y119.663 E.07861
G1 X135.875 Y119.021 E.07863
G1 X135.155 Y118.338 E.07898
G1 X134.704 Y117.871 E.05167
G1 X134.047 Y117.128 E.07893
G1 X133.432 Y116.355 E.07861
G1 X132.858 Y115.551 E.07862
G1 X132.327 Y114.717 E.07868
G1 X131.841 Y113.858 E.07854
G1 X131.398 Y112.97 E.07897
G1 X131.116 Y112.333 E.05544
G1 X130.77 Y111.454 E.07518
G1 X130.457 Y110.516 E.07869
G1 X130.193 Y109.565 E.07854
G1 X129.978 Y108.596 E.07899
G1 X129.858 Y107.91 E.05542
G1 X129.736 Y106.973 E.0752
G1 X129.658 Y105.987 E.07871
G1 X129.632 Y105 E.07857
G1 X129.658 Y104.009 E.07889
G1 X129.708 Y103.313 E.05553
M73 P19 R30
G1 X129.816 Y102.375 E.07514
G1 X129.979 Y101.4 E.07867
G1 X130.193 Y100.435 E.07866
G1 X130.458 Y99.48 E.07887
G1 X130.674 Y98.817 E.05549
G1 X131.006 Y97.933 E.07515
G1 X131.4 Y97.026 E.0787
G1 X131.841 Y96.142 E.07862
G1 X132.329 Y95.279 E.0789
G1 X132.7 Y94.689 E.05546
G1 X133.236 Y93.91 E.07525
G1 X133.837 Y93.126 E.07861
G1 X134.479 Y92.375 E.07863
G1 X135.159 Y91.659 E.07858
G1 X135.875 Y90.979 E.07858
G1 X136.626 Y90.337 E.07863
G1 X137.413 Y89.733 E.07895
G1 X137.985 Y89.335 E.05546
G1 X138.782 Y88.828 E.07517
G1 X139.642 Y88.341 E.07865
G1 X140.526 Y87.9 E.07862
G1 X141.437 Y87.504 E.07905
G1 X142.042 Y87.272 E.05157
G1 X142.984 Y86.957 E.07905
G1 X143.935 Y86.693 E.07854
G1 X144.9 Y86.479 E.07866
G1 X145.874 Y86.316 E.07859
G1 X146.856 Y86.204 E.07866
G1 X147.846 Y86.144 E.07893
G1 X148.467 Y86.134 E.04943
G1 X148.489 Y87.091 F12000
G1 F626.907
G1 X148.537 Y87.09 E.00382
G1 X149.436 Y87.114 E.07157
G1 X150.372 Y87.188 E.07472
G1 X151.302 Y87.31 E.07464
G1 X152.233 Y87.483 E.07536
G1 X152.824 Y87.619 E.04826
G1 X153.736 Y87.872 E.07532
G1 X154.626 Y88.17 E.07469
G1 X155.498 Y88.514 E.0746
G1 X156.351 Y88.902 E.07458
G1 X157.183 Y89.335 E.07464
G1 X157.999 Y89.816 E.07538
G1 X159.02 Y90.505 E.09802
G1 X159.771 Y91.081 E.07532
G1 X160.484 Y91.69 E.07462
G1 X161.164 Y92.336 E.07464
G1 X161.815 Y93.021 E.0752
G1 X162.244 Y93.516 E.05213
G1 X162.803 Y94.221 E.0716
G1 X163.348 Y94.985 E.07468
G1 X163.852 Y95.776 E.07464
G1 X164.314 Y96.592 E.07462
G1 X164.732 Y97.431 E.0746
G1 X165.11 Y98.299 E.07534
G1 X165.327 Y98.866 E.04831
G1 X165.628 Y99.764 E.07537
G1 X165.878 Y100.667 E.07457
G1 X166.081 Y101.583 E.07467
G1 X166.187 Y102.217 E.05115
G1 X166.274 Y102.818 E.04833
G1 X166.349 Y103.595 E.06212
G1 X166.41 Y105 E.11192
G1 X166.385 Y105.946 E.07531
G1 X166.343 Y106.552 E.04834
G1 X166.236 Y107.493 E.07537
G1 X166.081 Y108.417 E.07456
G1 X165.878 Y109.333 E.07467
G1 X165.628 Y110.236 E.07457
G1 X165.33 Y111.126 E.07469
G1 X164.983 Y112.007 E.07535
G1 X164.736 Y112.561 E.04827
G1 X164.314 Y113.408 E.07531
G1 X163.852 Y114.224 E.07462
G1 X163.348 Y115.015 E.07464
G1 X162.798 Y115.786 E.07537
G1 X162.425 Y116.264 E.04825
G1 X161.81 Y116.984 E.07536
G1 X161.158 Y117.671 E.07537
G1 X160.722 Y118.093 E.04829
G1 X160.012 Y118.72 E.07538
G1 X159.279 Y119.304 E.07458
G1 X158.508 Y119.853 E.07532
G1 X157.999 Y120.184 E.04832
G1 X157.183 Y120.665 E.07538
G1 X156.351 Y121.098 E.07464
G1 X155.498 Y121.486 E.07458
G1 X154.626 Y121.83 E.0746
G1 X153.736 Y122.128 E.07469
G1 X152.833 Y122.378 E.07457
G1 X151.917 Y122.581 E.07467
G1 X150.984 Y122.737 E.07528
G1 X150.381 Y122.811 E.04835
G1 X149.437 Y122.886 E.07536
G1 X148.5 Y122.91 E.07459
G1 X147.554 Y122.885 E.07531
G1 X146.948 Y122.843 E.04834
G1 X146.007 Y122.736 E.07537
G1 X145.083 Y122.581 E.07456
G1 X144.167 Y122.378 E.07467
G1 X143.255 Y122.125 E.07532
G1 X142.678 Y121.938 E.04827
G1 X141.791 Y121.606 E.07537
G1 X140.924 Y121.229 E.07524
G1 X140.336 Y120.941 E.05211
G1 X139.546 Y120.511 E.07158
G1 X138.745 Y120.021 E.07473
G1 X137.973 Y119.49 E.07457
G1 X137.229 Y118.919 E.07464
G1 X136.516 Y118.31 E.07462
G1 X135.829 Y117.658 E.07537
G1 X135.407 Y117.221 E.04835
G1 X134.78 Y116.512 E.07532
G1 X134.196 Y115.779 E.07458
G1 X133.652 Y115.015 E.07464
G1 X133.148 Y114.224 E.07464
G1 X132.686 Y113.408 E.07462
G1 X132.265 Y112.563 E.07513
G1 X131.999 Y111.964 E.05216
G1 X131.67 Y111.126 E.07164
G1 X131.372 Y110.236 E.07469
G1 X131.122 Y109.333 E.07457
G1 X130.917 Y108.41 E.07524
G1 X130.805 Y107.765 E.0521
G1 X130.688 Y106.873 E.07159
G1 X130.614 Y105.937 E.07472
G1 X130.59 Y105 E.07459
G1 X130.615 Y104.055 E.07523
G1 X130.661 Y103.402 E.0521
G1 X130.764 Y102.508 E.07162
G1 X130.919 Y101.583 E.07464
G1 X131.122 Y100.667 E.07467
G1 X131.374 Y99.757 E.07514
G1 X131.578 Y99.134 E.05217
G1 X131.894 Y98.292 E.07157
G1 X132.268 Y97.431 E.0747
G1 X132.686 Y96.592 E.0746
G1 X133.152 Y95.769 E.07527
G1 X133.5 Y95.214 E.05213
G1 X134.01 Y94.473 E.07159
G1 X134.581 Y93.729 E.07464
G1 X135.19 Y93.016 E.07462
G1 X135.836 Y92.336 E.07464
G1 X136.516 Y91.69 E.07464
G1 X137.229 Y91.081 E.07462
G1 X137.979 Y90.506 E.07521
G1 X138.516 Y90.131 E.05212
G1 X139.275 Y89.648 E.0716
G1 X140.092 Y89.186 E.07469
G1 X140.931 Y88.768 E.0746
G1 X141.799 Y88.39 E.07534
G1 X142.366 Y88.173 E.04831
G1 X143.264 Y87.872 E.07537
G1 X144.167 Y87.622 E.07457
G1 X145.083 Y87.419 E.07467
G1 X146.007 Y87.264 E.07456
G1 X146.939 Y87.158 E.07465
G1 X147.882 Y87.1 E.07519
G1 X148.459 Y87.091 E.04592
G1 X148.48 Y88.048 F12000
G1 F626.907
G1 X148.532 Y88.047 E.00414
G1 X149.386 Y88.07 E.06799
G1 X150.272 Y88.14 E.07073
G1 X151.152 Y88.256 E.07064
G1 X152.038 Y88.42 E.07171
G1 X152.588 Y88.547 E.04492
G1 X153.456 Y88.788 E.07169
G1 X154.298 Y89.07 E.07067
G1 X155.124 Y89.395 E.07064
G1 X155.932 Y89.763 E.07066
G1 X156.719 Y90.173 E.07062
G1 X157.495 Y90.63 E.07167
G1 X158.454 Y91.277 E.09206
G1 X159.169 Y91.825 E.07169
G1 X159.844 Y92.402 E.07067
G1 X160.487 Y93.013 E.07059
G1 X161.106 Y93.664 E.07149
G1 X161.507 Y94.127 E.04874
G1 X162.038 Y94.797 E.06803
G1 X162.554 Y95.52 E.07069
G1 X163.031 Y96.269 E.07067
G1 X163.468 Y97.041 E.0706
G1 X163.864 Y97.836 E.07068
G1 X164.224 Y98.662 E.07171
G1 X164.426 Y99.189 E.04491
G1 X164.712 Y100.044 E.07175
G1 X164.949 Y100.899 E.07061
G1 X165.141 Y101.765 E.07059
G1 X165.243 Y102.375 E.04922
G1 X165.324 Y102.934 E.04495
G1 X165.395 Y103.67 E.05884
G1 X165.453 Y105 E.10594
G1 X165.429 Y105.9 E.07165
G1 X165.39 Y106.464 E.04499
G1 X165.288 Y107.359 E.07169
G1 X165.141 Y108.235 E.07069
G1 X164.949 Y109.101 E.07059
G1 X164.712 Y109.956 E.07061
G1 X164.43 Y110.798 E.07067
G1 X164.1 Y111.636 E.07167
G1 X163.87 Y112.153 E.04503
G1 X163.468 Y112.959 E.07168
G1 X163.031 Y113.731 E.0706
G1 X162.554 Y114.48 E.07067
G1 X162.031 Y115.213 E.07166
G1 X161.683 Y115.659 E.04502
G1 X161.098 Y116.344 E.07169
G1 X160.478 Y116.997 E.07166
G1 X160.072 Y117.39 E.04497
G1 X159.397 Y117.987 E.07171
G1 X158.702 Y118.539 E.07063
G1 X157.969 Y119.062 E.07166
G1 X157.495 Y119.37 E.04499
G1 X156.719 Y119.827 E.07167
G1 X155.932 Y120.237 E.07062
G1 X155.124 Y120.605 E.07066
G1 X154.298 Y120.93 E.07064
G1 X153.456 Y121.212 E.07067
G1 X152.601 Y121.449 E.07061
G1 X151.735 Y121.641 E.07059
G1 X150.846 Y121.79 E.07173
G1 X150.285 Y121.859 E.04498
G1 X149.387 Y121.929 E.07168
G1 X148.5 Y121.953 E.07061
G1 X147.6 Y121.929 E.07165
G1 X147.036 Y121.89 E.04499
G1 X146.141 Y121.788 E.07169
G1 X145.265 Y121.641 E.07069
G1 X144.399 Y121.449 E.07059
G1 X143.531 Y121.208 E.07169
G1 X142.993 Y121.034 E.045
G1 X142.149 Y120.718 E.07172
G1 X141.326 Y120.36 E.07142
G1 X140.775 Y120.091 E.0488
G1 X140.025 Y119.682 E.06798
G1 X139.267 Y119.218 E.07073
G1 X138.535 Y118.715 E.07068
G1 X137.831 Y118.175 E.07061
G1 X137.156 Y117.598 E.07067
G1 X136.503 Y116.978 E.07166
G1 X136.11 Y116.572 E.04497
G1 X135.513 Y115.897 E.07171
G1 X134.961 Y115.202 E.07063
G1 X134.446 Y114.48 E.07058
G1 X133.969 Y113.731 E.07067
G1 X133.532 Y112.959 E.0706
G1 X133.131 Y112.155 E.0715
G1 X132.883 Y111.595 E.04874
G1 X132.57 Y110.799 E.06807
G1 X132.288 Y109.956 E.07074
G1 X132.051 Y109.101 E.07061
G1 X131.856 Y108.224 E.0715
G1 X131.751 Y107.621 E.04871
G1 X131.64 Y106.773 E.06806
G1 X131.571 Y105.887 E.07072
G1 X131.547 Y105 E.07061
G1 X131.571 Y104.102 E.07149
G1 X131.615 Y103.491 E.04875
G1 X131.712 Y102.642 E.068
G1 X131.859 Y101.765 E.07077
G1 X132.051 Y100.899 E.07059
G1 X132.291 Y100.033 E.07152
G1 X132.481 Y99.451 E.04872
G1 X132.781 Y98.651 E.06799
G1 X133.136 Y97.836 E.07074
G1 X133.532 Y97.041 E.07068
G1 X133.974 Y96.259 E.07149
G1 X134.3 Y95.74 E.04877
G1 X134.784 Y95.036 E.06799
G1 X135.325 Y94.331 E.07072
G1 X135.902 Y93.656 E.07067
G1 X136.513 Y93.013 E.07059
G1 X137.156 Y92.402 E.07059
G1 X137.831 Y91.825 E.07067
G1 X138.544 Y91.278 E.07152
G1 X139.046 Y90.928 E.0487
M73 P20 R30
G1 X139.768 Y90.469 E.06809
G1 X140.541 Y90.032 E.07067
G1 X141.335 Y89.636 E.07061
G1 X142.162 Y89.276 E.07178
G1 X142.689 Y89.074 E.04491
G1 X143.544 Y88.788 E.07175
G1 X144.399 Y88.551 E.07061
G1 X145.265 Y88.359 E.07059
G1 X146.141 Y88.212 E.07069
G1 X147.022 Y88.112 E.07056
G1 X147.919 Y88.057 E.07152
G1 X148.45 Y88.049 E.04226
G1 E-8 F7200
G1 Z1 F3000
G1 X137.415 Y92.689 F12000
G1 Z.8 F3000
G1 E8 F7200
;TYPE:Solid infill
G1 E-10F300
G1 F12000.0
T0
G1 E16F300
G1 F12000.0
;WIDTH:0.55292
G1 F1176.471
G1 X136.189 Y93.915 E.07353
G1 X137.188 Y92.909 E.06012
G1 E-8 F7200
G1 Z1 F3000
G1 X139.899 Y90.992 F12000
G1 Z.8 F3000
G1 E8 F7200
G1 F1176.471
G1 X139.854 Y90.947 E.0027
G1 X139.792 Y90.964 E.00273
G1 X139.776 Y91.025 E.00267
G1 X139.821 Y91.07 E.0027
G1 X139.882 Y91.054 E.00267
;WIDTH:0.593613
G1 F1089.536
G1 X139.718 Y91.158 E.00889
;WIDTH:0.634306
G1 F1014.566
G1 X139.554 Y91.263 E.00958
;WIDTH:0.674999
G1 F949.248
G1 X139.39 Y91.367 E.01021
G1 X134.877 Y95.88 E.33544
G1 X134.778 Y96.024 E.00918
;WIDTH:0.634795
G1 F1013.728
G1 X134.678 Y96.167 E.00859
;WIDTH:0.594591
G1 F1087.606
G1 X134.578 Y96.311 E.00804
;WIDTH:0.554386
G1 F1173.098
G1 X134.532 Y96.265 E.00277
G1 X134.471 Y96.282 E.00269
G1 X134.454 Y96.344 E.00273
G1 X134.499 Y96.389 E.00271
G1 X134.561 Y96.372 E.00273
G1 E-8 F7200
G1 Z1 F3000
G1 X133.45 Y98.385 F12000
G1 Z.8 F3000
G1 E8 F7200
;WIDTH:0.55292
G1 F1176.471
G1 X133.405 Y98.34 E.0027
G1 X133.343 Y98.357 E.00273
G1 X133.326 Y98.418 E.00269
G1 X133.372 Y98.464 E.00276
G1 X133.433 Y98.447 E.00269
;WIDTH:0.593613
G1 F1089.536
G1 X133.521 Y98.283 E.00852
;WIDTH:0.634306
G1 F1014.566
G1 X133.609 Y98.119 E.00915
;WIDTH:0.674999
G1 F949.248
G1 X133.697 Y97.955 E.00978
G1 X141.455 Y90.197 E.57663
G1 E-8 F7200
G1 Z1 F3000
G1 X143.491 Y89.267 F12000
G1 Z.8 F3000
G1 E8 F7200
;WIDTH:0.55292
G1 F1176.471
G1 X143.446 Y89.222 E.0027
G1 X143.384 Y89.238 E.00272
G1 X143.368 Y89.3 E.00272
G1 X143.413 Y89.345 E.0027
G1 X143.474 Y89.328 E.00269
;WIDTH:0.593613
G1 F1089.536
G1 X143.311 Y89.406 E.00827
;WIDTH:0.634306
G1 F1014.566
G1 X143.148 Y89.483 E.00886
;WIDTH:0.674999
G1 F949.248
G1 X142.985 Y89.561 E.0095
G1 X133.062 Y99.483 E.73752
G1 X132.99 Y99.627 E.00846
;WIDTH:0.634306
G1 F1014.566
G1 X132.917 Y99.77 E.0079
;WIDTH:0.593613
G1 F1089.536
G1 X132.845 Y99.914 E.00737
;WIDTH:0.55292
G1 F1176.471
G1 X132.8 Y99.869 E.0027
G1 X132.738 Y99.885 E.00272
G1 X132.722 Y99.947 E.00272
G1 X132.767 Y99.992 E.0027
G1 X132.829 Y99.975 E.00273
G1 E-8 F7200
G1 Z1 F3000
G1 X132.161 Y101.862 F12000
G1 Z.8 F3000
G1 E8 F7200
G1 F1176.471
G1 X132.351 Y101.027 E.03631
;WIDTH:0.593613
G1 F1089.536
G1 X132.454 Y100.944 E.00606
;WIDTH:0.634306
G1 F1014.566
G1 X132.557 Y100.862 E.00647
;WIDTH:0.674999
G1 F949.248
G1 X132.66 Y100.779 E.00695
G1 X144.279 Y89.16 E.86361
G1 X144.527 Y88.851 E.02082
;WIDTH:0.55292
G1 F1176.471
G1 X145.362 Y88.661 E.03631
;WIDTH:0.593613
G1 F1089.536
G1 X145.388 Y88.738 E.00372
;WIDTH:0.634306
G1 F1014.566
G1 X145.414 Y88.815 E.004
;WIDTH:0.674999
G1 F949.248
G1 X145.441 Y88.892 E.00429
G1 X132.392 Y101.941 E.9699
G1 X132.23 Y102.997 E.05615
G1 X146.496 Y88.731 E1.06036
G1 X147.481 Y88.64 E.05199
G1 X132.136 Y103.985 E1.14056
G1 X132.105 Y104.91 E.04864
G1 X148.404 Y88.611 E1.21147
G1 X149.286 Y88.623 E.04636
G1 X132.123 Y105.785 E1.27565
G1 X132.185 Y106.618 E.0439
G1 X150.118 Y88.685 E1.33292
G1 X150.912 Y88.785 E.04206
G1 X132.284 Y107.413 E1.38458
G1 X132.415 Y108.176 E.04069
G1 X151.673 Y88.917 E1.43144
G1 X152.409 Y89.076 E.03957
G1 X132.577 Y108.908 E1.47407
G1 X132.768 Y109.61 E.03824
G1 X153.11 Y89.268 E1.51197
G1 X153.788 Y89.484 E.0374
M73 P21 R30
G1 X132.984 Y110.288 E1.54631
G1 X133.223 Y110.943 E.03665
G1 X154.443 Y89.723 E1.57723
G1 X155.076 Y89.984 E.03599
G1 X133.482 Y111.578 E1.60503
G1 X133.767 Y112.187 E.03534
M73 P21 R29
G1 X155.69 Y90.263 E1.62952
G1 X156.278 Y90.57 E.03486
G1 X134.068 Y112.78 E1.65082
G1 X134.391 Y113.35 E.03443
G1 X156.848 Y90.893 E1.66918
G1 X157.403 Y91.232 E.03418
G1 X134.735 Y113.901 E1.6849
G1 X135.095 Y114.434 E.0338
G1 X157.937 Y91.593 E1.69775
G1 X158.45 Y91.974 E.03358
G1 X135.471 Y114.952 E1.70794
G1 X135.867 Y115.45 E.03344
G1 X158.949 Y92.368 E1.71563
G1 X159.431 Y92.78 E.03333
G1 X136.283 Y115.928 E1.72054
G1 X136.711 Y116.394 E.03325
M73 P22 R29
G1 X159.892 Y93.213 E1.72299
G1 X160.337 Y93.661 E.03319
G1 X137.161 Y116.837 E1.72262
G1 X137.625 Y117.268 E.03328
G1 X160.769 Y94.124 E1.72024
G1 X161.179 Y94.608 E.03334
G1 X138.107 Y117.68 E1.71489
G1 X138.609 Y118.072 E.03348
G1 X161.575 Y95.106 E1.70701
G1 X161.948 Y95.626 E.03363
G1 X139.127 Y118.448 E1.69627
G1 X139.661 Y118.808 E.03385
G1 X162.305 Y96.163 E1.68311
G1 X162.646 Y96.716 E.03415
G1 X140.215 Y119.147 E1.66724
G1 X140.79 Y119.466 E.03456
G1 X162.969 Y97.287 E1.64851
G1 X163.267 Y97.883 E.03502
G1 X141.381 Y119.769 E1.62673
G1 X141.997 Y120.047 E.03552
G1 X163.547 Y98.497 E1.60176
G1 X163.808 Y99.129 E.03594
M73 P23 R29
G1 X142.632 Y120.306 E1.574
G1 X143.287 Y120.545 E.03665
G1 X164.042 Y99.79 E1.54267
G1 X164.254 Y100.471 E.03749
G1 X143.971 Y120.754 E1.50759
G1 X144.677 Y120.942 E.0384
G1 X164.442 Y101.177 E1.46909
G1 X164.603 Y101.911 E.03949
G1 X145.411 Y121.103 E1.4265
G1 X146.177 Y121.231 E.04082
G1 X164.731 Y102.677 E1.37908
G1 X164.823 Y103.479 E.04243
G1 X146.977 Y121.324 E1.32641
G1 X147.816 Y121.379 E.04419
G1 X164.879 Y104.316 E1.26825
G1 X164.892 Y105.197 E.04631
G1 X148.697 Y121.392 E1.20374
G1 X149.629 Y121.353 E.04903
G1 X164.857 Y106.126 E1.13182
G1 X164.756 Y107.121 E.05256
G1 X150.618 Y121.258 E1.05081
G1 E-8 F7200
G1 Z1 F3000
G1 X164.613 Y109.116 F12000
G1 Z.8 F3000
G1 E8 F7200
;WIDTH:0.55292
G1 F1176.471
G1 X164.828 Y108.195 E.04011
;WIDTH:0.674999
G1 F949.248
G1 X164.583 Y108.188 E.01288
G1 X151.688 Y121.083 E.95846
G1 X151.698 Y121.163 E.00424
M73 P23 R28
;WIDTH:0.634306
G1 F1014.566
G1 X151.709 Y121.242 E.00392
;WIDTH:0.593613
G1 F1089.536
G1 X151.719 Y121.322 E.00369
;WIDTH:0.55292
G1 F1176.471
G1 X152.617 Y121.109 E.03914
;WIDTH:0.674999
G1 F949.248
G1 X152.865 Y120.8 E.02082
G1 X164.3 Y109.365 E.84994
G1 X164.218 Y110.214 E.04483
;WIDTH:0.55292
G1 F1176.471
G1 X164.173 Y110.169 E.0027
G1 X164.112 Y110.185 E.00267
G1 X164.095 Y110.247 E.00273
G1 X164.14 Y110.292 E.0027
G1 X164.202 Y110.276 E.00272
;WIDTH:0.593613
G1 F1089.536
G1 X164.095 Y110.409 E.00782
;WIDTH:0.634306
G1 F1014.566
G1 X163.988 Y110.543 E.00843
;WIDTH:0.674999
G1 F949.248
G1 X163.881 Y110.677 E.00901
G1 X154.177 Y120.381 E.72128
G1 X154.043 Y120.489 E.00905
;WIDTH:0.634306
G1 F1014.566
G1 X153.909 Y120.597 E.00846
;WIDTH:0.593613
G1 F1089.536
G1 X153.776 Y120.705 E.00785
;WIDTH:0.55292
G1 F1176.471
G1 X153.714 Y120.722 E.00273
G1 X153.669 Y120.677 E.0027
G1 X153.685 Y120.615 E.00272
G1 X153.747 Y120.598 E.00273
G1 X153.792 Y120.644 E.00273
G1 E-8 F7200
G1 Z1 F3000
M73 P24 R28
G1 X155.342 Y120.066 F12000
G1 Z.8 F3000
G1 E8 F7200
G1 F1176.471
G1 X155.28 Y120.083 E.00273
G1 X155.235 Y120.037 E.00273
G1 X155.251 Y119.976 E.00267
G1 X155.313 Y119.959 E.00273
G1 X155.358 Y120.004 E.0027
;WIDTH:0.593613
G1 F1089.536
G1 X155.487 Y119.906 E.00742
;WIDTH:0.634306
G1 F1014.566
G1 X155.615 Y119.807 E.00796
;WIDTH:0.674999
G1 F949.248
G1 X155.743 Y119.709 E.00847
G1 X163.321 Y112.118 E.56374
;WIDTH:0.634306
G1 F1014.566
G1 X163.442 Y111.984 E.00888
;WIDTH:0.593613
G1 F1089.536
G1 X163.563 Y111.85 E.00827
;WIDTH:0.55292
G1 F1176.471
G1 X163.501 Y111.867 E.00273
G1 X163.456 Y111.822 E.0027
G1 X163.472 Y111.76 E.00272
G1 X163.534 Y111.744 E.00272
G1 X163.579 Y111.789 E.0027
G1 E-8 F7200
G1 Z1 F3000
G1 X162.258 Y114.012 F12000
G1 Z.8 F3000
G1 E8 F7200
;WIDTH:0.5672
G1 F1144.427
G1 X162.243 Y114.27 E.01127
;WIDTH:0.55292
G1 F1176.471
G1 X161.317 Y115.359 E.06062
;WIDTH:0.578902
G1 F1119.441
G1 X160.721 Y116.004 E.03914
;WIDTH:0.601844
G1 F1073.491
G1 X159.723 Y117.012 E.06592
;WIDTH:0.592372
G1 F1091.997
G1 X159.084 Y117.613 E.04008
;WIDTH:0.55292
G1 F1176.471
G1 X158.439 Y118.189 E.03667
G1 X157.83 Y118.704 E.03382
G1 X157.756 Y118.749 E.00367
;WIDTH:0.569596
G1 F1139.22
G1 X157.512 Y118.76 E.0107
;WIDTH:0.604731
G1 F1067.976
G1 X157.661 Y118.635 E.00909
;WIDTH:0.639865
G1 F1005.118
G1 X157.81 Y118.511 E.00962
;WIDTH:0.674999
G1 F949.248
G1 X157.959 Y118.387 E.01019
G1 X161.887 Y114.459 E.29196
;LAYER_CHANGE
;Z:1
;HEIGHT:0.2

G1 E-8 F7200
G1 Z1 F3000
;AFTER_LAYER_CHANGE
;1
G92 E0
_ON_LAYER_CHANGE LAYER=5
G1 Z1.2
G1 X148.504 Y85.339 F12000
G1 Z1 F3000
G1 E8 F7200
;TYPE:External perimeter
G1 F949.248
G1 X148.561 Y85.338 E.003
G1 X149.529 Y85.365 E.0509
G1 X150.555 Y85.445 E.05409
G1 X151.576 Y85.58 E.05413
G1 X152.589 Y85.768 E.05415
G1 X153.255 Y85.921 E.03592
G1 X154.249 Y86.197 E.05422
G1 X155.225 Y86.523 E.05408
G1 X156.183 Y86.901 E.05413
G1 X157.12 Y87.328 E.05412
G1 X157.784 Y87.668 E.03921
G1 X158.627 Y88.146 E.05093
G1 X159.496 Y88.7 E.05416
G1 X160.056 Y89.092 E.03593
G1 X160.874 Y89.719 E.05417
G1 X161.657 Y90.388 E.05413
G1 X162.404 Y91.097 E.05413
G1 X162.921 Y91.635 E.03922
G1 X163.562 Y92.361 E.0509
G1 X164.203 Y93.167 E.05412
G1 X164.801 Y94.005 E.05411
G1 X165.354 Y94.873 E.05409
G1 X165.862 Y95.77 E.05418
G1 X166.172 Y96.379 E.03592
G1 X166.6 Y97.319 E.05428
G1 X166.856 Y97.952 E.03589
G1 X167.2 Y98.924 E.05419
G1 X167.492 Y99.911 E.0541
G1 X167.733 Y100.912 E.05411
G1 X167.92 Y101.924 E.05409
G1 X168.055 Y102.945 E.05413
G1 X168.135 Y103.971 E.05409
G1 X168.162 Y105 E.0541
G1 X168.135 Y106.03 E.05415
G1 X168.088 Y106.712 E.03593
G1 X167.971 Y107.736 E.05417
G1 X167.801 Y108.752 E.05414
G1 X167.578 Y109.757 E.05411
G1 X167.303 Y110.749 E.0541
G1 X166.977 Y111.725 E.05408
G1 X166.599 Y112.684 E.05418
G1 X166.321 Y113.308 E.0359
G1 X165.861 Y114.231 E.0542
G1 X165.354 Y115.127 E.05411
G1 X164.8 Y115.996 E.05416
G1 X164.408 Y116.556 E.03593
G1 X163.781 Y117.374 E.05417
G1 X163.112 Y118.157 E.05413
G1 X162.403 Y118.903 E.05409
G1 X161.656 Y119.613 E.05417
G1 X161.14 Y120.061 E.03591
G1 X160.333 Y120.703 E.0542
G1 X159.495 Y121.301 E.05411
G1 X158.627 Y121.854 E.05409
G1 X157.731 Y122.361 E.05411
G1 X156.81 Y122.82 E.05408
G1 X155.864 Y123.231 E.05421
G1 X155.226 Y123.476 E.03592
G1 X154.249 Y123.803 E.05415
G1 X153.257 Y124.078 E.0541
G1 X152.252 Y124.301 E.05411
G1 X151.235 Y124.471 E.05419
G1 X150.557 Y124.555 E.03591
G1 X149.529 Y124.635 E.05419
G1 X148.5 Y124.662 E.0541
G1 X147.471 Y124.635 E.0541
G1 X146.443 Y124.555 E.05419
G1 X145.765 Y124.471 E.03591
G1 X144.747 Y124.301 E.05424
G1 X144.078 Y124.159 E.03594
G1 X143.08 Y123.901 E.05418
G1 X142.099 Y123.591 E.05407
G1 X141.134 Y123.231 E.05413
G1 X140.19 Y122.82 E.05411
G1 X139.268 Y122.36 E.05415
G1 X138.67 Y122.029 E.03592
G1 X137.791 Y121.49 E.05419
G1 X136.943 Y120.907 E.05409
G1 X136.126 Y120.281 E.0541
G1 X135.343 Y119.612 E.05413
G1 X134.597 Y118.903 E.05409
G1 X133.887 Y118.156 E.05417
G1 X133.399 Y117.592 E.0392
G1 X132.797 Y116.833 E.05092
G1 X132.199 Y115.995 E.05411
G1 X131.646 Y115.127 E.05409
G1 X131.139 Y114.231 E.05411
G1 X130.679 Y113.309 E.05415
G1 X130.377 Y112.627 E.0392
G1 X130.023 Y111.725 E.05093
G1 X129.697 Y110.749 E.05408
G1 X129.422 Y109.757 E.0541
G1 X129.199 Y108.752 E.05411
G1 X129.029 Y107.735 E.05419
G1 X128.939 Y106.995 E.03918
G1 X128.865 Y106.029 E.05092
G1 X128.838 Y104.999 E.05415
G1 X128.852 Y104.253 E.03921
G1 X128.912 Y103.286 E.05092
G1 X129.029 Y102.264 E.05406
G1 X129.199 Y101.248 E.05414
G1 X129.422 Y100.243 E.05411
G1 X129.697 Y99.251 E.0541
G1 X130.023 Y98.275 E.05408
G1 X130.401 Y97.317 E.05413
G1 X130.828 Y96.38 E.05412
G1 X131.168 Y95.716 E.03921
G1 X131.646 Y94.873 E.05093
G1 X132.199 Y94.005 E.05409
G1 X132.798 Y93.166 E.05418
G1 X133.258 Y92.579 E.0392
G1 X133.888 Y91.843 E.05092
G1 X134.597 Y91.097 E.05409
G1 X135.343 Y90.388 E.05409
G1 X136.126 Y89.719 E.05413
G1 X136.944 Y89.092 E.05417
G1 X137.556 Y88.666 E.03919
G1 X138.373 Y88.146 E.0509
G1 X139.269 Y87.639 E.05411
G1 X140.19 Y87.18 E.05408
G1 X141.134 Y86.769 E.05411
G1 X142.099 Y86.409 E.05413
G1 X143.08 Y86.099 E.05407
G1 X144.078 Y85.841 E.05418
G1 X144.747 Y85.699 E.03594
G1 X145.764 Y85.529 E.05419
G1 X146.786 Y85.412 E.05406
G1 X147.815 Y85.35 E.05418
G1 X148.474 Y85.339 E.03464
G1 X149.074 Y85.352 F12000
G1 X148.497 Y86.134
;TYPE:Perimeter
G1 E-10F300
G1 F12000.0
T1
G1 E20F300
;WIDTH:0.999999
G1 F626.907
G1 X148.556 Y86.133 E.0047
G1 X149.487 Y86.158 E.07412
G1 X150.472 Y86.236 E.07863
G1 X151.452 Y86.365 E.07866
G1 X152.428 Y86.546 E.079
G1 X153.06 Y86.692 E.05162
G1 X154.016 Y86.957 E.07895
G1 X154.953 Y87.27 E.07862
G1 X155.872 Y87.632 E.0786
G1 X156.774 Y88.044 E.07892
G1 X157.407 Y88.368 E.05659
G1 X158.217 Y88.827 E.07409
G1 X159.055 Y89.361 E.07908
G1 X159.586 Y89.733 E.0516
G1 X160.374 Y90.337 E.07901
G1 X161.125 Y90.979 E.07863
G1 X161.844 Y91.661 E.07887
G1 X162.337 Y92.174 E.05662
G1 X162.953 Y92.872 E.07409
G1 X163.568 Y93.645 E.07861
G1 X164.142 Y94.449 E.07862
G1 X164.673 Y95.282 E.07861
G1 X165.161 Y96.147 E.07904
G1 X165.456 Y96.725 E.05164
G1 X165.735 Y97.337 E.05353
G1 X165.991 Y97.933 E.05162
G1 X166.279 Y98.704 E.0655
G1 X166.584 Y99.643 E.07857
G1 X166.84 Y100.597 E.07861
G1 X167.045 Y101.563 E.07859
G1 X167.2 Y102.538 E.07857
G1 X167.303 Y103.52 E.07858
G1 X167.368 Y105 E.11789
G1 X167.342 Y105.992 E.07897
G1 X167.296 Y106.64 E.0517
G1 X167.184 Y107.626 E.07897
G1 X167.021 Y108.6 E.07859
G1 X166.807 Y109.565 E.07866
G1 X166.543 Y110.516 E.07854
G1 X166.23 Y111.453 E.07862
G1 X165.866 Y112.377 E.07903
G1 X165.602 Y112.969 E.05158
G1 X165.159 Y113.858 E.07905
G1 X164.673 Y114.717 E.07854
G1 X164.139 Y115.555 E.07908
G1 X163.767 Y116.086 E.0516
G1 X163.163 Y116.874 E.07901
G1 X162.521 Y117.625 E.07863
G1 X161.841 Y118.341 E.07858
G1 X161.121 Y119.025 E.07903
G1 X160.632 Y119.45 E.05156
G1 X159.855 Y120.068 E.07901
G1 X159.051 Y120.642 E.07862
G1 X158.217 Y121.173 E.07868
G1 X157.358 Y121.659 E.07854
G1 X156.474 Y122.1 E.07862
G1 X155.563 Y122.496 E.07905
G1 X154.958 Y122.728 E.05157
G1 X154.016 Y123.043 E.07905
G1 X153.065 Y123.307 E.07854
G1 X152.1 Y123.521 E.07866
G1 X151.121 Y123.685 E.079
G1 X150.477 Y123.764 E.05163
G1 X149.487 Y123.842 E.07903
G1 X148.5 Y123.868 E.07857
G1 X147.513 Y123.842 E.07857
G1 X146.523 Y123.764 E.07903
G1 X145.879 Y123.685 E.05163
G1 X144.895 Y123.52 E.0794
G1 X144.26 Y123.385 E.05166
G1 X143.299 Y123.137 E.07898
G1 X142.357 Y122.84 E.0786
G1 X141.432 Y122.494 E.07859
G1 X140.526 Y122.1 E.07862
G1 X139.638 Y121.657 E.07897
G1 X139.07 Y121.342 E.05169
G1 X138.224 Y120.824 E.07894
G1 X137.41 Y120.264 E.07863
G1 X136.626 Y119.663 E.07861
G1 X135.875 Y119.021 E.07863
G1 X135.159 Y118.341 E.07858
G1 X134.476 Y117.622 E.07892
G1 X134.011 Y117.085 E.05653
G1 X133.432 Y116.355 E.07415
G1 X132.858 Y115.551 E.07862
G1 X132.327 Y114.718 E.07861
G1 X131.841 Y113.858 E.07861
G1 X131.399 Y112.97 E.07894
G1 X131.111 Y112.32 E.05658
G1 X130.771 Y111.454 E.07404
G1 X130.457 Y110.516 E.07872
G1 X130.193 Y109.565 E.07854
G1 X129.979 Y108.6 E.07866
G1 X129.815 Y107.622 E.07892
G1 X129.73 Y106.916 E.05659
G1 X129.658 Y105.988 E.07407
G1 X129.632 Y104.996 E.07897
G1 X129.646 Y104.286 E.05651
G1 X129.704 Y103.356 E.07415
G1 X129.816 Y102.374 E.07866
G1 X129.979 Y101.4 E.07859
G1 X130.193 Y100.435 E.07866
G1 X130.457 Y99.484 E.07854
G1 X130.77 Y98.547 E.07862
G1 X131.132 Y97.628 E.0786
G1 X131.544 Y96.726 E.07892
G1 X131.868 Y96.093 E.05659
G1 X132.327 Y95.283 E.07409
G1 X132.858 Y94.449 E.07868
G1 X133.434 Y93.642 E.0789
G1 X133.873 Y93.083 E.05656
G1 X134.478 Y92.376 E.07405
G1 X135.159 Y91.659 E.0787
G1 X135.875 Y90.979 E.07858
G1 X136.626 Y90.337 E.07863
G1 X137.413 Y89.734 E.0789
G1 X137.996 Y89.327 E.05658
G1 X138.782 Y88.828 E.07409
G1 X139.642 Y88.341 E.07865
G1 X140.526 Y87.9 E.07862
G1 X141.432 Y87.506 E.07862
G1 X142.357 Y87.16 E.07859
G1 X143.299 Y86.863 E.0786
G1 X144.261 Y86.615 E.07906
G1 X144.895 Y86.48 E.05159
G1 X145.874 Y86.316 E.079
G1 X146.856 Y86.204 E.07866
G1 X147.845 Y86.144 E.07885
G1 X148.467 Y86.134 E.04951
G1 X148.489 Y87.091 F12000
G1 F626.907
G1 X148.55 Y87.09 E.00486
G1 X149.436 Y87.114 E.07054
G1 X150.372 Y87.188 E.07472
G1 X151.302 Y87.31 E.07464
G1 X152.233 Y87.483 E.07536
G1 X152.824 Y87.619 E.04826
M73 P25 R28
G1 X153.736 Y87.872 E.07532
G1 X154.626 Y88.17 E.07469
G1 X155.498 Y88.514 E.0746
G1 X156.358 Y88.905 E.07518
G1 X156.953 Y89.21 E.05321
G1 X157.723 Y89.647 E.07046
G1 X158.523 Y90.157 E.0755
G1 X159.02 Y90.505 E.04828
G1 X159.771 Y91.081 E.07532
G1 X160.484 Y91.69 E.07462
G1 X161.169 Y92.34 E.07515
G1 X161.633 Y92.822 E.05324
G1 X162.219 Y93.487 E.07054
G1 X162.804 Y94.221 E.0747
G1 X163.348 Y94.985 E.07464
G1 X163.852 Y95.776 E.07464
G1 X164.318 Y96.6 E.07534
G1 X164.594 Y97.14 E.04826
G1 X164.864 Y97.734 E.05193
G1 X165.104 Y98.292 E.04834
G1 X165.377 Y99.024 E.06217
G1 X165.667 Y99.915 E.07457
G1 X165.909 Y100.82 E.07455
G1 X166.104 Y101.737 E.07461
G1 X166.251 Y102.663 E.07462
G1 X166.349 Y103.595 E.07458
G1 X166.41 Y105 E.11192
G1 X166.385 Y105.946 E.07531
G1 X166.343 Y106.552 E.04834
G1 X166.236 Y107.493 E.07537
G1 X166.081 Y108.417 E.07456
G1 X165.878 Y109.333 E.07467
G1 X165.628 Y110.236 E.07457
G1 X165.33 Y111.126 E.07469
G1 X164.983 Y112.007 E.07535
G1 X164.736 Y112.561 E.04827
G1 X164.314 Y113.408 E.07531
G1 X163.852 Y114.224 E.07462
G1 X163.343 Y115.023 E.07539
G1 X162.995 Y115.52 E.04828
G1 X162.419 Y116.271 E.07532
G1 X161.81 Y116.984 E.07462
G1 X161.164 Y117.664 E.07464
G1 X160.478 Y118.316 E.07532
G1 X160.02 Y118.714 E.04829
G1 X159.279 Y119.304 E.07538
G1 X158.515 Y119.848 E.07464
G1 X157.724 Y120.352 E.07464
G1 X156.908 Y120.814 E.07462
G1 X156.069 Y121.232 E.0746
G1 X155.201 Y121.61 E.07534
G1 X154.634 Y121.827 E.04831
G1 X153.736 Y122.128 E.07537
G1 X152.833 Y122.378 E.07457
G1 X151.917 Y122.581 E.07467
G1 X150.984 Y122.737 E.07528
G1 X150.381 Y122.811 E.04835
G1 X149.437 Y122.886 E.07536
G1 X148.5 Y122.91 E.07459
G1 X147.563 Y122.886 E.07459
G1 X146.619 Y122.811 E.07536
G1 X146.016 Y122.737 E.04835
G1 X145.074 Y122.58 E.076
G1 X144.48 Y122.453 E.04834
G1 X143.563 Y122.216 E.07537
G1 X142.669 Y121.934 E.0746
G1 X141.791 Y121.606 E.07459
G1 X140.931 Y121.232 E.07463
G1 X140.084 Y120.81 E.07531
G1 X139.553 Y120.515 E.04834
G1 X138.745 Y120.021 E.07537
G1 X137.973 Y119.49 E.07457
G1 X137.229 Y118.919 E.07464
G1 X136.516 Y118.31 E.07462
G1 X135.836 Y117.664 E.07464
G1 X135.185 Y116.979 E.0752
G1 X134.748 Y116.474 E.05315
G1 X134.197 Y115.78 E.07052
G1 X133.652 Y115.015 E.07475
G1 X133.148 Y114.224 E.07464
G1 X132.686 Y113.408 E.07462
G1 X132.265 Y112.563 E.07513
G1 X131.994 Y111.952 E.05319
G1 X131.67 Y111.127 E.07054
G1 X131.372 Y110.236 E.07477
G1 X131.122 Y109.333 E.07457
G1 X130.919 Y108.417 E.07467
G1 X130.763 Y107.486 E.07512
G1 X130.683 Y106.822 E.05322
G1 X130.614 Y105.938 E.07056
G1 X130.59 Y104.993 E.07523
G1 X130.603 Y104.325 E.05317
G1 X130.658 Y103.44 E.07057
G1 X130.764 Y102.507 E.07473
G1 X130.919 Y101.583 E.07456
G1 X131.122 Y100.667 E.07467
G1 X131.372 Y99.764 E.07457
G1 X131.67 Y98.874 E.07469
G1 X132.014 Y98.002 E.0746
G1 X132.405 Y97.142 E.07518
G1 X132.71 Y96.547 E.05321
G1 X133.147 Y95.777 E.07046
G1 X133.652 Y94.985 E.07475
G1 X134.2 Y94.216 E.07515
G1 X134.613 Y93.69 E.05322
G1 X135.189 Y93.017 E.0705
G1 X135.836 Y92.336 E.07475
G1 X136.516 Y91.69 E.07464
G1 X137.229 Y91.081 E.07462
G1 X137.978 Y90.506 E.07515
G1 X138.527 Y90.124 E.05323
G1 X139.275 Y89.649 E.07052
G1 X140.092 Y89.186 E.07473
G1 X140.931 Y88.768 E.0746
G1 X141.791 Y88.394 E.07463
G1 X142.669 Y88.066 E.07459
G1 X143.563 Y87.784 E.0746
G1 X144.48 Y87.547 E.07537
G1 X145.074 Y87.42 E.04834
G1 X146.007 Y87.264 E.07528
G1 X146.939 Y87.158 E.07465
G1 X147.882 Y87.1 E.07519
G1 X148.459 Y87.092 E.04592
G1 X148.48 Y88.048 F12000
G1 F626.907
G1 X148.545 Y88.047 E.00517
G1 X149.386 Y88.07 E.06695
G1 X150.272 Y88.14 E.07073
G1 X151.152 Y88.256 E.07064
G1 X152.038 Y88.42 E.07171
G1 X152.588 Y88.547 E.04492
G1 X153.456 Y88.788 E.07169
G1 X154.298 Y89.07 E.07067
G1 X155.124 Y89.395 E.07064
G1 X155.941 Y89.767 E.07144
G1 X156.498 Y90.053 E.04983
G1 X157.23 Y90.468 E.06696
G1 X157.991 Y90.953 E.07182
G1 X158.454 Y91.277 E.04497
G1 X159.169 Y91.825 E.07169
G1 X159.844 Y92.402 E.07067
G1 X160.495 Y93.019 E.07138
G1 X160.929 Y93.471 E.04987
G1 X161.485 Y94.102 E.06693
G1 X162.039 Y94.798 E.07079
G1 X162.554 Y95.52 E.07058
G1 X163.031 Y96.269 E.07067
G1 X163.475 Y97.053 E.0717
G1 X163.731 Y97.556 E.04492
G1 X163.993 Y98.131 E.05029
G1 X164.216 Y98.65 E.04495
G1 X164.475 Y99.343 E.05888
G1 X164.749 Y100.187 E.07062
G1 X164.979 Y101.044 E.07061
G1 X165.163 Y101.912 E.07061
G1 X165.302 Y102.788 E.07059
G1 X165.395 Y103.67 E.07058
G1 X165.453 Y105 E.10594
G1 X165.429 Y105.9 E.07165
G1 X165.39 Y106.464 E.04499
G1 X165.288 Y107.359 E.07169
G1 X165.141 Y108.235 E.07069
G1 X164.949 Y109.101 E.07059
G1 X164.712 Y109.956 E.07061
G1 X164.43 Y110.798 E.07067
G1 X164.1 Y111.636 E.07167
G1 X163.87 Y112.153 E.04503
G1 X163.468 Y112.959 E.07168
G1 X163.031 Y113.731 E.0706
G1 X162.547 Y114.491 E.07171
G1 X162.223 Y114.954 E.04497
G1 X161.675 Y115.669 E.07169
G1 X161.098 Y116.344 E.07067
G1 X160.487 Y116.987 E.07059
G1 X159.834 Y117.607 E.07166
G1 X159.407 Y117.978 E.04502
G1 X158.702 Y118.539 E.0717
G1 X157.98 Y119.054 E.07058
G1 X157.231 Y119.531 E.07067
G1 X156.459 Y119.968 E.0706
G1 X155.664 Y120.364 E.07068
G1 X154.838 Y120.724 E.07171
G1 X154.311 Y120.926 E.04491
G1 X153.456 Y121.212 E.07175
G1 X152.601 Y121.449 E.07061
G1 X151.735 Y121.641 E.07059
G1 X150.846 Y121.79 E.07173
G1 X150.285 Y121.859 E.04498
G1 X149.387 Y121.929 E.07168
G1 X148.5 Y121.953 E.07061
G1 X147.613 Y121.929 E.07061
G1 X146.715 Y121.859 E.07168
G1 X146.154 Y121.79 E.04498
G1 X145.252 Y121.639 E.07278
G1 X144.699 Y121.522 E.04498
G1 X143.827 Y121.296 E.07169
G1 X142.981 Y121.029 E.0706
G1 X142.149 Y120.718 E.07069
G1 X141.336 Y120.364 E.07057
G1 X140.529 Y119.962 E.07175
G1 X140.035 Y119.688 E.04496
G1 X139.267 Y119.218 E.07166
G1 X138.535 Y118.715 E.07068
G1 X137.831 Y118.175 E.07061
G1 X137.156 Y117.598 E.07067
G1 X136.513 Y116.987 E.07059
G1 X135.895 Y116.336 E.07143
G1 X135.485 Y115.863 E.04981
G1 X134.962 Y115.204 E.06695
G1 X134.446 Y114.48 E.07075
G1 X133.969 Y113.731 E.07067
G1 X133.532 Y112.959 E.0706
G1 X133.131 Y112.156 E.07143
G1 X132.878 Y111.583 E.04985
G1 X132.57 Y110.8 E.06696
G1 X132.288 Y109.956 E.07082
G1 X132.051 Y109.101 E.07061
G1 X131.859 Y108.235 E.07059
G1 X131.711 Y107.349 E.07149
G1 X131.636 Y106.728 E.04978
G1 X131.571 Y105.889 E.06697
G1 X131.547 Y104.99 E.07157
G1 X131.559 Y104.364 E.04983
G1 X131.612 Y103.524 E.06698
G1 X131.712 Y102.641 E.07072
G1 X131.859 Y101.765 E.07069
G1 X132.051 Y100.899 E.07059
G1 X132.288 Y100.044 E.07061
G1 X132.57 Y99.202 E.07067
G1 X132.895 Y98.376 E.07064
G1 X133.267 Y97.559 E.07144
G1 X133.553 Y97.002 E.04983
G1 X133.968 Y96.27 E.06696
G1 X134.446 Y95.52 E.07078
G1 X134.967 Y94.789 E.07144
G1 X135.353 Y94.297 E.04977
G1 X135.9 Y93.658 E.06694
G1 X136.513 Y93.013 E.07081
G1 X137.156 Y92.402 E.07059
G1 X137.831 Y91.825 E.07067
G1 X138.543 Y91.279 E.0714
G1 X139.057 Y90.921 E.04985
G1 X139.767 Y90.47 E.06694
G1 X140.541 Y90.032 E.07077
G1 X141.335 Y89.636 E.07061
G1 X142.149 Y89.282 E.07064
G1 X142.981 Y88.971 E.07069
G1 X143.827 Y88.704 E.0706
G1 X144.699 Y88.478 E.07169
G1 X145.252 Y88.361 E.04498
G1 X146.141 Y88.212 E.07173
G1 X147.022 Y88.112 E.07056
G1 X147.918 Y88.057 E.07144
G1 X148.45 Y88.049 E.04234
G1 E-8 F7200
G1 Z1.2 F3000
G1 X135.765 Y115.631 F12000
G1 Z1 F3000
G1 E8 F7200
;TYPE:Solid infill
G1 E-10F300
G1 F12000.0
T0
G1 E16F300
G1 F12000.0
;WIDTH:0.55292
G1 F1176.471
G1 X136.794 Y116.706 E.06311
G1 X137.415 Y117.311 E.03677
G1 X136.794 Y116.706 E.03677
G1 X135.98 Y115.862 E.04973
G1 E-8 F7200
G1 Z1.2 F3000
G1 X134.494 Y113.604 F12000
G1 Z1 F3000
G1 E8 F7200
G1 F1176.471
G1 X134.449 Y113.649 E.0027
G1 X134.466 Y113.71 E.00269
G1 X134.527 Y113.727 E.00269
G1 X134.573 Y113.682 E.00273
G1 X134.556 Y113.62 E.00273
;WIDTH:0.593613
G1 F1089.536
G1 X134.661 Y113.784 E.00892
;WIDTH:0.634306
G1 F1014.566
G1 X134.765 Y113.948 E.00955
;WIDTH:0.674999
G1 F949.248
G1 X134.87 Y114.112 E.01023
G1 X139.378 Y118.62 E.33507
G1 X139.521 Y118.72 E.00917
;WIDTH:0.634306
G1 F1014.566
G1 X139.665 Y118.819 E.00859
;WIDTH:0.593613
G1 F1089.536
G1 X139.808 Y118.919 E.00799
;WIDTH:0.55292
G1 F1176.471
G1 X139.763 Y118.964 E.0027
G1 X139.78 Y119.025 E.00269
G1 X139.841 Y119.042 E.00269
G1 X139.886 Y118.997 E.0027
G1 X139.87 Y118.935 E.00272
G1 E-8 F7200
G1 Z1.2 F3000
M73 P26 R28
G1 X141.885 Y120.05 F12000
G1 Z1 F3000
G1 E8 F7200
G1 F1176.471
G1 X141.84 Y120.095 E.0027
G1 X141.857 Y120.157 E.00273
G1 X141.918 Y120.174 E.00269
G1 X141.964 Y120.128 E.00276
G1 X141.947 Y120.067 E.00269
;WIDTH:0.593613
G1 F1089.536
G1 X141.783 Y119.979 E.00852
;WIDTH:0.634306
G1 F1014.566
G1 X141.619 Y119.891 E.00915
;WIDTH:0.674999
G1 F949.248
G1 X141.455 Y119.803 E.00978
G1 X133.697 Y112.045 E.57663
G1 E-8 F7200
G1 Z1.2 F3000
G1 X132.767 Y110.009 F12000
G1 Z1 F3000
G1 E8 F7200
;WIDTH:0.55292
G1 F1176.471
G1 X132.722 Y110.054 E.0027
G1 X132.738 Y110.116 E.00272
G1 X132.8 Y110.132 E.00272
G1 X132.845 Y110.087 E.0027
G1 X132.828 Y110.026 E.00269
;WIDTH:0.593613
G1 F1089.536
G1 X132.906 Y110.189 E.00827
;WIDTH:0.634306
G1 F1014.566
G1 X132.983 Y110.352 E.00886
;WIDTH:0.674999
G1 F949.248
G1 X133.061 Y110.515 E.0095
G1 X142.982 Y120.437 E.73744
G1 X143.126 Y120.509 E.00846
;WIDTH:0.634306
G1 F1014.566
G1 X143.269 Y120.581 E.00787
;WIDTH:0.593613
G1 F1089.536
G1 X143.413 Y120.652 E.00735
;WIDTH:0.55292
G1 F1176.471
G1 X143.368 Y120.698 E.00273
G1 X143.384 Y120.759 E.00267
G1 X143.446 Y120.776 E.00273
G1 X143.491 Y120.731 E.0027
G1 X143.474 Y120.669 E.00273
G1 E-8 F7200
G1 Z1.2 F3000
G1 X145.363 Y121.339 F12000
G1 Z1 F3000
G1 E8 F7200
G1 F1176.471
G1 X144.527 Y121.149 E.03636
;WIDTH:0.593613
G1 F1089.536
G1 X144.444 Y121.046 E.00606
;WIDTH:0.634306
G1 F1014.566
G1 X144.361 Y120.942 E.00654
;WIDTH:0.674999
G1 F949.248
G1 X144.278 Y120.839 E.00695
G1 X132.66 Y109.221 E.86354
G1 X132.351 Y108.973 E.02082
;WIDTH:0.55292
G1 F1176.471
G1 X132.161 Y108.138 E.03631
;WIDTH:0.593613
G1 F1089.536
G1 X132.238 Y108.112 E.00372
;WIDTH:0.634306
G1 F1014.566
G1 X132.315 Y108.086 E.004
;WIDTH:0.674999
G1 F949.248
G1 X132.392 Y108.059 E.00429
G1 X145.441 Y121.108 E.9699
G1 X146.5 Y121.273 E.05633
G1 X132.228 Y107.001 E1.0608
G1 X132.137 Y106.016 E.05199
G1 X147.483 Y121.362 E1.14063
G1 X148.41 Y121.395 E.04875
G1 X132.105 Y105.09 E1.21191
G1 X132.125 Y104.216 E.04595
G1 X149.285 Y121.377 E1.2755
G1 X150.118 Y121.315 E.0439
M73 P26 R27
G1 X132.186 Y103.384 E1.33281
G1 X132.284 Y102.588 E.04215
G1 X150.912 Y121.216 E1.38458
G1 X151.676 Y121.085 E.04074
G1 X132.415 Y101.824 E1.43162
G1 X132.577 Y101.092 E.0394
G1 X152.408 Y120.923 E1.47399
G1 X153.11 Y120.732 E.03824
G1 X132.768 Y100.39 E1.51197
G1 X132.984 Y99.712 E.0374
G1 X153.788 Y120.516 E1.54631
G1 X154.446 Y120.28 E.03674
G1 X133.223 Y99.057 E1.57746
G1 X133.484 Y98.424 E.03599
M73 P27 R27
G1 X155.075 Y120.015 E1.60481
G1 X155.687 Y119.733 E.03542
G1 X133.763 Y97.81 E1.62952
G1 X134.068 Y97.22 E.03491
G1 X156.28 Y119.432 E1.65097
G1 X156.85 Y119.109 E.03443
G1 X134.391 Y96.649 E1.66936
G1 X134.735 Y96.099 E.0341
G1 X157.401 Y118.765 E1.68471
G1 X157.934 Y118.405 E.0338
G1 X135.095 Y95.566 E1.69757
G1 X135.47 Y95.047 E.03365
G1 X158.452 Y118.029 E1.7082
G1 X158.95 Y117.633 E.03344
G1 X135.867 Y94.55 E1.71571
G1 X136.28 Y94.069 E.03332
G1 X159.432 Y117.221 E1.72083
G1 X159.892 Y116.787 E.03324
G1 X136.713 Y93.608 E1.72284
G1 X137.161 Y93.163 E.03319
G1 X160.337 Y116.339 E1.72262
G1 X160.768 Y115.875 E.03328
M73 P28 R27
G1 X137.625 Y92.732 E1.72016
G1 X138.107 Y92.32 E.03333
G1 X161.18 Y115.393 E1.71496
G1 X161.572 Y114.891 E.03348
G1 X138.609 Y91.928 E1.70679
G1 X139.125 Y91.55 E.03362
G1 X161.95 Y114.376 E1.69657
G1 X162.305 Y113.837 E.03392
G1 X139.662 Y91.194 E1.683
G1 X140.216 Y90.854 E.03416
G1 X162.646 Y113.284 E1.66717
G1 X162.969 Y112.713 E.03448
G1 X140.787 Y90.531 E1.64874
G1 X141.383 Y90.233 E.03502
G1 X163.267 Y112.117 E1.62659
G1 X163.55 Y111.506 E.03539
G1 X141.997 Y89.953 E1.60198
G1 X142.632 Y89.694 E.03604
G1 X163.806 Y110.868 E1.57381
G1 X164.042 Y110.21 E.03674
G1 X143.288 Y89.456 E1.5426
G1 X143.968 Y89.242 E.03747
M73 P29 R27
G1 X164.254 Y109.529 E1.50785
G1 X164.442 Y108.823 E.0384
M73 P29 R26
G1 X144.677 Y89.058 E1.46909
G1 X145.411 Y88.897 E.03949
G1 X164.603 Y108.089 E1.4265
G1 X164.731 Y107.323 E.04082
G1 X146.177 Y88.769 E1.37908
G1 X146.977 Y88.676 E.04233
G1 X164.824 Y106.523 E1.32653
G1 X164.879 Y105.684 E.04419
G1 X147.815 Y88.62 E1.26833
G1 X148.7 Y88.611 E.04652
G1 X164.892 Y104.803 E1.20351
G1 X164.853 Y103.871 E.04903
G1 X149.629 Y88.647 E1.13156
G1 X150.623 Y88.746 E.0525
G1 X164.754 Y102.877 E1.05032
G1 E-8 F7200
G1 Z1.2 F3000
G1 X152.616 Y88.887 F12000
G1 Z1 F3000
G1 E8 F7200
;WIDTH:0.55292
G1 F1176.471
G1 X151.741 Y88.685 E.03808
;WIDTH:0.674999
G1 F949.248
G1 X151.691 Y88.921 E.01268
G1 X164.579 Y101.809 E.95793
G1 X164.657 Y101.788 E.00425
;WIDTH:0.634306
G1 F1014.566
G1 X164.735 Y101.767 E.00397
;WIDTH:0.593613
G1 F1089.536
G1 X164.813 Y101.746 E.0037
;WIDTH:0.55292
G1 F1176.471
G1 X164.614 Y100.887 E.03739
;WIDTH:0.674999
G1 F949.248
G1 X164.304 Y100.639 E.02087
G1 X152.865 Y89.2 E.85023
G1 X153.714 Y89.282 E.04483
;WIDTH:0.55292
G1 F1176.471
G1 X153.669 Y89.327 E.0027
G1 X153.685 Y89.388 E.00267
G1 X153.747 Y89.405 E.00273
G1 X153.792 Y89.36 E.0027
G1 X153.776 Y89.298 E.00272
;WIDTH:0.593613
G1 F1089.536
G1 X153.909 Y89.405 E.00782
;WIDTH:0.634306
G1 F1014.566
G1 X154.043 Y89.512 E.00843
;WIDTH:0.674999
G1 F949.248
G1 X154.177 Y89.619 E.00901
G1 X163.877 Y99.319 E.72098
G1 X163.984 Y99.452 E.00897
;WIDTH:0.634306
G1 F1014.566
G1 X164.092 Y99.585 E.00842
;WIDTH:0.593613
G1 F1089.536
G1 X164.199 Y99.718 E.00782
;WIDTH:0.55292
G1 F1176.471
G1 X164.216 Y99.779 E.00269
G1 X164.171 Y99.825 E.00273
G1 X164.109 Y99.808 E.00273
G1 X164.092 Y99.746 E.00273
G1 X164.138 Y99.701 E.00273
G1 E-8 F7200
G1 Z1.2 F3000
G1 X163.568 Y98.161 F12000
G1 Z1 F3000
G1 E8 F7200
G1 F1176.471
G1 X163.584 Y98.223 E.00272
G1 X163.539 Y98.268 E.0027
G1 X163.478 Y98.251 E.00269
G1 X163.461 Y98.19 E.00269
G1 X163.506 Y98.145 E.0027
;WIDTH:0.593613
G1 F1089.536
G1 X163.408 Y98.016 E.00742
;WIDTH:0.634306
G1 F1014.566
G1 X163.31 Y97.888 E.00793
;WIDTH:0.674999
G1 F949.248
G1 X163.212 Y97.759 E.00851
G1 X155.607 Y90.17 E.56467
;WIDTH:0.634306
G1 F1014.566
G1 X155.473 Y90.051 E.00881
;WIDTH:0.593613
G1 F1089.536
G1 X155.339 Y89.932 E.00821
;WIDTH:0.55292
G1 F1176.471
G1 X155.356 Y89.994 E.00273
G1 X155.311 Y90.039 E.0027
G1 X155.249 Y90.023 E.00272
G1 X155.233 Y89.961 E.00272
G1 X155.278 Y89.916 E.0027
G1 E-8 F7200
G1 Z1.2 F3000
G1 X157.497 Y91.23 F12000
G1 Z1 F3000
G1 E8 F7200
;WIDTH:0.56289
G1 F1153.913
G1 X157.795 Y91.267 E.01298
;WIDTH:0.55292
G1 F1176.471
G1 X158.871 Y92.193 E.0602
;WIDTH:0.5789
G1 F1119.445
G1 X159.504 Y92.779 E.03844
;WIDTH:0.60174
G1 F1073.691
G1 X160.552 Y93.819 E.0686
;WIDTH:0.589902
G1 F1096.928
G1 X161.112 Y94.415 E.0372
;WIDTH:0.55292
G1 F1176.471
G1 X162.204 Y95.67 E.07055
G1 X162.265 Y95.919 E.01087
;WIDTH:0.567204
G1 F1144.418
G1 X162.258 Y95.988 E.00302
;WIDTH:0.603136
G1 F1071.016
G1 X162.134 Y95.839 E.00903
;WIDTH:0.639068
G1 F1006.463
G1 X162.011 Y95.69 E.00958
;WIDTH:0.674999
G1 F949.248
G1 X161.887 Y95.541 E.01019
G1 X157.944 Y91.597 E.29311
;LAYER_CHANGE
;Z:1.2
;HEIGHT:0.2

G1 E-8 F7200
G1 Z1.2 F3000
;AFTER_LAYER_CHANGE
;1.2
G92 E0
_ON_LAYER_CHANGE LAYER=6
G1 Z1.4
G1 X148.504 Y85.339 F12000
G1 Z1.2 F3000
G1 E8 F7200
;TYPE:External perimeter
G1 F949.248
M73 P30 R26
G1 X148.575 Y85.338 E.00373
G1 X149.529 Y85.365 E.05016
G1 X150.555 Y85.445 E.05409
G1 X151.576 Y85.58 E.05413
G1 X152.589 Y85.768 E.05415
G1 X153.255 Y85.921 E.03592
G1 X154.249 Y86.197 E.05422
G1 X155.225 Y86.523 E.05408
G1 X156.183 Y86.901 E.05413
G1 X157.119 Y87.328 E.05407
G1 X158.032 Y87.803 E.05409
G1 X158.921 Y88.326 E.05421
G1 X159.494 Y88.698 E.03591
G1 X160.334 Y89.298 E.05425
G1 X160.932 Y89.767 E.03994
G1 X161.657 Y90.388 E.05017
G1 X162.404 Y91.098 E.05417
G1 X162.879 Y91.589 E.03591
G1 X163.562 Y92.361 E.05417
G1 X164.203 Y93.167 E.05412
G1 X164.801 Y94.005 E.05411
G1 X165.354 Y94.873 E.05409
G1 X165.861 Y95.769 E.05411
G1 X166.32 Y96.69 E.05408
G1 X166.731 Y97.636 E.05421
G1 X166.976 Y98.274 E.03592
G1 X167.303 Y99.251 E.05415
G1 X167.578 Y100.243 E.0541
G1 X167.801 Y101.248 E.05411
G1 X167.971 Y102.265 E.05419
G1 X168.055 Y102.943 E.03591
G1 X168.135 Y103.971 E.05419
G1 X168.15 Y105.685 E.09009
G1 X168.088 Y106.714 E.05418
G1 X167.971 Y107.736 E.05406
G1 X167.801 Y108.752 E.05414
G1 X167.578 Y109.757 E.05411
G1 X167.303 Y110.749 E.0541
G1 X166.977 Y111.725 E.05408
G1 X166.599 Y112.684 E.05418
G1 X166.321 Y113.308 E.0359
G1 X165.861 Y114.231 E.0542
G1 X165.354 Y115.127 E.05411
G1 X164.8 Y115.996 E.05416
G1 X164.408 Y116.556 E.03593
G1 X163.781 Y117.374 E.05417
G1 X163.112 Y118.157 E.05413
G1 X162.402 Y118.904 E.05417
G1 X161.911 Y119.379 E.03591
G1 X161.139 Y120.062 E.05417
G1 X160.333 Y120.703 E.05412
G1 X159.494 Y121.302 E.05418
G1 X158.921 Y121.674 E.03591
G1 X158.032 Y122.197 E.05421
G1 X157.119 Y122.672 E.05409
G1 X156.183 Y123.099 E.05407
G1 X155.224 Y123.477 E.05418
G1 X154.577 Y123.7 E.03597
G1 X153.589 Y123.992 E.05415
G1 X152.588 Y124.233 E.05411
G1 X151.576 Y124.42 E.05409
G1 X150.555 Y124.555 E.05413
G1 X149.529 Y124.635 E.05409
G1 X148.499 Y124.662 E.05415
G1 X147.815 Y124.65 E.03595
G1 X146.786 Y124.588 E.05418
G1 X145.764 Y124.471 E.05406
G1 X144.748 Y124.301 E.05414
G1 X143.743 Y124.078 E.05411
G1 X142.751 Y123.803 E.0541
G1 X141.774 Y123.476 E.05415
G1 X141.136 Y123.231 E.03592
G1 X140.19 Y122.82 E.05421
G1 X139.269 Y122.361 E.05408
G1 X138.373 Y121.854 E.05411
G1 X137.505 Y121.301 E.05409
G1 X136.666 Y120.702 E.05418
G1 X136.127 Y120.281 E.03595
G1 X135.343 Y119.612 E.05417
G1 X134.597 Y118.903 E.05409
G1 X133.888 Y118.157 E.05409
G1 X133.219 Y117.374 E.05413
G1 X132.593 Y116.557 E.0541
G1 X132.009 Y115.708 E.05416
G1 X131.647 Y115.128 E.03593
G1 X131.139 Y114.231 E.05418
G1 X130.68 Y113.31 E.05408
G1 X130.269 Y112.364 E.05421
G1 X130.024 Y111.726 E.03592
G1 X129.697 Y110.749 E.05415
G1 X129.422 Y109.757 E.0541
G1 X129.199 Y108.751 E.05416
G1 X129.069 Y108.002 E.03995
G1 X128.945 Y107.055 E.0502
G1 X128.865 Y106.029 E.05409
G1 X128.838 Y105 E.0541
G1 X128.865 Y103.971 E.0541
G1 X128.945 Y102.945 E.05409
G1 X129.08 Y101.924 E.05413
G1 X129.267 Y100.911 E.05414
G1 X129.44 Y100.171 E.03994
G1 X129.697 Y99.251 E.0502
G1 X130.023 Y98.275 E.05408
G1 X130.401 Y97.317 E.05413
G1 X130.828 Y96.38 E.05412
G1 X131.175 Y95.703 E.03998
G1 X131.646 Y94.873 E.05016
G1 X132.199 Y94.005 E.05409
G1 X132.798 Y93.166 E.05418
G1 X133.218 Y92.627 E.03591
G1 X133.888 Y91.843 E.0542
G1 X134.597 Y91.097 E.05409
G1 X135.343 Y90.388 E.05409
G1 X136.127 Y89.719 E.05417
G1 X136.727 Y89.253 E.03993
G1 X137.505 Y88.699 E.0502
G1 X138.373 Y88.146 E.05409
G1 X139.269 Y87.639 E.05411
G1 X140.19 Y87.18 E.05408
G1 X141.136 Y86.769 E.05421
G1 X141.774 Y86.524 E.03592
G1 X142.751 Y86.197 E.05415
G1 X143.743 Y85.922 E.0541
G1 X144.748 Y85.699 E.05411
G1 X145.764 Y85.529 E.05414
G1 X146.786 Y85.412 E.05406
G1 X147.815 Y85.35 E.05418
G1 X148.474 Y85.34 E.03464
G1 X149.074 Y85.352 F12000
G1 X148.497 Y86.134
;TYPE:Perimeter
G1 E-10F300
G1 F12000.0
T1
G1 E20F300
;WIDTH:0.999999
G1 F626.907
G1 X148.57 Y86.133 E.00581
G1 X149.487 Y86.158 E.073
G1 X150.472 Y86.236 E.07863
G1 X151.452 Y86.365 E.07866
G1 X152.428 Y86.546 E.079
G1 X153.06 Y86.692 E.05162
G1 X154.016 Y86.957 E.07895
G1 X154.953 Y87.27 E.07862
G1 X155.872 Y87.632 E.0786
G1 X156.771 Y88.042 E.07863
G1 X157.647 Y88.498 E.07859
G1 X158.503 Y89.002 E.07905
G1 X159.047 Y89.355 E.05161
G1 X159.858 Y89.934 E.0793
G1 X160.427 Y90.381 E.05758
G1 X161.124 Y90.978 E.07303
G1 X161.845 Y91.662 E.07909
G1 X162.296 Y92.129 E.05167
G1 X162.953 Y92.872 E.07893
G1 X163.568 Y93.645 E.07861
G1 X164.142 Y94.449 E.07862
G1 X164.673 Y95.283 E.07868
G1 X165.159 Y96.142 E.07854
G1 X165.6 Y97.026 E.07862
G1 X165.996 Y97.937 E.07905
G1 X166.228 Y98.542 E.05157
G1 X166.543 Y99.484 E.07905
G1 X166.807 Y100.435 E.07854
G1 X167.021 Y101.4 E.07866
G1 X167.185 Y102.379 E.079
G1 X167.264 Y103.023 E.05163
G1 X167.342 Y104.013 E.07903
G1 X167.356 Y105.654 E.1306
G1 X167.296 Y106.644 E.07893
G1 X167.184 Y107.626 E.07866
G1 X167.021 Y108.6 E.07859
G1 X166.807 Y109.565 E.07866
G1 X166.543 Y110.516 E.07854
G1 X166.23 Y111.453 E.07862
G1 X165.866 Y112.377 E.07903
G1 X165.602 Y112.969 E.05158
G1 X165.159 Y113.858 E.07905
G1 X164.673 Y114.718 E.07861
G1 X164.139 Y115.555 E.07901
G1 X163.767 Y116.086 E.0516
G1 X163.163 Y116.874 E.07901
G1 X162.521 Y117.625 E.07863
G1 X161.838 Y118.345 E.07898
G1 X161.371 Y118.796 E.05167
G1 X160.628 Y119.453 E.07893
G1 X159.855 Y120.068 E.07861
G1 X159.047 Y120.645 E.07901
G1 X158.503 Y120.998 E.05161
G1 X157.647 Y121.502 E.07905
G1 X156.771 Y121.958 E.07859
G1 X155.872 Y122.368 E.07863
G1 X154.949 Y122.731 E.07893
G1 X154.335 Y122.943 E.05169
G1 X153.383 Y123.225 E.07902
G1 X152.423 Y123.455 E.07856
G1 X151.452 Y123.635 E.07859
G1 X150.472 Y123.764 E.07866
G1 X149.487 Y123.842 E.07863
G1 X148.495 Y123.868 E.07897
G1 X147.846 Y123.856 E.05166
G1 X146.856 Y123.796 E.07893
G1 X145.874 Y123.684 E.07866
G1 X144.9 Y123.521 E.07859
G1 X143.935 Y123.307 E.07866
G1 X142.984 Y123.043 E.07854
G1 X142.042 Y122.728 E.07905
G1 X141.437 Y122.496 E.05157
G1 X140.526 Y122.1 E.07905
G1 X139.642 Y121.659 E.07862
G1 X138.782 Y121.173 E.07861
G1 X137.949 Y120.642 E.07861
G1 X137.141 Y120.065 E.07901
G1 X136.63 Y119.666 E.05159
G1 X135.875 Y119.021 E.07902
G1 X135.159 Y118.341 E.07858
G1 X134.479 Y117.625 E.07858
G1 X133.837 Y116.874 E.07863
G1 X133.236 Y116.09 E.07861
G1 X132.674 Y115.272 E.07898
G1 X132.33 Y114.722 E.05163
G1 X131.841 Y113.858 E.07901
G1 X131.4 Y112.974 E.07862
G1 X131.004 Y112.063 E.07905
G1 X130.772 Y111.458 E.05157
G1 X130.457 Y110.516 E.07905
G1 X130.193 Y109.565 E.07854
G1 X129.978 Y108.597 E.07891
G1 X129.854 Y107.883 E.05767
G1 X129.736 Y106.973 E.07303
G1 X129.658 Y105.987 E.07871
G1 X129.632 Y105 E.07857
G1 X129.658 Y104.013 E.07857
G1 X129.736 Y103.028 E.07863
G1 X129.865 Y102.048 E.07866
G1 X130.045 Y101.074 E.07882
G1 X130.21 Y100.368 E.0577
G1 X130.457 Y99.484 E.07304
G1 X130.77 Y98.547 E.07862
G1 X131.132 Y97.628 E.0786
G1 X131.543 Y96.726 E.07888
G1 X131.874 Y96.081 E.05769
G1 X132.327 Y95.283 E.07302
G1 X132.858 Y94.449 E.07868
G1 X133.435 Y93.641 E.07901
G1 X133.834 Y93.13 E.05159
G1 X134.479 Y92.375 E.07902
G1 X135.159 Y91.659 E.07858
G1 X135.875 Y90.979 E.07858
G1 X136.629 Y90.335 E.07891
G1 X137.201 Y89.89 E.05767
G1 X137.949 Y89.359 E.073
G1 X138.782 Y88.827 E.07866
G1 X139.642 Y88.341 E.07861
G1 X140.526 Y87.9 E.07862
G1 X141.437 Y87.504 E.07905
G1 X142.042 Y87.272 E.05157
G1 X142.984 Y86.957 E.07905
G1 X143.935 Y86.693 E.07854
G1 X144.9 Y86.479 E.07866
G1 X145.874 Y86.316 E.07859
G1 X146.856 Y86.204 E.07866
G1 X147.845 Y86.144 E.07885
G1 X148.467 Y86.135 E.0495
G1 X148.489 Y87.091 F12000
G1 F626.907
G1 X148.564 Y87.09 E.00597
G1 X149.436 Y87.114 E.06942
G1 X150.372 Y87.188 E.07472
G1 X151.302 Y87.31 E.07464
G1 X152.233 Y87.483 E.07536
G1 X152.824 Y87.619 E.04826
G1 X153.736 Y87.872 E.07532
G1 X154.626 Y88.17 E.07469
G1 X155.498 Y88.514 E.0746
G1 X156.351 Y88.902 E.07458
G1 X157.183 Y89.335 E.07464
G1 X157.999 Y89.816 E.07538
G1 X158.508 Y90.147 E.04832
G1 X159.284 Y90.7 E.07583
G1 X159.82 Y91.121 E.05424
G1 X160.483 Y91.689 E.06948
G1 X161.171 Y92.342 E.07549
G1 X161.593 Y92.778 E.04829
G1 X162.22 Y93.488 E.07538
G1 X162.804 Y94.221 E.07458
G1 X163.348 Y94.985 E.07464
G1 X163.852 Y95.776 E.07464
G1 X164.314 Y96.592 E.07462
G1 X164.732 Y97.431 E.0746
G1 X165.11 Y98.299 E.07534
G1 X165.327 Y98.866 E.04831
G1 X165.628 Y99.764 E.07537
G1 X165.878 Y100.667 E.07457
G1 X166.081 Y101.583 E.07467
G1 X166.237 Y102.516 E.07528
G1 X166.311 Y103.119 E.04835
G1 X166.386 Y104.063 E.07536
G1 X166.4 Y105.616 E.1236
G1 X166.342 Y106.561 E.07535
G1 X166.236 Y107.493 E.07465
G1 X166.081 Y108.417 E.07456
G1 X165.878 Y109.333 E.07467
G1 X165.628 Y110.236 E.07457
G1 X165.33 Y111.126 E.07469
G1 X164.983 Y112.007 E.07535
G1 X164.736 Y112.561 E.04827
G1 X164.314 Y113.408 E.07531
G1 X163.852 Y114.224 E.07462
M73 P31 R26
G1 X163.343 Y115.023 E.07539
G1 X162.995 Y115.52 E.04828
G1 X162.419 Y116.271 E.07532
G1 X161.81 Y116.984 E.07462
G1 X161.158 Y117.671 E.07537
G1 X160.722 Y118.093 E.04829
G1 X160.012 Y118.72 E.07538
G1 X159.279 Y119.304 E.07458
G1 X158.508 Y119.853 E.07532
G1 X157.999 Y120.184 E.04832
G1 X157.183 Y120.665 E.07538
G1 X156.351 Y121.098 E.07464
G1 X155.498 Y121.486 E.07458
G1 X154.617 Y121.833 E.07535
G1 X154.043 Y122.031 E.04832
G1 X153.135 Y122.3 E.07536
G1 X152.224 Y122.519 E.07456
G1 X151.302 Y122.69 E.07463
G1 X150.372 Y122.812 E.07464
G1 X149.437 Y122.886 E.07464
G1 X148.491 Y122.91 E.07531
G1 X147.884 Y122.9 E.04831
G1 X146.939 Y122.842 E.07535
G1 X146.007 Y122.736 E.07465
G1 X145.083 Y122.581 E.07456
G1 X144.167 Y122.378 E.07467
G1 X143.264 Y122.128 E.07457
G1 X142.366 Y121.827 E.07537
G1 X141.799 Y121.61 E.04831
G1 X140.931 Y121.232 E.07534
G1 X140.092 Y120.814 E.0746
G1 X139.276 Y120.352 E.07462
G1 X138.485 Y119.848 E.07464
G1 X137.714 Y119.298 E.07537
G1 X137.236 Y118.925 E.04825
G1 X136.516 Y118.31 E.07536
G1 X135.836 Y117.664 E.07464
G1 X135.19 Y116.984 E.07464
G1 X134.581 Y116.271 E.07462
G1 X134.01 Y115.527 E.07464
G1 X133.474 Y114.747 E.07532
G1 X133.153 Y114.232 E.04829
G1 X132.686 Y113.408 E.07537
G1 X132.268 Y112.569 E.0746
G1 X131.89 Y111.701 E.07534
G1 X131.673 Y111.134 E.04831
G1 X131.372 Y110.236 E.07537
G1 X131.122 Y109.333 E.07457
G1 X130.918 Y108.411 E.07515
G1 X130.801 Y107.739 E.05428
G1 X130.688 Y106.874 E.06942
G1 X130.614 Y105.937 E.0748
G1 X130.59 Y105 E.07459
G1 X130.614 Y104.063 E.07459
G1 X130.688 Y103.128 E.07464
G1 X130.81 Y102.198 E.07464
G1 X130.982 Y101.27 E.07511
G1 X131.138 Y100.606 E.05428
G1 X131.372 Y99.765 E.06947
G1 X131.67 Y98.874 E.07477
G1 X132.014 Y98.002 E.0746
G1 X132.405 Y97.143 E.07511
G1 X132.716 Y96.536 E.05428
G1 X133.147 Y95.777 E.06946
G1 X133.652 Y94.985 E.07475
G1 X134.202 Y94.214 E.07537
G1 X134.575 Y93.736 E.04825
G1 X135.19 Y93.016 E.07536
G1 X135.836 Y92.336 E.07464
G1 X136.516 Y91.69 E.07464
G1 X137.234 Y91.077 E.07513
G1 X137.772 Y90.658 E.05427
G1 X138.484 Y90.153 E.06947
G1 X139.276 Y89.648 E.07475
G1 X140.092 Y89.186 E.07462
G1 X140.931 Y88.768 E.0746
G1 X141.799 Y88.39 E.07534
G1 X142.366 Y88.173 E.04831
G1 X143.264 Y87.872 E.07537
G1 X144.167 Y87.622 E.07457
G1 X145.083 Y87.419 E.07467
G1 X146.007 Y87.264 E.07456
G1 X146.939 Y87.158 E.07465
G1 X147.881 Y87.1 E.07511
G1 X148.459 Y87.092 E.046
G1 X148.48 Y88.049 F12000
G1 F626.907
G1 X148.557 Y88.048 E.00613
G1 X149.385 Y88.07 E.06592
G1 X150.272 Y88.14 E.07081
G1 X151.152 Y88.256 E.07064
G1 X152.038 Y88.42 E.07171
G1 X152.588 Y88.547 E.04492
G1 X153.456 Y88.788 E.07169
G1 X154.298 Y89.07 E.07067
G1 X155.124 Y89.395 E.07064
G1 X155.932 Y89.763 E.07066
G1 X156.719 Y90.173 E.07062
G1 X157.495 Y90.63 E.07167
G1 X157.969 Y90.938 E.04499
G1 X158.71 Y91.466 E.07241
G1 X159.213 Y91.862 E.05095
G1 X159.842 Y92.4 E.06587
G1 X160.497 Y93.022 E.07188
G1 X160.89 Y93.428 E.04497
G1 X161.487 Y94.103 E.07171
G1 X162.039 Y94.798 E.07063
G1 X162.554 Y95.52 E.07058
G1 X163.031 Y96.269 E.07067
G1 X163.468 Y97.041 E.0706
G1 X163.864 Y97.836 E.07068
G1 X164.224 Y98.662 E.07171
G1 X164.426 Y99.189 E.04491
G1 X164.712 Y100.044 E.07175
G1 X164.949 Y100.899 E.07061
G1 X165.141 Y101.765 E.07059
G1 X165.29 Y102.654 E.07173
G1 X165.359 Y103.215 E.04498
G1 X165.429 Y104.113 E.07168
G1 X165.443 Y105.578 E.11659
G1 X165.388 Y106.478 E.07176
G1 X165.288 Y107.359 E.07056
G1 X165.141 Y108.235 E.07069
G1 X164.949 Y109.101 E.07059
G1 X164.712 Y109.956 E.07061
G1 X164.43 Y110.798 E.07067
G1 X164.1 Y111.636 E.07167
G1 X163.87 Y112.153 E.04503
G1 X163.468 Y112.959 E.07168
G1 X163.031 Y113.731 E.0706
G1 X162.547 Y114.491 E.07171
G1 X162.223 Y114.954 E.04497
G1 X161.675 Y115.669 E.07169
G1 X161.098 Y116.344 E.07067
G1 X160.478 Y116.997 E.07166
G1 X160.072 Y117.39 E.04497
G1 X159.397 Y117.987 E.07171
G1 X158.702 Y118.539 E.07063
G1 X157.969 Y119.062 E.07166
G1 X157.495 Y119.37 E.04499
G1 X156.719 Y119.827 E.07167
G1 X155.932 Y120.237 E.07062
G1 X155.124 Y120.605 E.07066
G1 X154.286 Y120.935 E.07167
G1 X153.751 Y121.119 E.04502
G1 X152.888 Y121.375 E.07164
G1 X152.025 Y121.582 E.07063
G1 X151.152 Y121.744 E.07066
G1 X150.272 Y121.86 E.07064
G1 X149.387 Y121.929 E.07064
G1 X148.487 Y121.953 E.07165
G1 X147.922 Y121.943 E.04497
G1 X147.022 Y121.888 E.07176
G1 X146.141 Y121.788 E.07056
G1 X145.265 Y121.641 E.07069
G1 X144.399 Y121.449 E.07059
G1 X143.544 Y121.212 E.07061
G1 X142.689 Y120.926 E.07175
G1 X142.162 Y120.724 E.04491
G1 X141.336 Y120.364 E.07171
G1 X140.541 Y119.968 E.07068
G1 X139.769 Y119.531 E.0706
G1 X139.02 Y119.054 E.07067
G1 X138.287 Y118.531 E.07166
G1 X137.841 Y118.183 E.04502
G1 X137.156 Y117.598 E.07169
G1 X136.513 Y116.987 E.07059
G1 X135.902 Y116.344 E.07059
G1 X135.325 Y115.669 E.07067
G1 X134.785 Y114.965 E.07061
G1 X134.275 Y114.222 E.07172
G1 X133.975 Y113.743 E.04498
G1 X133.532 Y112.959 E.07166
G1 X133.136 Y112.165 E.07061
G1 X132.776 Y111.338 E.07178
G1 X132.574 Y110.811 E.04491
G1 X132.288 Y109.956 E.07175
G1 X132.051 Y109.101 E.07061
G1 X131.857 Y108.226 E.07132
G1 X131.747 Y107.595 E.05097
G1 X131.64 Y106.774 E.06589
G1 X131.571 Y105.887 E.0708
G1 X131.547 Y105 E.07061
G1 X131.571 Y104.113 E.07061
G1 X131.64 Y103.228 E.07064
G1 X131.756 Y102.348 E.07064
G1 X131.919 Y101.466 E.07138
G1 X132.065 Y100.843 E.05092
G1 X132.287 Y100.045 E.06592
G1 X132.57 Y99.202 E.07077
G1 X132.895 Y98.376 E.07064
G1 X133.267 Y97.56 E.07137
G1 X133.559 Y96.991 E.0509
G1 X133.968 Y96.271 E.0659
G1 X134.446 Y95.52 E.07084
G1 X134.969 Y94.787 E.07166
G1 X135.317 Y94.341 E.04502
G1 X135.902 Y93.656 E.07169
G1 X136.513 Y93.013 E.07059
G1 X137.156 Y92.402 E.07059
G1 X137.838 Y91.819 E.0714
G1 X138.344 Y91.427 E.05094
G1 X139.018 Y90.947 E.06585
G1 X139.769 Y90.469 E.07084
G1 X140.541 Y90.032 E.0706
G1 X141.335 Y89.636 E.07061
G1 X142.162 Y89.276 E.07178
M73 P31 R25
G1 X142.689 Y89.074 E.04491
G1 X143.544 Y88.788 E.07175
G1 X144.399 Y88.551 E.07061
G1 X145.265 Y88.359 E.07059
G1 X146.141 Y88.212 E.07069
G1 X147.022 Y88.112 E.07056
G1 X147.918 Y88.057 E.07144
G1 X148.45 Y88.049 E.04234
G1 X148.244 Y88.612 F12000
;TYPE:Internal infill
G1 E-10F300
G1 F12000.0
T0
G1 E16F300
G1 F12000.0
;WIDTH:0.675
G1 F949.248
G1 X149.356 Y88.625 E.05845
G1 X150.202 Y88.723 E.04476
G1 X150.509 Y89.063 E.02408
G1 X150.612 Y89.402 E.01862
G1 X150.56 Y90.08 E.03574
G1 X150.37 Y90.758 E.03701
G1 X150.082 Y91.436 E.03872
G1 X149.66 Y92.114 E.04197
G1 X149.01 Y92.793 E.0494
G1 X147.985 Y93.471 E.06459
G1 X146.798 Y94.149 E.07185
G1 X146.491 Y94.488 E.02404
G1 X146.388 Y94.827 E.01862
G1 X146.44 Y95.505 E.03574
G1 X146.63 Y96.184 E.03706
G1 X146.918 Y96.862 E.03872
G1 X147.34 Y97.54 E.04197
G1 X147.99 Y98.218 E.04936
G1 X149.015 Y98.896 E.06459
G1 X150.202 Y99.574 E.07185
G1 X150.509 Y99.914 E.02408
G1 X150.612 Y100.253 E.01862
G1 X150.56 Y100.931 E.03574
G1 X150.37 Y101.609 E.03701
G1 X150.082 Y102.287 E.03872
G1 X149.66 Y102.965 E.04197
G1 X149.01 Y103.644 E.0494
G1 X147.985 Y104.322 E.06459
G1 X146.798 Y105 E.07185
G1 X146.491 Y105.339 E.02404
G1 X146.388 Y105.678 E.01862
G1 X146.44 Y106.356 E.03574
G1 X146.63 Y107.035 E.03706
G1 X146.918 Y107.713 E.03872
G1 X147.34 Y108.391 E.04197
G1 X147.99 Y109.069 E.04936
G1 X149.015 Y109.747 E.06459
G1 X150.202 Y110.426 E.07187
G1 X150.509 Y110.765 E.02404
G1 X150.612 Y111.104 E.01862
G1 X150.56 Y111.782 E.03574
G1 X150.37 Y112.46 E.03701
G1 X150.082 Y113.138 E.03872
G1 X149.66 Y113.816 E.04197
G1 X149.01 Y114.495 E.0494
G1 X147.985 Y115.173 E.06459
G1 X146.798 Y115.851 E.07185
G1 X146.491 Y116.19 E.02404
G1 X146.388 Y116.529 E.01862
G1 X146.44 Y117.207 E.03574
G1 X146.63 Y117.886 E.03706
G1 X146.918 Y118.564 E.03872
G1 X147.34 Y119.242 E.04197
G1 X147.99 Y119.92 E.04936
G1 X150.228 Y121.306 E.13835
G1 X151.991 Y121.019 E.09388
G1 X151.814 Y120.598 E.024
G1 X151.866 Y119.92 E.03574
G1 X152.056 Y119.242 E.03701
G1 X152.344 Y118.564 E.03872
G1 X152.765 Y117.886 E.04194
G1 X153.415 Y117.207 E.0494
G1 X154.441 Y116.529 E.06463
G1 X155.627 Y115.851 E.0718
G1 X155.935 Y115.512 E.02407
G1 X156.037 Y115.173 E.01861
G1 X155.985 Y114.495 E.03574
G1 X155.795 Y113.816 E.03706
G1 X155.507 Y113.138 E.03872
G1 X155.086 Y112.46 E.04194
G1 X154.436 Y111.782 E.04936
G1 X153.41 Y111.104 E.06463
G1 X152.224 Y110.426 E.0718
G1 X151.916 Y110.086 E.02411
G1 X151.814 Y109.747 E.01861
G1 X151.866 Y109.069 E.03574
G1 X152.056 Y108.391 E.03701
G1 X152.344 Y107.713 E.03872
G1 X152.765 Y107.035 E.04194
G1 X153.415 Y106.356 E.0494
G1 X154.441 Y105.678 E.06463
G1 X155.627 Y105 E.0718
G1 X155.935 Y104.661 E.02407
G1 X156.037 Y104.322 E.01861
G1 X155.985 Y103.644 E.03574
G1 X155.795 Y102.965 E.03706
G1 X155.507 Y102.287 E.03872
G1 X155.086 Y101.609 E.04194
G1 X154.436 Y100.931 E.04936
G1 X153.41 Y100.253 E.06463
G1 X152.224 Y99.574 E.07183
G1 X151.916 Y99.235 E.02407
G1 X151.814 Y98.896 E.01861
G1 X151.866 Y98.218 E.03574
G1 X152.056 Y97.54 E.03701
G1 X152.344 Y96.862 E.03872
G1 X152.765 Y96.184 E.04194
G1 X153.415 Y95.505 E.0494
G1 X154.441 Y94.827 E.06463
G1 X155.627 Y94.149 E.0718
G1 X155.935 Y93.81 E.02407
M73 P32 R25
G1 X156.037 Y93.471 E.01861
G1 X155.985 Y92.793 E.03574
G1 X155.795 Y92.114 E.03706
G1 X155.507 Y91.436 E.03872
G1 X155.086 Y90.758 E.04194
G1 X154.436 Y90.08 E.04936
G1 X153.24 Y89.304 E.07493
G1 X151.396 Y88.866 E.09961
G1 E-8 F7200
G1 Z1.4 F3000
G1 X133.221 Y99.064 F12000
G1 Z1.2 F3000
G1 E8 F7200
G1 F949.248
G1 X132.635 Y100.866 E.09959
G1 X133.384 Y101.609 E.05545
G1 X133.805 Y102.287 E.04194
G1 X134.093 Y102.965 E.03872
G1 X134.283 Y103.644 E.03706
G1 X134.335 Y104.322 E.03574
G1 X134.233 Y104.661 E.01861
G1 X133.925 Y105 E.02407
G1 X132.142 Y106.073 E.10937
G1 X132.373 Y107.954 E.0996
G1 E-8 F7200
G1 Z1.4 F3000
G1 X134.967 Y114.249 F12000
G1 Z1.2 F3000
G1 E8 F7200
G1 F949.248
G1 X136.125 Y115.75 E.09964
G1 X137.134 Y115.173 E.06109
G1 X138.159 Y114.495 E.06459
G1 X138.809 Y113.816 E.0494
G1 X139.231 Y113.138 E.04197
G1 X139.519 Y112.46 E.03872
G1 X139.709 Y111.782 E.03701
G1 X139.761 Y111.104 E.03574
G1 X139.658 Y110.765 E.01862
G1 X139.351 Y110.426 E.02404
G1 X138.164 Y109.747 E.07187
G1 X137.139 Y109.069 E.06459
G1 X136.489 Y108.391 E.04936
G1 X136.067 Y107.713 E.04197
G1 X135.779 Y107.035 E.03872
G1 X135.589 Y106.356 E.03706
G1 X135.537 Y105.678 E.03574
G1 X135.64 Y105.339 E.01862
G1 X135.947 Y105 E.02404
G1 X137.134 Y104.322 E.07185
G1 X138.159 Y103.644 E.06459
G1 X138.809 Y102.965 E.0494
G1 X139.231 Y102.287 E.04197
G1 X139.519 Y101.609 E.03872
G1 X139.709 Y100.931 E.03701
G1 X139.761 Y100.253 E.03574
G1 X139.658 Y99.914 E.01862
G1 X139.351 Y99.574 E.02408
G1 X138.164 Y98.896 E.07185
G1 X137.139 Y98.218 E.06459
G1 X136.489 Y97.54 E.04936
G1 X136.067 Y96.862 E.04197
G1 X135.779 Y96.184 E.03872
G1 X135.589 Y95.505 E.03706
G1 X135.547 Y94.949 E.02931
G1 X136.499 Y93.833 E.0771
G1 X138.159 Y92.793 E.10295
G1 X138.809 Y92.114 E.0494
G1 X139.185 Y91.51 E.03739
G1 X140.802 Y90.522 E.09959
G1 X142.863 Y89.602 E.11862
G1 X143.585 Y90.08 E.04551
G1 X144.235 Y90.758 E.04936
G1 X144.656 Y91.436 E.04194
G1 X144.944 Y92.114 E.03872
G1 X145.134 Y92.793 E.03706
G1 X145.186 Y93.471 E.03574
G1 X145.084 Y93.81 E.01861
G1 X144.776 Y94.149 E.02407
G1 X143.59 Y94.827 E.0718
G1 X142.564 Y95.505 E.06463
G1 X141.914 Y96.184 E.0494
G1 X141.493 Y96.862 E.04194
G1 X141.205 Y97.54 E.03872
G1 X141.015 Y98.218 E.03701
G1 X140.963 Y98.896 E.03574
G1 X141.065 Y99.235 E.01861
G1 X141.373 Y99.574 E.02407
G1 X142.559 Y100.253 E.07183
G1 X143.585 Y100.931 E.06463
G1 X144.235 Y101.609 E.04936
G1 X144.656 Y102.287 E.04194
G1 X144.944 Y102.965 E.03872
G1 X145.134 Y103.644 E.03706
G1 X145.186 Y104.322 E.03574
G1 X145.084 Y104.661 E.01861
G1 X144.776 Y105 E.02407
G1 X143.59 Y105.678 E.0718
G1 X142.564 Y106.356 E.06463
G1 X141.914 Y107.035 E.0494
G1 X141.493 Y107.713 E.04194
G1 X141.205 Y108.391 E.03872
G1 X141.015 Y109.069 E.03701
G1 X140.963 Y109.747 E.03574
G1 X141.065 Y110.086 E.01861
G1 X141.373 Y110.426 E.02411
G1 X142.559 Y111.104 E.0718
G1 X143.585 Y111.782 E.06463
G1 X144.235 Y112.46 E.04936
G1 X144.656 Y113.138 E.04194
G1 X144.944 Y113.816 E.03872
G1 X145.134 Y114.495 E.03706
G1 X145.186 Y115.173 E.03574
G1 X145.084 Y115.512 E.01861
G1 X144.776 Y115.851 E.02407
G1 X143.59 Y116.529 E.0718
G1 X142.564 Y117.207 E.06463
G1 X141.914 Y117.886 E.0494
G1 X141.493 Y118.564 E.04194
G1 X141.098 Y119.625 E.0595
G1 X142.833 Y120.387 E.09959
G1 E-8 F7200
G1 Z1.4 F3000
G1 X159.254 Y117.372 F12000
G1 Z1.2 F3000
G1 E8 F7200
G1 F949.248
G1 X157.756 Y118.532 E.09958
G1 X157.481 Y117.886 E.0369
G1 X157.291 Y117.207 E.03706
G1 X157.239 Y116.529 E.03574
G1 X157.342 Y116.19 E.01862
G1 X157.649 Y115.851 E.02404
G1 X158.836 Y115.173 E.07185
G1 X159.861 Y114.495 E.06459
G1 X160.511 Y113.816 E.0494
G1 X160.933 Y113.138 E.04197
G1 X161.221 Y112.46 E.03872
G1 X161.411 Y111.782 E.03701
G1 X161.463 Y111.104 E.03574
G1 X161.36 Y110.765 E.01862
G1 X161.053 Y110.426 E.02404
G1 X159.866 Y109.747 E.07187
G1 X158.841 Y109.069 E.06459
G1 X158.191 Y108.391 E.04936
G1 X157.769 Y107.713 E.04197
G1 X157.481 Y107.035 E.03872
G1 X157.291 Y106.356 E.03706
G1 X157.239 Y105.678 E.03574
G1 X157.342 Y105.339 E.01862
G1 X157.649 Y105 E.02404
G1 X158.836 Y104.322 E.07185
G1 X159.861 Y103.644 E.06459
G1 X160.511 Y102.965 E.0494
G1 X160.933 Y102.287 E.04197
G1 X161.221 Y101.609 E.03872
G1 X161.411 Y100.931 E.03701
G1 X161.463 Y100.253 E.03574
G1 X161.36 Y99.914 E.01862
G1 X161.053 Y99.574 E.02408
G1 X159.866 Y98.896 E.07185
G1 X158.841 Y98.218 E.06459
G1 X158.191 Y97.54 E.04936
G1 X157.769 Y96.862 E.04197
G1 X157.481 Y96.184 E.03872
G1 X157.291 Y95.505 E.03706
G1 X157.239 Y94.827 E.03574
G1 X157.342 Y94.488 E.01862
G1 X157.649 Y94.149 E.02404
G1 X159.618 Y92.953 E.12108
G1 X160.934 Y94.317 E.09962
G1 E-8 F7200
G1 Z1.4 F3000
G1 X162.011 Y95.715 F12000
G1 Z1.2 F3000
G1 E8 F7200
G1 F949.248
G1 X162.994 Y97.335 E.09959
G1 X162.717 Y98.218 E.04864
G1 X162.665 Y98.896 E.03574
G1 X162.767 Y99.235 E.01861
G1 X163.075 Y99.574 E.02407
G1 X164.181 Y100.207 E.06698
G1 X164.626 Y102.049 E.0996
G1 E-8 F7200
G1 Z1.4 F3000
G1 X164.869 Y104.067 F12000
G1 Z1.2 F3000
G1 E8 F7200
G1 F949.248
G1 X164.863 Y105.961 E.09954
G1 X164.266 Y106.356 E.03762
G1 X163.616 Y107.035 E.0494
G1 X163.195 Y107.713 E.04194
G1 X162.907 Y108.391 E.03872
G1 X162.717 Y109.069 E.03701
G1 X162.665 Y109.747 E.03574
G1 X162.767 Y110.086 E.01861
G1 X163.075 Y110.426 E.02411
G1 X163.814 Y110.848 E.04473
G1 X163.038 Y112.577 E.0996
;LAYER_CHANGE
;Z:1.4
;HEIGHT:0.2

G1 E-8 F7200
G1 Z1.4 F3000
;AFTER_LAYER_CHANGE
;1.4
G92 E0
_ON_LAYER_CHANGE LAYER=7
G1 Z1.6
G1 X148.504 Y85.34 F12000
G1 Z1.4 F3000
G1 E8 F7200
;TYPE:External perimeter
;WIDTH:0.674999
G1 F949.248
G1 X148.589 Y85.338 E.00447
G1 X149.529 Y85.365 E.04942
G1 X150.555 Y85.445 E.05409
G1 X151.576 Y85.58 E.05413
G1 X152.589 Y85.768 E.05415
G1 X153.255 Y85.921 E.03592
G1 X154.249 Y86.197 E.05422
G1 X155.225 Y86.523 E.05408
G1 X156.183 Y86.901 E.05413
G1 X157.119 Y87.328 E.05407
G1 X158.033 Y87.803 E.05414
G1 X158.702 Y88.192 E.04067
G1 X159.496 Y88.699 E.04951
G1 X160.128 Y89.145 E.04065
G1 X160.874 Y89.719 E.04947
G1 X161.657 Y90.388 E.05413
G1 X162.404 Y91.098 E.05417
G1 X162.879 Y91.589 E.03591
G1 X163.562 Y92.361 E.05417
G1 X164.203 Y93.167 E.05412
G1 X164.801 Y94.005 E.05411
G1 X165.354 Y94.873 E.05409
G1 X165.862 Y95.77 E.05418
G1 X166.172 Y96.379 E.03592
G1 X166.599 Y97.317 E.05417
G1 X166.977 Y98.276 E.05418
G1 X167.2 Y98.923 E.03597
G1 X167.492 Y99.911 E.05415
G1 X167.733 Y100.912 E.05411
G1 X167.92 Y101.924 E.05409
G1 X168.055 Y102.945 E.05413
G1 X168.135 Y103.971 E.05409
G1 X168.162 Y105 E.0541
G1 X168.135 Y106.03 E.05415
G1 X168.088 Y106.712 E.03593
G1 X167.971 Y107.736 E.05417
G1 X167.801 Y108.752 E.05414
G1 X167.578 Y109.757 E.05411
G1 X167.303 Y110.749 E.0541
G1 X166.977 Y111.725 E.05408
G1 X166.599 Y112.684 E.05418
G1 X166.321 Y113.308 E.0359
G1 X165.861 Y114.231 E.0542
G1 X165.354 Y115.127 E.05411
G1 X164.8 Y115.996 E.05416
G1 X164.408 Y116.556 E.03593
G1 X163.781 Y117.374 E.05417
G1 X163.112 Y118.157 E.05413
G1 X162.403 Y118.903 E.05409
G1 X161.656 Y119.613 E.05417
G1 X161.14 Y120.061 E.03591
G1 X160.333 Y120.703 E.0542
G1 X159.495 Y121.301 E.05411
G1 X158.627 Y121.854 E.05409
G1 X157.731 Y122.361 E.05411
G1 X156.81 Y122.82 E.05408
G1 X155.864 Y123.231 E.05421
G1 X155.226 Y123.476 E.03592
G1 X154.249 Y123.803 E.05415
G1 X153.257 Y124.078 E.0541
G1 X152.252 Y124.301 E.05411
G1 X151.235 Y124.471 E.05419
G1 X150.557 Y124.555 E.03591
G1 X149.529 Y124.635 E.05419
G1 X148.5 Y124.662 E.0541
G1 X147.47 Y124.635 E.05415
G1 X146.788 Y124.588 E.03593
G1 X145.764 Y124.471 E.05417
G1 X144.748 Y124.301 E.05414
G1 X143.743 Y124.078 E.05411
G1 X142.751 Y123.803 E.0541
G1 X141.775 Y123.477 E.05408
G1 X140.817 Y123.099 E.05413
G1 X139.879 Y122.672 E.05417
G1 X139.27 Y122.362 E.03592
G1 X138.373 Y121.854 E.05418
G1 X137.505 Y121.301 E.05409
G1 X136.666 Y120.702 E.05418
G1 X136.127 Y120.282 E.03591
G1 X135.343 Y119.612 E.0542
G1 X134.597 Y118.903 E.05409
G1 X133.888 Y118.157 E.05409
G1 X133.219 Y117.374 E.05413
G1 X132.592 Y116.556 E.05417
G1 X132.15 Y115.921 E.04066
G1 X131.646 Y115.127 E.04943
G1 X131.139 Y114.231 E.05411
G1 X130.68 Y113.31 E.05408
G1 X130.269 Y112.364 E.05421
G1 X130.024 Y111.726 E.03592
G1 X129.697 Y110.749 E.05415
G1 X129.422 Y109.757 E.0541
G1 X129.199 Y108.752 E.05411
G1 X129.029 Y107.735 E.05419
G1 X128.937 Y106.967 E.04065
G1 X128.865 Y106.029 E.04944
G1 X128.838 Y105 E.0541
G1 X128.865 Y103.97 E.05415
G1 X128.921 Y103.198 E.04068
G1 X129.029 Y102.264 E.04942
G1 X129.199 Y101.248 E.05414
G1 X129.422 Y100.243 E.05411
G1 X129.697 Y99.251 E.0541
G1 X130.024 Y98.274 E.05415
G1 X130.303 Y97.553 E.04063
G1 X130.68 Y96.691 E.04945
G1 X131.139 Y95.769 E.05413
G1 X131.646 Y94.873 E.05411
G1 X132.199 Y94.005 E.05409
G1 X132.797 Y93.166 E.05415
G1 X133.276 Y92.558 E.04068
G1 X133.888 Y91.844 E.04942
G1 X134.597 Y91.097 E.05413
G1 X135.343 Y90.388 E.05409
G1 X136.126 Y89.72 E.05409
G1 X136.944 Y89.092 E.0542
G1 X137.579 Y88.65 E.04066
G1 X138.373 Y88.146 E.04943
G1 X139.269 Y87.639 E.05411
G1 X140.19 Y87.18 E.05408
G1 X141.136 Y86.769 E.05421
G1 X141.774 Y86.524 E.03592
G1 X142.751 Y86.197 E.05415
G1 X143.743 Y85.922 E.0541
G1 X144.748 Y85.699 E.05411
G1 X145.764 Y85.529 E.05414
G1 X146.786 Y85.412 E.05406
G1 X147.815 Y85.35 E.05418
G1 X148.474 Y85.34 E.03464
G1 X149.074 Y85.352 F12000
G1 X148.497 Y86.134
;TYPE:Perimeter
G1 E-10F300
G1 F12000.0
T1
G1 E20F300
;WIDTH:0.999999
G1 F626.907
G1 X148.583 Y86.133 E.00684
G1 X149.486 Y86.158 E.07189
G1 X150.472 Y86.236 E.07871
G1 X151.452 Y86.365 E.07866
G1 X152.428 Y86.546 E.079
G1 X153.06 Y86.692 E.05162
G1 X154.016 Y86.957 E.07895
G1 X154.953 Y87.27 E.07862
G1 X155.872 Y87.632 E.0786
G1 X156.771 Y88.042 E.07863
G1 X157.65 Y88.5 E.07888
G1 X158.288 Y88.871 E.05873
G1 X159.053 Y89.359 E.07221
G1 X159.657 Y89.785 E.05882
G1 X160.373 Y90.337 E.07195
G1 X161.125 Y90.979 E.07869
G1 X161.845 Y91.662 E.07898
G1 X162.296 Y92.129 E.05167
G1 X162.953 Y92.872 E.07893
M73 P33 R25
G1 X163.568 Y93.645 E.07861
G1 X164.142 Y94.449 E.07862
G1 X164.673 Y95.283 E.07868
G1 X165.161 Y96.147 E.07897
G1 X165.456 Y96.724 E.05157
G1 X165.868 Y97.628 E.07906
G1 X166.113 Y98.25 E.0532
G1 X166.337 Y98.858 E.05156
G1 X166.584 Y99.643 E.06549
G1 X166.84 Y100.597 E.07861
G1 X167.045 Y101.563 E.07859
G1 X167.2 Y102.538 E.07857
G1 X167.303 Y103.52 E.07858
G1 X167.368 Y105 E.11789
G1 X167.342 Y105.992 E.07897
G1 X167.296 Y106.64 E.0517
G1 X167.184 Y107.626 E.07897
G1 X167.021 Y108.6 E.07859
G1 X166.807 Y109.565 E.07866
G1 X166.543 Y110.516 E.07854
G1 X166.23 Y111.453 E.07862
G1 X165.866 Y112.377 E.07903
G1 X165.602 Y112.969 E.05158
G1 X165.159 Y113.858 E.07905
G1 X164.673 Y114.717 E.07854
G1 X164.139 Y115.555 E.07908
G1 X163.767 Y116.086 E.0516
G1 X163.163 Y116.874 E.07901
G1 X162.521 Y117.625 E.07863
G1 X161.841 Y118.341 E.07858
G1 X161.121 Y119.025 E.07903
G1 X160.632 Y119.45 E.05156
G1 X159.855 Y120.068 E.07901
G1 X159.051 Y120.642 E.07862
G1 X158.217 Y121.173 E.07868
G1 X157.358 Y121.659 E.07854
G1 X156.474 Y122.1 E.07862
G1 X155.563 Y122.496 E.07905
G1 X154.958 Y122.728 E.05157
G1 X154.016 Y123.043 E.07905
G1 X153.065 Y123.307 E.07854
G1 X152.1 Y123.521 E.07866
G1 X151.121 Y123.685 E.079
G1 X150.477 Y123.764 E.05163
G1 X149.487 Y123.842 E.07903
G1 X148.5 Y123.868 E.07857
G1 X147.508 Y123.842 E.07897
G1 X146.86 Y123.796 E.0517
G1 X145.874 Y123.684 E.07897
G1 X144.9 Y123.521 E.07859
G1 X143.935 Y123.307 E.07866
G1 X142.984 Y123.043 E.07854
G1 X142.047 Y122.73 E.07862
G1 X141.128 Y122.368 E.0786
G1 X140.225 Y121.956 E.07899
G1 X139.647 Y121.662 E.05161
G1 X138.782 Y121.173 E.07908
G1 X137.949 Y120.642 E.07861
G1 X137.141 Y120.065 E.07901
G1 X136.63 Y119.666 E.05159
G1 X135.875 Y119.021 E.07902
G1 X135.159 Y118.341 E.07858
G1 X134.479 Y117.625 E.07858
G1 X133.837 Y116.874 E.07863
G1 X133.234 Y116.087 E.0789
G1 X132.812 Y115.481 E.05877
G1 X132.328 Y114.718 E.07191
G1 X131.841 Y113.858 E.07865
G1 X131.4 Y112.974 E.07862
G1 X131.004 Y112.063 E.07905
G1 X130.772 Y111.458 E.05157
G1 X130.457 Y110.516 E.07905
G1 X130.193 Y109.565 E.07854
G1 X129.979 Y108.6 E.07866
G1 X129.816 Y107.623 E.07883
G1 X129.728 Y106.889 E.05883
G1 X129.658 Y105.988 E.07192
G1 X129.632 Y105 E.07865
G1 X129.658 Y104.009 E.07889
G1 X129.712 Y103.273 E.05873
G1 X129.816 Y102.375 E.07194
G1 X129.979 Y101.4 E.07867
G1 X130.193 Y100.435 E.07866
G1 X130.457 Y99.484 E.07854
G1 X130.771 Y98.544 E.07887
G1 X131.038 Y97.855 E.0588
G1 X131.4 Y97.027 E.07192
G1 X131.841 Y96.142 E.07869
G1 X132.327 Y95.283 E.07854
G1 X132.858 Y94.449 E.07868
G1 X133.434 Y93.643 E.07884
G1 X133.89 Y93.062 E.05878
G1 X134.478 Y92.376 E.0719
G1 X135.159 Y91.659 E.0787
G1 X135.875 Y90.979 E.07858
G1 X136.626 Y90.337 E.07863
G1 X137.413 Y89.734 E.0789
G1 X138.019 Y89.312 E.05877
G1 X138.782 Y88.828 E.07191
G1 X139.642 Y88.341 E.07865
G1 X140.526 Y87.9 E.07862
G1 X141.437 Y87.504 E.07905
G1 X142.042 Y87.272 E.05157
G1 X142.984 Y86.957 E.07905
G1 X143.935 Y86.693 E.07854
G1 X144.9 Y86.479 E.07866
G1 X145.874 Y86.316 E.07859
G1 X146.856 Y86.204 E.07866
G1 X147.845 Y86.144 E.07885
G1 X148.467 Y86.135 E.0495
G1 X148.489 Y87.092 F12000
G1 F626.907
G1 X148.577 Y87.09 E.007
G1 X149.436 Y87.114 E.06839
G1 X150.372 Y87.188 E.07472
G1 X151.302 Y87.31 E.07464
G1 X152.233 Y87.483 E.07536
G1 X152.824 Y87.619 E.04826
G1 X153.736 Y87.872 E.07532
G1 X154.626 Y88.17 E.07469
G1 X155.498 Y88.514 E.0746
G1 X156.351 Y88.902 E.07458
G1 X157.188 Y89.338 E.07511
G1 X157.79 Y89.688 E.05542
G1 X158.519 Y90.154 E.06886
G1 X159.089 Y90.556 E.05551
G1 X159.77 Y91.08 E.06838
G1 X160.484 Y91.69 E.07473
G1 X161.171 Y92.342 E.07537
G1 X161.593 Y92.779 E.04835
G1 X162.22 Y93.488 E.07532
G1 X162.804 Y94.221 E.07458
G1 X163.348 Y94.985 E.07464
G1 X163.852 Y95.776 E.07464
G1 X164.318 Y96.6 E.07534
G1 X164.594 Y97.14 E.04826
G1 X164.986 Y98.002 E.07536
G1 X165.222 Y98.601 E.05124
G1 X165.432 Y99.17 E.04827
G1 X165.667 Y99.915 E.06217
G1 X165.909 Y100.82 E.07455
G1 X166.104 Y101.737 E.07461
G1 X166.251 Y102.663 E.07462
G1 X166.349 Y103.595 E.07458
G1 X166.41 Y105 E.11192
G1 X166.385 Y105.946 E.07531
G1 X166.343 Y106.552 E.04834
G1 X166.236 Y107.493 E.07537
G1 X166.081 Y108.417 E.07456
G1 X165.878 Y109.333 E.07467
G1 X165.628 Y110.236 E.07457
G1 X165.33 Y111.126 E.07469
G1 X164.983 Y112.007 E.07535
G1 X164.736 Y112.561 E.04827
G1 X164.314 Y113.408 E.07531
G1 X163.852 Y114.224 E.07462
G1 X163.343 Y115.023 E.07539
G1 X162.995 Y115.52 E.04828
G1 X162.419 Y116.271 E.07532
G1 X161.81 Y116.984 E.07462
G1 X161.164 Y117.664 E.07464
G1 X160.478 Y118.316 E.07532
G1 X160.02 Y118.714 E.04829
G1 X159.279 Y119.304 E.07538
G1 X158.515 Y119.848 E.07464
G1 X157.724 Y120.352 E.07464
G1 X156.908 Y120.814 E.07462
G1 X156.069 Y121.232 E.0746
G1 X155.201 Y121.61 E.07534
G1 X154.634 Y121.827 E.04831
G1 X153.736 Y122.128 E.07537
G1 X152.833 Y122.378 E.07457
G1 X151.917 Y122.581 E.07467
G1 X150.984 Y122.737 E.07528
G1 X150.381 Y122.811 E.04835
G1 X149.437 Y122.886 E.07536
G1 X148.5 Y122.91 E.07459
G1 X147.554 Y122.885 E.07531
G1 X146.948 Y122.843 E.04834
G1 X146.007 Y122.736 E.07537
G1 X145.083 Y122.581 E.07456
G1 X144.167 Y122.378 E.07467
G1 X143.264 Y122.128 E.07457
G1 X142.374 Y121.83 E.07469
G1 X141.502 Y121.486 E.0746
G1 X140.64 Y121.094 E.07536
G1 X140.1 Y120.818 E.04826
G1 X139.276 Y120.352 E.07534
G1 X138.485 Y119.848 E.07464
G1 X137.714 Y119.298 E.07537
G1 X137.236 Y118.925 E.04825
G1 X136.516 Y118.31 E.07536
G1 X135.836 Y117.664 E.07464
G1 X135.19 Y116.984 E.07464
G1 X134.581 Y116.271 E.07462
G1 X134.007 Y115.523 E.07503
G1 X133.609 Y114.951 E.05546
G1 X133.149 Y114.226 E.06833
G1 X132.686 Y113.408 E.0748
G1 X132.268 Y112.569 E.0746
G1 X131.89 Y111.701 E.07534
G1 X131.673 Y111.134 E.04831
G1 X131.372 Y110.236 E.07537
G1 X131.122 Y109.333 E.07457
G1 X130.919 Y108.417 E.07467
G1 X130.763 Y107.487 E.07504
G1 X130.68 Y106.796 E.05539
G1 X130.614 Y105.939 E.0684
G1 X130.59 Y105 E.07475
G1 X130.615 Y104.057 E.07507
G1 X130.665 Y103.363 E.05537
G1 X130.764 Y102.509 E.06842
G1 X130.919 Y101.583 E.07472
G1 X131.122 Y100.667 E.07467
G1 X131.372 Y99.764 E.07457
G1 X131.672 Y98.869 E.07512
G1 X131.923 Y98.22 E.05538
G1 X132.267 Y97.432 E.06843
G1 X132.686 Y96.592 E.0747
G1 X133.148 Y95.776 E.07462
G1 X133.652 Y94.985 E.07464
G1 X134.2 Y94.217 E.07508
G1 X134.63 Y93.669 E.05543
G1 X135.189 Y93.017 E.06835
G1 X135.836 Y92.336 E.07475
G1 X136.516 Y91.69 E.07464
G1 X137.229 Y91.081 E.07462
G1 X137.977 Y90.507 E.07503
G1 X138.549 Y90.109 E.05546
G1 X139.274 Y89.649 E.06833
G1 X140.092 Y89.186 E.0748
G1 X140.931 Y88.768 E.0746
G1 X141.799 Y88.39 E.07534
G1 X142.366 Y88.173 E.04831
G1 X143.264 Y87.872 E.07537
G1 X144.167 Y87.622 E.07457
G1 X145.083 Y87.419 E.07467
G1 X146.007 Y87.264 E.07456
G1 X146.939 Y87.158 E.07465
G1 X147.881 Y87.1 E.07511
G1 X148.459 Y87.092 E.046
G1 X148.48 Y88.049 F12000
G1 F626.907
G1 X148.57 Y88.048 E.00716
G1 X149.385 Y88.07 E.06488
G1 X150.272 Y88.14 E.07081
G1 X151.152 Y88.256 E.07064
G1 X152.038 Y88.42 E.07171
G1 X152.588 Y88.547 E.04492
G1 X153.456 Y88.788 E.07169
G1 X154.298 Y89.07 E.07067
G1 X155.124 Y89.395 E.07064
G1 X155.932 Y89.763 E.07066
G1 X156.727 Y90.177 E.07133
G1 X157.291 Y90.505 E.05192
G1 X157.985 Y90.949 E.06557
G1 X158.521 Y91.327 E.0522
G1 X159.167 Y91.824 E.06486
G1 X159.844 Y92.402 E.07084
G1 X160.497 Y93.022 E.07166
G1 X160.89 Y93.428 E.04497
G1 X161.487 Y94.103 E.07171
G1 X162.039 Y94.798 E.07063
G1 X162.554 Y95.52 E.07058
G1 X163.031 Y96.269 E.07067
G1 X163.475 Y97.053 E.0717
G1 X163.731 Y97.556 E.04492
G1 X164.105 Y98.376 E.07172
G1 X164.332 Y98.951 E.0492
G1 X164.527 Y99.481 E.04494
G1 X164.749 Y100.187 E.0589
G1 X164.979 Y101.044 E.07061
M73 P34 R25
G1 X165.163 Y101.912 E.07061
G1 X165.302 Y102.788 E.07059
G1 X165.395 Y103.67 E.07058
G1 X165.453 Y105 E.10594
G1 X165.429 Y105.9 E.07165
G1 X165.39 Y106.464 E.04499
G1 X165.288 Y107.359 E.07169
G1 X165.141 Y108.235 E.07069
G1 X164.949 Y109.101 E.07059
G1 X164.712 Y109.956 E.07061
G1 X164.43 Y110.798 E.07067
G1 X164.1 Y111.636 E.07167
G1 X163.87 Y112.153 E.04503
G1 X163.468 Y112.959 E.07168
G1 X163.031 Y113.731 E.0706
G1 X162.547 Y114.491 E.07171
G1 X162.223 Y114.954 E.04497
G1 X161.675 Y115.669 E.07169
G1 X161.098 Y116.344 E.07067
G1 X160.487 Y116.987 E.07059
G1 X159.834 Y117.607 E.07166
G1 X159.407 Y117.978 E.04502
G1 X158.702 Y118.539 E.0717
G1 X157.98 Y119.054 E.07058
G1 X157.231 Y119.531 E.07067
G1 X156.459 Y119.968 E.0706
G1 X155.664 Y120.364 E.07068
G1 X154.838 Y120.724 E.07171
G1 X154.311 Y120.926 E.04491
G1 X153.456 Y121.212 E.07175
G1 X152.601 Y121.449 E.07061
G1 X151.735 Y121.641 E.07059
G1 X150.846 Y121.79 E.07173
G1 X150.285 Y121.859 E.04498
G1 X149.387 Y121.929 E.07168
G1 X148.5 Y121.953 E.07061
G1 X147.6 Y121.929 E.07165
G1 X147.036 Y121.89 E.04499
G1 X146.141 Y121.788 E.07169
G1 X145.265 Y121.641 E.07069
G1 X144.399 Y121.449 E.07059
G1 X143.544 Y121.212 E.07061
G1 X142.702 Y120.93 E.07067
G1 X141.876 Y120.605 E.07064
G1 X141.056 Y120.231 E.07172
G1 X140.553 Y119.975 E.04492
G1 X139.769 Y119.531 E.0717
G1 X139.02 Y119.054 E.07067
G1 X138.287 Y118.531 E.07166
G1 X137.841 Y118.183 E.04502
G1 X137.156 Y117.598 E.07169
G1 X136.513 Y116.987 E.07059
G1 X135.902 Y116.344 E.07059
G1 X135.325 Y115.669 E.07067
G1 X134.78 Y114.958 E.07129
G1 X134.407 Y114.421 E.05203
G1 X133.97 Y113.733 E.06486
G1 X133.532 Y112.959 E.07077
G1 X133.136 Y112.164 E.07068
G1 X132.776 Y111.338 E.07171
G1 X132.574 Y110.811 E.04491
G1 X132.288 Y109.956 E.07175
G1 X132.051 Y109.101 E.07061
G1 X131.859 Y108.235 E.07059
G1 X131.711 Y107.351 E.07133
G1 X131.633 Y106.702 E.05202
G1 X131.571 Y105.89 E.06481
G1 X131.547 Y105 E.07085
G1 X131.571 Y104.104 E.07133
G1 X131.618 Y103.452 E.05202
G1 X131.712 Y102.643 E.06481
G1 X131.859 Y101.765 E.07085
G1 X132.051 Y100.899 E.07059
G1 X132.288 Y100.044 E.07061
G1 X132.572 Y99.194 E.07132
G1 X132.808 Y98.584 E.05205
G1 X133.134 Y97.838 E.06479
G1 X133.532 Y97.041 E.0709
G1 X133.969 Y96.269 E.0706
G1 X134.446 Y95.52 E.07067
G1 X134.966 Y94.791 E.07126
G1 X135.37 Y94.277 E.05203
G1 X135.9 Y93.658 E.06485
G1 X136.513 Y93.013 E.07081
G1 X137.156 Y92.402 E.07059
G1 X137.831 Y91.825 E.07067
G1 X138.542 Y91.28 E.07129
G1 X139.079 Y90.907 E.05203
G1 X139.766 Y90.47 E.0648
G1 X140.541 Y90.032 E.07084
G1 X141.335 Y89.636 E.07061
G1 X142.162 Y89.276 E.07178
G1 X142.689 Y89.074 E.04491
G1 X143.544 Y88.788 E.07175
G1 X144.399 Y88.551 E.07061
G1 X145.265 Y88.359 E.07059
G1 X146.141 Y88.212 E.07069
G1 X147.022 Y88.112 E.07056
G1 X147.917 Y88.057 E.07136
G1 X148.45 Y88.049 E.04242
G1 E-8 F7200
G1 Z1.6 F3000
M73 P34 R24
G1 X158.109 Y91.715 F12000
G1 Z1.4 F3000
G1 E8 F7200
;TYPE:Internal infill
G1 E-10F300
G1 F12000.0
T0
G1 E16F300
G1 F12000.0
;WIDTH:0.675
G1 F949.248
G1 X159.577 Y92.914 E.09962
G1 X158.673 Y93.391 E.05372
G1 X157.995 Y93.638 E.03793
G1 X157.316 Y93.811 E.03683
G1 X156.977 Y93.826 E.01783
G1 X156.638 Y93.605 E.02127
G1 X155.96 Y92.133 E.08518
G1 X155.282 Y90.968 E.07084
G1 X154.604 Y90.263 E.05141
G1 X153.926 Y89.807 E.04294
G1 X153.247 Y89.481 E.03959
G1 X152.569 Y89.234 E.03793
G1 X151.891 Y89.061 E.03678
G1 X151.552 Y89.047 E.01783
G1 X151.213 Y89.268 E.02127
G1 X150.535 Y90.739 E.08513
G1 X149.856 Y91.904 E.07087
G1 X149.178 Y92.609 E.05141
G1 X148.5 Y93.066 E.04297
G1 X147.822 Y93.391 E.03952
G1 X147.144 Y93.638 E.03793
G1 X146.465 Y93.811 E.03683
G1 X146.126 Y93.826 E.01783
G1 X145.787 Y93.605 E.02127
G1 X145.109 Y92.133 E.08518
G1 X144.431 Y90.968 E.07084
G1 X143.753 Y90.263 E.05141
G1 X142.744 Y89.648 E.0621
G1 X140.802 Y90.522 E.11193
G1 X139.34 Y91.401 E.08966
G1 X139.005 Y91.904 E.03176
G1 X138.327 Y92.609 E.05141
G1 X137.649 Y93.066 E.04297
G1 X136.891 Y93.42 E.04397
G1 X135.799 Y94.629 E.08562
G1 X135.243 Y95.359 E.04823
G1 X135.954 Y96.82 E.0854
G1 X136.293 Y97.33 E.03219
G1 X136.971 Y98.035 E.05141
G1 X137.649 Y98.491 E.04294
G1 X138.327 Y98.817 E.03954
G1 X139.005 Y99.064 E.03793
G1 X139.684 Y99.237 E.03683
G1 X140.023 Y99.251 E.01783
G1 X140.362 Y99.03 E.02127
G1 X141.04 Y97.559 E.08513
G1 X141.718 Y96.394 E.07084
G1 X142.396 Y95.689 E.05141
G1 X143.074 Y95.232 E.04297
G1 X143.753 Y94.907 E.03956
G1 X144.431 Y94.66 E.03793
G1 X145.109 Y94.487 E.03678
G1 X145.448 Y94.472 E.01783
G1 X145.787 Y94.693 E.02127
G1 X146.465 Y96.165 E.08518
G1 X147.144 Y97.33 E.07087
G1 X147.822 Y98.035 E.05141
G1 X148.5 Y98.491 E.04294
G1 X149.178 Y98.817 E.03954
G1 X149.856 Y99.064 E.03793
G1 X150.535 Y99.237 E.03683
G1 X150.874 Y99.251 E.01783
G1 X151.213 Y99.03 E.02127
G1 X151.891 Y97.559 E.08513
G1 X152.569 Y96.394 E.07084
G1 X153.247 Y95.689 E.05141
G1 X153.926 Y95.232 E.04302
G1 X154.604 Y94.907 E.03952
G1 X155.282 Y94.66 E.03793
G1 X155.96 Y94.487 E.03678
G1 X156.299 Y94.472 E.01783
G1 X156.638 Y94.693 E.02127
G1 X157.316 Y96.165 E.08518
G1 X157.995 Y97.33 E.07087
G1 X158.673 Y98.035 E.05141
G1 X159.351 Y98.491 E.04294
G1 X160.029 Y98.817 E.03954
G1 X160.707 Y99.064 E.03793
G1 X161.386 Y99.237 E.03683
G1 X161.725 Y99.251 E.01783
G1 X162.064 Y99.03 E.02127
G1 X162.924 Y97.207 E.10594
G1 X163.594 Y98.593 E.08091
G1 X164.232 Y100.396 E.10052
G1 X163.42 Y100.085 E.0457
G1 X162.742 Y99.912 E.03678
G1 X162.403 Y99.898 E.01783
G1 X162.064 Y100.119 E.02127
G1 X161.386 Y101.59 E.08513
G1 X160.707 Y102.755 E.07087
G1 X160.029 Y103.46 E.05141
G1 X159.351 Y103.917 E.04297
G1 X158.673 Y104.242 E.03952
G1 X157.995 Y104.489 E.03793
G1 X157.316 Y104.662 E.03683
G1 X156.977 Y104.677 E.01783
G1 X156.638 Y104.456 E.02127
G1 X155.96 Y102.984 E.08518
G1 X155.282 Y101.819 E.07084
G1 X154.604 Y101.114 E.05141
G1 X153.926 Y100.658 E.04294
G1 X153.247 Y100.332 E.03959
G1 X151.891 Y99.912 E.07461
G1 X151.552 Y99.898 E.01783
G1 X151.213 Y100.119 E.02127
G1 X150.195 Y102.246 E.12393
G1 X149.856 Y102.755 E.03214
G1 X149.178 Y103.46 E.05141
G1 X148.5 Y103.917 E.04297
G1 X147.822 Y104.242 E.03952
G1 X146.465 Y104.662 E.07466
G1 X146.126 Y104.677 E.01783
G1 X145.787 Y104.456 E.02127
G1 X144.77 Y102.329 E.12391
G1 X144.431 Y101.819 E.03219
G1 X143.753 Y101.114 E.05141
G1 X143.074 Y100.658 E.04299
G1 X142.396 Y100.332 E.03954
G1 X141.04 Y99.912 E.07461
G1 X140.701 Y99.898 E.01783
G1 X140.362 Y100.119 E.02127
G1 X139.344 Y102.246 E.12393
G1 X139.005 Y102.755 E.03214
G1 X138.327 Y103.46 E.05141
G1 X137.649 Y103.917 E.04297
G1 X136.293 Y104.489 E.07735
G1 X135.614 Y104.662 E.03683
G1 X135.275 Y104.677 E.01783
G1 X134.936 Y104.456 E.02127
G1 X133.919 Y102.329 E.12391
G1 X133.58 Y101.819 E.03219
G1 X132.902 Y101.114 E.05141
G1 X132.62 Y100.925 E.01784
G1 X132.255 Y102.784 E.09957
G1 E-8 F7200
G1 Z1.6 F3000
G1 X132.123 Y104.24 F12000
G1 Z1.4 F3000
G1 E8 F7200
G1 F949.248
G1 X132.146 Y106.135 E.0996
G1 X132.902 Y105.758 E.0444
G1 X133.58 Y105.511 E.03793
G1 X134.258 Y105.338 E.03678
G1 X134.597 Y105.323 E.01783
G1 X134.936 Y105.544 E.02127
G1 X135.614 Y107.016 E.08518
G1 X136.293 Y108.181 E.07087
G1 X136.971 Y108.886 E.05141
G1 X137.649 Y109.342 E.04294
G1 X138.327 Y109.668 E.03954
G1 X139.684 Y110.088 E.07466
G1 X140.023 Y110.102 E.01783
G1 X140.362 Y109.881 E.02127
G1 X141.379 Y107.754 E.12391
G1 X141.718 Y107.245 E.03214
G1 X142.396 Y106.54 E.05141
G1 X143.074 Y106.083 E.04297
G1 X143.753 Y105.758 E.03956
G1 X145.109 Y105.338 E.07461
G1 X145.448 Y105.323 E.01783
G1 X145.787 Y105.544 E.02127
G1 X146.805 Y107.671 E.12393
G1 X147.144 Y108.181 E.03219
G1 X147.822 Y108.886 E.05141
G1 X148.5 Y109.342 E.04294
G1 X149.178 Y109.668 E.03954
G1 X150.535 Y110.088 E.07466
G1 X150.874 Y110.102 E.01783
G1 X151.213 Y109.881 E.02127
G1 X152.23 Y107.754 E.12391
G1 X152.569 Y107.245 E.03214
G1 X153.247 Y106.54 E.05141
G1 X153.926 Y106.083 E.04302
G1 X154.604 Y105.758 E.03952
G1 X155.96 Y105.338 E.07461
G1 X156.299 Y105.323 E.01783
G1 X156.638 Y105.544 E.02127
G1 X157.656 Y107.671 E.12393
G1 X157.995 Y108.181 E.03219
G1 X158.673 Y108.886 E.05141
G1 X159.351 Y109.342 E.04294
G1 X160.707 Y109.915 E.07737
G1 X161.386 Y110.088 E.03683
G1 X161.725 Y110.102 E.01783
G1 X162.064 Y109.881 E.02127
G1 X162.742 Y108.41 E.08513
G1 X163.42 Y107.245 E.07084
G1 X164.098 Y106.54 E.05141
G1 X164.863 Y106.042 E.04798
G1 X164.63 Y107.923 E.09962
G1 E-8 F7200
G1 Z1.6 F3000
G1 X164.331 Y109.252 F12000
G1 Z1.4 F3000
G1 E8 F7200
G1 F949.248
G1 X163.734 Y111.051 E.09962
G1 X162.742 Y110.763 E.05429
G1 X162.403 Y110.749 E.01783
G1 X162.064 Y110.97 E.02127
G1 X161.046 Y113.097 E.12393
G1 X160.707 Y113.606 E.03214
G1 X160.029 Y114.311 E.05141
G1 X159.351 Y114.768 E.04297
G1 X158.673 Y115.093 E.03952
G1 X157.316 Y115.513 E.07466
G1 X156.977 Y115.528 E.01783
G1 X156.638 Y115.307 E.02127
G1 X155.621 Y113.18 E.12391
G1 X155.282 Y112.67 E.03219
G1 X154.604 Y111.965 E.05141
G1 X153.926 Y111.509 E.04294
G1 X153.247 Y111.183 E.03959
G1 X152.569 Y110.936 E.03793
G1 X151.891 Y110.763 E.03678
G1 X151.552 Y110.749 E.01783
G1 X151.213 Y110.97 E.02127
G1 X150.535 Y112.441 E.08513
G1 X149.856 Y113.606 E.07087
G1 X149.178 Y114.311 E.05141
G1 X148.5 Y114.768 E.04297
G1 X147.822 Y115.093 E.03952
G1 X147.144 Y115.34 E.03793
G1 X146.465 Y115.513 E.03683
G1 X146.126 Y115.528 E.01783
G1 X145.787 Y115.307 E.02127
G1 X145.109 Y113.835 E.08518
G1 X144.431 Y112.67 E.07084
G1 X143.753 Y111.965 E.05141
G1 X143.074 Y111.509 E.04299
G1 X142.396 Y111.183 E.03954
M73 P35 R24
G1 X141.718 Y110.936 E.03793
G1 X141.04 Y110.763 E.03678
G1 X140.701 Y110.749 E.01783
G1 X140.362 Y110.97 E.02127
G1 X139.684 Y112.441 E.08513
G1 X139.005 Y113.606 E.07087
G1 X138.327 Y114.311 E.05141
G1 X137.649 Y114.768 E.04297
G1 X136.971 Y115.093 E.03952
G1 X135.868 Y115.449 E.06092
G1 X137.159 Y116.835 E.09955
G1 E-8 F7200
G1 Z1.6 F3000
G1 X139.287 Y118.563 F12000
G1 Z1.4 F3000
G1 E8 F7200
G1 F949.248
G1 X140.913 Y119.535 E.09956
G1 X141.379 Y118.605 E.05467
G1 X141.718 Y118.096 E.03214
G1 X142.396 Y117.391 E.05141
G1 X143.074 Y116.934 E.04297
G1 X143.753 Y116.609 E.03956
G1 X144.431 Y116.362 E.03793
G1 X145.109 Y116.189 E.03678
G1 X145.448 Y116.174 E.01783
G1 X145.787 Y116.395 E.02127
G1 X146.465 Y117.867 E.08518
G1 X147.144 Y119.032 E.07087
G1 X147.822 Y119.737 E.05141
G1 X148.5 Y120.193 E.04294
G1 X149.178 Y120.519 E.03954
G1 X149.856 Y120.766 E.03793
G1 X150.535 Y120.939 E.03683
G1 X150.874 Y120.953 E.01783
G1 X151.213 Y120.732 E.02127
G1 X151.891 Y119.261 E.08513
G1 X152.569 Y118.096 E.07084
G1 X153.247 Y117.391 E.05141
G1 X153.926 Y116.934 E.04302
G1 X154.604 Y116.609 E.03952
G1 X155.282 Y116.362 E.03793
G1 X155.96 Y116.189 E.03678
G1 X156.299 Y116.174 E.01783
G1 X156.638 Y116.395 E.02127
G1 X157.692 Y118.577 E.12736
G1 X159.197 Y117.425 E.09961
;LAYER_CHANGE
;Z:1.6
;HEIGHT:0.2

G1 E-8 F7200
G1 Z1.6 F3000
;AFTER_LAYER_CHANGE
;1.6
G92 E0
_ON_LAYER_CHANGE LAYER=8
G1 Z1.8
G1 X148.504 Y85.34 F12000
G1 Z1.6 F3000
G1 E8 F7200
;TYPE:External perimeter
;WIDTH:0.674999
G1 F949.248
G1 X148.602 Y85.338 E.00515
G1 X149.529 Y85.365 E.04874
G1 X150.555 Y85.445 E.05409
G1 X151.576 Y85.58 E.05413
G1 X152.589 Y85.767 E.05414
G1 X153.356 Y85.947 E.04141
G1 X154.248 Y86.197 E.04869
G1 X155.225 Y86.523 E.05413
G1 X156.183 Y86.901 E.05413
G1 X157.119 Y87.328 E.05407
G1 X158.033 Y87.803 E.05414
G1 X158.921 Y88.326 E.05416
G1 X159.494 Y88.698 E.03591
G1 X160.334 Y89.297 E.05422
G1 X160.953 Y89.785 E.04143
G1 X161.656 Y90.388 E.04868
G1 X162.403 Y91.097 E.05413
G1 X163.112 Y91.843 E.05409
G1 X163.781 Y92.626 E.05413
G1 X164.408 Y93.443 E.05413
G1 X164.857 Y94.09 E.04139
G1 X165.354 Y94.873 E.04874
G1 X165.861 Y95.769 E.05411
G1 X166.32 Y96.69 E.05408
G1 X166.731 Y97.636 E.05421
G1 X166.976 Y98.274 E.03592
G1 X167.303 Y99.251 E.05415
G1 X167.578 Y100.243 E.0541
G1 X167.801 Y101.248 E.05411
G1 X167.971 Y102.265 E.05419
G1 X168.055 Y102.943 E.03591
G1 X168.135 Y103.971 E.05419
G1 X168.15 Y105.685 E.09009
G1 X168.088 Y106.714 E.05418
G1 X167.971 Y107.736 E.05406
G1 X167.801 Y108.752 E.05414
G1 X167.578 Y109.757 E.05411
G1 X167.303 Y110.749 E.0541
G1 X166.977 Y111.725 E.05408
G1 X166.599 Y112.684 E.05418
G1 X166.321 Y113.308 E.0359
G1 X165.861 Y114.231 E.0542
G1 X165.354 Y115.127 E.05411
G1 X164.8 Y115.996 E.05416
G1 X164.346 Y116.64 E.04141
G1 X163.781 Y117.374 E.04868
G1 X163.112 Y118.157 E.05413
G1 X162.402 Y118.904 E.05417
G1 X161.911 Y119.379 E.03591
G1 X161.139 Y120.062 E.05417
G1 X160.333 Y120.703 E.05412
G1 X159.495 Y121.301 E.05411
G1 X158.627 Y121.854 E.05409
G1 X157.731 Y122.361 E.05411
G1 X156.81 Y122.82 E.05408
G1 X155.864 Y123.231 E.05421
G1 X155.226 Y123.476 E.03592
G1 X154.249 Y123.803 E.05415
G1 X153.257 Y124.078 E.0541
G1 X152.252 Y124.301 E.05411
G1 X151.235 Y124.471 E.05419
G1 X150.557 Y124.555 E.03591
G1 X149.529 Y124.635 E.05419
G1 X148.499 Y124.662 E.05415
G1 X147.815 Y124.65 E.03595
G1 X146.786 Y124.588 E.05418
G1 X145.764 Y124.471 E.05406
G1 X144.747 Y124.301 E.05419
G1 X144.078 Y124.159 E.03594
G1 X143.08 Y123.901 E.05418
G1 X142.099 Y123.591 E.05407
G1 X141.134 Y123.231 E.05413
G1 X140.19 Y122.82 E.05411
G1 X139.269 Y122.361 E.05408
G1 X138.372 Y121.854 E.05415
G1 X137.706 Y121.434 E.04138
G1 X136.943 Y120.907 E.04874
G1 X136.126 Y120.281 E.0541
G1 X135.343 Y119.612 E.05413
G1 X134.597 Y118.903 E.05409
G1 X133.888 Y118.157 E.05409
G1 X133.219 Y117.374 E.05413
G1 X132.593 Y116.557 E.0541
G1 X132.009 Y115.708 E.05416
G1 X131.647 Y115.128 E.03593
G1 X131.139 Y114.231 E.05418
G1 X130.68 Y113.31 E.05408
G1 X130.269 Y112.364 E.05421
G1 X130.024 Y111.726 E.03592
G1 X129.697 Y110.749 E.05415
G1 X129.422 Y109.757 E.0541
G1 X129.199 Y108.752 E.05411
G1 X129.029 Y107.736 E.05414
G1 X128.912 Y106.712 E.05417
G1 X128.865 Y106.03 E.03593
G1 X128.838 Y105 E.05415
G1 X128.865 Y103.97 E.05415
G1 X128.922 Y103.184 E.04142
G1 X129.029 Y102.264 E.04868
G1 X129.199 Y101.248 E.05414
G1 X129.422 Y100.243 E.05411
G1 X129.697 Y99.25 E.05415
G1 X129.908 Y98.6 E.03592
G1 X130.269 Y97.634 E.0542
G1 X130.68 Y96.69 E.05411
G1 X131.139 Y95.769 E.05408
G1 X131.646 Y94.872 E.05415
G1 X132.066 Y94.206 E.04138
G1 X132.593 Y93.443 E.04874
G1 X133.219 Y92.626 E.0541
G1 X133.888 Y91.843 E.05413
G1 X134.598 Y91.096 E.05417
G1 X135.089 Y90.621 E.03591
G1 X135.861 Y89.938 E.05417
G1 X136.667 Y89.297 E.05412
G1 X137.505 Y88.699 E.05411
G1 X138.373 Y88.146 E.05409
G1 X139.269 Y87.639 E.05411
G1 X140.19 Y87.18 E.05408
G1 X141.136 Y86.769 E.05421
G1 X141.774 Y86.524 E.03592
G1 X142.751 Y86.197 E.05415
G1 X143.743 Y85.922 E.0541
G1 X144.748 Y85.699 E.05411
G1 X145.764 Y85.529 E.05414
G1 X146.786 Y85.412 E.05406
G1 X147.815 Y85.35 E.05418
G1 X148.474 Y85.34 E.03464
G1 X149.074 Y85.352 F12000
G1 X148.497 Y86.135
;TYPE:Perimeter
G1 E-10F300
G1 F12000.0
T1
G1 E20F300
;WIDTH:0.999999
G1 F626.907
G1 X148.597 Y86.133 E.00796
G1 X149.486 Y86.158 E.07078
G1 X150.472 Y86.236 E.07871
G1 X151.452 Y86.365 E.07866
G1 X152.426 Y86.545 E.07882
G1 X153.158 Y86.717 E.05984
G1 X154.015 Y86.957 E.07083
G1 X154.953 Y87.27 E.07869
G1 X155.872 Y87.632 E.0786
G1 X156.771 Y88.042 E.07863
G1 X157.647 Y88.498 E.07859
G1 X158.503 Y89.002 E.07905
G1 X159.047 Y89.355 E.05161
G1 X159.857 Y89.933 E.07919
G1 X160.448 Y90.399 E.05989
G1 X161.124 Y90.978 E.07083
G1 X161.841 Y91.659 E.0787
G1 X162.521 Y92.375 E.07858
G1 X163.163 Y93.126 E.07863
G1 X163.766 Y93.912 E.07884
G1 X164.195 Y94.53 E.05987
G1 X164.672 Y95.282 E.07087
G1 X165.159 Y96.142 E.07865
G1 X165.6 Y97.026 E.07862
G1 X165.996 Y97.937 E.07905
G1 X166.228 Y98.542 E.05157
G1 X166.543 Y99.484 E.07905
G1 X166.807 Y100.435 E.07854
G1 X167.021 Y101.4 E.07866
G1 X167.185 Y102.379 E.079
G1 X167.264 Y103.023 E.05163
G1 X167.342 Y104.013 E.07903
G1 X167.356 Y105.654 E.1306
G1 X167.296 Y106.644 E.07893
G1 X167.184 Y107.626 E.07866
G1 X167.021 Y108.6 E.07859
G1 X166.807 Y109.565 E.07866
G1 X166.543 Y110.516 E.07854
G1 X166.23 Y111.453 E.07862
G1 X165.866 Y112.377 E.07903
G1 X165.602 Y112.969 E.05158
G1 X165.159 Y113.858 E.07905
G1 X164.673 Y114.717 E.07854
G1 X164.14 Y115.553 E.0789
G1 X163.707 Y116.168 E.05986
G1 X163.164 Y116.873 E.07082
G1 X162.521 Y117.625 E.07874
G1 X161.838 Y118.345 E.07898
G1 X161.371 Y118.796 E.05167
G1 X160.628 Y119.453 E.07893
G1 X159.855 Y120.068 E.07861
G1 X159.051 Y120.642 E.07862
G1 X158.217 Y121.173 E.07868
G1 X157.358 Y121.659 E.07854
G1 X156.474 Y122.1 E.07862
G1 X155.563 Y122.496 E.07905
G1 X154.958 Y122.728 E.05157
G1 X154.016 Y123.043 E.07905
G1 X153.065 Y123.307 E.07854
G1 X152.1 Y123.521 E.07866
G1 X151.121 Y123.685 E.079
G1 X150.477 Y123.764 E.05163
G1 X149.487 Y123.842 E.07903
G1 X148.495 Y123.868 E.07897
G1 X147.846 Y123.856 E.05166
G1 X146.856 Y123.796 E.07893
G1 X145.874 Y123.684 E.07866
G1 X144.895 Y123.52 E.079
G1 X144.26 Y123.385 E.05166
G1 X143.299 Y123.137 E.07898
G1 X142.357 Y122.84 E.0786
G1 X141.432 Y122.494 E.07859
G1 X140.526 Y122.1 E.07862
G1 X139.642 Y121.659 E.07862
G1 X138.78 Y121.171 E.07883
G1 X138.143 Y120.77 E.0599
G1 X137.411 Y120.265 E.07077
G1 X136.626 Y119.663 E.07873
G1 X135.875 Y119.021 E.07863
G1 X135.159 Y118.341 E.07858
G1 X134.479 Y117.625 E.07858
G1 X133.837 Y116.874 E.07863
G1 X133.236 Y116.09 E.07861
G1 X132.674 Y115.272 E.07898
G1 X132.33 Y114.722 E.05163
G1 X131.841 Y113.858 E.07901
G1 X131.4 Y112.974 E.07862
G1 X131.004 Y112.063 E.07905
G1 X130.772 Y111.458 E.05157
G1 X130.457 Y110.516 E.07905
G1 X130.193 Y109.565 E.07854
G1 X129.979 Y108.6 E.07866
G1 X129.816 Y107.626 E.07859
G1 X129.704 Y106.64 E.07897
G1 X129.658 Y105.992 E.0517
G1 X129.632 Y105 E.07897
G1 X129.658 Y104.01 E.07881
G1 X129.713 Y103.259 E.05993
G1 X129.816 Y102.375 E.07083
G1 X129.979 Y101.4 E.07867
G1 X130.193 Y100.435 E.07866
G1 X130.458 Y99.479 E.07895
G1 X130.659 Y98.862 E.05164
G1 X131.006 Y97.932 E.07899
G1 X131.4 Y97.026 E.07862
G1 X131.841 Y96.142 E.07862
G1 X132.329 Y95.28 E.07883
G1 X132.73 Y94.643 E.0599
G1 X133.235 Y93.911 E.07077
G1 X133.837 Y93.126 E.07873
G1 X134.479 Y92.375 E.07863
G1 X135.162 Y91.655 E.07898
G1 X135.629 Y91.204 E.05167
G1 X136.372 Y90.547 E.07893
G1 X137.145 Y89.932 E.07861
G1 X137.949 Y89.358 E.07862
G1 X138.782 Y88.827 E.07861
G1 X139.642 Y88.341 E.07861
G1 X140.526 Y87.9 E.07862
G1 X141.437 Y87.504 E.07905
G1 X142.042 Y87.272 E.05157
G1 X142.984 Y86.957 E.07905
G1 X143.935 Y86.693 E.07854
G1 X144.9 Y86.479 E.07866
G1 X145.874 Y86.316 E.07859
G1 X146.856 Y86.204 E.07866
G1 X147.845 Y86.144 E.07885
M73 P36 R24
G1 X148.467 Y86.135 E.0495
G1 X148.489 Y87.092 F12000
G1 F626.907
G1 X148.59 Y87.09 E.00804
G1 X149.435 Y87.114 E.06727
G1 X150.372 Y87.188 E.0748
G1 X151.302 Y87.31 E.07464
G1 X152.229 Y87.482 E.07503
G1 X152.92 Y87.644 E.05648
G1 X153.735 Y87.872 E.06735
G1 X154.626 Y88.17 E.07477
G1 X155.498 Y88.514 E.0746
G1 X156.351 Y88.902 E.07458
G1 X157.183 Y89.335 E.07464
G1 X157.999 Y89.816 E.07538
G1 X158.508 Y90.147 E.04832
G1 X159.283 Y90.7 E.07577
G1 X159.841 Y91.138 E.05645
G1 X160.483 Y91.689 E.06733
G1 X161.164 Y92.336 E.07475
G1 X161.81 Y93.016 E.07464
G1 X162.419 Y93.729 E.07462
G1 X162.993 Y94.477 E.07503
G1 X163.398 Y95.06 E.05649
G1 X163.851 Y95.774 E.06729
G1 X164.314 Y96.592 E.0748
G1 X164.732 Y97.431 E.0746
G1 X165.11 Y98.299 E.07534
G1 X165.327 Y98.866 E.04831
G1 X165.628 Y99.764 E.07537
G1 X165.878 Y100.667 E.07457
G1 X166.081 Y101.583 E.07467
G1 X166.237 Y102.516 E.07528
G1 X166.311 Y103.119 E.04835
G1 X166.386 Y104.063 E.07536
G1 X166.4 Y105.616 E.1236
G1 X166.342 Y106.561 E.07535
G1 X166.236 Y107.493 E.07465
G1 X166.081 Y108.417 E.07456
G1 X165.878 Y109.333 E.07467
G1 X165.628 Y110.236 E.07457
G1 X165.33 Y111.126 E.07469
G1 X164.983 Y112.007 E.07535
G1 X164.736 Y112.561 E.04827
G1 X164.314 Y113.408 E.07531
G1 X163.852 Y114.224 E.07462
G1 X163.345 Y115.02 E.07511
G1 X162.936 Y115.6 E.05648
G1 X162.42 Y116.27 E.0673
G1 X161.81 Y116.984 E.07473
G1 X161.158 Y117.671 E.07537
G1 X160.722 Y118.093 E.04829
G1 X160.012 Y118.72 E.07538
G1 X159.279 Y119.304 E.07458
G1 X158.515 Y119.848 E.07464
G1 X157.724 Y120.352 E.07464
G1 X156.908 Y120.814 E.07462
G1 X156.069 Y121.232 E.0746
G1 X155.201 Y121.61 E.07534
G1 X154.634 Y121.827 E.04831
G1 X153.736 Y122.128 E.07537
G1 X152.833 Y122.378 E.07457
G1 X151.917 Y122.581 E.07467
G1 X150.984 Y122.737 E.07528
G1 X150.381 Y122.811 E.04835
G1 X149.437 Y122.886 E.07536
G1 X148.491 Y122.91 E.07531
G1 X147.884 Y122.9 E.04831
G1 X146.939 Y122.842 E.07535
G1 X146.007 Y122.736 E.07465
G1 X145.074 Y122.58 E.07528
G1 X144.48 Y122.453 E.04834
G1 X143.563 Y122.216 E.07537
G1 X142.669 Y121.934 E.0746
G1 X141.791 Y121.606 E.07459
G1 X140.931 Y121.232 E.07463
G1 X140.092 Y120.814 E.0746
G1 X139.271 Y120.349 E.07509
G1 X138.67 Y119.971 E.0565
G1 X137.974 Y119.491 E.06728
G1 X137.229 Y118.919 E.07475
G1 X136.516 Y118.31 E.07462
G1 X135.836 Y117.664 E.07464
G1 X135.19 Y116.984 E.07464
G1 X134.581 Y116.271 E.07462
G1 X134.01 Y115.527 E.07464
G1 X133.474 Y114.747 E.07532
G1 X133.153 Y114.232 E.04829
G1 X132.686 Y113.408 E.07537
G1 X132.268 Y112.569 E.0746
G1 X131.89 Y111.701 E.07534
G1 X131.673 Y111.134 E.04831
G1 X131.372 Y110.236 E.07537
G1 X131.122 Y109.333 E.07457
G1 X130.919 Y108.417 E.07467
G1 X130.764 Y107.493 E.07456
G1 X130.657 Y106.552 E.07537
G1 X130.615 Y105.946 E.04834
G1 X130.59 Y105 E.07531
G1 X130.615 Y104.057 E.07507
G1 X130.666 Y103.349 E.05649
G1 X130.764 Y102.509 E.0673
G1 X130.919 Y101.583 E.07472
G1 X131.122 Y100.667 E.07467
G1 X131.375 Y99.755 E.07532
G1 X131.562 Y99.178 E.04827
G1 X131.894 Y98.291 E.07537
G1 X132.268 Y97.431 E.07463
G1 X132.686 Y96.592 E.0746
G1 X133.151 Y95.771 E.07509
G1 X133.529 Y95.17 E.0565
G1 X134.009 Y94.474 E.06728
G1 X134.581 Y93.729 E.07475
G1 X135.19 Y93.016 E.07462
G1 X135.842 Y92.329 E.07537
G1 X136.278 Y91.907 E.04829
G1 X136.988 Y91.28 E.07538
G1 X137.721 Y90.696 E.07458
G1 X138.485 Y90.152 E.07464
G1 X139.276 Y89.648 E.07464
G1 X140.092 Y89.186 E.07462
G1 X140.931 Y88.768 E.0746
G1 X141.799 Y88.39 E.07534
G1 X142.366 Y88.173 E.04831
G1 X143.264 Y87.872 E.07537
G1 X144.167 Y87.622 E.07457
G1 X145.083 Y87.419 E.07467
G1 X146.007 Y87.264 E.07456
G1 X146.939 Y87.158 E.07465
G1 X147.88 Y87.1 E.07503
G1 X148.459 Y87.092 E.04608
G1 X148.48 Y88.049 F12000
G1 F626.907
G1 X148.583 Y88.048 E.0082
G1 X149.384 Y88.07 E.06377
G1 X150.272 Y88.14 E.07089
G1 X151.152 Y88.256 E.07064
G1 X152.033 Y88.419 E.0713
G1 X152.682 Y88.571 E.05305
G1 X153.454 Y88.787 E.0638
G1 X154.298 Y89.07 E.07084
G1 X155.124 Y89.395 E.07064
G1 X155.932 Y89.763 E.07066
G1 X156.719 Y90.173 E.07062
G1 X157.495 Y90.63 E.07167
G1 X157.969 Y90.938 E.04499
G1 X158.709 Y91.466 E.07234
G1 X159.233 Y91.878 E.05305
G1 X159.841 Y92.4 E.06377
G1 X160.487 Y93.013 E.07087
G1 X161.098 Y93.656 E.07059
G1 X161.675 Y94.331 E.07067
G1 X162.22 Y95.042 E.07129
G1 X162.601 Y95.589 E.05305
G1 X163.03 Y96.266 E.06378
G1 X163.468 Y97.041 E.07084
G1 X163.864 Y97.836 E.07068
G1 X164.224 Y98.662 E.07171
G1 X164.426 Y99.189 E.04491
G1 X164.712 Y100.044 E.07175
G1 X164.949 Y100.899 E.07061
G1 X165.141 Y101.765 E.07059
G1 X165.29 Y102.654 E.07173
G1 X165.359 Y103.215 E.04498
G1 X165.429 Y104.113 E.07168
G1 X165.443 Y105.578 E.11659
G1 X165.388 Y106.478 E.07176
G1 X165.288 Y107.359 E.07056
G1 X165.141 Y108.235 E.07069
G1 X164.949 Y109.101 E.07059
G1 X164.712 Y109.956 E.07061
G1 X164.43 Y110.798 E.07067
G1 X164.1 Y111.636 E.07167
G1 X163.87 Y112.153 E.04503
G1 X163.468 Y112.959 E.07168
G1 X163.031 Y113.731 E.0706
G1 X162.55 Y114.487 E.07131
G1 X162.166 Y115.032 E.05306
G1 X161.677 Y115.666 E.06372
G1 X161.098 Y116.344 E.07095
G1 X160.478 Y116.997 E.07166
G1 X160.072 Y117.39 E.04497
G1 X159.397 Y117.987 E.07171
G1 X158.702 Y118.539 E.07063
G1 X157.98 Y119.054 E.07058
G1 X157.231 Y119.531 E.07067
G1 X156.459 Y119.968 E.0706
G1 X155.664 Y120.364 E.07068
G1 X154.838 Y120.724 E.07171
G1 X154.311 Y120.926 E.04491
G1 X153.456 Y121.212 E.07175
G1 X152.601 Y121.449 E.07061
G1 X151.735 Y121.641 E.07059
G1 X150.846 Y121.79 E.07173
G1 X150.285 Y121.859 E.04498
G1 X149.387 Y121.929 E.07168
G1 X148.487 Y121.953 E.07165
G1 X147.922 Y121.943 E.04497
G1 X147.022 Y121.888 E.07176
G1 X146.141 Y121.788 E.07056
G1 X145.252 Y121.639 E.07173
G1 X144.699 Y121.522 E.04498
G1 X143.827 Y121.296 E.07169
G1 X142.981 Y121.029 E.0706
G1 X142.149 Y120.718 E.07069
G1 X141.336 Y120.364 E.07057
G1 X140.541 Y119.968 E.07068
G1 X139.762 Y119.527 E.07124
G1 X139.197 Y119.172 E.0531
G1 X138.538 Y118.717 E.06373
G1 X137.831 Y118.175 E.0709
G1 X137.156 Y117.598 E.07067
G1 X136.513 Y116.987 E.07059
G1 X135.902 Y116.344 E.07059
G1 X135.325 Y115.669 E.07067
G1 X134.785 Y114.965 E.07061
G1 X134.275 Y114.222 E.07172
G1 X133.975 Y113.743 E.04498
G1 X133.532 Y112.959 E.07166
G1 X133.136 Y112.164 E.07068
G1 X132.776 Y111.338 E.07171
G1 X132.574 Y110.811 E.04491
G1 X132.288 Y109.956 E.07175
G1 X132.051 Y109.101 E.07061
G1 X131.859 Y108.235 E.07059
G1 X131.712 Y107.359 E.07069
G1 X131.61 Y106.464 E.07169
G1 X131.571 Y105.9 E.04499
G1 X131.547 Y105 E.07165
G1 X131.571 Y104.105 E.07125
G1 X131.62 Y103.44 E.05307
G1 X131.712 Y102.644 E.06377
G1 X131.859 Y101.765 E.07092
G1 X132.051 Y100.899 E.07059
G1 X132.292 Y100.031 E.07169
G1 X132.466 Y99.493 E.045
G1 X132.782 Y98.649 E.07172
G1 X133.136 Y97.836 E.07057
G1 X133.532 Y97.041 E.07068
G1 X133.973 Y96.262 E.07124
G1 X134.328 Y95.697 E.0531
G1 X134.783 Y95.038 E.06373
G1 X135.325 Y94.331 E.0709
G1 X135.902 Y93.656 E.07067
G1 X136.522 Y93.003 E.07166
G1 X136.928 Y92.61 E.04497
G1 X137.603 Y92.013 E.07171
G1 X138.298 Y91.461 E.07063
G1 X139.02 Y90.946 E.07058
G1 X139.769 Y90.469 E.07067
G1 X140.541 Y90.032 E.0706
G1 X141.335 Y89.636 E.07061
G1 X142.162 Y89.276 E.07178
G1 X142.689 Y89.074 E.04491
G1 X143.544 Y88.788 E.07175
G1 X144.399 Y88.551 E.07061
G1 X145.265 Y88.359 E.07059
G1 X146.141 Y88.212 E.07069
G1 X147.022 Y88.112 E.07056
G1 X147.916 Y88.057 E.07128
G1 X148.45 Y88.05 E.0425
G1 E-8 F7200
G1 Z1.8 F3000
G1 X158.062 Y91.686 F12000
G1 Z1.6 F3000
G1 E8 F7200
;TYPE:Internal infill
G1 E-10F300
G1 F12000.0
T0
G1 E16F300
G1 F12000.0
;WIDTH:0.675
G1 F949.248
G1 X159.537 Y92.876 E.09961
G1 X158.673 Y93.244 E.04936
G1 X157.995 Y93.394 E.0365
G1 X157.316 Y93.376 E.0357
G1 X156.977 Y93.227 E.01946
G1 X156.638 Y92.904 E.02461
G1 X155.282 Y90.892 E.12752
G1 X154.604 Y90.282 E.04793
G1 X153.926 Y89.888 E.04121
G1 X153.247 Y89.629 E.03819
G1 X152.569 Y89.479 E.0365
G1 X151.891 Y89.497 E.03565
M73 P36 R23
G1 X151.552 Y89.645 E.01944
G1 X151.213 Y89.968 E.02461
G1 X149.856 Y91.98 E.12755
G1 X149.178 Y92.59 E.04793
G1 X148.5 Y92.984 E.04121
M73 P37 R23
G1 X147.822 Y93.244 E.03816
G1 X147.144 Y93.394 E.0365
G1 X146.465 Y93.376 E.0357
G1 X146.126 Y93.227 E.01946
G1 X145.787 Y92.904 E.02461
G1 X144.431 Y90.892 E.12752
G1 X143.753 Y90.282 E.04793
G1 X143.074 Y89.888 E.04126
G1 X142.595 Y89.705 E.02695
G1 X140.802 Y90.522 E.10356
G1 X139.494 Y91.302 E.08004
G1 X139.005 Y91.98 E.04394
G1 X138.327 Y92.59 E.04793
G1 X137.649 Y92.984 E.04121
G1 X137.138 Y93.18 E.02876
G1 X136.916 Y93.394 E.01621
G1 X135.757 Y94.681 E.09103
G1 X135.068 Y95.602 E.06045
G1 X136.293 Y97.406 E.11461
G1 X136.971 Y98.016 E.04793
G1 X137.649 Y98.41 E.04121
G1 X138.327 Y98.669 E.03815
G1 X139.005 Y98.819 E.0365
G1 X139.684 Y98.801 E.0357
G1 X140.023 Y98.653 E.01944
G1 X140.362 Y98.33 E.02461
G1 X141.718 Y96.318 E.12752
G1 X142.396 Y95.708 E.04793
G1 X143.074 Y95.314 E.04121
G1 X143.753 Y95.054 E.03821
G1 X144.431 Y94.904 E.0365
G1 X145.109 Y94.922 E.03565
G1 X145.448 Y95.071 E.01946
G1 X145.787 Y95.394 E.02461
G1 X147.144 Y97.406 E.12755
G1 X147.822 Y98.016 E.04793
G1 X148.5 Y98.41 E.04121
G1 X149.178 Y98.669 E.03815
G1 X149.856 Y98.819 E.0365
G1 X150.535 Y98.801 E.0357
G1 X150.874 Y98.653 E.01944
G1 X151.213 Y98.33 E.02461
G1 X152.569 Y96.318 E.12752
G1 X153.247 Y95.708 E.04793
G1 X153.926 Y95.314 E.04126
G1 X154.604 Y95.054 E.03816
G1 X155.282 Y94.904 E.0365
G1 X155.96 Y94.922 E.03565
G1 X156.299 Y95.071 E.01946
G1 X156.638 Y95.394 E.02461
G1 X157.995 Y97.406 E.12755
G1 X158.673 Y98.016 E.04793
G1 X159.351 Y98.41 E.04121
G1 X160.029 Y98.669 E.03815
G1 X160.707 Y98.819 E.0365
G1 X161.386 Y98.801 E.0357
G1 X161.725 Y98.653 E.01944
G1 X162.064 Y98.33 E.02461
G1 X162.861 Y97.095 E.07725
G1 X163.71 Y98.872 E.10351
G1 X164.275 Y100.547 E.09291
G1 X163.42 Y100.33 E.04636
G1 X162.742 Y100.348 E.03565
G1 X162.403 Y100.496 E.01944
G1 X162.064 Y100.819 E.02461
G1 X160.707 Y102.831 E.12755
G1 X160.029 Y103.441 E.04793
G1 X159.351 Y103.835 E.04121
G1 X158.673 Y104.095 E.03816
G1 X157.995 Y104.245 E.0365
G1 X157.316 Y104.227 E.0357
G1 X156.977 Y104.078 E.01946
G1 X156.638 Y103.755 E.02461
G1 X155.282 Y101.743 E.12752
G1 X154.604 Y101.133 E.04793
G1 X153.926 Y100.739 E.04121
G1 X153.247 Y100.48 E.03819
G1 X152.569 Y100.33 E.0365
G1 X151.891 Y100.348 E.03565
G1 X151.552 Y100.496 E.01944
G1 X151.213 Y100.819 E.02461
G1 X149.856 Y102.831 E.12755
G1 X149.178 Y103.441 E.04793
G1 X148.5 Y103.835 E.04121
G1 X147.822 Y104.095 E.03816
G1 X147.144 Y104.245 E.0365
G1 X146.465 Y104.227 E.0357
G1 X146.126 Y104.078 E.01946
G1 X145.787 Y103.755 E.02461
G1 X144.431 Y101.743 E.12752
G1 X143.753 Y101.133 E.04793
G1 X143.074 Y100.739 E.04126
G1 X142.396 Y100.48 E.03815
G1 X141.718 Y100.33 E.0365
G1 X141.04 Y100.348 E.03565
G1 X140.701 Y100.496 E.01944
G1 X140.362 Y100.819 E.02461
G1 X139.005 Y102.831 E.12755
G1 X138.327 Y103.441 E.04793
G1 X137.649 Y103.835 E.04121
G1 X136.971 Y104.095 E.03816
G1 X136.293 Y104.245 E.0365
G1 X135.614 Y104.227 E.0357
G1 X135.275 Y104.078 E.01946
G1 X134.936 Y103.755 E.02461
G1 X133.58 Y101.743 E.12752
G1 X132.902 Y101.133 E.04793
G1 X132.609 Y100.963 E.0178
G1 X132.25 Y102.824 E.09961
G1 E-8 F7200
G1 Z1.8 F3000
G1 X132.121 Y104.313 F12000
G1 Z1.6 F3000
G1 E8 F7200
G1 F949.248
G1 X132.149 Y106.208 E.09961
G1 X132.902 Y105.905 E.04266
G1 X133.58 Y105.755 E.0365
G1 X134.258 Y105.773 E.03565
G1 X134.597 Y105.922 E.01946
G1 X134.936 Y106.245 E.02461
G1 X136.293 Y108.257 E.12755
G1 X136.971 Y108.867 E.04793
G1 X137.649 Y109.261 E.04121
G1 X138.327 Y109.52 E.03815
G1 X139.005 Y109.67 E.0365
G1 X139.684 Y109.652 E.0357
G1 X140.023 Y109.504 E.01944
G1 X140.362 Y109.181 E.02461
G1 X141.718 Y107.169 E.12752
G1 X142.396 Y106.559 E.04793
G1 X143.074 Y106.165 E.04121
G1 X143.753 Y105.905 E.03821
G1 X144.431 Y105.755 E.0365
G1 X145.109 Y105.773 E.03565
G1 X145.448 Y105.922 E.01946
G1 X145.787 Y106.245 E.02461
G1 X147.144 Y108.257 E.12755
G1 X147.822 Y108.867 E.04793
G1 X148.5 Y109.261 E.04121
G1 X149.178 Y109.52 E.03815
G1 X149.856 Y109.67 E.0365
G1 X150.535 Y109.652 E.0357
G1 X150.874 Y109.504 E.01944
G1 X151.213 Y109.181 E.02461
G1 X152.569 Y107.169 E.12752
G1 X153.247 Y106.559 E.04793
G1 X153.926 Y106.165 E.04126
G1 X154.604 Y105.905 E.03816
G1 X155.282 Y105.755 E.0365
G1 X155.96 Y105.773 E.03565
G1 X156.299 Y105.922 E.01946
G1 X156.638 Y106.245 E.02461
G1 X157.995 Y108.257 E.12755
G1 X158.673 Y108.867 E.04793
G1 X159.351 Y109.261 E.04121
G1 X160.029 Y109.52 E.03815
G1 X160.707 Y109.67 E.0365
G1 X161.386 Y109.652 E.0357
G1 X161.725 Y109.504 E.01944
G1 X162.064 Y109.181 E.02461
G1 X163.42 Y107.169 E.12752
G1 X164.098 Y106.559 E.04793
G1 X164.853 Y106.136 E.04548
G1 X164.615 Y108.016 E.0996
G1 E-8 F7200
G1 Z1.8 F3000
G1 X164.278 Y109.442 F12000
G1 Z1.6 F3000
G1 E8 F7200
G1 F949.248
G1 X163.662 Y111.234 E.09959
G1 X163.42 Y111.181 E.01302
G1 X162.742 Y111.199 E.03565
G1 X162.403 Y111.347 E.01944
G1 X162.064 Y111.67 E.02461
G1 X160.707 Y113.682 E.12755
G1 X160.029 Y114.292 E.04793
G1 X159.351 Y114.686 E.04121
G1 X158.673 Y114.946 E.03816
G1 X157.995 Y115.096 E.0365
G1 X157.316 Y115.078 E.0357
G1 X156.977 Y114.929 E.01946
G1 X156.638 Y114.606 E.02461
G1 X155.282 Y112.594 E.12752
G1 X154.604 Y111.984 E.04793
G1 X153.926 Y111.59 E.04121
G1 X153.247 Y111.331 E.03819
G1 X152.569 Y111.181 E.0365
G1 X151.891 Y111.199 E.03565
G1 X151.552 Y111.347 E.01944
G1 X151.213 Y111.67 E.02461
G1 X149.856 Y113.682 E.12755
G1 X149.178 Y114.292 E.04793
G1 X148.5 Y114.686 E.04121
G1 X147.822 Y114.946 E.03816
G1 X147.144 Y115.096 E.0365
G1 X146.465 Y115.078 E.0357
G1 X146.126 Y114.929 E.01946
G1 X145.787 Y114.606 E.02461
G1 X144.431 Y112.594 E.12752
G1 X143.753 Y111.984 E.04793
G1 X143.074 Y111.59 E.04126
G1 X142.396 Y111.331 E.03815
G1 X141.718 Y111.181 E.0365
G1 X141.04 Y111.199 E.03565
G1 X140.701 Y111.347 E.01944
G1 X140.362 Y111.67 E.02461
G1 X139.005 Y113.682 E.12755
G1 X138.327 Y114.292 E.04793
G1 X137.649 Y114.686 E.04121
G1 X136.971 Y114.946 E.03816
G1 X136.293 Y115.096 E.0365
G1 X135.55 Y115.049 E.03913
G1 X136.795 Y116.478 E.09961
G1 E-8 F7200
G1 Z1.8 F3000
G1 X139.123 Y118.446 F12000
G1 Z1.6 F3000
G1 E8 F7200
G1 F949.248
G1 X140.736 Y119.441 E.09961
G1 X141.718 Y118.02 E.09078
G1 X142.396 Y117.41 E.04793
G1 X143.074 Y117.016 E.04121
G1 X143.753 Y116.756 E.03821
G1 X144.431 Y116.606 E.0365
G1 X145.109 Y116.624 E.03565
G1 X145.448 Y116.773 E.01946
G1 X145.787 Y117.096 E.02461
G1 X147.144 Y119.108 E.12755
G1 X147.822 Y119.718 E.04793
G1 X148.5 Y120.112 E.04121
G1 X149.178 Y120.371 E.03815
G1 X149.856 Y120.521 E.0365
G1 X150.535 Y120.503 E.0357
G1 X150.874 Y120.355 E.01944
G1 X151.213 Y120.032 E.02461
G1 X152.569 Y118.02 E.12752
G1 X153.247 Y117.41 E.04793
G1 X153.926 Y117.016 E.04126
G1 X154.604 Y116.756 E.03816
G1 X155.282 Y116.606 E.0365
G1 X155.96 Y116.624 E.03565
G1 X156.299 Y116.773 E.01946
G1 X156.638 Y117.096 E.02461
G1 X157.639 Y118.613 E.09552
G1 X156.005 Y119.574 E.09963
;LAYER_CHANGE
;Z:1.8
;HEIGHT:0.2

G1 E-8 F7200
G1 Z1.8 F3000
;AFTER_LAYER_CHANGE
;1.8
G92 E0
_ON_LAYER_CHANGE LAYER=9
G1 Z2
G1 X148.504 Y85.34 F12000
G1 Z1.8 F3000
G1 E8 F7200
;TYPE:External perimeter
;WIDTH:0.674999
G1 F949.248
G1 X148.616 Y85.339 E.00589
G1 X149.529 Y85.365 E.048
G1 X150.555 Y85.445 E.05409
G1 X151.576 Y85.58 E.05413
G1 X152.589 Y85.768 E.05415
G1 X153.255 Y85.921 E.03592
G1 X154.249 Y86.197 E.05422
G1 X155.225 Y86.523 E.05408
G1 X156.183 Y86.901 E.05413
G1 X157.119 Y87.328 E.05407
G1 X158.033 Y87.803 E.05414
G1 X158.921 Y88.326 E.05416
G1 X159.494 Y88.698 E.03591
G1 X160.334 Y89.297 E.05422
G1 X160.964 Y89.793 E.04214
G1 X161.656 Y90.388 E.04797
G1 X162.404 Y91.097 E.05417
G1 X162.959 Y91.676 E.04215
G1 X163.562 Y92.361 E.04796
G1 X164.203 Y93.167 E.05412
G1 X164.801 Y94.005 E.05411
G1 X165.354 Y94.873 E.05409
G1 X165.861 Y95.769 E.05411
G1 X166.32 Y96.69 E.05408
G1 X166.731 Y97.636 E.05421
G1 X166.976 Y98.274 E.03592
G1 X167.303 Y99.251 E.05415
G1 X167.578 Y100.243 E.0541
G1 X167.801 Y101.248 E.05411
G1 X167.971 Y102.265 E.05419
G1 X168.055 Y102.943 E.03591
G1 X168.135 Y103.971 E.05419
G1 X168.162 Y105 E.0541
G1 X168.135 Y106.03 E.05415
G1 X168.088 Y106.712 E.03593
G1 X167.971 Y107.736 E.05417
G1 X167.801 Y108.752 E.05414
G1 X167.578 Y109.757 E.05411
G1 X167.303 Y110.749 E.0541
G1 X166.977 Y111.725 E.05408
G1 X166.599 Y112.684 E.05418
G1 X166.321 Y113.308 E.0359
G1 X165.861 Y114.231 E.0542
G1 X165.354 Y115.127 E.05411
G1 X164.8 Y115.996 E.05416
G1 X164.408 Y116.556 E.03593
G1 X163.781 Y117.374 E.05417
G1 X163.112 Y118.157 E.05413
G1 X162.402 Y118.904 E.05417
G1 X161.911 Y119.379 E.03591
G1 X161.139 Y120.062 E.05417
G1 X160.333 Y120.703 E.05412
G1 X159.495 Y121.301 E.05411
G1 X158.627 Y121.854 E.05409
G1 X157.731 Y122.361 E.05411
G1 X156.809 Y122.821 E.05415
G1 X156.075 Y123.144 E.04215
G1 X155.225 Y123.476 E.04796
G1 X154.249 Y123.803 E.0541
G1 X153.257 Y124.078 E.0541
G1 X152.25 Y124.301 E.05421
G1 X151.577 Y124.42 E.03592
G1 X150.555 Y124.555 E.05418
G1 X149.529 Y124.635 E.05409
G1 X148.499 Y124.662 E.05415
G1 X147.815 Y124.65 E.03595
G1 X146.786 Y124.588 E.05418
G1 X145.764 Y124.471 E.05406
G1 X144.748 Y124.301 E.05414
G1 X143.743 Y124.078 E.05411
G1 X142.751 Y123.803 E.0541
G1 X141.774 Y123.476 E.05415
G1 X141.136 Y123.231 E.03592
G1 X140.19 Y122.82 E.05421
G1 X139.269 Y122.361 E.05408
G1 X138.373 Y121.854 E.05411
G1 X137.504 Y121.3 E.05416
G1 X136.944 Y120.908 E.03593
G1 X136.126 Y120.281 E.05417
G1 X135.343 Y119.612 E.05413
G1 X134.597 Y118.903 E.05409
G1 X133.888 Y118.157 E.05409
G1 X133.219 Y117.373 E.05417
G1 X132.798 Y116.834 E.03595
G1 X132.199 Y115.995 E.05418
G1 X131.646 Y115.127 E.05409
G1 X131.139 Y114.231 E.05411
G1 X130.679 Y113.309 E.05415
G1 X130.356 Y112.575 E.04215
G1 X130.024 Y111.725 E.04796
G1 X129.697 Y110.749 E.0541
G1 X129.422 Y109.757 E.0541
G1 X129.199 Y108.752 E.05411
G1 X129.029 Y107.736 E.05414
G1 X128.934 Y106.94 E.04213
G1 X128.865 Y106.029 E.04802
G1 X128.838 Y104.999 E.05415
G1 X128.855 Y104.198 E.04211
G1 X128.912 Y103.287 E.04797
G1 X129.029 Y102.264 E.05412
G1 X129.199 Y101.248 E.05414
G1 X129.422 Y100.243 E.05411
G1 X129.697 Y99.251 E.0541
G1 X129.948 Y98.489 E.04217
G1 X130.269 Y97.635 E.04795
G1 X130.68 Y96.69 E.05416
G1 X131.034 Y95.97 E.04217
G1 X131.472 Y95.169 E.04798
G1 X132.01 Y94.291 E.05412
G1 X132.593 Y93.443 E.05409
G1 X133.219 Y92.626 E.0541
G1 X133.888 Y91.843 E.05413
G1 X134.597 Y91.097 E.05409
G1 X135.343 Y90.388 E.05409
G1 X136.126 Y89.719 E.05413
G1 X136.943 Y89.092 E.05413
G1 X137.602 Y88.635 E.04215
M73 P38 R23
G1 X138.373 Y88.146 E.04798
G1 X139.269 Y87.639 E.05411
G1 X140.19 Y87.18 E.05408
G1 X141.134 Y86.769 E.05411
G1 X142.098 Y86.409 E.05408
G1 X143.08 Y86.099 E.05412
G1 X144.078 Y85.841 E.05418
G1 X144.747 Y85.699 E.03594
G1 X145.764 Y85.529 E.05419
G1 X146.786 Y85.412 E.05406
G1 X147.815 Y85.35 E.05418
G1 X148.474 Y85.341 E.03464
G1 X149.074 Y85.352 F12000
G1 X148.497 Y86.135
;TYPE:Perimeter
G1 E-10F300
G1 F12000.0
T1
G1 E20F300
;WIDTH:0.999999
G1 F626.907
G1 X148.61 Y86.133 E.00899
G1 X149.486 Y86.158 E.06974
G1 X150.472 Y86.236 E.07871
G1 X151.452 Y86.365 E.07866
G1 X152.428 Y86.546 E.079
G1 X153.06 Y86.692 E.05162
G1 X154.016 Y86.957 E.07895
G1 X154.953 Y87.27 E.07862
G1 X155.872 Y87.632 E.0786
G1 X156.771 Y88.042 E.07863
G1 X157.647 Y88.498 E.07859
G1 X158.503 Y89.002 E.07905
G1 X159.047 Y89.355 E.05161
G1 X159.857 Y89.933 E.07919
G1 X160.459 Y90.407 E.06098
G1 X161.124 Y90.978 E.06975
G1 X161.843 Y91.661 E.07892
G1 X162.373 Y92.214 E.06096
G1 X162.953 Y92.871 E.06974
G1 X163.568 Y93.645 E.07867
G1 X164.142 Y94.449 E.07862
G1 X164.673 Y95.282 E.07861
G1 X165.159 Y96.142 E.07861
G1 X165.6 Y97.026 E.07862
G1 X165.996 Y97.937 E.07905
G1 X166.228 Y98.542 E.05157
G1 X166.543 Y99.484 E.07905
G1 X166.807 Y100.435 E.07854
G1 X167.021 Y101.4 E.07866
G1 X167.131 Y102.059 E.05317
G1 X167.224 Y102.701 E.05162
G1 X167.303 Y103.52 E.06548
G1 X167.368 Y105 E.11789
G1 X167.342 Y105.992 E.07897
G1 X167.296 Y106.64 E.0517
G1 X167.184 Y107.626 E.07897
G1 X167.021 Y108.6 E.07859
G1 X166.807 Y109.565 E.07866
G1 X166.543 Y110.516 E.07854
G1 X166.23 Y111.453 E.07862
G1 X165.866 Y112.377 E.07903
G1 X165.602 Y112.969 E.05158
G1 X165.159 Y113.858 E.07905
G1 X164.673 Y114.717 E.07854
G1 X164.139 Y115.555 E.07908
G1 X163.767 Y116.086 E.0516
G1 X163.163 Y116.874 E.07901
G1 X162.521 Y117.625 E.07863
G1 X161.838 Y118.345 E.07898
G1 X161.371 Y118.796 E.05167
G1 X160.628 Y119.453 E.07893
G1 X159.855 Y120.068 E.07861
G1 X159.051 Y120.642 E.07862
G1 X158.217 Y121.173 E.07868
G1 X157.358 Y121.659 E.07854
G1 X156.471 Y122.101 E.07887
G1 X155.77 Y122.41 E.06097
G1 X154.954 Y122.729 E.06972
G1 X154.016 Y123.043 E.07872
G1 X153.065 Y123.307 E.07854
G1 X152.095 Y123.522 E.07907
G1 X151.456 Y123.635 E.05164
G1 X150.472 Y123.764 E.07898
G1 X149.487 Y123.842 E.07863
G1 X148.495 Y123.868 E.07897
G1 X147.846 Y123.856 E.05166
G1 X146.856 Y123.796 E.07893
G1 X145.874 Y123.684 E.07866
G1 X144.9 Y123.521 E.07859
G1 X143.935 Y123.307 E.07866
G1 X142.984 Y123.043 E.07854
G1 X142.042 Y122.728 E.07905
G1 X141.437 Y122.496 E.05157
G1 X140.526 Y122.1 E.07905
G1 X139.642 Y121.659 E.07862
G1 X138.782 Y121.173 E.07861
G1 X137.945 Y120.639 E.07901
G1 X137.414 Y120.267 E.0516
G1 X136.626 Y119.663 E.07901
G1 X135.875 Y119.021 E.07863
G1 X135.159 Y118.341 E.07858
G1 X134.479 Y117.625 E.07858
G1 X133.834 Y116.87 E.07902
G1 X133.435 Y116.359 E.05159
G1 X132.858 Y115.551 E.07901
G1 X132.327 Y114.717 E.07868
G1 X131.841 Y113.858 E.07854
G1 X131.399 Y112.971 E.07887
G1 X131.09 Y112.27 E.06097
G1 X130.771 Y111.454 E.06972
G1 X130.457 Y110.516 E.07872
G1 X130.193 Y109.565 E.07854
G1 X129.979 Y108.6 E.07866
G1 X129.816 Y107.623 E.07883
G1 X129.725 Y106.862 E.06099
G1 X129.658 Y105.989 E.06968
G1 X129.632 Y104.997 E.07897
G1 X129.649 Y104.231 E.06097
G1 X129.704 Y103.357 E.06969
G1 X129.816 Y102.374 E.07873
G1 X129.979 Y101.4 E.07859
G1 X130.193 Y100.435 E.07866
G1 X130.458 Y99.481 E.0788
G1 X130.697 Y98.753 E.06098
G1 X131.006 Y97.933 E.06974
G1 X131.401 Y97.024 E.07887
G1 X131.74 Y96.336 E.06104
G1 X132.16 Y95.567 E.06973
G1 X132.676 Y94.724 E.07866
G1 X133.236 Y93.91 E.07863
G1 X133.837 Y93.126 E.07861
G1 X134.479 Y92.375 E.07863
G1 X135.159 Y91.659 E.07858
G1 X135.875 Y90.979 E.07858
G1 X136.626 Y90.337 E.07863
G1 X137.412 Y89.734 E.07884
G1 X138.041 Y89.297 E.06095
G1 X138.781 Y88.828 E.06972
G1 X139.642 Y88.341 E.07872
G1 X140.526 Y87.9 E.07862
G1 X141.432 Y87.506 E.07862
G1 X142.357 Y87.16 E.07859
G1 X143.299 Y86.863 E.0786
G1 X144.26 Y86.615 E.07898
G1 X144.895 Y86.48 E.05166
G1 X145.874 Y86.316 E.079
G1 X146.856 Y86.204 E.07866
G1 X147.844 Y86.144 E.07877
G1 X148.467 Y86.135 E.04958
G1 X148.489 Y87.092 F12000
G1 F626.907
G1 X148.603 Y87.091 E.00907
G1 X149.435 Y87.114 E.06624
G1 X150.372 Y87.188 E.0748
G1 X151.302 Y87.31 E.07464
G1 X152.233 Y87.483 E.07536
G1 X152.824 Y87.619 E.04826
G1 X153.736 Y87.872 E.07532
G1 X154.626 Y88.17 E.07469
G1 X155.498 Y88.514 E.0746
G1 X156.351 Y88.902 E.07458
G1 X157.183 Y89.335 E.07464
G1 X157.999 Y89.816 E.07538
G1 X158.508 Y90.147 E.04832
G1 X159.283 Y90.699 E.07572
G1 X159.851 Y91.147 E.05757
G1 X160.483 Y91.689 E.06626
G1 X161.168 Y92.339 E.07515
G1 X161.669 Y92.861 E.05758
G1 X162.218 Y93.486 E.0662
G1 X162.804 Y94.221 E.07481
G1 X163.348 Y94.985 E.07464
G1 X163.852 Y95.776 E.07464
G1 X164.314 Y96.592 E.07462
G1 X164.732 Y97.431 E.0746
G1 X165.11 Y98.299 E.07534
G1 X165.327 Y98.866 E.04831
G1 X165.628 Y99.764 E.07537
G1 X165.878 Y100.667 E.07457
G1 X166.081 Y101.583 E.07467
G1 X166.187 Y102.217 E.05115
G1 X166.274 Y102.818 E.04833
G1 X166.349 Y103.595 E.06212
G1 X166.41 Y105 E.11192
G1 X166.385 Y105.946 E.07531
G1 X166.343 Y106.552 E.04834
G1 X166.236 Y107.493 E.07537
G1 X166.081 Y108.417 E.07456
G1 X165.878 Y109.333 E.07467
G1 X165.628 Y110.236 E.07457
G1 X165.33 Y111.126 E.07469
G1 X164.983 Y112.007 E.07535
G1 X164.736 Y112.561 E.04827
G1 X164.314 Y113.408 E.07531
G1 X163.852 Y114.224 E.07462
G1 X163.343 Y115.023 E.07539
G1 X162.995 Y115.52 E.04828
G1 X162.419 Y116.271 E.07532
G1 X161.81 Y116.984 E.07462
G1 X161.158 Y117.671 E.07537
G1 X160.722 Y118.093 E.04829
G1 X160.012 Y118.72 E.07538
G1 X159.279 Y119.304 E.07458
G1 X158.515 Y119.848 E.07464
G1 X157.724 Y120.352 E.07464
G1 X156.908 Y120.814 E.07462
G1 X156.065 Y121.234 E.07495
G1 X155.403 Y121.526 E.05758
G1 X154.628 Y121.829 E.06622
G1 X153.736 Y122.128 E.07487
G1 X152.833 Y122.378 E.07457
G1 X151.909 Y122.583 E.07532
G1 X151.311 Y122.688 E.04832
G1 X150.372 Y122.812 E.07538
G1 X149.437 Y122.886 E.07464
G1 X148.491 Y122.91 E.07531
G1 X147.884 Y122.9 E.04831
G1 X146.939 Y122.842 E.07535
G1 X146.007 Y122.736 E.07465
G1 X145.083 Y122.581 E.07456
G1 X144.167 Y122.378 E.07467
G1 X143.264 Y122.128 E.07457
G1 X142.366 Y121.827 E.07537
G1 X141.799 Y121.61 E.04831
G1 X140.931 Y121.232 E.07534
G1 X140.092 Y120.814 E.0746
G1 X139.276 Y120.352 E.07462
G1 X138.477 Y119.843 E.07539
G1 X137.98 Y119.495 E.04828
G1 X137.229 Y118.919 E.07532
G1 X136.516 Y118.31 E.07462
G1 X135.836 Y117.664 E.07464
G1 X135.19 Y116.984 E.07464
G1 X134.575 Y116.264 E.07536
G1 X134.202 Y115.786 E.04825
G1 X133.652 Y115.015 E.07537
G1 X133.148 Y114.224 E.07464
G1 X132.686 Y113.408 E.07462
G1 X132.266 Y112.565 E.07495
G1 X131.974 Y111.903 E.05758
G1 X131.671 Y111.128 E.06622
G1 X131.372 Y110.236 E.07487
G1 X131.122 Y109.333 E.07457
G1 X130.919 Y108.417 E.07467
G1 X130.763 Y107.488 E.07497
G1 X130.678 Y106.769 E.05762
G1 X130.614 Y105.94 E.06617
G1 X130.59 Y104.995 E.07523
G1 X130.605 Y104.272 E.05755
G1 X130.658 Y103.441 E.06627
G1 X130.764 Y102.507 E.07481
G1 X130.919 Y101.583 E.07456
G1 X131.122 Y100.667 E.07467
G1 X131.374 Y99.759 E.07499
G1 X131.6 Y99.072 E.05755
G1 X131.893 Y98.293 E.06623
G1 X132.27 Y97.426 E.07524
G1 X132.589 Y96.777 E.05755
G1 X132.988 Y96.047 E.06621
G1 X133.479 Y95.245 E.07484
G1 X134.01 Y94.473 E.07457
G1 X134.581 Y93.729 E.07464
G1 X135.19 Y93.016 E.07462
G1 X135.836 Y92.336 E.07464
G1 X136.516 Y91.69 E.07464
G1 X137.229 Y91.081 E.07462
G1 X137.977 Y90.507 E.07503
G1 X138.571 Y90.095 E.05753
G1 X139.274 Y89.649 E.06625
G1 X140.092 Y89.186 E.0748
G1 X140.931 Y88.768 E.0746
G1 X141.791 Y88.394 E.07463
G1 X142.669 Y88.066 E.07459
G1 X143.563 Y87.784 E.0746
G1 X144.48 Y87.547 E.07537
G1 X145.074 Y87.42 E.04834
G1 X146.007 Y87.264 E.07528
G1 X146.939 Y87.158 E.07465
G1 X147.88 Y87.1 E.07503
M73 P39 R23
G1 X148.459 Y87.093 E.04608
G1 X148.48 Y88.049 F12000
G1 F626.907
G1 X148.596 Y88.048 E.00923
G1 X149.384 Y88.07 E.06273
G1 X150.272 Y88.14 E.07089
G1 X151.152 Y88.256 E.07064
G1 X152.038 Y88.42 E.07171
G1 X152.588 Y88.547 E.04492
G1 X153.456 Y88.788 E.07169
G1 X154.298 Y89.07 E.07067
G1 X155.124 Y89.395 E.07064
G1 X155.932 Y89.763 E.07066
G1 X156.719 Y90.173 E.07062
G1 X157.495 Y90.63 E.07167
G1 X157.969 Y90.938 E.04499
G1 X158.709 Y91.465 E.0723
G1 X159.243 Y91.886 E.05412
G1 X159.841 Y92.399 E.0627
G1 X160.493 Y93.018 E.07155
G1 X160.964 Y93.509 E.05415
G1 X161.484 Y94.1 E.06265
G1 X162.039 Y94.798 E.07097
G1 X162.554 Y95.52 E.07058
G1 X163.031 Y96.269 E.07067
G1 X163.468 Y97.041 E.0706
G1 X163.864 Y97.836 E.07068
G1 X164.224 Y98.662 E.07171
G1 X164.426 Y99.189 E.04491
G1 X164.712 Y100.044 E.07175
G1 X164.949 Y100.899 E.07061
G1 X165.141 Y101.765 E.07059
G1 X165.243 Y102.375 E.04922
G1 X165.324 Y102.934 E.04495
G1 X165.395 Y103.67 E.05884
G1 X165.453 Y105 E.10594
G1 X165.429 Y105.9 E.07165
G1 X165.39 Y106.464 E.04499
G1 X165.288 Y107.359 E.07169
G1 X165.141 Y108.235 E.07069
G1 X164.949 Y109.101 E.07059
G1 X164.712 Y109.956 E.07061
G1 X164.43 Y110.798 E.07067
G1 X164.1 Y111.636 E.07167
G1 X163.87 Y112.153 E.04503
G1 X163.468 Y112.959 E.07168
G1 X163.031 Y113.731 E.0706
G1 X162.547 Y114.491 E.07171
G1 X162.223 Y114.954 E.04497
G1 X161.675 Y115.669 E.07169
G1 X161.098 Y116.344 E.07067
G1 X160.478 Y116.997 E.07166
G1 X160.072 Y117.39 E.04497
G1 X159.397 Y117.987 E.07171
G1 X158.702 Y118.539 E.07063
G1 X157.98 Y119.054 E.07058
G1 X157.231 Y119.531 E.07067
G1 X156.459 Y119.968 E.0706
G1 X155.658 Y120.368 E.07125
G1 X155.035 Y120.642 E.05416
G1 X154.301 Y120.929 E.06272
G1 X153.456 Y121.212 E.07092
G1 X152.601 Y121.449 E.07061
G1 X151.722 Y121.644 E.07165
G1 X151.165 Y121.742 E.04501
G1 X150.272 Y121.86 E.07168
G1 X149.387 Y121.929 E.07064
G1 X148.487 Y121.953 E.07165
G1 X147.922 Y121.943 E.04497
G1 X147.022 Y121.888 E.07176
G1 X146.141 Y121.788 E.07056
G1 X145.265 Y121.641 E.07069
G1 X144.399 Y121.449 E.07059
G1 X143.544 Y121.212 E.07061
G1 X142.689 Y120.926 E.07175
G1 X142.162 Y120.724 E.04491
G1 X141.336 Y120.364 E.07171
G1 X140.541 Y119.968 E.07068
G1 X139.769 Y119.531 E.0706
G1 X139.009 Y119.047 E.07171
G1 X138.546 Y118.723 E.04497
G1 X137.831 Y118.175 E.07169
G1 X137.156 Y117.598 E.07067
G1 X136.513 Y116.987 E.07059
G1 X135.902 Y116.344 E.07059
G1 X135.317 Y115.659 E.07169
G1 X134.969 Y115.213 E.04502
G1 X134.446 Y114.48 E.07166
G1 X133.969 Y113.731 E.07067
G1 X133.532 Y112.959 E.0706
G1 X133.132 Y112.158 E.07125
G1 X132.858 Y111.535 E.05416
G1 X132.571 Y110.801 E.06272
G1 X132.288 Y109.956 E.07092
G1 X132.051 Y109.101 E.07061
G1 X131.859 Y108.235 E.07059
G1 X131.711 Y107.352 E.07125
G1 X131.631 Y106.676 E.05417
G1 X131.571 Y105.891 E.06265
G1 X131.547 Y104.992 E.07157
G1 X131.562 Y104.312 E.05413
G1 X131.611 Y103.526 E.06267
G1 X131.712 Y102.641 E.07089
G1 X131.859 Y101.765 E.07069
G1 X132.051 Y100.899 E.07059
G1 X132.29 Y100.036 E.07126
G1 X132.503 Y99.39 E.05413
G1 X132.78 Y98.652 E.06273
G1 X133.139 Y97.829 E.07146
G1 X133.439 Y97.218 E.05417
G1 X133.817 Y96.527 E.06268
G1 X134.282 Y95.767 E.0709
G1 X134.785 Y95.035 E.07068
G1 X135.325 Y94.331 E.07061
G1 X135.902 Y93.656 E.07067
G1 X136.513 Y93.013 E.07059
G1 X137.156 Y92.402 E.07059
G1 X137.831 Y91.825 E.07067
G1 X138.541 Y91.28 E.07123
G1 X139.1 Y90.892 E.05415
G1 X139.766 Y90.47 E.06275
G1 X140.541 Y90.032 E.07084
G1 X141.335 Y89.636 E.07061
G1 X142.149 Y89.282 E.07064
G1 X142.981 Y88.971 E.07069
G1 X143.827 Y88.704 E.0706
G1 X144.699 Y88.478 E.07169
G1 X145.252 Y88.361 E.04498
G1 X146.141 Y88.212 E.07173
G1 X147.022 Y88.112 E.07056
G1 X147.916 Y88.057 E.07128
G1 X148.45 Y88.05 E.0425
G1 E-8 F7200
G1 Z2 F3000
G1 X158.024 Y91.659 F12000
G1 Z1.8 F3000
G1 E8 F7200
;TYPE:Internal infill
G1 E-10F300
G1 F12000.0
T0
G1 E16F300
G1 F12000.0
;WIDTH:0.675
G1 F949.248
G1 X159.503 Y92.844 E.09961
G1 X158.673 Y93.115 E.04589
G1 X157.995 Y93.183 E.03581
G1 X157.316 Y93.047 E.0364
G1 X156.977 Y92.844 E.02077
G1 X156.638 Y92.513 E.0249
G1 X155.282 Y90.813 E.11429
G1 X154.604 Y90.286 E.04513
G1 X153.926 Y89.954 E.03968
G1 X153.247 Y89.757 E.03716
G1 X152.569 Y89.69 E.03581
G1 X151.891 Y89.825 E.03633
G1 X151.552 Y90.029 E.02079
G1 X151.213 Y90.359 E.02486
G1 X149.856 Y92.06 E.11436
G1 X149.178 Y92.586 E.0451
G1 X148.5 Y92.919 E.0397
G1 X147.822 Y93.115 E.03709
G1 X147.144 Y93.183 E.03581
G1 X146.465 Y93.047 E.0364
G1 X146.126 Y92.844 E.02077
G1 X145.787 Y92.513 E.0249
G1 X144.431 Y90.813 E.11429
G1 X143.753 Y90.286 E.04513
G1 X143.074 Y89.954 E.03972
G1 X142.434 Y89.768 E.03503
G1 X140.802 Y90.522 E.09449
G1 X139.806 Y91.102 E.06058
G1 X139.005 Y92.06 E.06563
G1 X138.327 Y92.586 E.0451
G1 X137.649 Y92.919 E.0397
G1 X137.317 Y93.015 E.01816
G1 X136.314 Y94.028 E.07492
G1 X135.757 Y94.681 E.04511
G1 X134.94 Y95.79 E.0724
G1 X136.293 Y97.485 E.11399
G1 X136.971 Y98.012 E.04513
G1 X137.649 Y98.344 E.03968
G1 X138.327 Y98.541 E.03711
G1 X139.005 Y98.608 E.03581
G1 X139.684 Y98.473 E.03639
G1 X140.023 Y98.269 E.02079
G1 X140.362 Y97.939 E.02486
G1 X141.718 Y96.238 E.11433
G1 X142.396 Y95.712 E.0451
G1 X143.074 Y95.379 E.0397
G1 X143.753 Y95.183 E.03714
G1 X144.431 Y95.115 E.03581
G1 X145.109 Y95.251 E.03634
G1 X145.448 Y95.454 E.02077
G1 X145.787 Y95.785 E.0249
G1 X147.144 Y97.485 E.11432
G1 X147.822 Y98.012 E.04513
M73 P39 R22
G1 X148.5 Y98.344 E.03968
G1 X149.178 Y98.541 E.03711
G1 X149.856 Y98.608 E.03581
G1 X150.535 Y98.473 E.03639
G1 X150.874 Y98.269 E.02079
G1 X151.213 Y97.939 E.02486
G1 X152.569 Y96.238 E.11433
G1 X153.247 Y95.712 E.0451
G1 X153.926 Y95.379 E.03975
G1 X154.604 Y95.183 E.03709
G1 X155.282 Y95.115 E.03581
G1 X155.96 Y95.251 E.03634
G1 X156.299 Y95.454 E.02077
G1 X156.638 Y95.785 E.0249
G1 X157.995 Y97.485 E.11432
G1 X158.673 Y98.012 E.04513
G1 X159.351 Y98.344 E.03968
G1 X160.029 Y98.541 E.03711
G1 X160.707 Y98.608 E.03581
G1 X161.386 Y98.473 E.03639
G1 X161.725 Y98.269 E.02079
G1 X162.064 Y97.939 E.02486
G1 X162.792 Y96.974 E.06353
G1 X163.709 Y98.872 E.11079
G1 X164.309 Y100.669 E.09957
G1 X163.42 Y100.541 E.04721
G1 X162.742 Y100.676 E.03633
G1 X162.403 Y100.88 E.02079
G1 X162.064 Y101.21 E.02486
G1 X160.707 Y102.911 E.11436
G1 X160.029 Y103.437 E.0451
G1 X159.351 Y103.77 E.0397
G1 X158.673 Y103.966 E.03709
G1 X157.995 Y104.034 E.03581
G1 X157.316 Y103.898 E.0364
G1 X156.977 Y103.695 E.02077
G1 X156.638 Y103.364 E.0249
G1 X155.282 Y101.664 E.11429
G1 X154.604 Y101.137 E.04513
G1 X153.926 Y100.805 E.03968
G1 X153.247 Y100.608 E.03716
G1 X152.569 Y100.541 E.03581
G1 X151.891 Y100.676 E.03633
G1 X151.552 Y100.88 E.02079
G1 X151.213 Y101.21 E.02486
G1 X149.856 Y102.911 E.11436
G1 X149.178 Y103.437 E.0451
G1 X148.5 Y103.77 E.0397
G1 X147.822 Y103.966 E.03709
G1 X147.144 Y104.034 E.03581
G1 X146.465 Y103.898 E.0364
G1 X146.126 Y103.695 E.02077
G1 X145.787 Y103.364 E.0249
G1 X144.431 Y101.664 E.11429
G1 X143.753 Y101.137 E.04513
G1 X143.074 Y100.805 E.03972
G1 X142.396 Y100.608 E.03711
G1 X141.718 Y100.541 E.03581
G1 X141.04 Y100.676 E.03633
G1 X140.701 Y100.88 E.02079
G1 X140.362 Y101.21 E.02486
G1 X139.005 Y102.911 E.11436
G1 X138.327 Y103.437 E.0451
G1 X137.649 Y103.77 E.0397
G1 X136.971 Y103.966 E.03709
G1 X136.293 Y104.034 E.03581
G1 X135.614 Y103.898 E.0364
G1 X135.275 Y103.695 E.02077
G1 X134.936 Y103.364 E.0249
G1 X133.58 Y101.664 E.11429
G1 X132.902 Y101.137 E.04513
G1 X132.602 Y100.99 E.01756
G1 X132.247 Y102.852 E.09963
G1 E-8 F7200
G1 Z2 F3000
G1 X132.116 Y104.369 F12000
G1 Z1.8 F3000
G1 E8 F7200
G1 F949.248
G1 X132.156 Y106.263 E.09957
G1 X132.902 Y106.034 E.04101
G1 X133.58 Y105.966 E.03581
G1 X134.258 Y106.102 E.03634
G1 X134.597 Y106.305 E.02077
G1 X134.936 Y106.636 E.0249
G1 X136.293 Y108.336 E.11432
G1 X136.971 Y108.863 E.04513
G1 X137.649 Y109.195 E.03968
G1 X138.327 Y109.392 E.03711
G1 X139.005 Y109.459 E.03581
G1 X139.684 Y109.324 E.03639
G1 X140.023 Y109.12 E.02079
G1 X140.362 Y108.79 E.02486
G1 X141.718 Y107.089 E.11433
G1 X142.396 Y106.563 E.0451
G1 X143.074 Y106.23 E.0397
G1 X143.753 Y106.034 E.03714
G1 X144.431 Y105.966 E.03581
G1 X145.109 Y106.102 E.03634
G1 X145.448 Y106.305 E.02077
G1 X145.787 Y106.636 E.0249
G1 X147.144 Y108.336 E.11432
G1 X147.822 Y108.863 E.04513
G1 X148.5 Y109.195 E.03968
G1 X149.178 Y109.392 E.03711
G1 X149.856 Y109.459 E.03581
G1 X150.535 Y109.324 E.03639
G1 X150.874 Y109.12 E.02079
G1 X151.213 Y108.79 E.02486
G1 X152.569 Y107.089 E.11433
G1 X153.247 Y106.563 E.0451
G1 X153.926 Y106.23 E.03975
G1 X154.604 Y106.034 E.03709
G1 X155.282 Y105.966 E.03581
G1 X155.96 Y106.102 E.03634
G1 X156.299 Y106.305 E.02077
G1 X156.638 Y106.636 E.0249
G1 X157.995 Y108.336 E.11432
G1 X158.673 Y108.863 E.04513
G1 X159.351 Y109.195 E.03968
G1 X160.029 Y109.392 E.03711
G1 X160.707 Y109.459 E.03581
G1 X161.386 Y109.324 E.03639
G1 X161.725 Y109.12 E.02079
G1 X162.064 Y108.79 E.02486
G1 X163.42 Y107.089 E.11433
G1 X164.098 Y106.563 E.0451
G1 X164.851 Y106.209 E.04373
G1 X164.603 Y108.088 E.09961
G1 E-8 F7200
G1 Z2 F3000
G1 X164.228 Y109.623 F12000
G1 Z1.8 F3000
G1 E8 F7200
G1 F949.248
G1 X163.593 Y111.409 E.09962
G1 X163.42 Y111.392 E.00914
G1 X162.742 Y111.527 E.03633
G1 X162.403 Y111.731 E.02079
G1 X162.064 Y112.061 E.02486
G1 X160.707 Y113.762 E.11436
G1 X160.029 Y114.288 E.0451
G1 X159.351 Y114.621 E.0397
G1 X158.673 Y114.817 E.03709
G1 X157.995 Y114.885 E.03581
G1 X157.316 Y114.749 E.0364
G1 X156.977 Y114.546 E.02077
G1 X156.638 Y114.215 E.0249
G1 X155.282 Y112.515 E.11429
G1 X154.604 Y111.988 E.04513
G1 X153.926 Y111.656 E.03968
M73 P40 R22
G1 X153.247 Y111.459 E.03716
G1 X152.569 Y111.392 E.03581
G1 X151.891 Y111.527 E.03633
G1 X151.552 Y111.731 E.02079
G1 X151.213 Y112.061 E.02486
G1 X149.856 Y113.762 E.11436
G1 X149.178 Y114.288 E.0451
G1 X148.5 Y114.621 E.0397
G1 X147.822 Y114.817 E.03709
G1 X147.144 Y114.885 E.03581
G1 X146.465 Y114.749 E.0364
G1 X146.126 Y114.546 E.02077
G1 X145.787 Y114.215 E.0249
G1 X144.431 Y112.515 E.11429
G1 X143.753 Y111.988 E.04513
G1 X143.074 Y111.656 E.03972
G1 X142.396 Y111.459 E.03711
G1 X141.718 Y111.392 E.03581
G1 X141.04 Y111.527 E.03633
G1 X140.701 Y111.731 E.02079
G1 X140.362 Y112.061 E.02486
G1 X139.005 Y113.762 E.11436
G1 X138.327 Y114.288 E.0451
G1 X137.649 Y114.621 E.0397
G1 X136.971 Y114.817 E.03709
G1 X136.293 Y114.885 E.03581
G1 X135.614 Y114.749 E.0364
G1 X135.275 Y114.546 E.02077
G1 X134.906 Y114.169 E.02773
G1 X133.972 Y112.597 E.0961
G1 E-8 F7200
G1 Z2 F3000
G1 X142.286 Y120.172 F12000
G1 Z1.8 F3000
G1 E8 F7200
G1 F949.248
G1 X140.578 Y119.351 E.0996
G1 X141.718 Y117.94 E.09534
G1 X142.396 Y117.414 E.0451
G1 X143.074 Y117.081 E.0397
G1 X143.753 Y116.885 E.03714
G1 X144.431 Y116.817 E.03581
G1 X145.109 Y116.953 E.03634
G1 X145.448 Y117.156 E.02077
G1 X145.787 Y117.487 E.0249
G1 X147.144 Y119.187 E.11432
G1 X147.822 Y119.714 E.04513
G1 X148.5 Y120.046 E.03968
G1 X149.178 Y120.243 E.03711
G1 X149.856 Y120.31 E.03581
G1 X150.535 Y120.175 E.03639
G1 X150.874 Y119.971 E.02079
G1 X151.213 Y119.641 E.02486
G1 X152.569 Y117.94 E.11433
G1 X153.247 Y117.414 E.0451
G1 X153.926 Y117.081 E.03975
G1 X154.604 Y116.885 E.03709
G1 X155.282 Y116.817 E.03581
G1 X155.96 Y116.953 E.03634
G1 X156.299 Y117.156 E.02077
G1 X156.638 Y117.487 E.0249
G1 X157.552 Y118.669 E.07853
G1 X155.913 Y119.62 E.09959
;LAYER_CHANGE
;Z:2
;HEIGHT:0.2

G1 E-8 F7200
G1 Z2 F3000
;AFTER_LAYER_CHANGE
;2
G92 E0
_ON_LAYER_CHANGE LAYER=10
G1 Z2.2
G1 X148.504 Y85.34 F12000
G1 Z2 F3000
G1 E8 F7200
;TYPE:External perimeter
;WIDTH:0.674999
G1 F949.248
G1 X148.63 Y85.339 E.00662
G1 X149.529 Y85.365 E.04727
G1 X150.555 Y85.445 E.05409
G1 X151.576 Y85.58 E.05413
G1 X152.589 Y85.767 E.05414
G1 X153.383 Y85.954 E.04287
G1 X154.248 Y86.197 E.04722
G1 X155.225 Y86.523 E.05413
G1 X156.183 Y86.901 E.05413
G1 X157.12 Y87.328 E.05412
G1 X157.845 Y87.701 E.04285
G1 X158.626 Y88.146 E.04724
G1 X159.496 Y88.7 E.05421
G1 X160.056 Y89.092 E.03593
G1 X160.874 Y89.719 E.05417
G1 X161.657 Y90.388 E.05413
G1 X162.404 Y91.098 E.05417
G1 X162.879 Y91.589 E.03591
G1 X163.562 Y92.361 E.05417
G1 X164.203 Y93.167 E.05412
G1 X164.801 Y94.005 E.05411
G1 X165.354 Y94.873 E.05409
G1 X165.862 Y95.77 E.05418
G1 X166.172 Y96.379 E.03592
G1 X166.599 Y97.317 E.05417
G1 X166.977 Y98.275 E.05413
G1 X167.303 Y99.251 E.05408
G1 X167.578 Y100.243 E.0541
G1 X167.801 Y101.248 E.05411
G1 X167.971 Y102.265 E.05419
G1 X168.055 Y102.943 E.03591
G1 X168.135 Y103.971 E.05419
G1 X168.15 Y105.685 E.09009
G1 X168.088 Y106.714 E.05418
G1 X167.971 Y107.736 E.05406
G1 X167.801 Y108.752 E.05414
G1 X167.578 Y109.757 E.05411
G1 X167.303 Y110.749 E.0541
G1 X166.977 Y111.725 E.05408
G1 X166.599 Y112.684 E.05418
G1 X166.321 Y113.308 E.0359
G1 X165.861 Y114.231 E.0542
G1 X165.354 Y115.127 E.05411
G1 X164.801 Y115.995 E.05409
G1 X164.202 Y116.834 E.05418
G1 X163.781 Y117.373 E.03595
G1 X163.112 Y118.157 E.05417
G1 X162.402 Y118.904 E.05417
G1 X161.911 Y119.379 E.03591
G1 X161.139 Y120.062 E.05417
G1 X160.333 Y120.703 E.05412
G1 X159.495 Y121.301 E.05411
G1 X158.627 Y121.854 E.05409
G1 X157.731 Y122.361 E.05411
G1 X156.81 Y122.82 E.05408
G1 X155.864 Y123.231 E.05421
G1 X155.226 Y123.476 E.03592
G1 X154.249 Y123.803 E.05415
G1 X153.257 Y124.078 E.0541
G1 X152.252 Y124.301 E.05411
G1 X151.235 Y124.471 E.05419
G1 X150.557 Y124.555 E.03591
G1 X149.529 Y124.635 E.05419
G1 X148.499 Y124.662 E.05415
G1 X147.815 Y124.65 E.03595
G1 X146.786 Y124.588 E.05418
G1 X145.764 Y124.471 E.05406
G1 X144.747 Y124.301 E.05419
G1 X144.078 Y124.159 E.03594
G1 X143.08 Y123.901 E.05418
G1 X142.099 Y123.591 E.05407
G1 X141.134 Y123.231 E.05413
G1 X140.19 Y122.82 E.05411
G1 X139.269 Y122.361 E.05408
G1 X138.373 Y121.854 E.05411
G1 X137.504 Y121.3 E.05416
G1 X136.944 Y120.908 E.03593
G1 X136.126 Y120.281 E.05417
G1 X135.343 Y119.612 E.05413
G1 X134.597 Y118.903 E.05409
G1 X133.888 Y118.157 E.05409
G1 X133.218 Y117.373 E.0542
G1 X132.798 Y116.834 E.03591
G1 X132.199 Y115.995 E.05418
G1 X131.646 Y115.127 E.05409
G1 X131.139 Y114.231 E.05411
G1 X130.68 Y113.31 E.05408
G1 X130.269 Y112.364 E.05421
G1 X130.024 Y111.726 E.03592
G1 X129.697 Y110.749 E.05415
G1 X129.422 Y109.757 E.0541
G1 X129.199 Y108.752 E.05411
G1 X129.029 Y107.736 E.05414
G1 X128.933 Y106.926 E.04287
G1 X128.865 Y106.029 E.04728
G1 X128.838 Y104.999 E.05415
G1 X128.85 Y104.315 E.03595
G1 X128.912 Y103.286 E.05418
G1 X129.029 Y102.264 E.05406
G1 X129.199 Y101.248 E.05414
G1 X129.422 Y100.243 E.05411
G1 X129.697 Y99.25 E.05415
G1 X129.908 Y98.6 E.03592
G1 X130.269 Y97.634 E.0542
G1 X130.68 Y96.69 E.05411
G1 X131.041 Y95.958 E.0429
G1 X131.472 Y95.169 E.04725
G1 X132.01 Y94.291 E.05412
G1 X132.593 Y93.443 E.05409
G1 X133.219 Y92.626 E.0541
G1 X133.888 Y91.843 E.05413
G1 X134.597 Y91.097 E.05409
G1 X135.343 Y90.388 E.05409
G1 X136.126 Y89.719 E.05413
G1 X136.943 Y89.092 E.05413
G1 X137.613 Y88.627 E.04286
G1 X138.373 Y88.146 E.04727
G1 X139.269 Y87.639 E.05411
G1 X140.19 Y87.18 E.05408
G1 X141.136 Y86.769 E.05421
G1 X141.774 Y86.524 E.03592
G1 X142.751 Y86.197 E.05415
G1 X143.743 Y85.922 E.0541
G1 X144.748 Y85.699 E.05411
G1 X145.764 Y85.529 E.05414
G1 X146.786 Y85.412 E.05406
G1 X147.815 Y85.35 E.05418
G1 X148.474 Y85.341 E.03464
G1 X149.074 Y85.352 F12000
G1 X148.497 Y86.135
;TYPE:Perimeter
G1 E-10F300
G1 F12000.0
T1
G1 E20F300
;WIDTH:0.999999
G1 F626.907
G1 X148.624 Y86.133 E.01011
G1 X149.486 Y86.158 E.06863
G1 X150.472 Y86.236 E.07871
G1 X151.452 Y86.365 E.07866
G1 X152.425 Y86.545 E.07875
G1 X153.184 Y86.724 E.06206
G1 X154.015 Y86.956 E.06866
G1 X154.953 Y87.27 E.07872
G1 X155.872 Y87.632 E.0786
G1 X156.773 Y88.043 E.07881
G1 X157.467 Y88.4 E.06211
G1 X158.216 Y88.827 E.06861
G1 X159.055 Y89.361 E.07915
G1 X159.586 Y89.733 E.0516
G1 X160.374 Y90.337 E.07901
G1 X161.125 Y90.979 E.07863
G1 X161.845 Y91.662 E.07898
G1 X162.296 Y92.129 E.05167
G1 X162.953 Y92.872 E.07893
G1 X163.568 Y93.645 E.07861
G1 X164.142 Y94.449 E.07862
G1 X164.673 Y95.283 E.07868
G1 X165.161 Y96.147 E.07897
G1 X165.456 Y96.724 E.05157
G1 X165.868 Y97.628 E.07906
G1 X166.23 Y98.547 E.0786
G1 X166.543 Y99.484 E.07862
G1 X166.807 Y100.435 E.07854
G1 X167.021 Y101.4 E.07866
G1 X167.185 Y102.379 E.079
G1 X167.264 Y103.023 E.05163
G1 X167.342 Y104.013 E.07903
G1 X167.356 Y105.654 E.1306
G1 X167.296 Y106.644 E.07893
G1 X167.184 Y107.626 E.07866
G1 X167.021 Y108.6 E.07859
G1 X166.807 Y109.565 E.07866
G1 X166.543 Y110.516 E.07854
G1 X166.23 Y111.453 E.07862
G1 X165.866 Y112.377 E.07903
G1 X165.602 Y112.969 E.05158
G1 X165.159 Y113.858 E.07905
G1 X164.673 Y114.718 E.07861
G1 X164.142 Y115.551 E.07861
G1 X163.565 Y116.359 E.07901
G1 X163.166 Y116.87 E.05159
G1 X162.521 Y117.625 E.07902
G1 X161.838 Y118.345 E.07898
G1 X161.371 Y118.796 E.05167
G1 X160.628 Y119.453 E.07893
G1 X159.855 Y120.068 E.07861
G1 X159.051 Y120.642 E.07862
G1 X158.217 Y121.173 E.07868
G1 X157.358 Y121.659 E.07854
G1 X156.474 Y122.1 E.07862
G1 X155.563 Y122.496 E.07905
G1 X154.958 Y122.728 E.05157
G1 X154.016 Y123.043 E.07905
G1 X153.065 Y123.307 E.07854
G1 X152.1 Y123.521 E.07866
G1 X151.121 Y123.685 E.079
G1 X150.477 Y123.764 E.05163
G1 X149.487 Y123.842 E.07903
G1 X148.495 Y123.868 E.07897
G1 X147.846 Y123.856 E.05166
G1 X146.856 Y123.796 E.07893
G1 X145.874 Y123.684 E.07866
G1 X144.895 Y123.52 E.079
G1 X144.26 Y123.385 E.05166
G1 X143.299 Y123.137 E.07898
G1 X142.357 Y122.84 E.0786
G1 X141.432 Y122.494 E.07859
G1 X140.526 Y122.1 E.07862
G1 X139.642 Y121.659 E.07862
G1 X138.783 Y121.173 E.07854
G1 X137.945 Y120.639 E.07908
G1 X137.414 Y120.267 E.0516
G1 X136.626 Y119.663 E.07901
G1 X135.875 Y119.021 E.07863
G1 X135.159 Y118.341 E.07858
G1 X134.479 Y117.625 E.07858
G1 X133.834 Y116.87 E.07902
G1 X133.435 Y116.359 E.05159
G1 X132.858 Y115.551 E.07901
G1 X132.327 Y114.717 E.07868
G1 X131.841 Y113.858 E.07854
G1 X131.4 Y112.974 E.07862
G1 X131.004 Y112.063 E.07905
G1 X130.772 Y111.458 E.05157
G1 X130.457 Y110.516 E.07905
G1 X130.193 Y109.565 E.07854
G1 X129.979 Y108.6 E.07866
G1 X129.816 Y107.623 E.07883
G1 X129.724 Y106.849 E.06203
G1 X129.658 Y105.989 E.06864
G1 X129.632 Y104.995 E.07913
G1 X129.644 Y104.346 E.05166
G1 X129.704 Y103.356 E.07893
G1 X129.816 Y102.374 E.07866
G1 X129.979 Y101.4 E.07859
G1 X130.193 Y100.435 E.07866
G1 X130.458 Y99.479 E.07895
G1 X130.659 Y98.862 E.05164
G1 X131.006 Y97.932 E.07899
G1 X131.401 Y97.024 E.0788
G1 X131.746 Y96.324 E.06211
G1 X132.159 Y95.567 E.06863
G1 X132.676 Y94.724 E.0787
G1 X133.236 Y93.91 E.07863
G1 X133.837 Y93.126 E.07861
G1 X134.479 Y92.375 E.07863
G1 X135.159 Y91.659 E.07858
G1 X135.875 Y90.979 E.07858
G1 X136.626 Y90.337 E.07863
G1 X137.412 Y89.734 E.07884
G1 X138.053 Y89.29 E.06205
G1 X138.781 Y88.828 E.06862
G1 X139.642 Y88.341 E.07872
M73 P41 R22
G1 X140.526 Y87.9 E.07862
G1 X141.437 Y87.504 E.07905
G1 X142.042 Y87.272 E.05157
G1 X142.984 Y86.957 E.07905
G1 X143.935 Y86.693 E.07854
G1 X144.9 Y86.479 E.07866
G1 X145.874 Y86.316 E.07859
G1 X146.856 Y86.204 E.07866
G1 X147.844 Y86.144 E.07877
G1 X148.467 Y86.136 E.04958
G1 X148.489 Y87.092 F12000
G1 F626.907
G1 X148.617 Y87.091 E.01019
G1 X149.435 Y87.114 E.06512
G1 X150.372 Y87.188 E.0748
G1 X151.302 Y87.31 E.07464
G1 X152.228 Y87.482 E.07495
G1 X152.946 Y87.651 E.0587
G1 X153.734 Y87.872 E.06513
G1 X154.626 Y88.17 E.07484
G1 X155.498 Y88.514 E.0746
G1 X156.356 Y88.904 E.075
G1 X157.011 Y89.242 E.05866
G1 X157.722 Y89.647 E.06512
G1 X158.523 Y90.157 E.07557
G1 X159.02 Y90.505 E.04828
G1 X159.771 Y91.081 E.07532
G1 X160.484 Y91.69 E.07462
G1 X161.171 Y92.342 E.07537
G1 X161.593 Y92.778 E.04829
G1 X162.22 Y93.488 E.07538
G1 X162.804 Y94.221 E.07458
G1 X163.348 Y94.985 E.07464
G1 X163.852 Y95.776 E.07464
G1 X164.318 Y96.6 E.07534
G1 X164.594 Y97.14 E.04826
G1 X164.986 Y98.002 E.07536
G1 X165.33 Y98.874 E.0746
G1 X165.628 Y99.764 E.07469
G1 X165.878 Y100.667 E.07457
G1 X166.081 Y101.583 E.07467
G1 X166.237 Y102.516 E.07528
G1 X166.311 Y103.119 E.04835
G1 X166.386 Y104.063 E.07536
G1 X166.4 Y105.616 E.1236
G1 X166.342 Y106.561 E.07535
G1 X166.236 Y107.493 E.07465
G1 X166.081 Y108.417 E.07456
G1 X165.878 Y109.333 E.07467
G1 X165.628 Y110.236 E.07457
G1 X165.33 Y111.126 E.07469
G1 X164.983 Y112.007 E.07535
G1 X164.736 Y112.561 E.04827
G1 X164.314 Y113.408 E.07531
G1 X163.852 Y114.224 E.07462
G1 X163.348 Y115.015 E.07464
G1 X162.798 Y115.786 E.07537
G1 X162.425 Y116.264 E.04825
G1 X161.81 Y116.984 E.07536
G1 X161.158 Y117.671 E.07537
G1 X160.722 Y118.093 E.04829
G1 X160.012 Y118.72 E.07538
G1 X159.279 Y119.304 E.07458
G1 X158.515 Y119.848 E.07464
G1 X157.724 Y120.352 E.07464
G1 X156.908 Y120.814 E.07462
G1 X156.069 Y121.232 E.0746
G1 X155.201 Y121.61 E.07534
G1 X154.634 Y121.827 E.04831
G1 X153.736 Y122.128 E.07537
G1 X152.833 Y122.378 E.07457
G1 X151.917 Y122.581 E.07467
G1 X150.984 Y122.737 E.07528
G1 X150.381 Y122.811 E.04835
G1 X149.437 Y122.886 E.07536
G1 X148.491 Y122.91 E.07531
G1 X147.884 Y122.9 E.04831
G1 X146.939 Y122.842 E.07535
G1 X146.007 Y122.736 E.07465
G1 X145.074 Y122.58 E.07528
G1 X144.48 Y122.453 E.04834
G1 X143.563 Y122.216 E.07537
G1 X142.669 Y121.934 E.0746
G1 X141.791 Y121.606 E.07459
G1 X140.931 Y121.232 E.07463
G1 X140.092 Y120.814 E.0746
G1 X139.276 Y120.352 E.07462
G1 X138.477 Y119.843 E.07539
G1 X137.98 Y119.495 E.04828
G1 X137.229 Y118.919 E.07532
G1 X136.516 Y118.31 E.07462
G1 X135.836 Y117.664 E.07464
G1 X135.19 Y116.984 E.07464
G1 X134.575 Y116.264 E.07536
G1 X134.202 Y115.786 E.04825
G1 X133.652 Y115.015 E.07537
G1 X133.148 Y114.224 E.07464
G1 X132.686 Y113.408 E.07462
G1 X132.268 Y112.569 E.0746
G1 X131.89 Y111.701 E.07534
G1 X131.673 Y111.134 E.04831
G1 X131.372 Y110.236 E.07537
G1 X131.122 Y109.333 E.07457
G1 X130.919 Y108.417 E.07467
G1 X130.763 Y107.488 E.07497
G1 X130.677 Y106.756 E.05865
G1 X130.614 Y105.94 E.06513
G1 X130.59 Y104.991 E.07555
G1 X130.6 Y104.384 E.04831
G1 X130.658 Y103.439 E.07535
G1 X130.764 Y102.507 E.07465
G1 X130.919 Y101.583 E.07456
G1 X131.122 Y100.667 E.07467
G1 X131.375 Y99.755 E.07532
G1 X131.562 Y99.178 E.04827
G1 X131.894 Y98.291 E.07537
G1 X132.27 Y97.427 E.07499
G1 X132.596 Y96.766 E.05865
G1 X132.988 Y96.047 E.06517
G1 X133.479 Y95.245 E.07484
G1 X134.01 Y94.473 E.07457
G1 X134.581 Y93.729 E.07464
G1 X135.19 Y93.016 E.07462
G1 X135.836 Y92.336 E.07464
G1 X136.516 Y91.69 E.07464
G1 X137.229 Y91.081 E.07462
G1 X137.976 Y90.508 E.07492
G1 X138.582 Y90.087 E.05872
G1 X139.273 Y89.649 E.06511
G1 X140.092 Y89.186 E.07487
G1 X140.931 Y88.768 E.0746
G1 X141.799 Y88.39 E.07534
G1 X142.366 Y88.173 E.04831
G1 X143.264 Y87.872 E.07537
G1 X144.167 Y87.622 E.07457
G1 X145.083 Y87.419 E.07467
G1 X146.007 Y87.264 E.07456
G1 X146.939 Y87.158 E.07465
G1 X147.88 Y87.1 E.07503
G1 X148.459 Y87.093 E.04608
G1 X148.48 Y88.05 F12000
G1 F626.907
G1 X148.609 Y88.048 E.01027
G1 X149.383 Y88.07 E.06162
G1 X150.272 Y88.14 E.07097
G1 X151.152 Y88.256 E.07064
G1 X152.031 Y88.419 E.07114
G1 X152.707 Y88.578 E.05527
G1 X153.453 Y88.787 E.06165
G1 X154.298 Y89.07 E.07092
G1 X155.124 Y89.395 E.07064
G1 X155.938 Y89.766 E.07119
G1 X156.555 Y90.083 E.0552
G1 X157.228 Y90.467 E.06166
G1 X157.991 Y90.953 E.07199
G1 X158.454 Y91.277 E.04497
G1 X159.169 Y91.825 E.07169
G1 X159.844 Y92.402 E.07067
G1 X160.497 Y93.022 E.07166
G1 X160.89 Y93.428 E.04497
G1 X161.487 Y94.103 E.07171
G1 X162.039 Y94.798 E.07063
G1 X162.554 Y95.52 E.07058
G1 X163.031 Y96.269 E.07067
G1 X163.475 Y97.053 E.0717
G1 X163.731 Y97.556 E.04492
G1 X164.105 Y98.376 E.07172
G1 X164.43 Y99.202 E.07064
G1 X164.712 Y100.044 E.07067
G1 X164.949 Y100.899 E.07061
G1 X165.141 Y101.765 E.07059
G1 X165.29 Y102.654 E.07173
G1 X165.359 Y103.215 E.04498
G1 X165.429 Y104.113 E.07168
G1 X165.443 Y105.578 E.11659
G1 X165.388 Y106.478 E.07176
G1 X165.288 Y107.359 E.07056
G1 X165.141 Y108.235 E.07069
G1 X164.949 Y109.101 E.07059
G1 X164.712 Y109.956 E.07061
G1 X164.43 Y110.798 E.07067
G1 X164.1 Y111.636 E.07167
G1 X163.87 Y112.153 E.04503
G1 X163.468 Y112.959 E.07168
G1 X163.031 Y113.731 E.0706
G1 X162.554 Y114.48 E.07067
G1 X162.031 Y115.213 E.07166
G1 X161.683 Y115.659 E.04502
G1 X161.098 Y116.344 E.07169
G1 X160.478 Y116.997 E.07166
G1 X160.072 Y117.39 E.04497
G1 X159.397 Y117.987 E.07171
G1 X158.702 Y118.539 E.07063
G1 X157.98 Y119.054 E.07058
G1 X157.231 Y119.531 E.07067
G1 X156.459 Y119.968 E.0706
G1 X155.664 Y120.364 E.07068
G1 X154.838 Y120.724 E.07171
G1 X154.311 Y120.926 E.04491
G1 X153.456 Y121.212 E.07175
G1 X152.601 Y121.449 E.07061
G1 X151.735 Y121.641 E.07059
G1 X150.846 Y121.79 E.07173
G1 X150.285 Y121.859 E.04498
G1 X149.387 Y121.929 E.07168
G1 X148.487 Y121.953 E.07165
G1 X147.922 Y121.943 E.04497
G1 X147.022 Y121.888 E.07176
G1 X146.141 Y121.788 E.07056
G1 X145.252 Y121.639 E.07173
G1 X144.699 Y121.522 E.04498
G1 X143.827 Y121.296 E.07169
G1 X142.981 Y121.029 E.0706
G1 X142.149 Y120.718 E.07069
G1 X141.336 Y120.364 E.07057
G1 X140.541 Y119.968 E.07068
G1 X139.769 Y119.531 E.0706
G1 X139.009 Y119.047 E.07171
G1 X138.546 Y118.723 E.04497
G1 X137.831 Y118.175 E.07169
G1 X137.156 Y117.598 E.07067
G1 X136.513 Y116.987 E.07059
G1 X135.902 Y116.344 E.07059
G1 X135.317 Y115.659 E.07169
G1 X134.969 Y115.213 E.04502
G1 X134.446 Y114.48 E.07166
G1 X133.969 Y113.731 E.07067
G1 X133.532 Y112.959 E.0706
G1 X133.136 Y112.164 E.07068
G1 X132.776 Y111.338 E.07171
G1 X132.574 Y110.811 E.04491
G1 X132.288 Y109.956 E.07175
G1 X132.051 Y109.101 E.07061
G1 X131.859 Y108.235 E.07059
G1 X131.711 Y107.352 E.07125
G1 X131.629 Y106.663 E.05522
G1 X131.571 Y105.891 E.06161
G1 X131.547 Y104.987 E.07197
G1 X131.557 Y104.422 E.04497
G1 X131.612 Y103.522 E.07176
G1 X131.712 Y102.641 E.07056
G1 X131.859 Y101.765 E.07069
G1 X132.051 Y100.899 E.07059
G1 X132.292 Y100.031 E.07169
G1 X132.466 Y99.493 E.045
G1 X132.782 Y98.649 E.07172
G1 X133.138 Y97.829 E.07114
G1 X133.445 Y97.207 E.0552
G1 X133.817 Y96.527 E.06168
G1 X134.282 Y95.767 E.0709
G1 X134.785 Y95.035 E.07068
G1 X135.325 Y94.331 E.07061
G1 X135.902 Y93.656 E.07067
G1 X136.513 Y93.013 E.07059
G1 X137.156 Y92.402 E.07059
G1 X137.831 Y91.825 E.07067
G1 X138.541 Y91.281 E.07118
G1 X139.111 Y90.885 E.05523
G1 X139.765 Y90.471 E.0616
G1 X140.541 Y90.032 E.07095
G1 X141.335 Y89.636 E.07061
G1 X142.162 Y89.276 E.07178
G1 X142.689 Y89.074 E.04491
G1 X143.544 Y88.788 E.07175
G1 X144.399 Y88.551 E.07061
G1 X145.265 Y88.359 E.07059
G1 X146.141 Y88.212 E.07069
G1 X147.022 Y88.112 E.07056
G1 X147.915 Y88.057 E.0712
G1 X148.45 Y88.05 E.04258
G1 E-8 F7200
G1 Z2.2 F3000
G1 X157.996 Y91.634 F12000
G1 Z2 F3000
G1 E8 F7200
;TYPE:Internal infill
G1 E-10F300
G1 F12000.0
T0
G1 E16F300
G1 F12000.0
;WIDTH:0.675
G1 F949.248
G1 X159.476 Y92.818 E.09961
G1 X158.673 Y93.004 E.04332
G1 X157.995 Y92.999 E.03564
M73 P42 R22
G1 X157.316 Y92.78 E.0375
G1 X156.638 Y92.219 E.04625
G1 X155.96 Y91.413 E.05536
G1 X155.282 Y90.729 E.05062
G1 X154.604 Y90.277 E.04283
G1 X153.926 Y90.004 E.03841
G1 X153.247 Y89.868 E.0364
G1 X152.569 Y89.873 E.03564
G1 X151.891 Y90.092 E.03745
G1 X151.213 Y90.654 E.04628
G1 X150.535 Y91.459 E.05532
G1 X149.856 Y92.144 E.05069
G1 X149.178 Y92.596 E.04283
G1 X148.5 Y92.868 E.03839
G1 X147.822 Y93.004 E.03634
G1 X147.144 Y92.999 E.03564
G1 X146.465 Y92.78 E.0375
G1 X145.787 Y92.219 E.04625
G1 X145.109 Y91.413 E.05536
G1 X144.431 Y90.729 E.05062
G1 X143.753 Y90.277 E.04283
G1 X143.074 Y90.004 E.03846
G1 X142.19 Y89.87 E.04699
G1 X140.173 Y90.878 E.11851
G1 X139.005 Y92.144 E.09053
G1 X138.327 Y92.596 E.04283
G1 X137.424 Y92.913 E.0503
G1 X136.314 Y94.028 E.08269
G1 X135.757 Y94.681 E.04511
G1 X134.812 Y95.976 E.08426
G1 X136.293 Y97.569 E.11432
G1 X136.971 Y98.021 E.04283
G1 X137.649 Y98.294 E.03841
G1 X138.327 Y98.43 E.03634
G1 X139.005 Y98.425 E.03564
G1 X139.684 Y98.206 E.0375
G1 X140.362 Y97.644 E.04628
G1 X141.04 Y96.839 E.05532
G1 X141.718 Y96.154 E.05066
G1 X142.396 Y95.702 E.04283
G1 X143.074 Y95.43 E.03839
G1 X143.753 Y95.294 E.0364
G1 X144.431 Y95.299 E.03564
G1 X145.109 Y95.518 E.03745
G1 X145.787 Y96.079 E.04625
G1 X146.465 Y96.885 E.05536
G1 X147.144 Y97.569 E.05065
G1 X147.822 Y98.021 E.04283
G1 X148.5 Y98.294 E.03841
G1 X149.178 Y98.43 E.03634
G1 X149.856 Y98.425 E.03564
G1 X150.535 Y98.206 E.0375
G1 X151.213 Y97.644 E.04628
G1 X151.891 Y96.839 E.05532
G1 X152.569 Y96.154 E.05066
G1 X153.247 Y95.702 E.04283
G1 X153.926 Y95.43 E.03844
G1 X154.604 Y95.294 E.03634
G1 X155.282 Y95.299 E.03564
G1 X155.96 Y95.518 E.03745
G1 X156.638 Y96.079 E.04625
G1 X157.316 Y96.885 E.05536
G1 X157.995 Y97.569 E.05065
G1 X158.673 Y98.021 E.04283
G1 X159.351 Y98.294 E.03841
G1 X160.029 Y98.43 E.03634
G1 X160.707 Y98.425 E.03564
G1 X161.386 Y98.206 E.0375
G1 X162.064 Y97.644 E.04628
G1 X162.726 Y96.857 E.05405
G1 X163.594 Y98.593 E.10201
G1 X163.908 Y99.392 E.04512
G1 X164.336 Y100.767 E.07569
G1 X163.42 Y100.724 E.0482
G1 X162.742 Y100.943 E.03745
G1 X162.064 Y101.505 E.04628
G1 X161.386 Y102.31 E.05532
G1 X160.707 Y102.995 E.05069
G1 X160.029 Y103.447 E.04283
G1 X159.351 Y103.719 E.03839
G1 X158.673 Y103.855 E.03634
G1 X157.995 Y103.85 E.03564
G1 X157.316 Y103.631 E.0375
G1 X156.638 Y103.07 E.04625
G1 X155.96 Y102.264 E.05536
G1 X155.282 Y101.58 E.05062
G1 X154.604 Y101.128 E.04283
G1 X153.926 Y100.855 E.03841
G1 X153.247 Y100.719 E.0364
G1 X152.569 Y100.724 E.03564
G1 X151.891 Y100.943 E.03745
G1 X151.213 Y101.505 E.04628
G1 X150.535 Y102.31 E.05532
G1 X149.856 Y102.995 E.05069
G1 X149.178 Y103.447 E.04283
G1 X148.5 Y103.719 E.03839
M73 P42 R21
G1 X147.822 Y103.855 E.03634
G1 X147.144 Y103.85 E.03564
G1 X146.465 Y103.631 E.0375
G1 X145.787 Y103.07 E.04625
G1 X145.109 Y102.264 E.05536
G1 X144.431 Y101.58 E.05062
G1 X143.753 Y101.128 E.04283
G1 X143.074 Y100.855 E.03846
G1 X142.396 Y100.719 E.03634
G1 X141.718 Y100.724 E.03564
G1 X141.04 Y100.943 E.03745
G1 X140.362 Y101.505 E.04628
G1 X139.684 Y102.31 E.05532
G1 X139.005 Y102.995 E.05069
G1 X138.327 Y103.447 E.04283
G1 X137.649 Y103.719 E.03839
G1 X136.971 Y103.855 E.03634
G1 X136.293 Y103.85 E.03564
G1 X135.614 Y103.631 E.0375
G1 X134.936 Y103.07 E.04625
G1 X134.258 Y102.264 E.05536
G1 X133.58 Y101.58 E.05062
G1 X132.902 Y101.128 E.04283
G1 X132.598 Y101.006 E.01722
G1 X132.245 Y102.868 E.09961
G1 E-8 F7200
G1 Z2.2 F3000
G1 X132.114 Y104.412 F12000
G1 Z2 F3000
G1 E8 F7200
G1 F949.248
G1 X132.159 Y106.307 E.09962
G1 X132.902 Y106.145 E.03997
G1 X133.58 Y106.15 E.03564
G1 X134.258 Y106.369 E.03745
G1 X134.936 Y106.93 E.04625
G1 X135.614 Y107.736 E.05536
G1 X136.293 Y108.42 E.05065
G1 X136.971 Y108.872 E.04283
G1 X137.649 Y109.145 E.03841
G1 X138.327 Y109.281 E.03634
G1 X139.005 Y109.276 E.03564
G1 X139.684 Y109.057 E.0375
G1 X140.362 Y108.495 E.04628
G1 X141.04 Y107.69 E.05532
G1 X141.718 Y107.005 E.05066
G1 X142.396 Y106.553 E.04283
G1 X143.074 Y106.281 E.03839
G1 X143.753 Y106.145 E.0364
G1 X144.431 Y106.15 E.03564
G1 X145.109 Y106.369 E.03745
G1 X145.787 Y106.93 E.04625
G1 X146.465 Y107.736 E.05536
G1 X147.144 Y108.42 E.05065
G1 X147.822 Y108.872 E.04283
G1 X148.5 Y109.145 E.03841
G1 X149.178 Y109.281 E.03634
G1 X149.856 Y109.276 E.03564
G1 X150.535 Y109.057 E.0375
G1 X151.213 Y108.495 E.04628
G1 X151.891 Y107.69 E.05532
G1 X152.569 Y107.005 E.05066
G1 X153.247 Y106.553 E.04283
G1 X153.926 Y106.281 E.03844
G1 X154.604 Y106.145 E.03634
G1 X155.282 Y106.15 E.03564
G1 X155.96 Y106.369 E.03745
G1 X156.638 Y106.93 E.04625
G1 X157.316 Y107.736 E.05536
G1 X157.995 Y108.42 E.05065
G1 X158.673 Y108.872 E.04283
G1 X159.351 Y109.145 E.03841
G1 X160.029 Y109.281 E.03634
G1 X160.707 Y109.276 E.03564
G1 X161.386 Y109.057 E.0375
G1 X162.064 Y108.495 E.04628
G1 X162.742 Y107.69 E.05532
G1 X163.42 Y107.005 E.05066
G1 X164.098 Y106.553 E.04283
G1 X164.845 Y106.267 E.04204
G1 X164.592 Y108.145 E.09959
G1 E-8 F7200
G1 Z2.2 F3000
G1 X164.179 Y109.798 F12000
G1 Z2 F3000
G1 E8 F7200
G1 F949.248
G1 X163.52 Y111.575 E.09961
G1 X162.742 Y111.794 E.04248
G1 X162.064 Y112.356 E.04628
G1 X161.386 Y113.161 E.05532
G1 X160.707 Y113.846 E.05069
G1 X160.029 Y114.298 E.04283
G1 X159.351 Y114.57 E.03839
G1 X158.673 Y114.706 E.03634
G1 X157.995 Y114.701 E.03564
G1 X157.316 Y114.482 E.0375
G1 X156.638 Y113.921 E.04625
G1 X155.96 Y113.115 E.05536
G1 X155.282 Y112.431 E.05062
G1 X154.604 Y111.979 E.04283
G1 X153.926 Y111.706 E.03841
G1 X153.247 Y111.57 E.0364
G1 X152.569 Y111.575 E.03564
G1 X151.891 Y111.794 E.03745
G1 X151.213 Y112.356 E.04628
G1 X150.535 Y113.161 E.05532
G1 X149.856 Y113.846 E.05069
G1 X149.178 Y114.298 E.04283
G1 X148.5 Y114.57 E.03839
G1 X147.822 Y114.706 E.03634
G1 X147.144 Y114.701 E.03564
G1 X146.465 Y114.482 E.0375
G1 X145.787 Y113.921 E.04625
G1 X145.109 Y113.115 E.05536
G1 X144.431 Y112.431 E.05062
G1 X143.753 Y111.979 E.04283
G1 X143.074 Y111.706 E.03846
G1 X142.396 Y111.57 E.03634
G1 X141.718 Y111.575 E.03564
G1 X141.04 Y111.794 E.03745
G1 X140.362 Y112.356 E.04628
G1 X139.684 Y113.161 E.05532
G1 X139.005 Y113.846 E.05069
G1 X138.327 Y114.298 E.04283
G1 X137.649 Y114.57 E.03839
G1 X136.971 Y114.706 E.03634
G1 X136.293 Y114.701 E.03564
G1 X135.614 Y114.482 E.0375
G1 X134.936 Y113.921 E.04625
G1 X134.259 Y113.116 E.05528
G1 X133.417 Y111.419 E.09957
G1 E-8 F7200
G1 Z2.2 F3000
G1 X142.129 Y120.104 F12000
G1 Z2 F3000
G1 E8 F7200
G1 F949.248
G1 X140.429 Y119.267 E.09959
G1 X141.04 Y118.541 E.04987
G1 X141.718 Y117.856 E.05066
G1 X142.396 Y117.404 E.04283
G1 X143.074 Y117.132 E.03839
G1 X143.753 Y116.996 E.0364
G1 X144.431 Y117.001 E.03564
G1 X145.109 Y117.22 E.03745
G1 X145.787 Y117.781 E.04625
G1 X146.465 Y118.587 E.05536
G1 X147.144 Y119.271 E.05065
G1 X147.822 Y119.723 E.04283
G1 X148.5 Y119.996 E.03841
G1 X149.178 Y120.132 E.03634
G1 X149.856 Y120.127 E.03564
G1 X150.535 Y119.908 E.0375
G1 X151.213 Y119.346 E.04628
G1 X151.891 Y118.541 E.05532
G1 X152.569 Y117.856 E.05066
G1 X153.247 Y117.404 E.04283
G1 X153.926 Y117.132 E.03844
G1 X154.604 Y116.996 E.03634
G1 X155.282 Y117.001 E.03564
G1 X155.96 Y117.22 E.03745
G1 X156.638 Y117.781 E.04625
G1 X157.457 Y118.729 E.06584
G1 X155.813 Y119.67 E.09956
;LAYER_CHANGE
;Z:2.2
;HEIGHT:0.2

G1 E-8 F7200
G1 Z2.2 F3000
;AFTER_LAYER_CHANGE
;2.2
G92 E0
_ON_LAYER_CHANGE LAYER=11
G1 Z2.4
G1 X148.504 Y85.341 F12000
G1 Z2.2 F3000
G1 E8 F7200
;TYPE:External perimeter
;WIDTH:0.674999
G1 F949.248
G1 X148.644 Y85.339 E.00736
G1 X149.529 Y85.365 E.04653
G1 X150.555 Y85.445 E.05409
G1 X151.576 Y85.58 E.05413
G1 X152.589 Y85.768 E.05415
G1 X153.255 Y85.921 E.03592
G1 X154.249 Y86.197 E.05422
G1 X155.225 Y86.523 E.05408
G1 X156.183 Y86.901 E.05413
G1 X157.119 Y87.328 E.05407
G1 X158.033 Y87.803 E.05414
G1 X158.75 Y88.221 E.04362
G1 X159.496 Y88.7 E.04659
G1 X160.056 Y89.092 E.03593
G1 X160.874 Y89.719 E.05417
G1 X161.657 Y90.388 E.05413
G1 X162.404 Y91.098 E.05417
G1 X162.879 Y91.589 E.03591
G1 X163.562 Y92.361 E.05417
G1 X164.203 Y93.167 E.05412
G1 X164.801 Y94.005 E.05411
G1 X165.354 Y94.873 E.05409
G1 X165.862 Y95.77 E.05418
G1 X166.172 Y96.379 E.03592
G1 X166.6 Y97.318 E.05424
G1 X166.907 Y98.088 E.04357
G1 X167.2 Y98.924 E.04656
G1 X167.492 Y99.911 E.0541
G1 X167.733 Y100.912 E.05411
G1 X167.92 Y101.924 E.05409
G1 X168.055 Y102.945 E.05413
G1 X168.135 Y103.971 E.05409
G1 X168.162 Y105 E.0541
G1 X168.135 Y106.03 E.05415
G1 X168.088 Y106.712 E.03593
G1 X167.971 Y107.736 E.05417
G1 X167.801 Y108.752 E.05414
G1 X167.578 Y109.757 E.05411
G1 X167.303 Y110.749 E.0541
G1 X166.977 Y111.725 E.05408
G1 X166.599 Y112.684 E.05418
G1 X166.321 Y113.308 E.0359
G1 X165.861 Y114.231 E.0542
G1 X165.354 Y115.127 E.05411
G1 X164.8 Y115.996 E.05416
G1 X164.408 Y116.556 E.03593
G1 X163.781 Y117.374 E.05417
G1 X163.112 Y118.157 E.05413
G1 X162.402 Y118.904 E.05417
G1 X161.911 Y119.379 E.03591
G1 X161.139 Y120.062 E.05417
G1 X160.333 Y120.703 E.05412
G1 X159.495 Y121.301 E.05411
G1 X158.627 Y121.854 E.05409
G1 X157.731 Y122.361 E.05411
G1 X156.81 Y122.82 E.05408
G1 X155.864 Y123.231 E.05421
G1 X155.226 Y123.476 E.03592
G1 X154.249 Y123.803 E.05415
G1 X153.257 Y124.078 E.0541
G1 X152.251 Y124.301 E.05416
G1 X151.434 Y124.442 E.04357
G1 X150.556 Y124.555 E.04653
G1 X149.529 Y124.635 E.05414
G1 X148.499 Y124.662 E.05415
G1 X147.815 Y124.65 E.03595
G1 X146.786 Y124.588 E.05418
G1 X145.764 Y124.471 E.05406
G1 X144.747 Y124.301 E.05419
G1 X144.078 Y124.159 E.03594
G1 X143.08 Y123.901 E.05418
G1 X142.099 Y123.591 E.05407
G1 X141.134 Y123.231 E.05413
G1 X140.19 Y122.82 E.05411
G1 X139.269 Y122.361 E.05408
G1 X138.373 Y121.854 E.05411
G1 X137.671 Y121.411 E.04363
G1 X136.943 Y120.907 E.04654
G1 X136.126 Y120.281 E.0541
G1 X135.343 Y119.612 E.05413
G1 X134.597 Y118.903 E.05409
G1 X133.888 Y118.157 E.05409
G1 X133.218 Y117.373 E.0542
G1 X132.798 Y116.834 E.03591
G1 X132.199 Y115.995 E.05418
G1 X131.646 Y115.127 E.05409
G1 X131.139 Y114.231 E.05411
G1 X130.679 Y113.309 E.05415
G1 X130.346 Y112.55 E.04356
G1 X130.024 Y111.725 E.04655
G1 X129.697 Y110.749 E.0541
G1 X129.422 Y109.757 E.0541
G1 X129.199 Y108.752 E.05411
G1 X129.029 Y107.736 E.05414
G1 X128.912 Y106.712 E.05417
G1 X128.865 Y106.03 E.03593
G1 X128.838 Y104.999 E.05421
G1 X128.856 Y104.17 E.04358
G1 X128.912 Y103.287 E.0465
G1 X129.029 Y102.264 E.05412
G1 X129.199 Y101.248 E.05414
G1 X129.422 Y100.243 E.05411
G1 X129.697 Y99.251 E.0541
G1 X130.024 Y98.274 E.05415
G1 X130.324 Y97.501 E.04358
G1 X130.68 Y96.691 E.0465
G1 X131.139 Y95.769 E.05413
G1 X131.646 Y94.873 E.05411
G1 X132.199 Y94.005 E.05409
G1 X132.797 Y93.166 E.05415
G1 X133.311 Y92.515 E.04359
G1 X133.888 Y91.844 E.04651
G1 X134.597 Y91.096 E.05417
G1 X135.196 Y90.523 E.04357
G1 X135.861 Y89.938 E.04655
M73 P43 R21
G1 X136.667 Y89.297 E.05412
G1 X137.505 Y88.699 E.05411
G1 X138.373 Y88.146 E.05409
G1 X139.269 Y87.639 E.05411
G1 X140.19 Y87.18 E.05408
G1 X141.134 Y86.769 E.05411
G1 X142.098 Y86.409 E.05408
G1 X143.08 Y86.099 E.05412
G1 X144.078 Y85.841 E.05418
G1 X144.747 Y85.699 E.03594
G1 X145.764 Y85.529 E.05419
G1 X146.786 Y85.412 E.05406
G1 X147.814 Y85.35 E.05413
G1 X148.474 Y85.341 E.03469
G1 X149.074 Y85.352 F12000
G1 X148.497 Y86.135
;TYPE:Perimeter
G1 E-10F300
G1 F12000.0
T1
G1 E20F300
;WIDTH:0.999999
G1 F626.907
G1 X148.637 Y86.134 E.01114
G1 X149.486 Y86.158 E.06759
G1 X150.472 Y86.236 E.07871
G1 X151.452 Y86.365 E.07866
G1 X152.428 Y86.546 E.079
G1 X153.06 Y86.692 E.05162
G1 X154.016 Y86.957 E.07895
G1 X154.953 Y87.27 E.07862
G1 X155.872 Y87.632 E.0786
G1 X156.771 Y88.042 E.07863
G1 X157.649 Y88.499 E.07877
G1 X158.335 Y88.899 E.0632
G1 X159.053 Y89.36 E.0679
G1 X159.586 Y89.733 E.05177
G1 X160.374 Y90.337 E.07901
G1 X161.125 Y90.979 E.07863
G1 X161.845 Y91.662 E.07898
G1 X162.296 Y92.129 E.05167
G1 X162.953 Y92.872 E.07893
G1 X163.568 Y93.645 E.07861
G1 X164.142 Y94.449 E.07862
G1 X164.673 Y95.283 E.07868
G1 X165.161 Y96.147 E.07897
G1 X165.456 Y96.724 E.05157
G1 X165.693 Y97.244 E.04548
G1 X166.026 Y98.024 E.06749
G1 X166.294 Y98.742 E.06099
G1 X166.584 Y99.643 E.07533
G1 X166.84 Y100.597 E.07861
G1 X167.045 Y101.563 E.07859
G1 X167.2 Y102.538 E.07857
G1 X167.303 Y103.52 E.07858
G1 X167.368 Y105 E.11789
G1 X167.342 Y105.992 E.07897
G1 X167.296 Y106.64 E.0517
G1 X167.184 Y107.626 E.07897
G1 X167.021 Y108.6 E.07859
G1 X166.807 Y109.565 E.07866
G1 X166.543 Y110.516 E.07854
G1 X166.23 Y111.453 E.07862
G1 X165.866 Y112.377 E.07903
G1 X165.602 Y112.969 E.05158
G1 X165.159 Y113.858 E.07905
G1 X164.673 Y114.718 E.07861
G1 X164.139 Y115.555 E.07901
G1 X163.767 Y116.086 E.0516
G1 X163.163 Y116.874 E.07901
G1 X162.521 Y117.625 E.07863
G1 X161.838 Y118.345 E.07898
G1 X161.371 Y118.796 E.05167
G1 X160.628 Y119.453 E.07893
G1 X159.855 Y120.068 E.07861
G1 X159.051 Y120.642 E.07862
G1 X158.217 Y121.173 E.07868
G1 X157.358 Y121.659 E.07854
G1 X156.474 Y122.1 E.07862
G1 X155.563 Y122.496 E.07905
G1 X154.958 Y122.728 E.05157
G1 X154.016 Y123.043 E.07905
G1 X153.065 Y123.307 E.07854
G1 X152.098 Y123.521 E.07882
G1 X151.316 Y123.656 E.06315
G1 X150.474 Y123.764 E.06756
G1 X149.487 Y123.842 E.07879
G1 X148.495 Y123.868 E.07897
G1 X147.846 Y123.856 E.05166
G1 X146.856 Y123.796 E.07893
G1 X145.874 Y123.684 E.07866
G1 X144.895 Y123.52 E.079
G1 X144.26 Y123.385 E.05166
G1 X143.299 Y123.137 E.07898
G1 X142.357 Y122.84 E.0786
G1 X141.432 Y122.494 E.07859
G1 X140.526 Y122.1 E.07862
G1 X139.642 Y121.659 E.07862
G1 X138.78 Y121.171 E.07883
G1 X138.109 Y120.748 E.06312
G1 X137.411 Y120.265 E.06755
G1 X136.626 Y119.663 E.07873
G1 X135.875 Y119.021 E.07863
G1 X135.159 Y118.341 E.07858
G1 X134.479 Y117.625 E.07858
G1 X133.834 Y116.87 E.07902
G1 X133.435 Y116.359 E.05159
G1 X132.858 Y115.551 E.07901
G1 X132.327 Y114.718 E.07861
G1 X131.841 Y113.858 E.07861
G1 X131.399 Y112.972 E.0788
G1 X131.08 Y112.245 E.06318
G1 X130.771 Y111.455 E.06751
G1 X130.457 Y110.516 E.07879
G1 X130.193 Y109.565 E.07854
G1 X129.979 Y108.6 E.07866
G1 X129.816 Y107.626 E.07859
G1 X129.704 Y106.64 E.07897
G1 X129.658 Y105.992 E.0517
G1 X129.632 Y104.998 E.07913
G1 X129.65 Y104.204 E.0632
G1 X129.704 Y103.357 E.06754
G1 X129.816 Y102.374 E.07873
G1 X129.979 Y101.4 E.07859
G1 X130.193 Y100.435 E.07866
G1 X130.457 Y99.484 E.07854
G1 X130.771 Y98.545 E.07879
G1 X131.059 Y97.805 E.06319
G1 X131.399 Y97.028 E.0675
G1 X131.841 Y96.142 E.0788
G1 X132.327 Y95.282 E.07861
G1 X132.858 Y94.449 E.07861
G1 X133.433 Y93.643 E.07879
G1 X133.925 Y93.02 E.06318
G1 X134.478 Y92.376 E.06755
G1 X135.16 Y91.657 E.07887
G1 X135.734 Y91.108 E.06321
G1 X136.371 Y90.548 E.0675
G1 X137.145 Y89.932 E.07872
G1 X137.949 Y89.358 E.07862
G1 X138.782 Y88.827 E.07861
G1 X139.642 Y88.341 E.07861
G1 X140.526 Y87.9 E.07862
G1 X141.432 Y87.506 E.07862
G1 X142.357 Y87.16 E.07859
G1 X143.299 Y86.863 E.0786
G1 X144.26 Y86.615 E.07898
G1 X144.895 Y86.48 E.05166
G1 X145.874 Y86.316 E.079
G1 X146.856 Y86.204 E.07866
G1 X147.844 Y86.144 E.07877
G1 X148.467 Y86.136 E.04958
G1 X148.489 Y87.093 F12000
G1 F626.907
G1 X148.63 Y87.091 E.01122
G1 X149.434 Y87.114 E.06401
G1 X150.372 Y87.188 E.07488
G1 X151.302 Y87.31 E.07464
G1 X152.233 Y87.483 E.07536
G1 X152.824 Y87.619 E.04826
G1 X153.736 Y87.872 E.07532
G1 X154.626 Y88.17 E.07469
G1 X155.498 Y88.514 E.0746
G1 X156.351 Y88.902 E.07458
G1 X157.187 Y89.337 E.075
G1 X157.835 Y89.716 E.05974
G1 X158.52 Y90.155 E.06475
G1 X159.02 Y90.505 E.04857
G1 X159.771 Y91.081 E.07532
G1 X160.484 Y91.69 E.07462
G1 X161.171 Y92.342 E.07537
G1 X161.593 Y92.778 E.04829
G1 X162.22 Y93.488 E.07538
G1 X162.804 Y94.221 E.07458
G1 X163.348 Y94.985 E.07464
G1 X163.852 Y95.776 E.07464
G1 X164.318 Y96.6 E.07534
G1 X164.594 Y97.14 E.04826
G1 X164.822 Y97.641 E.0438
G1 X165.137 Y98.379 E.06386
G1 X165.391 Y99.059 E.05777
G1 X165.667 Y99.915 E.07158
G1 X165.909 Y100.82 E.07455
G1 X166.104 Y101.737 E.07461
G1 X166.251 Y102.663 E.07462
G1 X166.349 Y103.595 E.07458
G1 X166.41 Y105 E.11192
G1 X166.385 Y105.946 E.07531
G1 X166.343 Y106.552 E.04834
G1 X166.236 Y107.493 E.07537
G1 X166.081 Y108.417 E.07456
G1 X165.878 Y109.333 E.07467
G1 X165.628 Y110.236 E.07457
G1 X165.33 Y111.126 E.07469
G1 X164.983 Y112.007 E.07535
G1 X164.736 Y112.561 E.04827
G1 X164.314 Y113.408 E.07531
G1 X163.852 Y114.224 E.07462
G1 X163.343 Y115.023 E.07539
G1 X162.995 Y115.52 E.04828
G1 X162.419 Y116.271 E.07532
G1 X161.81 Y116.984 E.07462
G1 X161.158 Y117.671 E.07537
G1 X160.722 Y118.093 E.04829
G1 X160.012 Y118.72 E.07538
G1 X159.279 Y119.304 E.07458
G1 X158.515 Y119.848 E.07464
G1 X157.724 Y120.352 E.07464
G1 X156.908 Y120.814 E.07462
G1 X156.069 Y121.232 E.0746
G1 X155.201 Y121.61 E.07534
G1 X154.634 Y121.827 E.04831
G1 X153.736 Y122.128 E.07537
G1 X152.833 Y122.378 E.07457
G1 X151.913 Y122.582 E.07499
G1 X151.173 Y122.709 E.05975
G1 X150.375 Y122.812 E.06403
G1 X149.437 Y122.886 E.07488
G1 X148.491 Y122.91 E.07531
G1 X147.884 Y122.9 E.04831
G1 X146.939 Y122.842 E.07535
G1 X146.007 Y122.736 E.07465
G1 X145.074 Y122.58 E.07528
G1 X144.48 Y122.453 E.04834
G1 X143.563 Y122.216 E.07537
G1 X142.669 Y121.934 E.0746
G1 X141.791 Y121.606 E.07459
G1 X140.931 Y121.232 E.07463
G1 X140.092 Y120.814 E.0746
G1 X139.272 Y120.35 E.07498
G1 X138.637 Y119.949 E.05977
G1 X137.975 Y119.491 E.06406
G1 X137.229 Y118.919 E.07481
G1 X136.516 Y118.31 E.07462
G1 X135.836 Y117.664 E.07464
G1 X135.19 Y116.984 E.07464
G1 X134.575 Y116.264 E.07536
G1 X134.202 Y115.786 E.04825
G1 X133.652 Y115.015 E.07537
G1 X133.148 Y114.224 E.07464
G1 X132.686 Y113.408 E.07462
G1 X132.266 Y112.565 E.07495
G1 X131.964 Y111.878 E.05972
G1 X131.671 Y111.128 E.06408
G1 X131.372 Y110.236 E.07487
G1 X131.122 Y109.333 E.07457
G1 X130.919 Y108.417 E.07467
G1 X130.764 Y107.493 E.07456
G1 X130.657 Y106.552 E.07537
G1 X130.615 Y105.946 E.04834
G1 X130.59 Y104.996 E.07563
G1 X130.606 Y104.245 E.05978
G1 X130.658 Y103.442 E.06404
G1 X130.764 Y102.507 E.07489
G1 X130.919 Y101.583 E.07456
G1 X131.122 Y100.667 E.07467
G1 X131.372 Y99.764 E.07457
G1 X131.671 Y98.87 E.07502
G1 X131.944 Y98.171 E.05972
G1 X132.267 Y97.434 E.06404
G1 X132.686 Y96.592 E.07485
G1 X133.148 Y95.776 E.07462
G1 X133.652 Y94.985 E.07464
G1 X134.199 Y94.218 E.07497
G1 X134.664 Y93.629 E.05972
G1 X135.188 Y93.018 E.06406
G1 X135.839 Y92.332 E.07526
G1 X136.381 Y91.814 E.05966
G1 X136.985 Y91.282 E.06405
G1 X137.721 Y90.696 E.07487
G1 X138.485 Y90.152 E.07464
G1 X139.276 Y89.648 E.07464
G1 X140.092 Y89.186 E.07462
G1 X140.931 Y88.768 E.0746
G1 X141.791 Y88.394 E.07463
G1 X142.669 Y88.066 E.07459
G1 X143.563 Y87.784 E.0746
G1 X144.48 Y87.547 E.07537
G1 X145.074 Y87.42 E.04834
G1 X146.007 Y87.264 E.07528
M73 P44 R21
G1 X146.939 Y87.158 E.07465
G1 X147.879 Y87.101 E.07494
G1 X148.459 Y87.093 E.04616
G1 X148.48 Y88.05 F12000
G1 F626.907
G1 X148.622 Y88.048 E.0113
G1 X149.383 Y88.07 E.06059
G1 X150.272 Y88.14 E.07097
G1 X151.152 Y88.256 E.07064
G1 X152.038 Y88.42 E.07171
G1 X152.588 Y88.547 E.04492
G1 X153.456 Y88.788 E.07169
G1 X154.298 Y89.07 E.07067
G1 X155.124 Y89.395 E.07064
G1 X155.932 Y89.763 E.07066
G1 X156.725 Y90.176 E.07115
G1 X157.336 Y90.532 E.05628
G1 X157.988 Y90.95 E.06163
G1 X158.454 Y91.277 E.0453
G1 X159.169 Y91.825 E.07169
G1 X159.844 Y92.402 E.07067
G1 X160.497 Y93.022 E.07166
G1 X160.89 Y93.428 E.04497
G1 X161.487 Y94.103 E.07171
G1 X162.039 Y94.798 E.07063
G1 X162.554 Y95.52 E.07058
G1 X163.031 Y96.269 E.07067
G1 X163.475 Y97.053 E.0717
G1 X163.951 Y98.038 E.08706
G1 X164.248 Y98.733 E.06015
G1 X164.488 Y99.376 E.05462
G1 X164.749 Y100.187 E.0678
G1 X164.979 Y101.044 E.07061
G1 X165.163 Y101.912 E.07061
G1 X165.302 Y102.788 E.07059
G1 X165.395 Y103.67 E.07058
G1 X165.453 Y105 E.10594
G1 X165.429 Y105.9 E.07165
G1 X165.39 Y106.464 E.04499
G1 X165.288 Y107.359 E.07169
G1 X165.141 Y108.235 E.07069
G1 X164.949 Y109.101 E.07059
G1 X164.712 Y109.956 E.07061
G1 X164.43 Y110.798 E.07067
G1 X164.1 Y111.636 E.07167
G1 X163.87 Y112.153 E.04503
G1 X163.468 Y112.959 E.07168
G1 X163.031 Y113.731 E.0706
G1 X162.547 Y114.491 E.07171
G1 X162.223 Y114.954 E.04497
G1 X161.675 Y115.669 E.07169
G1 X161.098 Y116.344 E.07067
G1 X160.478 Y116.997 E.07166
G1 X160.072 Y117.39 E.04497
G1 X159.397 Y117.987 E.07171
G1 X158.702 Y118.539 E.07063
G1 X157.98 Y119.054 E.07058
G1 X157.231 Y119.531 E.07067
G1 X156.459 Y119.968 E.0706
G1 X155.664 Y120.364 E.07068
G1 X154.838 Y120.724 E.07171
G1 X154.311 Y120.926 E.04491
G1 X153.456 Y121.212 E.07175
G1 X152.601 Y121.449 E.07061
G1 X151.729 Y121.643 E.07109
G1 X151.031 Y121.762 E.05635
G1 X150.276 Y121.86 E.06059
G1 X149.387 Y121.929 E.07096
G1 X148.487 Y121.953 E.07165
G1 X147.922 Y121.943 E.04497
G1 X147.022 Y121.888 E.07176
G1 X146.141 Y121.788 E.07056
G1 X145.252 Y121.639 E.07173
G1 X144.699 Y121.522 E.04498
G1 X143.827 Y121.296 E.07169
G1 X142.981 Y121.029 E.0706
G1 X142.149 Y120.718 E.07069
G1 X141.336 Y120.364 E.07057
G1 X140.541 Y119.968 E.07068
G1 X139.763 Y119.528 E.07113
G1 X139.165 Y119.151 E.05626
G1 X138.539 Y118.718 E.06057
G1 X137.831 Y118.175 E.07101
G1 X137.156 Y117.598 E.07067
G1 X136.513 Y116.987 E.07059
G1 X135.902 Y116.344 E.07059
G1 X135.317 Y115.659 E.07169
G1 X134.969 Y115.213 E.04502
G1 X134.446 Y114.48 E.07166
G1 X133.969 Y113.731 E.07067
G1 X133.532 Y112.959 E.0706
G1 X133.133 Y112.159 E.07114
G1 X132.848 Y111.511 E.05634
G1 X132.571 Y110.802 E.06058
G1 X132.288 Y109.956 E.07099
G1 X132.051 Y109.101 E.07061
G1 X131.859 Y108.235 E.07059
G1 X131.712 Y107.359 E.07069
G1 X131.61 Y106.464 E.07169
G1 X131.571 Y105.9 E.04499
G1 X131.547 Y104.994 E.07213
G1 X131.563 Y104.286 E.05636
G1 X131.611 Y103.527 E.06052
G1 X131.712 Y102.641 E.07097
G1 X131.859 Y101.765 E.07069
G1 X132.051 Y100.899 E.07059
G1 X132.288 Y100.044 E.07061
G1 X132.572 Y99.196 E.07117
G1 X132.828 Y98.537 E.05626
G1 X133.134 Y97.839 E.06065
G1 X133.532 Y97.041 E.07097
G1 X133.969 Y96.269 E.0706
G1 X134.446 Y95.52 E.07067
G1 X134.965 Y94.792 E.07115
G1 X135.403 Y94.237 E.05627
G1 X135.899 Y93.66 E.06055
G1 X136.517 Y93.008 E.07149
G1 X137.028 Y92.519 E.05629
G1 X137.6 Y92.016 E.06062
G1 X138.298 Y91.461 E.07097
G1 X139.02 Y90.946 E.07058
G1 X139.769 Y90.469 E.07067
G1 X140.541 Y90.032 E.0706
G1 X141.335 Y89.636 E.07061
G1 X142.149 Y89.282 E.07064
G1 X142.981 Y88.971 E.07069
G1 X143.827 Y88.704 E.0706
G1 X144.699 Y88.478 E.07169
G1 X145.252 Y88.361 E.04498
G1 X146.141 Y88.212 E.07173
G1 X147.022 Y88.112 E.07056
G1 X147.915 Y88.057 E.0712
G1 X148.45 Y88.05 E.04258
G1 E-8 F7200
G1 Z2.4 F3000
G1 X160.785 Y94.148 F12000
G1 Z2.2 F3000
G1 E8 F7200
;TYPE:Internal infill
G1 E-10F300
G1 F12000.0
T0
G1 E16F300
G1 F12000.0
;WIDTH:0.675
G1 F949.248
G1 X159.454 Y92.799 E.0996
G1 X158.673 Y92.908 E.04145
G1 X157.995 Y92.838 E.03582
G1 X157.316 Y92.552 E.03872
G1 X156.638 Y91.973 E.04686
G1 X155.96 Y91.237 E.05259
G1 X155.282 Y90.639 E.04751
G1 X154.604 Y90.255 E.04095
G1 X153.926 Y90.041 E.03737
G1 X153.247 Y89.964 E.03592
G1 X152.569 Y90.035 E.03583
G1 X151.891 Y90.32 E.03865
G1 X151.213 Y90.899 E.04686
G1 X150.535 Y91.635 E.05259
G1 X149.856 Y92.234 E.04759
G1 X149.178 Y92.617 E.04093
G1 X148.5 Y92.831 E.03737
G1 X147.822 Y92.908 E.03586
G1 X147.144 Y92.838 E.03582
G1 X146.465 Y92.552 E.03872
G1 X145.787 Y91.973 E.04686
G1 X145.109 Y91.237 E.05259
G1 X144.431 Y90.639 E.04751
G1 X143.753 Y90.255 E.04095
G1 X143.074 Y90.041 E.03742
G1 X142.396 Y89.964 E.03586
G1 X141.839 Y90.022 E.02943
G1 X140.806 Y90.52 E.06027
G1 X139.005 Y92.234 E.13067
G1 X138.327 Y92.617 E.04093
G1 X137.494 Y92.849 E.04545
G1 X136.311 Y94.032 E.08793
G1 X135.409 Y95.126 E.07452
G1 X134.713 Y96.134 E.06438
G1 X135.614 Y97.061 E.06794
G1 X136.293 Y97.659 E.04755
G1 X136.971 Y98.043 E.04095
G1 X137.649 Y98.257 E.03737
G1 X138.327 Y98.334 E.03586
G1 X139.005 Y98.263 E.03583
G1 X139.684 Y97.978 E.0387
G1 X140.362 Y97.399 E.04686
G1 X141.04 Y96.663 E.05259
G1 X141.718 Y96.064 E.04755
G1 X142.396 Y95.681 E.04093
G1 X143.074 Y95.467 E.03737
G1 X143.753 Y95.39 E.03592
G1 X144.431 Y95.46 E.03582
G1 X145.109 Y95.746 E.03867
G1 X145.787 Y96.325 E.04686
G1 X146.465 Y97.061 E.05259
G1 X147.144 Y97.659 E.04755
G1 X147.822 Y98.043 E.04095
G1 X148.5 Y98.257 E.03737
G1 X149.178 Y98.334 E.03586
G1 X149.856 Y98.263 E.03583
G1 X150.535 Y97.978 E.0387
G1 X151.213 Y97.399 E.04686
G1 X151.891 Y96.663 E.05259
G1 X152.569 Y96.064 E.04755
G1 X153.247 Y95.681 E.04093
G1 X153.926 Y95.467 E.03742
G1 X154.604 Y95.39 E.03586
G1 X155.282 Y95.46 E.03582
G1 X155.96 Y95.746 E.03867
G1 X156.638 Y96.325 E.04686
G1 X157.316 Y97.061 E.05259
G1 X157.995 Y97.659 E.04755
G1 X158.673 Y98.043 E.04095
G1 X159.351 Y98.257 E.03737
G1 X160.029 Y98.334 E.03586
G1 X160.707 Y98.263 E.03583
G1 X161.386 Y97.978 E.0387
G1 X162.064 Y97.399 E.04686
G1 X162.664 Y96.747 E.04657
G1 X163.597 Y98.6 E.10904
G1 X164.093 Y99.928 E.07451
G1 X164.36 Y100.845 E.0502
G1 X164.098 Y100.815 E.01386
G1 X163.42 Y100.886 E.03583
G1 X162.742 Y101.171 E.03865
G1 X162.064 Y101.75 E.04686
G1 X161.386 Y102.486 E.05259
G1 X160.707 Y103.085 E.04759
G1 X160.029 Y103.468 E.04093
G1 X159.351 Y103.682 E.03737
G1 X158.673 Y103.759 E.03586
G1 X157.995 Y103.689 E.03582
G1 X157.316 Y103.403 E.03872
G1 X156.638 Y102.824 E.04686
G1 X155.96 Y102.088 E.05259
G1 X155.282 Y101.49 E.04751
G1 X154.604 Y101.106 E.04095
G1 X153.926 Y100.892 E.03737
G1 X153.247 Y100.815 E.03592
G1 X152.569 Y100.886 E.03583
G1 X151.891 Y101.171 E.03865
G1 X151.213 Y101.75 E.04686
G1 X150.535 Y102.486 E.05259
G1 X149.856 Y103.085 E.04759
G1 X149.178 Y103.468 E.04093
G1 X148.5 Y103.682 E.03737
G1 X147.822 Y103.759 E.03586
G1 X147.144 Y103.689 E.03582
G1 X146.465 Y103.403 E.03872
G1 X145.787 Y102.824 E.04686
G1 X145.109 Y102.088 E.05259
G1 X144.431 Y101.49 E.04751
G1 X143.753 Y101.106 E.04095
G1 X143.074 Y100.892 E.03742
G1 X142.396 Y100.815 E.03586
G1 X141.718 Y100.886 E.03583
G1 X141.04 Y101.171 E.03865
G1 X140.362 Y101.75 E.04686
G1 X139.684 Y102.486 E.05259
G1 X139.005 Y103.085 E.04759
G1 X138.327 Y103.468 E.04093
G1 X137.649 Y103.682 E.03737
G1 X136.971 Y103.759 E.03586
G1 X136.293 Y103.689 E.03582
G1 X135.614 Y103.403 E.03872
G1 X134.936 Y102.824 E.04686
G1 X134.258 Y102.088 E.05259
G1 X133.58 Y101.49 E.04751
G1 X132.902 Y101.106 E.04095
G1 X132.596 Y101.01 E.01686
G1 X132.245 Y102.872 E.09959
G1 E-8 F7200
G1 Z2.4 F3000
G1 X132.115 Y104.444 F12000
G1 Z2.2 F3000
G1 E8 F7200
G1 F949.248
G1 X132.158 Y106.338 E.09957
G1 X132.902 Y106.241 E.03943
G1 X133.58 Y106.311 E.03582
G1 X134.258 Y106.597 E.03867
G1 X134.936 Y107.176 E.04686
G1 X135.614 Y107.912 E.05259
G1 X136.293 Y108.51 E.04755
G1 X136.971 Y108.894 E.04095
G1 X137.649 Y109.108 E.03737
G1 X138.327 Y109.185 E.03586
G1 X139.005 Y109.114 E.03583
G1 X139.684 Y108.829 E.0387
G1 X140.362 Y108.25 E.04686
G1 X141.04 Y107.514 E.05259
G1 X141.718 Y106.915 E.04755
G1 X142.396 Y106.532 E.04093
G1 X143.074 Y106.318 E.03737
G1 X143.753 Y106.241 E.03592
G1 X144.431 Y106.311 E.03582
G1 X145.109 Y106.597 E.03867
G1 X145.787 Y107.176 E.04686
G1 X146.465 Y107.912 E.05259
G1 X147.144 Y108.51 E.04755
M73 P44 R20
G1 X147.822 Y108.894 E.04095
G1 X148.5 Y109.108 E.03737
G1 X149.178 Y109.185 E.03586
G1 X149.856 Y109.114 E.03583
G1 X150.535 Y108.829 E.0387
G1 X151.213 Y108.25 E.04686
G1 X151.891 Y107.514 E.05259
G1 X152.569 Y106.915 E.04755
G1 X153.247 Y106.532 E.04093
G1 X153.926 Y106.318 E.03742
G1 X154.604 Y106.241 E.03586
G1 X155.282 Y106.311 E.03582
G1 X155.96 Y106.597 E.03867
G1 X156.638 Y107.176 E.04686
G1 X157.316 Y107.912 E.05259
G1 X157.995 Y108.51 E.04755
G1 X158.673 Y108.894 E.04095
G1 X159.351 Y109.108 E.03737
G1 X160.029 Y109.185 E.03586
G1 X160.707 Y109.114 E.03583
G1 X161.386 Y108.829 E.0387
G1 X162.064 Y108.25 E.04686
G1 X162.742 Y107.514 E.05259
G1 X163.42 Y106.915 E.04755
G1 X164.098 Y106.532 E.04093
G1 X164.844 Y106.31 E.04091
G1 X164.583 Y108.187 E.0996
G1 E-8 F7200
G1 Z2.4 F3000
G1 X164.124 Y109.963 F12000
G1 Z2.2 F3000
G1 E8 F7200
G1 F949.248
G1 X163.449 Y111.734 E.09961
G1 X162.742 Y112.022 E.04012
G1 X162.064 Y112.601 E.04686
G1 X161.386 Y113.337 E.05259
G1 X160.707 Y113.936 E.04759
G1 X160.029 Y114.319 E.04093
G1 X159.351 Y114.533 E.03737
G1 X158.673 Y114.611 E.03587
G1 X157.995 Y114.54 E.03583
G1 X157.316 Y114.254 E.03872
G1 X156.638 Y113.675 E.04686
G1 X155.96 Y112.939 E.05259
G1 X155.282 Y112.341 E.04751
G1 X154.604 Y111.957 E.04095
G1 X153.926 Y111.743 E.03737
G1 X153.247 Y111.666 E.03592
G1 X152.569 Y111.737 E.03583
G1 X151.891 Y112.022 E.03865
G1 X151.213 Y112.601 E.04686
G1 X150.535 Y113.337 E.05259
G1 X149.856 Y113.936 E.04759
M73 P45 R20
G1 X149.178 Y114.319 E.04093
G1 X148.5 Y114.533 E.03737
G1 X147.822 Y114.611 E.03587
G1 X147.144 Y114.54 E.03583
G1 X146.465 Y114.254 E.03872
G1 X145.787 Y113.675 E.04686
G1 X145.109 Y112.939 E.05259
G1 X144.431 Y112.341 E.04751
G1 X143.753 Y111.957 E.04095
G1 X143.074 Y111.743 E.03742
G1 X142.396 Y111.666 E.03586
G1 X141.718 Y111.737 E.03583
G1 X141.04 Y112.022 E.03865
G1 X140.362 Y112.601 E.04686
G1 X139.684 Y113.337 E.05259
G1 X139.005 Y113.936 E.04759
G1 X138.327 Y114.319 E.04093
G1 X137.649 Y114.533 E.03737
G1 X136.971 Y114.611 E.03587
G1 X136.293 Y114.54 E.03583
G1 X135.614 Y114.254 E.03872
G1 X134.936 Y113.675 E.04686
G1 X134.06 Y112.764 E.06642
G1 X133.262 Y111.045 E.09961
G1 E-8 F7200
G1 Z2.4 F3000
G1 X141.963 Y120.032 F12000
G1 Z2.2 F3000
G1 E8 F7200
G1 F949.248
G1 X140.272 Y119.178 E.09957
G1 X141.04 Y118.365 E.05878
G1 X141.718 Y117.766 E.04755
G1 X142.396 Y117.383 E.04093
G1 X143.074 Y117.169 E.03737
G1 X143.753 Y117.092 E.03592
G1 X144.431 Y117.162 E.03582
G1 X145.109 Y117.448 E.03867
G1 X145.787 Y118.027 E.04686
G1 X146.465 Y118.763 E.05259
G1 X147.144 Y119.361 E.04755
G1 X147.822 Y119.745 E.04095
G1 X148.5 Y119.959 E.03737
G1 X149.178 Y120.036 E.03586
G1 X149.856 Y119.965 E.03583
G1 X150.535 Y119.68 E.0387
G1 X151.213 Y119.101 E.04686
G1 X151.891 Y118.365 E.05259
G1 X152.569 Y117.766 E.04755
G1 X153.247 Y117.383 E.04093
G1 X153.926 Y117.169 E.03742
G1 X154.604 Y117.092 E.03586
G1 X155.282 Y117.162 E.03582
G1 X155.96 Y117.448 E.03867
G1 X156.638 Y118.027 E.04686
G1 X157.353 Y118.795 E.05515
G1 X155.702 Y119.725 E.09959
;LAYER_CHANGE
;Z:2.4
;HEIGHT:0.2

G1 E-8 F7200
G1 Z2.4 F3000
;AFTER_LAYER_CHANGE
;2.4
G92 E0
_ON_LAYER_CHANGE LAYER=12
G1 Z2.6
G1 X148.504 Y85.341 F12000
G1 Z2.4 F3000
G1 E8 F7200
;TYPE:External perimeter
;WIDTH:0.674999
G1 F949.248
G1 X148.658 Y85.339 E.00809
G1 X149.529 Y85.365 E.0458
G1 X150.555 Y85.445 E.05409
G1 X151.576 Y85.58 E.05413
G1 X152.589 Y85.767 E.05414
G1 X153.409 Y85.961 E.04429
G1 X154.248 Y86.197 E.04581
G1 X155.225 Y86.523 E.05413
G1 X156.183 Y86.901 E.05413
G1 X157.12 Y87.328 E.05412
G1 X157.87 Y87.714 E.04433
G1 X158.626 Y88.146 E.04576
G1 X159.496 Y88.7 E.05421
G1 X160.056 Y89.092 E.03593
G1 X160.874 Y89.719 E.05417
G1 X161.657 Y90.388 E.05413
G1 X162.404 Y91.098 E.05417
G1 X162.879 Y91.589 E.03591
G1 X163.562 Y92.361 E.05417
G1 X164.203 Y93.167 E.05412
G1 X164.801 Y94.005 E.05411
G1 X165.354 Y94.873 E.05409
G1 X165.861 Y95.769 E.05411
G1 X166.32 Y96.69 E.05408
G1 X166.731 Y97.636 E.05421
G1 X166.976 Y98.274 E.03592
G1 X167.303 Y99.251 E.05415
G1 X167.578 Y100.243 E.0541
G1 X167.801 Y101.248 E.05411
G1 X167.971 Y102.265 E.05419
G1 X168.055 Y102.943 E.03591
G1 X168.135 Y103.971 E.05419
G1 X168.162 Y105 E.0541
G1 X168.135 Y106.03 E.05415
G1 X168.088 Y106.712 E.03593
G1 X167.971 Y107.736 E.05417
G1 X167.801 Y108.752 E.05414
G1 X167.578 Y109.757 E.05411
G1 X167.303 Y110.749 E.0541
G1 X166.977 Y111.725 E.05408
G1 X166.599 Y112.684 E.05418
G1 X166.321 Y113.308 E.0359
G1 X165.861 Y114.231 E.0542
G1 X165.354 Y115.127 E.05411
G1 X164.8 Y115.996 E.05416
G1 X164.408 Y116.556 E.03593
G1 X163.781 Y117.374 E.05417
G1 X163.112 Y118.157 E.05413
G1 X162.402 Y118.904 E.05417
G1 X161.911 Y119.379 E.03591
G1 X161.139 Y120.062 E.05417
G1 X160.333 Y120.703 E.05412
G1 X159.495 Y121.301 E.05411
G1 X158.627 Y121.854 E.05409
G1 X157.731 Y122.361 E.05411
G1 X156.81 Y122.82 E.05408
G1 X155.864 Y123.231 E.05421
G1 X155.226 Y123.476 E.03592
G1 X154.249 Y123.803 E.05415
G1 X153.257 Y124.078 E.0541
G1 X152.251 Y124.301 E.05416
G1 X151.42 Y124.444 E.04432
G1 X150.556 Y124.555 E.04578
G1 X149.529 Y124.635 E.05414
G1 X148.5 Y124.662 E.0541
G1 X147.47 Y124.635 E.05415
G1 X146.788 Y124.588 E.03593
G1 X145.764 Y124.471 E.05417
G1 X144.747 Y124.301 E.05419
G1 X144.078 Y124.159 E.03594
G1 X143.08 Y123.901 E.05418
G1 X142.099 Y123.591 E.05407
G1 X141.134 Y123.231 E.05413
G1 X140.19 Y122.82 E.05411
G1 X139.269 Y122.361 E.05408
G1 X138.373 Y121.854 E.05411
G1 X137.505 Y121.301 E.05409
G1 X136.666 Y120.702 E.05418
G1 X136.127 Y120.282 E.03591
G1 X135.343 Y119.612 E.0542
G1 X134.597 Y118.903 E.05409
G1 X133.888 Y118.157 E.05409
G1 X133.219 Y117.374 E.05413
G1 X132.593 Y116.557 E.0541
G1 X132.009 Y115.708 E.05416
G1 X131.647 Y115.128 E.03593
G1 X131.139 Y114.231 E.05418
G1 X130.68 Y113.31 E.05408
G1 X130.269 Y112.364 E.05421
G1 X130.024 Y111.726 E.03592
G1 X129.697 Y110.749 E.05415
G1 X129.422 Y109.757 E.0541
G1 X129.199 Y108.751 E.05416
G1 X129.056 Y107.92 E.04432
G1 X128.945 Y107.056 E.04578
G1 X128.865 Y106.029 E.05414
G1 X128.838 Y105 E.0541
G1 X128.865 Y103.97 E.05415
G1 X128.928 Y103.129 E.04432
G1 X129.029 Y102.264 E.04577
G1 X129.199 Y101.248 E.05414
G1 X129.422 Y100.243 E.05411
G1 X129.697 Y99.251 E.0541
G1 X130.024 Y98.274 E.05415
G1 X130.33 Y97.489 E.04428
G1 X130.68 Y96.691 E.0458
G1 X131.139 Y95.769 E.05413
G1 X131.646 Y94.873 E.05411
G1 X132.199 Y94.005 E.05409
G1 X132.797 Y93.166 E.05415
G1 X133.32 Y92.504 E.04434
G1 X133.888 Y91.844 E.04577
G1 X134.597 Y91.097 E.05413
G1 X135.344 Y90.388 E.05413
G1 X135.983 Y89.837 E.04435
G1 X136.666 Y89.297 E.04576
G1 X137.505 Y88.699 E.05415
G1 X138.373 Y88.146 E.05409
G1 X139.269 Y87.639 E.05411
G1 X140.19 Y87.18 E.05408
G1 X141.134 Y86.769 E.05411
G1 X142.098 Y86.409 E.05408
G1 X143.081 Y86.099 E.05417
G1 X143.897 Y85.885 E.04434
G1 X144.748 Y85.699 E.04578
G1 X145.764 Y85.529 E.05414
G1 X146.786 Y85.412 E.05406
G1 X147.814 Y85.35 E.05413
G1 X148.474 Y85.341 E.03469
G1 X149.074 Y85.352 F12000
G1 X148.497 Y86.136
;TYPE:Perimeter
G1 E-10F300
G1 F12000.0
T1
G1 E20F300
;WIDTH:0.999999
G1 F626.907
G1 X148.651 Y86.134 E.01226
G1 X149.486 Y86.158 E.06648
G1 X150.472 Y86.236 E.07871
G1 X151.452 Y86.365 E.07866
G1 X152.425 Y86.545 E.07875
G1 X153.211 Y86.731 E.06428
G1 X154.015 Y86.956 E.06644
G1 X154.953 Y87.27 E.07872
G1 X155.872 Y87.632 E.0786
G1 X156.773 Y88.043 E.07881
G1 X157.491 Y88.413 E.06428
G1 X158.216 Y88.826 E.0664
G1 X159.055 Y89.361 E.07919
G1 X159.586 Y89.733 E.0516
G1 X160.374 Y90.337 E.07901
G1 X161.125 Y90.979 E.07863
G1 X161.845 Y91.662 E.07898
G1 X162.296 Y92.129 E.05167
G1 X162.953 Y92.872 E.07893
G1 X163.568 Y93.645 E.07861
G1 X164.142 Y94.449 E.07862
G1 X164.673 Y95.282 E.07861
G1 X165.159 Y96.142 E.07861
G1 X165.6 Y97.026 E.07862
G1 X165.996 Y97.937 E.07905
G1 X166.228 Y98.542 E.05157
G1 X166.543 Y99.484 E.07905
G1 X166.807 Y100.435 E.07854
G1 X167.021 Y101.4 E.07866
G1 X167.131 Y102.059 E.05317
G1 X167.224 Y102.701 E.05162
G1 X167.303 Y103.52 E.06548
G1 X167.368 Y105 E.11789
G1 X167.342 Y105.992 E.07897
G1 X167.296 Y106.64 E.0517
G1 X167.184 Y107.626 E.07897
G1 X167.021 Y108.6 E.07859
G1 X166.807 Y109.565 E.07866
G1 X166.543 Y110.516 E.07854
G1 X166.23 Y111.453 E.07862
G1 X165.866 Y112.377 E.07903
G1 X165.602 Y112.969 E.05158
G1 X165.159 Y113.858 E.07905
G1 X164.673 Y114.717 E.07854
G1 X164.139 Y115.555 E.07908
G1 X163.767 Y116.086 E.0516
G1 X163.163 Y116.874 E.07901
G1 X162.521 Y117.625 E.07863
G1 X161.838 Y118.345 E.07898
G1 X161.371 Y118.796 E.05167
G1 X160.628 Y119.453 E.07893
G1 X159.855 Y120.068 E.07861
G1 X159.051 Y120.642 E.07862
G1 X158.217 Y121.173 E.07868
G1 X157.358 Y121.659 E.07854
G1 X156.474 Y122.1 E.07862
G1 X155.563 Y122.496 E.07905
G1 X154.958 Y122.728 E.05157
G1 X154.016 Y123.043 E.07905
G1 X153.065 Y123.307 E.07854
G1 X152.098 Y123.521 E.07882
G1 X151.302 Y123.658 E.06428
G1 X150.474 Y123.764 E.06643
G1 X149.487 Y123.842 E.07879
G1 X148.5 Y123.868 E.07857
G1 X147.508 Y123.842 E.07897
G1 X146.86 Y123.796 E.0517
G1 X145.874 Y123.684 E.07897
G1 X144.895 Y123.52 E.079
G1 X144.26 Y123.385 E.05166
G1 X143.299 Y123.137 E.07898
G1 X142.357 Y122.84 E.0786
G1 X141.432 Y122.494 E.07859
G1 X140.526 Y122.1 E.07862
G1 X139.642 Y121.659 E.07862
G1 X138.783 Y121.173 E.07854
G1 X137.949 Y120.642 E.07868
G1 X137.141 Y120.065 E.07901
G1 X136.63 Y119.666 E.05159
G1 X135.875 Y119.021 E.07902
G1 X135.159 Y118.341 E.07858
G1 X134.479 Y117.625 E.07858
G1 X133.837 Y116.874 E.07863
G1 X133.236 Y116.09 E.07861
G1 X132.674 Y115.272 E.07898
G1 X132.33 Y114.722 E.05163
G1 X131.841 Y113.858 E.07901
G1 X131.4 Y112.974 E.07862
G1 X131.004 Y112.063 E.07905
G1 X130.772 Y111.458 E.05157
G1 X130.457 Y110.516 E.07905
G1 X130.193 Y109.565 E.07854
G1 X129.979 Y108.598 E.07882
G1 X129.842 Y107.802 E.06428
G1 X129.736 Y106.974 E.06643
G1 X129.658 Y105.987 E.07879
G1 X129.632 Y105 E.07857
G1 X129.658 Y104.01 E.07881
G1 X129.719 Y103.205 E.06425
G1 X129.816 Y102.376 E.06642
G1 X129.979 Y101.4 E.07875
G1 X130.193 Y100.435 E.07866
G1 X130.457 Y99.484 E.07854
G1 X130.771 Y98.545 E.07879
G1 X131.064 Y97.793 E.06423
G1 X131.399 Y97.028 E.06646
G1 X131.841 Y96.142 E.0788
G1 X132.327 Y95.282 E.07861
G1 X132.858 Y94.449 E.07861
G1 X133.433 Y93.643 E.07879
G1 X133.933 Y93.01 E.06419
G1 X134.477 Y92.376 E.06648
G1 X135.159 Y91.659 E.07875
G1 X135.877 Y90.977 E.07881
G1 X136.489 Y90.45 E.06427
G1 X137.144 Y89.933 E.06641
G1 X137.949 Y89.358 E.07873
G1 X138.782 Y88.827 E.07861
G1 X139.642 Y88.341 E.07861
G1 X140.526 Y87.9 E.07862
G1 X141.432 Y87.506 E.07862
G1 X142.357 Y87.16 E.07859
M73 P46 R20
G1 X143.301 Y86.863 E.07876
G1 X144.082 Y86.658 E.06426
G1 X144.898 Y86.479 E.06648
G1 X145.874 Y86.316 E.07875
G1 X146.856 Y86.204 E.07866
G1 X147.844 Y86.144 E.07877
G1 X148.467 Y86.136 E.04958
G1 X148.489 Y87.093 F12000
G1 F626.907
G1 X148.643 Y87.091 E.01226
G1 X149.434 Y87.114 E.06298
G1 X150.372 Y87.188 E.07488
G1 X151.302 Y87.31 E.07464
G1 X152.228 Y87.482 E.07495
G1 X152.971 Y87.658 E.06077
G1 X153.733 Y87.871 E.06297
G1 X154.626 Y88.17 E.07494
G1 X155.498 Y88.514 E.0746
G1 X156.355 Y88.904 E.07493
G1 X157.034 Y89.254 E.06079
G1 X157.722 Y89.646 E.06302
G1 X158.523 Y90.157 E.07561
G1 X159.02 Y90.505 E.04828
G1 X159.771 Y91.081 E.07532
G1 X160.484 Y91.69 E.07462
G1 X161.171 Y92.342 E.07537
G1 X161.593 Y92.778 E.04829
G1 X162.22 Y93.488 E.07538
G1 X162.804 Y94.221 E.07458
G1 X163.348 Y94.985 E.07464
G1 X163.852 Y95.776 E.07464
G1 X164.314 Y96.592 E.07462
G1 X164.732 Y97.431 E.0746
G1 X165.11 Y98.299 E.07534
G1 X165.327 Y98.866 E.04831
G1 X165.628 Y99.764 E.07537
G1 X165.878 Y100.667 E.07457
G1 X166.081 Y101.583 E.07467
G1 X166.187 Y102.217 E.05115
G1 X166.274 Y102.818 E.04833
G1 X166.349 Y103.595 E.06212
G1 X166.41 Y105 E.11192
G1 X166.385 Y105.946 E.07531
G1 X166.343 Y106.552 E.04834
G1 X166.236 Y107.493 E.07537
G1 X166.081 Y108.417 E.07456
G1 X165.878 Y109.333 E.07467
G1 X165.628 Y110.236 E.07457
G1 X165.33 Y111.126 E.07469
G1 X164.983 Y112.007 E.07535
G1 X164.736 Y112.561 E.04827
G1 X164.314 Y113.408 E.07531
G1 X163.852 Y114.224 E.07462
G1 X163.343 Y115.023 E.07539
G1 X162.995 Y115.52 E.04828
G1 X162.419 Y116.271 E.07532
G1 X161.81 Y116.984 E.07462
G1 X161.158 Y117.671 E.07537
G1 X160.722 Y118.093 E.04829
G1 X160.012 Y118.72 E.07538
G1 X159.279 Y119.304 E.07458
G1 X158.515 Y119.848 E.07464
G1 X157.724 Y120.352 E.07464
G1 X156.908 Y120.814 E.07462
G1 X156.069 Y121.232 E.0746
G1 X155.201 Y121.61 E.07534
G1 X154.634 Y121.827 E.04831
G1 X153.736 Y122.128 E.07537
G1 X152.833 Y122.378 E.07457
G1 X151.914 Y122.582 E.07492
G1 X151.16 Y122.711 E.06088
G1 X150.375 Y122.812 E.06299
G1 X149.437 Y122.886 E.07488
G1 X148.5 Y122.91 E.07459
G1 X147.554 Y122.885 E.07531
G1 X146.948 Y122.843 E.04834
G1 X146.007 Y122.736 E.07537
G1 X145.074 Y122.58 E.07528
G1 X144.48 Y122.453 E.04834
G1 X143.563 Y122.216 E.07537
G1 X142.669 Y121.934 E.0746
G1 X141.791 Y121.606 E.07459
G1 X140.931 Y121.232 E.07463
G1 X140.092 Y120.814 E.0746
G1 X139.276 Y120.352 E.07462
G1 X138.485 Y119.848 E.07464
G1 X137.714 Y119.298 E.07537
G1 X137.236 Y118.925 E.04825
G1 X136.516 Y118.31 E.07536
G1 X135.836 Y117.664 E.07464
G1 X135.19 Y116.984 E.07464
G1 X134.581 Y116.271 E.07462
G1 X134.01 Y115.527 E.07464
G1 X133.474 Y114.747 E.07532
G1 X133.153 Y114.232 E.04829
G1 X132.686 Y113.408 E.07537
G1 X132.268 Y112.569 E.0746
G1 X131.89 Y111.701 E.07534
G1 X131.673 Y111.134 E.04831
G1 X131.372 Y110.236 E.07537
G1 X131.122 Y109.333 E.07457
G1 X130.918 Y108.413 E.07499
G1 X130.789 Y107.66 E.0608
G1 X130.688 Y106.875 E.06299
G1 X130.614 Y105.937 E.07488
G1 X130.59 Y105 E.07459
G1 X130.615 Y104.059 E.07491
G1 X130.672 Y103.297 E.06081
G1 X130.764 Y102.511 E.06298
G1 X130.919 Y101.583 E.07487
G1 X131.122 Y100.667 E.07467
G1 X131.372 Y99.764 E.07457
G1 X131.671 Y98.871 E.07494
G1 X131.949 Y98.159 E.06083
G1 X132.266 Y97.434 E.06297
G1 X132.686 Y96.592 E.07488
G1 X133.148 Y95.776 E.07462
G1 X133.652 Y94.985 E.07464
G1 X134.199 Y94.218 E.07497
G1 X134.672 Y93.618 E.0608
G1 X135.188 Y93.018 E.06298
G1 X135.836 Y92.336 E.07487
G1 X136.519 Y91.687 E.07498
G1 X137.098 Y91.189 E.06078
G1 X137.719 Y90.698 E.063
G1 X138.485 Y90.152 E.07486
G1 X139.276 Y89.648 E.07464
G1 X140.092 Y89.186 E.07462
G1 X140.931 Y88.768 E.0746
G1 X141.791 Y88.394 E.07463
G1 X142.669 Y88.066 E.07459
G1 X143.567 Y87.782 E.07495
G1 X144.306 Y87.588 E.0608
G1 X145.079 Y87.419 E.06297
G1 X146.007 Y87.264 E.07487
G1 X146.939 Y87.158 E.07465
G1 X147.879 Y87.101 E.07494
G1 X148.459 Y87.093 E.04616
G1 X148.48 Y88.05 F12000
G1 F626.907
G1 X148.635 Y88.048 E.01234
G1 X149.382 Y88.07 E.05947
G1 X150.272 Y88.14 E.07105
G1 X151.152 Y88.256 E.07064
G1 X152.03 Y88.419 E.07107
G1 X152.732 Y88.584 E.05739
G1 X153.452 Y88.787 E.05953
G1 X154.298 Y89.07 E.07099
G1 X155.124 Y89.395 E.07064
G1 X155.937 Y89.765 E.07108
G1 X156.578 Y90.096 E.05741
G1 X157.227 Y90.466 E.05945
G1 X157.991 Y90.953 E.0721
G1 X158.454 Y91.277 E.04497
G1 X159.169 Y91.825 E.07169
G1 X159.844 Y92.402 E.07067
G1 X160.497 Y93.022 E.07166
G1 X160.89 Y93.428 E.04497
G1 X161.487 Y94.103 E.07171
G1 X162.039 Y94.798 E.07063
G1 X162.554 Y95.52 E.07058
G1 X163.031 Y96.269 E.07067
G1 X163.468 Y97.041 E.0706
G1 X163.864 Y97.836 E.07068
G1 X164.224 Y98.662 E.07171
G1 X164.426 Y99.189 E.04491
G1 X164.712 Y100.044 E.07175
G1 X164.949 Y100.899 E.07061
G1 X165.141 Y101.765 E.07059
G1 X165.243 Y102.375 E.04922
G1 X165.324 Y102.934 E.04495
G1 X165.395 Y103.67 E.05884
G1 X165.453 Y105 E.10594
G1 X165.429 Y105.9 E.07165
G1 X165.39 Y106.464 E.04499
G1 X165.288 Y107.359 E.07169
G1 X165.141 Y108.235 E.07069
G1 X164.949 Y109.101 E.07059
G1 X164.712 Y109.956 E.07061
G1 X164.43 Y110.798 E.07067
G1 X164.1 Y111.636 E.07167
G1 X163.87 Y112.153 E.04503
G1 X163.468 Y112.959 E.07168
G1 X163.031 Y113.731 E.0706
G1 X162.547 Y114.491 E.07171
G1 X162.223 Y114.954 E.04497
G1 X161.675 Y115.669 E.07169
G1 X161.098 Y116.344 E.07067
G1 X160.478 Y116.997 E.07166
G1 X160.072 Y117.39 E.04497
G1 X159.397 Y117.987 E.07171
G1 X158.702 Y118.539 E.07063
G1 X157.98 Y119.054 E.07058
G1 X157.231 Y119.531 E.07067
G1 X156.459 Y119.968 E.0706
G1 X155.664 Y120.364 E.07068
G1 X154.838 Y120.724 E.07171
G1 X154.311 Y120.926 E.04491
G1 X153.456 Y121.212 E.07175
G1 X152.601 Y121.449 E.07061
G1 X151.729 Y121.643 E.07109
G1 X151.019 Y121.764 E.05732
G1 X150.277 Y121.859 E.05953
G1 X149.387 Y121.929 E.07105
G1 X148.5 Y121.953 E.07061
G1 X147.6 Y121.929 E.07165
G1 X147.036 Y121.89 E.04499
G1 X146.141 Y121.788 E.07169
G1 X145.252 Y121.639 E.07173
G1 X144.699 Y121.522 E.04498
G1 X143.827 Y121.296 E.07169
G1 X142.981 Y121.029 E.0706
G1 X142.149 Y120.718 E.07069
G1 X141.336 Y120.364 E.07057
G1 X140.541 Y119.968 E.07068
G1 X139.769 Y119.531 E.0706
G1 X139.02 Y119.054 E.07067
G1 X138.287 Y118.531 E.07166
G1 X137.841 Y118.183 E.04502
G1 X137.156 Y117.598 E.07169
G1 X136.513 Y116.987 E.07059
G1 X135.902 Y116.344 E.07059
G1 X135.325 Y115.669 E.07067
G1 X134.785 Y114.965 E.07061
G1 X134.275 Y114.222 E.07172
G1 X133.975 Y113.743 E.04498
G1 X133.532 Y112.959 E.07166
G1 X133.136 Y112.164 E.07068
G1 X132.776 Y111.338 E.07171
G1 X132.574 Y110.811 E.04491
G1 X132.288 Y109.956 E.07175
G1 X132.051 Y109.101 E.07061
G1 X131.857 Y108.229 E.07109
G1 X131.736 Y107.519 E.05732
G1 X131.641 Y106.777 E.05953
G1 X131.571 Y105.887 E.07105
G1 X131.547 Y105 E.07061
G1 X131.571 Y104.107 E.07109
G1 X131.624 Y103.388 E.05737
G1 X131.711 Y102.645 E.05953
G1 X131.859 Y101.765 E.07102
G1 X132.051 Y100.899 E.07059
G1 X132.288 Y100.044 E.07061
G1 X132.571 Y99.196 E.07114
G1 X132.833 Y98.525 E.05733
G1 X133.133 Y97.84 E.05951
G1 X133.532 Y97.041 E.07107
G1 X133.969 Y96.269 E.0706
G1 X134.446 Y95.52 E.07067
G1 X134.964 Y94.793 E.07104
G1 X135.411 Y94.227 E.0574
G1 X135.898 Y93.66 E.05948
G1 X136.513 Y93.013 E.07104
G1 X137.161 Y92.398 E.0711
G1 X137.707 Y91.927 E.05738
G1 X138.294 Y91.464 E.0595
G1 X139.02 Y90.946 E.07097
G1 X139.769 Y90.469 E.07067
G1 X140.541 Y90.032 E.0706
G1 X141.335 Y89.636 E.07061
G1 X142.149 Y89.282 E.07064
G1 X142.981 Y88.971 E.07069
G1 X143.833 Y88.702 E.0711
G1 X144.53 Y88.519 E.05735
G1 X145.26 Y88.36 E.05946
G1 X146.141 Y88.212 E.07109
G1 X147.022 Y88.112 E.07056
G1 X147.914 Y88.057 E.07112
G1 X148.45 Y88.051 E.04266
G1 E-8 F7200
G1 Z2.6 F3000
G1 X160.772 Y94.133 F12000
G1 Z2.4 F3000
G1 E8 F7200
;TYPE:Internal infill
G1 E-10F300
G1 F12000.0
T0
G1 E16F300
G1 F12000.0
;WIDTH:0.675
G1 F949.248
G1 X159.439 Y92.787 E.09956
G1 X158.673 Y92.827 E.04031
G1 X157.995 Y92.695 E.0363
G1 X157.316 Y92.35 E.04003
G1 X155.96 Y91.069 E.09804
G1 X155.282 Y90.542 E.04513
G1 X154.604 Y90.222 E.0394
M73 P47 R20
G1 X153.926 Y90.066 E.03657
G1 X153.247 Y90.046 E.0357
G1 X152.569 Y90.178 E.0363
G1 X151.891 Y90.522 E.03996
G1 X150.535 Y91.804 E.09808
G1 X149.856 Y92.331 E.04517
G1 X149.178 Y92.65 E.03938
G1 X148.5 Y92.807 E.03658
G1 X147.822 Y92.827 E.03565
G1 X147.144 Y92.695 E.0363
G1 X146.465 Y92.35 E.04003
G1 X145.109 Y91.069 E.09804
G1 X144.431 Y90.542 E.04513
G1 X143.753 Y90.222 E.0394
G1 X143.074 Y90.066 E.03662
G1 X142.396 Y90.046 E.03565
G1 X141.718 Y90.178 E.0363
G1 X141.04 Y90.522 E.03996
G1 X139.684 Y91.804 E.09808
G1 X139.005 Y92.331 E.04517
G1 X138.327 Y92.65 E.03938
G1 X137.533 Y92.81 E.04257
G1 X136.905 Y93.405 E.04547
G1 X135.84 Y94.58 E.08335
G1 X134.626 Y96.271 E.10941
G1 X135.614 Y97.229 E.07233
G1 X136.293 Y97.756 E.04517
G1 X136.971 Y98.076 E.0394
G1 X137.649 Y98.232 E.03657
G1 X138.327 Y98.252 E.03565
G1 X139.005 Y98.12 E.0363
G1 X139.684 Y97.776 E.04001
G1 X141.04 Y96.494 E.09808
G1 X141.718 Y95.967 E.04513
G1 X142.396 Y95.648 E.03938
G1 X143.074 Y95.491 E.03658
G1 X143.753 Y95.471 E.0357
G1 X144.431 Y95.603 E.0363
G1 X145.109 Y95.948 E.03998
G1 X146.465 Y97.229 E.09804
G1 X147.144 Y97.756 E.04517
G1 X147.822 Y98.076 E.0394
G1 X148.5 Y98.232 E.03657
G1 X149.178 Y98.252 E.03565
G1 X149.856 Y98.12 E.0363
G1 X150.535 Y97.776 E.04001
G1 X151.891 Y96.494 E.09808
G1 X152.569 Y95.967 E.04513
G1 X153.247 Y95.648 E.03938
G1 X153.926 Y95.491 E.03663
G1 X154.604 Y95.471 E.03565
G1 X155.282 Y95.603 E.0363
G1 X155.96 Y95.948 E.03998
G1 X157.316 Y97.229 E.09804
G1 X157.995 Y97.756 E.04517
G1 X158.673 Y98.076 E.0394
G1 X159.351 Y98.232 E.03657
G1 X160.029 Y98.252 E.03565
G1 X160.707 Y98.12 E.0363
G1 X161.386 Y97.776 E.04001
G1 X162.601 Y96.636 E.08757
G1 X163.361 Y98.07 E.0853
G1 X163.709 Y98.872 E.04595
G1 X164.375 Y100.905 E.11244
G1 X164.098 Y100.897 E.01456
G1 X163.42 Y101.029 E.0363
G1 X162.742 Y101.373 E.03996
G1 X161.386 Y102.655 E.09808
G1 X160.707 Y103.182 E.04517
G1 X160.029 Y103.501 E.03938
G1 X159.351 Y103.658 E.03658
G1 X158.673 Y103.678 E.03565
G1 X157.995 Y103.546 E.0363
G1 X157.316 Y103.201 E.04003
G1 X155.96 Y101.92 E.09804
G1 X155.282 Y101.393 E.04513
G1 X154.604 Y101.073 E.0394
G1 X153.926 Y100.917 E.03657
G1 X153.247 Y100.897 E.0357
G1 X152.569 Y101.029 E.0363
G1 X151.891 Y101.373 E.03996
G1 X150.535 Y102.655 E.09808
G1 X149.856 Y103.182 E.04517
G1 X149.178 Y103.501 E.03938
G1 X148.5 Y103.658 E.03658
G1 X147.822 Y103.678 E.03565
G1 X147.144 Y103.546 E.0363
G1 X146.465 Y103.201 E.04003
G1 X145.109 Y101.92 E.09804
G1 X144.431 Y101.393 E.04513
G1 X143.753 Y101.073 E.0394
G1 X143.074 Y100.917 E.03662
G1 X142.396 Y100.897 E.03565
G1 X141.718 Y101.029 E.0363
G1 X141.04 Y101.373 E.03996
G1 X139.684 Y102.655 E.09808
G1 X139.005 Y103.182 E.04517
G1 X138.327 Y103.501 E.03938
G1 X137.649 Y103.658 E.03658
G1 X136.971 Y103.678 E.03565
G1 X136.293 Y103.546 E.0363
G1 X135.614 Y103.201 E.04003
G1 X134.258 Y101.92 E.09804
G1 X133.58 Y101.393 E.04513
G1 X132.902 Y101.073 E.0394
G1 X132.598 Y101.003 E.0164
G1 X132.245 Y102.865 E.09961
G1 E-8 F7200
G1 Z2.6 F3000
G1 X132.117 Y104.462 F12000
G1 Z2.4 F3000
G1 E8 F7200
G1 F949.248
G1 X132.164 Y106.356 E.09957
G1 X132.902 Y106.322 E.03883
G1 X133.58 Y106.454 E.0363
G1 X134.258 Y106.799 E.03998
G1 X135.614 Y108.08 E.09804
G1 X136.293 Y108.607 E.04517
G1 X136.971 Y108.927 E.0394
G1 X137.649 Y109.083 E.03657
G1 X138.327 Y109.103 E.03565
G1 X139.005 Y108.971 E.0363
G1 X139.684 Y108.627 E.04001
G1 X141.04 Y107.345 E.09808
G1 X141.718 Y106.818 E.04513
G1 X142.396 Y106.499 E.03938
G1 X143.074 Y106.342 E.03658
G1 X143.753 Y106.322 E.0357
G1 X144.431 Y106.454 E.0363
G1 X145.109 Y106.799 E.03998
G1 X146.465 Y108.08 E.09804
G1 X147.144 Y108.607 E.04517
G1 X147.822 Y108.927 E.0394
G1 X148.5 Y109.083 E.03657
G1 X149.178 Y109.103 E.03565
G1 X149.856 Y108.971 E.0363
G1 X150.535 Y108.627 E.04001
G1 X151.891 Y107.345 E.09808
G1 X152.569 Y106.818 E.04513
G1 X153.247 Y106.499 E.03938
G1 X153.926 Y106.342 E.03663
G1 X154.604 Y106.322 E.03565
G1 X155.282 Y106.454 E.0363
G1 X155.96 Y106.799 E.03998
G1 X157.316 Y108.08 E.09804
G1 X157.995 Y108.607 E.04517
G1 X158.673 Y108.927 E.0394
G1 X159.351 Y109.083 E.03657
G1 X160.029 Y109.103 E.03565
G1 X160.707 Y108.971 E.0363
G1 X161.386 Y108.627 E.04001
G1 X162.742 Y107.345 E.09808
G1 X163.42 Y106.818 E.04513
G1 X164.098 Y106.499 E.03938
G1 X164.842 Y106.34 E.03999
G1 X164.576 Y108.217 E.09964
G1 E-8 F7200
G1 Z2.6 F3000
G1 X164.065 Y110.14 F12000
G1 Z2.4 F3000
G1 E8 F7200
G1 F949.248
G1 X163.373 Y111.904 E.09959
G1 X162.742 Y112.224 E.03718
G1 X161.386 Y113.506 E.09808
G1 X160.707 Y114.033 E.04517
G1 X160.029 Y114.352 E.03938
G1 X159.351 Y114.509 E.03658
G1 X158.673 Y114.529 E.03565
G1 X157.995 Y114.397 E.0363
G1 X157.316 Y114.052 E.04003
G1 X155.96 Y112.771 E.09804
G1 X155.282 Y112.244 E.04513
G1 X154.604 Y111.924 E.0394
G1 X153.926 Y111.768 E.03657
G1 X153.247 Y111.748 E.0357
G1 X152.569 Y111.88 E.0363
G1 X151.891 Y112.224 E.03996
G1 X150.535 Y113.506 E.09808
G1 X149.856 Y114.033 E.04517
G1 X149.178 Y114.352 E.03938
G1 X148.5 Y114.509 E.03658
G1 X147.822 Y114.529 E.03565
M73 P47 R19
G1 X147.144 Y114.397 E.0363
G1 X146.465 Y114.052 E.04003
G1 X145.109 Y112.771 E.09804
G1 X144.431 Y112.244 E.04513
G1 X143.753 Y111.924 E.0394
G1 X143.074 Y111.768 E.03662
G1 X142.396 Y111.748 E.03565
G1 X141.718 Y111.88 E.0363
G1 X141.04 Y112.224 E.03996
G1 X139.684 Y113.506 E.09808
G1 X139.005 Y114.033 E.04517
G1 X138.327 Y114.352 E.03938
G1 X137.649 Y114.509 E.03658
G1 X136.971 Y114.529 E.03565
G1 X136.293 Y114.397 E.0363
G1 X135.614 Y114.052 E.04003
G1 X133.932 Y112.518 E.11965
G1 X133.16 Y110.787 E.09962
G1 E-8 F7200
G1 Z2.6 F3000
G1 X141.805 Y119.963 F12000
G1 Z2.4 F3000
G1 E8 F7200
G1 F949.248
G1 X140.122 Y119.093 E.09957
G1 X141.04 Y118.196 E.06746
G1 X141.718 Y117.669 E.04513
G1 X142.396 Y117.35 E.03938
G1 X143.074 Y117.193 E.03658
G1 X143.753 Y117.173 E.0357
G1 X144.431 Y117.305 E.0363
G1 X145.109 Y117.65 E.03998
G1 X146.465 Y118.931 E.09804
G1 X147.144 Y119.458 E.04517
G1 X147.822 Y119.778 E.0394
G1 X148.5 Y119.934 E.03657
G1 X149.178 Y119.954 E.03565
G1 X149.856 Y119.822 E.0363
G1 X150.535 Y119.478 E.04001
G1 X151.891 Y118.196 E.09808
G1 X152.569 Y117.669 E.04513
G1 X153.247 Y117.35 E.03938
G1 X153.926 Y117.193 E.03663
G1 X154.604 Y117.173 E.03565
G1 X155.282 Y117.305 E.0363
G1 X155.96 Y117.65 E.03998
G1 X157.248 Y118.862 E.09295
G1 X155.591 Y119.781 E.09959
;LAYER_CHANGE
;Z:2.6
;HEIGHT:0.2

G1 E-8 F7200
G1 Z2.6 F3000
;AFTER_LAYER_CHANGE
;2.6
G92 E0
_ON_LAYER_CHANGE LAYER=13
G1 Z2.8
G1 X148.504 Y85.341 F12000
G1 Z2.6 F3000
G1 E8 F7200
;TYPE:External perimeter
;WIDTH:0.674999
G1 F949.248
G1 X148.842 Y85.341 E.01776
G1 X149.872 Y85.386 E.05419
G1 X150.726 Y85.465 E.04508
G1 X151.575 Y85.58 E.04503
G1 X152.588 Y85.767 E.05414
G1 X153.59 Y86.008 E.05416
G1 X154.247 Y86.196 E.03592
G1 X155.225 Y86.523 E.0542
G1 X156.183 Y86.901 E.05413
G1 X157.119 Y87.328 E.05407
G1 X158.033 Y87.803 E.05414
G1 X158.921 Y88.326 E.05416
G1 X159.494 Y88.698 E.03591
G1 X160.333 Y89.297 E.05418
G1 X161.139 Y89.938 E.05412
G1 X161.91 Y90.62 E.0541
G1 X162.644 Y91.342 E.05411
G1 X163.226 Y91.972 E.04508
G1 X163.78 Y92.626 E.04505
G1 X164.407 Y93.443 E.05413
G1 X164.99 Y94.291 E.05409
G1 X165.528 Y95.169 E.05412
G1 X166.02 Y96.075 E.05419
G1 X166.32 Y96.689 E.03592
G1 X166.731 Y97.636 E.05426
G1 X166.976 Y98.274 E.03592
G1 X167.303 Y99.251 E.05415
G1 X167.578 Y100.243 E.0541
G1 X167.801 Y101.248 E.05411
G1 X167.971 Y102.264 E.05414
G1 X168.088 Y103.286 E.05406
G1 X168.15 Y104.314 E.05413
G1 X168.159 Y105.343 E.05408
G1 X168.114 Y106.372 E.05413
G1 X168.016 Y107.398 E.05417
G1 X167.921 Y108.074 E.03588
G1 X167.732 Y109.089 E.05426
G1 X167.579 Y109.755 E.03592
G1 X167.303 Y110.749 E.05422
G1 X166.977 Y111.725 E.05408
G1 X166.599 Y112.684 E.05418
G1 X166.321 Y113.308 E.0359
G1 X165.861 Y114.231 E.0542
G1 X165.354 Y115.127 E.05411
G1 X164.801 Y115.995 E.05409
G1 X164.203 Y116.833 E.05411
G1 X163.562 Y117.639 E.05412
G1 X162.88 Y118.41 E.0541
G1 X162.158 Y119.145 E.05415
G1 X161.658 Y119.611 E.03592
G1 X160.874 Y120.281 E.0542
G1 X160.057 Y120.907 E.0541
G1 X159.209 Y121.49 E.05409
G1 X158.33 Y122.029 E.05419
G1 X157.732 Y122.36 E.03592
G1 X156.81 Y122.82 E.05415
G1 X155.864 Y123.231 E.05421
G1 X155.226 Y123.476 E.03592
G1 X154.249 Y123.803 E.05415
G1 X153.257 Y124.078 E.0541
G1 X152.252 Y124.301 E.05411
G1 X151.236 Y124.471 E.05414
G1 X150.214 Y124.588 E.05406
G1 X149.186 Y124.65 E.05413
G1 X148.157 Y124.659 E.05408
G1 X147.128 Y124.614 E.05413
G1 X146.274 Y124.535 E.04508
G1 X145.425 Y124.42 E.04503
G1 X144.411 Y124.232 E.0542
G1 X143.745 Y124.079 E.03592
G1 X142.751 Y123.803 E.05422
G1 X141.775 Y123.477 E.05408
G1 X140.817 Y123.099 E.05413
G1 X139.88 Y122.672 E.05412
G1 X139.118 Y122.279 E.04506
G1 X138.374 Y121.854 E.04503
G1 X137.505 Y121.301 E.05414
G1 X136.667 Y120.703 E.05411
G1 X135.861 Y120.062 E.05412
G1 X135.09 Y119.38 E.0541
G1 X134.355 Y118.658 E.05415
G1 X133.889 Y118.158 E.03592
G1 X133.219 Y117.374 E.0542
G1 X132.593 Y116.557 E.0541
G1 X132.009 Y115.708 E.05416
G1 X131.647 Y115.128 E.03593
G1 X131.139 Y114.231 E.05418
G1 X130.68 Y113.31 E.05408
G1 X130.269 Y112.364 E.05421
G1 X130.024 Y111.726 E.03592
G1 X129.697 Y110.749 E.05415
G1 X129.422 Y109.757 E.0541
G1 X129.199 Y108.752 E.05411
G1 X129.029 Y107.736 E.05414
G1 X128.912 Y106.714 E.05406
G1 X128.85 Y105.686 E.05413
G1 X128.841 Y104.657 E.05408
G1 X128.886 Y103.627 E.05419
G1 X128.945 Y102.946 E.03593
G1 X129.08 Y101.924 E.05418
G1 X129.268 Y100.911 E.05415
G1 X129.421 Y100.245 E.03592
G1 X129.697 Y99.251 E.05422
G1 X130.023 Y98.275 E.05408
G1 X130.401 Y97.317 E.05413
G1 X130.828 Y96.379 E.05417
G1 X131.138 Y95.77 E.03592
G1 X131.646 Y94.873 E.05418
G1 X132.199 Y94.005 E.05409
G1 X132.797 Y93.167 E.05411
G1 X133.438 Y92.361 E.05412
G1 X134.12 Y91.59 E.0541
G1 X134.841 Y90.856 E.05408
G1 X135.601 Y90.16 E.05416
G1 X136.125 Y89.72 E.03596
G1 X136.943 Y89.093 E.05417
G1 X137.791 Y88.51 E.05409
G1 X138.669 Y87.972 E.05412
G1 X139.573 Y87.481 E.05407
G1 X140.503 Y87.037 E.05416
G1 X141.294 Y86.706 E.04507
G1 X142.098 Y86.409 E.04505
G1 X143.08 Y86.099 E.05412
G1 X144.077 Y85.842 E.05411
M73 P48 R19
G1 X145.086 Y85.636 E.05412
G1 X146.104 Y85.484 E.0541
G1 X147.128 Y85.386 E.05406
G1 X148.158 Y85.341 E.05419
G1 X148.474 Y85.341 E.01661
G1 X149.074 Y85.351 F12000
G1 X148.497 Y86.135
;TYPE:Perimeter
G1 E-10F300
G1 F12000.0
T1
G1 E20F300
;WIDTH:0.999999
G1 F626.907
G1 X148.824 Y86.135 E.02602
G1 X149.818 Y86.179 E.07918
G1 X150.636 Y86.254 E.06537
G1 X151.45 Y86.364 E.06537
G1 X152.423 Y86.545 E.07876
G1 X153.388 Y86.777 E.07898
G1 X154.012 Y86.955 E.05164
G1 X154.953 Y87.27 E.07897
G1 X155.872 Y87.632 E.0786
G1 X156.771 Y88.042 E.07863
G1 X157.647 Y88.498 E.07859
G1 X158.503 Y89.002 E.07905
G1 X159.047 Y89.355 E.05161
G1 X159.855 Y89.932 E.07901
G1 X160.628 Y90.547 E.07861
G1 X161.368 Y91.201 E.07859
G1 X162.074 Y91.895 E.07878
G1 X162.63 Y92.498 E.06527
G1 X163.162 Y93.125 E.06544
G1 X163.764 Y93.91 E.07873
G1 X164.324 Y94.724 E.07863
G1 X164.84 Y95.566 E.07859
G1 X165.313 Y96.439 E.07902
G1 X165.598 Y97.022 E.05164
G1 X165.866 Y97.639 E.05353
G1 X166.112 Y98.239 E.05161
G1 X166.386 Y99.015 E.06549
G1 X166.675 Y99.96 E.07864
G1 X166.914 Y100.918 E.07858
G1 X167.102 Y101.887 E.07855
G1 X167.24 Y102.865 E.0786
G1 X167.326 Y103.849 E.07861
G1 X167.365 Y105.329 E.11782
G1 X167.322 Y106.316 E.07862
G1 X167.226 Y107.304 E.079
G1 X167.136 Y107.947 E.05167
G1 X166.954 Y108.928 E.0794
G1 X166.808 Y109.56 E.05162
G1 X166.543 Y110.516 E.07895
G1 X166.23 Y111.453 E.07862
G1 X165.866 Y112.377 E.07903
G1 X165.602 Y112.969 E.05158
G1 X165.159 Y113.858 E.07905
G1 X164.673 Y114.717 E.07854
G1 X164.142 Y115.551 E.07868
G1 X163.568 Y116.355 E.07862
G1 X162.953 Y117.128 E.07861
G1 X162.299 Y117.868 E.07859
G1 X161.603 Y118.576 E.07901
G1 X161.129 Y119.018 E.05158
G1 X160.374 Y119.663 E.07902
G1 X159.59 Y120.264 E.07861
G1 X158.776 Y120.824 E.07863
G1 X157.93 Y121.342 E.07894
G1 X157.362 Y121.657 E.05169
G1 X156.474 Y122.1 E.07897
G1 X155.563 Y122.496 E.07905
G1 X154.958 Y122.728 E.05157
G1 X154.016 Y123.043 E.07905
G1 X153.065 Y123.307 E.07854
G1 X152.1 Y123.521 E.07866
G1 X151.126 Y123.684 E.07859
G1 X150.144 Y123.796 E.07866
G1 X149.159 Y123.856 E.07853
G1 X148.171 Y123.865 E.07863
G1 X147.182 Y123.821 E.07878
G1 X146.364 Y123.746 E.06537
G1 X145.55 Y123.636 E.06537
G1 X144.572 Y123.454 E.07917
G1 X143.94 Y123.308 E.05162
G1 X142.984 Y123.043 E.07895
G1 X142.047 Y122.73 E.07862
G1 X141.128 Y122.368 E.0786
G1 X140.227 Y121.957 E.07881
G1 X139.497 Y121.581 E.06535
G1 X138.784 Y121.174 E.06534
G1 X137.949 Y120.642 E.07879
G1 X137.145 Y120.068 E.07862
G1 X136.372 Y119.453 E.07861
G1 X135.632 Y118.799 E.07859
G1 X134.924 Y118.103 E.07901
G1 X134.482 Y117.629 E.05158
G1 X133.837 Y116.874 E.07902
G1 X133.236 Y116.09 E.07861
G1 X132.674 Y115.272 E.07898
G1 X132.33 Y114.722 E.05163
G1 X131.841 Y113.858 E.07901
G1 X131.4 Y112.974 E.07862
G1 X131.004 Y112.063 E.07905
G1 X130.772 Y111.458 E.05157
G1 X130.457 Y110.516 E.07905
G1 X130.193 Y109.565 E.07854
G1 X129.979 Y108.6 E.07866
G1 X129.816 Y107.626 E.07859
G1 X129.704 Y106.644 E.07866
G1 X129.644 Y105.658 E.07861
G1 X129.635 Y104.671 E.07855
G1 X129.679 Y103.679 E.07902
G1 X129.735 Y103.033 E.0516
G1 X129.865 Y102.048 E.07907
G1 X130.046 Y101.072 E.079
G1 X130.192 Y100.44 E.05162
G1 X130.457 Y99.484 E.07895
G1 X130.77 Y98.547 E.07862
G1 X131.132 Y97.628 E.0786
G1 X131.544 Y96.725 E.07899
G1 X131.839 Y96.147 E.05164
G1 X132.327 Y95.282 E.07904
G1 X132.858 Y94.449 E.07861
G1 X133.432 Y93.645 E.07862
G1 X134.047 Y92.872 E.07861
G1 X134.701 Y92.132 E.07859
G1 X135.394 Y91.428 E.07862
G1 X136.125 Y90.757 E.07897
G1 X136.622 Y90.34 E.05163
G1 X137.41 Y89.736 E.07901
G1 X138.224 Y89.176 E.07863
G1 X139.066 Y88.66 E.07859
G1 X139.934 Y88.189 E.07859
G1 X140.828 Y87.763 E.07881
G1 X141.585 Y87.446 E.06531
G1 X142.355 Y87.161 E.06534
G1 X143.299 Y86.863 E.07878
G1 X144.256 Y86.616 E.07866
G1 X145.224 Y86.419 E.07861
G1 X146.201 Y86.273 E.07861
G1 X147.184 Y86.178 E.07859
G1 X148.176 Y86.135 E.07902
G1 X148.467 Y86.135 E.02316
G1 X148.489 Y87.092 F12000
G1 F626.907
G1 X148.803 Y87.092 E.02499
G1 X149.753 Y87.134 E.07568
G1 X150.527 Y87.206 E.06186
G1 X151.298 Y87.31 E.06191
G1 X152.224 Y87.481 E.07494
G1 X153.144 Y87.702 E.0753
G1 X153.728 Y87.87 E.04836
G1 X154.626 Y88.17 E.07535
G1 X155.498 Y88.514 E.0746
G1 X156.351 Y88.902 E.07458
G1 X157.183 Y89.335 E.07464
G1 X157.999 Y89.816 E.07538
G1 X158.508 Y90.147 E.04832
G1 X159.279 Y90.696 E.07532
G1 X160.012 Y91.28 E.07458
G1 X160.715 Y91.901 E.07465
G1 X161.386 Y92.561 E.0749
G1 X161.914 Y93.133 E.06195
G1 X162.417 Y93.726 E.06188
G1 X162.99 Y94.473 E.07492
G1 X163.521 Y95.245 E.07457
G1 X164.011 Y96.045 E.07466
G1 X164.462 Y96.877 E.07531
G1 X164.728 Y97.423 E.04833
G1 X164.989 Y98.021 E.05192
G1 X165.218 Y98.582 E.04822
G1 X165.479 Y99.319 E.06222
G1 X165.753 Y100.215 E.07456
G1 X165.98 Y101.125 E.07464
G1 X166.158 Y102.045 E.07457
G1 X166.289 Y102.973 E.07458
G1 X166.371 Y103.907 E.07461
G1 X166.407 Y105.313 E.11193
G1 X166.366 Y106.249 E.07456
G1 X166.276 Y107.192 E.07539
G1 X166.191 Y107.793 E.0483
G1 X166.017 Y108.733 E.07608
G1 X165.881 Y109.324 E.04826
G1 X165.628 Y110.236 E.07532
G1 X165.33 Y111.126 E.07469
G1 X164.983 Y112.007 E.07535
G1 X164.736 Y112.561 E.04827
G1 X164.314 Y113.408 E.07531
G1 X163.852 Y114.224 E.07462
G1 X163.348 Y115.015 E.07464
G1 X162.804 Y115.779 E.07464
G1 X162.22 Y116.512 E.07458
G1 X161.599 Y117.215 E.07465
G1 X160.935 Y117.89 E.07535
G1 X160.491 Y118.304 E.04831
G1 X159.771 Y118.919 E.07536
G1 X159.027 Y119.49 E.07464
G1 X158.255 Y120.021 E.07457
G1 X157.447 Y120.515 E.07537
G1 X156.916 Y120.81 E.04834
G1 X156.069 Y121.232 E.07531
G1 X155.201 Y121.61 E.07534
G1 X154.634 Y121.827 E.04831
G1 X153.736 Y122.128 E.07537
G1 X152.833 Y122.378 E.07457
G1 X151.917 Y122.581 E.07467
G1 X150.993 Y122.736 E.07456
G1 X150.061 Y122.842 E.07465
G1 X149.125 Y122.899 E.07463
G1 X148.187 Y122.907 E.07465
G1 X147.247 Y122.866 E.07488
G1 X146.473 Y122.794 E.06186
G1 X145.702 Y122.69 E.06191
G1 X144.767 Y122.517 E.07567
G1 X144.176 Y122.381 E.04826
G1 X143.264 Y122.128 E.07532
G1 X142.374 Y121.83 E.07469
G1 X141.502 Y121.486 E.0746
G1 X140.645 Y121.096 E.07493
G1 X139.954 Y120.739 E.0619
G1 X139.279 Y120.354 E.06184
G1 X138.485 Y119.848 E.07493
G1 X137.721 Y119.304 E.07464
G1 X136.988 Y118.72 E.07458
G1 X136.285 Y118.099 E.07465
G1 X135.61 Y117.435 E.07535
G1 X135.196 Y116.991 E.04831
G1 X134.581 Y116.271 E.07536
G1 X134.01 Y115.527 E.07464
G1 X133.474 Y114.747 E.07532
G1 X133.153 Y114.232 E.04829
G1 X132.686 Y113.408 E.07537
G1 X132.268 Y112.569 E.0746
G1 X131.89 Y111.701 E.07534
G1 X131.673 Y111.134 E.04831
G1 X131.372 Y110.236 E.07537
G1 X131.122 Y109.333 E.07457
G1 X130.919 Y108.417 E.07467
G1 X130.764 Y107.493 E.07456
G1 X130.658 Y106.561 E.07465
G1 X130.601 Y105.625 E.07463
G1 X130.593 Y104.687 E.07465
G1 X130.634 Y103.742 E.07528
G1 X130.687 Y103.137 E.04833
G1 X130.81 Y102.198 E.07537
G1 X130.983 Y101.267 E.07536
G1 X131.119 Y100.676 E.04826
G1 X131.372 Y99.764 E.07532
G1 X131.67 Y98.874 E.07469
G1 X132.014 Y98.002 E.0746
G1 X132.406 Y97.14 E.07536
G1 X132.682 Y96.6 E.04826
G1 X133.148 Y95.776 E.07534
G1 X133.652 Y94.985 E.07464
G1 X134.196 Y94.221 E.07464
G1 X134.78 Y93.488 E.07458
G1 X135.401 Y92.785 E.07465
G1 X136.059 Y92.116 E.07468
G1 X136.757 Y91.477 E.07531
G1 X137.222 Y91.087 E.0483
G1 X137.973 Y90.51 E.07537
G1 X138.745 Y89.979 E.07457
G1 X139.545 Y89.489 E.07466
G1 X140.369 Y89.042 E.0746
G1 X141.219 Y88.637 E.07493
G1 X141.936 Y88.337 E.06185
G1 X142.666 Y88.067 E.06194
G1 X143.563 Y87.784 E.07485
G1 X144.471 Y87.549 E.07464
G1 X145.39 Y87.362 E.07463
G1 X146.317 Y87.223 E.0746
G1 X147.251 Y87.134 E.07467
G1 X148.197 Y87.092 E.07536
G1 X148.459 Y87.092 E.02085
G1 X148.48 Y88.049 F12000
G1 F626.907
G1 X148.783 Y88.049 E.02411
G1 X149.688 Y88.089 E.07209
G1 X150.419 Y88.157 E.05843
G1 X151.147 Y88.255 E.05846
M73 P49 R19
G1 X152.025 Y88.418 E.07107
G1 X152.901 Y88.628 E.07169
G1 X153.444 Y88.784 E.04496
G1 X154.298 Y89.07 E.07167
G1 X155.124 Y89.395 E.07064
G1 X155.932 Y89.763 E.07066
G1 X156.719 Y90.173 E.07062
G1 X157.495 Y90.63 E.07167
G1 X157.969 Y90.938 E.04499
G1 X158.702 Y91.461 E.07166
G1 X159.397 Y92.013 E.07063
G1 X160.062 Y92.602 E.0707
G1 X160.699 Y93.227 E.07102
G1 X161.197 Y93.767 E.05846
G1 X161.672 Y94.327 E.05844
G1 X162.215 Y95.035 E.07101
G1 X162.718 Y95.767 E.07068
G1 X163.181 Y96.524 E.07062
G1 X163.611 Y97.315 E.07165
G1 X163.859 Y97.823 E.04499
G1 X164.111 Y98.402 E.05025
G1 X164.325 Y98.925 E.04497
G1 X164.571 Y99.623 E.0589
G1 X164.831 Y100.471 E.07059
G1 X165.045 Y101.332 E.0706
G1 X165.214 Y102.203 E.07061
G1 X165.338 Y103.082 E.07064
G1 X165.415 Y103.965 E.07054
G1 X165.45 Y105.296 E.10596
G1 X165.411 Y106.183 E.07066
G1 X165.325 Y107.079 E.07163
G1 X165.246 Y107.639 E.04501
G1 X165.08 Y108.538 E.07275
G1 X164.953 Y109.088 E.04492
G1 X164.712 Y109.956 E.07169
G1 X164.43 Y110.798 E.07067
G1 X164.1 Y111.636 E.07167
G1 X163.87 Y112.153 E.04503
G1 X163.468 Y112.959 E.07168
G1 X163.031 Y113.731 E.0706
G1 X162.554 Y114.48 E.07067
G1 X162.039 Y115.202 E.07058
G1 X161.487 Y115.897 E.07063
G1 X160.898 Y116.562 E.0707
G1 X160.267 Y117.204 E.07164
G1 X159.854 Y117.59 E.04499
G1 X159.169 Y118.175 E.07169
G1 X158.465 Y118.715 E.07061
G1 X157.733 Y119.218 E.07068
G1 X156.965 Y119.688 E.07166
G1 X156.471 Y119.962 E.04496
G1 X155.664 Y120.364 E.07175
G1 X154.838 Y120.724 E.07171
G1 X154.311 Y120.926 E.04491
G1 X153.456 Y121.212 E.07175
G1 X152.601 Y121.449 E.07061
G1 X151.735 Y121.641 E.07059
G1 X150.859 Y121.788 E.07069
G1 X149.978 Y121.888 E.07056
G1 X149.092 Y121.942 E.07064
G1 X148.204 Y121.95 E.07067
G1 X147.312 Y121.911 E.07105
G1 X146.581 Y121.843 E.05843
G1 X145.853 Y121.745 E.05846
G1 X144.962 Y121.58 E.07211
G1 X144.412 Y121.453 E.04492
G1 X143.544 Y121.212 E.07169
G1 X142.702 Y120.93 E.07067
G1 X141.876 Y120.605 E.07064
G1 X141.064 Y120.235 E.07101
G1 X140.411 Y119.898 E.05848
G1 X139.773 Y119.534 E.05846
G1 X139.02 Y119.054 E.07106
G1 X138.298 Y118.539 E.07058
G1 X137.603 Y117.987 E.07063
G1 X136.938 Y117.398 E.0707
G1 X136.296 Y116.767 E.07164
G1 X135.91 Y116.354 E.04499
G1 X135.325 Y115.669 E.07169
G1 X134.785 Y114.965 E.07061
G1 X134.275 Y114.222 E.07172
G1 X133.975 Y113.743 E.04498
G1 X133.532 Y112.959 E.07166
G1 X133.136 Y112.164 E.07068
G1 X132.776 Y111.338 E.07171
G1 X132.574 Y110.811 E.04491
G1 X132.288 Y109.956 E.07175
G1 X132.051 Y109.101 E.07061
G1 X131.859 Y108.235 E.07059
G1 X131.712 Y107.359 E.07069
G1 X131.612 Y106.478 E.07056
G1 X131.558 Y105.592 E.07064
G1 X131.55 Y104.704 E.07067
G1 X131.589 Y103.804 E.07169
G1 X131.638 Y103.241 E.04497
G1 X131.756 Y102.348 E.07168
G1 X131.92 Y101.462 E.07171
G1 X132.047 Y100.912 E.04492
G1 X132.288 Y100.044 E.07169
G1 X132.57 Y99.202 E.07067
G1 X132.895 Y98.376 E.07064
G1 X133.269 Y97.556 E.07172
G1 X133.525 Y97.053 E.04492
G1 X133.969 Y96.269 E.0717
G1 X134.446 Y95.52 E.07067
G1 X134.961 Y94.798 E.07058
G1 X135.513 Y94.103 E.07063
G1 X136.102 Y93.438 E.0707
G1 X136.724 Y92.805 E.07062
G1 X137.388 Y92.197 E.07165
G1 X137.821 Y91.833 E.04502
G1 X138.535 Y91.285 E.07163
G1 X139.267 Y90.782 E.07068
G1 X140.024 Y90.318 E.07066
G1 X140.804 Y89.895 E.07061
G1 X141.609 Y89.511 E.07098
G1 X142.287 Y89.227 E.0585
G1 X142.976 Y88.973 E.05844
G1 X143.827 Y88.704 E.07103
G1 X144.686 Y88.482 E.07061
G1 X145.556 Y88.305 E.07065
G1 X146.434 Y88.174 E.07065
G1 X147.317 Y88.089 E.0706
G1 X148.217 Y88.049 E.07169
G1 X148.45 Y88.049 E.01854
G1 E-8 F7200
G1 Z2.8 F3000
G1 X160.769 Y94.123 F12000
G1 Z2.6 F3000
G1 E8 F7200
;TYPE:Internal infill
G1 E-10F300
G1 F12000.0
T0
G1 E16F300
G1 F12000.0
;WIDTH:0.675
G1 F949.248
G1 X159.429 Y92.783 E.0996
G1 X158.673 Y92.758 E.03976
G1 X157.995 Y92.566 E.03704
G1 X157.316 Y92.166 E.04142
G1 X155.96 Y90.901 E.09747
G1 X155.282 Y90.437 E.04318
G1 X154.604 Y90.178 E.03815
G1 X153.926 Y90.078 E.03602
G1 X153.247 Y90.115 E.03574
G1 X152.569 Y90.306 E.03702
G1 X151.891 Y90.706 E.04137
G1 X150.535 Y91.971 E.09747
G1 X149.856 Y92.436 E.04325
G1 X149.178 Y92.694 E.03813
G1 X148.5 Y92.794 E.03602
G1 X147.822 Y92.758 E.03568
G1 X147.144 Y92.566 E.03704
G1 X146.465 Y92.166 E.04142
G1 X145.109 Y90.901 E.09747
G1 X144.431 Y90.437 E.04318
G1 X143.753 Y90.178 E.03815
G1 X143.074 Y90.078 E.03607
G1 X142.396 Y90.115 E.03569
G1 X141.718 Y90.306 E.03702
G1 X141.04 Y90.706 E.04137
G1 X139.684 Y91.971 E.09747
G1 X139.005 Y92.436 E.04325
G1 X138.327 Y92.694 E.03813
G1 X137.562 Y92.79 E.04052
G1 X136.508 Y93.817 E.07734
G1 X135.939 Y94.46 E.04513
G1 X135.405 Y95.132 E.04511
G1 X134.547 Y96.395 E.08025
G1 X135.614 Y97.397 E.07693
G1 X136.293 Y97.861 E.04322
G1 X136.971 Y98.12 E.03815
G1 X137.649 Y98.22 E.03602
G1 X138.327 Y98.183 E.03569
G1 X139.005 Y97.992 E.03702
G1 X139.684 Y97.592 E.04142
G1 X141.04 Y96.327 E.09747
G1 X141.718 Y95.862 E.04321
G1 X142.396 Y95.604 E.03813
G1 X143.074 Y95.504 E.03602
G1 X143.753 Y95.54 E.03574
G1 X144.431 Y95.732 E.03704
G1 X145.109 Y96.132 E.04137
G1 X146.465 Y97.397 E.09747
G1 X147.144 Y97.861 E.04322
G1 X147.822 Y98.12 E.03815
G1 X148.5 Y98.22 E.03602
G1 X149.178 Y98.183 E.03569
G1 X149.856 Y97.992 E.03702
G1 X150.535 Y97.592 E.04142
G1 X151.891 Y96.327 E.09747
G1 X152.569 Y95.862 E.04321
G1 X153.247 Y95.604 E.03813
G1 X153.926 Y95.504 E.03607
G1 X154.604 Y95.54 E.03568
G1 X155.282 Y95.732 E.03704
G1 X155.96 Y96.132 E.04137
G1 X157.316 Y97.397 E.09747
G1 X157.995 Y97.861 E.04322
G1 X158.673 Y98.12 E.03815
G1 X159.351 Y98.22 E.03602
G1 X160.029 Y98.183 E.03569
G1 X160.707 Y97.992 E.03702
G1 X161.386 Y97.592 E.04142
G1 X162.532 Y96.527 E.08222
G1 X163.118 Y97.57 E.06288
G1 X163.709 Y98.872 E.07515
G1 X164.387 Y100.95 E.11488
G1 X164.098 Y100.966 E.01521
G1 X163.42 Y101.157 E.03702
G1 X162.742 Y101.557 E.04137
G1 X161.386 Y102.822 E.09747
G1 X160.707 Y103.287 E.04325
G1 X160.029 Y103.545 E.03813
G1 X159.351 Y103.645 E.03602
G1 X158.673 Y103.609 E.03568
G1 X157.995 Y103.417 E.03704
G1 X157.316 Y103.017 E.04142
G1 X155.96 Y101.752 E.09747
G1 X155.282 Y101.288 E.04318
G1 X154.604 Y101.029 E.03815
G1 X153.926 Y100.929 E.03602
G1 X153.247 Y100.966 E.03574
G1 X152.569 Y101.157 E.03702
G1 X151.891 Y101.557 E.04137
G1 X150.535 Y102.822 E.09747
G1 X149.856 Y103.287 E.04325
G1 X149.178 Y103.545 E.03813
G1 X148.5 Y103.645 E.03602
G1 X147.822 Y103.609 E.03568
G1 X147.144 Y103.417 E.03704
G1 X146.465 Y103.017 E.04142
G1 X145.109 Y101.752 E.09747
G1 X144.431 Y101.288 E.04318
G1 X143.753 Y101.029 E.03815
G1 X143.074 Y100.929 E.03607
G1 X142.396 Y100.966 E.03569
G1 X141.718 Y101.157 E.03702
G1 X141.04 Y101.557 E.04137
G1 X139.684 Y102.822 E.09747
G1 X139.005 Y103.287 E.04325
G1 X138.327 Y103.545 E.03813
G1 X137.649 Y103.645 E.03602
G1 X136.971 Y103.609 E.03568
G1 X136.293 Y103.417 E.03704
G1 X135.614 Y103.017 E.04142
G1 X134.258 Y101.752 E.09747
G1 X133.58 Y101.288 E.04318
G1 X132.902 Y101.029 E.03815
G1 X132.603 Y100.985 E.01588
G1 X132.25 Y102.847 E.09961
G1 E-8 F7200
G1 Z2.8 F3000
G1 X132.116 Y104.469 F12000
G1 Z2.6 F3000
G1 E8 F7200
G1 F949.248
G1 X132.161 Y106.364 E.09962
G1 X132.902 Y106.391 E.03897
G1 X133.58 Y106.583 E.03704
G1 X134.258 Y106.983 E.04137
G1 X135.614 Y108.248 E.09747
G1 X136.293 Y108.712 E.04322
G1 X136.971 Y108.971 E.03815
G1 X137.649 Y109.071 E.03602
G1 X138.327 Y109.034 E.03569
G1 X139.005 Y108.843 E.03702
G1 X139.684 Y108.443 E.04142
G1 X141.04 Y107.178 E.09747
G1 X141.718 Y106.713 E.04321
G1 X142.396 Y106.455 E.03813
G1 X143.074 Y106.355 E.03602
G1 X143.753 Y106.391 E.03574
G1 X144.431 Y106.583 E.03704
G1 X145.109 Y106.983 E.04137
G1 X146.465 Y108.248 E.09747
G1 X147.144 Y108.712 E.04322
G1 X147.822 Y108.971 E.03815
G1 X148.5 Y109.071 E.03602
G1 X149.178 Y109.034 E.03569
G1 X149.856 Y108.843 E.03702
G1 X150.535 Y108.443 E.04142
G1 X151.891 Y107.178 E.09747
G1 X152.569 Y106.713 E.04321
G1 X153.247 Y106.455 E.03813
G1 X153.926 Y106.355 E.03607
G1 X154.604 Y106.391 E.03568
G1 X155.282 Y106.583 E.03704
G1 X155.96 Y106.983 E.04137
G1 X157.316 Y108.248 E.09747
G1 X157.995 Y108.712 E.04322
G1 X158.673 Y108.971 E.03815
G1 X159.351 Y109.071 E.03602
G1 X160.029 Y109.034 E.03569
G1 X160.707 Y108.843 E.03702
G1 X161.386 Y108.443 E.04142
G1 X162.742 Y107.178 E.09747
G1 X163.42 Y106.713 E.04321
G1 X164.098 Y106.455 E.03813
G1 X164.837 Y106.358 E.03917
G1 X164.571 Y108.234 E.09958
G1 E-8 F7200
G1 Z2.8 F3000
G1 X163.999 Y110.337 F12000
G1 Z2.6 F3000
G1 E8 F7200
G1 F949.248
G1 X163.281 Y112.091 E.09961
G1 X162.742 Y112.408 E.03286
G1 X161.386 Y113.673 E.09747
G1 X160.707 Y114.138 E.04325
G1 X160.029 Y114.396 E.03813
G1 X159.351 Y114.496 E.03602
G1 X158.673 Y114.46 E.03568
G1 X157.995 Y114.268 E.03704
G1 X157.316 Y113.868 E.04142
G1 X155.96 Y112.603 E.09747
G1 X155.282 Y112.139 E.04318
G1 X154.604 Y111.88 E.03815
G1 X153.926 Y111.78 E.03602
G1 X153.247 Y111.817 E.03574
G1 X152.569 Y112.008 E.03702
G1 X151.891 Y112.408 E.04137
G1 X150.535 Y113.673 E.09747
G1 X149.856 Y114.138 E.04325
G1 X149.178 Y114.396 E.03813
G1 X148.5 Y114.496 E.03602
G1 X147.822 Y114.46 E.03568
G1 X147.144 Y114.268 E.03704
G1 X146.465 Y113.868 E.04142
G1 X145.109 Y112.603 E.09747
G1 X144.431 Y112.139 E.04318
G1 X143.753 Y111.88 E.03815
G1 X143.074 Y111.78 E.03607
G1 X142.396 Y111.817 E.03569
G1 X141.718 Y112.008 E.03702
G1 X141.04 Y112.408 E.04137
G1 X139.684 Y113.673 E.09747
G1 X139.005 Y114.138 E.04325
M73 P50 R19
G1 X138.327 Y114.396 E.03813
G1 X137.649 Y114.496 E.03602
G1 X136.971 Y114.46 E.03568
G1 X136.293 Y114.268 E.03704
G1 X135.614 Y113.868 E.04142
G1 X134.258 Y112.603 E.09747
G1 X133.828 Y112.309 E.02738
G1 X133.078 Y110.568 E.09963
G1 E-8 F7200
G1 Z2.8 F3000
G1 X141.666 Y119.899 F12000
G1 Z2.6 F3000
G1 E8 F7200
G1 F949.248
G1 X139.991 Y119.014 E.09957
G1 X141.04 Y118.029 E.07563
G1 X141.718 Y117.564 E.04321
G1 X142.396 Y117.306 E.03813
G1 X143.074 Y117.206 E.03602
G1 X143.753 Y117.242 E.03574
G1 X144.431 Y117.434 E.03704
G1 X145.109 Y117.834 E.04137
G1 X146.465 Y119.099 E.09747
G1 X147.144 Y119.563 E.04322
G1 X147.822 Y119.822 E.03815
G1 X148.5 Y119.922 E.03602
G1 X149.178 Y119.885 E.03569
G1 X149.856 Y119.694 E.03702
G1 X150.535 Y119.294 E.04142
G1 X151.891 Y118.029 E.09747
G1 X152.569 Y117.564 E.04321
G1 X153.247 Y117.306 E.03813
G1 X153.926 Y117.206 E.03607
G1 X154.604 Y117.242 E.03568
G1 X155.282 Y117.434 E.03704
G1 X155.96 Y117.834 E.04137
G1 X157.14 Y118.93 E.08464
G1 X155.476 Y119.838 E.09963
;LAYER_CHANGE
;Z:2.8
;HEIGHT:0.2

G1 E-8 F7200
M73 P50 R18
G1 Z2.8 F3000
;AFTER_LAYER_CHANGE
;2.8
G92 E0
_ON_LAYER_CHANGE LAYER=14
G1 Z3
G1 X148.504 Y85.341 F12000
G1 Z2.8 F3000
G1 E8 F7200
;TYPE:External perimeter
;WIDTH:0.674999
G1 F949.248
G1 X148.685 Y85.339 E.00951
G1 X149.528 Y85.365 E.04433
G1 X150.555 Y85.445 E.05414
G1 X151.576 Y85.58 E.05413
G1 X152.589 Y85.768 E.05415
G1 X153.255 Y85.921 E.03592
G1 X154.249 Y86.197 E.05422
G1 X155.225 Y86.523 E.05408
G1 X156.183 Y86.901 E.05413
G1 X157.119 Y87.328 E.05407
G1 X158.033 Y87.803 E.05414
G1 X158.921 Y88.326 E.05416
G1 X159.494 Y88.698 E.03591
G1 X160.333 Y89.297 E.05418
G1 X161.139 Y89.938 E.05412
G1 X161.91 Y90.62 E.0541
G1 X162.645 Y91.342 E.05415
G1 X163.111 Y91.842 E.03592
G1 X163.781 Y92.626 E.0542
G1 X164.407 Y93.443 E.0541
G1 X164.99 Y94.291 E.05409
G1 X165.528 Y95.169 E.05412
G1 X165.947 Y95.934 E.04584
G1 X166.32 Y96.69 E.04431
G1 X166.731 Y97.636 E.05421
G1 X166.976 Y98.274 E.03592
G1 X167.303 Y99.251 E.05415
G1 X167.578 Y100.243 E.0541
G1 X167.801 Y101.248 E.05411
G1 X167.971 Y102.264 E.05414
G1 X168.088 Y103.286 E.05406
G1 X168.15 Y104.314 E.05413
G1 X168.159 Y105.343 E.05408
G1 X168.114 Y106.372 E.05413
G1 X168.016 Y107.398 E.05417
G1 X167.921 Y108.074 E.03588
G1 X167.732 Y109.089 E.05426
G1 X167.579 Y109.755 E.03592
G1 X167.303 Y110.749 E.05422
G1 X166.977 Y111.725 E.05408
G1 X166.599 Y112.684 E.05418
G1 X166.321 Y113.308 E.0359
G1 X165.861 Y114.231 E.0542
G1 X165.354 Y115.127 E.05411
G1 X164.801 Y115.995 E.05409
G1 X164.203 Y116.833 E.05411
G1 X163.562 Y117.639 E.05412
G1 X162.88 Y118.41 E.0541
G1 X162.158 Y119.145 E.05415
G1 X161.658 Y119.611 E.03592
G1 X160.874 Y120.281 E.0542
G1 X160.057 Y120.907 E.0541
G1 X159.209 Y121.49 E.05409
G1 X158.331 Y122.028 E.05412
G1 X157.566 Y122.447 E.04584
G1 X156.81 Y122.82 E.04431
G1 X155.864 Y123.231 E.05421
G1 X155.226 Y123.476 E.03592
G1 X154.249 Y123.803 E.05415
G1 X153.257 Y124.078 E.0541
G1 X152.252 Y124.301 E.05411
G1 X151.236 Y124.471 E.05414
G1 X150.214 Y124.588 E.05406
G1 X149.186 Y124.65 E.05413
G1 X148.157 Y124.659 E.05408
G1 X147.127 Y124.614 E.05419
G1 X146.446 Y124.555 E.03593
G1 X145.424 Y124.42 E.05418
G1 X144.412 Y124.233 E.05409
G1 X143.41 Y123.992 E.05416
G1 X142.753 Y123.804 E.03592
G1 X141.775 Y123.477 E.0542
G1 X140.817 Y123.099 E.05413
G1 X139.879 Y122.672 E.05417
G1 X139.27 Y122.362 E.03592
G1 X138.373 Y121.854 E.05418
G1 X137.505 Y121.301 E.05409
G1 X136.667 Y120.703 E.05411
G1 X135.861 Y120.062 E.05412
G1 X135.09 Y119.38 E.0541
G1 X134.355 Y118.658 E.05415
G1 X133.889 Y118.158 E.03592
G1 X133.219 Y117.374 E.0542
G1 X132.593 Y116.557 E.0541
G1 X132.01 Y115.709 E.05409
G1 X131.472 Y114.831 E.05412
G1 X131.053 Y114.066 E.04584
G1 X130.68 Y113.31 E.04431
G1 X130.269 Y112.364 E.05421
G1 X130.024 Y111.726 E.03592
G1 X129.697 Y110.749 E.05415
G1 X129.422 Y109.757 E.0541
G1 X129.199 Y108.752 E.05411
G1 X129.029 Y107.736 E.05414
G1 X128.912 Y106.714 E.05406
G1 X128.85 Y105.686 E.05413
G1 X128.841 Y104.657 E.05408
G1 X128.886 Y103.628 E.05413
G1 X128.966 Y102.761 E.04576
G1 X129.08 Y101.925 E.04434
G1 X129.268 Y100.911 E.0542
G1 X129.421 Y100.245 E.03592
G1 X129.697 Y99.251 E.05422
G1 X130.023 Y98.275 E.05408
G1 X130.401 Y97.317 E.05413
G1 X130.828 Y96.381 E.05407
G1 X131.303 Y95.468 E.05409
G1 X131.826 Y94.58 E.05416
G1 X132.304 Y93.852 E.04577
G1 X132.797 Y93.167 E.04436
G1 X133.438 Y92.361 E.05412
G1 X134.12 Y91.59 E.0541
G1 X134.841 Y90.856 E.05408
G1 X135.601 Y90.16 E.05416
G1 X136.271 Y89.604 E.04576
G1 X136.942 Y89.093 E.04433
G1 X137.792 Y88.509 E.0542
G1 X138.533 Y88.052 E.04576
G1 X139.268 Y87.639 E.04431
G1 X140.19 Y87.18 E.05413
G1 X141.134 Y86.769 E.05411
G1 X142.099 Y86.409 E.05413
G1 X142.929 Y86.144 E.04579
G1 X143.743 Y85.922 E.04434
G1 X144.748 Y85.699 E.05411
G1 X145.764 Y85.529 E.05414
G1 X146.786 Y85.412 E.05406
G1 X147.814 Y85.35 E.05413
G1 X148.474 Y85.342 E.03469
G1 X149.074 Y85.351 F12000
G1 X148.497 Y86.136
;TYPE:Perimeter
G1 E-10F300
G1 F12000.0
T1
G1 E20F300
;WIDTH:0.999999
G1 F626.907
G1 X148.678 Y86.134 E.01441
G1 X149.485 Y86.158 E.06425
G1 X150.472 Y86.236 E.07879
G1 X151.452 Y86.365 E.07866
G1 X152.428 Y86.546 E.079
G1 X153.06 Y86.692 E.05162
G1 X154.016 Y86.957 E.07895
G1 X154.953 Y87.27 E.07862
G1 X155.872 Y87.632 E.0786
G1 X156.771 Y88.042 E.07863
G1 X157.647 Y88.498 E.07859
G1 X158.503 Y89.002 E.07905
G1 X159.047 Y89.355 E.05161
G1 X159.855 Y89.932 E.07901
G1 X160.628 Y90.547 E.07861
G1 X161.368 Y91.201 E.07859
G1 X162.076 Y91.897 E.07901
G1 X162.518 Y92.371 E.05158
G1 X163.163 Y93.126 E.07902
G1 X163.764 Y93.91 E.07861
G1 X164.324 Y94.724 E.07863
G1 X164.841 Y95.568 E.07877
G1 X165.241 Y96.3 E.06638
G1 X165.599 Y97.024 E.06428
G1 X165.866 Y97.639 E.05336
G1 X166.112 Y98.239 E.05161
G1 X166.386 Y99.015 E.06549
G1 X166.675 Y99.96 E.07864
G1 X166.914 Y100.918 E.07858
G1 X167.102 Y101.887 E.07855
G1 X167.24 Y102.865 E.0786
G1 X167.326 Y103.849 E.07861
G1 X167.365 Y105.329 E.11782
G1 X167.322 Y106.316 E.07862
G1 X167.226 Y107.304 E.079
G1 X167.136 Y107.947 E.05167
G1 X166.954 Y108.928 E.0794
G1 X166.808 Y109.56 E.05162
G1 X166.543 Y110.516 E.07895
G1 X166.23 Y111.453 E.07862
G1 X165.866 Y112.377 E.07903
G1 X165.602 Y112.969 E.05158
G1 X165.159 Y113.858 E.07905
G1 X164.673 Y114.717 E.07854
G1 X164.142 Y115.551 E.07868
G1 X163.568 Y116.355 E.07862
G1 X162.953 Y117.128 E.07861
G1 X162.299 Y117.868 E.07859
G1 X161.603 Y118.576 E.07901
G1 X161.129 Y119.018 E.05158
G1 X160.374 Y119.663 E.07902
G1 X159.59 Y120.264 E.07861
G1 X158.776 Y120.824 E.07863
G1 X157.932 Y121.341 E.07877
G1 X157.2 Y121.741 E.06638
G1 X156.476 Y122.099 E.06428
G1 X155.563 Y122.496 E.07923
G1 X154.958 Y122.728 E.05157
G1 X154.016 Y123.043 E.07905
G1 X153.065 Y123.307 E.07854
G1 X152.1 Y123.521 E.07866
G1 X151.126 Y123.684 E.07859
G1 X150.144 Y123.796 E.07866
G1 X149.159 Y123.856 E.07853
G1 X148.171 Y123.865 E.07863
G1 X147.179 Y123.821 E.07902
G1 X146.533 Y123.765 E.0516
G1 X145.548 Y123.635 E.07907
G1 X144.577 Y123.455 E.07859
G1 X143.612 Y123.223 E.07898
G1 X142.988 Y123.045 E.05164
G1 X142.047 Y122.73 E.07897
G1 X141.128 Y122.368 E.0786
G1 X140.225 Y121.956 E.07899
G1 X139.647 Y121.661 E.05164
G1 X138.782 Y121.173 E.07904
G1 X137.949 Y120.642 E.07861
G1 X137.145 Y120.068 E.07862
G1 X136.372 Y119.453 E.07861
G1 X135.632 Y118.799 E.07859
G1 X134.924 Y118.103 E.07901
G1 X134.482 Y117.629 E.05158
G1 X133.837 Y116.874 E.07902
G1 X133.236 Y116.09 E.07861
G1 X132.676 Y115.276 E.07863
G1 X132.159 Y114.432 E.07877
G1 X131.759 Y113.7 E.06638
G1 X131.401 Y112.976 E.06428
G1 X131.004 Y112.063 E.07923
G1 X130.772 Y111.458 E.05157
G1 X130.457 Y110.516 E.07905
G1 X130.193 Y109.565 E.07854
G1 X129.979 Y108.6 E.07866
G1 X129.816 Y107.626 E.07859
G1 X129.704 Y106.644 E.07866
G1 X129.644 Y105.658 E.07861
G1 X129.635 Y104.671 E.07855
G1 X129.679 Y103.682 E.07878
G1 X129.756 Y102.851 E.06642
G1 X129.864 Y102.051 E.06424
G1 X130.046 Y101.072 E.07925
G1 X130.192 Y100.44 E.05162
G1 X130.457 Y99.484 E.07895
G1 X130.77 Y98.547 E.07862
G1 X131.132 Y97.628 E.0786
G1 X131.542 Y96.729 E.07863
G1 X131.998 Y95.853 E.07859
G1 X132.5 Y95 E.07877
G1 X132.959 Y94.302 E.06648
G1 X133.43 Y93.647 E.0642
G1 X134.047 Y92.872 E.07883
G1 X134.701 Y92.132 E.07859
G1 X135.394 Y91.428 E.07862
G1 X136.123 Y90.759 E.07874
G1 X136.766 Y90.226 E.06647
G1 X137.408 Y89.737 E.06422
G1 X138.225 Y89.175 E.07892
G1 X138.936 Y88.737 E.06646
G1 X139.64 Y88.342 E.06424
G1 X140.526 Y87.9 E.0788
G1 X141.432 Y87.506 E.07862
G1 X142.359 Y87.16 E.07874
G1 X143.155 Y86.906 E.06649
G1 X143.933 Y86.693 E.06419
G1 X144.9 Y86.479 E.07882
G1 X145.874 Y86.316 E.07859
G1 X146.856 Y86.204 E.07866
G1 X147.843 Y86.144 E.07869
G1 X148.467 Y86.136 E.04966
G1 X148.489 Y87.093 F12000
G1 F626.907
M73 P51 R18
G1 X148.67 Y87.091 E.01441
G1 X149.433 Y87.114 E.06075
G1 X150.372 Y87.188 E.07496
G1 X151.302 Y87.31 E.07464
G1 X152.233 Y87.483 E.07536
G1 X152.824 Y87.619 E.04826
G1 X153.736 Y87.872 E.07532
G1 X154.626 Y88.17 E.07469
G1 X155.498 Y88.514 E.0746
G1 X156.351 Y88.902 E.07458
G1 X157.183 Y89.335 E.07464
G1 X157.999 Y89.816 E.07538
G1 X158.508 Y90.147 E.04832
G1 X159.279 Y90.696 E.07532
G1 X160.012 Y91.28 E.07458
G1 X160.715 Y91.901 E.07465
G1 X161.39 Y92.565 E.07535
G1 X161.804 Y93.009 E.04831
G1 X162.419 Y93.729 E.07536
G1 X162.99 Y94.473 E.07464
G1 X163.521 Y95.245 E.07457
G1 X164.012 Y96.048 E.0749
G1 X164.392 Y96.742 E.06297
G1 X164.73 Y97.427 E.06079
G1 X164.989 Y98.021 E.05157
G1 X165.218 Y98.582 E.04822
G1 X165.479 Y99.319 E.06222
G1 X165.753 Y100.215 E.07456
G1 X165.98 Y101.125 E.07464
G1 X166.158 Y102.045 E.07457
G1 X166.289 Y102.973 E.07458
G1 X166.371 Y103.907 E.07461
G1 X166.407 Y105.313 E.11193
G1 X166.366 Y106.249 E.07456
G1 X166.276 Y107.192 E.07539
G1 X166.191 Y107.793 E.0483
G1 X166.017 Y108.733 E.07608
G1 X165.881 Y109.324 E.04826
G1 X165.628 Y110.236 E.07532
G1 X165.33 Y111.126 E.07469
G1 X164.983 Y112.007 E.07535
G1 X164.736 Y112.561 E.04827
G1 X164.314 Y113.408 E.07531
G1 X163.852 Y114.224 E.07462
G1 X163.348 Y115.015 E.07464
G1 X162.804 Y115.779 E.07464
G1 X162.22 Y116.512 E.07458
G1 X161.599 Y117.215 E.07465
G1 X160.935 Y117.89 E.07535
G1 X160.491 Y118.304 E.04831
G1 X159.771 Y118.919 E.07536
G1 X159.027 Y119.49 E.07464
G1 X158.255 Y120.021 E.07457
G1 X157.452 Y120.512 E.0749
G1 X156.758 Y120.892 E.06297
G1 X156.073 Y121.23 E.06079
G1 X155.201 Y121.61 E.0757
G1 X154.634 Y121.827 E.04831
G1 X153.736 Y122.128 E.07537
G1 X152.833 Y122.378 E.07457
G1 X151.917 Y122.581 E.07467
G1 X150.993 Y122.736 E.07456
G1 X150.061 Y122.842 E.07465
G1 X149.125 Y122.899 E.07463
G1 X148.187 Y122.907 E.07465
G1 X147.242 Y122.866 E.07528
G1 X146.637 Y122.813 E.04833
G1 X145.698 Y122.69 E.07537
G1 X144.776 Y122.519 E.07463
G1 X143.856 Y122.298 E.0753
G1 X143.272 Y122.13 E.04836
G1 X142.374 Y121.83 E.07535
G1 X141.502 Y121.486 E.0746
G1 X140.64 Y121.094 E.07536
G1 X140.1 Y120.818 E.04826
G1 X139.276 Y120.352 E.07534
G1 X138.485 Y119.848 E.07464
G1 X137.721 Y119.304 E.07464
G1 X136.988 Y118.72 E.07458
G1 X136.285 Y118.099 E.07465
G1 X135.61 Y117.435 E.07535
G1 X135.196 Y116.991 E.04831
G1 X134.581 Y116.271 E.07536
G1 X134.01 Y115.527 E.07464
G1 X133.479 Y114.755 E.07457
G1 X132.988 Y113.952 E.0749
G1 X132.608 Y113.258 E.06297
G1 X132.27 Y112.573 E.06079
G1 X131.89 Y111.701 E.0757
G1 X131.673 Y111.134 E.04831
G1 X131.372 Y110.236 E.07537
G1 X131.122 Y109.333 E.07457
G1 X130.919 Y108.417 E.07467
G1 X130.764 Y107.493 E.07456
G1 X130.658 Y106.561 E.07465
G1 X130.601 Y105.625 E.07463
G1 X130.593 Y104.687 E.07465
G1 X130.634 Y103.747 E.07488
G1 X130.707 Y102.959 E.06298
G1 X130.81 Y102.202 E.0608
G1 X130.983 Y101.267 E.07567
G1 X131.119 Y100.676 E.04826
G1 X131.372 Y99.764 E.07532
G1 X131.67 Y98.874 E.07469
G1 X132.014 Y98.002 E.0746
G1 X132.402 Y97.149 E.07458
G1 X132.835 Y96.317 E.07464
G1 X133.313 Y95.506 E.07492
G1 X133.748 Y94.845 E.06297
G1 X134.194 Y94.225 E.06078
G1 X134.78 Y93.488 E.07493
G1 X135.401 Y92.785 E.07465
G1 X136.059 Y92.116 E.07468
G1 X136.752 Y91.481 E.0748
G1 X137.361 Y90.976 E.06296
G1 X137.969 Y90.513 E.06082
G1 X138.748 Y89.977 E.07525
G1 X139.422 Y89.562 E.06299
G1 X140.088 Y89.188 E.06079
G1 X140.931 Y88.768 E.07495
G1 X141.791 Y88.394 E.07463
G1 X142.672 Y88.065 E.07484
G1 X143.426 Y87.824 E.06299
G1 X144.163 Y87.623 E.06079
G1 X145.083 Y87.419 E.07499
G1 X146.007 Y87.264 E.07456
G1 X146.939 Y87.158 E.07465
G1 X147.878 Y87.101 E.07486
G1 X148.459 Y87.094 E.04624
G1 X148.48 Y88.051 F12000
G1 F626.907
G1 X148.661 Y88.048 E.01441
G1 X149.381 Y88.07 E.05733
G1 X150.272 Y88.14 E.07113
G1 X151.152 Y88.256 E.07064
G1 X152.038 Y88.42 E.07171
G1 X152.588 Y88.547 E.04492
G1 X153.456 Y88.788 E.07169
G1 X154.298 Y89.07 E.07067
G1 X155.124 Y89.395 E.07064
G1 X155.932 Y89.763 E.07066
G1 X156.719 Y90.173 E.07062
G1 X157.495 Y90.63 E.07167
G1 X157.969 Y90.938 E.04499
G1 X158.702 Y91.461 E.07166
G1 X159.397 Y92.013 E.07063
G1 X160.062 Y92.602 E.0707
G1 X160.704 Y93.233 E.07164
G1 X161.09 Y93.646 E.04499
G1 X161.675 Y94.331 E.07169
G1 X162.215 Y95.035 E.07061
G1 X162.718 Y95.767 E.07068
G1 X163.184 Y96.528 E.07101
G1 X163.543 Y97.184 E.05951
G1 X163.862 Y97.83 E.05734
G1 X164.111 Y98.402 E.04965
G1 X164.325 Y98.925 E.04497
G1 X164.571 Y99.623 E.0589
G1 X164.831 Y100.471 E.07059
G1 X165.045 Y101.332 E.0706
G1 X165.214 Y102.203 E.07061
G1 X165.338 Y103.082 E.07064
G1 X165.415 Y103.965 E.07054
G1 X165.45 Y105.296 E.10596
G1 X165.411 Y106.183 E.07066
G1 X165.325 Y107.079 E.07163
G1 X165.246 Y107.639 E.04501
G1 X165.08 Y108.538 E.07275
G1 X164.953 Y109.088 E.04492
G1 X164.712 Y109.956 E.07169
G1 X164.43 Y110.798 E.07067
G1 X164.1 Y111.636 E.07167
G1 X163.87 Y112.153 E.04503
G1 X163.468 Y112.959 E.07168
G1 X163.031 Y113.731 E.0706
G1 X162.554 Y114.48 E.07067
G1 X162.039 Y115.202 E.07058
G1 X161.487 Y115.897 E.07063
G1 X160.898 Y116.562 E.0707
G1 X160.267 Y117.204 E.07164
G1 X159.854 Y117.59 E.04499
G1 X159.169 Y118.175 E.07169
G1 X158.465 Y118.715 E.07061
G1 X157.733 Y119.218 E.07068
G1 X156.972 Y119.684 E.07101
G1 X156.316 Y120.043 E.05951
G1 X155.67 Y120.362 E.05734
G1 X154.838 Y120.724 E.07221
G1 X154.311 Y120.926 E.04491
G1 X153.456 Y121.212 E.07175
G1 X152.601 Y121.449 E.07061
G1 X151.735 Y121.641 E.07059
G1 X150.859 Y121.788 E.07069
G1 X149.978 Y121.888 E.07056
G1 X149.092 Y121.942 E.07064
G1 X148.204 Y121.95 E.07067
G1 X147.304 Y121.911 E.07169
G1 X146.741 Y121.862 E.04497
G1 X145.848 Y121.744 E.07168
G1 X144.975 Y121.582 E.07066
G1 X144.099 Y121.372 E.07169
G1 X143.556 Y121.216 E.04496
G1 X142.702 Y120.93 E.07167
G1 X141.876 Y120.605 E.07064
G1 X141.056 Y120.231 E.07172
G1 X140.553 Y119.975 E.04492
G1 X139.769 Y119.531 E.0717
G1 X139.02 Y119.054 E.07067
G1 X138.298 Y118.539 E.07058
G1 X137.603 Y117.987 E.07063
G1 X136.938 Y117.398 E.0707
G1 X136.296 Y116.767 E.07164
G1 X135.91 Y116.354 E.04499
G1 X135.325 Y115.669 E.07169
G1 X134.785 Y114.965 E.07061
G1 X134.282 Y114.233 E.07068
G1 X133.816 Y113.472 E.07101
G1 X133.457 Y112.816 E.05951
G1 X133.138 Y112.17 E.05734
G1 X132.776 Y111.338 E.07221
G1 X132.574 Y110.811 E.04491
G1 X132.288 Y109.956 E.07175
G1 X132.051 Y109.101 E.07061
G1 X131.859 Y108.235 E.07059
G1 X131.712 Y107.359 E.07069
G1 X131.612 Y106.478 E.07056
G1 X131.558 Y105.592 E.07064
G1 X131.55 Y104.704 E.07067
G1 X131.589 Y103.813 E.07097
G1 X131.658 Y103.068 E.05954
G1 X131.755 Y102.354 E.05734
G1 X131.92 Y101.462 E.07219
G1 X132.047 Y100.912 E.04492
G1 X132.288 Y100.044 E.07169
G1 X132.57 Y99.202 E.07067
G1 X132.895 Y98.376 E.07064
G1 X133.263 Y97.568 E.07066
G1 X133.673 Y96.781 E.07062
G1 X134.126 Y96.012 E.07103
G1 X134.536 Y95.387 E.05949
G1 X134.957 Y94.802 E.05736
G1 X135.513 Y94.103 E.07108
G1 X136.102 Y93.438 E.0707
G1 X136.724 Y92.805 E.07062
G1 X137.382 Y92.202 E.07103
G1 X137.957 Y91.725 E.05946
G1 X138.531 Y91.288 E.05741
G1 X139.271 Y90.78 E.07143
G1 X139.907 Y90.387 E.0595
G1 X140.536 Y90.034 E.0574
G1 X141.336 Y89.636 E.07111
G1 X142.149 Y89.282 E.07057
G1 X142.985 Y88.969 E.07104
G1 X143.698 Y88.742 E.05955
G1 X144.393 Y88.552 E.05734
G1 X145.265 Y88.359 E.07107
G1 X146.141 Y88.212 E.07069
G1 X147.022 Y88.112 E.07056
G1 X147.913 Y88.057 E.07104
G1 X148.45 Y88.051 E.04274
G1 E-8 F7200
G1 Z3 F3000
G1 X136.234 Y94.127 F12000
G1 Z2.8 F3000
G1 E8 F7200
;TYPE:Internal infill
G1 E-10F300
G1 F12000.0
T0
G1 E16F300
G1 F12000.0
;WIDTH:0.675
G1 F949.248
G1 X137.57 Y92.783 E.0996
G1 X138.327 Y92.75 E.03982
G1 X139.005 Y92.551 E.03714
G1 X139.684 Y92.144 E.04161
G1 X141.04 Y90.88 E.09743
G1 X141.718 Y90.423 E.04297
G1 X142.396 Y90.172 E.038
G1 X143.074 Y90.079 E.03597
G1 X143.753 Y90.123 E.03576
G1 X144.431 Y90.322 E.03714
G1 X145.109 Y90.729 E.04156
G1 X146.465 Y91.993 E.09743
G1 X147.144 Y92.45 E.04302
G1 X147.822 Y92.701 E.038
G1 X148.5 Y92.794 E.03597
G1 X149.178 Y92.75 E.03571
G1 X149.856 Y92.551 E.03714
G1 X150.535 Y92.144 E.04161
G1 X151.891 Y90.88 E.09743
G1 X152.569 Y90.423 E.04297
G1 X153.247 Y90.172 E.038
M73 P52 R18
G1 X153.926 Y90.079 E.03602
G1 X154.604 Y90.123 E.03571
G1 X155.282 Y90.322 E.03714
G1 X155.96 Y90.729 E.04156
G1 X157.316 Y91.993 E.09743
G1 X157.995 Y92.45 E.04302
G1 X158.673 Y92.701 E.038
G1 X159.435 Y92.788 E.04031
G1 X160.306 Y93.621 E.06334
G1 X161.243 Y94.681 E.07436
G1 X162.461 Y96.411 E.1112
G1 X161.386 Y97.418 E.07742
G1 X160.707 Y97.875 E.04302
G1 X160.029 Y98.126 E.038
G1 X159.351 Y98.219 E.03597
G1 X158.673 Y98.175 E.03571
G1 X157.995 Y97.976 E.03714
G1 X157.316 Y97.569 E.04161
G1 X155.96 Y96.305 E.09743
G1 X155.282 Y95.848 E.04297
G1 X154.604 Y95.597 E.038
G1 X153.926 Y95.504 E.03597
G1 X153.247 Y95.548 E.03576
G1 X152.569 Y95.747 E.03714
G1 X151.891 Y96.154 E.04156
G1 X150.535 Y97.418 E.09743
G1 X149.856 Y97.875 E.04302
G1 X149.178 Y98.126 E.038
G1 X148.5 Y98.219 E.03597
G1 X147.822 Y98.175 E.03571
G1 X147.144 Y97.976 E.03714
G1 X146.465 Y97.569 E.04161
G1 X145.109 Y96.305 E.09743
G1 X144.431 Y95.848 E.04297
G1 X143.753 Y95.597 E.038
G1 X143.074 Y95.504 E.03602
G1 X142.396 Y95.548 E.03571
G1 X141.718 Y95.747 E.03714
G1 X141.04 Y96.154 E.04156
G1 X139.684 Y97.418 E.09743
G1 X139.005 Y97.875 E.04302
G1 X138.327 Y98.126 E.038
G1 X137.649 Y98.219 E.03597
G1 X136.971 Y98.175 E.03571
G1 X136.293 Y97.976 E.03714
G1 X135.614 Y97.569 E.04161
G1 X134.476 Y96.512 E.08163
G1 X133.762 Y97.812 E.07795
G1 X133.406 Y98.593 E.04511
G1 X133.092 Y99.392 E.04512
G1 X132.612 Y100.955 E.08593
G1 X132.902 Y100.974 E.01527
G1 X133.58 Y101.173 E.03714
G1 X134.258 Y101.58 E.04156
G1 X135.614 Y102.844 E.09743
G1 X136.293 Y103.301 E.04302
G1 X136.971 Y103.552 E.038
G1 X137.649 Y103.645 E.03597
G1 X138.327 Y103.601 E.03571
G1 X139.005 Y103.402 E.03714
G1 X139.684 Y102.995 E.04161
G1 X141.04 Y101.731 E.09743
G1 X141.718 Y101.274 E.04297
G1 X142.396 Y101.023 E.038
G1 X143.074 Y100.93 E.03597
G1 X143.753 Y100.974 E.03576
G1 X144.431 Y101.173 E.03714
G1 X145.109 Y101.58 E.04156
G1 X146.465 Y102.844 E.09743
G1 X147.144 Y103.301 E.04302
G1 X147.822 Y103.552 E.038
G1 X148.5 Y103.645 E.03597
G1 X149.178 Y103.601 E.03571
G1 X149.856 Y103.402 E.03714
G1 X150.535 Y102.995 E.04161
G1 X151.891 Y101.731 E.09743
G1 X152.569 Y101.274 E.04297
G1 X153.247 Y101.023 E.038
G1 X153.926 Y100.93 E.03602
G1 X154.604 Y100.974 E.03571
G1 X155.282 Y101.173 E.03714
G1 X155.96 Y101.58 E.04156
G1 X157.316 Y102.844 E.09743
G1 X157.995 Y103.301 E.04302
G1 X158.673 Y103.552 E.038
G1 X159.351 Y103.645 E.03597
G1 X160.029 Y103.601 E.03571
G1 X160.707 Y103.402 E.03714
G1 X161.386 Y102.995 E.04161
G1 X162.742 Y101.731 E.09743
G1 X163.42 Y101.274 E.04297
G1 X164.098 Y101.023 E.038
G1 X164.396 Y100.982 E.01581
G1 X164.752 Y102.843 E.09958
G1 E-8 F7200
G1 Z3 F3000
G1 X164.888 Y104.469 F12000
G1 Z2.8 F3000
G1 E8 F7200
G1 F949.248
G1 X164.836 Y106.363 E.09958
G1 X164.098 Y106.399 E.03883
G1 X163.42 Y106.598 E.03714
G1 X162.742 Y107.005 E.04156
G1 X161.386 Y108.269 E.09743
G1 X160.707 Y108.726 E.04302
G1 X160.029 Y108.977 E.038
G1 X159.351 Y109.07 E.03597
G1 X158.673 Y109.026 E.03571
G1 X157.995 Y108.827 E.03714
G1 X157.316 Y108.42 E.04161
G1 X155.96 Y107.156 E.09743
G1 X155.282 Y106.699 E.04297
G1 X154.604 Y106.448 E.038
G1 X153.926 Y106.355 E.03597
G1 X153.247 Y106.399 E.03576
G1 X152.569 Y106.598 E.03714
G1 X151.891 Y107.005 E.04156
G1 X150.535 Y108.269 E.09743
G1 X149.856 Y108.726 E.04302
G1 X149.178 Y108.977 E.038
G1 X148.5 Y109.07 E.03597
G1 X147.822 Y109.026 E.03571
G1 X147.144 Y108.827 E.03714
G1 X146.465 Y108.42 E.04161
G1 X145.109 Y107.156 E.09743
G1 X144.431 Y106.699 E.04297
G1 X143.753 Y106.448 E.038
G1 X143.074 Y106.355 E.03602
G1 X142.396 Y106.399 E.03571
G1 X141.718 Y106.598 E.03714
G1 X141.04 Y107.005 E.04156
G1 X139.684 Y108.269 E.09743
G1 X139.005 Y108.726 E.04302
G1 X138.327 Y108.977 E.038
G1 X137.649 Y109.07 E.03597
G1 X136.971 Y109.026 E.03571
G1 X136.293 Y108.827 E.03714
G1 X135.614 Y108.42 E.04161
G1 X134.258 Y107.156 E.09743
G1 X133.58 Y106.699 E.04297
G1 X132.902 Y106.448 E.038
G1 X132.161 Y106.359 E.03923
G1 X132.428 Y108.236 E.09964
G1 E-8 F7200
G1 Z3 F3000
G1 X133.009 Y110.361 F12000
G1 Z2.8 F3000
G1 E8 F7200
G1 F949.248
G1 X133.73 Y112.114 E.09962
G1 X134.258 Y112.431 E.03237
G1 X135.614 Y113.695 E.09743
G1 X136.293 Y114.152 E.04302
G1 X136.971 Y114.403 E.038
G1 X137.649 Y114.496 E.03597
G1 X138.327 Y114.452 E.03571
G1 X139.005 Y114.253 E.03714
G1 X139.684 Y113.846 E.04161
G1 X141.04 Y112.582 E.09743
G1 X141.718 Y112.125 E.04297
G1 X142.396 Y111.874 E.038
G1 X143.074 Y111.781 E.03597
G1 X143.753 Y111.825 E.03576
G1 X144.431 Y112.024 E.03714
G1 X145.109 Y112.431 E.04156
G1 X146.465 Y113.695 E.09743
G1 X147.144 Y114.152 E.04302
G1 X147.822 Y114.403 E.038
G1 X148.5 Y114.496 E.03597
G1 X149.178 Y114.452 E.03571
G1 X149.856 Y114.253 E.03714
G1 X150.535 Y113.846 E.04161
G1 X151.891 Y112.582 E.09743
G1 X152.569 Y112.125 E.04297
G1 X153.247 Y111.874 E.038
G1 X153.926 Y111.781 E.03602
G1 X154.604 Y111.825 E.03571
G1 X155.282 Y112.024 E.03714
G1 X155.96 Y112.431 E.04156
G1 X157.316 Y113.695 E.09743
G1 X157.995 Y114.152 E.04302
G1 X158.673 Y114.403 E.038
G1 X159.351 Y114.496 E.03597
G1 X160.029 Y114.452 E.03571
G1 X160.707 Y114.253 E.03714
G1 X161.386 Y113.846 E.04161
G1 X162.742 Y112.582 E.09743
G1 X163.185 Y112.283 E.02809
G1 X163.931 Y110.542 E.09955
G1 E-8 F7200
G1 Z3 F3000
G1 X155.351 Y119.895 F12000
G1 Z2.8 F3000
G1 E8 F7200
G1 F949.248
G1 X157.022 Y119.002 E.09958
G1 X155.96 Y118.007 E.07649
G1 X155.282 Y117.55 E.04297
G1 X154.604 Y117.299 E.038
G1 X153.926 Y117.206 E.03597
G1 X153.247 Y117.25 E.03576
G1 X152.569 Y117.449 E.03714
G1 X151.891 Y117.856 E.04156
G1 X150.535 Y119.12 E.09743
G1 X149.856 Y119.577 E.04302
G1 X149.178 Y119.828 E.038
G1 X148.5 Y119.921 E.03597
G1 X147.822 Y119.877 E.03571
G1 X147.144 Y119.678 E.03714
G1 X146.465 Y119.271 E.04161
G1 X145.109 Y118.007 E.09743
G1 X144.431 Y117.55 E.04297
G1 X143.753 Y117.299 E.038
G1 X143.074 Y117.206 E.03602
G1 X142.396 Y117.25 E.03571
G1 X141.718 Y117.449 E.03714
G1 X141.04 Y117.856 E.04156
G1 X139.874 Y118.94 E.08367
G1 X141.54 Y119.842 E.09957
;LAYER_CHANGE
;Z:3
;HEIGHT:0.2

G1 E-8 F7200
G1 Z3 F3000
;AFTER_LAYER_CHANGE
;3
G92 E0
_ON_LAYER_CHANGE LAYER=15
G1 Z3.2
G1 X148.504 Y85.342 F12000
G1 Z3 F3000
G1 E8 F7200
;TYPE:External perimeter
;WIDTH:0.674999
G1 F949.248
G1 X148.699 Y85.339 E.01025
G1 X149.528 Y85.365 E.04359
G1 X150.555 Y85.445 E.05414
G1 X151.576 Y85.58 E.05413
G1 X152.589 Y85.768 E.05415
G1 X153.255 Y85.921 E.03592
G1 X154.249 Y86.197 E.05422
G1 X155.225 Y86.523 E.05408
G1 X156.183 Y86.901 E.05413
G1 X157.12 Y87.328 E.05412
G1 X157.906 Y87.734 E.0465
G1 X158.626 Y88.146 E.0436
G1 X159.495 Y88.699 E.05414
G1 X160.333 Y89.297 E.05411
G1 X161.139 Y89.938 E.05412
G1 X161.91 Y90.62 E.0541
G1 X162.644 Y91.342 E.05411
G1 X163.244 Y91.993 E.04653
G1 X163.78 Y92.626 E.04359
G1 X164.407 Y93.443 E.05413
G1 X164.991 Y94.292 E.05416
G1 X165.353 Y94.872 E.03593
G1 X165.861 Y95.769 E.05418
G1 X166.32 Y96.69 E.05408
G1 X166.731 Y97.636 E.05421
G1 X166.976 Y98.274 E.03592
G1 X167.303 Y99.251 E.05415
G1 X167.578 Y100.243 E.0541
G1 X167.801 Y101.248 E.05411
G1 X167.971 Y102.264 E.05414
G1 X168.088 Y103.286 E.05406
G1 X168.15 Y104.314 E.05413
G1 X168.159 Y105.343 E.05408
G1 X168.114 Y106.372 E.05413
G1 X168.016 Y107.398 E.05417
G1 X167.921 Y108.074 E.03588
G1 X167.732 Y109.089 E.05426
G1 X167.579 Y109.755 E.03592
G1 X167.303 Y110.749 E.05422
G1 X166.977 Y111.725 E.05408
G1 X166.599 Y112.684 E.05418
G1 X166.321 Y113.308 E.0359
G1 X165.861 Y114.231 E.0542
M73 P52 R17
G1 X165.354 Y115.127 E.05411
G1 X164.801 Y115.995 E.05409
G1 X164.203 Y116.833 E.05411
G1 X163.562 Y117.639 E.05412
G1 X162.88 Y118.41 E.0541
G1 X162.158 Y119.145 E.05415
G1 X161.658 Y119.611 E.03592
G1 X160.874 Y120.281 E.0542
G1 X160.057 Y120.907 E.0541
G1 X159.209 Y121.49 E.05409
G1 X158.33 Y122.029 E.05419
G1 X157.732 Y122.36 E.03592
G1 X156.81 Y122.82 E.05415
G1 X155.864 Y123.231 E.05421
G1 X155.226 Y123.476 E.03592
G1 X154.249 Y123.803 E.05415
G1 X153.257 Y124.078 E.0541
G1 X152.252 Y124.301 E.05411
G1 X151.236 Y124.471 E.05414
G1 X150.214 Y124.588 E.05406
G1 X149.186 Y124.65 E.05413
G1 X148.156 Y124.659 E.05414
G1 X147.272 Y124.623 E.0465
G1 X146.445 Y124.555 E.04361
G1 X145.424 Y124.42 E.05413
G1 X144.412 Y124.233 E.05409
G1 X143.41 Y123.992 E.05416
G1 X142.753 Y123.804 E.03592
G1 X141.775 Y123.477 E.0542
G1 X140.817 Y123.099 E.05413
G1 X139.88 Y122.672 E.05412
G1 X139.094 Y122.266 E.0465
G1 X138.374 Y121.854 E.0436
G1 X137.505 Y121.301 E.05414
G1 X136.667 Y120.703 E.05411
G1 X135.861 Y120.062 E.05412
G1 X135.09 Y119.38 E.0541
G1 X134.355 Y118.658 E.05415
G1 X133.889 Y118.158 E.03592
G1 X133.219 Y117.374 E.0542
G1 X132.593 Y116.557 E.0541
G1 X132.009 Y115.708 E.05416
G1 X131.647 Y115.128 E.03593
G1 X131.139 Y114.231 E.05418
G1 X130.68 Y113.31 E.05408
G1 X130.269 Y112.366 E.05411
G1 X129.909 Y111.401 E.05413
G1 X129.64 Y110.558 E.04651
G1 X129.422 Y109.757 E.04363
G1 X129.199 Y108.752 E.05411
G1 X129.029 Y107.736 E.05414
G1 X128.912 Y106.714 E.05406
G1 X128.85 Y105.686 E.05413
G1 X128.841 Y104.657 E.05408
G1 X128.886 Y103.628 E.05413
G1 X128.968 Y102.747 E.0465
G1 X129.08 Y101.925 E.0436
G1 X129.268 Y100.911 E.0542
G1 X129.421 Y100.245 E.03592
G1 X129.697 Y99.251 E.05422
G1 X130.023 Y98.275 E.05408
G1 X130.401 Y97.317 E.05413
G1 X130.828 Y96.381 E.05407
G1 X131.303 Y95.468 E.05409
G1 X131.826 Y94.58 E.05416
G1 X132.312 Y93.841 E.04649
G1 X132.796 Y93.167 E.04361
G1 X133.438 Y92.361 E.05416
G1 X134.12 Y91.59 E.0541
G1 X134.841 Y90.856 E.05408
G1 X135.601 Y90.16 E.05416
G1 X136.282 Y89.595 E.04651
G1 X136.942 Y89.093 E.04358
G1 X137.791 Y88.509 E.05416
G1 X138.545 Y88.045 E.04653
G1 X139.268 Y87.639 E.04358
G1 X140.19 Y87.18 E.05413
G1 X141.136 Y86.769 E.05421
G1 X141.774 Y86.524 E.03592
G1 X142.751 Y86.197 E.05415
G1 X143.743 Y85.922 E.0541
G1 X144.748 Y85.699 E.05411
G1 X145.764 Y85.529 E.05414
G1 X146.786 Y85.412 E.05406
G1 X147.814 Y85.35 E.05413
G1 X148.474 Y85.342 E.03469
G1 X149.074 Y85.351 F12000
G1 X148.497 Y86.136
;TYPE:Perimeter
G1 E-10F300
G1 F12000.0
T1
G1 E20F300
;WIDTH:0.999999
G1 F626.907
G1 X148.692 Y86.134 E.01552
G1 X149.485 Y86.158 E.06314
G1 X150.472 Y86.236 E.07879
G1 X151.452 Y86.365 E.07866
G1 X152.428 Y86.546 E.079
G1 X153.06 Y86.692 E.05162
M73 P53 R17
G1 X154.016 Y86.957 E.07895
G1 X154.953 Y87.27 E.07862
G1 X155.872 Y87.632 E.0786
G1 X156.772 Y88.043 E.07874
G1 X157.526 Y88.432 E.06752
G1 X158.215 Y88.826 E.06316
G1 X159.051 Y89.358 E.07886
G1 X159.855 Y89.932 E.07862
G1 X160.628 Y90.547 E.07861
G1 X161.368 Y91.201 E.07859
G1 X162.073 Y91.895 E.07873
G1 X162.648 Y92.519 E.06753
G1 X163.161 Y93.124 E.06313
G1 X163.764 Y93.91 E.07884
G1 X164.326 Y94.728 E.07898
G1 X164.67 Y95.278 E.05163
G1 X165.159 Y96.142 E.07901
G1 X165.6 Y97.026 E.07862
G1 X165.866 Y97.639 E.05318
G1 X166.112 Y98.239 E.05161
G1 X166.386 Y99.015 E.06549
G1 X166.675 Y99.96 E.07864
G1 X166.914 Y100.918 E.07858
G1 X167.102 Y101.887 E.07855
G1 X167.24 Y102.865 E.0786
G1 X167.326 Y103.849 E.07861
G1 X167.365 Y105.329 E.11782
G1 X167.322 Y106.316 E.07862
G1 X167.226 Y107.304 E.079
G1 X167.136 Y107.947 E.05167
G1 X166.954 Y108.928 E.0794
G1 X166.808 Y109.56 E.05162
G1 X166.543 Y110.516 E.07895
G1 X166.23 Y111.453 E.07862
G1 X165.866 Y112.377 E.07903
G1 X165.602 Y112.969 E.05158
G1 X165.159 Y113.858 E.07905
G1 X164.673 Y114.717 E.07854
G1 X164.142 Y115.551 E.07868
G1 X163.568 Y116.355 E.07862
G1 X162.953 Y117.128 E.07861
G1 X162.299 Y117.868 E.07859
G1 X161.603 Y118.576 E.07901
G1 X161.129 Y119.018 E.05158
G1 X160.374 Y119.663 E.07902
G1 X159.59 Y120.264 E.07861
G1 X158.776 Y120.824 E.07863
G1 X157.93 Y121.342 E.07894
G1 X157.362 Y121.657 E.05169
G1 X156.474 Y122.1 E.07897
G1 X155.563 Y122.496 E.07905
G1 X154.958 Y122.728 E.05157
G1 X154.016 Y123.043 E.07905
G1 X153.065 Y123.307 E.07854
G1 X152.1 Y123.521 E.07866
G1 X151.126 Y123.684 E.07859
G1 X150.144 Y123.796 E.07866
G1 X149.159 Y123.856 E.07853
G1 X148.169 Y123.865 E.07879
G1 X147.321 Y123.83 E.06754
G1 X146.53 Y123.764 E.06317
G1 X145.548 Y123.635 E.07882
G1 X144.577 Y123.455 E.07859
G1 X143.612 Y123.223 E.07898
G1 X142.988 Y123.045 E.05164
G1 X142.047 Y122.73 E.07897
G1 X141.128 Y122.368 E.0786
G1 X140.228 Y121.957 E.07874
G1 X139.474 Y121.568 E.06752
G1 X138.785 Y121.174 E.06316
G1 X137.949 Y120.642 E.07886
G1 X137.145 Y120.068 E.07862
G1 X136.372 Y119.453 E.07861
G1 X135.632 Y118.799 E.07859
G1 X134.924 Y118.103 E.07901
G1 X134.482 Y117.629 E.05158
G1 X133.837 Y116.874 E.07902
G1 X133.236 Y116.09 E.07861
G1 X132.674 Y115.272 E.07898
G1 X132.33 Y114.722 E.05163
G1 X131.841 Y113.858 E.07901
G1 X131.4 Y112.974 E.07862
G1 X131.006 Y112.068 E.07862
G1 X130.66 Y111.141 E.07874
G1 X130.402 Y110.332 E.06758
G1 X130.193 Y109.567 E.06311
G1 X129.979 Y108.6 E.07882
G1 X129.816 Y107.626 E.07859
G1 X129.704 Y106.644 E.07866
G1 X129.644 Y105.658 E.07861
G1 X129.635 Y104.671 E.07855
G1 X129.678 Y103.682 E.07878
G1 X129.757 Y102.837 E.06754
G1 X129.864 Y102.051 E.06313
G1 X130.046 Y101.072 E.07925
G1 X130.192 Y100.44 E.05162
G1 X130.457 Y99.484 E.07895
G1 X130.77 Y98.547 E.07862
G1 X131.132 Y97.628 E.0786
G1 X131.542 Y96.729 E.07863
G1 X131.998 Y95.853 E.07859
G1 X132.5 Y95 E.07877
G1 X132.967 Y94.291 E.06756
G1 X133.43 Y93.647 E.06312
G1 X134.047 Y92.872 E.07883
G1 X134.701 Y92.132 E.07859
G1 X135.394 Y91.428 E.07862
G1 X136.123 Y90.759 E.07874
G1 X136.776 Y90.218 E.06748
G1 X137.408 Y89.737 E.06321
G1 X138.225 Y89.175 E.07892
G1 X138.948 Y88.73 E.06756
G1 X139.64 Y88.342 E.06314
G1 X140.526 Y87.9 E.0788
G1 X141.437 Y87.504 E.07905
G1 X142.042 Y87.272 E.05157
G1 X142.984 Y86.957 E.07905
G1 X143.935 Y86.693 E.07854
G1 X144.9 Y86.479 E.07866
G1 X145.874 Y86.316 E.07859
G1 X146.856 Y86.204 E.07866
G1 X147.843 Y86.144 E.07869
G1 X148.467 Y86.137 E.04966
G1 X148.489 Y87.094 F12000
G1 F626.907
G1 X148.683 Y87.091 E.01544
G1 X149.433 Y87.114 E.05971
G1 X150.372 Y87.188 E.07496
G1 X151.302 Y87.31 E.07464
G1 X152.233 Y87.483 E.07536
G1 X152.824 Y87.619 E.04826
G1 X153.736 Y87.872 E.07532
G1 X154.626 Y88.17 E.07469
G1 X155.498 Y88.514 E.0746
G1 X156.354 Y88.904 E.07486
G1 X157.069 Y89.273 E.06403
G1 X157.721 Y89.646 E.05978
G1 X158.515 Y90.152 E.07493
G1 X159.279 Y90.696 E.07464
G1 X160.012 Y91.28 E.07458
G1 X160.715 Y91.901 E.07465
G1 X161.386 Y92.561 E.0749
G1 X161.931 Y93.153 E.06404
G1 X162.416 Y93.725 E.05968
G1 X162.99 Y94.473 E.07503
G1 X163.526 Y95.253 E.07532
G1 X163.847 Y95.768 E.04829
G1 X164.314 Y96.592 E.07537
G1 X164.732 Y97.431 E.0746
G1 X164.989 Y98.021 E.05121
G1 X165.218 Y98.582 E.04822
G1 X165.479 Y99.319 E.06222
G1 X165.753 Y100.215 E.07456
G1 X165.98 Y101.125 E.07464
G1 X166.158 Y102.045 E.07457
G1 X166.289 Y102.973 E.07458
G1 X166.371 Y103.907 E.07461
G1 X166.407 Y105.313 E.11193
G1 X166.366 Y106.249 E.07456
G1 X166.276 Y107.192 E.07539
G1 X166.191 Y107.793 E.0483
G1 X166.017 Y108.733 E.07608
G1 X165.881 Y109.324 E.04826
G1 X165.628 Y110.236 E.07532
G1 X165.33 Y111.126 E.07469
G1 X164.983 Y112.007 E.07535
G1 X164.736 Y112.561 E.04827
G1 X164.314 Y113.408 E.07531
G1 X163.852 Y114.224 E.07462
G1 X163.348 Y115.015 E.07464
G1 X162.804 Y115.779 E.07464
G1 X162.22 Y116.512 E.07458
G1 X161.599 Y117.215 E.07465
G1 X160.935 Y117.89 E.07535
G1 X160.491 Y118.304 E.04831
G1 X159.771 Y118.919 E.07536
G1 X159.027 Y119.49 E.07464
G1 X158.255 Y120.021 E.07457
G1 X157.447 Y120.515 E.07537
G1 X156.916 Y120.81 E.04834
G1 X156.069 Y121.232 E.07531
G1 X155.201 Y121.61 E.07534
G1 X154.634 Y121.827 E.04831
G1 X153.736 Y122.128 E.07537
G1 X152.833 Y122.378 E.07457
G1 X151.917 Y122.581 E.07467
G1 X150.993 Y122.736 E.07456
G1 X150.061 Y122.842 E.07465
G1 X149.125 Y122.899 E.07463
G1 X148.184 Y122.907 E.07489
G1 X147.38 Y122.875 E.06403
G1 X146.632 Y122.813 E.05973
G1 X145.698 Y122.69 E.07497
G1 X144.776 Y122.519 E.07463
G1 X143.856 Y122.298 E.0753
G1 X143.272 Y122.13 E.04836
G1 X142.374 Y121.83 E.07535
G1 X141.502 Y121.486 E.0746
G1 X140.646 Y121.096 E.07486
G1 X139.931 Y120.727 E.06403
G1 X139.279 Y120.354 E.05978
G1 X138.485 Y119.848 E.07493
G1 X137.721 Y119.304 E.07464
G1 X136.988 Y118.72 E.07458
G1 X136.285 Y118.099 E.07465
G1 X135.61 Y117.435 E.07535
G1 X135.196 Y116.991 E.04831
G1 X134.581 Y116.271 E.07536
G1 X134.01 Y115.527 E.07464
G1 X133.474 Y114.747 E.07532
G1 X133.153 Y114.232 E.04829
G1 X132.686 Y113.408 E.07537
G1 X132.268 Y112.569 E.0746
G1 X131.894 Y111.709 E.07463
G1 X131.565 Y110.828 E.07484
G1 X131.32 Y110.061 E.06408
G1 X131.123 Y109.337 E.05971
G1 X130.919 Y108.417 E.07499
G1 X130.764 Y107.493 E.07456
G1 X130.658 Y106.561 E.07465
G1 X130.601 Y105.625 E.07463
G1 X130.593 Y104.687 E.07465
G1 X130.634 Y103.748 E.0748
G1 X130.709 Y102.946 E.0641
G1 X130.81 Y102.203 E.05967
G1 X130.983 Y101.267 E.07575
G1 X131.119 Y100.676 E.04826
G1 X131.372 Y99.764 E.07532
G1 X131.67 Y98.874 E.07469
G1 X132.014 Y98.002 E.0746
G1 X132.402 Y97.149 E.07458
G1 X132.835 Y96.317 E.07464
G1 X133.313 Y95.507 E.07485
G1 X133.755 Y94.834 E.06408
G1 X134.194 Y94.225 E.05974
G1 X134.78 Y93.488 E.07493
G1 X135.401 Y92.785 E.07465
G1 X136.059 Y92.116 E.07468
G1 X136.752 Y91.481 E.0748
G1 X137.372 Y90.967 E.06409
G1 X137.969 Y90.513 E.05969
G1 X138.748 Y89.978 E.07521
G1 X139.433 Y89.555 E.06407
G1 X140.088 Y89.188 E.05975
G1 X140.931 Y88.768 E.07495
G1 X141.799 Y88.39 E.07534
G1 X142.366 Y88.173 E.04831
G1 X143.264 Y87.872 E.07537
G1 X144.167 Y87.622 E.07457
G1 X145.083 Y87.419 E.07467
G1 X146.007 Y87.264 E.07456
G1 X146.939 Y87.158 E.07465
G1 X147.878 Y87.101 E.07486
G1 X148.459 Y87.094 E.04624
G1 X148.48 Y88.051 F12000
G1 F626.907
G1 X148.674 Y88.049 E.01544
G1 X149.381 Y88.07 E.05629
G1 X150.272 Y88.14 E.07113
G1 X151.152 Y88.256 E.07064
G1 X152.038 Y88.42 E.07171
G1 X152.588 Y88.547 E.04492
G1 X153.456 Y88.788 E.07169
G1 X154.298 Y89.07 E.07067
G1 X155.124 Y89.395 E.07064
G1 X155.936 Y89.765 E.07101
G1 X156.612 Y90.114 E.06054
G1 X157.226 Y90.465 E.05628
G1 X157.98 Y90.946 E.07117
G1 X158.702 Y91.461 E.07058
G1 X159.397 Y92.013 E.07063
M73 P54 R17
G1 X160.062 Y92.602 E.0707
G1 X160.698 Y93.227 E.07096
G1 X161.214 Y93.786 E.06054
G1 X161.671 Y94.326 E.0563
G1 X162.215 Y95.035 E.07112
G1 X162.725 Y95.778 E.07172
G1 X163.025 Y96.257 E.04498
G1 X163.468 Y97.041 E.07166
G1 X163.864 Y97.836 E.07068
G1 X164.111 Y98.402 E.04915
G1 X164.325 Y98.925 E.04497
G1 X164.571 Y99.623 E.0589
G1 X164.831 Y100.471 E.07059
G1 X165.045 Y101.332 E.0706
G1 X165.214 Y102.203 E.07061
G1 X165.338 Y103.082 E.07064
G1 X165.415 Y103.965 E.07054
G1 X165.45 Y105.296 E.10596
G1 X165.411 Y106.183 E.07066
G1 X165.325 Y107.079 E.07163
G1 X165.246 Y107.639 E.04501
G1 X165.08 Y108.538 E.07275
G1 X164.953 Y109.088 E.04492
G1 X164.712 Y109.956 E.07169
G1 X164.43 Y110.798 E.07067
G1 X164.1 Y111.636 E.07167
G1 X163.87 Y112.153 E.04503
G1 X163.468 Y112.959 E.07168
G1 X163.031 Y113.731 E.0706
G1 X162.554 Y114.48 E.07067
G1 X162.039 Y115.202 E.07058
G1 X161.487 Y115.897 E.07063
G1 X160.898 Y116.562 E.0707
G1 X160.267 Y117.204 E.07164
G1 X159.854 Y117.59 E.04499
G1 X159.169 Y118.175 E.07169
G1 X158.465 Y118.715 E.07061
G1 X157.733 Y119.218 E.07068
G1 X156.965 Y119.688 E.07166
G1 X156.471 Y119.962 E.04496
G1 X155.664 Y120.364 E.07175
G1 X154.838 Y120.724 E.07171
G1 X154.311 Y120.926 E.04491
G1 X153.456 Y121.212 E.07175
G1 X152.601 Y121.449 E.07061
G1 X151.735 Y121.641 E.07059
G1 X150.859 Y121.788 E.07069
G1 X149.978 Y121.888 E.07056
G1 X149.092 Y121.942 E.07064
G1 X148.2 Y121.95 E.07099
G1 X147.439 Y121.919 E.06061
G1 X146.734 Y121.861 E.05629
G1 X145.848 Y121.744 E.07112
G1 X144.975 Y121.582 E.07066
G1 X144.099 Y121.372 E.07169
G1 X143.556 Y121.216 E.04496
G1 X142.702 Y120.93 E.07167
G1 X141.876 Y120.605 E.07064
G1 X141.064 Y120.235 E.07101
G1 X140.388 Y119.886 E.06054
G1 X139.774 Y119.535 E.05628
G1 X139.02 Y119.054 E.07117
G1 X138.298 Y118.539 E.07058
G1 X137.603 Y117.987 E.07063
G1 X136.938 Y117.398 E.0707
G1 X136.296 Y116.767 E.07164
G1 X135.91 Y116.354 E.04499
G1 X135.325 Y115.669 E.07169
G1 X134.785 Y114.965 E.07061
G1 X134.275 Y114.222 E.07172
G1 X133.975 Y113.743 E.04498
G1 X133.532 Y112.959 E.07166
G1 X133.136 Y112.164 E.07068
G1 X132.782 Y111.351 E.07057
G1 X132.469 Y110.515 E.07104
G1 X132.238 Y109.79 E.06055
G1 X132.052 Y109.107 E.05633
G1 X131.859 Y108.235 E.07107
G1 X131.712 Y107.359 E.07069
G1 X131.612 Y106.478 E.07056
G1 X131.558 Y105.592 E.07064
G1 X131.55 Y104.704 E.07067
G1 X131.589 Y103.813 E.07097
G1 X131.66 Y103.055 E.06059
G1 X131.755 Y102.354 E.0563
G1 X131.92 Y101.462 E.07219
G1 X132.047 Y100.912 E.04492
G1 X132.288 Y100.044 E.07169
G1 X132.57 Y99.202 E.07067
G1 X132.895 Y98.376 E.07064
G1 X133.263 Y97.568 E.07066
G1 X133.673 Y96.781 E.07062
G1 X134.125 Y96.013 E.07092
G1 X134.544 Y95.377 E.06061
G1 X134.957 Y94.803 E.05628
G1 X135.513 Y94.103 E.07114
G1 X136.102 Y93.438 E.0707
G1 X136.724 Y92.805 E.07062
G1 X137.381 Y92.203 E.07091
G1 X137.967 Y91.717 E.06059
G1 X138.53 Y91.289 E.05628
G1 X139.27 Y90.78 E.07148
G1 X139.918 Y90.38 E.0606
G1 X140.535 Y90.035 E.05626
G1 X141.336 Y89.636 E.07122
G1 X142.162 Y89.276 E.07171
G1 X142.689 Y89.074 E.04491
G1 X143.544 Y88.788 E.07175
G1 X144.399 Y88.551 E.07061
G1 X145.265 Y88.359 E.07059
G1 X146.141 Y88.212 E.07069
G1 X147.022 Y88.112 E.07056
G1 X147.913 Y88.057 E.07104
G1 X148.45 Y88.051 E.04274
G1 E-8 F7200
G1 Z3.2 F3000
G1 X136.231 Y94.13 F12000
G1 Z3 F3000
G1 E8 F7200
;TYPE:Internal infill
G1 E-10F300
G1 F12000.0
T0
G1 E16F300
G1 F12000.0
;WIDTH:0.675
G1 F949.248
G1 X137.566 Y92.786 E.09956
G1 X138.327 Y92.817 E.04003
G1 X139.005 Y92.677 E.03639
G1 X139.684 Y92.326 E.04017
G1 X141.04 Y91.048 E.09793
G1 X141.718 Y90.529 E.04488
G1 X142.396 Y90.217 E.03923
G1 X143.074 Y90.068 E.03648
G1 X143.753 Y90.055 E.03569
G1 X144.431 Y90.195 E.03639
G1 X145.109 Y90.546 E.04013
G1 X146.465 Y91.825 E.09797
G1 X147.144 Y92.344 E.04492
G1 X147.822 Y92.655 E.0392
G1 X148.5 Y92.805 E.0365
G1 X149.178 Y92.817 E.03564
G1 X149.856 Y92.677 E.03639
G1 X150.535 Y92.326 E.04017
G1 X151.891 Y91.048 E.09793
G1 X152.569 Y90.529 E.04488
G1 X153.247 Y90.217 E.03923
G1 X153.926 Y90.068 E.03654
G1 X154.604 Y90.055 E.03564
G1 X155.282 Y90.195 E.03639
G1 X155.96 Y90.546 E.04013
G1 X157.316 Y91.825 E.09797
G1 X157.995 Y92.344 E.04492
G1 X158.673 Y92.655 E.0392
G1 X159.455 Y92.807 E.04187
G1 X160.299 Y93.613 E.06134
G1 X161.238 Y94.675 E.07451
G1 X162.387 Y96.285 E.10396
G1 X161.386 Y97.25 E.07308
G1 X160.707 Y97.769 E.04492
G1 X160.029 Y98.081 E.03923
G1 X159.351 Y98.23 E.03648
G1 X158.673 Y98.243 E.03564
G1 X157.995 Y98.103 E.03639
G1 X157.316 Y97.752 E.04017
G1 X155.96 Y96.473 E.09797
G1 X155.282 Y95.954 E.04488
G1 X154.604 Y95.643 E.0392
G1 X153.926 Y95.493 E.0365
G1 X153.247 Y95.481 E.03569
G1 X152.569 Y95.621 E.03639
G1 X151.891 Y95.972 E.04013
G1 X150.535 Y97.25 E.09793
G1 X149.856 Y97.769 E.04492
G1 X149.178 Y98.081 E.03923
G1 X148.5 Y98.23 E.03648
G1 X147.822 Y98.243 E.03564
G1 X147.144 Y98.103 E.03639
G1 X146.465 Y97.752 E.04017
G1 X145.109 Y96.473 E.09797
G1 X144.431 Y95.954 E.04488
G1 X143.753 Y95.643 E.0392
G1 X143.074 Y95.493 E.03655
G1 X142.396 Y95.481 E.03564
G1 X141.718 Y95.621 E.03639
G1 X141.04 Y95.972 E.04013
G1 X139.684 Y97.25 E.09793
G1 X139.005 Y97.769 E.04492
G1 X138.327 Y98.081 E.03923
G1 X137.649 Y98.23 E.03648
G1 X136.971 Y98.243 E.03564
G1 X136.293 Y98.103 E.03639
G1 X135.614 Y97.752 E.04017
G1 X134.409 Y96.625 E.08671
G1 X133.762 Y97.812 E.07105
G1 X133.406 Y98.593 E.04511
G1 X133.092 Y99.392 E.04512
G1 X132.624 Y100.911 E.08354
G1 X132.902 Y100.906 E.01461
G1 X133.58 Y101.046 E.03639
G1 X134.258 Y101.397 E.04013
G1 X135.614 Y102.676 E.09797
G1 X136.293 Y103.195 E.04492
G1 X136.971 Y103.506 E.0392
G1 X137.649 Y103.656 E.0365
G1 X138.327 Y103.668 E.03564
G1 X139.005 Y103.528 E.03639
G1 X139.684 Y103.177 E.04017
G1 X141.04 Y101.899 E.09793
G1 X141.718 Y101.38 E.04488
G1 X142.396 Y101.068 E.03923
G1 X143.074 Y100.919 E.03648
G1 X143.753 Y100.906 E.03569
G1 X144.431 Y101.046 E.03639
G1 X145.109 Y101.397 E.04013
G1 X146.465 Y102.676 E.09797
G1 X147.144 Y103.195 E.04492
G1 X147.822 Y103.506 E.0392
G1 X148.5 Y103.656 E.0365
G1 X149.178 Y103.668 E.03564
G1 X149.856 Y103.528 E.03639
G1 X150.535 Y103.177 E.04017
G1 X151.891 Y101.899 E.09793
G1 X152.569 Y101.38 E.04488
G1 X153.247 Y101.068 E.03923
G1 X153.926 Y100.919 E.03654
G1 X154.604 Y100.906 E.03564
G1 X155.282 Y101.046 E.03639
G1 X155.96 Y101.397 E.04013
G1 X157.316 Y102.676 E.09797
G1 X157.995 Y103.195 E.04492
G1 X158.673 Y103.506 E.0392
G1 X159.351 Y103.656 E.0365
G1 X160.029 Y103.668 E.03564
G1 X160.707 Y103.528 E.03639
G1 X161.386 Y103.177 E.04017
G1 X162.742 Y101.899 E.09793
G1 X163.42 Y101.38 E.04488
G1 X164.098 Y101.068 E.03923
G1 X164.401 Y101.001 E.01631
G1 X164.754 Y102.863 E.09961
G1 E-8 F7200
G1 Z3.2 F3000
G1 X164.888 Y104.463 F12000
G1 Z3 F3000
G1 E8 F7200
G1 F949.248
G1 X164.837 Y106.358 E.09963
G1 X164.098 Y106.332 E.03886
G1 X163.42 Y106.472 E.03639
G1 X162.742 Y106.823 E.04013
G1 X161.386 Y108.101 E.09793
G1 X160.707 Y108.62 E.04492
G1 X160.029 Y108.932 E.03923
G1 X159.351 Y109.081 E.03648
G1 X158.673 Y109.094 E.03564
G1 X157.995 Y108.954 E.03639
G1 X157.316 Y108.603 E.04017
G1 X155.96 Y107.324 E.09797
G1 X155.282 Y106.805 E.04488
G1 X154.604 Y106.494 E.0392
G1 X153.926 Y106.344 E.0365
G1 X153.247 Y106.332 E.03569
G1 X152.569 Y106.472 E.03639
G1 X151.891 Y106.823 E.04013
G1 X150.535 Y108.101 E.09793
G1 X149.856 Y108.62 E.04492
G1 X149.178 Y108.932 E.03923
G1 X148.5 Y109.081 E.03648
G1 X147.822 Y109.094 E.03564
G1 X147.144 Y108.954 E.03639
G1 X146.465 Y108.603 E.04017
G1 X145.109 Y107.324 E.09797
G1 X144.431 Y106.805 E.04488
G1 X143.753 Y106.494 E.0392
G1 X143.074 Y106.344 E.03655
G1 X142.396 Y106.332 E.03564
G1 X141.718 Y106.472 E.03639
G1 X141.04 Y106.823 E.04013
G1 X139.684 Y108.101 E.09793
G1 X139.005 Y108.62 E.04492
G1 X138.327 Y108.932 E.03923
G1 X137.649 Y109.081 E.03648
G1 X136.971 Y109.094 E.03564
G1 X136.293 Y108.954 E.03639
G1 X135.614 Y108.603 E.04017
G1 X134.258 Y107.324 E.09797
G1 X133.58 Y106.805 E.04488
G1 X132.902 Y106.494 E.0392
G1 X132.16 Y106.343 E.0398
G1 X132.424 Y108.22 E.09962
G1 E-8 F7200
G1 Z3.2 F3000
G1 X132.941 Y110.165 F12000
G1 Z3 F3000
G1 E8 F7200
G1 F949.248
G1 X133.638 Y111.927 E.09959
G1 X134.258 Y112.248 E.03669
G1 X135.614 Y113.527 E.09797
G1 X136.293 Y114.046 E.04492
G1 X136.971 Y114.357 E.0392
G1 X137.649 Y114.507 E.0365
G1 X138.327 Y114.519 E.03564
G1 X139.005 Y114.379 E.03639
G1 X139.684 Y114.028 E.04017
G1 X141.04 Y112.75 E.09793
G1 X141.718 Y112.231 E.04488
G1 X142.396 Y111.919 E.03923
G1 X143.074 Y111.77 E.03648
G1 X143.753 Y111.757 E.03569
G1 X144.431 Y111.897 E.03639
G1 X145.109 Y112.248 E.04013
G1 X146.465 Y113.527 E.09797
G1 X147.144 Y114.046 E.04492
G1 X147.822 Y114.357 E.0392
G1 X148.5 Y114.507 E.0365
G1 X149.178 Y114.519 E.03564
G1 X149.856 Y114.379 E.03639
G1 X150.535 Y114.028 E.04017
G1 X151.891 Y112.75 E.09793
G1 X152.569 Y112.231 E.04488
G1 X153.247 Y111.919 E.03923
G1 X153.926 Y111.77 E.03654
G1 X154.604 Y111.757 E.03564
G1 X155.282 Y111.897 E.03639
G1 X155.96 Y112.248 E.04013
G1 X157.316 Y113.527 E.09797
G1 X157.995 Y114.046 E.04492
G1 X158.673 Y114.357 E.0392
G1 X159.351 Y114.507 E.0365
G1 X160.029 Y114.519 E.03564
G1 X160.707 Y114.379 E.03639
G1 X161.386 Y114.028 E.04017
G1 X163.082 Y112.49 E.12033
G1 X163.85 Y110.757 E.09963
G1 E-8 F7200
G1 Z3.2 F3000
M73 P55 R17
G1 X155.213 Y119.955 F12000
G1 Z3 F3000
G1 E8 F7200
G1 F949.248
G1 X156.894 Y119.081 E.09958
G1 X155.96 Y118.175 E.06839
G1 X155.282 Y117.656 E.04488
G1 X154.604 Y117.345 E.0392
G1 X153.926 Y117.195 E.0365
G1 X153.247 Y117.183 E.03569
G1 X152.569 Y117.323 E.03639
G1 X151.891 Y117.674 E.04013
G1 X150.535 Y118.952 E.09793
G1 X149.856 Y119.471 E.04492
G1 X149.178 Y119.783 E.03923
G1 X148.5 Y119.932 E.03648
G1 X147.822 Y119.945 E.03564
G1 X147.144 Y119.805 E.03639
G1 X146.465 Y119.454 E.04017
G1 X145.109 Y118.175 E.09797
G1 X144.431 Y117.656 E.04488
G1 X143.753 Y117.345 E.0392
G1 X143.074 Y117.195 E.03655
G1 X142.396 Y117.183 E.03564
G1 X141.718 Y117.323 E.03639
G1 X141.04 Y117.674 E.04013
G1 X139.765 Y118.871 E.09191
G1 X141.423 Y119.788 E.09958
;LAYER_CHANGE
;Z:3.2
;HEIGHT:0.2

G1 E-8 F7200
G1 Z3.2 F3000
;AFTER_LAYER_CHANGE
;3.2
G92 E0
_ON_LAYER_CHANGE LAYER=16
G1 Z3.4
G1 X148.504 Y85.342 F12000
G1 Z3.2 F3000
G1 E8 F7200
;TYPE:External perimeter
;WIDTH:0.674999
G1 F949.248
G1 X148.713 Y85.339 E.01099
G1 X149.528 Y85.364 E.04285
G1 X150.555 Y85.445 E.05414
G1 X151.576 Y85.58 E.05413
G1 X152.589 Y85.768 E.05415
G1 X153.255 Y85.921 E.03592
G1 X154.249 Y86.197 E.05422
G1 X155.225 Y86.523 E.05408
G1 X156.183 Y86.901 E.05413
G1 X157.12 Y87.328 E.05412
G1 X157.918 Y87.741 E.04723
G1 X158.626 Y88.146 E.04287
G1 X159.495 Y88.699 E.05414
G1 X160.333 Y89.297 E.05411
G1 X161.139 Y89.938 E.05412
G1 X161.91 Y90.62 E.0541
G1 X162.644 Y91.342 E.05411
G1 X163.253 Y92.003 E.04724
G1 X163.78 Y92.625 E.04285
G1 X164.407 Y93.443 E.05417
G1 X164.991 Y94.292 E.05416
G1 X165.353 Y94.872 E.03593
G1 X165.861 Y95.769 E.05418
G1 X166.32 Y96.69 E.05408
G1 X166.731 Y97.636 E.05421
G1 X166.976 Y98.274 E.03592
G1 X167.303 Y99.251 E.05415
G1 X167.578 Y100.243 E.0541
G1 X167.801 Y101.248 E.05411
G1 X167.971 Y102.264 E.05414
G1 X168.088 Y103.286 E.05406
G1 X168.15 Y104.314 E.05413
G1 X168.159 Y105.343 E.05408
G1 X168.114 Y106.372 E.05413
G1 X168.016 Y107.398 E.05417
G1 X167.921 Y108.074 E.03588
G1 X167.732 Y109.09 E.05431
G1 X167.579 Y109.755 E.03586
G1 X167.303 Y110.749 E.05422
G1 X166.977 Y111.725 E.05408
G1 X166.599 Y112.684 E.05418
G1 X166.321 Y113.308 E.0359
G1 X165.861 Y114.231 E.0542
G1 X165.354 Y115.127 E.05411
G1 X164.801 Y115.995 E.05409
G1 X164.203 Y116.833 E.05411
G1 X163.562 Y117.639 E.05412
G1 X162.88 Y118.41 E.0541
G1 X162.158 Y119.145 E.05415
G1 X161.658 Y119.611 E.03592
G1 X160.874 Y120.281 E.0542
G1 X160.057 Y120.907 E.0541
G1 X159.209 Y121.49 E.05409
G1 X158.33 Y122.029 E.05419
G1 X157.732 Y122.36 E.03592
G1 X156.81 Y122.82 E.05415
G1 X155.864 Y123.231 E.05421
G1 X155.226 Y123.476 E.03592
G1 X154.249 Y123.803 E.05415
G1 X153.257 Y124.078 E.0541
G1 X152.252 Y124.301 E.05411
G1 X151.236 Y124.471 E.05414
G1 X150.214 Y124.588 E.05406
G1 X149.186 Y124.65 E.05413
G1 X148.157 Y124.659 E.05408
G1 X147.127 Y124.614 E.05419
G1 X146.446 Y124.555 E.03593
G1 X145.424 Y124.42 E.05418
G1 X144.411 Y124.232 E.05415
G1 X143.745 Y124.079 E.03592
G1 X142.751 Y123.803 E.05422
G1 X141.775 Y123.477 E.05408
G1 X140.817 Y123.099 E.05413
G1 X139.879 Y122.672 E.05417
G1 X139.27 Y122.362 E.03592
G1 X138.373 Y121.854 E.05418
G1 X137.505 Y121.301 E.05409
G1 X136.667 Y120.703 E.05411
G1 X135.861 Y120.062 E.05412
G1 X135.09 Y119.38 E.0541
G1 X134.355 Y118.658 E.05415
G1 X133.889 Y118.158 E.03592
G1 X133.219 Y117.374 E.0542
G1 X132.593 Y116.557 E.0541
G1 X132.009 Y115.708 E.05416
G1 X131.647 Y115.128 E.03593
G1 X131.139 Y114.231 E.05418
G1 X130.68 Y113.31 E.05408
G1 X130.269 Y112.366 E.05411
G1 X129.909 Y111.401 E.05413
G1 X129.599 Y110.42 E.05407
G1 X129.342 Y109.423 E.05411
G1 X129.136 Y108.413 E.05418
G1 X129.029 Y107.738 E.03592
G1 X128.912 Y106.714 E.05417
G1 X128.85 Y105.686 E.05413
M73 P55 R16
G1 X128.841 Y104.657 E.05408
G1 X128.886 Y103.628 E.05413
G1 X128.969 Y102.733 E.04724
G1 X129.08 Y101.925 E.04287
G1 X129.267 Y100.912 E.05414
G1 X129.508 Y99.911 E.05411
G1 X129.8 Y98.924 E.0541
G1 X130.144 Y97.953 E.05414
G1 X130.486 Y97.122 E.04723
G1 X130.827 Y96.381 E.04287
G1 X131.303 Y95.468 E.05412
G1 X131.825 Y94.581 E.05409
G1 X132.394 Y93.721 E.0542
G1 X132.796 Y93.168 E.03593
G1 X133.438 Y92.361 E.0542
G1 X134.12 Y91.59 E.0541
G1 X134.842 Y90.856 E.05411
G1 X135.503 Y90.247 E.04724
G1 X136.125 Y89.72 E.04285
G1 X136.943 Y89.093 E.05417
G1 X137.791 Y88.51 E.05409
G1 X138.557 Y88.038 E.04729
G1 X139.268 Y87.64 E.04282
G1 X140.19 Y87.18 E.05415
G1 X141.134 Y86.769 E.05411
G1 X142.099 Y86.409 E.05413
G1 X142.956 Y86.136 E.04727
G1 X143.742 Y85.922 E.04281
G1 X144.748 Y85.699 E.05416
G1 X145.764 Y85.529 E.05414
G1 X146.786 Y85.412 E.05406
G1 X147.814 Y85.35 E.05413
G1 X148.474 Y85.342 E.03469
G1 X149.074 Y85.351 F12000
G1 X148.497 Y86.137
;TYPE:Perimeter
G1 E-10F300
G1 F12000.0
T1
G1 E20F300
;WIDTH:0.999999
G1 F626.907
G1 X148.705 Y86.134 E.01655
G1 X149.485 Y86.158 E.0621
G1 X150.472 Y86.236 E.07879
G1 X151.452 Y86.365 E.07866
G1 X152.428 Y86.546 E.079
G1 X153.06 Y86.692 E.05162
G1 X154.016 Y86.957 E.07895
G1 X154.953 Y87.27 E.07862
G1 X155.872 Y87.632 E.0786
G1 X156.772 Y88.043 E.07874
G1 X157.538 Y88.439 E.06862
G1 X158.215 Y88.826 E.06206
G1 X159.051 Y89.358 E.07886
G1 X159.855 Y89.932 E.07862
G1 X160.628 Y90.547 E.07861
G1 X161.368 Y91.201 E.07859
G1 X162.073 Y91.895 E.07873
G1 X162.658 Y92.529 E.06865
G1 X163.161 Y93.124 E.062
G1 X163.764 Y93.91 E.07884
G1 X164.326 Y94.728 E.07898
G1 X164.67 Y95.278 E.05163
G1 X165.159 Y96.142 E.07901
G1 X165.6 Y97.026 E.07862
G1 X165.866 Y97.639 E.05318
G1 X166.112 Y98.239 E.05161
G1 X166.386 Y99.015 E.06549
G1 X166.675 Y99.96 E.07864
G1 X166.914 Y100.918 E.07858
G1 X167.102 Y101.887 E.07855
G1 X167.24 Y102.865 E.0786
G1 X167.326 Y103.849 E.07861
G1 X167.365 Y105.329 E.11782
G1 X167.322 Y106.316 E.07862
G1 X167.226 Y107.304 E.079
G1 X167.136 Y107.947 E.05167
G1 X166.954 Y108.928 E.0794
G1 X166.808 Y109.56 E.05162
G1 X166.543 Y110.516 E.07895
G1 X166.23 Y111.453 E.07862
G1 X165.866 Y112.377 E.07903
G1 X165.602 Y112.969 E.05158
G1 X165.159 Y113.858 E.07905
G1 X164.673 Y114.717 E.07854
G1 X164.142 Y115.551 E.07868
G1 X163.568 Y116.355 E.07862
G1 X162.953 Y117.128 E.07861
G1 X162.299 Y117.868 E.07859
G1 X161.603 Y118.576 E.07901
G1 X161.129 Y119.018 E.05158
G1 X160.374 Y119.663 E.07902
G1 X159.59 Y120.264 E.07861
G1 X158.776 Y120.824 E.07863
G1 X157.93 Y121.342 E.07894
G1 X157.362 Y121.657 E.05169
G1 X156.474 Y122.1 E.07897
G1 X155.563 Y122.496 E.07905
G1 X154.958 Y122.728 E.05157
G1 X154.016 Y123.043 E.07905
G1 X153.065 Y123.307 E.07854
G1 X152.1 Y123.521 E.07866
G1 X151.126 Y123.684 E.07859
G1 X150.144 Y123.796 E.07866
G1 X149.159 Y123.856 E.07853
G1 X148.171 Y123.865 E.07863
G1 X147.179 Y123.821 E.07902
G1 X146.533 Y123.765 E.0516
G1 X145.548 Y123.635 E.07907
G1 X144.572 Y123.454 E.079
G1 X143.94 Y123.308 E.05162
G1 X142.984 Y123.043 E.07895
G1 X142.047 Y122.73 E.07862
G1 X141.128 Y122.368 E.0786
G1 X140.225 Y121.956 E.07899
G1 X139.647 Y121.661 E.05164
G1 X138.782 Y121.173 E.07904
G1 X137.949 Y120.642 E.07861
G1 X137.145 Y120.068 E.07862
G1 X136.372 Y119.453 E.07861
G1 X135.632 Y118.799 E.07859
G1 X134.924 Y118.103 E.07901
G1 X134.482 Y117.629 E.05158
G1 X133.837 Y116.874 E.07902
G1 X133.236 Y116.09 E.07861
G1 X132.674 Y115.272 E.07898
G1 X132.33 Y114.722 E.05163
G1 X131.841 Y113.858 E.07901
G1 X131.4 Y112.974 E.07862
G1 X131.006 Y112.068 E.07862
G1 X130.66 Y111.143 E.07859
G1 X130.363 Y110.201 E.0786
G1 X130.116 Y109.244 E.07866
G1 X129.918 Y108.271 E.07902
G1 X129.817 Y107.631 E.05156
G1 X129.704 Y106.644 E.07906
G1 X129.644 Y105.658 E.07861
G1 X129.635 Y104.671 E.07855
G1 X129.678 Y103.682 E.07878
G1 X129.759 Y102.824 E.06858
G1 X129.864 Y102.051 E.06208
G1 X130.045 Y101.077 E.07884
G1 X130.275 Y100.117 E.07856
G1 X130.556 Y99.17 E.07861
G1 X130.886 Y98.237 E.07876
G1 X131.214 Y97.439 E.06866
G1 X131.541 Y96.731 E.06206
G1 X131.998 Y95.853 E.07877
G1 X132.499 Y95.002 E.07859
G1 X133.047 Y94.174 E.07902
G1 X133.429 Y93.649 E.05167
G1 X134.047 Y92.872 E.07901
G1 X134.701 Y92.132 E.07859
G1 X135.395 Y91.427 E.07873
G1 X136.029 Y90.843 E.0686
G1 X136.624 Y90.339 E.06206
G1 X137.41 Y89.736 E.07884
G1 X138.225 Y89.176 E.07869
G1 X138.959 Y88.723 E.06864
G1 X139.64 Y88.342 E.0621
G1 X140.526 Y87.9 E.0788
G1 X141.432 Y87.506 E.07862
G1 X142.359 Y87.16 E.07874
G1 X143.181 Y86.898 E.06866
G1 X143.933 Y86.693 E.06203
G1 X144.9 Y86.479 E.07882
G1 X145.874 Y86.316 E.07859
G1 X146.856 Y86.204 E.07866
G1 X147.843 Y86.144 E.07869
G1 X148.467 Y86.137 E.04966
G1 X148.489 Y87.094 F12000
G1 F626.907
G1 X148.696 Y87.091 E.01648
G1 X149.433 Y87.114 E.05868
G1 X150.372 Y87.188 E.07496
G1 X151.302 Y87.31 E.07464
G1 X152.233 Y87.483 E.07536
G1 X152.824 Y87.619 E.04826
G1 X153.736 Y87.872 E.07532
G1 X154.626 Y88.17 E.07469
G1 X155.498 Y88.514 E.0746
G1 X156.354 Y88.904 E.07486
G1 X157.081 Y89.28 E.06514
M73 P56 R16
G1 X157.72 Y89.645 E.05856
G1 X158.515 Y90.152 E.07504
G1 X159.279 Y90.696 E.07464
G1 X160.012 Y91.28 E.07458
G1 X160.715 Y91.901 E.07465
G1 X161.385 Y92.56 E.07479
G1 X161.94 Y93.163 E.06522
G1 X162.416 Y93.725 E.05861
G1 X162.99 Y94.473 E.07503
G1 X163.526 Y95.253 E.07532
G1 X163.847 Y95.768 E.04829
G1 X164.314 Y96.592 E.07537
G1 X164.732 Y97.431 E.0746
G1 X164.989 Y98.021 E.05121
G1 X165.218 Y98.582 E.04822
G1 X165.479 Y99.319 E.06222
G1 X165.753 Y100.215 E.07456
G1 X165.98 Y101.125 E.07464
G1 X166.158 Y102.045 E.07457
G1 X166.289 Y102.973 E.07458
G1 X166.371 Y103.907 E.07461
G1 X166.407 Y105.313 E.11193
G1 X166.366 Y106.249 E.07456
G1 X166.276 Y107.192 E.07539
G1 X166.191 Y107.793 E.0483
G1 X166.017 Y108.733 E.07608
G1 X165.881 Y109.324 E.04826
G1 X165.628 Y110.236 E.07532
G1 X165.33 Y111.126 E.07469
G1 X164.983 Y112.007 E.07535
G1 X164.736 Y112.561 E.04827
G1 X164.314 Y113.408 E.07531
G1 X163.852 Y114.224 E.07462
G1 X163.348 Y115.015 E.07464
G1 X162.804 Y115.779 E.07464
G1 X162.22 Y116.512 E.07458
G1 X161.599 Y117.215 E.07465
G1 X160.935 Y117.89 E.07535
G1 X160.491 Y118.304 E.04831
G1 X159.771 Y118.919 E.07536
G1 X159.027 Y119.49 E.07464
G1 X158.255 Y120.021 E.07457
G1 X157.447 Y120.515 E.07537
G1 X156.916 Y120.81 E.04834
G1 X156.069 Y121.232 E.07531
G1 X155.201 Y121.61 E.07534
G1 X154.634 Y121.827 E.04831
G1 X153.736 Y122.128 E.07537
G1 X152.833 Y122.378 E.07457
G1 X151.917 Y122.581 E.07467
G1 X150.993 Y122.736 E.07456
G1 X150.061 Y122.842 E.07465
G1 X149.125 Y122.899 E.07463
G1 X148.187 Y122.907 E.07465
G1 X147.242 Y122.866 E.07528
G1 X146.637 Y122.813 E.04833
G1 X145.698 Y122.69 E.07537
G1 X144.767 Y122.517 E.07536
G1 X144.176 Y122.381 E.04826
G1 X143.264 Y122.128 E.07532
G1 X142.374 Y121.83 E.07469
G1 X141.502 Y121.486 E.0746
G1 X140.64 Y121.094 E.07536
G1 X140.1 Y120.818 E.04826
G1 X139.276 Y120.352 E.07534
G1 X138.485 Y119.848 E.07464
G1 X137.721 Y119.304 E.07464
G1 X136.988 Y118.72 E.07458
G1 X136.285 Y118.099 E.07465
G1 X135.61 Y117.435 E.07535
G1 X135.196 Y116.991 E.04831
G1 X134.581 Y116.271 E.07536
G1 X134.01 Y115.527 E.07464
G1 X133.474 Y114.747 E.07532
G1 X133.153 Y114.232 E.04829
G1 X132.686 Y113.408 E.07537
G1 X132.268 Y112.569 E.0746
G1 X131.894 Y111.709 E.07463
G1 X131.566 Y110.831 E.07459
G1 X131.284 Y109.937 E.0746
G1 X131.049 Y109.029 E.07464
G1 X130.86 Y108.101 E.07537
G1 X130.765 Y107.502 E.04827
G1 X130.658 Y106.561 E.07537
G1 X130.601 Y105.625 E.07463
G1 X130.593 Y104.687 E.07465
G1 X130.634 Y103.748 E.0748
G1 X130.71 Y102.933 E.06514
G1 X130.81 Y102.203 E.05864
G1 X130.981 Y101.276 E.07502
G1 X131.2 Y100.365 E.07456
G1 X131.466 Y99.465 E.07469
G1 X131.78 Y98.579 E.07481
G1 X132.092 Y97.822 E.06516
G1 X132.4 Y97.153 E.05861
G1 X132.835 Y96.317 E.075
G1 X133.311 Y95.509 E.07463
G1 X133.834 Y94.72 E.07533
G1 X134.191 Y94.229 E.04831
G1 X134.78 Y93.488 E.07533
G1 X135.401 Y92.785 E.07465
G1 X136.06 Y92.115 E.07479
G1 X136.663 Y91.56 E.06522
G1 X137.225 Y91.084 E.05861
G1 X137.973 Y90.51 E.07503
G1 X138.748 Y89.978 E.07481
G1 X139.445 Y89.548 E.06517
G1 X140.087 Y89.188 E.05858
G1 X140.931 Y88.768 E.07502
G1 X141.791 Y88.394 E.07463
G1 X142.671 Y88.065 E.07477
G1 X143.452 Y87.817 E.06521
G1 X144.162 Y87.623 E.05857
G1 X145.083 Y87.419 E.07507
G1 X146.007 Y87.264 E.07456
G1 X146.939 Y87.158 E.07465
G1 X147.878 Y87.101 E.07486
G1 X148.459 Y87.094 E.04624
G1 X148.48 Y88.051 F12000
G1 F626.907
G1 X148.687 Y88.049 E.01647
G1 X149.38 Y88.07 E.05518
G1 X150.272 Y88.14 E.0712
G1 X151.152 Y88.256 E.07064
G1 X152.038 Y88.42 E.07171
G1 X152.588 Y88.547 E.04492
G1 X153.456 Y88.788 E.07169
G1 X154.298 Y89.07 E.07067
G1 X155.124 Y89.395 E.07064
G1 X155.935 Y89.765 E.07094
G1 X156.623 Y90.121 E.06165
G1 X157.225 Y90.465 E.05518
G1 X157.98 Y90.946 E.07124
G1 X158.702 Y91.461 E.07058
G1 X159.397 Y92.013 E.07063
G1 X160.062 Y92.602 E.0707
G1 X160.698 Y93.226 E.07091
G1 X161.222 Y93.796 E.06162
G1 X161.671 Y94.326 E.05528
G1 X162.215 Y95.035 E.07112
G1 X162.725 Y95.778 E.07172
G1 X163.025 Y96.257 E.04498
G1 X163.468 Y97.041 E.07166
G1 X163.864 Y97.836 E.07068
G1 X164.111 Y98.402 E.04915
G1 X164.325 Y98.925 E.04497
G1 X164.571 Y99.623 E.0589
G1 X164.831 Y100.471 E.07059
G1 X165.045 Y101.332 E.0706
G1 X165.214 Y102.203 E.07061
G1 X165.338 Y103.082 E.07064
G1 X165.415 Y103.965 E.07054
G1 X165.45 Y105.296 E.10596
G1 X165.411 Y106.183 E.07066
G1 X165.325 Y107.079 E.07163
G1 X165.246 Y107.639 E.04501
G1 X165.08 Y108.538 E.07275
G1 X164.953 Y109.088 E.04492
G1 X164.712 Y109.956 E.07169
G1 X164.43 Y110.798 E.07067
G1 X164.1 Y111.636 E.07167
G1 X163.87 Y112.153 E.04503
G1 X163.468 Y112.959 E.07168
G1 X163.031 Y113.731 E.0706
G1 X162.554 Y114.48 E.07067
G1 X162.039 Y115.202 E.07058
G1 X161.487 Y115.897 E.07063
G1 X160.898 Y116.562 E.0707
G1 X160.267 Y117.204 E.07164
G1 X159.854 Y117.59 E.04499
G1 X159.169 Y118.175 E.07169
G1 X158.465 Y118.715 E.07061
G1 X157.733 Y119.218 E.07068
G1 X156.965 Y119.688 E.07166
G1 X156.471 Y119.962 E.04496
G1 X155.664 Y120.364 E.07175
G1 X154.838 Y120.724 E.07171
G1 X154.311 Y120.926 E.04491
G1 X153.456 Y121.212 E.07175
G1 X152.601 Y121.449 E.07061
G1 X151.735 Y121.641 E.07059
G1 X150.859 Y121.788 E.07069
G1 X149.978 Y121.888 E.07056
G1 X149.092 Y121.942 E.07064
G1 X148.204 Y121.95 E.07067
G1 X147.304 Y121.911 E.07169
G1 X146.741 Y121.862 E.04497
G1 X145.848 Y121.744 E.07168
G1 X144.962 Y121.58 E.07171
G1 X144.412 Y121.453 E.04492
G1 X143.544 Y121.212 E.07169
G1 X142.702 Y120.93 E.07067
G1 X141.876 Y120.605 E.07064
G1 X141.056 Y120.231 E.07172
G1 X140.553 Y119.975 E.04492
G1 X139.769 Y119.531 E.0717
G1 X139.02 Y119.054 E.07067
G1 X138.298 Y118.539 E.07058
G1 X137.603 Y117.987 E.07063
G1 X136.938 Y117.398 E.0707
G1 X136.296 Y116.767 E.07164
G1 X135.91 Y116.354 E.04499
G1 X135.325 Y115.669 E.07169
G1 X134.785 Y114.965 E.07061
G1 X134.275 Y114.222 E.07172
G1 X133.975 Y113.743 E.04498
G1 X133.532 Y112.959 E.07166
G1 X133.136 Y112.164 E.07068
G1 X132.782 Y111.351 E.07057
G1 X132.471 Y110.519 E.07069
G1 X132.204 Y109.673 E.0706
G1 X131.982 Y108.814 E.07061
G1 X131.802 Y107.931 E.07172
G1 X131.714 Y107.373 E.04496
G1 X131.612 Y106.478 E.07169
G1 X131.558 Y105.592 E.07064
G1 X131.55 Y104.704 E.07067
G1 X131.589 Y103.814 E.0709
G1 X131.661 Y103.042 E.0617
G1 X131.755 Y102.355 E.05518
G1 X131.918 Y101.475 E.07122
G1 X132.125 Y100.612 E.07063
G1 X132.377 Y99.761 E.07063
G1 X132.675 Y98.921 E.07093
G1 X132.969 Y98.205 E.0616
G1 X133.26 Y97.575 E.05523
G1 X133.673 Y96.781 E.07122
G1 X134.123 Y96.016 E.07063
G1 X134.62 Y95.265 E.07167
G1 X134.953 Y94.808 E.045
G1 X135.513 Y94.103 E.07165
G1 X136.102 Y93.438 E.0707
G1 X136.726 Y92.802 E.07091
G1 X137.296 Y92.278 E.06162
G1 X137.826 Y91.829 E.05528
G1 X138.535 Y91.285 E.07112
G1 X139.27 Y90.78 E.07097
G1 X139.93 Y90.374 E.06167
G1 X140.535 Y90.035 E.05519
G1 X141.336 Y89.636 E.07122
G1 X142.149 Y89.282 E.07057
G1 X142.984 Y88.97 E.07094
G1 X143.723 Y88.735 E.06171
G1 X144.392 Y88.552 E.0552
G1 X145.265 Y88.359 E.07115
G1 X146.141 Y88.212 E.07069
G1 X147.022 Y88.112 E.07056
G1 X147.912 Y88.057 E.07096
G1 X148.45 Y88.051 E.04282
G1 E-8 F7200
G1 Z3.4 F3000
G1 X136.218 Y94.144 F12000
G1 Z3.2 F3000
G1 E8 F7200
;TYPE:Internal infill
G1 E-10F300
G1 F12000.0
T0
G1 E16F300
G1 F12000.0
;WIDTH:0.675
G1 F949.248
G1 X137.551 Y92.798 E.09956
G1 X138.327 Y92.897 E.04112
G1 X139.005 Y92.819 E.03587
G1 X139.684 Y92.525 E.03889
G1 X140.362 Y91.944 E.04693
G1 X141.04 Y91.216 E.05229
G1 X141.718 Y90.627 E.0472
G1 X142.396 Y90.252 E.04072
G1 X143.074 Y90.045 E.03726
G1 X143.753 Y89.975 E.03588
G1 X144.431 Y90.054 E.03588
G1 X145.109 Y90.347 E.03882
G1 X145.787 Y90.928 E.04693
G1 X146.465 Y91.657 E.05232
G1 X147.144 Y92.246 E.04724
G1 X147.822 Y92.621 E.04072
G1 X148.5 Y92.827 E.03724
G1 X149.178 Y92.897 E.03582
G1 X149.856 Y92.819 E.03587
G1 X150.535 Y92.525 E.03889
G1 X151.213 Y91.944 E.04693
G1 X151.891 Y91.216 E.05229
G1 X152.569 Y90.627 E.0472
G1 X153.247 Y90.252 E.04072
G1 X153.926 Y90.045 E.03731
G1 X154.604 Y89.975 E.03582
G1 X155.213 Y90.046 E.03222
G1 X156.124 Y90.487 E.0532
G1 X157.995 Y92.246 E.13497
G1 X158.673 Y92.621 E.04072
G1 X159.496 Y92.842 E.04479
G1 X160.806 Y94.164 E.09782
G1 X161.766 Y95.362 E.08069
G1 X162.303 Y96.149 E.05007
G1 X161.386 Y97.082 E.06876
M73 P57 R16
G1 X160.707 Y97.671 E.04724
G1 X160.029 Y98.046 E.04072
G1 X159.351 Y98.253 E.03726
G1 X158.673 Y98.323 E.03582
G1 X157.995 Y98.244 E.03588
G1 X157.316 Y97.951 E.03887
G1 X156.638 Y97.37 E.04693
G1 X155.96 Y96.641 E.05232
G1 X155.282 Y96.052 E.0472
G1 X154.604 Y95.677 E.04072
G1 X153.926 Y95.471 E.03724
G1 X153.247 Y95.401 E.03588
G1 X152.569 Y95.479 E.03587
G1 X151.891 Y95.773 E.03884
G1 X151.213 Y96.354 E.04693
G1 X150.535 Y97.082 E.05229
G1 X149.856 Y97.671 E.04724
G1 X149.178 Y98.046 E.04072
G1 X148.5 Y98.253 E.03726
G1 X147.822 Y98.323 E.03582
G1 X147.144 Y98.244 E.03588
G1 X146.465 Y97.951 E.03887
G1 X145.787 Y97.37 E.04693
G1 X145.109 Y96.641 E.05232
G1 X144.431 Y96.052 E.0472
G1 X143.753 Y95.677 E.04072
G1 X143.074 Y95.471 E.03729
G1 X142.396 Y95.401 E.03582
G1 X141.718 Y95.479 E.03587
G1 X141.04 Y95.773 E.03884
G1 X140.362 Y96.354 E.04693
G1 X139.684 Y97.082 E.05229
G1 X139.005 Y97.671 E.04724
G1 X138.327 Y98.046 E.04072
G1 X137.649 Y98.253 E.03726
G1 X136.971 Y98.323 E.03582
G1 X136.293 Y98.244 E.03588
G1 X135.614 Y97.951 E.03887
G1 X134.936 Y97.37 E.04693
G1 X134.345 Y96.734 E.04563
G1 X133.478 Y98.427 E.09997
G1 X132.905 Y99.933 E.08469
G1 X132.638 Y100.853 E.05035
G1 X132.902 Y100.826 E.01395
G1 X133.58 Y100.905 E.03588
G1 X134.258 Y101.198 E.03882
G1 X134.936 Y101.779 E.04693
G1 X135.614 Y102.508 E.05232
G1 X136.293 Y103.097 E.04724
G1 X136.971 Y103.472 E.04072
G1 X137.649 Y103.678 E.03724
G1 X138.327 Y103.748 E.03582
G1 X139.005 Y103.67 E.03587
G1 X139.684 Y103.376 E.03889
G1 X140.362 Y102.795 E.04693
G1 X141.04 Y102.067 E.05229
G1 X141.718 Y101.478 E.0472
G1 X142.396 Y101.103 E.04072
G1 X143.074 Y100.896 E.03726
G1 X143.753 Y100.826 E.03588
G1 X144.431 Y100.905 E.03588
G1 X145.109 Y101.198 E.03882
G1 X145.787 Y101.779 E.04693
G1 X146.465 Y102.508 E.05232
G1 X147.144 Y103.097 E.04724
G1 X147.822 Y103.472 E.04072
G1 X148.5 Y103.678 E.03724
G1 X149.178 Y103.748 E.03582
G1 X149.856 Y103.67 E.03587
G1 X150.535 Y103.376 E.03889
G1 X151.213 Y102.795 E.04693
G1 X151.891 Y102.067 E.05229
G1 X152.569 Y101.478 E.0472
G1 X153.247 Y101.103 E.04072
G1 X153.926 Y100.896 E.03731
G1 X154.604 Y100.826 E.03582
G1 X155.282 Y100.905 E.03588
G1 X155.96 Y101.198 E.03882
G1 X156.638 Y101.779 E.04693
G1 X157.316 Y102.508 E.05232
G1 X157.995 Y103.097 E.04724
G1 X158.673 Y103.472 E.04072
G1 X159.351 Y103.678 E.03724
G1 X160.029 Y103.748 E.03582
G1 X160.707 Y103.67 E.03587
G1 X161.386 Y103.376 E.03889
G1 X162.064 Y102.795 E.04693
G1 X162.742 Y102.067 E.05229
G1 X163.42 Y101.478 E.0472
G1 X164.098 Y101.103 E.04072
G1 X164.404 Y101.01 E.01681
G1 X164.755 Y102.872 E.09959
G1 E-8 F7200
G1 Z3.4 F3000
G1 X164.887 Y104.446 F12000
G1 Z3.2 F3000
G1 E8 F7200
G1 F949.248
G1 X164.838 Y106.34 E.09958
G1 X164.098 Y106.252 E.03917
G1 X163.42 Y106.33 E.03587
G1 X162.742 Y106.624 E.03884
G1 X162.064 Y107.205 E.04693
G1 X161.386 Y107.933 E.05229
G1 X160.707 Y108.522 E.04724
G1 X160.029 Y108.897 E.04072
G1 X159.351 Y109.104 E.03726
G1 X158.673 Y109.174 E.03582
G1 X157.995 Y109.095 E.03588
G1 X157.316 Y108.802 E.03887
G1 X156.638 Y108.221 E.04693
G1 X155.96 Y107.492 E.05232
G1 X155.282 Y106.903 E.0472
G1 X154.604 Y106.528 E.04072
G1 X153.926 Y106.322 E.03724
G1 X153.247 Y106.252 E.03588
G1 X152.569 Y106.33 E.03587
G1 X151.891 Y106.624 E.03884
G1 X151.213 Y107.205 E.04693
G1 X150.535 Y107.933 E.05229
G1 X149.856 Y108.522 E.04724
G1 X149.178 Y108.897 E.04072
G1 X148.5 Y109.104 E.03726
G1 X147.822 Y109.174 E.03582
G1 X147.144 Y109.095 E.03588
G1 X146.465 Y108.802 E.03887
G1 X145.787 Y108.221 E.04693
G1 X145.109 Y107.492 E.05232
G1 X144.431 Y106.903 E.0472
G1 X143.753 Y106.528 E.04072
G1 X143.074 Y106.322 E.03729
G1 X142.396 Y106.252 E.03582
G1 X141.718 Y106.33 E.03587
G1 X141.04 Y106.624 E.03884
G1 X140.362 Y107.205 E.04693
G1 X139.684 Y107.933 E.05229
G1 X139.005 Y108.522 E.04724
G1 X138.327 Y108.897 E.04072
G1 X137.649 Y109.104 E.03726
G1 X136.971 Y109.174 E.03582
G1 X136.293 Y109.095 E.03588
G1 X135.614 Y108.802 E.03887
G1 X134.936 Y108.221 E.04693
G1 X134.258 Y107.492 E.05232
G1 X133.58 Y106.903 E.0472
G1 X132.902 Y106.528 E.04072
G1 X132.158 Y106.315 E.04067
G1 X132.422 Y108.191 E.09957
G1 E-8 F7200
G1 Z3.4 F3000
G1 X132.885 Y109.985 F12000
G1 Z3.2 F3000
G1 E8 F7200
G1 F949.248
G1 X133.563 Y111.754 E.09957
G1 X134.258 Y112.049 E.03968
G1 X134.936 Y112.63 E.04693
G1 X135.614 Y113.359 E.05232
G1 X136.293 Y113.948 E.04724
G1 X136.971 Y114.323 E.04072
G1 X137.649 Y114.529 E.03724
G1 X138.327 Y114.599 E.03582
G1 X139.005 Y114.521 E.03587
G1 X139.684 Y114.227 E.03889
G1 X140.362 Y113.646 E.04693
G1 X141.04 Y112.918 E.05229
G1 X141.718 Y112.329 E.0472
G1 X142.396 Y111.954 E.04072
G1 X143.074 Y111.747 E.03726
G1 X143.753 Y111.677 E.03588
G1 X144.431 Y111.756 E.03588
G1 X145.109 Y112.049 E.03882
G1 X145.787 Y112.63 E.04693
G1 X146.465 Y113.359 E.05232
G1 X147.144 Y113.948 E.04724
G1 X147.822 Y114.323 E.04072
G1 X148.5 Y114.529 E.03724
G1 X149.178 Y114.599 E.03582
G1 X149.856 Y114.521 E.03587
G1 X150.535 Y114.227 E.03889
G1 X151.213 Y113.646 E.04693
G1 X151.891 Y112.918 E.05229
G1 X152.569 Y112.329 E.0472
G1 X153.247 Y111.954 E.04072
G1 X153.926 Y111.747 E.03731
G1 X154.604 Y111.677 E.03582
G1 X155.282 Y111.756 E.03588
G1 X155.96 Y112.049 E.03882
G1 X156.638 Y112.63 E.04693
G1 X157.316 Y113.359 E.05232
G1 X157.995 Y113.948 E.04724
G1 X158.673 Y114.323 E.04072
G1 X159.351 Y114.529 E.03724
G1 X160.029 Y114.599 E.03582
G1 X160.707 Y114.521 E.03587
G1 X161.386 Y114.227 E.03889
G1 X162.064 Y113.646 E.04693
G1 X162.961 Y112.727 E.06749
G1 X163.752 Y111.005 E.0996
G1 E-8 F7200
G1 Z3.4 F3000
G1 X155.059 Y120.022 F12000
G1 Z3.2 F3000
G1 E8 F7200
G1 F949.248
G1 X156.751 Y119.168 E.09961
G1 X155.96 Y118.343 E.06007
G1 X155.282 Y117.754 E.0472
G1 X154.604 Y117.379 E.04072
G1 X153.926 Y117.173 E.03724
G1 X153.247 Y117.103 E.03588
G1 X152.569 Y117.181 E.03587
G1 X151.891 Y117.475 E.03884
G1 X151.213 Y118.056 E.04693
G1 X150.535 Y118.784 E.05229
G1 X149.856 Y119.373 E.04724
G1 X149.178 Y119.748 E.04072
G1 X148.5 Y119.955 E.03726
G1 X147.822 Y120.025 E.03582
G1 X147.144 Y119.946 E.03588
G1 X146.465 Y119.653 E.03887
G1 X145.787 Y119.072 E.04693
G1 X145.109 Y118.343 E.05232
G1 X144.431 Y117.754 E.0472
G1 X143.753 Y117.379 E.04072
G1 X143.074 Y117.173 E.03729
G1 X142.396 Y117.103 E.03582
G1 X141.718 Y117.181 E.03587
G1 X141.04 Y117.475 E.03884
G1 X140.362 Y118.056 E.04693
G1 X139.661 Y118.804 E.05388
G1 X141.31 Y119.737 E.09958
;LAYER_CHANGE
;Z:3.4
;HEIGHT:0.2

G1 E-8 F7200
G1 Z3.4 F3000
;AFTER_LAYER_CHANGE
;3.4
G92 E0
_ON_LAYER_CHANGE LAYER=17
G1 Z3.6
G1 X148.504 Y85.342 F12000
G1 Z3.4 F3000
G1 E8 F7200
;TYPE:External perimeter
;WIDTH:0.674999
G1 F949.248
G1 X148.727 Y85.34 E.01172
G1 X149.528 Y85.364 E.04212
G1 X150.555 Y85.445 E.05414
G1 X151.576 Y85.58 E.05413
G1 X152.589 Y85.768 E.05415
G1 X153.255 Y85.921 E.03592
G1 X154.249 Y86.197 E.05422
G1 X155.225 Y86.523 E.05408
G1 X156.183 Y86.901 E.05413
G1 X157.119 Y87.328 E.05407
G1 X158.033 Y87.803 E.05414
G1 X158.92 Y88.326 E.05412
G1 X159.682 Y88.828 E.04796
G1 X160.332 Y89.296 E.0421
G1 X161.139 Y89.938 E.0542
G1 X161.91 Y90.62 E.0541
G1 X162.645 Y91.342 E.05415
G1 X163.111 Y91.842 E.03592
G1 X163.781 Y92.626 E.0542
G1 X164.407 Y93.443 E.0541
G1 X164.991 Y94.292 E.05416
G1 X165.353 Y94.872 E.03593
G1 X165.861 Y95.769 E.05418
G1 X166.32 Y96.69 E.05408
G1 X166.731 Y97.636 E.05421
G1 X166.976 Y98.274 E.03592
G1 X167.303 Y99.251 E.05415
G1 X167.578 Y100.243 E.0541
G1 X167.801 Y101.248 E.05411
G1 X167.971 Y102.264 E.05414
G1 X168.088 Y103.286 E.05406
G1 X168.15 Y104.314 E.05413
G1 X168.159 Y105.343 E.05408
G1 X168.114 Y106.372 E.05413
G1 X168.016 Y107.398 E.05417
G1 X167.921 Y108.074 E.03588
G1 X167.732 Y109.089 E.05426
G1 X167.579 Y109.755 E.03592
G1 X167.303 Y110.749 E.05422
G1 X166.977 Y111.725 E.05408
G1 X166.599 Y112.683 E.05413
G1 X166.172 Y113.621 E.05417
G1 X165.862 Y114.23 E.03592
G1 X165.354 Y115.127 E.05418
G1 X164.801 Y115.995 E.05409
G1 X164.203 Y116.833 E.05411
G1 X163.562 Y117.639 E.05412
G1 X162.88 Y118.41 E.0541
G1 X162.158 Y119.145 E.05415
G1 X161.658 Y119.611 E.03592
G1 X160.874 Y120.281 E.0542
G1 X160.057 Y120.907 E.0541
G1 X159.209 Y121.49 E.05409
G1 X158.331 Y122.028 E.05412
G1 X157.425 Y122.52 E.05419
G1 X156.811 Y122.82 E.03592
G1 X155.864 Y123.231 E.05426
G1 X155.226 Y123.476 E.03592
G1 X154.249 Y123.803 E.05415
G1 X153.257 Y124.078 E.0541
G1 X152.252 Y124.301 E.05411
G1 X151.236 Y124.471 E.05414
G1 X150.214 Y124.588 E.05406
G1 X149.186 Y124.65 E.05413
G1 X148.156 Y124.659 E.05414
G1 X147.244 Y124.622 E.04797
G1 X146.446 Y124.555 E.04209
G1 X145.424 Y124.42 E.05418
G1 X144.411 Y124.232 E.05415
G1 X143.745 Y124.079 E.03592
G1 X142.751 Y123.803 E.05422
G1 X141.775 Y123.477 E.05408
G1 X140.817 Y123.099 E.05413
G1 X139.879 Y122.672 E.05417
G1 X139.27 Y122.362 E.03592
G1 X138.373 Y121.854 E.05418
G1 X137.505 Y121.301 E.05409
G1 X136.667 Y120.703 E.05411
G1 X135.861 Y120.062 E.05412
G1 X135.09 Y119.38 E.0541
G1 X134.355 Y118.658 E.05415
G1 X133.889 Y118.158 E.03592
G1 X133.219 Y117.374 E.0542
G1 X132.593 Y116.557 E.0541
G1 X132.009 Y115.708 E.05416
G1 X131.647 Y115.128 E.03593
G1 X131.139 Y114.231 E.05418
G1 X130.68 Y113.31 E.05408
G1 X130.269 Y112.364 E.05421
G1 X130.024 Y111.726 E.03592
G1 X129.697 Y110.749 E.05415
G1 X129.422 Y109.757 E.0541
G1 X129.199 Y108.752 E.05411
G1 X129.029 Y107.736 E.05414
G1 X128.912 Y106.714 E.05406
G1 X128.85 Y105.686 E.05413
G1 X128.841 Y104.657 E.05408
G1 X128.886 Y103.628 E.05413
G1 X128.971 Y102.719 E.04798
G1 X129.08 Y101.925 E.04212
G1 X129.267 Y100.912 E.05414
G1 X129.508 Y99.911 E.05411
G1 X129.8 Y98.924 E.0541
G1 X130.144 Y97.953 E.05414
G1 X130.491 Y97.109 E.04796
G1 X130.827 Y96.381 E.04214
G1 X131.303 Y95.468 E.05412
G1 X131.825 Y94.581 E.05409
G1 X132.394 Y93.721 E.0542
G1 X132.796 Y93.168 E.03593
G1 X133.438 Y92.361 E.0542
G1 X134.12 Y91.59 E.0541
G1 X134.841 Y90.856 E.05408
G1 X135.601 Y90.16 E.05416
G1 X136.304 Y89.578 E.04797
G1 X136.942 Y89.093 E.04212
G1 X137.791 Y88.51 E.05413
G1 X138.569 Y88.031 E.04802
G1 X139.268 Y87.64 E.04209
G1 X140.19 Y87.18 E.05415
G1 X141.136 Y86.769 E.05421
G1 X141.774 Y86.524 E.03592
G1 X142.751 Y86.197 E.05415
G1 X143.743 Y85.922 E.0541
G1 X144.748 Y85.699 E.05411
G1 X145.764 Y85.529 E.05414
G1 X146.786 Y85.412 E.05406
G1 X147.814 Y85.35 E.05413
G1 X148.474 Y85.342 E.03469
G1 X149.074 Y85.351 F12000
G1 X148.497 Y86.137
;TYPE:Perimeter
G1 E-10F300
G1 F12000.0
T1
G1 E20F300
;WIDTH:0.999999
G1 F626.907
G1 X148.719 Y86.134 E.01767
G1 X149.485 Y86.158 E.06099
G1 X150.472 Y86.236 E.07879
G1 X151.452 Y86.365 E.07866
G1 X152.428 Y86.546 E.079
G1 X153.06 Y86.692 E.05162
G1 X154.016 Y86.957 E.07895
G1 X154.953 Y87.27 E.07862
G1 X155.872 Y87.632 E.0786
G1 X156.771 Y88.042 E.07863
G1 X157.647 Y88.498 E.07859
G1 X158.499 Y89 E.0787
G1 X159.231 Y89.482 E.06975
M73 P57 R15
G1 X159.853 Y89.93 E.061
M73 P58 R15
G1 X160.628 Y90.547 E.07883
G1 X161.368 Y91.201 E.07859
G1 X162.076 Y91.897 E.07901
G1 X162.518 Y92.371 E.05158
G1 X163.163 Y93.126 E.07902
G1 X163.764 Y93.91 E.07861
G1 X164.326 Y94.728 E.07898
G1 X164.67 Y95.278 E.05163
G1 X165.159 Y96.142 E.07901
G1 X165.6 Y97.026 E.07862
G1 X165.866 Y97.639 E.05318
G1 X166.112 Y98.239 E.05161
G1 X166.386 Y99.015 E.06549
G1 X166.675 Y99.96 E.07864
G1 X166.914 Y100.918 E.07858
G1 X167.102 Y101.887 E.07855
G1 X167.24 Y102.865 E.0786
G1 X167.326 Y103.849 E.07861
G1 X167.365 Y105.329 E.11782
G1 X167.322 Y106.316 E.07862
G1 X167.226 Y107.304 E.079
G1 X167.136 Y107.947 E.05167
G1 X166.954 Y108.928 E.0794
G1 X166.808 Y109.56 E.05162
G1 X166.543 Y110.516 E.07895
G1 X166.23 Y111.453 E.07862
G1 X165.868 Y112.372 E.0786
G1 X165.456 Y113.275 E.07899
G1 X165.161 Y113.853 E.05164
G1 X164.673 Y114.717 E.07897
G1 X164.142 Y115.551 E.07868
G1 X163.568 Y116.355 E.07862
G1 X162.953 Y117.128 E.07861
G1 X162.299 Y117.868 E.07859
G1 X161.603 Y118.576 E.07901
G1 X161.129 Y119.018 E.05158
G1 X160.374 Y119.663 E.07902
G1 X159.59 Y120.264 E.07861
G1 X158.776 Y120.824 E.07863
G1 X157.934 Y121.34 E.07859
G1 X157.061 Y121.813 E.07902
G1 X156.478 Y122.098 E.05164
G1 X155.563 Y122.496 E.07941
G1 X154.958 Y122.728 E.05157
G1 X154.016 Y123.043 E.07905
G1 X153.065 Y123.307 E.07854
G1 X152.1 Y123.521 E.07866
G1 X151.126 Y123.684 E.07859
G1 X150.144 Y123.796 E.07866
G1 X149.159 Y123.856 E.07853
G1 X148.169 Y123.865 E.07879
G1 X147.294 Y123.828 E.0697
G1 X146.531 Y123.765 E.06093
G1 X145.548 Y123.635 E.07891
G1 X144.572 Y123.454 E.079
G1 X143.94 Y123.308 E.05162
G1 X142.984 Y123.043 E.07895
G1 X142.047 Y122.73 E.07862
G1 X141.128 Y122.368 E.0786
G1 X140.225 Y121.956 E.07899
G1 X139.647 Y121.661 E.05164
G1 X138.783 Y121.173 E.07897
G1 X137.949 Y120.642 E.07868
G1 X137.145 Y120.068 E.07862
G1 X136.372 Y119.453 E.07861
G1 X135.632 Y118.799 E.07859
G1 X134.924 Y118.103 E.07901
G1 X134.482 Y117.629 E.05158
G1 X133.837 Y116.874 E.07902
G1 X133.236 Y116.09 E.07861
G1 X132.674 Y115.272 E.07898
G1 X132.33 Y114.722 E.05163
G1 X131.841 Y113.858 E.07901
G1 X131.4 Y112.974 E.07862
G1 X131.004 Y112.063 E.07905
G1 X130.772 Y111.458 E.05157
G1 X130.457 Y110.516 E.07905
G1 X130.193 Y109.565 E.07854
G1 X129.979 Y108.6 E.07866
G1 X129.816 Y107.626 E.07859
G1 X129.704 Y106.644 E.07866
G1 X129.644 Y105.658 E.07861
G1 X129.635 Y104.671 E.07855
G1 X129.678 Y103.683 E.0787
G1 X129.761 Y102.81 E.06979
G1 X129.864 Y102.051 E.06096
G1 X130.045 Y101.077 E.07884
G1 X130.275 Y100.117 E.07856
G1 X130.556 Y99.17 E.07861
G1 X130.886 Y98.237 E.07876
G1 X131.22 Y97.427 E.06973
G1 X131.541 Y96.732 E.06092
G1 X131.998 Y95.853 E.07884
G1 X132.499 Y95.002 E.07859
G1 X133.047 Y94.174 E.07902
G1 X133.429 Y93.649 E.05167
G1 X134.047 Y92.872 E.07901
G1 X134.701 Y92.132 E.07859
G1 X135.394 Y91.428 E.07862
G1 X136.123 Y90.76 E.07869
G1 X136.798 Y90.201 E.06975
G1 X137.408 Y89.737 E.06099
G1 X138.225 Y89.176 E.07887
G1 X138.971 Y88.716 E.06975
G1 X139.64 Y88.342 E.06099
G1 X140.526 Y87.9 E.0788
G1 X141.437 Y87.504 E.07905
G1 X142.042 Y87.272 E.05157
G1 X142.984 Y86.957 E.07905
G1 X143.935 Y86.693 E.07854
G1 X144.9 Y86.479 E.07866
G1 X145.874 Y86.316 E.07859
G1 X146.856 Y86.204 E.07866
G1 X147.843 Y86.144 E.07869
G1 X148.467 Y86.137 E.04966
G1 X148.489 Y87.094 F12000
G1 F626.907
G1 X148.709 Y87.092 E.01751
G1 X149.432 Y87.114 E.05756
G1 X150.372 Y87.188 E.07504
G1 X151.302 Y87.31 E.07464
G1 X152.233 Y87.483 E.07536
G1 X152.824 Y87.619 E.04826
G1 X153.736 Y87.872 E.07532
G1 X154.626 Y88.17 E.07469
G1 X155.498 Y88.514 E.0746
G1 X156.351 Y88.902 E.07458
G1 X157.183 Y89.335 E.07464
G1 X157.993 Y89.813 E.07485
G1 X158.688 Y90.27 E.0662
G1 X159.275 Y90.693 E.05758
G1 X160.012 Y91.28 E.07498
G1 X160.715 Y91.901 E.07465
G1 X161.39 Y92.565 E.07535
G1 X161.804 Y93.009 E.04831
G1 X162.419 Y93.729 E.07536
G1 X162.99 Y94.473 E.07464
G1 X163.526 Y95.253 E.07532
G1 X163.847 Y95.768 E.04829
G1 X164.314 Y96.592 E.07537
G1 X164.732 Y97.431 E.0746
G1 X164.989 Y98.021 E.05121
G1 X165.218 Y98.582 E.04822
G1 X165.479 Y99.319 E.06222
G1 X165.753 Y100.215 E.07456
G1 X165.98 Y101.125 E.07464
G1 X166.158 Y102.045 E.07457
G1 X166.289 Y102.973 E.07458
G1 X166.371 Y103.907 E.07461
G1 X166.407 Y105.313 E.11193
G1 X166.366 Y106.249 E.07456
G1 X166.276 Y107.192 E.07539
G1 X166.191 Y107.793 E.0483
G1 X166.017 Y108.733 E.07608
G1 X165.881 Y109.324 E.04826
G1 X165.628 Y110.236 E.07532
G1 X165.33 Y111.126 E.07469
G1 X164.986 Y111.998 E.0746
G1 X164.594 Y112.86 E.07536
G1 X164.318 Y113.4 E.04826
G1 X163.852 Y114.224 E.07534
G1 X163.348 Y115.015 E.07464
G1 X162.804 Y115.779 E.07464
G1 X162.22 Y116.512 E.07458
G1 X161.599 Y117.215 E.07465
G1 X160.935 Y117.89 E.07535
G1 X160.491 Y118.304 E.04831
G1 X159.771 Y118.919 E.07536
G1 X159.027 Y119.49 E.07464
G1 X158.255 Y120.021 E.07457
G1 X157.455 Y120.511 E.07466
G1 X156.623 Y120.962 E.07531
G1 X156.077 Y121.228 E.04833
G1 X155.201 Y121.61 E.07605
G1 X154.634 Y121.827 E.04831
G1 X153.736 Y122.128 E.07537
G1 X152.833 Y122.378 E.07457
G1 X151.917 Y122.581 E.07467
G1 X150.993 Y122.736 E.07456
G1 X150.061 Y122.842 E.07465
G1 X149.125 Y122.899 E.07463
G1 X148.185 Y122.907 E.07481
G1 X147.354 Y122.873 E.06619
G1 X146.633 Y122.813 E.05758
G1 X145.698 Y122.69 E.07505
G1 X144.767 Y122.517 E.07536
G1 X144.176 Y122.381 E.04826
G1 X143.264 Y122.128 E.07532
G1 X142.374 Y121.83 E.07469
G1 X141.502 Y121.486 E.0746
G1 X140.64 Y121.094 E.07536
G1 X140.1 Y120.818 E.04826
G1 X139.276 Y120.352 E.07534
G1 X138.485 Y119.848 E.07464
G1 X137.721 Y119.304 E.07464
G1 X136.988 Y118.72 E.07458
G1 X136.285 Y118.099 E.07465
G1 X135.61 Y117.435 E.07535
G1 X135.196 Y116.991 E.04831
G1 X134.581 Y116.271 E.07536
G1 X134.01 Y115.527 E.07464
G1 X133.474 Y114.747 E.07532
G1 X133.153 Y114.232 E.04829
G1 X132.686 Y113.408 E.07537
G1 X132.268 Y112.569 E.0746
G1 X131.89 Y111.701 E.07534
G1 X131.673 Y111.134 E.04831
G1 X131.372 Y110.236 E.07537
G1 X131.122 Y109.333 E.07457
G1 X130.919 Y108.417 E.07467
G1 X130.764 Y107.493 E.07456
G1 X130.658 Y106.561 E.07465
G1 X130.601 Y105.625 E.07463
G1 X130.593 Y104.687 E.07465
G1 X130.634 Y103.748 E.0748
G1 X130.712 Y102.92 E.06619
G1 X130.809 Y102.203 E.05758
G1 X130.981 Y101.276 E.07503
G1 X131.2 Y100.365 E.07456
G1 X131.466 Y99.465 E.07469
G1 X131.78 Y98.579 E.07481
G1 X132.097 Y97.81 E.06619
G1 X132.4 Y97.153 E.05758
G1 X132.835 Y96.317 E.075
G1 X133.311 Y95.509 E.07463
G1 X133.834 Y94.72 E.07533
G1 X134.191 Y94.229 E.04831
G1 X134.78 Y93.488 E.07533
G1 X135.401 Y92.785 E.07465
G1 X136.059 Y92.116 E.07468
G1 X136.752 Y91.481 E.0748
G1 X137.393 Y90.951 E.06619
G1 X137.968 Y90.513 E.05752
G1 X138.747 Y89.978 E.07521
G1 X139.456 Y89.542 E.06624
G1 X140.087 Y89.189 E.05754
G1 X140.931 Y88.768 E.07506
G1 X141.799 Y88.39 E.07534
G1 X142.366 Y88.173 E.04831
G1 X143.264 Y87.872 E.07537
G1 X144.167 Y87.622 E.07457
G1 X145.083 Y87.419 E.07467
G1 X146.007 Y87.264 E.07456
G1 X146.939 Y87.158 E.07465
G1 X147.877 Y87.101 E.07479
G1 X148.459 Y87.094 E.04632
G1 X148.48 Y88.051 F12000
G1 F626.907
G1 X148.7 Y88.049 E.01751
G1 X149.38 Y88.07 E.05414
G1 X150.272 Y88.14 E.0712
G1 X151.152 Y88.256 E.07064
G1 X152.038 Y88.42 E.07171
G1 X152.588 Y88.547 E.04492
G1 X153.456 Y88.788 E.07169
G1 X154.298 Y89.07 E.07067
G1 X155.124 Y89.395 E.07064
G1 X155.932 Y89.763 E.07066
G1 X156.719 Y90.173 E.07062
G1 X157.487 Y90.625 E.07092
G1 X158.145 Y91.058 E.06269
G1 X158.697 Y91.456 E.05416
G1 X159.397 Y92.013 E.07119
G1 X160.062 Y92.602 E.0707
G1 X160.704 Y93.233 E.07164
G1 X161.09 Y93.646 E.04499
G1 X161.675 Y94.331 E.07169
G1 X162.215 Y95.035 E.07061
G1 X162.725 Y95.778 E.07172
G1 X163.025 Y96.257 E.04498
G1 X163.468 Y97.041 E.07166
M73 P59 R15
G1 X163.864 Y97.836 E.07068
G1 X164.111 Y98.402 E.04915
G1 X164.325 Y98.925 E.04497
G1 X164.571 Y99.623 E.0589
G1 X164.831 Y100.471 E.07059
G1 X165.045 Y101.332 E.0706
G1 X165.214 Y102.203 E.07061
G1 X165.338 Y103.082 E.07064
G1 X165.415 Y103.965 E.07054
G1 X165.45 Y105.296 E.10596
G1 X165.411 Y106.183 E.07066
G1 X165.325 Y107.079 E.07163
G1 X165.246 Y107.639 E.04501
G1 X165.08 Y108.538 E.07275
G1 X164.953 Y109.088 E.04492
G1 X164.712 Y109.956 E.07169
G1 X164.43 Y110.798 E.07067
G1 X164.105 Y111.624 E.07064
G1 X163.731 Y112.444 E.07172
G1 X163.475 Y112.947 E.04492
G1 X163.031 Y113.731 E.0717
G1 X162.554 Y114.48 E.07067
G1 X162.039 Y115.202 E.07058
G1 X161.487 Y115.897 E.07063
G1 X160.898 Y116.562 E.0707
G1 X160.267 Y117.204 E.07164
G1 X159.854 Y117.59 E.04499
G1 X159.169 Y118.175 E.07169
G1 X158.465 Y118.715 E.07061
G1 X157.733 Y119.218 E.07068
G1 X156.976 Y119.681 E.07062
G1 X156.185 Y120.111 E.07165
G1 X155.677 Y120.359 E.04499
G1 X154.838 Y120.724 E.07281
G1 X154.311 Y120.926 E.04491
G1 X153.456 Y121.212 E.07175
G1 X152.601 Y121.449 E.07061
G1 X151.735 Y121.641 E.07059
G1 X150.859 Y121.788 E.07069
G1 X149.978 Y121.888 E.07056
G1 X149.092 Y121.942 E.07064
G1 X148.201 Y121.95 E.07091
G1 X147.413 Y121.918 E.06276
G1 X146.735 Y121.861 E.05415
G1 X145.848 Y121.744 E.0712
G1 X144.962 Y121.58 E.07171
G1 X144.412 Y121.453 E.04492
G1 X143.544 Y121.212 E.07169
G1 X142.702 Y120.93 E.07067
G1 X141.876 Y120.605 E.07064
G1 X141.056 Y120.231 E.07172
G1 X140.553 Y119.975 E.04492
G1 X139.769 Y119.531 E.0717
G1 X139.02 Y119.054 E.07067
G1 X138.298 Y118.539 E.07058
G1 X137.603 Y117.987 E.07063
G1 X136.938 Y117.398 E.0707
G1 X136.296 Y116.767 E.07164
G1 X135.91 Y116.354 E.04499
G1 X135.325 Y115.669 E.07169
G1 X134.785 Y114.965 E.07061
G1 X134.275 Y114.222 E.07172
G1 X133.975 Y113.743 E.04498
G1 X133.532 Y112.959 E.07166
G1 X133.136 Y112.164 E.07068
G1 X132.776 Y111.338 E.07171
G1 X132.574 Y110.811 E.04491
G1 X132.288 Y109.956 E.07175
G1 X132.051 Y109.101 E.07061
G1 X131.859 Y108.235 E.07059
G1 X131.712 Y107.359 E.07069
G1 X131.612 Y106.478 E.07056
G1 X131.558 Y105.592 E.07064
G1 X131.55 Y104.704 E.07067
G1 X131.589 Y103.814 E.0709
G1 X131.662 Y103.03 E.06266
G1 X131.755 Y102.355 E.05422
G1 X131.918 Y101.475 E.07122
G1 X132.125 Y100.612 E.07063
G1 X132.377 Y99.761 E.07063
G1 X132.674 Y98.921 E.0709
G1 X132.974 Y98.193 E.06266
G1 X133.26 Y97.575 E.05419
G1 X133.673 Y96.781 E.07122
G1 X134.123 Y96.016 E.07063
G1 X134.62 Y95.265 E.07167
G1 X134.953 Y94.808 E.045
G1 X135.513 Y94.103 E.07165
G1 X136.102 Y93.438 E.0707
G1 X136.724 Y92.805 E.07062
G1 X137.381 Y92.203 E.07091
G1 X137.987 Y91.701 E.06262
G1 X138.529 Y91.289 E.05418
G1 X139.27 Y90.78 E.07154
G1 X139.941 Y90.367 E.0627
G1 X140.534 Y90.035 E.05408
G1 X141.336 Y89.636 E.07129
G1 X142.162 Y89.276 E.07171
G1 X142.689 Y89.074 E.04491
G1 X143.544 Y88.788 E.07175
G1 X144.399 Y88.551 E.07061
G1 X145.265 Y88.359 E.07059
G1 X146.141 Y88.212 E.07069
G1 X147.022 Y88.112 E.07056
G1 X147.912 Y88.057 E.07096
G1 X148.45 Y88.051 E.04282
G1 E-8 F7200
G1 Z3.6 F3000
G1 X139.011 Y91.632 F12000
G1 Z3.4 F3000
G1 E8 F7200
;TYPE:Internal infill
G1 E-10F300
G1 F12000.0
T0
G1 E16F300
G1 F12000.0
;WIDTH:0.675
G1 F949.248
G1 X137.532 Y92.817 E.09961
G1 X138.327 Y92.991 E.04277
G1 X139.005 Y92.977 E.03564
G1 X139.684 Y92.749 E.03764
G1 X140.362 Y92.185 E.04635
G1 X141.04 Y91.39 E.05491
G1 X141.718 Y90.717 E.05021
G1 X142.396 Y90.275 E.04254
G1 X143.074 Y90.01 E.03826
G1 X143.753 Y89.881 E.03632
G1 X144.431 Y89.895 E.03564
G1 X145.109 Y90.123 E.03759
G1 X145.787 Y90.687 E.04635
G1 X146.465 Y91.482 E.05491
G1 X147.144 Y92.155 E.05025
G1 X147.822 Y92.598 E.04257
G1 X148.5 Y92.863 E.03826
G1 X149.178 Y92.991 E.03626
G1 X149.856 Y92.977 E.03564
G1 X150.535 Y92.749 E.03764
G1 X151.213 Y92.185 E.04635
G1 X151.891 Y91.39 E.05491
G1 X152.569 Y90.717 E.05021
G1 X153.247 Y90.275 E.04254
G1 X153.926 Y90.01 E.03831
G1 X154.604 Y89.881 E.03627
G1 X154.856 Y89.886 E.01325
G1 X155.688 Y90.262 E.04799
G1 X156.78 Y90.854 E.06528
G1 X157.995 Y92.155 E.09356
G1 X158.673 Y92.598 E.04257
G1 X159.565 Y92.903 E.04955
G1 X160.306 Y93.621 E.05423
G1 X161.243 Y94.681 E.07436
G1 X162.202 Y95.997 E.08558
G1 X160.707 Y97.581 E.11448
G1 X160.029 Y98.023 E.04254
G1 X159.351 Y98.288 E.03826
G1 X158.673 Y98.417 E.03627
G1 X157.995 Y98.403 E.03564
G1 X157.316 Y98.175 E.03764
G1 X156.638 Y97.611 E.04635
G1 X155.96 Y96.816 E.05491
G1 X155.282 Y96.143 E.05021
G1 X154.604 Y95.7 E.04257
G1 X153.926 Y95.435 E.03826
G1 X153.247 Y95.307 E.03632
G1 X152.569 Y95.321 E.03564
G1 X151.891 Y95.549 E.03759
G1 X151.213 Y96.112 E.04632
G1 X150.535 Y96.908 E.05495
G1 X149.856 Y97.581 E.05025
G1 X149.178 Y98.023 E.04254
G1 X148.5 Y98.288 E.03826
G1 X147.822 Y98.417 E.03627
G1 X147.144 Y98.403 E.03564
G1 X146.465 Y98.175 E.03764
G1 X145.787 Y97.611 E.04635
G1 X145.109 Y96.816 E.05491
G1 X144.431 Y96.143 E.05021
G1 X143.753 Y95.7 E.04257
G1 X143.074 Y95.435 E.03831
G1 X142.396 Y95.307 E.03626
G1 X141.718 Y95.321 E.03564
G1 X141.04 Y95.549 E.03759
G1 X140.362 Y96.112 E.04632
G1 X139.684 Y96.908 E.05495
G1 X139.005 Y97.581 E.05025
G1 X138.327 Y98.023 E.04254
G1 X137.649 Y98.288 E.03826
G1 X136.971 Y98.417 E.03627
G1 X136.293 Y98.403 E.03564
G1 X135.614 Y98.175 E.03764
G1 X134.936 Y97.611 E.04635
G1 X134.281 Y96.843 E.05305
G1 X133.483 Y98.415 E.09266
G1 X132.905 Y99.933 E.08537
G1 X132.656 Y100.779 E.04635
G1 X132.902 Y100.732 E.01316
G1 X133.58 Y100.746 E.03564
G1 X134.258 Y100.974 E.03759
G1 X134.936 Y101.538 E.04635
G1 X135.614 Y102.333 E.05491
G1 X136.293 Y103.006 E.05025
G1 X136.971 Y103.449 E.04257
G1 X137.649 Y103.714 E.03826
G1 X138.327 Y103.842 E.03626
G1 X139.005 Y103.828 E.03564
G1 X139.684 Y103.6 E.03764
G1 X140.362 Y103.037 E.04632
G1 X141.04 Y102.241 E.05495
G1 X141.718 Y101.568 E.05021
G1 X142.396 Y101.126 E.04254
G1 X143.074 Y100.861 E.03826
G1 X143.753 Y100.732 E.03632
G1 X144.431 Y100.746 E.03564
G1 X145.109 Y100.974 E.03759
G1 X145.787 Y101.538 E.04635
G1 X146.465 Y102.333 E.05491
G1 X147.144 Y103.006 E.05025
G1 X147.822 Y103.449 E.04257
G1 X148.5 Y103.714 E.03826
G1 X149.178 Y103.842 E.03626
G1 X149.856 Y103.828 E.03564
G1 X150.535 Y103.6 E.03764
G1 X151.213 Y103.037 E.04632
G1 X151.891 Y102.241 E.05495
G1 X152.569 Y101.568 E.05021
G1 X153.247 Y101.126 E.04254
G1 X153.926 Y100.861 E.03831
G1 X154.604 Y100.732 E.03627
G1 X155.282 Y100.746 E.03564
G1 X155.96 Y100.974 E.03759
G1 X156.638 Y101.538 E.04635
G1 X157.316 Y102.333 E.05491
G1 X157.995 Y103.006 E.05025
G1 X158.673 Y103.449 E.04257
G1 X159.351 Y103.714 E.03826
G1 X160.029 Y103.842 E.03626
G1 X160.707 Y103.828 E.03564
G1 X161.386 Y103.6 E.03764
G1 X162.064 Y103.037 E.04632
G1 X162.742 Y102.241 E.05495
G1 X163.42 Y101.568 E.05021
G1 X164.098 Y101.126 E.04254
G1 X164.403 Y101.007 E.01721
G1 X164.755 Y102.869 E.0996
G1 E-8 F7200
G1 Z3.6 F3000
G1 X164.887 Y104.417 F12000
G1 Z3.4 F3000
G1 E8 F7200
G1 F949.248
G1 X164.841 Y106.311 E.09957
G1 X164.098 Y106.158 E.03987
G1 X163.42 Y106.172 E.03564
G1 X162.742 Y106.4 E.03759
G1 X162.064 Y106.963 E.04632
G1 X161.386 Y107.759 E.05495
G1 X160.707 Y108.432 E.05025
G1 X160.029 Y108.874 E.04254
G1 X159.351 Y109.139 E.03826
G1 X158.673 Y109.268 E.03627
G1 X157.995 Y109.254 E.03564
G1 X157.316 Y109.026 E.03764
G1 X156.638 Y108.462 E.04635
G1 X155.96 Y107.667 E.05491
G1 X155.282 Y106.994 E.05021
G1 X154.604 Y106.551 E.04257
G1 X153.926 Y106.286 E.03826
G1 X153.247 Y106.158 E.03632
G1 X152.569 Y106.172 E.03564
G1 X151.891 Y106.4 E.03759
G1 X151.213 Y106.963 E.04632
G1 X150.535 Y107.759 E.05495
G1 X149.856 Y108.432 E.05025
G1 X149.178 Y108.874 E.04254
G1 X148.5 Y109.139 E.03826
G1 X147.822 Y109.268 E.03627
G1 X147.144 Y109.254 E.03564
G1 X146.465 Y109.026 E.03764
G1 X145.787 Y108.462 E.04635
G1 X145.109 Y107.667 E.05491
G1 X144.431 Y106.994 E.05021
G1 X143.753 Y106.551 E.04257
G1 X143.074 Y106.286 E.03831
G1 X142.396 Y106.158 E.03626
G1 X141.718 Y106.172 E.03564
G1 X141.04 Y106.4 E.03759
G1 X140.362 Y106.963 E.04632
G1 X139.684 Y107.759 E.05495
G1 X139.005 Y108.432 E.05025
G1 X138.327 Y108.874 E.04254
G1 X137.649 Y109.139 E.03826
G1 X136.971 Y109.268 E.03627
G1 X136.293 Y109.254 E.03564
G1 X135.614 Y109.026 E.03764
G1 X134.936 Y108.462 E.04635
G1 X134.258 Y107.667 E.05491
G1 X133.58 Y106.994 E.05021
G1 X132.902 Y106.551 E.04257
G1 X132.156 Y106.273 E.04184
G1 X132.409 Y108.151 E.09959
G1 E-8 F7200
G1 Z3.6 F3000
G1 X132.828 Y109.821 F12000
G1 Z3.4 F3000
G1 E8 F7200
G1 F949.248
G1 X133.494 Y111.595 E.09959
G1 X134.258 Y111.825 E.04193
G1 X134.936 Y112.389 E.04635
G1 X135.614 Y113.184 E.05491
G1 X136.293 Y113.857 E.05025
G1 X136.971 Y114.3 E.04257
G1 X137.649 Y114.565 E.03826
G1 X138.327 Y114.693 E.03626
G1 X139.005 Y114.679 E.03564
G1 X139.684 Y114.451 E.03764
G1 X140.362 Y113.888 E.04632
G1 X141.04 Y113.092 E.05495
G1 X141.718 Y112.419 E.05021
G1 X142.396 Y111.977 E.04254
G1 X143.074 Y111.712 E.03826
G1 X143.753 Y111.583 E.03632
G1 X144.431 Y111.597 E.03564
G1 X145.109 Y111.825 E.03759
G1 X145.787 Y112.389 E.04635
G1 X146.465 Y113.184 E.05491
G1 X147.144 Y113.857 E.05025
G1 X147.822 Y114.3 E.04257
G1 X148.5 Y114.565 E.03826
G1 X149.178 Y114.693 E.03626
G1 X149.856 Y114.679 E.03564
G1 X150.535 Y114.451 E.03764
G1 X151.213 Y113.888 E.04632
G1 X151.891 Y113.092 E.05495
G1 X152.569 Y112.419 E.05021
G1 X153.247 Y111.977 E.04254
G1 X153.926 Y111.712 E.03831
G1 X154.604 Y111.583 E.03627
G1 X155.282 Y111.597 E.03564
G1 X155.96 Y111.825 E.03759
G1 X156.638 Y112.389 E.04635
G1 X157.316 Y113.184 E.05491
G1 X157.995 Y113.857 E.05025
G1 X158.673 Y114.3 E.04257
G1 X159.351 Y114.565 E.03826
G1 X160.029 Y114.693 E.03626
G1 X160.707 Y114.679 E.03564
G1 X161.386 Y114.451 E.03764
G1 X162.064 Y113.888 E.04632
G1 X162.771 Y113.063 E.0571
G1 X163.61 Y111.364 E.09959
G1 E-8 F7200
G1 Z3.6 F3000
G1 X154.891 Y120.095 F12000
G1 Z3.4 F3000
G1 E8 F7200
G1 F949.248
M73 P60 R15
G1 X156.592 Y119.258 E.09964
G1 X155.96 Y118.518 E.05115
G1 X155.282 Y117.845 E.05021
G1 X154.604 Y117.402 E.04257
G1 X153.926 Y117.137 E.03826
G1 X153.247 Y117.009 E.03632
G1 X152.569 Y117.023 E.03564
G1 X151.891 Y117.251 E.03759
G1 X151.213 Y117.815 E.04635
G1 X150.535 Y118.61 E.05491
G1 X149.856 Y119.283 E.05025
G1 X149.178 Y119.725 E.04254
G1 X148.5 Y119.99 E.03826
G1 X147.822 Y120.119 E.03627
G1 X147.144 Y120.105 E.03564
G1 X146.465 Y119.877 E.03764
G1 X145.787 Y119.313 E.04635
G1 X145.109 Y118.518 E.05491
G1 X144.431 Y117.845 E.05021
G1 X143.753 Y117.402 E.04257
G1 X143.074 Y117.137 E.03831
G1 X142.396 Y117.009 E.03626
G1 X141.718 Y117.023 E.03564
G1 X141.04 Y117.251 E.03759
G1 X140.362 Y117.815 E.04635
G1 X139.555 Y118.737 E.0644
G1 X141.199 Y119.681 E.09964
;LAYER_CHANGE
;Z:3.6
;HEIGHT:0.2

G1 E-8 F7200
G1 Z3.6 F3000
;AFTER_LAYER_CHANGE
;3.6
G92 E0
_ON_LAYER_CHANGE LAYER=18
G1 Z3.8
G1 X148.504 Y85.342 F12000
G1 Z3.6 F3000
G1 E8 F7200
;TYPE:External perimeter
;WIDTH:0.674999
G1 F949.248
G1 X148.741 Y85.34 E.01246
G1 X149.528 Y85.364 E.04138
G1 X150.555 Y85.445 E.05414
G1 X151.576 Y85.58 E.05413
G1 X152.589 Y85.768 E.05415
G1 X153.255 Y85.921 E.03592
G1 X154.249 Y86.197 E.05422
G1 X155.225 Y86.523 E.05408
G1 X156.183 Y86.901 E.05413
G1 X157.119 Y87.328 E.05407
G1 X158.033 Y87.803 E.05414
G1 X158.832 Y88.272 E.04869
G1 X159.494 Y88.699 E.0414
G1 X160.333 Y89.297 E.05415
G1 X161.139 Y89.938 E.05412
G1 X161.91 Y90.62 E.0541
G1 X162.645 Y91.342 E.05415
G1 X163.111 Y91.842 E.03592
G1 X163.781 Y92.626 E.0542
G1 X164.407 Y93.443 E.0541
G1 X164.99 Y94.291 E.05409
G1 X165.528 Y95.169 E.05412
G1 X165.972 Y95.983 E.04873
G1 X166.32 Y96.69 E.04142
G1 X166.731 Y97.636 E.05421
G1 X166.976 Y98.274 E.03592
G1 X167.303 Y99.251 E.05415
G1 X167.578 Y100.243 E.0541
G1 X167.801 Y101.248 E.05411
G1 X167.971 Y102.264 E.05414
G1 X168.088 Y103.286 E.05406
G1 X168.15 Y104.314 E.05413
G1 X168.159 Y105.343 E.05408
G1 X168.114 Y106.372 E.05413
G1 X168.027 Y107.295 E.04873
G1 X167.92 Y108.075 E.04138
G1 X167.732 Y109.089 E.0542
G1 X167.579 Y109.755 E.03592
G1 X167.303 Y110.749 E.05422
G1 X166.977 Y111.725 E.05408
G1 X166.599 Y112.684 E.05418
G1 X166.321 Y113.308 E.0359
G1 X165.861 Y114.231 E.0542
G1 X165.354 Y115.127 E.05411
G1 X164.801 Y115.995 E.05409
G1 X164.203 Y116.833 E.05411
G1 X163.562 Y117.639 E.05412
G1 X162.88 Y118.41 E.0541
G1 X162.158 Y119.145 E.05415
G1 X161.658 Y119.611 E.03592
G1 X160.874 Y120.281 E.0542
G1 X160.057 Y120.907 E.0541
G1 X159.209 Y121.49 E.05409
G1 X158.331 Y122.028 E.05412
G1 X157.425 Y122.52 E.05419
G1 X156.811 Y122.82 E.03592
G1 X155.864 Y123.231 E.05426
G1 X155.226 Y123.476 E.03592
G1 X154.249 Y123.803 E.05415
G1 X153.257 Y124.078 E.0541
G1 X152.252 Y124.301 E.05411
G1 X151.236 Y124.471 E.05414
G1 X150.214 Y124.588 E.05406
G1 X149.186 Y124.65 E.05413
G1 X148.156 Y124.659 E.05414
G1 X147.231 Y124.621 E.04866
G1 X146.446 Y124.555 E.0414
G1 X145.424 Y124.42 E.05418
G1 X144.411 Y124.232 E.05415
G1 X143.745 Y124.079 E.03592
G1 X142.751 Y123.803 E.05422
G1 X141.775 Y123.477 E.05408
G1 X140.817 Y123.099 E.05413
G1 X139.881 Y122.672 E.05407
G1 X138.966 Y122.196 E.05421
G1 X138.374 Y121.855 E.03591
G1 X137.505 Y121.301 E.05416
G1 X136.667 Y120.703 E.05411
G1 X135.861 Y120.062 E.05412
G1 X135.09 Y119.38 E.0541
G1 X134.356 Y118.658 E.05411
G1 X133.728 Y117.976 E.04873
G1 X133.22 Y117.375 E.04136
G1 X132.593 Y116.557 E.05417
G1 X132.009 Y115.708 E.05416
G1 X131.647 Y115.128 E.03593
G1 X131.139 Y114.231 E.05418
G1 X130.68 Y113.31 E.05408
G1 X130.269 Y112.366 E.05411
G1 X129.909 Y111.401 E.05413
G1 X129.599 Y110.42 E.05407
G1 X129.342 Y109.423 E.05411
G1 X129.136 Y108.414 E.05412
G1 X128.984 Y107.396 E.0541
G1 X128.894 Y106.474 E.04869
G1 X128.85 Y105.687 E.04143
G1 X128.841 Y104.656 E.05419
G1 X128.879 Y103.731 E.04866
G1 X128.945 Y102.946 E.0414
G1 X129.08 Y101.924 E.05418
G1 X129.268 Y100.911 E.05415
G1 X129.421 Y100.245 E.03592
G1 X129.697 Y99.251 E.05422
G1 X130.023 Y98.275 E.05408
G1 X130.401 Y97.317 E.05413
G1 X130.828 Y96.381 E.05407
G1 X131.303 Y95.467 E.05414
G1 X131.826 Y94.58 E.05412
G1 X132.336 Y93.806 E.04872
G1 X132.796 Y93.168 E.04134
G1 X133.438 Y92.361 E.0542
G1 X134.12 Y91.59 E.0541
G1 X134.842 Y90.856 E.05411
G1 X135.524 Y90.228 E.04873
G1 X136.125 Y89.72 E.04136
G1 X136.943 Y89.093 E.05417
G1 X137.791 Y88.51 E.05409
G1 X138.581 Y88.024 E.04875
G1 X139.268 Y87.64 E.04136
G1 X140.19 Y87.18 E.05415
G1 X141.136 Y86.769 E.05421
G1 X141.774 Y86.524 E.03592
G1 X142.751 Y86.197 E.05415
G1 X143.743 Y85.922 E.0541
G1 X144.748 Y85.699 E.05411
G1 X145.764 Y85.529 E.05414
G1 X146.786 Y85.412 E.05406
G1 X147.814 Y85.35 E.05413
G1 X148.474 Y85.343 E.03469
G1 X149.074 Y85.351 F12000
G1 X148.497 Y86.137
;TYPE:Perimeter
G1 E-10F300
G1 F12000.0
T1
G1 E20F300
;WIDTH:0.999999
G1 F626.907
G1 X148.733 Y86.134 E.01878
G1 X149.484 Y86.158 E.0598
G1 X150.472 Y86.236 E.07887
G1 X151.452 Y86.365 E.07866
G1 X152.428 Y86.546 E.079
G1 X153.06 Y86.692 E.05162
G1 X154.016 Y86.957 E.07895
G1 X154.953 Y87.27 E.07862
G1 X155.872 Y87.632 E.0786
G1 X156.771 Y88.042 E.07863
G1 X157.648 Y88.499 E.0787
G1 X158.416 Y88.949 E.07084
G1 X159.048 Y89.356 E.05982
G1 X159.855 Y89.932 E.0789
G1 X160.628 Y90.547 E.07861
G1 X161.368 Y91.201 E.07859
G1 X162.076 Y91.897 E.07901
G1 X162.518 Y92.371 E.05158
G1 X163.163 Y93.126 E.07902
G1 X163.764 Y93.91 E.07861
G1 X164.324 Y94.724 E.07863
G1 X164.84 Y95.567 E.07866
G1 X165.267 Y96.348 E.07084
G1 X165.599 Y97.023 E.05986
G1 X165.866 Y97.639 E.05343
G1 X166.112 Y98.239 E.05161
G1 X166.386 Y99.015 E.06549
G1 X166.675 Y99.96 E.07864
G1 X166.914 Y100.918 E.07858
G1 X167.102 Y101.887 E.07855
G1 X167.24 Y102.865 E.0786
G1 X167.326 Y103.849 E.07861
G1 X167.365 Y105.329 E.11782
G1 X167.322 Y106.317 E.0787
G1 X167.238 Y107.203 E.07083
G1 X167.136 Y107.949 E.05992
G1 X166.954 Y108.928 E.07925
G1 X166.808 Y109.56 E.05162
G1 X166.543 Y110.516 E.07895
G1 X166.23 Y111.453 E.07862
G1 X165.866 Y112.377 E.07903
G1 X165.602 Y112.969 E.05158
G1 X165.159 Y113.858 E.07905
G1 X164.673 Y114.717 E.07854
G1 X164.142 Y115.551 E.07868
G1 X163.568 Y116.355 E.07862
G1 X162.953 Y117.128 E.07861
M73 P60 R14
G1 X162.299 Y117.868 E.07859
G1 X161.603 Y118.576 E.07901
G1 X161.129 Y119.018 E.05158
G1 X160.374 Y119.663 E.07902
G1 X159.59 Y120.264 E.07861
G1 X158.776 Y120.824 E.07863
G1 X157.934 Y121.34 E.07859
G1 X157.061 Y121.813 E.07902
G1 X156.478 Y122.098 E.05164
G1 X155.563 Y122.496 E.07941
G1 X154.958 Y122.728 E.05157
G1 X154.016 Y123.043 E.07905
G1 X153.065 Y123.307 E.07854
G1 X152.1 Y123.521 E.07866
G1 X151.126 Y123.684 E.07859
G1 X150.144 Y123.796 E.07866
G1 X149.159 Y123.856 E.07853
G1 X148.17 Y123.865 E.07871
G1 X147.28 Y123.828 E.07089
G1 X146.531 Y123.765 E.05982
G1 X145.548 Y123.635 E.07891
G1 X144.572 Y123.454 E.079
G1 X143.94 Y123.308 E.05162
G1 X142.984 Y123.043 E.07895
G1 X142.047 Y122.73 E.07862
G1 X141.128 Y122.368 E.0786
G1 X140.229 Y121.958 E.07863
G1 X139.348 Y121.5 E.07902
G1 X138.787 Y121.175 E.0516
G1 X137.949 Y120.642 E.07904
G1 X137.145 Y120.068 E.07862
G1 X136.372 Y119.453 E.07861
G1 X135.632 Y118.799 E.07859
G1 X134.927 Y118.106 E.07867
G1 X134.325 Y117.451 E.0708
G1 X133.839 Y116.876 E.05991
G1 X133.236 Y116.09 E.07884
G1 X132.674 Y115.272 E.07898
G1 X132.33 Y114.722 E.05163
G1 X131.841 Y113.858 E.07901
G1 X131.4 Y112.974 E.07862
G1 X131.006 Y112.068 E.07862
G1 X130.66 Y111.143 E.07859
G1 X130.363 Y110.201 E.0786
G1 X130.116 Y109.244 E.07866
G1 X129.919 Y108.276 E.07861
G1 X129.773 Y107.298 E.07869
G1 X129.686 Y106.413 E.07077
G1 X129.644 Y105.661 E.05994
G1 X129.635 Y104.67 E.07887
G1 X129.672 Y103.78 E.07089
G1 X129.735 Y103.031 E.05982
G1 X129.865 Y102.048 E.07891
G1 X130.046 Y101.072 E.079
G1 X130.192 Y100.44 E.05162
G1 X130.457 Y99.484 E.07895
G1 X130.77 Y98.547 E.07862
G1 X131.132 Y97.628 E.0786
G1 X131.542 Y96.729 E.07863
G1 X131.998 Y95.853 E.07859
G1 X132.5 Y95.001 E.0787
G1 X132.99 Y94.258 E.07083
G1 X133.43 Y93.648 E.05986
G1 X134.047 Y92.872 E.0789
G1 X134.701 Y92.132 E.07859
G1 X135.394 Y91.427 E.07867
G1 X136.049 Y90.825 E.0708
G1 X136.624 Y90.339 E.05991
G1 X137.41 Y89.736 E.07884
G1 X138.225 Y89.176 E.07869
G1 X138.983 Y88.709 E.07085
G1 X139.639 Y88.342 E.05982
G1 X140.526 Y87.9 E.07887
G1 X141.437 Y87.504 E.07905
G1 X142.042 Y87.272 E.05157
G1 X142.984 Y86.957 E.07905
G1 X143.935 Y86.693 E.07854
G1 X144.9 Y86.479 E.07866
G1 X145.874 Y86.316 E.07859
G1 X146.856 Y86.204 E.07866
G1 X147.843 Y86.144 E.07869
G1 X148.467 Y86.137 E.04966
G1 X148.489 Y87.094 F12000
G1 F626.907
G1 X148.723 Y87.092 E.01862
G1 X149.432 Y87.114 E.05645
G1 X150.372 Y87.188 E.07504
G1 X151.302 Y87.31 E.07464
G1 X152.233 Y87.483 E.07536
G1 X152.824 Y87.619 E.04826
G1 X153.736 Y87.872 E.07532
G1 X154.626 Y88.17 E.07469
G1 X155.498 Y88.514 E.0746
G1 X156.351 Y88.902 E.07458
G1 X157.185 Y89.336 E.07482
G1 X157.914 Y89.764 E.06727
G1 X158.511 Y90.149 E.05653
G1 X159.279 Y90.696 E.07504
G1 X160.012 Y91.28 E.07458
G1 X160.715 Y91.901 E.07465
M73 P61 R14
G1 X161.39 Y92.565 E.07535
G1 X161.804 Y93.009 E.04831
G1 X162.419 Y93.729 E.07536
G1 X162.99 Y94.473 E.07464
G1 X163.521 Y95.245 E.07457
G1 X164.012 Y96.047 E.07484
G1 X164.417 Y96.789 E.06727
G1 X164.73 Y97.426 E.05648
G1 X164.989 Y98.021 E.05164
G1 X165.218 Y98.582 E.04822
G1 X165.479 Y99.319 E.06222
G1 X165.753 Y100.215 E.07456
G1 X165.98 Y101.125 E.07464
G1 X166.158 Y102.045 E.07457
G1 X166.289 Y102.973 E.07458
G1 X166.371 Y103.907 E.07461
G1 X166.407 Y105.313 E.11193
G1 X166.366 Y106.251 E.07472
G1 X166.287 Y107.093 E.0673
G1 X166.191 Y107.796 E.05646
G1 X166.017 Y108.733 E.07584
G1 X165.881 Y109.324 E.04826
G1 X165.628 Y110.236 E.07532
G1 X165.33 Y111.126 E.07469
G1 X164.983 Y112.007 E.07535
G1 X164.736 Y112.561 E.04827
G1 X164.314 Y113.408 E.07531
G1 X163.852 Y114.224 E.07462
G1 X163.348 Y115.015 E.07464
G1 X162.804 Y115.779 E.07464
G1 X162.22 Y116.512 E.07458
G1 X161.599 Y117.215 E.07465
G1 X160.935 Y117.89 E.07535
G1 X160.491 Y118.304 E.04831
G1 X159.771 Y118.919 E.07536
G1 X159.027 Y119.49 E.07464
G1 X158.255 Y120.021 E.07457
G1 X157.455 Y120.511 E.07466
G1 X156.623 Y120.962 E.07531
G1 X156.077 Y121.228 E.04833
G1 X155.201 Y121.61 E.07605
G1 X154.634 Y121.827 E.04831
G1 X153.736 Y122.128 E.07537
G1 X152.833 Y122.378 E.07457
G1 X151.917 Y122.581 E.07467
G1 X150.993 Y122.736 E.07456
G1 X150.061 Y122.842 E.07465
G1 X149.125 Y122.899 E.07463
G1 X148.185 Y122.907 E.07481
G1 X147.34 Y122.872 E.0673
G1 X146.633 Y122.813 E.05646
G1 X145.698 Y122.69 E.07505
G1 X144.767 Y122.517 E.07536
G1 X144.176 Y122.381 E.04826
G1 X143.264 Y122.128 E.07532
G1 X142.374 Y121.83 E.07469
G1 X141.502 Y121.486 E.0746
G1 X140.649 Y121.098 E.07458
G1 X139.809 Y120.66 E.07539
G1 X139.283 Y120.357 E.04831
G1 X138.485 Y119.848 E.07532
G1 X137.721 Y119.304 E.07464
G1 X136.988 Y118.72 E.07458
G1 X136.285 Y118.099 E.07465
G1 X135.615 Y117.44 E.07479
G1 X135.043 Y116.818 E.06725
G1 X134.585 Y116.276 E.05647
G1 X134.01 Y115.527 E.07515
G1 X133.474 Y114.747 E.07532
G1 X133.153 Y114.232 E.04829
G1 X132.686 Y113.408 E.07537
G1 X132.268 Y112.569 E.0746
G1 X131.894 Y111.709 E.07463
G1 X131.566 Y110.831 E.07459
G1 X131.284 Y109.937 E.0746
G1 X131.049 Y109.029 E.07464
G1 X130.862 Y108.11 E.07463
G1 X130.723 Y107.181 E.07475
G1 X130.64 Y106.339 E.06733
G1 X130.601 Y105.631 E.05643
G1 X130.593 Y104.685 E.07529
G1 X130.628 Y103.84 E.0673
G1 X130.687 Y103.133 E.05646
G1 X130.81 Y102.198 E.07505
G1 X130.983 Y101.267 E.07536
G1 X131.119 Y100.676 E.04826
G1 X131.372 Y99.764 E.07532
G1 X131.67 Y98.874 E.07469
G1 X132.014 Y98.002 E.0746
G1 X132.402 Y97.149 E.07458
G1 X132.835 Y96.317 E.07464
G1 X133.312 Y95.507 E.07481
G1 X133.778 Y94.801 E.06732
G1 X134.193 Y94.226 E.05643
G1 X134.78 Y93.488 E.07504
G1 X135.401 Y92.785 E.07465
G1 X136.06 Y92.115 E.07479
G1 X136.682 Y91.543 E.06725
G1 X137.224 Y91.085 E.05647
G1 X137.973 Y90.51 E.07515
G1 X138.747 Y89.978 E.07474
G1 X139.467 Y89.535 E.06728
G1 X140.087 Y89.189 E.0565
G1 X140.931 Y88.768 E.07506
G1 X141.799 Y88.39 E.07534
G1 X142.366 Y88.173 E.04831
G1 X143.264 Y87.872 E.07537
G1 X144.167 Y87.622 E.07457
G1 X145.083 Y87.419 E.07467
G1 X146.007 Y87.264 E.07456
G1 X146.939 Y87.158 E.07465
G1 X147.877 Y87.101 E.07479
G1 X148.459 Y87.094 E.04632
G1 X148.48 Y88.051 F12000
G1 F626.907
G1 X148.713 Y88.049 E.01854
G1 X149.379 Y88.07 E.05303
G1 X150.272 Y88.14 E.07128
G1 X151.152 Y88.256 E.07064
G1 X152.038 Y88.42 E.07171
G1 X152.588 Y88.547 E.04492
G1 X153.456 Y88.788 E.07169
G1 X154.298 Y89.07 E.07067
G1 X155.124 Y89.395 E.07064
G1 X155.932 Y89.763 E.07066
G1 X156.721 Y90.174 E.0708
G1 X157.413 Y90.58 E.06385
G1 X157.973 Y90.941 E.05302
G1 X158.702 Y91.461 E.07126
G1 X159.397 Y92.013 E.07063
G1 X160.062 Y92.602 E.0707
G1 X160.704 Y93.233 E.07164
G1 X161.09 Y93.646 E.04499
G1 X161.675 Y94.331 E.07169
G1 X162.215 Y95.035 E.07061
G1 X162.718 Y95.767 E.07068
G1 X163.183 Y96.526 E.07084
G1 X163.567 Y97.23 E.06382
G1 X163.861 Y97.828 E.05303
G1 X164.111 Y98.402 E.04982
G1 X164.325 Y98.925 E.04497
G1 X164.571 Y99.623 E.0589
G1 X164.831 Y100.471 E.07059
G1 X165.045 Y101.332 E.0706
G1 X165.214 Y102.203 E.07061
G1 X165.338 Y103.082 E.07064
G1 X165.415 Y103.965 E.07054
G1 X165.45 Y105.296 E.10596
G1 X165.411 Y106.186 E.0709
G1 X165.336 Y106.983 E.06371
G1 X165.245 Y107.644 E.0531
G1 X165.08 Y108.538 E.07235
G1 X164.953 Y109.088 E.04492
G1 X164.712 Y109.956 E.07169
G1 X164.43 Y110.798 E.07067
G1 X164.1 Y111.636 E.07167
G1 X163.87 Y112.153 E.04503
G1 X163.468 Y112.959 E.07168
G1 X163.031 Y113.731 E.0706
G1 X162.554 Y114.48 E.07067
G1 X162.039 Y115.202 E.07058
G1 X161.487 Y115.897 E.07063
G1 X160.898 Y116.562 E.0707
G1 X160.267 Y117.204 E.07164
G1 X159.854 Y117.59 E.04499
G1 X159.169 Y118.175 E.07169
G1 X158.465 Y118.715 E.07061
G1 X157.733 Y119.218 E.07068
G1 X156.976 Y119.681 E.07062
G1 X156.185 Y120.111 E.07165
G1 X155.677 Y120.359 E.04499
G1 X154.838 Y120.724 E.07281
G1 X154.311 Y120.926 E.04491
G1 X153.456 Y121.212 E.07175
G1 X152.601 Y121.449 E.07061
G1 X151.735 Y121.641 E.07059
G1 X150.859 Y121.788 E.07069
G1 X149.978 Y121.888 E.07056
G1 X149.092 Y121.942 E.07064
G1 X148.201 Y121.95 E.07091
G1 X147.401 Y121.917 E.06372
G1 X146.736 Y121.861 E.05311
G1 X145.848 Y121.744 E.07128
G1 X144.962 Y121.58 E.07171
G1 X144.412 Y121.453 E.04492
G1 X143.544 Y121.212 E.07169
G1 X142.702 Y120.93 E.07067
G1 X141.876 Y120.605 E.07064
G1 X141.068 Y120.237 E.07066
G1 X140.269 Y119.821 E.07169
G1 X139.78 Y119.538 E.04496
G1 X139.02 Y119.054 E.07171
G1 X138.298 Y118.539 E.07058
G1 X137.603 Y117.987 E.07063
G1 X136.938 Y117.398 E.0707
G1 X136.303 Y116.774 E.07085
G1 X135.761 Y116.185 E.0637
G1 X135.33 Y115.675 E.05314
G1 X134.785 Y114.965 E.07123
G1 X134.275 Y114.222 E.07172
G1 X133.975 Y113.743 E.04498
G1 X133.532 Y112.959 E.07166
G1 X133.136 Y112.164 E.07068
G1 X132.782 Y111.351 E.07057
G1 X132.471 Y110.519 E.07069
G1 X132.204 Y109.673 E.0706
G1 X131.982 Y108.814 E.07061
G1 X131.805 Y107.944 E.07065
G1 X131.673 Y107.063 E.07089
G1 X131.595 Y106.266 E.06373
G1 X131.558 Y105.6 E.05308
G1 X131.55 Y104.701 E.07155
G1 X131.583 Y103.901 E.06372
G1 X131.639 Y103.236 E.05311
G1 X131.756 Y102.348 E.07128
G1 X131.92 Y101.462 E.07171
G1 X132.047 Y100.912 E.04492
G1 X132.288 Y100.044 E.07169
G1 X132.57 Y99.202 E.07067
G1 X132.895 Y98.376 E.07064
G1 X133.263 Y97.568 E.07066
G1 X133.673 Y96.781 E.07062
G1 X134.125 Y96.014 E.07085
G1 X134.566 Y95.345 E.06377
G1 X134.956 Y94.804 E.05307
G1 X135.513 Y94.103 E.07125
G1 X136.102 Y93.438 E.0707
G1 X136.726 Y92.803 E.07085
G1 X137.315 Y92.261 E.0637
G1 X137.825 Y91.83 E.05314
G1 X138.535 Y91.285 E.07123
G1 X139.269 Y90.781 E.07086
G1 X139.952 Y90.361 E.06381
G1 X140.534 Y90.035 E.05309
G1 X141.336 Y89.636 E.07129
G1 X142.162 Y89.276 E.07171
G1 X142.689 Y89.074 E.04491
G1 X143.544 Y88.788 E.07175
G1 X144.399 Y88.551 E.07061
G1 X145.265 Y88.359 E.07059
G1 X146.141 Y88.212 E.07069
G1 X147.022 Y88.112 E.07056
G1 X147.911 Y88.057 E.07088
G1 X148.45 Y88.052 E.0429
G1 E-8 F7200
G1 Z3.8 F3000
G1 X138.98 Y91.654 F12000
G1 Z3.6 F3000
G1 E8 F7200
;TYPE:Internal infill
G1 E-10F300
G1 F12000.0
T0
G1 E16F300
G1 F12000.0
;WIDTH:0.675
G1 F949.248
G1 X137.504 Y92.842 E.09958
G1 X138.327 Y93.1 E.04533
G1 X139.005 Y93.158 E.03576
G1 X139.684 Y93.011 E.03651
G1 X140.023 Y92.802 E.02093
G1 X140.362 Y92.472 E.02486
G1 X141.718 Y90.802 E.11306
G1 X142.396 Y90.286 E.04478
G1 X143.074 Y89.961 E.03952
G1 X143.753 Y89.772 E.03704
G1 X144.431 Y89.715 E.03576
G1 X145.109 Y89.862 E.03646
G1 X145.448 Y90.07 E.0209
G1 X145.787 Y90.401 E.0249
G1 X147.144 Y92.07 E.11305
G1 X147.822 Y92.587 E.04481
G1 X148.5 Y92.912 E.03952
G1 X149.178 Y93.1 E.03698
G1 X149.856 Y93.158 E.03576
G1 X150.535 Y93.011 E.03651
G1 X150.874 Y92.802 E.02093
G1 X151.213 Y92.472 E.02486
G1 X152.569 Y90.802 E.11306
G1 X153.247 Y90.286 E.04478
G1 X153.926 Y89.961 E.03956
G1 X154.582 Y89.778 E.03579
G1 X155.688 Y90.262 E.06345
G1 X157.122 Y91.053 E.08607
G1 X157.995 Y92.07 E.07044
G1 X158.673 Y92.587 E.04481
G1 X159.351 Y92.912 E.03952
G1 X159.676 Y93.002 E.01772
G1 X160.306 Y93.621 E.04642
G1 X161.243 Y94.681 E.07436
G1 X162.076 Y95.814 E.07391
G1 X160.707 Y97.496 E.11398
G1 X160.029 Y98.012 E.04478
G1 X159.351 Y98.337 E.03952
G1 X158.673 Y98.526 E.03699
G1 X157.995 Y98.583 E.03576
G1 X157.316 Y98.436 E.03651
M73 P62 R14
G1 X156.977 Y98.228 E.0209
G1 X156.638 Y97.897 E.0249
G1 X155.282 Y96.228 E.11302
G1 X154.604 Y95.711 E.04481
G1 X153.926 Y95.386 E.03952
G1 X153.247 Y95.198 E.03703
G1 X152.569 Y95.14 E.03576
G1 X151.891 Y95.287 E.03646
G1 X151.552 Y95.496 E.02093
G1 X151.213 Y95.826 E.02486
G1 X149.856 Y97.496 E.11309
G1 X149.178 Y98.012 E.04478
G1 X148.5 Y98.337 E.03952
G1 X147.822 Y98.526 E.03699
G1 X147.144 Y98.583 E.03576
G1 X146.465 Y98.436 E.03651
G1 X146.126 Y98.228 E.0209
G1 X145.787 Y97.897 E.0249
G1 X144.431 Y96.228 E.11302
G1 X143.753 Y95.711 E.04481
G1 X143.074 Y95.386 E.03956
G1 X142.396 Y95.198 E.03698
G1 X141.718 Y95.14 E.03576
G1 X141.04 Y95.287 E.03646
G1 X140.701 Y95.496 E.02093
G1 X140.362 Y95.826 E.02486
G1 X139.005 Y97.496 E.11309
G1 X138.327 Y98.012 E.04478
G1 X137.649 Y98.337 E.03952
G1 X136.971 Y98.526 E.03699
G1 X136.293 Y98.583 E.03576
G1 X135.614 Y98.436 E.03651
G1 X135.275 Y98.228 E.0209
G1 X134.936 Y97.897 E.0249
G1 X134.214 Y96.956 E.06234
G1 X133.406 Y98.593 E.09595
G1 X133.092 Y99.392 E.04512
G1 X132.687 Y100.683 E.07111
G1 X133.58 Y100.566 E.04734
G1 X134.258 Y100.713 E.03646
G1 X134.597 Y100.921 E.0209
G1 X134.936 Y101.252 E.0249
G1 X136.293 Y102.921 E.11305
G1 X136.971 Y103.438 E.04481
G1 X137.649 Y103.763 E.03952
G1 X138.327 Y103.951 E.03698
G1 X139.005 Y104.009 E.03576
G1 X139.684 Y103.862 E.03651
G1 X140.023 Y103.653 E.02093
G1 X140.362 Y103.323 E.02486
G1 X141.718 Y101.653 E.11306
G1 X142.396 Y101.137 E.04478
G1 X143.074 Y100.812 E.03952
G1 X143.753 Y100.623 E.03704
G1 X144.431 Y100.566 E.03576
G1 X145.109 Y100.713 E.03646
G1 X145.448 Y100.921 E.0209
G1 X145.787 Y101.252 E.0249
G1 X147.144 Y102.921 E.11305
G1 X147.822 Y103.438 E.04481
G1 X148.5 Y103.763 E.03952
G1 X149.178 Y103.951 E.03698
G1 X149.856 Y104.009 E.03576
G1 X150.535 Y103.862 E.03651
G1 X150.874 Y103.653 E.02093
G1 X151.213 Y103.323 E.02486
G1 X152.569 Y101.653 E.11306
G1 X153.247 Y101.137 E.04478
G1 X153.926 Y100.812 E.03956
G1 X154.604 Y100.623 E.03699
G1 X155.282 Y100.566 E.03576
G1 X155.96 Y100.713 E.03646
G1 X156.299 Y100.921 E.0209
G1 X156.638 Y101.252 E.0249
G1 X157.995 Y102.921 E.11305
G1 X158.673 Y103.438 E.04481
G1 X159.351 Y103.763 E.03952
G1 X160.029 Y103.951 E.03698
G1 X160.707 Y104.009 E.03576
G1 X161.386 Y103.862 E.03651
G1 X161.725 Y103.653 E.02093
G1 X162.064 Y103.323 E.02486
G1 X163.42 Y101.653 E.11306
G1 X164.098 Y101.137 E.04478
G1 X164.399 Y100.993 E.01754
G1 X164.753 Y102.854 E.09956
G1 E-8 F7200
G1 Z3.8 F3000
G1 X164.884 Y104.376 F12000
G1 Z3.6 F3000
G1 E8 F7200
G1 F949.248
G1 X164.846 Y106.27 E.09956
G1 X164.098 Y106.049 E.04099
G1 X163.42 Y105.991 E.03576
G1 X162.742 Y106.138 E.03646
G1 X162.403 Y106.347 E.02093
G1 X162.064 Y106.677 E.02486
G1 X160.707 Y108.347 E.11309
G1 X160.029 Y108.863 E.04478
G1 X159.351 Y109.188 E.03952
G1 X158.673 Y109.377 E.03699
G1 X157.995 Y109.434 E.03576
G1 X157.316 Y109.287 E.03651
G1 X156.977 Y109.079 E.0209
G1 X156.638 Y108.748 E.0249
G1 X155.282 Y107.079 E.11302
G1 X154.604 Y106.562 E.04481
G1 X153.926 Y106.237 E.03952
G1 X153.247 Y106.049 E.03703
G1 X152.569 Y105.991 E.03576
G1 X151.891 Y106.138 E.03646
G1 X151.552 Y106.347 E.02093
G1 X151.213 Y106.677 E.02486
G1 X149.856 Y108.347 E.11309
G1 X149.178 Y108.863 E.04478
G1 X148.5 Y109.188 E.03952
G1 X147.822 Y109.377 E.03699
G1 X147.144 Y109.434 E.03576
G1 X146.465 Y109.287 E.03651
G1 X146.126 Y109.079 E.0209
G1 X145.787 Y108.748 E.0249
G1 X144.431 Y107.079 E.11302
G1 X143.753 Y106.562 E.04481
G1 X143.074 Y106.237 E.03956
G1 X142.396 Y106.049 E.03698
G1 X141.718 Y105.991 E.03576
G1 X141.04 Y106.138 E.03646
G1 X140.701 Y106.347 E.02093
G1 X140.362 Y106.677 E.02486
G1 X139.005 Y108.347 E.11309
G1 X138.327 Y108.863 E.04478
G1 X137.649 Y109.188 E.03952
G1 X136.971 Y109.377 E.03699
G1 X136.293 Y109.434 E.03576
G1 X135.614 Y109.287 E.03651
G1 X135.275 Y109.079 E.0209
G1 X134.936 Y108.748 E.0249
G1 X133.58 Y107.079 E.11302
G1 X132.902 Y106.562 E.04481
G1 X132.148 Y106.216 E.0436
G1 X132.402 Y108.094 E.0996
G1 E-8 F7200
G1 Z3.8 F3000
G1 X132.778 Y109.648 F12000
G1 Z3.6 F3000
G1 E8 F7200
G1 F949.248
G1 X133.422 Y111.43 E.09959
G1 X133.58 Y111.417 E.00833
G1 X134.258 Y111.564 E.03646
G1 X134.597 Y111.772 E.0209
G1 X134.936 Y112.103 E.0249
G1 X136.293 Y113.772 E.11305
G1 X136.971 Y114.289 E.04481
G1 X137.649 Y114.614 E.03952
G1 X138.327 Y114.802 E.03698
G1 X139.005 Y114.86 E.03576
G1 X139.684 Y114.713 E.03651
G1 X140.023 Y114.504 E.02093
G1 X140.362 Y114.174 E.02486
G1 X141.718 Y112.504 E.11306
G1 X142.396 Y111.988 E.04478
G1 X143.074 Y111.663 E.03952
G1 X143.753 Y111.474 E.03704
G1 X144.431 Y111.417 E.03576
G1 X145.109 Y111.564 E.03646
G1 X145.448 Y111.772 E.0209
G1 X145.787 Y112.103 E.0249
G1 X147.144 Y113.772 E.11305
G1 X147.822 Y114.289 E.04481
G1 X148.5 Y114.614 E.03952
G1 X149.178 Y114.802 E.03698
G1 X149.856 Y114.86 E.03576
G1 X150.535 Y114.713 E.03651
G1 X150.874 Y114.504 E.02093
G1 X151.213 Y114.174 E.02486
G1 X152.569 Y112.504 E.11306
G1 X153.247 Y111.988 E.04478
G1 X153.926 Y111.663 E.03956
G1 X154.604 Y111.474 E.03699
G1 X155.282 Y111.417 E.03576
G1 X155.96 Y111.564 E.03646
G1 X156.299 Y111.772 E.0209
G1 X156.638 Y112.103 E.0249
G1 X157.995 Y113.772 E.11305
G1 X158.673 Y114.289 E.04481
G1 X159.351 Y114.614 E.03952
G1 X160.029 Y114.802 E.03698
G1 X160.707 Y114.86 E.03576
G1 X161.386 Y114.713 E.03651
G1 X161.725 Y114.504 E.02093
G1 X162.231 Y113.954 E.03928
G1 X163.172 Y112.309 E.0996
G1 E-8 F7200
G1 Z3.8 F3000
G1 X154.734 Y120.163 F12000
G1 Z3.6 F3000
G1 E8 F7200
G1 F949.248
G1 X156.441 Y119.34 E.0996
G1 X155.282 Y117.93 E.09593
G1 X154.604 Y117.413 E.04481
G1 X153.926 Y117.088 E.03952
G1 X153.247 Y116.9 E.03703
G1 X152.569 Y116.842 E.03576
G1 X151.891 Y116.989 E.03646
G1 X151.552 Y117.198 E.02093
G1 X151.213 Y117.528 E.02486
G1 X149.856 Y119.198 E.11309
G1 X149.178 Y119.714 E.04478
G1 X148.5 Y120.039 E.03952
G1 X147.822 Y120.228 E.03699
G1 X147.144 Y120.285 E.03576
G1 X146.465 Y120.138 E.03651
G1 X146.126 Y119.93 E.0209
G1 X145.787 Y119.599 E.0249
G1 X144.431 Y117.93 E.11302
G1 X143.753 Y117.413 E.04481
G1 X143.074 Y117.088 E.03956
G1 X142.396 Y116.9 E.03698
G1 X141.718 Y116.842 E.03576
G1 X141.04 Y116.989 E.03646
G1 X140.701 Y117.198 E.02093
G1 X140.362 Y117.528 E.02486
G1 X139.46 Y118.676 E.07673
G1 X141.099 Y119.627 E.09959
;LAYER_CHANGE
;Z:3.8
;HEIGHT:0.2

G1 E-8 F7200
G1 Z3.8 F3000
;AFTER_LAYER_CHANGE
;3.8
G92 E0
_ON_LAYER_CHANGE LAYER=19
G1 Z4
G1 X148.504 Y85.342 F12000
G1 Z3.8 F3000
G1 E8 F7200
;TYPE:External perimeter
;WIDTH:0.674999
G1 F949.248
G1 X148.755 Y85.34 E.01319
G1 X149.528 Y85.364 E.04065
G1 X150.555 Y85.445 E.05414
G1 X151.576 Y85.58 E.05413
G1 X152.588 Y85.767 E.05409
G1 X153.503 Y85.985 E.04944
G1 X154.248 Y86.196 E.0407
G1 X155.225 Y86.523 E.05415
G1 X156.183 Y86.901 E.05413
G1 X157.119 Y87.328 E.05407
G1 X158.033 Y87.803 E.05414
G1 X158.92 Y88.326 E.05412
G1 X159.705 Y88.843 E.0494
G1 X160.332 Y89.296 E.04065
G1 X161.139 Y89.938 E.0542
G1 X161.91 Y90.62 E.0541
G1 X162.644 Y91.342 E.05411
G1 X163.281 Y92.034 E.04943
G1 X163.78 Y92.625 E.04065
G1 X164.407 Y93.443 E.05417
G1 X164.991 Y94.292 E.05416
G1 X165.353 Y94.872 E.03593
G1 X165.861 Y95.769 E.05418
G1 X166.32 Y96.69 E.05408
G1 X166.731 Y97.636 E.05421
G1 X166.976 Y98.274 E.03592
G1 X167.303 Y99.251 E.05415
G1 X167.578 Y100.243 E.0541
G1 X167.801 Y101.248 E.05411
G1 X167.971 Y102.264 E.05414
G1 X168.088 Y103.286 E.05406
G1 X168.15 Y104.314 E.05413
G1 X168.159 Y105.343 E.05408
G1 X168.114 Y106.372 E.05413
G1 X168.016 Y107.398 E.05417
G1 X167.921 Y108.074 E.03588
G1 X167.732 Y109.089 E.05426
G1 X167.579 Y109.755 E.03592
G1 X167.303 Y110.749 E.05422
G1 X166.977 Y111.725 E.05408
G1 X166.599 Y112.684 E.05418
G1 X166.321 Y113.308 E.0359
G1 X165.861 Y114.231 E.0542
G1 X165.354 Y115.127 E.05411
G1 X164.801 Y115.995 E.05409
G1 X164.203 Y116.833 E.05411
G1 X163.562 Y117.639 E.05412
G1 X162.88 Y118.41 E.0541
G1 X162.158 Y119.145 E.05415
G1 X161.658 Y119.611 E.03592
G1 X160.874 Y120.281 E.0542
G1 X160.057 Y120.907 E.0541
G1 X159.209 Y121.49 E.05409
G1 X158.33 Y122.029 E.05419
G1 X157.732 Y122.36 E.03592
G1 X156.81 Y122.82 E.05415
G1 X155.864 Y123.231 E.05421
G1 X155.226 Y123.476 E.03592
G1 X154.249 Y123.803 E.05415
G1 X153.257 Y124.078 E.0541
G1 X152.252 Y124.301 E.05411
G1 X151.236 Y124.471 E.05414
G1 X150.214 Y124.588 E.05406
G1 X149.186 Y124.65 E.05413
G1 X148.157 Y124.659 E.05408
G1 X147.217 Y124.62 E.04945
G1 X146.446 Y124.555 E.04067
G1 X145.424 Y124.42 E.05418
G1 X144.411 Y124.232 E.05415
G1 X143.745 Y124.079 E.03592
G1 X142.751 Y123.803 E.05422
G1 X141.775 Y123.477 E.05408
G1 X140.817 Y123.099 E.05413
G1 X139.88 Y122.672 E.05412
G1 X139.045 Y122.239 E.04944
G1 X138.374 Y121.854 E.04066
G1 X137.505 Y121.301 E.05414
G1 X136.667 Y120.703 E.05411
G1 X135.861 Y120.062 E.05412
G1 X135.09 Y119.38 E.0541
G1 X134.355 Y118.658 E.05415
G1 X133.889 Y118.158 E.03592
G1 X133.219 Y117.374 E.0542
G1 X132.593 Y116.557 E.0541
G1 X132.009 Y115.708 E.05416
G1 X131.647 Y115.128 E.03593
G1 X131.139 Y114.231 E.05418
G1 X130.68 Y113.31 E.05408
G1 X130.269 Y112.364 E.05421
G1 X130.024 Y111.726 E.03592
G1 X129.697 Y110.749 E.05415
G1 X129.422 Y109.757 E.0541
G1 X129.199 Y108.752 E.05411
G1 X129.029 Y107.736 E.05414
G1 X128.912 Y106.714 E.05406
G1 X128.85 Y105.686 E.05413
G1 X128.841 Y104.657 E.05408
G1 X128.886 Y103.628 E.05413
G1 X128.974 Y102.692 E.04941
G1 X129.08 Y101.925 E.04069
G1 X129.268 Y100.911 E.0542
G1 X129.421 Y100.245 E.03592
G1 X129.697 Y99.251 E.05422
G1 X130.023 Y98.275 E.05408
G1 X130.401 Y97.317 E.05413
G1 X130.828 Y96.381 E.05407
G1 X131.303 Y95.468 E.05409
G1 X131.826 Y94.58 E.05416
G1 X132.343 Y93.795 E.0494
G1 X132.796 Y93.168 E.04065
G1 X133.438 Y92.361 E.0542
G1 X134.12 Y91.59 E.0541
G1 X134.842 Y90.856 E.05411
G1 X135.534 Y90.219 E.04943
G1 X136.125 Y89.72 E.04065
G1 X136.943 Y89.093 E.05417
G1 X137.791 Y88.51 E.05409
G1 X138.669 Y87.972 E.05412
G1 X139.495 Y87.522 E.04944
G1 X140.189 Y87.18 E.04066
G1 X141.134 Y86.769 E.05416
G1 X142.099 Y86.409 E.05413
G1 X142.995 Y86.124 E.04942
G1 X143.742 Y85.922 E.04067
G1 X144.748 Y85.699 E.05416
G1 X145.764 Y85.529 E.05414
G1 X146.786 Y85.412 E.05406
G1 X147.814 Y85.35 E.05413
G1 X148.474 Y85.343 E.03469
G1 X149.074 Y85.351 F12000
G1 X148.497 Y86.137
;TYPE:Perimeter
G1 E-10F300
G1 F12000.0
T1
G1 E20F300
;WIDTH:0.999999
G1 F626.907
G1 X148.746 Y86.135 E.01982
G1 X149.484 Y86.158 E.05876
G1 X150.472 Y86.236 E.07887
G1 X151.452 Y86.365 E.07866
G1 X152.424 Y86.545 E.07867
G1 X153.303 Y86.754 E.0719
G1 X154.013 Y86.956 E.05875
G1 X154.953 Y87.27 E.07887
G1 X155.872 Y87.632 E.0786
G1 X156.771 Y88.042 E.07863
G1 X157.647 Y88.498 E.07859
G1 X158.499 Y89 E.0787
G1 X159.253 Y89.497 E.07187
M73 P63 R14
G1 X159.852 Y89.93 E.05882
G1 X160.628 Y90.547 E.0789
G1 X161.368 Y91.201 E.07859
G1 X162.073 Y91.894 E.07867
G1 X162.684 Y92.559 E.07187
G1 X163.161 Y93.124 E.05884
G1 X163.764 Y93.91 E.07884
G1 X164.326 Y94.728 E.07898
G1 X164.67 Y95.278 E.05163
G1 X165.159 Y96.142 E.07901
G1 X165.6 Y97.026 E.07862
G1 X165.866 Y97.639 E.05318
G1 X166.112 Y98.239 E.05161
G1 X166.386 Y99.015 E.06549
G1 X166.675 Y99.96 E.07864
G1 X166.914 Y100.918 E.07858
G1 X167.102 Y101.887 E.07855
G1 X167.24 Y102.865 E.0786
G1 X167.326 Y103.849 E.07861
G1 X167.365 Y105.329 E.11782
G1 X167.322 Y106.316 E.07862
G1 X167.226 Y107.304 E.079
G1 X167.136 Y107.947 E.05167
G1 X166.954 Y108.928 E.0794
G1 X166.808 Y109.56 E.05162
G1 X166.543 Y110.516 E.07895
G1 X166.23 Y111.453 E.07862
G1 X165.866 Y112.377 E.07903
G1 X165.602 Y112.969 E.05158
G1 X165.159 Y113.858 E.07905
G1 X164.673 Y114.717 E.07854
G1 X164.142 Y115.551 E.07868
G1 X163.568 Y116.355 E.07862
G1 X162.953 Y117.128 E.07861
G1 X162.299 Y117.868 E.07859
G1 X161.603 Y118.576 E.07901
G1 X161.129 Y119.018 E.05158
G1 X160.374 Y119.663 E.07902
G1 X159.59 Y120.264 E.07861
G1 X158.776 Y120.824 E.07863
G1 X157.93 Y121.342 E.07894
G1 X157.362 Y121.657 E.05169
G1 X156.474 Y122.1 E.07897
G1 X155.563 Y122.496 E.07905
G1 X154.958 Y122.728 E.05157
G1 X154.016 Y123.043 E.07905
G1 X153.065 Y123.307 E.07854
G1 X152.1 Y123.521 E.07866
G1 X151.126 Y123.684 E.07859
G1 X150.144 Y123.796 E.07866
G1 X149.159 Y123.856 E.07853
G1 X148.17 Y123.865 E.07871
G1 X147.267 Y123.827 E.07193
G1 X146.531 Y123.765 E.05878
G1 X145.548 Y123.635 E.07891
G1 X144.572 Y123.454 E.079
G1 X143.94 Y123.308 E.05162
G1 X142.984 Y123.043 E.07895
G1 X142.047 Y122.73 E.07862
G1 X141.128 Y122.368 E.0786
G1 X140.228 Y121.958 E.07871
G1 X139.426 Y121.542 E.0719
G1 X138.785 Y121.174 E.05882
G1 X137.949 Y120.642 E.07886
G1 X137.145 Y120.068 E.07862
M73 P63 R13
G1 X136.372 Y119.453 E.07861
G1 X135.632 Y118.799 E.07859
G1 X134.924 Y118.103 E.07901
G1 X134.482 Y117.629 E.05158
G1 X133.837 Y116.874 E.07902
G1 X133.236 Y116.09 E.07861
G1 X132.674 Y115.272 E.07898
G1 X132.33 Y114.722 E.05163
G1 X131.841 Y113.858 E.07901
G1 X131.4 Y112.974 E.07862
G1 X131.004 Y112.063 E.07905
G1 X130.772 Y111.458 E.05157
G1 X130.457 Y110.516 E.07905
G1 X130.193 Y109.565 E.07854
G1 X129.979 Y108.6 E.07866
G1 X129.816 Y107.626 E.07859
G1 X129.704 Y106.644 E.07866
G1 X129.644 Y105.658 E.07861
G1 X129.635 Y104.671 E.07855
G1 X129.678 Y103.683 E.0787
G1 X129.764 Y102.783 E.07195
G1 X129.864 Y102.052 E.05872
G1 X130.046 Y101.072 E.07932
G1 X130.192 Y100.44 E.05162
G1 X130.457 Y99.484 E.07895
G1 X130.77 Y98.547 E.07862
G1 X131.132 Y97.628 E.0786
G1 X131.542 Y96.729 E.07863
G1 X131.998 Y95.853 E.07859
G1 X132.5 Y95.001 E.0787
G1 X132.997 Y94.247 E.07187
G1 X133.43 Y93.648 E.05882
G1 X134.047 Y92.872 E.0789
G1 X134.701 Y92.132 E.07859
G1 X135.394 Y91.427 E.07867
G1 X136.059 Y90.816 E.07187
G1 X136.624 Y90.339 E.05884
G1 X137.41 Y89.736 E.07884
G1 X138.224 Y89.176 E.07863
G1 X139.067 Y88.66 E.07866
G1 X139.861 Y88.227 E.07197
G1 X140.523 Y87.901 E.05872
G1 X141.432 Y87.506 E.07887
G1 X142.358 Y87.16 E.07867
G1 X143.22 Y86.887 E.07196
G1 X143.932 Y86.694 E.05871
G1 X144.9 Y86.479 E.07891
G1 X145.874 Y86.316 E.07859
G1 X146.856 Y86.204 E.07866
G1 X147.842 Y86.144 E.07861
G1 X148.467 Y86.137 E.04974
G1 X148.489 Y87.094 F12000
G1 F626.907
G1 X148.736 Y87.092 E.01966
G1 X149.431 Y87.114 E.05534
G1 X150.372 Y87.188 E.07512
G1 X151.302 Y87.31 E.07464
G1 X152.225 Y87.482 E.07472
G1 X153.061 Y87.681 E.06839
G1 X153.731 Y87.871 E.05542
G1 X154.626 Y88.17 E.07509
G1 X155.498 Y88.514 E.0746
G1 X156.351 Y88.902 E.07458
G1 X157.183 Y89.335 E.07464
G1 X157.992 Y89.812 E.07474
G1 X158.71 Y90.285 E.06842
G1 X159.274 Y90.693 E.0554
G1 X160.012 Y91.28 E.07504
G1 X160.715 Y91.901 E.07465
G1 X161.385 Y92.56 E.07479
G1 X161.966 Y93.192 E.06832
G1 X162.415 Y93.724 E.0554
G1 X162.99 Y94.473 E.07515
G1 X163.526 Y95.253 E.07532
G1 X163.847 Y95.768 E.04829
G1 X164.314 Y96.592 E.07537
G1 X164.732 Y97.431 E.0746
G1 X164.989 Y98.021 E.05121
G1 X165.218 Y98.582 E.04822
G1 X165.479 Y99.319 E.06222
G1 X165.753 Y100.215 E.07456
G1 X165.98 Y101.125 E.07464
G1 X166.158 Y102.045 E.07457
G1 X166.289 Y102.973 E.07458
G1 X166.371 Y103.907 E.07461
G1 X166.407 Y105.313 E.11193
G1 X166.366 Y106.249 E.07456
G1 X166.276 Y107.192 E.07539
G1 X166.191 Y107.793 E.0483
G1 X166.017 Y108.733 E.07608
G1 X165.881 Y109.324 E.04826
G1 X165.628 Y110.236 E.07532
G1 X165.33 Y111.126 E.07469
G1 X164.983 Y112.007 E.07535
G1 X164.736 Y112.561 E.04827
G1 X164.314 Y113.408 E.07531
G1 X163.852 Y114.224 E.07462
G1 X163.348 Y115.015 E.07464
G1 X162.804 Y115.779 E.07464
G1 X162.22 Y116.512 E.07458
G1 X161.599 Y117.215 E.07465
G1 X160.935 Y117.89 E.07535
G1 X160.491 Y118.304 E.04831
G1 X159.771 Y118.919 E.07536
G1 X159.027 Y119.49 E.07464
G1 X158.255 Y120.021 E.07457
G1 X157.447 Y120.515 E.07537
G1 X156.916 Y120.81 E.04834
G1 X156.069 Y121.232 E.07531
G1 X155.201 Y121.61 E.07534
G1 X154.634 Y121.827 E.04831
G1 X153.736 Y122.128 E.07537
G1 X152.833 Y122.378 E.07457
G1 X151.917 Y122.581 E.07467
G1 X150.993 Y122.736 E.07456
G1 X150.061 Y122.842 E.07465
G1 X149.125 Y122.899 E.07463
G1 X148.186 Y122.907 E.07473
G1 X147.327 Y122.871 E.06842
G1 X146.634 Y122.813 E.05534
G1 X145.698 Y122.69 E.07513
G1 X144.767 Y122.517 E.07536
G1 X144.176 Y122.381 E.04826
G1 X143.264 Y122.128 E.07532
G1 X142.374 Y121.83 E.07469
G1 X141.502 Y121.486 E.0746
G1 X140.647 Y121.097 E.07475
G1 X139.884 Y120.701 E.06841
G1 X139.281 Y120.355 E.05533
G1 X138.485 Y119.848 E.07511
G1 X137.721 Y119.304 E.07464
G1 X136.988 Y118.72 E.07458
G1 X136.285 Y118.099 E.07465
G1 X135.61 Y117.435 E.07535
G1 X135.196 Y116.991 E.04831
G1 X134.581 Y116.271 E.07536
G1 X134.01 Y115.527 E.07464
G1 X133.474 Y114.747 E.07532
G1 X133.153 Y114.232 E.04829
G1 X132.686 Y113.408 E.07537
G1 X132.268 Y112.569 E.0746
G1 X131.89 Y111.701 E.07534
G1 X131.673 Y111.134 E.04831
G1 X131.372 Y110.236 E.07537
G1 X131.122 Y109.333 E.07457
G1 X130.919 Y108.417 E.07467
G1 X130.764 Y107.493 E.07456
G1 X130.658 Y106.561 E.07465
G1 X130.601 Y105.625 E.07463
G1 X130.593 Y104.687 E.07465
G1 X130.634 Y103.749 E.07472
G1 X130.715 Y102.894 E.06835
G1 X130.809 Y102.204 E.05542
G1 X130.983 Y101.267 E.07584
G1 X131.119 Y100.676 E.04826
G1 X131.372 Y99.764 E.07532
G1 X131.67 Y98.874 E.07469
G1 X132.014 Y98.002 E.0746
G1 X132.402 Y97.149 E.07458
G1 X132.835 Y96.317 E.07464
G1 X133.312 Y95.508 E.07474
G1 X133.785 Y94.79 E.06842
G1 X134.193 Y94.226 E.0554
G1 X134.78 Y93.488 E.07504
G1 X135.401 Y92.785 E.07465
G1 X136.06 Y92.115 E.07479
G1 X136.692 Y91.534 E.06832
G1 X137.224 Y91.085 E.0554
G1 X137.973 Y90.51 E.07515
G1 X138.745 Y89.979 E.07457
G1 X139.546 Y89.488 E.07477
G1 X140.301 Y89.077 E.06841
G1 X140.925 Y88.77 E.05534
G1 X141.791 Y88.394 E.07513
G1 X142.671 Y88.065 E.07477
G1 X143.49 Y87.805 E.06838
G1 X144.161 Y87.623 E.05533
G1 X145.083 Y87.419 E.07515
G1 X146.007 Y87.264 E.07456
G1 X146.939 Y87.158 E.07465
G1 X147.877 Y87.101 E.07479
G1 X148.459 Y87.095 E.04632
G1 X148.48 Y88.052 F12000
G1 F626.907
G1 X148.725 Y88.049 E.0195
G1 X149.379 Y88.07 E.05207
G1 X150.272 Y88.14 E.07128
G1 X151.152 Y88.256 E.07064
G1 X152.027 Y88.418 E.07082
G1 X152.82 Y88.607 E.06488
G1 X153.448 Y88.785 E.05195
G1 X154.298 Y89.07 E.07135
G1 X155.124 Y89.395 E.07064
G1 X155.932 Y89.763 E.07066
G1 X156.719 Y90.173 E.07062
G1 X157.486 Y90.625 E.07085
G1 X158.166 Y91.073 E.0648
G1 X158.696 Y91.456 E.05204
G1 X159.397 Y92.013 E.07125
G1 X160.062 Y92.602 E.0707
G1 X160.697 Y93.225 E.07079
G1 X161.248 Y93.825 E.06483
G1 X161.669 Y94.324 E.05196
G1 X162.215 Y95.035 E.07134
G1 X162.725 Y95.778 E.07172
G1 X163.025 Y96.257 E.04498
M73 P64 R13
G1 X163.468 Y97.041 E.07166
G1 X163.864 Y97.836 E.07068
G1 X164.111 Y98.403 E.04922
G1 X164.325 Y98.925 E.0449
G1 X164.571 Y99.623 E.0589
G1 X164.831 Y100.471 E.07059
G1 X165.045 Y101.332 E.0706
G1 X165.214 Y102.203 E.07061
G1 X165.338 Y103.082 E.07064
G1 X165.415 Y103.965 E.07054
G1 X165.45 Y105.296 E.10596
G1 X165.411 Y106.183 E.07066
G1 X165.325 Y107.079 E.07163
G1 X165.246 Y107.639 E.04501
G1 X165.08 Y108.538 E.07275
G1 X164.953 Y109.088 E.04492
G1 X164.712 Y109.956 E.07169
G1 X164.43 Y110.798 E.07067
G1 X164.1 Y111.636 E.07167
G1 X163.87 Y112.153 E.04503
G1 X163.468 Y112.959 E.07168
G1 X163.031 Y113.731 E.0706
G1 X162.554 Y114.48 E.07067
G1 X162.039 Y115.202 E.07058
G1 X161.487 Y115.897 E.07063
G1 X160.898 Y116.562 E.0707
G1 X160.267 Y117.204 E.07164
G1 X159.854 Y117.59 E.04499
G1 X159.169 Y118.175 E.07169
G1 X158.465 Y118.715 E.07061
G1 X157.733 Y119.218 E.07068
G1 X156.965 Y119.688 E.07166
G1 X156.471 Y119.962 E.04496
G1 X155.664 Y120.364 E.07175
G1 X154.838 Y120.724 E.07171
G1 X154.311 Y120.926 E.04491
G1 X153.456 Y121.212 E.07175
G1 X152.601 Y121.449 E.07061
G1 X151.735 Y121.641 E.07059
G1 X150.859 Y121.788 E.07069
G1 X149.978 Y121.888 E.07056
G1 X149.092 Y121.942 E.07064
G1 X148.202 Y121.95 E.07083
G1 X147.388 Y121.916 E.06484
G1 X146.737 Y121.861 E.05199
G1 X145.848 Y121.744 E.07136
G1 X144.962 Y121.58 E.07171
G1 X144.412 Y121.453 E.04492
G1 X143.544 Y121.212 E.07169
G1 X142.702 Y120.93 E.07067
G1 X141.876 Y120.605 E.07064
G1 X141.066 Y120.236 E.07083
G1 X140.343 Y119.861 E.06482
G1 X139.776 Y119.536 E.05201
G1 X139.02 Y119.054 E.07135
G1 X138.298 Y118.539 E.07058
G1 X137.603 Y117.987 E.07063
G1 X136.938 Y117.398 E.0707
G1 X136.296 Y116.767 E.07164
G1 X135.91 Y116.354 E.04499
G1 X135.325 Y115.669 E.07169
G1 X134.785 Y114.965 E.07061
G1 X134.275 Y114.222 E.07172
G1 X133.975 Y113.743 E.04498
G1 X133.532 Y112.959 E.07166
G1 X133.136 Y112.164 E.07068
G1 X132.776 Y111.338 E.07171
G1 X132.574 Y110.811 E.04491
G1 X132.288 Y109.956 E.07175
G1 X132.051 Y109.101 E.07061
G1 X131.859 Y108.235 E.07059
G1 X131.712 Y107.359 E.07069
G1 X131.612 Y106.478 E.07056
G1 X131.558 Y105.592 E.07064
G1 X131.55 Y104.704 E.07067
G1 X131.589 Y103.815 E.07082
G1 X131.665 Y103.004 E.06482
G1 X131.754 Y102.357 E.05197
G1 X131.92 Y101.462 E.07244
G1 X132.047 Y100.912 E.04492
G1 X132.288 Y100.044 E.07169
G1 X132.57 Y99.202 E.07067
G1 X132.895 Y98.376 E.07064
G1 X133.263 Y97.568 E.07066
G1 X133.673 Y96.781 E.07062
G1 X134.125 Y96.014 E.07085
G1 X134.573 Y95.334 E.0648
G1 X134.956 Y94.804 E.05204
G1 X135.513 Y94.103 E.07125
G1 X136.102 Y93.438 E.0707
G1 X136.725 Y92.803 E.07079
G1 X137.325 Y92.252 E.06483
G1 X137.824 Y91.831 E.05196
G1 X138.535 Y91.285 E.07134
G1 X139.267 Y90.782 E.07068
G1 X140.026 Y90.317 E.07084
G1 X140.741 Y89.927 E.06481
G1 X141.327 Y89.639 E.05196
G1 X142.149 Y89.282 E.07132
G1 X142.983 Y88.97 E.07086
G1 X143.76 Y88.724 E.06486
G1 X144.39 Y88.553 E.05195
G1 X145.265 Y88.359 E.07132
G1 X146.141 Y88.212 E.07069
G1 X147.022 Y88.112 E.07056
G1 X147.911 Y88.057 E.07088
G1 X148.45 Y88.052 E.0429
G1 E-8 F7200
G1 Z4 F3000
G1 X138.942 Y91.68 F12000
G1 Z3.8 F3000
G1 E8 F7200
;TYPE:Internal infill
G1 E-10F300
G1 F12000.0
T0
G1 E16F300
G1 F12000.0
;WIDTH:0.675
G1 F949.248
G1 X137.47 Y92.873 E.09958
G1 X138.327 Y93.226 E.04871
G1 X139.005 Y93.365 E.03638
G1 X139.684 Y93.329 E.03574
G1 X140.023 Y93.171 E.01966
G1 X140.362 Y92.846 E.02468
G1 X141.718 Y90.883 E.12539
G1 X142.396 Y90.284 E.04755
G1 X143.074 Y89.897 E.04103
G1 X143.753 Y89.646 E.03805
G1 X144.431 Y89.507 E.03638
G1 X145.109 Y89.543 E.03568
G1 X145.448 Y89.701 E.01966
G1 X145.787 Y90.027 E.02472
G1 X147.144 Y91.99 E.12542
G1 X147.822 Y92.589 E.04755
G1 X148.5 Y92.975 E.041
G1 X149.178 Y93.226 E.038
G1 X149.856 Y93.365 E.03638
G1 X150.535 Y93.329 E.03574
G1 X150.874 Y93.171 E.01966
G1 X151.213 Y92.846 E.02468
G1 X152.569 Y90.883 E.12539
G1 X153.247 Y90.284 E.04755
G1 X153.926 Y89.897 E.04108
G1 X154.419 Y89.714 E.02764
G1 X155.688 Y90.262 E.07265
G1 X157.471 Y91.28 E.10791
G1 X157.995 Y91.99 E.04638
G1 X158.673 Y92.589 E.04755
G1 X159.351 Y92.975 E.041
G1 X159.83 Y93.153 E.02686
G1 X160.831 Y94.192 E.07583
G1 X161.949 Y95.629 E.09569
G1 X160.707 Y97.415 E.11433
G1 X160.029 Y98.014 E.04755
G1 X159.351 Y98.401 E.04103
G1 X158.673 Y98.652 E.038
G1 X157.995 Y98.791 E.03638
G1 X157.316 Y98.755 E.03574
G1 X156.977 Y98.597 E.01966
G1 X156.638 Y98.271 E.02472
G1 X155.282 Y96.308 E.12539
G1 X154.604 Y95.709 E.04755
G1 X153.926 Y95.323 E.041
G1 X153.247 Y95.071 E.03807
G1 X152.569 Y94.933 E.03636
G1 X151.891 Y94.969 E.03568
G1 X151.552 Y95.127 E.01966
G1 X151.213 Y95.452 E.02468
G1 X149.856 Y97.415 E.12542
G1 X149.178 Y98.014 E.04755
G1 X148.5 Y98.401 E.04103
G1 X147.822 Y98.652 E.038
G1 X147.144 Y98.791 E.03638
G1 X146.465 Y98.755 E.03574
G1 X146.126 Y98.597 E.01966
G1 X145.787 Y98.271 E.02472
G1 X144.431 Y96.308 E.12539
G1 X143.753 Y95.709 E.04755
G1 X143.074 Y95.323 E.04105
G1 X142.396 Y95.071 E.03802
G1 X141.718 Y94.933 E.03636
G1 X141.04 Y94.969 E.03568
G1 X140.701 Y95.127 E.01966
G1 X140.362 Y95.452 E.02468
G1 X139.005 Y97.415 E.12542
G1 X138.327 Y98.014 E.04755
G1 X137.649 Y98.401 E.04103
G1 X136.971 Y98.652 E.038
G1 X136.293 Y98.791 E.03638
G1 X135.614 Y98.755 E.03574
G1 X135.275 Y98.597 E.01966
G1 X134.936 Y98.271 E.02472
G1 X134.146 Y97.075 E.07533
G1 X133.406 Y98.593 E.08876
G1 X132.72 Y100.564 E.10969
G1 X133.58 Y100.358 E.04648
G1 X134.258 Y100.394 E.03568
G1 X134.597 Y100.552 E.01966
G1 X134.936 Y100.878 E.02472
G1 X136.293 Y102.841 E.12542
G1 X136.971 Y103.44 E.04755
G1 X137.649 Y103.826 E.041
G1 X138.327 Y104.078 E.03802
G1 X139.005 Y104.216 E.03636
G1 X139.684 Y104.18 E.03574
G1 X140.023 Y104.022 E.01966
G1 X140.362 Y103.697 E.02468
G1 X141.718 Y101.734 E.12539
G1 X142.396 Y101.135 E.04755
G1 X143.074 Y100.748 E.04103
G1 X143.753 Y100.497 E.03805
G1 X144.431 Y100.358 E.03638
G1 X145.109 Y100.394 E.03568
G1 X145.448 Y100.552 E.01966
G1 X145.787 Y100.878 E.02472
G1 X147.144 Y102.841 E.12542
G1 X147.822 Y103.44 E.04755
G1 X148.5 Y103.826 E.041
G1 X149.178 Y104.078 E.03802
G1 X149.856 Y104.216 E.03636
G1 X150.535 Y104.18 E.03574
G1 X150.874 Y104.022 E.01966
G1 X151.213 Y103.697 E.02468
G1 X152.569 Y101.734 E.12539
G1 X153.247 Y101.135 E.04755
G1 X153.926 Y100.748 E.04108
G1 X154.604 Y100.497 E.038
G1 X155.282 Y100.358 E.03638
G1 X155.96 Y100.394 E.03568
G1 X156.299 Y100.552 E.01966
G1 X156.638 Y100.878 E.02472
G1 X157.995 Y102.841 E.12542
G1 X158.673 Y103.44 E.04755
G1 X159.351 Y103.826 E.041
G1 X160.029 Y104.078 E.03802
G1 X160.707 Y104.216 E.03636
G1 X161.386 Y104.18 E.03574
G1 X161.725 Y104.022 E.01966
G1 X162.064 Y103.697 E.02468
G1 X163.42 Y101.734 E.12539
G1 X164.098 Y101.135 E.04755
G1 X164.392 Y100.967 E.0178
G1 X164.75 Y102.828 E.0996
G1 E-8 F7200
G1 Z4 F3000
G1 X164.881 Y104.321 F12000
G1 Z3.8 F3000
G1 E8 F7200
G1 F949.248
G1 X164.85 Y106.216 E.09961
G1 X164.098 Y105.923 E.04242
G1 X163.42 Y105.784 E.03638
G1 X162.742 Y105.82 E.03568
G1 X162.403 Y105.978 E.01966
G1 X162.064 Y106.303 E.02468
G1 X160.707 Y108.266 E.12542
G1 X160.029 Y108.865 E.04755
G1 X159.351 Y109.252 E.04103
G1 X158.673 Y109.503 E.038
G1 X157.995 Y109.642 E.03638
G1 X157.316 Y109.606 E.03574
G1 X156.977 Y109.448 E.01966
G1 X156.638 Y109.122 E.02472
G1 X155.282 Y107.159 E.12539
G1 X154.604 Y106.56 E.04755
G1 X153.926 Y106.174 E.041
G1 X153.247 Y105.923 E.03805
G1 X152.569 Y105.784 E.03638
G1 X151.891 Y105.82 E.03568
G1 X151.552 Y105.978 E.01966
G1 X151.213 Y106.303 E.02468
G1 X149.856 Y108.266 E.12542
G1 X149.178 Y108.865 E.04755
G1 X148.5 Y109.252 E.04103
G1 X147.822 Y109.503 E.038
G1 X147.144 Y109.642 E.03638
G1 X146.465 Y109.606 E.03574
G1 X146.126 Y109.448 E.01966
G1 X145.787 Y109.122 E.02472
G1 X144.431 Y107.159 E.12539
G1 X143.753 Y106.56 E.04755
G1 X143.074 Y106.174 E.04105
G1 X142.396 Y105.923 E.038
G1 X141.718 Y105.784 E.03638
G1 X141.04 Y105.82 E.03568
G1 X140.701 Y105.978 E.01966
G1 X140.362 Y106.303 E.02468
G1 X139.005 Y108.266 E.12542
G1 X138.327 Y108.865 E.04755
G1 X137.649 Y109.252 E.04103
G1 X136.971 Y109.503 E.038
G1 X136.293 Y109.642 E.03638
G1 X135.614 Y109.606 E.03574
G1 X135.275 Y109.448 E.01966
G1 X134.936 Y109.122 E.02472
G1 X133.58 Y107.159 E.12539
G1 X132.902 Y106.56 E.04755
G1 X132.148 Y106.146 E.04521
G1 X132.387 Y108.026 E.0996
G1 E-8 F7200
G1 Z4 F3000
G1 X132.728 Y109.466 F12000
G1 Z3.8 F3000
G1 E8 F7200
G1 F949.248
G1 X133.347 Y111.257 E.09959
G1 X133.58 Y111.21 E.01249
G1 X134.258 Y111.245 E.03568
G1 X134.597 Y111.403 E.01966
G1 X134.936 Y111.729 E.02472
G1 X136.293 Y113.692 E.12542
G1 X136.971 Y114.291 E.04755
G1 X137.649 Y114.677 E.041
G1 X138.327 Y114.929 E.03802
G1 X139.005 Y115.067 E.03636
G1 X139.684 Y115.031 E.03574
G1 X140.023 Y114.873 E.01966
G1 X140.362 Y114.548 E.02468
G1 X141.718 Y112.585 E.12539
G1 X142.396 Y111.986 E.04755
G1 X143.074 Y111.599 E.04103
G1 X143.753 Y111.348 E.03805
G1 X144.431 Y111.21 E.03636
G1 X145.109 Y111.245 E.03568
G1 X145.448 Y111.403 E.01966
G1 X145.787 Y111.729 E.02472
G1 X147.144 Y113.692 E.12542
G1 X147.822 Y114.291 E.04755
G1 X148.5 Y114.677 E.041
G1 X149.178 Y114.929 E.03802
G1 X149.856 Y115.067 E.03636
G1 X150.535 Y115.031 E.03574
G1 X150.874 Y114.873 E.01966
G1 X151.213 Y114.548 E.02468
G1 X152.569 Y112.585 E.12539
G1 X153.247 Y111.986 E.04755
G1 X153.926 Y111.599 E.04108
G1 X154.604 Y111.348 E.038
G1 X155.282 Y111.21 E.03636
G1 X155.96 Y111.245 E.03568
G1 X156.299 Y111.403 E.01966
G1 X156.638 Y111.729 E.02472
G1 X157.995 Y113.692 E.12542
G1 X158.673 Y114.291 E.04755
G1 X159.351 Y114.677 E.041
G1 X160.029 Y114.929 E.03802
G1 X160.707 Y115.067 E.03636
G1 X161.386 Y115.031 E.03574
G1 X161.513 Y114.972 E.00736
M73 P65 R13
G1 X160.274 Y116.405 E.09956
G1 E-8 F7200
G1 Z4 F3000
G1 X157.896 Y118.432 F12000
G1 Z3.8 F3000
G1 E8 F7200
G1 F949.248
G1 X156.286 Y119.43 E.09956
G1 X155.282 Y118.01 E.0914
G1 X154.604 Y117.411 E.04755
G1 X153.926 Y117.025 E.041
G1 X153.247 Y116.774 E.03805
G1 X152.569 Y116.635 E.03638
G1 X151.891 Y116.671 E.03568
G1 X151.552 Y116.829 E.01966
G1 X151.213 Y117.154 E.02468
G1 X149.856 Y119.117 E.12542
G1 X149.178 Y119.716 E.04755
G1 X148.5 Y120.103 E.04103
G1 X147.822 Y120.354 E.038
G1 X147.144 Y120.493 E.03638
G1 X146.465 Y120.457 E.03574
G1 X146.126 Y120.299 E.01966
G1 X145.787 Y119.973 E.02472
G1 X144.431 Y118.01 E.12539
G1 X143.753 Y117.411 E.04755
G1 X143.074 Y117.025 E.04105
G1 X142.396 Y116.774 E.038
G1 X141.718 Y116.635 E.03638
G1 X141.04 Y116.671 E.03568
G1 X140.701 Y116.829 E.01966
G1 X140.362 Y117.154 E.02468
G1 X139.372 Y118.62 E.09297
G1 X141.006 Y119.58 E.0996
;LAYER_CHANGE
;Z:4
;HEIGHT:0.2

G1 E-8 F7200
G1 Z4 F3000
;AFTER_LAYER_CHANGE
;4
G92 E0
_ON_LAYER_CHANGE LAYER=20
G1 Z4.2
G1 X148.504 Y85.343 F12000
G1 Z4 F3000
G1 E8 F7200
;TYPE:External perimeter
;WIDTH:0.674999
G1 F949.248
G1 X148.769 Y85.34 E.01393
G1 X149.528 Y85.364 E.03991
G1 X150.555 Y85.445 E.05414
G1 X151.576 Y85.58 E.05413
G1 X152.588 Y85.767 E.05409
G1 X153.517 Y85.989 E.0502
G1 X154.248 Y86.196 E.03993
G1 X155.225 Y86.523 E.05415
G1 X156.183 Y86.901 E.05413
G1 X157.119 Y87.328 E.05407
G1 X158.033 Y87.803 E.05414
G1 X158.856 Y88.286 E.05015
G1 X159.494 Y88.699 E.03994
G1 X160.333 Y89.297 E.05415
G1 X161.139 Y89.938 E.05412
G1 X161.91 Y90.62 E.0541
G1 X162.644 Y91.342 E.05411
G1 X163.29 Y92.044 E.05014
G1 X163.78 Y92.625 E.03995
G1 X164.407 Y93.443 E.05417
G1 X164.99 Y94.291 E.05409
G1 X165.528 Y95.169 E.05412
G1 X165.985 Y96.007 E.05017
G1 X166.32 Y96.689 E.03994
G1 X166.731 Y97.636 E.05426
G1 X166.976 Y98.274 E.03592
G1 X167.303 Y99.251 E.05415
G1 X167.578 Y100.243 E.0541
G1 X167.801 Y101.248 E.05411
G1 X167.971 Y102.264 E.05414
G1 X168.088 Y103.286 E.05406
G1 X168.15 Y104.314 E.05413
G1 X168.159 Y105.343 E.05408
G1 X168.114 Y106.372 E.05413
G1 X168.024 Y107.322 E.05015
G1 X167.92 Y108.075 E.03995
G1 X167.733 Y109.088 E.05414
G1 X167.492 Y110.09 E.05416
G1 X167.304 Y110.747 E.03592
G1 X166.977 Y111.725 E.0542
G1 X166.599 Y112.684 E.05418
G1 X166.321 Y113.308 E.0359
G1 X165.861 Y114.231 E.0542
G1 X165.354 Y115.127 E.05411
G1 X164.801 Y115.995 E.05409
G1 X164.203 Y116.833 E.05411
G1 X163.562 Y117.639 E.05412
G1 X162.88 Y118.41 E.0541
G1 X162.158 Y119.145 E.05415
G1 X161.658 Y119.611 E.03592
G1 X160.874 Y120.281 E.0542
G1 X160.057 Y120.907 E.0541
G1 X159.208 Y121.491 E.05416
G1 X158.628 Y121.853 E.03593
G1 X157.731 Y122.361 E.05418
G1 X156.81 Y122.82 E.05408
G1 X155.864 Y123.231 E.05421
G1 X155.226 Y123.476 E.03592
G1 X154.249 Y123.803 E.05415
G1 X153.257 Y124.078 E.0541
G1 X152.252 Y124.301 E.05411
G1 X151.236 Y124.471 E.05414
G1 X150.214 Y124.588 E.05406
G1 X149.186 Y124.65 E.05413
G1 X148.157 Y124.659 E.05408
G1 X147.128 Y124.614 E.05413
G1 X146.102 Y124.516 E.05417
G1 X145.426 Y124.421 E.03588
G1 X144.412 Y124.233 E.0542
G1 X143.41 Y123.992 E.05416
G1 X142.753 Y123.804 E.03592
G1 X141.775 Y123.477 E.0542
G1 X140.817 Y123.099 E.05413
G1 X139.879 Y122.672 E.05417
G1 X139.27 Y122.362 E.03592
G1 X138.373 Y121.854 E.05418
G1 X137.505 Y121.301 E.05409
G1 X136.667 Y120.703 E.05411
G1 X135.861 Y120.062 E.05412
G1 X135.09 Y119.38 E.0541
G1 X134.355 Y118.658 E.05415
G1 X133.889 Y118.158 E.03592
G1 X133.219 Y117.374 E.0542
G1 X132.593 Y116.557 E.0541
G1 X132.009 Y115.708 E.05416
G1 X131.647 Y115.128 E.03593
G1 X131.139 Y114.231 E.05418
G1 X130.68 Y113.31 E.05408
G1 X130.269 Y112.366 E.05411
G1 X129.909 Y111.401 E.05413
G1 X129.599 Y110.42 E.05407
G1 X129.342 Y109.423 E.05411
G1 X129.15 Y108.488 E.05017
G1 X129.029 Y107.738 E.03993
G1 X128.912 Y106.714 E.05417
G1 X128.85 Y105.686 E.05413
G1 X128.841 Y104.657 E.05408
G1 X128.886 Y103.628 E.05413
G1 X128.976 Y102.678 E.05015
G1 X129.08 Y101.925 E.03995
G1 X129.268 Y100.911 E.0542
G1 X129.421 Y100.245 E.03592
G1 X129.697 Y99.251 E.05422
G1 X130.023 Y98.275 E.05408
G1 X130.401 Y97.317 E.05413
G1 X130.828 Y96.381 E.05407
G1 X131.303 Y95.468 E.05409
G1 X131.825 Y94.58 E.05414
G1 X132.351 Y93.784 E.05014
G1 X132.796 Y93.168 E.03994
G1 X133.438 Y92.361 E.0542
G1 X134.12 Y91.59 E.0541
G1 X134.842 Y90.856 E.05411
G1 X135.544 Y90.21 E.05014
G1 X136.125 Y89.72 E.03995
G1 X136.943 Y89.093 E.05417
G1 X137.791 Y88.51 E.05409
G1 X138.604 Y88.01 E.05016
G1 X139.268 Y87.64 E.03995
G1 X140.19 Y87.18 E.05415
G1 X141.134 Y86.769 E.05411
G1 X142.098 Y86.409 E.05408
G1 X143.081 Y86.099 E.05417
G1 X144.004 Y85.859 E.05012
G1 X144.747 Y85.699 E.03995
G1 X145.764 Y85.529 E.05419
G1 X146.786 Y85.412 E.05406
G1 X147.814 Y85.35 E.05413
G1 X148.474 Y85.343 E.03469
G1 X149.074 Y85.35 F12000
G1 X148.497 Y86.137
;TYPE:Perimeter
G1 E-10F300
G1 F12000.0
T1
G1 E20F300
;WIDTH:0.999999
G1 F626.907
G1 X148.76 Y86.135 E.02093
G1 X149.484 Y86.158 E.05765
G1 X150.472 Y86.236 E.07887
G1 X151.452 Y86.365 E.07866
G1 X152.424 Y86.545 E.07867
G1 X153.316 Y86.758 E.07298
G1 X154.013 Y86.956 E.05766
G1 X154.953 Y87.27 E.07887
G1 X155.872 Y87.632 E.0786
G1 X156.771 Y88.042 E.07863
G1 X157.648 Y88.498 E.07866
G1 X158.439 Y88.963 E.07302
G1 X159.048 Y89.356 E.05768
G1 X159.855 Y89.932 E.0789
G1 X160.628 Y90.547 E.07861
G1 X161.368 Y91.201 E.07859
G1 X162.073 Y91.894 E.07867
G1 X162.693 Y92.57 E.073
G1 X163.161 Y93.124 E.05771
G1 X163.764 Y93.91 E.07884
G1 X164.324 Y94.724 E.07863
G1 X164.84 Y95.567 E.07866
G1 X165.279 Y96.373 E.07304
G1 X165.598 Y97.023 E.05762
G1 X165.866 Y97.639 E.05346
G1 X166.112 Y98.239 E.05161
G1 X166.386 Y99.015 E.06549
G1 X166.675 Y99.96 E.07864
G1 X166.914 Y100.918 E.07858
G1 X167.102 Y101.887 E.07855
G1 X167.24 Y102.865 E.0786
G1 X167.326 Y103.849 E.07861
G1 X167.365 Y105.329 E.11782
G1 X167.322 Y106.317 E.0787
G1 X167.235 Y107.23 E.07299
G1 X167.136 Y107.948 E.05768
G1 X166.955 Y108.923 E.07892
G1 X166.723 Y109.888 E.07898
G1 X166.545 Y110.512 E.05164
G1 X166.23 Y111.453 E.07897
G1 X165.866 Y112.377 E.07903
G1 X165.602 Y112.969 E.05158
G1 X165.159 Y113.858 E.07905
G1 X164.673 Y114.717 E.07854
G1 X164.142 Y115.551 E.07868
G1 X163.568 Y116.355 E.07862
G1 X162.953 Y117.128 E.07861
G1 X162.299 Y117.868 E.07859
G1 X161.603 Y118.576 E.07901
G1 X161.129 Y119.018 E.05158
G1 X160.374 Y119.663 E.07902
G1 X159.59 Y120.264 E.07861
G1 X158.772 Y120.826 E.07898
G1 X158.222 Y121.17 E.05163
G1 X157.358 Y121.659 E.07901
G1 X156.474 Y122.1 E.07862
G1 X155.563 Y122.496 E.07905
G1 X154.958 Y122.728 E.05157
G1 X154.016 Y123.043 E.07905
G1 X153.065 Y123.307 E.07854
G1 X152.1 Y123.521 E.07866
G1 X151.126 Y123.684 E.07859
G1 X150.144 Y123.796 E.07866
G1 X149.159 Y123.856 E.07853
G1 X148.171 Y123.865 E.07863
G1 X147.184 Y123.822 E.07862
G1 X146.196 Y123.726 E.079
G1 X145.553 Y123.636 E.05167
G1 X144.577 Y123.455 E.079
G1 X143.612 Y123.223 E.07898
G1 X142.988 Y123.045 E.05164
G1 X142.047 Y122.73 E.07897
G1 X141.128 Y122.368 E.0786
G1 X140.225 Y121.956 E.07899
G1 X139.647 Y121.661 E.05164
G1 X138.782 Y121.173 E.07904
G1 X137.949 Y120.642 E.07861
G1 X137.145 Y120.068 E.07862
G1 X136.372 Y119.453 E.07861
G1 X135.632 Y118.799 E.07859
G1 X134.924 Y118.103 E.07901
G1 X134.482 Y117.629 E.05158
G1 X133.837 Y116.874 E.07902
G1 X133.236 Y116.09 E.07861
G1 X132.674 Y115.272 E.07898
G1 X132.33 Y114.722 E.05163
G1 X131.841 Y113.858 E.07901
G1 X131.4 Y112.974 E.07862
G1 X131.006 Y112.068 E.07862
G1 X130.66 Y111.143 E.07859
G1 X130.363 Y110.201 E.0786
G1 X130.116 Y109.244 E.07866
G1 X129.932 Y108.345 E.07303
G1 X129.816 Y107.629 E.05772
G1 X129.704 Y106.644 E.07889
G1 X129.644 Y105.658 E.07861
G1 X129.635 Y104.671 E.07855
G1 X129.678 Y103.683 E.0787
G1 X129.765 Y102.77 E.07299
G1 X129.864 Y102.052 E.05768
G1 X130.046 Y101.072 E.07932
G1 X130.192 Y100.44 E.05162
G1 X130.457 Y99.484 E.07895
G1 X130.77 Y98.547 E.07862
M73 P65 R12
G1 X131.132 Y97.628 E.0786
G1 X131.542 Y96.729 E.07863
G1 X131.998 Y95.853 E.07859
G1 X132.5 Y95.001 E.0787
G1 X133.005 Y94.235 E.07301
G1 X133.43 Y93.648 E.05767
G1 X134.047 Y92.872 E.0789
G1 X134.701 Y92.132 E.07859
G1 X135.394 Y91.427 E.07867
G1 X136.07 Y90.807 E.073
G1 X136.624 Y90.339 E.05771
G1 X137.41 Y89.736 E.07884
G1 X138.225 Y89.176 E.07869
G1 X139.006 Y88.695 E.07299
G1 X139.639 Y88.343 E.05764
G1 X140.526 Y87.9 E.0789
G1 X141.432 Y87.506 E.07862
G1 X142.357 Y87.16 E.07859
G1 X143.3 Y86.863 E.07868
G1 X144.188 Y86.632 E.07302
G1 X144.896 Y86.48 E.05763
G1 X145.874 Y86.316 E.07892
G1 X146.856 Y86.204 E.07866
G1 X147.842 Y86.144 E.07861
G1 X148.467 Y86.138 E.04974
G1 X148.489 Y87.095 F12000
G1 F626.907
G1 X148.749 Y87.092 E.02069
G1 X149.431 Y87.114 E.0543
G1 X150.372 Y87.188 E.07512
G1 X151.302 Y87.31 E.07464
G1 X152.225 Y87.482 E.07472
G1 X153.074 Y87.684 E.06945
G1 X153.73 Y87.87 E.05426
M73 P66 R12
G1 X154.626 Y88.17 E.0752
G1 X155.498 Y88.514 E.0746
G1 X156.351 Y88.902 E.07458
G1 X157.184 Y89.336 E.07475
G1 X157.937 Y89.778 E.06949
G1 X158.51 Y90.148 E.05428
G1 X159.279 Y90.696 E.07515
G1 X160.012 Y91.28 E.07458
G1 X160.715 Y91.901 E.07465
G1 X161.385 Y92.56 E.07479
G1 X161.975 Y93.202 E.06939
G1 X162.415 Y93.724 E.05433
G1 X162.99 Y94.473 E.07515
G1 X163.521 Y95.245 E.07457
G1 X164.011 Y96.046 E.07473
G1 X164.429 Y96.813 E.06951
G1 X164.73 Y97.425 E.05428
G1 X164.989 Y98.021 E.05172
G1 X165.218 Y98.582 E.04822
G1 X165.479 Y99.319 E.06222
G1 X165.753 Y100.215 E.07456
G1 X165.98 Y101.125 E.07464
G1 X166.158 Y102.045 E.07457
G1 X166.289 Y102.973 E.07458
G1 X166.371 Y103.907 E.07461
G1 X166.407 Y105.313 E.11193
G1 X166.366 Y106.251 E.07472
G1 X166.284 Y107.12 E.06946
G1 X166.191 Y107.795 E.05422
G1 X166.019 Y108.724 E.07519
G1 X165.798 Y109.644 E.0753
G1 X165.63 Y110.228 E.04836
G1 X165.33 Y111.126 E.07535
G1 X164.983 Y112.007 E.07535
G1 X164.736 Y112.561 E.04827
G1 X164.314 Y113.408 E.07531
G1 X163.852 Y114.224 E.07462
G1 X163.348 Y115.015 E.07464
G1 X162.804 Y115.779 E.07464
G1 X162.22 Y116.512 E.07458
G1 X161.599 Y117.215 E.07465
G1 X160.935 Y117.89 E.07535
G1 X160.491 Y118.304 E.04831
G1 X159.771 Y118.919 E.07536
G1 X159.027 Y119.49 E.07464
G1 X158.247 Y120.026 E.07532
G1 X157.732 Y120.347 E.04829
G1 X156.908 Y120.814 E.07537
G1 X156.069 Y121.232 E.0746
G1 X155.201 Y121.61 E.07534
G1 X154.634 Y121.827 E.04831
G1 X153.736 Y122.128 E.07537
G1 X152.833 Y122.378 E.07457
G1 X151.917 Y122.581 E.07467
G1 X150.993 Y122.736 E.07456
G1 X150.061 Y122.842 E.07465
G1 X149.125 Y122.899 E.07463
G1 X148.187 Y122.907 E.07465
G1 X147.251 Y122.866 E.07456
G1 X146.308 Y122.776 E.07539
G1 X145.707 Y122.691 E.0483
G1 X144.776 Y122.519 E.07534
G1 X143.856 Y122.298 E.0753
G1 X143.272 Y122.13 E.04836
G1 X142.374 Y121.83 E.07535
G1 X141.502 Y121.486 E.0746
G1 X140.64 Y121.094 E.07536
G1 X140.1 Y120.818 E.04826
G1 X139.276 Y120.352 E.07534
G1 X138.485 Y119.848 E.07464
G1 X137.721 Y119.304 E.07464
G1 X136.988 Y118.72 E.07458
G1 X136.285 Y118.099 E.07465
G1 X135.61 Y117.435 E.07535
G1 X135.196 Y116.991 E.04831
G1 X134.581 Y116.271 E.07536
G1 X134.01 Y115.527 E.07464
G1 X133.474 Y114.747 E.07532
G1 X133.153 Y114.232 E.04829
G1 X132.686 Y113.408 E.07537
G1 X132.268 Y112.569 E.0746
G1 X131.894 Y111.709 E.07463
G1 X131.566 Y110.831 E.07459
G1 X131.284 Y109.937 E.0746
G1 X131.049 Y109.028 E.07472
G1 X130.873 Y108.173 E.06947
G1 X130.765 Y107.499 E.05432
G1 X130.658 Y106.561 E.07513
G1 X130.601 Y105.625 E.07463
G1 X130.593 Y104.687 E.07465
G1 X130.634 Y103.749 E.07472
G1 X130.716 Y102.88 E.06946
G1 X130.809 Y102.205 E.05422
G1 X130.983 Y101.267 E.07592
G1 X131.119 Y100.676 E.04826
G1 X131.372 Y99.764 E.07532
G1 X131.67 Y98.874 E.07469
G1 X132.014 Y98.002 E.0746
G1 X132.402 Y97.149 E.07458
G1 X132.835 Y96.317 E.07464
G1 X133.312 Y95.508 E.07474
G1 X133.793 Y94.779 E.06951
G1 X134.192 Y94.226 E.05427
G1 X134.78 Y93.488 E.07509
G1 X135.401 Y92.785 E.07465
G1 X136.06 Y92.115 E.07479
G1 X136.702 Y91.525 E.06939
G1 X137.224 Y91.085 E.05433
G1 X137.973 Y90.51 E.07515
G1 X138.747 Y89.978 E.07474
G1 X139.49 Y89.521 E.06942
G1 X140.086 Y89.189 E.05429
G1 X140.931 Y88.768 E.07513
G1 X141.791 Y88.394 E.07463
G1 X142.669 Y88.066 E.07459
G1 X143.565 Y87.783 E.07478
G1 X144.409 Y87.564 E.06939
G1 X145.076 Y87.42 E.0543
G1 X146.007 Y87.264 E.07512
G1 X146.939 Y87.158 E.07465
G1 X147.876 Y87.101 E.07471
G1 X148.459 Y87.095 E.0464
G1 X148.48 Y88.052 F12000
G1 F626.907
G1 X148.738 Y88.049 E.02053
G1 X149.378 Y88.07 E.05096
G1 X150.272 Y88.14 E.07136
G1 X151.152 Y88.256 E.07064
G1 X152.027 Y88.418 E.07082
G1 X152.832 Y88.61 E.06586
G1 X153.448 Y88.785 E.05096
G1 X154.298 Y89.07 E.07135
G1 X155.124 Y89.395 E.07064
G1 X155.932 Y89.763 E.07066
G1 X156.721 Y90.174 E.0708
G1 X157.435 Y90.593 E.06588
G1 X157.972 Y90.94 E.05088
G1 X158.702 Y91.461 E.07137
G1 X159.397 Y92.013 E.07063
G1 X160.062 Y92.602 E.0707
G1 X160.696 Y93.225 E.07074
G1 X161.257 Y93.835 E.06595
G1 X161.669 Y94.324 E.05089
G1 X162.215 Y95.035 E.07134
G1 X162.718 Y95.767 E.07068
G1 X163.183 Y96.525 E.07077
G1 X163.579 Y97.253 E.06595
G1 X163.861 Y97.827 E.05089
G1 X164.111 Y98.402 E.0499
G1 X164.325 Y98.925 E.04497
G1 X164.571 Y99.623 E.0589
G1 X164.831 Y100.471 E.07059
G1 X165.045 Y101.332 E.0706
G1 X165.214 Y102.203 E.07061
G1 X165.338 Y103.082 E.07064
G1 X165.415 Y103.965 E.07054
G1 X165.45 Y105.296 E.10596
G1 X165.411 Y106.185 E.07082
G1 X165.333 Y107.009 E.06587
G1 X165.246 Y107.643 E.05093
G1 X165.082 Y108.525 E.07139
G1 X164.872 Y109.401 E.07169
G1 X164.716 Y109.944 E.04496
G1 X164.43 Y110.798 E.07167
G1 X164.1 Y111.636 E.07167
G1 X163.87 Y112.153 E.04503
G1 X163.468 Y112.959 E.07168
G1 X163.031 Y113.731 E.0706
G1 X162.554 Y114.48 E.07067
G1 X162.039 Y115.202 E.07058
G1 X161.487 Y115.897 E.07063
G1 X160.898 Y116.562 E.0707
G1 X160.267 Y117.204 E.07164
G1 X159.854 Y117.59 E.04499
G1 X159.169 Y118.175 E.07169
G1 X158.465 Y118.715 E.07061
G1 X157.722 Y119.225 E.07172
G1 X157.243 Y119.525 E.04498
G1 X156.459 Y119.968 E.07166
G1 X155.664 Y120.364 E.07068
G1 X154.838 Y120.724 E.07171
G1 X154.311 Y120.926 E.04491
G1 X153.456 Y121.212 E.07175
G1 X152.601 Y121.449 E.07061
G1 X151.735 Y121.641 E.07059
G1 X150.859 Y121.788 E.07069
G1 X149.978 Y121.888 E.07056
G1 X149.092 Y121.942 E.07064
G1 X148.204 Y121.95 E.07067
G1 X147.317 Y121.911 E.07066
G1 X146.421 Y121.825 E.07163
G1 X145.861 Y121.746 E.04501
G1 X144.975 Y121.582 E.07171
G1 X144.099 Y121.372 E.07169
G1 X143.556 Y121.216 E.04496
G1 X142.702 Y120.93 E.07167
G1 X141.876 Y120.605 E.07064
G1 X141.056 Y120.231 E.07172
G1 X140.553 Y119.975 E.04492
G1 X139.769 Y119.531 E.0717
G1 X139.02 Y119.054 E.07067
G1 X138.298 Y118.539 E.07058
G1 X137.603 Y117.987 E.07063
G1 X136.938 Y117.398 E.0707
G1 X136.296 Y116.767 E.07164
G1 X135.91 Y116.354 E.04499
G1 X135.325 Y115.669 E.07169
G1 X134.785 Y114.965 E.07061
G1 X134.275 Y114.222 E.07172
G1 X133.975 Y113.743 E.04498
G1 X133.532 Y112.959 E.07166
G1 X133.136 Y112.164 E.07068
G1 X132.782 Y111.351 E.07057
G1 X132.471 Y110.519 E.07069
G1 X132.204 Y109.673 E.0706
G1 X131.981 Y108.812 E.07078
G1 X131.815 Y108 E.06596
G1 X131.713 Y107.369 E.05087
G1 X131.612 Y106.478 E.07136
G1 X131.558 Y105.592 E.07064
G1 X131.55 Y104.704 E.07067
G1 X131.589 Y103.815 E.07082
G1 X131.667 Y102.991 E.06587
G1 X131.754 Y102.357 E.05093
G1 X131.92 Y101.462 E.07244
G1 X132.047 Y100.912 E.04492
G1 X132.288 Y100.044 E.07169
G1 X132.57 Y99.202 E.07067
G1 X132.895 Y98.376 E.07064
G1 X133.263 Y97.568 E.07066
G1 X133.673 Y96.781 E.07062
G1 X134.124 Y96.015 E.07074
G1 X134.58 Y95.324 E.06589
G1 X134.955 Y94.805 E.05096
G1 X135.513 Y94.103 E.07136
G1 X136.102 Y93.438 E.0707
G1 X136.725 Y92.804 E.07074
G1 X137.335 Y92.243 E.06595
G1 X137.824 Y91.831 E.05089
G1 X138.535 Y91.285 E.07134
G1 X139.269 Y90.781 E.07086
G1 X139.974 Y90.347 E.06588
G1 X140.533 Y90.036 E.05091
G1 X141.336 Y89.636 E.07139
G1 X142.149 Y89.282 E.07057
G1 X142.981 Y88.971 E.07069
G1 X143.829 Y88.703 E.07078
G1 X144.631 Y88.495 E.06594
G1 X145.256 Y88.36 E.05089
G1 X146.141 Y88.212 E.07141
G1 X147.022 Y88.112 E.07056
G1 X147.91 Y88.057 E.0708
G1 X148.45 Y88.052 E.04298
G1 E-8 F7200
G1 Z4.2 F3000
G1 X155.301 Y90.781 F12000
G1 Z4 F3000
G1 E8 F7200
;TYPE:Internal infill
G1 E-10F300
G1 F12000.0
T0
G1 E16F300
G1 F12000.0
;WIDTH:0.675
G1 F949.248
G1 X153.545 Y90.07 E.09957
G1 X153.247 Y90.267 E.01878
G1 X152.569 Y90.959 E.05092
G1 X152.23 Y91.456 E.03162
G1 X151.213 Y93.467 E.11844
G1 X150.874 Y93.724 E.02236
G1 X150.535 Y93.747 E.01786
G1 X149.856 Y93.605 E.03646
G1 X149.178 Y93.371 E.0377
G1 X148.5 Y93.055 E.03931
G1 X147.822 Y92.606 E.04274
G1 X147.144 Y91.914 E.05092
G1 X146.805 Y91.416 E.03166
G1 X145.819 Y89.47 E.11466
G1 X145.479 Y89.527 E.01812
G1 X143.369 Y90.093 E.11482
G1 X142.051 Y90.62 E.0746
G1 X141.718 Y90.959 E.02498
G1 X141.379 Y91.456 E.03162
G1 X140.362 Y93.467 E.11844
G1 X140.023 Y93.724 E.02236
G1 X139.684 Y93.747 E.01786
G1 X139.005 Y93.605 E.03646
G1 X138.019 Y93.227 E.0555
G1 X136.684 Y94.572 E.0996
G1 E-8 F7200
G1 Z4.2 F3000
M73 P67 R12
G1 X138.126 Y116.864 F12000
G1 Z4 F3000
G1 E8 F7200
G1 F949.248
G1 X139.623 Y118.026 E.0996
G1 X140.362 Y116.533 E.08755
G1 X140.701 Y116.276 E.02236
G1 X141.04 Y116.253 E.01786
G1 X141.718 Y116.395 E.03641
G1 X142.396 Y116.629 E.0377
G1 X143.074 Y116.945 E.03931
G1 X143.753 Y117.394 E.04278
G1 X144.431 Y118.086 E.05092
G1 X144.77 Y118.584 E.03166
G1 X145.75 Y120.518 E.11395
G1 X147.213 Y120.709 E.07754
G1 X148.5 Y120.182 E.07309
G1 X149.178 Y119.733 E.04274
G1 X149.856 Y119.041 E.05092
G1 X150.195 Y118.544 E.03162
G1 X151.213 Y116.533 E.11846
G1 X151.552 Y116.276 E.02236
G1 X151.891 Y116.253 E.01786
G1 X152.569 Y116.395 E.03641
G1 X153.247 Y116.629 E.0377
G1 X153.926 Y116.945 E.03936
G1 X154.604 Y117.394 E.04274
G1 X155.282 Y118.086 E.05092
G1 X155.822 Y118.959 E.05395
G1 X157.442 Y117.977 E.09956
G1 E-8 F7200
G1 Z4.2 F3000
G1 X159.176 Y116.598 F12000
G1 Z4 F3000
G1 E8 F7200
G1 F949.248
G1 X160.49 Y115.232 E.09962
G1 X159.351 Y114.757 E.06486
G1 X158.673 Y114.308 E.04274
G1 X157.995 Y113.616 E.05092
G1 X157.656 Y113.119 E.03162
G1 X156.638 Y111.108 E.11846
G1 X156.299 Y110.85 E.02239
G1 X155.96 Y110.828 E.01785
G1 X155.282 Y110.97 E.03641
G1 X154.604 Y111.203 E.03768
G1 X153.926 Y111.52 E.03934
G1 X153.247 Y111.969 E.04278
G1 X152.569 Y112.661 E.05092
G1 X152.23 Y113.158 E.03162
G1 X151.213 Y115.169 E.11844
G1 X150.874 Y115.426 E.02236
G1 X150.535 Y115.449 E.01786
G1 X149.856 Y115.307 E.03646
G1 X149.178 Y115.073 E.0377
G1 X148.5 Y114.757 E.03931
G1 X147.822 Y114.308 E.04274
G1 X147.144 Y113.616 E.05092
G1 X146.805 Y113.119 E.03162
G1 X145.787 Y111.108 E.11846
G1 X145.448 Y110.85 E.02239
G1 X145.109 Y110.828 E.01785
G1 X144.431 Y110.97 E.03641
G1 X143.753 Y111.203 E.03768
G1 X143.074 Y111.52 E.03938
G1 X142.396 Y111.969 E.04274
G1 X141.718 Y112.661 E.05092
G1 X141.379 Y113.158 E.03162
G1 X140.362 Y115.169 E.11844
G1 X140.023 Y115.426 E.02236
G1 X139.684 Y115.449 E.01786
G1 X139.005 Y115.307 E.03646
G1 X138.327 Y115.073 E.0377
G1 X137.649 Y114.757 E.03931
G1 X136.971 Y114.308 E.04274
G1 X136.293 Y113.616 E.05092
G1 X135.954 Y113.119 E.03162
G1 X134.936 Y111.108 E.11846
G1 X134.597 Y110.85 E.02239
G1 X134.258 Y110.828 E.01785
G1 X133.883 Y110.906 E.02013
G1 X133.203 Y108.814 E.11561
G1 X132.983 Y107.787 E.0552
G1 X132.807 Y106.481 E.06926
G1 X133.58 Y107.235 E.05675
G1 X133.919 Y107.733 E.03166
G1 X134.936 Y109.743 E.11839
G1 X135.275 Y110.001 E.02239
G1 X135.614 Y110.023 E.01785
G1 X136.293 Y109.881 E.03646
G1 X136.971 Y109.648 E.03768
G1 X137.649 Y109.331 E.03934
G1 X138.327 Y108.882 E.04274
G1 X139.005 Y108.19 E.05092
G1 X139.344 Y107.693 E.03162
G1 X140.362 Y105.682 E.11846
G1 X140.701 Y105.425 E.02236
G1 X141.04 Y105.402 E.01786
G1 X141.718 Y105.544 E.03641
G1 X142.396 Y105.778 E.0377
G1 X143.074 Y106.094 E.03931
G1 X143.753 Y106.543 E.04278
G1 X144.431 Y107.235 E.05092
G1 X144.77 Y107.733 E.03166
G1 X145.787 Y109.743 E.11839
G1 X146.126 Y110.001 E.02239
G1 X146.465 Y110.023 E.01785
G1 X147.144 Y109.881 E.03646
G1 X147.822 Y109.648 E.03768
G1 X148.5 Y109.331 E.03934
G1 X149.178 Y108.882 E.04274
G1 X149.856 Y108.19 E.05092
G1 X150.195 Y107.693 E.03162
G1 X151.213 Y105.682 E.11846
G1 X151.552 Y105.425 E.02236
G1 X151.891 Y105.402 E.01786
G1 X152.569 Y105.544 E.03641
G1 X153.247 Y105.778 E.0377
G1 X153.926 Y106.094 E.03936
G1 X154.604 Y106.543 E.04274
G1 X155.282 Y107.235 E.05092
G1 X155.621 Y107.733 E.03166
G1 X156.638 Y109.743 E.11839
G1 X156.977 Y110.001 E.02239
G1 X157.316 Y110.023 E.01785
G1 X157.995 Y109.881 E.03646
G1 X158.673 Y109.648 E.03768
G1 X159.351 Y109.331 E.03934
G1 X160.029 Y108.882 E.04274
G1 X160.707 Y108.19 E.05092
G1 X161.046 Y107.693 E.03162
G1 X162.064 Y105.682 E.11846
G1 X162.403 Y105.425 E.02236
G1 X162.742 Y105.402 E.01786
G1 X163.42 Y105.544 E.03641
G1 X164.238 Y105.843 E.04577
G1 X164.255 Y104.45 E.07322
G1 X164.205 Y103.626 E.04339
G1 X164.111 Y102.806 E.04338
G1 X163.84 Y101.381 E.07624
G1 X163.42 Y101.81 E.03155
G1 X163.081 Y102.307 E.03162
G1 X162.064 Y104.318 E.11844
G1 X161.725 Y104.575 E.02236
G1 X161.386 Y104.598 E.01786
G1 X160.707 Y104.456 E.03646
G1 X160.029 Y104.222 E.0377
G1 X159.351 Y103.906 E.03931
G1 X158.673 Y103.457 E.04274
G1 X157.995 Y102.765 E.05092
G1 X157.656 Y102.268 E.03162
G1 X156.638 Y100.257 E.11846
G1 X156.299 Y99.999 E.02239
G1 X155.96 Y99.977 E.01785
G1 X155.282 Y100.119 E.03641
G1 X154.604 Y100.352 E.03768
G1 X153.926 Y100.669 E.03934
G1 X153.247 Y101.118 E.04278
G1 X152.569 Y101.81 E.05092
G1 X152.23 Y102.307 E.03162
G1 X151.213 Y104.318 E.11844
G1 X150.874 Y104.575 E.02236
G1 X150.535 Y104.598 E.01786
G1 X149.856 Y104.456 E.03646
G1 X149.178 Y104.222 E.0377
G1 X148.5 Y103.906 E.03931
G1 X147.822 Y103.457 E.04274
G1 X147.144 Y102.765 E.05092
G1 X146.805 Y102.268 E.03162
G1 X145.787 Y100.257 E.11846
G1 X145.448 Y99.999 E.02239
G1 X145.109 Y99.977 E.01785
G1 X144.431 Y100.119 E.03641
G1 X143.753 Y100.352 E.03768
G1 X143.074 Y100.669 E.03938
G1 X142.396 Y101.118 E.04274
G1 X141.718 Y101.81 E.05092
G1 X141.379 Y102.307 E.03162
G1 X140.362 Y104.318 E.11844
G1 X140.023 Y104.575 E.02236
G1 X139.684 Y104.598 E.01786
G1 X139.005 Y104.456 E.03646
G1 X138.327 Y104.222 E.0377
G1 X137.649 Y103.906 E.03931
G1 X136.971 Y103.457 E.04274
G1 X136.293 Y102.765 E.05092
G1 X135.954 Y102.268 E.03162
G1 X134.936 Y100.257 E.11846
G1 X134.597 Y99.999 E.02239
G1 X134.258 Y99.977 E.01785
G1 X133.507 Y100.144 E.04043
G1 X133.988 Y98.84 E.07305
G1 X134.439 Y97.881 E.0557
G1 X134.936 Y98.892 E.05921
G1 X135.275 Y99.15 E.02239
G1 X135.614 Y99.172 E.01785
G1 X136.293 Y99.03 E.03646
G1 X136.971 Y98.797 E.03768
G1 X137.649 Y98.48 E.03934
G1 X138.327 Y98.031 E.04274
G1 X139.005 Y97.339 E.05092
G1 X139.344 Y96.842 E.03162
G1 X140.362 Y94.831 E.11846
G1 X140.701 Y94.574 E.02236
G1 X141.04 Y94.551 E.01786
G1 X141.718 Y94.693 E.03641
G1 X142.396 Y94.927 E.0377
G1 X143.074 Y95.243 E.03931
G1 X143.753 Y95.692 E.04278
G1 X144.431 Y96.384 E.05092
G1 X144.77 Y96.881 E.03162
G1 X145.787 Y98.892 E.11844
G1 X146.126 Y99.15 E.02239
G1 X146.465 Y99.172 E.01785
G1 X147.144 Y99.03 E.03646
G1 X147.822 Y98.797 E.03768
G1 X148.5 Y98.48 E.03934
G1 X149.178 Y98.031 E.04274
G1 X149.856 Y97.339 E.05092
G1 X150.195 Y96.842 E.03162
G1 X151.213 Y94.831 E.11846
G1 X151.552 Y94.574 E.02236
G1 X151.891 Y94.551 E.01786
G1 X152.569 Y94.693 E.03641
G1 X153.247 Y94.927 E.0377
G1 X153.926 Y95.243 E.03936
G1 X154.604 Y95.692 E.04274
G1 X155.282 Y96.384 E.05092
G1 X155.621 Y96.881 E.03162
G1 X156.638 Y98.892 E.11844
G1 X156.977 Y99.15 E.02239
G1 X157.316 Y99.172 E.01785
G1 X157.995 Y99.03 E.03646
G1 X158.673 Y98.797 E.03768
G1 X159.351 Y98.48 E.03934
G1 X160.029 Y98.031 E.04274
G1 X160.707 Y97.339 E.05092
G1 X161.046 Y96.842 E.03162
G1 X161.467 Y96.044 E.04742
G1 X160.301 Y94.55 E.0996
G1 E-8 F7200
G1 Z4.2 F3000
G1 X160.486 Y116.189 F12000
G1 Z4 F3000
G1 E8 F7200
;TYPE:Solid infill
;WIDTH:0.67501
G1 F949.232
G1 X159.874 Y116.811 E.04586
G1 X159.479 Y117.18 E.02841
G1 X158.813 Y117.748 E.04601
G1 X158.131 Y118.27 E.04514
G1 X157.409 Y118.766 E.04604
;WIDTH:0.674112
G1 F950.582
G1 X156.678 Y119.21 E.04489
;WIDTH:0.675016
G1 F949.223
G1 X156.198 Y119.478 E.02889
G1 X155.422 Y119.864 E.04555
G1 X154.622 Y120.212 E.04585
G1 X154.117 Y120.406 E.02843
G1 X153.286 Y120.683 E.04604
G1 X152.459 Y120.912 E.0451
G1 X151.621 Y121.097 E.0451
G1 X150.774 Y121.239 E.04514
G1 X149.921 Y121.335 E.04512
G1 X149.064 Y121.387 E.04513
G1 X148.206 Y121.394 E.0451
G1 X147.348 Y121.356 E.04514
G1 X146.479 Y121.273 E.04588
G1 X145.944 Y121.197 E.0284
G1 X145.083 Y121.037 E.04603
G1 X143.706 Y120.681 E.07475
G1 X142.884 Y120.405 E.04557
G1 X142.086 Y120.09 E.04509
G1 X141.292 Y119.728 E.04586
;WIDTH:0.674916
G1 X140.699 Y119.42 E.03512
;WIDTH:0.675016
G1 X140.055 Y119.055 E.03891
G1 X139.324 Y118.589 E.04556
G1 X138.625 Y118.09 E.04514
G1 X137.954 Y117.556 E.04507
G1 X137.311 Y116.986 E.04516
G1 X136.689 Y116.374 E.04586
G1 X136.32 Y115.979 E.02841
G1 X135.752 Y115.313 E.04601
G1 X135.23 Y114.631 E.04514
G1 X134.736 Y113.912 E.04585
G1 X134.449 Y113.453 E.02845
G1 X134.018 Y112.691 E.04601
G1 X133.636 Y111.922 E.04513
G1 X133.287 Y111.119 E.04602
;WIDTH:0.674132
G1 F950.552
G1 X132.997 Y110.33 E.04412
;WIDTH:0.668782
G1 F958.678
G1 X132.739 Y109.511 E.04469
;WIDTH:0.668904
G1 X132.524 Y108.68 E.04468
;WIDTH:0.674932
G1 F949.349
G1 X132.385 Y108.017 E.0356
G1 X132.262 Y107.282 E.03916
G1 X132.165 Y106.421 E.04553
G1 X132.113 Y105.564 E.04512
G1 X132.106 Y104.706 E.04509
G1 X132.151 Y103.763 E.04961
G1 X132.207 Y103.175 E.03104
G1 X132.305 Y102.435 E.03923
G1 X132.466 Y101.569 E.04629
G1 X132.587 Y101.042 E.02842
G1 X132.822 Y100.198 E.04604
G1 X133.095 Y99.384 E.04512
G1 X133.41 Y98.586 E.04509
G1 X133.766 Y97.805 E.04511
G1 X134.163 Y97.043 E.04515
G1 X134.6 Y96.302 E.04521
G1 X135.041 Y95.634 E.04206
G1 X135.402 Y95.135 E.03237
G1 X135.945 Y94.454 E.04577
G1 X136.514 Y93.811 E.04512
G1 X137.117 Y93.198 E.04519
G1 X137.707 Y92.656 E.0421
G1 X138.177 Y92.26 E.0323
G1 X138.869 Y91.73 E.04581
G1 X139.578 Y91.243 E.0452
G1 X140.261 Y90.823 E.04214
G1 X140.798 Y90.524 E.0323
G1 X141.578 Y90.136 E.04578
G1 X142.365 Y89.794 E.04509
G1 X143.169 Y89.494 E.0451
G1 X144.071 Y89.214 E.04963
G1 X145.371 Y88.904 E.07023
G1 X146.226 Y88.761 E.04556
G1 X147.079 Y88.665 E.04511
G1 X147.94 Y88.613 E.04533
G1 X149.027 Y88.614 E.05712
G1 X150.207 Y88.692 E.06215
G1 X151.073 Y88.806 E.0459
G1 X151.919 Y88.963 E.04522
G1 X152.698 Y89.15 E.0421
G1 X153.29 Y89.318 E.03234
G1 X154.116 Y89.595 E.04578
G1 X154.914 Y89.91 E.04509
G1 X155.695 Y90.266 E.04511
G1 X156.53 Y90.706 E.0496
G1 X157.04 Y91.005 E.03107
G1 X157.669 Y91.406 E.0392
G1 X158.375 Y91.91 E.04559
G1 X159.046 Y92.445 E.0451
G1 X159.689 Y93.014 E.04512
G1 X160.302 Y93.617 E.04519
G1 X160.844 Y94.207 E.0421
G1 X161.24 Y94.677 E.0323
G1 X161.77 Y95.369 E.04581
G1 X162.266 Y96.091 E.04603
;WIDTH:0.67413
G1 F950.555
G1 X162.702 Y96.81 E.04413
;WIDTH:0.674936
G1 F949.343
G1 X163.029 Y97.403 E.03559
G1 X163.361 Y98.07 E.03915
G1 X163.712 Y98.878 E.0463
G1 X163.906 Y99.383 E.02843
G1 X164.183 Y100.214 E.04603
G1 X164.412 Y101.041 E.0451
G1 X164.597 Y101.879 E.0451
G1 X164.739 Y102.726 E.04513
G1 X164.835 Y103.579 E.04511
G1 X164.887 Y104.436 E.04512
G1 X164.894 Y105.294 E.04509
G1 X164.856 Y106.154 E.04524
G1 X164.777 Y106.975 E.04334
G1 X164.697 Y107.556 E.03082
G1 X164.537 Y108.417 E.04602
G1 X164.181 Y109.794 E.07474
G1 X163.905 Y110.616 E.04557
G1 X163.583 Y111.43 E.046
;WIDTH:0.674112
G1 F950.582
G1 X163.226 Y112.207 E.04488
;WIDTH:0.675014
G1 F949.226
G1 X162.978 Y112.698 E.02891
G1 X162.551 Y113.452 E.04554
G1 X162.089 Y114.176 E.04514
G1 X161.59 Y114.875 E.04514
G1 X161.056 Y115.546 E.04507
G1 X160.696 Y115.952 E.02852
;LAYER_CHANGE
;Z:4.2
;HEIGHT:0.2

G1 E-8 F7200
G1 Z4.2 F3000
;AFTER_LAYER_CHANGE
;4.2
G92 E0
_ON_LAYER_CHANGE LAYER=21
G1 Z4.4
G1 X148.504 Y85.343 F12000
G1 Z4.2 F3000
G1 E8 F7200
;TYPE:External perimeter
;WIDTH:0.674999
G1 F949.248
G1 X148.782 Y85.34 E.01461
G1 X149.528 Y85.364 E.03923
G1 X150.555 Y85.445 E.05414
G1 X151.576 Y85.58 E.05413
G1 X152.588 Y85.767 E.05409
G1 X153.53 Y85.992 E.0509
G1 X154.248 Y86.196 E.03923
G1 X155.225 Y86.523 E.05415
G1 X156.183 Y86.901 E.05413
G1 X157.12 Y87.328 E.05412
G1 X157.979 Y87.774 E.05087
G1 X158.626 Y88.145 E.0392
G1 X159.495 Y88.699 E.05416
G1 X160.333 Y89.297 E.05411
G1 X161.139 Y89.938 E.05412
G1 X161.91 Y90.62 E.0541
M73 P68 R12
G1 X162.644 Y91.342 E.05411
G1 X163.299 Y92.055 E.05089
G1 X163.78 Y92.625 E.0392
G1 X164.407 Y93.443 E.05417
G1 X164.991 Y94.292 E.05416
G1 X165.353 Y94.872 E.03593
G1 X165.861 Y95.769 E.05418
G1 X166.32 Y96.69 E.05408
G1 X166.731 Y97.636 E.05421
G1 X166.976 Y98.274 E.03592
G1 X167.303 Y99.251 E.05415
G1 X167.578 Y100.243 E.0541
G1 X167.801 Y101.248 E.05411
G1 X167.971 Y102.264 E.05414
G1 X168.088 Y103.286 E.05406
G1 X168.15 Y104.314 E.05413
G1 X168.159 Y105.343 E.05408
G1 X168.114 Y106.372 E.05413
G1 X168.016 Y107.398 E.05417
G1 X167.921 Y108.074 E.03588
G1 X167.732 Y109.089 E.05426
G1 X167.579 Y109.755 E.03592
G1 X167.303 Y110.749 E.05422
G1 X166.977 Y111.725 E.05408
G1 X166.599 Y112.683 E.05413
G1 X166.172 Y113.621 E.05417
G1 X165.862 Y114.23 E.03592
G1 X165.354 Y115.127 E.05418
G1 X164.801 Y115.995 E.05409
G1 X164.203 Y116.833 E.05411
G1 X163.562 Y117.639 E.05412
G1 X162.88 Y118.41 E.0541
G1 X162.158 Y119.145 E.05415
G1 X161.658 Y119.611 E.03592
G1 X160.874 Y120.281 E.0542
G1 X160.057 Y120.907 E.0541
G1 X159.209 Y121.49 E.05409
G1 X158.33 Y122.029 E.05419
G1 X157.732 Y122.36 E.03592
G1 X156.81 Y122.82 E.05415
G1 X155.864 Y123.231 E.05421
G1 X155.226 Y123.476 E.03592
G1 X154.249 Y123.803 E.05415
G1 X153.257 Y124.078 E.0541
G1 X152.252 Y124.301 E.05411
G1 X151.236 Y124.471 E.05414
G1 X150.214 Y124.588 E.05406
G1 X149.186 Y124.65 E.05413
G1 X148.157 Y124.659 E.05408
G1 X147.128 Y124.614 E.05413
G1 X146.102 Y124.516 E.05417
G1 X145.426 Y124.421 E.03588
G1 X144.411 Y124.232 E.05426
G1 X143.745 Y124.079 E.03592
G1 X142.751 Y123.803 E.05422
G1 X141.775 Y123.477 E.05408
G1 X140.817 Y123.099 E.05413
G1 X139.88 Y122.672 E.05412
G1 X139.021 Y122.226 E.05087
G1 X138.374 Y121.855 E.0392
G1 X137.505 Y121.301 E.05416
G1 X136.667 Y120.703 E.05411
G1 X135.861 Y120.062 E.05412
G1 X135.09 Y119.38 E.0541
G1 X134.355 Y118.658 E.05415
G1 X133.889 Y118.158 E.03592
G1 X133.219 Y117.374 E.0542
G1 X132.593 Y116.557 E.0541
G1 X132.009 Y115.708 E.05416
G1 X131.647 Y115.128 E.03593
G1 X131.139 Y114.231 E.05418
G1 X130.68 Y113.31 E.05408
G1 X130.269 Y112.364 E.05421
G1 X130.024 Y111.726 E.03592
G1 X129.697 Y110.749 E.05415
G1 X129.422 Y109.757 E.0541
G1 X129.199 Y108.752 E.05411
G1 X129.029 Y107.736 E.05414
G1 X128.912 Y106.714 E.05406
G1 X128.85 Y105.686 E.05413
G1 X128.841 Y104.657 E.05408
G1 X128.882 Y103.689 E.05092
G1 X128.945 Y102.946 E.03919
G1 X129.08 Y101.924 E.05418
G1 X129.268 Y100.911 E.05415
G1 X129.421 Y100.245 E.03592
G1 X129.697 Y99.251 E.05422
G1 X130.023 Y98.275 E.05408
G1 X130.401 Y97.317 E.05413
G1 X130.828 Y96.381 E.05407
G1 X131.303 Y95.467 E.05414
G1 X131.825 Y94.58 E.05409
G1 X132.359 Y93.772 E.0509
G1 X132.796 Y93.168 E.03918
G1 X133.438 Y92.361 E.0542
G1 X134.12 Y91.59 E.0541
G1 X134.842 Y90.856 E.05411
G1 X135.555 Y90.201 E.05089
G1 X136.125 Y89.72 E.0392
G1 X136.943 Y89.093 E.05417
G1 X137.791 Y88.51 E.05409
G1 X138.616 Y88.003 E.05089
G1 X139.268 Y87.64 E.03922
G1 X140.19 Y87.18 E.05415
G1 X141.134 Y86.769 E.05411
G1 X142.099 Y86.409 E.05413
G1 X143.022 Y86.117 E.05088
G1 X143.742 Y85.922 E.0392
G1 X144.748 Y85.699 E.05416
G1 X145.764 Y85.529 E.05414
G1 X146.786 Y85.412 E.05406
G1 X147.814 Y85.35 E.05413
G1 X148.474 Y85.343 E.03469
G1 X149.074 Y85.35 F12000
G1 X148.497 Y86.137
;TYPE:Perimeter
G1 E-10F300
G1 F12000.0
T1
G1 E20F300
;WIDTH:0.999999
G1 F626.907
G1 X148.773 Y86.135 E.02197
G1 X149.484 Y86.158 E.05661
G1 X150.472 Y86.236 E.07887
G1 X151.452 Y86.365 E.07866
G1 X152.423 Y86.545 E.07859
G1 X153.329 Y86.761 E.07412
G1 X154.013 Y86.956 E.0566
G1 X154.953 Y87.27 E.07887
G1 X155.872 Y87.632 E.0786
G1 X156.772 Y88.042 E.07871
G1 X157.598 Y88.471 E.07407
G1 X158.214 Y88.825 E.05654
G1 X159.051 Y89.358 E.07897
G1 X159.855 Y89.932 E.07862
G1 X160.628 Y90.547 E.07861
G1 X161.368 Y91.201 E.07859
G1 X162.073 Y91.894 E.07867
G1 X162.702 Y92.58 E.07407
G1 X163.161 Y93.123 E.05658
G1 X163.764 Y93.91 E.0789
G1 X164.326 Y94.728 E.07898
G1 X164.67 Y95.278 E.05163
G1 X165.159 Y96.142 E.07901
G1 X165.6 Y97.026 E.07862
G1 X165.866 Y97.639 E.05318
G1 X166.112 Y98.239 E.05161
G1 X166.386 Y99.015 E.06549
G1 X166.675 Y99.96 E.07864
G1 X166.914 Y100.918 E.07858
G1 X167.102 Y101.887 E.07855
G1 X167.24 Y102.865 E.0786
G1 X167.326 Y103.849 E.07861
G1 X167.365 Y105.329 E.11782
G1 X167.322 Y106.316 E.07862
G1 X167.226 Y107.304 E.079
G1 X167.136 Y107.947 E.05167
G1 X166.954 Y108.928 E.0794
G1 X166.808 Y109.56 E.05162
G1 X166.543 Y110.516 E.07895
G1 X166.23 Y111.453 E.07862
G1 X165.868 Y112.372 E.0786
G1 X165.456 Y113.275 E.07899
G1 X165.161 Y113.853 E.05164
G1 X164.673 Y114.717 E.07897
G1 X164.142 Y115.551 E.07868
G1 X163.568 Y116.355 E.07862
G1 X162.953 Y117.128 E.07861
G1 X162.299 Y117.868 E.07859
G1 X161.603 Y118.576 E.07901
G1 X161.129 Y119.018 E.05158
G1 X160.374 Y119.663 E.07902
G1 X159.59 Y120.264 E.07861
G1 X158.776 Y120.824 E.07863
M73 P68 R11
G1 X157.93 Y121.342 E.07894
G1 X157.362 Y121.657 E.05169
G1 X156.474 Y122.1 E.07897
G1 X155.563 Y122.496 E.07905
G1 X154.958 Y122.728 E.05157
G1 X154.016 Y123.043 E.07905
G1 X153.065 Y123.307 E.07854
G1 X152.1 Y123.521 E.07866
G1 X151.126 Y123.684 E.07859
G1 X150.144 Y123.796 E.07866
G1 X149.159 Y123.856 E.07853
G1 X148.171 Y123.865 E.07863
G1 X147.184 Y123.822 E.07862
G1 X146.196 Y123.726 E.079
G1 X145.553 Y123.636 E.05167
G1 X144.572 Y123.454 E.0794
G1 X143.94 Y123.308 E.05162
G1 X142.984 Y123.043 E.07895
G1 X142.047 Y122.73 E.07862
G1 X141.128 Y122.368 E.0786
G1 X140.228 Y121.958 E.07871
G1 X139.402 Y121.529 E.07407
G1 X138.786 Y121.175 E.05654
G1 X137.949 Y120.642 E.07897
G1 X137.145 Y120.068 E.07862
G1 X136.372 Y119.453 E.07861
G1 X135.632 Y118.799 E.07859
G1 X134.924 Y118.103 E.07901
G1 X134.482 Y117.629 E.05158
G1 X133.837 Y116.874 E.07902
G1 X133.236 Y116.09 E.07861
G1 X132.674 Y115.272 E.07898
G1 X132.33 Y114.722 E.05163
G1 X131.841 Y113.858 E.07901
G1 X131.4 Y112.974 E.07862
G1 X131.004 Y112.063 E.07905
G1 X130.772 Y111.458 E.05157
G1 X130.457 Y110.516 E.07905
G1 X130.193 Y109.565 E.07854
G1 X129.979 Y108.6 E.07866
G1 X129.816 Y107.626 E.07859
G1 X129.704 Y106.644 E.07866
G1 X129.644 Y105.658 E.07861
G1 X129.635 Y104.67 E.07863
G1 X129.675 Y103.74 E.07408
G1 X129.735 Y103.032 E.05655
G1 X129.865 Y102.048 E.07899
G1 X130.046 Y101.072 E.079
G1 X130.192 Y100.44 E.05162
G1 X130.457 Y99.484 E.07895
G1 X130.77 Y98.547 E.07862
G1 X131.132 Y97.628 E.0786
G1 X131.542 Y96.729 E.07863
G1 X131.998 Y95.853 E.07859
G1 X132.5 Y95.001 E.0787
G1 X133.013 Y94.224 E.0741
G1 X133.429 Y93.648 E.05654
G1 X134.047 Y92.872 E.07895
G1 X134.701 Y92.132 E.07859
G1 X135.394 Y91.427 E.07867
G1 X136.08 Y90.798 E.07407
G1 X136.623 Y90.339 E.05658
G1 X137.41 Y89.736 E.0789
G1 X138.225 Y89.176 E.07869
G1 X139.018 Y88.689 E.07406
G1 X139.639 Y88.343 E.05657
G1 X140.526 Y87.9 E.0789
G1 X141.432 Y87.506 E.07862
G1 X142.358 Y87.16 E.07867
G1 X143.246 Y86.879 E.07412
G1 X143.932 Y86.694 E.05654
G1 X144.9 Y86.479 E.07891
G1 X145.874 Y86.316 E.07859
G1 X146.856 Y86.204 E.07866
G1 X147.842 Y86.144 E.07861
G1 X148.467 Y86.138 E.04974
G1 X148.489 Y87.095 F12000
G1 F626.907
G1 X148.762 Y87.092 E.02173
G1 X149.43 Y87.114 E.05319
G1 X150.372 Y87.188 E.0752
G1 X151.302 Y87.31 E.07464
G1 X152.225 Y87.481 E.0747
G1 X153.087 Y87.687 E.07053
G1 X153.73 Y87.87 E.0532
G1 X154.626 Y88.17 E.0752
G1 X155.498 Y88.514 E.0746
G1 X156.352 Y88.903 E.07468
G1 X157.139 Y89.311 E.07055
G1 X157.719 Y89.644 E.05322
G1 X158.515 Y90.152 E.07515
G1 X159.279 Y90.696 E.07464
G1 X160.012 Y91.28 E.07458
G1 X160.715 Y91.901 E.07465
G1 X161.384 Y92.559 E.07468
G1 X161.984 Y93.212 E.07057
G1 X162.415 Y93.723 E.0532
G1 X162.99 Y94.473 E.07521
G1 X163.526 Y95.253 E.07532
G1 X163.847 Y95.768 E.04829
G1 X164.314 Y96.592 E.07537
G1 X164.732 Y97.431 E.0746
G1 X164.989 Y98.021 E.05121
G1 X165.218 Y98.582 E.04822
G1 X165.479 Y99.319 E.06222
G1 X165.753 Y100.215 E.07456
G1 X165.98 Y101.125 E.07464
G1 X166.158 Y102.045 E.07457
G1 X166.289 Y102.973 E.07458
G1 X166.371 Y103.907 E.07461
G1 X166.407 Y105.313 E.11193
G1 X166.366 Y106.249 E.07456
G1 X166.276 Y107.192 E.07539
G1 X166.191 Y107.793 E.0483
G1 X166.017 Y108.733 E.07608
G1 X165.881 Y109.324 E.04826
G1 X165.628 Y110.236 E.07532
G1 X165.33 Y111.126 E.07469
G1 X164.986 Y111.998 E.0746
G1 X164.594 Y112.86 E.07536
G1 X164.318 Y113.4 E.04826
G1 X163.852 Y114.224 E.07534
G1 X163.348 Y115.015 E.07464
G1 X162.804 Y115.779 E.07464
G1 X162.22 Y116.512 E.07458
G1 X161.599 Y117.215 E.07465
G1 X160.935 Y117.89 E.07535
G1 X160.491 Y118.304 E.04831
G1 X159.771 Y118.919 E.07536
G1 X159.027 Y119.49 E.07464
G1 X158.255 Y120.021 E.07457
G1 X157.447 Y120.515 E.07537
M73 P69 R11
G1 X156.916 Y120.81 E.04834
G1 X156.069 Y121.232 E.07531
G1 X155.201 Y121.61 E.07534
G1 X154.634 Y121.827 E.04831
G1 X153.736 Y122.128 E.07537
G1 X152.833 Y122.378 E.07457
G1 X151.917 Y122.581 E.07467
G1 X150.993 Y122.736 E.07456
G1 X150.061 Y122.842 E.07465
G1 X149.125 Y122.899 E.07463
G1 X148.187 Y122.907 E.07465
G1 X147.251 Y122.866 E.07456
G1 X146.308 Y122.776 E.07539
G1 X145.707 Y122.691 E.0483
G1 X144.767 Y122.517 E.07608
G1 X144.176 Y122.381 E.04826
G1 X143.264 Y122.128 E.07532
G1 X142.374 Y121.83 E.07469
G1 X141.502 Y121.486 E.0746
G1 X140.648 Y121.097 E.07468
G1 X139.861 Y120.689 E.07055
G1 X139.281 Y120.356 E.05322
G1 X138.485 Y119.848 E.07515
G1 X137.721 Y119.304 E.07464
G1 X136.988 Y118.72 E.07458
G1 X136.285 Y118.099 E.07465
G1 X135.61 Y117.435 E.07535
G1 X135.196 Y116.991 E.04831
G1 X134.581 Y116.271 E.07536
G1 X134.01 Y115.527 E.07464
G1 X133.474 Y114.747 E.07532
G1 X133.153 Y114.232 E.04829
G1 X132.686 Y113.408 E.07537
G1 X132.268 Y112.569 E.0746
G1 X131.89 Y111.701 E.07534
G1 X131.673 Y111.134 E.04831
G1 X131.372 Y110.236 E.07537
G1 X131.122 Y109.333 E.07457
G1 X130.919 Y108.417 E.07467
G1 X130.764 Y107.493 E.07456
G1 X130.658 Y106.561 E.07465
G1 X130.601 Y105.625 E.07463
G1 X130.593 Y104.686 E.07473
G1 X130.63 Y103.801 E.07049
G1 X130.687 Y103.135 E.0532
G1 X130.81 Y102.198 E.07521
G1 X130.983 Y101.267 E.07536
G1 X131.119 Y100.676 E.04826
G1 X131.372 Y99.764 E.07532
G1 X131.67 Y98.874 E.07469
G1 X132.014 Y98.002 E.0746
G1 X132.402 Y97.149 E.07458
G1 X132.835 Y96.317 E.07464
G1 X133.312 Y95.508 E.07474
G1 X133.8 Y94.769 E.07048
G1 X134.192 Y94.227 E.05323
G1 X134.78 Y93.488 E.07516
G1 X135.401 Y92.785 E.07465
G1 X136.059 Y92.116 E.07468
G1 X136.712 Y91.516 E.07057
G1 X137.223 Y91.085 E.0532
G1 X137.973 Y90.51 E.07521
G1 X138.746 Y89.979 E.07463
G1 X139.502 Y89.515 E.07059
G1 X140.086 Y89.189 E.05323
G1 X140.931 Y88.768 E.07513
G1 X141.791 Y88.394 E.07463
G1 X142.67 Y88.065 E.07469
G1 X143.515 Y87.798 E.07052
G1 X144.16 Y87.623 E.05319
G1 X145.083 Y87.419 E.07523
G1 X146.007 Y87.264 E.07456
G1 X146.939 Y87.158 E.07465
G1 X147.876 Y87.101 E.07471
G1 X148.459 Y87.095 E.0464
G1 X148.48 Y88.052 F12000
G1 F626.907
G1 X148.751 Y88.049 E.02157
G1 X149.377 Y88.07 E.04985
G1 X150.272 Y88.14 E.07144
G1 X151.152 Y88.256 E.07064
G1 X152.026 Y88.418 E.07074
G1 X152.845 Y88.614 E.06702
G1 X153.447 Y88.785 E.0498
G1 X154.298 Y89.07 E.07142
G1 X155.124 Y89.395 E.07064
G1 X155.933 Y89.764 E.07076
G1 X156.68 Y90.151 E.06695
G1 X157.223 Y90.463 E.04984
G1 X157.98 Y90.946 E.07146
G1 X158.702 Y91.461 E.07058
G1 X159.397 Y92.013 E.07063
G1 X160.062 Y92.602 E.0707
G1 X160.696 Y93.225 E.07074
G1 X161.265 Y93.844 E.06691
G1 X161.669 Y94.323 E.04987
G1 X162.215 Y95.035 E.0714
G1 X162.725 Y95.778 E.07172
G1 X163.025 Y96.257 E.04498
G1 X163.468 Y97.041 E.07166
G1 X163.864 Y97.836 E.07068
G1 X164.111 Y98.402 E.04915
G1 X164.325 Y98.925 E.04497
G1 X164.571 Y99.623 E.0589
G1 X164.831 Y100.471 E.07059
G1 X165.045 Y101.332 E.0706
G1 X165.214 Y102.203 E.07061
G1 X165.338 Y103.082 E.07064
G1 X165.415 Y103.965 E.07054
G1 X165.45 Y105.296 E.10596
G1 X165.411 Y106.183 E.07066
G1 X165.325 Y107.079 E.07163
G1 X165.246 Y107.639 E.04501
G1 X165.08 Y108.538 E.07275
G1 X164.953 Y109.088 E.04492
G1 X164.712 Y109.956 E.07169
G1 X164.43 Y110.798 E.07067
G1 X164.105 Y111.624 E.07064
G1 X163.731 Y112.444 E.07172
G1 X163.475 Y112.947 E.04492
G1 X163.031 Y113.731 E.0717
G1 X162.554 Y114.48 E.07067
G1 X162.039 Y115.202 E.07058
G1 X161.487 Y115.897 E.07063
G1 X160.898 Y116.562 E.0707
G1 X160.267 Y117.204 E.07164
G1 X159.854 Y117.59 E.04499
G1 X159.169 Y118.175 E.07169
G1 X158.465 Y118.715 E.07061
G1 X157.733 Y119.218 E.07068
G1 X156.965 Y119.688 E.07166
G1 X156.471 Y119.962 E.04496
G1 X155.664 Y120.364 E.07175
G1 X154.838 Y120.724 E.07171
G1 X154.311 Y120.926 E.04491
G1 X153.456 Y121.212 E.07175
G1 X152.601 Y121.449 E.07061
G1 X151.735 Y121.641 E.07059
G1 X150.859 Y121.788 E.07069
G1 X149.978 Y121.888 E.07056
G1 X149.092 Y121.942 E.07064
G1 X148.204 Y121.95 E.07067
G1 X147.317 Y121.911 E.07066
G1 X146.421 Y121.825 E.07163
G1 X145.861 Y121.746 E.04501
G1 X144.962 Y121.58 E.07275
G1 X144.412 Y121.453 E.04492
G1 X143.544 Y121.212 E.07169
G1 X142.702 Y120.93 E.07067
G1 X141.876 Y120.605 E.07064
G1 X141.067 Y120.236 E.07076
G1 X140.32 Y119.849 E.06695
G1 X139.777 Y119.537 E.04984
G1 X139.02 Y119.054 E.07146
G1 X138.298 Y118.539 E.07058
G1 X137.603 Y117.987 E.07063
G1 X136.938 Y117.398 E.0707
G1 X136.296 Y116.767 E.07164
G1 X135.91 Y116.354 E.04499
G1 X135.325 Y115.669 E.07169
G1 X134.785 Y114.965 E.07061
G1 X134.275 Y114.222 E.07172
G1 X133.975 Y113.743 E.04498
G1 X133.532 Y112.959 E.07166
G1 X133.136 Y112.164 E.07068
G1 X132.776 Y111.338 E.07171
G1 X132.574 Y110.811 E.04491
G1 X132.288 Y109.956 E.07175
G1 X132.051 Y109.101 E.07061
G1 X131.859 Y108.235 E.07059
G1 X131.712 Y107.359 E.07069
G1 X131.612 Y106.478 E.07056
G1 X131.558 Y105.592 E.07064
G1 X131.55 Y104.702 E.07083
G1 X131.586 Y103.862 E.06691
G1 X131.639 Y103.238 E.04984
G1 X131.756 Y102.348 E.07144
G1 X131.92 Y101.462 E.07171
G1 X132.047 Y100.912 E.04492
G1 X132.288 Y100.044 E.07169
G1 X132.57 Y99.202 E.07067
G1 X132.895 Y98.376 E.07064
G1 X133.263 Y97.568 E.07066
G1 X133.673 Y96.781 E.07062
G1 X134.124 Y96.015 E.07074
G1 X134.588 Y95.313 E.06697
G1 X134.955 Y94.805 E.04987
G1 X135.513 Y94.103 E.07136
G1 X136.102 Y93.438 E.0707
G1 X136.725 Y92.804 E.07074
G1 X137.344 Y92.235 E.06691
G1 X137.823 Y91.831 E.04987
G1 X138.535 Y91.285 E.0714
G1 X139.268 Y90.781 E.07079
G1 X139.985 Y90.341 E.06695
G1 X140.532 Y90.036 E.04984
G1 X141.336 Y89.636 E.07146
G1 X142.149 Y89.282 E.07057
G1 X142.982 Y88.97 E.07079
G1 X143.784 Y88.716 E.06695
G1 X144.389 Y88.553 E.04986
G1 X145.265 Y88.359 E.0714
G1 X146.141 Y88.212 E.07069
G1 X147.022 Y88.112 E.07056
G1 X147.91 Y88.058 E.0708
G1 X148.45 Y88.052 E.04298
G1 E-8 F7200
G1 Z4.4 F3000
G1 X164.782 Y108.641 F12000
G1 Z4.2 F3000
G1 E8 F7200
;TYPE:Bridge infill
G1 E-10F300
G1 F12000.0
T0
G1 E16F300
G1 F12000.0
;WIDTH:0.507094
;HEIGHT:0.501996
G1 F594.175
G1 X163.6 Y111.489 E.25891
G1 X163.267 Y112.22 E.06745
G1 X163.021 Y112.703 E.04551
G1 X162.59 Y113.466 E.07358
G1 X162.127 Y114.192 E.0723
G1 X161.539 Y115.004 E.08418
G1 X164.793 Y107.16 E.71305
G1 X164.897 Y106.147 E.0855
G1 X164.931 Y105.375 E.06488
G1 X160.372 Y116.363 E.99887
G1 X159.907 Y116.835 E.05563
G1 X159.368 Y117.326 E.06122
G1 X164.901 Y103.994 E1.212
G1 X164.875 Y103.567 E.03592
G1 X164.789 Y102.811 E.06389
G1 X158.456 Y118.072 E1.38735
G1 X158.162 Y118.298 E.03114
M73 P70 R11
G1 X157.598 Y118.685 E.05743
G1 X164.616 Y101.775 E1.53728
G1 X164.399 Y100.843 E.08035
G1 X156.784 Y119.195 E1.66833
G1 X156.005 Y119.619 E.07447
G1 X164.15 Y99.989 E1.78449
G1 X163.877 Y99.195 E.0705
G1 X155.251 Y119.983 E1.88978
G1 X154.518 Y120.295 E.06689
G1 X163.576 Y98.465 E1.98449
G1 X163.259 Y97.776 E.06368
G1 X153.808 Y120.551 E2.07043
G1 X153.113 Y120.772 E.06124
G1 X162.925 Y97.127 E2.14952
G1 X162.577 Y96.513 E.05926
G1 X152.433 Y120.959 E2.22232
G1 X151.769 Y121.106 E.0571
G1 X162.212 Y95.94 E2.28778
G1 X161.835 Y95.393 E.05578
G1 X151.117 Y121.222 E2.34805
M73 P71 R11
G1 X150.476 Y121.313 E.05436
G1 X161.446 Y94.879 E2.40308
G1 X161.047 Y94.386 E.05325
M73 P71 R10
G1 X149.845 Y121.38 E2.45398
G1 X149.227 Y121.418 E.05199
G1 X160.636 Y93.922 E2.49957
G1 X160.218 Y93.477 E.05126
G1 X148.618 Y121.431 E2.54124
G1 X148.017 Y121.426 E.05047
G1 X159.789 Y93.056 E2.57904
G1 X159.35 Y92.66 E.04964
G1 X147.424 Y121.4 E2.61269
G1 X146.843 Y121.348 E.04898
G1 X158.905 Y92.28 E2.6425
G1 X158.451 Y91.92 E.04865
M73 P72 R10
G1 X146.267 Y121.283 E2.6693
G1 X145.701 Y121.193 E.04812
G1 X157.988 Y91.584 E2.6917
G1 X157.518 Y91.262 E.04784
G1 X145.141 Y121.089 E2.7115
G1 X144.589 Y120.965 E.0475
G1 X157.041 Y90.958 E2.72787
G1 X156.556 Y90.674 E.04719
G1 X144.047 Y120.817 E2.74026
G1 X143.51 Y120.658 E.04702
G1 X156.062 Y90.411 E2.7497
G1 X155.562 Y90.161 E.04694
G1 X142.981 Y120.48 E2.75622
G1 X142.46 Y120.281 E.04683
M73 P73 R10
G1 X155.055 Y89.93 E2.75915
G1 X154.54 Y89.719 E.04673
G1 X141.945 Y120.07 E2.75915
G1 X141.438 Y119.839 E.04678
G1 X154.019 Y89.52 E2.75622
G1 X153.489 Y89.342 E.04694
G1 X140.938 Y119.589 E2.74967
G1 X140.444 Y119.326 E.04699
G1 X152.954 Y89.18 E2.74052
G1 X152.409 Y89.039 E.04727
M73 P73 R9
G1 X139.959 Y119.042 E2.7275
G1 X139.482 Y118.738 E.04749
G1 X151.859 Y88.911 E2.7115
G1 X151.299 Y88.807 E.04782
M73 P74 R9
G1 X139.012 Y118.416 E2.6917
G1 X138.548 Y118.08 E.0481
G1 X150.732 Y88.72 E2.66907
G1 X150.158 Y88.649 E.04856
G1 X138.095 Y117.719 E2.64269
G1 X137.649 Y117.34 E.04914
G1 X149.571 Y88.61 E2.61178
G1 X148.983 Y88.574 E.04946
G1 X137.211 Y116.944 E2.57904
G1 X136.782 Y116.523 E.05047
G1 X148.38 Y88.573 E2.54086
G1 X147.773 Y88.582 E.05097
G1 X136.362 Y116.082 E2.49995
G1 X135.954 Y115.611 E.05232
M73 P75 R9
G1 X147.155 Y88.62 E2.45371
G1 X146.523 Y88.687 E.05336
G1 X135.554 Y115.121 E2.40305
G1 X135.164 Y114.607 E.05418
G1 X145.883 Y88.778 E2.34808
G1 X145.231 Y88.894 E.05561
G1 X134.788 Y114.06 E2.28778
G1 X134.423 Y113.487 E.05704
G1 X144.567 Y89.041 E2.22232
G1 X143.888 Y89.224 E.05905
G1 X134.075 Y112.872 E2.14978
G1 X133.741 Y112.224 E.06121
G1 X143.194 Y89.444 E2.07088
G1 X142.481 Y89.708 E.06384
G1 X133.424 Y111.535 E1.98423
G1 X133.123 Y110.805 E.0663
M73 P76 R9
G1 X141.749 Y90.018 E1.8897
G1 X140.995 Y90.381 E.07026
G1 X132.85 Y110.011 E1.78449
G1 X132.601 Y109.157 E.07469
G1 X140.217 Y90.803 E1.66851
G1 X139.401 Y91.315 E.08089
G1 X132.384 Y108.225 E1.53725
G1 X132.211 Y107.188 E.08828
M73 P76 R8
G1 X138.544 Y91.928 E1.38727
G1 X138.146 Y92.233 E.0421
G1 X137.633 Y92.67 E.05658
G1 X132.099 Y106.005 E1.21227
G1 X132.073 Y105.574 E.03625
G1 X132.069 Y104.625 E.07968
G1 X136.628 Y93.637 E.99887
G1 X135.908 Y94.434 E.09018
G1 X135.461 Y94.996 E.06029
G1 X132.213 Y102.824 E.71161
G1 X132.265 Y102.429 E.03345
G1 X132.425 Y101.567 E.07361
G1 X132.547 Y101.038 E.04558
G1 X132.781 Y100.194 E.07354
G1 X133.054 Y99.378 E.07225
G1 X133.32 Y98.702 E.061
G1 X134.421 Y96.05 E.2411
;LAYER_CHANGE
;Z:4.4
;HEIGHT:0.2

G1 E-8 F7200
G1 Z4.4 F3000
;AFTER_LAYER_CHANGE
;4.4
G92 E0
_ON_LAYER_CHANGE LAYER=22
G1 Z4.6
G1 X148.504 Y85.343 F12000
G1 Z4.4 F3000
G1 E8 F7200
;TYPE:External perimeter
;WIDTH:0.674999
G1 F949.248
G1 X148.796 Y85.34 E.01535
G1 X149.528 Y85.364 E.03849
G1 X150.555 Y85.445 E.05414
G1 X151.576 Y85.58 E.05413
G1 X152.588 Y85.767 E.05409
G1 X153.544 Y85.996 E.05167
G1 X154.248 Y86.196 E.03846
G1 X155.225 Y86.523 E.05415
G1 X156.183 Y86.901 E.05413
G1 X157.12 Y87.328 E.05412
G1 X157.991 Y87.78 E.05157
G1 X158.626 Y88.145 E.03849
G1 X159.495 Y88.699 E.05416
G1 X160.333 Y89.297 E.05411
G1 X161.139 Y89.938 E.05412
G1 X161.91 Y90.62 E.0541
G1 X162.644 Y91.341 E.05408
G1 X163.339 Y92.1 E.05409
G1 X163.995 Y92.896 E.05421
G1 X164.406 Y93.441 E.03588
G1 X164.991 Y94.292 E.05428
G1 X165.353 Y94.872 E.03593
G1 X165.861 Y95.769 E.05418
G1 X166.32 Y96.69 E.05408
G1 X166.731 Y97.636 E.05421
G1 X166.976 Y98.274 E.03592
G1 X167.303 Y99.251 E.05415
G1 X167.578 Y100.243 E.0541
G1 X167.801 Y101.248 E.05411
G1 X167.971 Y102.264 E.05414
G1 X168.088 Y103.286 E.05406
G1 X168.15 Y104.314 E.05413
G1 X168.159 Y105.343 E.05408
G1 X168.114 Y106.372 E.05413
G1 X168.016 Y107.398 E.05417
G1 X167.921 Y108.074 E.03588
G1 X167.732 Y109.089 E.05426
G1 X167.579 Y109.755 E.03592
G1 X167.303 Y110.749 E.05422
G1 X166.977 Y111.725 E.05408
G1 X166.599 Y112.683 E.05413
G1 X166.172 Y113.621 E.05417
G1 X165.862 Y114.23 E.03592
G1 X165.354 Y115.127 E.05418
G1 X164.801 Y115.995 E.05409
G1 X164.203 Y116.833 E.05411
G1 X163.562 Y117.639 E.05412
G1 X162.88 Y118.41 E.0541
G1 X162.158 Y119.145 E.05415
G1 X161.658 Y119.611 E.03592
G1 X160.874 Y120.281 E.0542
G1 X160.057 Y120.907 E.0541
G1 X159.209 Y121.49 E.05409
G1 X158.331 Y122.028 E.05412
G1 X157.468 Y122.498 E.05165
G1 X156.811 Y122.82 E.03845
G1 X155.864 Y123.231 E.05426
G1 X155.226 Y123.476 E.03592
G1 X154.249 Y123.803 E.05415
G1 X153.257 Y124.078 E.0541
G1 X152.252 Y124.301 E.05411
G1 X151.236 Y124.471 E.05414
G1 X150.214 Y124.588 E.05406
G1 X149.186 Y124.65 E.05413
G1 X148.157 Y124.659 E.05408
G1 X147.175 Y124.617 E.05166
G1 X146.446 Y124.555 E.03845
G1 X145.424 Y124.42 E.05418
G1 X144.411 Y124.232 E.05415
G1 X143.745 Y124.079 E.03592
G1 X142.751 Y123.803 E.05422
G1 X141.775 Y123.477 E.05408
G1 X140.817 Y123.099 E.05413
G1 X139.881 Y122.672 E.05407
G1 X138.967 Y122.197 E.05414
G1 X138.08 Y121.675 E.05409
G1 X137.261 Y121.133 E.05162
G1 X136.668 Y120.704 E.03847
G1 X135.861 Y120.062 E.0542
G1 X135.09 Y119.38 E.0541
G1 X134.355 Y118.658 E.05415
G1 X133.889 Y118.158 E.03592
G1 X133.219 Y117.374 E.0542
G1 X132.593 Y116.557 E.0541
G1 X132.009 Y115.708 E.05416
G1 X131.647 Y115.128 E.03593
G1 X131.139 Y114.231 E.05418
G1 X130.68 Y113.31 E.05408
G1 X130.269 Y112.366 E.05411
G1 X129.909 Y111.401 E.05413
M73 P77 R8
G1 X129.599 Y110.42 E.05407
G1 X129.342 Y109.423 E.05411
G1 X129.145 Y108.461 E.05161
G1 X129.029 Y107.738 E.03849
G1 X128.912 Y106.714 E.05417
G1 X128.85 Y105.686 E.05413
G1 X128.841 Y104.657 E.05408
G1 X128.886 Y103.628 E.05413
G1 X128.979 Y102.65 E.05163
G1 X129.079 Y101.925 E.03847
G1 X129.268 Y100.911 E.05421
G1 X129.421 Y100.245 E.03592
G1 X129.697 Y99.251 E.05422
G1 X130.023 Y98.275 E.05408
G1 X130.401 Y97.317 E.05413
G1 X130.828 Y96.38 E.05412
G1 X131.28 Y95.509 E.05157
G1 X131.645 Y94.874 E.03849
G1 X132.199 Y94.005 E.05416
G1 X132.797 Y93.167 E.05411
G1 X133.438 Y92.361 E.05412
G1 X134.12 Y91.59 E.0541
G1 X134.841 Y90.856 E.05408
G1 X135.565 Y90.192 E.05163
G1 X136.125 Y89.72 E.03849
G1 X136.943 Y89.093 E.05417
G1 X137.791 Y88.51 E.05409
G1 X138.628 Y87.996 E.05162
G1 X139.268 Y87.64 E.03849
G1 X140.19 Y87.18 E.05415
G1 X141.134 Y86.769 E.05411
G1 X142.099 Y86.409 E.05413
G1 X143.08 Y86.099 E.05407
G1 X144.031 Y85.852 E.05164
G1 X144.747 Y85.699 E.03848
G1 X145.764 Y85.529 E.05419
G1 X146.786 Y85.412 E.05406
G1 X147.814 Y85.35 E.05413
G1 X148.474 Y85.343 E.03469
G1 X149.074 Y85.35 F12000
G1 X148.497 Y86.138
;TYPE:Perimeter
G1 E-10F300
G1 F12000.0
T1
G1 E20F300
;WIDTH:0.999999
G1 F626.907
G1 X148.787 Y86.135 E.02308
G1 X149.483 Y86.158 E.05542
G1 X150.472 Y86.236 E.07895
G1 X151.452 Y86.365 E.07866
G1 X152.423 Y86.545 E.07859
G1 X153.342 Y86.765 E.0752
G1 X154.013 Y86.956 E.05552
G1 X154.953 Y87.27 E.07887
G1 X155.872 Y87.632 E.0786
G1 X156.771 Y88.042 E.07863
G1 X157.61 Y88.478 E.07525
G1 X158.214 Y88.825 E.05543
G1 X159.051 Y89.358 E.07897
G1 X159.855 Y89.932 E.07862
G1 X160.628 Y90.547 E.07861
G1 X161.368 Y91.201 E.07859
G1 X162.072 Y91.894 E.07862
G1 X162.739 Y92.622 E.07858
G1 X163.371 Y93.388 E.07903
G1 X163.761 Y93.906 E.0516
G1 X164.326 Y94.728 E.07938
G1 X164.67 Y95.278 E.05163
G1 X165.159 Y96.142 E.07901
G1 X165.6 Y97.026 E.07862
G1 X165.866 Y97.639 E.05318
G1 X166.112 Y98.239 E.05161
G1 X166.386 Y99.015 E.06549
G1 X166.675 Y99.96 E.07864
G1 X166.914 Y100.918 E.07858
G1 X167.102 Y101.887 E.07855
G1 X167.24 Y102.865 E.0786
G1 X167.326 Y103.849 E.07861
G1 X167.365 Y105.329 E.11782
G1 X167.322 Y106.316 E.07862
G1 X167.226 Y107.304 E.079
G1 X167.136 Y107.947 E.05167
G1 X166.954 Y108.928 E.0794
G1 X166.808 Y109.56 E.05162
G1 X166.543 Y110.516 E.07895
G1 X166.23 Y111.453 E.07862
G1 X165.868 Y112.372 E.0786
G1 X165.456 Y113.275 E.07899
G1 X165.161 Y113.853 E.05164
G1 X164.673 Y114.717 E.07897
G1 X164.142 Y115.551 E.07868
G1 X163.568 Y116.355 E.07862
G1 X162.953 Y117.128 E.07861
G1 X162.299 Y117.868 E.07859
G1 X161.603 Y118.576 E.07901
G1 X161.129 Y119.018 E.05158
G1 X160.374 Y119.663 E.07902
G1 X159.59 Y120.264 E.07861
G1 X158.776 Y120.824 E.07863
G1 X157.933 Y121.34 E.07866
G1 X157.103 Y121.792 E.07521
G1 X156.477 Y122.098 E.05545
G1 X155.563 Y122.496 E.07933
G1 X154.958 Y122.728 E.05157
G1 X154.016 Y123.043 E.07905
G1 X153.065 Y123.307 E.07854
G1 X152.1 Y123.521 E.07866
G1 X151.126 Y123.684 E.07859
G1 X150.144 Y123.796 E.07866
G1 X149.159 Y123.856 E.07853
G1 X148.17 Y123.865 E.07871
G1 X147.226 Y123.824 E.0752
G1 X146.532 Y123.765 E.05543
G1 X145.548 Y123.635 E.07899
G1 X144.572 Y123.454 E.079
G1 X143.94 Y123.308 E.05162
G1 X142.984 Y123.043 E.07895
G1 X142.047 Y122.73 E.07862
G1 X141.128 Y122.368 E.0786
G1 X140.229 Y121.958 E.07863
G1 X139.353 Y121.502 E.07859
G1 X138.501 Y121 E.0787
G1 X137.713 Y120.479 E.07518
G1 X137.148 Y120.071 E.05546
G1 X136.372 Y119.453 E.07895
G1 X135.632 Y118.799 E.07859
G1 X134.924 Y118.103 E.07901
G1 X134.482 Y117.629 E.05158
G1 X133.837 Y116.874 E.07902
G1 X133.236 Y116.09 E.07861
G1 X132.674 Y115.272 E.07898
G1 X132.33 Y114.722 E.05163
G1 X131.841 Y113.858 E.07901
G1 X131.4 Y112.974 E.07862
G1 X131.006 Y112.068 E.07862
G1 X130.66 Y111.143 E.07859
G1 X130.363 Y110.201 E.0786
G1 X130.116 Y109.244 E.07866
G1 X129.927 Y108.318 E.07521
G1 X129.817 Y107.63 E.05545
G1 X129.704 Y106.644 E.07898
G1 X129.644 Y105.658 E.07861
G1 X129.635 Y104.671 E.07855
G1 X129.678 Y103.683 E.0787
G1 X129.768 Y102.743 E.07515
G1 X129.864 Y102.052 E.05552
G1 X130.046 Y101.072 E.07932
G1 X130.192 Y100.44 E.05162
G1 X130.457 Y99.484 E.07895
G1 X130.77 Y98.547 E.07862
G1 X131.132 Y97.628 E.0786
G1 X131.542 Y96.729 E.07863
G1 X131.978 Y95.89 E.07525
G1 X132.325 Y95.286 E.05543
G1 X132.858 Y94.449 E.07897
G1 X133.432 Y93.645 E.07862
G1 X134.047 Y92.872 E.07861
G1 X134.701 Y92.132 E.07859
G1 X135.394 Y91.427 E.07867
G1 X136.09 Y90.789 E.07514
G1 X136.623 Y90.34 E.05546
G1 X137.41 Y89.736 E.07895
G1 X138.224 Y89.176 E.07863
G1 X139.03 Y88.682 E.07523
G1 X139.639 Y88.343 E.05547
G1 X140.526 Y87.9 E.0789
G1 X141.432 Y87.506 E.07862
G1 X142.357 Y87.16 E.07859
G1 X143.3 Y86.863 E.07868
G1 X144.214 Y86.626 E.07514
G1 X144.896 Y86.48 E.0555
G1 X145.874 Y86.316 E.07892
G1 X146.856 Y86.204 E.07866
G1 X147.842 Y86.144 E.07861
G1 X148.467 Y86.138 E.04974
G1 X148.489 Y87.095 F12000
G1 F626.907
G1 X148.776 Y87.092 E.02284
G1 X149.43 Y87.114 E.05208
G1 X150.372 Y87.188 E.0752
G1 X151.302 Y87.31 E.07464
G1 X152.225 Y87.481 E.0747
G1 X153.1 Y87.691 E.07161
G1 X153.729 Y87.87 E.05204
G1 X154.626 Y88.17 E.07527
G1 X155.498 Y88.514 E.0746
G1 X156.352 Y88.903 E.07468
G1 X157.151 Y89.318 E.07165
G1 X157.718 Y89.644 E.05205
G1 X158.515 Y90.152 E.07521
G1 X159.279 Y90.696 E.07464
G1 X160.012 Y91.28 E.07458
G1 X160.715 Y91.901 E.07465
G1 X161.384 Y92.559 E.07468
G1 X162.017 Y93.25 E.07458
G1 X162.619 Y93.98 E.0753
G1 X162.984 Y94.465 E.04831
G1 X163.526 Y95.253 E.07611
G1 X163.847 Y95.768 E.04829
G1 X164.314 Y96.592 E.07537
G1 X164.732 Y97.431 E.0746
G1 X164.989 Y98.021 E.05121
G1 X165.218 Y98.582 E.04822
G1 X165.479 Y99.319 E.06222
G1 X165.753 Y100.215 E.07456
G1 X165.98 Y101.125 E.07464
G1 X166.158 Y102.045 E.07457
G1 X166.289 Y102.973 E.07458
G1 X166.371 Y103.907 E.07461
G1 X166.407 Y105.313 E.11193
G1 X166.366 Y106.249 E.07456
G1 X166.276 Y107.192 E.07539
G1 X166.191 Y107.793 E.0483
G1 X166.017 Y108.733 E.07608
G1 X165.881 Y109.324 E.04826
G1 X165.628 Y110.236 E.07532
G1 X165.33 Y111.126 E.07469
G1 X164.986 Y111.998 E.0746
G1 X164.594 Y112.86 E.07536
G1 X164.318 Y113.4 E.04826
G1 X163.852 Y114.224 E.07534
G1 X163.348 Y115.015 E.07464
G1 X162.804 Y115.779 E.07464
G1 X162.22 Y116.512 E.07458
G1 X161.599 Y117.215 E.07465
G1 X160.935 Y117.89 E.07535
G1 X160.491 Y118.304 E.04831
G1 X159.771 Y118.919 E.07536
G1 X159.027 Y119.49 E.07464
G1 X158.255 Y120.021 E.07457
G1 X157.454 Y120.511 E.07473
G1 X156.664 Y120.941 E.07158
G1 X156.076 Y121.229 E.05211
G1 X155.201 Y121.61 E.07595
G1 X154.634 Y121.827 E.04831
G1 X153.736 Y122.128 E.07537
G1 X152.833 Y122.378 E.07457
G1 X151.917 Y122.581 E.07467
G1 X150.993 Y122.736 E.07456
G1 X150.061 Y122.842 E.07465
G1 X149.125 Y122.899 E.07463
G1 X148.187 Y122.907 E.07465
G1 X147.288 Y122.869 E.07161
G1 X146.635 Y122.813 E.05216
G1 X145.698 Y122.69 E.07521
G1 X144.767 Y122.517 E.07536
G1 X144.176 Y122.381 E.04826
G1 X143.264 Y122.128 E.07532
G1 X142.374 Y121.83 E.07469
G1 X141.502 Y121.486 E.0746
G1 X140.649 Y121.098 E.07458
G1 X139.817 Y120.665 E.07464
G1 X139.008 Y120.188 E.07474
G1 X138.258 Y119.692 E.07156
G1 X137.727 Y119.308 E.05215
G1 X136.988 Y118.72 E.07516
G1 X136.285 Y118.099 E.07465
G1 X135.61 Y117.435 E.07535
G1 X135.196 Y116.991 E.04831
G1 X134.581 Y116.271 E.07536
G1 X134.01 Y115.527 E.07464
G1 X133.474 Y114.747 E.07532
G1 X133.153 Y114.232 E.04829
G1 X132.686 Y113.408 E.07537
G1 X132.268 Y112.569 E.0746
G1 X131.894 Y111.709 E.07463
G1 X131.566 Y110.831 E.07459
G1 X131.284 Y109.937 E.0746
G1 X131.049 Y109.028 E.07472
G1 X130.869 Y108.147 E.07156
G1 X130.765 Y107.5 E.05215
G1 X130.658 Y106.561 E.07521
G1 X130.601 Y105.625 E.07463
G1 X130.593 Y104.687 E.07465
G1 X130.634 Y103.75 E.07464
G1 X130.719 Y102.854 E.07163
G1 X130.809 Y102.205 E.05214
G1 X130.983 Y101.267 E.07592
G1 X131.119 Y100.676 E.04826
G1 X131.372 Y99.764 E.07532
G1 X131.67 Y98.874 E.07469
G1 X132.014 Y98.002 E.0746
G1 X132.403 Y97.148 E.07468
G1 X132.818 Y96.349 E.07165
G1 X133.144 Y95.782 E.05205
M73 P78 R8
G1 X133.652 Y94.985 E.07521
G1 X134.196 Y94.221 E.07464
G1 X134.78 Y93.488 E.07458
G1 X135.401 Y92.785 E.07465
G1 X136.059 Y92.116 E.07468
G1 X136.722 Y91.508 E.07159
G1 X137.223 Y91.086 E.05213
G1 X137.973 Y90.51 E.07526
G1 X138.746 Y89.979 E.07463
G1 X139.513 Y89.508 E.07163
G1 X140.085 Y89.19 E.05208
G1 X140.931 Y88.768 E.07524
G1 X141.791 Y88.394 E.07463
G1 X142.669 Y88.066 E.07459
G1 X143.564 Y87.783 E.0747
G1 X144.435 Y87.557 E.07161
G1 X145.075 Y87.42 E.05209
G1 X146.007 Y87.264 E.0752
G1 X146.939 Y87.158 E.07465
G1 X147.876 Y87.101 E.07471
G1 X148.459 Y87.095 E.0464
G1 X148.48 Y88.052 F12000
G1 F626.907
G1 X148.764 Y88.049 E.0226
G1 X149.377 Y88.07 E.04881
G1 X150.272 Y88.14 E.07144
G1 X151.152 Y88.256 E.07064
G1 X152.026 Y88.418 E.07074
G1 X152.857 Y88.617 E.068
G1 X153.446 Y88.785 E.04874
G1 X154.298 Y89.07 E.0715
G1 X155.124 Y89.395 E.07064
G1 X155.933 Y89.764 E.07076
G1 X156.691 Y90.158 E.06799
G1 X157.222 Y90.463 E.04873
G1 X157.98 Y90.946 E.07153
G1 X158.702 Y91.461 E.07058
G1 X159.397 Y92.013 E.07063
G1 X160.062 Y92.602 E.0707
G1 X160.695 Y93.224 E.07062
G1 X161.294 Y93.878 E.07058
G1 X161.867 Y94.573 E.07168
G1 X162.207 Y95.024 E.04495
G1 X162.725 Y95.778 E.0728
G1 X163.025 Y96.257 E.04498
G1 X163.468 Y97.041 E.07166
G1 X163.864 Y97.836 E.07068
G1 X164.111 Y98.402 E.04915
G1 X164.325 Y98.925 E.04497
G1 X164.571 Y99.623 E.0589
G1 X164.831 Y100.471 E.07059
G1 X165.045 Y101.332 E.0706
G1 X165.214 Y102.203 E.07061
G1 X165.338 Y103.082 E.07064
G1 X165.415 Y103.965 E.07054
G1 X165.45 Y105.296 E.10596
G1 X165.411 Y106.183 E.07066
G1 X165.325 Y107.079 E.07163
G1 X165.246 Y107.639 E.04501
G1 X165.08 Y108.538 E.07275
G1 X164.953 Y109.088 E.04492
G1 X164.712 Y109.956 E.07169
G1 X164.43 Y110.798 E.07067
G1 X164.105 Y111.624 E.07064
G1 X163.731 Y112.444 E.07172
G1 X163.475 Y112.947 E.04492
G1 X163.031 Y113.731 E.0717
G1 X162.554 Y114.48 E.07067
G1 X162.039 Y115.202 E.07058
G1 X161.487 Y115.897 E.07063
G1 X160.898 Y116.562 E.0707
G1 X160.267 Y117.204 E.07164
G1 X159.854 Y117.59 E.04499
G1 X159.169 Y118.175 E.07169
G1 X158.465 Y118.715 E.07061
G1 X157.733 Y119.218 E.07068
G1 X156.975 Y119.682 E.07073
G1 X156.225 Y120.091 E.06798
G1 X155.674 Y120.36 E.0488
G1 X154.838 Y120.724 E.07256
G1 X154.311 Y120.926 E.04491
G1 X153.456 Y121.212 E.07175
G1 X152.601 Y121.449 E.07061
G1 X151.735 Y121.641 E.07059
G1 X150.859 Y121.788 E.07069
G1 X149.978 Y121.888 E.07056
G1 X149.092 Y121.942 E.07064
G1 X148.203 Y121.95 E.07075
G1 X147.349 Y121.914 E.06802
G1 X146.739 Y121.861 E.04873
G1 X145.848 Y121.744 E.07152
G1 X144.962 Y121.58 E.07171
G1 X144.412 Y121.453 E.04492
G1 X143.544 Y121.212 E.07169
G1 X142.702 Y120.93 E.07067
G1 X141.876 Y120.605 E.07064
G1 X141.068 Y120.237 E.07066
G1 X140.281 Y119.827 E.07062
G1 X139.515 Y119.376 E.07074
G1 X138.802 Y118.905 E.068
G1 X138.306 Y118.546 E.04873
G1 X137.603 Y117.987 E.07148
G1 X136.938 Y117.398 E.0707
G1 X136.296 Y116.767 E.07164
G1 X135.91 Y116.354 E.04499
G1 X135.325 Y115.669 E.07169
G1 X134.785 Y114.965 E.07061
G1 X134.275 Y114.222 E.07172
G1 X133.975 Y113.743 E.04498
G1 X133.532 Y112.959 E.07166
G1 X133.136 Y112.164 E.07068
G1 X132.782 Y111.351 E.07057
G1 X132.471 Y110.519 E.07069
G1 X132.204 Y109.673 E.0706
G1 X131.981 Y108.812 E.07078
G1 X131.81 Y107.975 E.06799
G1 X131.713 Y107.37 E.04876
G1 X131.612 Y106.478 E.07144
G1 X131.558 Y105.592 E.07064
G1 X131.55 Y104.704 E.07067
G1 X131.589 Y103.816 E.07074
G1 X131.67 Y102.965 E.06803
G1 X131.754 Y102.359 E.04869
G1 X131.92 Y101.462 E.0726
G1 X132.047 Y100.912 E.04492
G1 X132.288 Y100.044 E.07169
G1 X132.57 Y99.202 E.07067
G1 X132.895 Y98.376 E.07064
G1 X133.264 Y97.567 E.07076
G1 X133.658 Y96.809 E.06799
G1 X133.963 Y96.278 E.04873
G1 X134.446 Y95.52 E.07153
G1 X134.961 Y94.798 E.07058
G1 X135.513 Y94.103 E.07063
G1 X136.102 Y93.438 E.0707
G1 X136.725 Y92.804 E.07074
G1 X137.354 Y92.226 E.06798
G1 X137.823 Y91.832 E.04875
G1 X138.535 Y91.285 E.07145
G1 X139.268 Y90.782 E.07075
G1 X139.996 Y90.334 E.06803
G1 X140.532 Y90.036 E.0488
G1 X141.336 Y89.636 E.07146
G1 X142.149 Y89.282 E.07057
G1 X142.981 Y88.971 E.07069
G1 X143.828 Y88.704 E.07068
G1 X144.656 Y88.489 E.06808
G1 X145.255 Y88.361 E.04875
G1 X146.141 Y88.212 E.0715
G1 X147.022 Y88.112 E.07056
G1 X147.91 Y88.058 E.0708
G1 X148.45 Y88.052 E.04298
G1 E-8 F7200
G1 Z4.6 F3000
G1 X138.494 Y91.714 F12000
G1 Z4.4 F3000
G1 E8 F7200
;TYPE:Solid infill
G1 E-10F300
G1 F12000.0
T0
G1 E16F300
G1 F12000.0
;WIDTH:0.55292
G1 F1176.471
G1 X137.605 Y92.511 E.05063
G1 X137.001 Y93.09 E.03548
G1 X135.795 Y94.339 E.07363
G1 X135.215 Y94.988 E.03691
G1 E-8 F7200
G1 Z4.6 F3000
G1 X134.566 Y96.328 F12000
G1 Z4.4 F3000
G1 E8 F7200
G1 F1176.471
G1 X134.521 Y96.283 E.0027
G1 X134.46 Y96.3 E.00269
G1 X134.443 Y96.361 E.00269
G1 X134.488 Y96.406 E.0027
G1 X134.55 Y96.39 E.00272
;WIDTH:0.593613
G1 F1089.536
G1 X134.654 Y96.226 E.00889
;WIDTH:0.634306
G1 F1014.566
G1 X134.759 Y96.062 E.00958
;WIDTH:0.674999
G1 F949.248
G1 X134.863 Y95.898 E.01021
G1 X139.389 Y91.372 E.33641
G1 X139.553 Y91.267 E.01023
;WIDTH:0.634306
G1 F1014.566
G1 X139.717 Y91.162 E.00958
;WIDTH:0.593613
G1 F1089.536
G1 X139.881 Y91.057 E.00892
;WIDTH:0.55292
G1 F1176.471
G1 X139.82 Y91.074 E.00269
G1 X139.775 Y91.029 E.0027
G1 X139.791 Y90.967 E.00272
G1 X139.853 Y90.95 E.00273
G1 X139.898 Y90.996 E.00273
G1 E-8 F7200
G1 Z4.6 F3000
G1 X141.462 Y90.193 F12000
G1 Z4.4 F3000
G1 E8 F7200
;WIDTH:0.674999
G1 F949.248
G1 X133.695 Y97.961 E.57734
G1 X133.606 Y98.125 E.00981
;WIDTH:0.634306
G1 F1014.566
G1 X133.518 Y98.289 E.00915
;WIDTH:0.593613
G1 F1089.536
G1 X133.43 Y98.453 E.00852
;WIDTH:0.55292
G1 F1176.471
G1 X133.368 Y98.469 E.00272
G1 X133.323 Y98.424 E.0027
G1 X133.339 Y98.362 E.00272
G1 X133.401 Y98.346 E.00272
G1 X133.446 Y98.391 E.0027
G1 E-8 F7200
G1 Z4.6 F3000
G1 X132.827 Y99.982 F12000
G1 Z4.4 F3000
G1 E8 F7200
G1 F1176.471
G1 X132.766 Y99.999 E.00269
G1 X132.721 Y99.954 E.0027
G1 X132.737 Y99.892 E.00272
G1 X132.799 Y99.876 E.00272
G1 X132.844 Y99.921 E.0027
;WIDTH:0.593613
G1 F1089.536
G1 X132.915 Y99.777 E.00735
;WIDTH:0.634306
G1 F1014.566
G1 X132.987 Y99.634 E.00787
;WIDTH:0.674999
G1 F949.248
G1 X133.059 Y99.49 E.00846
G1 X142.988 Y89.561 E.738
G1 X143.151 Y89.483 E.0095
;WIDTH:0.634306
G1 F1014.566
G1 X143.314 Y89.406 E.00886
;WIDTH:0.593613
G1 F1089.536
G1 X143.477 Y89.328 E.00827
;WIDTH:0.55292
G1 F1176.471
G1 X143.416 Y89.345 E.00269
G1 X143.371 Y89.3 E.0027
G1 X143.387 Y89.238 E.00272
G1 X143.449 Y89.222 E.00272
G1 X143.494 Y89.267 E.0027
;WIDTH:0.674999
G1 F949.248
G1 X144.284 Y89.159 E.04191
G1 X132.659 Y100.784 E.86406
G1 X132.556 Y100.867 E.00695
;WIDTH:0.634306
G1 F1014.566
G1 X132.452 Y100.95 E.00654
;WIDTH:0.593613
G1 F1089.536
G1 X132.349 Y101.032 E.00603
;WIDTH:0.55292
G1 F1176.471
G1 X132.173 Y101.825 E.03445
;WIDTH:0.674999
G1 F949.248
G1 X132.396 Y101.94 E.01319
G1 X145.445 Y88.892 E.96986
G1 X145.418 Y88.815 E.00429
;WIDTH:0.634306
G1 F1014.566
G1 X145.392 Y88.738 E.004
;WIDTH:0.593613
G1 F1089.536
G1 X145.365 Y88.661 E.00374
;WIDTH:0.55292
G1 F1176.471
G1 X144.531 Y88.851 E.03627
G1 E-8 F7200
G1 Z4.6 F3000
G1 X146.501 Y88.73 F12000
G1 Z4.4 F3000
G1 E8 F7200
;WIDTH:0.674999
G1 F949.248
G1 X132.225 Y103.006 E1.0611
G1 X132.137 Y103.988 E.05182
G1 X147.485 Y88.64 E1.14078
G1 X148.405 Y88.613 E.04837
G1 X132.107 Y104.911 E1.21139
G1 X132.126 Y105.786 E.046
M73 P79 R7
G1 X149.282 Y88.63 E1.27517
G1 X150.12 Y88.686 E.04414
G1 X132.187 Y106.619 E1.33292
G1 X132.283 Y107.417 E.04224
G1 X150.915 Y88.785 E1.38487
G1 X151.676 Y88.918 E.0406
G1 X132.418 Y108.176 E1.4314
G1 X132.58 Y108.908 E.0394
G1 X152.408 Y89.08 E1.47377
G1 X153.114 Y89.267 E.03839
G1 X132.768 Y109.614 E1.51231
G1 X132.982 Y110.294 E.03747
G1 X153.79 Y89.485 E1.54665
G1 X154.445 Y89.724 E.03665
G1 X133.223 Y110.946 E1.57738
G1 X133.486 Y111.578 E.03598
G1 X155.079 Y89.985 E1.60496
G1 X155.693 Y90.265 E.03547
G1 X133.768 Y112.189 E1.6296
G1 X134.07 Y112.782 E.03498
G1 X156.281 Y90.57 E1.65093
G1 X156.854 Y90.892 E.03454
G1 X134.393 Y113.353 E1.66947
G1 X134.732 Y113.907 E.03414
M73 P80 R7
G1 X157.403 Y91.236 E1.68508
G1 X157.936 Y91.597 E.03383
G1 X135.096 Y114.437 E1.69764
G1 X135.475 Y114.952 E.03361
G1 X158.454 Y91.973 E1.70798
G1 X158.952 Y92.369 E.03344
G1 X135.87 Y115.451 E1.71563
G1 X136.281 Y115.933 E.03329
G1 X159.43 Y92.784 E1.72061
G1 X159.894 Y93.215 E.03328
G1 X136.712 Y116.397 E1.72306
G1 X137.162 Y116.84 E.03319
G1 X160.342 Y93.661 E1.72288
G1 X160.769 Y94.127 E.03322
G1 X137.629 Y117.268 E1.71998
G1 X138.11 Y117.68 E.03329
G1 X161.179 Y94.611 E1.71466
G1 X161.576 Y95.109 E.03347
G1 X138.608 Y118.076 E1.70712
G1 X139.125 Y118.453 E.03363
G1 X161.949 Y95.629 E1.69645
G1 X162.31 Y96.162 E.03383
M73 P81 R7
G1 X139.664 Y118.808 E1.68322
G1 X140.219 Y119.146 E.03415
G1 X162.648 Y96.718 E1.66706
G1 X162.971 Y97.289 E.03448
G1 X140.792 Y119.467 E1.64848
G1 X141.383 Y119.77 E.03491
G1 X163.269 Y97.885 E1.6267
G1 X163.548 Y98.5 E.03549
G1 X141.997 Y120.05 E1.6018
G1 X142.634 Y120.307 E.0361
G1 X163.809 Y99.132 E1.57389
G1 X164.043 Y99.793 E.03685
G1 X143.293 Y120.543 E1.5423
G1 X143.974 Y120.755 E.03749
M73 P81 R6
G1 X164.255 Y100.474 E1.50744
G1 X164.443 Y101.18 E.0384
G1 X144.679 Y120.944 E1.46901
G1 X145.418 Y121.099 E.03969
G1 X164.603 Y101.914 E1.42598
G1 X164.731 Y102.68 E.04082
G1 X146.183 Y121.228 E1.37863
G1 X146.98 Y121.325 E.0422
G1 X164.824 Y103.48 E1.32634
G1 X164.881 Y104.318 E.04415
M73 P82 R6
G1 X147.821 Y121.378 E1.26803
G1 X148.702 Y121.39 E.04631
G1 X164.894 Y105.199 E1.20348
G1 X164.858 Y106.129 E.04892
G1 X149.634 Y121.353 E1.13156
G1 X150.625 Y121.256 E.05233
G1 X164.758 Y107.122 E1.05051
G1 X164.578 Y108.196 E.05723
G1 X151.692 Y121.082 E.95779
G1 X151.703 Y121.161 E.00419
;WIDTH:0.634306
G1 F1014.566
G1 X151.714 Y121.241 E.00397
;WIDTH:0.593613
G1 F1089.536
G1 X151.725 Y121.321 E.0037
;WIDTH:0.55292
G1 F1176.471
G1 X152.622 Y121.108 E.0391
G1 E-8 F7200
G1 Z4.6 F3000
G1 X164.611 Y109.121 F12000
G1 Z4.4 F3000
G1 E8 F7200
G1 F1176.471
G1 X164.815 Y108.243 E.03822
;WIDTH:0.674999
G1 F949.248
G1 X164.298 Y109.37 E.06517
G1 X152.87 Y120.798 E.84942
G1 X153.796 Y120.643 E.04935
;WIDTH:0.55292
G1 F1176.471
G1 X153.75 Y120.598 E.00273
G1 X153.689 Y120.614 E.00267
G1 X153.672 Y120.676 E.00273
G1 X153.717 Y120.721 E.0027
G1 X153.779 Y120.704 E.00273
;WIDTH:0.593613
G1 F1089.536
G1 X153.913 Y120.597 E.00785
;WIDTH:0.634306
G1 F1014.566
G1 X154.047 Y120.489 E.00846
;WIDTH:0.674999
G1 F949.248
G1 X154.181 Y120.381 E.00905
G1 X163.879 Y110.683 E.72083
G1 X163.986 Y110.549 E.00901
;WIDTH:0.634306
G1 F1014.566
G1 X164.093 Y110.415 E.00843
;WIDTH:0.593613
G1 F1089.536
G1 X164.2 Y110.281 E.00785
;WIDTH:0.55292
G1 F1176.471
G1 X164.138 Y110.298 E.00273
G1 X164.093 Y110.253 E.0027
G1 X164.11 Y110.191 E.00273
G1 X164.171 Y110.175 E.00267
G1 X164.216 Y110.22 E.0027
G1 E-8 F7200
G1 Z4.6 F3000
G1 X163.581 Y111.785 F12000
G1 Z4.4 F3000
G1 E8 F7200
G1 F1176.471
G1 X163.536 Y111.739 E.00273
G1 X163.474 Y111.756 E.00273
G1 X163.458 Y111.818 E.00272
G1 X163.503 Y111.863 E.0027
G1 X163.564 Y111.846 E.00269
;WIDTH:0.593613
G1 F1089.536
G1 X163.446 Y111.98 E.00818
;WIDTH:0.634306
G1 F1014.566
G1 X163.327 Y112.114 E.00881
;WIDTH:0.674999
G1 F949.248
G1 X155.618 Y119.822 E.57295
;WIDTH:0.634306
G1 F1014.566
G1 X155.485 Y119.941 E.00878
;WIDTH:0.593613
G1 F1089.536
G1 X155.351 Y120.06 E.00821
;WIDTH:0.55292
G1 F1176.471
G1 X155.289 Y120.077 E.00273
G1 X155.244 Y120.032 E.0027
G1 X155.26 Y119.97 E.00272
G1 X155.322 Y119.953 E.00273
G1 X155.367 Y119.999 E.00273
G1 E-8 F7200
G1 Z4.6 F3000
G1 X161.878 Y114.472 F12000
G1 Z4.4 F3000
G1 E8 F7200
;WIDTH:0.674999
G1 F949.248
G1 X157.966 Y118.384 E.29077
G1 X157.817 Y118.508 E.01019
;WIDTH:0.639534
G1 F1005.677
G1 X157.668 Y118.632 E.00962
;WIDTH:0.604068
G1 F1069.237
G1 X157.519 Y118.756 E.00904
;WIDTH:0.568602
G1 F1141.375
G1 X157.588 Y118.762 E.00303
;WIDTH:0.55292
G1 F1176.471
G1 X157.835 Y118.7 E.0108
G1 X158.871 Y117.808 E.05797
;WIDTH:0.577584
G1 F1122.2
G1 X159.516 Y117.212 E.03904
;WIDTH:0.596538
G1 F1083.78
G1 X160.524 Y116.212 E.06536
;WIDTH:0.58889
G1 F1098.961
G1 X161.114 Y115.585 E.03908
;WIDTH:0.55292
G1 F1176.471
G1 X161.69 Y114.939 E.0367
G1 X162.24 Y114.268 E.03679
;WIDTH:0.567938
G1 F1142.818
G1 X162.249 Y114.025 E.01062
;LAYER_CHANGE
;Z:4.6
;HEIGHT:0.2

G1 E-8 F7200
G1 Z4.6 F3000
;AFTER_LAYER_CHANGE
;4.6
G92 E0
_ON_LAYER_CHANGE LAYER=23
G1 Z4.8
G1 X148.504 Y85.343 F12000
G1 Z4.6 F3000
G1 E8 F7200
;TYPE:External perimeter
;WIDTH:0.674999
G1 F949.248
G1 X148.81 Y85.34 E.01608
G1 X149.528 Y85.364 E.03776
G1 X150.555 Y85.445 E.05414
G1 X151.576 Y85.58 E.05413
G1 X152.588 Y85.767 E.05409
G1 X153.557 Y85.999 E.05237
G1 X154.248 Y86.196 E.03776
G1 X155.225 Y86.523 E.05415
G1 X156.183 Y86.901 E.05413
G1 X157.119 Y87.328 E.05407
G1 X158.033 Y87.803 E.05414
G1 X158.891 Y88.308 E.05233
G1 X159.494 Y88.698 E.03774
G1 X160.333 Y89.297 E.05418
G1 X161.139 Y89.938 E.05412
G1 X161.91 Y90.62 E.0541
G1 X162.644 Y91.341 E.05408
G1 X163.339 Y92.1 E.05409
G1 X163.995 Y92.896 E.05421
G1 X164.406 Y93.441 E.03588
G1 X164.991 Y94.292 E.05428
G1 X165.353 Y94.872 E.03593
G1 X165.861 Y95.769 E.05418
G1 X166.32 Y96.69 E.05408
G1 X166.731 Y97.634 E.05411
G1 X167.091 Y98.599 E.05413
G1 X167.401 Y99.58 E.05407
G1 X167.658 Y100.577 E.05411
G1 X167.858 Y101.553 E.05236
G1 X167.971 Y102.262 E.03773
G1 X168.088 Y103.286 E.05417
G1 X168.15 Y104.314 E.05413
G1 X168.159 Y105.343 E.05408
G1 X168.114 Y106.372 E.05413
G1 X168.016 Y107.398 E.05417
G1 X167.921 Y108.074 E.03588
G1 X167.732 Y109.089 E.05426
G1 X167.579 Y109.755 E.03592
G1 X167.303 Y110.749 E.05422
G1 X166.977 Y111.725 E.05408
G1 X166.599 Y112.683 E.05413
G1 X166.187 Y113.59 E.05236
G1 X165.861 Y114.23 E.03775
G1 X165.354 Y115.127 E.05415
G1 X164.801 Y115.995 E.05409
G1 X164.203 Y116.833 E.05411
G1 X163.562 Y117.639 E.05412
G1 X162.88 Y118.41 E.0541
G1 X162.159 Y119.144 E.05408
G1 X161.4 Y119.839 E.05409
G1 X160.605 Y120.494 E.05414
G1 X159.805 Y121.087 E.05234
G1 X159.21 Y121.49 E.03777
G1 X158.33 Y122.029 E.05424
G1 X157.732 Y122.36 E.03592
G1 X156.81 Y122.82 E.05415
G1 X155.864 Y123.231 E.05421
G1 X155.226 Y123.476 E.03592
G1 X154.249 Y123.803 E.05415
G1 X153.257 Y124.078 E.0541
G1 X152.252 Y124.301 E.05411
G1 X151.236 Y124.471 E.05414
G1 X150.214 Y124.588 E.05406
G1 X149.186 Y124.65 E.05413
G1 X148.157 Y124.659 E.05408
G1 X147.127 Y124.614 E.05419
G1 X146.446 Y124.555 E.03593
G1 X145.424 Y124.42 E.05418
G1 X144.411 Y124.232 E.05415
G1 X143.745 Y124.079 E.03592
G1 X142.751 Y123.803 E.05422
G1 X141.775 Y123.477 E.05408
G1 X140.817 Y123.099 E.05413
G1 X139.879 Y122.672 E.05417
G1 X139.27 Y122.362 E.03592
G1 X138.373 Y121.854 E.05418
G1 X137.505 Y121.301 E.05409
G1 X136.667 Y120.703 E.05411
G1 X135.861 Y120.062 E.05412
G1 X135.09 Y119.38 E.0541
G1 X134.355 Y118.658 E.05415
G1 X133.889 Y118.158 E.03592
G1 X133.219 Y117.374 E.0542
G1 X132.593 Y116.557 E.0541
G1 X132.009 Y115.708 E.05416
G1 X131.647 Y115.128 E.03593
G1 X131.139 Y114.231 E.05418
G1 X130.68 Y113.31 E.05408
G1 X130.269 Y112.364 E.05421
G1 X130.024 Y111.726 E.03592
G1 X129.697 Y110.749 E.05415
G1 X129.422 Y109.757 E.0541
G1 X129.199 Y108.752 E.05411
G1 X129.029 Y107.736 E.05414
G1 X128.912 Y106.714 E.05406
G1 X128.85 Y105.686 E.05413
G1 X128.841 Y104.657 E.05408
G1 X128.883 Y103.661 E.05239
G1 X128.945 Y102.946 E.03772
G1 X129.08 Y101.924 E.05418
G1 X129.268 Y100.911 E.05415
G1 X129.421 Y100.245 E.03592
G1 X129.697 Y99.251 E.05422
G1 X130.023 Y98.275 E.05408
G1 X130.401 Y97.317 E.05413
G1 X130.828 Y96.381 E.05407
G1 X131.303 Y95.468 E.05409
G1 X131.825 Y94.58 E.05414
G1 X132.375 Y93.749 E.05237
G1 X132.796 Y93.168 E.03771
G1 X133.438 Y92.361 E.0542
G1 X134.12 Y91.59 E.0541
G1 X134.841 Y90.856 E.05408
G1 X135.6 Y90.161 E.05409
G1 X136.369 Y89.526 E.05242
G1 X136.942 Y89.094 E.03772
G1 X137.791 Y88.51 E.05416
G1 X138.669 Y87.972 E.05412
G1 X139.544 Y87.496 E.05235
G1 X140.189 Y87.18 E.03775
G1 X141.136 Y86.769 E.05426
G1 X141.774 Y86.524 E.03592
G1 X142.751 Y86.197 E.05415
G1 X143.743 Y85.922 E.0541
G1 X144.748 Y85.699 E.05411
G1 X145.764 Y85.529 E.05414
G1 X146.786 Y85.412 E.05406
G1 X147.814 Y85.35 E.05413
G1 X148.474 Y85.343 E.03469
G1 X149.074 Y85.35 F12000
G1 X148.497 Y86.138
;TYPE:Perimeter
G1 E-10F300
G1 F12000.0
T1
G1 E20F300
;WIDTH:0.999999
G1 F626.907
G1 X148.8 Y86.135 E.02411
G1 X149.483 Y86.158 E.05438
G1 X150.472 Y86.236 E.07895
G1 X151.452 Y86.365 E.07866
G1 X152.423 Y86.545 E.07859
G1 X153.355 Y86.768 E.07626
G1 X154.012 Y86.956 E.05438
M73 P83 R6
G1 X154.953 Y87.27 E.07895
G1 X155.872 Y87.632 E.0786
G1 X156.771 Y88.042 E.07863
G1 X157.647 Y88.498 E.07859
G1 X158.474 Y88.984 E.07634
G1 X159.047 Y89.356 E.05437
G1 X159.855 Y89.932 E.07897
G1 X160.628 Y90.547 E.07861
G1 X161.368 Y91.201 E.07859
G1 X162.072 Y91.894 E.07862
G1 X162.739 Y92.622 E.07858
G1 X163.371 Y93.388 E.07903
G1 X163.761 Y93.906 E.0516
G1 X164.326 Y94.728 E.07938
G1 X164.67 Y95.278 E.05163
G1 X165.159 Y96.142 E.07901
G1 X165.6 Y97.026 E.07862
G1 X165.994 Y97.932 E.07862
G1 X166.34 Y98.857 E.07859
G1 X166.637 Y99.799 E.0786
G1 X166.884 Y100.756 E.07866
G1 X167.009 Y101.368 E.04971
G1 X167.128 Y102.025 E.05314
G1 X167.24 Y102.865 E.06744
G1 X167.326 Y103.849 E.07861
G1 X167.365 Y105.329 E.11782
G1 X167.322 Y106.316 E.07862
G1 X167.226 Y107.304 E.079
G1 X167.136 Y107.947 E.05167
G1 X166.954 Y108.928 E.0794
G1 X166.808 Y109.56 E.05162
G1 X166.543 Y110.516 E.07895
G1 X166.23 Y111.453 E.07862
G1 X165.868 Y112.372 E.0786
G1 X165.471 Y113.245 E.07632
G1 X165.161 Y113.854 E.05438
G1 X164.673 Y114.717 E.0789
G1 X164.142 Y115.551 E.07868
G1 X163.568 Y116.355 E.07862
G1 X162.953 Y117.128 E.07861
G1 X162.299 Y117.868 E.07859
G1 X161.606 Y118.572 E.07862
G1 X160.878 Y119.24 E.07863
G1 X160.116 Y119.868 E.07858
G1 X159.346 Y120.439 E.07629
G1 X158.78 Y120.821 E.05434
G1 X157.93 Y121.342 E.07934
G1 X157.362 Y121.657 E.05169
G1 X156.474 Y122.1 E.07897
G1 X155.563 Y122.496 E.07905
G1 X154.958 Y122.728 E.05157
G1 X154.016 Y123.043 E.07905
G1 X153.065 Y123.307 E.07854
G1 X152.1 Y123.521 E.07866
G1 X151.126 Y123.684 E.07859
G1 X150.144 Y123.796 E.07866
G1 X149.158 Y123.856 E.07861
G1 X148.171 Y123.865 E.07855
G1 X147.179 Y123.821 E.07902
G1 X146.533 Y123.765 E.0516
G1 X145.548 Y123.635 E.07907
G1 X144.572 Y123.454 E.079
G1 X143.94 Y123.308 E.05162
G1 X142.984 Y123.043 E.07895
G1 X142.047 Y122.73 E.07862
G1 X141.128 Y122.368 E.0786
G1 X140.225 Y121.956 E.07899
G1 X139.647 Y121.661 E.05164
G1 X138.782 Y121.173 E.07904
G1 X137.949 Y120.642 E.07861
G1 X137.145 Y120.068 E.07862
G1 X136.372 Y119.453 E.07861
G1 X135.632 Y118.799 E.07859
G1 X134.924 Y118.103 E.07901
G1 X134.482 Y117.629 E.05158
G1 X133.837 Y116.874 E.07902
G1 X133.236 Y116.09 E.07861
G1 X132.674 Y115.272 E.07898
G1 X132.33 Y114.722 E.05163
G1 X131.841 Y113.858 E.07901
G1 X131.4 Y112.974 E.07862
G1 X131.004 Y112.063 E.07905
G1 X130.772 Y111.458 E.05157
G1 X130.457 Y110.516 E.07905
G1 X130.193 Y109.564 E.07862
G1 X129.979 Y108.6 E.07858
G1 X129.816 Y107.626 E.07859
G1 X129.704 Y106.644 E.07866
G1 X129.644 Y105.658 E.07861
G1 X129.635 Y104.67 E.07863
G1 X129.677 Y103.713 E.07623
G1 X129.735 Y103.032 E.05439
G1 X129.865 Y102.048 E.07899
G1 X130.046 Y101.072 E.079
G1 X130.192 Y100.44 E.05162
G1 X130.457 Y99.484 E.07895
G1 X130.77 Y98.547 E.07862
G1 X131.132 Y97.628 E.0786
G1 X131.542 Y96.729 E.07863
G1 X131.998 Y95.853 E.07859
G1 X132.5 Y95.001 E.0787
G1 X133.028 Y94.202 E.07621
G1 X133.429 Y93.649 E.05436
G1 X134.047 Y92.872 E.07901
G1 X134.701 Y92.132 E.07859
G1 X135.394 Y91.428 E.07862
G1 X136.122 Y90.76 E.07863
G1 X136.861 Y90.15 E.07626
G1 X137.406 Y89.738 E.05437
G1 X138.224 Y89.176 E.07898
G1 X139.067 Y88.66 E.07866
G1 X139.909 Y88.202 E.07628
G1 X140.522 Y87.902 E.05431
G1 X141.437 Y87.504 E.07941
G1 X142.042 Y87.272 E.05157
G1 X142.984 Y86.957 E.07905
G1 X143.936 Y86.693 E.07862
G1 X144.9 Y86.479 E.07858
G1 X145.874 Y86.316 E.07859
G1 X146.856 Y86.204 E.07866
G1 X147.842 Y86.144 E.07861
G1 X148.467 Y86.138 E.04974
G1 X148.489 Y87.095 F12000
G1 F626.907
G1 X148.789 Y87.092 E.02388
G1 X149.43 Y87.114 E.05104
G1 X150.372 Y87.188 E.0752
G1 X151.302 Y87.31 E.07464
G1 X152.224 Y87.481 E.07463
G1 X153.112 Y87.694 E.07267
G1 X153.729 Y87.87 E.05106
G1 X154.626 Y88.17 E.07527
G1 X155.498 Y88.514 E.0746
G1 X156.351 Y88.902 E.07458
G1 X157.184 Y89.336 E.07475
G1 X157.971 Y89.799 E.07267
G1 X158.509 Y90.147 E.05099
G1 X159.279 Y90.696 E.07526
G1 X160.012 Y91.28 E.07458
G1 X160.715 Y91.901 E.07465
G1 X161.384 Y92.559 E.07468
G1 X162.017 Y93.25 E.07458
G1 X162.619 Y93.98 E.0753
G1 X162.984 Y94.465 E.04831
G1 X163.526 Y95.253 E.07611
G1 X163.847 Y95.768 E.04829
G1 X164.314 Y96.592 E.07537
G1 X164.732 Y97.431 E.0746
G1 X165.106 Y98.291 E.07463
G1 X165.434 Y99.169 E.07459
G1 X165.716 Y100.063 E.0746
G1 X165.951 Y100.972 E.07472
G1 X166.071 Y101.559 E.04768
G1 X166.183 Y102.176 E.0499
G1 X166.289 Y102.973 E.06398
G1 X166.371 Y103.907 E.07461
G1 X166.407 Y105.313 E.11193
G1 X166.366 Y106.249 E.07456
G1 X166.276 Y107.192 E.07539
G1 X166.191 Y107.793 E.0483
G1 X166.017 Y108.733 E.07608
G1 X165.881 Y109.324 E.04826
G1 X165.628 Y110.236 E.07532
G1 X165.33 Y111.126 E.07469
G1 X164.986 Y111.999 E.07467
G1 X164.608 Y112.83 E.07265
G1 X164.318 Y113.402 E.05104
G1 X163.852 Y114.224 E.0752
G1 X163.348 Y115.015 E.07464
G1 X162.804 Y115.779 E.07464
G1 X162.22 Y116.512 E.07458
G1 X161.599 Y117.215 E.07465
G1 X160.941 Y117.884 E.07468
G1 X160.25 Y118.517 E.07458
G1 X159.526 Y119.114 E.07468
G1 X158.792 Y119.657 E.07266
G1 X158.261 Y120.017 E.05105
G1 X157.447 Y120.515 E.07594
G1 X156.916 Y120.81 E.04834
G1 X156.069 Y121.232 E.07531
G1 X155.201 Y121.61 E.07534
G1 X154.634 Y121.827 E.04831
G1 X153.736 Y122.128 E.07537
G1 X152.833 Y122.378 E.07457
G1 X151.917 Y122.581 E.07467
G1 X150.993 Y122.736 E.07456
G1 X150.061 Y122.842 E.07465
G1 X149.125 Y122.899 E.07463
G1 X148.187 Y122.907 E.07465
G1 X147.242 Y122.866 E.07528
G1 X146.637 Y122.813 E.04833
G1 X145.698 Y122.69 E.07537
G1 X144.767 Y122.517 E.07536
G1 X144.176 Y122.381 E.04826
G1 X143.264 Y122.128 E.07532
G1 X142.374 Y121.83 E.07469
G1 X141.502 Y121.486 E.0746
G1 X140.64 Y121.094 E.07536
G1 X140.1 Y120.818 E.04826
G1 X139.276 Y120.352 E.07534
G1 X138.485 Y119.848 E.07464
G1 X137.721 Y119.304 E.07464
G1 X136.988 Y118.72 E.07458
G1 X136.285 Y118.099 E.07465
G1 X135.61 Y117.435 E.07535
G1 X135.196 Y116.991 E.04831
G1 X134.581 Y116.271 E.07536
G1 X134.01 Y115.527 E.07464
G1 X133.474 Y114.747 E.07532
G1 X133.153 Y114.232 E.04829
G1 X132.686 Y113.408 E.07537
G1 X132.268 Y112.569 E.0746
G1 X131.89 Y111.701 E.07534
G1 X131.673 Y111.134 E.04831
G1 X131.372 Y110.236 E.07537
G1 X131.122 Y109.333 E.07457
G1 X130.919 Y108.417 E.07467
G1 X130.764 Y107.493 E.07456
G1 X130.658 Y106.561 E.07465
G1 X130.601 Y105.625 E.07463
G1 X130.593 Y104.687 E.07465
G1 X130.632 Y103.774 E.07272
G1 X130.687 Y103.136 E.05096
G1 X130.81 Y102.198 E.07529
G1 X130.983 Y101.267 E.07536
G1 X131.119 Y100.676 E.04826
G1 X131.372 Y99.764 E.07532
G1 X131.67 Y98.874 E.07469
G1 X132.014 Y98.002 E.0746
G1 X132.402 Y97.149 E.07458
G1 X132.835 Y96.317 E.07464
G1 X133.312 Y95.509 E.07467
G1 X133.815 Y94.747 E.07266
G1 X134.191 Y94.228 E.051
G1 X134.78 Y93.488 E.07527
G1 X135.401 Y92.785 E.07465
G1 X136.059 Y92.116 E.07468
G1 X136.75 Y91.483 E.07458
G1 X137.455 Y90.901 E.07275
G1 X137.966 Y90.515 E.05096
G1 X138.745 Y89.979 E.07525
G1 X139.545 Y89.489 E.07466
G1 X140.348 Y89.053 E.07272
G1 X140.924 Y88.771 E.05104
G1 X141.799 Y88.39 E.07595
G1 X142.366 Y88.173 E.04831
G1 X143.264 Y87.872 E.07537
G1 X144.167 Y87.622 E.07457
G1 X145.083 Y87.419 E.07467
G1 X146.007 Y87.264 E.07456
G1 X146.939 Y87.158 E.07465
G1 X147.876 Y87.101 E.07471
G1 X148.459 Y87.095 E.0464
G1 X148.48 Y88.052 F12000
G1 F626.907
G1 X148.777 Y88.049 E.02364
G1 X149.376 Y88.07 E.0477
G1 X150.272 Y88.14 E.07152
G1 X151.152 Y88.256 E.07064
G1 X152.026 Y88.418 E.07074
G1 X152.87 Y88.62 E.06906
G1 X153.446 Y88.784 E.04766
G1 X154.298 Y89.07 E.07152
G1 X155.124 Y89.395 E.07064
G1 X155.932 Y89.763 E.07066
G1 X156.72 Y90.173 E.07069
G1 X157.468 Y90.613 E.06906
G1 X157.971 Y90.939 E.0477
G1 X158.702 Y91.461 E.07148
G1 X159.397 Y92.013 E.07063
G1 X160.062 Y92.602 E.0707
M73 P84 R6
G1 X160.695 Y93.224 E.07062
G1 X161.294 Y93.878 E.07058
G1 X161.867 Y94.573 E.07168
G1 X162.207 Y95.024 E.04495
G1 X162.725 Y95.778 E.0728
G1 X163.025 Y96.257 E.04498
G1 X163.468 Y97.041 E.07166
G1 X163.864 Y97.836 E.07068
G1 X164.218 Y98.649 E.07057
G1 X164.529 Y99.481 E.07069
G1 X164.796 Y100.327 E.0706
G1 X165.018 Y101.187 E.07068
G1 X165.133 Y101.751 E.04581
G1 X165.238 Y102.327 E.04659
G1 X165.338 Y103.082 E.06061
G1 X165.415 Y103.965 E.07054
G1 X165.45 Y105.296 E.10596
G1 X165.411 Y106.183 E.07066
G1 X165.325 Y107.079 E.07163
G1 X165.246 Y107.639 E.04501
G1 X165.08 Y108.538 E.07275
G1 X164.953 Y109.088 E.04492
G1 X164.712 Y109.956 E.07169
G1 X164.43 Y110.798 E.07067
G1 X164.105 Y111.625 E.07071
G1 X163.745 Y112.415 E.06909
G1 X163.474 Y112.949 E.04766
G1 X163.031 Y113.731 E.07152
G1 X162.554 Y114.48 E.07067
G1 X162.039 Y115.202 E.07058
G1 X161.487 Y115.897 E.07063
G1 X160.898 Y116.562 E.0707
G1 X160.276 Y117.195 E.07062
G1 X159.622 Y117.794 E.07058
G1 X158.936 Y118.36 E.07078
G1 X158.239 Y118.876 E.06901
G1 X157.743 Y119.212 E.04768
G1 X156.965 Y119.688 E.07258
G1 X156.471 Y119.962 E.04496
G1 X155.665 Y120.364 E.07168
G1 X154.838 Y120.724 E.07178
G1 X154.311 Y120.926 E.04491
G1 X153.456 Y121.212 E.07175
G1 X152.601 Y121.449 E.07061
G1 X151.735 Y121.641 E.07059
G1 X150.859 Y121.788 E.07069
G1 X149.978 Y121.888 E.07056
G1 X149.092 Y121.942 E.07064
G1 X148.204 Y121.95 E.07067
G1 X147.304 Y121.911 E.07169
G1 X146.741 Y121.862 E.04497
G1 X145.848 Y121.744 E.07168
G1 X144.962 Y121.58 E.07171
G1 X144.412 Y121.453 E.04492
G1 X143.543 Y121.212 E.07177
G1 X142.702 Y120.93 E.07059
G1 X141.876 Y120.605 E.07064
G1 X141.056 Y120.231 E.07172
G1 X140.553 Y119.975 E.04492
G1 X139.769 Y119.531 E.0717
G1 X139.02 Y119.054 E.07067
G1 X138.298 Y118.539 E.07058
G1 X137.603 Y117.987 E.07063
G1 X136.938 Y117.398 E.0707
G1 X136.296 Y116.767 E.07164
G1 X135.91 Y116.354 E.04499
G1 X135.325 Y115.669 E.07169
G1 X134.785 Y114.965 E.07061
G1 X134.275 Y114.222 E.07172
G1 X133.975 Y113.743 E.04498
G1 X133.532 Y112.959 E.07166
G1 X133.136 Y112.164 E.07068
G1 X132.776 Y111.338 E.07171
G1 X132.574 Y110.811 E.04491
G1 X132.288 Y109.956 E.07175
G1 X132.051 Y109.101 E.07061
M73 P84 R5
G1 X131.859 Y108.235 E.07059
G1 X131.712 Y107.359 E.07069
G1 X131.612 Y106.478 E.07056
G1 X131.558 Y105.592 E.07064
G1 X131.55 Y104.703 E.07075
G1 X131.587 Y103.836 E.06906
G1 X131.639 Y103.239 E.04769
G1 X131.756 Y102.348 E.07152
G1 X131.92 Y101.462 E.07171
G1 X132.047 Y100.912 E.04492
G1 X132.288 Y100.044 E.07169
G1 X132.57 Y99.202 E.07067
G1 X132.895 Y98.376 E.07064
G1 X133.263 Y97.568 E.07066
G1 X133.673 Y96.781 E.07062
G1 X134.124 Y96.016 E.07067
G1 X134.602 Y95.292 E.06904
G1 X134.954 Y94.807 E.04769
G1 X135.513 Y94.103 E.07154
G1 X136.102 Y93.438 E.0707
G1 X136.724 Y92.805 E.07062
G1 X137.379 Y92.205 E.07069
G1 X138.048 Y91.653 E.06902
G1 X138.526 Y91.291 E.04772
G1 X139.267 Y90.782 E.07154
G1 X140.024 Y90.318 E.07066
G1 X140.787 Y89.903 E.06912
G1 X141.325 Y89.64 E.04766
G1 X142.162 Y89.276 E.07264
G1 X142.689 Y89.074 E.04491
G1 X143.544 Y88.788 E.07175
G1 X144.399 Y88.551 E.07061
G1 X145.265 Y88.359 E.07059
G1 X146.141 Y88.212 E.07069
G1 X147.022 Y88.112 E.07056
G1 X147.909 Y88.058 E.07072
G1 X148.45 Y88.053 E.04306
G1 E-8 F7200
G1 Z4.8 F3000
G1 X135.214 Y115.007 F12000
G1 Z4.6 F3000
G1 E8 F7200
;TYPE:Solid infill
G1 E-10F300
G1 F12000.0
T0
G1 E16F300
G1 F12000.0
;WIDTH:0.55292
G1 F1176.471
G1 X135.6 Y115.446 E.02479
G1 X136.58 Y116.49 E.06072
G1 X137.207 Y117.111 E.03742
G1 X138.488 Y118.285 E.07369
G1 E-8 F7200
G1 Z4.8 F3000
G1 X139.828 Y118.933 F12000
G1 Z4.6 F3000
G1 E8 F7200
G1 F1176.471
G1 X139.783 Y118.979 E.00273
G1 X139.799 Y119.04 E.00267
G1 X139.861 Y119.057 E.00273
G1 X139.906 Y119.012 E.0027
G1 X139.889 Y118.95 E.00273
;WIDTH:0.593613
G1 F1089.536
G1 X139.725 Y118.845 E.00892
;WIDTH:0.634306
G1 F1014.566
G1 X139.561 Y118.741 E.00955
;WIDTH:0.674999
G1 F949.248
G1 X139.397 Y118.636 E.01023
G1 X134.872 Y114.111 E.33633
G1 X134.767 Y113.947 E.01023
;WIDTH:0.635004
G1 F1013.371
G1 X134.661 Y113.783 E.00961
;WIDTH:0.595008
G1 F1086.784
G1 X134.556 Y113.619 E.00894
;WIDTH:0.555012
G1 F1171.664
G1 X134.572 Y113.681 E.00273
G1 X134.527 Y113.726 E.00271
G1 X134.465 Y113.71 E.00273
G1 X134.448 Y113.648 E.00274
G1 X134.494 Y113.603 E.00274
G1 E-8 F7200
G1 Z4.8 F3000
G1 X133.693 Y112.038 F12000
G1 Z4.6 F3000
G1 E8 F7200
;WIDTH:0.674999
G1 F949.248
G1 X141.46 Y119.805 E.5773
G1 X141.624 Y119.894 E.00981
;WIDTH:0.634306
G1 F1014.566
G1 X141.788 Y119.982 E.00915
;WIDTH:0.593613
G1 F1089.536
G1 X141.952 Y120.07 E.00852
;WIDTH:0.55292
G1 F1176.471
G1 X141.969 Y120.132 E.00273
G1 X141.924 Y120.177 E.0027
G1 X141.862 Y120.16 E.00273
G1 X141.846 Y120.099 E.00267
G1 X141.891 Y120.054 E.0027
G1 E-8 F7200
G1 Z4.8 F3000
G1 X143.482 Y120.673 F12000
G1 Z4.6 F3000
G1 E8 F7200
G1 F1176.471
G1 X143.499 Y120.734 E.00269
G1 X143.453 Y120.779 E.00273
G1 X143.392 Y120.763 E.00267
G1 X143.375 Y120.701 E.00273
G1 X143.42 Y120.656 E.0027
;WIDTH:0.593613
G1 F1089.536
G1 X143.277 Y120.585 E.00731
;WIDTH:0.634306
G1 F1014.566
G1 X143.134 Y120.513 E.00787
;WIDTH:0.674999
G1 F949.248
G1 X142.99 Y120.441 E.00846
G1 X133.059 Y110.51 E.73815
G1 X132.981 Y110.347 E.0095
;WIDTH:0.634306
G1 F1014.566
G1 X132.904 Y110.184 E.00886
;WIDTH:0.593613
G1 F1089.536
G1 X132.827 Y110.021 E.00825
;WIDTH:0.55292
G1 F1176.471
G1 X132.843 Y110.082 E.00267
G1 X132.798 Y110.127 E.0027
G1 X132.736 Y110.111 E.00272
G1 X132.72 Y110.049 E.00272
G1 X132.765 Y110.004 E.0027
;WIDTH:0.674999
G1 F949.248
G1 X132.659 Y109.216 E.04179
G1 X144.284 Y120.841 E.86406
G1 X144.367 Y120.944 E.00695
;WIDTH:0.634306
G1 F1014.566
G1 X144.449 Y121.048 E.00651
;WIDTH:0.593613
G1 F1089.536
G1 X144.532 Y121.151 E.00606
;WIDTH:0.55292
G1 F1176.471
G1 X145.325 Y121.327 E.03445
;WIDTH:0.674999
G1 F949.248
G1 X145.44 Y121.104 E.01319
G1 X132.392 Y108.055 E.96986
G1 X132.315 Y108.082 E.00429
;WIDTH:0.634306
G1 F1014.566
G1 X132.238 Y108.109 E.00401
;WIDTH:0.593613
G1 F1089.536
G1 X132.161 Y108.136 E.00374
;WIDTH:0.55292
G1 F1176.471
G1 X132.35 Y108.968 E.03618
G1 E-8 F7200
G1 Z4.8 F3000
G1 X132.23 Y107 F12000
G1 Z4.6 F3000
G1 E8 F7200
;WIDTH:0.674999
G1 F949.248
G1 X146.5 Y121.27 E1.06066
G1 X147.487 Y121.363 E.0521
G1 X132.14 Y106.015 E1.14074
G1 X132.109 Y105.09 E.04864
G1 X148.411 Y121.393 E1.21173
G1 X149.286 Y121.374 E.046
G1 X132.127 Y104.215 E1.27539
G1 X132.184 Y103.378 E.04409
G1 X150.119 Y121.313 E1.33307
G1 X150.915 Y121.215 E.04215
M73 P85 R5
G1 X132.285 Y102.585 E1.38472
G1 X132.418 Y101.824 E.0406
G1 X151.679 Y121.085 E1.43162
G1 X152.41 Y120.923 E.03935
G1 X132.576 Y101.089 E1.47421
G1 X132.769 Y100.387 E.03826
G1 X153.113 Y120.731 E1.51212
G1 X153.79 Y120.515 E.03735
G1 X132.985 Y99.71 E1.54639
G1 X133.224 Y99.055 E.03665
G1 X154.448 Y120.279 E1.57753
G1 X155.077 Y120.014 E.03587
G1 X133.485 Y98.421 E1.60492
G1 X133.765 Y97.807 E.03547
G1 X155.689 Y119.732 E1.6296
G1 X156.283 Y119.432 E.03497
G1 X134.071 Y97.22 E1.65097
G1 X134.395 Y96.65 E.03446
G1 X156.852 Y119.107 E1.66918
G1 X157.406 Y118.767 E.03416
G1 X134.736 Y96.097 E1.68501
G1 X135.093 Y95.56 E.03389
G1 X157.94 Y118.407 E1.69816
G1 X158.453 Y118.026 E.03358
M73 P86 R5
G1 X135.473 Y95.046 E1.70805
G1 X135.869 Y94.548 E.03344
G1 X158.95 Y117.629 E1.71556
G1 X159.431 Y117.216 E.03332
G1 X136.284 Y94.07 E1.72042
G1 X136.715 Y93.606 E.03328
G1 X159.897 Y116.789 E1.7231
G1 X160.34 Y116.338 E.03323
G1 X137.16 Y93.158 E1.72291
G1 X137.627 Y92.731 E.03326
G1 X160.768 Y115.871 E1.71998
G1 X161.18 Y115.39 E.03329
G1 X138.111 Y92.321 E1.71466
G1 X138.609 Y91.925 E.03344
G1 X161.576 Y114.892 E1.70708
G1 X161.95 Y114.372 E.03366
G1 X139.129 Y91.551 E1.69623
G1 X139.663 Y91.191 E.03385
M73 P86 R4
G1 X162.307 Y113.835 E1.68308
G1 X162.648 Y113.282 E.03415
M73 P87 R4
G1 X140.217 Y90.851 E1.66724
G1 X140.792 Y90.533 E.03453
G1 X162.971 Y112.711 E1.64848
G1 X163.271 Y112.117 E.03497
G1 X141.383 Y90.23 E1.62685
G1 X142 Y89.952 E.03557
G1 X163.55 Y111.503 E1.6018
G1 X163.807 Y110.866 E.0361
G1 X142.632 Y89.691 E1.57389
G1 X143.293 Y89.458 E.03684
G1 X164.042 Y110.207 E1.54222
G1 X164.255 Y109.526 E.0375
G1 X143.974 Y89.245 E1.50744
G1 X144.68 Y89.057 E.0384
G1 X164.444 Y108.821 E1.46901
G1 X164.599 Y108.083 E.03963
G1 X145.414 Y88.897 E1.42601
G1 X146.18 Y88.769 E.04082
G1 X164.731 Y107.32 E1.37885
G1 X164.821 Y106.517 E.04247
G1 X146.98 Y88.676 E1.32608
G1 X147.818 Y88.619 E.04415
G1 X164.878 Y105.679 E1.26803
G1 X164.89 Y104.798 E.04631
G1 X148.706 Y88.614 E1.20292
G1 X149.64 Y88.654 E.04913
M73 P88 R4
G1 X164.853 Y103.867 E1.13075
G1 X164.756 Y102.875 E.05239
G1 X150.627 Y88.747 E1.05014
G1 X151.696 Y88.922 E.05693
G1 X164.577 Y101.803 E.95741
G1 X164.655 Y101.781 E.00426
;WIDTH:0.634306
G1 F1014.566
G1 X164.732 Y101.759 E.00394
;WIDTH:0.593613
G1 F1089.536
G1 X164.81 Y101.737 E.00371
;WIDTH:0.55292
G1 F1176.471
G1 X164.611 Y100.882 E.03723
G1 E-8 F7200
G1 Z4.8 F3000
G1 X152.616 Y88.886 F12000
G1 Z4.6 F3000
G1 E8 F7200
G1 F1176.471
G1 X151.762 Y88.689 E.03717
;WIDTH:0.674999
G1 F949.248
G1 X152.864 Y89.196 E.06375
G1 X164.302 Y100.634 E.85016
G1 X164.135 Y99.696 E.05007
;WIDTH:0.55292
G1 F1176.471
G1 X164.09 Y99.741 E.0027
G1 X164.107 Y99.803 E.00273
G1 X164.168 Y99.819 E.00267
G1 X164.213 Y99.774 E.0027
G1 X164.197 Y99.713 E.00267
;WIDTH:0.593613
G1 F1089.536
G1 X164.089 Y99.579 E.00788
;WIDTH:0.634306
G1 F1014.566
G1 X163.981 Y99.445 E.00846
;WIDTH:0.674999
G1 F949.248
G1 X163.873 Y99.311 E.00905
G1 X154.183 Y89.621 E.72023
G1 X154.049 Y89.514 E.00901
;WIDTH:0.634306
G1 F1014.566
G1 X153.915 Y89.407 E.00843
;WIDTH:0.593613
G1 F1089.536
G1 X153.781 Y89.299 E.00788
;WIDTH:0.55292
G1 F1176.471
G1 X153.798 Y89.361 E.00273
G1 X153.753 Y89.406 E.0027
G1 X153.691 Y89.39 E.00272
G1 X153.675 Y89.328 E.00272
G1 X153.72 Y89.283 E.0027
G1 E-8 F7200
G1 Z4.8 F3000
G1 X155.287 Y89.921 F12000
G1 Z4.6 F3000
G1 E8 F7200
G1 F1176.471
G1 X155.242 Y89.966 E.0027
G1 X155.259 Y90.028 E.00273
G1 X155.32 Y90.044 E.00267
G1 X155.365 Y89.999 E.0027
G1 X155.349 Y89.937 E.00272
;WIDTH:0.593613
G1 F1089.536
G1 X155.483 Y90.057 E.00824
;WIDTH:0.634306
G1 F1014.566
G1 X155.617 Y90.176 E.00881
;WIDTH:0.674999
G1 F949.248
G1 X163.316 Y97.875 E.57225
;WIDTH:0.634306
G1 F1014.566
G1 X163.435 Y98.009 E.00881
;WIDTH:0.593613
G1 F1089.536
G1 X163.555 Y98.143 E.00824
;WIDTH:0.55292
G1 F1176.471
G1 X163.571 Y98.204 E.00267
G1 X163.526 Y98.25 E.00273
G1 X163.465 Y98.233 E.00269
G1 X163.448 Y98.171 E.00273
G1 X163.493 Y98.126 E.0027
G1 E-8 F7200
G1 Z4.8 F3000
G1 X157.971 Y91.621 F12000
G1 Z4.6 F3000
G1 E8 F7200
;WIDTH:0.674999
G1 F949.248
G1 X161.884 Y95.535 E.29088
G1 X162.008 Y95.684 E.01019
;WIDTH:0.639534
G1 F1005.677
G1 X162.132 Y95.833 E.00962
;WIDTH:0.604068
G1 F1069.237
G1 X162.256 Y95.982 E.00904
;WIDTH:0.568602
G1 F1141.375
G1 X162.262 Y95.913 E.00303
;WIDTH:0.55292
G1 F1176.471
G1 X162.2 Y95.666 E.0108
G1 X161.51 Y94.855 E.04516
;WIDTH:0.558944
G1 F1162.737
G1 X160.919 Y94.204 E.03773
;WIDTH:0.59651
G1 F1083.835
G1 X159.712 Y92.976 E.07926
;WIDTH:0.589002
G1 F1098.736
G1 X159.085 Y92.386 E.03909
;WIDTH:0.55292
G1 F1176.471
G1 X158.439 Y91.81 E.0367
G1 X157.756 Y91.255 E.03732
;WIDTH:0.56987
G1 F1138.628
G1 X157.524 Y91.249 E.01017
;LAYER_CHANGE
;Z:4.8
;HEIGHT:0.2

G1 E-8 F7200
G1 Z4.8 F3000
;AFTER_LAYER_CHANGE
;4.8
G92 E0
_ON_LAYER_CHANGE LAYER=24
G1 Z5
G1 X148.504 Y85.343 F12000
G1 Z4.8 F3000
G1 E8 F7200
;TYPE:External perimeter
;WIDTH:0.674999
G1 F949.248
G1 X148.824 Y85.34 E.01682
G1 X149.528 Y85.364 E.03702
G1 X150.555 Y85.445 E.05414
G1 X151.576 Y85.58 E.05413
G1 X152.588 Y85.767 E.05409
G1 X153.59 Y86.008 E.05416
G1 X154.247 Y86.196 E.03592
G1 X155.225 Y86.523 E.0542
G1 X156.183 Y86.901 E.05413
G1 X157.119 Y87.328 E.05407
G1 X158.016 Y87.794 E.05313
G1 X158.626 Y88.145 E.03699
G1 X159.495 Y88.699 E.05416
G1 X160.333 Y89.297 E.05411
G1 X161.139 Y89.938 E.05412
G1 X161.91 Y90.62 E.0541
G1 X162.644 Y91.341 E.05408
G1 X163.339 Y92.1 E.05409
G1 X163.995 Y92.896 E.05421
G1 X164.406 Y93.441 E.03588
G1 X164.991 Y94.292 E.05428
G1 X165.353 Y94.872 E.03593
G1 X165.861 Y95.769 E.05418
G1 X166.32 Y96.69 E.05408
G1 X166.731 Y97.636 E.05421
G1 X166.976 Y98.274 E.03592
G1 X167.303 Y99.251 E.05415
G1 X167.578 Y100.243 E.0541
G1 X167.801 Y101.248 E.05411
G1 X167.971 Y102.264 E.05414
G1 X168.088 Y103.286 E.05406
G1 X168.15 Y104.314 E.05413
G1 X168.159 Y105.343 E.05408
G1 X168.114 Y106.372 E.05413
G1 X168.016 Y107.398 E.05417
G1 X167.921 Y108.074 E.03588
G1 X167.732 Y109.089 E.05426
G1 X167.579 Y109.755 E.03592
G1 X167.303 Y110.749 E.05422
G1 X166.977 Y111.725 E.05408
G1 X166.599 Y112.684 E.05418
G1 X166.321 Y113.308 E.0359
G1 X165.861 Y114.231 E.0542
G1 X165.354 Y115.127 E.05411
G1 X164.801 Y115.995 E.05409
G1 X164.203 Y116.833 E.05411
G1 X163.562 Y117.639 E.05412
G1 X162.88 Y118.41 E.0541
G1 X162.159 Y119.144 E.05408
G1 X161.4 Y119.839 E.05409
G1 X160.604 Y120.495 E.05421
G1 X160.058 Y120.906 E.03592
G1 X159.209 Y121.49 E.05416
G1 X158.331 Y122.028 E.05412
G1 X157.427 Y122.519 E.05407
G1 X156.497 Y122.962 E.05414
G1 X155.564 Y123.349 E.05309
G1 X154.903 Y123.591 E.037
G1 X153.92 Y123.901 E.05417
G1 X152.923 Y124.158 E.05411
G1 X151.914 Y124.364 E.05412
G1 X150.896 Y124.516 E.0541
G1 X149.891 Y124.613 E.05307
G1 X149.188 Y124.65 E.037
G1 X148.157 Y124.659 E.05419
G1 X147.148 Y124.616 E.05308
G1 X146.446 Y124.555 E.03703
G1 X145.424 Y124.42 E.05418
G1 X144.411 Y124.232 E.05415
G1 X143.745 Y124.079 E.03592
G1 X142.751 Y123.803 E.05422
G1 X141.775 Y123.477 E.05408
G1 X140.817 Y123.099 E.05413
G1 X139.879 Y122.672 E.05417
G1 X139.27 Y122.362 E.03592
G1 X138.373 Y121.854 E.05418
G1 X137.505 Y121.301 E.05409
G1 X136.667 Y120.703 E.05411
G1 X135.861 Y120.062 E.05412
G1 X135.09 Y119.38 E.0541
G1 X134.355 Y118.658 E.05415
G1 X133.889 Y118.158 E.03592
G1 X133.219 Y117.374 E.0542
G1 X132.593 Y116.557 E.0541
G1 X132.01 Y115.709 E.05409
G1 X131.472 Y114.831 E.05412
G1 X130.99 Y113.944 E.05306
G1 X130.68 Y113.311 E.03704
G1 X130.269 Y112.366 E.05416
G1 X129.909 Y111.401 E.05413
G1 X129.599 Y110.42 E.05407
G1 X129.342 Y109.423 E.05411
G1 X129.14 Y108.433 E.0531
G1 X129.029 Y107.738 E.03699
G1 X128.912 Y106.714 E.05417
G1 X128.85 Y105.686 E.05413
G1 X128.841 Y104.657 E.05408
G1 X128.884 Y103.648 E.05308
G1 X128.945 Y102.946 E.03703
G1 X129.08 Y101.924 E.05418
G1 X129.268 Y100.911 E.05415
G1 X129.421 Y100.245 E.03592
G1 X129.697 Y99.251 E.05422
G1 X130.023 Y98.275 E.05408
G1 X130.401 Y97.317 E.05413
G1 X130.828 Y96.381 E.05407
G1 X131.303 Y95.467 E.05414
G1 X131.825 Y94.58 E.05409
G1 X132.383 Y93.738 E.05309
G1 X132.796 Y93.168 E.037
G1 X133.438 Y92.361 E.0542
G1 X134.12 Y91.59 E.0541
G1 X134.841 Y90.856 E.05408
G1 X135.6 Y90.161 E.05409
G1 X136.38 Y89.518 E.05313
G1 X136.942 Y89.094 E.037
G1 X137.791 Y88.51 E.05416
G1 X138.669 Y87.972 E.05412
G1 X139.556 Y87.49 E.05306
G1 X140.189 Y87.18 E.03704
G1 X141.134 Y86.769 E.05416
G1 X142.099 Y86.409 E.05413
G1 X143.062 Y86.105 E.05307
G1 X143.742 Y85.922 E.03701
G1 X144.748 Y85.699 E.05416
G1 X145.764 Y85.529 E.05414
G1 X146.786 Y85.412 E.05406
G1 X147.814 Y85.35 E.05413
G1 X148.474 Y85.344 E.03469
G1 X149.074 Y85.35 F12000
G1 X148.497 Y86.138
;TYPE:Perimeter
G1 E-10F300
G1 F12000.0
T1
G1 E20F300
;WIDTH:0.999999
G1 F626.907
G1 X148.814 Y86.135 E.02523
G1 X149.483 Y86.158 E.05327
G1 X150.472 Y86.236 E.07895
G1 X151.452 Y86.365 E.07866
G1 X152.423 Y86.545 E.07859
G1 X153.388 Y86.777 E.07898
G1 X154.012 Y86.955 E.05164
G1 X154.953 Y87.27 E.07897
G1 X155.872 Y87.632 E.0786
G1 X156.771 Y88.042 E.07863
G1 X157.634 Y88.491 E.07742
G1 X158.214 Y88.825 E.05326
G1 X159.051 Y89.358 E.07897
G1 X159.855 Y89.932 E.07862
G1 X160.628 Y90.547 E.07861
G1 X161.368 Y91.201 E.07859
G1 X162.072 Y91.894 E.07862
G1 X162.739 Y92.622 E.07858
G1 X163.371 Y93.388 E.07903
G1 X163.761 Y93.906 E.0516
G1 X164.326 Y94.728 E.07938
G1 X164.67 Y95.278 E.05163
G1 X165.159 Y96.142 E.07901
G1 X165.6 Y97.026 E.07862
G1 X165.866 Y97.639 E.05318
G1 X166.112 Y98.239 E.05161
G1 X166.386 Y99.015 E.06549
G1 X166.675 Y99.96 E.07864
G1 X166.914 Y100.918 E.07858
G1 X167.102 Y101.887 E.07855
G1 X167.24 Y102.865 E.0786
G1 X167.326 Y103.849 E.07861
G1 X167.365 Y105.329 E.11782
G1 X167.322 Y106.316 E.07862
G1 X167.226 Y107.304 E.079
G1 X167.136 Y107.947 E.05167
G1 X166.954 Y108.928 E.0794
G1 X166.808 Y109.56 E.05162
G1 X166.543 Y110.516 E.07895
G1 X166.23 Y111.453 E.07862
G1 X165.866 Y112.377 E.07903
G1 X165.602 Y112.969 E.05158
M73 P89 R4
G1 X165.159 Y113.858 E.07905
G1 X164.673 Y114.718 E.07861
G1 X164.142 Y115.551 E.07861
G1 X163.568 Y116.355 E.07862
G1 X162.953 Y117.128 E.07861
G1 X162.299 Y117.868 E.07859
G1 X161.606 Y118.572 E.07862
G1 X160.878 Y119.24 E.07863
G1 X160.112 Y119.871 E.07898
G1 X159.594 Y120.261 E.0516
G1 X158.776 Y120.824 E.07903
G1 X157.934 Y121.34 E.07859
G1 X157.066 Y121.811 E.07859
G1 X156.174 Y122.236 E.07863
G1 X155.276 Y122.609 E.07738
G1 X154.647 Y122.838 E.05327
G1 X153.701 Y123.137 E.07895
G1 X152.744 Y123.384 E.07866
G1 X151.776 Y123.581 E.07861
G1 X150.799 Y123.727 E.07861
G1 X149.831 Y123.82 E.07739
G1 X149.163 Y123.856 E.05324
G1 X148.17 Y123.865 E.07903
G1 X147.199 Y123.823 E.07735
G1 X146.532 Y123.765 E.05328
G1 X145.548 Y123.635 E.07899
G1 X144.572 Y123.454 E.079
G1 X143.94 Y123.308 E.05162
G1 X142.984 Y123.043 E.07895
G1 X142.047 Y122.73 E.07862
G1 X141.128 Y122.368 E.0786
G1 X140.225 Y121.956 E.07899
G1 X139.647 Y121.661 E.05164
G1 X138.782 Y121.173 E.07904
G1 X137.949 Y120.642 E.07861
G1 X137.145 Y120.068 E.07862
G1 X136.372 Y119.453 E.07861
G1 X135.632 Y118.799 E.07859
G1 X134.924 Y118.103 E.07901
G1 X134.482 Y117.629 E.05158
G1 X133.837 Y116.874 E.07902
G1 X133.236 Y116.09 E.07861
G1 X132.676 Y115.276 E.07863
G1 X132.16 Y114.434 E.07859
G1 X131.696 Y113.579 E.07742
G1 X131.402 Y112.978 E.05324
G1 X131.006 Y112.068 E.07898
G1 X130.66 Y111.143 E.07859
G1 X130.363 Y110.201 E.0786
G1 X130.116 Y109.244 E.07866
G1 X129.922 Y108.291 E.0774
G1 X129.817 Y107.63 E.05326
G1 X129.704 Y106.644 E.07898
G1 X129.644 Y105.658 E.07861
G1 X129.635 Y104.67 E.07863
G1 X129.677 Y103.699 E.07735
G1 X129.735 Y103.032 E.05328
G1 X129.865 Y102.048 E.07899
G1 X130.046 Y101.072 E.079
G1 X130.192 Y100.44 E.05162
G1 X130.457 Y99.484 E.07895
G1 X130.77 Y98.547 E.07862
G1 X131.132 Y97.628 E.0786
G1 X131.542 Y96.729 E.07863
G1 X131.998 Y95.853 E.07859
G1 X132.5 Y95.002 E.07863
G1 X133.036 Y94.191 E.07736
G1 X133.429 Y93.649 E.05328
G1 X134.047 Y92.872 E.07901
G1 X134.701 Y92.132 E.07859
G1 X135.394 Y91.428 E.07862
G1 X136.122 Y90.76 E.07863
G1 X136.872 Y90.142 E.07734
G1 X137.406 Y89.738 E.05329
G1 X138.224 Y89.176 E.07898
G1 X139.066 Y88.66 E.07859
G1 X139.921 Y88.196 E.07742
G1 X140.522 Y87.902 E.05324
G1 X141.432 Y87.506 E.07898
G1 X142.357 Y87.16 E.07859
G1 X143.285 Y86.868 E.07742
G1 X143.931 Y86.694 E.05324
G1 X144.9 Y86.479 E.07899
G1 X145.874 Y86.316 E.07859
G1 X146.856 Y86.204 E.07866
G1 X147.842 Y86.144 E.07861
G1 X148.467 Y86.138 E.04974
G1 X148.489 Y87.095 F12000
G1 F626.907
G1 X148.802 Y87.092 E.02491
G1 X149.429 Y87.114 E.04993
G1 X150.372 Y87.188 E.07528
G1 X151.302 Y87.31 E.07464
G1 X152.224 Y87.481 E.07463
G1 X153.144 Y87.702 E.0753
G1 X153.728 Y87.87 E.04836
G1 X154.626 Y88.17 E.07535
G1 X155.498 Y88.514 E.0746
G1 X156.352 Y88.903 E.07468
G1 X157.174 Y89.33 E.07372
G1 X157.717 Y89.644 E.04992
G1 X158.515 Y90.152 E.07528
G1 X159.279 Y90.696 E.07464
G1 X160.012 Y91.28 E.07458
G1 X160.715 Y91.901 E.07465
G1 X161.384 Y92.559 E.07468
G1 X162.017 Y93.25 E.07458
G1 X162.619 Y93.98 E.0753
G1 X162.984 Y94.465 E.04831
G1 X163.526 Y95.253 E.07611
G1 X163.847 Y95.768 E.04829
G1 X164.314 Y96.592 E.07537
G1 X164.732 Y97.431 E.0746
G1 X164.989 Y98.021 E.05121
G1 X165.218 Y98.582 E.04822
G1 X165.479 Y99.319 E.06222
G1 X165.753 Y100.215 E.07456
G1 X165.98 Y101.125 E.07464
G1 X166.158 Y102.045 E.07457
G1 X166.289 Y102.973 E.07458
G1 X166.371 Y103.907 E.07461
G1 X166.407 Y105.313 E.11193
G1 X166.366 Y106.249 E.07456
G1 X166.276 Y107.192 E.07539
G1 X166.191 Y107.793 E.0483
G1 X166.017 Y108.733 E.07608
G1 X165.881 Y109.324 E.04826
G1 X165.628 Y110.236 E.07532
G1 X165.33 Y111.126 E.07469
G1 X164.983 Y112.006 E.07528
G1 X164.736 Y112.561 E.04834
G1 X164.314 Y113.408 E.07531
G1 X163.852 Y114.224 E.07462
G1 X163.348 Y115.015 E.07464
G1 X162.804 Y115.779 E.07464
G1 X162.22 Y116.512 E.07458
G1 X161.599 Y117.215 E.07465
G1 X160.941 Y117.884 E.07468
M73 P89 R3
G1 X160.25 Y118.517 E.07458
G1 X159.519 Y119.119 E.07536
G1 X159.035 Y119.484 E.04824
G1 X158.255 Y120.021 E.07536
G1 X157.455 Y120.511 E.07466
G1 X156.631 Y120.958 E.0746
G1 X155.784 Y121.362 E.07468
G1 X154.928 Y121.717 E.07375
G1 X154.339 Y121.932 E.0499
G1 X153.437 Y122.216 E.07526
G1 X152.529 Y122.451 E.07464
G1 X151.61 Y122.638 E.07463
G1 X150.682 Y122.777 E.07468
G1 X149.76 Y122.866 E.07372
G1 X149.133 Y122.899 E.04997
G1 X148.187 Y122.907 E.07529
G1 X147.261 Y122.867 E.07376
G1 X146.636 Y122.813 E.04992
G1 X145.698 Y122.69 E.07529
G1 X144.767 Y122.517 E.07536
G1 X144.176 Y122.381 E.04826
G1 X143.264 Y122.128 E.07532
G1 X142.374 Y121.83 E.07469
G1 X141.502 Y121.486 E.0746
G1 X140.64 Y121.094 E.07536
G1 X140.1 Y120.818 E.04826
G1 X139.276 Y120.352 E.07534
G1 X138.485 Y119.848 E.07464
G1 X137.721 Y119.304 E.07464
G1 X136.988 Y118.72 E.07458
G1 X136.285 Y118.099 E.07465
G1 X135.61 Y117.435 E.07535
G1 X135.196 Y116.991 E.04831
G1 X134.581 Y116.271 E.07536
G1 X134.01 Y115.527 E.07464
G1 X133.479 Y114.755 E.07457
G1 X132.989 Y113.955 E.07466
G1 X132.547 Y113.141 E.07371
G1 X132.271 Y112.577 E.04997
G1 X131.894 Y111.709 E.07531
G1 X131.566 Y110.831 E.07459
G1 X131.284 Y109.937 E.0746
G1 X131.049 Y109.029 E.07464
G1 X130.864 Y108.121 E.07374
G1 X130.765 Y107.501 E.04997
G1 X130.658 Y106.561 E.07529
G1 X130.601 Y105.625 E.07463
G1 X130.593 Y104.687 E.07465
G1 X130.633 Y103.761 E.07376
G1 X130.687 Y103.136 E.04992
G1 X130.81 Y102.198 E.07529
G1 X130.983 Y101.267 E.07536
G1 X131.119 Y100.676 E.04826
G1 X131.372 Y99.764 E.07532
G1 X131.67 Y98.874 E.07469
G1 X132.014 Y98.002 E.0746
G1 X132.402 Y97.149 E.07458
G1 X132.835 Y96.317 E.07464
G1 X133.312 Y95.509 E.07467
G1 X133.823 Y94.736 E.07374
G1 X134.191 Y94.228 E.04992
G1 X134.78 Y93.488 E.07527
G1 X135.401 Y92.785 E.07465
G1 X136.059 Y92.116 E.07468
G1 X136.75 Y91.483 E.07458
G1 X137.465 Y90.893 E.07377
G1 X137.966 Y90.515 E.04995
G1 X138.745 Y89.979 E.07525
G1 X139.545 Y89.489 E.07466
G1 X140.359 Y89.047 E.07371
G1 X140.923 Y88.771 E.04997
G1 X141.791 Y88.394 E.07531
G1 X142.669 Y88.066 E.07459
G1 X143.553 Y87.787 E.07377
G1 X144.159 Y87.624 E.04994
G1 X145.083 Y87.419 E.07532
G1 X146.007 Y87.264 E.07456
G1 X146.939 Y87.158 E.07465
G1 X147.875 Y87.101 E.07463
G1 X148.459 Y87.095 E.04648
G1 X148.48 Y88.052 F12000
G1 F626.907
G1 X148.79 Y88.05 E.02467
G1 X149.375 Y88.07 E.04658
G1 X150.272 Y88.14 E.0716
G1 X151.152 Y88.256 E.07064
G1 X152.025 Y88.418 E.07066
G1 X152.901 Y88.628 E.07169
G1 X153.444 Y88.784 E.04496
G1 X154.298 Y89.07 E.07167
G1 X155.124 Y89.395 E.07064
G1 X155.932 Y89.763 E.07066
G1 X156.714 Y90.17 E.07016
G1 X157.221 Y90.462 E.04656
G1 X157.98 Y90.946 E.07164
G1 X158.702 Y91.461 E.07058
G1 X159.397 Y92.013 E.07063
G1 X160.062 Y92.602 E.0707
G1 X160.695 Y93.224 E.07062
G1 X161.294 Y93.878 E.07058
G1 X161.867 Y94.573 E.07168
G1 X162.207 Y95.024 E.04495
G1 X162.725 Y95.778 E.0728
G1 X163.025 Y96.257 E.04498
G1 X163.468 Y97.041 E.07166
G1 X163.864 Y97.836 E.07068
G1 X164.111 Y98.402 E.04915
G1 X164.325 Y98.925 E.04497
G1 X164.571 Y99.623 E.0589
G1 X164.831 Y100.471 E.07059
G1 X165.045 Y101.332 E.0706
G1 X165.214 Y102.203 E.07061
G1 X165.338 Y103.082 E.07064
G1 X165.415 Y103.965 E.07054
G1 X165.45 Y105.296 E.10596
G1 X165.411 Y106.183 E.07066
G1 X165.325 Y107.079 E.07163
G1 X165.246 Y107.639 E.04501
G1 X165.08 Y108.538 E.07275
G1 X164.953 Y109.088 E.04492
G1 X164.712 Y109.956 E.07169
G1 X164.43 Y110.798 E.07067
G1 X164.1 Y111.636 E.07167
G1 X163.87 Y112.153 E.04503
G1 X163.468 Y112.959 E.07168
G1 X163.031 Y113.731 E.0706
G1 X162.554 Y114.48 E.07067
G1 X162.039 Y115.202 E.07058
G1 X161.487 Y115.897 E.07063
G1 X160.898 Y116.562 E.0707
G1 X160.276 Y117.195 E.07062
G1 X159.622 Y117.794 E.07058
G1 X158.927 Y118.367 E.07168
G1 X158.476 Y118.708 E.045
G1 X157.733 Y119.218 E.07172
G1 X156.976 Y119.681 E.07062
M73 P90 R3
G1 X156.196 Y120.105 E.07065
G1 X155.395 Y120.487 E.07062
G1 X154.581 Y120.825 E.07014
G1 X154.031 Y121.025 E.04657
G1 X153.173 Y121.296 E.07161
G1 X152.314 Y121.518 E.07061
G1 X151.444 Y121.695 E.07065
G1 X150.565 Y121.826 E.07072
G1 X149.688 Y121.911 E.07012
G1 X149.104 Y121.942 E.04654
G1 X148.204 Y121.95 E.07163
G1 X147.323 Y121.912 E.07018
G1 X146.74 Y121.861 E.04657
G1 X145.848 Y121.744 E.07159
G1 X144.962 Y121.58 E.07171
G1 X144.412 Y121.453 E.04492
G1 X143.543 Y121.212 E.07177
G1 X142.702 Y120.93 E.07059
G1 X141.876 Y120.605 E.07064
G1 X141.056 Y120.231 E.07172
G1 X140.553 Y119.975 E.04492
G1 X139.769 Y119.531 E.0717
G1 X139.02 Y119.054 E.07067
G1 X138.298 Y118.539 E.07058
G1 X137.603 Y117.987 E.07063
G1 X136.938 Y117.398 E.0707
G1 X136.296 Y116.767 E.07164
G1 X135.91 Y116.354 E.04499
G1 X135.325 Y115.669 E.07169
G1 X134.785 Y114.965 E.07061
G1 X134.282 Y114.233 E.07068
G1 X133.818 Y113.476 E.07066
G1 X133.398 Y112.702 E.07008
G1 X133.14 Y112.176 E.04662
G1 X132.782 Y111.351 E.07157
G1 X132.471 Y110.519 E.07069
G1 X132.204 Y109.673 E.0706
G1 X131.982 Y108.813 E.07068
G1 X131.806 Y107.95 E.07009
G1 X131.714 Y107.371 E.04666
G1 X131.612 Y106.478 E.07153
G1 X131.558 Y105.592 E.07064
G1 X131.55 Y104.704 E.07067
G1 X131.588 Y103.823 E.07018
G1 X131.639 Y103.24 E.04657
G1 X131.756 Y102.348 E.07159
G1 X131.92 Y101.462 E.07171
G1 X132.047 Y100.912 E.04492
G1 X132.288 Y100.043 E.07177
G1 X132.57 Y99.202 E.07059
G1 X132.895 Y98.376 E.07064
G1 X133.263 Y97.568 E.07066
G1 X133.673 Y96.781 E.07062
G1 X134.124 Y96.016 E.07067
G1 X134.61 Y95.281 E.07012
G1 X134.953 Y94.807 E.04656
G1 X135.513 Y94.103 E.07159
G1 X136.102 Y93.438 E.0707
G1 X136.724 Y92.805 E.07062
G1 X137.378 Y92.205 E.07063
G1 X138.058 Y91.645 E.0701
G1 X138.525 Y91.292 E.04659
G1 X139.267 Y90.782 E.07165
G1 X140.024 Y90.318 E.07066
G1 X140.798 Y89.898 E.07008
G1 X141.324 Y89.64 E.04662
G1 X142.149 Y89.282 E.07157
G1 X142.981 Y88.971 E.07069
G1 X143.821 Y88.705 E.07012
G1 X144.387 Y88.553 E.04664
G1 X145.265 Y88.359 E.07156
G1 X146.141 Y88.212 E.07069
G1 X147.022 Y88.112 E.07056
G1 X147.909 Y88.058 E.07072
G1 X148.45 Y88.053 E.04306
G1 E-8 F7200
G1 Z5 F3000
G1 X137.627 Y92.491 F12000
G1 Z4.8 F3000
G1 E8 F7200
;TYPE:Solid infill
G1 E-10F300
G1 F12000.0
T0
G1 E16F300
G1 F12000.0
;WIDTH:0.55292
G1 F1176.471
G1 X136.389 Y93.707 E.07359
G1 X135.795 Y94.339 E.03678
G1 X136.389 Y93.707 E.03678
G1 X137.398 Y92.709 E.06018
G1 E-8 F7200
G1 Z5 F3000
G1 X139.898 Y90.996 F12000
G1 Z4.8 F3000
G1 E8 F7200
G1 F1176.471
G1 X139.853 Y90.951 E.0027
G1 X139.791 Y90.967 E.00272
G1 X139.775 Y91.029 E.00272
G1 X139.82 Y91.074 E.0027
G1 X139.881 Y91.057 E.00269
;WIDTH:0.593613
G1 F1089.536
G1 X139.717 Y91.162 E.00892
;WIDTH:0.634306
G1 F1014.566
G1 X139.553 Y91.267 E.00958
;WIDTH:0.674999
G1 F949.248
G1 X139.389 Y91.372 E.01023
G1 X134.875 Y95.886 E.33552
G1 X134.775 Y96.029 E.00917
;WIDTH:0.635386
G1 F1012.716
G1 X134.675 Y96.173 E.00864
;WIDTH:0.595773
G1 F1085.28
G1 X134.574 Y96.316 E.00805
;WIDTH:0.55616
G1 F1169.044
G1 X134.529 Y96.271 E.00272
G1 X134.467 Y96.287 E.00273
G1 X134.45 Y96.349 E.00274
G1 X134.496 Y96.395 E.00278
G1 X134.558 Y96.378 E.00274
G1 E-8 F7200
G1 Z5 F3000
G1 X133.446 Y98.391 F12000
G1 Z4.8 F3000
G1 E8 F7200
;WIDTH:0.55292
G1 F1176.471
G1 X133.401 Y98.346 E.0027
G1 X133.339 Y98.362 E.00272
G1 X133.323 Y98.424 E.00272
G1 X133.368 Y98.469 E.0027
G1 X133.43 Y98.453 E.00272
;WIDTH:0.593613
G1 F1089.536
G1 X133.518 Y98.289 E.00852
;WIDTH:0.634306
G1 F1014.566
G1 X133.606 Y98.125 E.00915
;WIDTH:0.674999
G1 F949.248
G1 X133.695 Y97.961 E.00981
G1 X141.466 Y90.189 E.57764
G1 E-8 F7200
G1 Z5 F3000
G1 X143.494 Y89.267 F12000
G1 Z4.8 F3000
G1 E8 F7200
;WIDTH:0.55292
G1 F1176.471
G1 X143.449 Y89.222 E.0027
G1 X143.387 Y89.238 E.00272
G1 X143.371 Y89.3 E.00272
G1 X143.416 Y89.345 E.0027
G1 X143.477 Y89.328 E.00269
;WIDTH:0.593613
G1 F1089.536
G1 X143.314 Y89.406 E.00827
;WIDTH:0.634306
G1 F1014.566
G1 X143.151 Y89.483 E.00886
;WIDTH:0.674999
G1 F949.248
G1 X142.988 Y89.561 E.0095
G1 X133.059 Y99.49 E.738
G1 X132.987 Y99.634 E.00846
;WIDTH:0.634306
G1 F1014.566
G1 X132.915 Y99.777 E.00787
;WIDTH:0.593613
G1 F1089.536
G1 X132.844 Y99.921 E.00735
;WIDTH:0.55292
G1 F1176.471
G1 X132.799 Y99.876 E.0027
G1 X132.737 Y99.892 E.00272
G1 X132.721 Y99.954 E.00272
G1 X132.766 Y99.999 E.0027
G1 X132.827 Y99.982 E.00269
G1 E-8 F7200
G1 Z5 F3000
G1 X132.173 Y101.825 F12000
G1 Z4.8 F3000
G1 E8 F7200
G1 F1176.471
G1 X132.349 Y101.032 E.03445
;WIDTH:0.593613
G1 F1089.536
G1 X132.452 Y100.95 E.00603
;WIDTH:0.634306
G1 F1014.566
G1 X132.556 Y100.867 E.00654
;WIDTH:0.674999
G1 F949.248
G1 X132.659 Y100.784 E.00695
G1 X144.288 Y89.155 E.86436
G1 X144.536 Y88.847 E.02078
;WIDTH:0.55292
G1 F1176.471
G1 X145.352 Y88.663 E.03547
;WIDTH:0.593613
G1 F1089.536
G1 X145.383 Y88.739 E.00376
;WIDTH:0.634306
G1 F1014.566
G1 X145.414 Y88.815 E.00404
;WIDTH:0.674999
G1 F949.248
G1 X145.445 Y88.892 E.00436
G1 X132.396 Y101.941 E.9699
G1 X132.23 Y103.001 E.05639
G1 X146.501 Y88.73 E1.06073
G1 X147.485 Y88.64 E.05193
G1 X132.137 Y103.988 E1.14078
G1 X132.107 Y104.911 E.04854
G1 X148.405 Y88.613 E1.21139
G1 X149.283 Y88.63 E.04615
G1 X132.126 Y105.787 E1.27524
G1 X132.187 Y106.619 E.04385
G1 X150.12 Y88.686 E1.33292
G1 X150.915 Y88.785 E.04211
G1 X132.283 Y107.417 E1.38487
G1 X132.418 Y108.176 E.04052
M73 P91 R3
G1 X151.676 Y88.918 E1.4314
G1 X152.407 Y89.081 E.03936
G1 X132.58 Y108.908 E1.47369
G1 X132.768 Y109.614 E.0384
G1 X153.115 Y89.267 E1.51234
G1 X153.79 Y89.485 E.03728
G1 X132.982 Y110.294 E1.54665
G1 X133.223 Y110.946 E.03653
G1 X154.445 Y89.724 E1.57738
G1 X155.079 Y89.985 E.03603
G1 X133.486 Y111.578 E1.60496
G1 X133.766 Y112.191 E.03542
G1 X155.693 Y90.265 E1.62975
G1 X156.281 Y90.571 E.03484
G1 X134.072 Y112.78 E1.65074
G1 X134.393 Y113.352 E.03447
G1 X156.854 Y90.891 E1.66947
G1 X157.403 Y91.236 E.03408
G1 X134.733 Y113.906 E1.68501
G1 X135.096 Y114.437 E.03381
G1 X157.936 Y91.597 E1.69764
G1 X158.454 Y91.973 E.03364
G1 X135.475 Y114.952 E1.70798
G1 X135.87 Y115.451 E.03345
M73 P92 R3
G1 X158.952 Y92.369 E1.71563
G1 X159.43 Y92.784 E.03327
G1 X136.281 Y115.933 E1.72061
G1 X136.712 Y116.397 E.03328
M73 P92 R2
G1 X159.894 Y93.215 E1.72306
G1 X160.342 Y93.661 E.03322
G1 X137.162 Y116.84 E1.72288
G1 X137.629 Y117.268 E.03329
G1 X160.769 Y94.127 E1.71998
G1 X161.179 Y94.611 E.03334
G1 X138.11 Y117.68 E1.71466
G1 X138.608 Y118.076 E.03344
G1 X161.576 Y95.109 E1.70712
G1 X161.949 Y95.629 E.03363
G1 X139.128 Y118.45 E1.69623
G1 X139.665 Y118.807 E.03389
G1 X162.31 Y96.162 E1.68315
G1 X162.648 Y96.718 E.0342
G1 X140.218 Y119.148 E1.66717
G1 X140.789 Y119.471 E.03448
G1 X162.971 Y97.289 E1.64874
G1 X163.269 Y97.885 E.03502
M73 P93 R2
G1 X141.383 Y119.77 E1.6267
G1 X141.997 Y120.05 E.03547
G1 X163.548 Y98.5 E1.6018
G1 X163.809 Y99.132 E.03594
G1 X142.634 Y120.307 E1.57389
G1 X143.293 Y120.543 E.03679
G1 X164.043 Y99.793 E1.5423
G1 X164.255 Y100.474 E.03749
G1 X143.974 Y120.755 E1.50744
G1 X144.679 Y120.944 E.03836
G1 X164.443 Y101.18 E1.46901
G1 X164.603 Y101.914 E.03948
G1 X145.418 Y121.099 E1.42598
G1 X146.183 Y121.228 E.04077
G1 X164.731 Y102.68 E1.37863
G1 X164.825 Y103.48 E.04234
G1 X146.98 Y121.325 E1.32638
G1 X147.821 Y121.378 E.04429
G1 X164.881 Y104.318 E1.26803
G1 X164.894 Y105.199 E.04631
G1 X148.702 Y121.39 E1.20348
G1 X149.628 Y121.358 E.0487
G1 X164.858 Y106.129 E1.13197
G1 X164.758 Y107.122 E.05245
G1 X150.624 Y121.256 E1.05055
G1 E-8 F7200
M73 P94 R2
G1 Z5 F3000
G1 X164.611 Y109.121 F12000
G1 Z4.8 F3000
G1 E8 F7200
;WIDTH:0.55292
G1 F1176.471
G1 X164.815 Y108.243 E.03822
;WIDTH:0.674999
G1 F949.248
G1 X164.578 Y108.196 E.0127
G1 X151.697 Y121.077 E.95741
G1 X151.72 Y121.154 E.00422
;WIDTH:0.634306
G1 F1014.566
G1 X151.743 Y121.232 E.004
;WIDTH:0.593613
G1 F1089.536
G1 X151.766 Y121.309 E.00368
;WIDTH:0.55292
G1 F1176.471
G1 X152.619 Y121.111 E.03713
;WIDTH:0.674999
G1 F949.248
G1 X152.867 Y120.802 E.02082
G1 X164.298 Y109.37 E.84968
G1 X164.216 Y110.22 E.04488
;WIDTH:0.55292
G1 F1176.471
G1 X164.171 Y110.175 E.0027
G1 X164.11 Y110.191 E.00267
G1 X164.093 Y110.253 E.00273
G1 X164.138 Y110.298 E.0027
G1 X164.2 Y110.281 E.00273
;WIDTH:0.593613
G1 F1089.536
G1 X164.093 Y110.415 E.00785
;WIDTH:0.634306
G1 F1014.566
G1 X163.986 Y110.549 E.00843
;WIDTH:0.674999
G1 F949.248
G1 X163.879 Y110.683 E.00901
G1 X154.183 Y120.379 E.72068
G1 X154.049 Y120.486 E.00901
;WIDTH:0.634306
G1 F1014.566
G1 X153.915 Y120.594 E.00846
;WIDTH:0.593613
G1 F1089.536
G1 X153.781 Y120.702 E.00788
;WIDTH:0.55292
G1 F1176.471
G1 X153.72 Y120.718 E.00267
G1 X153.675 Y120.673 E.0027
G1 X153.691 Y120.611 E.00272
G1 X153.753 Y120.595 E.00272
G1 X153.798 Y120.64 E.0027
G1 E-8 F7200
G1 Z5 F3000
G1 X155.354 Y120.054 F12000
G1 Z4.8 F3000
G1 E8 F7200
G1 F1176.471
G1 X155.293 Y120.07 E.00267
G1 X155.248 Y120.025 E.0027
G1 X155.264 Y119.964 E.00267
G1 X155.326 Y119.947 E.00273
G1 X155.371 Y119.992 E.0027
;WIDTH:0.593613
G1 F1089.536
G1 X155.499 Y119.895 E.00735
;WIDTH:0.634306
G1 F1014.566
G1 X155.628 Y119.797 E.00797
;WIDTH:0.674999
G1 F949.248
G1 X155.756 Y119.7 E.00844
G1 X163.317 Y112.125 E.56251
;WIDTH:0.634306
G1 F1014.566
G1 X163.438 Y111.991 E.00888
;WIDTH:0.593613
G1 F1089.536
G1 X163.559 Y111.858 E.00823
;WIDTH:0.55292
G1 F1176.471
G1 X163.498 Y111.874 E.00267
G1 X163.453 Y111.829 E.0027
G1 X163.469 Y111.767 E.00272
G1 X163.531 Y111.751 E.00272
G1 X163.576 Y111.796 E.0027
G1 E-8 F7200
G1 Z5 F3000
G1 X162.249 Y114.025 F12000
G1 Z4.8 F3000
G1 E8 F7200
;WIDTH:0.567938
G1 F1142.818
G1 X162.24 Y114.268 E.01062
;WIDTH:0.55292
G1 F1176.471
G1 X161.69 Y114.939 E.03679
G1 X161.114 Y115.585 E.0367
;WIDTH:0.588876
G1 F1098.99
G1 X160.524 Y116.212 E.03908
;WIDTH:0.596384
G1 F1084.081
G1 X159.296 Y117.419 E.07924
;WIDTH:0.558816
G1 F1163.025
G1 X158.645 Y118.01 E.03772
;WIDTH:0.55292
G1 F1176.471
G1 X157.835 Y118.7 E.04512
G1 X157.588 Y118.762 E.0108
;WIDTH:0.5686
G1 F1141.379
G1 X157.519 Y118.756 E.00303
;WIDTH:0.604067
G1 F1069.24
G1 X157.668 Y118.632 E.00904
;WIDTH:0.639533
G1 F1005.678
G1 X157.817 Y118.508 E.00962
;WIDTH:0.674999
G1 F949.248
G1 X157.966 Y118.384 E.01019
G1 X161.878 Y114.472 E.29077
;LAYER_CHANGE
;Z:5
;HEIGHT:0.2

G1 E-8 F7200
G1 Z5 F3000
;AFTER_LAYER_CHANGE
;5
G92 E0
_ON_LAYER_CHANGE LAYER=25
G1 Z5.2
G1 X148.504 Y85.343 F12000
G1 Z5 F3000
G1 E8 F7200
;TYPE:External perimeter
G1 F949.248
G1 X148.838 Y85.341 E.01755
G1 X149.528 Y85.364 E.03628
G1 X150.555 Y85.445 E.05414
G1 X151.576 Y85.58 E.05413
G1 X152.589 Y85.768 E.05415
G1 X153.255 Y85.921 E.03592
G1 X154.249 Y86.197 E.05422
G1 X155.225 Y86.523 E.05408
G1 X156.183 Y86.901 E.05413
G1 X157.119 Y87.328 E.05407
G1 X158.032 Y87.803 E.05409
G1 X158.921 Y88.326 E.05421
G1 X159.494 Y88.698 E.03591
G1 X160.333 Y89.297 E.05418
G1 X161.139 Y89.938 E.05412
G1 X161.91 Y90.62 E.0541
G1 X162.644 Y91.341 E.05408
G1 X163.336 Y92.096 E.05383
G1 X163.78 Y92.625 E.0363
G1 X164.407 Y93.443 E.05417
G1 X164.99 Y94.291 E.05409
G1 X165.528 Y95.169 E.05412
G1 X166.019 Y96.073 E.05407
G1 X166.462 Y97.003 E.05414
G1 X166.856 Y97.954 E.0541
G1 X167.2 Y98.924 E.05409
G1 X167.491 Y99.906 E.05383
G1 X167.658 Y100.576 E.03629
G1 X167.864 Y101.587 E.05423
G1 X167.971 Y102.262 E.03592
G1 X168.088 Y103.286 E.05417
G1 X168.15 Y104.314 E.05413
G1 X168.159 Y105.343 E.05408
G1 X168.114 Y106.372 E.05413
G1 X168.016 Y107.398 E.05417
G1 X167.921 Y108.074 E.03588
G1 X167.732 Y109.089 E.05426
G1 X167.579 Y109.755 E.03592
G1 X167.303 Y110.749 E.05422
G1 X166.977 Y111.725 E.05408
G1 X166.599 Y112.683 E.05413
G1 X166.172 Y113.621 E.05417
G1 X165.862 Y114.23 E.03592
G1 X165.354 Y115.127 E.05418
G1 X164.801 Y115.995 E.05409
G1 X164.203 Y116.833 E.05411
G1 X163.562 Y117.639 E.05412
G1 X162.88 Y118.41 E.0541
G1 X162.158 Y119.145 E.05415
G1 X161.658 Y119.611 E.03592
G1 X160.874 Y120.281 E.0542
G1 X160.057 Y120.907 E.0541
G1 X159.209 Y121.49 E.05409
G1 X158.331 Y122.028 E.05412
G1 X157.425 Y122.52 E.05419
G1 X156.811 Y122.82 E.03592
G1 X155.864 Y123.231 E.05426
G1 X155.226 Y123.476 E.03592
G1 X154.249 Y123.803 E.05415
G1 X153.257 Y124.078 E.0541
G1 X152.252 Y124.301 E.05411
G1 X151.236 Y124.471 E.05414
G1 X150.214 Y124.588 E.05406
G1 X149.186 Y124.65 E.05413
G1 X148.157 Y124.659 E.05408
G1 X147.127 Y124.614 E.05419
G1 X146.446 Y124.555 E.03593
G1 X145.424 Y124.42 E.05418
G1 X144.41 Y124.232 E.0542
G1 X143.745 Y124.079 E.03586
G1 X142.751 Y123.803 E.05422
G1 X141.775 Y123.477 E.05408
G1 X140.817 Y123.099 E.05413
G1 X139.879 Y122.672 E.05417
G1 X139.27 Y122.362 E.03592
G1 X138.373 Y121.854 E.05418
G1 X137.505 Y121.301 E.05409
G1 X136.667 Y120.703 E.05411
G1 X135.861 Y120.062 E.05412
G1 X135.09 Y119.38 E.0541
G1 X134.355 Y118.658 E.05415
G1 X133.889 Y118.158 E.03592
G1 X133.219 Y117.374 E.0542
G1 X132.593 Y116.557 E.0541
G1 X132.01 Y115.709 E.05409
G1 X131.475 Y114.836 E.05381
G1 X131.14 Y114.232 E.0363
G1 X130.68 Y113.31 E.05415
G1 X130.269 Y112.366 E.05411
G1 X129.909 Y111.402 E.05408
G1 X129.599 Y110.42 E.05412
G1 X129.342 Y109.423 E.05411
G1 X129.137 Y108.42 E.05381
G1 X129.029 Y107.738 E.03629
G1 X128.912 Y106.714 E.05417
G1 X128.85 Y105.686 E.05413
G1 X128.841 Y104.657 E.05408
G1 X128.885 Y103.634 E.05382
G1 X128.945 Y102.946 E.0363
G1 X129.08 Y101.924 E.05418
G1 X129.268 Y100.911 E.05415
G1 X129.421 Y100.245 E.03592
G1 X129.697 Y99.251 E.05422
G1 X130.023 Y98.275 E.05408
G1 X130.401 Y97.316 E.05418
G1 X130.679 Y96.692 E.0359
G1 X131.139 Y95.769 E.0542
G1 X131.646 Y94.873 E.05411
G1 X132.199 Y94.005 E.05409
G1 X132.797 Y93.167 E.05411
G1 X133.438 Y92.361 E.05412
G1 X134.12 Y91.59 E.0541
G1 X134.841 Y90.856 E.05408
G1 X135.596 Y90.164 E.05383
G1 X136.125 Y89.72 E.0363
G1 X136.943 Y89.093 E.05417
G1 X137.791 Y88.51 E.05409
G1 X138.664 Y87.975 E.05381
G1 X139.268 Y87.64 E.0363
G1 X140.19 Y87.18 E.05415
G1 X141.134 Y86.769 E.05411
G1 X142.099 Y86.409 E.05413
G1 X143.075 Y86.101 E.05379
G1 X143.742 Y85.922 E.0363
G1 X144.748 Y85.699 E.05416
G1 X145.764 Y85.529 E.05414
G1 X146.786 Y85.412 E.05406
G1 X147.814 Y85.35 E.05413
G1 X148.474 Y85.344 E.03469
G1 X149.074 Y85.349 F12000
G1 E-8 F7200
G1 Z5.2 F3000
G1 X159.905 Y89.22 F12000
G1 Z5 F3000
G1 E8 F7200
;TYPE:Top solid infill
;WIDTH:0.600101
G1 F1076.849
G1 X162.331 Y91.646 E.15895
G1 X163.008 Y92.384 E.0464
G1 X163.439 Y92.898 E.03108
G1 X164.054 Y93.699 E.04679
G1 X164.624 Y94.529 E.04665
G1 X164.937 Y95.04 E.02776
G1 X158.456 Y88.559 E.42464
G1 X157.821 Y88.185 E.03414
M73 P94 R1
G1 X156.746 Y87.637 E.0559
G1 X165.858 Y96.749 E.59702
G1 X166.064 Y97.18 E.02213
G1 X166.458 Y98.137 E.04795
G1 X155.371 Y87.05 E.72642
G1 X155.076 Y86.934 E.01469
G1 X154.161 Y86.628 E.0447
G1 X166.866 Y99.333 E.83243
G1 X167.171 Y100.426 E.05257
G1 X153.072 Y86.327 E.92377
G1 X152.073 Y86.116 E.0473
G1 X167.386 Y101.429 E1.00331
G1 X167.544 Y102.375 E.04444
M73 P95 R1
G1 X151.131 Y85.961 E1.07542
G1 X150.243 Y85.862 E.0414
G1 X167.646 Y103.264 E1.14022
G1 X167.7 Y104.107 E.03914
G1 X149.398 Y85.804 E1.19918
G1 X148.593 Y85.788 E.0373
G1 X167.719 Y104.914 E1.25314
G1 X167.707 Y105.69 E.03596
G1 X147.805 Y85.788 E1.30398
G1 X147.062 Y85.833 E.03449
G1 X167.669 Y106.44 E1.35018
G1 X167.6 Y107.159 E.03346
G1 X146.344 Y85.902 E1.39273
G1 X145.645 Y85.991 E.03265
G1 X167.51 Y107.857 E1.43263
G1 X167.393 Y108.527 E.03151
G1 X144.97 Y86.104 E1.46916
G1 X144.319 Y86.241 E.03082
G1 X167.262 Y109.185 E1.50326
G1 X167.108 Y109.819 E.03023
G1 X143.68 Y86.391 E1.53501
G1 X143.064 Y86.562 E.02962
G1 X166.937 Y110.436 E1.5642
G1 X166.747 Y111.034 E.02907
G1 X142.465 Y86.751 E1.59099
G1 X141.882 Y86.956 E.02863
G1 X166.548 Y111.622 E1.61612
G1 X166.325 Y112.188 E.02818
M73 P96 R1
G1 X141.308 Y87.17 E1.63915
G1 X140.758 Y87.409 E.02778
G1 X166.092 Y112.743 E1.65989
G1 X165.846 Y113.284 E.02753
G1 X140.216 Y87.655 E1.67925
G1 X139.69 Y87.917 E.02723
G1 X165.585 Y113.811 E1.69661
G1 X165.308 Y114.322 E.02693
G1 X139.176 Y88.19 E1.71217
G1 X138.677 Y88.479 E.02672
G1 X165.023 Y114.825 E1.7262
G1 X164.72 Y115.31 E.02649
G1 X138.188 Y88.778 E1.73838
G1 X137.714 Y89.092 E.02634
G1 X164.411 Y115.789 E1.74919
G1 X164.083 Y116.249 E.02617
G1 X137.247 Y89.413 E1.7583
G1 X136.799 Y89.753 E.02606
G1 X163.749 Y116.703 E1.76577
G1 X163.4 Y117.142 E.02598
G1 X136.355 Y90.097 E1.77199
G1 X135.927 Y90.457 E.02591
M73 P97 R1
G1 X163.04 Y117.57 E1.77645
G1 X162.67 Y117.988 E.02586
G1 X135.514 Y90.832 E1.77927
G1 X135.105 Y91.211 E.02583
G1 X162.286 Y118.392 E1.7809
G1 X161.895 Y118.789 E.02582
G1 X134.714 Y91.608 E1.7809
G1 X134.33 Y92.012 E.02582
M73 P97 R0
G1 X161.489 Y119.171 E1.77946
G1 X161.069 Y119.539 E.02587
G1 X133.96 Y92.43 E1.77619
G1 X133.6 Y92.858 E.02591
G1 X160.644 Y119.902 E1.77193
G1 X160.201 Y120.247 E.02601
G1 X133.251 Y93.297 E1.76577
G1 X132.917 Y93.751 E.02611
G1 X159.753 Y120.587 E1.7583
G1 X159.286 Y120.908 E.02625
G1 X132.589 Y94.211 E1.74919
G1 X132.28 Y94.69 E.02641
M73 P98 R0
G1 X158.812 Y121.222 E1.73838
G1 X158.323 Y121.521 E.02655
G1 X131.977 Y95.175 E1.7262
G1 X131.692 Y95.678 E.02678
G1 X157.822 Y121.808 E1.71204
G1 X157.311 Y122.085 E.02693
G1 X131.417 Y96.191 E1.69658
G1 X131.155 Y96.716 E.02718
G1 X156.785 Y122.347 E1.67932
G1 X156.241 Y122.591 E.02762
G1 X130.906 Y97.256 E1.65995
G1 X130.675 Y97.813 E.02794
G1 X155.692 Y122.83 E1.63912
G1 X155.123 Y123.048 E.02823
G1 X130.452 Y98.378 E1.61642
G1 X130.253 Y98.966 E.02876
G1 X154.534 Y123.247 E1.5909
G1 X153.935 Y123.437 E.02911
G1 X130.063 Y99.565 E1.5641
G1 X129.892 Y100.181 E.02962
G1 X153.319 Y123.608 E1.53494
G1 X152.681 Y123.759 E.03037
M73 P99 R0
G1 X129.738 Y100.815 E1.50326
G1 X129.607 Y101.473 E.03108
G1 X152.03 Y123.896 E1.46916
G1 X151.355 Y124.009 E.03171
G1 X129.491 Y102.145 E1.43253
G1 X129.399 Y102.841 E.03253
G1 X150.656 Y124.098 E1.39276
G1 X149.938 Y124.167 E.03342
G1 X129.33 Y103.559 E1.35024
G1 X129.293 Y104.31 E.03484
G1 X149.195 Y124.212 E1.30398
G1 X148.415 Y124.221 E.03614
G1 X129.281 Y105.086 E1.2537
G1 X129.3 Y105.893 E.0374
G1 X147.605 Y124.198 E1.19935
G1 X146.763 Y124.144 E.03909
G1 X129.354 Y106.736 E1.14061
G1 X129.456 Y107.625 E.04146
G1 X145.869 Y124.039 E1.07542
G1 X144.927 Y123.884 E.04423
G1 X129.614 Y108.571 E1.00331
G1 X129.832 Y109.578 E.04773
G1 X143.928 Y123.673 E.92354
G1 X142.839 Y123.372 E.05234
G1 X130.136 Y110.669 E.8323
G1 X130.322 Y111.259 E.02866
G1 X130.551 Y111.872 E.03032
G1 X141.628 Y122.95 E.7258
G1 X140.988 Y122.697 E.03188
G1 X140.253 Y122.363 E.0374
G1 X131.135 Y113.244 E.59745
G1 X131.526 Y114.029 E.04063
G1 X132.063 Y114.96 E.04979
G1 X139.225 Y122.123 E.46929
G1 E-8 F7200
M107
;TYPE:Custom
; Filament-specific end gcode
; Filament-specific end gcode
END_PRINT
M73 P100 R0
; objects_info = {"objects":[]}
; filament used [mm] = 1817.78, 0.00
; filament used [cm3] = 4.37, 0.00
; filament used [g] = 5.42, 0.00
; filament cost = 0.20, 0.00
; total filament used [g] = 5.42
; total filament cost = 0.20
; total filament used for wipe tower [g] = 0.00
; estimated printing time (normal mode) = 38m 4s
; estimated first layer printing time (normal mode) = 2m 28s

; prusaslicer_config = begin
; arc_fitting = disabled
; autoemit_temperature_commands = 0
; automatic_extrusion_widths = 0
; automatic_infill_combination = 0
; automatic_infill_combination_max_layer_height = 100%
; avoid_crossing_curled_overhangs = 1
; avoid_crossing_perimeters = 0
; avoid_crossing_perimeters_max_detour = 300%
; bed_custom_model = 
; bed_custom_texture = 
; bed_shape = 0x0,297x0,297x210,0x210
; bed_temperature = 60,60
; bed_temperature_extruder = 0
; before_layer_gcode = \n
; between_objects_gcode = G92 E0
; binary_gcode = 0
; bottom_fill_pattern = monotonic
; bottom_solid_layers = 5
; bottom_solid_min_thickness = 1
; bridge_acceleration = 1000
; bridge_angle = 0
; bridge_fan_speed = 100,100
; bridge_flow_ratio = 0.7
; bridge_speed = 0
; brim_separation = 0
; brim_type = outer_only
; brim_width = 0
; chamber_minimal_temperature = 0,0
; chamber_temperature = 0,0
; color_change_gcode = M600
; colorprint_heights = 
; compatible_printers_condition_cummulative = ;"printer_notes!~/.*NO_TEMPLATES.*/ and printer_notes!~/.*PRINTER_VENDOR_TRILAB.*/ and printer_notes!~/.*PRINTER_MODEL_MK4IS.*/ and ! (printer_notes=~/.*PRINTER_VENDOR_PRUSA3D.*/ and num_extruders>1) and printer_model == \"VC4_500 IDEX\"";"printer_notes!~/.*NO_TEMPLATES.*/ and printer_notes!~/.*PRINTER_VENDOR_TRILAB.*/ and printer_notes!~/.*PRINTER_MODEL_MK4IS.*/ and ! (printer_notes=~/.*PRINTER_VENDOR_PRUSA3D.*/ and num_extruders>1) and printer_model == \"VC4_500 IDEX\""
; complete_objects = 0
; cooling = 1,1
; cooling_perimeter_transition_distance = 0,0
; cooling_slowdown_logic = uniform_cooling,uniform_cooling
; cooling_tube_length = 5
; cooling_tube_retraction = 91.5
; custom_parameters_filament = ;
; custom_parameters_print = 
; custom_parameters_printer = 
; default_acceleration = 1000
; default_filament_profile = "PunkFil PETG @RatRig"
; default_print_profile = QUALITY_0.20mm_Nozzle_0.6_VC4_IDEX
; deretract_speed = 120,120
; disable_fan_first_layers = 1,1
; dont_support_bridges = 0
; draft_shield = disabled
; duplicate_distance = 6
; elefant_foot_compensation = 0
; enable_dynamic_fan_speeds = 0,0
; enable_dynamic_overhang_speeds = 1
; end_filament_gcode = "; Filament-specific end gcode";"; Filament-specific end gcode"
; end_gcode = END_PRINT\n
; ensure_vertical_shell_thickness = enabled
; external_perimeter_acceleration = 1000
; external_perimeter_extrusion_width = 0
; external_perimeter_speed = 50%
; external_perimeters_first = 1
; extra_loading_move = -2
; extra_perimeters = 1
; extra_perimeters_on_overhangs = 0
; extruder_clearance_height = 25
; extruder_clearance_radius = 45
; extruder_colour = #0080FF;#0080FF
; extruder_offset = 0x0,0x0
; extrusion_axis = E
; extrusion_multiplier = 1,1
; extrusion_width = 0
; fan_always_on = 1,1
; fan_below_layer_time = 100,100
; filament_abrasive = 0,0
; filament_colour = #FF8000;#FF8000
; filament_cooling_final_speed = 2,2
; filament_cooling_initial_speed = 3,3
; filament_cooling_moves = 1,1
; filament_cost = 36.29,36.29
; filament_density = 1.24,1.24
; filament_deretract_speed = nil,nil
; filament_diameter = 1.75,1.75
; filament_infill_max_crossing_speed = 0,0
; filament_infill_max_speed = 0,0
; filament_load_time = 0,0
; filament_loading_speed = 14,14
; filament_loading_speed_start = 19,19
; filament_max_volumetric_speed = 2,2
; filament_minimal_purge_on_wipe_tower = 0,0
; filament_multitool_ramming = 0,0
; filament_multitool_ramming_flow = 10,10
; filament_multitool_ramming_volume = 10,10
; filament_notes = "Affordable filament for everyday printing in premium quality manufactured in-house by Josef Prusa";"Affordable filament for everyday printing in premium quality manufactured in-house by Josef Prusa"
; filament_purge_multiplier = 100%,100%
; filament_ramming_parameters = "130 120 2.70968 2.93548 3.32258 3.83871 4.58065 5.54839 6.51613 7.35484 7.93548 8.16129| 0.05 2.66451 0.45 3.05805 0.95 4.05807 1.45 5.97742 1.95 7.69999 2.45 8.1936 2.95 11.342 3.45 11.4065 3.95 7.6 4.45 7.6 4.95 7.6";"130 120 2.70968 2.93548 3.32258 3.83871 4.58065 5.54839 6.51613 7.35484 7.93548 8.16129| 0.05 2.66451 0.45 3.05805 0.95 4.05807 1.45 5.97742 1.95 7.69999 2.45 8.1936 2.95 11.342 3.45 11.4065 3.95 7.6 4.45 7.6 4.95 7.6"
; filament_retract_before_travel = nil,nil
; filament_retract_before_wipe = nil,nil
; filament_retract_layer_change = nil,nil
; filament_retract_length = nil,nil
; filament_retract_length_toolchange = nil,nil
; filament_retract_lift = nil,nil
; filament_retract_lift_above = nil,nil
; filament_retract_lift_below = nil,nil
; filament_retract_restart_extra = nil,nil
; filament_retract_restart_extra_toolchange = nil,nil
; filament_retract_speed = nil,nil
; filament_seam_gap_distance = nil,nil
; filament_settings_id = "PLA Temp thingy";"PLA Temp thingy"
; filament_shrinkage_compensation_xy = 0%,0%
; filament_shrinkage_compensation_z = 0%,0%
; filament_soluble = 0,0
; filament_spool_weight = 201,201
; filament_stamping_distance = 0,0
; filament_stamping_loading_speed = 20,20
; filament_toolchange_delay = 0,0
; filament_travel_lift_before_obstacle = nil,nil
; filament_travel_max_lift = nil,nil
; filament_travel_ramping_lift = nil,nil
; filament_travel_slope = nil,nil
; filament_type = PLA;PLA
; filament_unload_time = 0,0
; filament_unloading_speed = 20,20
; filament_unloading_speed_start = 100,100
; filament_vendor = Prusa Polymers
; filament_wipe = nil,nil
; fill_angle = 45
; fill_density = 15%
; fill_pattern = gyroid
; first_layer_acceleration = 1000
; first_layer_acceleration_over_raft = 0
; first_layer_bed_temperature = 60,60
; first_layer_extrusion_width = 0
; first_layer_height = 0.2
; first_layer_infill_speed = 0
; first_layer_speed = 70%
; first_layer_speed_over_raft = 30
; first_layer_temperature = 240,240
; full_fan_speed_layer = 3,3
; fuzzy_skin = none
; fuzzy_skin_point_dist = 0.8
; fuzzy_skin_thickness = 0.3
; gap_fill_enabled = 0
; gap_fill_speed = 100
; gcode_comments = 0
; gcode_flavor = klipper
; gcode_label_objects = disabled
; gcode_resolution = 0.0125
; gcode_substitutions = 
; high_current_on_filament_swap = 0
; host_type = prusalink
; idle_temperature = 180,180
; infill_acceleration = 1000
; infill_anchor = 300%
; infill_anchor_max = 5
; infill_every_layers = 1
; infill_extruder = 1
; infill_extrusion_width = 0
; infill_first = 0
; infill_overlap = 25%
; infill_speed = 0
; inherits_cummulative = ;"Prusament PLA @Template";"Prusament PLA @Template";
; interface_shells = 0
; interlocking_beam = 0
; interlocking_beam_layer_count = 2
; interlocking_beam_width = 0.8
; interlocking_boundary_avoidance = 2
; interlocking_depth = 2
; interlocking_orientation = 22.5
; ironing = 0
; ironing_flowrate = 15%
; ironing_spacing = 0.3
; ironing_speed = 200
; ironing_type = top
; layer_gcode = ;AFTER_LAYER_CHANGE\n;[layer_z]\nG92 E0\n_ON_LAYER_CHANGE LAYER={layer_num + 1}
; layer_height = 0.2
; machine_limits_usage = time_estimate_only
; machine_max_acceleration_e = 1000
; machine_max_acceleration_extruding = 1000
; machine_max_acceleration_retracting = 1000
; machine_max_acceleration_travel = 9000,1250
; machine_max_acceleration_x = 1000
; machine_max_acceleration_y = 1000
; machine_max_acceleration_z = 1000
; machine_max_feedrate_e = 120
; machine_max_feedrate_x = 200
; machine_max_feedrate_y = 200
; machine_max_feedrate_z = 50
; machine_max_jerk_e = 5
; machine_max_jerk_x = 5
; machine_max_jerk_y = 5
; machine_max_jerk_z = 0.4
; machine_max_junction_deviation = 0,0
; machine_min_extruding_rate = 0
; machine_min_travel_rate = 0
; max_fan_speed = 100,100
; max_layer_height = 0.32,0.32
; max_print_height = 140
; max_print_speed = 100
; max_volumetric_extrusion_rate_slope_negative = 0
; max_volumetric_extrusion_rate_slope_positive = 0
; max_volumetric_speed = 10
; min_bead_width = 85%
; min_fan_speed = 100,100
; min_feature_size = 25%
; min_layer_height = 0.08,0.08
; min_print_speed = 10,10
; min_skirt_length = 4
; mmu_segmented_region_interlocking_depth = 0
; mmu_segmented_region_max_width = 0
; multimaterial_purging = 140
; notes = BE CAREFULL, THIS IS A HIGH SPEED PROFILE, DO NOT USE IT UNLESS YOU ARE SURE YOUR MACHINE IS MECHANICALLY WELL TUNED!
; nozzle_diameter = 0.6,1
; nozzle_high_flow = 0,0
; only_one_perimeter_first_layer = 1
; only_retract_when_crossing_perimeters = 0
; ooze_prevention = 0
; output_filename_format = {input_filename_base}_{filament_type[0]}_{print_settings_id}_{print_time}.gcode
; over_bridge_speed = 0
; overhang_fan_speed_0 = 0,0
; overhang_fan_speed_1 = 0,0
; overhang_fan_speed_2 = 0,0
; overhang_fan_speed_3 = 0,0
; overhang_speed_0 = 20%
; overhang_speed_1 = 40%
; overhang_speed_2 = 60%
; overhang_speed_3 = 80%
; overhangs = 1
; parking_pos_retraction = 92
; pause_print_gcode = M601
; perimeter_acceleration = 1000
; perimeter_extruder = 1
; perimeter_extrusion_width = 1
; perimeter_generator = arachne
; perimeter_speed = 0
; perimeters = 4
; physical_printer_settings_id = Anisoprint
; post_process = "\"C:\\Users\\dhilu\\AppData\\Local\\Programs\\Python\\Python313\\python.exe\" \"C:\\Users\\dhilu\\Documents\\Anisoprint\\process.py\""
; prefer_clockwise_movements = 0
; print_settings_id = Anisoprint
; printer_model = VC4_500 IDEX
; printer_notes = 
; printer_settings_id = Anisoprint
; printer_technology = FFF
; printer_variant = 0.6
; printer_vendor = 
; raft_contact_distance = 0.1
; raft_expansion = 1.5
; raft_first_layer_density = 90%
; raft_first_layer_expansion = 4
; raft_layers = 0
; remaining_times = 1
; resolution = 0
; retract_before_travel = 1,1
; retract_before_wipe = 0%,0%
; retract_layer_change = 0,0
; retract_length = 8,8
; retract_length_toolchange = 1,1
; retract_lift = 0.2,0.2
; retract_lift_above = 0.2,0.2
; retract_lift_below = 0,0
; retract_restart_extra = 0,0
; retract_restart_extra_toolchange = 0,0
; retract_speed = 120,120
; scarf_seam_entire_loop = 0
; scarf_seam_length = 10
; scarf_seam_max_segment_length = 1
; scarf_seam_on_inner_perimeters = 0
; scarf_seam_only_on_smooth = 1
; scarf_seam_placement = nowhere
; scarf_seam_start_height = 20%
; seam_gap_distance = 5%
; seam_position = aligned
; silent_mode = 0
; single_extruder_multi_material = 0
; single_extruder_multi_material_priming = 1
; skirt_distance = 10
; skirt_height = 1
; skirts = 1
; slice_closing_radius = 0.049
; slicing_mode = regular
; slowdown_below_layer_time = 10,10
; small_perimeter_speed = 80%
; solid_infill_acceleration = 1000
; solid_infill_below_area = 0
; solid_infill_every_layers = 0
; solid_infill_extruder = 1
; solid_infill_extrusion_width = 0
; solid_infill_speed = 80%
; spiral_vase = 0
; staggered_inner_seams = 0
; standby_temperature_delta = -5
; start_filament_gcode = "; Filament gcode\n";"; Filament gcode\n"
; start_gcode = PRINT_START BED_TEMP={first_layer_bed_temperature[0]} EXTRUDER_TEMP={first_layer_temperature[0]} EXTRUDER1_TEMP={first_layer_temperature[1]}
; support_material = 1
; support_material_angle = 0
; support_material_auto = 0
; support_material_bottom_contact_distance = 0
; support_material_bottom_interface_layers = 1
; support_material_buildplate_only = 0
; support_material_closing_radius = 2
; support_material_contact_distance = 0.25
; support_material_enforce_layers = 0
; support_material_extruder = 1
; support_material_extrusion_width = 0
; support_material_interface_contact_loops = 0
; support_material_interface_extruder = 1
; support_material_interface_layers = 3
; support_material_interface_pattern = rectilinear
; support_material_interface_spacing = 0.05
; support_material_interface_speed = 65%
; support_material_pattern = rectilinear
; support_material_spacing = 3
; support_material_speed = 150
; support_material_style = organic
; support_material_synchronize_layers = 0
; support_material_threshold = 40
; support_material_with_sheath = 0
; support_material_xy_spacing = 0.5
; support_tree_angle = 40
; support_tree_angle_slow = 25
; support_tree_branch_diameter = 3
; support_tree_branch_diameter_angle = 5
; support_tree_branch_diameter_double_wall = 3
; support_tree_branch_distance = 0.5
; support_tree_tip_diameter = 1.2
; support_tree_top_rate = 15%
; temperature = 240,240
; template_custom_gcode = 
; thick_bridges = 1
; thin_walls = 1
; thumbnails = 
; thumbnails_format = PNG
; toolchange_gcode = T[next_extruder]
; top_fill_pattern = monotonic
; top_infill_extrusion_width = 0
; top_one_perimeter_type = topmost
; top_solid_infill_acceleration = 1000
; top_solid_infill_speed = 70%
; top_solid_layers = 5
; top_solid_min_thickness = 1
; travel_acceleration = 1000
; travel_lift_before_obstacle = 0,0
; travel_max_lift = 0,0
; travel_ramping_lift = 0,0
; travel_short_distance_acceleration = 0
; travel_slope = 0,0
; travel_speed = 200
; travel_speed_z = 50
; use_firmware_retraction = 0
; use_relative_e_distances = 1
; use_volumetric_e = 0
; variable_layer_height = 1
; wall_distribution_count = 1
; wall_transition_angle = 10
; wall_transition_filter_deviation = 25%
; wall_transition_length = 100%
; wipe = 0,0
; wipe_into_infill = 0
; wipe_into_objects = 0
; wipe_tower = 0
; wipe_tower_acceleration = 0
; wipe_tower_bridging = 10
; wipe_tower_brim_width = 2
; wipe_tower_cone_angle = 0
; wipe_tower_extra_flow = 100%
; wipe_tower_extra_spacing = 100%
; wipe_tower_extruder = 0
; wipe_tower_no_sparse_layers = 0
; wipe_tower_width = 60
; wiping_volumes_matrix = 0,140,140,0
; wiping_volumes_use_custom_matrix = 0
; xy_size_compensation = 0
; z_offset = 0
; prusaslicer_config = end
