; generated by PrusaSlicer 2.9.4 on 2026-05-15 at 02:51:00 UTC

; BE CAREFULL, THIS IS A HIGH SPEED PROFILE, DO NOT USE IT UNLESS YOU ARE SURE YOUR MACHINE IS MECHANICALLY WELL TUNED!

; external perimeters extrusion width = 0.68mm
; perimeters extrusion width = 0.80mm
; infill extrusion width = 0.68mm
; solid infill extrusion width = 0.68mm
; top infill extrusion width = 0.60mm
; support material extrusion width = 0.60mm

M73 P0 R47
;TYPE:Custom
PRINT_START BED_TEMP=60 EXTRUDER_TEMP=240 EXTRUDER1_TEMP=215
G21 ; set units to millimeters
G90 ; use absolute coordinates
M83 ; use relative distances for extrusion
; Filament gcode
M107
;LAYER_CHANGE
;Z:0.3
;HEIGHT:0.3
G1 E-8 F1500
G1 Z.5 F3000
G1 X123.573 Y87.656 F12000
G1 Z.3 F3000
G1 E10 F1500
M204 S1000
;TYPE:Skirt/Brim
;WIDTH:0.8
G1 F543.759
G1 X125.295 Y85.411 E.2596
G1 X127.34 Y83.218 E.27512
G1 X129.46 Y81.343 E.25967
G1 X131.885 Y79.581 E.27503
G1 X134.323 Y78.145 E.25961
G1 X137.208 Y76.81 E.29167
G1 X140.043 Y75.834 E.2751
G1 X142.794 Y75.173 E.25959
G1 X145.763 Y74.756 E.27508
G1 X148.939 Y74.636 E.29161
G1 X151.764 Y74.808 E.25968
G1 X154.725 Y75.277 E.27506
G1 X157.465 Y75.986 E.25968
G1 X160.449 Y77.082 E.29167
G1 X163.143 Y78.396 E.27501
G1 X165.556 Y79.875 E.25967
G1 X167.951 Y81.679 E.27511
G1 X170.282 Y83.84 E.29164
G1 X172.157 Y85.96 E.25967
G1 X173.919 Y88.385 E.27503
G1 X175.355 Y90.823 E.25961
G1 X176.69 Y93.708 E.29167
G1 X177.666 Y96.543 E.2751
G1 X178.327 Y99.294 E.25959
G1 X178.744 Y102.263 E.27508
G1 X178.864 Y105.439 E.29161
G1 X178.692 Y108.264 E.25968
G1 X178.223 Y111.225 E.27506
G1 X177.514 Y113.965 E.25968
G1 X176.418 Y116.949 E.29167
G1 X175.104 Y119.643 E.27501
G1 X173.625 Y122.056 E.25967
G1 X171.821 Y124.451 E.27511
G1 X169.66 Y126.782 E.29164
G1 X167.54 Y128.657 E.25967
G1 X165.115 Y130.419 E.27503
G1 X162.677 Y131.855 E.25961
G1 X159.792 Y133.19 E.29167
G1 X156.957 Y134.166 E.2751
G1 X154.206 Y134.827 E.25959
G1 X151.237 Y135.244 E.27508
G1 X148.061 Y135.364 E.29161
G1 X145.236 Y135.192 E.25968
G1 X142.275 Y134.723 E.27506
G1 X139.535 Y134.014 E.25968
G1 X136.551 Y132.918 E.29167
G1 X133.857 Y131.604 E.27501
G1 X131.444 Y130.125 E.25967
G1 X129.049 Y128.321 E.27511
G1 X126.718 Y126.16 E.29164
G1 X124.843 Y124.041 E.2596
G1 X122.982 Y121.463 E.29172
G1 X121.483 Y118.867 E.27504
G1 X120.31 Y116.292 E.25962
G1 X119.284 Y113.283 E.29169
G1 X118.61 Y110.362 E.27505
G1 X118.24 Y107.557 E.25959
G1 X118.136 Y104.561 E.27505
G1 X118.308 Y101.736 E.25968
G1 X118.777 Y98.775 E.27506
G1 X119.486 Y96.035 E.25968
G1 X120.582 Y93.051 E.29167
G1 X121.896 Y90.357 E.27501
G1 X123.557 Y87.682 E.2889
G1 E-8 F1500
G1 Z.5 F3000
G1 X148.509 Y85.338 F12000
G1 Z.3 F3000
G1 E10 F1500
;TYPE:External perimeter
;WIDTH:0.675
G1 F655.073
G1 X149.529 Y85.365 E.07771
G1 X150.555 Y85.445 E.07838
G1 X151.576 Y85.58 E.07844
G1 X152.588 Y85.767 E.07838
G1 X153.59 Y86.008 E.07849
G1 X154.257 Y86.199 E.05284
G1 X155.225 Y86.523 E.07774
G1 X156.184 Y86.901 E.07851
G1 X156.808 Y87.179 E.05203
G1 X157.731 Y87.639 E.07854
G1 X158.627 Y88.146 E.07841
G1 X159.496 Y88.7 E.07849
G1 X160.064 Y89.098 E.05282
G1 X160.874 Y89.719 E.07773
G1 X161.657 Y90.388 E.07844
G1 X162.404 Y91.098 E.07849
G1 X162.886 Y91.597 E.05284
G1 X163.562 Y92.361 E.07769
G1 X164.203 Y93.167 E.07843
G1 X164.801 Y94.005 E.07841
G1 X165.354 Y94.873 E.07838
G1 X165.861 Y95.769 E.07841
G1 X166.32 Y96.69 E.07837
G1 X166.731 Y97.634 E.07841
G1 X167.092 Y98.6 E.07854
G1 X167.306 Y99.26 E.05284
G1 X167.578 Y100.243 E.07768
G1 X167.801 Y101.25 E.07855
G1 X167.92 Y101.923 E.05205
G1 X168.055 Y102.945 E.07851
G1 X168.135 Y103.971 E.07838
G1 X168.162 Y105 E.0784
G1 X168.135 Y106.03 E.07847
G1 X168.088 Y106.712 E.05206
G1 X167.971 Y107.736 E.0785
G1 X167.801 Y108.752 E.07845
G1 X167.578 Y109.757 E.0784
G1 X167.303 Y110.749 E.0784
G1 X166.977 Y111.725 E.07837
G1 X166.599 Y112.684 E.07851
G1 X166.321 Y113.308 E.05203
G1 X165.861 Y114.231 E.07854
G1 X165.354 Y115.127 E.07841
G1 X164.801 Y115.995 E.07838
G1 X164.202 Y116.834 E.07851
G1 X163.775 Y117.381 E.05285
G1 X163.112 Y118.157 E.07773
G1 X162.403 Y118.903 E.07838
G1 X161.656 Y119.613 E.07849
G1 X161.132 Y120.068 E.05285
G1 X160.333 Y120.703 E.07773
G1 X159.494 Y121.302 E.07851
G1 X158.921 Y121.674 E.05203
G1 X158.033 Y122.197 E.07849
M73 P1 R47
G1 X157.119 Y122.672 E.07845
G1 X156.183 Y123.099 E.07835
G1 X155.225 Y123.477 E.07844
G1 X154.249 Y123.803 E.07837
G1 X153.257 Y124.078 E.0784
G1 X152.25 Y124.301 E.07855
G1 X151.577 Y124.42 E.05205
G1 X150.555 Y124.555 E.07851
G1 X149.529 Y124.635 E.07838
G1 X148.5 Y124.662 E.0784
G1 X147.471 Y124.635 E.0784
G1 X146.445 Y124.555 E.07838
G1 X145.424 Y124.42 E.07844
G1 X144.41 Y124.232 E.07854
G1 X143.745 Y124.079 E.05197
G1 X142.751 Y123.803 E.07857
G1 X141.775 Y123.477 E.07837
G1 X140.816 Y123.099 E.07851
G1 X140.192 Y122.821 E.05203
G1 X139.269 Y122.361 E.07854
G1 X138.373 Y121.854 E.07841
G1 X137.505 Y121.301 E.07838
G1 X136.666 Y120.702 E.07851
G1 X136.127 Y120.282 E.05204
G1 X135.343 Y119.612 E.07854
G1 X134.596 Y118.902 E.07849
G1 X134.121 Y118.411 E.05203
G1 X133.438 Y117.639 E.0785
G1 X132.797 Y116.833 E.07843
G1 X132.199 Y115.995 E.07841
G1 X131.646 Y115.127 E.07838
G1 X131.138 Y114.23 E.07851
G1 X130.828 Y113.621 E.05204
G1 X130.401 Y112.683 E.07849
G1 X130.023 Y111.725 E.07844
G1 X129.697 Y110.749 E.07837
G1 X129.421 Y109.755 E.07857
G1 X129.268 Y109.089 E.05204
G1 X129.08 Y108.076 E.07847
G1 X128.945 Y107.055 E.07844
G1 X128.865 Y106.029 E.07838
G1 X128.838 Y105 E.0784
G1 X128.865 Y103.97 E.07847
G1 X128.913 Y103.277 E.05291
G1 X129.029 Y102.264 E.07765
G1 X129.199 Y101.248 E.07845
G1 X129.422 Y100.243 E.0784
G1 X129.697 Y99.251 E.0784
G1 X130.024 Y98.274 E.07847
G1 X130.273 Y97.626 E.05287
G1 X130.68 Y96.69 E.07773
G1 X131.139 Y95.769 E.07837
G1 X131.646 Y94.873 E.07841
G1 X132.199 Y94.005 E.07838
G1 X132.798 Y93.166 E.07851
G1 X133.225 Y92.619 E.05285
G1 X133.888 Y91.843 E.07773
G1 X134.597 Y91.097 E.07838
G1 X135.343 Y90.388 E.07838
G1 X136.126 Y89.719 E.07844
G1 X136.944 Y89.092 E.07849
G1 X137.512 Y88.694 E.05282
G1 X138.373 Y88.146 E.07773
G1 X139.269 Y87.639 E.07841
G1 X140.19 Y87.18 E.07837
G1 X141.134 Y86.769 E.07841
G1 X142.1 Y86.408 E.07854
G1 X142.76 Y86.194 E.05284
G1 X143.743 Y85.922 E.07768
G1 X144.748 Y85.699 E.0784
G1 X145.764 Y85.529 E.07845
G1 X146.786 Y85.412 E.07834
G1 X147.815 Y85.35 E.07851
G1 X148.479 Y85.338 E.05058
G1 X149.079 Y85.353 F12000
G1 E-8 F1500
G1 Z.5 F3000
G1 X159.764 Y89.112 F12000
G1 Z.3 F3000
G1 E10 F1500
;TYPE:Solid infill
;WIDTH:0.683737
G1 F645.832
G1 X162.251 Y91.598 E.27164
G1 X162.55 Y91.908 E.03327
G1 X163.211 Y92.656 E.07711
G1 X163.837 Y93.443 E.07768
G1 X164.421 Y94.261 E.07764
G1 X165.059 Y95.282 E.093
G1 X158.218 Y88.441 E.74736
G1 X157.516 Y88.044 E.0623
G1 X156.4 Y87.498 E.09598
G1 X165.997 Y97.096 E1.0485
G1 X166.306 Y97.806 E.05982
G1 X166.589 Y98.564 E.0625
G1 X154.934 Y86.909 E1.27328
G1 X154.121 Y86.637 E.06623
G1 X153.651 Y86.502 E.03778
G1 X166.992 Y99.843 E1.45747
G1 X167.134 Y100.354 E.04097
G1 X167.278 Y101.005 E.05151
G1 X152.488 Y86.214 E1.61582
G1 X151.418 Y86.021 E.08399
M73 P1 R46
G1 X167.479 Y102.082 E1.75462
G1 X167.606 Y103.085 E.0781
G1 X150.415 Y85.894 E1.87807
G1 X149.467 Y85.821 E.07345
G1 X167.679 Y104.033 E1.98961
G1 X167.703 Y104.933 E.06955
G1 X148.575 Y85.805 E2.08968
G1 X147.709 Y85.815 E.0669
G1 X167.684 Y105.79 E2.18221
G1 X167.635 Y106.617 E.064
M73 P2 R46
G1 X146.883 Y85.865 E2.2671
G1 X146.094 Y85.952 E.06132
G1 X167.548 Y107.406 E2.34379
G1 X167.434 Y108.168 E.05952
G1 X145.332 Y86.066 E2.41458
G1 X144.593 Y86.202 E.05805
G1 X167.298 Y108.907 E2.48046
G1 X167.139 Y109.624 E.05673
G1 X143.876 Y86.361 E2.54142
G1 X143.189 Y86.551 E.05506
G1 X166.949 Y110.311 E2.59572
G1 X166.743 Y110.98 E.05407
G1 X142.517 Y86.754 E2.64662
G1 X141.87 Y86.983 E.05302
G1 X166.52 Y111.634 E2.693
G1 X166.273 Y112.262 E.05213
G1 X141.236 Y87.225 E2.73522
G1 X140.625 Y87.49 E.05145
G1 X166.012 Y112.877 E2.77346
G1 X165.729 Y113.47 E.05076
M73 P3 R46
G1 X140.03 Y87.771 E2.80755
G1 X139.447 Y88.064 E.0504
G1 X165.436 Y114.053 E2.83923
G1 X165.119 Y114.612 E.04964
G1 X138.888 Y88.381 E2.86567
G1 X138.341 Y88.71 E.04931
G1 X164.79 Y115.159 E2.88948
G1 X164.45 Y115.694 E.04897
G1 X137.806 Y89.05 E2.91078
G1 X137.289 Y89.409 E.04862
M73 P3 R45
G1 X164.087 Y116.207 E2.92761
G1 X163.716 Y116.713 E.04847
G1 X136.79 Y89.787 E2.94159
G1 X136.3 Y90.173 E.04819
G1 X163.327 Y117.2 E2.95263
G1 X162.924 Y117.672 E.04794
M73 P4 R45
G1 X135.828 Y90.576 E2.96016
G1 X135.37 Y90.994 E.0479
G1 X162.506 Y118.13 E2.96453
G1 X162.079 Y118.579 E.04787
G1 X134.921 Y91.421 E2.96694
G1 X134.494 Y91.87 E.04787
G1 X161.63 Y119.006 E2.96453
G1 X161.173 Y119.425 E.0479
G1 X134.076 Y92.328 E2.96027
G1 X133.673 Y92.8 E.04794
G1 X160.699 Y119.827 E2.95257
G1 X160.211 Y120.215 E.04816
G1 X133.284 Y93.288 E2.9417
G1 X132.913 Y93.793 E.04841
G1 X159.707 Y120.587 E2.92717
G1 X159.195 Y120.95 E.04848
M73 P5 R45
G1 X132.55 Y94.306 E2.91084
G1 X132.21 Y94.841 E.04897
G1 X158.663 Y121.294 E2.88992
G1 X158.112 Y121.619 E.04942
G1 X131.881 Y95.388 E2.86567
G1 X131.564 Y95.948 E.04971
G1 X157.549 Y121.932 E2.83874
G1 X156.973 Y122.232 E.05017
G1 X131.271 Y96.53 E2.80787
G1 X130.99 Y97.125 E.05083
G1 X156.374 Y122.509 E2.77313
G1 X155.762 Y122.773 E.05149
M73 P5 R44
G1 X130.725 Y97.735 E2.73528
G1 X130.479 Y98.366 E.05232
G1 X155.134 Y123.02 E2.69344
G1 X154.48 Y123.243 E.05338
M73 P6 R44
G1 X130.257 Y99.02 E2.6463
G1 X130.051 Y99.689 E.05407
G1 X153.811 Y123.449 E2.59572
G1 X153.124 Y123.639 E.05506
G1 X129.861 Y100.376 E2.54142
G1 X129.702 Y101.093 E.05673
G1 X152.407 Y123.798 E2.48046
G1 X151.672 Y123.938 E.0578
G1 X129.566 Y101.832 E2.41502
G1 X129.452 Y102.594 E.05952
G1 X150.905 Y124.047 E2.34368
G1 X150.112 Y124.13 E.06159
G1 X129.365 Y103.383 E2.26655
G1 X129.316 Y104.21 E.064
G1 X149.29 Y124.184 E2.18211
G1 X148.433 Y124.202 E.06622
G1 X129.298 Y105.067 E2.09045
G1 X129.321 Y105.967 E.06955
G1 X147.533 Y124.179 E1.98961
G1 X146.585 Y124.106 E.07345
M73 P7 R44
G1 X129.394 Y106.915 E1.87807
G1 X129.521 Y107.918 E.0781
G1 X145.582 Y123.979 E1.75462
G1 X144.512 Y123.785 E.084
G1 X129.715 Y108.988 E1.61653
G1 X129.865 Y109.643 E.05191
G1 X130.008 Y110.157 E.04121
G1 X143.343 Y123.492 E1.45681
G1 X142.885 Y123.365 E.03672
G1 X142.066 Y123.091 E.06671
G1 X130.409 Y111.434 E1.2735
G1 X130.822 Y112.504 E.0886
G1 X131.006 Y112.908 E.03429
G1 X140.6 Y122.501 E1.04806
G1 X139.484 Y121.956 E.09594
G1 X138.782 Y121.559 E.0623
G1 X131.941 Y114.718 E.74736
G1 X132.579 Y115.739 E.093
G1 X133.163 Y116.557 E.07764
G1 X133.789 Y117.344 E.07768
G1 X134.457 Y118.1 E.07793
G1 X134.748 Y118.401 E.03234
G1 X137.219 Y120.872 E.26995
M106 S127.5
;LAYER_CHANGE
;Z:0.7
;HEIGHT:0.4

G1 E-8 F1500
G1 Z.7 F3000
;AFTER_LAYER_CHANGE
;0.7
G92 E0
_ON_LAYER_CHANGE LAYER=2
G1 Z.9
G1 X148.508 Y85.338 F12000
G1 Z.7 F3000
G1 E10 F1500
;TYPE:External perimeter
;WIDTH:0.675
G1 F509.2
G1 X148.533 Y85.338 E.00245
G1 X149.529 Y85.365 E.09762
G1 X150.555 Y85.445 E.10083
G1 X151.576 Y85.58 E.10091
G1 X152.588 Y85.767 E.10083
G1 X153.59 Y86.008 E.10097
G1 X154.247 Y86.196 E.06695
G1 X155.225 Y86.523 E.10104
G1 X156.183 Y86.901 E.1009
G1 X157.119 Y87.328 E.1008
G1 X158.033 Y87.803 E.10092
G1 X158.921 Y88.326 E.10097
G1 X159.494 Y88.698 E.06693
G1 X160.334 Y89.298 E.10114
G1 X160.9 Y89.741 E.07042
G1 X161.657 Y90.388 E.09757
G1 X162.404 Y91.098 E.10097
G1 X162.879 Y91.589 E.06693
G1 X163.562 Y92.361 E.10099
G1 X164.203 Y93.167 E.1009
G1 X164.801 Y94.005 E.10087
G1 X165.354 Y94.873 E.10084
G1 X165.861 Y95.769 E.10087
G1 X166.32 Y96.69 E.10082
G1 X166.731 Y97.636 E.10106
G1 X166.976 Y98.274 E.06696
G1 X167.303 Y99.251 E.10094
G1 X167.578 Y100.243 E.10086
G1 X167.801 Y101.248 E.10086
G1 X167.971 Y102.265 E.10103
G1 X168.055 Y102.943 E.06694
G1 X168.135 Y103.971 E.10103
G1 X168.162 Y105 E.10085
G1 X168.135 Y106.03 E.10095
G1 X168.088 Y106.712 E.06698
G1 X167.971 Y107.736 E.10098
G1 X167.801 Y108.752 E.10093
G1 X167.578 Y109.757 E.10086
G1 X167.303 Y110.749 E.10086
G1 X166.977 Y111.725 E.10082
G1 X166.599 Y112.684 E.101
G1 X166.321 Y113.308 E.06693
G1 X165.861 Y114.231 E.10104
G1 X165.354 Y115.127 E.10087
G1 X164.801 Y115.995 E.10084
G1 X164.202 Y116.834 E.101
G1 X163.782 Y117.373 E.06695
G1 X163.112 Y118.157 E.10104
G1 X162.402 Y118.904 E.10097
G1 X161.911 Y119.379 E.06693
G1 X161.139 Y120.062 E.10099
G1 X160.333 Y120.703 E.1009
G1 X159.494 Y121.302 E.101
G1 X158.891 Y121.692 E.07036
G1 X158.033 Y122.197 E.09754
G1 X157.119 Y122.672 E.10092
G1 X156.183 Y123.099 E.1008
G1 X155.225 Y123.477 E.1009
G1 X154.247 Y123.804 E.10104
G1 X153.59 Y123.992 E.06695
G1 X152.588 Y124.233 E.10097
M73 P7 R43
G1 X151.576 Y124.42 E.10083
G1 X150.555 Y124.555 E.10091
G1 X149.529 Y124.635 E.10083
G1 X148.5 Y124.662 E.10085
G1 X147.471 Y124.635 E.10085
G1 X146.443 Y124.555 E.10103
G1 X145.765 Y124.471 E.06694
G1 X144.748 Y124.301 E.10103
G1 X143.743 Y124.078 E.10086
G1 X142.751 Y123.803 E.10086
G1 X141.774 Y123.476 E.10094
G1 X141.104 Y123.218 E.07034
G1 X140.19 Y122.82 E.09767
G1 X139.269 Y122.361 E.10082
G1 X138.373 Y121.854 E.10087
G1 X137.505 Y121.301 E.10084
G1 X136.666 Y120.702 E.101
G1 X136.127 Y120.281 E.06701
G1 X135.343 Y119.612 E.10098
G1 X134.597 Y118.903 E.10084
G1 X133.888 Y118.157 E.10084
G1 X133.219 Y117.373 E.10098
G1 X132.798 Y116.834 E.06701
G1 X132.199 Y115.995 E.101
G1 X131.646 Y115.127 E.10084
G1 X131.138 Y114.23 E.101
G1 X130.828 Y113.621 E.06695
G1 X130.401 Y112.683 E.10098
G1 X130.023 Y111.725 E.1009
G1 X129.696 Y110.747 E.10104
G1 X129.508 Y110.09 E.06695
G1 X129.267 Y109.088 E.10097
G1 X129.08 Y108.076 E.10083
G1 X128.945 Y107.055 E.10091
G1 X128.865 Y106.029 E.10083
G1 X128.838 Y105 E.10085
G1 X128.865 Y103.971 E.10085
G1 X128.945 Y102.945 E.10083
G1 X129.08 Y101.924 E.10091
G1 X129.268 Y100.911 E.10095
G1 X129.421 Y100.245 E.06695
G1 X129.697 Y99.251 E.10107
G1 X130.023 Y98.275 E.10082
M73 P8 R43
G1 X130.401 Y97.317 E.1009
G1 X130.828 Y96.379 E.10098
G1 X131.155 Y95.74 E.07033
G1 X131.646 Y94.873 E.09762
G1 X132.199 Y94.005 E.10084
G1 X132.798 Y93.166 E.101
G1 X133.241 Y92.6 E.07042
G1 X133.888 Y91.843 E.09757
G1 X134.597 Y91.097 E.10084
G1 X135.343 Y90.388 E.10084
G1 X136.126 Y89.719 E.1009
G1 X136.944 Y89.092 E.10098
G1 X137.533 Y88.681 E.07037
G1 X138.373 Y88.146 E.09758
G1 X139.269 Y87.639 E.10087
G1 X140.19 Y87.18 E.10082
G1 X141.136 Y86.769 E.10106
G1 X141.774 Y86.524 E.06696
G1 X142.751 Y86.197 E.10094
G1 X143.743 Y85.922 E.10086
G1 X144.748 Y85.699 E.10086
G1 X145.764 Y85.529 E.10093
G1 X146.786 Y85.412 E.10079
G1 X147.815 Y85.35 E.101
G1 X148.478 Y85.339 E.06497
G1 X149.077 Y85.353 F12000
G1 X148.502 Y85.99
;TYPE:Perimeter
G1 E-10 F1500
G1 Z5.7 F300.0
G1 F12000.0
T1
G1 Z0.7 F300.0
G1 E30.0 F1500
G1 F12000.0
;WIDTH:0.8
G1 F420.075
G1 X148.53 Y85.99 E.00333
G1 X149.495 Y86.016 E.11465
G1 X150.487 Y86.094 E.11818
G1 X151.474 Y86.224 E.11823
G1 X152.452 Y86.405 E.11812
G1 X153.425 Y86.638 E.11883
G1 X154.054 Y86.819 E.07773
G1 X155.002 Y87.136 E.11872
G1 X155.928 Y87.501 E.11821
G1 X156.834 Y87.913 E.1182
G1 X157.717 Y88.373 E.11825
G1 X158.578 Y88.88 E.11867
G1 X159.127 Y89.237 E.07778
G1 X159.944 Y89.82 E.1192
G1 X160.487 Y90.245 E.08189
G1 X161.22 Y90.872 E.11456
G1 X161.946 Y91.561 E.11887
G1 X162.401 Y92.032 E.07778
G1 X163.063 Y92.78 E.11863
G1 X163.682 Y93.559 E.11817
G1 X164.26 Y94.369 E.11818
G1 X164.795 Y95.209 E.11828
G1 X165.285 Y96.075 E.11817
G1 X165.729 Y96.966 E.11823
G1 X166.128 Y97.882 E.11866
G1 X166.363 Y98.494 E.07786
G1 X166.68 Y99.442 E.11872
G1 X166.946 Y100.401 E.1182
G1 X167.161 Y101.373 E.11823
G1 X167.326 Y102.359 E.11873
G1 X167.406 Y103.009 E.07778
G1 X167.445 Y103.509 E.05956
G1 X167.511 Y105 E.17725
G1 X167.484 Y105.999 E.11869
G1 X167.439 Y106.653 E.07786
G1 X167.325 Y107.646 E.11871
G1 X167.161 Y108.627 E.11813
G1 X166.946 Y109.599 E.11823
G1 X166.68 Y110.558 E.1182
G1 X166.364 Y111.502 E.11823
G1 X165.998 Y112.432 E.1187
G1 X165.731 Y113.03 E.07778
G1 X165.285 Y113.925 E.11876
G1 X164.795 Y114.791 E.11817
G1 X164.26 Y115.631 E.11828
G1 X163.68 Y116.444 E.11861
G1 X163.277 Y116.96 E.07776
G1 X162.628 Y117.721 E.11878
G1 X161.94 Y118.446 E.1187
G1 X161.468 Y118.901 E.07786
G1 X160.72 Y119.563 E.11863
G1 X159.941 Y120.182 E.11817
G1 X159.128 Y120.763 E.11868
G1 X158.549 Y121.137 E.08186
G1 X157.717 Y121.627 E.11468
G1 X156.834 Y122.087 E.11825
G1 X155.928 Y122.499 E.1182
G1 X155.002 Y122.864 E.11821
G1 X154.054 Y123.181 E.11872
G1 X153.424 Y123.362 E.07785
G1 X152.453 Y123.595 E.11859
G1 X151.474 Y123.776 E.11824
G1 X150.487 Y123.906 E.11823
G1 X149.495 Y123.984 E.11818
G1 X148.5 Y124.011 E.11821
G1 X147.505 Y123.984 E.11821
G1 X146.509 Y123.906 E.11865
G1 X145.859 Y123.826 E.07778
G1 X144.873 Y123.661 E.11873
G1 X143.901 Y123.446 E.11823
G1 X142.942 Y123.18 E.1182
G1 X141.995 Y122.863 E.1186
G1 X141.351 Y122.615 E.08196
G1 X140.466 Y122.23 E.11462
G1 X139.575 Y121.785 E.11828
G1 X138.709 Y121.295 E.11817
G1 X137.869 Y120.76 E.11828
G1 X137.056 Y120.18 E.11861
G1 X136.54 Y119.777 E.07776
G1 X135.779 Y119.128 E.11878
G1 X135.058 Y118.442 E.1182
G1 X134.372 Y117.72 E.11828
G1 X133.723 Y116.96 E.11869
G1 X133.32 Y116.444 E.07776
G1 X132.74 Y115.631 E.11861
G1 X132.205 Y114.791 E.11828
G1 X131.713 Y113.921 E.1187
G1 X131.415 Y113.338 E.07776
G1 X131.001 Y112.428 E.11874
G1 X130.636 Y111.502 E.11821
G1 X130.319 Y110.554 E.11872
G1 X130.138 Y109.924 E.07785
G1 X129.905 Y108.952 E.11871
G1 X129.724 Y107.974 E.11812
G1 X129.594 Y106.987 E.11823
G1 X129.516 Y105.995 E.11818
G1 X129.489 Y105 E.11821
G1 X129.516 Y104.005 E.11821
G1 X129.594 Y103.013 E.11818
G1 X129.724 Y102.026 E.11823
G1 X129.906 Y101.043 E.11873
G1 X130.053 Y100.405 E.07776
G1 X130.32 Y99.442 E.11869
G1 X130.636 Y98.498 E.11823
G1 X131.001 Y97.572 E.11821
G1 X131.415 Y96.663 E.11863
G1 X131.729 Y96.049 E.0819
G1 X132.205 Y95.209 E.11467
G1 X132.74 Y94.369 E.11828
G1 X133.32 Y93.556 E.11861
G1 X133.745 Y93.013 E.08189
G1 X134.372 Y92.28 E.11456
G1 X135.058 Y91.558 E.11828
G1 X135.779 Y90.872 E.1182
G1 X136.536 Y90.226 E.11819
G1 X137.329 Y89.618 E.11868
G1 X137.894 Y89.223 E.08187
G1 X138.709 Y88.705 E.11469
G1 X139.575 Y88.215 E.11817
G1 X140.466 Y87.771 E.11823
G1 X141.382 Y87.372 E.11866
G1 X141.994 Y87.137 E.07786
G1 X142.942 Y86.82 E.11872
G1 X143.901 Y86.554 E.1182
G1 X144.873 Y86.339 E.11823
G1 X145.854 Y86.175 E.11813
G1 X146.843 Y86.062 E.11822
G1 X147.84 Y86.001 E.11863
G1 X148.472 Y85.991 E.07507
G1 X148.496 Y86.704 F12000
G1 F420.075
G1 X148.526 Y86.704 E.00356
G1 X149.457 Y86.729 E.11061
G1 X150.412 Y86.804 E.11377
G1 X151.362 Y86.929 E.1138
G1 X152.304 Y87.104 E.11379
G1 X153.243 Y87.329 E.11468
G1 X153.842 Y87.501 E.07402
G1 X154.758 Y87.807 E.1147
G1 X155.649 Y88.158 E.11373
G1 X156.52 Y88.556 E.11373
G1 X157.37 Y88.998 E.11378
G1 X158.202 Y89.488 E.11468
G1 X158.725 Y89.828 E.07409
G1 X159.516 Y90.392 E.11538
G1 X160.034 Y90.798 E.07817
G1 X160.742 Y91.403 E.1106
G1 X161.443 Y92.068 E.11476
G1 X161.876 Y92.517 E.07408
G1 X162.516 Y93.239 E.11459
G1 X163.112 Y93.989 E.11377
G1 X163.668 Y94.769 E.11376
G1 X164.183 Y95.577 E.1138
G1 X164.654 Y96.41 E.11365
G1 X165.082 Y97.268 E.11388
G1 X165.467 Y98.153 E.11462
G1 X165.69 Y98.735 E.07402
G1 X165.997 Y99.651 E.11474
G1 X166.253 Y100.574 E.11376
G1 X166.46 Y101.509 E.11373
G1 X166.568 Y102.153 E.07755
G1 X166.657 Y102.771 E.07415
G1 X166.733 Y103.565 E.09473
G1 X166.796 Y105 E.17059
G1 X166.771 Y105.965 E.11465
G1 X166.727 Y106.587 E.07406
G1 X166.618 Y107.546 E.11463
G1 X166.46 Y108.491 E.11379
G1 X166.253 Y109.426 E.11373
G1 X165.997 Y110.349 E.11376
G1 X165.693 Y111.258 E.11383
G1 X165.339 Y112.156 E.11464
G1 X165.085 Y112.726 E.07411
G1 X164.655 Y113.589 E.11451
G1 X164.183 Y114.423 E.11381
G1 X163.668 Y115.231 E.1138
G1 X163.108 Y116.017 E.11462
G1 X162.724 Y116.508 E.07403
G1 X162.097 Y117.242 E.11465
G1 X161.432 Y117.943 E.11476
G1 X160.983 Y118.376 E.07408
G1 X160.261 Y119.016 E.11459
G1 X159.511 Y119.612 E.11377
G1 X158.726 Y120.172 E.11452
G1 X158.173 Y120.53 E.07824
G1 X157.371 Y121.002 E.11052
G1 X156.52 Y121.444 E.11389
G1 X155.649 Y121.842 E.11373
G1 X154.758 Y122.193 E.11373
G1 X153.842 Y122.499 E.1147
G1 X153.243 Y122.671 E.07402
G1 X152.304 Y122.896 E.11468
G1 X151.362 Y123.071 E.11379
G1 X150.412 Y123.196 E.1138
G1 X149.458 Y123.271 E.11365
G1 X148.5 Y123.296 E.11382
G1 X147.542 Y123.271 E.11382
G1 X146.58 Y123.195 E.11461
G1 X145.961 Y123.119 E.07407
M73 P9 R43
G1 X145.009 Y122.96 E.11463
G1 X144.074 Y122.753 E.11373
G1 X143.151 Y122.497 E.11376
G1 X142.236 Y122.191 E.11459
G1 X141.622 Y121.954 E.07817
G1 X140.768 Y121.582 E.11063
G1 X139.91 Y121.154 E.11388
G1 X139.077 Y120.683 E.11365
G1 X138.269 Y120.168 E.1138
G1 X137.483 Y119.608 E.11462
G1 X136.992 Y119.224 E.07403
G1 X136.258 Y118.597 E.11465
G1 X135.563 Y117.937 E.11383
G1 X134.903 Y117.242 E.11383
G1 X134.276 Y116.508 E.11465
G1 X133.892 Y116.017 E.07403
G1 X133.332 Y115.231 E.11462
G1 X132.817 Y114.423 E.1138
G1 X132.342 Y113.583 E.11461
G1 X132.059 Y113.027 E.0741
G1 X131.658 Y112.149 E.11464
G1 X131.307 Y111.258 E.11373
G1 X131.001 Y110.342 E.1147
G1 X130.829 Y109.743 E.07402
G1 X130.604 Y108.804 E.11468
G1 X130.429 Y107.862 E.11379
G1 X130.304 Y106.912 E.1138
G1 X130.229 Y105.958 E.11365
G1 X130.204 Y105 E.11382
G1 X130.229 Y104.042 E.11382
G1 X130.304 Y103.088 E.11365
G1 X130.429 Y102.138 E.1138
G1 X130.605 Y101.189 E.11463
G1 X130.745 Y100.581 E.0741
G1 X131.003 Y99.651 E.11462
G1 X131.307 Y98.742 E.11383
G1 X131.658 Y97.851 E.11373
G1 X132.058 Y96.974 E.11448
G1 X132.358 Y96.388 E.07819
G1 X132.817 Y95.577 E.11067
G1 X133.332 Y94.769 E.1138
G1 X133.892 Y93.984 E.11452
G1 X134.298 Y93.466 E.07817
G1 X134.903 Y92.758 E.1106
G1 X135.563 Y92.063 E.11383
G1 X136.258 Y91.403 E.11383
G1 X136.986 Y90.781 E.11372
G1 X137.751 Y90.194 E.11452
G1 X138.29 Y89.817 E.07812
G1 X139.076 Y89.317 E.11064
G1 X139.91 Y88.846 E.11375
G1 X140.768 Y88.418 E.11388
G1 X141.653 Y88.033 E.11462
G1 X142.235 Y87.81 E.07402
G1 X143.151 Y87.503 E.11474
G1 X144.074 Y87.247 E.11376
G1 X145.009 Y87.04 E.11373
G1 X145.954 Y86.882 E.11379
G1 X146.905 Y86.774 E.11367
G1 X147.868 Y86.715 E.11459
G1 X148.466 Y86.705 E.07103
G1 X148.489 Y87.419 F12000
G1 F420.075
G1 X148.522 Y87.418 E.00392
G1 X149.419 Y87.442 E.10657
G1 X150.338 Y87.515 E.10949
G1 X151.25 Y87.635 E.10925
G1 X152.155 Y87.803 E.10932
G1 X153.061 Y88.02 E.11064
G1 X153.63 Y88.183 E.0703
G1 X154.513 Y88.479 E.11061
G1 X155.37 Y88.816 E.10937
G1 X156.207 Y89.198 E.10927
G1 X157.024 Y89.623 E.10937
G1 X157.826 Y90.095 E.11052
G1 X158.323 Y90.418 E.0704
G1 X159.088 Y90.964 E.11162
G1 X159.582 Y91.35 E.07446
G1 X160.264 Y91.934 E.10664
G1 X160.94 Y92.575 E.11064
G1 X161.351 Y93.001 E.0703
G1 X161.968 Y93.699 E.11064
G1 X162.541 Y94.419 E.10929
G1 X163.076 Y95.168 E.10932
G1 X163.57 Y95.945 E.10935
G1 X164.024 Y96.746 E.10935
G1 X164.434 Y97.57 E.10931
G1 X164.806 Y98.423 E.11052
G1 X165.018 Y98.977 E.07045
G1 X165.313 Y99.86 E.11057
G1 X165.559 Y100.747 E.10932
G1 X165.759 Y101.645 E.10926
G1 X165.863 Y102.271 E.07537
G1 X165.948 Y102.858 E.07044
G1 X166.021 Y103.621 E.09103
G1 X166.082 Y105 E.16394
G1 X166.057 Y105.931 E.11061
G1 X166.016 Y106.522 E.07036
G1 X165.911 Y107.447 E.11056
G1 X165.759 Y108.355 E.10934
G1 X165.559 Y109.253 E.10926
G1 X165.313 Y110.14 E.10932
G1 X165.021 Y111.013 E.10933
G1 X164.68 Y111.88 E.11065
G1 X164.439 Y112.421 E.07034
G1 X164.024 Y113.254 E.11053
G1 X163.57 Y114.055 E.10935
G1 X163.076 Y114.832 E.10935
G1 X162.535 Y115.59 E.1106
G1 X162.17 Y116.056 E.0703
G1 X161.566 Y116.764 E.11053
G1 X160.925 Y117.44 E.11064
G1 X160.499 Y117.851 E.0703
G1 X159.801 Y118.468 E.11064
G1 X159.081 Y119.041 E.10929
G1 X158.324 Y119.581 E.11044
G1 X157.798 Y119.922 E.07445
G1 X157.024 Y120.377 E.10663
G1 X156.207 Y120.802 E.10937
G1 X155.37 Y121.184 E.10927
G1 X154.513 Y121.521 E.10937
G1 X153.63 Y121.817 E.11061
G1 X153.061 Y121.98 E.0703
G1 X152.155 Y122.197 E.11064
G1 X151.25 Y122.365 E.10932
G1 X150.338 Y122.485 E.10925
G1 X149.42 Y122.558 E.10937
G1 X148.5 Y122.582 E.1093
G1 X147.58 Y122.558 E.1093
G1 X146.652 Y122.485 E.11055
G1 X146.064 Y122.412 E.07037
G1 X145.145 Y122.259 E.11065
G1 X144.247 Y122.059 E.10926
G1 X143.36 Y121.813 E.10932
G1 X142.478 Y121.519 E.11042
G1 X141.893 Y121.293 E.07448
G1 X141.07 Y120.935 E.10659
G1 X140.246 Y120.524 E.10936
G1 X139.445 Y120.07 E.10935
G1 X138.668 Y119.576 E.10935
G1 X137.91 Y119.035 E.1106
G1 X137.443 Y118.67 E.07039
G1 X136.736 Y118.066 E.11044
G1 X136.068 Y117.432 E.10938
G1 X135.434 Y116.764 E.10938
G1 X134.83 Y116.057 E.11044
G1 X134.465 Y115.59 E.07039
G1 X133.924 Y114.832 E.1106
G1 X133.43 Y114.055 E.10935
G1 X132.971 Y113.245 E.11057
G1 X132.702 Y112.717 E.07038
G1 X132.316 Y111.87 E.11055
G1 X131.979 Y111.013 E.10937
G1 X131.683 Y110.13 E.11061
G1 X131.52 Y109.561 E.0703
G1 X131.303 Y108.655 E.11064
G1 X131.135 Y107.75 E.10932
G1 X131.015 Y106.838 E.10925
G1 X130.942 Y105.92 E.10937
G1 X130.918 Y105 E.1093
G1 X130.942 Y104.08 E.1093
G1 X131.015 Y103.162 E.10937
G1 X131.135 Y102.25 E.10925
G1 X131.304 Y101.334 E.11062
G1 X131.438 Y100.757 E.07035
G1 X131.687 Y99.86 E.11056
G1 X131.979 Y98.987 E.10933
G1 X132.316 Y98.13 E.10937
G1 X132.701 Y97.284 E.11039
G1 X132.987 Y96.726 E.07447
G1 X133.429 Y95.945 E.10658
G1 X133.924 Y95.168 E.10942
G1 X134.464 Y94.412 E.11034
G1 X134.85 Y93.918 E.07446
G1 X135.434 Y93.236 E.10664
G1 X136.068 Y92.568 E.10938
G1 X136.736 Y91.934 E.10938
G1 X137.435 Y91.336 E.10925
G1 X138.173 Y90.771 E.11039
G1 X138.687 Y90.412 E.07446
G1 X139.444 Y89.93 E.10658
G1 X140.246 Y89.476 E.10945
G1 X141.07 Y89.066 E.10931
G1 X141.923 Y88.694 E.11052
G1 X142.477 Y88.482 E.07045
G1 X143.36 Y88.187 E.11057
G1 X144.247 Y87.941 E.10932
G1 X145.145 Y87.741 E.10926
G1 X146.053 Y87.589 E.10934
G1 X146.968 Y87.485 E.10937
G1 X147.895 Y87.428 E.1103
G1 X148.459 Y87.419 E.06699
G1 E-8 F1500
G1 Z.9 F3000
G1 X136.946 Y92.168 F12000
G1 Z.7 F3000
G1 E10 F1500
;TYPE:Solid infill
G1 E-10 F1500
G1 Z5.7 F300.0
G1 F12000.0
T0
G1 Z0.7 F300.0
G1 E12.0 F1500
G1 F12000.0
;WIDTH:0.595841
G1 F588.235
G1 X135.667 Y93.446 E.15335
G1 X136.735 Y92.373 E.1284
G1 E-8 F1500
G1 Z.9 F3000
G1 X139.317 Y90.528 F12000
G1 Z.7 F3000
G1 E10 F1500
G1 F588.235
G1 X139.272 Y90.483 E.0054
G1 X139.211 Y90.5 E.00537
G1 X139.194 Y90.561 E.00537
G1 X139.239 Y90.606 E.0054
G1 X139.301 Y90.59 E.00543
;WIDTH:0.63542
G1 F545.872
G1 X139.07 Y90.736 E.02498
;WIDTH:0.675
G1 F509.2
G1 X138.839 Y90.883 E.02683
G1 X134.386 Y95.335 E.61694
G1 X134.248 Y95.535 E.02381
M73 P9 R42
;WIDTH:0.63542
G1 F545.872
G1 X134.109 Y95.735 E.02226
;WIDTH:0.595841
G1 F588.235
G1 X134.064 Y95.69 E.0054
G1 X134.003 Y95.707 E.00537
G1 X133.986 Y95.768 E.00537
G1 X134.031 Y95.813 E.0054
G1 X134.093 Y95.797 E.00543
G1 E-8 F1500
G1 Z.9 F3000
G1 X132.946 Y97.823 F12000
G1 Z.7 F3000
G1 E10 F1500
G1 F588.235
G1 X132.884 Y97.839 E.00543
G1 X132.839 Y97.794 E.0054
G1 X132.855 Y97.733 E.00535
G1 X132.917 Y97.716 E.00545
G1 X132.962 Y97.761 E.0054
;WIDTH:0.63542
G1 F545.872
G1 X133.078 Y97.561 E.02113
;WIDTH:0.675
G1 F509.2
G1 X133.194 Y97.361 E.02265
G1 X140.852 Y89.703 E1.0611
G1 E-8 F1500
M73 P10 R42
G1 Z.9 F3000
G1 X142.351 Y89.037 F12000
G1 Z.7 F3000
G1 E10 F1500
G1 F509.2
G1 X132.543 Y98.845 E1.35901
G1 X132.441 Y99.045 E.022
;WIDTH:0.63542
G1 F545.872
G1 X132.338 Y99.245 E.02056
;WIDTH:0.595841
G1 F588.235
G1 X132.293 Y99.2 E.0054
G1 X132.232 Y99.216 E.00535
G1 X132.215 Y99.278 E.00545
G1 X132.26 Y99.323 E.0054
G1 X132.322 Y99.307 E.00543
G1 E-8 F1500
G1 Z.9 F3000
G1 X131.631 Y101.047 F12000
G1 Z.7 F3000
G1 E10 F1500
G1 F588.235
G1 X131.815 Y100.345 E.06155
;WIDTH:0.63542
G1 F545.872
G1 X131.961 Y100.23 E.01699
;WIDTH:0.675
G1 F509.2
G1 X132.107 Y100.114 E.01827
G1 X143.614 Y88.607 E1.59442
G1 X143.845 Y88.315 E.03648
;WIDTH:0.595841
G1 F588.235
G1 X144.542 Y88.135 E.06105
;WIDTH:0.63542
G1 F545.872
G1 X144.64 Y88.226 E.01222
;WIDTH:0.675
G1 F509.2
G1 X144.738 Y88.316 E.01304
G1 X131.811 Y101.243 E1.79118
G1 X131.611 Y102.277 E.10319
G1 X145.771 Y88.116 E1.9621
G1 X146.733 Y87.988 E.09509
G1 X131.483 Y103.237 E2.11299
G1 X131.414 Y104.14 E.08873
G1 X147.636 Y87.918 E2.24774
G1 X148.487 Y87.9 E.0834
G1 X131.392 Y104.995 E2.3687
G1 X131.413 Y105.808 E.07968
G1 X149.308 Y87.913 E2.47955
G1 X150.084 Y87.969 E.07623
G1 X131.469 Y106.584 E2.57932
G1 X131.557 Y107.33 E.0736
G1 X150.83 Y88.057 E2.67049
G1 X151.549 Y88.171 E.07133
M73 P11 R42
G1 X131.671 Y108.049 E2.75432
G1 X131.81 Y108.743 E.06935
G1 X152.243 Y88.31 E2.83122
G1 X152.915 Y88.471 E.0677
G1 X131.971 Y109.415 E2.90202
G1 X132.159 Y110.061 E.06592
G1 X153.561 Y88.659 E2.96549
G1 X154.185 Y88.868 E.06448
G1 X132.368 Y110.685 E3.02299
G1 X132.596 Y111.29 E.06335
G1 X154.79 Y89.096 E3.07523
G1 X155.379 Y89.34 E.06246
G1 X132.84 Y111.879 E3.12303
G1 X133.101 Y112.451 E.0616
G1 X155.951 Y89.601 E3.16612
G1 X156.501 Y89.884 E.0606
M73 P12 R41
G1 X133.38 Y113.005 E3.20367
G1 X133.681 Y113.538 E.05997
G1 X157.038 Y90.18 E3.23644
G1 X157.563 Y90.489 E.05969
G1 X133.993 Y114.059 E3.26589
G1 X134.317 Y114.568 E.05912
G1 X158.068 Y90.817 E3.29097
G1 X158.554 Y91.164 E.05851
G1 X134.664 Y115.054 E3.31023
G1 X135.02 Y115.532 E.05839
G1 X159.031 Y91.52 E3.32706
G1 X159.49 Y91.895 E.05807
G1 X135.395 Y115.99 E3.33863
G1 X135.779 Y116.439 E.05789
M73 P13 R41
G1 X159.939 Y92.279 E3.34764
G1 X160.367 Y92.684 E.05773
G1 X136.184 Y116.867 E3.35082
G1 X136.6 Y117.285 E.05778
G1 X160.787 Y93.098 E3.35138
G1 X161.187 Y93.53 E.05768
G1 X137.027 Y117.69 E3.34764
G1 X137.475 Y118.075 E.05788
G1 X161.579 Y93.972 E3.33981
G1 X161.949 Y94.435 E.05807
G1 X137.932 Y118.452 E3.32782
G1 X138.408 Y118.809 E.0583
G1 X162.309 Y94.908 E3.31175
G1 X162.656 Y95.394 E.05851
M73 P14 R41
G1 X138.894 Y119.156 E3.29249
G1 X139.401 Y119.482 E.05906
M73 P14 R40
G1 X162.982 Y95.901 E3.26741
G1 X163.296 Y96.421 E.05952
G1 X139.921 Y119.796 E3.23887
G1 X140.453 Y120.097 E.05989
G1 X163.597 Y96.953 E3.20686
G1 X163.875 Y97.508 E.06082
G1 X141.008 Y120.375 E3.16848
G1 X141.577 Y120.639 E.06146
G1 X164.139 Y98.077 E3.12622
G1 X164.39 Y98.66 E.06219
G1 X142.16 Y120.889 E3.08015
G1 X142.766 Y121.116 E.0634
G1 X164.616 Y99.266 E3.02756
G1 X164.825 Y99.891 E.06457
M73 P15 R40
G1 X143.391 Y121.325 E2.96992
G1 X144.038 Y121.511 E.06596
G1 X165.011 Y100.538 E2.90604
G1 X165.177 Y101.206 E.06744
G1 X144.706 Y121.677 E2.83649
G1 X145.395 Y121.821 E.06897
G1 X165.321 Y101.895 E2.76097
G1 X165.44 Y102.608 E.07082
G1 X146.108 Y121.94 E2.67866
G1 X146.856 Y122.026 E.07377
G1 X165.526 Y103.356 E2.58694
G1 X165.586 Y104.129 E.07596
G1 X147.629 Y122.086 E2.48814
G1 X148.441 Y122.107 E.07958
G1 X165.607 Y104.941 E2.37854
G1 X165.588 Y105.794 E.0836
M73 P16 R40
G1 X149.294 Y122.088 E2.25772
G1 X150.192 Y122.022 E.08822
G1 X165.52 Y106.694 E2.12387
G1 X165.397 Y107.651 E.09454
M73 P16 R39
G1 X151.146 Y121.902 E1.97464
G1 X152.175 Y121.706 E.10263
G1 X165.202 Y108.679 E1.80504
G1 X165.373 Y108.924 E.02927
;WIDTH:0.595841
G1 F588.235
G1 X165.21 Y109.565 E.0561
;WIDTH:0.675
G1 F509.2
G1 X164.918 Y109.796 E.03648
G1 X153.293 Y121.421 E1.61077
G1 X154.193 Y121.247 E.08981
;WIDTH:0.595841
G1 F588.235
G1 X154.148 Y121.202 E.0054
G1 X154.086 Y121.218 E.00543
G1 X154.07 Y121.28 E.00543
G1 X154.115 Y121.325 E.0054
G1 X154.177 Y121.308 E.00545
;WIDTH:0.63542
G1 F545.872
G1 X154.362 Y121.154 E.022
;WIDTH:0.675
G1 F509.2
G1 X154.548 Y120.999 E.02372
G1 X164.499 Y111.048 E1.37882
G1 X164.656 Y110.859 E.02407
;WIDTH:0.63542
G1 F545.872
G1 X164.812 Y110.67 E.0224
;WIDTH:0.595841
G1 F588.235
G1 X164.75 Y110.686 E.00543
G1 X164.705 Y110.641 E.0054
G1 X164.722 Y110.58 E.00537
G1 X164.783 Y110.563 E.00537
G1 X164.828 Y110.608 E.0054
G1 E-8 F1500
G1 Z.9 F3000
G1 X164.217 Y112.086 F12000
G1 Z.7 F3000
G1 E10 F1500
G1 F588.235
G1 X164.171 Y112.041 E.00546
G1 X164.11 Y112.057 E.00535
G1 X164.093 Y112.119 E.00545
G1 X164.138 Y112.164 E.0054
G1 X164.2 Y112.147 E.00545
;WIDTH:0.63542
G1 F545.872
G1 X164.031 Y112.333 E.02297
;WIDTH:0.675
G1 F509.2
G1 X156.008 Y120.373 E1.11285
G1 X155.83 Y120.509 E.02195
;WIDTH:0.63542
G1 F545.872
G1 X155.653 Y120.646 E.02046
;WIDTH:0.595841
G1 F588.235
G1 X155.608 Y120.601 E.0054
G1 X155.546 Y120.617 E.00543
G1 X155.529 Y120.679 E.00545
G1 X155.575 Y120.724 E.00546
G1 X155.636 Y120.707 E.00537
G1 E-8 F1500
G1 Z.9 F3000
G1 X157.59 Y119.628 F12000
G1 Z.7 F3000
G1 E10 F1500
G1 F588.235
G1 X157.528 Y119.645 E.00545
G1 X157.483 Y119.6 E.0054
G1 X157.499 Y119.538 E.00543
G1 X157.561 Y119.522 E.00543
G1 X157.606 Y119.567 E.0054
;WIDTH:0.63542
G1 F545.872
G1 X157.784 Y119.41 E.02169
;WIDTH:0.675
G1 F509.2
G1 X157.961 Y119.253 E.02318
G1 X162.938 Y114.28 E.68934
;WIDTH:0.63542
G1 F545.872
G1 X163.127 Y114.094 E.02424
;WIDTH:0.595841
G1 F588.235
G1 X163.066 Y114.111 E.00537
G1 X163.021 Y114.066 E.0054
G1 X163.037 Y114.004 E.00543
G1 X163.099 Y113.988 E.00543
G1 X163.144 Y114.033 E.0054
G1 E-8 F1500
G1 Z.9 F3000
G1 X162.322 Y115.432 F12000
G1 Z.7 F3000
G1 E10 F1500
G1 F588.235
G1 X161.315 Y116.539 E.12692
G1 X160.677 Y117.194 E.07755
G1 X159.598 Y118.226 E.12663
G1 X158.827 Y118.91 E.08742
M106 S255
;LAYER_CHANGE
;Z:1.1
;HEIGHT:0.4

G1 E-8 F1500
G1 Z1.1 F3000
;AFTER_LAYER_CHANGE
;1.1
G92 E0
_ON_LAYER_CHANGE LAYER=3
G1 Z1.3
G1 X148.508 Y85.339 F12000
G1 Z1.1 F3000
G1 E10 F1500
;TYPE:External perimeter
;WIDTH:0.675
G1 F509.2
G1 X148.561 Y85.338 E.00519
G1 X149.529 Y85.365 E.09488
G1 X150.555 Y85.445 E.10083
G1 X151.576 Y85.58 E.10091
G1 X152.589 Y85.768 E.10095
G1 X153.255 Y85.921 E.06695
G1 X154.249 Y86.197 E.10107
G1 X155.225 Y86.523 E.10082
G1 X156.183 Y86.901 E.1009
G1 X157.12 Y87.328 E.10089
G1 X157.784 Y87.668 E.07309
G1 X158.627 Y88.146 E.09495
G1 X159.496 Y88.7 E.10097
G1 X160.056 Y89.092 E.06697
G1 X160.874 Y89.719 E.10098
G1 X161.657 Y90.388 E.1009
G1 X162.404 Y91.097 E.10091
G1 X162.921 Y91.635 E.07311
G1 X163.562 Y92.361 E.09489
G1 X164.203 Y93.167 E.1009
G1 X164.801 Y94.005 E.10087
G1 X165.354 Y94.873 E.10084
G1 X165.862 Y95.77 E.101
G1 X166.172 Y96.379 E.06695
G1 X166.6 Y97.319 E.1012
G1 X166.856 Y97.952 E.0669
G1 X167.2 Y98.924 E.10102
G1 X167.492 Y99.911 E.10085
G1 X167.733 Y100.912 E.10088
G1 X167.92 Y101.924 E.10083
G1 X168.055 Y102.945 E.10091
G1 X168.135 Y103.971 E.10083
G1 X168.162 Y105 E.10085
G1 X168.135 Y106.03 E.10095
G1 X168.088 Y106.712 E.06698
G1 X167.971 Y107.736 E.10098
G1 X167.801 Y108.752 E.10093
G1 X167.578 Y109.757 E.10086
G1 X167.303 Y110.749 E.10086
G1 X166.977 Y111.725 E.10082
G1 X166.599 Y112.684 E.101
G1 X166.321 Y113.308 E.06693
G1 X165.861 Y114.231 E.10104
G1 X165.354 Y115.127 E.10087
G1 X164.8 Y115.996 E.10097
G1 X164.408 Y116.556 E.06697
G1 X163.781 Y117.374 E.10098
G1 X163.112 Y118.157 E.1009
G1 X162.403 Y118.903 E.10084
G1 X161.656 Y119.613 E.10097
G1 X161.14 Y120.061 E.06695
G1 X160.333 Y120.703 E.10104
G1 X159.495 Y121.301 E.10087
G1 X158.627 Y121.854 E.10084
G1 X157.731 Y122.361 E.10087
G1 X156.81 Y122.82 E.10082
M73 P17 R39
G1 X155.864 Y123.231 E.10106
G1 X155.226 Y123.476 E.06696
G1 X154.249 Y123.803 E.10094
G1 X153.257 Y124.078 E.10086
G1 X152.252 Y124.301 E.10086
G1 X151.235 Y124.471 E.10103
G1 X150.557 Y124.555 E.06694
G1 X149.529 Y124.635 E.10103
G1 X148.5 Y124.662 E.10085
G1 X147.471 Y124.635 E.10085
G1 X146.443 Y124.555 E.10103
G1 X145.765 Y124.471 E.06694
G1 X144.747 Y124.301 E.10112
G1 X144.078 Y124.159 E.06701
G1 X143.08 Y123.901 E.101
G1 X142.099 Y123.591 E.1008
G1 X141.134 Y123.231 E.10091
G1 X140.19 Y122.82 E.10088
G1 X139.268 Y122.36 E.10095
G1 X138.67 Y122.029 E.06697
G1 X137.791 Y121.49 E.10102
G1 X136.943 Y120.907 E.10083
G1 X136.126 Y120.281 E.10084
G1 X135.343 Y119.612 E.1009
G1 X134.597 Y118.903 E.10084
G1 X133.887 Y118.156 E.10097
G1 X133.399 Y117.592 E.07307
G1 X132.797 Y116.833 E.09492
G1 X132.199 Y115.995 E.10087
G1 X131.646 Y115.127 E.10084
G1 X131.139 Y114.231 E.10087
G1 X130.679 Y113.309 E.10095
G1 X130.377 Y112.627 E.07308
G1 X130.023 Y111.725 E.09494
G1 X129.697 Y110.749 E.10082
G1 X129.422 Y109.757 E.10086
G1 X129.199 Y108.752 E.10086
G1 X129.029 Y107.735 E.10103
G1 X128.939 Y106.995 E.07304
G1 X128.865 Y106.029 E.09492
G1 X128.838 Y104.999 E.10095
G1 X128.852 Y104.253 E.0731
G1 X128.912 Y103.286 E.09493
G1 X129.029 Y102.264 E.10079
G1 X129.199 Y101.248 E.10093
G1 X129.422 Y100.243 E.10086
G1 X129.697 Y99.251 E.10086
G1 X130.023 Y98.275 E.10082
G1 X130.401 Y97.317 E.1009
G1 X130.828 Y96.38 E.10089
G1 X131.168 Y95.716 E.07309
G1 X131.646 Y94.873 E.09495
G1 X132.199 Y94.005 E.10084
G1 X132.798 Y93.166 E.101
G1 X133.258 Y92.579 E.07307
G1 X133.888 Y91.843 E.09492
G1 X134.597 Y91.097 E.10084
G1 X135.343 Y90.388 E.10084
G1 X136.126 Y89.719 E.1009
G1 X136.944 Y89.092 E.10098
G1 X137.556 Y88.666 E.07306
G1 X138.373 Y88.146 E.09489
G1 X139.269 Y87.639 E.10087
G1 X140.19 Y87.18 E.10082
G1 X141.134 Y86.769 E.10088
G1 X142.099 Y86.409 E.10091
G1 X143.08 Y86.099 E.1008
G1 X144.078 Y85.841 E.101
G1 X144.747 Y85.699 E.06701
G1 X145.764 Y85.529 E.10103
G1 X146.786 Y85.412 E.10079
G1 X147.815 Y85.35 E.101
G1 X148.478 Y85.339 E.06497
G1 X149.077 Y85.352 F12000
G1 X148.502 Y85.991
;TYPE:Perimeter
G1 E-10 F1500
G1 Z6.1 F300.0
G1 F12000.0
T1
G1 Z1.1 F300.0
G1 E30.0 F1500
G1 F12000.0
;WIDTH:0.8
G1 F420.075
G1 X148.557 Y85.99 E.00653
G1 X149.494 Y86.016 E.11133
G1 X150.487 Y86.094 E.1183
G1 X151.474 Y86.224 E.11823
G1 X152.457 Y86.406 E.11873
G1 X153.095 Y86.553 E.07776
G1 X154.058 Y86.82 E.11869
G1 X155.002 Y87.136 E.11823
G1 X155.928 Y87.501 E.11821
G1 X156.837 Y87.915 E.11863
G1 X157.475 Y88.242 E.08514
G1 X158.291 Y88.705 E.11143
G1 X159.134 Y89.242 E.11871
G1 X159.671 Y89.618 E.07786
G1 X160.464 Y90.226 E.11868
G1 X161.22 Y90.872 E.1181
G1 X161.945 Y91.56 E.1187
G1 X162.442 Y92.077 E.08517
G1 X163.063 Y92.78 E.1114
G1 X163.682 Y93.559 E.11817
G1 X164.26 Y94.369 E.11818
G1 X164.795 Y95.209 E.11828
G1 X165.287 Y96.079 E.1187
G1 X165.585 Y96.662 E.07776
G1 X166.001 Y97.576 E.11927
G1 X166.414 Y98.656 E.13732
G1 X166.721 Y99.603 E.11823
G1 X166.979 Y100.564 E.11817
G1 X167.186 Y101.537 E.11814
G1 X167.341 Y102.52 E.11819
G1 X167.445 Y103.509 E.11811
G1 X167.511 Y105 E.17725
G1 X167.484 Y105.999 E.11869
G1 X167.439 Y106.653 E.07786
G1 X167.325 Y107.646 E.11871
G1 X167.161 Y108.627 E.11813
G1 X166.946 Y109.599 E.11823
G1 X166.68 Y110.558 E.1182
G1 X166.364 Y111.502 E.11823
G1 X165.998 Y112.432 E.1187
G1 X165.731 Y113.03 E.07778
G1 X165.285 Y113.925 E.11876
G1 X164.795 Y114.791 E.11817
G1 X164.258 Y115.634 E.11871
G1 X163.882 Y116.171 E.07786
G1 X163.274 Y116.964 E.11868
G1 X162.628 Y117.72 E.1181
G1 X161.942 Y118.442 E.11828
G1 X161.217 Y119.131 E.11879
G1 X160.723 Y119.56 E.07771
G1 X159.941 Y120.182 E.11867
G1 X159.131 Y120.76 E.11818
G1 X158.291 Y121.295 E.11828
G1 X157.425 Y121.785 E.11817
G1 X156.534 Y122.229 E.11823
G1 X155.618 Y122.628 E.11866
G1 X155.006 Y122.863 E.07786
G1 X154.058 Y123.18 E.11872
G1 X153.099 Y123.446 E.1182
G1 X152.127 Y123.661 E.11823
G1 X151.141 Y123.826 E.11873
G1 X150.491 Y123.906 E.07778
G1 X149.495 Y123.984 E.11865
G1 X148.5 Y124.011 E.11821
G1 X147.505 Y123.984 E.11821
G1 X146.509 Y123.906 E.11865
G1 X145.859 Y123.826 E.07778
G1 X144.868 Y123.661 E.11932
G1 X144.228 Y123.524 E.07773
G1 X143.26 Y123.274 E.11874
G1 X142.311 Y122.975 E.11817
G1 X141.379 Y122.626 E.1182
G1 X140.466 Y122.229 E.11824
G1 X139.571 Y121.783 E.11876
G1 X138.998 Y121.466 E.07777
G1 X138.146 Y120.944 E.11867
G1 X137.326 Y120.38 E.1182
G1 X136.536 Y119.774 E.11825
G1 X135.779 Y119.128 E.11819
G1 X135.058 Y118.442 E.1182
G1 X134.37 Y117.718 E.11862
G1 X133.901 Y117.176 E.08512
G1 X133.318 Y116.441 E.11142
G1 X132.74 Y115.631 E.11818
G1 X132.205 Y114.791 E.11828
G1 X131.715 Y113.925 E.11817
G1 X131.269 Y113.031 E.11866
G1 X130.979 Y112.375 E.08518
G1 X130.636 Y111.503 E.11129
G1 X130.32 Y110.558 E.11834
G1 X130.054 Y109.599 E.1182
G1 X129.839 Y108.627 E.11823
G1 X129.674 Y107.643 E.1185
G1 X129.588 Y106.931 E.08518
G1 X129.516 Y105.995 E.11149
G1 X129.489 Y104.997 E.11857
G1 X129.503 Y104.28 E.08517
G1 X129.562 Y103.344 E.11138
G1 X129.675 Y102.354 E.11834
G1 X129.839 Y101.373 E.11813
G1 X130.054 Y100.401 E.11823
G1 X130.32 Y99.442 E.1182
G1 X130.636 Y98.498 E.11823
G1 X131.001 Y97.572 E.11821
G1 X131.415 Y96.663 E.11863
G1 X131.742 Y96.025 E.08514
G1 X132.205 Y95.209 E.11143
G1 X132.74 Y94.369 E.11828
G1 X133.319 Y93.557 E.11844
G1 X133.762 Y92.992 E.08527
G1 X134.372 Y92.28 E.11135
G1 X135.058 Y91.558 E.11828
G1 X135.78 Y90.872 E.11828
G1 X136.536 Y90.226 E.1181
G1 X137.328 Y89.618 E.11858
G1 X137.917 Y89.208 E.08523
G1 X138.708 Y88.705 E.11133
G1 X139.575 Y88.215 E.11828
G1 X140.466 Y87.771 E.11823
G1 X141.379 Y87.374 E.11824
G1 X142.311 Y87.025 E.1182
G1 X143.26 Y86.726 E.11817
G1 X144.228 Y86.476 E.11874
G1 X144.868 Y86.339 E.07773
G1 X145.854 Y86.175 E.11871
G1 X146.843 Y86.062 E.11822
G1 X147.84 Y86.001 E.11863
G1 X148.472 Y85.991 E.07507
G1 X148.496 Y86.705 F12000
G1 F420.075
G1 X148.553 Y86.704 E.00677
G1 X149.457 Y86.729 E.1074
G1 X150.412 Y86.804 E.11377
G1 X151.362 Y86.929 E.1138
G1 X152.311 Y87.105 E.11463
G1 X152.919 Y87.245 E.0741
G1 X153.849 Y87.503 E.11462
G1 X154.758 Y87.807 E.11383
G1 X155.649 Y88.158 E.11373
G1 X156.526 Y88.558 E.11448
G1 X157.136 Y88.87 E.08137
G1 X157.922 Y89.317 E.10739
G1 X158.737 Y89.836 E.11475
G1 X159.248 Y90.194 E.0741
G1 X160.014 Y90.781 E.11461
G1 X160.742 Y91.403 E.11372
G1 X161.441 Y92.067 E.1145
G1 X161.917 Y92.561 E.08147
G1 X162.515 Y93.239 E.10737
G1 X163.112 Y93.989 E.11385
G1 X163.668 Y94.769 E.11376
G1 X164.183 Y95.577 E.1138
G1 X164.658 Y96.417 E.11461
G1 X164.941 Y96.973 E.0741
G1 X165.215 Y97.574 E.07845
G1 X165.462 Y98.147 E.07411
M73 P18 R39
G1 X165.741 Y98.895 E.09481
G1 X166.037 Y99.805 E.11365
G1 X166.284 Y100.73 E.11371
G1 X166.484 Y101.667 E.11379
G1 X166.633 Y102.613 E.11374
G1 X166.733 Y103.565 E.11369
G1 X166.796 Y105 E.17059
G1 X166.771 Y105.965 E.11465
G1 X166.727 Y106.587 E.07406
G1 X166.618 Y107.546 E.11463
G1 X166.46 Y108.491 E.11379
G1 X166.253 Y109.426 E.11373
G1 X165.997 Y110.349 E.11376
G1 X165.693 Y111.258 E.11383
G1 X165.339 Y112.156 E.11464
G1 X165.085 Y112.726 E.07411
G1 X164.654 Y113.589 E.11457
G1 X164.183 Y114.423 E.11375
G1 X163.664 Y115.237 E.11465
G1 X163.306 Y115.748 E.0741
G1 X162.719 Y116.514 E.11461
G1 X162.097 Y117.242 E.11372
G1 X161.437 Y117.937 E.11383
G1 X160.737 Y118.602 E.11467
G1 X160.266 Y119.011 E.07409
G1 X159.511 Y119.612 E.11461
G1 X158.731 Y120.168 E.11376
G1 X157.923 Y120.683 E.1138
G1 X157.089 Y121.155 E.11381
G1 X156.232 Y121.582 E.11372
G1 X155.347 Y121.967 E.11462
G1 X154.765 Y122.19 E.07402
G1 X153.849 Y122.497 E.11474
G1 X152.926 Y122.753 E.11376
G1 X151.991 Y122.96 E.11373
G1 X151.039 Y123.119 E.11463
G1 X150.42 Y123.195 E.07407
G1 X149.458 Y123.271 E.11461
G1 X148.5 Y123.296 E.11382
G1 X147.542 Y123.271 E.11382
G1 X146.58 Y123.195 E.11461
G1 X145.961 Y123.119 E.07407
G1 X145.002 Y122.959 E.11547
G1 X144.391 Y122.829 E.07419
G1 X143.457 Y122.587 E.11459
G1 X142.543 Y122.299 E.11381
G1 X141.646 Y121.964 E.11372
G1 X140.768 Y121.582 E.11372
G1 X139.904 Y121.151 E.11467
G1 X139.358 Y120.849 E.0741
G1 X138.535 Y120.344 E.11468
G1 X137.746 Y119.802 E.11369
G1 X136.986 Y119.219 E.11376
G1 X136.258 Y118.597 E.11372
G1 X135.563 Y117.937 E.11383
G1 X134.9 Y117.238 E.11442
G1 X134.451 Y116.72 E.08141
G1 X133.889 Y116.012 E.10736
G1 X133.332 Y115.231 E.11393
G1 X132.817 Y114.423 E.1138
G1 X132.345 Y113.589 E.11381
G1 X131.916 Y112.727 E.11435
G1 X131.638 Y112.1 E.08146
G1 X131.308 Y111.259 E.1073
G1 X131.003 Y110.349 E.11399
G1 X130.747 Y109.426 E.11376
G1 X130.54 Y108.491 E.11373
M73 P18 R38
G1 X130.381 Y107.541 E.1144
G1 X130.299 Y106.86 E.08146
G1 X130.229 Y105.958 E.10745
G1 X130.204 Y104.994 E.11453
G1 X130.217 Y104.309 E.08137
G1 X130.273 Y103.406 E.10745
G1 X130.382 Y102.454 E.1138
G1 X130.54 Y101.509 E.11379
G1 X130.747 Y100.574 E.11373
G1 X131.003 Y99.651 E.11376
G1 X131.307 Y98.742 E.11383
G1 X131.658 Y97.851 E.11373
G1 X132.058 Y96.974 E.11448
G1 X132.37 Y96.364 E.08137
G1 X132.817 Y95.578 E.10739
G1 X133.332 Y94.769 E.1139
G1 X133.891 Y93.985 E.11436
G1 X134.315 Y93.445 E.08154
G1 X134.903 Y92.758 E.1074
G1 X135.563 Y92.063 E.11383
G1 X136.258 Y91.403 E.11383
G1 X136.986 Y90.781 E.11372
G1 X137.75 Y90.195 E.11435
G1 X138.313 Y89.803 E.08148
G1 X139.076 Y89.318 E.10738
G1 X139.911 Y88.845 E.11397
G1 X140.768 Y88.418 E.11372
G1 X141.646 Y88.036 E.11372
G1 X142.543 Y87.701 E.11372
G1 X143.457 Y87.413 E.11381
G1 X144.391 Y87.171 E.11459
G1 X145.002 Y87.041 E.07419
G1 X145.954 Y86.882 E.11463
G1 X146.905 Y86.774 E.11367
G1 X147.867 Y86.715 E.11447
G1 X148.466 Y86.706 E.07115
G1 X148.489 Y87.419 F12000
G1 F420.075
G1 X148.548 Y87.419 E.00701
G1 X149.419 Y87.442 E.10348
G1 X150.338 Y87.515 E.10949
G1 X151.25 Y87.635 E.10925
G1 X152.166 Y87.804 E.11062
G1 X152.743 Y87.938 E.07035
G1 X153.64 Y88.187 E.11056
G1 X154.513 Y88.479 E.10933
G1 X155.37 Y88.816 E.10937
G1 X156.215 Y89.201 E.11028
G1 X156.797 Y89.499 E.07766
G1 X157.554 Y89.929 E.1034
G1 X158.34 Y90.43 E.1107
G1 X158.826 Y90.77 E.07044
G1 X159.565 Y91.336 E.11055
G1 X160.264 Y91.934 E.10925
G1 X160.938 Y92.573 E.1103
G1 X161.391 Y93.045 E.0777
G1 X161.968 Y93.698 E.10349
G1 X162.541 Y94.419 E.10938
G1 X163.076 Y95.168 E.10932
G1 X163.57 Y95.945 E.10935
G1 X164.029 Y96.755 E.11057
G1 X164.298 Y97.283 E.07038
G1 X164.566 Y97.87 E.07664
G1 X164.799 Y98.415 E.07039
G1 X165.068 Y99.133 E.09106
G1 X165.352 Y100.008 E.10926
G1 X165.59 Y100.897 E.1093
G1 X165.781 Y101.797 E.10927
G1 X165.925 Y102.706 E.1093
G1 X166.021 Y103.621 E.10927
G1 X166.082 Y105 E.16394
G1 X166.057 Y105.931 E.11061
G1 X166.016 Y106.522 E.07036
G1 X165.911 Y107.447 E.11056
G1 X165.759 Y108.355 E.10934
G1 X165.559 Y109.253 E.10926
G1 X165.313 Y110.14 E.10932
G1 X165.021 Y111.013 E.10933
G1 X164.68 Y111.88 E.11065
G1 X164.439 Y112.421 E.07034
G1 X164.024 Y113.254 E.11053
G1 X163.57 Y114.055 E.10935
G1 X163.07 Y114.84 E.11054
G1 X162.73 Y115.326 E.07044
G1 X162.164 Y116.064 E.11046
G1 X161.566 Y116.764 E.10934
G1 X160.932 Y117.432 E.10938
G1 X160.257 Y118.073 E.11055
G1 X159.81 Y118.462 E.07038
G1 X159.081 Y119.041 E.11057
G1 X158.332 Y119.576 E.10932
G1 X157.555 Y120.07 E.10935
G1 X156.754 Y120.524 E.10935
G1 X155.93 Y120.934 E.10931
G1 X155.077 Y121.306 E.11052
G1 X154.523 Y121.518 E.07045
G1 X153.64 Y121.813 E.11057
G1 X152.753 Y122.059 E.10932
G1 X151.855 Y122.259 E.10926
G1 X150.936 Y122.412 E.11065
G1 X150.348 Y122.485 E.07037
G1 X149.42 Y122.558 E.11055
G1 X148.5 Y122.582 E.1093
G1 X147.58 Y122.558 E.1093
G1 X146.652 Y122.485 E.11055
G1 X146.064 Y122.412 E.07037
G1 X145.135 Y122.257 E.11186
G1 X144.555 Y122.134 E.07042
G1 X143.654 Y121.901 E.11053
G1 X142.776 Y121.624 E.10934
G1 X141.914 Y121.301 E.10933
G1 X141.07 Y120.934 E.1093
G1 X140.236 Y120.519 E.11064
G1 X139.718 Y120.232 E.07033
G1 X138.924 Y119.745 E.11062
G1 X138.166 Y119.224 E.10924
G1 X137.435 Y118.664 E.10936
G1 X136.736 Y118.066 E.10925
G1 X136.068 Y117.432 E.10938
G1 X135.429 Y116.759 E.11022
G1 X135.001 Y116.264 E.07772
G1 X134.459 Y115.582 E.10346
G1 X133.924 Y114.832 E.10941
G1 X133.43 Y114.055 E.10935
G1 X132.976 Y113.254 E.10935
G1 X132.562 Y112.423 E.11026
G1 X132.297 Y111.825 E.07768
G1 X131.979 Y111.015 E.10335
G1 X131.687 Y110.14 E.10955
G1 X131.441 Y109.253 E.10932
G1 X131.241 Y108.355 E.10926
G1 X131.088 Y107.439 E.1103
G1 X131.01 Y106.79 E.07763
G1 X130.942 Y105.921 E.10352
G1 X130.918 Y104.992 E.11037
G1 X130.931 Y104.338 E.07769
G1 X130.985 Y103.469 E.10341
G1 X131.089 Y102.553 E.10949
G1 X131.241 Y101.645 E.10934
G1 X131.441 Y100.747 E.10926
G1 X131.687 Y99.86 E.10932
G1 X131.979 Y98.987 E.10933
G1 X132.316 Y98.13 E.10937
G1 X132.701 Y97.285 E.11028
G1 X132.999 Y96.703 E.07766
G1 X133.429 Y95.946 E.1034
G1 X133.924 Y95.168 E.10952
G1 X134.463 Y94.413 E.11017
G1 X134.867 Y93.898 E.07774
G1 X135.433 Y93.237 E.10335
G1 X136.068 Y92.568 E.10955
G1 X136.736 Y91.934 E.10938
G1 X137.435 Y91.336 E.10925
G1 X138.172 Y90.771 E.11029
G1 X138.709 Y90.397 E.07772
G1 X139.444 Y89.93 E.10342
G1 X140.246 Y89.476 E.10945
G1 X141.07 Y89.066 E.10931
G1 X141.914 Y88.699 E.1093
G1 X142.776 Y88.376 E.10933
G1 X143.654 Y88.099 E.10934
G1 X144.555 Y87.866 E.11053
G1 X145.135 Y87.743 E.07042
M73 P19 R38
G1 X146.053 Y87.589 E.11055
G1 X146.968 Y87.485 E.10937
G1 X147.894 Y87.429 E.11018
G1 X148.459 Y87.42 E.06711
G1 E-8 F1500
G1 Z1.3 F3000
G1 X135.661 Y116.548 F12000
G1 Z1.1 F3000
G1 E10 F1500
;TYPE:Solid infill
G1 E-10 F1500
G1 Z6.1 F300.0
G1 F12000.0
T0
G1 Z1.1 F300.0
G1 E12.0 F1500
G1 F12000.0
;WIDTH:0.595841
G1 F588.235
G1 X136.946 Y117.832 E.15407
G1 X135.867 Y116.759 E.12906
G1 E-8 F1500
G1 Z1.3 F3000
G1 X134.031 Y114.187 F12000
G1 Z1.1 F3000
G1 E10 F1500
G1 F588.235
G1 X133.986 Y114.232 E.0054
G1 X134.003 Y114.293 E.00537
G1 X134.064 Y114.31 E.00537
G1 X134.109 Y114.265 E.0054
G1 X134.093 Y114.203 E.00543
;WIDTH:0.63542
G1 F545.872
G1 X134.24 Y114.434 E.02502
;WIDTH:0.675
G1 F509.2
G1 X134.386 Y114.665 E.02677
G1 X138.823 Y119.102 E.6148
G1 X139.023 Y119.242 E.02392
;WIDTH:0.63542
G1 F545.872
G1 X139.223 Y119.383 E.02237
;WIDTH:0.595841
G1 F588.235
G1 X139.178 Y119.428 E.0054
G1 X139.195 Y119.49 E.00545
G1 X139.256 Y119.506 E.00535
G1 X139.301 Y119.461 E.0054
G1 X139.285 Y119.4 E.00535
G1 E-8 F1500
G1 Z1.3 F3000
G1 X141.314 Y120.551 F12000
G1 Z1.1 F3000
G1 E10 F1500
G1 F588.235
G1 X141.33 Y120.612 E.00535
G1 X141.285 Y120.657 E.0054
G1 X141.223 Y120.641 E.00543
G1 X141.207 Y120.579 E.00543
G1 X141.252 Y120.534 E.0054
;WIDTH:0.63542
G1 F545.872
G1 X141.052 Y120.416 E.02122
;WIDTH:0.675
G1 F509.2
G1 X140.852 Y120.297 E.0228
G1 X133.203 Y112.648 E1.05985
G1 E-8 F1500
G1 Z1.3 F3000
G1 X132.542 Y111.154 F12000
G1 Z1.1 F3000
G1 E10 F1500
G1 F509.2
G1 X142.346 Y120.958 E1.35845
G1 X142.546 Y121.061 E.02204
;WIDTH:0.63542
G1 F545.872
G1 X142.746 Y121.164 E.02056
;WIDTH:0.595841
G1 F588.235
G1 X142.701 Y121.209 E.0054
G1 X142.717 Y121.271 E.00543
G1 X142.779 Y121.287 E.00543
G1 X142.824 Y121.242 E.0054
G1 X142.807 Y121.181 E.00537
G1 E-8 F1500
G1 Z1.3 F3000
G1 X144.612 Y121.886 F12000
G1 Z1.1 F3000
G1 E10 F1500
G1 F588.235
G1 X143.844 Y121.686 E.06731
;WIDTH:0.63542
G1 F545.872
G1 X143.728 Y121.539 E.01711
;WIDTH:0.675
G1 F509.2
G1 X143.613 Y121.392 E.01829
G1 X132.107 Y109.886 E1.59428
G1 X131.815 Y109.655 E.03648
;WIDTH:0.595841
G1 F588.235
G1 X131.635 Y108.958 E.06105
;WIDTH:0.63542
G1 F545.872
G1 X131.726 Y108.86 E.01222
;WIDTH:0.675
G1 F509.2
G1 X131.816 Y108.762 E.01304
G1 X144.745 Y121.69 E1.79139
G1 X145.771 Y121.884 E.10231
G1 X131.616 Y107.729 E1.96133
G1 X131.483 Y106.762 E.09564
G1 X146.737 Y122.017 E2.11368
G1 X147.64 Y122.086 E.08873
G1 X131.414 Y105.86 E2.24829
G1 X131.392 Y105.005 E.0838
G1 X148.495 Y122.108 E2.36981
G1 X149.308 Y122.087 E.07968
G1 X131.414 Y104.194 E2.47934
G1 X131.468 Y103.414 E.07661
G1 X150.084 Y122.031 E2.57952
G1 X150.835 Y121.948 E.07403
M73 P20 R38
G1 X131.553 Y102.666 E2.67174
G1 X131.67 Y101.95 E.07108
G1 X151.55 Y121.83 E2.7546
G1 X152.241 Y121.688 E.06912
G1 X131.812 Y101.259 E2.83067
G1 X131.975 Y100.589 E.06756
M73 P20 R37
G1 X152.911 Y121.525 E2.90092
G1 X153.561 Y121.341 E.06619
G1 X132.159 Y99.939 E2.96549
G1 X132.368 Y99.315 E.06448
G1 X154.185 Y121.132 E3.02299
G1 X154.793 Y120.908 E.06348
G1 X132.596 Y98.71 E3.07571
G1 X132.84 Y98.121 E.06246
G1 X155.378 Y120.659 E3.12289
G1 X155.949 Y120.397 E.06155
M73 P21 R37
G1 X133.101 Y97.549 E3.16585
G1 X133.381 Y96.996 E.06073
G1 X156.505 Y120.119 E3.20402
G1 X157.038 Y119.819 E.05993
G1 X133.68 Y96.462 E3.23644
G1 X133.993 Y95.941 E.05955
G1 X157.559 Y119.507 E3.26533
G1 X158.068 Y119.183 E.05912
G1 X134.317 Y95.432 E3.29097
G1 X134.664 Y94.946 E.05851
G1 X158.554 Y118.836 E3.31023
G1 X159.029 Y118.478 E.05828
G1 X135.02 Y94.469 E3.32671
G1 X135.394 Y94.01 E.05801
M73 P22 R37
G1 X159.493 Y118.109 E3.33919
G1 X159.94 Y117.722 E.05793
G1 X135.779 Y93.561 E3.34778
G1 X136.184 Y93.133 E.05773
G1 X160.367 Y117.316 E3.35082
G1 X160.785 Y116.9 E.05778
M73 P22 R36
G1 X136.6 Y92.715 E3.3511
G1 X137.027 Y92.31 E.05766
G1 X161.19 Y116.473 E3.34805
G1 X161.575 Y116.025 E.05788
G1 X137.475 Y91.925 E3.33932
G1 X137.934 Y91.55 E.05807
G1 X161.95 Y115.566 E3.32768
G1 X162.312 Y115.095 E.0582
M73 P23 R36
G1 X138.405 Y91.188 E3.31258
G1 X138.895 Y90.844 E.05866
G1 X162.657 Y114.606 E3.29249
G1 X162.982 Y114.099 E.059
G1 X139.401 Y90.518 E3.26741
G1 X139.921 Y90.204 E.05952
G1 X163.296 Y113.579 E3.23887
G1 X163.597 Y113.047 E.05989
G1 X140.453 Y89.903 E3.20686
G1 X141.008 Y89.625 E.06082
G1 X163.875 Y112.492 E3.16848
G1 X164.142 Y111.926 E.06132
G1 X141.577 Y89.361 E3.12663
G1 X142.161 Y89.111 E.06224
M73 P24 R36
G1 X164.386 Y111.336 E3.07952
G1 X164.616 Y110.734 E.06314
G1 X142.767 Y88.885 E3.02742
G1 X143.393 Y88.678 E.0646
G1 X164.825 Y110.109 E2.96957
G1 X165.011 Y109.462 E.06596
G1 X144.038 Y88.489 E2.90604
G1 X144.701 Y88.319 E.06706
G1 X165.177 Y108.794 E2.83711
G1 X165.321 Y108.105 E.06897
M73 P24 R35
G1 X145.395 Y88.179 E2.76097
G1 X146.108 Y88.06 E.07082
G1 X165.44 Y107.392 E2.67866
G1 X165.526 Y106.644 E.07377
G1 X146.856 Y87.974 E2.58694
G1 X147.633 Y87.918 E.07633
M73 P25 R35
G1 X165.586 Y105.871 E2.48759
G1 X165.607 Y105.059 E.07958
G1 X148.449 Y87.901 E2.37743
G1 X149.294 Y87.912 E.0828
G1 X165.588 Y104.206 E2.25772
G1 X165.522 Y103.308 E.08822
G1 X150.192 Y87.978 E2.12414
G1 X151.146 Y88.098 E.09421
G1 X165.402 Y102.354 E1.97533
G1 X165.206 Y101.325 E.10263
G1 X152.172 Y88.292 E1.80594
G1 X152.417 Y88.123 E.02916
;WIDTH:0.595841
G1 F588.235
G1 X153.065 Y88.29 E.05675
;WIDTH:0.675
G1 F509.2
G1 X153.296 Y88.582 E.03648
G1 X164.916 Y100.202 E1.61008
G1 X164.749 Y99.31 E.08891
;WIDTH:0.595841
G1 F588.235
G1 X164.704 Y99.355 E.0054
G1 X164.72 Y99.417 E.00543
G1 X164.782 Y99.434 E.00545
G1 X164.827 Y99.388 E.00546
G1 X164.811 Y99.327 E.00535
;WIDTH:0.63542
G1 F545.872
G1 X164.657 Y99.141 E.02207
;WIDTH:0.675
G1 F509.2
G1 X164.503 Y98.955 E.02366
G1 X154.548 Y89.001 E1.37931
G1 X154.359 Y88.844 E.02407
;WIDTH:0.63542
G1 F545.872
G1 X154.17 Y88.688 E.0224
;WIDTH:0.595841
G1 F588.235
G1 X154.186 Y88.75 E.00543
G1 X154.141 Y88.795 E.0054
G1 X154.08 Y88.778 E.00537
G1 X154.063 Y88.717 E.00537
G1 X154.108 Y88.672 E.0054
G1 E-8 F1500
G1 Z1.3 F3000
G1 X155.574 Y89.276 F12000
G1 Z1.1 F3000
G1 E10 F1500
G1 F588.235
G1 X155.529 Y89.321 E.0054
G1 X155.545 Y89.382 E.00535
G1 X155.607 Y89.399 E.00545
G1 X155.652 Y89.354 E.0054
G1 X155.635 Y89.292 E.00545
;WIDTH:0.63542
G1 F545.872
G1 X155.821 Y89.459 E.02285
;WIDTH:0.675
G1 F509.2
G1 X156.007 Y89.626 E.02449
G1 X163.874 Y97.493 E1.09006
G1 X164.041 Y97.679 E.02449
;WIDTH:0.63542
G1 F545.872
G1 X164.208 Y97.865 E.02285
;WIDTH:0.595841
G1 F588.235
G1 X164.224 Y97.926 E.00535
G1 X164.179 Y97.971 E.0054
G1 X164.118 Y97.955 E.00535
G1 X164.101 Y97.893 E.00545
G1 X164.146 Y97.848 E.0054
G1 E-8 F1500
G1 Z1.3 F3000
G1 X163.066 Y95.889 F12000
G1 Z1.1 F3000
G1 E10 F1500
G1 F588.235
G1 X163.021 Y95.934 E.0054
G1 X163.037 Y95.996 E.00543
G1 X163.099 Y96.012 E.00543
G1 X163.144 Y95.967 E.0054
G1 X163.127 Y95.906 E.00537
;WIDTH:0.63542
G1 F545.872
G1 X162.938 Y95.72 E.02424
;WIDTH:0.675
G1 F509.2
G1 X157.78 Y90.562 E.7147
;WIDTH:0.63542
G1 F545.872
G1 X157.594 Y90.373 E.02424
;WIDTH:0.595841
G1 F588.235
G1 X157.611 Y90.434 E.00537
G1 X157.566 Y90.479 E.0054
G1 X157.504 Y90.463 E.00543
G1 X157.488 Y90.401 E.00543
G1 X157.533 Y90.356 E.0054
G1 E-8 F1500
G1 Z1.3 F3000
G1 X160.039 Y92.185 F12000
G1 Z1.1 F3000
G1 E10 F1500
G1 F588.235
G1 X160.692 Y92.821 E.07731
G1 X161.725 Y93.901 E.12675
G1 X161.139 Y93.277 E.0726
G1 X160.25 Y92.39 E.10651
;LAYER_CHANGE
;Z:1.5
;HEIGHT:0.4

G1 E-8 F1500
G1 Z1.5 F3000
;AFTER_LAYER_CHANGE
;1.5
G92 E0
_ON_LAYER_CHANGE LAYER=4
G1 Z1.7
G1 X148.508 Y85.34 F12000
G1 Z1.5 F3000
G1 E10 F1500
;TYPE:External perimeter
;WIDTH:0.675
G1 F509.2
G1 X148.589 Y85.338 E.00794
G1 X149.529 Y85.365 E.09214
G1 X150.555 Y85.445 E.10083
G1 X151.576 Y85.58 E.10091
G1 X152.589 Y85.768 E.10095
G1 X153.255 Y85.921 E.06695
G1 X154.249 Y86.197 E.10107
G1 X155.225 Y86.523 E.10082
M73 P26 R35
G1 X156.183 Y86.901 E.1009
G1 X157.119 Y87.328 E.1008
G1 X158.033 Y87.803 E.10092
G1 X158.702 Y88.192 E.07582
G1 X159.496 Y88.699 E.0923
G1 X160.128 Y89.145 E.07579
G1 X160.874 Y89.719 E.09222
G1 X161.657 Y90.388 E.1009
G1 X162.404 Y91.098 E.10097
G1 X162.879 Y91.589 E.06693
G1 X163.562 Y92.361 E.10099
G1 X164.203 Y93.167 E.1009
G1 X164.801 Y94.005 E.10087
G1 X165.354 Y94.873 E.10084
G1 X165.862 Y95.77 E.101
G1 X166.172 Y96.379 E.06695
G1 X166.599 Y97.317 E.10098
G1 X166.977 Y98.276 E.101
G1 X167.2 Y98.923 E.06705
G1 X167.492 Y99.911 E.10094
G1 X167.733 Y100.912 E.10088
G1 X167.92 Y101.924 E.10083
G1 X168.055 Y102.945 E.10091
G1 X168.135 Y103.971 E.10083
G1 X168.162 Y105 E.10085
G1 X168.135 Y106.03 E.10095
G1 X168.088 Y106.712 E.06698
G1 X167.971 Y107.736 E.10098
G1 X167.801 Y108.752 E.10093
G1 X167.578 Y109.757 E.10086
G1 X167.303 Y110.749 E.10086
G1 X166.977 Y111.725 E.10082
G1 X166.599 Y112.684 E.101
G1 X166.321 Y113.308 E.06693
G1 X165.861 Y114.231 E.10104
G1 X165.354 Y115.127 E.10087
G1 X164.8 Y115.996 E.10097
G1 X164.408 Y116.556 E.06697
G1 X163.781 Y117.374 E.10098
G1 X163.112 Y118.157 E.1009
G1 X162.403 Y118.903 E.10084
G1 X161.656 Y119.613 E.10097
G1 X161.14 Y120.061 E.06695
G1 X160.333 Y120.703 E.10104
G1 X159.495 Y121.301 E.10087
G1 X158.627 Y121.854 E.10084
G1 X157.731 Y122.361 E.10087
G1 X156.81 Y122.82 E.10082
G1 X155.864 Y123.231 E.10106
G1 X155.226 Y123.476 E.06696
G1 X154.249 Y123.803 E.10094
G1 X153.257 Y124.078 E.10086
G1 X152.252 Y124.301 E.10086
G1 X151.235 Y124.471 E.10103
G1 X150.557 Y124.555 E.06694
G1 X149.529 Y124.635 E.10103
G1 X148.5 Y124.662 E.10085
G1 X147.47 Y124.635 E.10095
G1 X146.788 Y124.588 E.06698
G1 X145.764 Y124.471 E.10098
G1 X144.748 Y124.301 E.10093
G1 X143.743 Y124.078 E.10086
G1 X142.751 Y123.803 E.10086
G1 X141.775 Y123.477 E.10082
G1 X140.817 Y123.099 E.1009
G1 X139.879 Y122.672 E.10098
G1 X139.27 Y122.362 E.06695
G1 X138.373 Y121.854 E.101
G1 X137.505 Y121.301 E.10084
G1 X136.666 Y120.702 E.101
G1 X136.127 Y120.282 E.06695
G1 X135.343 Y119.612 E.10104
G1 X134.597 Y118.903 E.10084
G1 X133.888 Y118.157 E.10084
G1 X133.219 Y117.374 E.1009
G1 X132.592 Y116.556 E.10098
G1 X132.15 Y115.921 E.0758
G1 X131.646 Y115.127 E.09214
G1 X131.139 Y114.231 E.10087
G1 X130.68 Y113.31 E.10082
G1 X130.269 Y112.364 E.10106
G1 X130.024 Y111.726 E.06696
G1 X129.697 Y110.749 E.10094
G1 X129.422 Y109.757 E.10086
G1 X129.199 Y108.752 E.10086
G1 X129.029 Y107.735 E.10103
G1 X128.937 Y106.967 E.07578
G1 X128.865 Y106.029 E.09217
G1 X128.838 Y105 E.10085
G1 X128.865 Y103.97 E.10095
G1 X128.921 Y103.198 E.07584
G1 X129.029 Y102.264 E.09212
G1 X129.199 Y101.248 E.10093
G1 X129.422 Y100.243 E.10086
G1 X129.697 Y99.251 E.10086
G1 X130.024 Y98.274 E.10094
G1 X130.303 Y97.553 E.07575
G1 X130.68 Y96.691 E.09218
G1 X131.139 Y95.769 E.10091
G1 X131.646 Y94.873 E.10087
G1 X132.199 Y94.005 E.10084
G1 X132.797 Y93.166 E.10095
G1 X133.276 Y92.558 E.07584
G1 X133.888 Y91.844 E.09214
G1 X134.597 Y91.097 E.10091
G1 X135.343 Y90.388 E.10084
G1 X136.126 Y89.72 E.10084
G1 X136.944 Y89.092 E.10104
G1 X137.579 Y88.65 E.0758
G1 X138.373 Y88.146 E.09214
G1 X139.269 Y87.639 E.10087
G1 X140.19 Y87.18 E.10082
G1 X141.136 Y86.769 E.10106
G1 X141.774 Y86.524 E.06696
G1 X142.751 Y86.197 E.10094
G1 X143.743 Y85.922 E.10086
G1 X144.748 Y85.699 E.10086
G1 X145.764 Y85.529 E.10093
G1 X146.786 Y85.412 E.10079
G1 X147.815 Y85.35 E.101
G1 X148.478 Y85.34 E.06497
G1 X149.077 Y85.352 F12000
G1 X148.502 Y85.991
;TYPE:Perimeter
G1 E-10 F1500
G1 Z6.5 F300.0
G1 F12000.0
T1
G1 Z1.5 F300.0
G1 E30.0 F1500
G1 F12000.0
;WIDTH:0.8
G1 F420.075
G1 X148.584 Y85.99 E.00974
G1 X149.494 Y86.015 E.10812
G1 X150.487 Y86.094 E.11831
G1 X151.474 Y86.224 E.11823
G1 X152.457 Y86.406 E.11873
G1 X153.095 Y86.553 E.07776
G1 X154.058 Y86.82 E.11869
G1 X155.002 Y87.136 E.11823
G1 X155.928 Y87.501 E.11821
G1 X156.834 Y87.913 E.1182
G1 X157.719 Y88.374 E.11851
G1 X158.363 Y88.749 E.08851
G1 X159.132 Y89.241 E.10842
G1 X159.742 Y89.67 E.08857
G1 X160.463 Y90.226 E.10813
G1 X161.221 Y90.872 E.11828
G1 X161.946 Y91.561 E.11879
G1 X162.401 Y92.032 E.07778
G1 X163.063 Y92.78 E.11863
G1 X163.682 Y93.559 E.11817
G1 X164.26 Y94.369 E.11818
G1 X164.795 Y95.209 E.11828
G1 X165.287 Y96.079 E.1187
G1 X165.585 Y96.662 E.07776
G1 X165.999 Y97.572 E.11874
G1 X166.366 Y98.502 E.11874
G1 X166.721 Y99.603 E.13739
G1 X166.979 Y100.564 E.11817
G1 X167.186 Y101.537 E.11814
G1 X167.341 Y102.52 E.11819
G1 X167.445 Y103.509 E.11811
G1 X167.511 Y105 E.17725
G1 X167.484 Y105.999 E.11869
G1 X167.439 Y106.653 E.07786
G1 X167.325 Y107.646 E.11871
G1 X167.161 Y108.627 E.11813
G1 X166.946 Y109.599 E.11823
G1 X166.68 Y110.558 E.1182
G1 X166.364 Y111.502 E.11823
G1 X165.998 Y112.432 E.1187
G1 X165.731 Y113.03 E.07778
G1 X165.285 Y113.925 E.11876
G1 X164.795 Y114.791 E.11817
M73 P26 R34
G1 X164.258 Y115.634 E.11871
G1 X163.882 Y116.171 E.07786
G1 X163.274 Y116.964 E.11868
G1 X162.628 Y117.721 E.11819
G1 X161.942 Y118.442 E.1182
G1 X161.217 Y119.131 E.11879
G1 X160.723 Y119.56 E.07771
G1 X159.941 Y120.182 E.11867
G1 X159.131 Y120.76 E.11818
G1 X158.291 Y121.295 E.11828
G1 X157.425 Y121.785 E.11817
G1 X156.534 Y122.229 E.11823
G1 X155.618 Y122.628 E.11866
G1 X155.006 Y122.863 E.07786
G1 X154.058 Y123.18 E.11872
G1 X153.099 Y123.446 E.1182
G1 X152.127 Y123.661 E.11823
G1 X151.141 Y123.826 E.11873
G1 X150.491 Y123.906 E.07778
G1 X149.495 Y123.984 E.11865
G1 X148.5 Y124.011 E.11821
G1 X147.501 Y123.984 E.11869
G1 X146.847 Y123.939 E.07786
G1 X145.854 Y123.825 E.11871
G1 X144.873 Y123.661 E.11813
G1 X143.901 Y123.446 E.11823
G1 X142.942 Y123.18 E.1182
G1 X141.998 Y122.864 E.11823
G1 X141.072 Y122.499 E.11821
G1 X140.162 Y122.085 E.11874
G1 X139.579 Y121.787 E.07776
G1 X138.709 Y121.295 E.1187
G1 X137.869 Y120.76 E.11828
G1 X137.056 Y120.18 E.11861
G1 X136.54 Y119.777 E.07776
G1 X135.78 Y119.128 E.11869
G1 X135.058 Y118.442 E.11828
G1 X134.372 Y117.72 E.11828
G1 X133.726 Y116.964 E.1181
G1 X133.118 Y116.172 E.11858
G1 X132.693 Y115.56 E.08849
G1 X132.205 Y114.792 E.10807
G1 X131.715 Y113.925 E.11828
G1 X131.271 Y113.034 E.11823
G1 X130.872 Y112.118 E.11866
G1 X130.637 Y111.506 E.07786
G1 X130.32 Y110.558 E.11872
G1 X130.054 Y109.599 E.1182
G1 X129.839 Y108.627 E.11823
G1 X129.674 Y107.643 E.1185
G1 X129.585 Y106.903 E.08852
G1 X129.516 Y105.996 E.10803
G1 X129.489 Y105 E.11833
G1 X129.516 Y104.002 E.11857
G1 X129.57 Y103.259 E.08848
G1 X129.674 Y102.355 E.10807
G1 X129.839 Y101.373 E.11826
G1 X130.054 Y100.401 E.11823
G1 X130.32 Y99.442 E.1182
G1 X130.637 Y98.495 E.1186
G1 X130.906 Y97.801 E.0884
G1 X131.27 Y96.967 E.10807
G1 X131.715 Y96.075 E.11839
G1 X132.205 Y95.209 E.11817
G1 X132.74 Y94.369 E.11828
G1 X133.319 Y93.557 E.11844
G1 X133.78 Y92.971 E.08855
G1 X134.372 Y92.28 E.10807
M73 P27 R34
G1 X135.058 Y91.558 E.11828
G1 X135.78 Y90.872 E.11828
G1 X136.536 Y90.226 E.1181
G1 X137.328 Y89.618 E.11858
G1 X137.94 Y89.193 E.08849
G1 X138.708 Y88.705 E.10807
G1 X139.575 Y88.215 E.11828
G1 X140.466 Y87.771 E.11823
G1 X141.382 Y87.372 E.11866
G1 X141.994 Y87.137 E.07786
G1 X142.942 Y86.82 E.11872
G1 X143.901 Y86.554 E.1182
G1 X144.873 Y86.339 E.11823
G1 X145.854 Y86.175 E.11813
G1 X146.843 Y86.062 E.11822
G1 X147.839 Y86.001 E.11851
G1 X148.472 Y85.992 E.07519
G1 X148.496 Y86.706 F12000
G1 F420.075
G1 X148.579 Y86.704 E.00986
G1 X149.456 Y86.729 E.1042
G1 X150.412 Y86.804 E.11389
G1 X151.362 Y86.929 E.1138
G1 X152.311 Y87.105 E.11463
G1 X152.919 Y87.245 E.0741
G1 X153.849 Y87.503 E.11462
G1 X154.758 Y87.807 E.11383
G1 X155.649 Y88.158 E.11373
G1 X156.52 Y88.556 E.11373
G1 X157.374 Y89 E.11431
G1 X157.991 Y89.359 E.08478
G1 X158.734 Y89.834 E.10473
G1 X159.318 Y90.245 E.08481
G1 X160.013 Y90.78 E.10417
G1 X160.742 Y91.403 E.11389
G1 X161.443 Y92.068 E.11476
G1 X161.876 Y92.517 E.07408
G1 X162.516 Y93.239 E.11459
G1 X163.112 Y93.989 E.11377
G1 X163.668 Y94.769 E.11376
G1 X164.183 Y95.577 E.1138
G1 X164.658 Y96.417 E.11461
G1 X164.941 Y96.973 E.0741
G1 X165.342 Y97.851 E.11464
G1 X165.581 Y98.459 E.07759
G1 X165.797 Y99.044 E.07406
G1 X166.037 Y99.805 E.09477
G1 X166.284 Y100.73 E.11371
G1 X166.484 Y101.667 E.11379
G1 X166.633 Y102.613 E.11374
G1 X166.733 Y103.565 E.11369
G1 X166.796 Y105 E.17059
G1 X166.771 Y105.965 E.11465
G1 X166.727 Y106.587 E.07406
G1 X166.618 Y107.546 E.11463
G1 X166.46 Y108.491 E.11379
G1 X166.253 Y109.426 E.11373
G1 X165.997 Y110.349 E.11376
G1 X165.693 Y111.258 E.11383
G1 X165.339 Y112.156 E.11464
G1 X165.085 Y112.726 E.07411
G1 X164.654 Y113.589 E.11457
G1 X164.183 Y114.423 E.11375
G1 X163.664 Y115.237 E.11465
G1 X163.306 Y115.748 E.0741
G1 X162.719 Y116.514 E.11461
G1 X162.097 Y117.242 E.11372
G1 X161.437 Y117.937 E.11383
G1 X160.737 Y118.602 E.11467
G1 X160.266 Y119.011 E.07409
G1 X159.511 Y119.612 E.11461
G1 X158.731 Y120.168 E.11376
G1 X157.923 Y120.683 E.1138
G1 X157.09 Y121.154 E.11365
G1 X156.232 Y121.582 E.11388
G1 X155.347 Y121.967 E.11462
G1 X154.765 Y122.19 E.07402
G1 X153.849 Y122.497 E.11474
G1 X152.926 Y122.753 E.11376
G1 X151.991 Y122.96 E.11373
G1 X151.039 Y123.119 E.11463
G1 X150.42 Y123.195 E.07407
G1 X149.458 Y123.271 E.11461
G1 X148.5 Y123.296 E.11382
G1 X147.535 Y123.271 E.11465
G1 X146.913 Y123.227 E.07406
G1 X145.954 Y123.118 E.11463
G1 X145.009 Y122.96 E.11379
G1 X144.074 Y122.753 E.11373
G1 X143.151 Y122.497 E.11376
G1 X142.242 Y122.193 E.11383
G1 X141.351 Y121.842 E.11373
G1 X140.473 Y121.441 E.11464
G1 X139.917 Y121.158 E.0741
G1 X139.077 Y120.683 E.11461
G1 X138.269 Y120.168 E.1138
G1 X137.483 Y119.608 E.11462
G1 X136.992 Y119.224 E.07403
G1 X136.258 Y118.597 E.11465
G1 X135.563 Y117.937 E.11383
G1 X134.903 Y117.242 E.11383
G1 X134.281 Y116.514 E.11372
G1 X133.695 Y115.75 E.11435
G1 X133.288 Y115.165 E.08464
G1 X132.818 Y114.424 E.10421
G1 X132.346 Y113.59 E.11381
G1 X131.918 Y112.732 E.11388
G1 X131.533 Y111.847 E.11462
G1 X131.31 Y111.265 E.07402
G1 X131.003 Y110.349 E.11474
G1 X130.747 Y109.426 E.11376
G1 X130.54 Y108.491 E.11373
G1 X130.381 Y107.541 E.1144
G1 X130.296 Y106.834 E.08457
G1 X130.229 Y105.959 E.10422
G1 X130.204 Y105 E.11393
G1 X130.229 Y104.038 E.11429
G1 X130.281 Y103.326 E.08479
G1 X130.382 Y102.455 E.10414
G1 X130.54 Y101.509 E.11391
G1 X130.747 Y100.574 E.11373
G1 X131.003 Y99.651 E.11376
G1 X131.309 Y98.738 E.11436
G1 X131.566 Y98.073 E.08467
G1 X131.917 Y97.269 E.10419
G1 X132.346 Y96.411 E.11393
G1 X132.817 Y95.577 E.11375
G1 X133.332 Y94.769 E.1138
G1 X133.891 Y93.985 E.11436
G1 X134.332 Y93.425 E.08466
G1 X134.902 Y92.759 E.10411
G1 X135.563 Y92.063 E.114
G1 X136.258 Y91.403 E.11383
G1 X136.986 Y90.781 E.11372
G1 X137.75 Y90.195 E.11435
G1 X138.335 Y89.788 E.08464
G1 X139.076 Y89.318 E.10421
G1 X139.911 Y88.845 E.11397
G1 X140.768 Y88.418 E.11372
G1 X141.653 Y88.033 E.11462
G1 X142.235 Y87.81 E.07402
G1 X143.151 Y87.503 E.11474
G1 X144.074 Y87.247 E.11376
G1 X145.009 Y87.04 E.11373
G1 X145.954 Y86.882 E.11379
G1 X146.905 Y86.774 E.11367
G1 X147.866 Y86.715 E.11435
G1 X148.466 Y86.706 E.07127
G1 X148.489 Y87.42 F12000
G1 F420.075
G1 X148.575 Y87.419 E.01021
G1 X149.418 Y87.442 E.10016
G1 X150.338 Y87.515 E.10961
G1 X151.25 Y87.635 E.10925
G1 X152.166 Y87.804 E.11062
G1 X152.743 Y87.938 E.07035
G1 X153.64 Y88.187 E.11056
G1 X154.513 Y88.479 E.10933
G1 X155.37 Y88.816 E.10937
G1 X156.207 Y89.198 E.10927
G1 X157.03 Y89.626 E.11017
G1 X157.619 Y89.968 E.08089
G1 X158.336 Y90.427 E.10111
G1 X158.894 Y90.82 E.08106
G1 X159.563 Y91.335 E.10027
G1 X160.264 Y91.934 E.10951
G1 X160.94 Y92.575 E.11064
G1 X161.351 Y93.001 E.0703
G1 X161.968 Y93.699 E.11064
G1 X162.541 Y94.419 E.10929
G1 X163.076 Y95.168 E.10932
G1 X163.57 Y95.945 E.10935
G1 X164.029 Y96.755 E.11057
G1 X164.298 Y97.283 E.07038
G1 X164.684 Y98.13 E.11055
G1 X164.917 Y98.721 E.07545
G1 X165.122 Y99.277 E.07038
G1 X165.352 Y100.008 E.09101
G1 X165.59 Y100.897 E.1093
G1 X165.781 Y101.797 E.10927
G1 X165.925 Y102.706 E.1093
G1 X166.021 Y103.621 E.10927
G1 X166.082 Y105 E.16394
G1 X166.057 Y105.931 E.11061
G1 X166.016 Y106.522 E.07036
G1 X165.911 Y107.447 E.11056
G1 X165.759 Y108.355 E.10934
G1 X165.559 Y109.253 E.10926
G1 X165.313 Y110.14 E.10932
G1 X165.021 Y111.013 E.10933
G1 X164.68 Y111.88 E.11065
G1 X164.439 Y112.421 E.07034
G1 X164.024 Y113.254 E.11053
G1 X163.57 Y114.055 E.10935
G1 X163.07 Y114.841 E.11064
G1 X162.73 Y115.326 E.07035
G1 X162.164 Y116.065 E.11055
G1 X161.566 Y116.764 E.10925
G1 X160.932 Y117.432 E.10938
G1 X160.257 Y118.073 E.11055
G1 X159.81 Y118.462 E.07038
G1 X159.081 Y119.041 E.11057
G1 X158.332 Y119.576 E.10932
G1 X157.555 Y120.07 E.10935
G1 X156.754 Y120.524 E.10935
G1 X155.93 Y120.934 E.10931
G1 X155.077 Y121.306 E.11052
G1 X154.523 Y121.518 E.07045
G1 X153.64 Y121.813 E.11057
G1 X152.753 Y122.059 E.10932
G1 X151.855 Y122.259 E.10926
G1 X150.936 Y122.412 E.11065
G1 X150.348 Y122.485 E.07037
G1 X149.42 Y122.558 E.11055
G1 X148.5 Y122.582 E.1093
G1 X147.569 Y122.557 E.11061
G1 X146.978 Y122.516 E.07036
G1 X146.053 Y122.411 E.11056
G1 X145.145 Y122.259 E.10934
G1 X144.247 Y122.059 E.10926
G1 X143.36 Y121.813 E.10932
G1 X142.487 Y121.521 E.10933
G1 X141.63 Y121.184 E.10937
G1 X140.783 Y120.798 E.11055
G1 X140.255 Y120.529 E.07038
G1 X139.445 Y120.07 E.11057
G1 X138.668 Y119.576 E.10935
G1 X137.91 Y119.035 E.1106
G1 X137.444 Y118.67 E.0703
G1 X136.736 Y118.066 E.11053
G1 X136.068 Y117.432 E.10938
M73 P28 R34
G1 X135.434 Y116.764 E.10938
G1 X134.836 Y116.065 E.10925
G1 X134.272 Y115.329 E.11012
G1 X133.883 Y114.77 E.08088
G1 X133.431 Y114.057 E.10026
G1 X132.976 Y113.254 E.10961
G1 X132.566 Y112.43 E.10931
G1 X132.194 Y111.577 E.11052
G1 X131.982 Y111.023 E.07045
G1 X131.687 Y110.14 E.11057
G1 X131.441 Y109.253 E.10932
G1 X131.241 Y108.355 E.10926
G1 X131.088 Y107.44 E.11018
G1 X131.007 Y106.764 E.08086
G1 X130.942 Y105.922 E.1003
G1 X130.918 Y105 E.10954
G1 X130.943 Y104.073 E.11014
G1 X130.992 Y103.393 E.08097
G1 X131.089 Y102.555 E.10019
G1 X131.241 Y101.645 E.10957
G1 X131.441 Y100.747 E.10926
G1 X131.687 Y99.86 E.10932
G1 X131.981 Y98.98 E.11019
G1 X132.227 Y98.345 E.08088
G1 X132.565 Y97.571 E.10031
G1 X132.976 Y96.746 E.10947
G1 X133.43 Y95.945 E.10935
G1 X133.924 Y95.168 E.10935
G1 X134.463 Y94.413 E.11017
G1 X134.884 Y93.878 E.08085
G1 X135.433 Y93.237 E.10023
G1 X136.068 Y92.568 E.10955
G1 X136.736 Y91.934 E.10938
G1 X137.435 Y91.337 E.10917
G1 X138.171 Y90.772 E.1102
G1 X138.73 Y90.383 E.08088
G1 X139.443 Y89.931 E.10026
G1 X140.246 Y89.476 E.10961
G1 X141.07 Y89.066 E.10931
G1 X141.923 Y88.694 E.11052
G1 X142.477 Y88.482 E.07045
G1 X143.36 Y88.187 E.11057
G1 X144.247 Y87.941 E.10932
G1 X145.145 Y87.741 E.10926
G1 X146.053 Y87.589 E.10934
G1 X146.968 Y87.485 E.10937
G1 X147.893 Y87.429 E.11006
G1 X148.459 Y87.42 E.06723
G1 E-8 F1500
G1 Z1.7 F3000
G1 X136.946 Y92.168 F12000
G1 Z1.5 F3000
G1 E10 F1500
;TYPE:Solid infill
G1 E-10 F1500
G1 Z6.5 F300.0
G1 F12000.0
T0
G1 Z1.5 F300.0
G1 E12.0 F1500
G1 F12000.0
;WIDTH:0.595841
G1 F588.235
G1 X135.666 Y93.447 E.15347
G1 X136.735 Y92.373 E.12852
G1 E-8 F1500
G1 Z1.7 F3000
G1 X139.313 Y90.531 F12000
G1 Z1.5 F3000
G1 E10 F1500
G1 F588.235
G1 X139.268 Y90.486 E.0054
G1 X139.207 Y90.502 E.00535
G1 X139.19 Y90.564 E.00545
G1 X139.235 Y90.609 E.0054
G1 X139.297 Y90.592 E.00545
;WIDTH:0.63542
G1 F545.872
G1 X139.066 Y90.739 E.02502
;WIDTH:0.675
G1 F509.2
G1 X138.835 Y90.886 E.02683
G1 X134.386 Y95.335 E.61646
G1 X134.24 Y95.566 E.02677
;WIDTH:0.63542
G1 F545.872
G1 X134.093 Y95.797 E.02502
;WIDTH:0.595841
G1 F588.235
G1 X134.031 Y95.813 E.00543
G1 X133.986 Y95.768 E.0054
G1 X134.003 Y95.707 E.00537
G1 X134.064 Y95.69 E.00537
G1 X134.109 Y95.735 E.0054
G1 E-8 F1500
G1 Z1.7 F3000
G1 X132.966 Y97.752 F12000
G1 Z1.5 F3000
G1 E10 F1500
G1 F588.235
G1 X132.92 Y97.707 E.00546
G1 X132.859 Y97.723 E.00535
G1 X132.842 Y97.785 E.00545
G1 X132.887 Y97.83 E.0054
G1 X132.949 Y97.814 E.00543
;WIDTH:0.63542
G1 F545.872
G1 X133.076 Y97.583 E.02409
;WIDTH:0.675
G1 F509.2
G1 X133.203 Y97.352 E.02583
G1 X140.852 Y89.703 E1.05985
G1 E-8 F1500
G1 Z1.7 F3000
G1 X142.351 Y89.037 F12000
G1 Z1.5 F3000
G1 E10 F1500
G1 F509.2
G1 X132.539 Y98.849 E1.35956
G1 X132.429 Y99.08 E.02507
;WIDTH:0.63542
G1 F545.872
G1 X132.32 Y99.311 E.02334
;WIDTH:0.595841
G1 F588.235
G1 X132.258 Y99.327 E.00543
G1 X132.213 Y99.282 E.0054
G1 X132.23 Y99.22 E.00545
G1 X132.291 Y99.204 E.00535
G1 X132.336 Y99.249 E.0054
G1 E-8 F1500
G1 Z1.7 F3000
G1 X131.635 Y101.042 F12000
G1 Z1.5 F3000
G1 E10 F1500
G1 F588.235
G1 X131.815 Y100.345 E.06105
;WIDTH:0.63542
G1 F545.872
G1 X131.961 Y100.23 E.01699
;WIDTH:0.675
G1 F509.2
G1 X132.107 Y100.114 E.01827
G1 X143.614 Y88.607 E1.59442
G1 X143.845 Y88.315 E.03648
;WIDTH:0.595841
G1 F588.235
G1 X144.542 Y88.135 E.06105
;WIDTH:0.63542
G1 F545.872
G1 X144.64 Y88.226 E.01222
;WIDTH:0.675
G1 F509.2
G1 X144.738 Y88.316 E.01304
G1 X131.816 Y101.238 E1.79049
G1 X131.616 Y102.271 E.10309
G1 X145.771 Y88.116 E1.96133
G1 X146.733 Y87.988 E.09509
G1 X131.487 Y103.234 E2.1125
G1 X131.414 Y104.14 E.08906
M73 P28 R33
G1 X147.636 Y87.918 E2.24774
G1 X148.486 Y87.901 E.0833
G1 X131.392 Y104.995 E2.36856
G1 X131.413 Y105.808 E.07968
M73 P29 R33
G1 X149.308 Y87.912 E2.47962
G1 X150.084 Y87.969 E.07624
G1 X131.468 Y106.585 E2.57945
G1 X131.552 Y107.335 E.07394
G1 X150.83 Y88.057 E2.67118
G1 X151.549 Y88.171 E.07133
G1 X131.67 Y108.05 E2.75446
G1 X131.812 Y108.741 E.06912
G1 X152.245 Y88.308 E2.83122
G1 X152.911 Y88.475 E.06727
G1 X131.975 Y109.411 E2.90092
G1 X132.159 Y110.061 E.06619
G1 X153.561 Y88.659 E2.96549
G1 X154.185 Y88.868 E.06448
G1 X132.368 Y110.685 E3.02299
G1 X132.592 Y111.293 E.06348
M73 P30 R33
G1 X154.79 Y89.096 E3.07571
G1 X155.379 Y89.34 E.06246
G1 X132.841 Y111.878 E3.12289
G1 X133.103 Y112.449 E.06155
G1 X155.951 Y89.601 E3.16585
G1 X156.501 Y89.884 E.0606
G1 X133.381 Y113.005 E3.2036
G1 X133.681 Y113.538 E.05993
G1 X157.04 Y90.179 E3.23665
G1 X157.56 Y90.492 E.05947
G1 X133.992 Y114.059 E3.26554
G1 X134.318 Y114.567 E.05914
G1 X158.068 Y90.817 E3.29083
G1 X158.557 Y91.161 E.05858
M73 P30 R32
G1 X134.66 Y115.058 E3.3112
G1 X135.022 Y115.529 E.0582
M73 P31 R32
G1 X159.03 Y91.522 E3.32651
G1 X159.49 Y91.895 E.05802
G1 X135.395 Y115.99 E3.33863
G1 X135.779 Y116.439 E.05789
G1 X159.939 Y92.279 E3.34764
G1 X160.367 Y92.684 E.05773
G1 X136.184 Y116.867 E3.35082
G1 X136.6 Y117.285 E.05778
G1 X160.787 Y93.098 E3.35138
G1 X161.187 Y93.53 E.05768
G1 X137.027 Y117.69 E3.34764
G1 X137.475 Y118.075 E.05788
G1 X161.579 Y93.972 E3.33981
G1 X161.949 Y94.435 E.05807
M73 P32 R32
G1 X137.932 Y118.452 E3.32782
G1 X138.408 Y118.809 E.0583
G1 X162.309 Y94.908 E3.31175
G1 X162.656 Y95.394 E.05851
G1 X138.894 Y119.156 E3.29249
G1 X139.401 Y119.482 E.05906
G1 X162.982 Y95.901 E3.26741
G1 X163.296 Y96.421 E.05952
G1 X139.921 Y119.796 E3.23887
G1 X140.453 Y120.097 E.05989
G1 X163.597 Y96.953 E3.20686
G1 X163.879 Y97.504 E.06065
G1 X141.004 Y120.379 E3.16959
G1 X141.577 Y120.64 E.06169
M73 P33 R31
G1 X164.14 Y98.077 E3.12636
G1 X164.386 Y98.664 E.06236
G1 X142.164 Y120.886 E3.07911
G1 X142.766 Y121.116 E.06314
G1 X164.617 Y99.265 E3.0277
G1 X164.824 Y99.892 E.06469
G1 X143.391 Y121.325 E2.96978
G1 X144.038 Y121.511 E.06596
G1 X165.014 Y100.535 E2.90646
G1 X165.177 Y101.205 E.06756
G1 X144.706 Y121.677 E2.83655
G1 X145.395 Y121.821 E.06897
G1 X165.319 Y101.897 E2.76069
G1 X165.436 Y102.613 E.07108
G1 X146.108 Y121.94 E2.67804
G1 X146.856 Y122.026 E.07377
M73 P34 R31
G1 X165.526 Y103.356 E2.58694
G1 X165.586 Y104.129 E.07596
G1 X147.629 Y122.086 E2.48814
G1 X148.441 Y122.107 E.07958
G1 X165.607 Y104.941 E2.37854
G1 X165.588 Y105.794 E.0836
G1 X149.294 Y122.088 E2.25772
G1 X150.192 Y122.022 E.08822
G1 X165.52 Y106.694 E2.12387
G1 X165.397 Y107.651 E.09454
G1 X151.151 Y121.897 E1.97394
G1 E-8 F1500
G1 Z1.7 F3000
G1 X165.21 Y109.565 F12000
G1 Z1.5 F3000
G1 E10 F1500
;WIDTH:0.595841
G1 F588.235
G1 X165.373 Y108.924 E.0561
;WIDTH:0.675
G1 F509.2
G1 X165.202 Y108.679 E.02927
G1 X152.179 Y121.702 E1.80448
G1 X152.302 Y121.787 E.01465
;WIDTH:0.63542
G1 F545.872
G1 X152.424 Y121.873 E.01364
;WIDTH:0.595841
G1 F588.235
G1 X153.065 Y121.71 E.0561
;WIDTH:0.675
G1 F509.2
G1 X153.296 Y121.418 E.03648
G1 X164.918 Y109.796 E1.61036
G1 X164.828 Y110.608 E.08004
;WIDTH:0.595841
G1 F588.235
G1 X164.783 Y110.563 E.0054
G1 X164.722 Y110.58 E.00537
G1 X164.705 Y110.641 E.00537
G1 X164.75 Y110.686 E.0054
G1 X164.812 Y110.67 E.00543
;WIDTH:0.63542
G1 F545.872
G1 X164.656 Y110.859 E.0224
;WIDTH:0.675
G1 F509.2
G1 X164.499 Y111.048 E.02407
G1 X154.544 Y121.003 E1.37938
G1 X154.36 Y121.157 E.02351
;WIDTH:0.63542
G1 F545.872
G1 X154.175 Y121.311 E.022
;WIDTH:0.595841
G1 F588.235
G1 X154.114 Y121.327 E.00535
G1 X154.068 Y121.282 E.00546
G1 X154.085 Y121.221 E.00537
G1 X154.147 Y121.204 E.00545
G1 X154.192 Y121.249 E.0054
G1 E-8 F1500
G1 Z1.7 F3000
G1 X155.647 Y120.698 F12000
G1 Z1.5 F3000
G1 E10 F1500
G1 F588.235
G1 X155.586 Y120.715 E.00537
G1 X155.541 Y120.669 E.00546
G1 X155.557 Y120.608 E.00535
G1 X155.619 Y120.591 E.00545
G1 X155.664 Y120.636 E.0054
;WIDTH:0.63542
G1 F545.872
G1 X155.841 Y120.499 E.02046
;WIDTH:0.675
G1 F509.2
G1 X156.019 Y120.362 E.02201
G1 X164.031 Y112.333 E1.11133
;WIDTH:0.63542
G1 F545.872
M73 P35 R31
G1 X164.2 Y112.147 E.02297
;WIDTH:0.595841
G1 F588.235
G1 X164.138 Y112.164 E.00545
G1 X164.093 Y112.119 E.0054
G1 X164.11 Y112.057 E.00545
G1 X164.171 Y112.041 E.00535
G1 X164.217 Y112.086 E.00546
G1 E-8 F1500
G1 Z1.7 F3000
G1 X163.144 Y114.033 F12000
G1 Z1.5 F3000
G1 E10 F1500
G1 F588.235
M73 P35 R30
G1 X163.099 Y113.988 E.0054
G1 X163.037 Y114.004 E.00543
G1 X163.021 Y114.066 E.00543
G1 X163.066 Y114.111 E.0054
G1 X163.127 Y114.094 E.00537
;WIDTH:0.63542
G1 F545.872
G1 X162.938 Y114.28 E.02424
;WIDTH:0.675
G1 F509.2
G1 X157.78 Y119.438 E.7147
;WIDTH:0.63542
G1 F545.872
G1 X157.594 Y119.627 E.02424
;WIDTH:0.595841
G1 F588.235
G1 X157.533 Y119.644 E.00537
G1 X157.488 Y119.599 E.0054
G1 X157.504 Y119.537 E.00543
G1 X157.566 Y119.521 E.00543
G1 X157.611 Y119.566 E.0054
G1 E-8 F1500
G1 Z1.7 F3000
G1 X160.474 Y117.391 F12000
G1 Z1.5 F3000
G1 E10 F1500
G1 F588.235
G1 X159.607 Y118.218 E.10162
G1 X160.685 Y117.186 E.12657
;LAYER_CHANGE
;Z:1.9
;HEIGHT:0.4

G1 E-8 F1500
G1 Z1.9 F3000
;AFTER_LAYER_CHANGE
;1.9
G92 E0
_ON_LAYER_CHANGE LAYER=5
G1 Z2.1
G1 X148.508 Y85.34 F12000
G1 Z1.9 F3000
G1 E10 F1500
;TYPE:External perimeter
;WIDTH:0.675
G1 F509.2
G1 X148.616 Y85.339 E.01058
G1 X149.529 Y85.365 E.08949
G1 X150.555 Y85.445 E.10083
G1 X151.576 Y85.58 E.10091
G1 X152.589 Y85.768 E.10095
G1 X153.255 Y85.921 E.06695
G1 X154.249 Y86.197 E.10107
G1 X155.225 Y86.523 E.10082
G1 X156.183 Y86.901 E.1009
G1 X157.119 Y87.328 E.1008
G1 X158.033 Y87.803 E.10092
G1 X158.921 Y88.326 E.10097
G1 X159.494 Y88.698 E.06693
G1 X160.334 Y89.297 E.10108
G1 X160.964 Y89.793 E.07856
G1 X161.656 Y90.388 E.08942
G1 X162.404 Y91.097 E.10098
G1 X162.959 Y91.676 E.07858
G1 X163.562 Y92.361 E.08941
G1 X164.203 Y93.167 E.1009
G1 X164.801 Y94.005 E.10087
G1 X165.354 Y94.873 E.10084
G1 X165.861 Y95.769 E.10087
G1 X166.32 Y96.69 E.10082
G1 X166.731 Y97.636 E.10106
G1 X166.976 Y98.274 E.06696
G1 X167.303 Y99.251 E.10094
G1 X167.578 Y100.243 E.10086
G1 X167.801 Y101.248 E.10086
G1 X167.971 Y102.265 E.10103
G1 X168.055 Y102.943 E.06694
G1 X168.135 Y103.971 E.10103
G1 X168.162 Y105 E.10085
G1 X168.135 Y106.03 E.10095
G1 X168.088 Y106.712 E.06698
G1 X167.971 Y107.736 E.10098
G1 X167.801 Y108.752 E.10093
G1 X167.578 Y109.757 E.10086
G1 X167.303 Y110.749 E.10086
G1 X166.977 Y111.725 E.10082
G1 X166.599 Y112.684 E.101
G1 X166.321 Y113.308 E.06693
G1 X165.861 Y114.231 E.10104
G1 X165.354 Y115.127 E.10087
G1 X164.8 Y115.996 E.10097
G1 X164.408 Y116.556 E.06697
G1 X163.781 Y117.374 E.10098
G1 X163.112 Y118.157 E.1009
G1 X162.402 Y118.904 E.10097
G1 X161.911 Y119.379 E.06693
G1 X161.139 Y120.062 E.10099
G1 X160.333 Y120.703 E.1009
G1 X159.495 Y121.301 E.10087
G1 X158.627 Y121.854 E.10084
G1 X157.731 Y122.361 E.10087
G1 X156.809 Y122.821 E.10095
G1 X156.075 Y123.144 E.07857
G1 X155.225 Y123.476 E.08941
G1 X154.249 Y123.803 E.10085
G1 X153.257 Y124.078 E.10086
G1 X152.25 Y124.301 E.10105
G1 X151.577 Y124.42 E.06696
G1 X150.555 Y124.555 E.101
G1 X149.529 Y124.635 E.10083
G1 X148.499 Y124.662 E.10095
G1 X147.815 Y124.65 E.06703
G1 X146.786 Y124.588 E.101
G1 X145.764 Y124.471 E.10079
G1 X144.748 Y124.301 E.10093
G1 X143.743 Y124.078 E.10086
G1 X142.751 Y123.803 E.10086
G1 X141.774 Y123.476 E.10094
G1 X141.136 Y123.231 E.06696
G1 X140.19 Y122.82 E.10106
G1 X139.269 Y122.361 E.10082
G1 X138.373 Y121.854 E.10087
G1 X137.504 Y121.3 E.10097
G1 X136.944 Y120.908 E.06697
G1 X136.126 Y120.281 E.10098
G1 X135.343 Y119.612 E.1009
G1 X134.597 Y118.903 E.10084
G1 X133.888 Y118.157 E.10084
G1 X133.219 Y117.373 E.10098
G1 X132.798 Y116.834 E.06701
G1 X132.199 Y115.995 E.101
G1 X131.646 Y115.127 E.10084
G1 X131.139 Y114.231 E.10087
G1 X130.679 Y113.309 E.10095
G1 X130.356 Y112.575 E.07857
G1 X130.024 Y111.725 E.08941
G1 X129.697 Y110.749 E.10085
G1 X129.422 Y109.757 E.10086
G1 X129.199 Y108.752 E.10086
G1 X129.029 Y107.736 E.10093
G1 X128.934 Y106.94 E.07854
G1 X128.865 Y106.029 E.08951
G1 X128.838 Y104.999 E.10095
G1 X128.855 Y104.198 E.0785
G1 X128.912 Y103.287 E.08943
G1 X129.029 Y102.264 E.10088
G1 X129.199 Y101.248 E.10093
G1 X129.422 Y100.243 E.10086
G1 X129.697 Y99.25 E.10095
G1 X129.948 Y98.489 E.07851
G1 X130.269 Y97.635 E.08939
G1 X130.68 Y96.69 E.10097
G1 X131.034 Y95.97 E.07861
G1 X131.472 Y95.169 E.08945
G1 X132.01 Y94.291 E.10089
G1 X132.593 Y93.443 E.10083
G1 X133.219 Y92.626 E.10084
G1 X133.888 Y91.843 E.1009
G1 X134.597 Y91.097 E.10084
G1 X135.343 Y90.388 E.10084
G1 X136.126 Y89.719 E.1009
G1 X136.943 Y89.092 E.1009
G1 X137.602 Y88.635 E.07857
G1 X138.373 Y88.146 E.08945
G1 X139.269 Y87.639 E.10087
G1 X140.19 Y87.18 E.10082
G1 X141.134 Y86.769 E.10088
G1 X142.098 Y86.409 E.10082
G1 X143.08 Y86.099 E.10089
G1 X144.078 Y85.841 E.101
G1 X144.747 Y85.699 E.06701
G1 X145.764 Y85.529 E.10103
G1 X146.786 Y85.412 E.10079
G1 X147.815 Y85.35 E.101
G1 X148.478 Y85.34 E.06497
G1 X149.077 Y85.352 F12000
G1 X148.502 Y85.992
;TYPE:Perimeter
G1 E-10 F1500
G1 Z6.9 F300.0
G1 F12000.0
T1
G1 Z1.9 F300.0
G1 E30.0 F1500
G1 F12000.0
;WIDTH:0.8
G1 F420.075
G1 X148.611 Y85.99 E.01295
G1 X149.494 Y86.015 E.10491
G1 X150.487 Y86.094 E.11831
G1 X151.474 Y86.224 E.11823
G1 X152.457 Y86.406 E.11873
G1 X153.095 Y86.553 E.07776
G1 X154.058 Y86.82 E.11869
G1 X155.002 Y87.136 E.11823
G1 X155.928 Y87.501 E.11821
G1 X156.834 Y87.913 E.1182
G1 X157.716 Y88.373 E.11814
G1 X158.578 Y88.88 E.11877
G1 X159.127 Y89.237 E.07778
G1 X159.943 Y89.819 E.11904
G1 X160.55 Y90.297 E.09176
G1 X161.22 Y90.872 E.10486
G1 X161.944 Y91.559 E.11854
G1 X162.479 Y92.117 E.09181
G1 X163.062 Y92.779 E.10476
G1 X163.682 Y93.559 E.11834
G1 X164.26 Y94.369 E.11818
G1 X164.795 Y95.209 E.11828
G1 X165.285 Y96.075 E.11817
G1 X165.729 Y96.966 E.11823
G1 X166.128 Y97.882 E.11866
G1 X166.363 Y98.494 E.07786
G1 X166.68 Y99.442 E.11872
G1 X166.946 Y100.401 E.1182
G1 X167.161 Y101.373 E.11823
G1 X167.326 Y102.359 E.11873
G1 X167.406 Y103.009 E.07778
G1 X167.445 Y103.509 E.05956
G1 X167.511 Y105 E.17725
G1 X167.484 Y105.999 E.11869
G1 X167.439 Y106.653 E.07786
G1 X167.325 Y107.646 E.11871
G1 X167.161 Y108.627 E.11813
G1 X166.946 Y109.599 E.11823
G1 X166.68 Y110.558 E.1182
G1 X166.364 Y111.502 E.11823
G1 X165.998 Y112.432 E.1187
G1 X165.731 Y113.03 E.07778
G1 X165.285 Y113.925 E.11876
G1 X164.795 Y114.791 E.11817
G1 X164.258 Y115.634 E.11871
G1 X163.882 Y116.171 E.07786
G1 X163.274 Y116.964 E.11868
G1 X162.628 Y117.721 E.11819
G1 X161.939 Y118.446 E.11879
G1 X161.468 Y118.901 E.07778
G1 X160.72 Y119.563 E.11863
G1 X159.941 Y120.182 E.11817
G1 X159.131 Y120.76 E.11818
G1 X158.291 Y121.295 E.11828
G1 X157.425 Y121.785 E.11817
G1 X156.532 Y122.23 E.1185
G1 X155.825 Y122.542 E.09178
G1 X155.003 Y122.864 E.10485
G1 X154.058 Y123.18 E.11834
G1 X153.099 Y123.446 E.1182
G1 X152.123 Y123.662 E.11872
G1 X151.478 Y123.776 E.07779
G1 X150.487 Y123.906 E.1187
G1 X149.495 Y123.984 E.11818
M73 P36 R30
G1 X148.496 Y124.011 E.11869
G1 X147.841 Y123.999 E.0778
G1 X146.843 Y123.938 E.11875
G1 X145.854 Y123.825 E.11822
G1 X144.873 Y123.661 E.11813
G1 X143.901 Y123.446 E.11823
G1 X142.942 Y123.18 E.1182
G1 X141.994 Y122.863 E.11872
G1 X141.383 Y122.628 E.07775
G1 X140.466 Y122.229 E.11877
G1 X139.575 Y121.785 E.11823
G1 X138.709 Y121.295 E.11817
G1 X137.866 Y120.758 E.11871
G1 X137.329 Y120.382 E.07786
G1 X136.536 Y119.774 E.11868
G1 X135.78 Y119.128 E.1181
G1 X135.058 Y118.442 E.11828
G1 X134.372 Y117.721 E.1182
G1 X133.723 Y116.96 E.11878
G1 X133.32 Y116.444 E.07776
G1 X132.74 Y115.631 E.11861
G1 X132.205 Y114.791 E.11828
G1 X131.715 Y113.925 E.11817
G1 X131.27 Y113.032 E.1185
G1 X130.958 Y112.325 E.09178
G1 X130.636 Y111.503 E.10485
G1 X130.32 Y110.558 E.11834
G1 X130.054 Y109.599 E.1182
G1 X129.839 Y108.627 E.11823
G1 X129.674 Y107.643 E.1185
G1 X129.583 Y106.876 E.09173
G1 X129.516 Y105.996 E.10482
G1 X129.489 Y104.998 E.11857
G1 X129.506 Y104.225 E.09183
G1 X129.562 Y103.344 E.10484
G1 X129.675 Y102.354 E.11834
G1 X129.839 Y101.373 E.11813
G1 X130.054 Y100.401 E.11823
G1 X130.321 Y99.44 E.11846
G1 X130.562 Y98.706 E.09175
G1 X130.873 Y97.88 E.10482
G1 X131.272 Y96.964 E.11866
G1 X131.613 Y96.271 E.09173
G1 X132.036 Y95.496 E.10486
G1 X132.556 Y94.646 E.11834
G1 X133.12 Y93.826 E.1182
G1 X133.726 Y93.036 E.11825
G1 X134.372 Y92.28 E.1181
G1 X135.058 Y91.558 E.11828
G1 X135.78 Y90.872 E.11828
G1 X136.536 Y90.226 E.1181
G1 X137.328 Y89.619 E.11851
G1 X137.962 Y89.178 E.09172
G1 X138.708 Y88.705 E.10491
G1 X139.575 Y88.215 E.11828
G1 X140.466 Y87.771 E.11823
G1 X141.379 Y87.374 E.11824
G1 X142.311 Y87.025 E.1182
G1 X143.26 Y86.726 E.11817
G1 X144.228 Y86.476 E.11874
G1 X144.868 Y86.339 E.07773
G1 X145.854 Y86.175 E.11871
G1 X146.843 Y86.062 E.11822
G1 X147.839 Y86.001 E.11851
G1 X148.472 Y85.992 E.07519
G1 X148.496 Y86.706 F12000
G1 F420.075
G1 X148.606 Y86.705 E.01306
G1 X149.456 Y86.729 E.10099
G1 X150.412 Y86.804 E.11389
G1 X151.362 Y86.929 E.1138
G1 X152.311 Y87.105 E.11463
G1 X152.919 Y87.245 E.0741
G1 X153.849 Y87.503 E.11462
G1 X154.758 Y87.807 E.11383
G1 X155.649 Y88.158 E.11373
G1 X156.52 Y88.556 E.11373
G1 X157.37 Y88.998 E.11378
G1 X158.202 Y89.488 E.11468
G1 X158.725 Y89.828 E.07409
G1 X159.514 Y90.391 E.11512
G1 X160.096 Y90.849 E.08796
G1 X160.741 Y91.402 E.1009
G1 X161.44 Y92.066 E.1145
G1 X161.953 Y92.6 E.08794
G1 X162.514 Y93.238 E.1009
G1 X163.112 Y93.989 E.11401
G1 X163.668 Y94.769 E.11376
G1 X164.183 Y95.577 E.1138
G1 X164.655 Y96.411 E.11381
G1 X165.082 Y97.268 E.11372
G1 X165.467 Y98.153 E.11462
G1 X165.69 Y98.735 E.07402
G1 X165.997 Y99.651 E.11474
G1 X166.253 Y100.574 E.11376
G1 X166.46 Y101.509 E.11373
G1 X166.568 Y102.153 E.07755
G1 X166.657 Y102.771 E.07415
G1 X166.733 Y103.565 E.09473
G1 X166.796 Y105 E.17059
G1 X166.771 Y105.965 E.11465
G1 X166.727 Y106.587 E.07406
G1 X166.618 Y107.546 E.11463
G1 X166.46 Y108.491 E.11379
G1 X166.253 Y109.426 E.11373
G1 X165.997 Y110.349 E.11376
G1 X165.693 Y111.258 E.11383
G1 X165.339 Y112.156 E.11464
G1 X165.085 Y112.726 E.07411
G1 X164.654 Y113.59 E.11467
G1 X164.183 Y114.423 E.11365
G1 X163.664 Y115.237 E.11465
G1 X163.306 Y115.748 E.0741
G1 X162.719 Y116.514 E.11461
G1 X162.097 Y117.242 E.11372
G1 X161.432 Y117.943 E.11476
G1 X160.983 Y118.376 E.07408
G1 X160.261 Y119.016 E.11459
G1 X159.511 Y119.612 E.11377
G1 X158.731 Y120.168 E.11376
G1 X157.923 Y120.683 E.1138
G1 X157.09 Y121.154 E.11365
G1 X156.228 Y121.584 E.11441
G1 X155.551 Y121.882 E.08785
G1 X154.759 Y122.192 E.10101
G1 X153.849 Y122.497 E.11399
G1 X152.926 Y122.753 E.11376
G1 X151.984 Y122.962 E.1146
G1 X151.37 Y123.07 E.07404
G1 X150.412 Y123.196 E.11476
G1 X149.458 Y123.271 E.11365
G1 X148.493 Y123.296 E.11465
G1 X147.869 Y123.285 E.07412
G1 X146.905 Y123.226 E.1147
G1 X145.954 Y123.118 E.11367
G1 X145.009 Y122.96 E.11379
G1 X144.074 Y122.753 E.11373
G1 X143.151 Y122.497 E.11376
G1 X142.235 Y122.19 E.11474
G1 X141.653 Y121.967 E.07402
G1 X140.768 Y121.582 E.11462
G1 X139.911 Y121.155 E.11372
G1 X139.077 Y120.683 E.11381
G1 X138.263 Y120.164 E.11465
G1 X137.752 Y119.806 E.0741
G1 X136.986 Y119.219 E.11461
G1 X136.258 Y118.597 E.11372
G1 X135.563 Y117.937 E.11383
G1 X134.903 Y117.242 E.11383
G1 X134.276 Y116.508 E.11465
G1 X133.892 Y116.017 E.07403
G1 X133.332 Y115.231 E.11462
G1 X132.817 Y114.423 E.1138
G1 X132.345 Y113.589 E.11381
G1 X131.916 Y112.728 E.11425
G1 X131.618 Y112.051 E.08785
G1 X131.308 Y111.259 E.10101
G1 X131.003 Y110.349 E.11399
G1 X130.747 Y109.426 E.11376
G1 X130.54 Y108.491 E.11373
G1 X130.381 Y107.542 E.11428
G1 X130.294 Y106.807 E.0879
G1 X130.229 Y105.959 E.10101
G1 X130.204 Y104.996 E.11441
G1 X130.22 Y104.255 E.08803
G1 X130.273 Y103.407 E.10091
G1 X130.382 Y102.454 E.11392
G1 X130.54 Y101.509 E.11379
G1 X130.747 Y100.574 E.11373
G1 X131.004 Y99.647 E.11425
G1 X131.236 Y98.943 E.08803
G1 X131.535 Y98.148 E.10088
G1 X131.92 Y97.264 E.11451
G1 X132.247 Y96.6 E.0879
G1 X132.654 Y95.854 E.10093
G1 X133.156 Y95.035 E.11409
G1 X133.698 Y94.246 E.11369
G1 X134.281 Y93.486 E.11376
G1 X134.903 Y92.758 E.11372
G1 X135.563 Y92.063 E.11383
G1 X136.258 Y91.403 E.11383
G1 X136.986 Y90.781 E.11372
G1 X137.749 Y90.196 E.11419
G1 X138.357 Y89.773 E.08797
G1 X139.075 Y89.318 E.10095
G1 X139.91 Y88.846 E.11392
G1 X140.768 Y88.418 E.11388
G1 X141.646 Y88.036 E.11372
G1 X142.543 Y87.701 E.11372
G1 X143.457 Y87.413 E.11381
G1 X144.391 Y87.171 E.11459
G1 X145.002 Y87.041 E.07419
G1 X145.954 Y86.882 E.11463
G1 X146.905 Y86.774 E.11367
G1 X147.866 Y86.715 E.11435
G1 X148.466 Y86.707 E.07127
G1 X148.489 Y87.421 F12000
G1 F420.075
G1 X148.601 Y87.419 E.0133
G1 X149.417 Y87.442 E.09695
G1 X150.338 Y87.515 E.10973
G1 X151.25 Y87.635 E.10925
G1 X152.166 Y87.804 E.11062
G1 X152.743 Y87.938 E.07035
G1 X153.64 Y88.187 E.11056
G1 X154.513 Y88.479 E.10933
G1 X155.37 Y88.816 E.10937
G1 X156.207 Y89.198 E.10927
G1 X157.024 Y89.623 E.10937
G1 X157.826 Y90.095 E.11052
G1 X158.323 Y90.418 E.0704
G1 X159.086 Y90.962 E.11129
G1 X159.642 Y91.4 E.08406
G1 X160.262 Y91.932 E.09703
G1 X160.936 Y92.572 E.11039
G1 X161.427 Y93.084 E.08425
G1 X161.967 Y93.697 E.09702
G1 X162.541 Y94.419 E.10954
G1 X163.076 Y95.168 E.10932
G1 X163.57 Y95.945 E.10935
G1 X164.024 Y96.746 E.10935
G1 X164.434 Y97.57 E.10931
G1 X164.806 Y98.423 E.11052
G1 X165.018 Y98.977 E.07045
G1 X165.313 Y99.86 E.11057
G1 X165.559 Y100.747 E.10932
G1 X165.759 Y101.645 E.10926
M73 P37 R30
G1 X165.863 Y102.271 E.07537
G1 X165.948 Y102.858 E.07044
G1 X166.021 Y103.621 E.09103
G1 X166.082 Y105 E.16394
G1 X166.057 Y105.931 E.11061
G1 X166.016 Y106.522 E.07036
G1 X165.911 Y107.447 E.11056
G1 X165.759 Y108.355 E.10934
G1 X165.559 Y109.253 E.10926
G1 X165.313 Y110.14 E.10932
G1 X165.021 Y111.013 E.10933
G1 X164.68 Y111.88 E.11065
G1 X164.439 Y112.421 E.07034
G1 X164.024 Y113.254 E.11053
G1 X163.57 Y114.055 E.10935
G1 X163.07 Y114.84 E.11054
G1 X162.73 Y115.326 E.07044
G1 X162.164 Y116.065 E.11055
G1 X161.566 Y116.764 E.10925
G1 X160.925 Y117.44 E.11064
G1 X160.499 Y117.851 E.0703
G1 X159.801 Y118.468 E.11064
G1 X159.081 Y119.041 E.10929
G1 X158.332 Y119.576 E.10932
G1 X157.555 Y120.07 E.10935
G1 X156.754 Y120.524 E.10935
G1 X155.925 Y120.937 E.11
G1 X155.277 Y121.223 E.08412
G1 X154.516 Y121.521 E.09706
G1 X153.64 Y121.813 E.10967
G1 X152.753 Y122.059 E.10932
G1 X151.844 Y122.261 E.11059
G1 X151.261 Y122.364 E.07031
G1 X150.338 Y122.485 E.11056
G1 X149.42 Y122.558 E.10937
G1 X148.489 Y122.582 E.11061
G1 X147.897 Y122.572 E.07032
M73 P37 R29
G1 X146.968 Y122.515 E.11054
G1 X146.053 Y122.411 E.10937
G1 X145.145 Y122.259 E.10934
G1 X144.247 Y122.059 E.10926
G1 X143.36 Y121.813 E.10932
G1 X142.477 Y121.518 E.11057
G1 X141.923 Y121.306 E.07045
G1 X141.07 Y120.934 E.11052
G1 X140.246 Y120.524 E.10931
G1 X139.445 Y120.07 E.10935
G1 X138.66 Y119.57 E.11054
G1 X138.174 Y119.23 E.07044
G1 X137.435 Y118.664 E.11055
G1 X136.736 Y118.066 E.10925
G1 X136.068 Y117.432 E.10938
G1 X135.434 Y116.764 E.10938
G1 X134.83 Y116.057 E.11044
G1 X134.465 Y115.59 E.07039
G1 X133.924 Y114.832 E.1106
G1 X133.43 Y114.055 E.10935
G1 X132.976 Y113.254 E.10935
G1 X132.563 Y112.425 E.11
G1 X132.277 Y111.777 E.08412
G1 X131.979 Y111.016 E.09706
G1 X131.687 Y110.14 E.10967
G1 X131.441 Y109.253 E.10932
G1 X131.241 Y108.355 E.10926
G1 X131.088 Y107.441 E.11006
G1 X131.005 Y106.737 E.08419
G1 X130.942 Y105.923 E.09696
G1 X130.918 Y104.994 E.11037
G1 X130.933 Y104.286 E.0841
G1 X130.985 Y103.47 E.09711
G1 X131.089 Y102.553 E.10961
G1 X131.241 Y101.645 E.10934
G1 X131.441 Y100.747 E.10926
G1 X131.688 Y99.854 E.11004
G1 X131.91 Y99.181 E.08417
G1 X132.197 Y98.416 E.09704
G1 X132.568 Y97.564 E.11037
G1 X132.881 Y96.929 E.08408
G1 X133.272 Y96.211 E.0971
G1 X133.755 Y95.424 E.10967
G1 X134.276 Y94.666 E.10924
G1 X134.836 Y93.935 E.10936
G1 X135.434 Y93.236 E.10925
G1 X136.068 Y92.568 E.10938
G1 X136.736 Y91.934 E.10938
G1 X137.435 Y91.336 E.10925
G1 X138.17 Y90.772 E.11003
G1 X138.752 Y90.368 E.08414
G1 X139.442 Y89.931 E.097
G1 X140.246 Y89.476 E.10972
G1 X141.07 Y89.066 E.10931
G1 X141.914 Y88.699 E.1093
G1 X142.776 Y88.376 E.10933
G1 X143.654 Y88.099 E.10934
G1 X144.555 Y87.866 E.11053
G1 X145.135 Y87.743 E.07042
G1 X146.053 Y87.589 E.11055
G1 X146.968 Y87.485 E.10937
G1 X147.892 Y87.429 E.10994
G1 X148.459 Y87.421 E.06735
G1 E-8 F1500
G1 Z2.1 F3000
G1 X135.668 Y116.554 F12000
G1 Z1.9 F3000
G1 E10 F1500
;TYPE:Solid infill
G1 E-10 F1500
G1 Z6.9 F300.0
G1 F12000.0
T0
G1 Z1.9 F300.0
G1 E12.0 F1500
G1 F12000.0
;WIDTH:0.595841
G1 F588.235
G1 X136.946 Y117.832 E.15329
G1 X135.873 Y116.765 E.12834
G1 E-8 F1500
G1 Z2.1 F3000
G1 X134.031 Y114.187 F12000
G1 Z1.9 F3000
G1 E10 F1500
G1 F588.235
G1 X133.986 Y114.232 E.0054
G1 X134.003 Y114.293 E.00537
G1 X134.064 Y114.31 E.00537
G1 X134.109 Y114.265 E.0054
G1 X134.093 Y114.203 E.00543
;WIDTH:0.63542
G1 F545.872
G1 X134.24 Y114.434 E.02502
;WIDTH:0.675
G1 F509.2
G1 X134.386 Y114.665 E.02677
G1 X138.842 Y119.12 E.61736
G1 X139.073 Y119.266 E.02677
;WIDTH:0.63542
G1 F545.872
G1 X139.303 Y119.412 E.0249
;WIDTH:0.595841
G1 F588.235
G1 X139.32 Y119.474 E.00545
G1 X139.275 Y119.519 E.0054
G1 X139.213 Y119.502 E.00545
G1 X139.197 Y119.441 E.00535
G1 X139.242 Y119.396 E.0054
G1 E-8 F1500
G1 Z2.1 F3000
G1 X141.252 Y120.534 F12000
G1 Z1.9 F3000
G1 E10 F1500
G1 F588.235
G1 X141.207 Y120.579 E.0054
G1 X141.223 Y120.641 E.00543
G1 X141.285 Y120.657 E.00543
G1 X141.33 Y120.612 E.0054
G1 X141.314 Y120.551 E.00535
;WIDTH:0.63542
G1 F545.872
G1 X141.083 Y120.424 E.02409
;WIDTH:0.675
G1 F509.2
G1 X140.852 Y120.297 E.02583
G1 X133.203 Y112.648 E1.05985
G1 E-8 F1500
G1 Z2.1 F3000
G1 X132.541 Y111.153 F12000
G1 Z1.9 F3000
G1 E10 F1500
G1 F509.2
G1 X142.351 Y120.963 E1.35928
G1 X142.582 Y121.072 E.02503
;WIDTH:0.63542
G1 F545.872
G1 X142.813 Y121.181 E.02334
;WIDTH:0.595841
G1 F588.235
G1 X142.829 Y121.243 E.00543
G1 X142.784 Y121.288 E.0054
G1 X142.722 Y121.272 E.00543
G1 X142.706 Y121.21 E.00543
G1 X142.751 Y121.165 E.0054
G1 E-8 F1500
G1 Z2.1 F3000
G1 X144.542 Y121.865 F12000
G1 Z1.9 F3000
G1 E10 F1500
G1 F588.235
G1 X143.845 Y121.685 E.06105
;WIDTH:0.63542
G1 F545.872
G1 X143.73 Y121.539 E.01699
;WIDTH:0.675
G1 F509.2
G1 X143.614 Y121.393 E.01827
G1 X132.107 Y109.886 E1.59442
G1 X131.815 Y109.655 E.03648
;WIDTH:0.595841
G1 F588.235
G1 X131.635 Y108.958 E.06105
;WIDTH:0.63542
G1 F545.872
G1 X131.726 Y108.86 E.01222
;WIDTH:0.675
G1 F509.2
G1 X131.816 Y108.762 E.01304
G1 X144.738 Y121.684 E1.79049
G1 X145.771 Y121.884 E.10309
G1 X131.616 Y107.729 E1.96133
G1 X131.484 Y106.764 E.09543
M73 P38 R29
G1 X146.733 Y122.012 E2.11285
G1 X147.636 Y122.082 E.08874
G1 X131.414 Y105.86 E2.24774
G1 X131.392 Y105.005 E.0838
G1 X148.496 Y122.109 E2.36995
G1 X149.308 Y122.087 E.07959
G1 X131.413 Y104.193 E2.47948
G1 X131.468 Y103.414 E.07651
G1 X150.084 Y122.031 E2.57952
G1 X150.83 Y121.943 E.0736
G1 X131.553 Y102.666 E2.67104
G1 X131.67 Y101.95 E.07108
G1 X151.552 Y121.832 E2.75487
G1 X152.241 Y121.688 E.06897
G1 X131.812 Y101.259 E2.83067
G1 X131.975 Y100.589 E.06756
G1 X152.911 Y121.525 E2.90092
G1 X153.561 Y121.341 E.06619
G1 X132.158 Y99.939 E2.96556
G1 X132.365 Y99.313 E.0646
M73 P39 R29
G1 X154.185 Y121.132 E3.02334
G1 X154.791 Y120.905 E.0634
G1 X132.593 Y98.708 E3.07571
G1 X132.841 Y98.122 E.06234
M73 P39 R28
G1 X155.38 Y120.66 E3.12296
G1 X155.949 Y120.397 E.06142
G1 X133.102 Y97.55 E3.16571
G1 X133.383 Y96.997 E.06078
G1 X156.505 Y120.119 E3.20381
G1 X157.038 Y119.819 E.05993
G1 X133.677 Y96.458 E3.23693
G1 X133.993 Y95.941 E.05937
G1 X157.559 Y119.507 E3.26533
G1 X158.068 Y119.183 E.05912
M73 P40 R28
G1 X134.321 Y95.436 E3.29041
G1 X134.66 Y94.942 E.0587
G1 X158.554 Y118.836 E3.31078
G1 X159.029 Y118.478 E.05828
G1 X135.022 Y94.471 E3.32644
G1 X135.395 Y94.01 E.0581
G1 X159.493 Y118.109 E3.33912
G1 X159.936 Y117.718 E.05789
G1 X135.779 Y93.561 E3.34722
G1 X136.184 Y93.133 E.05773
G1 X160.369 Y117.318 E3.3511
G1 X160.785 Y116.9 E.05778
G1 X136.6 Y92.715 E3.3511
G1 X137.027 Y92.31 E.05766
M73 P41 R28
G1 X161.19 Y116.473 E3.34805
G1 X161.575 Y116.025 E.05788
G1 X137.475 Y91.925 E3.33932
G1 X137.934 Y91.55 E.05807
G1 X161.95 Y115.566 E3.32768
M73 P41 R27
G1 X162.312 Y115.095 E.0582
G1 X138.405 Y91.188 E3.31258
G1 X138.895 Y90.845 E.0586
G1 X162.657 Y114.606 E3.29242
G1 X162.982 Y114.099 E.059
G1 X139.401 Y90.517 E3.26748
G1 X139.921 Y90.204 E.05947
G1 X163.296 Y113.579 E3.23887
G1 X163.597 Y113.047 E.05989
M73 P42 R27
G1 X140.453 Y89.903 E3.20686
G1 X141.008 Y89.625 E.06082
G1 X163.875 Y112.492 E3.16848
G1 X164.142 Y111.926 E.06132
G1 X141.577 Y89.361 E3.12663
G1 X142.161 Y89.111 E.06224
G1 X164.386 Y111.336 E3.07952
G1 X164.616 Y110.734 E.06314
G1 X142.767 Y88.885 E3.02742
G1 X143.393 Y88.678 E.0646
G1 X164.825 Y110.109 E2.96957
G1 X165.011 Y109.462 E.06596
G1 X144.038 Y88.489 E2.90604
G1 X144.701 Y88.319 E.06706
G1 X165.177 Y108.794 E2.83711
G1 X165.321 Y108.105 E.06897
M73 P43 R27
G1 X145.395 Y88.179 E2.76097
G1 X146.108 Y88.06 E.07082
G1 X165.44 Y107.392 E2.67866
G1 X165.526 Y106.644 E.07377
G1 X146.856 Y87.974 E2.58694
G1 X147.633 Y87.918 E.07633
G1 X165.586 Y105.871 E2.48759
G1 X165.607 Y105.059 E.07958
M73 P43 R26
G1 X148.45 Y87.902 E2.37729
G1 X149.293 Y87.912 E.0826
G1 X165.588 Y104.206 E2.25778
G1 X165.522 Y103.308 E.08822
G1 X150.192 Y87.978 E2.12414
G1 X151.146 Y88.098 E.09421
G1 X165.397 Y102.349 E1.97464
G1 E-8 F1500
G1 Z2.1 F3000
G1 X153.065 Y88.29 F12000
G1 Z1.9 F3000
G1 E10 F1500
;WIDTH:0.595841
G1 F588.235
G1 X152.417 Y88.123 E.05675
;WIDTH:0.675
G1 F509.2
G1 X152.172 Y88.292 E.02916
G1 X165.202 Y101.321 E1.80538
G1 X165.287 Y101.198 E.01465
M73 P44 R26
;WIDTH:0.63542
G1 F545.872
G1 X165.373 Y101.076 E.01364
;WIDTH:0.595841
G1 F588.235
G1 X165.21 Y100.435 E.0561
;WIDTH:0.675
G1 F509.2
G1 X164.918 Y100.204 E.03648
G1 X153.296 Y88.582 E1.61036
G1 X154.108 Y88.672 E.08004
;WIDTH:0.595841
G1 F588.235
G1 X154.063 Y88.717 E.0054
G1 X154.08 Y88.778 E.00537
G1 X154.141 Y88.795 E.00537
G1 X154.186 Y88.75 E.0054
G1 X154.17 Y88.688 E.00543
;WIDTH:0.63542
G1 F545.872
G1 X154.359 Y88.844 E.0224
;WIDTH:0.675
G1 F509.2
G1 X154.548 Y89.001 E.02407
G1 X164.503 Y98.956 E1.37938
G1 X164.657 Y99.14 E.02351
;WIDTH:0.63542
G1 F545.872
G1 X164.811 Y99.325 E.022
;WIDTH:0.595841
G1 F588.235
G1 X164.827 Y99.386 E.00535
G1 X164.782 Y99.432 E.00546
G1 X164.721 Y99.415 E.00537
G1 X164.704 Y99.353 E.00545
G1 X164.749 Y99.308 E.0054
G1 E-8 F1500
G1 Z2.1 F3000
G1 X164.136 Y97.836 F12000
G1 Z1.9 F3000
G1 E10 F1500
G1 F588.235
G1 X164.091 Y97.881 E.0054
G1 X164.108 Y97.943 E.00545
G1 X164.169 Y97.959 E.00535
G1 X164.215 Y97.914 E.00546
G1 X164.198 Y97.853 E.00537
;WIDTH:0.63542
G1 F545.872
G1 X164.03 Y97.667 E.02291
;WIDTH:0.675
G1 F509.2
G1 X156.008 Y89.627 E1.11279
G1 X155.822 Y89.46 E.02449
;WIDTH:0.63542
G1 F545.872
G1 X155.636 Y89.293 E.02285
;WIDTH:0.595841
G1 F588.235
G1 X155.653 Y89.354 E.00537
G1 X155.608 Y89.399 E.0054
G1 X155.546 Y89.383 E.00543
G1 X155.529 Y89.321 E.00545
G1 X155.575 Y89.276 E.00546
G1 E-8 F1500
G1 Z2.1 F3000
G1 X157.527 Y90.35 F12000
G1 Z1.9 F3000
G1 E10 F1500
G1 F588.235
G1 X157.482 Y90.395 E.0054
G1 X157.499 Y90.456 E.00537
G1 X157.56 Y90.473 E.00537
G1 X157.605 Y90.428 E.0054
G1 X157.589 Y90.366 E.00543
;WIDTH:0.63542
G1 F545.872
G1 X157.775 Y90.556 E.0243
;WIDTH:0.675
G1 F509.2
G1 X162.748 Y95.534 E.68941
G1 X162.907 Y95.712 E.02338
;WIDTH:0.63542
G1 F545.872
G1 X163.066 Y95.889 E.02175
;WIDTH:0.595841
G1 F588.235
G1 X163.021 Y95.934 E.0054
G1 X163.037 Y95.996 E.00543
G1 X163.099 Y96.012 E.00543
G1 X163.144 Y95.967 E.0054
G1 X163.127 Y95.906 E.00537
G1 E-8 F1500
G1 Z2.1 F3000
G1 X162.41 Y94.673 F12000
G1 Z1.9 F3000
G1 E10 F1500
G1 F588.235
G1 X161.724 Y93.899 E.08772
G1 X160.69 Y92.819 E.12681
G1 X160.037 Y92.183 E.07731
G1 X158.928 Y91.175 E.12711
;LAYER_CHANGE
;Z:2.3
;HEIGHT:0.4

G1 E-8 F1500
G1 Z2.3 F3000
;AFTER_LAYER_CHANGE
;2.3
G92 E0
_ON_LAYER_CHANGE LAYER=6
G1 Z2.5
G1 X148.508 Y85.341 F12000
G1 Z2.3 F3000
G1 E10 F1500
;TYPE:External perimeter
;WIDTH:0.675
G1 F509.2
G1 X148.644 Y85.339 E.01333
G1 X149.529 Y85.365 E.08675
G1 X150.555 Y85.445 E.10083
G1 X151.576 Y85.58 E.10091
G1 X152.589 Y85.768 E.10095
G1 X153.255 Y85.921 E.06695
G1 X154.249 Y86.197 E.10107
G1 X155.225 Y86.523 E.10082
G1 X156.183 Y86.901 E.1009
G1 X157.119 Y87.328 E.1008
G1 X158.033 Y87.803 E.10092
G1 X158.75 Y88.221 E.08132
G1 X159.496 Y88.7 E.08686
G1 X160.056 Y89.092 E.06697
G1 X160.874 Y89.719 E.10098
G1 X161.657 Y90.388 E.1009
G1 X162.404 Y91.098 E.10097
G1 X162.879 Y91.589 E.06693
G1 X163.562 Y92.361 E.10099
G1 X164.203 Y93.167 E.1009
G1 X164.801 Y94.005 E.10087
G1 X165.354 Y94.873 E.10084
G1 X165.862 Y95.77 E.101
G1 X166.172 Y96.379 E.06695
G1 X166.6 Y97.318 E.10111
G1 X166.907 Y98.088 E.08122
G1 X167.2 Y98.924 E.08679
G1 X167.492 Y99.911 E.10085
G1 X167.733 Y100.912 E.10088
G1 X167.92 Y101.924 E.10083
G1 X168.055 Y102.945 E.10091
G1 X168.135 Y103.971 E.10083
G1 X168.162 Y105 E.10085
G1 X168.135 Y106.03 E.10095
G1 X168.088 Y106.712 E.06698
G1 X167.971 Y107.736 E.10098
G1 X167.801 Y108.752 E.10093
G1 X167.578 Y109.757 E.10086
G1 X167.303 Y110.749 E.10086
G1 X166.977 Y111.725 E.10082
G1 X166.599 Y112.684 E.101
G1 X166.321 Y113.308 E.06693
G1 X165.861 Y114.231 E.10104
G1 X165.354 Y115.127 E.10087
G1 X164.8 Y115.996 E.10097
G1 X164.408 Y116.556 E.06697
G1 X163.781 Y117.374 E.10098
G1 X163.112 Y118.157 E.1009
G1 X162.402 Y118.904 E.10097
G1 X161.911 Y119.379 E.06693
G1 X161.139 Y120.062 E.10099
G1 X160.333 Y120.703 E.1009
G1 X159.495 Y121.301 E.10087
G1 X158.627 Y121.854 E.10084
G1 X157.731 Y122.361 E.10087
G1 X156.81 Y122.82 E.10082
G1 X155.864 Y123.231 E.10106
G1 X155.226 Y123.476 E.06696
G1 X154.249 Y123.803 E.10094
G1 X153.257 Y124.078 E.10086
G1 X152.251 Y124.301 E.10096
G1 X151.434 Y124.442 E.08123
G1 X150.556 Y124.555 E.08673
G1 X149.529 Y124.635 E.10093
G1 X148.499 Y124.662 E.10095
G1 X147.815 Y124.65 E.06703
G1 X146.786 Y124.588 E.101
G1 X145.764 Y124.471 E.10079
G1 X144.747 Y124.301 E.10103
G1 X144.078 Y124.159 E.06701
G1 X143.08 Y123.901 E.101
G1 X142.099 Y123.591 E.1008
G1 X141.134 Y123.231 E.10091
G1 X140.19 Y122.82 E.10088
G1 X139.269 Y122.361 E.10082
G1 X138.373 Y121.854 E.10087
G1 X137.671 Y121.411 E.08133
G1 X136.943 Y120.907 E.08675
G1 X136.126 Y120.281 E.10084
G1 X135.343 Y119.612 E.1009
G1 X134.597 Y118.903 E.10084
G1 X133.888 Y118.157 E.10084
G1 X133.218 Y117.373 E.10104
G1 X132.798 Y116.834 E.06695
G1 X132.199 Y115.995 E.101
G1 X131.646 Y115.127 E.10084
G1 X131.139 Y114.231 E.10087
G1 X130.679 Y113.309 E.10095
G1 X130.346 Y112.55 E.08121
G1 X130.024 Y111.725 E.08677
G1 X129.697 Y110.749 E.10085
G1 X129.422 Y109.757 E.10086
G1 X129.199 Y108.752 E.10086
G1 X129.029 Y107.736 E.10093
G1 X128.912 Y106.712 E.10098
G1 X128.865 Y106.03 E.06698
G1 X128.838 Y104.999 E.10105
G1 X128.856 Y104.17 E.08124
G1 X128.912 Y103.287 E.08669
G1 X129.029 Y102.264 E.10088
G1 X129.199 Y101.248 E.10093
G1 X129.422 Y100.243 E.10086
G1 X129.697 Y99.251 E.10086
G1 X130.024 Y98.274 E.10094
G1 X130.324 Y97.501 E.08124
G1 X130.68 Y96.691 E.08669
G1 X131.139 Y95.769 E.10091
G1 X131.646 Y94.873 E.10087
G1 X132.199 Y94.005 E.10084
G1 X132.797 Y93.166 E.10095
G1 X133.311 Y92.515 E.08127
G1 X133.888 Y91.844 E.08671
G1 X134.597 Y91.096 E.10098
G1 X135.196 Y90.523 E.08122
G1 X135.861 Y89.938 E.08678
G1 X136.667 Y89.297 E.1009
G1 X137.505 Y88.699 E.10087
G1 X138.373 Y88.146 E.10084
G1 X139.269 Y87.639 E.10087
G1 X140.19 Y87.18 E.10082
G1 X141.134 Y86.769 E.10088
G1 X142.098 Y86.409 E.10082
G1 X143.08 Y86.099 E.10089
G1 X144.078 Y85.841 E.101
G1 X144.747 Y85.699 E.06701
G1 X145.764 Y85.529 E.10103
G1 X146.786 Y85.412 E.10079
G1 X147.814 Y85.35 E.1009
G1 X148.478 Y85.341 E.06506
G1 X149.077 Y85.352 F12000
G1 X148.502 Y85.992
;TYPE:Perimeter
G1 E-10 F1500
G1 Z7.3 F300.0
G1 F12000.0
T1
G1 Z2.3 F300.0
G1 E30.0 F1500
G1 F12000.0
;WIDTH:0.8
G1 F420.075
G1 X148.639 Y85.991 E.01627
G1 X149.494 Y86.015 E.10158
G1 X150.487 Y86.094 E.11831
G1 X151.474 Y86.224 E.11823
G1 X152.457 Y86.406 E.11873
G1 X153.095 Y86.553 E.07776
G1 X154.058 Y86.82 E.11869
G1 X155.002 Y87.136 E.11823
G1 X155.928 Y87.501 E.11821
G1 X156.834 Y87.913 E.1182
G1 X157.718 Y88.374 E.11841
G1 X158.409 Y88.777 E.095
G1 X159.133 Y89.241 E.10213
G1 X159.671 Y89.618 E.07802
G1 X160.464 Y90.226 E.11868
M73 P45 R26
G1 X161.221 Y90.872 E.11819
G1 X161.946 Y91.561 E.11879
G1 X162.401 Y92.032 E.07778
G1 X163.063 Y92.78 E.11863
G1 X163.682 Y93.559 E.11817
G1 X164.26 Y94.369 E.11818
G1 X164.795 Y95.209 E.11828
G1 X165.287 Y96.079 E.1187
G1 X165.585 Y96.662 E.07776
G1 X165.823 Y97.185 E.06824
G1 X166.159 Y97.971 E.10152
G1 X166.429 Y98.695 E.09177
G1 X166.721 Y99.603 E.11328
G1 X166.979 Y100.564 E.11817
G1 X167.186 Y101.537 E.11814
G1 X167.341 Y102.52 E.11819
G1 X167.445 Y103.509 E.11811
G1 X167.511 Y105 E.17725
G1 X167.484 Y105.999 E.11869
G1 X167.439 Y106.653 E.07786
G1 X167.325 Y107.646 E.11871
G1 X167.161 Y108.627 E.11813
G1 X166.946 Y109.599 E.11823
G1 X166.68 Y110.558 E.1182
G1 X166.364 Y111.502 E.11823
G1 X165.998 Y112.432 E.1187
G1 X165.731 Y113.03 E.07778
G1 X165.285 Y113.925 E.11876
G1 X164.795 Y114.791 E.11817
G1 X164.258 Y115.634 E.11871
G1 X163.882 Y116.171 E.07786
G1 X163.274 Y116.964 E.11868
G1 X162.628 Y117.721 E.11819
G1 X161.939 Y118.446 E.11879
G1 X161.468 Y118.901 E.07778
G1 X160.72 Y119.563 E.11863
G1 X159.941 Y120.182 E.11817
G1 X159.131 Y120.76 E.11818
G1 X158.291 Y121.295 E.11828
G1 X157.425 Y121.785 E.11817
G1 X156.534 Y122.229 E.11823
G1 X155.618 Y122.628 E.11866
G1 X155.006 Y122.863 E.07786
G1 X154.058 Y123.18 E.11872
G1 X153.099 Y123.446 E.1182
G1 X152.125 Y123.662 E.11849
G1 X151.337 Y123.797 E.09495
G1 X150.488 Y123.906 E.10166
G1 X149.495 Y123.984 E.1183
G1 X148.496 Y124.011 E.11869
G1 X147.841 Y123.999 E.0778
G1 X146.843 Y123.938 E.11875
G1 X145.854 Y123.825 E.11822
G1 X144.868 Y123.661 E.11871
G1 X144.228 Y123.524 E.07773
G1 X143.26 Y123.274 E.11874
G1 X142.311 Y122.975 E.11817
G1 X141.379 Y122.626 E.1182
G1 X140.466 Y122.229 E.11824
G1 X139.575 Y121.785 E.11823
G1 X138.707 Y121.294 E.11844
G1 X138.03 Y120.867 E.09506
G1 X137.327 Y120.381 E.1015
G1 X136.536 Y119.774 E.11842
G1 X135.78 Y119.128 E.1181
G1 X135.058 Y118.442 E.11828
G1 X134.372 Y117.72 E.11828
G1 X133.723 Y116.96 E.11869
G1 X133.32 Y116.444 E.07776
G1 X132.74 Y115.631 E.11861
G1 X132.205 Y114.791 E.11828
G1 X131.715 Y113.925 E.11817
G1 X131.27 Y113.032 E.1185
G1 X130.948 Y112.3 E.09498
G1 X130.636 Y111.503 E.10165
G1 X130.32 Y110.558 E.11834
G1 X130.054 Y109.599 E.1182
G1 X129.839 Y108.627 E.11823
G1 X129.675 Y107.646 E.11813
G1 X129.561 Y106.653 E.11871
G1 X129.516 Y105.999 E.07786
G1 X129.489 Y104.998 E.11893
G1 X129.507 Y104.198 E.09504
G1 X129.562 Y103.345 E.10152
G1 X129.675 Y102.354 E.11846
G1 X129.839 Y101.373 E.11813
G1 X130.054 Y100.401 E.11823
G1 X130.32 Y99.442 E.1182
G1 X130.637 Y98.496 E.11849
G1 X130.927 Y97.75 E.09506
G1 X131.27 Y96.967 E.10152
G1 X131.715 Y96.075 E.11839
G1 X132.205 Y95.209 E.11817
G1 X132.74 Y94.369 E.11828
G1 X133.319 Y93.557 E.11844
G1 X133.814 Y92.929 E.09497
G1 X134.371 Y92.281 E.10148
G1 X135.059 Y91.556 E.1187
G1 X135.637 Y91.003 E.095
G1 X136.279 Y90.438 E.10157
G1 X137.059 Y89.818 E.11834
G1 X137.869 Y89.24 E.11818
G1 X138.709 Y88.705 E.11828
G1 X139.575 Y88.215 E.11817
G1 X140.466 Y87.771 E.11823
G1 X141.379 Y87.374 E.11824
G1 X142.311 Y87.025 E.1182
G1 X143.26 Y86.726 E.11817
G1 X144.228 Y86.476 E.11874
G1 X144.868 Y86.339 E.07773
G1 X145.854 Y86.175 E.11871
G1 X146.843 Y86.062 E.11822
G1 X147.839 Y86.001 E.11851
G1 X148.472 Y85.993 E.07518
G1 X148.496 Y86.707 F12000
G1 F420.075
G1 X148.633 Y86.705 E.01627
G1 X149.455 Y86.729 E.09767
G1 X150.412 Y86.804 E.11401
M73 P45 R25
G1 X151.362 Y86.929 E.1138
G1 X152.311 Y87.105 E.11463
G1 X152.919 Y87.245 E.0741
G1 X153.849 Y87.503 E.11462
G1 X154.758 Y87.807 E.11383
G1 X155.649 Y88.158 E.11373
G1 X156.52 Y88.556 E.11373
G1 X157.373 Y89 E.11421
G1 X158.037 Y89.386 E.09122
G1 X158.735 Y89.834 E.0985
G1 X159.248 Y90.194 E.07443
G1 X160.014 Y90.781 E.11461
G1 X160.742 Y91.403 E.11372
G1 X161.443 Y92.068 E.11476
G1 X161.876 Y92.516 E.074
G1 X162.516 Y93.239 E.11468
G1 X163.112 Y93.989 E.11377
G1 X163.668 Y94.769 E.11376
G1 X164.183 Y95.577 E.1138
G1 X164.658 Y96.417 E.11461
G1 X164.941 Y96.973 E.0741
G1 X165.173 Y97.481 E.06633
G1 X165.495 Y98.236 E.09748
G1 X165.755 Y98.931 E.08813
G1 X166.037 Y99.805 E.10907
G1 X166.284 Y100.73 E.11371
G1 X166.484 Y101.667 E.11379
G1 X166.633 Y102.613 E.11374
G1 X166.733 Y103.565 E.11369
G1 X166.796 Y105 E.17059
G1 X166.771 Y105.965 E.11465
G1 X166.727 Y106.587 E.07406
G1 X166.618 Y107.546 E.11463
G1 X166.46 Y108.491 E.11379
G1 X166.253 Y109.426 E.11373
G1 X165.997 Y110.349 E.11376
G1 X165.693 Y111.258 E.11383
G1 X165.339 Y112.156 E.11464
G1 X165.085 Y112.726 E.07411
G1 X164.654 Y113.589 E.11457
G1 X164.183 Y114.423 E.11375
G1 X163.664 Y115.237 E.11465
G1 X163.306 Y115.748 E.0741
G1 X162.719 Y116.514 E.11461
G1 X162.097 Y117.242 E.11372
G1 X161.432 Y117.943 E.11476
G1 X160.983 Y118.376 E.07408
G1 X160.261 Y119.016 E.11459
G1 X159.511 Y119.612 E.11377
G1 X158.731 Y120.168 E.11376
G1 X157.923 Y120.683 E.1138
G1 X157.089 Y121.155 E.11381
G1 X156.232 Y121.582 E.11372
G1 X155.347 Y121.967 E.11462
G1 X154.765 Y122.19 E.07402
G1 X153.849 Y122.497 E.11474
G1 X152.926 Y122.753 E.11376
G1 X151.988 Y122.961 E.11411
G1 X151.231 Y123.091 E.09122
G1 X150.415 Y123.196 E.09771
G1 X149.458 Y123.271 E.11401
G1 X148.493 Y123.296 E.11465
G1 X147.869 Y123.285 E.07412
G1 X146.905 Y123.226 E.1147
G1 X145.954 Y123.118 E.11367
G1 X145.002 Y122.959 E.11463
G1 X144.391 Y122.829 E.07419
G1 X143.457 Y122.587 E.11459
G1 X142.543 Y122.299 E.11381
G1 X141.646 Y121.964 E.11372
G1 X140.768 Y121.582 E.11372
G1 X139.911 Y121.155 E.11372
G1 X139.074 Y120.681 E.11424
G1 X138.424 Y120.271 E.09127
G1 X137.748 Y119.803 E.09765
G1 X136.986 Y119.219 E.11402
G1 X136.258 Y118.597 E.11372
G1 X135.563 Y117.937 E.11383
G1 X134.903 Y117.242 E.11383
G1 X134.276 Y116.508 E.11465
G1 X133.892 Y116.017 E.07403
G1 X133.332 Y115.231 E.11462
G1 X132.817 Y114.423 E.1138
G1 X132.346 Y113.59 E.11365
G1 X131.916 Y112.729 E.1143
G1 X131.607 Y112.026 E.0912
G1 X131.308 Y111.26 E.09766
G1 X131.003 Y110.349 E.1141
G1 X130.747 Y109.426 E.11376
G1 X130.54 Y108.491 E.11373
G1 X130.382 Y107.546 E.11379
G1 X130.273 Y106.587 E.11463
G1 X130.229 Y105.965 E.07406
G1 X130.204 Y104.996 E.11512
G1 X130.221 Y104.229 E.09112
G1 X130.273 Y103.408 E.0977
G1 X130.382 Y102.454 E.11404
G1 X130.54 Y101.509 E.11379
G1 X130.747 Y100.574 E.11373
G1 X131.003 Y99.651 E.11376
G1 X131.308 Y98.739 E.11421
G1 X131.587 Y98.023 E.09126
M73 P46 R25
G1 X131.917 Y97.27 E.09764
G1 X132.346 Y96.411 E.11403
G1 X132.817 Y95.577 E.11375
G1 X133.332 Y94.769 E.1138
G1 X133.89 Y93.986 E.11419
G1 X134.366 Y93.383 E.09124
G1 X134.902 Y92.759 E.0977
G1 X135.565 Y92.06 E.11442
G1 X136.12 Y91.529 E.09122
G1 X136.738 Y90.986 E.0977
G1 X137.489 Y90.388 E.11401
G1 X138.269 Y89.832 E.11376
G1 X139.077 Y89.317 E.1138
G1 X139.91 Y88.846 E.11365
G1 X140.768 Y88.418 E.11388
G1 X141.646 Y88.036 E.11372
G1 X142.543 Y87.701 E.11372
G1 X143.457 Y87.413 E.11381
G1 X144.391 Y87.171 E.11459
G1 X145.002 Y87.041 E.07419
G1 X145.954 Y86.882 E.11463
G1 X146.905 Y86.774 E.11367
G1 X147.865 Y86.715 E.11423
G1 X148.466 Y86.707 E.07138
G1 X148.489 Y87.421 F12000
G1 F420.075
G1 X148.627 Y87.419 E.01639
G1 X149.417 Y87.442 E.09386
G1 X150.338 Y87.515 E.10973
G1 X151.25 Y87.635 E.10925
G1 X152.166 Y87.804 E.11062
G1 X152.743 Y87.938 E.07035
G1 X153.64 Y88.187 E.11056
G1 X154.513 Y88.479 E.10933
G1 X155.37 Y88.816 E.10937
G1 X156.207 Y89.198 E.10927
G1 X157.028 Y89.625 E.10991
G1 X157.664 Y89.996 E.08745
G1 X158.338 Y90.428 E.09508
G1 X158.826 Y90.77 E.07077
G1 X159.565 Y91.336 E.11055
G1 X160.264 Y91.934 E.10925
G1 X160.94 Y92.575 E.11064
G1 X161.351 Y93.001 E.0703
G1 X161.968 Y93.699 E.11064
G1 X162.541 Y94.419 E.10929
G1 X163.076 Y95.168 E.10932
G1 X163.57 Y95.945 E.10935
G1 X164.029 Y96.755 E.11057
G1 X164.523 Y97.777 E.13481
G1 X164.832 Y98.5 E.09338
G1 X165.081 Y99.168 E.08467
G1 X165.352 Y100.008 E.10483
G1 X165.59 Y100.897 E.1093
G1 X165.781 Y101.797 E.10927
G1 X165.925 Y102.706 E.1093
G1 X166.021 Y103.621 E.10927
G1 X166.082 Y105 E.16394
G1 X166.057 Y105.931 E.11061
G1 X166.016 Y106.522 E.07036
G1 X165.911 Y107.447 E.11056
G1 X165.759 Y108.355 E.10934
G1 X165.559 Y109.253 E.10926
G1 X165.313 Y110.14 E.10932
G1 X165.021 Y111.013 E.10933
G1 X164.68 Y111.88 E.11065
G1 X164.439 Y112.421 E.07034
G1 X164.024 Y113.254 E.11053
G1 X163.57 Y114.055 E.10935
G1 X163.07 Y114.84 E.11054
G1 X162.73 Y115.326 E.07044
G1 X162.164 Y116.065 E.11055
G1 X161.566 Y116.764 E.10925
G1 X160.925 Y117.44 E.11064
G1 X160.499 Y117.851 E.0703
G1 X159.801 Y118.468 E.11064
G1 X159.081 Y119.041 E.10929
G1 X158.332 Y119.576 E.10932
G1 X157.555 Y120.07 E.10935
G1 X156.754 Y120.524 E.10935
G1 X155.93 Y120.934 E.10931
G1 X155.077 Y121.306 E.11052
G1 X154.523 Y121.518 E.07045
G1 X153.64 Y121.813 E.11057
G1 X152.753 Y122.059 E.10932
G1 X151.85 Y122.26 E.10987
G1 X151.125 Y122.384 E.08736
G1 X150.341 Y122.485 E.09388
G1 X149.42 Y122.558 E.10973
G1 X148.489 Y122.582 E.11061
G1 X147.897 Y122.572 E.07032
G1 X146.968 Y122.515 E.11054
G1 X146.053 Y122.411 E.10937
G1 X145.135 Y122.257 E.11055
G1 X144.555 Y122.134 E.07042
G1 X143.654 Y121.901 E.11053
G1 X142.776 Y121.624 E.10934
G1 X141.914 Y121.301 E.10933
G1 X141.07 Y120.934 E.1093
G1 X140.246 Y120.524 E.10931
G1 X139.44 Y120.068 E.10998
G1 X138.818 Y119.675 E.08738
G1 X138.168 Y119.226 E.09382
G1 X137.435 Y118.664 E.1097
G1 X136.736 Y118.066 E.10925
G1 X136.068 Y117.432 E.10938
G1 X135.434 Y116.764 E.10938
G1 X134.83 Y116.056 E.11053
G1 X134.465 Y115.59 E.0703
G1 X133.924 Y114.832 E.1106
G1 X133.43 Y114.055 E.10935
G1 X132.976 Y113.254 E.10935
G1 X132.563 Y112.426 E.10989
G1 X132.267 Y111.752 E.08743
G1 X131.98 Y111.017 E.09371
G1 X131.687 Y110.14 E.10982
G1 X131.441 Y109.253 E.10932
G1 X131.241 Y108.355 E.10926
G1 X131.089 Y107.447 E.10934
G1 X130.984 Y106.522 E.11056
G1 X130.943 Y105.931 E.07036
G1 X130.918 Y104.995 E.1112
G1 X130.934 Y104.259 E.08743
G1 X130.985 Y103.471 E.09378
G1 X131.089 Y102.553 E.10972
G1 X131.241 Y101.645 E.10934
G1 X131.441 Y100.747 E.10926
G1 X131.687 Y99.86 E.10932
G1 X131.98 Y98.982 E.10993
G1 X132.247 Y98.296 E.08743
G1 X132.564 Y97.573 E.09376
G1 X132.976 Y96.746 E.10973
G1 X133.43 Y95.945 E.10935
G1 X133.924 Y95.168 E.10935
G1 X134.462 Y94.415 E.10991
G1 X134.917 Y93.837 E.08736
G1 X135.432 Y93.238 E.09382
G1 X136.071 Y92.564 E.1103
G1 X136.603 Y92.056 E.08736
G1 X137.196 Y91.534 E.09383
G1 X137.919 Y90.959 E.10971
G1 X138.668 Y90.424 E.10932
G1 X139.445 Y89.93 E.10935
G1 X140.246 Y89.476 E.10935
G1 X141.07 Y89.066 E.10931
G1 X141.914 Y88.699 E.1093
G1 X142.776 Y88.376 E.10933
G1 X143.654 Y88.099 E.10934
G1 X144.555 Y87.866 E.11053
G1 X145.135 Y87.743 E.07042
G1 X146.053 Y87.589 E.11055
G1 X146.968 Y87.485 E.10937
G1 X147.891 Y87.429 E.10982
G1 X148.459 Y87.421 E.06747
G1 E-8 F1500
G1 Z2.5 F3000
G1 X145.213 Y88.21 F12000
G1 Z2.3 F3000
G1 E10 F1500
;TYPE:Internal infill
G1 E-10 F1500
G1 Z7.3 F300.0
G1 F12000.0
T0
G1 Z2.3 F300.0
G1 E12.0 F1500
G1 F12000.0
;WIDTH:0.675
G1 F509.2
G1 X146.962 Y87.962 E.17308
G1 X147.236 Y88.166 E.03347
G1 X147.868 Y88.445 E.06769
G1 X148.5 Y88.573 E.06318
G1 X149.132 Y88.573 E.06192
G1 X149.764 Y88.431 E.06347
G1 X150.488 Y88.012 E.08196
G1 X152.23 Y88.305 E.17307
G1 E-8 F1500
G1 Z2.5 F3000
G1 X159.147 Y91.612 F12000
G1 Z2.3 F3000
G1 E10 F1500
G1 F509.2
G1 X160.471 Y92.782 E.17311
G1 X159.878 Y93.223 E.07241
G1 X159.246 Y93.502 E.06769
G1 X158.614 Y93.63 E.06318
G1 X157.982 Y93.63 E.06192
G1 X157.35 Y93.488 E.06347
G1 X156.718 Y93.15 E.07022
G1 X155.454 Y91.962 E.16996
G1 X154.821 Y91.491 E.0773
G1 X154.189 Y91.213 E.06765
G1 X153.557 Y91.085 E.06318
G1 X152.925 Y91.084 E.06192
G1 X152.293 Y91.226 E.06347
G1 X151.661 Y91.565 E.07027
G1 X150.396 Y92.752 E.16996
G1 X149.764 Y93.223 E.07723
G1 X149.132 Y93.502 E.06769
G1 X148.5 Y93.63 E.06318
G1 X147.868 Y93.63 E.06192
G1 X147.236 Y93.488 E.06347
G1 X146.604 Y93.15 E.07022
G1 X145.339 Y91.962 E.17003
G1 X144.707 Y91.491 E.07723
G1 X144.075 Y91.213 E.06765
G1 X143.443 Y91.085 E.06318
G1 X142.811 Y91.084 E.06192
G1 X142.179 Y91.226 E.06347
G1 X141.546 Y91.565 E.07035
G1 X140.282 Y92.752 E.16989
G1 X139.65 Y93.223 E.07723
G1 X139.018 Y93.502 E.06769
G1 X138.386 Y93.63 E.06318
G1 X137.754 Y93.63 E.06192
G1 X137.122 Y93.488 E.06347
G1 X136.489 Y93.15 E.07031
G1 X136.315 Y92.995 E.02283
G1 X134.84 Y94.699 E.22081
G1 X133.865 Y96.141 E.17055
G1 X134.593 Y96.283 E.07267
G1 X135.225 Y96.622 E.07027
G1 X136.489 Y97.809 E.16989
G1 X137.122 Y98.28 E.0773
G1 X137.754 Y98.559 E.06769
G1 X138.386 Y98.687 E.06318
G1 X139.018 Y98.687 E.06192
G1 X139.65 Y98.545 E.06347
G1 X140.282 Y98.207 E.07022
G1 X141.546 Y97.019 E.16996
G1 X142.179 Y96.548 E.0773
G1 X142.811 Y96.27 E.06765
G1 X143.443 Y96.142 E.06318
G1 X144.075 Y96.141 E.06192
G1 X144.707 Y96.283 E.06347
G1 X145.339 Y96.622 E.07027
G1 X146.604 Y97.809 E.16996
G1 X147.236 Y98.28 E.07723
G1 X147.868 Y98.559 E.06769
G1 X148.5 Y98.687 E.06318
G1 X149.132 Y98.687 E.06192
G1 X149.764 Y98.545 E.06347
G1 X150.396 Y98.207 E.07022
G1 X151.661 Y97.019 E.17003
G1 X152.293 Y96.548 E.07723
G1 X152.925 Y96.27 E.06765
G1 X153.557 Y96.142 E.06318
G1 X154.189 Y96.141 E.06192
G1 X154.821 Y96.283 E.06347
G1 X155.454 Y96.622 E.07035
M73 P47 R25
G1 X156.718 Y97.809 E.16989
G1 X157.35 Y98.28 E.07723
G1 X157.982 Y98.559 E.06769
G1 X158.614 Y98.687 E.06318
G1 X159.246 Y98.687 E.06192
G1 X159.878 Y98.545 E.06347
G1 X160.511 Y98.207 E.07031
G1 X161.775 Y97.019 E.16996
G1 X162.407 Y96.548 E.07723
G1 X163.193 Y96.239 E.08275
G1 X164.015 Y97.803 E.17311
G1 E-8 F1500
G1 Z2.5 F3000
G1 X163.591 Y113.057 F12000
G1 Z2.3 F3000
G1 E10 F1500
G1 F509.2
G1 X164.338 Y111.457 E.17301
G1 X163.671 Y111.313 E.06686
G1 X163.039 Y111.313 E.06192
G1 X162.407 Y111.455 E.06347
G1 X161.775 Y111.793 E.07022
G1 X160.511 Y112.981 E.16996
G1 X159.878 Y113.452 E.0773
G1 X159.246 Y113.73 E.06765
G1 X158.614 Y113.858 E.06318
G1 X157.982 Y113.859 E.06192
G1 X157.35 Y113.717 E.06347
G1 X156.718 Y113.378 E.07027
G1 X155.454 Y112.191 E.16989
G1 X154.821 Y111.72 E.0773
G1 X154.189 Y111.441 E.06769
G1 X153.557 Y111.313 E.06318
G1 X152.925 Y111.313 E.06192
G1 X152.293 Y111.455 E.06347
G1 X151.661 Y111.793 E.07022
G1 X150.396 Y112.981 E.17003
G1 X149.764 Y113.452 E.07723
G1 X149.132 Y113.73 E.06765
G1 X148.5 Y113.858 E.06318
G1 X147.868 Y113.859 E.06192
G1 X147.236 Y113.717 E.06347
G1 X146.604 Y113.378 E.07027
G1 X145.339 Y112.191 E.16996
G1 X144.707 Y111.72 E.07723
G1 X144.075 Y111.441 E.06769
G1 X143.443 Y111.313 E.06318
G1 X142.811 Y111.313 E.06192
G1 X142.179 Y111.455 E.06347
G1 X141.546 Y111.793 E.07031
G1 X140.282 Y112.981 E.16996
G1 X139.65 Y113.452 E.07723
G1 X139.018 Y113.73 E.06765
G1 X138.386 Y113.858 E.06318
G1 X137.754 Y113.859 E.06192
G1 X137.122 Y113.717 E.06347
G1 X136.489 Y113.378 E.07035
G1 X135.225 Y112.191 E.16989
G1 X134.593 Y111.72 E.07723
G1 X133.961 Y111.441 E.06769
G1 X133.329 Y111.313 E.06318
G1 X132.611 Y111.332 E.07037
G1 X132.139 Y110.002 E.13827
G1 X131.9 Y109.139 E.08774
G1 X131.522 Y107.067 E.20636
G1 X132.064 Y106.663 E.06623
G1 X132.697 Y106.384 E.06778
G1 X133.329 Y106.256 E.06318
G1 X133.961 Y106.255 E.06192
G1 X134.593 Y106.398 E.06349
G1 X135.225 Y106.736 E.07022
G1 X136.489 Y107.924 E.16996
G1 X137.122 Y108.394 E.07725
G1 X137.754 Y108.673 E.06769
G1 X138.386 Y108.801 E.06318
G1 X139.018 Y108.802 E.06192
G1 X139.65 Y108.66 E.06347
G1 X140.282 Y108.321 E.07027
G1 X141.546 Y107.134 E.16989
G1 X142.179 Y106.663 E.0773
G1 X142.811 Y106.384 E.06769
G1 X143.443 Y106.256 E.06318
G1 X144.075 Y106.255 E.06192
G1 X144.707 Y106.398 E.06349
G1 X145.339 Y106.736 E.07022
G1 X146.604 Y107.924 E.17003
G1 X147.236 Y108.394 E.07717
G1 X147.868 Y108.673 E.06769
G1 X148.5 Y108.801 E.06318
G1 X149.132 Y108.802 E.06192
G1 X149.764 Y108.66 E.06347
G1 X150.396 Y108.321 E.07027
G1 X151.661 Y107.134 E.16996
G1 X152.293 Y106.663 E.07723
G1 X152.925 Y106.384 E.06769
G1 X153.557 Y106.256 E.06318
G1 X154.189 Y106.255 E.06192
G1 X154.821 Y106.398 E.06349
G1 X155.454 Y106.736 E.07031
G1 X156.718 Y107.924 E.16996
G1 X157.35 Y108.394 E.07717
G1 X157.982 Y108.673 E.06769
G1 X158.614 Y108.801 E.06318
G1 X159.246 Y108.802 E.06192
G1 X159.878 Y108.66 E.06347
G1 X160.511 Y108.321 E.07035
G1 X161.775 Y107.134 E.16989
G1 X162.407 Y106.663 E.07723
G1 X163.039 Y106.384 E.06769
G1 X163.671 Y106.256 E.06318
G1 X164.303 Y106.255 E.06192
G1 X164.936 Y106.398 E.06358
G1 X165.518 Y106.71 E.0647
G1 X165.608 Y105 E.16777
G1 X165.585 Y104.105 E.08772
G1 X165.317 Y101.89 E.2186
G1 X164.936 Y101.606 E.04656
G1 X164.303 Y101.327 E.06778
G1 X163.671 Y101.199 E.06318
G1 X163.039 Y101.198 E.06192
G1 X162.407 Y101.34 E.06347
G1 X161.775 Y101.679 E.07027
G1 X160.511 Y102.866 E.16989
G1 X159.878 Y103.337 E.0773
G1 X159.246 Y103.616 E.06769
G1 X158.614 Y103.744 E.06318
G1 X157.982 Y103.745 E.06192
G1 X157.35 Y103.602 E.06349
G1 X156.718 Y103.264 E.07022
G1 X155.454 Y102.076 E.16996
G1 X154.821 Y101.606 E.07725
G1 X154.189 Y101.327 E.06769
G1 X153.557 Y101.199 E.06318
G1 X152.925 Y101.198 E.06192
G1 X152.293 Y101.34 E.06347
G1 X151.661 Y101.679 E.07027
G1 X150.396 Y102.866 E.16996
G1 X149.764 Y103.337 E.07723
G1 X149.132 Y103.616 E.06769
G1 X148.5 Y103.744 E.06318
G1 X147.868 Y103.745 E.06192
G1 X147.236 Y103.602 E.06349
G1 X146.604 Y103.264 E.07022
G1 X145.339 Y102.076 E.17003
G1 X144.707 Y101.606 E.07717
G1 X144.075 Y101.327 E.06769
G1 X143.443 Y101.199 E.06318
G1 X142.811 Y101.198 E.06192
G1 X142.179 Y101.34 E.06347
G1 X141.546 Y101.679 E.07035
G1 X140.282 Y102.866 E.16989
G1 X139.65 Y103.337 E.07723
G1 X139.018 Y103.616 E.06769
G1 X138.386 Y103.744 E.06318
G1 X137.754 Y103.745 E.06192
G1 X137.122 Y103.602 E.06349
G1 X136.489 Y103.264 E.07031
G1 X135.225 Y102.076 E.16996
G1 X134.593 Y101.606 E.07717
G1 X133.961 Y101.327 E.06769
G1 X133.329 Y101.199 E.06318
G1 X132.697 Y101.198 E.06192
G1 X132.064 Y101.34 E.06356
G1 X131.757 Y101.505 E.03415
G1 X132.206 Y99.797 E.17303
G1 E-8 F1500
G1 Z2.5 F3000
G1 X140.041 Y119.864 F12000
G1 Z2.3 F3000
G1 E10 F1500
G1 F509.2
M73 P47 R24
G1 X138.551 Y118.915 E.17308
G1 X139.018 Y118.916 E.04576
G1 X139.65 Y118.774 E.06347
G1 X140.282 Y118.435 E.07027
G1 X141.546 Y117.248 E.16989
G1 X142.179 Y116.777 E.0773
G1 X142.811 Y116.498 E.06769
G1 X143.443 Y116.37 E.06318
G1 X144.075 Y116.37 E.06192
G1 X144.707 Y116.512 E.06347
G1 X145.339 Y116.85 E.07022
G1 X146.604 Y118.038 E.17003
G1 X147.236 Y118.509 E.07723
G1 X147.868 Y118.787 E.06765
G1 X148.5 Y118.915 E.06318
G1 X149.132 Y118.916 E.06192
G1 X149.764 Y118.774 E.06347
G1 X150.396 Y118.435 E.07027
G1 X151.661 Y117.248 E.16996
G1 X152.293 Y116.777 E.07723
G1 X152.925 Y116.498 E.06769
G1 X153.557 Y116.37 E.06318
G1 X154.189 Y116.37 E.06192
G1 X154.821 Y116.512 E.06347
G1 X155.454 Y116.85 E.07031
G1 X156.718 Y118.038 E.16996
G1 X157.35 Y118.509 E.07723
G1 X157.982 Y118.787 E.06765
G1 X158.481 Y118.888 E.04988
G1 X156.995 Y119.844 E.17312
G1 E-8 F1500
G1 Z2.5 F3000
G1 X154.933 Y120.852 F12000
G1 Z2.3 F3000
G1 E10 F1500
G1 F509.2
G1 X153.263 Y121.427 E.17305
G1 X152.925 Y121.427 E.03312
G1 X152.293 Y121.569 E.06347
G1 X151.948 Y121.753 E.03831
G1 X150.202 Y122.021 E.17307
;LAYER_CHANGE
;Z:2.7
;HEIGHT:0.4

G1 E-8 F1500
G1 Z2.7 F3000
;AFTER_LAYER_CHANGE
;2.7
G92 E0
_ON_LAYER_CHANGE LAYER=7
G1 Z2.9
G1 X148.508 Y85.341 F12000
G1 Z2.7 F3000
G1 E10 F1500
;TYPE:External perimeter
;WIDTH:0.675
G1 F509.2
G1 X148.842 Y85.341 E.03272
G1 X149.872 Y85.386 E.10101
G1 X150.726 Y85.465 E.08403
G1 X151.575 Y85.58 E.08394
G1 X152.588 Y85.767 E.10093
G1 X153.59 Y86.008 E.10097
G1 X154.247 Y86.196 E.06695
G1 X155.225 Y86.523 E.10104
G1 X156.183 Y86.901 E.1009
G1 X157.119 Y87.328 E.1008
G1 X158.033 Y87.803 E.10092
G1 X158.921 Y88.326 E.10097
G1 X159.494 Y88.698 E.06693
G1 X160.333 Y89.297 E.101
G1 X161.139 Y89.938 E.1009
G1 X161.91 Y90.62 E.10085
G1 X162.644 Y91.342 E.10088
G1 X163.226 Y91.972 E.08403
G1 X163.78 Y92.626 E.08398
G1 X164.407 Y93.443 E.1009
G1 X164.99 Y94.291 E.10083
G1 X165.528 Y95.169 E.10089
G1 X166.02 Y96.075 E.10101
G1 X166.32 Y96.689 E.06696
G1 X166.731 Y97.636 E.10115
G1 X166.976 Y98.274 E.06696
G1 X167.303 Y99.251 E.10094
G1 X167.578 Y100.243 E.10086
G1 X167.801 Y101.248 E.10086
G1 X167.971 Y102.264 E.10093
G1 X168.088 Y103.286 E.10079
G1 X168.15 Y104.314 E.1009
G1 X168.159 Y105.343 E.10082
G1 X168.114 Y106.372 E.10092
G1 X168.016 Y107.398 E.10098
G1 X167.921 Y108.074 E.06688
G1 X167.732 Y109.089 E.10116
G1 X167.579 Y109.755 E.06695
M73 P48 R24
G1 X167.303 Y110.749 E.10107
G1 X166.977 Y111.725 E.10082
G1 X166.599 Y112.684 E.101
G1 X166.321 Y113.308 E.06693
G1 X165.861 Y114.231 E.10104
G1 X165.354 Y115.127 E.10087
G1 X164.801 Y115.995 E.10084
G1 X164.203 Y116.833 E.10087
G1 X163.562 Y117.639 E.1009
G1 X162.88 Y118.41 E.10085
G1 X162.158 Y119.145 E.10095
G1 X161.658 Y119.611 E.06697
G1 X160.874 Y120.281 E.10104
G1 X160.057 Y120.907 E.10084
G1 X159.209 Y121.49 E.10083
G1 X158.33 Y122.029 E.10102
G1 X157.732 Y122.36 E.06697
G1 X156.81 Y122.82 E.10095
G1 X155.864 Y123.231 E.10106
G1 X155.226 Y123.476 E.06696
G1 X154.249 Y123.803 E.10094
G1 X153.257 Y124.078 E.10086
G1 X152.252 Y124.301 E.10086
G1 X151.236 Y124.471 E.10093
G1 X150.214 Y124.588 E.10079
G1 X149.186 Y124.65 E.1009
G1 X148.157 Y124.659 E.10082
G1 X147.128 Y124.614 E.10092
G1 X146.274 Y124.535 E.08403
G1 X145.425 Y124.42 E.08394
G1 X144.411 Y124.232 E.10104
G1 X143.745 Y124.079 E.06695
G1 X142.751 Y123.803 E.10107
G1 X141.775 Y123.477 E.10082
G1 X140.817 Y123.099 E.1009
G1 X139.88 Y122.672 E.10089
G1 X139.118 Y122.279 E.084
G1 X138.374 Y121.854 E.08395
G1 X137.505 Y121.301 E.10092
G1 X136.667 Y120.703 E.10087
G1 X135.861 Y120.062 E.1009
G1 X135.09 Y119.38 E.10085
G1 X134.355 Y118.658 E.10095
G1 X133.889 Y118.158 E.06697
G1 X133.219 Y117.374 E.10104
G1 X132.593 Y116.557 E.10084
G1 X132.009 Y115.708 E.10096
G1 X131.647 Y115.128 E.06699
G1 X131.139 Y114.231 E.101
G1 X130.68 Y113.31 E.10082
G1 X130.269 Y112.364 E.10106
G1 X130.024 Y111.726 E.06696
G1 X129.697 Y110.749 E.10094
G1 X129.422 Y109.757 E.10086
G1 X129.199 Y108.752 E.10086
G1 X129.029 Y107.736 E.10093
G1 X128.912 Y106.714 E.10079
G1 X128.85 Y105.686 E.1009
G1 X128.841 Y104.657 E.10082
G1 X128.886 Y103.627 E.10101
G1 X128.945 Y102.946 E.06697
G1 X129.08 Y101.924 E.101
G1 X129.268 Y100.911 E.10095
G1 X129.421 Y100.245 E.06695
G1 X129.697 Y99.251 E.10107
G1 X130.023 Y98.275 E.10082
G1 X130.401 Y97.317 E.1009
G1 X130.828 Y96.379 E.10098
G1 X131.138 Y95.77 E.06695
G1 X131.646 Y94.873 E.101
G1 X132.199 Y94.005 E.10084
G1 X132.797 Y93.167 E.10087
G1 X133.438 Y92.361 E.1009
G1 X134.12 Y91.59 E.10085
G1 X134.841 Y90.856 E.10081
G1 X135.601 Y90.16 E.10097
G1 X136.125 Y89.72 E.06704
G1 X136.943 Y89.093 E.10098
G1 X137.791 Y88.51 E.10083
G1 X138.669 Y87.972 E.10089
G1 X139.573 Y87.481 E.10079
G1 X140.503 Y87.037 E.10097
G1 X141.294 Y86.706 E.08401
G1 X142.098 Y86.409 E.08398
G1 X143.08 Y86.099 E.10089
G1 X144.077 Y85.842 E.10088
G1 X145.086 Y85.636 E.1009
G1 X146.104 Y85.484 E.10085
G1 X147.128 Y85.386 E.10079
G1 X148.158 Y85.341 E.10101
G1 X148.478 Y85.341 E.03135
G1 X149.077 Y85.352 F12000
G1 X148.502 Y85.992
;TYPE:Perimeter
G1 E-10 F1500
G1 Z7.7 F300.0
G1 F12000.0
T1
G1 Z2.7 F300.0
G1 E30.0 F1500
G1 F12000.0
;WIDTH:0.8
G1 F420.075
G1 X148.827 Y85.992 E.0386
G1 X149.828 Y86.036 E.119
G1 X150.652 Y86.112 E.09828
G1 X151.472 Y86.223 E.09828
G1 X152.452 Y86.405 E.11838
G1 X153.424 Y86.638 E.11871
G1 X154.054 Y86.819 E.07785
G1 X155.002 Y87.136 E.11872
G1 X155.928 Y87.501 E.11821
G1 X156.834 Y87.913 E.1182
G1 X157.716 Y88.373 E.11814
G1 X158.578 Y88.88 E.11877
G1 X159.127 Y89.237 E.07778
G1 X159.941 Y89.818 E.11877
G1 X160.72 Y90.437 E.11817
G1 X161.465 Y91.097 E.11821
G1 X162.176 Y91.795 E.11833
G1 X162.738 Y92.404 E.09842
G1 X163.273 Y93.035 E.09825
G1 X163.88 Y93.826 E.11842
G1 X164.444 Y94.646 E.1182
G1 X164.964 Y95.495 E.11824
G1 X165.441 Y96.373 E.11867
G1 X165.728 Y96.962 E.07782
G1 X166.128 Y97.882 E.11914
G1 X166.522 Y98.97 E.13743
G1 X166.813 Y99.921 E.11812
G1 X167.054 Y100.887 E.11824
G1 X167.243 Y101.863 E.11807
G1 X167.382 Y102.849 E.11826
G1 X167.469 Y103.84 E.11815
G1 X167.508 Y105.332 E.17726
G1 X167.464 Y106.326 E.11817
G1 X167.368 Y107.321 E.11872
G1 X167.277 Y107.97 E.07783
G1 X167.094 Y108.957 E.11922
G1 X166.947 Y109.595 E.07776
G1 X166.68 Y110.558 E.11869
G1 X166.364 Y111.502 E.11823
G1 X165.998 Y112.432 E.1187
G1 X165.731 Y113.03 E.07778
G1 X165.285 Y113.925 E.11876
G1 X164.795 Y114.791 E.11817
G1 X164.26 Y115.631 E.11828
G1 X163.682 Y116.441 E.11818
G1 X163.063 Y117.22 E.11817
G1 X162.403 Y117.965 E.11821
G1 X161.703 Y118.678 E.11867
G1 X161.224 Y119.125 E.07781
G1 X160.464 Y119.774 E.11869
G1 X159.674 Y120.38 E.11825
G1 X158.854 Y120.944 E.1182
G1 X158.002 Y121.466 E.11867
G1 X157.429 Y121.783 E.07777
G1 X156.534 Y122.229 E.11876
G1 X155.618 Y122.628 E.11866
G1 X155.006 Y122.863 E.07786
G1 X154.058 Y123.18 E.11872
G1 X153.099 Y123.446 E.1182
G1 X152.127 Y123.661 E.11823
G1 X151.146 Y123.825 E.11813
G1 X150.157 Y123.938 E.11822
G1 X149.163 Y123.999 E.11827
G1 X148.168 Y124.008 E.11818
G1 X147.172 Y123.964 E.11841
G1 X146.348 Y123.888 E.09828
G1 X145.528 Y123.777 E.09828
G1 X144.543 Y123.594 E.11899
G1 X143.905 Y123.447 E.07776
G1 X142.942 Y123.18 E.11869
G1 X141.998 Y122.864 E.11823
G1 X141.072 Y122.499 E.11821
G1 X140.165 Y122.086 E.11836
G1 X139.429 Y121.706 E.09837
G1 X138.71 Y121.296 E.0983
G1 X137.869 Y120.76 E.11844
G1 X137.059 Y120.182 E.11818
G1 X136.28 Y119.563 E.11817
G1 X135.535 Y118.903 E.11821
G1 X134.822 Y118.203 E.11867
G1 X134.375 Y117.724 E.07781
G1 X133.726 Y116.964 E.11869
G1 X133.12 Y116.174 E.11825
G1 X132.554 Y115.35 E.11873
G1 X132.207 Y114.795 E.07774
G1 X131.715 Y113.925 E.1187
G1 X131.271 Y113.034 E.11823
G1 X130.872 Y112.117 E.11877
G1 X130.637 Y111.506 E.07775
G1 X130.32 Y110.558 E.11872
G1 X130.054 Y109.599 E.1182
G1 X129.839 Y108.627 E.11823
G1 X129.675 Y107.646 E.11813
G1 X129.562 Y106.657 E.11822
G1 X129.501 Y105.663 E.11827
G1 X129.492 Y104.668 E.11818
G1 X129.536 Y103.67 E.11864
G1 X129.593 Y103.017 E.07785
G1 X129.724 Y102.026 E.11872
G1 X129.906 Y101.043 E.11873
G1 X130.053 Y100.405 E.07776
G1 X130.32 Y99.442 E.11869
G1 X130.636 Y98.498 E.11823
G1 X131.001 Y97.572 E.11821
G1 X131.415 Y96.662 E.11874
G1 X131.713 Y96.079 E.07776
G1 X132.205 Y95.209 E.1187
G1 X132.74 Y94.369 E.11828
G1 X133.318 Y93.559 E.11818
G1 X133.937 Y92.78 E.11817
G1 X134.597 Y92.035 E.11821
G1 X135.294 Y91.325 E.11816
G1 X136.031 Y90.65 E.11869
G1 X136.533 Y90.229 E.07781
G1 X137.326 Y89.62 E.11875
G1 X138.146 Y89.056 E.1182
G1 X138.995 Y88.536 E.11824
G1 X139.869 Y88.062 E.11808
G1 X140.769 Y87.632 E.11846
G1 X141.533 Y87.313 E.09833
G1 X142.309 Y87.026 E.09826
G1 X143.26 Y86.726 E.11843
G1 X144.224 Y86.477 E.11825
G1 X145.199 Y86.278 E.11818
G1 X146.183 Y86.131 E.11816
G1 X147.174 Y86.036 E.11824
G1 X148.173 Y85.992 E.11876
G1 X148.472 Y85.992 E.03551
G1 X148.496 Y86.706 F12000
G1 F420.075
G1 X148.812 Y86.706 E.03753
G1 X149.779 Y86.749 E.11496
G1 X150.571 Y86.822 E.09446
G1 X151.359 Y86.929 E.09445
G1 X152.304 Y87.104 E.11414
G1 X153.243 Y87.329 E.11468
G1 X153.842 Y87.501 E.07402
G1 X154.758 Y87.807 E.1147
G1 X155.649 Y88.158 E.11373
G1 X156.52 Y88.556 E.11373
M73 P49 R24
G1 X157.37 Y88.998 E.11378
G1 X158.202 Y89.488 E.11468
G1 X158.725 Y89.828 E.07409
G1 X159.511 Y90.388 E.11462
G1 X160.261 Y90.984 E.11377
G1 X160.978 Y91.619 E.11375
G1 X161.663 Y92.293 E.11413
G1 X162.203 Y92.877 E.09447
G1 X162.717 Y93.484 E.09446
G1 X163.302 Y94.246 E.11409
G1 X163.844 Y95.035 E.11369
G1 X164.345 Y95.852 E.11382
G1 X164.805 Y96.7 E.11458
G1 X165.079 Y97.261 E.07415
G1 X165.342 Y97.867 E.07846
G1 X165.579 Y98.444 E.07408
G1 X165.845 Y99.197 E.09485
G1 X166.125 Y100.112 E.11364
G1 X166.356 Y101.041 E.11369
G1 X166.539 Y101.981 E.11374
G1 X166.672 Y102.93 E.11381
G1 X166.756 Y103.883 E.11362
G1 X166.793 Y105.319 E.1706
G1 X166.752 Y106.276 E.11376
G1 X166.659 Y107.237 E.11467
G1 X166.572 Y107.855 E.07412
G1 X166.395 Y108.811 E.11547
G1 X166.255 Y109.419 E.0741
G1 X165.997 Y110.349 E.11462
G1 X165.693 Y111.258 E.11383
G1 X165.339 Y112.156 E.11464
G1 X165.085 Y112.726 E.07411
G1 X164.654 Y113.589 E.11457
G1 X164.183 Y114.423 E.11375
G1 X163.668 Y115.231 E.1138
G1 X163.112 Y116.011 E.11376
G1 X162.516 Y116.76 E.11368
G1 X161.881 Y117.478 E.11384
G1 X161.204 Y118.166 E.11464
G1 X160.748 Y118.592 E.07411
G1 X160.014 Y119.219 E.11465
G1 X159.254 Y119.802 E.11376
G1 X158.465 Y120.344 E.11369
G1 X157.642 Y120.849 E.11468
G1 X157.096 Y121.151 E.0741
G1 X156.232 Y121.582 E.11467
G1 X155.347 Y121.967 E.11462
G1 X154.765 Y122.19 E.07402
G1 X153.849 Y122.497 E.11474
G1 X152.926 Y122.753 E.11376
G1 X151.991 Y122.96 E.11373
G1 X151.046 Y123.118 E.11379
G1 X150.095 Y123.226 E.11367
G1 X149.139 Y123.285 E.11376
G1 X148.181 Y123.293 E.11378
G1 X147.221 Y123.251 E.11412
G1 X146.429 Y123.178 E.09446
G1 X145.641 Y123.071 E.09445
G1 X144.689 Y122.895 E.11498
G1 X144.081 Y122.755 E.0741
G1 X143.151 Y122.497 E.11462
G1 X142.242 Y122.193 E.11383
G1 X141.351 Y121.842 E.11373
G1 X140.477 Y121.443 E.11411
G1 X139.77 Y121.078 E.0945
G1 X139.079 Y120.684 E.09447
G1 X138.269 Y120.168 E.11406
G1 X137.489 Y119.612 E.11376
G1 X136.739 Y119.016 E.11377
G1 X136.022 Y118.381 E.11375
G1 X135.334 Y117.704 E.11464
G1 X134.908 Y117.248 E.07411
G1 X134.281 Y116.514 E.11465
G1 X133.698 Y115.754 E.11376
G1 X133.151 Y114.959 E.11461
G1 X132.821 Y114.43 E.07405
G1 X132.346 Y113.59 E.11461
G1 X131.918 Y112.732 E.11388
G1 X131.533 Y111.847 E.11462
G1 X131.31 Y111.265 E.07402
G1 X131.003 Y110.349 E.11474
G1 X130.747 Y109.426 E.11376
G1 X130.54 Y108.491 E.11373
G1 X130.382 Y107.546 E.11379
G1 X130.274 Y106.595 E.11367
G1 X130.215 Y105.639 E.11376
G1 X130.207 Y104.681 E.11378
G1 X130.249 Y103.716 E.11472
G1 X130.303 Y103.095 E.07403
G1 X130.429 Y102.138 E.11464
G1 X130.605 Y101.189 E.11463
G1 X130.745 Y100.581 E.0741
G1 X131.003 Y99.651 E.11462
G1 X131.307 Y98.742 E.11383
G1 X131.658 Y97.851 E.11373
G1 X132.059 Y96.973 E.11464
G1 X132.342 Y96.417 E.0741
G1 X132.817 Y95.577 E.11461
G1 X133.332 Y94.769 E.1138
G1 X133.888 Y93.989 E.11376
G1 X134.484 Y93.239 E.11377
G1 X135.119 Y92.522 E.11375
G1 X135.791 Y91.839 E.1138
G1 X136.502 Y91.187 E.11457
G1 X136.98 Y90.786 E.0741
G1 X137.746 Y90.198 E.11469
G1 X138.535 Y89.656 E.11369
G1 X139.352 Y89.155 E.11382
G1 X140.194 Y88.698 E.11378
G1 X141.061 Y88.284 E.11411
G1 X141.795 Y87.978 E.09445
G1 X142.541 Y87.702 E.09447
G1 X143.457 Y87.413 E.11407
G1 X144.384 Y87.173 E.11373
G1 X145.323 Y86.982 E.1138
G1 X146.27 Y86.84 E.11373
G1 X147.224 Y86.748 E.11383
G1 X148.188 Y86.706 E.1146
G1 X148.466 Y86.706 E.03302
G1 X148.489 Y87.421 F12000
G1 F420.075
G1 X148.796 Y87.421 E.03646
G1 X149.731 Y87.461 E.11115
G1 X150.49 Y87.532 E.09054
G1 X151.246 Y87.634 E.0906
G1 X152.155 Y87.803 E.10981
G1 X153.061 Y88.02 E.11064
G1 X153.63 Y88.183 E.0703
G1 X154.513 Y88.479 E.11061
G1 X155.37 Y88.816 E.10937
G1 X156.207 Y89.198 E.10927
G1 X157.024 Y89.623 E.10937
G1 X157.826 Y90.095 E.11052
G1 X158.323 Y90.418 E.0704
G1 X159.081 Y90.959 E.1106
G1 X159.801 Y91.532 E.10929
G1 X160.491 Y92.142 E.10938
G1 X161.15 Y92.79 E.10977
G1 X161.668 Y93.35 E.0906
G1 X162.161 Y93.932 E.09059
G1 X162.724 Y94.666 E.10986
G1 X163.245 Y95.424 E.10924
G1 X163.726 Y96.209 E.10934
G1 X164.17 Y97.027 E.11054
G1 X164.43 Y97.56 E.07043
G1 X164.688 Y98.152 E.0767
G1 X164.912 Y98.7 E.07031
G1 X165.167 Y99.423 E.09105
G1 X165.436 Y100.303 E.10929
G1 X165.659 Y101.196 E.10931
G1 X165.835 Y102.099 E.10926
G1 X165.963 Y103.01 E.10926
G1 X166.043 Y103.927 E.10932
G1 X166.079 Y105.307 E.16395
G1 X166.039 Y106.226 E.10925
G1 X165.95 Y107.153 E.1106
G1 X165.867 Y107.74 E.07041
G1 X165.696 Y108.666 E.11184
G1 X165.562 Y109.243 E.07035
G1 X165.313 Y110.14 E.11056
G1 X165.021 Y111.013 E.10933
G1 X164.68 Y111.88 E.11065
G1 X164.439 Y112.421 E.07034
G1 X164.024 Y113.254 E.11053
G1 X163.57 Y114.055 E.10935
G1 X163.076 Y114.832 E.10935
G1 X162.541 Y115.581 E.10932
G1 X161.968 Y116.301 E.10929
M73 P49 R23
G1 X161.358 Y116.991 E.10938
G1 X160.706 Y117.655 E.11052
G1 X160.272 Y118.059 E.07042
G1 X159.565 Y118.664 E.11051
G1 X158.834 Y119.224 E.10936
G1 X158.076 Y119.745 E.10924
G1 X157.282 Y120.232 E.11062
G1 X156.764 Y120.519 E.07033
G1 X155.93 Y120.934 E.11064
G1 X155.077 Y121.306 E.11052
G1 X154.523 Y121.518 E.07045
G1 X153.64 Y121.813 E.11057
G1 X152.753 Y122.059 E.10932
G1 X151.855 Y122.259 E.10926
G1 X150.947 Y122.411 E.10934
G1 X150.032 Y122.515 E.10937
G1 X149.114 Y122.571 E.10923
G1 X148.193 Y122.579 E.10939
G1 X147.269 Y122.539 E.10984
G1 X146.51 Y122.468 E.09054
G1 X145.754 Y122.366 E.0906
G1 X144.834 Y122.196 E.11111
G1 X144.257 Y122.062 E.07035
G1 X143.36 Y121.813 E.11056
G1 X142.487 Y121.521 E.10933
G1 X141.63 Y121.184 E.10937
G1 X140.789 Y120.801 E.10975
G1 X140.111 Y120.451 E.09062
G1 X139.448 Y120.073 E.09064
G1 X138.668 Y119.576 E.10984
G1 X137.919 Y119.041 E.10932
G1 X137.199 Y118.468 E.10929
G1 X136.509 Y117.858 E.10938
G1 X135.845 Y117.206 E.11052
G1 X135.441 Y116.772 E.07042
G1 X134.836 Y116.065 E.11051
G1 X134.276 Y115.334 E.10936
G1 X133.749 Y114.567 E.11052
G1 X133.435 Y114.064 E.07042
G1 X132.976 Y113.254 E.11057
G1 X132.566 Y112.43 E.10931
G1 X132.194 Y111.577 E.11052
G1 X131.982 Y111.023 E.07045
G1 X131.687 Y110.14 E.11057
G1 X131.441 Y109.253 E.10932
G1 X131.241 Y108.355 E.10926
G1 X131.089 Y107.447 E.10934
G1 X130.985 Y106.532 E.10937
G1 X130.929 Y105.614 E.10923
G1 X130.921 Y104.693 E.10939
G1 X130.962 Y103.763 E.11056
G1 X131.013 Y103.173 E.07033
G1 X131.135 Y102.25 E.11057
G1 X131.304 Y101.334 E.11062
G1 X131.438 Y100.757 E.07035
G1 X131.687 Y99.86 E.11056
G1 X131.979 Y98.987 E.10933
G1 X132.316 Y98.13 E.10937
G1 X132.702 Y97.283 E.11055
G1 X132.971 Y96.755 E.07038
G1 X133.43 Y95.945 E.11057
G1 X133.924 Y95.168 E.10935
M73 P50 R23
G1 X134.459 Y94.419 E.10932
G1 X135.032 Y93.699 E.10929
G1 X135.642 Y93.009 E.10938
G1 X136.287 Y92.353 E.10926
G1 X136.973 Y91.724 E.11054
G1 X137.427 Y91.343 E.07039
G1 X138.166 Y90.776 E.11062
G1 X138.924 Y90.255 E.10924
G1 X139.709 Y89.774 E.10934
G1 X140.518 Y89.335 E.10932
G1 X141.353 Y88.937 E.10986
G1 X142.056 Y88.642 E.09054
G1 X142.772 Y88.377 E.09067
G1 X143.654 Y88.099 E.10983
G1 X144.545 Y87.869 E.10929
G1 X145.447 Y87.685 E.10933
G1 X146.357 Y87.549 E.10928
G1 X147.274 Y87.461 E.10941
G1 X148.204 Y87.421 E.11055
G1 X148.459 Y87.421 E.03029
G1 E-8 F1500
G1 Z2.9 F3000
G1 X151.829 Y88.223 F12000
G1 Z2.7 F3000
G1 E10 F1500
;TYPE:Internal infill
G1 E-10 F1500
G1 Z7.7 F300.0
G1 F12000.0
T0
G1 Z2.7 F300.0
G1 E12.0 F1500
G1 F12000.0
;WIDTH:0.675
G1 F509.2
G1 X150.081 Y87.969 E.17306
G1 X149.764 Y88.196 E.0382
G1 X149.132 Y88.457 E.06699
G1 X148.5 Y88.569 E.06289
G1 X147.868 Y88.554 E.06194
G1 X147.236 Y88.394 E.06388
G1 X146.564 Y88.005 E.07608
G1 X144.822 Y88.295 E.17303
G1 E-8 F1500
G1 Z2.9 F3000
G1 X137.822 Y91.636 F12000
G1 Z2.7 F3000
G1 E10 F1500
G1 F509.2
G1 X136.502 Y92.809 E.17302
G1 X137.122 Y93.253 E.07472
G1 X137.754 Y93.514 E.06699
G1 X138.386 Y93.626 E.06289
G1 X139.018 Y93.611 E.06194
G1 X139.65 Y93.452 E.06385
G1 X140.282 Y93.097 E.07102
G1 X141.546 Y91.914 E.16962
G1 X142.179 Y91.461 E.07627
G1 X142.811 Y91.2 E.06699
G1 X143.443 Y91.088 E.06289
G1 X144.075 Y91.104 E.06194
G1 X144.707 Y91.263 E.06385
G1 X145.339 Y91.617 E.07097
G1 X146.604 Y92.8 E.16969
G1 X147.236 Y93.253 E.07619
G1 X147.868 Y93.514 E.06699
G1 X148.5 Y93.626 E.06289
G1 X149.132 Y93.611 E.06194
G1 X149.764 Y93.452 E.06385
G1 X150.396 Y93.097 E.07102
G1 X151.661 Y91.914 E.16969
G1 X152.293 Y91.461 E.07619
G1 X152.925 Y91.2 E.06699
G1 X153.557 Y91.088 E.06289
G1 X154.189 Y91.104 E.06194
G1 X154.821 Y91.263 E.06385
G1 X155.454 Y91.617 E.07106
G1 X156.718 Y92.8 E.16962
G1 X157.35 Y93.253 E.07619
G1 X157.982 Y93.514 E.06699
G1 X158.614 Y93.626 E.06289
G1 X159.246 Y93.611 E.06194
G1 X159.878 Y93.452 E.06385
G1 X160.656 Y92.967 E.08983
G1 X161.793 Y94.229 E.16643
G1 X162.341 Y94.944 E.08826
G1 X163.14 Y96.158 E.14239
G1 X162.407 Y96.32 E.07355
G1 X161.775 Y96.674 E.07097
G1 X160.511 Y97.857 E.16962
G1 X159.878 Y98.31 E.07627
G1 X159.246 Y98.571 E.06699
G1 X158.614 Y98.683 E.06289
G1 X157.982 Y98.668 E.06194
G1 X157.35 Y98.509 E.06385
G1 X156.718 Y98.154 E.07102
G1 X155.454 Y96.972 E.16956
G1 X154.821 Y96.519 E.07627
G1 X154.189 Y96.257 E.06703
G1 X153.557 Y96.146 E.06287
G1 X152.925 Y96.161 E.06194
G1 X152.293 Y96.32 E.06385
G1 X151.661 Y96.674 E.07097
G1 X150.396 Y97.857 E.16969
G1 X149.764 Y98.31 E.07619
G1 X149.132 Y98.571 E.06699
G1 X148.5 Y98.683 E.06289
G1 X147.868 Y98.668 E.06194
G1 X147.236 Y98.509 E.06385
G1 X146.604 Y98.154 E.07102
G1 X145.339 Y96.972 E.16963
G1 X144.707 Y96.519 E.07619
G1 X144.075 Y96.257 E.06703
G1 X143.443 Y96.146 E.06287
G1 X142.811 Y96.161 E.06194
G1 X142.179 Y96.32 E.06385
G1 X141.546 Y96.674 E.07106
G1 X140.282 Y97.857 E.16962
G1 X139.65 Y98.31 E.07619
G1 X139.018 Y98.571 E.06699
G1 X138.386 Y98.683 E.06289
G1 X137.754 Y98.668 E.06194
G1 X137.122 Y98.509 E.06385
G1 X136.489 Y98.154 E.07111
G1 X135.225 Y96.972 E.16956
G1 X134.593 Y96.519 E.07619
G1 X133.811 Y96.231 E.08165
G1 X132.989 Y97.794 E.17303
G1 E-8 F1500
G1 Z2.9 F3000
G1 X133.403 Y113.047 F12000
G1 Z2.7 F3000
G1 E10 F1500
G1 F509.2
G1 X132.654 Y111.446 E.17318
G1 X133.329 Y111.317 E.06733
G1 X133.961 Y111.332 E.06194
G1 X134.593 Y111.491 E.06385
G1 X135.225 Y111.846 E.07102
G1 X136.489 Y113.028 E.16956
G1 X137.122 Y113.481 E.07627
G1 X137.754 Y113.743 E.06703
G1 X138.386 Y113.855 E.06289
G1 X139.018 Y113.839 E.06194
G1 X139.65 Y113.68 E.06385
G1 X140.282 Y113.326 E.07097
G1 X141.546 Y112.143 E.16962
G1 X142.179 Y111.69 E.07627
G1 X142.811 Y111.429 E.06699
G1 X143.443 Y111.317 E.06289
G1 X144.075 Y111.332 E.06194
G1 X144.707 Y111.491 E.06385
G1 X145.339 Y111.846 E.07102
G1 X146.604 Y113.028 E.16963
G1 X147.236 Y113.481 E.07619
G1 X147.868 Y113.743 E.06703
G1 X148.5 Y113.855 E.06289
G1 X149.132 Y113.839 E.06194
G1 X149.764 Y113.68 E.06385
G1 X150.396 Y113.326 E.07097
G1 X151.661 Y112.143 E.16969
G1 X152.293 Y111.69 E.07619
G1 X152.925 Y111.429 E.06699
G1 X153.557 Y111.317 E.06289
G1 X154.189 Y111.332 E.06194
G1 X154.821 Y111.491 E.06385
G1 X155.454 Y111.846 E.07111
G1 X156.718 Y113.028 E.16956
G1 X157.35 Y113.481 E.07619
G1 X157.982 Y113.743 E.06703
G1 X158.614 Y113.855 E.06289
G1 X159.246 Y113.839 E.06194
G1 X159.878 Y113.68 E.06385
G1 X160.511 Y113.326 E.07106
G1 X161.775 Y112.143 E.16962
G1 X162.407 Y111.69 E.07619
G1 X163.039 Y111.429 E.06699
G1 X163.671 Y111.317 E.06289
G1 X164.38 Y111.351 E.06955
G1 X164.861 Y110.002 E.14032
G1 X165.104 Y109.127 E.08897
G1 X165.486 Y107.028 E.20903
G1 X164.936 Y106.633 E.06635
G1 X164.303 Y106.372 E.06708
G1 X163.671 Y106.26 E.06289
G1 X163.039 Y106.275 E.06194
G1 X162.407 Y106.434 E.06385
G1 X161.775 Y106.789 E.07102
G1 X160.511 Y107.971 E.16956
G1 X159.878 Y108.424 E.07627
G1 X159.246 Y108.685 E.06699
G1 X158.614 Y108.797 E.06289
G1 X157.982 Y108.782 E.06194
G1 X157.35 Y108.623 E.06385
G1 X156.718 Y108.269 E.07097
G1 X155.454 Y107.086 E.16962
G1 X154.821 Y106.633 E.07627
G1 X154.189 Y106.372 E.06699
G1 X153.557 Y106.26 E.06289
G1 X152.925 Y106.275 E.06194
G1 X152.293 Y106.434 E.06385
G1 X151.661 Y106.789 E.07102
G1 X150.396 Y107.971 E.16963
G1 X149.764 Y108.424 E.07619
G1 X149.132 Y108.685 E.06699
G1 X148.5 Y108.797 E.06289
G1 X147.868 Y108.782 E.06194
G1 X147.236 Y108.623 E.06385
G1 X146.604 Y108.269 E.07097
G1 X145.339 Y107.086 E.16969
G1 X144.707 Y106.633 E.07619
G1 X144.075 Y106.372 E.06699
G1 X143.443 Y106.26 E.06289
G1 X142.811 Y106.275 E.06194
G1 X142.179 Y106.434 E.06385
G1 X141.546 Y106.789 E.07111
G1 X140.282 Y107.971 E.16956
G1 X139.65 Y108.424 E.07619
G1 X139.018 Y108.685 E.06699
G1 X138.386 Y108.797 E.06289
G1 X137.754 Y108.782 E.06194
G1 X137.122 Y108.623 E.06385
G1 X136.489 Y108.269 E.07106
G1 X135.225 Y107.086 E.16962
G1 X134.593 Y106.633 E.07619
G1 X133.961 Y106.372 E.06699
G1 X133.329 Y106.26 E.06289
G1 X132.697 Y106.275 E.06194
G1 X132.064 Y106.434 E.06395
G1 X131.487 Y106.758 E.06484
G1 X131.394 Y104.701 E.20175
G1 X131.484 Y103.224 E.14498
G1 X131.691 Y101.843 E.13682
G1 X132.064 Y101.576 E.04494
G1 X132.697 Y101.315 E.06708
G1 X133.329 Y101.203 E.06289
G1 X133.961 Y101.218 E.06194
G1 X134.593 Y101.377 E.06385
G1 X135.225 Y101.731 E.07097
G1 X136.489 Y102.914 E.16962
G1 X137.122 Y103.367 E.07627
G1 X137.754 Y103.628 E.06699
G1 X138.386 Y103.74 E.06289
G1 X139.018 Y103.725 E.06194
G1 X139.65 Y103.566 E.06385
G1 X140.282 Y103.211 E.07102
G1 X141.546 Y102.029 E.16956
G1 X142.179 Y101.576 E.07627
G1 X142.811 Y101.315 E.06699
G1 X143.443 Y101.203 E.06289
G1 X144.075 Y101.218 E.06194
G1 X144.707 Y101.377 E.06385
G1 X145.339 Y101.731 E.07097
G1 X146.604 Y102.914 E.16969
G1 X147.236 Y103.367 E.07619
G1 X147.868 Y103.628 E.06699
G1 X148.5 Y103.74 E.06289
G1 X149.132 Y103.725 E.06194
G1 X149.764 Y103.566 E.06385
G1 X150.396 Y103.211 E.07102
G1 X151.661 Y102.029 E.16963
G1 X152.293 Y101.576 E.07619
G1 X152.925 Y101.315 E.06699
G1 X153.557 Y101.203 E.06289
G1 X154.189 Y101.218 E.06194
G1 X154.821 Y101.377 E.06385
G1 X155.454 Y101.731 E.07106
G1 X156.718 Y102.914 E.16962
G1 X157.35 Y103.367 E.07619
G1 X157.982 Y103.628 E.06699
G1 X158.614 Y103.74 E.06289
G1 X159.246 Y103.725 E.06194
G1 X159.878 Y103.566 E.06385
M73 P51 R23
G1 X160.511 Y103.211 E.07111
G1 X161.775 Y102.029 E.16956
G1 X162.407 Y101.576 E.07619
G1 X163.039 Y101.315 E.06699
G1 X163.671 Y101.203 E.06289
G1 X164.303 Y101.218 E.06194
G1 X164.936 Y101.377 E.06395
G1 X165.254 Y101.556 E.03575
G1 X164.81 Y99.846 E.1731
G1 E-8 F1500
G1 Z2.9 F3000
G1 X156.972 Y119.862 F12000
G1 Z2.7 F3000
G1 E10 F1500
G1 F509.2
G1 X158.459 Y118.908 E.1731
G1 X157.982 Y118.896 E.04675
G1 X157.35 Y118.737 E.06385
G1 X156.718 Y118.383 E.07097
G1 X155.454 Y117.2 E.16962
G1 X154.821 Y116.747 E.07627
G1 X154.189 Y116.486 E.06699
G1 X153.557 Y116.374 E.06289
G1 X152.925 Y116.389 E.06194
G1 X152.293 Y116.548 E.06385
G1 X151.661 Y116.903 E.07102
G1 X150.396 Y118.086 E.16969
G1 X149.764 Y118.539 E.07619
G1 X149.132 Y118.8 E.06699
G1 X148.5 Y118.912 E.06289
G1 X147.868 Y118.896 E.06194
G1 X147.236 Y118.737 E.06385
G1 X146.604 Y118.383 E.07097
G1 X145.339 Y117.2 E.16969
G1 X144.707 Y116.747 E.07619
G1 X144.075 Y116.486 E.06699
G1 X143.443 Y116.374 E.06289
G1 X142.811 Y116.389 E.06194
G1 X142.179 Y116.548 E.06385
G1 X141.546 Y116.903 E.07111
G1 X140.282 Y118.086 E.16962
G1 X139.65 Y118.539 E.07619
G1 X139.018 Y118.8 E.06699
G1 X138.519 Y118.888 E.04965
G1 X140.004 Y119.845 E.17309
G1 E-8 F1500
G1 Z2.9 F3000
G1 X142.11 Y120.865 F12000
G1 Z2.7 F3000
G1 E10 F1500
G1 F509.2
G1 X143.498 Y121.361 E.14442
G1 X144.707 Y121.606 E.12086
G1 X144.935 Y121.733 E.02557
G1 X146.68 Y122.009 E.1731
;LAYER_CHANGE
;Z:3.1
;HEIGHT:0.4

G1 E-8 F1500
G1 Z3.1 F3000
;AFTER_LAYER_CHANGE
;3.1
G92 E0
_ON_LAYER_CHANGE LAYER=8
G1 Z3.3
G1 X148.507 Y85.342 F12000
G1 Z3.1 F3000
G1 E10 F1500
;TYPE:External perimeter
;WIDTH:0.675
G1 F509.2
G1 X148.699 Y85.339 E.01881
G1 X149.528 Y85.365 E.08126
G1 X150.555 Y85.445 E.10093
G1 X151.576 Y85.58 E.10091
G1 X152.589 Y85.768 E.10095
G1 X153.255 Y85.921 E.06695
G1 X154.249 Y86.197 E.10107
G1 X155.225 Y86.523 E.10082
G1 X156.183 Y86.901 E.1009
G1 X157.12 Y87.328 E.10089
G1 X157.906 Y87.734 E.08668
G1 X158.626 Y88.146 E.08128
G1 X159.495 Y88.699 E.10092
G1 X160.333 Y89.297 E.10087
G1 X161.139 Y89.938 E.1009
G1 X161.91 Y90.62 E.10085
G1 X162.644 Y91.342 E.10088
G1 X163.244 Y91.993 E.08674
G1 X163.78 Y92.626 E.08127
G1 X164.407 Y93.443 E.1009
G1 X164.991 Y94.292 E.10096
G1 X165.353 Y94.872 E.06699
G1 X165.861 Y95.769 E.101
G1 X166.32 Y96.69 E.10082
G1 X166.731 Y97.636 E.10106
G1 X166.976 Y98.274 E.06696
G1 X167.303 Y99.251 E.10094
G1 X167.578 Y100.243 E.10086
G1 X167.801 Y101.248 E.10086
G1 X167.971 Y102.264 E.10093
G1 X168.088 Y103.286 E.10079
G1 X168.15 Y104.314 E.1009
G1 X168.159 Y105.343 E.10082
G1 X168.114 Y106.372 E.10092
G1 X168.016 Y107.398 E.10098
G1 X167.921 Y108.074 E.06688
G1 X167.732 Y109.09 E.10125
G1 X167.579 Y109.755 E.06686
G1 X167.303 Y110.749 E.10107
G1 X166.977 Y111.725 E.10082
G1 X166.599 Y112.684 E.101
G1 X166.321 Y113.308 E.06693
G1 X165.861 Y114.231 E.10104
G1 X165.354 Y115.127 E.10087
G1 X164.801 Y115.995 E.10084
G1 X164.203 Y116.833 E.10087
G1 X163.562 Y117.639 E.1009
G1 X162.88 Y118.41 E.10085
G1 X162.158 Y119.145 E.10095
G1 X161.658 Y119.611 E.06697
G1 X160.874 Y120.281 E.10104
G1 X160.057 Y120.907 E.10084
G1 X159.209 Y121.49 E.10083
G1 X158.33 Y122.029 E.10102
G1 X157.732 Y122.36 E.06697
G1 X156.81 Y122.82 E.10095
G1 X155.864 Y123.231 E.10106
G1 X155.226 Y123.476 E.06696
G1 X154.249 Y123.803 E.10094
G1 X153.257 Y124.078 E.10086
G1 X152.252 Y124.301 E.10086
G1 X151.236 Y124.471 E.10093
G1 X150.214 Y124.588 E.10079
G1 X149.186 Y124.65 E.1009
G1 X148.156 Y124.659 E.10092
G1 X147.272 Y124.623 E.08668
G1 X146.445 Y124.555 E.0813
G1 X145.424 Y124.42 E.10091
G1 X144.412 Y124.233 E.10083
G1 X143.41 Y123.992 E.10097
G1 X142.753 Y123.804 E.06695
G1 X141.775 Y123.477 E.10104
G1 X140.817 Y123.099 E.1009
G1 X139.88 Y122.672 E.10089
G1 X139.094 Y122.266 E.08668
G1 X138.374 Y121.854 E.08128
G1 X137.505 Y121.301 E.10092
G1 X136.667 Y120.703 E.10087
G1 X135.861 Y120.062 E.1009
G1 X135.09 Y119.38 E.10085
G1 X134.355 Y118.658 E.10095
G1 X133.889 Y118.158 E.06697
G1 X133.219 Y117.374 E.10104
G1 X132.593 Y116.557 E.10084
G1 X132.009 Y115.708 E.10096
G1 X131.647 Y115.128 E.06699
G1 X131.139 Y114.231 E.101
G1 X130.68 Y113.31 E.10082
G1 X130.269 Y112.366 E.10088
G1 X129.909 Y111.401 E.10091
G1 X129.64 Y110.558 E.0867
G1 X129.422 Y109.757 E.08133
G1 X129.199 Y108.752 E.10086
G1 X129.029 Y107.736 E.10093
G1 X128.912 Y106.714 E.10079
G1 X128.85 Y105.686 E.1009
G1 X128.841 Y104.657 E.10082
G1 X128.886 Y103.628 E.10092
G1 X128.968 Y102.747 E.08669
G1 X129.08 Y101.925 E.08128
G1 X129.268 Y100.911 E.10104
G1 X129.421 Y100.245 E.06695
G1 X129.697 Y99.251 E.10107
G1 X130.023 Y98.275 E.10082
G1 X130.401 Y97.317 E.1009
G1 X130.828 Y96.381 E.1008
G1 X131.303 Y95.468 E.10084
G1 X131.826 Y94.58 E.10097
G1 X132.312 Y93.841 E.08666
G1 X132.796 Y93.167 E.0813
G1 X133.438 Y92.361 E.10096
G1 X134.12 Y91.59 E.10085
G1 X134.841 Y90.856 E.10081
G1 X135.601 Y90.16 E.10097
G1 X136.282 Y89.595 E.0867
G1 X136.942 Y89.093 E.08124
G1 X137.791 Y88.509 E.10096
G1 X138.545 Y88.045 E.08674
G1 X139.268 Y87.639 E.08124
G1 X140.19 Y87.18 E.10091
G1 X141.136 Y86.769 E.10106
G1 X141.774 Y86.524 E.06696
G1 X142.751 Y86.197 E.10094
G1 X143.743 Y85.922 E.10086
G1 X144.748 Y85.699 E.10086
G1 X145.764 Y85.529 E.10093
G1 X146.786 Y85.412 E.10079
G1 X147.814 Y85.35 E.1009
G1 X148.478 Y85.342 E.06506
G1 X149.077 Y85.351 F12000
G1 X148.502 Y85.993
;TYPE:Perimeter
G1 E-10 F1500
G1 Z8.1 F300.0
G1 F12000.0
T1
G1 Z3.1 F300.0
G1 E30.0 F1500
G1 F12000.0
;WIDTH:0.8
G1 F420.075
G1 X148.693 Y85.991 E.02269
G1 X149.493 Y86.015 E.09505
G1 X150.487 Y86.094 E.11842
G1 X151.474 Y86.224 E.11823
G1 X152.457 Y86.406 E.11873
G1 X153.095 Y86.553 E.07776
G1 X154.058 Y86.82 E.11869
G1 X155.002 Y87.136 E.11823
G1 X155.928 Y87.501 E.11821
M73 P51 R22
G1 X156.835 Y87.914 E.11836
G1 X157.595 Y88.307 E.10162
G1 X158.289 Y88.704 E.09496
G1 X159.131 Y89.24 E.11854
G1 X159.941 Y89.818 E.11818
G1 X160.72 Y90.437 E.11817
G1 X161.465 Y91.097 E.11821
G1 X162.176 Y91.795 E.11833
G1 X162.756 Y92.424 E.10161
G1 X163.273 Y93.035 E.09506
G1 X163.88 Y93.826 E.11842
G1 X164.446 Y94.65 E.11873
G1 X164.793 Y95.205 E.07774
G1 X165.285 Y96.075 E.1187
G1 X165.729 Y96.966 E.11823
G1 X166.128 Y97.882 E.11866
G1 X166.522 Y98.97 E.13743
G1 X166.813 Y99.921 E.11812
G1 X167.054 Y100.887 E.11824
G1 X167.243 Y101.863 E.11807
G1 X167.382 Y102.849 E.11826
G1 X167.469 Y103.84 E.11815
G1 X167.508 Y105.332 E.17726
G1 X167.464 Y106.326 E.11817
G1 X167.368 Y107.321 E.11872
G1 X167.277 Y107.97 E.07783
G1 X167.094 Y108.957 E.11922
G1 X166.947 Y109.595 E.07776
G1 X166.68 Y110.558 E.11869
G1 X166.364 Y111.502 E.11823
G1 X165.998 Y112.432 E.1187
G1 X165.731 Y113.03 E.07778
G1 X165.285 Y113.925 E.11876
G1 X164.795 Y114.791 E.11817
G1 X164.26 Y115.631 E.11828
G1 X163.682 Y116.441 E.11818
M73 P52 R22
G1 X163.063 Y117.22 E.11817
G1 X162.403 Y117.965 E.11821
G1 X161.703 Y118.678 E.11867
G1 X161.224 Y119.125 E.07781
G1 X160.464 Y119.774 E.11869
G1 X159.674 Y120.38 E.11825
G1 X158.854 Y120.944 E.1182
G1 X158.002 Y121.466 E.11867
G1 X157.429 Y121.783 E.07777
G1 X156.534 Y122.229 E.11876
G1 X155.618 Y122.628 E.11866
G1 X155.006 Y122.863 E.07786
G1 X154.058 Y123.18 E.11872
G1 X153.099 Y123.446 E.1182
G1 X152.127 Y123.661 E.11823
G1 X151.146 Y123.825 E.11813
G1 X150.157 Y123.938 E.11822
G1 X149.163 Y123.999 E.11827
G1 X148.167 Y124.008 E.11829
G1 X147.312 Y123.973 E.10163
G1 X146.515 Y123.907 E.09498
G1 X145.526 Y123.776 E.11848
G1 X144.547 Y123.595 E.11824
G1 X143.576 Y123.362 E.11859
G1 X142.946 Y123.181 E.07785
G1 X141.998 Y122.864 E.11872
G1 X141.072 Y122.499 E.11821
G1 X140.165 Y122.086 E.11836
G1 X139.405 Y121.693 E.10162
G1 X138.711 Y121.296 E.09496
G1 X137.869 Y120.76 E.11854
G1 X137.059 Y120.182 E.11818
G1 X136.28 Y119.563 E.11817
G1 X135.535 Y118.903 E.11821
G1 X134.822 Y118.203 E.11867
G1 X134.375 Y117.724 E.07781
G1 X133.726 Y116.964 E.11869
G1 X133.12 Y116.174 E.11825
G1 X132.554 Y115.35 E.11873
G1 X132.207 Y114.795 E.07774
G1 X131.715 Y113.925 E.1187
G1 X131.271 Y113.034 E.11823
G1 X130.874 Y112.121 E.11824
G1 X130.525 Y111.188 E.11831
G1 X130.265 Y110.373 E.1016
G1 X130.055 Y109.601 E.09502
G1 X129.839 Y108.627 E.11849
G1 X129.675 Y107.646 E.11813
G1 X129.562 Y106.657 E.11822
G1 X129.501 Y105.663 E.11827
G1 X129.492 Y104.668 E.11818
G1 X129.536 Y103.672 E.11841
G1 X129.615 Y102.821 E.1015
G1 X129.723 Y102.028 E.09505
G1 X129.906 Y101.043 E.11899
G1 X130.053 Y100.405 E.07776
G1 X130.32 Y99.442 E.11869
G1 X130.636 Y98.498 E.11823
G1 X131.001 Y97.572 E.11821
G1 X131.413 Y96.666 E.1182
G1 X131.873 Y95.784 E.11814
G1 X132.379 Y94.925 E.1184
G1 X132.849 Y94.21 E.10162
G1 X133.316 Y93.561 E.09496
G1 X133.937 Y92.78 E.1185
G1 X134.597 Y92.035 E.11821
G1 X135.294 Y91.325 E.11816
G1 X136.029 Y90.652 E.11836
G1 X136.687 Y90.106 E.10155
G1 X137.324 Y89.621 E.09509
G1 X138.147 Y89.056 E.11856
G1 X138.875 Y88.607 E.10158
G1 X139.573 Y88.216 E.09502
G1 X140.466 Y87.771 E.1185
G1 X141.383 Y87.372 E.11877
G1 X141.994 Y87.137 E.07775
G1 X142.942 Y86.82 E.11872
G1 X143.901 Y86.554 E.1182
G1 X144.873 Y86.339 E.11823
G1 X145.854 Y86.175 E.11813
G1 X146.843 Y86.062 E.11822
G1 X147.838 Y86.001 E.11839
G1 X148.472 Y85.994 E.0753
G1 X148.496 Y86.708 F12000
G1 F420.075
G1 X148.686 Y86.705 E.02257
G1 X149.454 Y86.729 E.09126
G1 X150.412 Y86.804 E.11413
G1 X151.362 Y86.929 E.1138
G1 X152.311 Y87.105 E.11463
G1 X152.919 Y87.245 E.0741
G1 X153.849 Y87.503 E.11462
G1 X154.758 Y87.807 E.11383
G1 X155.649 Y88.158 E.11373
G1 X156.523 Y88.557 E.11411
G1 X157.253 Y88.934 E.09758
G1 X157.92 Y89.315 E.09123
G1 X158.731 Y89.832 E.11423
G1 X159.511 Y90.388 E.11376
G1 X160.261 Y90.984 E.11377
G1 X160.978 Y91.619 E.11375
G1 X161.663 Y92.292 E.11405
G1 X162.22 Y92.897 E.09767
G1 X162.717 Y93.483 E.09126
G1 X163.302 Y94.246 E.11419
G1 X163.849 Y95.041 E.11461
G1 X164.179 Y95.57 E.07405
G1 X164.655 Y96.411 E.11477
G1 X165.082 Y97.268 E.11372
G1 X165.342 Y97.867 E.07755
G1 X165.579 Y98.444 E.07408
G1 X165.845 Y99.197 E.09485
G1 X166.125 Y100.112 E.11364
G1 X166.356 Y101.041 E.11369
G1 X166.539 Y101.981 E.11374
G1 X166.672 Y102.93 E.11381
G1 X166.756 Y103.883 E.11362
G1 X166.793 Y105.319 E.1706
G1 X166.752 Y106.276 E.11376
G1 X166.659 Y107.237 E.11467
G1 X166.572 Y107.855 E.07412
G1 X166.395 Y108.811 E.11547
G1 X166.255 Y109.419 E.0741
G1 X165.997 Y110.349 E.11462
G1 X165.693 Y111.258 E.11383
G1 X165.339 Y112.156 E.11464
G1 X165.085 Y112.726 E.07411
G1 X164.654 Y113.59 E.11467
G1 X164.183 Y114.423 E.11365
G1 X163.668 Y115.231 E.1138
G1 X163.112 Y116.011 E.11376
G1 X162.516 Y116.76 E.11368
G1 X161.881 Y117.478 E.11384
G1 X161.204 Y118.166 E.11464
G1 X160.748 Y118.592 E.07411
G1 X160.014 Y119.219 E.11465
G1 X159.254 Y119.802 E.11376
G1 X158.465 Y120.344 E.11369
G1 X157.642 Y120.849 E.11468
G1 X157.096 Y121.151 E.0741
G1 X156.232 Y121.582 E.11467
G1 X155.347 Y121.967 E.11462
G1 X154.765 Y122.19 E.07402
G1 X153.849 Y122.497 E.11474
G1 X152.926 Y122.753 E.11376
G1 X151.991 Y122.96 E.11373
G1 X151.046 Y123.118 E.11379
G1 X150.095 Y123.226 E.11367
G1 X149.139 Y123.285 E.11376
G1 X148.178 Y123.293 E.11414
G1 X147.356 Y123.26 E.0977
G1 X146.591 Y123.196 E.09117
G1 X145.638 Y123.071 E.11415
G1 X144.696 Y122.896 E.11379
G1 X143.757 Y122.671 E.11468
G1 X143.158 Y122.499 E.07402
G1 X142.242 Y122.193 E.1147
G1 X141.351 Y121.842 E.11373
G1 X140.477 Y121.443 E.11411
G1 X139.747 Y121.066 E.09758
G1 X139.08 Y120.685 E.09123
G1 X138.269 Y120.168 E.11423
G1 X137.489 Y119.612 E.11376
G1 X136.74 Y119.016 E.11368
G1 X136.022 Y118.381 E.11384
G1 X135.334 Y117.704 E.11464
G1 X134.908 Y117.248 E.07411
G1 X134.281 Y116.514 E.11465
G1 X133.698 Y115.754 E.11376
G1 X133.151 Y114.959 E.11461
G1 X132.821 Y114.43 E.07405
G1 X132.345 Y113.589 E.11477
G1 X131.918 Y112.732 E.11372
G1 X131.536 Y111.854 E.11372
G1 X131.2 Y110.954 E.11409
G1 X130.95 Y110.171 E.09762
G1 X130.748 Y109.43 E.09122
G1 X130.54 Y108.491 E.11422
G1 X130.382 Y107.546 E.11379
G1 X130.274 Y106.595 E.11367
G1 X130.215 Y105.639 E.11376
G1 X130.207 Y104.681 E.11378
G1 X130.249 Y103.721 E.11412
G1 X130.325 Y102.902 E.09769
G1 X130.429 Y102.141 E.09122
G1 X130.605 Y101.189 E.11498
G1 X130.745 Y100.581 E.0741
G1 X131.003 Y99.651 E.11462
G1 X131.307 Y98.742 E.11383
G1 X131.658 Y97.851 E.11373
G1 X132.056 Y96.98 E.11373
G1 X132.498 Y96.13 E.11378
G1 X132.985 Y95.302 E.11409
G1 X133.437 Y94.615 E.09767
G1 X133.886 Y93.992 E.0912
G1 X134.484 Y93.239 E.1142
G1 X135.119 Y92.522 E.11375
G1 X135.79 Y91.839 E.11371
G1 X136.498 Y91.19 E.11407
G1 X137.132 Y90.665 E.09776
G1 X137.743 Y90.2 E.09119
G1 X138.537 Y89.654 E.11444
G1 X139.237 Y89.222 E.09769
G1 X139.907 Y88.847 E.09119
G1 X140.768 Y88.418 E.11425
G1 X141.653 Y88.033 E.11462
G1 X142.235 Y87.81 E.07402
G1 X143.151 Y87.503 E.11474
G1 X144.074 Y87.247 E.11376
G1 X145.009 Y87.04 E.11373
G1 X145.954 Y86.882 E.11379
G1 X146.905 Y86.774 E.11367
G1 X147.864 Y86.715 E.11411
G1 X148.466 Y86.708 E.0715
G1 X148.489 Y87.422 F12000
G1 F420.075
G1 X148.68 Y87.42 E.02269
G1 X149.415 Y87.442 E.08733
G1 X150.338 Y87.515 E.10996
G1 X151.25 Y87.635 E.10925
G1 X152.166 Y87.804 E.11062
G1 X152.743 Y87.938 E.07035
G1 X153.64 Y88.187 E.11056
G1 X154.513 Y88.479 E.10933
G1 X155.37 Y88.816 E.10937
G1 X156.21 Y89.199 E.10964
M73 P53 R22
G1 X156.912 Y89.562 E.09386
G1 X157.551 Y89.927 E.0874
G1 X158.332 Y90.424 E.10994
G1 X159.081 Y90.959 E.10932
G1 X159.801 Y91.532 E.10929
G1 X160.491 Y92.142 E.10938
G1 X161.15 Y92.789 E.10968
G1 X161.685 Y93.37 E.0938
G1 X162.16 Y93.931 E.0873
G1 X162.724 Y94.666 E.11003
G1 X163.251 Y95.433 E.11052
G1 X163.565 Y95.936 E.07042
G1 X164.024 Y96.746 E.11057
G1 X164.434 Y97.57 E.10931
G1 X164.688 Y98.152 E.07542
G1 X164.912 Y98.7 E.07031
G1 X165.167 Y99.423 E.09105
G1 X165.436 Y100.303 E.10929
G1 X165.659 Y101.196 E.10931
G1 X165.835 Y102.099 E.10926
G1 X165.963 Y103.01 E.10926
G1 X166.043 Y103.927 E.10932
G1 X166.079 Y105.307 E.16395
G1 X166.039 Y106.226 E.10925
G1 X165.95 Y107.153 E.1106
G1 X165.867 Y107.74 E.07041
G1 X165.696 Y108.666 E.11184
G1 X165.562 Y109.243 E.07035
G1 X165.313 Y110.14 E.11056
G1 X165.021 Y111.013 E.10933
G1 X164.68 Y111.88 E.11065
G1 X164.439 Y112.421 E.07034
G1 X164.024 Y113.254 E.11053
G1 X163.57 Y114.055 E.10935
G1 X163.076 Y114.832 E.10935
G1 X162.541 Y115.581 E.10932
G1 X161.968 Y116.301 E.10929
G1 X161.358 Y116.991 E.10938
G1 X160.706 Y117.655 E.11052
G1 X160.272 Y118.059 E.07042
G1 X159.565 Y118.664 E.11051
G1 X158.834 Y119.224 E.10936
G1 X158.076 Y119.745 E.10924
G1 X157.282 Y120.232 E.11062
G1 X156.764 Y120.519 E.07033
G1 X155.93 Y120.934 E.11064
G1 X155.077 Y121.306 E.11052
G1 X154.523 Y121.518 E.07045
G1 X153.64 Y121.813 E.11057
G1 X152.753 Y122.059 E.10932
G1 X151.855 Y122.259 E.10926
G1 X150.947 Y122.411 E.10934
G1 X150.032 Y122.515 E.10937
G1 X149.114 Y122.571 E.10923
G1 X148.19 Y122.579 E.10974
G1 X147.4 Y122.547 E.0939
G1 X146.667 Y122.486 E.08736
G1 X145.75 Y122.365 E.10985
G1 X144.845 Y122.197 E.10932
G1 X143.939 Y121.98 E.11064
G1 X143.37 Y121.817 E.0703
G1 X142.487 Y121.521 E.11061
G1 X141.63 Y121.184 E.10937
G1 X140.79 Y120.801 E.10964
G1 X140.088 Y120.438 E.09386
G1 X139.449 Y120.073 E.0874
G1 X138.668 Y119.576 E.10994
G1 X137.919 Y119.041 E.10932
G1 X137.199 Y118.468 E.10929
G1 X136.509 Y117.858 E.10938
G1 X135.845 Y117.206 E.11052
G1 X135.441 Y116.772 E.07042
G1 X134.836 Y116.065 E.11051
G1 X134.276 Y115.334 E.10936
G1 X133.749 Y114.567 E.11052
G1 X133.435 Y114.064 E.07042
G1 X132.976 Y113.254 E.11057
G1 X132.566 Y112.43 E.10931
G1 X132.199 Y111.586 E.1093
G1 X131.875 Y110.721 E.1097
G1 X131.635 Y109.968 E.09386
G1 X131.442 Y109.258 E.08738
G1 X131.241 Y108.355 E.10987
G1 X131.089 Y107.447 E.10934
G1 X130.985 Y106.532 E.10937
G1 X130.929 Y105.614 E.10923
G1 X130.921 Y104.693 E.10939
G1 X130.961 Y103.77 E.10972
G1 X131.035 Y102.984 E.09376
G1 X131.134 Y102.255 E.08737
G1 X131.304 Y101.334 E.11123
G1 X131.438 Y100.757 E.07035
G1 X131.687 Y99.86 E.11056
G1 X131.979 Y98.987 E.10933
G1 X132.316 Y98.13 E.10937
G1 X132.698 Y97.293 E.10927
G1 X133.123 Y96.476 E.10937
G1 X133.592 Y95.68 E.10973
G1 X134.026 Y95.02 E.09381
G1 X134.455 Y94.423 E.08731
G1 X135.032 Y93.699 E.10995
G1 X135.642 Y93.009 E.10938
G1 X136.287 Y92.353 E.10926
G1 X136.968 Y91.729 E.1097
G1 X137.576 Y91.224 E.09387
G1 X138.162 Y90.779 E.08739
G1 X138.927 Y90.253 E.11026
G1 X139.6 Y89.838 E.0939
G1 X140.241 Y89.479 E.08725
G1 X141.07 Y89.066 E.11
G1 X141.923 Y88.694 E.11052
G1 X142.477 Y88.482 E.07045
G1 X143.36 Y88.187 E.11057
G1 X144.247 Y87.941 E.10932
G1 X145.145 Y87.741 E.10926
G1 X146.053 Y87.589 E.10934
G1 X146.968 Y87.485 E.10937
G1 X147.89 Y87.429 E.1097
G1 X148.459 Y87.422 E.06758
G1 E-8 F1500
G1 Z3.3 F3000
G1 X150.608 Y88.622 F12000
G1 Z3.1 F3000
G1 E10 F1500
;TYPE:Internal infill
G1 E-10 F1500
G1 Z8.1 F300.0
G1 F12000.0
T0
G1 Z3.1 F300.0
G1 E12.0 F1500
G1 F12000.0
;WIDTH:0.675
G1 F509.2
G1 X148.846 Y88.492 E.17311
G1 X148.5 Y88.616 E.03601
G1 X147.868 Y88.715 E.06268
G1 X147.236 Y88.68 E.06202
G1 X146.916 Y88.56 E.03348
G1 X145.17 Y88.824 E.17301
G1 E-8 F1500
G1 Z3.3 F3000
G1 X138.448 Y91.895 F12000
G1 Z3.1 F3000
G1 E10 F1500
G1 F509.2
G1 X137.106 Y93.043 E.17303
G1 X137.754 Y93.447 E.07482
G1 X138.386 Y93.673 E.06576
G1 X139.018 Y93.773 E.06269
G1 X139.65 Y93.737 E.06202
G1 X140.282 Y93.5 E.06613
G1 X140.914 Y92.969 E.08088
G1 X141.546 Y92.253 E.09357
G1 X142.179 Y91.657 E.08518
G1 X142.811 Y91.268 E.07271
G1 X143.443 Y91.041 E.06579
G1 X144.075 Y90.942 E.06268
G1 X144.707 Y90.978 E.06202
G1 X145.339 Y91.214 E.0661
G1 X145.971 Y91.746 E.08094
G1 X146.604 Y92.462 E.09364
G1 X147.236 Y93.058 E.08511
G1 X147.868 Y93.447 E.07271
G1 X148.5 Y93.673 E.06576
G1 X149.132 Y93.773 E.06269
G1 X149.764 Y93.737 E.06202
G1 X150.396 Y93.5 E.06613
G1 X151.029 Y92.969 E.08095
G1 X151.661 Y92.253 E.09357
G1 X152.293 Y91.657 E.08511
G1 X152.925 Y91.268 E.07271
G1 X153.557 Y91.041 E.06579
G1 X154.189 Y90.942 E.06268
G1 X154.821 Y90.978 E.06202
G1 X155.454 Y91.214 E.06619
G1 X156.086 Y91.746 E.08094
G1 X156.718 Y92.462 E.09357
G1 X157.35 Y93.058 E.08511
G1 X157.982 Y93.447 E.07271
G1 X158.614 Y93.673 E.06576
G1 X159.246 Y93.773 E.06269
G1 X159.878 Y93.737 E.06202
G1 X160.4 Y93.542 E.0546
G1 X161.333 Y94.598 E.13806
G1 X162.381 Y96.045 E.17505
G1 X161.775 Y96.271 E.06337
G1 X161.143 Y96.803 E.08094
G1 X160.511 Y97.519 E.09357
G1 X159.878 Y98.115 E.08518
G1 X159.246 Y98.504 E.07271
G1 X158.614 Y98.73 E.06576
G1 X157.982 Y98.83 E.06269
G1 X157.35 Y98.794 E.06202
G1 X156.718 Y98.558 E.0661
G1 X156.086 Y98.026 E.08094
G1 X155.454 Y97.31 E.09357
G1 X154.821 Y96.714 E.08518
G1 X154.189 Y96.325 E.07271
G1 X153.557 Y96.098 E.06579
G1 X152.925 Y95.999 E.06268
G1 X152.293 Y96.035 E.06202
G1 X151.661 Y96.271 E.0661
G1 X151.029 Y96.803 E.08094
G1 X150.396 Y97.519 E.09364
G1 X149.764 Y98.115 E.08511
G1 X149.132 Y98.504 E.07271
G1 X148.5 Y98.73 E.06576
G1 X147.868 Y98.83 E.06269
G1 X147.236 Y98.794 E.06202
G1 X146.604 Y98.558 E.0661
G1 X145.971 Y98.026 E.08101
G1 X145.339 Y97.31 E.09357
G1 X144.707 Y96.714 E.08511
G1 X144.075 Y96.325 E.07271
G1 X143.443 Y96.098 E.06579
G1 X142.811 Y95.999 E.06268
G1 X142.179 Y96.035 E.06202
G1 X141.546 Y96.271 E.06619
G1 X140.914 Y96.803 E.08094
G1 X140.282 Y97.519 E.09357
G1 X139.65 Y98.115 E.08511
G1 X139.018 Y98.504 E.07271
G1 X138.386 Y98.73 E.06576
G1 X137.754 Y98.83 E.06269
G1 X137.122 Y98.794 E.06202
G1 X136.489 Y98.558 E.06619
G1 X135.857 Y98.026 E.08094
G1 X135.225 Y97.31 E.09357
G1 X134.593 Y96.714 E.08511
G1 X134.316 Y96.543 E.03189
G1 X133.492 Y98.106 E.17312
G1 E-8 F1500
G1 Z3.3 F3000
G1 X164.87 Y102.806 F12000
G1 Z3.1 F3000
G1 E10 F1500
G1 F509.2
M73 P53 R21
G1 X164.543 Y101.07 E.17308
G1 X164.303 Y101.056 E.02355
G1 X163.671 Y101.155 E.06268
G1 X163.039 Y101.382 E.06579
G1 X162.407 Y101.771 E.07271
G1 X161.775 Y102.367 E.08511
G1 X161.143 Y103.083 E.09357
G1 X160.511 Y103.615 E.08094
G1 X159.878 Y103.851 E.06619
G1 X159.246 Y103.887 E.06202
G1 X158.614 Y103.788 E.06268
G1 X157.982 Y103.561 E.06579
G1 X157.35 Y103.172 E.07271
G1 X156.718 Y102.576 E.08511
G1 X156.086 Y101.86 E.09357
G1 X155.454 Y101.328 E.08094
G1 X154.821 Y101.092 E.06619
G1 X154.189 Y101.056 E.06202
G1 X153.557 Y101.155 E.06268
G1 X152.925 Y101.382 E.06579
G1 X152.293 Y101.771 E.07271
G1 X151.661 Y102.367 E.08511
G1 X151.029 Y103.083 E.09357
M73 P54 R21
G1 X150.396 Y103.615 E.08101
G1 X149.764 Y103.851 E.0661
G1 X149.132 Y103.887 E.06202
G1 X148.5 Y103.788 E.06268
G1 X147.868 Y103.561 E.06579
G1 X147.236 Y103.172 E.07271
G1 X146.604 Y102.576 E.08511
G1 X145.971 Y101.86 E.09364
G1 X145.339 Y101.328 E.08094
G1 X144.707 Y101.092 E.0661
G1 X144.075 Y101.056 E.06202
G1 X143.443 Y101.155 E.06268
G1 X142.811 Y101.382 E.06579
G1 X142.179 Y101.771 E.07271
G1 X141.546 Y102.367 E.08518
G1 X140.914 Y103.083 E.09357
G1 X140.282 Y103.615 E.08094
G1 X139.65 Y103.851 E.0661
G1 X139.018 Y103.887 E.06202
G1 X138.386 Y103.788 E.06268
G1 X137.754 Y103.561 E.06579
G1 X137.122 Y103.172 E.07271
G1 X136.489 Y102.576 E.08518
G1 X135.857 Y101.86 E.09357
G1 X135.225 Y101.328 E.08094
G1 X134.593 Y101.092 E.0661
G1 X133.961 Y101.056 E.06202
G1 X133.329 Y101.155 E.06268
G1 X132.697 Y101.382 E.06579
G1 X132.335 Y101.605 E.04166
G1 X132.021 Y103.843 E.22142
G1 X131.983 Y104.712 E.08522
G1 X132.027 Y106.163 E.14223
G1 X132.697 Y106.113 E.06583
G1 X133.329 Y106.213 E.06269
G1 X133.961 Y106.439 E.06576
G1 X134.593 Y106.828 E.07271
G1 X135.225 Y107.424 E.08511
G1 X135.857 Y108.14 E.09357
G1 X136.489 Y108.672 E.08094
G1 X137.122 Y108.908 E.06619
G1 X137.754 Y108.944 E.06202
G1 X138.386 Y108.845 E.06268
G1 X139.018 Y108.618 E.06579
G1 X139.65 Y108.229 E.07271
G1 X140.282 Y107.633 E.08511
G1 X140.914 Y106.917 E.09357
G1 X141.546 Y106.385 E.08094
G1 X142.179 Y106.149 E.06619
G1 X142.811 Y106.113 E.06202
G1 X143.443 Y106.213 E.06269
G1 X144.075 Y106.439 E.06576
G1 X144.707 Y106.828 E.07271
G1 X145.339 Y107.424 E.08511
G1 X145.971 Y108.14 E.09357
G1 X146.604 Y108.672 E.08101
G1 X147.236 Y108.908 E.0661
G1 X147.868 Y108.944 E.06202
G1 X148.5 Y108.845 E.06268
G1 X149.132 Y108.618 E.06579
G1 X149.764 Y108.229 E.07271
G1 X150.396 Y107.633 E.08511
G1 X151.029 Y106.917 E.09364
G1 X151.661 Y106.385 E.08094
G1 X152.293 Y106.149 E.0661
G1 X152.925 Y106.113 E.06202
G1 X153.557 Y106.213 E.06269
G1 X154.189 Y106.439 E.06576
G1 X154.821 Y106.828 E.07271
G1 X155.454 Y107.424 E.08518
G1 X156.086 Y108.14 E.09357
G1 X156.718 Y108.672 E.08094
G1 X157.35 Y108.908 E.0661
G1 X157.982 Y108.944 E.06202
G1 X158.614 Y108.845 E.06268
G1 X159.246 Y108.618 E.06579
G1 X159.878 Y108.229 E.07271
G1 X160.511 Y107.633 E.08518
G1 X161.143 Y106.917 E.09357
G1 X161.775 Y106.385 E.08094
G1 X162.407 Y106.149 E.0661
G1 X163.039 Y106.113 E.06202
G1 X163.671 Y106.213 E.06269
G1 X164.303 Y106.439 E.06576
G1 X164.915 Y106.815 E.07037
G1 X164.532 Y108.982 E.21561
G1 X164.297 Y109.83 E.08622
G1 X163.786 Y111.252 E.14805
G1 X163.039 Y111.496 E.07699
G1 X162.407 Y111.885 E.07271
G1 X161.775 Y112.481 E.08511
G1 X161.143 Y113.197 E.09357
G1 X160.511 Y113.729 E.08094
G1 X159.878 Y113.965 E.06619
G1 X159.246 Y114.001 E.06202
G1 X158.614 Y113.902 E.06268
G1 X157.982 Y113.675 E.06579
G1 X157.35 Y113.286 E.07271
G1 X156.718 Y112.69 E.08511
G1 X156.086 Y111.974 E.09357
G1 X155.454 Y111.442 E.08094
G1 X154.821 Y111.206 E.06619
G1 X154.189 Y111.17 E.06202
G1 X153.557 Y111.27 E.06269
G1 X152.925 Y111.496 E.06576
G1 X152.293 Y111.885 E.07271
G1 X151.661 Y112.481 E.08511
G1 X151.029 Y113.197 E.09357
G1 X150.396 Y113.729 E.08101
G1 X149.764 Y113.965 E.0661
G1 X149.132 Y114.001 E.06202
G1 X148.5 Y113.902 E.06268
G1 X147.868 Y113.675 E.06579
G1 X147.236 Y113.286 E.07271
G1 X146.604 Y112.69 E.08511
G1 X145.971 Y111.974 E.09364
G1 X145.339 Y111.442 E.08094
G1 X144.707 Y111.206 E.0661
G1 X144.075 Y111.17 E.06202
G1 X143.443 Y111.27 E.06269
G1 X142.811 Y111.496 E.06576
G1 X142.179 Y111.885 E.07271
G1 X141.546 Y112.481 E.08518
G1 X140.914 Y113.197 E.09357
G1 X140.282 Y113.729 E.08094
G1 X139.65 Y113.965 E.0661
G1 X139.018 Y114.001 E.06202
G1 X138.386 Y113.902 E.06268
G1 X137.754 Y113.675 E.06579
G1 X137.122 Y113.286 E.07271
G1 X136.489 Y112.69 E.08518
G1 X135.857 Y111.974 E.09357
G1 X135.225 Y111.442 E.08094
G1 X134.593 Y111.206 E.0661
G1 X133.961 Y111.17 E.06202
G1 X133.234 Y111.304 E.07243
G1 X133.995 Y112.898 E.17306
G1 E-8 F1500
G1 Z3.3 F3000
G1 X137.775 Y117.56 F12000
G1 Z3.1 F3000
G1 E10 F1500
G1 F509.2
G1 X139.177 Y118.634 E.17304
G1 X139.65 Y118.343 E.05441
G1 X140.282 Y117.747 E.08511
G1 X140.914 Y117.031 E.09357
G1 X141.546 Y116.5 E.08088
G1 X142.179 Y116.263 E.06622
G1 X142.811 Y116.227 E.06202
G1 X143.443 Y116.327 E.06269
G1 X144.075 Y116.553 E.06576
G1 X144.707 Y116.942 E.07271
G1 X145.339 Y117.538 E.08511
G1 X145.971 Y118.254 E.09357
G1 X146.604 Y118.786 E.08101
G1 X147.236 Y119.022 E.0661
G1 X147.868 Y119.058 E.06202
G1 X148.5 Y118.959 E.06268
G1 X149.132 Y118.732 E.06579
G1 X149.764 Y118.343 E.07271
G1 X150.396 Y117.747 E.08511
G1 X151.029 Y117.031 E.09364
G1 X151.661 Y116.5 E.08088
G1 X152.293 Y116.263 E.06613
G1 X152.925 Y116.227 E.06202
G1 X153.557 Y116.327 E.06269
G1 X154.189 Y116.553 E.06576
G1 X154.821 Y116.942 E.07271
G1 X155.454 Y117.538 E.08518
G1 X156.086 Y118.254 E.09357
G1 X156.718 Y118.786 E.08094
G1 X157.271 Y118.993 E.05785
G1 X155.727 Y119.852 E.17311
G1 E-8 F1500
G1 Z3.3 F3000
G1 X161.007 Y116.673 F12000
G1 Z3.1 F3000
G1 E10 F1500
;TYPE:Solid infill
;WIDTH:0.675009
G1 F509.193
G1 X160.371 Y117.32 E.08889
G1 X159.952 Y117.71 E.05608
G1 X159.261 Y118.3 E.08903
G1 X158.55 Y118.845 E.08777
G1 X157.811 Y119.352 E.08781
G1 X157.035 Y119.827 E.08914
;WIDTH:0.674281
G1 X156.249 Y120.25 E.08735
;WIDTH:0.675019
G1 X155.731 Y120.505 E.05657
G1 X154.891 Y120.87 E.08974
G1 X154.357 Y121.075 E.05604
G1 X153.495 Y121.363 E.08905
G1 X152.631 Y121.602 E.08783
G1 X151.757 Y121.795 E.0877
G1 X150.873 Y121.943 E.08782
G1 X149.983 Y122.044 E.08776
G1 X149.089 Y122.098 E.08775
G1 X148.19 Y122.106 E.08809
G1 X147.417 Y122.073 E.07581
G1 X146.712 Y122.015 E.06931
G1 X145.816 Y121.896 E.08856
G1 X144.935 Y121.733 E.08779
G1 X144.054 Y121.518 E.08885
G1 X143.498 Y121.361 E.05661
G1 X142.641 Y121.074 E.08855
G1 X141.808 Y120.745 E.08775
G1 X140.992 Y120.373 E.08787
G1 X140.392 Y120.063 E.06617
G1 X139.688 Y119.664 E.07929
G1 X138.927 Y119.179 E.08842
G1 X138.198 Y118.659 E.08774
G1 X137.497 Y118.101 E.08779
G1 X136.827 Y117.507 E.08773
G1 X136.18 Y116.871 E.08889
G1 X135.79 Y116.452 E.05609
G1 X135.2 Y115.761 E.08903
G1 X134.655 Y115.05 E.08778
G1 X134.141 Y114.302 E.08893
G1 X133.838 Y113.817 E.05603
G1 X133.391 Y113.025 E.08911
G1 X132.991 Y112.223 E.08781
G1 X132.629 Y111.389 E.08908
;WIDTH:0.674303
G1 X132.323 Y110.56 E.08648
;WIDTH:0.674983
G1 X132.115 Y109.916 E.06631
G1 X131.9 Y109.138 E.07908
G1 X131.705 Y108.257 E.0884
G1 X131.557 Y107.373 E.08782
G1 X131.456 Y106.483 E.08776
G1 X131.402 Y105.589 E.08775
G1 X131.395 Y104.694 E.08769
G1 X131.434 Y103.795 E.08816
G1 X131.507 Y103.025 E.07578
G1 X131.602 Y102.324 E.06931
G1 X131.77 Y101.422 E.08989
;WIDTH:0.674279
G1 X131.98 Y100.566 E.08625
;WIDTH:0.668529
G1 F514.855
G1 X132.235 Y99.707 E.08683
;WIDTH:0.668775
G1 X132.534 Y98.862 E.08689
;WIDTH:0.674975
G1 F509.222
G1 X132.794 Y98.223 E.06759
G1 X133.123 Y97.5 E.07782
G1 X133.541 Y96.699 E.08852
G1 X133.997 Y95.924 E.0881
G1 X134.452 Y95.238 E.08065
G1 X134.833 Y94.709 E.06387
G1 X135.399 Y93.997 E.08911
G1 X135.993 Y93.327 E.08773
G1 X136.621 Y92.688 E.08778
G1 X137.285 Y92.081 E.08814
G1 X137.88 Y91.587 E.07577
G1 X138.444 Y91.159 E.06937
G1 X139.192 Y90.646 E.08886
G1 X139.85 Y90.24 E.07575
G1 X140.468 Y89.894 E.06939
G1 X141.277 Y89.491 E.08855
G1 X142.109 Y89.13 E.08886
G1 X142.643 Y88.925 E.05604
G1 X143.505 Y88.637 E.08904
G1 X144.369 Y88.398 E.08783
G1 X145.243 Y88.205 E.08769
G1 X146.127 Y88.057 E.08781
G1 X147.017 Y87.956 E.08776
G1 X147.915 Y87.902 E.08814
G1 X149.153 Y87.904 E.12129
G1 X150.296 Y87.986 E.11227
G1 X151.184 Y88.104 E.08777
G1 X152.076 Y88.269 E.08887
G1 X152.633 Y88.398 E.05602
G1 X153.509 Y88.642 E.08909
G1 X154.359 Y88.926 E.0878
G1 X155.192 Y89.255 E.08775
G1 X156.011 Y89.629 E.08821
;WIDTH:0.674773
G1 X156.8 Y90.042 E.08722
;WIDTH:0.672009
G1 F511.799
G1 X157.572 Y90.499 E.08745
;WIDTH:0.674977
G1 F509.22
G1 X158.15 Y90.876 E.06761
G1 X158.796 Y91.337 E.07775
G1 X159.503 Y91.899 E.08849
G1 X160.173 Y92.493 E.08773
G1 X160.82 Y93.129 E.08889
G1 X161.271 Y93.619 E.06525
G1 X161.796 Y94.234 E.07922
G1 X162.345 Y94.95 E.0884
G1 X162.859 Y95.698 E.08892
G1 X163.162 Y96.183 E.05603
G1 X163.609 Y96.975 E.0891
G1 X164.009 Y97.777 E.08781
G1 X164.37 Y98.609 E.08886
G1 X164.575 Y99.143 E.05604
G1 X164.863 Y100.005 E.08904
G1 X165.102 Y100.869 E.08783
G1 X165.295 Y101.743 E.08769
G1 X165.443 Y102.627 E.08781
G1 X165.544 Y103.517 E.08776
M73 P55 R21
G1 X165.598 Y104.411 E.08775
G1 X165.605 Y105.306 E.08769
G1 X165.566 Y106.201 E.08777
G1 X165.479 Y107.104 E.08888
G1 X165.399 Y107.67 E.056
G1 X165.231 Y108.576 E.09028
G1 X165.102 Y109.133 E.05602
G1 X164.858 Y110.009 E.08909
G1 X164.574 Y110.859 E.0878
G1 X164.24 Y111.705 E.08911
;WIDTH:0.674279
G1 X163.866 Y112.516 E.08739
;WIDTH:0.675017
G1 X163.606 Y113.032 E.05661
G1 X163.161 Y113.818 E.0885
G1 X162.679 Y114.573 E.08776
G1 X162.159 Y115.302 E.08774
G1 X161.601 Y116.003 E.08779
G1 X161.202 Y116.453 E.05893
;LAYER_CHANGE
;Z:3.5
;HEIGHT:0.4

G1 E-8 F1500
G1 Z3.5 F3000
;AFTER_LAYER_CHANGE
;3.5
G92 E0
_ON_LAYER_CHANGE LAYER=9
G1 Z3.7
G1 X148.507 Y85.342 F12000
G1 Z3.5 F3000
G1 E10 F1500
;TYPE:External perimeter
;WIDTH:0.675
G1 F509.2
G1 X148.727 Y85.34 E.02156
G1 X149.528 Y85.364 E.07852
G1 X150.555 Y85.445 E.10094
G1 X151.576 Y85.58 E.10091
G1 X152.589 Y85.768 E.10095
G1 X153.255 Y85.921 E.06695
G1 X154.249 Y86.197 E.10107
G1 X155.225 Y86.523 E.10082
G1 X156.183 Y86.901 E.1009
G1 X157.119 Y87.328 E.1008
G1 X158.033 Y87.803 E.10092
G1 X158.92 Y88.326 E.10089
G1 X159.682 Y88.828 E.0894
G1 X160.332 Y89.296 E.07848
G1 X161.139 Y89.938 E.10104
G1 X161.91 Y90.62 E.10085
G1 X162.645 Y91.342 E.10095
G1 X163.111 Y91.842 E.06697
G1 X163.781 Y92.626 E.10104
G1 X164.407 Y93.443 E.10084
G1 X164.991 Y94.292 E.10096
G1 X165.353 Y94.872 E.06699
G1 X165.861 Y95.769 E.101
G1 X166.32 Y96.69 E.10082
G1 X166.731 Y97.636 E.10106
G1 X166.976 Y98.274 E.06696
G1 X167.303 Y99.251 E.10094
G1 X167.578 Y100.243 E.10086
G1 X167.801 Y101.248 E.10086
G1 X167.971 Y102.264 E.10093
G1 X168.088 Y103.286 E.10079
G1 X168.15 Y104.314 E.1009
G1 X168.159 Y105.343 E.10082
G1 X168.114 Y106.372 E.10092
G1 X168.016 Y107.398 E.10098
G1 X167.921 Y108.074 E.06688
G1 X167.732 Y109.09 E.10125
G1 X167.579 Y109.755 E.06686
G1 X167.303 Y110.749 E.10107
G1 X166.977 Y111.725 E.10082
G1 X166.599 Y112.683 E.1009
G1 X166.172 Y113.621 E.10098
G1 X165.862 Y114.23 E.06695
G1 X165.354 Y115.127 E.101
G1 X164.801 Y115.995 E.10084
G1 X164.203 Y116.833 E.10087
G1 X163.562 Y117.639 E.1009
G1 X162.88 Y118.41 E.10085
G1 X162.158 Y119.145 E.10095
G1 X161.658 Y119.611 E.06697
G1 X160.874 Y120.281 E.10104
G1 X160.057 Y120.907 E.10084
G1 X159.209 Y121.49 E.10083
G1 X158.331 Y122.028 E.10089
G1 X157.425 Y122.52 E.10101
G1 X156.811 Y122.82 E.06696
G1 X155.864 Y123.231 E.10115
G1 X155.226 Y123.476 E.06696
G1 X154.249 Y123.803 E.10094
G1 X153.257 Y124.078 E.10086
G1 X152.252 Y124.301 E.10086
G1 X151.236 Y124.471 E.10093
G1 X150.214 Y124.588 E.10079
G1 X149.186 Y124.65 E.1009
G1 X148.156 Y124.659 E.10092
G1 X147.244 Y124.622 E.08943
G1 X146.446 Y124.555 E.07846
G1 X145.424 Y124.42 E.101
G1 X144.411 Y124.232 E.10095
G1 X143.745 Y124.079 E.06695
G1 X142.751 Y123.803 E.10107
G1 X141.775 Y123.477 E.10082
G1 X140.817 Y123.099 E.1009
G1 X139.879 Y122.672 E.10098
G1 X139.27 Y122.362 E.06695
G1 X138.373 Y121.854 E.101
G1 X137.505 Y121.301 E.10084
G1 X136.667 Y120.703 E.10087
G1 X135.861 Y120.062 E.1009
G1 X135.09 Y119.38 E.10085
G1 X134.355 Y118.658 E.10095
G1 X133.889 Y118.158 E.06697
G1 X133.219 Y117.374 E.10104
G1 X132.593 Y116.557 E.10084
G1 X132.009 Y115.708 E.10096
G1 X131.647 Y115.128 E.06699
G1 X131.139 Y114.231 E.101
G1 X130.68 Y113.31 E.10082
G1 X130.269 Y112.364 E.10106
G1 X130.024 Y111.726 E.06696
G1 X129.697 Y110.749 E.10094
G1 X129.422 Y109.757 E.10086
G1 X129.199 Y108.752 E.10086
G1 X129.029 Y107.736 E.10093
G1 X128.912 Y106.714 E.10079
G1 X128.85 Y105.686 E.1009
G1 X128.841 Y104.657 E.10082
G1 X128.886 Y103.628 E.10092
G1 X128.971 Y102.719 E.08945
G1 X129.08 Y101.925 E.07852
G1 X129.267 Y100.912 E.10093
G1 X129.508 Y99.911 E.10088
G1 X129.8 Y98.924 E.10085
G1 X130.144 Y97.953 E.10093
G1 X130.491 Y97.109 E.08941
G1 X130.827 Y96.381 E.07856
G1 X131.303 Y95.468 E.10088
G1 X131.825 Y94.581 E.10084
G1 X132.394 Y93.721 E.10103
G1 X132.796 Y93.168 E.06698
G1 X133.438 Y92.361 E.10104
G1 X134.12 Y91.59 E.10085
G1 X134.841 Y90.856 E.10081
G1 X135.601 Y90.16 E.10097
G1 X136.304 Y89.578 E.08942
G1 X136.942 Y89.093 E.07852
G1 X137.791 Y88.51 E.10091
G1 X138.569 Y88.031 E.08952
G1 X139.268 Y87.64 E.07847
G1 X140.19 Y87.18 E.10095
G1 X141.136 Y86.769 E.10106
G1 X141.774 Y86.524 E.06696
G1 X142.751 Y86.197 E.10094
G1 X143.743 Y85.922 E.10086
G1 X144.748 Y85.699 E.10086
G1 X145.764 Y85.529 E.10093
G1 X146.786 Y85.412 E.10079
G1 X147.814 Y85.35 E.1009
G1 X148.477 Y85.342 E.06496
G1 X149.077 Y85.351 F12000
G1 X148.502 Y85.994
;TYPE:Perimeter
G1 E-10 F1500
G1 Z8.5 F300.0
G1 F12000.0
T1
G1 Z3.5 F300.0
G1 E30.0 F1500
G1 F12000.0
;WIDTH:0.8
G1 F420.075
G1 X148.72 Y85.991 E.02589
G1 X149.492 Y86.015 E.09173
G1 X150.487 Y86.094 E.11854
G1 X151.474 Y86.224 E.11823
G1 X152.457 Y86.406 E.11873
G1 X153.095 Y86.553 E.07776
G1 X154.058 Y86.82 E.11869
G1 X155.002 Y87.136 E.11823
G1 X155.928 Y87.501 E.11821
G1 X156.834 Y87.913 E.1182
G1 X157.716 Y88.373 E.11814
G1 X158.575 Y88.879 E.1184
G1 X159.312 Y89.364 E.10478
G1 X159.939 Y89.816 E.0918
G1 X160.72 Y90.437 E.1185
G1 X161.465 Y91.097 E.11821
G1 X162.178 Y91.797 E.11867
G1 X162.625 Y92.276 E.07781
G1 X163.274 Y93.036 E.11869
G1 X163.88 Y93.826 E.11825
G1 X164.446 Y94.65 E.11873
G1 X164.793 Y95.205 E.07774
G1 X165.285 Y96.075 E.1187
G1 X165.729 Y96.966 E.11823
G1 X166.128 Y97.883 E.11877
G1 X166.522 Y98.97 E.13732
G1 X166.813 Y99.921 E.11812
G1 X167.054 Y100.887 E.11824
G1 X167.243 Y101.863 E.11807
G1 X167.382 Y102.849 E.11826
G1 X167.469 Y103.84 E.11815
G1 X167.508 Y105.332 E.17726
G1 X167.464 Y106.326 E.11817
G1 X167.368 Y107.321 E.11872
G1 X167.277 Y107.97 E.07783
G1 X167.094 Y108.957 E.11922
G1 X166.947 Y109.595 E.07776
G1 X166.68 Y110.558 E.11869
G1 X166.364 Y111.502 E.11823
G1 X165.999 Y112.428 E.11821
G1 X165.585 Y113.338 E.11874
G1 X165.287 Y113.921 E.07776
G1 X164.795 Y114.791 E.1187
G1 X164.26 Y115.631 E.11828
G1 X163.682 Y116.441 E.11818
G1 X163.063 Y117.22 E.11817
G1 X162.403 Y117.965 E.11821
G1 X161.703 Y118.678 E.11867
G1 X161.224 Y119.125 E.07781
G1 X160.464 Y119.774 E.11869
G1 X159.674 Y120.38 E.11825
G1 X158.854 Y120.944 E.1182
G1 X158.005 Y121.464 E.11824
G1 X157.127 Y121.941 E.11867
G1 X156.538 Y122.228 E.07782
G1 X155.618 Y122.628 E.11914
G1 X155.006 Y122.863 E.07786
G1 X154.058 Y123.18 E.11872
G1 X153.099 Y123.446 E.1182
G1 X152.127 Y123.661 E.11823
G1 X151.146 Y123.825 E.11813
G1 X150.157 Y123.938 E.11822
G1 X149.163 Y123.999 E.11827
G1 X148.167 Y124.008 E.11829
G1 X147.285 Y123.971 E.10484
G1 X146.515 Y123.907 E.09176
G1 X145.526 Y123.776 E.11848
G1 X144.543 Y123.594 E.11873
G1 X143.905 Y123.447 E.07776
G1 X142.942 Y123.18 E.11869
G1 X141.998 Y122.864 E.11823
G1 X141.072 Y122.499 E.11821
G1 X140.162 Y122.085 E.11874
G1 X139.579 Y121.787 E.07776
G1 X138.709 Y121.295 E.1187
G1 X137.869 Y120.76 E.11828
G1 X137.059 Y120.182 E.11818
G1 X136.28 Y119.563 E.11817
G1 X135.535 Y118.903 E.11821
G1 X134.822 Y118.203 E.11867
G1 X134.375 Y117.724 E.07781
G1 X133.726 Y116.964 E.11869
G1 X133.12 Y116.174 E.11825
M73 P56 R21
G1 X132.554 Y115.35 E.11873
G1 X132.207 Y114.795 E.07774
G1 X131.715 Y113.925 E.1187
G1 X131.271 Y113.034 E.11823
M73 P56 R20
G1 X130.872 Y112.117 E.11877
G1 X130.637 Y111.506 E.07775
G1 X130.32 Y110.558 E.11872
G1 X130.054 Y109.599 E.1182
G1 X129.839 Y108.627 E.11823
G1 X129.675 Y107.646 E.11813
G1 X129.562 Y106.657 E.11822
G1 X129.501 Y105.663 E.11827
G1 X129.492 Y104.668 E.11818
G1 X129.536 Y103.673 E.11829
G1 X129.619 Y102.794 E.10486
G1 X129.723 Y102.029 E.09169
G1 X129.905 Y101.048 E.1185
G1 X130.137 Y100.08 E.11822
G1 X130.42 Y99.125 E.1183
G1 X130.753 Y98.186 E.11833
G1 X131.089 Y97.37 E.10481
G1 X131.412 Y96.669 E.09167
G1 X131.873 Y95.784 E.11851
G1 X132.378 Y94.926 E.11824
G1 X132.93 Y94.092 E.11878
G1 X133.315 Y93.563 E.0777
G1 X133.937 Y92.78 E.11876
G1 X134.597 Y92.035 E.11821
G1 X135.294 Y91.325 E.11816
G1 X136.029 Y90.652 E.11836
G1 X136.709 Y90.089 E.10485
G1 X137.324 Y89.622 E.09171
G1 X138.147 Y89.056 E.11863
G1 X138.899 Y88.593 E.10488
G1 X139.573 Y88.216 E.09172
G1 X140.466 Y87.771 E.1185
G1 X141.382 Y87.372 E.11866
G1 X141.994 Y87.137 E.07786
G1 X142.942 Y86.82 E.11872
G1 X143.901 Y86.554 E.1182
G1 X144.873 Y86.339 E.11823
G1 X145.854 Y86.175 E.11813
G1 X146.843 Y86.062 E.11822
G1 X147.838 Y86.001 E.11839
G1 X148.472 Y85.994 E.0753
G1 X148.496 Y86.708 F12000
G1 F420.075
G1 X148.713 Y86.706 E.02577
G1 X149.453 Y86.729 E.08793
G1 X150.412 Y86.804 E.11424
G1 X151.362 Y86.929 E.1138
G1 X152.311 Y87.105 E.11463
G1 X152.919 Y87.245 E.0741
G1 X153.849 Y87.503 E.11462
G1 X154.758 Y87.807 E.11383
G1 X155.649 Y88.158 E.11373
G1 X156.52 Y88.556 E.11373
G1 X157.37 Y88.998 E.11378
G1 X158.197 Y89.485 E.11398
G1 X158.907 Y89.952 E.10093
G1 X159.508 Y90.385 E.08797
G1 X160.261 Y90.984 E.11427
G1 X160.978 Y91.619 E.11375
G1 X161.666 Y92.296 E.11464
G1 X162.092 Y92.752 E.07411
G1 X162.719 Y93.486 E.11465
G1 X163.302 Y94.246 E.11376
G1 X163.849 Y95.041 E.11461
G1 X164.179 Y95.57 E.07405
G1 X164.654 Y96.41 E.11461
G1 X165.082 Y97.268 E.11388
G1 X165.342 Y97.867 E.07755
G1 X165.579 Y98.444 E.07408
G1 X165.845 Y99.197 E.09485
G1 X166.125 Y100.112 E.11364
G1 X166.356 Y101.041 E.11369
G1 X166.539 Y101.981 E.11374
G1 X166.672 Y102.93 E.11381
G1 X166.756 Y103.883 E.11362
G1 X166.793 Y105.319 E.1706
G1 X166.752 Y106.276 E.11376
G1 X166.659 Y107.237 E.11467
G1 X166.572 Y107.855 E.07412
G1 X166.395 Y108.811 E.11547
G1 X166.255 Y109.419 E.0741
G1 X165.997 Y110.349 E.11462
G1 X165.693 Y111.258 E.11383
G1 X165.342 Y112.149 E.11373
G1 X164.941 Y113.027 E.11464
G1 X164.658 Y113.583 E.0741
G1 X164.183 Y114.423 E.11461
G1 X163.668 Y115.231 E.1138
G1 X163.112 Y116.011 E.11376
G1 X162.516 Y116.76 E.11368
G1 X161.881 Y117.478 E.11384
G1 X161.204 Y118.166 E.11464
G1 X160.748 Y118.592 E.07411
G1 X160.014 Y119.219 E.11465
G1 X159.254 Y119.802 E.11376
G1 X158.465 Y120.344 E.11369
G1 X157.648 Y120.845 E.11382
G1 X156.8 Y121.305 E.11458
G1 X156.239 Y121.579 E.07415
G1 X155.347 Y121.967 E.11553
G1 X154.765 Y122.19 E.07402
G1 X153.849 Y122.497 E.11474
G1 X152.926 Y122.753 E.11376
G1 X151.991 Y122.96 E.11373
G1 X151.046 Y123.118 E.11379
G1 X150.095 Y123.226 E.11367
G1 X149.139 Y123.285 E.11376
G1 X148.179 Y123.293 E.11402
G1 X147.33 Y123.258 E.10092
G1 X146.592 Y123.196 E.08796
G1 X145.638 Y123.071 E.11427
G1 X144.689 Y122.895 E.11463
G1 X144.081 Y122.755 E.0741
G1 X143.151 Y122.497 E.11462
G1 X142.242 Y122.193 E.11383
G1 X141.351 Y121.842 E.11373
G1 X140.473 Y121.441 E.11464
G1 X139.917 Y121.158 E.0741
G1 X139.077 Y120.683 E.11461
G1 X138.269 Y120.168 E.1138
G1 X137.489 Y119.612 E.11376
G1 X136.739 Y119.016 E.11377
G1 X136.022 Y118.381 E.11375
G1 X135.334 Y117.704 E.11464
G1 X134.908 Y117.248 E.07411
G1 X134.281 Y116.514 E.11465
G1 X133.698 Y115.754 E.11376
G1 X133.151 Y114.959 E.11461
G1 X132.821 Y114.43 E.07405
G1 X132.346 Y113.59 E.11461
G1 X131.918 Y112.732 E.11388
G1 X131.533 Y111.847 E.11462
G1 X131.31 Y111.265 E.07402
G1 X131.003 Y110.349 E.11474
G1 X130.747 Y109.426 E.11376
G1 X130.54 Y108.491 E.11373
G1 X130.382 Y107.546 E.11379
G1 X130.274 Y106.595 E.11367
G1 X130.215 Y105.639 E.11376
G1 X130.207 Y104.681 E.11378
G1 X130.249 Y103.722 E.114
G1 X130.328 Y102.876 E.10091
G1 X130.428 Y102.142 E.08798
G1 X130.604 Y101.196 E.11428
G1 X130.827 Y100.265 E.1137
G1 X131.099 Y99.346 E.11383
G1 X131.42 Y98.441 E.11404
G1 X131.743 Y97.656 E.10081
G1 X132.054 Y96.983 E.08805
G1 X132.498 Y96.13 E.11421
G1 X132.984 Y95.305 E.11372
G1 X133.517 Y94.5 E.11466
G1 X133.883 Y93.995 E.07407
G1 X134.484 Y93.239 E.1147
G1 X135.119 Y92.522 E.11375
G1 X135.79 Y91.839 E.11371
G1 X136.498 Y91.19 E.11407
G1 X137.153 Y90.648 E.10097
G1 X137.742 Y90.201 E.08782
G1 X138.537 Y89.655 E.11454
G1 X139.26 Y89.209 E.10089
G1 X139.907 Y88.847 E.08805
G1 X140.768 Y88.418 E.11425
G1 X141.653 Y88.033 E.11462
G1 X142.235 Y87.81 E.07402
G1 X143.151 Y87.503 E.11474
G1 X144.074 Y87.247 E.11376
G1 X145.009 Y87.04 E.11373
G1 X145.954 Y86.882 E.11379
G1 X146.905 Y86.774 E.11367
G1 X147.863 Y86.715 E.11399
G1 X148.466 Y86.708 E.07162
G1 X148.489 Y87.422 F12000
G1 F420.075
G1 X148.706 Y87.42 E.02577
G1 X149.414 Y87.442 E.08413
G1 X150.338 Y87.515 E.11008
G1 X151.25 Y87.635 E.10925
G1 X152.166 Y87.804 E.11062
G1 X152.743 Y87.938 E.07035
G1 X153.64 Y88.187 E.11056
G1 X154.513 Y88.479 E.10933
G1 X155.37 Y88.816 E.10937
G1 X156.207 Y89.198 E.10927
G1 X157.024 Y89.623 E.10937
G1 X157.819 Y90.091 E.10956
G1 X158.501 Y90.541 E.09704
G1 X159.076 Y90.955 E.08415
G1 X159.801 Y91.532 E.11005
G1 X160.491 Y92.142 E.10938
G1 X161.155 Y92.794 E.11052
G1 X161.559 Y93.228 E.07042
G1 X162.164 Y93.935 E.11051
G1 X162.724 Y94.666 E.10936
G1 X163.251 Y95.433 E.11052
G1 X163.565 Y95.936 E.07042
G1 X164.024 Y96.746 E.11057
G1 X164.434 Y97.57 E.10931
G1 X164.688 Y98.152 E.07542
G1 X164.912 Y98.7 E.07031
G1 X165.167 Y99.423 E.09105
G1 X165.436 Y100.303 E.10929
G1 X165.659 Y101.196 E.10931
G1 X165.835 Y102.099 E.10926
G1 X165.963 Y103.01 E.10926
G1 X166.043 Y103.927 E.10932
G1 X166.079 Y105.307 E.16395
G1 X166.039 Y106.226 E.10925
G1 X165.95 Y107.153 E.1106
G1 X165.867 Y107.74 E.07041
G1 X165.696 Y108.666 E.11184
G1 X165.562 Y109.243 E.07035
G1 X165.313 Y110.14 E.11056
G1 X165.021 Y111.013 E.10933
G1 X164.684 Y111.87 E.10937
G1 X164.298 Y112.717 E.11055
G1 X164.029 Y113.245 E.07038
G1 X163.57 Y114.055 E.11057
G1 X163.076 Y114.832 E.10935
G1 X162.541 Y115.581 E.10932
G1 X161.968 Y116.301 E.10929
G1 X161.358 Y116.991 E.10938
G1 X160.706 Y117.655 E.11052
G1 X160.272 Y118.059 E.07042
G1 X159.565 Y118.664 E.11051
M73 P57 R20
G1 X158.834 Y119.224 E.10936
G1 X158.076 Y119.745 E.10924
G1 X157.291 Y120.226 E.10934
G1 X156.473 Y120.67 E.11054
G1 X155.94 Y120.93 E.07043
G1 X155.077 Y121.306 E.1118
G1 X154.523 Y121.518 E.07045
G1 X153.64 Y121.813 E.11057
G1 X152.753 Y122.059 E.10932
G1 X151.855 Y122.259 E.10926
G1 X150.947 Y122.411 E.10934
G1 X150.032 Y122.515 E.10937
G1 X149.114 Y122.571 E.10923
G1 X148.19 Y122.579 E.10974
G1 X147.374 Y122.545 E.097
G1 X146.668 Y122.486 E.08414
G1 X145.75 Y122.365 E.10997
G1 X144.834 Y122.196 E.11062
G1 X144.257 Y122.062 E.07035
G1 X143.36 Y121.813 E.11056
G1 X142.487 Y121.521 E.10933
G1 X141.63 Y121.184 E.10937
G1 X140.783 Y120.798 E.11055
G1 X140.255 Y120.529 E.07038
G1 X139.445 Y120.07 E.11057
G1 X138.668 Y119.576 E.10935
G1 X137.919 Y119.041 E.10932
G1 X137.199 Y118.468 E.10929
G1 X136.509 Y117.858 E.10938
G1 X135.845 Y117.206 E.11052
G1 X135.441 Y116.772 E.07042
G1 X134.836 Y116.065 E.11051
G1 X134.276 Y115.334 E.10936
G1 X133.749 Y114.567 E.11052
G1 X133.435 Y114.064 E.07042
G1 X132.976 Y113.254 E.11057
G1 X132.566 Y112.43 E.10931
G1 X132.194 Y111.577 E.11052
G1 X131.982 Y111.023 E.07045
G1 X131.687 Y110.14 E.11057
G1 X131.441 Y109.253 E.10932
G1 X131.241 Y108.355 E.10926
G1 X131.089 Y107.447 E.10934
G1 X130.985 Y106.532 E.10937
G1 X130.929 Y105.614 E.10923
G1 X130.921 Y104.693 E.10939
G1 X130.961 Y103.771 E.1096
G1 X131.038 Y102.958 E.09699
G1 X131.134 Y102.255 E.08427
G1 X131.303 Y101.345 E.10992
G1 X131.517 Y100.45 E.10929
G1 X131.779 Y99.567 E.10939
G1 X132.087 Y98.697 E.10961
G1 X132.398 Y97.941 E.09709
G1 X132.695 Y97.298 E.08412
G1 X133.123 Y96.476 E.11007
G1 X133.59 Y95.683 E.1093
G1 X134.104 Y94.907 E.11055
G1 X134.452 Y94.427 E.07041
G1 X135.032 Y93.699 E.11055
G1 X135.642 Y93.009 E.10938
G1 X136.287 Y92.353 E.10926
G1 X136.967 Y91.729 E.10961
G1 X137.597 Y91.208 E.09709
G1 X138.161 Y90.78 E.08409
G1 X138.927 Y90.253 E.11043
G1 X139.622 Y89.825 E.09694
G1 X140.241 Y89.479 E.08422
G1 X141.07 Y89.066 E.11
G1 X141.923 Y88.694 E.11052
G1 X142.477 Y88.482 E.07045
G1 X143.36 Y88.187 E.11057
G1 X144.247 Y87.941 E.10932
G1 X145.145 Y87.741 E.10926
G1 X146.053 Y87.589 E.10934
G1 X146.968 Y87.485 E.10937
G1 X147.889 Y87.429 E.10958
G1 X148.459 Y87.423 E.0677
G1 E-8 F1500
G1 Z3.7 F3000
G1 X135.035 Y115.98 F12000
G1 Z3.5 F3000
G1 E10 F1500
;TYPE:Bridge infill
G1 E-10 F1500
G1 Z8.5 F300.0
G1 F12000.0
T0
G1 Z3.5 F300.0
G1 E12.0 F1500
G1 F12000.0
;WIDTH:0.50231
;HEIGHT:0.501996
G1 F605.547
G1 X133.376 Y113.037 E.27834
G1 X132.978 Y112.238 E.07354
G1 X132.615 Y111.404 E.07494
G1 X132.41 Y110.87 E.04713
G1 X132.121 Y110.007 E.07498
G1 X131.947 Y109.378 E.05377
G1 X136.195 Y116.912 E.71259
G1 X136.819 Y117.526 E.07213
G1 X137.525 Y118.147 E.07747
G1 X131.575 Y107.593 E.99819
G1 X131.438 Y106.493 E.09133
G1 X131.42 Y106.194 E.02468
G1 X138.638 Y118.996 E1.21084
G1 X138.923 Y119.199 E.02883
G1 X139.646 Y119.66 E.07065
G1 X131.378 Y104.996 E1.38695
G1 X131.409 Y103.926 E.08819
G1 X140.574 Y120.181 E1.53743
G1 X141.444 Y120.6 E.07956
G1 X131.497 Y102.957 E1.66869
G1 X131.63 Y102.069 E.07398
G1 X142.276 Y120.95 E1.78582
G1 X143.072 Y121.238 E.06974
G1 X131.796 Y101.238 E1.89162
G1 X131.989 Y100.457 E.06628
G1 X143.84 Y121.475 E1.98795
G1 X144.585 Y121.671 E.06347
G1 X132.208 Y99.72 E2.07619
G1 X132.452 Y99.028 E.06045
M73 P58 R20
G1 X145.303 Y121.82 E2.15573
G1 X146.004 Y121.94 E.05859
M73 P58 R19
G1 X132.714 Y98.368 E2.22947
G1 X132.993 Y97.738 E.05677
G1 X146.689 Y122.03 E2.29757
G1 X147.356 Y122.088 E.05516
G1 X133.29 Y97.14 E2.35962
G1 X133.599 Y96.564 E.05385
G1 X148.006 Y122.116 E2.41677
G1 X148.642 Y122.121 E.0524
G1 X133.923 Y96.014 E2.46922
G1 X134.262 Y95.491 E.05135
G1 X149.268 Y122.106 E2.51729
G1 X149.881 Y122.069 E.0506
G1 X134.61 Y94.984 E2.56175
G1 X134.973 Y94.503 E.04965
G1 X150.48 Y122.006 E2.60129
G1 X151.071 Y121.929 E.0491
M73 P59 R19
G1 X135.344 Y94.036 E2.63819
G1 X135.73 Y93.596 E.04822
G1 X151.65 Y121.832 E2.67061
G1 X152.217 Y121.713 E.04773
G1 X136.123 Y93.168 E2.69983
G1 X136.525 Y92.758 E.04731
G1 X152.777 Y121.581 E2.72617
G1 X153.325 Y121.429 E.04685
G1 X136.941 Y92.37 E2.74845
G1 X137.362 Y91.993 E.04656
G1 X153.863 Y121.26 E2.76811
G1 X154.396 Y121.08 E.04635
G1 X137.794 Y91.635 E2.78497
G1 X137.879 Y91.564 E.00912
G1 X138.236 Y91.293 E.03693
G1 X154.917 Y120.879 E2.79829
G1 X155.426 Y120.658 E.04572
G1 X138.687 Y90.969 E2.80803
G1 X139.144 Y90.655 E.04568
M73 P60 R19
G1 X155.931 Y120.429 E2.81607
G1 X156.425 Y120.179 E.04562
G1 X139.614 Y90.364 E2.81998
G1 X140.09 Y90.084 E.0455
M73 P60 R18
G1 X156.91 Y119.916 E2.82157
G1 X157.386 Y119.635 E.04554
G1 X140.575 Y89.82 E2.81998
G1 X141.07 Y89.573 E.04558
G1 X157.856 Y119.345 E2.81589
G1 X158.313 Y119.031 E.04568
G1 X141.574 Y89.342 E2.80803
G1 X142.083 Y89.121 E.04572
G1 X158.764 Y118.705 E2.79815
G1 X159.206 Y118.366 E.04589
G1 X142.604 Y88.92 E2.78505
G1 X143.137 Y88.74 E.04635
M73 P61 R18
G1 X159.637 Y118.004 E2.76786
G1 X160.062 Y117.634 E.04643
G1 X143.675 Y88.571 E2.74886
G1 X144.223 Y88.419 E.04685
G1 X160.475 Y117.242 E2.72617
G1 X160.877 Y116.832 E.04731
G1 X144.783 Y88.287 E2.69983
G1 X145.35 Y88.168 E.04773
G1 X161.27 Y116.404 E2.67061
G1 X161.656 Y115.964 E.04822
G1 X145.93 Y88.071 E2.63814
G1 X146.52 Y87.994 E.04902
G1 X162.027 Y115.497 E2.60129
G1 X162.388 Y115.013 E.04975
G1 X147.119 Y87.931 E2.56145
G1 X147.732 Y87.894 E.0506
G1 X162.74 Y114.513 E2.51766
G1 X163.077 Y113.985 E.05161
M73 P62 R18
G1 X148.36 Y87.884 E2.46871
G1 X148.995 Y87.885 E.05232
G1 X163.4 Y113.434 E2.41647
G1 X163.713 Y112.864 E.05358
G1 X149.652 Y87.925 E2.35877
G1 X150.311 Y87.97 E.05442
M73 P62 R17
G1 X164.007 Y112.26 E2.29742
G1 X164.288 Y111.635 E.05646
G1 X150.996 Y88.06 E2.22976
G1 X151.697 Y88.18 E.05859
G1 X164.549 Y110.973 E2.15584
G1 X164.789 Y110.275 E.06081
G1 X152.415 Y88.329 E2.07571
G1 X153.16 Y88.525 E.06347
G1 X165.008 Y109.539 E1.98754
G1 X165.206 Y108.765 E.06582
G1 X153.928 Y88.762 E1.89192
G1 X154.724 Y89.05 E.06974
G1 X165.37 Y107.931 E1.78582
G1 X165.504 Y107.044 E.07391
G1 X155.556 Y89.4 E1.6688
G1 X156.008 Y89.606 E.04092
M73 P63 R17
G1 X156.43 Y89.826 E.03921
G1 X165.591 Y106.073 E1.5367
G1 X165.622 Y105.004 E.08811
G1 X157.358 Y90.347 E1.38629
G1 X158.359 Y90.998 E.09838
G1 X165.58 Y103.806 E1.21139
G1 X165.562 Y103.507 E.02468
G1 X165.425 Y102.406 E.09141
G1 X159.475 Y91.853 E.99812
G1 X160.181 Y92.474 E.07747
G1 X160.805 Y93.088 E.07213
G1 X165.053 Y100.622 E.71259
G1 X164.879 Y99.993 E.05377
G1 X164.59 Y99.13 E.07498
G1 X164.385 Y98.596 E.04713
G1 X164.022 Y97.762 E.07494
G1 X163.623 Y96.962 E.07365
G1 X161.965 Y94.021 E.27816
;LAYER_CHANGE
;Z:3.9
;HEIGHT:0.4

G1 E-8 F1500
G1 Z3.9 F3000
;AFTER_LAYER_CHANGE
;3.9
G92 E0
_ON_LAYER_CHANGE LAYER=10
G1 Z4.1
G1 X148.507 Y85.342 F12000
G1 Z3.9 F3000
G1 E10 F1500
;TYPE:External perimeter
;WIDTH:0.675
G1 F509.2
G1 X148.755 Y85.34 E.0243
G1 X149.528 Y85.364 E.07577
G1 X150.555 Y85.445 E.10094
G1 X151.576 Y85.58 E.10091
G1 X152.588 Y85.767 E.10083
G1 X153.503 Y85.985 E.09216
G1 X154.248 Y86.196 E.07586
G1 X155.225 Y86.523 E.10094
G1 X156.183 Y86.901 E.1009
G1 X157.119 Y87.328 E.1008
G1 X158.033 Y87.803 E.10092
G1 X158.92 Y88.326 E.10089
G1 X159.705 Y88.843 E.09209
G1 X160.332 Y89.296 E.07579
G1 X161.139 Y89.938 E.10104
G1 X161.91 Y90.62 E.10085
G1 X162.644 Y91.342 E.10088
G1 X163.281 Y92.034 E.09215
G1 X163.78 Y92.625 E.07578
G1 X164.407 Y93.443 E.10098
G1 X164.991 Y94.292 E.10096
G1 X165.353 Y94.872 E.06699
G1 X165.861 Y95.769 E.101
G1 X166.32 Y96.69 E.10082
G1 X166.731 Y97.636 E.10106
G1 X166.976 Y98.274 E.06696
G1 X167.303 Y99.251 E.10094
G1 X167.578 Y100.243 E.10086
G1 X167.801 Y101.248 E.10086
G1 X167.971 Y102.264 E.10093
G1 X168.088 Y103.286 E.10079
G1 X168.15 Y104.314 E.1009
G1 X168.159 Y105.343 E.10082
G1 X168.114 Y106.372 E.10092
G1 X168.016 Y107.398 E.10098
G1 X167.921 Y108.074 E.06688
G1 X167.732 Y109.09 E.10125
G1 X167.579 Y109.755 E.06686
G1 X167.303 Y110.749 E.10107
G1 X166.977 Y111.725 E.10082
G1 X166.599 Y112.684 E.101
G1 X166.321 Y113.308 E.06693
G1 X165.861 Y114.231 E.10104
G1 X165.354 Y115.127 E.10087
G1 X164.801 Y115.995 E.10084
G1 X164.203 Y116.833 E.10087
G1 X163.562 Y117.639 E.1009
G1 X162.88 Y118.41 E.10085
G1 X162.158 Y119.145 E.10095
G1 X161.658 Y119.611 E.06697
G1 X160.874 Y120.281 E.10104
G1 X160.057 Y120.907 E.10084
G1 X159.209 Y121.49 E.10083
G1 X158.33 Y122.029 E.10102
G1 X157.732 Y122.36 E.06697
G1 X156.81 Y122.82 E.10095
G1 X155.864 Y123.231 E.10106
G1 X155.226 Y123.476 E.06696
G1 X154.249 Y123.803 E.10094
G1 X153.257 Y124.078 E.10086
G1 X152.252 Y124.301 E.10086
G1 X151.236 Y124.471 E.10093
G1 X150.214 Y124.588 E.10079
G1 X149.186 Y124.65 E.1009
G1 X148.157 Y124.659 E.10082
G1 X147.217 Y124.62 E.09218
G1 X146.446 Y124.555 E.07581
G1 X145.424 Y124.42 E.101
G1 X144.41 Y124.232 E.10104
G1 X143.745 Y124.079 E.06686
G1 X142.751 Y123.803 E.10107
G1 X141.775 Y123.477 E.10082
G1 X140.817 Y123.099 E.1009
G1 X139.88 Y122.672 E.10089
G1 X139.045 Y122.239 E.09216
G1 X138.374 Y121.854 E.0758
G1 X137.505 Y121.301 E.10092
G1 X136.667 Y120.703 E.10087
G1 X135.861 Y120.062 E.1009
G1 X135.09 Y119.38 E.10085
G1 X134.355 Y118.658 E.10095
G1 X133.889 Y118.158 E.06697
G1 X133.219 Y117.374 E.10104
G1 X132.593 Y116.557 E.10084
G1 X132.009 Y115.708 E.10096
G1 X131.647 Y115.128 E.06699
G1 X131.139 Y114.231 E.101
G1 X130.68 Y113.31 E.10082
G1 X130.269 Y112.364 E.10106
G1 X130.024 Y111.726 E.06696
G1 X129.697 Y110.749 E.10094
G1 X129.422 Y109.757 E.10086
G1 X129.199 Y108.752 E.10086
G1 X129.029 Y107.736 E.10093
G1 X128.912 Y106.714 E.10079
G1 X128.85 Y105.686 E.1009
G1 X128.841 Y104.657 E.10082
G1 X128.886 Y103.628 E.10092
G1 X128.974 Y102.692 E.09211
G1 X129.08 Y101.925 E.07586
G1 X129.268 Y100.911 E.10104
G1 X129.421 Y100.245 E.06695
G1 X129.697 Y99.251 E.10107
G1 X130.023 Y98.275 E.10082
G1 X130.401 Y97.317 E.1009
G1 X130.828 Y96.381 E.1008
G1 X131.303 Y95.468 E.10084
G1 X131.826 Y94.58 E.10097
G1 X132.343 Y93.795 E.09209
G1 X132.796 Y93.168 E.07579
G1 X133.438 Y92.361 E.10104
G1 X134.12 Y91.59 E.10085
G1 X134.842 Y90.856 E.10088
G1 X135.534 Y90.219 E.09215
G1 X136.125 Y89.72 E.07578
G1 X136.943 Y89.093 E.10098
G1 X137.791 Y88.51 E.10083
G1 X138.669 Y87.972 E.10089
G1 X139.495 Y87.522 E.09216
G1 X140.189 Y87.18 E.0758
G1 X141.134 Y86.769 E.10097
G1 X142.099 Y86.409 E.10091
G1 X142.995 Y86.124 E.09212
G1 X143.742 Y85.922 E.07582
G1 X144.748 Y85.699 E.10096
G1 X145.764 Y85.529 E.10093
G1 X146.786 Y85.412 E.10079
G1 X147.814 Y85.35 E.1009
G1 X148.477 Y85.343 E.06496
G1 X149.077 Y85.351 F12000
G1 X148.502 Y85.994
;TYPE:Perimeter
G1 E-10 F1500
G1 Z8.9 F300.0
G1 F12000.0
T1
G1 Z3.9 F300.0
G1 E30.0 F1500
G1 F12000.0
;WIDTH:0.8
G1 F420.075
G1 X148.748 Y85.992 E.02922
G1 X149.492 Y86.015 E.0884
G1 X150.487 Y86.094 E.11854
G1 X151.474 Y86.224 E.11823
G1 X152.453 Y86.405 E.11824
G1 X153.339 Y86.616 E.10817
G1 X154.055 Y86.819 E.08839
G1 X155.002 Y87.136 E.1186
G1 X155.928 Y87.501 E.11821
G1 X156.834 Y87.913 E.1182
G1 X157.716 Y88.373 E.11814
G1 X158.575 Y88.879 E.1184
G1 X159.335 Y89.38 E.10811
G1 X159.939 Y89.816 E.08847
G1 X160.72 Y90.437 E.1185
G1 X161.465 Y91.097 E.11821
G1 X162.176 Y91.795 E.11833
G1 X162.792 Y92.465 E.10809
G1 X163.272 Y93.034 E.08841
G1 X163.88 Y93.826 E.11858
G1 X164.446 Y94.65 E.11873
G1 X164.793 Y95.205 E.07774
M73 P64 R17
G1 X165.285 Y96.075 E.1187
G1 X165.729 Y96.966 E.11823
G1 X166.128 Y97.883 E.11877
G1 X166.522 Y98.97 E.13732
G1 X166.813 Y99.921 E.11812
G1 X167.054 Y100.887 E.11824
G1 X167.243 Y101.863 E.11807
G1 X167.382 Y102.849 E.11826
G1 X167.469 Y103.84 E.11815
G1 X167.508 Y105.332 E.17726
G1 X167.464 Y106.326 E.11817
G1 X167.368 Y107.321 E.11872
G1 X167.277 Y107.97 E.07783
G1 X167.094 Y108.957 E.11922
G1 X166.947 Y109.595 E.07776
G1 X166.68 Y110.558 E.11869
G1 X166.364 Y111.502 E.11823
G1 X165.998 Y112.432 E.1187
G1 X165.731 Y113.03 E.07778
G1 X165.285 Y113.925 E.11876
G1 X164.795 Y114.791 E.11817
G1 X164.26 Y115.631 E.11828
G1 X163.682 Y116.441 E.11818
G1 X163.063 Y117.22 E.11817
G1 X162.403 Y117.965 E.11821
G1 X161.703 Y118.678 E.11867
G1 X161.224 Y119.125 E.07781
G1 X160.464 Y119.774 E.11869
G1 X159.674 Y120.38 E.11825
G1 X158.854 Y120.944 E.1182
G1 X158.002 Y121.466 E.11867
G1 X157.429 Y121.783 E.07777
G1 X156.534 Y122.229 E.11876
G1 X155.618 Y122.628 E.11866
G1 X155.006 Y122.863 E.07786
G1 X154.058 Y123.18 E.11872
G1 X153.099 Y123.446 E.1182
G1 X152.127 Y123.661 E.11823
G1 X151.146 Y123.825 E.11813
G1 X150.157 Y123.938 E.11822
G1 X149.163 Y123.999 E.11827
G1 X148.167 Y124.008 E.11829
G1 X147.258 Y123.969 E.10806
G1 X146.516 Y123.907 E.08843
G1 X145.526 Y123.776 E.1186
G1 X144.543 Y123.594 E.11873
G1 X143.905 Y123.447 E.07776
G1 X142.942 Y123.18 E.11869
G1 X141.998 Y122.864 E.11823
G1 X141.072 Y122.499 E.11821
G1 X140.166 Y122.086 E.11825
G1 X139.357 Y121.667 E.1082
G1 X138.711 Y121.297 E.08842
G1 X137.869 Y120.76 E.11861
G1 X137.059 Y120.182 E.11818
G1 X136.28 Y119.563 E.11817
G1 X135.535 Y118.903 E.11821
G1 X134.822 Y118.203 E.11867
G1 X134.375 Y117.724 E.07781
G1 X133.726 Y116.964 E.11869
G1 X133.12 Y116.174 E.11825
G1 X132.554 Y115.35 E.11873
G1 X132.207 Y114.795 E.07774
G1 X131.715 Y113.925 E.1187
G1 X131.271 Y113.034 E.11823
G1 X130.872 Y112.118 E.11866
G1 X130.637 Y111.506 E.07786
G1 X130.32 Y110.558 E.11872
G1 X130.054 Y109.599 E.1182
G1 X129.839 Y108.627 E.11823
G1 X129.675 Y107.646 E.11813
G1 X129.562 Y106.657 E.11822
G1 X129.501 Y105.663 E.11827
G1 X129.492 Y104.668 E.11818
G1 X129.536 Y103.673 E.11829
G1 X129.622 Y102.767 E.10808
G1 X129.723 Y102.029 E.08847
G1 X129.906 Y101.043 E.1191
G1 X130.053 Y100.405 E.07776
G1 X130.32 Y99.442 E.11869
G1 X130.636 Y98.498 E.11823
G1 X131.001 Y97.572 E.11821
G1 X131.413 Y96.666 E.1182
G1 X131.873 Y95.784 E.11814
G1 X132.379 Y94.925 E.1184
M73 P64 R16
G1 X132.88 Y94.165 E.10811
G1 X133.316 Y93.561 E.08847
G1 X133.937 Y92.78 E.1185
G1 X134.597 Y92.035 E.11821
G1 X135.295 Y91.324 E.11833
G1 X135.965 Y90.708 E.10809
G1 X136.534 Y90.228 E.08841
G1 X137.326 Y89.62 E.11858
G1 X138.146 Y89.056 E.1182
G1 X138.996 Y88.536 E.11834
G1 X139.795 Y88.1 E.1081
G1 X140.463 Y87.772 E.08838
G1 X141.379 Y87.374 E.11861
G1 X142.311 Y87.025 E.1182
G1 X143.179 Y86.75 E.10814
G1 X143.898 Y86.555 E.08848
G1 X144.873 Y86.339 E.1186
G1 X145.854 Y86.175 E.11813
G1 X146.843 Y86.062 E.11822
G1 X147.837 Y86.001 E.11827
G1 X148.472 Y85.994 E.07542
G1 X148.496 Y86.708 F12000
G1 F420.075
G1 X148.74 Y86.706 E.02898
G1 X149.453 Y86.729 E.08472
G1 X150.412 Y86.804 E.11424
G1 X151.362 Y86.929 E.1138
G1 X152.305 Y87.104 E.11391
G1 X153.159 Y87.307 E.10425
G1 X153.845 Y87.502 E.0847
G1 X154.758 Y87.807 E.11432
G1 X155.649 Y88.158 E.11373
G1 X156.52 Y88.556 E.11373
G1 X157.37 Y88.998 E.11378
G1 X158.197 Y89.485 E.11398
G1 X158.929 Y89.968 E.10416
G1 X159.507 Y90.385 E.08465
G1 X160.261 Y90.984 E.11437
G1 X160.978 Y91.619 E.11375
G1 X161.662 Y92.291 E.11388
G1 X162.256 Y92.937 E.10423
G1 X162.716 Y93.482 E.0847
G1 X163.302 Y94.246 E.11435
G1 X163.849 Y95.041 E.11461
G1 X164.179 Y95.57 E.07405
G1 X164.655 Y96.411 E.11477
G1 X165.082 Y97.268 E.11372
G1 X165.342 Y97.867 E.07755
G1 X165.579 Y98.444 E.07408
G1 X165.845 Y99.197 E.09485
G1 X166.125 Y100.112 E.11364
G1 X166.356 Y101.041 E.11369
G1 X166.539 Y101.981 E.11374
G1 X166.672 Y102.93 E.11381
G1 X166.756 Y103.883 E.11362
G1 X166.793 Y105.319 E.1706
G1 X166.752 Y106.276 E.11376
G1 X166.659 Y107.237 E.11467
G1 X166.572 Y107.855 E.07412
G1 X166.395 Y108.811 E.11547
G1 X166.255 Y109.419 E.0741
G1 X165.997 Y110.349 E.11462
G1 X165.693 Y111.258 E.11383
G1 X165.339 Y112.156 E.11464
G1 X165.085 Y112.726 E.07411
G1 X164.654 Y113.59 E.11467
G1 X164.183 Y114.423 E.11365
G1 X163.668 Y115.231 E.1138
G1 X163.112 Y116.011 E.11376
G1 X162.516 Y116.76 E.11368
G1 X161.881 Y117.478 E.11384
G1 X161.204 Y118.166 E.11464
G1 X160.748 Y118.592 E.07411
G1 X160.014 Y119.219 E.11465
G1 X159.254 Y119.802 E.11376
G1 X158.465 Y120.344 E.11369
G1 X157.642 Y120.849 E.11468
G1 X157.096 Y121.151 E.0741
G1 X156.232 Y121.582 E.11467
G1 X155.347 Y121.967 E.11462
G1 X154.765 Y122.19 E.07402
G1 X153.849 Y122.497 E.11474
G1 X152.926 Y122.753 E.11376
G1 X151.991 Y122.96 E.11373
G1 X151.046 Y123.118 E.11379
G1 X150.095 Y123.226 E.11367
G1 X149.139 Y123.285 E.11376
G1 X148.179 Y123.293 E.11402
G1 X147.303 Y123.257 E.10413
G1 X146.592 Y123.197 E.08474
G1 X145.638 Y123.071 E.11429
G1 X144.689 Y122.895 E.11463
G1 X144.081 Y122.755 E.0741
G1 X143.151 Y122.497 E.11462
G1 X142.242 Y122.193 E.11383
G1 X141.351 Y121.842 E.11373
G1 X140.478 Y121.444 E.11395
G1 X139.7 Y121.04 E.10411
G1 X139.081 Y120.685 E.08475
G1 X138.269 Y120.168 E.11433
G1 X137.489 Y119.612 E.11376
G1 X136.74 Y119.016 E.11368
G1 X136.022 Y118.381 E.11384
G1 X135.334 Y117.704 E.11464
G1 X134.908 Y117.248 E.07411
G1 X134.281 Y116.514 E.11465
G1 X133.698 Y115.754 E.11376
G1 X133.151 Y114.959 E.11461
G1 X132.821 Y114.43 E.07405
G1 X132.346 Y113.59 E.11461
G1 X131.918 Y112.732 E.11388
G1 X131.533 Y111.847 E.11462
G1 X131.31 Y111.265 E.07402
G1 X131.003 Y110.349 E.11474
G1 X130.747 Y109.426 E.11376
G1 X130.54 Y108.491 E.11373
G1 X130.382 Y107.546 E.11379
G1 X130.274 Y106.595 E.11367
G1 X130.215 Y105.639 E.11376
G1 X130.207 Y104.681 E.11378
G1 X130.249 Y103.722 E.114
G1 X130.331 Y102.849 E.10414
G1 X130.428 Y102.143 E.08464
G1 X130.605 Y101.189 E.11524
G1 X130.745 Y100.581 E.0741
G1 X131.003 Y99.651 E.11462
G1 X131.307 Y98.742 E.11383
G1 X131.658 Y97.851 E.11373
G1 X132.056 Y96.98 E.11373
G1 X132.498 Y96.13 E.11378
G1 X132.985 Y95.303 E.11398
G1 X133.468 Y94.571 E.10416
G1 X133.885 Y93.993 E.08465
G1 X134.484 Y93.239 E.11437
G1 X135.119 Y92.522 E.11375
G1 X135.791 Y91.838 E.11388
M73 P65 R16
G1 X136.437 Y91.244 E.10423
G1 X136.982 Y90.784 E.0847
G1 X137.746 Y90.198 E.11435
G1 X138.535 Y89.656 E.11369
G1 X139.353 Y89.154 E.11399
G1 X140.123 Y88.735 E.10411
G1 X140.763 Y88.42 E.08472
G1 X141.646 Y88.036 E.11436
G1 X142.545 Y87.7 E.11398
G1 X143.381 Y87.435 E.10416
G1 X144.069 Y87.248 E.08467
G1 X145.009 Y87.04 E.11434
G1 X145.954 Y86.882 E.11379
G1 X146.905 Y86.774 E.11367
G1 X147.863 Y86.715 E.11399
G1 X148.466 Y86.709 E.07162
G1 X148.489 Y87.423 F12000
G1 F420.075
G1 X148.732 Y87.42 E.02886
G1 X149.413 Y87.442 E.08092
G1 X150.338 Y87.515 E.1102
G1 X151.25 Y87.635 E.10925
G1 X152.157 Y87.803 E.10955
G1 X152.978 Y87.999 E.10025
G1 X153.634 Y88.184 E.08095
G1 X154.513 Y88.479 E.11012
G1 X155.37 Y88.816 E.10937
G1 X156.207 Y89.198 E.10927
G1 X157.024 Y89.623 E.10937
G1 X157.819 Y90.091 E.10956
G1 X158.523 Y90.556 E.1002
G1 X159.076 Y90.954 E.08092
G1 X159.801 Y91.532 E.11012
G1 X160.491 Y92.142 E.10938
G1 X161.149 Y92.788 E.10951
G1 X161.72 Y93.409 E.10019
G1 X162.159 Y93.93 E.08091
G1 X162.724 Y94.666 E.1102
G1 X163.251 Y95.433 E.11052
G1 X163.565 Y95.936 E.07042
G1 X164.024 Y96.746 E.11057
G1 X164.434 Y97.57 E.10931
G1 X164.688 Y98.152 E.07542
G1 X164.912 Y98.7 E.07031
G1 X165.167 Y99.423 E.09105
G1 X165.436 Y100.303 E.10929
G1 X165.659 Y101.196 E.10931
G1 X165.835 Y102.099 E.10926
G1 X165.963 Y103.01 E.10926
G1 X166.043 Y103.927 E.10932
G1 X166.079 Y105.307 E.16395
G1 X166.039 Y106.226 E.10925
G1 X165.95 Y107.153 E.1106
G1 X165.867 Y107.74 E.07041
G1 X165.696 Y108.666 E.11184
G1 X165.562 Y109.243 E.07035
G1 X165.313 Y110.14 E.11056
G1 X165.021 Y111.013 E.10933
G1 X164.68 Y111.88 E.11065
G1 X164.439 Y112.421 E.07034
G1 X164.024 Y113.254 E.11053
G1 X163.57 Y114.055 E.10935
G1 X163.076 Y114.832 E.10935
G1 X162.541 Y115.581 E.10932
G1 X161.968 Y116.301 E.10929
G1 X161.358 Y116.991 E.10938
G1 X160.706 Y117.655 E.11052
G1 X160.272 Y118.059 E.07042
G1 X159.565 Y118.664 E.11051
G1 X158.834 Y119.224 E.10936
G1 X158.076 Y119.745 E.10924
G1 X157.282 Y120.232 E.11062
G1 X156.764 Y120.519 E.07033
G1 X155.93 Y120.934 E.11064
G1 X155.077 Y121.306 E.11052
G1 X154.523 Y121.518 E.07045
G1 X153.64 Y121.813 E.11057
G1 X152.753 Y122.059 E.10932
G1 X151.855 Y122.259 E.10926
G1 X150.947 Y122.411 E.10934
G1 X150.032 Y122.515 E.10937
G1 X149.114 Y122.571 E.10923
G1 X148.191 Y122.579 E.10962
G1 X147.348 Y122.544 E.10021
G1 X146.669 Y122.486 E.08094
G1 X145.75 Y122.365 E.11009
G1 X144.834 Y122.196 E.11062
G1 X144.257 Y122.062 E.07035
G1 X143.36 Y121.813 E.11056
G1 X142.487 Y121.521 E.10933
G1 X141.63 Y121.184 E.10937
G1 X140.791 Y120.801 E.10954
G1 X140.042 Y120.413 E.10018
G1 X139.451 Y120.074 E.08092
G1 X138.668 Y119.576 E.11021
G1 X137.919 Y119.041 E.10932
G1 X137.199 Y118.468 E.10929
G1 X136.509 Y117.858 E.10938
G1 X135.845 Y117.206 E.11052
G1 X135.441 Y116.772 E.07042
G1 X134.836 Y116.065 E.11051
G1 X134.276 Y115.334 E.10936
G1 X133.749 Y114.567 E.11052
G1 X133.435 Y114.064 E.07042
G1 X132.976 Y113.254 E.11057
G1 X132.566 Y112.43 E.10931
G1 X132.194 Y111.577 E.11052
G1 X131.982 Y111.023 E.07045
G1 X131.687 Y110.14 E.11057
G1 X131.441 Y109.253 E.10932
G1 X131.241 Y108.355 E.10926
G1 X131.089 Y107.447 E.10934
G1 X130.985 Y106.532 E.10937
G1 X130.929 Y105.614 E.10923
G1 X130.921 Y104.693 E.10939
G1 X130.961 Y103.772 E.10949
G1 X131.041 Y102.931 E.10033
G1 X131.134 Y102.256 E.08092
G1 X131.304 Y101.334 E.11135
G1 X131.438 Y100.757 E.07035
G1 X131.687 Y99.86 E.11056
G1 X131.979 Y98.987 E.10933
G1 X132.316 Y98.13 E.10937
G1 X132.698 Y97.293 E.10927
G1 X133.123 Y96.476 E.10937
G1 X133.591 Y95.681 E.10956
G1 X134.056 Y94.977 E.1002
G1 X134.454 Y94.425 E.08082
G1 X135.032 Y93.699 E.11021
G1 X135.642 Y93.009 E.10938
G1 X136.288 Y92.351 E.10951
G1 X136.909 Y91.78 E.10019
G1 X137.43 Y91.341 E.08091
G1 X138.166 Y90.776 E.1102
G1 X138.924 Y90.255 E.10924
G1 X139.711 Y89.773 E.10961
G1 X140.452 Y89.369 E.10024
G1 X141.063 Y89.068 E.08089
G1 X141.914 Y88.699 E.11016
G1 X142.778 Y88.375 E.10959
G1 X143.582 Y88.12 E.10017
G1 X144.24 Y87.942 E.08096
G1 X145.145 Y87.741 E.1101
G1 X146.053 Y87.589 E.10934
G1 X146.968 Y87.485 E.10937
G1 X147.888 Y87.429 E.10947
G1 X148.459 Y87.423 E.06782
G1 E-8 F1500
G1 Z4.1 F3000
G1 X137.113 Y92.012 F12000
G1 Z3.9 F3000
G1 E10 F1500
;TYPE:Solid infill
G1 E-10 F1500
G1 Z8.9 F300.0
G1 F12000.0
T0
G1 Z3.9 F300.0
G1 E12.0 F1500
G1 F12000.0
;WIDTH:0.595841
G1 F588.235
G1 X135.877 Y93.229 E.14712
G1 X136.901 Y92.216 E.12216
G1 E-8 F1500
G1 Z4.1 F3000
G1 X139.313 Y90.536 F12000
G1 Z3.9 F3000
G1 E10 F1500
G1 F588.235
G1 X139.268 Y90.491 E.0054
G1 X139.207 Y90.507 E.00535
G1 X139.19 Y90.569 E.00545
G1 X139.235 Y90.614 E.0054
G1 X139.297 Y90.597 E.00545
;WIDTH:0.63542
G1 F545.872
G1 X139.066 Y90.744 E.02502
;WIDTH:0.675
G1 F509.2
G1 X138.835 Y90.89 E.02677
G1 X134.378 Y95.347 E.61757
G1 X134.239 Y95.547 E.02386
;WIDTH:0.63542
G1 F545.872
G1 X134.1 Y95.747 E.02226
;WIDTH:0.595841
G1 F588.235
G1 X134.055 Y95.702 E.0054
G1 X133.993 Y95.719 E.00545
G1 X133.977 Y95.78 E.00535
G1 X134.022 Y95.825 E.0054
G1 X134.083 Y95.809 E.00535
G1 E-8 F1500
G1 Z4.1 F3000
G1 X132.961 Y97.765 F12000
G1 Z3.9 F3000
G1 E10 F1500
G1 F588.235
G1 X132.916 Y97.72 E.0054
G1 X132.854 Y97.737 E.00545
G1 X132.838 Y97.798 E.00535
G1 X132.883 Y97.843 E.0054
G1 X132.945 Y97.827 E.00543
;WIDTH:0.63542
G1 F545.872
G1 X133.069 Y97.596 E.02396
;WIDTH:0.675
G1 F509.2
G1 X133.193 Y97.365 E.02569
G1 X140.866 Y89.693 E1.06311
G1 E-8 F1500
G1 Z4.1 F3000
G1 X142.352 Y89.04 F12000
G1 Z3.9 F3000
G1 E10 F1500
G1 F509.2
G1 X132.541 Y98.851 E1.35942
G1 X132.43 Y99.082 E.02511
;WIDTH:0.63542
G1 F545.872
G1 X132.32 Y99.313 E.02338
;WIDTH:0.595841
G1 F588.235
G1 X132.258 Y99.329 E.00543
G1 X132.213 Y99.284 E.0054
G1 X132.23 Y99.223 E.00537
G1 X132.291 Y99.206 E.00537
G1 X132.336 Y99.251 E.0054
G1 E-8 F1500
G1 Z4.1 F3000
G1 X131.63 Y101.05 F12000
G1 Z3.9 F3000
G1 E10 F1500
G1 F588.235
G1 X131.814 Y100.35 E.06139
;WIDTH:0.63542
G1 F545.872
G1 X131.96 Y100.235 E.01699
;WIDTH:0.675
G1 F509.2
G1 X132.105 Y100.119 E.01819
G1 X143.62 Y88.605 E1.59546
G1 X143.852 Y88.312 E.03662
M73 P66 R16
;WIDTH:0.595841
G1 F588.235
G1 X144.539 Y88.136 E.06015
;WIDTH:0.63542
G1 F545.872
G1 X144.641 Y88.225 E.01237
;WIDTH:0.675
G1 F509.2
G1 X144.743 Y88.315 E.01333
G1 X131.81 Y101.248 E1.79201
G1 X131.61 Y102.281 E.10309
G1 X145.776 Y88.116 E1.96279
G1 X146.737 Y87.988 E.09499
G1 X131.487 Y103.237 E2.11299
G1 X131.419 Y104.139 E.08863
G1 X147.639 Y87.918 E2.24753
G1 X148.488 Y87.903 E.0832
G1 X131.397 Y104.994 E2.36815
G1 X131.415 Y105.809 E.07987
G1 X149.303 Y87.921 E2.47858
G1 X150.085 Y87.972 E.07678
M73 P66 R15
G1 X131.468 Y106.589 E2.57959
G1 X131.553 Y107.337 E.07376
G1 X150.833 Y88.057 E2.67146
G1 X151.552 Y88.172 E.07134
G1 X131.671 Y108.053 E2.75473
G1 X131.812 Y108.744 E.0691
G1 X152.246 Y88.31 E2.83136
G1 X152.917 Y88.473 E.06765
M73 P67 R15
G1 X131.976 Y109.414 E2.90161
G1 X132.16 Y110.063 E.06609
G1 X153.563 Y88.66 E2.96562
G1 X154.188 Y88.869 E.06457
G1 X132.369 Y110.688 E3.02327
G1 X132.593 Y111.296 E.06348
G1 X154.792 Y89.097 E3.07592
G1 X155.382 Y89.341 E.06256
G1 X132.842 Y111.88 E3.1231
G1 X133.105 Y112.451 E.06159
G1 X155.954 Y89.602 E3.16598
G1 X156.504 Y89.885 E.0606
G1 X133.382 Y113.007 E3.20381
G1 X133.682 Y113.54 E.05993
G1 X157.041 Y90.182 E3.23658
G1 X157.565 Y90.491 E.0596
M73 P68 R15
G1 X133.992 Y114.063 E3.26623
G1 X134.322 Y114.566 E.05894
G1 X158.067 Y90.822 E3.29007
G1 X158.558 Y91.164 E.05863
G1 X134.662 Y115.06 E3.31106
G1 X135.024 Y115.531 E.0582
G1 X159.031 Y91.524 E3.32644
G1 X159.495 Y91.893 E.05808
M73 P68 R14
G1 X135.397 Y115.992 E3.33912
G1 X135.78 Y116.441 E.05782
G1 X159.938 Y92.284 E3.34729
G1 X160.369 Y92.686 E.05775
G1 X136.182 Y116.873 E3.35138
G1 X136.602 Y117.286 E.05771
M73 P69 R14
G1 X160.789 Y93.098 E3.35145
G1 X161.19 Y93.532 E.05789
G1 X137.032 Y117.689 E3.34729
G1 X137.474 Y118.08 E.05782
G1 X161.579 Y93.976 E3.33995
G1 X161.951 Y94.436 E.05796
G1 X137.937 Y118.451 E3.32748
G1 X138.41 Y118.811 E.05824
G1 X162.313 Y94.908 E3.31203
G1 X162.654 Y95.4 E.05865
G1 X138.897 Y119.157 E3.2918
G1 X139.404 Y119.483 E.05906
G1 X162.986 Y95.901 E3.26755
G1 X163.297 Y96.423 E.05953
M73 P70 R14
G1 X139.922 Y119.799 E3.23894
G1 X140.458 Y120.096 E.06004
G1 X163.598 Y96.955 E3.20637
G1 X163.876 Y97.51 E.06082
G1 X141.007 Y120.38 E3.16882
G1 X141.579 Y120.641 E.0616
G1 X164.14 Y98.08 E3.12608
G1 X164.391 Y98.662 E.0621
G1 X142.166 Y120.887 E3.07952
G1 X142.769 Y121.117 E.06323
M73 P70 R13
G1 X164.617 Y99.269 E3.02728
G1 X164.826 Y99.894 E.06457
G1 X143.394 Y121.326 E2.96964
G1 X144.041 Y121.511 E.06593
M73 P71 R13
G1 X165.012 Y100.541 E2.9057
G1 X165.177 Y101.209 E.06742
G1 X144.706 Y121.68 E2.83649
G1 X145.4 Y121.819 E.06935
G1 X165.321 Y101.898 E2.76028
G1 X165.441 Y102.612 E.07094
G1 X146.116 Y121.936 E2.67763
G1 X146.858 Y122.027 E.07324
G1 X165.526 Y103.359 E2.58666
G1 X165.582 Y104.137 E.07642
G1 X147.636 Y122.082 E2.48655
G1 X148.448 Y122.104 E.07959
G1 X165.603 Y104.949 E2.37702
G1 X165.584 Y105.801 E.0835
G1 X149.299 Y122.086 E2.25647
G1 X150.199 Y122.02 E.08842
G1 X165.518 Y106.7 E2.12269
G1 X165.402 Y107.649 E.09367
M73 P72 R13
G1 X151.155 Y121.896 E1.97408
G1 E-8 F1500
G1 Z4.1 F3000
G1 X165.208 Y109.57 F12000
G1 Z3.9 F3000
G1 E10 F1500
;WIDTH:0.595841
G1 F588.235
G1 X165.377 Y108.919 E.05704
;WIDTH:0.675
G1 F509.2
G1 X165.207 Y108.677 E.02898
G1 X152.183 Y121.701 E1.80462
G1 X152.305 Y121.787 E.01462
;WIDTH:0.63542
G1 F545.872
G1 X152.426 Y121.872 E.01351
;WIDTH:0.595841
G1 F588.235
G1 X153.07 Y121.708 E.05636
;WIDTH:0.675
G1 F509.2
G1 X153.301 Y121.417 E.0364
G1 X164.917 Y109.801 E1.60953
G1 X164.822 Y110.621 E.08088
;WIDTH:0.595841
G1 F588.235
G1 X164.777 Y110.576 E.0054
G1 X164.716 Y110.593 E.00537
G1 X164.699 Y110.654 E.00537
G1 X164.744 Y110.699 E.0054
G1 X164.806 Y110.683 E.00543
;WIDTH:0.63542
G1 F545.872
G1 X164.651 Y110.869 E.02213
;WIDTH:0.675
G1 F509.2
G1 X164.497 Y111.054 E.02358
G1 X154.55 Y121.001 E1.37827
G1 X154.366 Y121.155 E.02351
;WIDTH:0.63542
G1 F545.872
G1 X154.181 Y121.309 E.022
;WIDTH:0.595841
G1 F588.235
G1 X154.12 Y121.325 E.00535
G1 X154.075 Y121.28 E.0054
G1 X154.091 Y121.219 E.00535
G1 X154.153 Y121.202 E.00545
G1 X154.198 Y121.247 E.0054
G1 E-8 F1500
G1 Z4.1 F3000
G1 X155.655 Y120.694 F12000
G1 Z3.9 F3000
G1 E10 F1500
G1 F588.235
G1 X155.593 Y120.711 E.00545
G1 X155.548 Y120.666 E.0054
G1 X155.565 Y120.604 E.00545
G1 X155.626 Y120.588 E.00535
G1 X155.671 Y120.633 E.0054
;WIDTH:0.63542
G1 F545.872
G1 X155.849 Y120.495 E.02058
;WIDTH:0.675
G1 F509.2
G1 X156.026 Y120.358 E.02193
G1 X164.027 Y112.341 E1.10974
;WIDTH:0.63542
G1 F545.872
G1 X164.196 Y112.155 E.02297
;WIDTH:0.595841
G1 F588.235
G1 X164.135 Y112.171 E.00535
G1 X164.09 Y112.126 E.0054
G1 X164.106 Y112.065 E.00535
G1 X164.168 Y112.048 E.00545
G1 X164.213 Y112.093 E.0054
G1 E-8 F1500
G1 Z4.1 F3000
G1 X163.137 Y114.043 F12000
G1 Z3.9 F3000
G1 E10 F1500
G1 F588.235
G1 X163.092 Y113.998 E.0054
G1 X163.031 Y114.014 E.00535
G1 X163.014 Y114.076 E.00545
G1 X163.059 Y114.121 E.0054
G1 X163.121 Y114.105 E.00543
;WIDTH:0.63542
G1 F545.872
G1 X162.931 Y114.29 E.02424
;WIDTH:0.675
G1 F509.2
G1 X157.796 Y119.426 E.71158
;WIDTH:0.63542
G1 F545.872
G1 X157.61 Y119.616 E.0243
;WIDTH:0.595841
G1 F588.235
G1 X157.549 Y119.632 E.00535
G1 X157.503 Y119.587 E.00546
G1 X157.52 Y119.526 E.00537
G1 X157.582 Y119.509 E.00545
G1 X157.627 Y119.554 E.0054
G1 E-8 F1500
G1 Z4.1 F3000
G1 X158.847 Y118.894 F12000
G1 Z3.9 F3000
G1 E10 F1500
G1 F588.235
G1 X159.376 Y118.43 E.05968
G1 X160.464 Y117.407 E.12666
G1 X161.108 Y116.757 E.0776
G1 X162.33 Y115.423 E.15344
;LAYER_CHANGE
;Z:4.3
;HEIGHT:0.4

G1 E-8 F1500
G1 Z4.3 F3000
;AFTER_LAYER_CHANGE
;4.3
G92 E0
_ON_LAYER_CHANGE LAYER=11
G1 Z4.5
G1 X148.507 Y85.343 F12000
G1 Z4.3 F3000
G1 E10 F1500
;TYPE:External perimeter
;WIDTH:0.675
G1 F509.2
G1 X148.782 Y85.34 E.02695
G1 X149.528 Y85.364 E.07313
G1 X150.555 Y85.445 E.10094
G1 X151.576 Y85.58 E.10091
G1 X152.588 Y85.767 E.10083
G1 X153.53 Y85.992 E.09489
G1 X154.248 Y86.196 E.07313
G1 X155.225 Y86.523 E.10094
G1 X156.183 Y86.901 E.1009
G1 X157.12 Y87.328 E.10089
G1 X157.979 Y87.774 E.09483
G1 X158.626 Y88.145 E.07307
G1 X159.495 Y88.699 E.10097
G1 X160.333 Y89.297 E.10087
G1 X161.139 Y89.938 E.1009
G1 X161.91 Y90.62 E.10085
G1 X162.644 Y91.342 E.10088
G1 X163.299 Y92.055 E.09486
G1 X163.78 Y92.625 E.07307
G1 X164.407 Y93.443 E.10098
G1 X164.991 Y94.292 E.10096
G1 X165.353 Y94.872 E.06699
G1 X165.861 Y95.769 E.101
G1 X166.32 Y96.69 E.10082
G1 X166.731 Y97.636 E.10106
G1 X166.976 Y98.274 E.06696
G1 X167.303 Y99.251 E.10094
G1 X167.578 Y100.243 E.10086
G1 X167.801 Y101.248 E.10086
G1 X167.971 Y102.264 E.10093
G1 X168.088 Y103.286 E.10079
G1 X168.15 Y104.314 E.1009
G1 X168.159 Y105.343 E.10082
G1 X168.114 Y106.372 E.10092
G1 X168.016 Y107.398 E.10098
G1 X167.921 Y108.074 E.06688
G1 X167.732 Y109.09 E.10125
G1 X167.579 Y109.755 E.06686
G1 X167.303 Y110.749 E.10107
G1 X166.977 Y111.725 E.10082
G1 X166.599 Y112.683 E.1009
G1 X166.172 Y113.621 E.10098
M73 P72 R12
G1 X165.862 Y114.23 E.06695
G1 X165.354 Y115.127 E.101
G1 X164.801 Y115.995 E.10084
G1 X164.203 Y116.833 E.10087
G1 X163.562 Y117.639 E.1009
G1 X162.88 Y118.41 E.10085
G1 X162.158 Y119.145 E.10095
G1 X161.658 Y119.611 E.06697
G1 X160.874 Y120.281 E.10104
G1 X160.057 Y120.907 E.10084
G1 X159.209 Y121.49 E.10083
G1 X158.33 Y122.029 E.10102
G1 X157.732 Y122.36 E.06697
G1 X156.81 Y122.82 E.10095
G1 X155.864 Y123.231 E.10106
G1 X155.226 Y123.476 E.06696
G1 X154.249 Y123.803 E.10094
G1 X153.257 Y124.078 E.10086
G1 X152.252 Y124.301 E.10086
G1 X151.236 Y124.471 E.10093
G1 X150.214 Y124.588 E.10079
G1 X149.186 Y124.65 E.1009
G1 X148.157 Y124.659 E.10082
G1 X147.128 Y124.614 E.10092
G1 X146.102 Y124.516 E.10098
G1 X145.426 Y124.421 E.06688
G1 X144.411 Y124.232 E.10116
G1 X143.745 Y124.079 E.06695
G1 X142.751 Y123.803 E.10107
G1 X141.775 Y123.477 E.10082
G1 X140.817 Y123.099 E.1009
G1 X139.88 Y122.672 E.10089
G1 X139.021 Y122.226 E.09483
G1 X138.374 Y121.855 E.07307
G1 X137.505 Y121.301 E.10097
G1 X136.667 Y120.703 E.10087
G1 X135.861 Y120.062 E.1009
G1 X135.09 Y119.38 E.10085
G1 X134.355 Y118.658 E.10095
G1 X133.889 Y118.158 E.06697
G1 X133.219 Y117.374 E.10104
G1 X132.593 Y116.557 E.10084
G1 X132.009 Y115.708 E.10096
G1 X131.647 Y115.128 E.06699
G1 X131.139 Y114.231 E.101
G1 X130.68 Y113.31 E.10082
G1 X130.269 Y112.364 E.10106
G1 X130.024 Y111.726 E.06696
G1 X129.697 Y110.749 E.10094
G1 X129.422 Y109.757 E.10086
G1 X129.199 Y108.752 E.10086
G1 X129.029 Y107.736 E.10093
G1 X128.912 Y106.714 E.10079
G1 X128.85 Y105.686 E.1009
G1 X128.841 Y104.657 E.10082
M73 P73 R12
G1 X128.882 Y103.689 E.09493
G1 X128.945 Y102.946 E.07306
G1 X129.08 Y101.924 E.101
G1 X129.268 Y100.911 E.10095
G1 X129.421 Y100.245 E.06695
G1 X129.697 Y99.251 E.10107
G1 X130.023 Y98.275 E.10082
G1 X130.401 Y97.317 E.1009
G1 X130.828 Y96.381 E.1008
G1 X131.303 Y95.467 E.10092
G1 X131.825 Y94.58 E.10084
G1 X132.359 Y93.772 E.09489
G1 X132.796 Y93.168 E.07304
G1 X133.438 Y92.361 E.10104
G1 X134.12 Y91.59 E.10085
G1 X134.842 Y90.856 E.10088
G1 X135.555 Y90.201 E.09486
G1 X136.125 Y89.72 E.07307
G1 X136.943 Y89.093 E.10098
G1 X137.791 Y88.51 E.10083
G1 X138.616 Y88.003 E.09488
G1 X139.268 Y87.64 E.07311
G1 X140.19 Y87.18 E.10095
G1 X141.134 Y86.769 E.10088
G1 X142.099 Y86.409 E.10091
G1 X143.022 Y86.117 E.09485
G1 X143.742 Y85.922 E.07309
G1 X144.748 Y85.699 E.10096
G1 X145.764 Y85.529 E.10093
G1 X146.786 Y85.412 E.10079
G1 X147.814 Y85.35 E.1009
G1 X148.477 Y85.343 E.06496
G1 X149.077 Y85.35 F12000
G1 X148.502 Y85.995
;TYPE:Perimeter
G1 E-10 F1500
G1 Z9.3 F300.0
G1 F12000.0
T1
G1 Z4.3 F300.0
G1 E30.0 F1500
G1 F12000.0
;WIDTH:0.8
G1 F420.075
G1 X148.775 Y85.992 E.03242
G1 X149.492 Y86.015 E.0852
G1 X150.487 Y86.094 E.11854
G1 X151.474 Y86.224 E.11823
G1 X152.453 Y86.405 E.11824
G1 X153.365 Y86.623 E.11137
G1 X154.055 Y86.819 E.08519
G1 X155.002 Y87.136 E.1186
G1 X155.928 Y87.501 E.11821
G1 X156.834 Y87.914 E.11825
G1 X157.666 Y88.346 E.11134
G1 X158.288 Y88.703 E.08517
G1 X159.131 Y89.24 E.11871
G1 X159.941 Y89.818 E.11818
G1 X160.72 Y90.437 E.11817
G1 X161.465 Y91.097 E.11821
G1 X162.175 Y91.795 E.11825
G1 X162.81 Y92.485 E.11137
G1 X163.272 Y93.034 E.08522
G1 X163.88 Y93.826 E.11858
G1 X164.446 Y94.65 E.11873
G1 X164.793 Y95.205 E.07774
G1 X165.285 Y96.075 E.1187
G1 X165.729 Y96.966 E.11823
G1 X166.128 Y97.882 E.11866
G1 X166.522 Y98.97 E.13743
G1 X166.813 Y99.921 E.11812
G1 X167.054 Y100.887 E.11824
G1 X167.243 Y101.863 E.11807
G1 X167.382 Y102.849 E.11826
G1 X167.469 Y103.84 E.11815
G1 X167.508 Y105.332 E.17726
G1 X167.464 Y106.326 E.11817
G1 X167.368 Y107.321 E.11872
G1 X167.277 Y107.97 E.07783
G1 X167.094 Y108.957 E.11922
G1 X166.947 Y109.595 E.07776
G1 X166.68 Y110.558 E.11869
G1 X166.364 Y111.502 E.11823
G1 X165.999 Y112.428 E.11821
G1 X165.585 Y113.338 E.11874
G1 X165.287 Y113.921 E.07776
G1 X164.795 Y114.791 E.1187
G1 X164.26 Y115.631 E.11828
G1 X163.682 Y116.441 E.11818
G1 X163.063 Y117.22 E.11817
G1 X162.403 Y117.965 E.11821
G1 X161.703 Y118.678 E.11867
G1 X161.224 Y119.125 E.07781
G1 X160.464 Y119.774 E.11869
G1 X159.674 Y120.38 E.11825
G1 X158.854 Y120.944 E.1182
G1 X158.002 Y121.466 E.11867
G1 X157.429 Y121.783 E.07777
G1 X156.534 Y122.229 E.11876
G1 X155.618 Y122.628 E.11866
G1 X155.006 Y122.863 E.07786
G1 X154.058 Y123.18 E.11872
G1 X153.099 Y123.446 E.1182
G1 X152.127 Y123.661 E.11823
G1 X151.146 Y123.825 E.11813
G1 X150.157 Y123.938 E.11822
G1 X149.163 Y123.999 E.11827
G1 X148.168 Y124.008 E.11818
G1 X147.174 Y123.964 E.11817
G1 X146.179 Y123.868 E.11872
G1 X145.53 Y123.777 E.07783
G1 X144.543 Y123.594 E.11922
G1 X143.905 Y123.447 E.07776
G1 X142.942 Y123.18 E.11869
G1 X141.998 Y122.864 E.11823
G1 X141.072 Y122.499 E.11821
G1 X140.166 Y122.086 E.11825
G1 X139.334 Y121.654 E.11134
G1 X138.712 Y121.297 E.08517
G1 X137.869 Y120.76 E.11871
G1 X137.059 Y120.182 E.11818
G1 X136.28 Y119.563 E.11817
G1 X135.535 Y118.903 E.11821
G1 X134.822 Y118.203 E.11867
G1 X134.375 Y117.724 E.07781
G1 X133.726 Y116.964 E.11869
G1 X133.12 Y116.174 E.11825
G1 X132.554 Y115.35 E.11873
G1 X132.207 Y114.795 E.07774
G1 X131.715 Y113.925 E.1187
G1 X131.271 Y113.034 E.11823
G1 X130.872 Y112.117 E.11877
G1 X130.637 Y111.506 E.07775
G1 X130.32 Y110.558 E.11872
G1 X130.054 Y109.599 E.1182
G1 X129.839 Y108.627 E.11823
G1 X129.675 Y107.646 E.11813
G1 X129.562 Y106.657 E.11822
G1 X129.501 Y105.663 E.11827
G1 X129.492 Y104.668 E.11818
G1 X129.532 Y103.731 E.11138
G1 X129.593 Y103.016 E.08523
G1 X129.724 Y102.026 E.1186
G1 X129.906 Y101.043 E.11873
G1 X130.053 Y100.405 E.07776
G1 X130.32 Y99.442 E.11869
G1 X130.636 Y98.498 E.11823
G1 X131.001 Y97.572 E.11821
G1 X131.413 Y96.666 E.1182
G1 X131.873 Y95.784 E.11814
G1 X132.378 Y94.925 E.11834
G1 X132.895 Y94.143 E.11134
G1 X133.316 Y93.562 E.08521
G1 X133.937 Y92.78 E.1186
G1 X134.597 Y92.035 E.11821
G1 X135.295 Y91.325 E.11825
G1 X135.985 Y90.69 E.11137
G1 X136.534 Y90.228 E.08522
G1 X137.326 Y89.62 E.11858
G1 X138.147 Y89.056 E.1183
G1 X138.946 Y88.565 E.11138
G1 X139.572 Y88.216 E.08512
G1 X140.466 Y87.771 E.1186
G1 X141.379 Y87.374 E.11824
G1 X142.311 Y87.025 E.1182
G1 X143.205 Y86.742 E.11137
G1 X143.898 Y86.555 E.08525
G1 X144.873 Y86.339 E.1186
G1 X145.854 Y86.175 E.11813
G1 X146.843 Y86.062 E.11822
G1 X147.837 Y86.001 E.11827
G1 X148.472 Y85.995 E.07542
G1 X148.496 Y86.709 F12000
G1 F420.075
G1 X148.767 Y86.706 E.03219
G1 X149.452 Y86.729 E.0814
G1 X150.412 Y86.804 E.11436
G1 X151.362 Y86.929 E.1138
G1 X152.305 Y87.104 E.11391
G1 X153.185 Y87.314 E.10745
G1 X153.844 Y87.502 E.08139
G1 X154.758 Y87.807 E.11444
G1 X155.649 Y88.158 E.11373
G1 X156.521 Y88.556 E.11384
G1 X157.324 Y88.973 E.10746
G1 X157.918 Y89.314 E.08134
G1 X158.731 Y89.832 E.11449
G1 X159.511 Y90.388 E.11376
G1 X160.261 Y90.984 E.11377
G1 X160.978 Y91.619 E.11375
G1 X161.662 Y92.291 E.11388
G1 X162.273 Y92.957 E.10734
G1 X162.715 Y93.481 E.08142
G1 X163.302 Y94.246 E.11452
G1 X163.849 Y95.041 E.11461
G1 X164.179 Y95.57 E.07405
G1 X164.654 Y96.41 E.11461
G1 X165.082 Y97.268 E.11388
G1 X165.342 Y97.867 E.07755
G1 X165.579 Y98.444 E.07408
G1 X165.845 Y99.197 E.09485
G1 X166.125 Y100.112 E.11364
G1 X166.356 Y101.041 E.11369
G1 X166.539 Y101.981 E.11374
G1 X166.672 Y102.93 E.11381
G1 X166.756 Y103.883 E.11362
G1 X166.793 Y105.319 E.1706
G1 X166.752 Y106.276 E.11376
G1 X166.659 Y107.237 E.11467
G1 X166.572 Y107.855 E.07412
G1 X166.395 Y108.811 E.11547
G1 X166.255 Y109.419 E.0741
G1 X165.997 Y110.349 E.11462
G1 X165.693 Y111.258 E.11383
G1 X165.342 Y112.149 E.11373
G1 X164.941 Y113.027 E.11464
G1 X164.658 Y113.583 E.0741
G1 X164.183 Y114.423 E.11461
G1 X163.668 Y115.231 E.1138
G1 X163.112 Y116.011 E.11376
G1 X162.516 Y116.76 E.11368
G1 X161.881 Y117.478 E.11384
G1 X161.204 Y118.166 E.11464
G1 X160.748 Y118.592 E.07411
G1 X160.014 Y119.219 E.11465
G1 X159.254 Y119.802 E.11376
G1 X158.465 Y120.344 E.11369
G1 X157.642 Y120.849 E.11468
G1 X157.096 Y121.151 E.0741
G1 X156.232 Y121.582 E.11467
G1 X155.347 Y121.967 E.11462
G1 X154.765 Y122.19 E.07402
G1 X153.849 Y122.497 E.11474
G1 X152.926 Y122.753 E.11376
G1 X151.991 Y122.96 E.11373
G1 X151.046 Y123.118 E.11379
M73 P74 R12
G1 X150.095 Y123.226 E.11367
G1 X149.139 Y123.285 E.11376
G1 X148.181 Y123.293 E.11378
G1 X147.224 Y123.252 E.11376
G1 X146.263 Y123.159 E.11467
G1 X145.645 Y123.072 E.07412
G1 X144.689 Y122.895 E.11547
G1 X144.081 Y122.755 E.0741
G1 X143.151 Y122.497 E.11462
G1 X142.242 Y122.193 E.11383
G1 X141.351 Y121.842 E.11373
G1 X140.479 Y121.444 E.11384
G1 X139.676 Y121.027 E.10746
G1 X139.082 Y120.686 E.08134
G1 X138.269 Y120.168 E.11449
G1 X137.489 Y119.612 E.11376
G1 X136.739 Y119.016 E.11377
G1 X136.022 Y118.381 E.11375
G1 X135.334 Y117.704 E.11464
G1 X134.908 Y117.248 E.07411
G1 X134.281 Y116.514 E.11465
G1 X133.698 Y115.754 E.11376
G1 X133.151 Y114.959 E.11461
G1 X132.821 Y114.43 E.07405
G1 X132.346 Y113.59 E.11461
G1 X131.918 Y112.732 E.11388
G1 X131.533 Y111.847 E.11462
G1 X131.31 Y111.265 E.07402
G1 X131.003 Y110.349 E.11474
G1 X130.747 Y109.426 E.11376
G1 X130.54 Y108.491 E.11373
G1 X130.382 Y107.546 E.11379
G1 X130.274 Y106.595 E.11367
G1 X130.215 Y105.639 E.11376
G1 X130.207 Y104.68 E.1139
G1 X130.245 Y103.776 E.10746
G1 X130.303 Y103.093 E.08141
G1 X130.429 Y102.138 E.1144
G1 X130.605 Y101.189 E.11463
G1 X130.745 Y100.581 E.0741
G1 X131.003 Y99.651 E.11462
G1 X131.307 Y98.742 E.11383
G1 X131.658 Y97.851 E.11373
G1 X132.056 Y96.98 E.11373
G1 X132.498 Y96.13 E.11378
G1 X132.985 Y95.304 E.11388
G1 X133.483 Y94.549 E.10742
G1 X133.885 Y93.994 E.08139
G1 X134.484 Y93.239 E.11446
G1 X135.119 Y92.522 E.11375
G1 X135.791 Y91.838 E.11388
G1 X136.457 Y91.227 E.10734
G1 X136.981 Y90.785 E.08142
G1 X137.746 Y90.198 E.11452
G1 X138.536 Y89.655 E.11385
G1 X139.307 Y89.182 E.10743
G1 X139.906 Y88.848 E.08145
G1 X140.768 Y88.418 E.11441
G1 X141.646 Y88.036 E.11372
G1 X142.544 Y87.7 E.11387
G1 X143.406 Y87.427 E.10739
G1 X144.068 Y87.249 E.08142
G1 X145.009 Y87.04 E.11448
G1 X145.954 Y86.882 E.11379
G1 X146.905 Y86.774 E.11367
G1 X147.862 Y86.715 E.11387
G1 X148.466 Y86.709 E.07174
G1 X148.489 Y87.423 F12000
G1 F420.075
G1 X148.759 Y87.42 E.03207
G1 X149.412 Y87.442 E.0776
G1 X150.338 Y87.515 E.11032
G1 X151.25 Y87.635 E.10925
G1 X152.157 Y87.803 E.10955
G1 X153.004 Y88.005 E.10342
G1 X153.633 Y88.184 E.07767
G1 X154.513 Y88.479 E.11023
G1 X155.37 Y88.816 E.10937
G1 X156.209 Y89.198 E.10949
G1 X156.981 Y89.599 E.10332
G1 X157.549 Y89.925 E.07778
G1 X158.332 Y90.424 E.11027
G1 X159.081 Y90.959 E.10932
G1 X159.801 Y91.532 E.10929
G1 X160.491 Y92.142 E.10938
G1 X161.148 Y92.788 E.10943
G1 X161.737 Y93.429 E.10339
G1 X162.159 Y93.929 E.07771
G1 X162.724 Y94.666 E.11029
G1 X163.251 Y95.433 E.11052
G1 X163.565 Y95.936 E.07042
G1 X164.024 Y96.746 E.11057
G1 X164.434 Y97.57 E.10931
G1 X164.688 Y98.152 E.07542
G1 X164.912 Y98.7 E.07031
G1 X165.167 Y99.423 E.09105
G1 X165.436 Y100.303 E.10929
G1 X165.659 Y101.196 E.10931
G1 X165.835 Y102.099 E.10926
G1 X165.963 Y103.01 E.10926
G1 X166.043 Y103.927 E.10932
G1 X166.079 Y105.307 E.16395
G1 X166.039 Y106.226 E.10925
G1 X165.95 Y107.153 E.1106
G1 X165.867 Y107.74 E.07041
G1 X165.696 Y108.666 E.11184
G1 X165.562 Y109.243 E.07035
G1 X165.313 Y110.14 E.11056
G1 X165.021 Y111.013 E.10933
G1 X164.684 Y111.87 E.10937
G1 X164.298 Y112.717 E.11055
G1 X164.029 Y113.245 E.07038
G1 X163.57 Y114.055 E.11057
G1 X163.076 Y114.832 E.10935
G1 X162.541 Y115.581 E.10932
G1 X161.968 Y116.301 E.10929
G1 X161.358 Y116.991 E.10938
G1 X160.706 Y117.655 E.11052
G1 X160.272 Y118.059 E.07042
G1 X159.565 Y118.664 E.11051
G1 X158.834 Y119.224 E.10936
G1 X158.076 Y119.745 E.10924
G1 X157.282 Y120.232 E.11062
G1 X156.764 Y120.519 E.07033
G1 X155.93 Y120.934 E.11064
G1 X155.077 Y121.306 E.11052
G1 X154.523 Y121.518 E.07045
G1 X153.64 Y121.813 E.11057
G1 X152.753 Y122.059 E.10932
G1 X151.855 Y122.259 E.10926
G1 X150.947 Y122.411 E.10934
G1 X150.032 Y122.515 E.10937
G1 X149.114 Y122.571 E.10923
G1 X148.193 Y122.579 E.10939
G1 X147.274 Y122.539 E.10925
G1 X146.347 Y122.45 E.1106
G1 X145.76 Y122.367 E.07041
G1 X144.834 Y122.196 E.11184
G1 X144.257 Y122.062 E.07035
G1 X143.36 Y121.813 E.11056
G1 X142.487 Y121.521 E.10933
G1 X141.63 Y121.184 E.10937
G1 X140.791 Y120.802 E.10949
G1 X140.019 Y120.401 E.10332
G1 X139.451 Y120.075 E.07778
G1 X138.668 Y119.576 E.11027
G1 X137.919 Y119.041 E.10932
G1 X137.199 Y118.468 E.10929
G1 X136.509 Y117.858 E.10938
G1 X135.845 Y117.206 E.11052
G1 X135.441 Y116.772 E.07042
G1 X134.836 Y116.065 E.11051
G1 X134.276 Y115.334 E.10936
G1 X133.749 Y114.567 E.11052
G1 X133.435 Y114.064 E.07042
G1 X132.976 Y113.254 E.11057
G1 X132.566 Y112.43 E.10931
G1 X132.194 Y111.577 E.11052
G1 X131.982 Y111.023 E.07045
G1 X131.687 Y110.14 E.11057
G1 X131.441 Y109.253 E.10932
G1 X131.241 Y108.355 E.10926
G1 X131.089 Y107.447 E.10934
G1 X130.985 Y106.532 E.10937
G1 X130.929 Y105.614 E.10923
G1 X130.921 Y104.692 E.10951
G1 X130.958 Y103.822 E.10342
G1 X131.014 Y103.17 E.07772
G1 X131.135 Y102.25 E.1102
G1 X131.304 Y101.334 E.11062
G1 X131.438 Y100.757 E.07035
G1 X131.687 Y99.86 E.11056
G1 X131.979 Y98.987 E.10933
G1 X132.316 Y98.13 E.10937
G1 X132.698 Y97.293 E.10927
G1 X133.123 Y96.476 E.10937
G1 X133.591 Y95.682 E.10946
G1 X134.07 Y94.955 E.1034
G1 X134.454 Y94.425 E.07773
G1 X135.032 Y93.699 E.11021
G1 X135.642 Y93.009 E.10938
G1 X136.288 Y92.352 E.10943
G1 X136.929 Y91.763 E.10339
G1 X137.429 Y91.341 E.07771
G1 X138.166 Y90.776 E.11029
G1 X138.925 Y90.254 E.1094
G1 X139.667 Y89.798 E.10343
G1 X140.239 Y89.48 E.07773
G1 X141.07 Y89.066 E.11026
G1 X141.914 Y88.699 E.1093
G1 X142.777 Y88.376 E.10944
G1 X143.607 Y88.113 E.10341
G1 X144.239 Y87.942 E.07776
G1 X145.145 Y87.741 E.11022
G1 X146.053 Y87.589 E.10934
G1 X146.968 Y87.485 E.10937
G1 X147.888 Y87.429 E.10947
G1 X148.459 Y87.423 E.06782
G1 E-8 F1500
G1 Z4.5 F3000
G1 X135.677 Y116.562 F12000
G1 Z4.3 F3000
M73 P74 R11
G1 E10 F1500
;TYPE:Solid infill
G1 E-10 F1500
G1 Z9.3 F300.0
G1 F12000.0
T0
G1 Z4.3 F300.0
G1 E12.0 F1500
G1 F12000.0
;WIDTH:0.595841
G1 F588.235
G1 X136.729 Y117.623 E.12672
G1 X135.881 Y116.774 E.10177
G1 E-8 F1500
G1 Z4.5 F3000
G1 X134.034 Y114.187 F12000
G1 Z4.3 F3000
G1 E10 F1500
G1 F588.235
G1 X133.989 Y114.232 E.0054
G1 X134.005 Y114.294 E.00543
G1 X134.067 Y114.31 E.00543
G1 X134.112 Y114.265 E.0054
G1 X134.095 Y114.204 E.00537
;WIDTH:0.63542
G1 F545.872
G1 X134.243 Y114.435 E.02507
;WIDTH:0.675
G1 F509.2
G1 X134.39 Y114.665 E.02674
G1 X138.848 Y119.123 E.61771
G1 X139.079 Y119.269 E.02677
;WIDTH:0.63542
G1 F545.872
G1 X139.309 Y119.415 E.0249
;WIDTH:0.595841
G1 F588.235
G1 X139.326 Y119.477 E.00545
G1 X139.281 Y119.522 E.0054
G1 X139.219 Y119.506 E.00543
G1 X139.203 Y119.444 E.00543
G1 X139.248 Y119.399 E.0054
G1 E-8 F1500
G1 Z4.5 F3000
G1 X141.327 Y120.556 F12000
G1 Z4.3 F3000
G1 E10 F1500
G1 F588.235
M73 P75 R11
G1 X141.344 Y120.617 E.00537
G1 X141.298 Y120.662 E.00546
G1 X141.237 Y120.646 E.00535
G1 X141.22 Y120.584 E.00545
G1 X141.265 Y120.539 E.0054
;WIDTH:0.63542
G1 F545.872
G1 X141.065 Y120.423 E.02113
;WIDTH:0.675
G1 F509.2
G1 X140.865 Y120.307 E.02265
G1 X133.199 Y112.641 E1.06221
G1 E-8 F1500
G1 Z4.5 F3000
G1 X132.535 Y111.143 F12000
G1 Z4.3 F3000
G1 E10 F1500
G1 F509.2
G1 X142.351 Y120.959 E1.36012
G1 X142.551 Y121.061 E.022
;WIDTH:0.63542
G1 F545.872
G1 X142.751 Y121.164 E.02056
;WIDTH:0.595841
G1 F588.235
G1 X142.706 Y121.209 E.0054
G1 X142.722 Y121.27 E.00535
G1 X142.784 Y121.287 E.00545
G1 X142.829 Y121.242 E.0054
G1 X142.813 Y121.18 E.00543
G1 E-8 F1500
G1 Z4.5 F3000
G1 X144.55 Y121.87 F12000
G1 Z4.3 F3000
G1 E10 F1500
G1 F588.235
G1 X143.85 Y121.686 E.06139
;WIDTH:0.63542
G1 F545.872
G1 X143.735 Y121.54 E.01699
;WIDTH:0.675
G1 F509.2
G1 X143.619 Y121.394 E.01827
G1 X132.106 Y109.881 E1.59525
G1 X131.814 Y109.65 E.03648
;WIDTH:0.595841
G1 F588.235
G1 X131.634 Y108.956 E.06081
;WIDTH:0.63542
G1 F545.872
G1 X131.725 Y108.857 E.01229
;WIDTH:0.675
G1 F509.2
G1 X131.815 Y108.757 E.01318
G1 X144.748 Y121.69 E1.79201
G1 X145.781 Y121.89 E.10309
G1 X131.616 Y107.724 E1.96279
G1 X131.488 Y106.763 E.09499
G1 X146.736 Y122.012 E2.11285
G1 X147.639 Y122.081 E.08873
G1 X131.418 Y105.861 E2.24753
G1 X131.397 Y105.006 E.0838
G1 X148.494 Y122.103 E2.36898
G1 X149.309 Y122.085 E.07987
G1 X131.416 Y104.192 E2.47927
G1 X131.468 Y103.411 E.07669
G1 X150.089 Y122.032 E2.58015
G1 X150.837 Y121.947 E.07376
G1 X131.557 Y102.667 E2.67146
G1 X131.672 Y101.948 E.07134
M73 P76 R11
G1 X151.553 Y121.829 E2.75473
G1 X152.244 Y121.688 E.0691
G1 X131.809 Y101.252 E2.83157
G1 X131.976 Y100.586 E.06727
G1 X152.914 Y121.524 E2.90119
G1 X153.563 Y121.34 E.06609
G1 X132.16 Y99.937 E2.96562
G1 X132.369 Y99.312 E.06457
G1 X154.188 Y121.131 E3.02327
G1 X154.796 Y120.907 E.06348
G1 X132.597 Y98.708 E3.07592
G1 X132.841 Y98.119 E.06246
G1 X155.38 Y120.658 E3.12303
G1 X155.951 Y120.395 E.06159
G1 X133.102 Y97.546 E3.16598
G1 X133.385 Y96.996 E.0606
M73 P77 R10
G1 X156.507 Y120.118 E3.20381
G1 X157.045 Y119.822 E.06016
G1 X133.682 Y96.459 E3.2372
G1 X133.991 Y95.935 E.0596
G1 X157.561 Y119.506 E3.26596
G1 X158.066 Y119.178 E.059
G1 X134.322 Y95.433 E3.29007
G1 X134.664 Y94.942 E.05863
G1 X158.56 Y118.838 E3.31106
G1 X159.031 Y118.476 E.0582
G1 X135.024 Y94.469 E3.32644
G1 X135.393 Y94.005 E.05808
G1 X159.492 Y118.104 E3.33919
G1 X159.941 Y117.72 E.05789
M73 P78 R10
G1 X135.784 Y93.562 E3.34729
G1 X136.185 Y93.131 E.05768
G1 X160.373 Y117.318 E3.35145
G1 X160.786 Y116.898 E.05771
G1 X136.598 Y92.711 E3.35145
G1 X137.032 Y92.311 E.05783
G1 X161.189 Y116.468 E3.34722
G1 X161.58 Y116.026 E.05782
G1 X137.475 Y91.921 E3.34002
G1 X137.936 Y91.549 E.05804
G1 X161.951 Y115.563 E3.32748
G1 X162.31 Y115.09 E.05818
G1 X138.408 Y91.187 E3.31196
G1 X138.9 Y90.846 E.05865
M73 P79 R10
G1 X162.657 Y114.604 E3.29187
G1 X162.983 Y114.096 E.05914
M73 P79 R9
G1 X139.403 Y90.516 E3.26727
G1 X139.92 Y90.199 E.05942
G1 X163.297 Y113.577 E3.23921
G1 X163.598 Y113.045 E.05989
G1 X140.455 Y89.901 E3.20679
G1 X141.01 Y89.624 E.06077
G1 X163.88 Y112.493 E3.16882
G1 X164.141 Y111.921 E.0616
G1 X141.58 Y89.36 E3.12608
G1 X142.163 Y89.11 E.06215
G1 X164.387 Y111.334 E3.07938
G1 X164.617 Y110.731 E.06323
M73 P80 R9
G1 X142.77 Y88.884 E3.02715
G1 X143.396 Y88.676 E.06463
G1 X164.826 Y110.107 E2.96943
G1 X165.011 Y109.459 E.06603
G1 X144.039 Y88.486 E2.90597
G1 X144.709 Y88.323 E.06756
G1 X165.18 Y108.795 E2.83655
G1 X165.319 Y108.1 E.06944
G1 X145.398 Y88.179 E2.76028
G1 X146.111 Y88.059 E.07084
G1 X165.439 Y107.387 E2.67811
G1 X165.524 Y106.639 E.07376
G1 X146.859 Y87.974 E2.58624
G1 X147.637 Y87.918 E.07642
G1 X165.581 Y105.863 E2.48641
G1 X165.604 Y105.052 E.07949
G1 X148.454 Y87.903 E2.37625
G1 X149.305 Y87.92 E.0834
M73 P81 R9
G1 X165.586 Y104.201 E2.25591
G1 X165.52 Y103.302 E.08832
M73 P81 R8
G1 X150.197 Y87.979 E2.12317
G1 X151.15 Y88.099 E.09411
G1 X165.396 Y102.345 E1.97394
G1 E-8 F1500
G1 Z4.5 F3000
G1 X165.208 Y100.43 F12000
G1 Z4.3 F3000
G1 E10 F1500
;WIDTH:0.595841
G1 F588.235
G1 X165.372 Y101.074 E.05636
;WIDTH:0.63542
G1 F545.872
G1 X165.287 Y101.195 E.01351
;WIDTH:0.675
G1 F509.2
G1 X165.201 Y101.317 E.01462
G1 X152.179 Y88.295 E1.80434
G1 X153.299 Y88.581 E.11326
G1 X164.917 Y100.199 E1.6098
G1 X164.747 Y99.303 E.08935
;WIDTH:0.595841
G1 F588.235
G1 X164.702 Y99.348 E.0054
G1 X164.719 Y99.409 E.00537
G1 X164.78 Y99.426 E.00537
G1 X164.825 Y99.381 E.0054
G1 X164.809 Y99.319 E.00543
;WIDTH:0.63542
G1 F545.872
G1 X164.655 Y99.135 E.02193
;WIDTH:0.675
G1 F509.2
G1 X164.501 Y98.95 E.02358
G1 X154.554 Y89.003 E1.37827
G1 X154.368 Y88.849 E.02366
;WIDTH:0.63542
G1 F545.872
G1 X154.183 Y88.694 E.02206
;WIDTH:0.595841
G1 F588.235
G1 X154.199 Y88.756 E.00543
G1 X154.154 Y88.801 E.0054
G1 X154.092 Y88.784 E.00545
G1 X154.076 Y88.723 E.00535
G1 X154.121 Y88.678 E.0054
G1 E-8 F1500
G1 Z4.5 F3000
G1 X155.582 Y89.28 F12000
G1 Z4.3 F3000
G1 E10 F1500
G1 F588.235
G1 X155.537 Y89.325 E.0054
G1 X155.553 Y89.386 E.00535
G1 X155.615 Y89.403 E.00545
G1 X155.66 Y89.358 E.0054
G1 X155.643 Y89.296 E.00545
;WIDTH:0.63542
G1 F545.872
G1 X155.829 Y89.464 E.02291
;WIDTH:0.675
G1 F509.2
G1 X156.015 Y89.631 E.02449
G1 X164.026 Y97.66 E1.11126
;WIDTH:0.63542
G1 F545.872
G1 X164.195 Y97.845 E.0229
;WIDTH:0.595841
G1 F588.235
G1 X164.211 Y97.907 E.00543
G1 X164.166 Y97.952 E.0054
G1 X164.104 Y97.936 E.00543
G1 X164.088 Y97.874 E.00543
G1 X164.133 Y97.829 E.0054
G1 E-8 F1500
G1 Z4.5 F3000
G1 X163.057 Y95.874 F12000
G1 Z4.3 F3000
G1 E10 F1500
G1 F588.235
G1 X163.012 Y95.919 E.0054
G1 X163.028 Y95.98 E.00535
G1 X163.09 Y95.997 E.00545
G1 X163.135 Y95.952 E.0054
G1 X163.118 Y95.89 E.00545
;WIDTH:0.63542
G1 F545.872
G1 X162.927 Y95.704 E.02437
;WIDTH:0.675
G1 F509.2
G1 X157.79 Y90.569 E.71165
;WIDTH:0.63542
G1 F545.872
G1 X157.604 Y90.379 E.0243
;WIDTH:0.595841
G1 F588.235
G1 X157.621 Y90.441 E.00545
G1 X157.576 Y90.486 E.0054
G1 X157.514 Y90.469 E.00545
G1 X157.498 Y90.408 E.00535
G1 X157.543 Y90.362 E.00546
G1 E-8 F1500
G1 Z4.5 F3000
G1 X158.923 Y91.17 F12000
G1 Z4.3 F3000
G1 E10 F1500
G1 F588.235
G1 X159.599 Y91.773 E.07683
G1 X160.899 Y93.028 E.15325
G1 X161.491 Y93.646 E.07258
G1 X162.395 Y94.654 E.11484
;LAYER_CHANGE
;Z:4.7
;HEIGHT:0.4

G1 E-8 F1500
G1 Z4.7 F3000
;AFTER_LAYER_CHANGE
;4.7
G92 E0
_ON_LAYER_CHANGE LAYER=12
G1 Z4.9
G1 X148.507 Y85.343 F12000
G1 Z4.7 F3000
G1 E10 F1500
;TYPE:External perimeter
;WIDTH:0.675
G1 F509.2
G1 X148.81 Y85.34 E.02969
G1 X149.528 Y85.364 E.07039
G1 X150.555 Y85.445 E.10094
G1 X151.576 Y85.58 E.10091
G1 X152.588 Y85.767 E.10083
G1 X153.557 Y85.999 E.09762
G1 X154.248 Y86.196 E.0704
G1 X155.225 Y86.523 E.10094
G1 X156.183 Y86.901 E.1009
G1 X157.119 Y87.328 E.1008
G1 X158.033 Y87.803 E.10092
G1 X158.891 Y88.308 E.09754
G1 X159.494 Y88.698 E.07036
G1 X160.333 Y89.297 E.101
G1 X161.139 Y89.938 E.1009
G1 X161.91 Y90.62 E.10085
G1 X162.644 Y91.341 E.10081
G1 X163.339 Y92.1 E.10083
G1 X163.995 Y92.896 E.10106
G1 X164.406 Y93.442 E.06696
G1 X164.991 Y94.292 E.1011
G1 X165.353 Y94.872 E.06699
G1 X165.861 Y95.769 E.101
G1 X166.32 Y96.69 E.10082
G1 X166.731 Y97.634 E.10088
G1 X167.091 Y98.599 E.10091
G1 X167.401 Y99.58 E.1008
G1 X167.658 Y100.577 E.10088
G1 X167.858 Y101.553 E.09761
G1 X167.971 Y102.262 E.07034
G1 X168.088 Y103.286 E.10098
G1 X168.15 Y104.314 E.1009
G1 X168.159 Y105.343 E.10082
G1 X168.114 Y106.372 E.10092
G1 X168.016 Y107.398 E.10098
G1 X167.921 Y108.074 E.06688
G1 X167.732 Y109.089 E.10116
G1 X167.579 Y109.755 E.06695
G1 X167.303 Y110.749 E.10107
G1 X166.977 Y111.725 E.10082
G1 X166.599 Y112.683 E.1009
M73 P82 R8
G1 X166.187 Y113.59 E.0976
G1 X165.861 Y114.23 E.07037
G1 X165.354 Y115.127 E.10095
G1 X164.801 Y115.995 E.10084
G1 X164.203 Y116.833 E.10087
G1 X163.562 Y117.639 E.1009
G1 X162.88 Y118.41 E.10085
G1 X162.159 Y119.144 E.10081
G1 X161.4 Y119.839 E.10083
G1 X160.605 Y120.494 E.10092
G1 X159.805 Y121.087 E.09757
G1 X159.21 Y121.49 E.07041
G1 X158.33 Y122.029 E.10111
G1 X157.732 Y122.36 E.06697
G1 X156.81 Y122.82 E.10095
G1 X155.864 Y123.231 E.10106
G1 X155.226 Y123.476 E.06696
G1 X154.249 Y123.803 E.10094
G1 X153.257 Y124.078 E.10086
G1 X152.252 Y124.301 E.10086
G1 X151.236 Y124.471 E.10093
G1 X150.214 Y124.588 E.10079
G1 X149.186 Y124.65 E.1009
G1 X148.157 Y124.659 E.10082
G1 X147.127 Y124.614 E.10101
G1 X146.446 Y124.555 E.06697
G1 X145.424 Y124.42 E.101
G1 X144.411 Y124.232 E.10095
G1 X143.745 Y124.079 E.06695
G1 X142.751 Y123.803 E.10107
G1 X141.775 Y123.477 E.10082
G1 X140.817 Y123.099 E.1009
G1 X139.879 Y122.672 E.10098
G1 X139.27 Y122.362 E.06695
G1 X138.373 Y121.854 E.101
G1 X137.505 Y121.301 E.10084
G1 X136.667 Y120.703 E.10087
G1 X135.861 Y120.062 E.1009
G1 X135.09 Y119.38 E.10085
G1 X134.355 Y118.658 E.10095
G1 X133.889 Y118.158 E.06697
G1 X133.219 Y117.374 E.10104
G1 X132.593 Y116.557 E.10084
G1 X132.009 Y115.708 E.10096
G1 X131.647 Y115.128 E.06699
G1 X131.139 Y114.231 E.101
G1 X130.68 Y113.31 E.10082
G1 X130.269 Y112.364 E.10106
G1 X130.024 Y111.726 E.06696
G1 X129.697 Y110.749 E.10094
G1 X129.422 Y109.757 E.10086
G1 X129.199 Y108.752 E.10086
G1 X129.029 Y107.736 E.10093
G1 X128.912 Y106.714 E.10079
G1 X128.85 Y105.686 E.1009
G1 X128.841 Y104.657 E.10082
G1 X128.883 Y103.662 E.09757
G1 X128.945 Y102.946 E.07041
G1 X129.08 Y101.924 E.101
G1 X129.268 Y100.911 E.10095
G1 X129.421 Y100.245 E.06695
G1 X129.697 Y99.251 E.10107
G1 X130.023 Y98.275 E.10082
G1 X130.401 Y97.317 E.1009
G1 X130.828 Y96.381 E.1008
G1 X131.303 Y95.468 E.10084
G1 X131.825 Y94.58 E.10092
G1 X132.375 Y93.749 E.09764
G1 X132.796 Y93.168 E.0703
G1 X133.438 Y92.361 E.10104
G1 X134.12 Y91.59 E.10085
G1 X134.841 Y90.856 E.10081
G1 X135.6 Y90.161 E.10083
G1 X136.369 Y89.526 E.09771
G1 X136.942 Y89.094 E.07031
G1 X137.791 Y88.51 E.10096
G1 X138.669 Y87.972 E.10089
G1 X139.544 Y87.496 E.09759
G1 X140.189 Y87.18 E.07037
G1 X141.136 Y86.769 E.10115
G1 X141.774 Y86.524 E.06696
G1 X142.751 Y86.197 E.10094
G1 X143.743 Y85.922 E.10086
G1 X144.748 Y85.699 E.10086
G1 X145.764 Y85.529 E.10093
G1 X146.786 Y85.412 E.10079
G1 X147.814 Y85.35 E.1009
G1 X148.477 Y85.343 E.06496
G1 X149.077 Y85.35 F12000
G1 X148.502 Y85.995
;TYPE:Perimeter
G1 E-10 F1500
G1 Z9.7 F300.0
G1 F12000.0
T1
G1 Z4.7 F300.0
G1 E30.0 F1500
G1 F12000.0
;WIDTH:0.8
G1 F420.075
G1 X148.802 Y85.992 E.03563
G1 X149.491 Y86.015 E.08187
G1 X150.487 Y86.094 E.11866
G1 X151.474 Y86.224 E.11823
G1 X152.453 Y86.405 E.11824
G1 X153.392 Y86.63 E.11468
G1 X154.055 Y86.819 E.08188
G1 X155.002 Y87.136 E.1186
G1 X155.928 Y87.501 E.11821
G1 X156.834 Y87.913 E.1182
G1 X157.717 Y88.373 E.11825
G1 X158.549 Y88.863 E.11468
G1 X159.128 Y89.237 E.08186
G1 X159.941 Y89.818 E.11868
G1 X160.72 Y90.437 E.11817
G1 X161.465 Y91.097 E.11821
G1 X162.175 Y91.794 E.11816
G1 X162.847 Y92.528 E.11819
G1 X163.483 Y93.299 E.1187
G1 X163.877 Y93.822 E.07777
G1 X164.446 Y94.65 E.11932
G1 X164.793 Y95.205 E.07774
G1 X165.285 Y96.075 E.1187
G1 X165.729 Y96.966 E.11823
G1 X166.126 Y97.879 E.11824
G1 X166.475 Y98.811 E.1182
G1 X166.774 Y99.76 E.11817
G1 X167.023 Y100.724 E.11825
G1 X167.216 Y101.67 E.11467
G1 X167.325 Y102.351 E.08191
G1 X167.382 Y102.849 E.05953
G1 X167.469 Y103.84 E.11815
G1 X167.508 Y105.332 E.17726
G1 X167.464 Y106.326 E.11817
G1 X167.368 Y107.321 E.11872
G1 X167.277 Y107.97 E.07783
G1 X167.094 Y108.957 E.11922
G1 X166.947 Y109.595 E.07776
G1 X166.68 Y110.558 E.11869
G1 X166.364 Y111.502 E.11823
G1 X165.999 Y112.428 E.11821
G1 X165.599 Y113.307 E.1147
G1 X165.287 Y113.922 E.0819
G1 X164.795 Y114.791 E.1186
G1 X164.26 Y115.631 E.11828
G1 X163.682 Y116.441 E.11818
G1 X163.063 Y117.22 E.11817
G1 X162.403 Y117.965 E.11821
G1 X161.706 Y118.675 E.11816
G1 X160.972 Y119.347 E.11819
G1 X160.204 Y119.981 E.11828
G1 X159.428 Y120.555 E.11463
G1 X158.857 Y120.942 E.08192
G1 X158.002 Y121.466 E.1191
G1 X157.429 Y121.783 E.07777
G1 X156.534 Y122.229 E.11876
G1 X155.618 Y122.628 E.11866
G1 X155.006 Y122.863 E.07786
G1 X154.058 Y123.18 E.11872
G1 X153.099 Y123.446 E.1182
G1 X152.127 Y123.661 E.11823
G1 X151.146 Y123.825 E.11813
G1 X150.157 Y123.938 E.11822
G1 X149.163 Y123.999 E.11827
G1 X148.168 Y124.008 E.11818
G1 X147.17 Y123.964 E.11864
G1 X146.517 Y123.907 E.07785
G1 X145.526 Y123.776 E.11872
G1 X144.543 Y123.594 E.11873
G1 X143.905 Y123.447 E.07776
G1 X142.942 Y123.18 E.11869
G1 X141.998 Y122.864 E.11823
G1 X141.072 Y122.499 E.11821
G1 X140.162 Y122.085 E.11874
G1 X139.579 Y121.787 E.07776
G1 X138.709 Y121.295 E.1187
G1 X137.869 Y120.76 E.11828
G1 X137.059 Y120.182 E.11818
G1 X136.28 Y119.563 E.11817
G1 X135.535 Y118.903 E.11821
G1 X134.822 Y118.203 E.11867
G1 X134.375 Y117.724 E.07781
G1 X133.726 Y116.964 E.11869
G1 X133.12 Y116.174 E.11825
G1 X132.554 Y115.35 E.11873
G1 X132.207 Y114.795 E.07774
G1 X131.715 Y113.925 E.1187
G1 X131.271 Y113.034 E.11823
G1 X130.872 Y112.118 E.11866
G1 X130.637 Y111.506 E.07786
G1 X130.32 Y110.558 E.11872
G1 X130.054 Y109.599 E.1182
G1 X129.839 Y108.627 E.11823
G1 X129.675 Y107.646 E.11813
G1 X129.562 Y106.657 E.11822
G1 X129.501 Y105.663 E.11827
G1 X129.492 Y104.668 E.11818
G1 X129.534 Y103.704 E.1146
G1 X129.593 Y103.017 E.08189
G1 X129.724 Y102.026 E.11872
G1 X129.906 Y101.043 E.11873
G1 X130.053 Y100.405 E.07776
G1 X130.32 Y99.442 E.11869
G1 X130.636 Y98.498 E.11823
G1 X131.001 Y97.572 E.11821
G1 X131.413 Y96.666 E.1182
G1 X131.873 Y95.784 E.11814
G1 X132.378 Y94.926 E.11824
G1 X132.911 Y94.12 E.11476
G1 X133.315 Y93.562 E.08182
G1 X133.937 Y92.78 E.11867
G1 X134.597 Y92.035 E.11821
G1 X135.294 Y91.325 E.11816
G1 X136.028 Y90.652 E.11827
G1 X136.773 Y90.038 E.11466
G1 X137.323 Y89.622 E.0819
G1 X138.146 Y89.056 E.11863
G1 X138.995 Y88.536 E.11824
G1 X139.843 Y88.075 E.11463
G1 X140.462 Y87.772 E.08185
G1 X141.382 Y87.372 E.11914
G1 X141.994 Y87.137 E.07786
G1 X142.942 Y86.82 E.11872
G1 X143.901 Y86.554 E.1182
G1 X144.873 Y86.339 E.11823
G1 X145.854 Y86.175 E.11813
G1 X146.843 Y86.062 E.11822
G1 X147.837 Y86.001 E.11827
G1 X148.472 Y85.995 E.07542
G1 X148.496 Y86.709 F12000
G1 F420.075
G1 X148.793 Y86.706 E.03528
G1 X149.451 Y86.728 E.07819
G1 X150.412 Y86.804 E.11449
G1 X151.362 Y86.929 E.1138
G1 X152.304 Y87.104 E.11379
G1 X153.21 Y87.321 E.11064
G1 X153.843 Y87.501 E.07816
G1 X154.758 Y87.807 E.11459
G1 X155.649 Y88.158 E.11373
G1 X156.52 Y88.556 E.11373
G1 X157.371 Y88.998 E.11389
G1 X158.173 Y89.47 E.11052
M73 P83 R8
G1 X158.726 Y89.828 E.07824
G1 X159.511 Y90.388 E.11452
G1 X160.261 Y90.984 E.11377
G1 X160.978 Y91.619 E.11375
G1 X161.661 Y92.291 E.1138
G1 X162.308 Y92.997 E.11373
G1 X162.922 Y93.742 E.11466
G1 X163.298 Y94.24 E.07411
G1 X163.849 Y95.041 E.11547
G1 X164.179 Y95.57 E.07405
G1 X164.655 Y96.411 E.11477
G1 X165.082 Y97.268 E.11372
G1 X165.464 Y98.146 E.11372
G1 X165.799 Y99.043 E.11372
G1 X166.087 Y99.957 E.11381
G1 X166.327 Y100.885 E.11384
G1 X166.449 Y101.482 E.07237
G1 X166.564 Y102.115 E.07641
G1 X166.672 Y102.93 E.09764
G1 X166.756 Y103.883 E.11362
G1 X166.793 Y105.319 E.1706
G1 X166.752 Y106.276 E.11376
G1 X166.659 Y107.237 E.11467
G1 X166.572 Y107.855 E.07412
G1 X166.395 Y108.811 E.11547
G1 X166.255 Y109.419 E.0741
G1 X165.997 Y110.349 E.11462
G1 X165.693 Y111.258 E.11383
G1 X165.341 Y112.149 E.11378
G1 X164.956 Y112.997 E.11061
G1 X164.658 Y113.584 E.07818
G1 X164.183 Y114.423 E.1145
G1 X163.668 Y115.231 E.1138
G1 X163.112 Y116.011 E.11376
G1 X162.516 Y116.76 E.11368
G1 X161.881 Y117.478 E.11384
G1 X161.209 Y118.161 E.1138
G1 X160.503 Y118.808 E.11373
G1 X159.764 Y119.418 E.11381
G1 X159.015 Y119.972 E.11064
G1 X158.47 Y120.341 E.07817
G1 X157.642 Y120.849 E.11537
G1 X157.096 Y121.151 E.0741
G1 X156.232 Y121.582 E.11467
G1 X155.347 Y121.967 E.11462
G1 X154.765 Y122.19 E.07402
G1 X153.849 Y122.497 E.11474
G1 X152.926 Y122.753 E.11376
G1 X151.991 Y122.96 E.11373
G1 X151.046 Y123.118 E.11379
G1 X150.095 Y123.226 E.11367
G1 X149.139 Y123.285 E.11376
G1 X148.181 Y123.293 E.11378
G1 X147.216 Y123.251 E.11472
G1 X146.595 Y123.197 E.07403
G1 X145.638 Y123.071 E.11464
G1 X144.689 Y122.895 E.11463
G1 X144.081 Y122.755 E.0741
M73 P83 R7
G1 X143.151 Y122.497 E.11462
G1 X142.242 Y122.193 E.11383
G1 X141.351 Y121.842 E.11373
G1 X140.473 Y121.441 E.11464
G1 X139.917 Y121.158 E.0741
G1 X139.077 Y120.683 E.11461
G1 X138.269 Y120.168 E.1138
G1 X137.489 Y119.612 E.11376
G1 X136.739 Y119.016 E.11377
G1 X136.022 Y118.381 E.11375
G1 X135.334 Y117.704 E.11464
G1 X134.908 Y117.248 E.07411
G1 X134.281 Y116.514 E.11465
G1 X133.698 Y115.754 E.11376
G1 X133.151 Y114.959 E.11461
G1 X132.821 Y114.43 E.07405
G1 X132.345 Y113.589 E.11477
G1 X131.918 Y112.732 E.11372
G1 X131.533 Y111.847 E.11462
G1 X131.31 Y111.265 E.07402
G1 X131.003 Y110.349 E.11474
G1 X130.747 Y109.426 E.11376
G1 X130.54 Y108.491 E.11373
G1 X130.382 Y107.546 E.11379
G1 X130.274 Y106.595 E.11367
G1 X130.215 Y105.639 E.11376
G1 X130.207 Y104.68 E.1139
G1 X130.247 Y103.75 E.11055
G1 X130.303 Y103.094 E.07819
G1 X130.429 Y102.138 E.11452
G1 X130.605 Y101.189 E.11463
G1 X130.745 Y100.581 E.0741
G1 X131.003 Y99.651 E.11462
G1 X131.307 Y98.742 E.11383
G1 X131.658 Y97.851 E.11373
G1 X132.056 Y96.979 E.11384
G1 X132.498 Y96.13 E.11368
G1 X132.984 Y95.304 E.11382
G1 X133.498 Y94.527 E.11064
G1 X133.884 Y93.994 E.07816
G1 X134.484 Y93.239 E.11453
G1 X135.119 Y92.522 E.11375
G1 X135.79 Y91.839 E.11371
G1 X136.497 Y91.191 E.1139
G1 X137.215 Y90.599 E.11052
G1 X137.741 Y90.202 E.07827
G1 X138.535 Y89.656 E.11444
G1 X139.352 Y89.155 E.11382
G1 X140.171 Y88.71 E.1107
G1 X140.762 Y88.421 E.07813
G1 X141.653 Y88.033 E.11542
G1 X142.235 Y87.81 E.07402
G1 X143.151 Y87.503 E.11474
G1 X144.074 Y87.247 E.11376
G1 X145.009 Y87.04 E.11373
G1 X145.954 Y86.882 E.11379
G1 X146.905 Y86.774 E.11367
G1 X147.862 Y86.715 E.11387
G1 X148.466 Y86.709 E.07174
G1 X148.489 Y87.423 F12000
G1 F420.075
G1 X148.785 Y87.421 E.03516
G1 X149.411 Y87.442 E.07439
G1 X150.338 Y87.515 E.11044
G1 X151.25 Y87.635 E.10925
G1 X152.156 Y87.803 E.10944
G1 X153.029 Y88.012 E.10661
G1 X153.632 Y88.184 E.07447
G1 X154.513 Y88.479 E.11034
G1 X155.37 Y88.816 E.10937
G1 X156.207 Y89.198 E.10927
G1 X157.024 Y89.623 E.10937
G1 X157.798 Y90.078 E.10663
G1 X158.324 Y90.419 E.07445
G1 X159.081 Y90.959 E.11044
G1 X159.801 Y91.532 E.10929
G1 X160.491 Y92.142 E.10938
G1 X161.147 Y92.787 E.10926
G1 X161.769 Y93.465 E.10927
G1 X162.361 Y94.184 E.11061
G1 X162.718 Y94.657 E.07038
G1 X163.251 Y95.433 E.11181
G1 X163.565 Y95.936 E.07042
G1 X164.024 Y96.746 E.11057
G1 X164.434 Y97.57 E.10931
G1 X164.801 Y98.414 E.1093
G1 X165.124 Y99.276 E.10933
G1 X165.401 Y100.154 E.10934
G1 X165.631 Y101.046 E.1094
G1 X165.749 Y101.625 E.07018
G1 X165.859 Y102.228 E.0728
G1 X165.963 Y103.01 E.09369
G1 X166.043 Y103.927 E.10932
G1 X166.079 Y105.307 E.16395
G1 X166.039 Y106.226 E.10925
G1 X165.95 Y107.153 E.1106
G1 X165.867 Y107.74 E.07041
G1 X165.696 Y108.666 E.11184
G1 X165.562 Y109.243 E.07035
G1 X165.313 Y110.14 E.11056
G1 X165.021 Y111.013 E.10933
G1 X164.684 Y111.87 E.10937
G1 X164.312 Y112.687 E.10662
G1 X164.028 Y113.246 E.07447
G1 X163.57 Y114.055 E.11041
G1 X163.076 Y114.832 E.10935
G1 X162.541 Y115.581 E.10932
G1 X161.968 Y116.301 E.10929
G1 X161.358 Y116.991 E.10938
G1 X160.713 Y117.647 E.10926
G1 X160.035 Y118.269 E.10927
G1 X159.324 Y118.855 E.10943
G1 X158.603 Y119.389 E.10656
G1 X158.083 Y119.74 E.07451
G1 X157.282 Y120.232 E.11164
G1 X156.764 Y120.519 E.07033
G1 X155.93 Y120.934 E.11064
G1 X155.077 Y121.306 E.11052
G1 X154.523 Y121.518 E.07045
G1 X153.64 Y121.813 E.11057
G1 X152.753 Y122.059 E.10932
G1 X151.855 Y122.259 E.10926
G1 X150.947 Y122.411 E.10934
G1 X150.032 Y122.515 E.10937
G1 X149.114 Y122.571 E.10923
G1 X148.193 Y122.579 E.10939
G1 X147.263 Y122.538 E.11056
G1 X146.673 Y122.487 E.07033
G1 X145.75 Y122.365 E.11057
G1 X144.834 Y122.196 E.11062
G1 X144.257 Y122.062 E.07035
G1 X143.36 Y121.813 E.11056
G1 X142.487 Y121.521 E.10933
G1 X141.63 Y121.184 E.10937
G1 X140.783 Y120.798 E.11055
G1 X140.255 Y120.529 E.07038
G1 X139.445 Y120.07 E.11057
G1 X138.668 Y119.576 E.10935
G1 X137.919 Y119.041 E.10932
G1 X137.199 Y118.468 E.10929
G1 X136.509 Y117.858 E.10938
G1 X135.845 Y117.206 E.11052
G1 X135.441 Y116.772 E.07042
G1 X134.836 Y116.065 E.11051
G1 X134.276 Y115.334 E.10936
G1 X133.749 Y114.567 E.11052
G1 X133.435 Y114.064 E.07042
G1 X132.976 Y113.254 E.11057
G1 X132.566 Y112.43 E.10931
G1 X132.194 Y111.577 E.11052
G1 X131.982 Y111.023 E.07045
G1 X131.687 Y110.14 E.11057
G1 X131.441 Y109.253 E.10932
G1 X131.241 Y108.355 E.10926
G1 X131.089 Y107.447 E.10934
G1 X130.985 Y106.532 E.10937
G1 X130.929 Y105.614 E.10923
G1 X130.921 Y104.692 E.10951
G1 X130.96 Y103.796 E.10651
G1 X131.013 Y103.171 E.07449
G1 X131.135 Y102.25 E.11034
G1 X131.304 Y101.334 E.11062
G1 X131.438 Y100.757 E.07035
G1 X131.687 Y99.86 E.11056
G1 X131.979 Y98.987 E.10933
G1 X132.316 Y98.13 E.10937
G1 X132.698 Y97.293 E.10927
G1 X133.123 Y96.476 E.10937
G1 X133.59 Y95.682 E.1094
G1 X134.085 Y94.934 E.10653
G1 X134.453 Y94.426 E.0745
G1 X135.032 Y93.699 E.11038
G1 X135.642 Y93.009 E.10938
M73 P84 R7
G1 X136.287 Y92.353 E.10926
G1 X136.966 Y91.73 E.10944
G1 X137.658 Y91.159 E.10655
G1 X138.158 Y90.781 E.07444
G1 X138.924 Y90.255 E.11036
G1 X139.71 Y89.773 E.1095
G1 X140.498 Y89.345 E.1065
G1 X141.061 Y89.069 E.07447
G1 X141.923 Y88.694 E.11164
G1 X142.477 Y88.482 E.07045
G1 X143.36 Y88.187 E.11057
G1 X144.247 Y87.941 E.10932
G1 X145.145 Y87.741 E.10926
G1 X146.053 Y87.589 E.10934
G1 X146.968 Y87.485 E.10937
G1 X147.887 Y87.429 E.10935
G1 X148.459 Y87.424 E.06794
G1 E-8 F1500
G1 Z4.9 F3000
G1 X137.167 Y91.961 F12000
G1 Z4.7 F3000
G1 E10 F1500
;TYPE:Solid infill
G1 E-10 F1500
G1 Z9.7 F300.0
G1 F12000.0
T0
G1 Z4.7 F300.0
G1 E12.0 F1500
G1 F12000.0
;WIDTH:0.595841
G1 F588.235
G1 X135.877 Y93.229 E.15341
G1 X136.954 Y92.165 E.1284
G1 E-8 F1500
G1 Z4.9 F3000
G1 X139.313 Y90.536 F12000
G1 Z4.7 F3000
G1 E10 F1500
G1 F588.235
G1 X139.268 Y90.491 E.0054
G1 X139.207 Y90.507 E.00535
G1 X139.19 Y90.569 E.00545
G1 X139.235 Y90.614 E.0054
G1 X139.297 Y90.597 E.00545
;WIDTH:0.63542
G1 F545.872
G1 X139.066 Y90.744 E.02502
;WIDTH:0.675
G1 F509.2
G1 X138.835 Y90.89 E.02677
G1 X134.381 Y95.344 E.61715
G1 X134.242 Y95.544 E.02386
;WIDTH:0.63542
G1 F545.872
G1 X134.102 Y95.744 E.02231
;WIDTH:0.595841
G1 F588.235
G1 X134.057 Y95.699 E.0054
G1 X133.996 Y95.716 E.00537
G1 X133.979 Y95.777 E.00537
G1 X134.024 Y95.823 E.00546
G1 X134.086 Y95.806 E.00545
G1 E-8 F1500
G1 Z4.9 F3000
G1 X132.961 Y97.765 F12000
G1 Z4.7 F3000
G1 E10 F1500
G1 F588.235
G1 X132.916 Y97.72 E.0054
G1 X132.854 Y97.737 E.00545
G1 X132.838 Y97.798 E.00535
G1 X132.883 Y97.843 E.0054
G1 X132.945 Y97.827 E.00543
;WIDTH:0.63542
G1 F545.872
G1 X133.069 Y97.596 E.02396
;WIDTH:0.675
G1 F509.2
G1 X133.193 Y97.365 E.02569
G1 X140.868 Y89.691 E1.06339
G1 E-8 F1500
G1 Z4.9 F3000
G1 X142.357 Y89.035 F12000
G1 Z4.7 F3000
G1 E10 F1500
G1 F509.2
G1 X132.541 Y98.851 E1.36012
G1 X132.43 Y99.082 E.02511
;WIDTH:0.63542
G1 F545.872
G1 X132.32 Y99.313 E.02338
;WIDTH:0.595841
G1 F588.235
G1 X132.258 Y99.329 E.00543
G1 X132.213 Y99.284 E.0054
G1 X132.23 Y99.223 E.00537
G1 X132.291 Y99.206 E.00537
G1 X132.336 Y99.251 E.0054
G1 E-8 F1500
G1 Z4.9 F3000
G1 X131.63 Y101.05 F12000
G1 Z4.7 F3000
G1 E10 F1500
G1 F588.235
G1 X131.814 Y100.35 E.06139
;WIDTH:0.63542
G1 F545.872
G1 X131.96 Y100.235 E.01699
;WIDTH:0.675
G1 F509.2
G1 X132.105 Y100.119 E.01819
G1 X143.619 Y88.605 E1.59539
G1 X143.85 Y88.314 E.0364
;WIDTH:0.595841
G1 F588.235
G1 X144.544 Y88.134 E.06081
;WIDTH:0.63542
G1 F545.872
G1 X144.643 Y88.225 E.01229
;WIDTH:0.675
G1 F509.2
G1 X144.743 Y88.315 E.01318
G1 X131.81 Y101.248 E1.79201
G1 X131.61 Y102.281 E.10309
G1 X145.776 Y88.116 E1.96279
G1 X146.737 Y87.988 E.09499
G1 X131.482 Y103.242 E2.11368
G1 X131.418 Y104.139 E.08811
G1 X147.64 Y87.918 E2.24767
G1 X148.488 Y87.903 E.0831
G1 X131.397 Y104.994 E2.36815
G1 X131.415 Y105.809 E.07987
G1 X149.305 Y87.919 E2.47886
G1 X150.086 Y87.972 E.0767
M73 P85 R7
G1 X131.468 Y106.589 E2.57966
G1 X131.553 Y107.337 E.07376
G1 X150.833 Y88.057 E2.67146
G1 X151.552 Y88.172 E.07134
G1 X131.671 Y108.053 E2.75473
G1 X131.812 Y108.744 E.0691
M73 P85 R6
G1 X152.246 Y88.311 E2.83129
G1 X152.918 Y88.472 E.0677
G1 X131.976 Y109.414 E2.90175
G1 X132.16 Y110.063 E.06609
G1 X153.563 Y88.66 E2.96562
G1 X154.188 Y88.869 E.06457
G1 X132.369 Y110.688 E3.02327
G1 X132.593 Y111.296 E.06348
G1 X154.793 Y89.097 E3.07599
G1 X155.382 Y89.341 E.06246
M73 P86 R6
G1 X132.842 Y111.88 E3.1231
G1 X133.105 Y112.451 E.06159
G1 X155.954 Y89.602 E3.16598
G1 X156.504 Y89.885 E.0606
G1 X133.382 Y113.007 E3.20381
G1 X133.682 Y113.54 E.05993
G1 X157.041 Y90.182 E3.23658
G1 X157.565 Y90.491 E.0596
G1 X133.992 Y114.064 E3.2663
G1 X134.322 Y114.566 E.05886
G1 X158.07 Y90.819 E3.29048
G1 X158.556 Y91.166 E.05851
G1 X134.662 Y115.06 E3.31078
G1 X135.024 Y115.531 E.0582
G1 X159.031 Y91.524 E3.32644
G1 X159.495 Y91.893 E.05808
M73 P87 R6
G1 X135.397 Y115.992 E3.33912
G1 X135.78 Y116.441 E.05782
G1 X159.938 Y92.284 E3.34729
G1 X160.369 Y92.686 E.05775
G1 X136.182 Y116.873 E3.35138
G1 X136.602 Y117.286 E.05771
M73 P87 R5
G1 X160.789 Y93.099 E3.35138
G1 X161.189 Y93.532 E.05776
G1 X137.032 Y117.689 E3.34722
G1 X137.474 Y118.08 E.05782
G1 X161.578 Y93.977 E3.33981
G1 X161.954 Y94.434 E.05798
G1 X137.937 Y118.451 E3.32782
G1 X138.41 Y118.811 E.05824
M73 P88 R5
G1 X162.314 Y94.907 E3.31217
G1 X162.654 Y95.4 E.05868
G1 X138.897 Y119.157 E3.2918
G1 X139.404 Y119.483 E.05906
G1 X162.986 Y95.901 E3.26755
G1 X163.297 Y96.423 E.05953
G1 X139.923 Y119.797 E3.23873
G1 X140.455 Y120.098 E.05989
G1 X163.598 Y96.955 E3.20672
G1 X163.876 Y97.51 E.06082
G1 X141.007 Y120.38 E3.16882
G1 X141.579 Y120.641 E.0616
G1 X164.14 Y98.08 E3.12608
G1 X164.39 Y98.663 E.06215
M73 P89 R5
G1 X142.166 Y120.887 E3.07938
G1 X142.769 Y121.117 E.06323
G1 X164.616 Y99.27 E3.02715
G1 X164.823 Y99.896 E.0646
G1 X143.394 Y121.326 E2.9693
G1 X144.041 Y121.512 E.06596
G1 X165.012 Y100.541 E2.90577
G1 X165.181 Y101.205 E.06713
M73 P89 R4
G1 X144.706 Y121.68 E2.83704
G1 X145.4 Y121.819 E.06935
G1 X165.322 Y101.897 E2.76042
G1 X165.441 Y102.611 E.07092
G1 X146.116 Y121.936 E2.67769
G1 X146.857 Y122.028 E.07316
G1 X165.526 Y103.359 E2.5868
G1 X165.582 Y104.137 E.07642
M73 P90 R4
G1 X147.638 Y122.081 E2.48634
G1 X148.448 Y122.104 E.07939
G1 X165.603 Y104.949 E2.37702
G1 X165.584 Y105.801 E.0835
G1 X149.299 Y122.086 E2.25647
G1 X150.199 Y122.02 E.08842
G1 X165.518 Y106.7 E2.12269
G1 X165.402 Y107.649 E.09367
G1 X151.155 Y121.896 E1.97408
G1 E-8 F1500
G1 Z4.9 F3000
G1 X165.208 Y109.57 F12000
G1 Z4.7 F3000
G1 E10 F1500
;WIDTH:0.595841
G1 F588.235
G1 X165.377 Y108.919 E.05704
;WIDTH:0.675
G1 F509.2
G1 X165.207 Y108.677 E.02898
G1 X152.183 Y121.701 E1.80462
G1 X152.305 Y121.787 E.01462
;WIDTH:0.63542
G1 F545.872
G1 X152.426 Y121.872 E.01351
;WIDTH:0.595841
G1 F588.235
G1 X153.07 Y121.708 E.05636
;WIDTH:0.675
G1 F509.2
G1 X153.301 Y121.417 E.0364
G1 X164.917 Y109.801 E1.60953
G1 X164.822 Y110.621 E.08088
;WIDTH:0.595841
G1 F588.235
G1 X164.777 Y110.576 E.0054
G1 X164.715 Y110.593 E.00545
G1 X164.699 Y110.654 E.00535
G1 X164.744 Y110.699 E.0054
G1 X164.806 Y110.683 E.00543
;WIDTH:0.63542
G1 F545.872
G1 X164.651 Y110.869 E.02213
;WIDTH:0.675
G1 F509.2
G1 X164.497 Y111.054 E.02358
G1 X154.55 Y121.001 E1.37827
G1 X154.366 Y121.155 E.02351
;WIDTH:0.63542
G1 F545.872
G1 X154.181 Y121.309 E.022
;WIDTH:0.595841
G1 F588.235
G1 X154.12 Y121.325 E.00535
G1 X154.075 Y121.28 E.0054
G1 X154.091 Y121.219 E.00535
G1 X154.153 Y121.202 E.00545
G1 X154.198 Y121.247 E.0054
G1 E-8 F1500
G1 Z4.9 F3000
G1 X155.671 Y120.633 F12000
G1 Z4.7 F3000
G1 E10 F1500
G1 F588.235
G1 X155.626 Y120.588 E.0054
G1 X155.565 Y120.604 E.00535
G1 X155.548 Y120.666 E.00545
G1 X155.593 Y120.711 E.0054
G1 X155.655 Y120.694 E.00545
;WIDTH:0.63542
G1 F545.872
G1 X155.841 Y120.526 E.02291
;WIDTH:0.675
G1 F509.2
G1 X163.869 Y112.516 E1.11112
G1 X164.036 Y112.33 E.02449
;WIDTH:0.63542
G1 F545.872
G1 X164.204 Y112.144 E.02291
;WIDTH:0.595841
G1 F588.235
G1 X164.142 Y112.161 E.00545
G1 X164.097 Y112.116 E.0054
G1 X164.113 Y112.054 E.00543
G1 X164.175 Y112.037 E.00545
G1 X164.22 Y112.083 E.00546
G1 E-8 F1500
G1 Z4.9 F3000
G1 X163.137 Y114.043 F12000
G1 Z4.7 F3000
G1 E10 F1500
G1 F588.235
G1 X163.092 Y113.998 E.0054
G1 X163.031 Y114.014 E.00535
G1 X163.014 Y114.076 E.00545
G1 X163.059 Y114.121 E.0054
G1 X163.121 Y114.105 E.00543
;WIDTH:0.63542
G1 F545.872
G1 X162.931 Y114.29 E.02424
;WIDTH:0.675
G1 F509.2
G1 X157.974 Y119.243 E.68657
G1 X157.797 Y119.402 E.02331
;WIDTH:0.63542
G1 F545.872
G1 X157.619 Y119.56 E.02175
;WIDTH:0.595841
G1 F588.235
G1 X157.574 Y119.515 E.0054
G1 X157.513 Y119.532 E.00537
G1 X157.496 Y119.593 E.00537
G1 X157.541 Y119.638 E.0054
G1 X157.603 Y119.622 E.00543
G1 E-8 F1500
G1 Z4.9 F3000
G1 X158.854 Y118.887 F12000
G1 Z4.7 F3000
G1 E10 F1500
G1 F588.235
M73 P91 R4
G1 X159.82 Y118.023 E.10992
G1 X160.473 Y117.398 E.07666
G1 X161.727 Y116.099 E.15313
G1 X162.33 Y115.423 E.07683
;LAYER_CHANGE
;Z:5.1
;HEIGHT:0.4

G1 E-8 F1500
G1 Z5.1 F3000
;AFTER_LAYER_CHANGE
;5.1
G92 E0
_ON_LAYER_CHANGE LAYER=13
G1 Z5.3
G1 X148.507 Y85.343 F12000
G1 Z5.1 F3000
G1 E10 F1500
;TYPE:External perimeter
;WIDTH:0.675
G1 F509.2
G1 X148.838 Y85.341 E.03243
G1 X149.528 Y85.364 E.06764
G1 X150.555 Y85.445 E.10094
G1 X151.576 Y85.58 E.10091
G1 X152.589 Y85.768 E.10095
G1 X153.255 Y85.921 E.06695
G1 X154.249 Y86.197 E.10107
G1 X155.225 Y86.523 E.10082
G1 X156.183 Y86.901 E.1009
G1 X157.119 Y87.328 E.1008
G1 X158.032 Y87.803 E.10084
G1 X158.921 Y88.326 E.10106
G1 X159.494 Y88.698 E.06693
G1 X160.333 Y89.297 E.101
G1 X161.139 Y89.938 E.1009
G1 X161.91 Y90.62 E.10085
G1 X162.644 Y91.341 E.10081
G1 X163.336 Y92.096 E.10034
G1 X163.78 Y92.625 E.06767
G1 X164.407 Y93.443 E.10098
G1 X164.99 Y94.291 E.10083
G1 X165.528 Y95.169 E.10089
G1 X166.019 Y96.073 E.10079
G1 X166.462 Y97.003 E.10093
G1 X166.856 Y97.954 E.10086
G1 X167.2 Y98.924 E.10084
G1 X167.491 Y99.906 E.10035
G1 X167.658 Y100.576 E.06765
G1 X167.864 Y101.587 E.10109
G1 X167.971 Y102.262 E.06696
G1 X168.088 Y103.286 E.10098
G1 X168.15 Y104.314 E.1009
G1 X168.159 Y105.343 E.10082
G1 X168.114 Y106.372 E.10092
G1 X168.016 Y107.398 E.10098
G1 X167.921 Y108.074 E.06688
G1 X167.732 Y109.089 E.10116
G1 X167.579 Y109.755 E.06695
G1 X167.303 Y110.749 E.10107
G1 X166.977 Y111.725 E.10082
G1 X166.599 Y112.683 E.1009
G1 X166.172 Y113.621 E.10098
G1 X165.862 Y114.23 E.06695
G1 X165.354 Y115.127 E.101
G1 X164.801 Y115.995 E.10084
G1 X164.203 Y116.833 E.10087
G1 X163.562 Y117.639 E.1009
G1 X162.88 Y118.41 E.10085
G1 X162.158 Y119.145 E.10095
G1 X161.658 Y119.611 E.06697
G1 X160.874 Y120.281 E.10104
G1 X160.057 Y120.907 E.10084
G1 X159.209 Y121.49 E.10083
G1 X158.331 Y122.028 E.10089
G1 X157.425 Y122.52 E.10101
G1 X156.811 Y122.82 E.06696
G1 X155.864 Y123.231 E.10115
G1 X155.226 Y123.476 E.06696
G1 X154.249 Y123.803 E.10094
G1 X153.257 Y124.078 E.10086
G1 X152.252 Y124.301 E.10086
G1 X151.236 Y124.471 E.10093
G1 X150.214 Y124.588 E.10079
G1 X149.186 Y124.65 E.1009
G1 X148.157 Y124.659 E.10082
G1 X147.127 Y124.614 E.10101
G1 X146.446 Y124.555 E.06697
G1 X145.424 Y124.42 E.101
G1 X144.41 Y124.232 E.10104
G1 X143.745 Y124.079 E.06686
G1 X142.751 Y123.803 E.10107
G1 X141.775 Y123.477 E.10082
G1 X140.817 Y123.099 E.1009
G1 X139.879 Y122.672 E.10098
G1 X139.27 Y122.362 E.06695
G1 X138.373 Y121.854 E.101
G1 X137.505 Y121.301 E.10084
G1 X136.667 Y120.703 E.10087
G1 X135.861 Y120.062 E.1009
G1 X135.09 Y119.38 E.10085
G1 X134.355 Y118.658 E.10095
G1 X133.889 Y118.158 E.06697
G1 X133.219 Y117.374 E.10104
G1 X132.593 Y116.557 E.10084
G1 X132.01 Y115.709 E.10083
G1 X131.475 Y114.836 E.10032
G1 X131.14 Y114.232 E.06767
G1 X130.68 Y113.31 E.10095
G1 X130.269 Y112.366 E.10088
G1 X129.909 Y111.402 E.10082
G1 X129.599 Y110.42 E.10089
G1 X129.342 Y109.423 E.10088
G1 X129.137 Y108.42 E.1003
G1 X129.029 Y107.738 E.06765
G1 X128.912 Y106.714 E.10098
G1 X128.85 Y105.686 E.1009
G1 X128.841 Y104.657 E.10082
G1 X128.885 Y103.634 E.10032
G1 X128.945 Y102.946 E.06766
G1 X129.08 Y101.924 E.101
G1 X129.268 Y100.91 E.10104
G1 X129.421 Y100.245 E.06686
G1 X129.697 Y99.251 E.10107
G1 X130.023 Y98.275 E.10082
G1 X130.401 Y97.316 E.101
G1 X130.679 Y96.692 E.06693
G1 X131.139 Y95.769 E.10104
G1 X131.646 Y94.873 E.10087
G1 X132.199 Y94.005 E.10084
G1 X132.797 Y93.167 E.10087
G1 X133.438 Y92.361 E.1009
G1 X134.12 Y91.59 E.10085
G1 X134.841 Y90.856 E.10081
G1 X135.596 Y90.164 E.10034
G1 X136.125 Y89.72 E.06767
G1 X136.943 Y89.093 E.10098
G1 X137.791 Y88.51 E.10083
G1 X138.664 Y87.975 E.10032
G1 X139.268 Y87.64 E.06767
G1 X140.19 Y87.18 E.10095
G1 X141.134 Y86.769 E.10088
G1 X142.099 Y86.409 E.10091
G1 X143.075 Y86.101 E.10027
G1 X143.742 Y85.922 E.06766
G1 X144.748 Y85.699 E.10096
G1 X145.764 Y85.529 E.10093
G1 X146.786 Y85.412 E.10079
G1 X147.814 Y85.35 E.1009
G1 X148.477 Y85.344 E.06496
G1 X149.077 Y85.35 F12000
G1 E-8 F1500
G1 Z5.3 F3000
G1 X159.993 Y89.267 F12000
G1 Z5.1 F3000
G1 E10 F1500
;TYPE:Top solid infill
;WIDTH:0.606163
G1 F576.566
G1 X162.401 Y91.675 E.29467
G1 X163.032 Y92.363 E.08078
G1 X163.464 Y92.878 E.05817
G1 X164.08 Y93.68 E.0875
M73 P91 R3
G1 X164.651 Y94.511 E.08725
G1 X164.887 Y94.897 E.03915
G1 X158.592 Y88.602 E.77033
G1 X157.836 Y88.157 E.07591
G1 X156.95 Y87.695 E.08646
G1 X165.793 Y96.539 E1.08219
G1 X166.093 Y97.167 E.06022
G1 X166.381 Y97.862 E.0651
G1 X155.64 Y87.122 E1.31433
G1 X155.087 Y86.904 E.05143
G1 X154.485 Y86.702 E.05495
G1 X166.806 Y99.023 E1.50774
G1 X167.115 Y100.068 E.09429
G1 X153.439 Y86.392 E1.67356
G1 X152.467 Y86.156 E.08655
G1 X167.337 Y101.026 E1.81967
G1 X167.51 Y101.934 E.07998
M73 P92 R3
G1 X151.564 Y85.989 E1.95128
G1 X150.713 Y85.874 E.07431
G1 X167.623 Y102.784 E2.06931
G1 X167.701 Y103.598 E.07076
G1 X149.911 Y85.807 E2.17705
G1 X149.124 Y85.757 E.06824
G1 X167.747 Y104.379 E2.27887
G1 X167.753 Y105.121 E.06421
G1 X148.387 Y85.755 E2.36985
G1 X147.66 Y85.764 E.06291
G1 X167.733 Y105.837 E2.45637
G1 X167.693 Y106.533 E.06032
G1 X146.967 Y85.807 E2.53628
G1 X146.299 Y85.875 E.0581
G1 X167.628 Y107.204 E2.61007
G1 X167.543 Y107.855 E.05681
G1 X145.647 Y85.958 E2.67951
G1 X145.017 Y86.064 E.05528
G1 X167.434 Y108.481 E2.74321
G1 X167.315 Y109.099 E.05446
M73 P93 R3
G1 X144.406 Y86.189 E2.80348
G1 X143.805 Y86.324 E.0533
G1 X167.176 Y109.695 E2.85995
G1 X167.016 Y110.271 E.05173
G1 X143.225 Y86.479 E2.91141
G1 X142.664 Y86.655 E.05088
G1 X166.847 Y110.838 E2.95932
G1 X166.663 Y111.389 E.05027
G1 X142.11 Y86.836 E3.00459
G1 X141.574 Y87.037 E.04953
G1 X166.463 Y111.925 E3.04565
G1 X166.255 Y112.453 E.04911
M73 P93 R2
G1 X141.049 Y87.247 E3.0845
G1 X140.536 Y87.47 E.0484
G1 X166.028 Y112.962 E3.1195
G1 X165.797 Y113.467 E.04805
M73 P94 R2
G1 X140.038 Y87.708 E3.15217
G1 X139.547 Y87.953 E.04748
G1 X165.548 Y113.954 E3.18179
G1 X165.285 Y114.427 E.04683
G1 X139.07 Y88.212 E3.20798
G1 X138.607 Y88.484 E.04647
G1 X165.019 Y114.897 E3.23214
G1 X164.734 Y115.347 E.04609
G1 X138.15 Y88.764 E3.25307
G1 X137.708 Y89.057 E.04589
G1 X164.446 Y115.796 E3.27204
G1 X164.14 Y116.225 E.0456
G1 X137.272 Y89.357 E3.28788
G1 X136.852 Y89.672 E.04543
M73 P95 R2
G1 X163.831 Y116.652 E3.30153
G1 X163.505 Y117.061 E.04526
G1 X136.435 Y89.992 E3.31254
G1 X136.033 Y90.326 E.04522
G1 X163.174 Y117.467 E3.32129
G1 X162.829 Y117.857 E.04506
G1 X135.642 Y90.671 E3.32686
G1 X135.258 Y91.022 E.04502
G1 X162.478 Y118.242 E3.33096
G1 X162.113 Y118.613 E.04503
G1 X134.887 Y91.387 E3.33169
G1 X134.522 Y91.758 E.04503
M73 P95 R1
G1 X161.743 Y118.979 E3.33108
G1 X161.361 Y119.333 E.04507
M73 P96 R1
G1 X134.171 Y92.143 E3.32729
G1 X133.826 Y92.533 E.04506
G1 X160.964 Y119.672 E3.32099
G1 X160.565 Y120.008 E.04514
G1 X133.495 Y92.939 E3.31254
G1 X133.169 Y93.348 E.04526
G1 X160.148 Y120.328 E3.30153
G1 X159.728 Y120.643 E.04543
G1 X132.86 Y93.775 E3.28788
G1 X132.553 Y94.204 E.04565
G1 X159.292 Y120.943 E3.2721
G1 X158.849 Y121.236 E.04596
G1 X132.266 Y94.653 E3.25301
G1 X131.98 Y95.103 E.04614
G1 X158.393 Y121.516 E3.23221
M73 P97 R1
G1 X157.928 Y121.787 E.04657
G1 X131.715 Y95.573 E3.20779
G1 X131.452 Y96.047 E.04691
G1 X157.451 Y122.046 E3.18154
G1 X156.965 Y122.295 E.04725
G1 X131.208 Y96.538 E3.15193
G1 X130.969 Y97.035 E.04772
G1 X156.464 Y122.53 E3.11987
G1 X155.951 Y122.753 E.0484
G1 X130.745 Y97.547 E3.0845
G1 X130.537 Y98.075 E.04911
G1 X155.428 Y122.966 E3.04596
G1 X154.889 Y123.163 E.04966
M73 P97 R0
G1 X130.337 Y98.611 E3.00447
G1 X130.153 Y99.162 E.05027
M73 P98 R0
G1 X154.338 Y123.347 E2.95956
G1 X153.771 Y123.516 E.0512
G1 X129.984 Y99.729 E2.91086
G1 X129.824 Y100.305 E.05173
G1 X153.195 Y123.676 E2.85995
G1 X152.594 Y123.811 E.0533
G1 X129.685 Y100.902 E2.80341
G1 X129.566 Y101.519 E.05437
G1 X151.983 Y123.936 E2.74321
G1 X151.353 Y124.042 E.05528
G1 X129.458 Y102.147 E2.67933
G1 X129.373 Y102.797 E.05672
G1 X150.701 Y124.125 E2.60994
G1 X150.033 Y124.193 E.0581
G1 X129.306 Y103.466 E2.5364
G1 X129.267 Y104.163 E.06041
M73 P99 R0
G1 X149.34 Y124.236 E2.45637
G1 X148.619 Y124.251 E.0624
G1 X129.247 Y104.879 E2.37059
G1 X129.253 Y105.621 E.06421
G1 X147.874 Y124.242 E2.27868
G1 X147.103 Y124.206 E.06679
G1 X129.299 Y106.402 E2.17871
G1 X129.377 Y107.216 E.07076
G1 X146.286 Y124.126 E2.06925
G1 X145.436 Y124.011 E.07422
G1 X129.491 Y108.066 E1.95122
G1 X129.663 Y108.974 E.07997
G1 X144.532 Y123.844 E1.81961
G1 X143.561 Y123.608 E.08647
G1 X129.893 Y109.94 E1.67258
G1 X129.988 Y110.308 E.03289
G1 X130.201 Y110.984 E.06133
G1 X142.515 Y123.298 E1.50689
G1 X141.913 Y123.096 E.05495
G1 X141.359 Y122.878 E.05152
G1 X130.614 Y112.133 E1.31488
G1 X131.046 Y113.139 E.09474
G1 X131.208 Y113.463 E.03134
G1 X140.051 Y122.305 E1.08207
G1 X139.462 Y122.005 E.0572
G1 X138.403 Y121.393 E.10584
G1 X132.113 Y115.103 E.76972
G1 X132.349 Y115.489 E.03915
G1 X132.92 Y116.32 E.08725
G1 X133.534 Y117.119 E.08719
G1 X134.191 Y117.888 E.08752
G1 X134.586 Y118.312 E.05014
G1 X137.006 Y120.733 E.2962
G1 E-8 F1500
M107
;TYPE:Custom
; Filament-specific end gcode
; Filament-specific end gcode
END_PRINT
M73 P100 R0
; objects_info = {"objects":[]}
; filament used [mm] = 2484.35, 0.00
; filament used [cm3] = 5.98, 0.00
; filament used [g] = 7.41, 0.00
; filament cost = 0.27, 0.00
; total filament used [g] = 7.41
; total filament cost = 0.27
; total filament used for wipe tower [g] = 0.00
; estimated printing time (normal mode) = 47m 43s
; estimated first layer printing time (normal mode) = 3m 36s

; prusaslicer_config = begin
; arc_fitting = disabled
; autoemit_temperature_commands = 0
; automatic_extrusion_widths = 0
; automatic_infill_combination = 0
; automatic_infill_combination_max_layer_height = 100%
; avoid_crossing_curled_overhangs = 1
; avoid_crossing_perimeters = 0
; avoid_crossing_perimeters_max_detour = 300%
; bed_custom_model = 
; bed_custom_texture = 
; bed_shape = 0x0,297x0,297x210,0x210
; bed_temperature = 60,60
; bed_temperature_extruder = 0
; before_layer_gcode = \n
; between_objects_gcode = G92 E0
; binary_gcode = 0
; bottom_fill_pattern = monotonic
; bottom_solid_layers = 5
; bottom_solid_min_thickness = 1
; bridge_acceleration = 1000
; bridge_angle = 0
; bridge_fan_speed = 100,100
; bridge_flow_ratio = 0.7
; bridge_speed = 0
; brim_separation = 0
; brim_type = outer_only
; brim_width = 0
; chamber_minimal_temperature = 0,0
; chamber_temperature = 0,0
; color_change_gcode = M600
; colorprint_heights = 
; compatible_printers_condition_cummulative = ;"printer_notes!~/.*NO_TEMPLATES.*/ and printer_notes!~/.*PRINTER_VENDOR_TRILAB.*/ and printer_notes!~/.*PRINTER_MODEL_MK4IS.*/ and ! (printer_notes=~/.*PRINTER_VENDOR_PRUSA3D.*/ and num_extruders>1) and printer_model == \"VC4_500 IDEX\"";"printer_notes!~/.*NO_TEMPLATES.*/ and printer_notes!~/.*PRINTER_VENDOR_TRILAB.*/ and printer_notes!~/.*PRINTER_MODEL_MK4IS.*/ and ! (printer_notes=~/.*PRINTER_VENDOR_PRUSA3D.*/ and num_extruders>1) and printer_model == \"VC4_500 IDEX\""
; complete_objects = 0
; cooling = 1,1
; cooling_perimeter_transition_distance = 0,0
; cooling_slowdown_logic = uniform_cooling,uniform_cooling
; cooling_tube_length = 5
; cooling_tube_retraction = 91.5
; custom_parameters_filament = ;
; custom_parameters_print = 
; custom_parameters_printer = 
; default_acceleration = 1000
; default_filament_profile = "PunkFil PETG @RatRig"
; default_print_profile = QUALITY_0.20mm_Nozzle_0.6_VC4_IDEX
; deretract_speed = 25,120
; disable_fan_first_layers = 1,1
; dont_support_bridges = 0
; draft_shield = disabled
; duplicate_distance = 6
; elefant_foot_compensation = 0
; enable_dynamic_fan_speeds = 0,0
; enable_dynamic_overhang_speeds = 1
; end_filament_gcode = "; Filament-specific end gcode";"; Filament-specific end gcode"
; end_gcode = END_PRINT\n
; ensure_vertical_shell_thickness = enabled
; external_perimeter_acceleration = 1000
; external_perimeter_extrusion_width = 0
; external_perimeter_speed = 50%
; external_perimeters_first = 1
; extra_loading_move = -2
; extra_perimeters = 1
; extra_perimeters_on_overhangs = 0
; extruder_clearance_height = 25
; extruder_clearance_radius = 45
; extruder_colour = #0080FF;#FF8000
; extruder_offset = 0x0,0x0
; extrusion_axis = E
; extrusion_multiplier = 1,1
; extrusion_width = 0
; fan_always_on = 1,1
; fan_below_layer_time = 100,100
; filament_abrasive = 0,0
; filament_colour = #FF8000;#FF8000
; filament_cooling_final_speed = 2,2
; filament_cooling_initial_speed = 3,3
; filament_cooling_moves = 1,1
; filament_cost = 36.29,36.29
; filament_density = 1.24,1.24
; filament_deretract_speed = nil,nil
; filament_diameter = 1.75,1.75
; filament_infill_max_crossing_speed = 0,0
; filament_infill_max_speed = 0,0
; filament_load_time = 0,0
; filament_loading_speed = 14,14
; filament_loading_speed_start = 19,19
; filament_max_volumetric_speed = 2,5
; filament_minimal_purge_on_wipe_tower = 0,0
; filament_multitool_ramming = 0,0
; filament_multitool_ramming_flow = 10,10
; filament_multitool_ramming_volume = 10,10
; filament_notes = "Affordable filament for everyday printing in premium quality manufactured in-house by Josef Prusa";"Affordable filament for everyday printing in premium quality manufactured in-house by Josef Prusa"
; filament_purge_multiplier = 100%,100%
; filament_ramming_parameters = "130 120 2.70968 2.93548 3.32258 3.83871 4.58065 5.54839 6.51613 7.35484 7.93548 8.16129| 0.05 2.66451 0.45 3.05805 0.95 4.05807 1.45 5.97742 1.95 7.69999 2.45 8.1936 2.95 11.342 3.45 11.4065 3.95 7.6 4.45 7.6 4.95 7.6";"130 120 2.70968 2.93548 3.32258 3.83871 4.58065 5.54839 6.51613 7.35484 7.93548 8.16129| 0.05 2.66451 0.45 3.05805 0.95 4.05807 1.45 5.97742 1.95 7.69999 2.45 8.1936 2.95 11.342 3.45 11.4065 3.95 7.6 4.45 7.6 4.95 7.6"
; filament_retract_before_travel = nil,nil
; filament_retract_before_wipe = nil,nil
; filament_retract_layer_change = nil,nil
; filament_retract_length = nil,nil
; filament_retract_length_toolchange = nil,nil
; filament_retract_lift = nil,nil
; filament_retract_lift_above = nil,nil
; filament_retract_lift_below = nil,nil
; filament_retract_restart_extra = nil,nil
; filament_retract_restart_extra_toolchange = nil,nil
; filament_retract_speed = nil,nil
; filament_seam_gap_distance = nil,nil
; filament_settings_id = "PLA Temp thingy";"PLA CCF Temp thingy"
; filament_shrinkage_compensation_xy = 0%,0%
; filament_shrinkage_compensation_z = 0%,0%
; filament_soluble = 0,0
; filament_spool_weight = 201,201
; filament_stamping_distance = 0,0
; filament_stamping_loading_speed = 20,20
; filament_toolchange_delay = 0,0
; filament_travel_lift_before_obstacle = nil,nil
; filament_travel_max_lift = nil,nil
; filament_travel_ramping_lift = nil,nil
; filament_travel_slope = nil,nil
; filament_type = PLA;PLA
; filament_unload_time = 0,0
; filament_unloading_speed = 20,20
; filament_unloading_speed_start = 100,100
; filament_vendor = Prusa Polymers
; filament_wipe = nil,nil
; fill_angle = 45
; fill_density = 15%
; fill_pattern = gyroid
; first_layer_acceleration = 1000
; first_layer_acceleration_over_raft = 0
; first_layer_bed_temperature = 60,60
; first_layer_extrusion_width = 0
; first_layer_height = 0.3
; first_layer_infill_speed = 0
; first_layer_speed = 70%
; first_layer_speed_over_raft = 30
; first_layer_temperature = 240,215
; full_fan_speed_layer = 3,3
; fuzzy_skin = none
; fuzzy_skin_point_dist = 0.8
; fuzzy_skin_thickness = 0.3
; gap_fill_enabled = 0
; gap_fill_speed = 100
; gcode_comments = 0
; gcode_flavor = klipper
; gcode_label_objects = disabled
; gcode_resolution = 0.0125
; gcode_substitutions = 
; high_current_on_filament_swap = 0
; host_type = prusalink
; idle_temperature = 180,180
; infill_acceleration = 1000
; infill_anchor = 300%
; infill_anchor_max = 5
; infill_every_layers = 1
; infill_extruder = 1
; infill_extrusion_width = 0
; infill_first = 0
; infill_overlap = 25%
; infill_speed = 0
; inherits_cummulative = ;"Prusament PLA @Template";"Prusament PLA @Template";
; interface_shells = 0
; interlocking_beam = 0
; interlocking_beam_layer_count = 2
; interlocking_beam_width = 0.8
; interlocking_boundary_avoidance = 2
; interlocking_depth = 2
; interlocking_orientation = 22.5
; ironing = 0
; ironing_flowrate = 15%
; ironing_spacing = 0.3
; ironing_speed = 200
; ironing_type = top
; layer_gcode = ;AFTER_LAYER_CHANGE\n;[layer_z]\nG92 E0\n_ON_LAYER_CHANGE LAYER={layer_num + 1}
; layer_height = 0.4
; machine_limits_usage = time_estimate_only
; machine_max_acceleration_e = 1000
; machine_max_acceleration_extruding = 1000
; machine_max_acceleration_retracting = 1000
; machine_max_acceleration_travel = 9000,1250
; machine_max_acceleration_x = 1000
; machine_max_acceleration_y = 1000
; machine_max_acceleration_z = 1000
; machine_max_feedrate_e = 120
; machine_max_feedrate_x = 200
; machine_max_feedrate_y = 200
; machine_max_feedrate_z = 5
; machine_max_jerk_e = 5
; machine_max_jerk_x = 5
; machine_max_jerk_y = 5
; machine_max_jerk_z = 0.4
; machine_max_junction_deviation = 0,0
; machine_min_extruding_rate = 0
; machine_min_travel_rate = 0
; max_fan_speed = 100,100
; max_layer_height = 0.32,0.32
; max_print_height = 140
; max_print_speed = 100
; max_volumetric_extrusion_rate_slope_negative = 0
; max_volumetric_extrusion_rate_slope_positive = 0
; max_volumetric_speed = 10
; min_bead_width = 85%
; min_fan_speed = 100,100
; min_feature_size = 25%
; min_layer_height = 0.08,0.08
; min_print_speed = 10,10
; min_skirt_length = 4
; mmu_segmented_region_interlocking_depth = 0
; mmu_segmented_region_max_width = 0
; multimaterial_purging = 140
; notes = BE CAREFULL, THIS IS A HIGH SPEED PROFILE, DO NOT USE IT UNLESS YOU ARE SURE YOUR MACHINE IS MECHANICALLY WELL TUNED!
; nozzle_diameter = 0.6,1
; nozzle_high_flow = 0,0
; only_one_perimeter_first_layer = 1
; only_retract_when_crossing_perimeters = 0
; ooze_prevention = 0
; output_filename_format = {input_filename_base}_{filament_type[0]}_{print_settings_id}_{print_time}.gcode
; over_bridge_speed = 0
; overhang_fan_speed_0 = 0,0
; overhang_fan_speed_1 = 0,0
; overhang_fan_speed_2 = 0,0
; overhang_fan_speed_3 = 0,0
; overhang_speed_0 = 20%
; overhang_speed_1 = 40%
; overhang_speed_2 = 60%
; overhang_speed_3 = 80%
; overhangs = 1
; parking_pos_retraction = 92
; pause_print_gcode = M601
; perimeter_acceleration = 1000
; perimeter_extruder = 1
; perimeter_extrusion_width = 0.8
; perimeter_generator = arachne
; perimeter_speed = 0
; perimeters = 4
; physical_printer_settings_id = Anisoprint
; post_process = "\"C:\\Users\\dhilu\\AppData\\Local\\Programs\\Python\\Python313\\python.exe\" \"C:\\Users\\dhilu\\Documents\\Anisoprint\\process.py\""
; prefer_clockwise_movements = 0
; print_settings_id = Anisoprint
; printer_model = VC4_500 IDEX
; printer_notes = 
; printer_settings_id = Anisoprint
; printer_technology = FFF
; printer_variant = 0.6
; printer_vendor = 
; raft_contact_distance = 0.1
; raft_expansion = 1.5
; raft_first_layer_density = 90%
; raft_first_layer_expansion = 4
; raft_layers = 0
; remaining_times = 1
; resolution = 0
; retract_before_travel = 1,1
; retract_before_wipe = 0%,0%
; retract_layer_change = 0,0
; retract_length = 8,8
; retract_length_toolchange = 1,1
; retract_lift = 0.2,0.2
; retract_lift_above = 0.2,0.2
; retract_lift_below = 0,0
; retract_restart_extra = 2,20
; retract_restart_extra_toolchange = 0,0
; retract_speed = 25,120
; scarf_seam_entire_loop = 0
; scarf_seam_length = 10
; scarf_seam_max_segment_length = 1
; scarf_seam_on_inner_perimeters = 0
; scarf_seam_only_on_smooth = 1
; scarf_seam_placement = nowhere
; scarf_seam_start_height = 20%
; seam_gap_distance = 5%
; seam_position = aligned
; silent_mode = 0
; single_extruder_multi_material = 0
; single_extruder_multi_material_priming = 1
; skirt_distance = 10
; skirt_height = 1
; skirts = 1
; slice_closing_radius = 0.049
; slicing_mode = regular
; slowdown_below_layer_time = 10,10
; small_perimeter_speed = 80%
; solid_infill_acceleration = 1000
; solid_infill_below_area = 0
; solid_infill_every_layers = 0
; solid_infill_extruder = 1
; solid_infill_extrusion_width = 0
; solid_infill_speed = 80%
; spiral_vase = 0
; staggered_inner_seams = 0
; standby_temperature_delta = -5
; start_filament_gcode = "; Filament gcode\n";"; Filament gcode\n"
; start_gcode = PRINT_START BED_TEMP={first_layer_bed_temperature[0]} EXTRUDER_TEMP={first_layer_temperature[0]} EXTRUDER1_TEMP={first_layer_temperature[1]}
; support_material = 1
; support_material_angle = 0
; support_material_auto = 0
; support_material_bottom_contact_distance = 0
; support_material_bottom_interface_layers = 1
; support_material_buildplate_only = 0
; support_material_closing_radius = 2
; support_material_contact_distance = 0.25
; support_material_enforce_layers = 0
; support_material_extruder = 1
; support_material_extrusion_width = 0
; support_material_interface_contact_loops = 0
; support_material_interface_extruder = 1
; support_material_interface_layers = 3
; support_material_interface_pattern = rectilinear
; support_material_interface_spacing = 0.05
; support_material_interface_speed = 65%
; support_material_pattern = rectilinear
; support_material_spacing = 3
; support_material_speed = 150
; support_material_style = organic
; support_material_synchronize_layers = 0
; support_material_threshold = 40
; support_material_with_sheath = 0
; support_material_xy_spacing = 0.5
; support_tree_angle = 40
; support_tree_angle_slow = 25
; support_tree_branch_diameter = 3
; support_tree_branch_diameter_angle = 5
; support_tree_branch_diameter_double_wall = 3
; support_tree_branch_distance = 0.5
; support_tree_tip_diameter = 1.2
; support_tree_top_rate = 15%
; temperature = 240,215
; template_custom_gcode = 
; thick_bridges = 1
; thin_walls = 1
; thumbnails = 
; thumbnails_format = PNG
; toolchange_gcode = T[next_extruder]
; top_fill_pattern = monotonic
; top_infill_extrusion_width = 0
; top_one_perimeter_type = topmost
; top_solid_infill_acceleration = 1000
; top_solid_infill_speed = 70%
; top_solid_layers = 5
; top_solid_min_thickness = 1
; travel_acceleration = 1000
; travel_lift_before_obstacle = 0,0
; travel_max_lift = 0,0
; travel_ramping_lift = 0,0
; travel_short_distance_acceleration = 0
; travel_slope = 0,0
; travel_speed = 200
; travel_speed_z = 50
; use_firmware_retraction = 0
; use_relative_e_distances = 1
; use_volumetric_e = 0
; variable_layer_height = 1
; wall_distribution_count = 1
; wall_transition_angle = 10
; wall_transition_filter_deviation = 25%
; wall_transition_length = 100%
; wipe = 0,0
; wipe_into_infill = 0
; wipe_into_objects = 0
; wipe_tower = 0
; wipe_tower_acceleration = 0
; wipe_tower_bridging = 10
; wipe_tower_brim_width = 2
; wipe_tower_cone_angle = 0
; wipe_tower_extra_flow = 100%
; wipe_tower_extra_spacing = 100%
; wipe_tower_extruder = 0
; wipe_tower_no_sparse_layers = 0
; wipe_tower_width = 60
; wiping_volumes_matrix = 0,140,140,0
; wiping_volumes_use_custom_matrix = 0
; xy_size_compensation = 0
; z_offset = 0
; prusaslicer_config = end
