; generated by PrusaSlicer 2.9.4 on 2026-05-15 at 06:41:59 UTC

; BE CAREFULL, THIS IS A HIGH SPEED PROFILE, DO NOT USE IT UNLESS YOU ARE SURE YOUR MACHINE IS MECHANICALLY WELL TUNED!

; external perimeters extrusion width = 0.68mm
; perimeters extrusion width = 0.60mm
; infill extrusion width = 0.68mm
; solid infill extrusion width = 0.68mm
; top infill extrusion width = 0.60mm
; support material extrusion width = 0.60mm

M73 P0 R43
;TYPE:Custom
PRINT_START BED_TEMP=60 EXTRUDER_TEMP=240 EXTRUDER1_TEMP=200
G21 ; set units to millimeters
G90 ; use absolute coordinates
M83 ; use relative distances for extrusion
; Filament gcode
M107
;LAYER_CHANGE
;Z:0.32
;HEIGHT:0.32
G1 E-8 F1500
G1 Z.52 F3000
G1 X123.459 Y88.002 F12000
G1 Z.32 F3000
G1 E10 F1500
M204 S1000
;TYPE:Skirt/Brim
;WIDTH:0.6
G1 F705.779
G1 X125.258 Y85.614 E.21134
G1 X127.412 Y83.291 E.22394
G1 X129.523 Y81.423 E.19926
G1 X131.941 Y79.666 E.21128
G1 X134.37 Y78.235 E.19928
G1 X137.245 Y76.905 E.22392
G1 X140.072 Y75.932 E.21134
G1 X142.813 Y75.274 E.19926
G1 X145.773 Y74.858 E.21129
G1 X148.939 Y74.738 E.22396
G1 X151.753 Y74.91 E.19929
G1 X154.88 Y75.415 E.22391
G1 X157.767 Y76.188 E.21127
G1 X160.408 Y77.176 E.19932
G1 X163.095 Y78.486 E.21131
G1 X165.498 Y79.959 E.19924
G1 X167.886 Y81.758 E.21134
G1 X170.209 Y83.911 E.22389
G1 X172.077 Y86.023 E.19931
G1 X173.834 Y88.441 E.21128
G1 X175.265 Y90.87 E.19928
G1 X176.595 Y93.746 E.22399
G1 X177.568 Y96.572 E.21127
G1 X178.226 Y99.313 E.19926
G1 X178.658 Y102.451 E.22391
G1 X178.762 Y105.439 E.21134
G1 X178.59 Y108.253 E.19929
G1 X178.123 Y111.205 E.21127
G1 X177.417 Y113.934 E.19926
G1 X176.324 Y116.908 E.22397
G1 X175.014 Y119.595 E.21131
G1 X173.541 Y121.998 E.19924
G1 X171.742 Y124.386 E.21134
G1 X169.588 Y126.709 E.22394
G1 X167.477 Y128.577 E.19926
G1 X164.909 Y130.431 E.22389
G1 X162.32 Y131.926 E.21133
G1 X159.755 Y133.095 E.19926
G1 X156.928 Y134.068 E.21134
G1 X154.187 Y134.726 E.19926
G1 X151.227 Y135.142 E.21129
G1 X148.061 Y135.262 E.22396
G1 X145.247 Y135.09 E.19929
G1 X142.295 Y134.623 E.21127
G1 X139.566 Y133.917 E.19926
G1 X136.592 Y132.824 E.22397
G1 X133.905 Y131.514 E.21131
G1 X131.214 Y129.843 E.22391
G1 X128.977 Y128.127 E.1993
G1 X126.791 Y126.088 E.21131
G1 X124.923 Y123.977 E.19926
G1 X123.069 Y121.409 E.22389
M73 P0 R42
G1 X121.574 Y118.82 E.21133
G1 X120.405 Y116.254 E.19932
G1 X119.432 Y113.428 E.21127
G1 X118.71 Y110.344 E.2239
G1 X118.342 Y107.549 E.19928
G1 X118.238 Y104.561 E.21134
G1 X118.41 Y101.747 E.19929
G1 X118.877 Y98.795 E.21127
G1 X119.583 Y96.066 E.19926
G1 X120.676 Y93.092 E.22397
G1 X121.986 Y90.405 E.21131
G1 X123.443 Y88.027 E.19714
G1 E-8 F1500
G1 Z.52 F3000
G1 X148.51 Y85.338 F12000
G1 Z.32 F3000
G1 E10 F1500
;TYPE:External perimeter
;WIDTH:0.675
G1 F618.478
G1 X149.529 Y85.365 E.08223
G1 X150.555 Y85.445 E.08301
G1 X151.576 Y85.58 E.08308
G1 X152.588 Y85.767 E.08302
G1 X153.59 Y86.008 E.08313
G1 X154.258 Y86.2 E.05607
G1 X155.225 Y86.523 E.08224
G1 X156.183 Y86.901 E.08308
G1 X157.121 Y87.328 E.08314
G1 X157.73 Y87.638 E.05512
G1 X158.627 Y88.146 E.08316
G1 X159.496 Y88.7 E.08313
G1 X160.065 Y89.098 E.05601
G1 X160.874 Y89.719 E.08227
G1 X161.657 Y90.388 E.08308
G1 X162.404 Y91.098 E.08313
G1 X162.887 Y91.597 E.05602
G1 X163.562 Y92.361 E.08224
G1 X164.203 Y93.167 E.08307
G1 X164.801 Y94.005 E.08304
G1 X165.354 Y94.873 E.08302
G1 X165.861 Y95.769 E.08305
G1 X166.321 Y96.692 E.08319
G1 X166.603 Y97.326 E.05597
G1 X166.977 Y98.275 E.08228
G1 X167.303 Y99.251 E.08301
G1 X167.578 Y100.243 E.08304
G1 X167.801 Y101.25 E.0832
G1 X167.922 Y101.934 E.05603
G1 X168.055 Y102.945 E.08226
G1 X168.135 Y103.971 E.08301
G1 X168.162 Y105 E.08303
G1 X168.135 Y106.03 E.08311
G1 X168.088 Y106.712 E.05514
G1 X167.971 Y107.736 E.08314
G1 X167.801 Y108.752 E.0831
G1 X167.578 Y109.757 E.08304
G1 X167.303 Y110.749 E.08304
G1 X166.976 Y111.726 E.08311
G1 X166.727 Y112.375 E.05607
G1 X166.32 Y113.31 E.08226
G1 X165.861 Y114.231 E.08301
G1 X165.354 Y115.127 E.08305
G1 X164.8 Y115.996 E.08313
G1 X164.408 Y116.556 E.05514
G1 X163.781 Y117.374 E.08314
G1 X163.112 Y118.157 E.08308
G1 X162.402 Y118.904 E.08313
G1 X161.911 Y119.379 E.05511
G1 X161.139 Y120.062 E.08315
G1 X160.333 Y120.703 E.08307
G1 X159.495 Y121.301 E.08304
G1 X158.627 Y121.854 E.08302
G1 X157.731 Y122.361 E.08305
G1 X156.808 Y122.821 E.08319
G1 X156.174 Y123.103 E.05597
G1 X155.225 Y123.477 E.08228
G1 X154.249 Y123.803 E.08301
G1 X153.257 Y124.078 E.08304
G1 X152.252 Y124.301 E.08304
G1 X151.235 Y124.471 E.08318
G1 X150.557 Y124.555 E.05511
G1 X149.529 Y124.635 E.08318
G1 X148.5 Y124.662 E.08303
G1 X147.47 Y124.635 E.08311
G1 X146.788 Y124.588 E.05514
G1 X145.764 Y124.471 E.08314
G1 X144.748 Y124.301 E.0831
G1 X143.743 Y124.078 E.08304
G1 X142.751 Y123.803 E.08304
G1 X141.774 Y123.476 E.08311
G1 X141.125 Y123.227 E.05607
G1 X140.19 Y122.82 E.08226
G1 X139.269 Y122.361 E.08301
M73 P1 R42
G1 X138.373 Y121.854 E.08305
G1 X137.504 Y121.3 E.08313
G1 X136.944 Y120.908 E.05514
G1 X136.126 Y120.281 E.08314
G1 X135.343 Y119.612 E.08308
G1 X134.596 Y118.902 E.08313
G1 X134.113 Y118.403 E.05602
G1 X133.438 Y117.639 E.08224
G1 X132.797 Y116.833 E.08307
G1 X132.199 Y115.995 E.08304
G1 X131.646 Y115.127 E.08302
G1 X131.139 Y114.231 E.08305
G1 X130.679 Y113.308 E.08319
G1 X130.397 Y112.674 E.05597
G1 X130.023 Y111.725 E.08228
G1 X129.697 Y110.749 E.08301
G1 X129.422 Y109.757 E.08304
G1 X129.199 Y108.752 E.08304
G1 X129.029 Y107.736 E.0831
G1 X128.912 Y106.712 E.08314
G1 X128.865 Y106.03 E.05514
G1 X128.838 Y105 E.08311
G1 X128.865 Y103.97 E.08311
G1 X128.913 Y103.277 E.05604
G1 X129.029 Y102.264 E.08225
G1 X129.199 Y101.248 E.0831
G1 X129.422 Y100.243 E.08304
G1 X129.697 Y99.251 E.08304
G1 X130.024 Y98.274 E.08311
G1 X130.273 Y97.625 E.05607
G1 X130.68 Y96.69 E.08226
G1 X131.139 Y95.769 E.08301
G1 X131.646 Y94.873 E.08305
G1 X132.199 Y94.005 E.08302
G1 X132.798 Y93.166 E.08316
G1 X133.219 Y92.627 E.05517
G1 X133.888 Y91.843 E.08314
G1 X134.597 Y91.097 E.08302
G1 X135.343 Y90.388 E.08302
G1 X136.126 Y89.719 E.08308
G1 X136.944 Y89.092 E.08314
G1 X137.513 Y88.694 E.05601
G1 X138.373 Y88.146 E.08226
G1 X139.269 Y87.639 E.08305
G1 X140.19 Y87.18 E.08301
G1 X141.134 Y86.769 E.08305
G1 X142.1 Y86.408 E.08319
G1 X142.76 Y86.194 E.05597
G1 X143.743 Y85.922 E.08227
G1 X144.748 Y85.699 E.08304
G1 X145.764 Y85.529 E.0831
G1 X146.786 Y85.412 E.08298
G1 X147.815 Y85.35 E.08316
G1 X148.48 Y85.338 E.05365
G1 X149.079 Y85.353 F12000
G1 E-8 F1500
G1 Z.52 F3000
G1 X159.787 Y89.126 F12000
G1 Z.32 F3000
G1 E10 F1500
;TYPE:Solid infill
;WIDTH:0.678385
G1 F615.044
G1 X162.149 Y91.488 E.27096
G1 X162.553 Y91.906 E.04716
G1 X163.214 Y92.654 E.08097
G1 X163.84 Y93.441 E.08157
G1 X164.424 Y94.259 E.08153
G1 X165.039 Y95.24 E.09392
G1 X158.26 Y88.461 E.77766
G1 X157.514 Y88.039 E.06952
G1 X156.466 Y87.53 E.09451
G1 X165.979 Y97.042 E1.09124
G1 X166.184 Y97.502 E.04085
G1 X166.571 Y98.497 E.0866
G1 X155.003 Y86.929 E1.32703
G1 X153.735 Y86.522 E.10802
G1 X166.972 Y99.76 E1.51855
G1 X167.137 Y100.353 E.04993
G1 X167.26 Y100.911 E.04635
G1 X152.584 Y86.234 E1.68363
G1 X151.519 Y86.032 E.08793
G1 X167.468 Y101.981 E1.8296
G1 X167.6 Y102.975 E.08134
G1 X150.525 Y85.9 E1.95877
G1 X149.589 Y85.825 E.07617
G1 X167.675 Y103.911 E2.07475
G1 X167.702 Y104.801 E.07223
G1 X148.703 Y85.802 E2.17949
G1 X147.843 Y85.804 E.06976
G1 X167.69 Y105.652 E2.27682
G1 X167.649 Y106.472 E.0666
M73 P2 R42
G1 X147.03 Y85.853 E2.36533
G1 X146.246 Y85.932 E.06392
G1 X167.568 Y107.254 E2.44597
G1 X167.464 Y108.012 E.06206
G1 X145.488 Y86.036 E2.521
G1 X144.753 Y86.164 E.06052
G1 X167.336 Y108.747 E2.59063
G1 X167.18 Y109.453 E.05865
G1 X144.047 Y86.32 E2.65372
G1 X143.364 Y86.499 E.05727
G1 X167.001 Y110.136 E2.71154
G1 X166.806 Y110.803 E.05637
G1 X142.696 Y86.693 E2.7658
G1 X142.052 Y86.912 E.05518
M73 P2 R41
G1 X166.589 Y111.449 E2.81478
G1 X166.354 Y112.076 E.05431
M73 P3 R41
G1 X141.425 Y87.146 E2.85981
G1 X140.819 Y87.403 E.05339
G1 X166.098 Y112.682 E2.8999
G1 X165.829 Y113.275 E.05282
G1 X140.225 Y87.671 E2.93719
G1 X139.649 Y87.958 E.0522
G1 X165.542 Y113.851 E2.97034
G1 X165.238 Y114.409 E.05154
G1 X139.091 Y88.262 E2.99948
G1 X138.544 Y88.577 E.0512
G1 X164.923 Y114.956 E3.02609
G1 X164.588 Y115.483 E.05065
G1 X138.017 Y88.912 E3.04812
G1 X137.5 Y89.258 E.05046
M73 P4 R41
G1 X164.242 Y116 E3.06773
G1 X163.879 Y116.499 E.05005
G1 X137.001 Y89.621 E3.08333
G1 X136.513 Y89.995 E.04987
G1 X163.505 Y116.987 E3.09641
G1 X163.112 Y117.456 E.04963
G1 X136.044 Y90.388 E3.10513
G1 X135.582 Y90.789 E.04962
G1 X162.711 Y117.918 E3.11213
G1 X162.292 Y118.361 E.04946
G1 X135.139 Y91.208 E3.11488
G1 X134.708 Y91.639 E.04944
G1 X161.863 Y118.794 E3.11511
G1 X161.416 Y119.21 E.04953
M73 P5 R41
G1 X134.288 Y92.082 E3.11201
G1 X133.888 Y92.544 E.04957
M73 P5 R40
G1 X160.959 Y119.614 E3.10542
G1 X160.484 Y120.002 E.04975
G1 X133.495 Y93.012 E3.09613
G1 X133.119 Y93.499 E.04991
G1 X160.001 Y120.381 E3.08379
G1 X159.498 Y120.74 E.05013
G1 X132.76 Y94.002 E3.06727
G1 X132.412 Y94.517 E.05042
G1 X158.983 Y121.088 E3.04812
G1 X158.456 Y121.423 E.05065
G1 X132.077 Y95.044 E3.02609
G1 X131.762 Y95.591 E.0512
M73 P6 R40
G1 X157.909 Y121.738 E2.99948
G1 X157.351 Y122.042 E.05154
G1 X131.458 Y96.149 E2.97034
G1 X131.171 Y96.725 E.0522
G1 X156.775 Y122.329 E2.93719
G1 X156.185 Y122.601 E.0527
G1 X130.902 Y97.319 E2.90031
G1 X130.646 Y97.924 E.05329
G1 X155.573 Y122.851 E2.85952
G1 X154.949 Y123.089 E.05417
G1 X130.411 Y98.551 E2.8149
G1 X130.194 Y99.197 E.05528
G1 X154.303 Y123.306 E2.76569
G1 X153.636 Y123.501 E.05637
M73 P7 R40
G1 X129.999 Y99.864 E2.71154
G1 X129.82 Y100.547 E.05727
G1 X152.953 Y123.68 E2.65372
G1 X152.247 Y123.836 E.05865
G1 X129.664 Y101.253 E2.59063
G1 X129.536 Y101.988 E.06052
G1 X151.512 Y123.964 E2.521
G1 X150.758 Y124.072 E.06179
M73 P7 R39
G1 X129.432 Y102.746 E2.44643
G1 X129.352 Y103.528 E.06376
G1 X149.968 Y124.145 E2.36504
G1 X149.152 Y124.19 E.06629
G1 X129.31 Y104.348 E2.27619
G1 X129.298 Y105.199 E.06904
G1 X148.301 Y124.202 E2.17995
G1 X147.412 Y124.176 E.07214
G1 X129.324 Y106.088 E2.07498
G1 X129.406 Y107.032 E.07686
M73 P8 R39
G1 X146.468 Y124.094 E1.95728
G1 X145.474 Y123.961 E.08135
G1 X129.539 Y108.026 E1.828
G1 X129.645 Y108.665 E.05254
G1 X129.74 Y109.09 E.03533
G1 X144.41 Y123.76 E1.68288
G1 X143.853 Y123.637 E.04627
G1 X143.26 Y123.472 E.04993
G1 X130.028 Y110.24 E1.51792
G1 X130.132 Y110.616 E.03164
G1 X130.429 Y111.503 E.07588
G1 X141.997 Y123.071 E1.32703
G1 X141.298 Y122.806 E.06064
G1 X140.539 Y122.476 E.06713
G1 X131.021 Y112.958 E1.09187
G1 X131.541 Y114.017 E.0957
G1 X131.961 Y114.76 E.06923
G1 X138.74 Y121.539 E.77766
G1 X137.756 Y120.922 E.09421
G1 X137.213 Y120.541 E.05381
G1 X136.412 Y119.927 E.08187
G1 X135.648 Y119.274 E.08153
G1 X134.961 Y118.622 E.07683
G1 X132.644 Y116.305 E.2658
M106 S127.5
;LAYER_CHANGE
;Z:0.64
;HEIGHT:0.32

G1 E-8 F1500
G1 Z.64 F3000
;AFTER_LAYER_CHANGE
;0.64
G92 E0
_ON_LAYER_CHANGE LAYER=2
G1 Z.84
G1 X148.508 Y85.338 F12000
G1 Z.64 F3000
G1 E10 F1500
;TYPE:External perimeter
;WIDTH:0.675
G1 F618.478
G1 X148.532 Y85.338 E.00194
G1 X149.529 Y85.365 E.08045
G1 X150.555 Y85.445 E.08301
G1 X151.576 Y85.58 E.08308
G1 X152.589 Y85.768 E.08311
G1 X153.288 Y85.93 E.05788
G1 X154.249 Y86.197 E.08046
G1 X155.225 Y86.523 E.08301
G1 X156.183 Y86.901 E.08308
G1 X157.119 Y87.328 E.08299
G1 X158.033 Y87.803 E.08309
G1 X158.921 Y88.326 E.08313
G1 X159.494 Y88.698 E.05511
G1 X160.333 Y89.297 E.08316
G1 X161.14 Y89.939 E.08318
G1 X161.656 Y90.387 E.05512
G1 X162.403 Y91.097 E.08313
G1 X163.112 Y91.843 E.08302
G1 X163.781 Y92.626 E.08308
G1 X164.407 Y93.443 E.08303
G1 X164.99 Y94.291 E.08301
G1 X165.528 Y95.169 E.08306
G1 X166.02 Y96.075 E.08316
G1 X166.32 Y96.689 E.05512
G1 X166.731 Y97.636 E.08327
G1 X166.976 Y98.274 E.05513
G1 X167.303 Y99.251 E.08311
G1 X167.578 Y100.243 E.08304
G1 X167.801 Y101.248 E.08304
G1 X167.971 Y102.265 E.08318
G1 X168.055 Y102.943 E.05511
G1 X168.135 Y103.971 E.08318
G1 X168.162 Y105 E.08303
G1 X168.135 Y106.03 E.08311
G1 X168.088 Y106.712 E.05514
G1 X167.971 Y107.736 E.08314
G1 X167.801 Y108.752 E.0831
G1 X167.578 Y109.757 E.08304
G1 X167.303 Y110.749 E.08304
G1 X166.977 Y111.725 E.08301
G1 X166.599 Y112.684 E.08315
G1 X166.321 Y113.308 E.05511
G1 X165.861 Y114.231 E.08319
G1 X165.354 Y115.127 E.08305
G1 X164.801 Y115.995 E.08302
G1 X164.202 Y116.834 E.08316
G1 X163.782 Y117.373 E.05512
G1 X163.112 Y118.157 E.08319
G1 X162.402 Y118.904 E.08313
G1 X161.911 Y119.379 E.05511
G1 X161.139 Y120.062 E.08315
G1 X160.333 Y120.703 E.08307
G1 X159.494 Y121.302 E.08316
G1 X158.921 Y121.674 E.05511
G1 X158.032 Y122.197 E.0832
G1 X157.119 Y122.672 E.08302
G1 X156.183 Y123.099 E.08299
G1 X155.225 Y123.477 E.08308
G1 X154.247 Y123.804 E.08318
G1 X153.59 Y123.992 E.05512
G1 X152.588 Y124.233 E.08313
G1 X151.576 Y124.42 E.08302
G1 X150.555 Y124.555 E.08308
G1 X149.529 Y124.635 E.08301
G1 X148.5 Y124.662 E.08303
G1 X147.471 Y124.635 E.08303
G1 X146.445 Y124.555 E.08301
G1 X145.424 Y124.42 E.08308
G1 X144.412 Y124.233 E.08302
G1 X143.41 Y123.992 E.08313
G1 X142.753 Y123.804 E.05512
G1 X141.775 Y123.477 E.08318
G1 X140.817 Y123.099 E.08308
G1 X139.879 Y122.672 E.08314
G1 X139.27 Y122.362 E.05512
G1 X138.373 Y121.854 E.08316
G1 X137.505 Y121.301 E.08302
G1 X136.667 Y120.703 E.08304
G1 X135.861 Y120.062 E.08307
G1 X135.089 Y119.379 E.08315
G1 X134.598 Y118.904 E.05511
G1 X133.888 Y118.157 E.08313
G1 X133.219 Y117.373 E.08314
G1 X132.798 Y116.834 E.05517
G1 X132.199 Y115.995 E.08316
G1 X131.646 Y115.127 E.08302
G1 X131.139 Y114.231 E.08305
G1 X130.679 Y113.309 E.08312
G1 X130.389 Y112.653 E.05786
G1 X130.023 Y111.725 E.08047
G1 X129.697 Y110.749 E.08301
M73 P9 R39
G1 X129.422 Y109.757 E.08304
G1 X129.199 Y108.751 E.08312
G1 X129.075 Y108.044 E.0579
G1 X128.945 Y107.055 E.08047
G1 X128.865 Y106.029 E.08301
G1 X128.838 Y105 E.08303
G1 X128.865 Y103.97 E.08311
G1 X128.915 Y103.255 E.05782
G1 X129.029 Y102.264 E.08047
G1 X129.199 Y101.248 E.0831
G1 X129.422 Y100.243 E.08304
G1 X129.697 Y99.251 E.08304
G1 X130.024 Y98.274 E.08311
G1 X130.281 Y97.605 E.05781
G1 X130.68 Y96.69 E.08052
G1 X131.139 Y95.769 E.08301
G1 X131.646 Y94.873 E.08305
G1 X132.199 Y94.005 E.08302
G1 X132.797 Y93.167 E.08304
G1 X133.439 Y92.36 E.08318
G1 X133.887 Y91.844 E.05512
G1 X134.597 Y91.096 E.08319
G1 X135.114 Y90.598 E.05791
G1 X135.861 Y89.938 E.08041
G1 X136.667 Y89.297 E.08307
G1 X137.505 Y88.699 E.08304
G1 X138.373 Y88.146 E.08302
G1 X139.269 Y87.639 E.08305
G1 X140.19 Y87.18 E.08301
G1 X141.136 Y86.769 E.0832
G1 X141.774 Y86.524 E.05513
G1 X142.751 Y86.197 E.08311
G1 X143.743 Y85.922 E.08304
G1 X144.748 Y85.699 E.08304
G1 X145.764 Y85.529 E.0831
G1 X146.786 Y85.412 E.08298
G1 X147.815 Y85.35 E.08316
G1 X148.478 Y85.339 E.05349
G1 X149.078 Y85.353 F12000
G1 X148.503 Y85.907
;TYPE:Perimeter
G1 E-30 F1500
G1 Z5.64 F300.0
G1 F12000.0
T1
G1 Z0.64 F300.0
PRIME_FIBRE
G1 E45.0 F1500
G1 F12000.0
;WIDTH:0.6
G1 F705.78
G1 X148.529 Y85.907 E.00184
G1 X149.499 Y85.933 E.06859 U0.97
G1 X150.496 Y86.011 E.07069 U1.97
G1 X151.487 Y86.142 E.07066 U2.97
G1 X152.473 Y86.325 E.07089 U3.973
G1 X153.147 Y86.481 E.0489 U4.665
G1 X154.082 Y86.741 E.0686 U5.635
G1 X155.03 Y87.058 E.07066 U6.635
G1 X155.96 Y87.424 E.07065 U7.634
G1 X156.87 Y87.839 E.0707 U8.634
G1 X157.757 Y88.301 E.0707 U9.634
G1 X158.621 Y88.81 E.07088 U10.637
G1 X159.174 Y89.169 E.04661 U11.297
G1 X159.991 Y89.751 E.07091 U12.3
G1 X160.776 Y90.376 E.07093 U13.303
G1 X161.273 Y90.808 E.04655 U13.962
G1 X162.001 Y91.499 E.07095 U14.965
G1 X162.689 Y92.224 E.07065 U15.965
G1 X163.338 Y92.984 E.07065 U16.964
G1 X163.947 Y93.777 E.07068 U17.964
G1 X164.513 Y94.601 E.07066 U18.964
G1 X165.035 Y95.453 E.07063 U19.963
G1 X165.514 Y96.335 E.07095 U20.967
G1 X165.803 Y96.927 E.04657 U21.625
G1 X166.205 Y97.851 E.07123 U22.633
G1 X166.441 Y98.466 E.04656 U23.292
G1 X166.759 Y99.418 E.07095 U24.295
G1 X167.026 Y100.381 E.07064 U25.295
G1 X167.243 Y101.357 E.07068 U26.295
G1 X167.408 Y102.347 E.07095 U27.298
G1 X167.488 Y103 E.0465 U27.956
G1 X167.528 Y103.502 E.0356 U28.46
G1 X167.593 Y105 E.10599 U29.959
G1 X167.567 Y106.003 E.07092 U30.962
G1 X167.521 Y106.66 E.04656 U31.621
G1 X167.408 Y107.657 E.07093 U32.624
G1 X167.243 Y108.643 E.07067 U33.624
G1 X167.026 Y109.619 E.07068 U34.624
G1 X166.759 Y110.582 E.07064 U35.623
G1 X166.442 Y111.53 E.07066 U36.623
G1 X166.074 Y112.464 E.07096 U37.627
G1 X165.806 Y113.066 E.04658 U38.286
G1 X165.358 Y113.964 E.07094 U39.289
G1 X164.866 Y114.834 E.07065 U40.289
G1 X164.329 Y115.677 E.07065 U41.288
G1 X163.746 Y116.494 E.07095 U42.292
G1 X163.341 Y117.013 E.04654 U42.95
G1 X162.689 Y117.776 E.07094 U43.954
G1 X161.998 Y118.504 E.07095 U44.958
G1 X161.525 Y118.961 E.04649 U45.615
G1 X160.773 Y119.626 E.07096 U46.619
G1 X159.991 Y120.249 E.07068 U47.619
G1 X159.174 Y120.831 E.07091 U48.622
G1 X158.621 Y121.19 E.04661 U49.281
G1 X157.757 Y121.699 E.07088 U50.284
G1 X156.87 Y122.161 E.0707 U51.284
G1 X155.96 Y122.576 E.0707 U52.285
G1 X155.03 Y122.942 E.07065 U53.284
G1 X154.079 Y123.26 E.07088 U54.287
G1 X153.446 Y123.442 E.04656 U54.945
G1 X152.47 Y123.676 E.07095 U55.949
G1 X151.487 Y123.858 E.07067 U56.949
G1 X150.496 Y123.989 E.07066 U57.948
G1 X149.499 Y124.067 E.07069 U58.948
G1 X148.5 Y124.093 E.07064 U59.948
G1 X147.501 Y124.067 E.07064 U60.947
G1 X146.504 Y123.989 E.07069 U61.947
G1 X145.513 Y123.858 E.07066 U62.947
G1 X144.53 Y123.676 E.07067 U63.946
G1 X143.554 Y123.442 E.07095 U64.95
G1 X142.921 Y123.26 E.04656 U65.609
G1 X141.97 Y122.942 E.07088 U66.612
G1 X141.04 Y122.576 E.07065 U67.611
G1 X140.126 Y122.159 E.07102 U68.616
G1 X139.54 Y121.86 E.0465 U69.273
G1 X138.666 Y121.366 E.07097 U70.277
G1 X137.823 Y120.829 E.07065 U71.277
G1 X137.009 Y120.249 E.07065 U72.276
G1 X136.227 Y119.626 E.07068 U73.276
G1 X135.475 Y118.961 E.07096 U74.28
G1 X135.002 Y118.504 E.04649 U74.938
G1 X134.311 Y117.776 E.07095 U75.942
G1 X133.659 Y117.013 E.07094 U76.945
G1 X133.254 Y116.494 E.04654 U77.603
G1 X132.671 Y115.677 E.07095 U78.607
G1 X132.134 Y114.834 E.07065 U79.607
G1 X131.642 Y113.964 E.07065 U80.606
G1 X131.194 Y113.066 E.07094 U81.61
G1 X130.913 Y112.434 E.04889 U82.301
G1 X130.558 Y111.531 E.06859 U83.272
G1 X130.241 Y110.582 E.07073 U84.272
G1 X129.974 Y109.619 E.07064 U85.271
G1 X129.757 Y108.64 E.07088 U86.274
G1 X129.637 Y107.958 E.04895 U86.967
G1 X129.511 Y106.996 E.06858 U87.937
G1 X129.433 Y105.999 E.07069 U88.937
G1 X129.407 Y105 E.07064 U89.936
G1 X129.433 Y103.997 E.07092 U90.94
G1 X129.482 Y103.307 E.0489 U91.631
G1 X129.592 Y102.343 E.06859 U92.602
G1 X129.757 Y101.357 E.07067 U93.601
G1 X129.974 Y100.381 E.07068 U94.601
G1 X130.241 Y99.418 E.07064 U95.601
G1 X130.559 Y98.466 E.07095 U96.604
G1 X130.808 Y97.821 E.04887 U97.296
G1 X131.195 Y96.931 E.0686 U98.266
G1 X131.642 Y96.036 E.07072 U99.267
G1 X132.134 Y95.166 E.07065 U100.266
G1 X132.671 Y94.323 E.07065 U101.266
G1 X133.251 Y93.509 E.07065 U102.265
G1 X133.876 Y92.724 E.07093 U103.268
G1 X134.308 Y92.227 E.04655 U103.927
G1 X135.001 Y91.496 E.0712 U104.934
G1 X135.499 Y91.017 E.04884 U105.625
G1 X136.227 Y90.374 E.06866 U106.597
G1 X137.009 Y89.751 E.07068 U107.596
G1 X137.823 Y89.171 E.07065 U108.596
G1 X138.666 Y88.634 E.07065 U109.595
G1 X139.536 Y88.142 E.07065 U110.595
G1 X140.431 Y87.696 E.07069 U111.595
G1 X141.351 Y87.295 E.07094 U112.598
G1 X141.966 Y87.059 E.04656 U113.257
G1 X142.918 Y86.741 E.07095 U114.261
G1 X143.881 Y86.474 E.07064 U115.26
G1 X144.857 Y86.257 E.07068 U116.26
G1 X145.843 Y86.092 E.07067 U117.26
G1 X146.836 Y85.979 E.07065 U118.259
G1 X147.837 Y85.918 E.07089 U119.262
G1 X148.473 Y85.908 E.04496 U119.898
G1 X148.499 Y86.439 F12000 U120.43
G1 F705.78
G1 X148.526 Y86.438 E.00191 U120.457
G1 X149.471 Y86.464 E.06683 U121.402
G1 X150.44 Y86.54 E.06871 U122.374
G1 X151.404 Y86.667 E.06873 U123.346
G1 X152.365 Y86.845 E.06909 U124.324
G1 X153.016 Y86.996 E.04724 U124.992
G1 X153.927 Y87.249 E.06683 U125.937
G1 X154.849 Y87.558 E.06874 U126.91
G1 X155.753 Y87.914 E.06868 U127.881
G1 X156.637 Y88.317 E.06868 U128.853
G1 X157.499 Y88.765 E.06867 U129.824
G1 X158.342 Y89.262 E.06918 U130.803
G1 X158.875 Y89.608 E.04492 U131.439
G1 X159.671 Y90.176 E.06912 U132.416
G1 X160.436 Y90.785 E.06912 U133.394
G1 X160.916 Y91.202 E.04495 U134.03
G1 X161.625 Y91.875 E.0691 U135.008
G1 X162.294 Y92.58 E.0687 U135.979
G1 X162.925 Y93.319 E.06869 U136.951
G1 X163.517 Y94.09 E.06871 U137.923
G1 X164.067 Y94.89 E.06863 U138.894
G1 X164.575 Y95.719 E.06873 U139.866
G1 X165.042 Y96.579 E.06918 U140.845
G1 X165.32 Y97.15 E.04489 U141.48
G1 X165.713 Y98.052 E.06955 U142.464
G1 X165.94 Y98.646 E.04495 U143.1
G1 X166.251 Y99.573 E.06912 U144.078
G1 X166.51 Y100.509 E.06865 U145.049
G1 X166.721 Y101.458 E.06872 U146.021
G1 X166.83 Y102.11 E.04673 U146.682
G1 X166.921 Y102.738 E.04486 U147.317
G1 X166.998 Y103.544 E.05723 U148.126
G1 X167.062 Y105 E.10302 U149.584
G1 X167.036 Y105.978 E.06916 U150.562
G1 X166.992 Y106.612 E.04492 U151.198
G1 X166.881 Y107.583 E.06909 U152.175
G1 X166.721 Y108.542 E.06873 U153.147
G1 X166.51 Y109.491 E.06872 U154.119
G1 X166.251 Y110.427 E.06865 U155.09
G1 X165.942 Y111.349 E.06874 U156.063
G1 X165.584 Y112.259 E.06912 U157.041
G1 X165.326 Y112.839 E.04487 U157.676
G1 X164.889 Y113.714 E.06914 U158.654
G1 X164.411 Y114.56 E.06869 U159.625
G1 X163.888 Y115.38 E.06875 U160.598
G1 X163.321 Y116.176 E.06908 U161.575
G1 X162.929 Y116.677 E.04497 U162.211
G1 X162.294 Y117.42 E.06909 U163.189
G1 X161.621 Y118.13 E.06915 U164.167
G1 X161.164 Y118.571 E.04489 U164.802
G1 X160.431 Y119.219 E.06916 U165.78
G1 X159.671 Y119.824 E.06867 U166.752
G1 X158.875 Y120.392 E.06912 U167.73
G1 X158.342 Y120.738 E.04492 U168.365
G1 X157.499 Y121.235 E.06918 U169.344
G1 X156.637 Y121.683 E.06867 U170.315
G1 X155.753 Y122.086 E.06868 U171.287
G1 X154.849 Y122.442 E.06868 U172.258
G1 X153.921 Y122.753 E.06918 U173.237
G1 X153.31 Y122.928 E.04493 U173.873
G1 X152.359 Y123.156 E.06913 U174.851
G1 X151.404 Y123.333 E.06866 U175.822
G1 X150.44 Y123.46 E.06873 U176.794
G1 X149.471 Y123.536 E.06871 U177.766
G1 X148.5 Y123.562 E.06866 U178.737
G1 X147.529 Y123.536 E.06866 U179.709
G1 X146.56 Y123.46 E.06871 U180.681
G1 X145.596 Y123.333 E.06873 U181.653
G1 X144.641 Y123.156 E.06866 U182.624
G1 X143.69 Y122.928 E.06913 U183.602
G1 X143.079 Y122.753 E.04493 U184.238
G1 X142.151 Y122.442 E.06918 U185.217
G1 X141.247 Y122.086 E.06868 U186.188
G1 X140.357 Y121.681 E.06912 U187.166
G1 X139.791 Y121.392 E.04492 U187.802
G1 X138.94 Y120.911 E.0691 U188.779
G1 X138.12 Y120.388 E.06875 U189.752
G1 X137.329 Y119.824 E.06867 U190.723
G1 X136.569 Y119.219 E.06867 U191.695
G1 X135.836 Y118.571 E.06916 U192.673
G1 X135.379 Y118.13 E.04489 U193.308
G1 X134.706 Y117.42 E.06915 U194.286
G1 X134.071 Y116.677 E.06909 U195.264
G1 X133.679 Y116.176 E.04497 U195.9
G1 X133.112 Y115.38 E.06908 U196.877
G1 X132.589 Y114.56 E.06875 U197.85
G1 X132.111 Y113.714 E.06869 U198.821
G1 X131.675 Y112.84 E.06904 U199.798
G1 X131.404 Y112.229 E.04725 U200.466
G1 X131.058 Y111.349 E.06684 U201.412
G1 X130.749 Y110.427 E.06874 U202.384
G1 X130.49 Y109.491 E.06865 U203.356
G1 X130.278 Y108.536 E.06915 U204.334
G1 X130.163 Y107.878 E.04722 U205.002
M73 P9 R38
G1 X130.04 Y106.941 E.0668 U205.947
G1 X129.964 Y105.971 E.06878 U206.92
G1 X129.938 Y105 E.06866 U207.891
G1 X129.964 Y104.023 E.06909 U208.869
G1 X130.011 Y103.356 E.04727 U209.537
G1 X130.119 Y102.417 E.06681 U210.482
G1 X130.279 Y101.458 E.06873 U211.455
G1 X130.49 Y100.509 E.06872 U212.427
G1 X130.749 Y99.573 E.06865 U213.398
G1 X131.059 Y98.646 E.06909 U214.375
G1 X131.3 Y98.023 E.04722 U215.043
G1 X131.677 Y97.156 E.06683 U215.989
G1 X132.111 Y96.286 E.06873 U216.961
G1 X132.589 Y95.44 E.06869 U217.933
G1 X133.112 Y94.62 E.06875 U218.905
G1 X133.676 Y93.829 E.06867 U219.877
G1 X134.285 Y93.064 E.06912 U220.855
G1 X134.702 Y92.584 E.04495 U221.491
G1 X135.379 Y91.871 E.0695 U222.474
G1 X135.86 Y91.407 E.04724 U223.142
G1 X136.568 Y90.781 E.0668 U224.087
G1 X137.329 Y90.176 E.06872 U225.059
G1 X138.12 Y89.612 E.06867 U226.031
G1 X138.94 Y89.089 E.06875 U227.003
G1 X139.786 Y88.611 E.06869 U227.975
G1 X140.655 Y88.177 E.06866 U228.946
G1 X141.552 Y87.787 E.06914 U229.925
G1 X142.146 Y87.56 E.04495 U230.56
G1 X143.073 Y87.249 E.06912 U231.538
G1 X144.009 Y86.99 E.06865 U232.509
G1 X144.958 Y86.779 E.06872 U233.482
G1 X145.917 Y86.619 E.06873 U234.454
G1 X146.882 Y86.509 E.06866 U235.425
G1 X147.858 Y86.449 E.06912 U236.403
G1 X148.469 Y86.439 E.0432 U237.014
G1 X148.494 Y86.97 F12000 U237.546
G1 F705.78
G1 X148.523 Y86.97 E.00205 U237.575
G1 X149.443 Y86.994 E.06506 U238.495
G1 X150.385 Y87.068 E.06679 U239.44
G1 X151.321 Y87.192 E.06674 U240.384
G1 X152.256 Y87.365 E.06722 U241.335
G1 X152.884 Y87.511 E.04558 U241.98
G1 X153.771 Y87.757 E.06507 U242.9
G1 X154.667 Y88.057 E.06679 U243.845
G1 X155.545 Y88.403 E.06671 U244.789
G1 X156.404 Y88.794 E.06672 U245.732
G1 X157.241 Y89.23 E.06671 U246.676
G1 X158.062 Y89.714 E.06737 U247.629
G1 X158.575 Y90.047 E.04323 U248.241
G1 X159.351 Y90.6 E.06736 U249.194
G1 X160.096 Y91.193 E.06731 U250.146
G1 X160.558 Y91.595 E.04329 U250.758
G1 X161.249 Y92.251 E.06735 U251.711
G1 X161.899 Y92.935 E.0667 U252.655
G1 X162.512 Y93.653 E.06674 U253.599
G1 X163.087 Y94.402 E.06675 U254.543
G1 X163.622 Y95.18 E.06674 U255.487
G1 X164.115 Y95.985 E.06673 U256.431
G1 X164.569 Y96.822 E.06731 U257.383
G1 X164.838 Y97.372 E.04328 U257.996
G1 X165.221 Y98.254 E.06797 U258.957
G1 X165.44 Y98.825 E.04323 U259.569
G1 X165.743 Y99.728 E.06733 U260.521
G1 X165.995 Y100.638 E.06675 U261.466
G1 X166.199 Y101.56 E.06675 U262.41
M73 P10 R38
G1 X166.306 Y102.197 E.04566 U263.056
G1 X166.394 Y102.803 E.04329 U263.668
G1 X166.469 Y103.586 E.0556 U264.455
G1 X166.53 Y105 E.10005 U265.87
G1 X166.505 Y105.952 E.06732 U266.822
G1 X166.463 Y106.563 E.04329 U267.435
G1 X166.355 Y107.509 E.06731 U268.387
G1 X166.199 Y108.44 E.06673 U269.331
G1 X165.995 Y109.362 E.06675 U270.275
G1 X165.743 Y110.272 E.06675 U271.22
G1 X165.443 Y111.167 E.06673 U272.163
G1 X165.094 Y112.053 E.06731 U273.116
G1 X164.845 Y112.612 E.04326 U273.728
G1 X164.42 Y113.465 E.06737 U274.681
G1 X163.955 Y114.286 E.0667 U275.624
G1 X163.448 Y115.082 E.06671 U276.568
G1 X162.895 Y115.858 E.06736 U277.521
G1 X162.518 Y116.34 E.04326 U278.133
G1 X161.899 Y117.065 E.06739 U279.086
G1 X161.244 Y117.756 E.0673 U280.038
G1 X160.803 Y118.181 E.04329 U280.651
G1 X160.09 Y118.812 E.0673 U281.603
G1 X159.351 Y119.4 E.06676 U282.547
G1 X158.575 Y119.953 E.06736 U283.5
G1 X158.062 Y120.286 E.04323 U284.112
G1 X157.241 Y120.77 E.06737 U285.065
G1 X156.404 Y121.206 E.06671 U286.008
G1 X155.545 Y121.597 E.06672 U286.952
G1 X154.667 Y121.943 E.06671 U287.896
G1 X153.763 Y122.245 E.06737 U288.849
G1 X153.175 Y122.414 E.04325 U289.461
G1 X152.249 Y122.636 E.06731 U290.413
G1 X151.321 Y122.808 E.06672 U291.357
G1 X150.385 Y122.932 E.06674 U292.301
G1 X149.444 Y123.006 E.06672 U293.245
G1 X148.5 Y123.03 E.06675 U294.189
G1 X147.556 Y123.006 E.06675 U295.134
G1 X146.615 Y122.932 E.06672 U296.077
G1 X145.679 Y122.808 E.06674 U297.022
G1 X144.751 Y122.636 E.06672 U297.965
G1 X143.825 Y122.414 E.06731 U298.918
G1 X143.237 Y122.245 E.04325 U299.53
G1 X142.333 Y121.943 E.06737 U300.483
CUT
G1 X141.455 Y121.597 E.06671
G1 X140.588 Y121.202 E.06735
G1 X140.043 Y120.924 E.04325
G1 X139.214 Y120.455 E.06733
G1 X138.418 Y119.948 E.06671
G1 X137.649 Y119.4 E.06675
G1 X136.91 Y118.812 E.06676
G1 X136.197 Y118.181 E.0673
G1 X135.757 Y117.756 E.04324
G1 X135.101 Y117.065 E.06735
G1 X134.482 Y116.34 E.06739
G1 X134.105 Y115.858 E.04326
G1 X133.552 Y115.082 E.06736
G1 X133.045 Y114.286 E.06671
G1 X132.58 Y113.465 E.0667
G1 X132.156 Y112.613 E.06727
G1 X131.894 Y112.024 E.04557
G1 X131.557 Y111.167 E.0651
G1 X131.257 Y110.272 E.06673
G1 X131.005 Y109.362 E.06675
G1 X130.799 Y108.433 E.06726
G1 X130.688 Y107.798 E.04557
G1 X130.568 Y106.885 E.06509
G1 X130.494 Y105.944 E.06672
G1 X130.47 Y105 E.06675
G1 X130.495 Y104.049 E.06725
G1 X130.54 Y103.405 E.04563
G1 X130.645 Y102.491 E.06503
G1 X130.801 Y101.56 E.06673
G1 X131.005 Y100.638 E.06675
G1 X131.257 Y99.728 E.06675
G1 X131.559 Y98.826 E.06724
G1 X131.791 Y98.224 E.0456
G1 X132.159 Y97.381 E.06502
G1 X132.58 Y96.535 E.0668
G1 X133.045 Y95.714 E.0667
G1 X133.552 Y94.918 E.06671
G1 X134.1 Y94.149 E.06675
G1 X134.693 Y93.404 E.06731
G1 X135.095 Y92.942 E.04329
G1 X135.756 Y92.245 E.0679
G1 X136.22 Y91.798 E.04554
G1 X136.91 Y91.188 E.0651
G1 X137.649 Y90.6 E.06676
G1 X138.418 Y90.052 E.06675
G1 X139.214 Y89.545 E.06671
G1 X140.035 Y89.08 E.0667
G1 X140.88 Y88.659 E.06673
G1 X141.754 Y88.279 E.06737
G1 X142.325 Y88.06 E.04323
G1 X143.228 Y87.757 E.06733
G1 X144.138 Y87.505 E.06675
G1 X145.06 Y87.301 E.06675
G1 X145.991 Y87.145 E.06673
G1 X146.929 Y87.038 E.06674
G1 X147.878 Y86.98 E.06721
G1 X148.464 Y86.971 E.04143
G1 E-8 F1500
G1 Z.84 F3000
G1 X136.409 Y92.002 F12000
G1 Z.64 F3000
G1 E10 F1500
;TYPE:Solid infill
G1 E-30 F1500
G1 Z5.64 F300.0
G1 F12000.0
T0
G1 Z0.64 F300.0
G1 E32.0 F1500
G1 F12000.0
;WIDTH:0.578673
G1 F735.294
G1 X135.296 Y93.125 E.10728
G1 X136.193 Y92.215 E.0867
G1 E-8 F1500
G1 Z.84 F3000
G1 X139.051 Y90.121 F12000
G1 Z.64 F3000
G1 E10 F1500
G1 F735.294
G1 X139.006 Y90.076 E.00432
G1 X138.944 Y90.092 E.00434
G1 X138.928 Y90.154 E.00434
G1 X138.973 Y90.199 E.00432
G1 X139.035 Y90.182 E.00436
;WIDTH:0.626836
G1 F671.846
G1 X138.798 Y90.334 E.02091
;WIDTH:0.675
G1 F618.478
G1 X138.561 Y90.486 E.02271
G1 X133.986 Y95.061 E.52191
G1 X133.842 Y95.267 E.02027
;WIDTH:0.626836
G1 F671.846
G1 X133.699 Y95.473 E.01862
;WIDTH:0.578673
G1 F735.294
G1 X133.654 Y95.428 E.00432
G1 X133.592 Y95.444 E.00434
G1 X133.576 Y95.506 E.00434
G1 X133.621 Y95.551 E.00432
G1 X133.682 Y95.535 E.00428
G1 E-8 F1500
G1 Z.84 F3000
G1 X132.522 Y97.548 F12000
G1 Z.64 F3000
G1 E10 F1500
G1 F735.294
G1 X132.477 Y97.503 E.00432
G1 X132.415 Y97.52 E.00436
G1 X132.399 Y97.581 E.00428
G1 X132.444 Y97.626 E.00432
G1 X132.506 Y97.61 E.00434
;WIDTH:0.626836
G1 F671.846
G1 X132.637 Y97.373 E.02011
;WIDTH:0.675
G1 F618.478
G1 X132.768 Y97.136 E.02184
G1 X140.636 Y89.268 E.89757
G1 E-8 F1500
G1 Z.84 F3000
G1 X142.178 Y88.583 F12000
G1 Z.64 F3000
G1 E10 F1500
G1 F618.478
G1 X132.084 Y98.677 E1.15151
G1 X131.971 Y98.914 E.02118
;WIDTH:0.626836
G1 F671.846
G1 X131.857 Y99.151 E.01953
;WIDTH:0.578673
G1 F735.294
G1 X131.796 Y99.168 E.0043
G1 X131.751 Y99.123 E.00432
G1 X131.767 Y99.061 E.00434
G1 X131.829 Y99.044 E.00436
G1 X131.874 Y99.09 E.00437
G1 E-8 F1500
G1 Z.84 F3000
G1 X131.126 Y101.053 F12000
G1 Z.64 F3000
G1 E10 F1500
G1 F735.294
G1 X131.34 Y100.216 E.05862
;WIDTH:0.626836
G1 F671.846
G1 X131.491 Y100.097 E.01428
;WIDTH:0.675
G1 F618.478
G1 X131.641 Y99.978 E.01545
G1 X143.478 Y88.141 E1.35035
G1 X143.716 Y87.84 E.03095
;WIDTH:0.578673
G1 F735.294
G1 X144.553 Y87.626 E.05862
;WIDTH:0.626836
G1 F671.846
G1 X144.594 Y87.734 E.00858
;WIDTH:0.675
G1 F618.478
G1 X144.634 Y87.842 E.00929
G1 X131.342 Y101.134 E1.51634
G1 X131.136 Y102.197 E.08734
G1 X145.697 Y87.636 E1.66111
G1 X146.687 Y87.505 E.08056
G1 X131.004 Y103.187 E1.78904
G1 X130.929 Y104.12 E.0755
G1 X147.616 Y87.433 E1.90364
G1 X148.491 Y87.415 E.0706
M73 P11 R38
G1 X130.906 Y105 E2.00608
G1 X130.928 Y105.836 E.06746
G1 X149.336 Y87.428 E2.09997
G1 X150.135 Y87.486 E.06462
G1 X130.986 Y106.635 E2.1845
G1 X131.076 Y107.403 E.06238
G1 X150.902 Y87.576 E2.26179
G1 X151.642 Y87.695 E.06046
G1 X131.191 Y108.145 E2.33297
G1 X131.339 Y108.854 E.05843
G1 X152.357 Y87.836 E2.39771
G1 X153.043 Y88.008 E.05705
G1 X131.508 Y109.543 E2.45669
G1 X131.697 Y110.211 E.056
G1 X153.711 Y88.197 E2.51134
G1 X154.354 Y88.412 E.05469
G1 X131.912 Y110.854 E2.56016
G1 X132.147 Y111.476 E.05364
M73 P12 R38
G1 X154.976 Y88.647 E2.60431
G1 X155.582 Y88.899 E.05294
M73 P12 R37
G1 X132.397 Y112.083 E2.64487
G1 X132.67 Y112.668 E.05208
G1 X156.171 Y89.167 E2.68097
G1 X156.737 Y89.459 E.05137
G1 X132.955 Y113.24 E2.71297
G1 X133.264 Y113.789 E.05082
G1 X157.289 Y89.764 E2.74075
G1 X157.829 Y90.082 E.05055
G1 X133.586 Y114.325 E2.76562
G1 X133.92 Y114.848 E.05006
G1 X158.348 Y90.42 E2.78672
G1 X158.848 Y90.777 E.04956
G1 X134.277 Y115.348 E2.80304
G1 X134.644 Y115.839 E.04945
M73 P13 R37
G1 X159.337 Y91.146 E2.81695
G1 X159.815 Y91.526 E.04926
G1 X135.03 Y116.311 E2.82745
G1 X135.425 Y116.773 E.04903
G1 X160.273 Y91.925 E2.83464
G1 X160.713 Y92.343 E.04896
G1 X135.843 Y117.213 E2.83715
G1 X136.269 Y117.644 E.04888
G1 X161.142 Y92.771 E2.83749
G1 X161.56 Y93.211 E.04896
G1 X136.714 Y118.056 E2.83435
G1 X137.169 Y118.459 E.04903
G1 X161.955 Y93.673 E2.82756
G1 X162.34 Y94.145 E.04913
G1 X137.646 Y118.84 E2.81713
G1 X138.133 Y119.21 E.04934
M73 P14 R37
G1 X162.713 Y94.63 E2.80406
G1 X163.063 Y95.137 E.0497
G1 X138.634 Y119.567 E2.78689
G1 X139.156 Y119.902 E.05003
G1 X163.402 Y95.656 E2.76596
G1 X163.728 Y96.188 E.05033
M73 P14 R36
G1 X139.691 Y120.224 E2.74206
G1 X140.239 Y120.534 E.05079
G1 X164.03 Y96.743 E2.71405
G1 X164.322 Y97.309 E.05137
G1 X140.808 Y120.823 E2.68245
G1 X141.397 Y121.091 E.0522
G1 X164.591 Y97.897 E2.64595
G1 X164.848 Y98.498 E.05273
M73 P15 R36
G1 X142.002 Y121.344 E2.60625
G1 X142.623 Y121.58 E.05359
G1 X165.08 Y99.123 E2.56187
G1 X165.295 Y99.765 E.05461
G1 X143.265 Y121.795 E2.51316
G1 X143.928 Y121.99 E.05575
G1 X165.485 Y100.433 E2.4592
G1 X165.655 Y101.12 E.05709
G1 X144.619 Y122.156 E2.39977
G1 X145.332 Y122.301 E.05869
G1 X165.802 Y101.83 E2.33526
G1 X165.925 Y102.565 E.06011
G1 X146.07 Y122.42 E2.26504
G1 X146.836 Y122.512 E.06223
G1 X166.012 Y103.336 E2.18758
G1 X166.072 Y104.134 E.06455
G1 X147.634 Y122.572 E2.10339
G1 X148.469 Y122.593 E.06738
M73 P16 R36
G1 X166.093 Y104.969 E2.01053
G1 X166.072 Y105.848 E.07093
G1 X149.348 Y122.572 E1.90786
G1 X150.275 Y122.503 E.07498
G1 X165.999 Y106.778 E1.79384
G1 X165.87 Y107.765 E.08029
G1 X151.259 Y122.376 E1.66681
G1 E-8 F1500
G1 Z.84 F3000
G1 X165.672 Y109.741 F12000
G1 Z.64 F3000
G1 E10 F1500
;WIDTH:0.578673
G1 F735.294
G1 X165.879 Y108.922 E.05732
;WIDTH:0.675
G1 F618.478
G1 X165.667 Y108.825 E.01881
G1 X152.322 Y122.17 E1.52238
G1 X152.569 Y122.225 E.02041
;WIDTH:0.626836
G1 F671.846
G1 X152.816 Y122.28 E.01879
;WIDTH:0.578673
G1 F735.294
G1 X153.238 Y122.173 E.02954
;WIDTH:0.675
G1 F618.478
G1 X153.476 Y121.874 E.03083
G1 X165.371 Y109.979 E1.35697
G1 X165.264 Y110.831 E.06927
;WIDTH:0.578673
G1 F735.294
G1 X165.219 Y110.786 E.00432
G1 X165.157 Y110.802 E.00434
G1 X165.141 Y110.864 E.00434
G1 X165.186 Y110.909 E.00432
G1 X165.247 Y110.893 E.00428
;WIDTH:0.626836
G1 F671.846
G1 X165.089 Y111.084 E.01841
;WIDTH:0.675
G1 F618.478
G1 X164.931 Y111.276 E.02006
G1 X154.776 Y121.431 E1.15847
G1 X154.584 Y121.59 E.02011
;WIDTH:0.626836
G1 F671.846
G1 X154.393 Y121.748 E.01841
;WIDTH:0.578673
G1 F735.294
G1 X154.331 Y121.765 E.00436
G1 X154.286 Y121.72 E.00432
G1 X154.302 Y121.658 E.00434
G1 X154.364 Y121.642 E.00434
G1 X154.409 Y121.687 E.00432
G1 E-8 F1500
G1 Z.84 F3000
G1 X155.91 Y121.117 F12000
G1 Z.64 F3000
G1 E10 F1500
G1 F735.294
G1 X155.848 Y121.134 E.00436
G1 X155.803 Y121.088 E.00437
G1 X155.82 Y121.027 E.0043
G1 X155.881 Y121.01 E.0043
G1 X155.926 Y121.055 E.00432
;WIDTH:0.626836
G1 F671.846
G1 X156.11 Y120.914 E.01721
;WIDTH:0.675
G1 F618.478
G1 X156.293 Y120.772 E.01868
G1 X164.439 Y112.61 E.9302
;WIDTH:0.626836
G1 F671.846
G1 X164.614 Y112.418 E.01929
;WIDTH:0.578673
G1 F735.294
G1 X164.553 Y112.435 E.0043
G1 X164.508 Y112.39 E.00432
G1 X164.524 Y112.328 E.00434
G1 X164.586 Y112.311 E.00436
G1 X164.631 Y112.357 E.00437
G1 E-8 F1500
G1 Z.84 F3000
G1 X163.496 Y114.387 F12000
G1 Z.64 F3000
G1 E10 F1500
G1 F735.294
M73 P16 R35
G1 X163.451 Y114.342 E.00432
G1 X163.389 Y114.358 E.00434
G1 X163.373 Y114.42 E.00434
G1 X163.418 Y114.465 E.00432
G1 X163.48 Y114.448 E.00436
;WIDTH:0.626836
G1 F671.846
G1 X163.285 Y114.64 E.02032
;WIDTH:0.675
G1 F618.478
G1 X158.33 Y119.592 E.56509
G1 X158.147 Y119.754 E.01972
;WIDTH:0.626836
G1 F671.846
G1 X157.963 Y119.917 E.01825
;WIDTH:0.578673
G1 F735.294
G1 X157.918 Y119.871 E.00437
G1 X157.857 Y119.888 E.0043
G1 X157.84 Y119.95 E.00436
G1 X157.885 Y119.995 E.00432
G1 X157.947 Y119.978 E.00436
G1 E-8 F1500
G1 Z.84 F3000
G1 X159.225 Y119.233 F12000
G1 Z.64 F3000
G1 E10 F1500
G1 F735.294
G1 X159.922 Y118.612 E.06334
G1 X161.034 Y117.548 E.10442
G1 X161.689 Y116.875 E.06372
G1 X162.726 Y115.733 E.10466
M106 S255
;LAYER_CHANGE
;Z:0.96
;HEIGHT:0.32

G1 E-8 F1500
G1 Z.96 F3000
;AFTER_LAYER_CHANGE
;0.96
G92 E0
_ON_LAYER_CHANGE LAYER=3
G1 Z1.16
G1 X148.508 Y85.339 F12000
G1 Z.96 F3000
G1 E10 F1500
;TYPE:External perimeter
;WIDTH:0.675
G1 F618.478
G1 X148.554 Y85.338 E.00371
G1 X149.529 Y85.365 E.07868
G1 X150.555 Y85.445 E.08301
G1 X151.576 Y85.58 E.08308
G1 X152.589 Y85.768 E.08311
G1 X153.255 Y85.921 E.05512
G1 X154.249 Y86.197 E.08322
G1 X155.225 Y86.523 E.08301
G1 X156.183 Y86.901 E.08308
G1 X157.119 Y87.328 E.08299
G1 X158.033 Y87.803 E.08309
G1 X158.921 Y88.326 E.08313
G1 X159.495 Y88.699 E.05522
G1 X160.056 Y89.092 E.05525
G1 X160.874 Y89.719 E.08314
G1 X161.657 Y90.388 E.08308
G1 X162.404 Y91.098 E.08313
G1 X162.879 Y91.589 E.05511
G1 X163.562 Y92.361 E.08315
G1 X164.203 Y93.167 E.08307
G1 X164.801 Y94.005 E.08304
G1 X165.354 Y94.873 E.08302
G1 X165.861 Y95.769 E.08305
G1 X166.32 Y96.69 E.08301
G1 X166.731 Y97.636 E.0832
G1 X166.976 Y98.274 E.05513
G1 X167.303 Y99.251 E.08311
G1 X167.578 Y100.243 E.08304
G1 X167.801 Y101.248 E.08304
G1 X167.971 Y102.265 E.08318
G1 X168.055 Y102.943 E.05511
G1 X168.135 Y103.971 E.08318
M73 P17 R35
G1 X168.162 Y105 E.08303
G1 X168.135 Y106.03 E.08311
G1 X168.088 Y106.712 E.05514
G1 X167.971 Y107.736 E.08314
G1 X167.801 Y108.752 E.0831
G1 X167.578 Y109.757 E.08304
G1 X167.303 Y110.749 E.08304
G1 X166.977 Y111.725 E.08301
G1 X166.599 Y112.684 E.08315
G1 X166.321 Y113.308 E.05511
G1 X165.861 Y114.231 E.08319
G1 X165.354 Y115.127 E.08305
G1 X164.801 Y115.995 E.08302
G1 X164.202 Y116.834 E.08316
G1 X163.781 Y117.373 E.05517
G1 X163.112 Y118.157 E.08314
G1 X162.403 Y118.903 E.08302
G1 X161.657 Y119.612 E.08302
G1 X160.874 Y120.281 E.08308
G1 X160.057 Y120.907 E.08303
G1 X159.209 Y121.49 E.08301
G1 X158.33 Y122.029 E.08317
G1 X157.732 Y122.36 E.05513
G1 X156.81 Y122.82 E.08312
G1 X155.864 Y123.231 E.0832
G1 X155.226 Y123.476 E.05513
G1 X154.249 Y123.803 E.08311
G1 X153.257 Y124.078 E.08304
G1 X152.252 Y124.301 E.08304
G1 X151.235 Y124.471 E.08318
G1 X150.557 Y124.555 E.05511
G1 X149.529 Y124.635 E.08318
G1 X148.5 Y124.662 E.08303
G1 X147.47 Y124.635 E.08311
G1 X146.788 Y124.588 E.05514
G1 X145.764 Y124.471 E.08314
G1 X144.748 Y124.301 E.0831
G1 X143.743 Y124.078 E.08304
G1 X142.751 Y123.803 E.08304
G1 X141.774 Y123.476 E.08311
G1 X141.136 Y123.231 E.05513
G1 X140.19 Y122.82 E.0832
G1 X139.269 Y122.361 E.08301
G1 X138.373 Y121.854 E.08305
G1 X137.505 Y121.301 E.08302
G1 X136.666 Y120.702 E.08316
G1 X136.127 Y120.281 E.05517
G1 X135.343 Y119.612 E.08314
G1 X134.597 Y118.903 E.08302
G1 X133.888 Y118.157 E.08302
G1 X133.218 Y117.373 E.08319
G1 X132.798 Y116.834 E.05512
G1 X132.199 Y115.995 E.08316
G1 X131.646 Y115.127 E.08302
G1 X131.139 Y114.231 E.08305
G1 X130.68 Y113.31 E.08301
G1 X130.269 Y112.366 E.08305
G1 X129.908 Y111.4 E.08319
G1 X129.681 Y110.697 E.05959
G1 X129.422 Y109.757 E.07865
G1 X129.199 Y108.75 E.0832
G1 X129.08 Y108.077 E.05513
G1 X128.945 Y107.055 E.08316
G1 X128.865 Y106.029 E.08301
G1 X128.838 Y105 E.08303
G1 X128.865 Y103.97 E.08311
G1 X128.918 Y103.233 E.0596
G1 X129.029 Y102.264 E.07868
G1 X129.199 Y101.248 E.0831
G1 X129.422 Y100.243 E.08304
G1 X129.697 Y99.251 E.08304
G1 X130.024 Y98.274 E.08311
G1 X130.29 Y97.585 E.05958
G1 X130.68 Y96.691 E.07868
G1 X131.139 Y95.769 E.08308
G1 X131.646 Y94.873 E.08305
G1 X132.199 Y94.005 E.08302
G1 X132.798 Y93.166 E.08316
G1 X133.218 Y92.627 E.05512
G1 X133.888 Y91.843 E.08319
G1 X134.597 Y91.097 E.08302
G1 X135.343 Y90.388 E.08302
G1 X136.126 Y89.72 E.08302
G1 X136.944 Y89.092 E.08319
G1 X137.55 Y88.669 E.05961
G1 X138.373 Y88.146 E.07866
G1 X139.269 Y87.639 E.08305
G1 X140.19 Y87.18 E.08301
G1 X141.134 Y86.769 E.08305
G1 X142.1 Y86.408 E.08319
G1 X142.803 Y86.181 E.05959
G1 X143.743 Y85.922 E.07865
G1 X144.748 Y85.699 E.08304
G1 X145.764 Y85.529 E.0831
G1 X146.786 Y85.412 E.08298
G1 X147.815 Y85.35 E.08316
G1 X148.478 Y85.339 E.05349
G1 X149.078 Y85.352 F12000
G1 X148.503 Y85.908
;TYPE:Perimeter
G1 E-30 F1500
G1 Z5.96 F300.0
G1 F12000.0
T1
G1 Z0.96 F300.0
PRIME_FIBRE
G1 E45.0 F1500
G1 F12000.0
;WIDTH:0.6
G1 F705.78
G1 X148.551 Y85.907 E.00339
G1 X149.499 Y85.933 E.06704 U0.948
G1 X150.496 Y86.011 E.07069 U1.948
G1 X151.487 Y86.142 E.07066 U2.948
G1 X152.474 Y86.325 E.07096 U3.952
G1 X153.115 Y86.473 E.0465 U4.61
G1 X154.082 Y86.741 E.07093 U5.613
G1 X155.03 Y87.058 E.07066 U6.613
G1 X155.96 Y87.424 E.07065 U7.612
G1 X156.87 Y87.839 E.0707 U8.612
G1 X157.757 Y88.301 E.0707 U9.612
G1 X158.621 Y88.81 E.07088 U10.615
G1 X159.177 Y89.171 E.04686 U11.278
G1 X159.72 Y89.551 E.04685 U11.941
G1 X160.516 Y90.162 E.07093 U12.944
G1 X161.276 Y90.811 E.07065 U13.944
G1 X162.004 Y91.502 E.07095 U14.948
G1 X162.461 Y91.975 E.04649 U15.605
G1 X163.126 Y92.727 E.07096 U16.609
G1 X163.749 Y93.509 E.07068 U17.609
G1 X164.329 Y94.323 E.07065 U18.608
G1 X164.866 Y95.166 E.07065 U19.608
G1 X165.358 Y96.036 E.07065 U20.607
G1 X165.804 Y96.931 E.07069 U21.607
G1 X166.205 Y97.851 E.07094 U22.611
G1 X166.441 Y98.466 E.04656 U23.27
G1 X166.759 Y99.418 E.07095 U24.273
G1 X167.026 Y100.381 E.07064 U25.273
G1 X167.243 Y101.357 E.07068 U26.273
G1 X167.408 Y102.347 E.07095 U27.276
G1 X167.488 Y103 E.0465 U27.934
G1 X167.528 Y103.502 E.0356 U28.438
G1 X167.593 Y105 E.10599 U29.937
G1 X167.567 Y106.003 E.07092 U30.94
G1 X167.521 Y106.66 E.04656 U31.599
G1 X167.408 Y107.657 E.07093 U32.602
G1 X167.243 Y108.643 E.07067 U33.602
G1 X167.026 Y109.619 E.07068 U34.602
G1 X166.759 Y110.582 E.07064 U35.601
G1 X166.442 Y111.53 E.07066 U36.601
G1 X166.074 Y112.464 E.07096 U37.605
G1 X165.806 Y113.066 E.04658 U38.264
G1 X165.358 Y113.964 E.07094 U39.267
G1 X164.866 Y114.834 E.07065 U40.267
G1 X164.329 Y115.677 E.07065 U41.266
G1 X163.746 Y116.494 E.07095 U42.27
G1 X163.341 Y117.013 E.04654 U42.928
G1 X162.689 Y117.776 E.07094 U43.932
G1 X162.001 Y118.501 E.07065 U44.931
G1 X161.276 Y119.189 E.07065 U45.931
G1 X160.516 Y119.838 E.07065 U46.93
G1 X159.723 Y120.447 E.07068 U47.93
G1 X158.899 Y121.013 E.07066 U48.93
G1 X158.043 Y121.537 E.07095 U49.933
G1 X157.467 Y121.857 E.04658 U50.592
G1 X156.569 Y122.304 E.07091 U51.595
G1 X155.649 Y122.705 E.07094 U52.599
G1 X155.034 Y122.941 E.04656 U53.258
G1 X154.082 Y123.259 E.07095 U54.261
G1 X153.119 Y123.526 E.07064 U55.261
G1 X152.143 Y123.743 E.07068 U56.261
G1 X151.153 Y123.908 E.07095 U57.264
G1 X150.5 Y123.988 E.0465 U57.922
G1 X149.499 Y124.067 E.07098 U58.926
G1 X148.5 Y124.093 E.07064 U59.926
G1 X147.497 Y124.067 E.07092 U60.929
G1 X146.84 Y124.021 E.04656 U61.588
G1 X145.843 Y123.908 E.07093 U62.591
G1 X144.857 Y123.743 E.07067 U63.591
G1 X143.881 Y123.526 E.07068 U64.591
G1 X142.918 Y123.259 E.07064 U65.59
G1 X141.966 Y122.941 E.07095 U66.594
G1 X141.351 Y122.705 E.04656 U67.252
G1 X140.431 Y122.304 E.07094 U68.256
G1 X139.536 Y121.858 E.07069 U69.256
G1 X138.666 Y121.366 E.07065 U70.255
G1 X137.823 Y120.829 E.07065 U71.255
G1 X137.006 Y120.246 E.07095 U72.259
G1 X136.487 Y119.841 E.04654 U72.917
G1 X135.724 Y119.189 E.07094 U73.92
G1 X134.999 Y118.501 E.07065 U74.92
G1 X134.311 Y117.776 E.07065 U75.919
G1 X133.659 Y117.013 E.07094 U76.923
G1 X133.254 Y116.494 E.04654 U77.581
G1 X132.671 Y115.677 E.07095 U78.585
G1 X132.134 Y114.834 E.07065 U79.585
G1 X131.642 Y113.964 E.07065 U80.584
G1 X131.196 Y113.069 E.07069 U81.584
G1 X130.797 Y112.152 E.07069 U82.584
G1 X130.446 Y111.213 E.07086 U83.587
G1 X130.226 Y110.534 E.05045 U84.3
G1 X129.974 Y109.62 E.06702 U85.248
G1 X129.757 Y108.639 E.07102 U86.253
G1 X129.642 Y107.991 E.04652 U86.911
G1 X129.511 Y106.996 E.07094 U87.915
G1 X129.433 Y105.999 E.07069 U88.915
G1 X129.407 Y105 E.07064 U89.914
G1 X129.433 Y103.998 E.07085 U90.917
G1 X129.484 Y103.286 E.05046 U91.63
G1 X129.592 Y102.343 E.06709 U92.58
G1 X129.757 Y101.357 E.07067 U93.579
G1 X129.974 Y100.381 E.07068 U94.579
G1 X130.241 Y99.418 E.07064 U95.578
G1 X130.559 Y98.467 E.07088 U96.581
G1 X130.816 Y97.801 E.05046 U97.295
G1 X131.195 Y96.931 E.06708 U98.244
G1 X131.642 Y96.036 E.07072 U99.244
G1 X132.134 Y95.166 E.07065 U100.244
G1 X132.671 Y94.323 E.07065 U101.243
G1 X133.254 Y93.506 E.07095 U102.247
G1 X133.659 Y92.987 E.04654 U102.905
G1 X134.311 Y92.224 E.07094 U103.909
G1 X134.999 Y91.499 E.07065 U104.909
G1 X135.724 Y90.811 E.07065 U105.908
G1 X136.484 Y90.162 E.07065 U106.907
G1 X137.28 Y89.551 E.07093 U107.911
G1 X137.865 Y89.143 E.05042 U108.624
G1 X138.666 Y88.634 E.06709 U109.573
G1 X139.536 Y88.142 E.07065 U110.573
G1 X140.431 Y87.696 E.07069 U111.573
G1 X141.348 Y87.297 E.07069 U112.573
G1 X142.287 Y86.946 E.07086 U113.575
G1 X142.966 Y86.726 E.05045 U114.289
G1 X143.88 Y86.474 E.06702 U115.237
G1 X144.857 Y86.257 E.07075 U116.238
G1 X145.843 Y86.092 E.07067 U117.237
G1 X146.836 Y85.979 E.07065 U118.237
G1 X147.837 Y85.918 E.07089 U119.24
G1 X148.473 Y85.908 E.04496 U119.876
G1 X148.499 Y86.439 F12000 U120.407
G1 F705.78
G1 X148.547 Y86.438 E.00339 U120.455
G1 X149.471 Y86.464 E.06534 U121.38
G1 X150.44 Y86.54 E.06871 U122.352
G1 X151.404 Y86.667 E.06873 U123.324
G1 X152.365 Y86.845 E.06909 U124.301
G1 X152.985 Y86.988 E.04498 U124.938
G1 X153.927 Y87.249 E.0691 U125.915
G1 X154.849 Y87.558 E.06874 U126.888
G1 X155.753 Y87.914 E.06868 U127.859
G1 X156.637 Y88.317 E.06868 U128.831
G1 X157.499 Y88.765 E.06867 U129.802
G1 X158.342 Y89.262 E.06918 U130.781
G1 X159.405 Y89.979 E.09064 U132.063
G1 X160.181 Y90.575 E.06917 U133.041
G1 X160.92 Y91.206 E.06869 U134.013
G1 X161.63 Y91.879 E.06915 U134.991
G1 X162.071 Y92.336 E.04489 U135.627
G1 X162.719 Y93.069 E.06916 U136.605
G1 X163.324 Y93.829 E.06867 U137.576
G1 X163.888 Y94.62 E.06867 U138.548
G1 X164.411 Y95.44 E.06875 U139.52
G1 X164.889 Y96.286 E.06869 U140.492
G1 X165.323 Y97.155 E.06866 U141.463
G1 X165.713 Y98.052 E.06914 U142.442
G1 X165.94 Y98.646 E.04495 U143.077
G1 X166.251 Y99.573 E.06912 U144.055
G1 X166.51 Y100.509 E.06865 U145.026
G1 X166.721 Y101.458 E.06872 U145.999
G1 X166.83 Y102.11 E.04673 U146.66
G1 X166.921 Y102.738 E.04486 U147.294
G1 X166.998 Y103.544 E.05723 U148.104
G1 X167.062 Y105 E.10302 U149.561
G1 X167.036 Y105.978 E.06916 U150.54
G1 X166.992 Y106.612 E.04492 U151.175
G1 X166.881 Y107.583 E.06909 U152.152
G1 X166.721 Y108.542 E.06873 U153.125
G1 X166.51 Y109.491 E.06872 U154.097
G1 X166.251 Y110.427 E.06865 U155.068
G1 X165.942 Y111.349 E.06874 U156.04
G1 X165.584 Y112.259 E.06912 U157.018
G1 X165.326 Y112.839 E.04487 U157.653
G1 X164.889 Y113.714 E.06914 U158.631
G1 X164.411 Y114.56 E.06869 U159.603
G1 X163.888 Y115.38 E.06875 U160.575
G1 X163.321 Y116.176 E.06908 U161.553
G1 X162.929 Y116.677 E.04497 U162.189
G1 X162.294 Y117.42 E.06909 U163.166
G1 X161.625 Y118.125 E.0687 U164.138
G1 X160.92 Y118.794 E.0687 U165.11
G1 X160.181 Y119.425 E.06869 U166.082
G1 X159.41 Y120.017 E.06871 U167.054
G1 X158.61 Y120.567 E.06863 U168.025
G1 X157.776 Y121.078 E.06914 U169.003
G1 X157.22 Y121.386 E.04493 U169.638
G1 X156.345 Y121.823 E.06914 U170.616
G1 X155.448 Y122.213 E.06914 U171.595
G1 X154.854 Y122.44 E.04495 U172.231
G1 X153.927 Y122.751 E.06912 U173.208
G1 X152.991 Y123.01 E.06865 U174.179
G1 X152.042 Y123.221 E.06872 U175.152
G1 X151.077 Y123.382 E.06916 U176.13
G1 X150.446 Y123.46 E.04494 U176.766
G1 X149.471 Y123.536 E.06913 U177.744
G1 X148.5 Y123.562 E.06866 U178.715
G1 X147.522 Y123.536 E.06916 U179.693
G1 X146.888 Y123.492 E.04492 U180.329
G1 X145.917 Y123.381 E.06909 U181.306
G1 X144.958 Y123.221 E.06873 U182.279
G1 X144.009 Y123.01 E.06872 U183.251
G1 X143.073 Y122.751 E.06865 U184.222
G1 X142.146 Y122.44 E.06912 U185.2
G1 X141.552 Y122.213 E.04495 U185.836
G1 X140.655 Y121.823 E.06914 U186.814
G1 X139.786 Y121.389 E.06866 U187.785
G1 X138.94 Y120.911 E.06869 U188.757
G1 X138.12 Y120.388 E.06875 U189.729
G1 X137.324 Y119.821 E.06908 U190.707
G1 X136.823 Y119.429 E.04497 U191.343
G1 X136.08 Y118.794 E.06909 U192.32
G1 X135.375 Y118.125 E.0687 U193.292
G1 X134.706 Y117.42 E.0687 U194.264
G1 X134.071 Y116.677 E.06909 U195.241
G1 X133.679 Y116.176 E.04497 U195.877
G1 X133.112 Y115.38 E.06908 U196.855
M73 P18 R35
G1 X132.589 Y114.56 E.06875 U197.827
G1 X132.111 Y113.714 E.06869 U198.799
G1 X131.677 Y112.845 E.06866 U199.77
G1 X131.29 Y111.953 E.06873 U200.743
G1 X130.948 Y111.039 E.06898 U201.719
G1 X130.736 Y110.381 E.04887 U202.41
G1 X130.49 Y109.491 E.06527 U203.333
G1 X130.278 Y108.536 E.06915 U204.312
G1 X130.167 Y107.91 E.04494 U204.947
G1 X130.04 Y106.94 E.06915 U205.926
G1 X129.964 Y105.971 E.06871 U206.898
G1 X129.938 Y105 E.06866 U207.869
G1 X129.964 Y104.024 E.06902 U208.845
G1 X130.013 Y103.335 E.04883 U209.536
G1 X130.119 Y102.417 E.06532 U210.46
G1 X130.279 Y101.458 E.06873 U211.432
G1 X130.49 Y100.509 E.06872 U212.404
G1 X130.749 Y99.573 E.06865 U213.376
G1 X131.059 Y98.647 E.06903 U214.352
G1 X131.308 Y98.003 E.04881 U215.043
G1 X131.677 Y97.156 E.06531 U215.967
G1 X132.111 Y96.286 E.06873 U216.939
G1 X132.589 Y95.44 E.06869 U217.91
G1 X133.112 Y94.62 E.06875 U218.883
G1 X133.679 Y93.824 E.06908 U219.86
G1 X134.071 Y93.323 E.04497 U220.496
G1 X134.706 Y92.58 E.06909 U221.474
G1 X135.375 Y91.875 E.0687 U222.446
G1 X136.08 Y91.206 E.0687 U223.418
G1 X136.819 Y90.575 E.06869 U224.389
G1 X137.594 Y89.98 E.06907 U225.366
G1 X138.16 Y89.585 E.04879 U226.057
G1 X138.939 Y89.09 E.06524 U226.98
G1 X139.786 Y88.611 E.06878 U227.953
G1 X140.655 Y88.177 E.06866 U228.924
G1 X141.547 Y87.79 E.06873 U229.896
G1 X142.461 Y87.448 E.06898 U230.872
G1 X143.119 Y87.236 E.04887 U231.564
G1 X144.009 Y86.99 E.06527 U232.487
G1 X144.958 Y86.779 E.06872 U233.459
G1 X145.917 Y86.619 E.06873 U234.431
G1 X146.882 Y86.509 E.06866 U235.403
G1 X147.857 Y86.449 E.06905 U236.379
G1 X148.469 Y86.44 E.04327 U236.992
G1 X148.494 Y86.971 F12000 U237.523
G1 F705.78
G1 X148.544 Y86.97 E.00354 U237.573
G1 X149.443 Y86.994 E.06357 U238.472
G1 X150.385 Y87.068 E.06679 U239.417
G1 X151.321 Y87.192 E.06674 U240.362
G1 X152.257 Y87.365 E.06728 U241.313
G1 X152.854 Y87.503 E.04331 U241.926
G1 X153.772 Y87.757 E.06733 U242.879
G1 X154.667 Y88.057 E.06673 U243.823
G1 X155.545 Y88.403 E.06671 U244.766
G1 X156.404 Y88.794 E.06672 U245.71
G1 X157.241 Y89.23 E.06671 U246.654
G1 X158.062 Y89.714 E.06737 U247.607
G1 X159.091 Y90.408 E.08774 U248.848
G1 X159.847 Y90.988 E.06736 U249.801
G1 X160.565 Y91.601 E.06674 U250.745
G1 X161.256 Y92.257 E.06735 U251.698
G1 X161.681 Y92.697 E.04324 U252.31
G1 X162.312 Y93.41 E.0673 U253.262
G1 X162.9 Y94.149 E.06676 U254.206
G1 X163.448 Y94.918 E.06675 U255.15
G1 X163.955 Y95.714 E.06671 U256.094
G1 X164.42 Y96.535 E.0667 U257.038
G1 X164.841 Y97.38 E.06673 U257.982
G1 X165.221 Y98.254 E.06737 U258.935
G1 X165.44 Y98.825 E.04323 U259.546
G1 X165.743 Y99.728 E.06733 U260.499
G1 X165.995 Y100.638 E.06675 U261.443
G1 X166.199 Y101.56 E.06675 U262.387
G1 X166.306 Y102.197 E.04566 U263.033
G1 X166.394 Y102.803 E.04329 U263.646
G1 X166.469 Y103.586 E.0556 U264.432
G1 X166.53 Y105 E.10005 U265.847
G1 X166.505 Y105.952 E.06732 U266.8
G1 X166.463 Y106.563 E.04329 U267.412
G1 X166.355 Y107.509 E.06731 U268.364
G1 X166.199 Y108.44 E.06673 U269.308
G1 X165.995 Y109.362 E.06675 U270.253
G1 X165.743 Y110.272 E.06675 U271.197
G1 X165.443 Y111.167 E.06673 U272.141
G1 X165.094 Y112.053 E.06731 U273.093
G1 X164.845 Y112.612 E.04326 U273.705
G1 X164.42 Y113.465 E.06737 U274.658
G1 X163.955 Y114.286 E.0667 U275.602
G1 X163.448 Y115.082 E.06671 U276.545
G1 X162.895 Y115.858 E.06736 U277.498
G1 X162.518 Y116.34 E.04326 U278.11
G1 X161.899 Y117.065 E.06739 U279.063
G1 X161.249 Y117.749 E.0667 U280.007
G1 X160.565 Y118.399 E.0667 U280.951
G1 X159.847 Y119.012 E.06674 U281.895
G1 X159.098 Y119.587 E.06675 U282.839
G1 X158.32 Y120.122 E.06674 U283.783
G1 X157.508 Y120.619 E.0673 U284.735
G1 X156.972 Y120.916 E.04332 U285.348
G1 X156.12 Y121.341 E.0673 U286.3
G1 X155.246 Y121.721 E.06737 U287.253
G1 X154.675 Y121.94 E.04323 U287.865
G1 X153.772 Y122.243 E.06733 U288.817
G1 X152.862 Y122.495 E.06675 U289.761
G1 X151.94 Y122.699 E.06675 U290.706
G1 X151.001 Y122.856 E.0673 U291.658
G1 X150.393 Y122.931 E.0433 U292.27
G1 X149.444 Y123.006 E.06729 U293.222
G1 X148.5 Y123.03 E.06675 U294.167
G1 X147.548 Y123.005 E.06732 U295.119
G1 X146.937 Y122.963 E.04329 U295.731
G1 X145.991 Y122.855 E.06731 U296.684
G1 X145.06 Y122.699 E.06673 U297.628
G1 X144.138 Y122.495 E.06675 U298.572
G1 X143.228 Y122.243 E.06675 U299.516
G1 X142.325 Y121.94 E.06733 U300.469
CUT
G1 X141.754 Y121.721 E.04323
G1 X140.88 Y121.341 E.06737
G1 X140.035 Y120.92 E.06673
G1 X139.214 Y120.455 E.0667
G1 X138.418 Y119.948 E.06671
G1 X137.642 Y119.395 E.06736
G1 X137.16 Y119.018 E.04326
G1 X136.435 Y118.399 E.06739
G1 X135.751 Y117.749 E.0667
G1 X135.101 Y117.065 E.0667
G1 X134.482 Y116.34 E.06739
G1 X134.105 Y115.858 E.04326
G1 X133.552 Y115.082 E.06736
G1 X133.045 Y114.286 E.06671
G1 X132.58 Y113.465 E.0667
G1 X132.159 Y112.62 E.06673
G1 X131.783 Y111.754 E.06674
G1 X131.45 Y110.864 E.06717
G1 X131.245 Y110.229 E.04717
G1 X131.005 Y109.363 E.06352
G1 X130.799 Y108.432 E.0674
G1 X130.693 Y107.829 E.04328
G1 X130.568 Y106.885 E.06731
G1 X130.494 Y105.944 E.06672
G1 X130.47 Y105 E.06675
G1 X130.495 Y104.05 E.06718
G1 X130.542 Y103.384 E.0472
G1 X130.645 Y102.492 E.06347
G1 X130.801 Y101.56 E.0668
G1 X131.005 Y100.638 E.06675
G1 X131.257 Y99.728 E.06675
G1 X131.559 Y98.827 E.06717
G1 X131.799 Y98.205 E.04713
G1 X132.159 Y97.381 E.06356
G1 X132.58 Y96.535 E.0668
G1 X133.045 Y95.714 E.0667
G1 X133.552 Y94.917 E.06677
G1 X134.105 Y94.142 E.0673
G1 X134.482 Y93.66 E.04326
G1 X135.101 Y92.935 E.06739
G1 X135.751 Y92.251 E.0667
G1 X136.435 Y91.601 E.0667
G1 X137.153 Y90.988 E.06674
G1 X137.907 Y90.409 E.0672
G1 X138.454 Y90.028 E.04712
G1 X139.213 Y89.545 E.06359
G1 X140.035 Y89.08 E.06676
G1 X140.88 Y88.659 E.06673
G1 X141.746 Y88.283 E.06674
G1 X142.636 Y87.95 E.06717
G1 X143.271 Y87.745 E.04717
G1 X144.137 Y87.505 E.06352
G1 X145.06 Y87.301 E.06682
G1 X145.991 Y87.145 E.06673
G1 X146.929 Y87.038 E.06674
G1 X147.877 Y86.98 E.06714
G1 X148.464 Y86.971 E.0415
G1 E-8 F1500
G1 Z1.16 F3000
G1 X135.303 Y116.882 F12000
G1 Z.96 F3000
G1 E10 F1500
;TYPE:Solid infill
G1 E-30 F1500
G1 Z5.96 F300.0
G1 F12000.0
T0
G1 Z0.96 F300.0
G1 E32.0 F1500
G1 F12000.0
;WIDTH:0.578673
G1 F735.294
G1 X136.618 Y118.197 E.12618
G1 X135.515 Y117.1 E.10555
G1 E-8 F1500
G1 Z1.16 F3000
G1 X133.62 Y114.448 F12000
G1 Z.96 F3000
G1 E10 F1500
G1 F735.294
G1 X133.575 Y114.493 E.00432
G1 X133.591 Y114.554 E.00428
G1 X133.653 Y114.571 E.00436
G1 X133.698 Y114.526 E.00432
G1 X133.682 Y114.464 E.00434
;WIDTH:0.626836
G1 F671.846
G1 X133.833 Y114.701 E.02087
;WIDTH:0.675
G1 F618.478
G1 X133.985 Y114.938 E.02271
G1 X138.562 Y119.515 E.52214
G1 X138.799 Y119.667 E.02271
;WIDTH:0.626836
G1 F671.846
G1 X139.036 Y119.818 E.02087
;WIDTH:0.578673
G1 F735.294
G1 X139.052 Y119.88 E.00434
G1 X139.007 Y119.925 E.00432
G1 X138.946 Y119.909 E.00428
G1 X138.929 Y119.847 E.00436
G1 X138.974 Y119.802 E.00432
G1 E-8 F1500
G1 Z1.16 F3000
G1 X141.049 Y120.978 F12000
G1 Z.96 F3000
G1 E10 F1500
G1 F735.294
G1 X141.004 Y121.023 E.00432
G1 X141.02 Y121.085 E.00434
G1 X141.082 Y121.101 E.00434
G1 X141.127 Y121.056 E.00432
G1 X141.11 Y120.995 E.0043
;WIDTH:0.626836
G1 F671.846
G1 X140.874 Y120.864 E.02004
;WIDTH:0.675
G1 F618.478
G1 X140.637 Y120.732 E.02188
G1 X132.768 Y112.863 E.89769
G1 E-8 F1500
G1 Z1.16 F3000
G1 X132.088 Y111.326 F12000
G1 Z.96 F3000
G1 E10 F1500
G1 F618.478
G1 X142.179 Y121.417 E1.15117
G1 X142.415 Y121.53 E.02111
;WIDTH:0.626836
G1 F671.846
G1 X142.652 Y121.643 E.0195
;WIDTH:0.578673
G1 F735.294
G1 X142.669 Y121.705 E.00436
G1 X142.624 Y121.75 E.00432
G1 X142.562 Y121.733 E.00436
G1 X142.546 Y121.672 E.00428
G1 X142.591 Y121.627 E.00432
G1 E-8 F1500
G1 Z1.16 F3000
G1 X144.553 Y122.374 F12000
G1 Z.96 F3000
G1 E10 F1500
G1 F735.294
G1 X143.716 Y122.16 E.05862
;WIDTH:0.626836
G1 F671.846
G1 X143.597 Y122.01 E.01422
;WIDTH:0.675
G1 F618.478
G1 X143.478 Y121.859 E.01551
G1 X131.639 Y110.02 E1.35058
G1 X131.339 Y109.783 E.03084
;WIDTH:0.578673
G1 F735.294
G1 X131.127 Y108.953 E.05812
;WIDTH:0.626836
G1 F671.846
G1 X131.235 Y108.909 E.00866
;WIDTH:0.675
G1 F618.478
G1 X131.342 Y108.865 E.00933
G1 X144.635 Y122.158 E1.51645
G1 X145.698 Y122.364 E.08734
G1 X131.13 Y107.796 E1.6619
G1 X131 Y106.808 E.08039
M73 P19 R34
G1 X146.687 Y122.495 E1.78956
G1 X147.62 Y122.571 E.07551
G1 X130.929 Y105.88 E1.90409
G1 X130.906 Y104.999 E.07109
G1 X148.501 Y122.594 E2.00722
G1 X149.336 Y122.572 E.06738
G1 X130.928 Y104.164 E2.09997
G1 X130.984 Y103.362 E.06485
G1 X150.135 Y122.514 E2.18478
G1 X150.907 Y122.429 E.06265
G1 X131.072 Y102.593 E2.26282
G1 X131.193 Y101.857 E.06017
G1 X151.643 Y122.307 E2.33292
G1 X152.355 Y122.161 E.05863
G1 X131.339 Y101.145 E2.39749
G1 X131.508 Y100.457 E.05715
G1 X153.043 Y121.992 E2.45669
G1 X153.712 Y121.803 E.05608
G1 X131.697 Y99.788 E2.51145
M73 P20 R34
G1 X131.912 Y99.146 E.05461
G1 X154.354 Y121.588 E2.56016
G1 X154.98 Y121.356 E.05385
G1 X132.145 Y98.521 E2.605
G1 X132.4 Y97.919 E.05274
G1 X155.581 Y121.1 E2.64447
G1 X156.168 Y120.83 E.05212
G1 X132.67 Y97.332 E2.68063
G1 X132.956 Y96.759 E.05166
G1 X156.741 Y120.544 E2.71337
G1 X157.293 Y120.239 E.05087
G1 X133.265 Y96.211 E2.74109
G1 X133.586 Y95.675 E.0504
G1 X157.825 Y119.914 E2.76516
G1 X158.344 Y119.576 E.04996
M73 P21 R34
G1 X133.921 Y95.152 E2.78621
G1 X134.278 Y94.651 E.04962
G1 X158.852 Y119.226 E2.80344
G1 X159.337 Y118.854 E.04931
G1 X134.644 Y94.161 E2.81695
G1 X135.03 Y93.689 E.04919
M73 P21 R33
G1 X159.811 Y118.47 E2.82699
G1 X160.273 Y118.075 E.04903
G1 X135.425 Y93.227 E2.83464
G1 X135.843 Y92.787 E.04896
G1 X160.713 Y117.657 E2.83715
G1 X161.142 Y117.229 E.04888
G1 X136.271 Y92.358 E2.83726
G1 X136.711 Y91.94 E.04896
G1 X161.56 Y116.789 E2.83475
G1 X161.956 Y116.327 E.04908
M73 P22 R33
G1 X137.173 Y91.544 E2.82722
G1 X137.645 Y91.16 E.04908
G1 X162.342 Y115.857 E2.81741
G1 X162.71 Y115.366 E.0495
G1 X138.131 Y90.787 E2.80395
G1 X138.634 Y90.434 E.04957
G1 X163.067 Y114.866 E2.78724
G1 X163.402 Y114.343 E.0501
G1 X139.156 Y90.098 E2.7659
G1 X139.691 Y89.776 E.05037
G1 X163.724 Y113.809 E2.74166
G1 X164.034 Y113.261 E.05079
G1 X140.239 Y89.466 E2.71451
G1 X140.811 Y89.18 E.05159
G1 X164.32 Y112.689 E2.68188
G1 X164.593 Y112.105 E.052
M73 P23 R33
G1 X141.398 Y88.909 E2.64612
G1 X141.999 Y88.653 E.0527
G1 X164.844 Y111.498 E2.60614
G1 X165.08 Y110.877 E.05359
G1 X142.623 Y88.42 E2.56187
G1 X143.265 Y88.205 E.05461
G1 X165.295 Y110.235 E2.51316
G1 X165.485 Y109.567 E.05602
G1 X143.932 Y88.014 E2.45875
G1 X144.62 Y87.845 E.05715
M73 P23 R32
G1 X165.655 Y108.88 E2.39965
G1 X165.802 Y108.169 E.05857
G1 X145.331 Y87.698 E2.33531
G1 X146.066 Y87.575 E.06011
G1 X165.925 Y107.434 E2.2655
G1 X166.012 Y106.664 E.06251
M73 P24 R32
G1 X146.836 Y87.488 E2.18758
G1 X147.637 Y87.432 E.06477
G1 X166.072 Y105.866 E2.10299
G1 X166.093 Y105.03 E.06746
G1 X148.478 Y87.415 E2.0095
G1 X149.348 Y87.428 E.07019
G1 X166.072 Y104.152 E1.90786
G1 X166.003 Y103.225 E.07498
G1 X150.275 Y87.497 E1.79424
G1 X151.259 Y87.624 E.08003
G1 X165.87 Y102.235 E1.66681
G1 E-8 F1500
G1 Z1.16 F3000
G1 X153.241 Y87.829 F12000
G1 Z.96 F3000
G1 E10 F1500
;WIDTH:0.578673
G1 F735.294
G1 X152.393 Y87.61 E.05943
;WIDTH:0.675
G1 F618.478
G1 X152.32 Y87.827 E.01847
G1 X165.667 Y101.174 E1.52261
G1 X165.773 Y101.126 E.00939
;WIDTH:0.626836
G1 F671.846
G1 X165.879 Y101.078 E.00864
;WIDTH:0.578673
G1 F735.294
G1 X165.671 Y100.259 E.05733
;WIDTH:0.675
G1 F618.478
G1 X165.371 Y100.021 E.03089
G1 X153.479 Y88.129 E1.35663
G1 X154.332 Y88.236 E.06935
;WIDTH:0.578673
G1 F735.294
G1 X154.286 Y88.281 E.00437
G1 X154.303 Y88.343 E.00436
G1 X154.365 Y88.359 E.00434
G1 X154.41 Y88.314 E.00432
G1 X154.393 Y88.253 E.0043
;WIDTH:0.626836
G1 F671.846
G1 X154.585 Y88.411 E.01846
;WIDTH:0.675
G1 F618.478
G1 X154.777 Y88.569 E.02006
G1 X164.936 Y98.728 E1.15893
G1 X165.063 Y98.912 E.01803
;WIDTH:0.626836
G1 F671.846
G1 X165.19 Y99.095 E.01654
;WIDTH:0.578673
G1 F735.294
G1 X165.145 Y99.14 E.00432
G1 X165.162 Y99.202 E.00436
G1 X165.223 Y99.219 E.0043
G1 X165.269 Y99.173 E.00441
G1 X165.252 Y99.112 E.0043
G1 E-8 F1500
G1 Z1.16 F3000
G1 X164.547 Y97.565 F12000
G1 Z.96 F3000
G1 E10 F1500
G1 F735.294
G1 X164.502 Y97.61 E.00432
G1 X164.518 Y97.671 E.00428
G1 X164.58 Y97.688 E.00436
G1 X164.625 Y97.643 E.00432
G1 X164.608 Y97.581 E.00436
;WIDTH:0.626836
G1 F671.846
G1 X164.436 Y97.389 E.01914
;WIDTH:0.675
G1 F618.478
G1 X164.263 Y97.198 E.02079
G1 X156.294 Y89.229 E.9091
G1 X156.102 Y89.056 E.02085
;WIDTH:0.626836
G1 F671.846
G1 X155.91 Y88.883 E.01919
;WIDTH:0.578673
G1 F735.294
G1 X155.927 Y88.945 E.00436
G1 X155.882 Y88.99 E.00432
G1 X155.82 Y88.973 E.00436
G1 X155.804 Y88.912 E.00428
G1 X155.849 Y88.867 E.00432
G1 E-8 F1500
G1 Z1.16 F3000
G1 X157.886 Y90 F12000
G1 Z.96 F3000
G1 E10 F1500
G1 F735.294
G1 X157.841 Y90.045 E.00432
G1 X157.857 Y90.106 E.00428
G1 X157.919 Y90.123 E.00436
G1 X157.964 Y90.078 E.00432
G1 X157.948 Y90.016 E.00434
;WIDTH:0.626836
G1 F671.846
G1 X158.139 Y90.212 E.02032
;WIDTH:0.675
G1 F618.478
G1 X163.09 Y95.167 E.56503
G1 X163.254 Y95.351 E.01988
M73 P25 R32
;WIDTH:0.626836
G1 F671.846
G1 X163.417 Y95.534 E.0182
;WIDTH:0.578673
G1 F735.294
G1 X163.372 Y95.579 E.00432
G1 X163.389 Y95.641 E.00436
G1 X163.45 Y95.657 E.00428
G1 X163.496 Y95.612 E.00437
G1 X163.479 Y95.551 E.0043
G1 E-8 F1500
G1 Z1.16 F3000
G1 X160.592 Y92.023 F12000
G1 Z.96 F3000
G1 E10 F1500
G1 F735.294
G1 X161.468 Y92.894 E.08382
G1 X162.112 Y93.578 E.06374
G1 X161.468 Y92.894 E.06374
G1 X160.375 Y91.811 E.1044
;LAYER_CHANGE
;Z:1.28
;HEIGHT:0.32

G1 E-8 F1500
G1 Z1.28 F3000
;AFTER_LAYER_CHANGE
;1.28
G92 E0
_ON_LAYER_CHANGE LAYER=4
G1 Z1.48
G1 X148.508 Y85.339 F12000
G1 Z1.28 F3000
G1 E10 F1500
;TYPE:External perimeter
;WIDTH:0.675
G1 F618.478
G1 X148.576 Y85.338 E.00549
G1 X149.529 Y85.365 E.07691
G1 X150.555 Y85.445 E.08301
G1 X151.576 Y85.58 E.08308
G1 X152.588 Y85.767 E.08302
G1 X153.59 Y86.008 E.08313
G1 X154.247 Y86.196 E.05512
G1 X155.225 Y86.523 E.08318
G1 X156.183 Y86.901 E.08308
G1 X157.119 Y87.328 E.08299
G1 X158.033 Y87.803 E.08309
G1 X158.921 Y88.326 E.08313
G1 X160.056 Y89.092 E.11046
G1 X160.874 Y89.719 E.08314
G1 X161.657 Y90.388 E.08308
G1 X162.404 Y91.098 E.08313
G1 X162.879 Y91.589 E.05511
G1 X163.562 Y92.361 E.08315
G1 X164.203 Y93.167 E.08307
G1 X164.801 Y94.005 E.08304
G1 X165.354 Y94.873 E.08302
G1 X165.862 Y95.77 E.08316
G1 X166.172 Y96.379 E.05512
G1 X166.6 Y97.319 E.08332
G1 X166.856 Y97.952 E.05508
G1 X167.2 Y98.924 E.08317
G1 X167.492 Y99.911 E.08303
G1 X167.733 Y100.912 E.08305
G1 X167.92 Y101.924 E.08302
G1 X168.055 Y102.945 E.08308
G1 X168.135 Y103.971 E.08301
G1 X168.15 Y105.685 E.13827
G1 X168.088 Y106.714 E.08316
G1 X167.971 Y107.736 E.08298
G1 X167.801 Y108.752 E.0831
G1 X167.578 Y109.757 E.08304
G1 X167.303 Y110.749 E.08304
G1 X166.977 Y111.725 E.08301
G1 X166.599 Y112.684 E.08315
G1 X166.321 Y113.308 E.05511
G1 X165.861 Y114.231 E.08319
G1 X165.354 Y115.127 E.08305
G1 X164.801 Y115.995 E.08302
G1 X164.202 Y116.834 E.08316
G1 X163.732 Y117.433 E.06142
G1 X163.112 Y118.157 E.07689
G1 X162.402 Y118.904 E.08313
G1 X161.911 Y119.379 E.05511
G1 X161.139 Y120.062 E.08315
G1 X160.333 Y120.703 E.08307
G1 X159.494 Y121.302 E.08316
G1 X158.921 Y121.674 E.05511
G1 X158.032 Y122.197 E.0832
G1 X157.119 Y122.672 E.08302
G1 X156.183 Y123.099 E.08299
G1 X155.225 Y123.477 E.08308
G1 X154.247 Y123.804 E.08318
G1 X153.59 Y123.992 E.05512
G1 X152.588 Y124.233 E.08313
G1 X151.576 Y124.42 E.08302
G1 X150.555 Y124.555 E.08308
G1 X149.529 Y124.635 E.08301
G1 X148.5 Y124.662 E.08303
G1 X147.471 Y124.635 E.08303
G1 X146.445 Y124.555 E.08301
G1 X145.424 Y124.42 E.08308
G1 X144.412 Y124.233 E.08302
G1 X143.41 Y123.992 E.08313
G1 X142.753 Y123.804 E.05512
G1 X141.775 Y123.477 E.08318
G1 X140.816 Y123.099 E.08315
G1 X140.192 Y122.821 E.05511
G1 X139.269 Y122.361 E.08319
G1 X138.373 Y121.854 E.08305
G1 X137.505 Y121.301 E.08302
G1 X136.666 Y120.702 E.08316
G1 X136.067 Y120.232 E.06142
G1 X135.343 Y119.612 E.07689
G1 X134.597 Y118.903 E.08302
G1 X133.888 Y118.157 E.08302
G1 X133.219 Y117.374 E.08308
G1 X132.592 Y116.556 E.08314
G1 X132.157 Y115.932 E.06136
G1 X131.646 Y115.127 E.07691
G1 X131.139 Y114.231 E.08305
G1 X130.68 Y113.31 E.08301
G1 X130.269 Y112.364 E.0832
G1 X130.024 Y111.726 E.05513
G1 X129.697 Y110.749 E.08311
G1 X129.422 Y109.757 E.08304
G1 X129.199 Y108.751 E.08312
G1 X129.068 Y108.001 E.06142
G1 X128.945 Y107.056 E.07687
G1 X128.865 Y106.029 E.0831
G1 X128.838 Y104.998 E.0832
G1 X128.85 Y104.315 E.0551
G1 X128.912 Y103.286 E.08316
G1 X129.029 Y102.264 E.08298
G1 X129.199 Y101.248 E.0831
G1 X129.422 Y100.243 E.08304
G1 X129.697 Y99.251 E.08304
G1 X130.024 Y98.274 E.08311
G1 X130.298 Y97.564 E.06139
G1 X130.68 Y96.691 E.07687
G1 X131.139 Y95.769 E.08308
G1 X131.646 Y94.873 E.08305
G1 X132.199 Y94.005 E.08302
G1 X132.798 Y93.166 E.08316
G1 X133.268 Y92.567 E.06142
G1 X133.888 Y91.843 E.07689
G1 X134.597 Y91.097 E.08302
G1 X135.344 Y90.387 E.08313
G1 X135.92 Y89.889 E.06142
G1 X136.667 Y89.297 E.07689
G1 X137.505 Y88.699 E.08304
G1 X138.373 Y88.146 E.08302
G1 X139.269 Y87.639 E.08305
G1 X140.19 Y87.18 E.08301
G1 X141.136 Y86.769 E.0832
G1 X141.774 Y86.524 E.05513
G1 X142.751 Y86.197 E.08311
G1 X143.743 Y85.922 E.08304
G1 X144.748 Y85.699 E.08304
G1 X145.764 Y85.529 E.0831
G1 X146.786 Y85.412 E.08298
G1 X147.815 Y85.35 E.08316
G1 X148.478 Y85.34 E.05349
G1 X149.078 Y85.352 F12000
G1 X148.503 Y85.908
;TYPE:Perimeter
G1 E-30 F1500
G1 Z6.28 F300.0
G1 F12000.0
T1
G1 Z1.28 F300.0
PRIME_FIBRE
G1 E45.0 F1500
G1 F12000.0
;WIDTH:0.6
G1 F705.78
G1 X148.572 Y85.907 E.00488
G1 X149.499 Y85.933 E.06555 U0.927
G1 X150.496 Y86.011 E.07069 U1.927
G1 X151.487 Y86.142 E.07066 U2.927
G1 X152.47 Y86.324 E.07067 U3.927
G1 X153.446 Y86.558 E.07095 U4.93
G1 X154.079 Y86.74 E.04656 U5.589
G1 X155.03 Y87.058 E.07088 U6.592
G1 X155.96 Y87.424 E.07065 U7.591
G1 X156.87 Y87.839 E.0707 U8.591
G1 X157.757 Y88.301 E.0707 U9.591
G1 X158.621 Y88.81 E.07088 U10.594
G1 X159.72 Y89.551 E.0937 U11.92
G1 X160.516 Y90.162 E.07093 U12.923
G1 X161.276 Y90.811 E.07065 U13.923
G1 X162.004 Y91.502 E.07095 U14.926
G1 X162.461 Y91.975 E.04649 U15.584
G1 X163.126 Y92.727 E.07096 U16.588
G1 X163.749 Y93.509 E.07068 U17.588
G1 X164.329 Y94.323 E.07065 U18.587
G1 X164.866 Y95.166 E.07065 U19.587
G1 X165.36 Y96.04 E.07097 U20.591
G1 X165.659 Y96.626 E.0465 U21.249
G1 X166.077 Y97.543 E.07124 U22.256
G1 X166.324 Y98.154 E.04659 U22.915
G1 X166.659 Y99.1 E.07094 U23.919
G1 X166.943 Y100.058 E.07063 U24.918
G1 X167.176 Y101.03 E.07066 U25.918
G1 X167.358 Y102.013 E.07067 U26.917
G1 X167.489 Y103.004 E.07066 U27.917
G1 X167.567 Y104.001 E.07069 U28.917
G1 X167.582 Y105.662 E.11742 U30.578
G1 X167.521 Y106.664 E.07096 U31.582
G1 X167.408 Y107.657 E.07065 U32.581
G1 X167.243 Y108.643 E.07067 U33.581
G1 X167.026 Y109.619 E.07068 U34.581
G1 X166.759 Y110.582 E.07064 U35.58
G1 X166.442 Y111.53 E.07066 U36.58
G1 X166.074 Y112.464 E.07096 U37.584
G1 X165.806 Y113.066 E.04658 U38.243
G1 X165.358 Y113.964 E.07094 U39.246
G1 X164.866 Y114.834 E.07065 U40.246
G1 X164.329 Y115.677 E.07065 U41.245
G1 X163.747 Y116.493 E.07085 U42.248
G1 X163.292 Y117.072 E.05205 U42.984
G1 X162.69 Y117.776 E.06548 U43.91
G1 X161.998 Y118.504 E.071 U44.915
G1 X161.525 Y118.961 E.04649 U45.572
G1 X160.773 Y119.626 E.07096 U46.576
G1 X159.991 Y120.249 E.07068 U47.576
G1 X159.174 Y120.831 E.07091 U48.579
G1 X158.621 Y121.19 E.04661 U49.238
G1 X157.757 Y121.699 E.07088 U50.241
G1 X156.87 Y122.161 E.0707 U51.241
G1 X155.96 Y122.576 E.0707 U52.241
G1 X155.03 Y122.942 E.07065 U53.241
G1 X154.079 Y123.26 E.07088 U54.244
G1 X153.446 Y123.442 E.04656 U54.902
G1 X152.47 Y123.676 E.07095 U55.906
G1 X151.487 Y123.858 E.07067 U56.906
G1 X150.496 Y123.989 E.07066 U57.905
G1 X149.499 Y124.067 E.07069 U58.905
G1 X148.5 Y124.093 E.07064 U59.905
G1 X147.501 Y124.067 E.07064 U60.904
G1 X146.504 Y123.989 E.07069 U61.904
G1 X145.513 Y123.858 E.07066 U62.904
G1 X144.53 Y123.676 E.07067 U63.903
G1 X143.554 Y123.442 E.07095 U64.907
G1 X142.921 Y123.26 E.04656 U65.566
G1 X141.97 Y122.942 E.07088 U66.568
G1 X141.036 Y122.574 E.07096 U67.572
G1 X140.434 Y122.306 E.04658 U68.231
G1 X139.536 Y121.858 E.07094 U69.235
G1 X138.666 Y121.366 E.07065 U70.234
G1 X137.823 Y120.829 E.07065 U71.234
G1 X137.007 Y120.247 E.07085 U72.236
G1 X136.428 Y119.792 E.05205 U72.973
G1 X135.724 Y119.19 E.06548 U73.899
G1 X134.999 Y118.501 E.0707 U74.899
G1 X134.311 Y117.776 E.07065 U75.898
G1 X133.662 Y117.016 E.07065 U76.898
G1 X133.051 Y116.221 E.07088 U77.901
G1 X132.631 Y115.617 E.052 U78.636
G1 X132.134 Y114.834 E.06556 U79.564
G1 X131.642 Y113.964 E.07065 U80.563
G1 X131.196 Y113.069 E.07069 U81.563
G1 X130.795 Y112.149 E.07094 U82.567
G1 X130.559 Y111.534 E.04656 U83.225
G1 X130.241 Y110.582 E.07095 U84.229
G1 X129.974 Y109.619 E.07064 U85.228
G1 X129.757 Y108.64 E.07088 U86.231
G1 X129.631 Y107.915 E.05202 U86.967
G1 X129.511 Y106.996 E.06551 U87.894
G1 X129.433 Y105.999 E.07069 U88.894
G1 X129.407 Y104.996 E.07092 U89.897
G1 X129.418 Y104.338 E.04652 U90.555
G1 X129.479 Y103.336 E.07096 U91.559
G1 X129.592 Y102.343 E.07065 U92.559
G1 X129.757 Y101.357 E.07067 U93.558
G1 X129.974 Y100.381 E.07068 U94.558
G1 X130.241 Y99.418 E.07064 U95.557
G1 X130.559 Y98.467 E.07088 U96.56
G1 X130.825 Y97.781 E.05201 U97.296
G1 X131.195 Y96.931 E.06553 U98.223
G1 X131.642 Y96.036 E.07072 U99.223
G1 X132.134 Y95.166 E.07065 U100.223
G1 X132.671 Y94.323 E.07065 U101.222
G1 X133.253 Y93.507 E.07085 U102.225
G1 X133.708 Y92.928 E.05205 U102.961
G1 X134.31 Y92.225 E.06542 U103.887
G1 X134.999 Y91.499 E.07075 U104.888
G1 X135.726 Y90.809 E.07085 U105.89
G1 X136.283 Y90.328 E.05202 U106.626
G1 X137.009 Y89.752 E.06551 U107.553
G1 X137.823 Y89.171 E.07069 U108.553
G1 X138.666 Y88.634 E.07065 U109.552
G1 X139.536 Y88.142 E.07065 U110.552
G1 X140.431 Y87.696 E.07069 U111.552
G1 X141.351 Y87.295 E.07094 U112.555
G1 X141.966 Y87.059 E.04656 U113.214
G1 X142.918 Y86.741 E.07095 U114.218
G1 X143.881 Y86.474 E.07064 U115.217
G1 X144.857 Y86.257 E.07068 U116.217
G1 X145.843 Y86.092 E.07067 U117.216
G1 X146.836 Y85.979 E.07065 U118.216
G1 X147.836 Y85.918 E.07082 U119.218
G1 X148.473 Y85.909 E.04503 U119.855
G1 X148.499 Y86.44 F12000 U120.386
G1 F705.78
G1 X148.569 Y86.439 E.00495 U120.456
G1 X149.47 Y86.464 E.06371 U121.358
G1 X150.44 Y86.54 E.06878 U122.331
G1 X151.404 Y86.667 E.06873 U123.303
G1 X152.359 Y86.844 E.06866 U124.274
G1 X153.31 Y87.072 E.06913 U125.252
G1 X153.921 Y87.247 E.04493 U125.888
G1 X154.849 Y87.558 E.06918 U126.867
G1 X155.753 Y87.914 E.06868 U127.838
G1 X156.637 Y88.317 E.06868 U128.81
G1 X157.499 Y88.765 E.06867 U129.781
G1 X158.342 Y89.262 E.06918 U130.76
M73 P26 R32
G1 X159.405 Y89.979 E.09064 U132.042
M73 P26 R31
G1 X160.181 Y90.575 E.06917 U133.02
G1 X160.92 Y91.206 E.06869 U133.992
G1 X161.63 Y91.879 E.06915 U134.97
G1 X162.071 Y92.336 E.04489 U135.606
G1 X162.719 Y93.069 E.06916 U136.584
G1 X163.324 Y93.829 E.06867 U137.555
G1 X163.888 Y94.62 E.06867 U138.527
G1 X164.411 Y95.44 E.06875 U139.499
G1 X164.892 Y96.291 E.0691 U140.477
G1 X165.181 Y96.857 E.04492 U141.112
G1 X165.589 Y97.753 E.06959 U142.097
G1 X165.827 Y98.342 E.04491 U142.732
G1 X166.153 Y99.264 E.06913 U143.71
G1 X166.429 Y100.196 E.06871 U144.682
G1 X166.656 Y101.141 E.0687 U145.654
G1 X166.833 Y102.096 E.06866 U146.625
G1 X166.96 Y103.06 E.06873 U147.598
G1 X167.036 Y104.029 E.06871 U148.57
G1 X167.051 Y105.642 E.11402 U150.183
G1 X166.991 Y106.618 E.06912 U151.161
G1 X166.881 Y107.583 E.06866 U152.132
G1 X166.721 Y108.542 E.06873 U153.104
G1 X166.51 Y109.491 E.06872 U154.076
G1 X166.251 Y110.427 E.06865 U155.047
G1 X165.942 Y111.349 E.06874 U156.02
G1 X165.584 Y112.259 E.06912 U156.998
G1 X165.326 Y112.839 E.04487 U157.632
G1 X164.889 Y113.714 E.06914 U158.611
G1 X164.411 Y114.56 E.06869 U159.582
G1 X163.888 Y115.38 E.06875 U160.555
G1 X163.322 Y116.174 E.06893 U161.53
G1 X162.881 Y116.735 E.05044 U162.243
G1 X162.295 Y117.42 E.06372 U163.145
G1 X161.621 Y118.13 E.0692 U164.124
G1 X161.164 Y118.571 E.04489 U164.759
G1 X160.431 Y119.219 E.06916 U165.737
G1 X159.671 Y119.824 E.06867 U166.709
G1 X158.875 Y120.392 E.06912 U167.687
G1 X158.342 Y120.738 E.04492 U168.322
G1 X157.499 Y121.235 E.06918 U169.301
G1 X156.637 Y121.683 E.06867 U170.272
G1 X155.753 Y122.086 E.06868 U171.244
G1 X154.849 Y122.442 E.06868 U172.215
G1 X153.921 Y122.753 E.06918 U173.194
G1 X153.31 Y122.928 E.04493 U173.83
G1 X152.359 Y123.156 E.06913 U174.807
G1 X151.404 Y123.333 E.06866 U175.779
G1 X150.44 Y123.46 E.06873 U176.751
G1 X149.471 Y123.536 E.06871 U177.723
G1 X148.5 Y123.562 E.06866 U178.694
G1 X147.529 Y123.536 E.06866 U179.666
G1 X146.56 Y123.46 E.06871 U180.638
G1 X145.596 Y123.333 E.06873 U181.61
G1 X144.641 Y123.156 E.06866 U182.581
G1 X143.69 Y122.928 E.06913 U183.559
G1 X143.079 Y122.753 E.04493 U184.195
G1 X142.151 Y122.442 E.06918 U185.174
G1 X141.241 Y122.084 E.06912 U186.151
G1 X140.661 Y121.826 E.04487 U186.786
G1 X139.786 Y121.389 E.06914 U187.764
G1 X138.94 Y120.911 E.06869 U188.736
G1 X138.12 Y120.388 E.06875 U189.709
G1 X137.326 Y119.822 E.06893 U190.684
G1 X136.765 Y119.381 E.05044 U191.397
G1 X136.08 Y118.795 E.06372 U192.299
G1 X135.375 Y118.125 E.06875 U193.271
G1 X134.706 Y117.42 E.0687 U194.243
G1 X134.075 Y116.681 E.06869 U195.215
G1 X133.48 Y115.907 E.06901 U196.191
G1 X133.073 Y115.322 E.05038 U196.904
G1 X132.59 Y114.561 E.06371 U197.805
G1 X132.111 Y113.714 E.06878 U198.778
G1 X131.677 Y112.845 E.06866 U199.75
G1 X131.287 Y111.948 E.06914 U200.728
G1 X131.06 Y111.354 E.04495 U201.364
G1 X130.749 Y110.427 E.06912 U202.341
G1 X130.49 Y109.491 E.06865 U203.313
G1 X130.278 Y108.537 E.06908 U204.29
G1 X130.156 Y107.835 E.05037 U205.002
G1 X130.04 Y106.941 E.06372 U205.904
G1 X129.964 Y105.971 E.06878 U206.877
G1 X129.938 Y104.994 E.06909 U207.854
G1 X129.949 Y104.358 E.04496 U208.49
G1 X130.009 Y103.382 E.06912 U209.468
G1 X130.119 Y102.417 E.06866 U210.439
G1 X130.279 Y101.458 E.06873 U211.412
G1 X130.49 Y100.509 E.06872 U212.384
G1 X130.749 Y99.573 E.06865 U213.355
G1 X131.059 Y98.647 E.06903 U214.331
G1 X131.316 Y97.983 E.05033 U215.043
G1 X131.677 Y97.156 E.06379 U215.946
G1 X132.111 Y96.286 E.06873 U216.918
G1 X132.589 Y95.44 E.06869 U217.89
G1 X133.112 Y94.62 E.06875 U218.862
G1 X133.678 Y93.826 E.06893 U219.837
G1 X134.119 Y93.265 E.05044 U220.551
G1 X134.705 Y92.58 E.06372 U221.453
G1 X135.375 Y91.875 E.06875 U222.425
G1 X136.083 Y91.203 E.069 U223.401
G1 X136.622 Y90.737 E.05037 U224.114
G1 X137.328 Y90.176 E.06374 U225.015
G1 X138.12 Y89.612 E.06873 U225.988
G1 X138.94 Y89.089 E.06875 U226.96
G1 X139.786 Y88.611 E.06869 U227.932
G1 X140.655 Y88.177 E.06866 U228.903
G1 X141.552 Y87.787 E.06914 U229.882
G1 X142.146 Y87.56 E.04495 U230.517
G1 X143.073 Y87.249 E.06912 U231.495
G1 X144.009 Y86.99 E.06865 U232.466
G1 X144.958 Y86.779 E.06872 U233.439
G1 X145.917 Y86.619 E.06873 U234.411
G1 X146.882 Y86.509 E.06866 U235.382
G1 X147.857 Y86.449 E.06905 U236.359
G1 X148.469 Y86.44 E.04327 U236.971
G1 X148.494 Y86.971 F12000 U237.503
G1 F705.78
G1 X148.566 Y86.97 E.00509 U237.575
G1 X149.442 Y86.994 E.06195 U238.451
G1 X150.385 Y87.068 E.06686 U239.397
G1 X151.321 Y87.192 E.06674 U240.341
G1 X152.249 Y87.364 E.06672 U241.285
G1 X153.175 Y87.586 E.06731 U242.237
G1 X153.763 Y87.755 E.04325 U242.849
G1 X154.667 Y88.057 E.06737 U243.802
G1 X155.545 Y88.403 E.06671 U244.746
G1 X156.404 Y88.794 E.06672 U245.689
G1 X157.241 Y89.23 E.06671 U246.633
G1 X158.062 Y89.714 E.06737 U247.586
G1 X159.091 Y90.408 E.08774 U248.827
G1 X159.847 Y90.988 E.06736 U249.78
G1 X160.565 Y91.601 E.06674 U250.724
G1 X161.256 Y92.257 E.06735 U251.677
G1 X161.681 Y92.697 E.04324 U252.289
G1 X162.312 Y93.41 E.0673 U253.241
G1 X162.9 Y94.149 E.06676 U254.185
G1 X163.448 Y94.918 E.06675 U255.13
G1 X163.955 Y95.714 E.06671 U256.073
G1 X164.424 Y96.543 E.06733 U257.026
G1 X164.702 Y97.088 E.04325 U257.638
G1 X165.101 Y97.963 E.06798 U258.599
G1 X165.33 Y98.53 E.04323 U259.211
G1 X165.648 Y99.428 E.06734 U260.164
G1 X165.916 Y100.333 E.06672 U261.107
G1 X166.136 Y101.251 E.06673 U262.051
G1 X166.308 Y102.179 E.06672 U262.995
G1 X166.432 Y103.115 E.06674 U263.939
G1 X166.506 Y104.056 E.06672 U264.883
G1 X166.52 Y105.621 E.11063 U266.448
G1 X166.462 Y106.571 E.06728 U267.4
G1 X166.355 Y107.509 E.06674 U268.344
G1 X166.199 Y108.44 E.06673 U269.288
G1 X165.995 Y109.362 E.06675 U270.232
G1 X165.743 Y110.272 E.06675 U271.177
G1 X165.443 Y111.167 E.06673 U272.121
G1 X165.094 Y112.053 E.06731 U273.073
G1 X164.845 Y112.612 E.04326 U273.685
G1 X164.42 Y113.465 E.06737 U274.638
G1 X163.955 Y114.286 E.0667 U275.581
G1 X163.448 Y115.082 E.06671 U276.525
G1 X162.896 Y115.856 E.0672 U277.476
G1 X162.471 Y116.398 E.04869 U278.165
G1 X161.9 Y117.064 E.06201 U279.042
G1 X161.243 Y117.756 E.06745 U279.996
G1 X160.803 Y118.181 E.04324 U280.608
G1 X160.09 Y118.812 E.0673 U281.56
G1 X159.351 Y119.4 E.06676 U282.504
G1 X158.575 Y119.953 E.06736 U283.457
G1 X158.062 Y120.286 E.04323 U284.069
G1 X157.241 Y120.77 E.06737 U285.022
G1 X156.404 Y121.206 E.06671 U285.966
G1 X155.545 Y121.597 E.06672 U286.909
G1 X154.667 Y121.943 E.06671 U287.853
G1 X153.763 Y122.245 E.06737 U288.806
G1 X153.175 Y122.414 E.04325 U289.418
G1 X152.249 Y122.636 E.06731 U290.37
G1 X151.321 Y122.808 E.06672 U291.314
G1 X150.385 Y122.932 E.06674 U292.258
G1 X149.444 Y123.006 E.06672 U293.202
G1 X148.5 Y123.03 E.06675 U294.146
G1 X147.556 Y123.006 E.06675 U295.091
G1 X146.615 Y122.932 E.06672 U296.035
G1 X145.679 Y122.808 E.06674 U296.979
G1 X144.751 Y122.636 E.06672 U297.923
G1 X143.825 Y122.414 E.06731 U298.875
G1 X143.237 Y122.245 E.04325 U299.487
G1 X142.333 Y121.943 E.06737 U300.44
CUT
G1 X141.447 Y121.594 E.06731
G1 X140.888 Y121.345 E.04326
G1 X140.035 Y120.92 E.06737
G1 X139.214 Y120.455 E.0667
G1 X138.418 Y119.948 E.06671
G1 X137.644 Y119.396 E.0672
G1 X137.102 Y118.971 E.04869
G1 X136.436 Y118.4 E.06201
G1 X135.751 Y117.749 E.0668
G1 X135.101 Y117.065 E.0667
G1 X134.488 Y116.347 E.06674
G1 X133.91 Y115.593 E.06716
G1 X133.516 Y115.028 E.04869
G1 X133.046 Y114.288 E.06197
G1 X132.58 Y113.465 E.06685
G1 X132.159 Y112.62 E.06673
G1 X131.779 Y111.746 E.06737
G1 X131.56 Y111.175 E.04323
G1 X131.257 Y110.272 E.06733
G1 X131.005 Y109.362 E.06675
G1 X130.8 Y108.434 E.06718
G1 X130.682 Y107.756 E.04865
G1 X130.569 Y106.886 E.06202
G1 X130.494 Y105.944 E.0668
G1 X130.469 Y104.991 E.06739
G1 X130.48 Y104.379 E.04327
G1 X130.538 Y103.429 E.06728
G1 X130.645 Y102.491 E.06674
G1 X130.801 Y101.56 E.06673
G1 X131.005 Y100.638 E.06675
G1 X131.257 Y99.728 E.06675
G1 X131.559 Y98.828 E.06711
G1 X131.808 Y98.185 E.04874
G1 X132.158 Y97.381 E.06198
G1 X132.58 Y96.535 E.06683
G1 X133.045 Y95.714 E.0667
G1 X133.552 Y94.918 E.06671
G1 X134.104 Y94.144 E.0672
G1 X134.529 Y93.602 E.04869
G1 X135.1 Y92.936 E.06201
G1 X135.751 Y92.251 E.0668
G1 X136.44 Y91.597 E.06715
G1 X136.961 Y91.146 E.04871
G1 X137.648 Y90.601 E.06199
G1 X138.418 Y90.052 E.06685
G1 X139.214 Y89.545 E.06671
G1 X140.035 Y89.08 E.0667
G1 X140.88 Y88.659 E.06673
G1 X141.754 Y88.279 E.06737
G1 X142.325 Y88.06 E.04323
G1 X143.228 Y87.757 E.06733
G1 X144.138 Y87.505 E.06675
G1 X145.06 Y87.301 E.06675
G1 X145.991 Y87.145 E.06673
G1 X146.929 Y87.038 E.06674
G1 X147.877 Y86.98 E.06714
G1 X148.464 Y86.972 E.0415
G1 E-8 F1500
G1 Z1.48 F3000
G1 X136.622 Y91.798 F12000
G1 Z1.28 F3000
G1 E10 F1500
;TYPE:Solid infill
G1 E-30 F1500
G1 Z6.28 F300.0
G1 F12000.0
T0
G1 Z1.28 F300.0
G1 E32.0 F1500
G1 F12000.0
;WIDTH:0.578673
G1 F735.294
G1 X135.302 Y93.119 E.12671
G1 X136.405 Y92.01 E.10613
G1 E-8 F1500
G1 Z1.48 F3000
G1 X139.052 Y90.12 F12000
G1 Z1.28 F3000
G1 E10 F1500
G1 F735.294
G1 X139.007 Y90.075 E.00432
G1 X138.946 Y90.091 E.00428
G1 X138.929 Y90.153 E.00436
G1 X138.974 Y90.198 E.00432
G1 X139.036 Y90.182 E.00434
;WIDTH:0.626836
G1 F671.846
G1 X138.799 Y90.333 E.02087
;WIDTH:0.675
G1 F618.478
G1 X138.562 Y90.485 E.02271
G1 X133.985 Y95.062 E.52214
G1 X133.833 Y95.299 E.02271
;WIDTH:0.626836
G1 F671.846
G1 X133.682 Y95.536 E.02087
;WIDTH:0.578673
G1 F735.294
G1 X133.62 Y95.552 E.00434
G1 X133.575 Y95.507 E.00432
G1 X133.591 Y95.446 E.00428
G1 X133.653 Y95.429 E.00436
G1 X133.698 Y95.474 E.00432
G1 E-8 F1500
G1 Z1.48 F3000
G1 X132.522 Y97.549 F12000
G1 Z1.28 F3000
G1 E10 F1500
G1 F735.294
G1 X132.477 Y97.504 E.00432
G1 X132.415 Y97.52 E.00434
G1 X132.399 Y97.582 E.00434
G1 X132.444 Y97.627 E.00432
G1 X132.505 Y97.61 E.0043
;WIDTH:0.626836
G1 F671.846
G1 X132.636 Y97.374 E.02004
;WIDTH:0.675
G1 F618.478
G1 X132.768 Y97.137 E.02188
G1 X140.637 Y89.268 E.89769
G1 E-8 F1500
G1 Z1.48 F3000
G1 X142.179 Y88.583 F12000
G1 Z1.28 F3000
G1 E10 F1500
G1 F618.478
G1 X132.085 Y98.677 E1.15151
G1 X131.971 Y98.914 E.02121
M73 P27 R31
;WIDTH:0.626836
G1 F671.846
G1 X131.858 Y99.151 E.0195
;WIDTH:0.578673
G1 F735.294
G1 X131.796 Y99.167 E.00434
G1 X131.751 Y99.122 E.00432
G1 X131.768 Y99.061 E.0043
G1 X131.829 Y99.044 E.0043
G1 X131.874 Y99.089 E.00432
G1 E-8 F1500
G1 Z1.48 F3000
G1 X131.126 Y101.053 F12000
G1 Z1.28 F3000
G1 E10 F1500
G1 F735.294
G1 X131.34 Y100.216 E.05862
;WIDTH:0.626836
G1 F671.846
G1 X131.49 Y100.097 E.01422
;WIDTH:0.675
G1 F618.478
G1 X131.641 Y99.978 E.01551
G1 X143.478 Y88.141 E1.35035
G1 X143.716 Y87.84 E.03095
;WIDTH:0.578673
G1 F735.294
G1 X144.553 Y87.626 E.05862
;WIDTH:0.626836
G1 F671.846
G1 X144.594 Y87.734 E.00858
;WIDTH:0.675
G1 F618.478
G1 X144.635 Y87.842 E.00932
G1 X131.342 Y101.135 E1.51645
G1 X131.136 Y102.198 E.08734
G1 X145.698 Y87.636 E1.66122
G1 X146.687 Y87.505 E.08048
G1 X131.005 Y103.187 E1.78899
G1 X130.933 Y104.116 E.07516
G1 X147.616 Y87.433 E1.90318
G1 X148.491 Y87.415 E.0706
G1 X130.906 Y105.001 E2.00614
G1 X130.928 Y105.836 E.06738
G1 X149.336 Y87.427 E2.10002
G1 X150.135 Y87.486 E.06463
G1 X130.986 Y106.635 E2.1845
G1 X131.076 Y107.403 E.06238
G1 X150.903 Y87.576 E2.26185
G1 X151.642 Y87.695 E.06038
G1 X131.192 Y108.145 E2.33292
G1 X131.339 Y108.855 E.05849
G1 X152.356 Y87.838 E2.3976
G1 X153.047 Y88.004 E.05733
M73 P28 R31
G1 X131.508 Y109.543 E2.45715
G1 X131.697 Y110.212 E.05608
G1 X153.712 Y88.197 E2.51145
G1 X154.354 Y88.412 E.05461
M73 P28 R30
G1 X131.912 Y110.854 E2.56016
G1 X132.144 Y111.48 E.05385
G1 X154.976 Y88.648 E2.60465
G1 X155.582 Y88.899 E.05291
G1 X132.4 Y112.081 E2.64458
G1 X132.67 Y112.668 E.05212
G1 X156.171 Y89.167 E2.68097
G1 X156.737 Y89.459 E.05137
G1 X132.956 Y113.241 E2.71297
G1 X133.265 Y113.789 E.05075
G1 X157.289 Y89.765 E2.74064
G1 X157.829 Y90.082 E.05051
M73 P29 R30
G1 X133.586 Y114.325 E2.76562
G1 X133.921 Y114.847 E.05003
G1 X158.348 Y90.42 E2.78661
G1 X158.852 Y90.774 E.04968
G1 X134.274 Y115.352 E2.80383
G1 X134.646 Y115.837 E.04931
G1 X159.337 Y91.146 E2.81673
G1 X159.811 Y91.53 E.04921
G1 X135.03 Y116.311 E2.82699
G1 X135.425 Y116.773 E.04903
G1 X160.273 Y91.925 E2.83464
G1 X160.713 Y92.343 E.04896
G1 X135.843 Y117.213 E2.83715
G1 X136.271 Y117.642 E.04888
M73 P30 R30
G1 X161.144 Y92.769 E2.83749
G1 X161.557 Y93.214 E.04897
G1 X136.711 Y118.06 E2.83441
G1 X137.172 Y118.456 E.04902
G1 X161.959 Y93.669 E2.82768
G1 X162.34 Y94.146 E.04925
G1 X137.644 Y118.842 E2.8173
G1 X138.134 Y119.21 E.04943
G1 X162.71 Y94.634 E2.80361
G1 X163.067 Y95.134 E.04956
M73 P30 R29
G1 X138.634 Y119.567 E2.78729
G1 X139.157 Y119.902 E.0501
G1 X163.402 Y95.657 E2.76585
G1 X163.724 Y96.191 E.0503
G1 X139.691 Y120.224 E2.74166
G1 X140.239 Y120.534 E.05079
M73 P31 R29
G1 X164.034 Y96.739 E2.71451
G1 X164.323 Y97.308 E.05148
G1 X140.811 Y120.82 E2.68223
G1 X141.395 Y121.093 E.052
G1 X164.591 Y97.897 E2.64618
G1 X164.847 Y98.499 E.05277
G1 X142.002 Y121.344 E2.60614
G1 X142.623 Y121.58 E.05359
G1 X165.078 Y99.125 E2.56165
G1 X165.294 Y99.767 E.05464
G1 X143.265 Y121.795 E2.51299
G1 X143.928 Y121.99 E.05575
G1 X165.489 Y100.429 E2.45966
G1 X165.656 Y101.119 E.05727
G1 X144.619 Y122.156 E2.39988
G1 X145.332 Y122.301 E.05869
M73 P32 R29
G1 X165.801 Y101.832 E2.33508
G1 X165.92 Y102.57 E.0603
G1 X146.07 Y122.42 E2.26447
G1 X146.836 Y122.512 E.06223
G1 X166.012 Y103.336 E2.18758
G1 X166.072 Y104.134 E.06455
G1 X147.634 Y122.572 E2.10339
G1 X148.47 Y122.593 E.06746
G1 X166.093 Y104.97 E2.01042
G1 X166.069 Y105.851 E.07109
G1 X149.348 Y122.572 E1.90752
G1 X150.275 Y122.503 E.07498
G1 X165.999 Y106.779 E1.79378
G1 X165.87 Y107.765 E.08021
G1 X151.259 Y122.376 E1.66681
G1 E-8 F1500
G1 Z1.48 F3000
G1 X165.671 Y109.741 F12000
G1 Z1.28 F3000
G1 E10 F1500
;WIDTH:0.578673
G1 F735.294
G1 X165.879 Y108.922 E.05733
;WIDTH:0.675
G1 F618.478
G1 X165.667 Y108.826 E.01877
G1 X152.323 Y122.17 E1.52227
G1 X152.569 Y122.225 E.02033
M73 P32 R28
;WIDTH:0.626836
G1 F671.846
G1 X152.816 Y122.28 E.01879
;WIDTH:0.578673
G1 F735.294
G1 X153.239 Y122.173 E.0296
;WIDTH:0.675
G1 F618.478
G1 X153.476 Y121.874 E.03078
G1 X165.371 Y109.979 E1.35697
G1 X165.264 Y110.832 E.06935
M73 P33 R28
;WIDTH:0.578673
G1 F735.294
G1 X165.219 Y110.786 E.00437
G1 X165.157 Y110.803 E.00436
G1 X165.141 Y110.865 E.00434
G1 X165.186 Y110.91 E.00432
G1 X165.247 Y110.893 E.0043
;WIDTH:0.626836
G1 F671.846
G1 X165.089 Y111.085 E.01846
;WIDTH:0.675
G1 F618.478
G1 X164.931 Y111.277 E.02006
G1 X154.777 Y121.431 E1.15836
G1 X154.585 Y121.59 E.02011
;WIDTH:0.626836
G1 F671.846
G1 X154.393 Y121.748 E.01846
;WIDTH:0.578673
G1 F735.294
G1 X154.332 Y121.765 E.0043
G1 X154.286 Y121.72 E.00437
G1 X154.303 Y121.658 E.00436
G1 X154.365 Y121.642 E.00434
G1 X154.41 Y121.687 E.00432
G1 E-8 F1500
G1 Z1.48 F3000
G1 X155.91 Y121.117 F12000
G1 Z1.28 F3000
G1 E10 F1500
G1 F735.294
G1 X155.849 Y121.133 E.00428
G1 X155.804 Y121.088 E.00432
G1 X155.82 Y121.027 E.00428
G1 X155.882 Y121.01 E.00436
G1 X155.927 Y121.055 E.00432
;WIDTH:0.626836
G1 F671.846
G1 X156.11 Y120.913 E.0172
;WIDTH:0.675
G1 F618.478
G1 X156.294 Y120.771 E.01875
G1 X164.438 Y112.611 E.92997
;WIDTH:0.626836
G1 F671.846
G1 X164.614 Y112.419 E.01934
;WIDTH:0.578673
G1 F735.294
G1 X164.552 Y112.435 E.00434
G1 X164.507 Y112.39 E.00432
G1 X164.524 Y112.329 E.0043
G1 X164.585 Y112.312 E.0043
G1 X164.63 Y112.357 E.00432
G1 E-8 F1500
G1 Z1.48 F3000
G1 X163.496 Y114.388 F12000
G1 Z1.28 F3000
G1 E10 F1500
G1 F735.294
G1 X163.45 Y114.343 E.00437
G1 X163.389 Y114.359 E.00428
G1 X163.372 Y114.421 E.00436
G1 X163.417 Y114.466 E.00432
G1 X163.479 Y114.449 E.00436
;WIDTH:0.626836
G1 F671.846
G1 X163.284 Y114.641 E.02032
;WIDTH:0.675
G1 F618.478
G1 X158.331 Y119.591 E.56486
G1 X158.148 Y119.754 E.01977
;WIDTH:0.626836
G1 F671.846
G1 X157.964 Y119.916 E.0182
;WIDTH:0.578673
G1 F735.294
G1 X157.919 Y119.871 E.00432
G1 X157.858 Y119.887 E.00428
G1 X157.841 Y119.949 E.00436
G1 X157.886 Y119.994 E.00432
G1 X157.948 Y119.977 E.00436
G1 E-8 F1500
G1 Z1.48 F3000
G1 X159.225 Y119.233 F12000
G1 Z1.28 F3000
G1 E10 F1500
G1 F735.294
G1 X159.922 Y118.612 E.06334
G1 X161.034 Y117.548 E.10442
G1 X161.69 Y116.874 E.06382
G1 X162.728 Y115.731 E.10476
;LAYER_CHANGE
;Z:1.6
;HEIGHT:0.32

G1 E-8 F1500
G1 Z1.6 F3000
;AFTER_LAYER_CHANGE
;1.6
G92 E0
_ON_LAYER_CHANGE LAYER=5
G1 Z1.8
G1 X148.508 Y85.34 F12000
G1 Z1.6 F3000
G1 E10 F1500
;TYPE:External perimeter
;WIDTH:0.675
G1 F618.478
G1 X148.598 Y85.338 E.00726
G1 X149.529 Y85.365 E.07513
G1 X150.555 Y85.445 E.08301
G1 X151.576 Y85.58 E.08308
G1 X152.589 Y85.768 E.08311
G1 X153.255 Y85.921 E.05512
G1 X154.249 Y86.197 E.08322
G1 X155.225 Y86.523 E.08301
G1 X156.183 Y86.901 E.08308
G1 X157.12 Y87.328 E.08306
G1 X157.817 Y87.686 E.06321
G1 X158.627 Y88.146 E.07514
G1 X159.496 Y88.7 E.08313
G1 X160.056 Y89.092 E.05514
G1 X160.874 Y89.719 E.08314
G1 X161.657 Y90.388 E.08308
G1 X162.403 Y91.097 E.08302
G1 X163.112 Y91.843 E.08302
G1 X163.781 Y92.626 E.08308
G1 X164.408 Y93.443 E.08308
G1 X164.855 Y94.087 E.06324
G1 X165.354 Y94.873 E.0751
G1 X165.861 Y95.769 E.08305
G1 X166.32 Y96.69 E.08301
G1 X166.731 Y97.636 E.0832
G1 X166.976 Y98.274 E.05513
G1 X167.303 Y99.251 E.08311
G1 X167.578 Y100.243 E.08304
G1 X167.801 Y101.248 E.08304
G1 X167.971 Y102.265 E.08318
G1 X168.055 Y102.943 E.05511
G1 X168.135 Y103.971 E.08318
G1 X168.162 Y105 E.08303
G1 X168.135 Y106.03 E.08311
G1 X168.088 Y106.712 E.05514
G1 X167.971 Y107.736 E.08314
G1 X167.801 Y108.752 E.0831
G1 X167.578 Y109.757 E.08304
G1 X167.303 Y110.749 E.08304
G1 X166.977 Y111.725 E.08301
G1 X166.599 Y112.684 E.08315
G1 X166.321 Y113.308 E.05511
G1 X165.861 Y114.231 E.08319
G1 X165.354 Y115.127 E.08305
G1 X164.8 Y115.996 E.08313
G1 X164.408 Y116.556 E.05514
G1 X163.781 Y117.374 E.08314
G1 X163.112 Y118.157 E.08308
G1 X162.402 Y118.904 E.08313
G1 X161.911 Y119.379 E.05511
G1 X161.139 Y120.062 E.08315
G1 X160.333 Y120.703 E.08307
G1 X159.495 Y121.301 E.08304
G1 X158.627 Y121.854 E.08302
G1 X157.731 Y122.361 E.08305
G1 X156.81 Y122.82 E.08301
G1 X155.864 Y123.231 E.0832
G1 X155.226 Y123.476 E.05513
G1 X154.249 Y123.803 E.08311
G1 X153.257 Y124.078 E.08304
G1 X152.252 Y124.301 E.08304
G1 X151.235 Y124.471 E.08318
G1 X150.557 Y124.555 E.05511
G1 X149.529 Y124.635 E.08318
G1 X148.499 Y124.662 E.08311
G1 X147.815 Y124.65 E.05518
G1 X146.786 Y124.588 E.08316
G1 X145.764 Y124.471 E.08298
G1 X144.747 Y124.301 E.08318
G1 X144.078 Y124.159 E.05517
G1 X143.08 Y123.901 E.08315
G1 X142.099 Y123.591 E.08299
G1 X141.134 Y123.231 E.08308
G1 X140.19 Y122.82 E.08305
G1 X139.269 Y122.361 E.08301
G1 X138.372 Y121.853 E.08316
G1 X137.709 Y121.436 E.06318
G1 X136.943 Y120.907 E.07509
G1 X136.126 Y120.281 E.08303
G1 X135.343 Y119.612 E.08308
G1 X134.597 Y118.903 E.08302
G1 X133.888 Y118.157 E.08302
G1 X133.218 Y117.373 E.08319
G1 X132.798 Y116.834 E.05512
G1 X132.199 Y115.995 E.08316
G1 X131.646 Y115.127 E.08302
G1 X131.139 Y114.231 E.08305
G1 X130.679 Y113.309 E.08312
G1 X130.363 Y112.592 E.06321
G1 X130.023 Y111.725 E.07512
G1 X129.697 Y110.749 E.08301
G1 X129.422 Y109.757 E.08304
G1 X129.199 Y108.752 E.08304
G1 X129.029 Y107.736 E.0831
G1 X128.936 Y106.958 E.0632
G1 X128.865 Y106.029 E.07516
G1 X128.838 Y105 E.08303
G1 X128.865 Y103.971 E.08303
G1 X128.945 Y102.945 E.08301
G1 X129.08 Y101.924 E.08308
G1 X129.268 Y100.911 E.08311
G1 X129.421 Y100.245 E.05512
G1 X129.697 Y99.251 E.08322
G1 X130.023 Y98.275 E.08301
G1 X130.401 Y97.316 E.08315
G1 X130.722 Y96.602 E.06315
G1 X131.139 Y95.769 E.07514
G1 X131.646 Y94.873 E.08305
G1 X132.199 Y94.005 E.08302
G1 X132.798 Y93.166 E.08316
G1 X133.218 Y92.627 E.05512
G1 X133.888 Y91.843 E.08319
G1 X134.597 Y91.097 E.08302
G1 X135.343 Y90.388 E.08302
G1 X136.126 Y89.719 E.08308
G1 X136.944 Y89.092 E.08314
G1 X137.587 Y88.645 E.06317
G1 X138.373 Y88.146 E.0751
G1 X139.269 Y87.639 E.08305
G1 X140.19 Y87.18 E.08301
G1 X141.136 Y86.769 E.0832
G1 X141.774 Y86.524 E.05513
G1 X142.751 Y86.197 E.08311
G1 X143.743 Y85.922 E.08304
G1 X144.748 Y85.699 E.08304
G1 X145.764 Y85.529 E.0831
G1 X146.786 Y85.412 E.08298
G1 X147.815 Y85.35 E.08316
G1 X148.478 Y85.34 E.05349
G1 X149.078 Y85.352 F12000
G1 X148.503 Y85.909
;TYPE:Perimeter
G1 E-30 F1500
G1 Z6.6 F300.0
G1 F12000.0
T1
G1 Z1.6 F300.0
PRIME_FIBRE
G1 E45.0 F1500
G1 F12000.0
;WIDTH:0.6
G1 F705.78
G1 X148.594 Y85.907 E.00643
G1 X149.498 Y85.933 E.06393 U0.904
G1 X150.496 Y86.011 E.07076 U1.905
G1 X151.487 Y86.142 E.07066 U2.905
G1 X152.474 Y86.325 E.07096 U3.909
G1 X153.115 Y86.473 E.0465 U4.567
G1 X154.082 Y86.741 E.07093 U5.57
G1 X155.03 Y87.058 E.07066 U6.57
G1 X155.96 Y87.424 E.07065 U7.569
G1 X156.872 Y87.84 E.07086 U8.572
G1 X157.547 Y88.186 E.05362 U9.33
G1 X158.333 Y88.633 E.06392 U10.234
G1 X159.18 Y89.173 E.07101 U11.239
G1 X159.72 Y89.551 E.04659 U11.898
G1 X160.516 Y90.162 E.07093 U12.901
G1 X161.276 Y90.811 E.07065 U13.901
G1 X162.001 Y91.499 E.07065 U14.9
G1 X162.689 Y92.224 E.07065 U15.9
G1 X163.338 Y92.984 E.07065 U16.899
G1 X163.948 Y93.779 E.07083 U17.901
G1 X164.381 Y94.402 E.05363 U18.66
G1 X164.866 Y95.165 E.06391 U19.564
G1 X165.358 Y96.036 E.07071 U20.564
G1 X165.804 Y96.931 E.07069 U21.564
G1 X166.205 Y97.851 E.07094 U22.568
G1 X166.441 Y98.466 E.04656 U23.227
G1 X166.759 Y99.418 E.07095 U24.23
G1 X167.026 Y100.381 E.07064 U25.23
G1 X167.243 Y101.357 E.07068 U26.23
G1 X167.408 Y102.347 E.07095 U27.233
G1 X167.488 Y103 E.0465 U27.891
G1 X167.528 Y103.502 E.0356 U28.395
G1 X167.593 Y105 E.10599 U29.894
G1 X167.567 Y106.003 E.07092 U30.897
G1 X167.521 Y106.66 E.04656 U31.556
G1 X167.408 Y107.657 E.07093 U32.559
G1 X167.243 Y108.643 E.07067 U33.559
G1 X167.026 Y109.619 E.07068 U34.559
G1 X166.759 Y110.582 E.07064 U35.558
G1 X166.442 Y111.53 E.07066 U36.558
G1 X166.074 Y112.464 E.07096 U37.562
G1 X165.806 Y113.066 E.04658 U38.221
G1 X165.358 Y113.964 E.07094 U39.224
G1 X164.866 Y114.834 E.07065 U40.224
G1 X164.327 Y115.68 E.07091 U41.227
G1 X163.949 Y116.22 E.04659 U41.886
G1 X163.338 Y117.016 E.07093 U42.89
G1 X162.689 Y117.776 E.07065 U43.889
G1 X161.998 Y118.504 E.07095 U44.893
G1 X161.525 Y118.961 E.04649 U45.55
G1 X160.773 Y119.626 E.07096 U46.554
G1 X159.991 Y120.249 E.07068 U47.554
G1 X159.177 Y120.829 E.07065 U48.554
G1 X158.334 Y121.366 E.07065 U49.553
G1 X157.464 Y121.858 E.07065 U50.553
G1 X156.569 Y122.304 E.07069 U51.552
G1 X155.649 Y122.705 E.07094 U52.556
G1 X155.034 Y122.941 E.04656 U53.215
G1 X154.082 Y123.259 E.07095 U54.219
G1 X153.119 Y123.526 E.07064 U55.218
G1 X152.143 Y123.743 E.07068 U56.218
G1 X151.153 Y123.908 E.07095 U57.221
G1 X150.5 Y123.988 E.0465 U57.879
G1 X149.499 Y124.067 E.07098 U58.883
G1 X148.496 Y124.093 E.07092 U59.887
G1 X147.838 Y124.082 E.04652 U60.545
G1 X146.836 Y124.021 E.07096 U61.549
G1 X145.843 Y123.908 E.07065 U62.548
G1 X144.853 Y123.742 E.07096 U63.552
G1 X144.209 Y123.605 E.04654 U64.21
M73 P34 R28
G1 X143.237 Y123.354 E.07096 U65.214
G1 X142.284 Y123.053 E.07065 U66.214
G1 X141.348 Y122.703 E.07064 U67.213
G1 X140.431 Y122.304 E.07069 U68.213
G1 X139.536 Y121.858 E.07069 U69.213
G1 X138.664 Y121.365 E.07081 U70.215
G1 X138.022 Y120.961 E.05362 U70.973
G1 X137.278 Y120.447 E.06392 U71.877
G1 X136.484 Y119.838 E.07073 U72.878
G1 X135.724 Y119.189 E.07065 U73.877
G1 X134.999 Y118.501 E.07065 U74.877
G1 X134.311 Y117.776 E.07065 U75.876
G1 X133.659 Y117.013 E.07094 U76.88
G1 X133.254 Y116.494 E.04654 U77.538
G1 X132.671 Y115.677 E.07095 U78.542
G1 X132.134 Y114.834 E.07065 U79.542
G1 X131.642 Y113.964 E.07065 U80.541
G1 X131.194 Y113.067 E.07088 U81.544
G1 X130.888 Y112.373 E.05361 U82.302
G1 X130.558 Y111.531 E.06393 U83.207
G1 X130.241 Y110.582 E.07073 U84.207
G1 X129.974 Y109.619 E.07064 U85.206
G1 X129.757 Y108.643 E.07068 U86.206
G1 X129.592 Y107.655 E.07081 U87.208
G1 X129.502 Y106.902 E.05361 U87.966
G1 X129.433 Y106 E.06395 U88.871
G1 X129.407 Y105 E.07071 U89.871
G1 X129.433 Y104.001 E.07064 U90.871
G1 X129.511 Y103.004 E.07069 U91.871
G1 X129.642 Y102.013 E.07066 U92.87
G1 X129.825 Y101.026 E.07096 U93.874
G1 X129.973 Y100.385 E.0465 U94.532
G1 X130.241 Y99.418 E.07093 U95.535
G1 X130.558 Y98.47 E.07066 U96.535
G1 X130.925 Y97.537 E.07087 U97.538
G1 X131.236 Y96.846 E.05356 U98.295
G1 X131.641 Y96.037 E.06395 U99.2
G1 X132.134 Y95.166 E.07075 U100.201
G1 X132.671 Y94.323 E.07065 U101.2
G1 X133.254 Y93.506 E.07095 U102.204
G1 X133.659 Y92.987 E.04654 U102.862
G1 X134.311 Y92.224 E.07094 U103.866
G1 X134.999 Y91.499 E.07065 U104.866
G1 X135.724 Y90.811 E.07065 U105.865
G1 X136.484 Y90.162 E.07065 U106.864
G1 X137.279 Y89.552 E.07083 U107.866
G1 X137.902 Y89.119 E.05363 U108.625
G1 X138.665 Y88.634 E.06391 U109.529
G1 X139.536 Y88.142 E.07071 U110.53
G1 X140.431 Y87.696 E.07069 U111.53
G1 X141.351 Y87.295 E.07094 U112.533
G1 X141.966 Y87.059 E.04656 U113.192
G1 X142.918 Y86.741 E.07095 U114.196
G1 X143.881 Y86.474 E.07064 U115.195
G1 X144.857 Y86.257 E.07068 U116.195
G1 X145.843 Y86.092 E.07067 U117.194
G1 X146.836 Y85.979 E.07065 U118.194
G1 X147.836 Y85.918 E.07082 U119.196
G1 X148.473 Y85.909 E.04503 U119.833
G1 X148.499 Y86.44 F12000 U120.364
G1 F705.78
G1 X148.591 Y86.439 E.0065 U120.456
G1 X149.47 Y86.463 E.06216 U121.336
G1 X150.44 Y86.54 E.06878 U122.309
G1 X151.404 Y86.667 E.06873 U123.281
G1 X152.365 Y86.845 E.06909 U124.258
G1 X152.985 Y86.988 E.04498 U124.895
G1 X153.927 Y87.249 E.0691 U125.872
G1 X154.849 Y87.558 E.06874 U126.845
G1 X155.753 Y87.914 E.06868 U127.816
G1 X156.641 Y88.318 E.06896 U128.792
G1 X157.294 Y88.654 E.05191 U129.526
G1 X158.059 Y89.089 E.06221 U130.406
G1 X158.885 Y89.615 E.06922 U131.385
G1 X159.405 Y89.979 E.04487 U132.02
G1 X160.181 Y90.575 E.06917 U132.999
G1 X160.92 Y91.206 E.06869 U133.97
G1 X161.625 Y91.875 E.0687 U134.942
G1 X162.294 Y92.58 E.0687 U135.914
G1 X162.925 Y93.319 E.06869 U136.886
G1 X163.519 Y94.093 E.06897 U137.862
G1 X163.939 Y94.696 E.05195 U138.596
G1 X164.41 Y95.439 E.06218 U139.476
G1 X164.889 Y96.286 E.06878 U140.449
G1 X165.323 Y97.155 E.06866 U141.421
G1 X165.713 Y98.052 E.06914 U142.399
G1 X165.94 Y98.646 E.04495 U143.035
G1 X166.251 Y99.573 E.06912 U144.012
G1 X166.51 Y100.509 E.06865 U144.984
G1 X166.721 Y101.458 E.06872 U145.956
G1 X166.83 Y102.11 E.04673 U146.617
G1 X166.921 Y102.738 E.04486 U147.251
G1 X166.998 Y103.544 E.05723 U148.061
G1 X167.062 Y105 E.10302 U149.518
G1 X167.036 Y105.978 E.06916 U150.497
G1 X166.992 Y106.612 E.04492 U151.132
G1 X166.881 Y107.583 E.06909 U152.11
G1 X166.721 Y108.542 E.06873 U153.082
G1 X166.51 Y109.491 E.06872 U154.054
G1 X166.251 Y110.427 E.06865 U155.025
G1 X165.942 Y111.349 E.06874 U155.998
G1 X165.584 Y112.259 E.06912 U156.976
G1 X165.326 Y112.839 E.04487 U157.61
G1 X164.889 Y113.714 E.06914 U158.588
G1 X164.411 Y114.56 E.06869 U159.56
G1 X163.885 Y115.385 E.06916 U160.538
G1 X163.521 Y115.905 E.04487 U161.173
G1 X162.925 Y116.681 E.06917 U162.152
G1 X162.294 Y117.42 E.06869 U163.123
G1 X161.621 Y118.13 E.06915 U164.102
G1 X161.164 Y118.571 E.04489 U164.737
G1 X160.431 Y119.219 E.06916 U165.715
G1 X159.671 Y119.824 E.06867 U166.687
G1 X158.88 Y120.388 E.06867 U167.658
G1 X158.06 Y120.911 E.06875 U168.631
G1 X157.214 Y121.389 E.06869 U169.602
G1 X156.345 Y121.823 E.06866 U170.574
G1 X155.448 Y122.213 E.06914 U171.552
G1 X154.854 Y122.44 E.04495 U172.188
G1 X153.927 Y122.751 E.06912 U173.165
G1 X152.991 Y123.01 E.06865 U174.137
G1 X152.042 Y123.221 E.06872 U175.109
G1 X151.077 Y123.382 E.06916 U176.087
G1 X150.446 Y123.46 E.04494 U176.723
G1 X149.471 Y123.536 E.06913 U177.701
G1 X148.494 Y123.562 E.06909 U178.678
G1 X147.858 Y123.551 E.04496 U179.314
G1 X146.882 Y123.491 E.06912 U180.292
G1 X145.917 Y123.381 E.06866 U181.263
G1 X144.952 Y123.22 E.06916 U182.242
G1 X144.331 Y123.088 E.04488 U182.877
G1 X143.384 Y122.843 E.06915 U183.855
G1 X142.457 Y122.551 E.0687 U184.827
G1 X141.547 Y122.21 E.06869 U185.799
G1 X140.655 Y121.823 E.06873 U186.771
G1 X139.786 Y121.389 E.06866 U187.742
G1 X138.937 Y120.909 E.06894 U188.717
G1 X138.315 Y120.517 E.05197 U189.453
G1 X137.591 Y120.018 E.06216 U190.332
G1 X136.819 Y119.425 E.06881 U191.305
G1 X136.08 Y118.794 E.06869 U192.277
G1 X135.375 Y118.125 E.0687 U193.249
G1 X134.706 Y117.42 E.0687 U194.221
G1 X134.071 Y116.677 E.06909 U195.198
G1 X133.68 Y116.176 E.04492 U195.834
G1 X133.112 Y115.38 E.06912 U196.812
G1 X132.589 Y114.56 E.06875 U197.784
G1 X132.111 Y113.714 E.06869 U198.756
G1 X131.675 Y112.841 E.06898 U199.732
G1 X131.379 Y112.169 E.05191 U200.466
G1 X131.058 Y111.35 E.06218 U201.346
G1 X130.749 Y110.427 E.0688 U202.319
G1 X130.49 Y109.491 E.06865 U203.29
G1 X130.279 Y108.542 E.06872 U204.263
G1 X130.118 Y107.579 E.06902 U205.239
G1 X130.031 Y106.85 E.0519 U205.973
G1 X129.964 Y105.973 E.06217 U206.853
G1 X129.938 Y105 E.0688 U207.826
G1 X129.964 Y104.029 E.06866 U208.797
G1 X130.04 Y103.06 E.06871 U209.769
G1 X130.167 Y102.096 E.06873 U210.742
G1 X130.345 Y101.135 E.06909 U211.719
G1 X130.488 Y100.515 E.04498 U212.355
G1 X130.749 Y99.573 E.0691 U213.333
G1 X131.058 Y98.651 E.06874 U214.305
G1 X131.415 Y97.744 E.0689 U215.28
G1 X131.716 Y97.074 E.05192 U216.014
G1 X132.11 Y96.287 E.06221 U216.895
G1 X132.589 Y95.44 E.06878 U217.868
G1 X133.112 Y94.62 E.06875 U218.84
G1 X133.679 Y93.824 E.06908 U219.817
G1 X134.071 Y93.323 E.04497 U220.454
G1 X134.706 Y92.58 E.06909 U221.431
G1 X135.375 Y91.875 E.0687 U222.403
G1 X136.08 Y91.206 E.0687 U223.375
G1 X136.819 Y90.575 E.06869 U224.347
G1 X137.593 Y89.981 E.06897 U225.322
G1 X138.196 Y89.561 E.05195 U226.057
G1 X138.939 Y89.09 E.06218 U226.937
G1 X139.786 Y88.611 E.06878 U227.91
G1 X140.655 Y88.177 E.06866 U228.881
G1 X141.552 Y87.787 E.06914 U229.859
G1 X142.146 Y87.56 E.04495 U230.495
G1 X143.073 Y87.249 E.06912 U231.473
G1 X144.009 Y86.99 E.06865 U232.444
G1 X144.958 Y86.779 E.06872 U233.416
G1 X145.917 Y86.619 E.06873 U234.389
G1 X146.882 Y86.509 E.06866 U235.36
G1 X147.856 Y86.449 E.06898 U236.336
G1 X148.469 Y86.441 E.04334 U236.949
G1 X148.494 Y86.972 F12000 U237.48
G1 F705.78
G1 X148.587 Y86.97 E.00658 U237.573
G1 X149.442 Y86.994 E.06046 U238.429
G1 X150.385 Y87.068 E.06686 U239.375
G1 X151.321 Y87.192 E.06674 U240.319
G1 X152.257 Y87.365 E.06728 U241.271
G1 X152.854 Y87.503 E.04331 U241.883
G1 X153.772 Y87.757 E.06733 U242.836
G1 X154.667 Y88.057 E.06673 U243.78
G1 X155.545 Y88.403 E.06671 U244.723
G1 X156.409 Y88.797 E.06713 U245.673
G1 X157.041 Y89.121 E.0502 U246.383
G1 X157.785 Y89.544 E.0605 U247.239
G1 X158.59 Y90.057 E.06748 U248.194
G1 X159.091 Y90.408 E.04324 U248.805
G1 X159.847 Y90.988 E.06736 U249.758
G1 X160.565 Y91.601 E.06674 U250.702
G1 X161.249 Y92.251 E.0667 U251.646
G1 X161.899 Y92.935 E.0667 U252.59
G1 X162.512 Y93.653 E.06674 U253.534
G1 X163.09 Y94.406 E.0671 U254.483
G1 X163.496 Y94.99 E.05028 U255.194
G1 X163.954 Y95.712 E.06044 U256.049
G1 X164.42 Y96.535 E.06685 U256.995
G1 X164.841 Y97.38 E.06673 U257.939
G1 X165.221 Y98.254 E.06737 U258.892
G1 X165.44 Y98.825 E.04323 U259.504
G1 X165.743 Y99.728 E.06733 U260.456
G1 X165.995 Y100.638 E.06675 U261.4
G1 X166.199 Y101.56 E.06675 U262.345
G1 X166.306 Y102.197 E.04566 U262.991
G1 X166.394 Y102.803 E.04329 U263.603
G1 X166.469 Y103.586 E.0556 U264.389
G1 X166.53 Y105 E.10005 U265.805
G1 X166.505 Y105.952 E.06732 U266.757
G1 X166.463 Y106.563 E.04329 U267.37
G1 X166.355 Y107.509 E.06731 U268.322
G1 X166.199 Y108.44 E.06673 U269.266
G1 X165.995 Y109.362 E.06675 U270.21
G1 X165.743 Y110.272 E.06675 U271.154
G1 X165.443 Y111.167 E.06673 U272.098
G1 X165.094 Y112.053 E.06731 U273.05
G1 X164.845 Y112.612 E.04326 U273.662
G1 X164.42 Y113.465 E.06737 U274.615
G1 X163.955 Y114.286 E.0667 U275.559
G1 X163.443 Y115.09 E.06738 U276.512
G1 X163.092 Y115.591 E.04324 U277.124
G1 X162.512 Y116.347 E.06736 U278.077
G1 X161.899 Y117.065 E.06674 U279.021
G1 X161.243 Y117.756 E.06735 U279.974
G1 X160.803 Y118.181 E.04324 U280.585
G1 X160.09 Y118.812 E.0673 U281.537
G1 X159.351 Y119.4 E.06676 U282.482
G1 X158.582 Y119.948 E.06675 U283.426
G1 X157.786 Y120.455 E.06671 U284.37
G1 X156.965 Y120.92 E.0667 U285.313
G1 X156.12 Y121.341 E.06673 U286.257
G1 X155.246 Y121.721 E.06737 U287.21
G1 X154.675 Y121.94 E.04323 U287.822
G1 X153.772 Y122.243 E.06733 U288.775
G1 X152.862 Y122.495 E.06675 U289.719
G1 X151.94 Y122.699 E.06675 U290.663
G1 X151.001 Y122.856 E.0673 U291.615
G1 X150.393 Y122.931 E.0433 U292.228
G1 X149.444 Y123.006 E.06729 U293.18
G1 X148.491 Y123.031 E.06739 U294.133
G1 X147.879 Y123.02 E.04327 U294.745
G1 X146.929 Y122.962 E.06728 U295.697
G1 X145.991 Y122.855 E.06674 U296.641
G1 X145.051 Y122.698 E.06737 U297.594
G1 X144.452 Y122.57 E.0433 U298.206
G1 X143.53 Y122.332 E.06731 U299.159
G1 X142.63 Y122.048 E.06671 U300.102
CUT
G1 X141.746 Y121.717 E.06673
G1 X140.88 Y121.341 E.06674
G1 X140.035 Y120.92 E.06673
G1 X139.209 Y120.452 E.06711
G1 X138.607 Y120.074 E.05025
G1 X137.903 Y119.588 E.06047
G1 X137.153 Y119.012 E.06685
G1 X136.435 Y118.399 E.06674
G1 X135.751 Y117.749 E.0667
G1 X135.101 Y117.065 E.0667
G1 X134.482 Y116.34 E.06739
G1 X134.105 Y115.858 E.04326
G1 X133.552 Y115.082 E.06736
G1 X133.045 Y114.286 E.06671
G1 X132.58 Y113.465 E.0667
G1 X132.157 Y112.615 E.06711
G1 X131.87 Y111.965 E.05023
G1 X131.558 Y111.168 E.0605
G1 X131.257 Y110.272 E.06681
G1 X131.005 Y109.362 E.06675
G1 X130.801 Y108.44 E.06675
G1 X130.644 Y107.504 E.06709
G1 X130.56 Y106.798 E.05026
G1 X130.494 Y105.945 E.06048
G1 X130.47 Y105 E.06682
G1 X130.494 Y104.056 E.06675
G1 X130.568 Y103.115 E.06672
G1 X130.692 Y102.179 E.06674
G1 X130.865 Y101.243 E.06728
G1 X131.003 Y100.646 E.04331
G1 X131.257 Y99.728 E.06733
G1 X131.557 Y98.833 E.06673
G1 X131.905 Y97.95 E.06709
G1 X132.196 Y97.302 E.05021
G1 X132.579 Y96.537 E.06048
G1 X133.045 Y95.714 E.06685
G1 X133.552 Y94.918 E.06671
G1 X134.105 Y94.142 E.06736
G1 X134.482 Y93.66 E.04326
G1 X135.101 Y92.935 E.06739
G1 X135.751 Y92.251 E.0667
G1 X136.435 Y91.601 E.0667
G1 X137.153 Y90.988 E.06674
G1 X137.906 Y90.41 E.0671
G1 X138.49 Y90.004 E.05028
G1 X139.212 Y89.546 E.06044
G1 X140.035 Y89.08 E.06685
G1 X140.88 Y88.659 E.06673
G1 X141.754 Y88.279 E.06737
G1 X142.325 Y88.06 E.04323
G1 X143.228 Y87.757 E.06733
G1 X144.138 Y87.505 E.06675
G1 X145.06 Y87.301 E.06675
G1 X145.991 Y87.145 E.06673
G1 X146.929 Y87.038 E.06674
G1 X147.876 Y86.98 E.06707
G1 X148.464 Y86.972 E.04157
G1 E-8 F1500
G1 Z1.8 F3000
G1 X135.303 Y116.882 F12000
G1 Z1.6 F3000
G1 E10 F1500
;TYPE:Solid infill
G1 E-30 F1500
G1 Z6.6 F300.0
G1 F12000.0
T0
G1 Z1.6 F300.0
G1 E32.0 F1500
G1 F12000.0
;WIDTH:0.578673
G1 F735.294
G1 X136.618 Y118.197 E.12618
G1 X135.515 Y117.1 E.10555
G1 E-8 F1500
G1 Z1.8 F3000
M73 P35 R28
G1 X133.62 Y114.448 F12000
G1 Z1.6 F3000
G1 E10 F1500
G1 F735.294
G1 X133.575 Y114.493 E.00432
G1 X133.591 Y114.555 E.00434
G1 X133.653 Y114.571 E.00434
G1 X133.698 Y114.526 E.00432
G1 X133.682 Y114.464 E.00434
;WIDTH:0.626836
G1 F671.846
G1 X133.833 Y114.701 E.02087
;WIDTH:0.675
G1 F618.478
G1 X133.985 Y114.938 E.02271
G1 X138.553 Y119.507 E.52117
G1 X138.759 Y119.651 E.02027
;WIDTH:0.626836
G1 F671.846
G1 X138.965 Y119.795 E.01866
;WIDTH:0.578673
G1 F735.294
G1 X138.92 Y119.84 E.00432
G1 X138.937 Y119.902 E.00436
G1 X138.998 Y119.918 E.00428
G1 X139.044 Y119.873 E.00437
G1 X139.027 Y119.812 E.0043
G1 E-8 F1500
G1 Z1.8 F3000
G1 X141.049 Y120.978 F12000
G1 Z1.6 F3000
G1 E10 F1500
G1 F735.294
G1 X141.004 Y121.023 E.00432
G1 X141.02 Y121.085 E.00434
G1 X141.082 Y121.101 E.00434
G1 X141.127 Y121.056 E.00432
G1 X141.11 Y120.995 E.0043
;WIDTH:0.626836
G1 F671.846
G1 X140.874 Y120.864 E.02004
;WIDTH:0.675
G1 F618.478
G1 X140.637 Y120.732 E.02188
G1 X132.768 Y112.863 E.89769
G1 E-8 F1500
G1 Z1.8 F3000
G1 X132.088 Y111.326 F12000
G1 Z1.6 F3000
G1 E10 F1500
G1 F618.478
G1 X142.174 Y121.412 E1.1506
G1 X142.41 Y121.527 E.02118
;WIDTH:0.626836
G1 F671.846
G1 X142.647 Y121.643 E.01959
;WIDTH:0.578673
G1 F735.294
G1 X142.664 Y121.704 E.0043
G1 X142.619 Y121.749 E.00432
G1 X142.557 Y121.733 E.00434
G1 X142.541 Y121.671 E.00434
G1 X142.586 Y121.626 E.00432
G1 E-8 F1500
G1 Z1.8 F3000
G1 X144.591 Y122.387 F12000
G1 Z1.6 F3000
M73 P35 R27
G1 E10 F1500
G1 F735.294
G1 X143.715 Y122.161 E.06138
;WIDTH:0.626836
G1 F671.846
G1 X143.596 Y122.009 E.01433
;WIDTH:0.675
G1 F618.478
G1 X143.477 Y121.858 E.01551
G1 X131.641 Y110.022 E1.35024
G1 X131.34 Y109.784 E.03095
;WIDTH:0.578673
G1 F735.294
G1 X131.126 Y108.947 E.05862
;WIDTH:0.626836
G1 F671.846
G1 X131.234 Y108.906 E.00858
;WIDTH:0.675
G1 F618.478
G1 X131.342 Y108.865 E.00932
G1 X144.641 Y122.165 E1.51719
G1 X145.698 Y122.364 E.08676
G1 X131.136 Y107.802 E1.66122
G1 X131 Y106.809 E.08085
G1 X146.687 Y122.495 E1.7895
G1 X147.616 Y122.567 E.07516
G1 X130.929 Y105.88 E1.90364
G1 X130.906 Y104.999 E.07109
G1 X148.501 Y122.594 E2.00722
G1 X149.336 Y122.572 E.06738
G1 X130.928 Y104.164 E2.09997
G1 X130.986 Y103.365 E.06462
G1 X150.135 Y122.514 E2.1845
G1 X150.907 Y122.429 E.06265
G1 X131.076 Y102.597 E2.26236
G1 X131.195 Y101.858 E.06038
M73 P36 R27
G1 X151.643 Y122.307 E2.33275
G1 X152.355 Y122.161 E.05863
G1 X131.336 Y101.142 E2.39783
G1 X131.508 Y100.457 E.05697
G1 X153.043 Y121.992 E2.45669
G1 X153.712 Y121.803 E.05608
G1 X131.697 Y99.788 E2.51145
G1 X131.912 Y99.146 E.05461
G1 X154.354 Y121.588 E2.56016
G1 X154.98 Y121.356 E.05385
G1 X132.148 Y98.524 E2.60465
G1 X132.398 Y97.917 E.05295
G1 X155.581 Y121.1 E2.64469
G1 X156.168 Y120.83 E.05212
G1 X132.669 Y97.331 E2.68074
G1 X132.955 Y96.759 E.05159
M73 P37 R27
G1 X156.741 Y120.544 E2.71343
G1 X157.289 Y120.235 E.05075
G1 X133.265 Y96.211 E2.74064
G1 X133.586 Y95.675 E.0504
G1 X157.825 Y119.914 E2.76516
G1 X158.348 Y119.579 E.0501
G1 X133.921 Y95.152 E2.78661
G1 X134.278 Y94.651 E.04962
G1 X158.849 Y119.222 E2.80304
G1 X159.337 Y118.854 E.0493
M73 P37 R26
G1 X134.644 Y94.161 E2.81695
G1 X135.03 Y93.689 E.04919
G1 X159.814 Y118.473 E2.82734
G1 X160.269 Y118.071 E.04898
G1 X135.425 Y93.227 E2.83418
G1 X135.843 Y92.787 E.04896
M73 P38 R26
G1 X160.715 Y117.659 E2.83737
G1 X161.142 Y117.229 E.04888
G1 X136.271 Y92.358 E2.83726
G1 X136.711 Y91.94 E.04896
G1 X161.56 Y116.789 E2.83475
G1 X161.956 Y116.327 E.04908
G1 X137.173 Y91.544 E2.82722
G1 X137.645 Y91.16 E.04908
G1 X162.34 Y115.855 E2.81718
G1 X162.713 Y115.369 E.04942
G1 X138.131 Y90.787 E2.80429
G1 X138.635 Y90.434 E.04964
G1 X163.067 Y114.866 E2.78718
G1 X163.402 Y114.343 E.0501
M73 P39 R26
G1 X139.156 Y90.098 E2.7659
G1 X139.691 Y89.776 E.05037
G1 X163.724 Y113.809 E2.74166
G1 X164.034 Y113.261 E.05079
G1 X140.239 Y89.466 E2.71451
G1 X140.811 Y89.18 E.05159
G1 X164.32 Y112.689 E2.68188
G1 X164.593 Y112.105 E.052
G1 X141.398 Y88.909 E2.64612
G1 X141.998 Y88.652 E.05265
G1 X164.844 Y111.498 E2.60625
G1 X165.08 Y110.877 E.05359
G1 X142.623 Y88.42 E2.56187
G1 X143.265 Y88.205 E.05461
M73 P39 R25
G1 X165.295 Y110.235 E2.51316
G1 X165.485 Y109.567 E.05602
M73 P40 R25
G1 X143.933 Y88.015 E2.45863
G1 X144.62 Y87.845 E.05709
G1 X165.655 Y108.88 E2.39965
G1 X165.802 Y108.169 E.05857
G1 X145.331 Y87.698 E2.33531
G1 X146.066 Y87.575 E.06011
G1 X165.925 Y107.434 E2.2655
G1 X166.012 Y106.664 E.06251
G1 X146.836 Y87.488 E2.18758
G1 X147.637 Y87.432 E.06477
G1 X166.072 Y105.866 E2.10299
G1 X166.093 Y105.03 E.06746
G1 X148.479 Y87.416 E2.00939
G1 X149.348 Y87.428 E.07011
G1 X166.072 Y104.152 E1.90786
G1 X166.003 Y103.225 E.07498
G1 X150.275 Y87.497 E1.79424
G1 X151.259 Y87.624 E.08003
G1 X165.87 Y102.235 E1.66681
G1 E-8 F1500
M73 P41 R25
G1 Z1.8 F3000
G1 X153.241 Y87.829 F12000
G1 Z1.6 F3000
G1 E10 F1500
;WIDTH:0.578673
G1 F735.294
G1 X152.393 Y87.61 E.05943
;WIDTH:0.675
G1 F618.478
G1 X152.32 Y87.827 E.01847
G1 X165.667 Y101.174 E1.52261
G1 X165.773 Y101.126 E.00939
;WIDTH:0.626836
G1 F671.846
G1 X165.879 Y101.078 E.00864
;WIDTH:0.578673
G1 F735.294
G1 X165.671 Y100.259 E.05733
;WIDTH:0.675
G1 F618.478
G1 X165.371 Y100.021 E.03089
G1 X153.479 Y88.129 E1.35663
G1 X154.332 Y88.236 E.06935
;WIDTH:0.578673
G1 F735.294
G1 X154.286 Y88.281 E.00437
G1 X154.303 Y88.343 E.00436
G1 X154.365 Y88.359 E.00434
G1 X154.41 Y88.314 E.00432
G1 X154.393 Y88.253 E.0043
;WIDTH:0.626836
G1 F671.846
G1 X154.585 Y88.411 E.01846
;WIDTH:0.675
G1 F618.478
G1 X154.777 Y88.569 E.02006
G1 X164.936 Y98.728 E1.15893
G1 X165.063 Y98.912 E.01803
;WIDTH:0.626836
G1 F671.846
G1 X165.19 Y99.095 E.01654
;WIDTH:0.578673
G1 F735.294
G1 X165.145 Y99.14 E.00432
G1 X165.162 Y99.202 E.00436
G1 X165.223 Y99.219 E.0043
G1 X165.269 Y99.173 E.00441
G1 X165.252 Y99.112 E.0043
G1 E-8 F1500
G1 Z1.8 F3000
G1 X164.547 Y97.565 F12000
G1 Z1.6 F3000
G1 E10 F1500
G1 F735.294
G1 X164.502 Y97.61 E.00432
G1 X164.518 Y97.671 E.00428
G1 X164.58 Y97.688 E.00436
G1 X164.625 Y97.643 E.00432
G1 X164.608 Y97.581 E.00436
;WIDTH:0.626836
G1 F671.846
G1 X164.436 Y97.389 E.01914
;WIDTH:0.675
G1 F618.478
G1 X164.263 Y97.198 E.02079
G1 X156.292 Y89.227 E.90932
G1 X156.1 Y89.054 E.02085
;WIDTH:0.626836
G1 F671.846
G1 X155.908 Y88.882 E.01914
;WIDTH:0.578673
G1 F735.294
G1 X155.925 Y88.944 E.00436
G1 X155.88 Y88.989 E.00432
G1 X155.818 Y88.972 E.00436
G1 X155.802 Y88.911 E.00428
G1 X155.847 Y88.865 E.00437
G1 E-8 F1500
G1 Z1.8 F3000
G1 X157.888 Y90.004 F12000
G1 Z1.6 F3000
G1 E10 F1500
G1 F735.294
G1 X157.843 Y90.05 E.00437
G1 X157.859 Y90.111 E.00428
G1 X157.921 Y90.128 E.00436
G1 X157.966 Y90.083 E.00432
G1 X157.949 Y90.021 E.00436
;WIDTH:0.626836
G1 F671.846
G1 X158.141 Y90.216 E.02032
;WIDTH:0.675
G1 F618.478
G1 X163.279 Y95.353 E.58608
;WIDTH:0.626836
G1 F671.846
G1 X163.475 Y95.545 E.02037
;WIDTH:0.578673
G1 F735.294
G1 X163.491 Y95.607 E.00434
G1 X163.446 Y95.652 E.00432
G1 X163.385 Y95.635 E.0043
G1 X163.368 Y95.574 E.0043
G1 X163.413 Y95.528 E.00437
G1 E-8 F1500
G1 Z1.8 F3000
G1 X160.592 Y92.023 F12000
G1 Z1.6 F3000
G1 E10 F1500
G1 F735.294
G1 X161.689 Y93.125 E.1055
G1 X160.375 Y91.811 E.12609
;LAYER_CHANGE
;Z:1.92
;HEIGHT:0.32

G1 E-8 F1500
G1 Z1.92 F3000
;AFTER_LAYER_CHANGE
;1.92
G92 E0
_ON_LAYER_CHANGE LAYER=6
G1 Z2.12
G1 X148.508 Y85.34 F12000
G1 Z1.92 F3000
G1 E10 F1500
;TYPE:External perimeter
;WIDTH:0.675
G1 F618.478
G1 X148.62 Y85.339 E.00903
G1 X149.529 Y85.365 E.07336
G1 X150.555 Y85.445 E.08301
G1 X151.576 Y85.58 E.08308
G1 X152.589 Y85.767 E.0831
G1 X153.373 Y85.952 E.06498
G1 X154.248 Y86.197 E.0733
G1 X155.225 Y86.523 E.08308
G1 X156.183 Y86.901 E.08308
G1 X157.119 Y87.328 E.08299
G1 X158.033 Y87.803 E.08309
G1 X158.921 Y88.326 E.08313
G1 X160.056 Y89.092 E.11046
G1 X160.874 Y89.719 E.08314
G1 X161.657 Y90.388 E.08308
G1 X162.404 Y91.098 E.08313
G1 X162.879 Y91.589 E.05511
G1 X163.562 Y92.361 E.08315
G1 X164.203 Y93.167 E.08307
G1 X164.801 Y94.005 E.08304
G1 X165.354 Y94.873 E.08302
G1 X165.861 Y95.769 E.08305
G1 X166.32 Y96.69 E.08301
G1 X166.731 Y97.636 E.0832
G1 X166.976 Y98.274 E.05513
G1 X167.303 Y99.251 E.08311
G1 X167.578 Y100.243 E.08304
G1 X167.801 Y101.248 E.08304
G1 X167.971 Y102.265 E.08318
G1 X168.055 Y102.943 E.05511
G1 X168.135 Y103.971 E.08318
G1 X168.15 Y105.685 E.13827
G1 X168.088 Y106.714 E.08316
G1 X167.971 Y107.736 E.08298
G1 X167.801 Y108.752 E.0831
G1 X167.578 Y109.757 E.08304
G1 X167.303 Y110.749 E.08304
G1 X166.977 Y111.725 E.08301
G1 X166.599 Y112.684 E.08315
G1 X166.321 Y113.308 E.05511
G1 X165.861 Y114.231 E.08319
G1 X165.354 Y115.127 E.08305
G1 X164.801 Y115.995 E.08302
G1 X164.202 Y116.834 E.08316
G1 X163.781 Y117.373 E.05517
G1 X163.112 Y118.157 E.08314
G1 X162.402 Y118.904 E.08313
G1 X161.911 Y119.379 E.05511
G1 X161.139 Y120.062 E.08315
G1 X160.333 Y120.703 E.08307
G1 X159.494 Y121.302 E.08316
G1 X158.921 Y121.674 E.05511
G1 X158.032 Y122.197 E.0832
G1 X157.119 Y122.672 E.08302
G1 X156.183 Y123.099 E.08299
G1 X155.225 Y123.477 E.08308
G1 X154.249 Y123.803 E.08301
G1 X153.257 Y124.078 E.08304
G1 X152.252 Y124.301 E.08304
G1 X151.235 Y124.471 E.08318
G1 X150.557 Y124.555 E.05511
G1 X149.529 Y124.635 E.08318
G1 X148.499 Y124.662 E.08311
G1 X147.815 Y124.65 E.05518
G1 X146.786 Y124.588 E.08316
G1 X145.764 Y124.471 E.08298
G1 X144.747 Y124.301 E.08318
G1 X144.078 Y124.159 E.05517
G1 X143.08 Y123.901 E.08315
G1 X142.099 Y123.591 E.08299
G1 X141.134 Y123.231 E.08308
G1 X140.19 Y122.82 E.08305
G1 X139.269 Y122.361 E.08301
G1 X138.372 Y121.854 E.08312
G1 X137.691 Y121.424 E.06497
G1 X136.943 Y120.907 E.07335
G1 X136.126 Y120.281 E.08303
G1 X135.343 Y119.612 E.08308
G1 X134.597 Y118.903 E.08302
G1 X133.888 Y118.157 E.08302
G1 X133.218 Y117.373 E.08319
G1 X132.798 Y116.834 E.05512
G1 X132.199 Y115.995 E.08316
G1 X131.646 Y115.127 E.08302
G1 X131.139 Y114.231 E.08305
G1 X130.679 Y113.309 E.08312
G1 X130.355 Y112.572 E.06494
G1 X130.024 Y111.725 E.07336
G1 X129.697 Y110.749 E.08303
G1 X129.422 Y109.757 E.08304
G1 X129.199 Y108.752 E.08304
G1 X129.029 Y107.736 E.0831
G1 X128.912 Y106.712 E.08314
G1 X128.865 Y106.03 E.05514
G1 X128.838 Y104.998 E.08328
G1 X128.85 Y104.315 E.0551
G1 X128.912 Y103.286 E.08316
G1 X129.029 Y102.264 E.08298
G1 X129.199 Y101.248 E.0831
G1 X129.422 Y100.242 E.08312
G1 X129.633 Y99.465 E.06495
G1 X129.909 Y98.599 E.07332
G1 X130.269 Y97.634 E.08308
G1 X130.68 Y96.69 E.08305
G1 X131.036 Y95.967 E.06501
G1 X131.472 Y95.169 E.07335
G1 X132.01 Y94.291 E.08306
G1 X132.593 Y93.443 E.08301
G1 X133.219 Y92.626 E.08303
G1 X133.888 Y91.843 E.08308
G1 X134.597 Y91.096 E.08308
G1 X135.179 Y90.539 E.06498
G1 X135.861 Y89.938 E.07333
G1 X136.667 Y89.297 E.08307
G1 X137.505 Y88.699 E.08304
G1 X138.373 Y88.146 E.08302
G1 X139.269 Y87.639 E.08305
G1 X140.19 Y87.18 E.08301
G1 X141.134 Y86.769 E.08305
G1 X142.098 Y86.409 E.08301
G1 X143.08 Y86.099 E.08307
G1 X144.078 Y85.841 E.08315
G1 X144.747 Y85.699 E.05517
G1 X145.764 Y85.529 E.08318
G1 X146.786 Y85.412 E.08298
G1 X147.815 Y85.35 E.08316
G1 X148.478 Y85.341 E.05349
G1 X149.078 Y85.352 F12000
M73 P42 R25
G1 X148.503 Y85.909
;TYPE:Perimeter
G1 E-30 F1500
G1 Z6.92 F300.0
G1 F12000.0
T1
G1 Z1.92 F300.0
PRIME_FIBRE
G1 E45.0 F1500
G1 F12000.0
;WIDTH:0.6
G1 F705.78
G1 X148.616 Y85.908 E.00799
G1 X149.498 Y85.933 E.06237 U0.882
G1 X150.496 Y86.011 E.07076 U1.883
G1 X151.487 Y86.142 E.07066 U2.883
G1 X152.472 Y86.324 E.07081 U3.885
G1 X153.232 Y86.503 E.05519 U4.665
G1 X154.081 Y86.741 E.06233 U5.547
G1 X155.03 Y87.058 E.07073 U6.548
G1 X155.96 Y87.424 E.07065 U7.547
G1 X156.87 Y87.839 E.0707 U8.547
G1 X157.757 Y88.301 E.0707 U9.547
G1 X158.621 Y88.81 E.07088 U10.55
G1 X159.72 Y89.551 E.0937 U11.876
G1 X160.516 Y90.162 E.07093 U12.879
G1 X161.276 Y90.811 E.07065 U13.879
G1 X162.004 Y91.502 E.07095 U14.882
G1 X162.461 Y91.975 E.04649 U15.54
G1 X163.126 Y92.727 E.07096 U16.544
G1 X163.749 Y93.509 E.07068 U17.544
G1 X164.329 Y94.323 E.07065 U18.543
G1 X164.866 Y95.166 E.07065 U19.543
G1 X165.358 Y96.036 E.07065 U20.542
G1 X165.804 Y96.931 E.07069 U21.542
G1 X166.205 Y97.851 E.07094 U22.546
G1 X166.441 Y98.466 E.04656 U23.204
G1 X166.759 Y99.418 E.07095 U24.208
G1 X167.026 Y100.381 E.07064 U25.208
G1 X167.243 Y101.357 E.07068 U26.207
G1 X167.408 Y102.347 E.07095 U27.211
G1 X167.488 Y103 E.0465 U27.869
G1 X167.567 Y104.001 E.07098 U28.873
G1 X167.582 Y105.662 E.11742 U30.534
G1 X167.521 Y106.664 E.07096 U31.538
G1 X167.408 Y107.657 E.07065 U32.537
G1 X167.243 Y108.643 E.07067 U33.537
G1 X167.026 Y109.619 E.07068 U34.537
G1 X166.759 Y110.582 E.07064 U35.536
G1 X166.442 Y111.53 E.07066 U36.536
G1 X166.074 Y112.464 E.07096 U37.54
G1 X165.806 Y113.066 E.04658 U38.199
G1 X165.358 Y113.964 E.07094 U39.202
G1 X164.866 Y114.834 E.07065 U40.202
G1 X164.329 Y115.677 E.07065 U41.201
G1 X163.746 Y116.494 E.07095 U42.205
G1 X163.341 Y117.013 E.04654 U42.863
G1 X162.689 Y117.776 E.07094 U43.867
G1 X161.998 Y118.504 E.07095 U44.871
G1 X161.525 Y118.961 E.04649 U45.528
G1 X160.773 Y119.626 E.07096 U46.532
G1 X159.991 Y120.249 E.07068 U47.532
G1 X159.174 Y120.831 E.07091 U48.535
G1 X158.621 Y121.19 E.04661 U49.194
G1 X157.757 Y121.699 E.07088 U50.197
G1 X156.87 Y122.161 E.0707 U51.197
G1 X155.96 Y122.576 E.0707 U52.197
G1 X155.03 Y122.942 E.07065 U53.197
G1 X154.082 Y123.259 E.07066 U54.196
G1 X153.119 Y123.526 E.07064 U55.196
G1 X152.143 Y123.743 E.07068 U56.196
G1 X151.153 Y123.908 E.07095 U57.199
G1 X150.5 Y123.988 E.0465 U57.857
G1 X149.499 Y124.067 E.07098 U58.861
M73 P42 R24
G1 X148.496 Y124.093 E.07092 U59.865
G1 X147.838 Y124.082 E.04652 U60.523
G1 X146.836 Y124.021 E.07096 U61.527
G1 X145.843 Y123.908 E.07065 U62.526
G1 X144.853 Y123.742 E.07096 U63.53
G1 X144.209 Y123.605 E.04654 U64.188
G1 X143.237 Y123.354 E.07096 U65.192
G1 X142.284 Y123.053 E.07065 U66.191
G1 X141.348 Y122.703 E.07064 U67.191
G1 X140.431 Y122.304 E.07069 U68.191
G1 X139.536 Y121.858 E.07069 U69.191
G1 X138.664 Y121.365 E.07081 U70.192
G1 X138.004 Y120.949 E.05515 U70.973
G1 X137.278 Y120.448 E.06235 U71.855
G1 X136.484 Y119.838 E.07078 U72.856
G1 X135.724 Y119.189 E.07065 U73.855
G1 X134.999 Y118.501 E.07065 U74.855
G1 X134.311 Y117.776 E.07065 U75.854
G1 X133.659 Y117.013 E.07094 U76.858
G1 X133.254 Y116.494 E.04654 U77.516
G1 X132.671 Y115.677 E.07095 U78.52
G1 X132.134 Y114.834 E.07065 U79.519
G1 X131.642 Y113.964 E.07065 U80.519
G1 X131.195 Y113.067 E.07084 U81.521
G1 X130.88 Y112.353 E.05516 U82.302
G1 X130.558 Y111.531 E.0624 U83.184
G1 X130.241 Y110.582 E.07073 U84.185
G1 X129.974 Y109.619 E.07064 U85.184
G1 X129.757 Y108.643 E.07068 U86.184
G1 X129.592 Y107.657 E.07067 U87.184
G1 X129.479 Y106.66 E.07093 U88.187
G1 X129.433 Y106.003 E.04656 U88.846
G1 X129.407 Y104.996 E.07121 U89.853
G1 X129.418 Y104.338 E.04652 U90.511
G1 X129.479 Y103.336 E.07096 U91.515
G1 X129.592 Y102.343 E.07065 U92.514
G1 X129.757 Y101.357 E.07067 U93.514
G1 X129.974 Y100.379 E.07081 U94.516
G1 X130.179 Y99.626 E.05517 U95.296
G1 X130.447 Y98.785 E.06239 U96.179
G1 X130.797 Y97.848 E.0707 U97.179
G1 X131.196 Y96.929 E.07082 U98.181
G1 X131.541 Y96.229 E.05516 U98.962
G1 X131.964 Y95.454 E.06241 U99.845
G1 X132.487 Y94.601 E.07073 U100.845
G1 X133.053 Y93.777 E.07066 U101.845
G1 X133.662 Y92.984 E.07068 U102.845
G1 X134.311 Y92.224 E.07065 U103.844
G1 X135 Y91.497 E.0708 U104.846
G1 X135.564 Y90.957 E.0552 U105.626
G1 X136.226 Y90.374 E.06236 U106.509
G1 X137.009 Y89.751 E.07073 U107.509
G1 X137.823 Y89.171 E.07065 U108.509
G1 X138.666 Y88.634 E.07065 U109.508
G1 X139.536 Y88.142 E.07065 U110.508
G1 X140.431 Y87.696 E.07069 U111.508
G1 X141.348 Y87.297 E.07069 U112.508
G1 X142.284 Y86.947 E.07064 U113.507
G1 X143.237 Y86.646 E.07065 U114.506
G1 X144.209 Y86.395 E.07096 U115.51
G1 X144.853 Y86.258 E.04654 U116.169
G1 X145.843 Y86.092 E.07096 U117.173
G1 X146.836 Y85.979 E.07065 U118.172
G1 X147.836 Y85.918 E.07082 U119.174
G1 X148.473 Y85.91 E.04503 U119.811
G1 X148.499 Y86.441 F12000 U120.342
G1 F705.78
G1 X148.612 Y86.439 E.00799 U120.455
G1 X149.47 Y86.463 E.06067 U121.314
G1 X150.44 Y86.54 E.06878 U122.287
G1 X151.404 Y86.667 E.06873 U123.259
G1 X152.363 Y86.844 E.06893 U124.234
G1 X153.099 Y87.017 E.05344 U124.99
G1 X153.925 Y87.249 E.06065 U125.848
G1 X154.849 Y87.558 E.06887 U126.823
G1 X155.753 Y87.914 E.06868 U127.794
G1 X156.637 Y88.317 E.06868 U128.766
G1 X157.499 Y88.765 E.06867 U129.737
G1 X158.342 Y89.262 E.06918 U130.716
G1 X159.405 Y89.979 E.09064 U131.998
G1 X160.181 Y90.575 E.06917 U132.977
G1 X160.92 Y91.206 E.06869 U133.948
G1 X161.63 Y91.879 E.06915 U134.927
G1 X162.071 Y92.336 E.04489 U135.562
G1 X162.719 Y93.069 E.06916 U136.54
G1 X163.324 Y93.829 E.06867 U137.511
G1 X163.888 Y94.62 E.06867 U138.483
G1 X164.411 Y95.44 E.06875 U139.455
G1 X164.889 Y96.286 E.06869 U140.427
G1 X165.323 Y97.155 E.06866 U141.399
G1 X165.713 Y98.052 E.06914 U142.377
G1 X165.94 Y98.646 E.04495 U143.013
G1 X166.251 Y99.573 E.06912 U143.99
G1 X166.51 Y100.509 E.06865 U144.962
G1 X166.721 Y101.458 E.06872 U145.934
G1 X166.882 Y102.423 E.06916 U146.912
G1 X166.96 Y103.054 E.04494 U147.548
G1 X167.036 Y104.029 E.06913 U148.526
G1 X167.051 Y105.642 E.11402 U150.139
G1 X166.991 Y106.618 E.06912 U151.117
G1 X166.881 Y107.583 E.06866 U152.088
G1 X166.721 Y108.542 E.06873 U153.06
G1 X166.51 Y109.491 E.06872 U154.032
G1 X166.251 Y110.427 E.06865 U155.004
G1 X165.942 Y111.349 E.06874 U155.976
G1 X165.584 Y112.259 E.06912 U156.954
G1 X165.326 Y112.839 E.04487 U157.589
G1 X164.889 Y113.714 E.06914 U158.567
G1 X164.411 Y114.56 E.06869 U159.538
G1 X163.888 Y115.38 E.06875 U160.511
G1 X163.32 Y116.176 E.06912 U161.489
G1 X162.929 Y116.677 E.04492 U162.124
G1 X162.294 Y117.42 E.06909 U163.102
G1 X161.621 Y118.13 E.06915 U164.08
G1 X161.164 Y118.571 E.04489 U164.715
G1 X160.431 Y119.219 E.06916 U165.693
G1 X159.671 Y119.824 E.06867 U166.665
G1 X158.875 Y120.392 E.06912 U167.643
G1 X158.342 Y120.738 E.04492 U168.278
G1 X157.499 Y121.235 E.06918 U169.257
G1 X156.637 Y121.683 E.06867 U170.228
G1 X155.753 Y122.086 E.06868 U171.2
G1 X154.849 Y122.442 E.06868 U172.171
G1 X153.927 Y122.751 E.06874 U173.144
G1 X152.991 Y123.01 E.06865 U174.115
G1 X152.042 Y123.221 E.06872 U175.087
G1 X151.077 Y123.382 E.06916 U176.065
G1 X150.446 Y123.46 E.04494 U176.701
G1 X149.471 Y123.536 E.06913 U177.679
G1 X148.494 Y123.562 E.06909 U178.657
G1 X147.858 Y123.551 E.04496 U179.293
G1 X146.882 Y123.491 E.06912 U180.271
G1 X145.917 Y123.381 E.06866 U181.242
G1 X144.952 Y123.22 E.06916 U182.22
G1 X144.331 Y123.088 E.04488 U182.855
G1 X143.384 Y122.843 E.06915 U183.833
G1 X142.457 Y122.551 E.0687 U184.805
G1 X141.547 Y122.21 E.06869 U185.777
G1 X140.655 Y121.823 E.06873 U186.749
G1 X139.786 Y121.389 E.06866 U187.721
G1 X138.937 Y120.909 E.06894 U188.696
G1 X138.297 Y120.505 E.0535 U189.453
G1 X137.591 Y120.018 E.06063 U190.31
G1 X136.819 Y119.425 E.06881 U191.284
G1 X136.08 Y118.794 E.06869 U192.256
G1 X135.375 Y118.125 E.0687 U193.227
G1 X134.706 Y117.42 E.0687 U194.199
G1 X134.071 Y116.677 E.06909 U195.177
G1 X133.68 Y116.176 E.04492 U195.812
G1 X133.112 Y115.38 E.06912 U196.79
G1 X132.589 Y114.56 E.06875 U197.763
G1 X132.111 Y113.714 E.06869 U198.734
G1 X131.676 Y112.841 E.06895 U199.71
G1 X131.371 Y112.149 E.05346 U200.466
G1 X131.058 Y111.35 E.06066 U201.324
G1 X130.749 Y110.427 E.0688 U202.297
G1 X130.49 Y109.491 E.06865 U203.269
G1 X130.279 Y108.542 E.06872 U204.241
G1 X130.119 Y107.583 E.06873 U205.213
G1 X130.008 Y106.612 E.06909 U206.19
G1 X129.964 Y105.978 E.04492 U206.826
G1 X129.938 Y104.994 E.06958 U207.81
G1 X129.949 Y104.358 E.04496 U208.446
G1 X130.009 Y103.382 E.06912 U209.424
G1 X130.119 Y102.417 E.06866 U210.395
G1 X130.279 Y101.458 E.06873 U211.368
G1 X130.49 Y100.506 E.06893 U212.343
G1 X130.689 Y99.776 E.05349 U213.099
G1 X130.949 Y98.958 E.06067 U213.958
G1 X131.29 Y98.047 E.06876 U214.931
G1 X131.679 Y97.152 E.06898 U215.906
G1 X132.013 Y96.474 E.05343 U216.662
G1 X132.424 Y95.721 E.06064 U217.52
G1 X132.933 Y94.891 E.06882 U218.494
G1 X133.483 Y94.09 E.06868 U219.465
G1 X134.075 Y93.319 E.06871 U220.437
G1 X134.706 Y92.58 E.06869 U221.409
G1 X135.377 Y91.872 E.06895 U222.385
G1 X135.923 Y91.349 E.05345 U223.141
G1 X136.567 Y90.782 E.06065 U223.999
G1 X137.329 Y90.176 E.06882 U224.972
G1 X138.12 Y89.612 E.06867 U225.944
G1 X138.94 Y89.089 E.06875 U226.916
G1 X139.786 Y88.611 E.06869 U227.888
G1 X140.655 Y88.177 E.06866 U228.859
G1 X141.547 Y87.79 E.06873 U229.832
G1 X142.457 Y87.449 E.06869 U230.804
G1 X143.384 Y87.157 E.0687 U231.775
G1 X144.331 Y86.912 E.06915 U232.754
G1 X144.952 Y86.78 E.04488 U233.389
G1 X145.917 Y86.619 E.06916 U234.367
G1 X146.882 Y86.509 E.06866 U235.338
G1 X147.856 Y86.449 E.06898 U236.314
G1 X148.469 Y86.441 E.04334 U236.927
G1 X148.494 Y86.972 F12000 U237.459
G1 F705.78
G1 X148.608 Y86.97 E.00806 U237.573
G1 X149.441 Y86.994 E.05891 U238.406
G1 X150.385 Y87.068 E.06693 U239.353
G1 X151.321 Y87.192 E.06674 U240.297
G1 X152.253 Y87.365 E.06701 U241.245
G1 X152.967 Y87.532 E.05183 U241.978
G1 X153.769 Y87.757 E.05888 U242.811
G1 X154.667 Y88.057 E.06693 U243.758
G1 X155.545 Y88.403 E.06671 U244.702
G1 X156.404 Y88.794 E.06672 U245.645
G1 X157.241 Y89.23 E.06671 U246.589
G1 X158.062 Y89.714 E.06737 U247.542
G1 X159.091 Y90.408 E.08774 U248.783
G1 X159.847 Y90.988 E.06736 U249.736
G1 X160.565 Y91.601 E.06674 U250.68
G1 X161.256 Y92.257 E.06735 U251.633
G1 X161.681 Y92.697 E.04324 U252.245
G1 X162.312 Y93.41 E.0673 U253.197
G1 X162.9 Y94.149 E.06676 U254.141
G1 X163.448 Y94.918 E.06675 U255.086
G1 X163.955 Y95.714 E.06671 U256.029
G1 X164.42 Y96.535 E.0667 U256.973
G1 X164.841 Y97.38 E.06673 U257.917
G1 X165.221 Y98.254 E.06737 U258.87
G1 X165.44 Y98.825 E.04323 U259.482
G1 X165.743 Y99.728 E.06733 U260.434
G1 X165.995 Y100.638 E.06675 U261.378
G1 X166.199 Y101.56 E.06675 U262.323
G1 X166.356 Y102.499 E.0673 U263.275
G1 X166.431 Y103.107 E.0433 U263.887
G1 X166.506 Y104.056 E.06729 U264.839
G1 X166.52 Y105.621 E.11063 U266.404
G1 X166.462 Y106.571 E.06728 U267.356
G1 X166.355 Y107.509 E.06674 U268.3
G1 X166.199 Y108.44 E.06673 U269.244
G1 X165.995 Y109.362 E.06675 U270.188
G1 X165.743 Y110.272 E.06675 U271.133
G1 X165.443 Y111.167 E.06673 U272.077
G1 X165.094 Y112.053 E.06731 U273.029
G1 X164.845 Y112.612 E.04326 U273.641
G1 X164.42 Y113.465 E.06737 U274.594
G1 X163.955 Y114.286 E.0667 U275.537
G1 X163.448 Y115.082 E.06671 U276.481
G1 X162.895 Y115.858 E.06736 U277.434
G1 X162.518 Y116.34 E.04326 U278.046
G1 X161.899 Y117.065 E.06739 U278.999
G1 X161.243 Y117.756 E.06735 U279.952
G1 X160.803 Y118.181 E.04324 U280.564
G1 X160.09 Y118.812 E.0673 U281.516
G1 X159.351 Y119.4 E.06676 U282.46
G1 X158.575 Y119.953 E.06736 U283.413
G1 X158.062 Y120.286 E.04323 U284.025
G1 X157.241 Y120.77 E.06737 U284.978
G1 X156.404 Y121.206 E.06671 U285.922
G1 X155.545 Y121.597 E.06672 U286.865
G1 X154.667 Y121.943 E.06671 U287.809
G1 X153.772 Y122.243 E.06673 U288.753
G1 X152.862 Y122.495 E.06675 U289.697
G1 X151.94 Y122.699 E.06675 U290.642
G1 X151.001 Y122.856 E.0673 U291.594
G1 X150.393 Y122.931 E.0433 U292.206
G1 X149.444 Y123.006 E.06729 U293.158
G1 X148.491 Y123.031 E.06739 U294.112
G1 X147.879 Y123.02 E.04327 U294.724
G1 X146.929 Y122.962 E.06728 U295.675
G1 X145.991 Y122.855 E.06674 U296.619
G1 X145.051 Y122.698 E.06737 U297.572
G1 X144.452 Y122.57 E.0433 U298.185
G1 X143.53 Y122.332 E.06731 U299.137
G1 X142.63 Y122.048 E.06671 U300.081
CUT
G1 X141.746 Y121.717 E.06673
G1 X140.88 Y121.341 E.06674
G1 X140.035 Y120.92 E.06673
G1 X139.21 Y120.453 E.06701
G1 X138.59 Y120.062 E.05181
M73 P43 R24

G1 X137.904 Y119.588 E.05894
G1 X137.153 Y119.012 E.0669
G1 X136.435 Y118.399 E.06674
G1 X135.751 Y117.749 E.0667
G1 X135.101 Y117.065 E.0667
G1 X134.482 Y116.34 E.06739
G1 X134.105 Y115.858 E.04326
G1 X133.552 Y115.082 E.06736
G1 X133.045 Y114.286 E.06671
G1 X132.58 Y113.465 E.0667
G1 X132.157 Y112.616 E.06705
G1 X131.861 Y111.945 E.05184
G1 X131.558 Y111.169 E.05889
G1 X131.257 Y110.272 E.06688
G1 X131.005 Y109.362 E.06675
G1 X130.801 Y108.44 E.06675
G1 X130.645 Y107.509 E.06673
G1 X130.537 Y106.563 E.06731
G1 X130.495 Y105.952 E.04329
G1 X130.469 Y104.991 E.06796
G1 X130.48 Y104.379 E.04327
G1 X130.538 Y103.429 E.06728
G1 X130.645 Y102.491 E.06674
G1 X130.801 Y101.56 E.06673
G1 X131.006 Y100.633 E.06711
G1 X131.199 Y99.926 E.05181
G1 X131.451 Y99.132 E.05889
G1 X131.783 Y98.246 E.06688
G1 X132.161 Y97.376 E.06705
G1 X132.485 Y96.718 E.05185
G1 X132.884 Y95.987 E.05887
G1 X133.378 Y95.18 E.06688
G1 X133.913 Y94.402 E.06674
G1 X134.488 Y93.653 E.06675
G1 X135.101 Y92.935 E.06674
G1 X135.754 Y92.247 E.06705
G1 X136.283 Y91.74 E.0518
G1 X136.909 Y91.189 E.05895
G1 X137.649 Y90.6 E.06686
G1 X138.418 Y90.052 E.06675
G1 X139.214 Y89.545 E.06671
G1 X140.035 Y89.08 E.0667
G1 X140.88 Y88.659 E.06673
G1 X141.746 Y88.283 E.06674
G1 X142.63 Y87.952 E.06673
G1 X143.53 Y87.668 E.06671
G1 X144.452 Y87.43 E.06731
G1 X145.051 Y87.302 E.0433
G1 X145.991 Y87.145 E.06737
G1 X146.929 Y87.038 E.06674
G1 X147.875 Y86.98 E.067
G1 X148.464 Y86.972 E.04164
G1 E-8 F1500
G1 Z2.12 F3000
G1 X145.39 Y87.688 F12000
G1 Z1.92 F3000
G1 E10 F1500
;TYPE:Internal infill
G1 E-30 F1500
G1 Z6.92 F300.0
G1 F12000.0
T0
G1 Z1.92 F300.0
G1 E32.0 F1500
G1 F12000.0
;WIDTH:0.675
G1 F618.478
G1 X147.194 Y87.459 E.14669
G1 X147.849 Y87.897 E.06356
G1 X148.5 Y88.158 E.05658
G1 X149.151 Y88.288 E.05355
G1 X149.801 Y88.282 E.05244
G1 X150.452 Y88.072 E.05518
G1 X151.03 Y87.593 E.06055
G1 X152.814 Y87.944 E.14667
G1 E-8 F1500
G1 Z2.12 F3000
G1 X159.24 Y91.072 F12000
G1 Z1.92 F3000
G1 E10 F1500
G1 F618.478
G1 X160.62 Y92.255 E.14662
G1 X160.21 Y92.668 E.04694
G1 X159.559 Y93.101 E.06307
G1 X158.909 Y93.362 E.0565
G1 X158.258 Y93.492 E.05355
G1 X157.608 Y93.487 E.05243
G1 X156.957 Y93.276 E.0552
G1 X156.307 Y92.738 E.06806
G1 X155.656 Y91.966 E.08146
G1 X155.006 Y91.309 E.07455
G1 X154.355 Y90.876 E.06307
G1 X153.704 Y90.616 E.05655
G1 X153.054 Y90.486 E.05347
G1 X152.403 Y90.491 E.05252
G1 X151.753 Y90.701 E.0551
G1 X151.102 Y91.24 E.06818
G1 X150.452 Y92.012 E.08141
G1 X149.801 Y92.668 E.07455
G1 X149.151 Y93.101 E.063
G1 X148.5 Y93.362 E.05658
G1 X147.849 Y93.492 E.05355
G1 X147.199 Y93.487 E.05243
G1 X146.548 Y93.276 E.0552
G1 X145.898 Y92.738 E.06806
G1 X145.247 Y91.966 E.08146
G1 X144.597 Y91.309 E.07455
G1 X143.946 Y90.876 E.06307
G1 X143.296 Y90.616 E.05647
G1 X142.645 Y90.486 E.05355
G1 X141.994 Y90.491 E.05252
G1 X141.344 Y90.701 E.0551
G1 X140.693 Y91.24 E.06818
G1 X140.043 Y92.012 E.08141
G1 X139.392 Y92.668 E.07455
G1 X138.742 Y93.101 E.063
G1 X138.091 Y93.362 E.05658
G1 X137.441 Y93.492 E.05347
G1 X136.79 Y93.487 E.05252
G1 X136.139 Y93.276 E.0552
G1 X135.713 Y92.923 E.04463
G1 X134.827 Y93.928 E.10808
G1 X133.577 Y95.69 E.17427
G1 X134.188 Y95.695 E.04929
G1 X134.838 Y95.906 E.05513
G1 X135.489 Y96.444 E.06813
G1 X136.139 Y97.217 E.08147
G1 X136.79 Y97.873 E.07455
G1 X137.441 Y98.306 E.06307
G1 X138.091 Y98.567 E.0565
G1 X138.742 Y98.697 E.05355
G1 X139.392 Y98.691 E.05244
G1 X140.043 Y98.481 E.05518
G1 X140.693 Y97.942 E.06811
G1 X141.344 Y97.17 E.08146
G1 X141.994 Y96.514 E.07449
G1 X142.645 Y96.081 E.06307
G1 X143.296 Y95.82 E.05658
G1 X143.946 Y95.69 E.05347
G1 X144.597 Y95.695 E.05252
G1 X145.247 Y95.906 E.05513
G1 X145.898 Y96.444 E.06813
G1 X146.548 Y97.217 E.08147
G1 X147.199 Y97.873 E.07455
G1 X147.849 Y98.306 E.063
G1 X148.5 Y98.567 E.05658
G1 X149.151 Y98.697 E.05355
G1 X149.801 Y98.691 E.05244
G1 X150.452 Y98.481 E.05518
G1 X151.102 Y97.942 E.06811
G1 X151.753 Y97.17 E.08146
G1 X152.403 Y96.514 E.07449
G1 X153.054 Y96.081 E.06307
G1 X153.704 Y95.82 E.0565
G1 X154.355 Y95.69 E.05355
G1 X155.006 Y95.695 E.05252
G1 X155.656 Y95.906 E.05513
G1 X156.307 Y96.444 E.06813
G1 X156.957 Y97.217 E.08147
G1 X157.608 Y97.873 E.07455
G1 X158.258 Y98.306 E.063
G1 X158.909 Y98.567 E.05658
G1 X159.559 Y98.697 E.05347
G1 X160.21 Y98.691 E.05252
G1 X160.861 Y98.481 E.05518
G1 X161.511 Y97.942 E.06811
G1 X162.162 Y97.17 E.08146
G1 X162.812 Y96.514 E.07449
G1 X163.625 Y96.016 E.07691
G1 X164.472 Y97.625 E.14668
G1 E-8 F1500
G1 Z2.12 F3000
G1 X163.99 Y113.34 F12000
G1 Z1.92 F3000
G1 E10 F1500
G1 F618.478
G1 X164.766 Y111.696 E.14665
G1 X164.113 Y111.433 E.05679
G1 X163.463 Y111.303 E.05347
G1 X162.812 Y111.309 E.05252
G1 X162.162 Y111.519 E.0551
G1 X161.511 Y112.058 E.06818
G1 X160.861 Y112.83 E.08141
G1 X160.21 Y113.486 E.07455
G1 X159.559 Y113.919 E.06307
G1 X158.909 Y114.18 E.0565
G1 X158.258 Y114.31 E.05355
G1 X157.608 Y114.305 E.05243
G1 X156.957 Y114.094 E.0552
G1 X156.307 Y113.556 E.06806
G1 X155.656 Y112.783 E.08152
G1 X155.006 Y112.127 E.07449
G1 X154.355 Y111.694 E.06307
G1 X153.704 Y111.433 E.05658
G1 X153.054 Y111.303 E.05347
G1 X152.403 Y111.309 E.05252
G1 X151.753 Y111.519 E.0551
G1 X151.102 Y112.058 E.06818
G1 X150.452 Y112.83 E.08141
G1 X149.801 Y113.486 E.07455
G1 X149.151 Y113.919 E.063
G1 X148.5 Y114.18 E.05658
G1 X147.849 Y114.31 E.05355
G1 X147.199 Y114.305 E.05243
G1 X146.548 Y114.094 E.0552
G1 X145.898 Y113.556 E.06806
G1 X145.247 Y112.783 E.08152
G1 X144.597 Y112.127 E.07449
G1 X143.946 Y111.694 E.06307
G1 X143.296 Y111.433 E.0565
G1 X142.645 Y111.303 E.05355
G1 X141.994 Y111.309 E.05252
G1 X141.344 Y111.519 E.0551
G1 X140.693 Y112.058 E.06818
G1 X140.043 Y112.83 E.08141
G1 X139.392 Y113.486 E.07455
G1 X138.742 Y113.919 E.063
G1 X138.091 Y114.18 E.05658
G1 X137.441 Y114.31 E.05347
G1 X136.79 Y114.305 E.05252
G1 X136.139 Y114.094 E.0552
G1 X135.489 Y113.556 E.06806
G1 X134.838 Y112.783 E.08152
G1 X134.188 Y112.127 E.07449
G1 X133.537 Y111.694 E.06307
G1 X132.887 Y111.433 E.0565
G1 X132.079 Y111.305 E.06599
G1 X131.428 Y109.256 E.17343
G1 X131.076 Y107.437 E.14945
G1 X131.585 Y106.923 E.05835
G1 X132.236 Y106.49 E.06307
G1 X132.887 Y106.229 E.05658
G1 X133.537 Y106.099 E.05347
G1 X134.188 Y106.104 E.05252
G1 X134.838 Y106.315 E.05513
G1 X135.489 Y106.853 E.06813
G1 X136.139 Y107.625 E.08141
G1 X136.79 Y108.282 E.07461
G1 X137.441 Y108.715 E.06307
G1 X138.091 Y108.976 E.0565
G1 X138.742 Y109.106 E.05355
G1 X139.392 Y109.1 E.05244
G1 X140.043 Y108.89 E.05518
G1 X140.693 Y108.351 E.06811
G1 X141.344 Y107.579 E.08146
G1 X141.994 Y106.923 E.07449
G1 X142.645 Y106.49 E.06307
G1 X143.296 Y106.229 E.05658
G1 X143.946 Y106.099 E.05347
G1 X144.597 Y106.104 E.05252
G1 X145.247 Y106.315 E.05513
G1 X145.898 Y106.853 E.06813
G1 X146.548 Y107.625 E.08141
G1 X147.199 Y108.282 E.07461
G1 X147.849 Y108.715 E.063
G1 X148.5 Y108.976 E.05658
G1 X149.151 Y109.106 E.05355
G1 X149.801 Y109.1 E.05244
G1 X150.452 Y108.89 E.05518
G1 X151.102 Y108.351 E.06811
G1 X151.753 Y107.579 E.08146
G1 X152.403 Y106.923 E.07449
G1 X153.054 Y106.49 E.06307
G1 X153.704 Y106.229 E.0565
G1 X154.355 Y106.099 E.05355
G1 X155.006 Y106.104 E.05252
G1 X155.656 Y106.315 E.05513
G1 X156.307 Y106.853 E.06813
G1 X156.957 Y107.625 E.08141
G1 X157.608 Y108.282 E.07461
G1 X158.258 Y108.715 E.063
G1 X158.909 Y108.976 E.05658
G1 X159.559 Y109.106 E.05347
G1 X160.21 Y109.1 E.05252
G1 X160.861 Y108.89 E.05518
G1 X161.511 Y108.351 E.06811
G1 X162.162 Y107.579 E.08146
G1 X162.812 Y106.923 E.07449
G1 X163.463 Y106.49 E.06307
G1 X164.113 Y106.229 E.0565
G1 X164.764 Y106.099 E.05355
G1 X165.415 Y106.104 E.05252
G1 X166.041 Y106.307 E.05309
G1 X166.07 Y104.079 E.17974
G1 X165.859 Y102.166 E.15525
G1 X165.415 Y101.718 E.05088
G1 X164.764 Y101.285 E.06307
G1 X164.113 Y101.024 E.05658
G1 X163.463 Y100.894 E.05347
G1 X162.812 Y100.9 E.05252
G1 X162.162 Y101.11 E.0551
G1 X161.511 Y101.649 E.06818
G1 X160.861 Y102.421 E.08141
G1 X160.21 Y103.077 E.07455
G1 X159.559 Y103.51 E.06307
G1 X158.909 Y103.771 E.0565
G1 X158.258 Y103.901 E.05355
G1 X157.608 Y103.896 E.05243
G1 X156.957 Y103.685 E.0552
G1 X156.307 Y103.147 E.06806
G1 X155.656 Y102.375 E.08146
G1 X155.006 Y101.718 E.07455
G1 X154.355 Y101.285 E.06307
G1 X153.704 Y101.024 E.05658
G1 X153.054 Y100.894 E.05347
G1 X152.403 Y100.9 E.05252
G1 X151.753 Y101.11 E.0551
G1 X151.102 Y101.649 E.06818
G1 X150.452 Y102.421 E.08141
G1 X149.801 Y103.077 E.07455
G1 X149.151 Y103.51 E.063
G1 X148.5 Y103.771 E.05658
G1 X147.849 Y103.901 E.05355
G1 X147.199 Y103.896 E.05243
G1 X146.548 Y103.685 E.0552
G1 X145.898 Y103.147 E.06806
M73 P44 R24
G1 X145.247 Y102.375 E.08146
G1 X144.597 Y101.718 E.07455
G1 X143.946 Y101.285 E.06307
G1 X143.296 Y101.024 E.0565
G1 X142.645 Y100.894 E.05355
G1 X141.994 Y100.9 E.05252
G1 X141.344 Y101.11 E.0551
G1 X140.693 Y101.649 E.06818
G1 X140.043 Y102.421 E.08141
G1 X139.392 Y103.077 E.07455
G1 X138.742 Y103.51 E.063
G1 X138.091 Y103.771 E.05658
G1 X137.441 Y103.901 E.05347
G1 X136.79 Y103.896 E.05252
G1 X136.139 Y103.685 E.0552
G1 X135.489 Y103.147 E.06806
G1 X134.838 Y102.375 E.08146
G1 X134.188 Y101.718 E.07455
G1 X133.537 Y101.285 E.06307
G1 X132.887 Y101.024 E.0565
G1 X132.236 Y100.894 E.05355
G1 X131.585 Y100.9 E.05252
G1 X131.379 Y100.967 E.01747
G1 X131.054 Y102.755 E.14659
G1 E-8 F1500
G1 Z2.12 F3000
G1 X140.038 Y120.421 F12000
G1 Z1.92 F3000
G1 E10 F1500
G1 F618.478
G1 X138.492 Y119.465 E.14663
G1 X139.392 Y119.509 E.07269
G1 X140.043 Y119.299 E.05518
G1 X140.693 Y118.76 E.06811
G1 X141.344 Y117.988 E.08146
G1 X141.994 Y117.332 E.07449
G1 X142.645 Y116.899 E.06307
G1 X143.296 Y116.638 E.05658
G1 X143.946 Y116.508 E.05347
G1 X144.597 Y116.513 E.05252
G1 X145.247 Y116.724 E.05513
G1 X145.898 Y117.262 E.06813
G1 X146.548 Y118.034 E.08141
G1 X147.199 Y118.691 E.07461
G1 X147.849 Y119.124 E.063
G1 X148.5 Y119.385 E.05658
G1 X149.151 Y119.514 E.05353
G1 X149.801 Y119.509 E.05243
G1 X150.452 Y119.299 E.05518
G1 X151.102 Y118.76 E.06811
G1 X151.753 Y117.988 E.08146
G1 X152.403 Y117.332 E.07449
G1 X153.054 Y116.899 E.06307
G1 X153.704 Y116.638 E.0565
G1 X154.355 Y116.508 E.05355
G1 X155.006 Y116.513 E.05252
G1 X155.656 Y116.724 E.05513
G1 X156.307 Y117.262 E.06813
G1 X156.957 Y118.034 E.08141
G1 X157.608 Y118.691 E.07461
G1 X158.258 Y119.124 E.063
G1 X158.725 Y119.311 E.04058
G1 X157.194 Y120.291 E.14663
G1 E-8 F1500
G1 Z2.12 F3000
G1 X155.343 Y121.208 F12000
G1 Z1.92 F3000
G1 E10 F1500
G1 F618.478
G1 X153.634 Y121.828 E.14665
G1 X153.054 Y121.712 E.04771
G1 X152.403 Y121.718 E.05252
G1 X151.753 Y121.928 E.0551
G1 X151.207 Y122.38 E.05718
G1 X149.4 Y122.571 E.14658
;LAYER_CHANGE
;Z:2.24
;HEIGHT:0.32

G1 E-8 F1500
G1 Z2.24 F3000
;AFTER_LAYER_CHANGE
;2.24
G92 E0
_ON_LAYER_CHANGE LAYER=7
G1 Z2.44
G1 X148.508 Y85.341 F12000
G1 Z2.24 F3000
G1 E10 F1500
;TYPE:External perimeter
;WIDTH:0.675
G1 F618.478
G1 X148.643 Y85.339 E.01089
G1 X149.529 Y85.365 E.0715
G1 X150.555 Y85.445 E.08301
G1 X151.576 Y85.58 E.08308
G1 X152.589 Y85.768 E.08311
G1 X153.255 Y85.921 E.05512
G1 X154.249 Y86.197 E.08322
G1 X155.225 Y86.523 E.08301
G1 X156.183 Y86.901 E.08308
G1 X157.119 Y87.328 E.08299
G1 X158.033 Y87.803 E.08309
G1 X158.748 Y88.22 E.06677
G1 X159.496 Y88.7 E.07169
G1 X160.056 Y89.092 E.05514
G1 X160.874 Y89.719 E.08314
G1 X161.657 Y90.388 E.08308
G1 X162.404 Y91.098 E.08313
G1 X162.879 Y91.589 E.05511
G1 X163.562 Y92.361 E.08315
G1 X164.203 Y93.167 E.08307
G1 X164.801 Y94.005 E.08304
G1 X165.354 Y94.873 E.08302
G1 X165.861 Y95.769 E.08305
G1 X166.32 Y96.69 E.08301
G1 X166.731 Y97.636 E.0832
G1 X166.976 Y98.274 E.05513
G1 X167.303 Y99.251 E.08311
G1 X167.578 Y100.243 E.08304
G1 X167.801 Y101.248 E.08304
G1 X167.971 Y102.265 E.08318
G1 X168.055 Y102.943 E.05511
G1 X168.135 Y103.971 E.08318
G1 X168.15 Y105.685 E.13827
G1 X168.088 Y106.714 E.08316
G1 X167.971 Y107.736 E.08298
G1 X167.801 Y108.752 E.0831
G1 X167.578 Y109.757 E.08304
G1 X167.303 Y110.749 E.08304
G1 X166.977 Y111.725 E.08301
G1 X166.599 Y112.684 E.08315
G1 X166.321 Y113.308 E.05511
G1 X165.861 Y114.231 E.08319
G1 X165.354 Y115.127 E.08305
G1 X164.801 Y115.995 E.08302
G1 X164.202 Y116.834 E.08316
G1 X163.781 Y117.373 E.05517
G1 X163.112 Y118.157 E.08314
G1 X162.403 Y118.903 E.08302
G1 X161.657 Y119.612 E.08302
M73 P44 R23
G1 X160.874 Y120.281 E.08308
G1 X160.057 Y120.907 E.08303
G1 X159.209 Y121.49 E.08301
G1 X158.33 Y122.029 E.08317
G1 X157.732 Y122.36 E.05513
G1 X156.81 Y122.82 E.08312
G1 X155.864 Y123.231 E.0832
G1 X155.226 Y123.476 E.05513
G1 X154.249 Y123.803 E.08311
G1 X153.257 Y124.078 E.08304
G1 X152.252 Y124.301 E.08304
G1 X151.235 Y124.471 E.08318
G1 X150.557 Y124.555 E.05511
G1 X149.529 Y124.635 E.08318
G1 X148.498 Y124.662 E.0832
G1 X147.815 Y124.65 E.0551
G1 X146.786 Y124.588 E.08316
G1 X145.764 Y124.471 E.08298
G1 X144.747 Y124.301 E.08318
G1 X144.078 Y124.159 E.05517
G1 X143.08 Y123.901 E.08315
G1 X142.099 Y123.591 E.08299
G1 X141.134 Y123.231 E.08308
G1 X140.19 Y122.82 E.08305
G1 X139.269 Y122.361 E.08301
G1 X138.373 Y121.854 E.08305
G1 X137.504 Y121.3 E.08313
G1 X136.944 Y120.908 E.05514
G1 X136.126 Y120.281 E.08314
G1 X135.343 Y119.612 E.08308
G1 X134.597 Y118.903 E.08302
G1 X133.888 Y118.157 E.08302
G1 X133.218 Y117.373 E.08319
G1 X132.798 Y116.834 E.05512
G1 X132.199 Y115.995 E.08316
G1 X131.646 Y115.127 E.08302
G1 X131.139 Y114.231 E.08305
G1 X130.679 Y113.309 E.08312
G1 X130.346 Y112.551 E.06679
G1 X130.024 Y111.725 E.07151
G1 X129.697 Y110.749 E.08303
G1 X129.422 Y109.757 E.08304
G1 X129.199 Y108.751 E.08312
G1 X129.059 Y107.935 E.06679
G1 X128.945 Y107.056 E.0715
G1 X128.865 Y106.029 E.0831
G1 X128.838 Y105 E.08303
G1 X128.865 Y103.97 E.08311
G1 X128.926 Y103.145 E.06673
G1 X129.029 Y102.264 E.07155
G1 X129.199 Y101.248 E.0831
G1 X129.422 Y100.243 E.08304
G1 X129.697 Y99.251 E.08304
G1 X129.956 Y98.464 E.06683
G1 X130.269 Y97.635 E.07148
G1 X130.68 Y96.69 E.08313
G1 X131.046 Y95.947 E.06681
G1 X131.472 Y95.169 E.07155
G1 X132.01 Y94.291 E.08306
G1 X132.593 Y93.443 E.08301
G1 X133.219 Y92.626 E.08303
G1 X133.888 Y91.843 E.08308
G1 X134.597 Y91.097 E.08302
G1 X135.343 Y90.388 E.08302
G1 X136.126 Y89.719 E.08308
G1 X136.943 Y89.092 E.08308
G1 X137.624 Y88.62 E.06684
G1 X138.373 Y88.146 E.0715
G1 X139.269 Y87.639 E.08305
G1 X140.19 Y87.18 E.08301
G1 X141.134 Y86.769 E.08305
G1 X142.099 Y86.409 E.08308
G1 X142.888 Y86.156 E.06684
G1 X143.743 Y85.922 E.07151
G1 X144.748 Y85.699 E.08304
G1 X145.764 Y85.529 E.0831
G1 X146.786 Y85.412 E.08298
G1 X147.814 Y85.35 E.08308
G1 X148.478 Y85.341 E.05357
G1 X149.078 Y85.352 F12000
G1 X148.503 Y85.91
;TYPE:Perimeter
G1 E-30 F1500
G1 Z7.24 F300.0
G1 F12000.0
T1
G1 Z2.24 F300.0
PRIME_FIBRE
G1 E45.0 F1500
G1 F12000.0
;WIDTH:0.6
G1 F705.78
G1 X148.638 Y85.908 E.00954
G1 X149.498 Y85.933 E.06082 U0.86
G1 X150.496 Y86.011 E.07076 U1.861
G1 X151.487 Y86.142 E.07066 U2.861
G1 X152.474 Y86.325 E.07096 U3.865
G1 X153.115 Y86.473 E.0465 U4.523
G1 X154.082 Y86.741 E.07093 U5.526
G1 X155.03 Y87.058 E.07066 U6.526
G1 X155.96 Y87.424 E.07065 U7.525
G1 X156.87 Y87.839 E.0707 U8.525
G1 X157.758 Y88.301 E.07076 U9.526
G1 X158.451 Y88.706 E.05674 U10.329
G1 X159.179 Y89.172 E.0611 U11.193
G1 X159.72 Y89.551 E.04669 U11.854
G1 X160.516 Y90.162 E.07093 U12.857
G1 X161.276 Y90.811 E.07065 U13.857
G1 X162.004 Y91.502 E.07095 U14.861
G1 X162.461 Y91.975 E.04649 U15.518
G1 X163.126 Y92.727 E.07096 U16.522
G1 X163.749 Y93.509 E.07068 U17.522
G1 X164.329 Y94.323 E.07065 U18.521
G1 X164.866 Y95.166 E.07065 U19.521
G1 X165.358 Y96.036 E.07065 U20.52
G1 X165.804 Y96.931 E.07069 U21.52
G1 X166.205 Y97.851 E.07094 U22.524
G1 X166.441 Y98.466 E.04656 U23.183
G1 X166.759 Y99.418 E.07095 U24.186
G1 X167.026 Y100.381 E.07064 U25.186
G1 X167.243 Y101.357 E.07068 U26.186
G1 X167.408 Y102.347 E.07095 U27.189
G1 X167.488 Y103 E.0465 U27.847
G1 X167.567 Y104.001 E.07098 U28.851
G1 X167.582 Y105.662 E.11742 U30.512
G1 X167.521 Y106.664 E.07096 U31.516
G1 X167.408 Y107.657 E.07065 U32.516
G1 X167.243 Y108.643 E.07067 U33.515
G1 X167.026 Y109.619 E.07068 U34.515
G1 X166.759 Y110.582 E.07064 U35.514
G1 X166.442 Y111.53 E.07066 U36.514
G1 X166.074 Y112.464 E.07096 U37.518
G1 X165.806 Y113.066 E.04658 U38.177
G1 X165.358 Y113.964 E.07094 U39.18
G1 X164.866 Y114.834 E.07065 U40.18
G1 X164.329 Y115.677 E.07065 U41.179
G1 X163.746 Y116.494 E.07095 U42.183
G1 X163.341 Y117.013 E.04654 U42.841
G1 X162.689 Y117.776 E.07094 U43.845
G1 X162.001 Y118.501 E.07065 U44.845
G1 X161.276 Y119.189 E.07065 U45.844
G1 X160.516 Y119.838 E.07065 U46.843
G1 X159.723 Y120.447 E.07068 U47.843
G1 X158.899 Y121.013 E.07066 U48.843
G1 X158.043 Y121.537 E.07095 U49.847
G1 X157.467 Y121.857 E.04658 U50.505
G1 X156.569 Y122.304 E.07091 U51.509
G1 X155.649 Y122.705 E.07094 U52.512
G1 X155.034 Y122.941 E.04656 U53.171
G1 X154.082 Y123.259 E.07095 U54.175
G1 X153.119 Y123.526 E.07064 U55.174
G1 X152.143 Y123.743 E.07068 U56.174
G1 X151.153 Y123.908 E.07095 U57.177
G1 X150.5 Y123.988 E.0465 U57.835
G1 X149.499 Y124.067 E.07098 U58.839
G1 X148.496 Y124.093 E.07092 U59.843
G1 X147.838 Y124.082 E.04652 U60.501
G1 X146.836 Y124.021 E.07096 U61.505
G1 X145.843 Y123.908 E.07065 U62.504
M73 P45 R23
G1 X144.853 Y123.742 E.07096 U63.508
G1 X144.209 Y123.605 E.04654 U64.166
G1 X143.237 Y123.354 E.07096 U65.17
G1 X142.284 Y123.053 E.07065 U66.17
G1 X141.348 Y122.703 E.07064 U67.169
G1 X140.431 Y122.304 E.07069 U68.169
G1 X139.536 Y121.858 E.07069 U69.169
G1 X138.666 Y121.366 E.07065 U70.168
G1 X137.82 Y120.827 E.07091 U71.172
G1 X137.28 Y120.449 E.04659 U71.831
G1 X136.484 Y119.838 E.07093 U72.834
G1 X135.724 Y119.189 E.07065 U73.834
G1 X134.999 Y118.501 E.07065 U74.833
G1 X134.311 Y117.776 E.07065 U75.833
G1 X133.659 Y117.013 E.07094 U76.836
G1 X133.254 Y116.494 E.04654 U77.494
G1 X132.671 Y115.677 E.07095 U78.498
G1 X132.134 Y114.834 E.07065 U79.498
G1 X131.642 Y113.964 E.07065 U80.497
G1 X131.195 Y113.067 E.07084 U81.499
G1 X130.872 Y112.333 E.05669 U82.301
G1 X130.559 Y111.532 E.06079 U83.161
G1 X130.241 Y110.582 E.07082 U84.163
G1 X129.974 Y109.619 E.07064 U85.162
G1 X129.757 Y108.641 E.07081 U86.164
G1 X129.621 Y107.85 E.05673 U86.967
G1 X129.511 Y106.997 E.0608 U87.827
G1 X129.433 Y105.999 E.07076 U88.828
G1 X129.407 Y105 E.07064 U89.827
G1 X129.433 Y103.999 E.07078 U90.829
G1 X129.492 Y103.199 E.0567 U91.631
G1 X129.592 Y102.344 E.06085 U92.492
G1 X129.757 Y101.357 E.07074 U93.492
G1 X129.974 Y100.381 E.07068 U94.492
G1 X130.241 Y99.416 E.07078 U95.493
G1 X130.493 Y98.654 E.05673 U96.296
G1 X130.796 Y97.849 E.0608 U97.156
G1 X131.196 Y96.929 E.07091 U98.159
G1 X131.551 Y96.209 E.05675 U98.962
G1 X131.964 Y95.454 E.06083 U99.823
G1 X132.487 Y94.601 E.07073 U100.823
G1 X133.053 Y93.777 E.07066 U101.823
G1 X133.662 Y92.984 E.07068 U102.823
G1 X134.311 Y92.224 E.07065 U103.822
G1 X134.999 Y91.499 E.07065 U104.822
G1 X135.724 Y90.811 E.07065 U105.821
G1 X136.484 Y90.162 E.07065 U106.821
G1 X137.279 Y89.552 E.07083 U107.823
G1 X137.938 Y89.095 E.05669 U108.625
G1 X138.665 Y88.634 E.06085 U109.485
G1 X139.536 Y88.142 E.07071 U110.486
G1 X140.431 Y87.696 E.07069 U111.486
G1 X141.348 Y87.297 E.07069 U112.486
G1 X142.286 Y86.946 E.0708 U113.487
G1 X143.05 Y86.702 E.05669 U114.289
G1 X143.88 Y86.474 E.06084 U115.15
G1 X144.857 Y86.257 E.07075 U116.151
G1 X145.843 Y86.092 E.07067 U117.151
G1 X146.836 Y85.979 E.07065 U118.15
G1 X147.836 Y85.918 E.07082 U119.152
G1 X148.473 Y85.91 E.04503 U119.789
G1 X148.499 Y86.441 F12000 U120.32
G1 F705.78
G1 X148.634 Y86.439 E.00954 U120.456
G1 X149.469 Y86.463 E.05905 U121.291
G1 X150.44 Y86.54 E.06885 U122.265
G1 X151.404 Y86.667 E.06873 U123.237
G1 X152.365 Y86.845 E.06909 U124.215
G1 X152.985 Y86.988 E.04498 U124.851
G1 X153.927 Y87.249 E.0691 U125.828
G1 X154.849 Y87.558 E.06874 U126.801
G1 X155.753 Y87.914 E.06868 U127.772
G1 X156.637 Y88.317 E.06868 U128.744
G1 X157.502 Y88.767 E.06892 U129.719
G1 X158.174 Y89.159 E.05499 U130.497
G1 X158.883 Y89.614 E.05955 U131.339
G1 X159.405 Y89.979 E.04502 U131.976
G1 X160.181 Y90.575 E.06917 U132.955
G1 X160.92 Y91.206 E.06869 U133.926
G1 X161.63 Y91.879 E.06915 U134.905
G1 X162.071 Y92.336 E.04489 U135.54
G1 X162.719 Y93.069 E.06916 U136.518
G1 X163.324 Y93.829 E.06867 U137.49
G1 X163.888 Y94.62 E.06867 U138.461
G1 X164.411 Y95.44 E.06875 U139.434
G1 X164.889 Y96.286 E.06869 U140.405
G1 X165.323 Y97.155 E.06866 U141.377
G1 X165.713 Y98.052 E.06914 U142.355
G1 X165.94 Y98.646 E.04495 U142.991
G1 X166.251 Y99.573 E.06912 U143.969
G1 X166.51 Y100.509 E.06865 U144.94
G1 X166.721 Y101.458 E.06872 U145.912
G1 X166.882 Y102.423 E.06916 U146.89
G1 X166.96 Y103.054 E.04494 U147.526
G1 X167.036 Y104.029 E.06913 U148.504
G1 X167.051 Y105.642 E.11402 U150.117
G1 X166.991 Y106.618 E.06912 U151.095
G1 X166.881 Y107.583 E.06866 U152.066
G1 X166.721 Y108.542 E.06873 U153.038
G1 X166.51 Y109.491 E.06872 U154.011
G1 X166.251 Y110.427 E.06865 U154.982
G1 X165.942 Y111.349 E.06874 U155.954
G1 X165.584 Y112.259 E.06912 U156.932
G1 X165.326 Y112.839 E.04487 U157.567
G1 X164.889 Y113.714 E.06914 U158.545
G1 X164.411 Y114.56 E.06869 U159.517
G1 X163.888 Y115.38 E.06875 U160.489
G1 X163.321 Y116.176 E.06908 U161.466
G1 X162.929 Y116.677 E.04497 U162.103
G1 X162.294 Y117.42 E.06909 U163.08
G1 X161.625 Y118.125 E.0687 U164.052
G1 X160.92 Y118.794 E.0687 U165.024
G1 X160.181 Y119.425 E.06869 U165.995
G1 X159.41 Y120.017 E.06871 U166.968
G1 X158.609 Y120.567 E.06868 U167.939
G1 X157.776 Y121.078 E.06908 U168.916
G1 X157.22 Y121.386 E.04493 U169.552
G1 X156.345 Y121.823 E.06914 U170.53
G1 X155.448 Y122.213 E.06914 U171.508
G1 X154.854 Y122.44 E.04495 U172.144
G1 X153.927 Y122.751 E.06912 U173.122
G1 X152.991 Y123.01 E.06865 U174.093
G1 X152.042 Y123.221 E.06872 U175.065
G1 X151.077 Y123.382 E.06916 U176.044
G1 X150.446 Y123.46 E.04494 U176.679
G1 X149.471 Y123.536 E.06913 U177.657
G1 X148.494 Y123.562 E.06909 U178.635
G1 X147.858 Y123.551 E.04496 U179.271
G1 X146.882 Y123.491 E.06912 U180.249
G1 X145.917 Y123.381 E.06866 U181.22
G1 X144.952 Y123.22 E.06916 U182.198
G1 X144.331 Y123.088 E.04488 U182.833
G1 X143.384 Y122.843 E.06915 U183.811
G1 X142.457 Y122.551 E.0687 U184.783
G1 X141.547 Y122.21 E.06869 U185.755
G1 X140.655 Y121.823 E.06873 U186.727
G1 X139.786 Y121.389 E.06866 U187.699
G1 X138.94 Y120.911 E.06869 U188.67
G1 X138.115 Y120.385 E.06916 U189.649
G1 X137.595 Y120.021 E.04487 U190.284
G1 X136.819 Y119.425 E.06917 U191.262
G1 X136.08 Y118.794 E.06869 U192.234
G1 X135.375 Y118.125 E.0687 U193.206
G1 X134.706 Y117.42 E.0687 U194.178
G1 X134.071 Y116.677 E.06909 U195.155
G1 X133.68 Y116.176 E.04492 U195.79
G1 X133.112 Y115.38 E.06912 U196.768
G1 X132.589 Y114.56 E.06875 U197.741
G1 X132.111 Y113.714 E.06869 U198.713
G1 X131.676 Y112.842 E.06888 U199.687
G1 X131.362 Y112.129 E.05507 U200.466
G1 X131.058 Y111.35 E.05911 U201.302
G1 X130.749 Y110.427 E.0688 U202.276
G1 X130.49 Y109.491 E.06865 U203.247
G1 X130.279 Y108.539 E.06893 U204.222
G1 X130.147 Y107.772 E.05501 U205.0
G1 X130.04 Y106.942 E.05916 U205.837
G1 X129.964 Y105.971 E.06885 U206.811
G1 X129.938 Y105 E.06866 U207.782
G1 X129.964 Y104.026 E.06887 U208.757
G1 X130.021 Y103.249 E.05507 U209.536
G1 X130.118 Y102.419 E.05907 U210.372
G1 X130.279 Y101.458 E.06888 U211.346
G1 X130.49 Y100.509 E.06872 U212.318
G1 X130.75 Y99.57 E.06887 U213.292
G1 X130.994 Y98.831 E.05501 U214.071
G1 X131.289 Y98.048 E.05915 U214.907
G1 X131.678 Y97.153 E.06898 U215.883
G1 X132.023 Y96.454 E.0551 U216.663
G1 X132.424 Y95.721 E.05906 U217.498
G1 X132.933 Y94.89 E.06889 U218.473
G1 X133.483 Y94.09 E.06863 U219.444
G1 X134.075 Y93.319 E.06871 U220.416
G1 X134.706 Y92.58 E.06869 U221.387
G1 X135.375 Y91.875 E.0687 U222.359
G1 X136.08 Y91.206 E.0687 U223.331
G1 X136.819 Y90.575 E.06869 U224.303
G1 X137.592 Y89.981 E.06891 U225.278
G1 X138.232 Y89.538 E.05502 U226.056
G1 X138.938 Y89.09 E.05911 U226.892
G1 X139.786 Y88.611 E.06885 U227.866
G1 X140.655 Y88.177 E.06866 U228.838
G1 X141.547 Y87.79 E.06873 U229.81
G1 X142.46 Y87.448 E.06892 U230.785
G1 X143.201 Y87.211 E.05499 U231.563
G1 X144.007 Y86.99 E.05908 U232.399
G1 X144.958 Y86.779 E.06886 U233.373
G1 X145.917 Y86.619 E.06873 U234.345
G1 X146.882 Y86.509 E.06866 U235.316
G1 X147.855 Y86.449 E.06891 U236.291
G1 X148.469 Y86.441 E.04341 U236.905
G1 X148.494 Y86.972 F12000 U237.437
G1 F705.78
G1 X148.629 Y86.971 E.00954 U237.572
G1 X149.441 Y86.994 E.05742 U238.384
G1 X150.385 Y87.068 E.06693 U239.331
G1 X151.321 Y87.192 E.06674 U240.275
G1 X152.257 Y87.365 E.06728 U241.227
G1 X152.854 Y87.503 E.04331 U241.84
G1 X153.772 Y87.757 E.06733 U242.792
G1 X154.667 Y88.057 E.06673 U243.736
G1 X155.545 Y88.403 E.06671 U244.68
G1 X156.404 Y88.794 E.06672 U245.624
G1 X157.245 Y89.232 E.06703 U246.572
G1 X157.897 Y89.612 E.05335 U247.327
G1 X158.587 Y90.055 E.05796 U248.147
G1 X159.091 Y90.408 E.0435 U248.762
G1 X159.847 Y90.988 E.06736 U249.715
G1 X160.565 Y91.601 E.06674 U250.659
G1 X161.256 Y92.257 E.06735 U251.612
G1 X161.681 Y92.697 E.04324 U252.223
G1 X162.312 Y93.41 E.0673 U253.175
G1 X162.9 Y94.149 E.06676 U254.12
G1 X163.448 Y94.918 E.06675 U255.064
G1 X163.955 Y95.714 E.06671 U256.008
G1 X164.42 Y96.535 E.0667 U256.951
G1 X164.841 Y97.38 E.06673 U257.895
G1 X165.221 Y98.254 E.06737 U258.849
G1 X165.44 Y98.825 E.04323 U259.46
G1 X165.743 Y99.728 E.06733 U260.413
G1 X165.995 Y100.638 E.06675 U261.357
G1 X166.199 Y101.56 E.06675 U262.301
G1 X166.356 Y102.499 E.0673 U263.253
G1 X166.431 Y103.107 E.0433 U263.866
G1 X166.506 Y104.056 E.06729 U264.818
G1 X166.52 Y105.621 E.11063 U266.383
G1 X166.462 Y106.571 E.06728 U267.335
G1 X166.355 Y107.509 E.06674 U268.279
G1 X166.199 Y108.44 E.06673 U269.223
G1 X165.995 Y109.362 E.06675 U270.167
G1 X165.743 Y110.272 E.06675 U271.111
G1 X165.443 Y111.167 E.06673 U272.055
G1 X165.094 Y112.053 E.06731 U273.007
G1 X164.845 Y112.612 E.04326 U273.619
G1 X164.42 Y113.465 E.06737 U274.572
G1 X163.955 Y114.286 E.0667 U275.516
G1 X163.448 Y115.082 E.06671 U276.46
G1 X162.895 Y115.858 E.06736 U277.412
G1 X162.518 Y116.34 E.04326 U278.024
G1 X161.899 Y117.065 E.06739 U278.978
G1 X161.249 Y117.749 E.0667 U279.921
G1 X160.565 Y118.399 E.0667 U280.865
G1 X159.847 Y119.012 E.06674 U281.809
G1 X159.098 Y119.587 E.06675 U282.753
G1 X158.32 Y120.122 E.06674 U283.697
G1 X157.508 Y120.619 E.0673 U284.649
G1 X156.972 Y120.916 E.04332 U285.262
G1 X156.12 Y121.341 E.0673 U286.214
G1 X155.246 Y121.721 E.06737 U287.167
G1 X154.675 Y121.94 E.04323 U287.779
G1 X153.772 Y122.243 E.06733 U288.731
G1 X152.862 Y122.495 E.06675 U289.676
G1 X151.94 Y122.699 E.06675 U290.62
G1 X151.001 Y122.856 E.0673 U291.572
G1 X150.393 Y122.931 E.0433 U292.185
G1 X149.444 Y123.006 E.06729 U293.137
G1 X148.491 Y123.031 E.06739 U294.09
G1 X147.879 Y123.02 E.04327 U294.702
G1 X146.929 Y122.962 E.06728 U295.654
G1 X145.991 Y122.855 E.06674 U296.598
G1 X145.051 Y122.698 E.06737 U297.551
G1 X144.452 Y122.57 E.0433 U298.163
G1 X143.53 Y122.332 E.06731 U299.116
G1 X142.63 Y122.048 E.06671 U300.059
CUT
G1 X141.746 Y121.717 E.06673
G1 X140.88 Y121.341 E.06674
G1 X140.035 Y120.92 E.06673
G1 X139.214 Y120.455 E.0667
G1 X138.41 Y119.943 E.06738
G1 X137.909 Y119.592 E.04324
G1 X137.153 Y119.012 E.06736
G1 X136.435 Y118.399 E.06674
G1 X135.751 Y117.749 E.0667
G1 X135.101 Y117.065 E.0667
G1 X134.482 Y116.34 E.06739
G1 X134.105 Y115.858 E.04326
G1 X133.552 Y115.082 E.06736
G1 X133.045 Y114.286 E.06671
G1 X132.58 Y113.465 E.0667
G1 X132.157 Y112.616 E.06705
G1 X131.853 Y111.926 E.0533
G1 X131.558 Y111.169 E.05743
G1 X131.257 Y110.272 E.06688
G1 X131.005 Y109.362 E.06675
G1 X130.8 Y108.436 E.06704
G1 X130.672 Y107.693 E.05329
G1 X130.569 Y106.887 E.05744
G1 X130.494 Y105.944 E.06687
G1 X130.47 Y105 E.06675
G1 X130.494 Y104.052 E.06703
G1 X130.551 Y103.3 E.05331
G1 X130.645 Y102.493 E.05743
G1 X130.801 Y101.56 E.06687
G1 X131.005 Y100.638 E.06675
G1 X131.259 Y99.724 E.06706
G1 X131.495 Y99.008 E.05329
G1 X131.781 Y98.248 E.0574
G1 X132.161 Y97.376 E.06724
G1 X132.494 Y96.7 E.05327
G1 X132.884 Y95.987 E.05745
G1 X133.378 Y95.18 E.06688
G1 X133.913 Y94.402 E.06674
G1 X134.488 Y93.653 E.06675
G1 X135.101 Y92.935 E.06674
G1 X135.751 Y92.251 E.0667
G1 X136.435 Y91.601 E.0667
G1 X137.153 Y90.988 E.06674
G1 X137.905 Y90.411 E.067
G1 X138.525 Y89.981 E.05334
G1 X139.211 Y89.546 E.05742
G1 X140.035 Y89.08 E.06692
G1 X140.88 Y88.659 E.06673
G1 X141.746 Y88.283 E.06674
G1 X142.634 Y87.951 E.06701
G1 X143.352 Y87.721 E.05329
G1 X144.135 Y87.506 E.0574
G1 X145.06 Y87.301 E.06697
G1 X145.991 Y87.145 E.06673
G1 X146.929 Y87.038 E.06674
G1 X147.875 Y86.98 E.067
G1 X148.464 Y86.973 E.04164
G1 E-8 F1500
G1 Z2.44 F3000
G1 X145.222 Y87.716 F12000
G1 Z2.24 F3000
G1 E10 F1500
;TYPE:Internal infill
G1 E-30 F1500
G1 Z7.24 F300.0
G1 F12000.0
T0
G1 Z2.24 F300.0
G1 E32.0 F1500
G1 F12000.0
;WIDTH:0.675
G1 F618.478
G1 X147.023 Y87.469 E.14664
G1 X147.849 Y87.938 E.07662
G1 X148.5 Y88.105 E.05421
G1 X149.151 Y88.142 E.0526
G1 X149.801 Y88.034 E.05315
M73 P46 R23
G1 X150.452 Y87.722 E.05823
G1 X150.656 Y87.544 E.02184
G1 X152.447 Y87.857 E.14666
G1 E-8 F1500
G1 Z2.44 F3000
G1 X159.383 Y91.181 F12000
G1 Z2.24 F3000
G1 E10 F1500
G1 F618.478
G1 X160.751 Y92.378 E.14663
G1 X160.21 Y92.816 E.05615
G1 X159.559 Y93.142 E.05873
G1 X158.909 Y93.31 E.05416
G1 X158.258 Y93.347 E.0526
G1 X157.608 Y93.239 E.05315
G1 X156.957 Y92.926 E.05827
G1 X156.307 Y92.36 E.06953
G1 X155.656 Y91.689 E.07541
G1 X155.006 Y91.162 E.0675
G1 X154.355 Y90.836 E.05873
G1 X153.704 Y90.668 E.05423
G1 X153.054 Y90.631 E.05252
G1 X152.403 Y90.739 E.05323
G1 X151.753 Y91.051 E.05816
G1 X151.102 Y91.618 E.06964
G1 X150.452 Y92.289 E.07536
G1 X149.801 Y92.816 E.06756
G1 X149.151 Y93.142 E.05866
G1 X148.5 Y93.31 E.05423
G1 X147.849 Y93.347 E.0526
G1 X147.199 Y93.239 E.05315
G1 X146.548 Y92.926 E.05827
G1 X145.898 Y92.36 E.06953
G1 X145.247 Y91.689 E.07541
G1 X144.597 Y91.162 E.0675
G1 X143.946 Y90.836 E.05873
G1 X143.296 Y90.668 E.05416
G1 X142.645 Y90.631 E.0526
G1 X141.994 Y90.739 E.05323
G1 X141.344 Y91.051 E.05816
G1 X140.693 Y91.618 E.06964
G1 X140.043 Y92.289 E.07536
G1 X139.392 Y92.816 E.06756
G1 X138.742 Y93.142 E.05866
G1 X138.091 Y93.31 E.05423
G1 X137.441 Y93.347 E.05252
G1 X136.79 Y93.239 E.05323
G1 X136.139 Y92.926 E.05827
G1 X135.904 Y92.722 E.0251
G1 X134.827 Y93.928 E.13043
G1 X134.266 Y94.658 E.07427
G1 X133.486 Y95.838 E.1141
G1 X134.188 Y95.943 E.05726
G1 X134.838 Y96.256 E.0582
G1 X135.489 Y96.822 E.06959
G1 X136.139 Y97.494 E.07542
G1 X136.79 Y98.02 E.06751
G1 X137.441 Y98.346 E.05873
G1 X138.091 Y98.514 E.05416
G1 X138.742 Y98.551 E.0526
G1 X139.392 Y98.443 E.05315
G1 X140.043 Y98.131 E.05823
G1 X140.693 Y97.565 E.06953
G1 X141.344 Y96.893 E.07547
G1 X141.994 Y96.366 E.0675
G1 X142.645 Y96.04 E.05873
G1 X143.296 Y95.872 E.05423
G1 X143.946 Y95.835 E.05252
G1 X144.597 Y95.943 E.05323
G1 X145.247 Y96.256 E.0582
G1 X145.898 Y96.822 E.06959
G1 X146.548 Y97.494 E.07542
G1 X147.199 Y98.02 E.06751
G1 X147.849 Y98.346 E.05866
G1 X148.5 Y98.514 E.05423
G1 X149.151 Y98.551 E.0526
G1 X149.801 Y98.443 E.05315
G1 X150.452 Y98.131 E.05823
G1 X151.102 Y97.565 E.06953
G1 X151.753 Y96.893 E.07547
G1 X152.403 Y96.366 E.0675
G1 X153.054 Y96.04 E.05873
G1 X153.704 Y95.872 E.05416
G1 X154.355 Y95.835 E.0526
G1 X155.006 Y95.943 E.05323
G1 X155.656 Y96.256 E.0582
G1 X156.307 Y96.822 E.06959
G1 X156.957 Y97.494 E.07542
G1 X157.608 Y98.02 E.06751
G1 X158.258 Y98.346 E.05866
G1 X158.909 Y98.514 E.05423
G1 X159.559 Y98.551 E.05252
G1 X160.21 Y98.443 E.05323
G1 X160.861 Y98.131 E.05823
G1 X161.511 Y97.565 E.06953
G1 X162.162 Y96.893 E.07547
G1 X162.812 Y96.366 E.0675
G1 X163.616 Y96.001 E.07123
G1 X164.465 Y97.609 E.14668
G1 E-8 F1500
G1 Z2.44 F3000
G1 X164.008 Y113.307 F12000
G1 Z2.24 F3000
G1 E10 F1500
G1 F618.478
G1 X164.764 Y111.654 E.14662
G1 X164.113 Y111.486 E.05423
G1 X163.463 Y111.449 E.05252
G1 X162.812 Y111.557 E.05323
G1 X162.162 Y111.869 E.05816
G1 X161.511 Y112.435 E.06959
G1 X160.861 Y113.107 E.07542
G1 X160.21 Y113.634 E.06756
G1 X159.559 Y113.96 E.05873
G1 X158.909 Y114.128 E.05416
G1 X158.258 Y114.165 E.0526
G1 X157.608 Y114.057 E.05315
G1 X156.957 Y113.744 E.05827
G1 X156.307 Y113.178 E.06953
G1 X155.656 Y112.506 E.07547
G1 X155.006 Y111.98 E.06745
G1 X154.355 Y111.654 E.05873
G1 X153.704 Y111.486 E.05423
G1 X153.054 Y111.449 E.05252
G1 X152.403 Y111.557 E.05323
G1 X151.753 Y111.869 E.05816
G1 X151.102 Y112.435 E.06959
G1 X150.452 Y113.107 E.07542
G1 X149.801 Y113.634 E.06756
G1 X149.151 Y113.96 E.05866
G1 X148.5 Y114.128 E.05423
G1 X147.849 Y114.165 E.0526
G1 X147.199 Y114.057 E.05315
G1 X146.548 Y113.744 E.05827
G1 X145.898 Y113.178 E.06953
G1 X145.247 Y112.506 E.07547
G1 X144.597 Y111.98 E.06745
G1 X143.946 Y111.654 E.05873
G1 X143.296 Y111.486 E.05416
G1 X142.645 Y111.449 E.0526
G1 X141.994 Y111.557 E.05323
G1 X141.344 Y111.869 E.05816
G1 X140.693 Y112.435 E.06959
G1 X140.043 Y113.107 E.07542
G1 X139.392 Y113.634 E.06756
G1 X138.742 Y113.96 E.05866
G1 X138.091 Y114.128 E.05423
G1 X137.441 Y114.165 E.05252
G1 X136.79 Y114.057 E.05323
G1 X136.139 Y113.744 E.05827
G1 X135.489 Y113.178 E.06953
G1 X134.838 Y112.506 E.07547
G1 X134.188 Y111.98 E.06745
G1 X133.537 Y111.654 E.05873
G1 X132.887 Y111.486 E.05416
G1 X132.141 Y111.465 E.0602
G1 X131.675 Y110.144 E.113
G1 X131.428 Y109.256 E.07435
G1 X131.05 Y107.209 E.16792
G1 X131.585 Y106.775 E.05557
G1 X132.236 Y106.449 E.05873
G1 X132.887 Y106.281 E.05423
G1 X133.537 Y106.244 E.05252
G1 X134.188 Y106.352 E.05323
G1 X134.838 Y106.665 E.0582
G1 X135.489 Y107.231 E.06959
G1 X136.139 Y107.903 E.07542
G1 X136.79 Y108.429 E.06751
G1 X137.441 Y108.755 E.05873
G1 X138.091 Y108.923 E.05416
G1 X138.742 Y108.96 E.0526
G1 X139.392 Y108.852 E.05315
G1 X140.043 Y108.54 E.05823
G1 X140.693 Y107.973 E.06958
G1 X141.344 Y107.302 E.07541
G1 X141.994 Y106.775 E.0675
G1 X142.645 Y106.449 E.05873
G1 X143.296 Y106.281 E.05423
G1 X143.946 Y106.244 E.05252
G1 X144.597 Y106.352 E.05323
G1 X145.247 Y106.665 E.0582
G1 X145.898 Y107.231 E.06959
G1 X146.548 Y107.903 E.07542
G1 X147.199 Y108.429 E.06751
G1 X147.849 Y108.755 E.05866
G1 X148.5 Y108.923 E.05423
G1 X149.151 Y108.96 E.0526
G1 X149.801 Y108.852 E.05315
G1 X150.452 Y108.54 E.05823
G1 X151.102 Y107.973 E.06958
G1 X151.753 Y107.302 E.07541
G1 X152.403 Y106.775 E.0675
G1 X153.054 Y106.449 E.05873
G1 X153.704 Y106.281 E.05416
G1 X154.355 Y106.244 E.0526
G1 X155.006 Y106.352 E.05323
G1 X155.656 Y106.665 E.0582
G1 X156.307 Y107.231 E.06959
G1 X156.957 Y107.903 E.07542
G1 X157.608 Y108.429 E.06751
G1 X158.258 Y108.755 E.05866
G1 X158.909 Y108.923 E.05423
G1 X159.559 Y108.96 E.05252
G1 X160.21 Y108.852 E.05323
G1 X160.861 Y108.54 E.05823
G1 X161.511 Y107.973 E.06958
G1 X162.162 Y107.302 E.07541
G1 X162.812 Y106.775 E.0675
G1 X163.463 Y106.449 E.05873
G1 X164.113 Y106.281 E.05416
G1 X164.764 Y106.244 E.0526
G1 X165.415 Y106.352 E.05323
G1 X166.015 Y106.641 E.05372
G1 X166.084 Y105.604 E.08384
G1 X166.07 Y104.079 E.12302
G1 X165.813 Y101.893 E.17755
G1 X165.415 Y101.571 E.0413
G1 X164.764 Y101.245 E.05873
G1 X164.113 Y101.077 E.05423
G1 X163.463 Y101.04 E.05252
G1 X162.812 Y101.148 E.05323
G1 X162.162 Y101.46 E.05816
G1 X161.511 Y102.027 E.06964
G1 X160.861 Y102.698 E.07536
G1 X160.21 Y103.225 E.06756
G1 X159.559 Y103.551 E.05873
G1 X158.909 Y103.719 E.05416
G1 X158.258 Y103.756 E.0526
G1 X157.608 Y103.648 E.05315
G1 X156.957 Y103.335 E.05827
G1 X156.307 Y102.769 E.06953
G1 X155.656 Y102.097 E.07547
G1 X155.006 Y101.571 E.06745
G1 X154.355 Y101.245 E.05873
G1 X153.704 Y101.077 E.05423
G1 X153.054 Y101.04 E.05252
G1 X152.403 Y101.148 E.05323
G1 X151.753 Y101.46 E.05816
G1 X151.102 Y102.027 E.06964
G1 X150.452 Y102.698 E.07536
G1 X149.801 Y103.225 E.06756
G1 X149.151 Y103.551 E.05866
G1 X148.5 Y103.719 E.05423
G1 X147.849 Y103.756 E.0526
G1 X147.199 Y103.648 E.05315
G1 X146.548 Y103.335 E.05827
G1 X145.898 Y102.769 E.06953
G1 X145.247 Y102.097 E.07547
G1 X144.597 Y101.571 E.06745
G1 X143.946 Y101.245 E.05873
G1 X143.296 Y101.077 E.05416
G1 X142.645 Y101.04 E.0526
G1 X141.994 Y101.148 E.05323
G1 X141.344 Y101.46 E.05816
G1 X140.693 Y102.027 E.06964
G1 X140.043 Y102.698 E.07536
G1 X139.392 Y103.225 E.06756
G1 X138.742 Y103.551 E.05866
G1 X138.091 Y103.719 E.05423
G1 X137.441 Y103.756 E.05252
G1 X136.79 Y103.648 E.05323
M73 P46 R22
G1 X136.139 Y103.335 E.05827
G1 X135.489 Y102.769 E.06953
G1 X134.838 Y102.097 E.07547
G1 X134.188 Y101.571 E.06745
G1 X133.537 Y101.245 E.05873
G1 X132.887 Y101.077 E.05416
G1 X132.236 Y101.04 E.0526
G1 X131.585 Y101.148 E.05323
G1 X131.309 Y101.28 E.02468
G1 X131.016 Y103.074 E.14663
G1 E-8 F1500
G1 Z2.44 F3000
G1 X139.853 Y120.316 F12000
G1 Z2.24 F3000
G1 E10 F1500
G1 F618.478
G1 X138.316 Y119.345 E.14665
G1 X138.742 Y119.369 E.03442
G1 X139.392 Y119.261 E.05315
G1 X140.043 Y118.949 E.05823
G1 X140.693 Y118.382 E.06958
G1 X141.344 Y117.711 E.07541
G1 X141.994 Y117.184 E.0675
G1 X142.645 Y116.858 E.05873
G1 X143.296 Y116.69 E.05423
G1 X143.946 Y116.653 E.05252
G1 X144.597 Y116.761 E.05323
G1 X145.247 Y117.074 E.0582
G1 X145.898 Y117.64 E.06959
G1 X146.548 Y118.311 E.07536
G1 X147.199 Y118.838 E.06756
G1 X147.849 Y119.164 E.05866
G1 X148.5 Y119.332 E.05423
G1 X149.151 Y119.369 E.0526
G1 X149.801 Y119.261 E.05315
G1 X150.452 Y118.949 E.05823
G1 X151.102 Y118.382 E.06958
G1 X151.753 Y117.711 E.07541
G1 X152.403 Y117.184 E.0675
G1 X153.054 Y116.858 E.05873
G1 X153.704 Y116.69 E.05416
G1 X154.355 Y116.653 E.0526
G1 X155.006 Y116.761 E.05323
G1 X155.656 Y117.074 E.0582
G1 X156.307 Y117.64 E.06959
G1 X156.957 Y118.311 E.07536
G1 X157.608 Y118.838 E.06756
G1 X158.258 Y119.164 E.05866
G1 X158.756 Y119.293 E.0415
G1 X157.227 Y120.276 E.14663
G1 E-8 F1500
M73 P47 R22
G1 Z2.44 F3000
G1 X155.164 Y121.281 F12000
G1 Z2.24 F3000
G1 E10 F1500
G1 F618.478
G1 X153.447 Y121.88 E.14669
G1 X153.054 Y121.858 E.03175
G1 X152.403 Y121.966 E.05323
G1 X151.738 Y122.291 E.05971
G1 X149.936 Y122.53 E.14663
;LAYER_CHANGE
;Z:2.56
;HEIGHT:0.32

G1 E-8 F1500
G1 Z2.56 F3000
;AFTER_LAYER_CHANGE
;2.56
G92 E0
_ON_LAYER_CHANGE LAYER=8
G1 Z2.76
G1 X148.508 Y85.341 F12000
G1 Z2.56 F3000
G1 E10 F1500
;TYPE:External perimeter
;WIDTH:0.675
G1 F618.478
G1 X148.665 Y85.339 E.01267
G1 X149.528 Y85.365 E.06965
G1 X150.555 Y85.445 E.0831
G1 X151.576 Y85.58 E.08308
G1 X152.589 Y85.767 E.0831
G1 X153.416 Y85.963 E.06856
G1 X154.248 Y86.197 E.06972
G1 X155.225 Y86.523 E.08308
G1 X156.183 Y86.901 E.08308
G1 X157.119 Y87.328 E.08299
G1 X158.033 Y87.803 E.08309
G1 X158.921 Y88.326 E.08313
G1 X159.494 Y88.698 E.05511
G1 X160.334 Y89.297 E.08322
G1 X161.001 Y89.824 E.06857
G1 X161.656 Y90.388 E.06972
G1 X162.404 Y91.098 E.08319
G1 X162.879 Y91.589 E.05511
G1 X163.562 Y92.361 E.08315
G1 X164.203 Y93.167 E.08307
G1 X164.801 Y94.005 E.08304
G1 X165.354 Y94.873 E.08302
G1 X165.861 Y95.769 E.08305
G1 X166.32 Y96.69 E.08301
G1 X166.731 Y97.636 E.0832
G1 X166.976 Y98.274 E.05513
G1 X167.303 Y99.251 E.08311
G1 X167.578 Y100.243 E.08304
G1 X167.801 Y101.249 E.08312
G1 X167.945 Y102.087 E.06859
G1 X168.055 Y102.944 E.0697
G1 X168.135 Y103.971 E.0831
G1 X168.162 Y105 E.08303
G1 X168.135 Y106.03 E.08311
G1 X168.088 Y106.712 E.05514
G1 X167.971 Y107.736 E.08314
G1 X167.801 Y108.752 E.0831
G1 X167.578 Y109.757 E.08304
G1 X167.303 Y110.749 E.08304
G1 X166.977 Y111.725 E.08301
G1 X166.599 Y112.683 E.08308
G1 X166.172 Y113.621 E.08314
G1 X165.862 Y114.23 E.05512
G1 X165.354 Y115.127 E.08316
G1 X164.801 Y115.995 E.08302
G1 X164.202 Y116.834 E.08316
G1 X163.781 Y117.373 E.05517
G1 X163.112 Y118.157 E.08314
G1 X162.403 Y118.903 E.08302
G1 X161.656 Y119.613 E.08313
G1 X161.14 Y120.061 E.05512
G1 X160.333 Y120.703 E.08318
G1 X159.495 Y121.301 E.08304
G1 X158.627 Y121.854 E.08302
G1 X157.731 Y122.361 E.08305
G1 X156.81 Y122.82 E.08301
G1 X155.864 Y123.231 E.0832
G1 X155.226 Y123.476 E.05513
G1 X154.249 Y123.803 E.08311
G1 X153.257 Y124.078 E.08304
G1 X152.251 Y124.301 E.08312
G1 X151.413 Y124.445 E.06859
G1 X150.556 Y124.555 E.0697
G1 X149.529 Y124.635 E.0831
G1 X148.499 Y124.662 E.08311
G1 X147.815 Y124.65 E.05518
G1 X146.786 Y124.588 E.08316
G1 X145.764 Y124.471 E.08298
G1 X144.747 Y124.301 E.08318
G1 X144.078 Y124.159 E.05517
G1 X143.08 Y123.901 E.08315
G1 X142.099 Y123.591 E.08299
G1 X141.134 Y123.231 E.08308
G1 X140.19 Y122.82 E.08305
G1 X139.269 Y122.361 E.08301
G1 X138.373 Y121.854 E.08305
G1 X137.504 Y121.3 E.08313
G1 X136.944 Y120.908 E.05514
G1 X136.126 Y120.281 E.08314
G1 X135.343 Y119.612 E.08308
G1 X134.597 Y118.903 E.08302
G1 X133.888 Y118.157 E.08302
G1 X133.219 Y117.374 E.08308
G1 X132.592 Y116.557 E.08308
G1 X132.108 Y115.858 E.06858
G1 X131.646 Y115.127 E.06976
G1 X131.139 Y114.231 E.08305
G1 X130.68 Y113.31 E.08301
G1 X130.269 Y112.364 E.0832
G1 X130.024 Y111.726 E.05513
G1 X129.697 Y110.749 E.08311
G1 X129.422 Y109.757 E.08304
G1 X129.199 Y108.752 E.08304
G1 X129.029 Y107.736 E.0831
G1 X128.912 Y106.712 E.08314
G1 X128.865 Y106.03 E.05514
G1 X128.838 Y105 E.08311
G1 X128.865 Y103.97 E.08311
G1 X128.928 Y103.122 E.06859
G1 X129.029 Y102.264 E.06969
G1 X129.199 Y101.248 E.0831
G1 X129.422 Y100.243 E.08304
G1 X129.697 Y99.251 E.08304
G1 X129.964 Y98.443 E.06864
G1 X130.269 Y97.635 E.06967
G1 X130.68 Y96.69 E.08313
G1 X131.057 Y95.927 E.06865
G1 X131.472 Y95.169 E.06971
G1 X132.01 Y94.291 E.08306
G1 X132.593 Y93.443 E.08301
G1 X133.219 Y92.626 E.08303
G1 X133.888 Y91.843 E.08308
G1 X134.597 Y91.097 E.08302
G1 X135.344 Y90.388 E.08308
G1 X135.988 Y89.833 E.06858
G1 X136.666 Y89.297 E.06972
G1 X137.505 Y88.699 E.08311
G1 X138.373 Y88.146 E.08302
G1 X139.269 Y87.639 E.08305
G1 X140.19 Y87.18 E.08301
G1 X141.136 Y86.769 E.0832
G1 X141.774 Y86.524 E.05513
G1 X142.751 Y86.197 E.08311
G1 X143.743 Y85.922 E.08304
G1 X144.748 Y85.699 E.08304
G1 X145.764 Y85.529 E.0831
G1 X146.786 Y85.412 E.08298
G1 X147.814 Y85.35 E.08308
G1 X148.478 Y85.341 E.05357
G1 X149.078 Y85.352 F12000
G1 X148.503 Y85.91
;TYPE:Perimeter
G1 E-30 F1500
G1 Z7.5600000000000005 F300.0
G1 F12000.0
T1
G1 Z2.56 F300.0
PRIME_FIBRE
G1 E45.0 F1500
G1 F12000.0
;WIDTH:0.6
G1 F705.78
G1 X148.66 Y85.908 E.0111
G1 X149.498 Y85.933 E.05926 U0.838
G1 X150.496 Y86.011 E.07076 U1.839
G1 X151.487 Y86.142 E.07066 U2.839
G1 X152.471 Y86.324 E.07074 U3.84
G1 X153.274 Y86.514 E.05833 U4.665
G1 X154.081 Y86.74 E.05924 U5.503
G1 X155.03 Y87.058 E.07075 U6.504
G1 X155.96 Y87.424 E.07065 U7.503
G1 X156.87 Y87.839 E.0707 U8.503
G1 X157.757 Y88.301 E.0707 U9.504
G1 X158.621 Y88.81 E.07088 U10.506
G1 X159.174 Y89.169 E.04661 U11.166
G1 X159.992 Y89.752 E.07101 U12.17
G1 X160.639 Y90.263 E.05828 U12.995
G1 X161.275 Y90.81 E.0593 U13.833
G1 X162.004 Y91.502 E.07105 U14.839
G1 X162.461 Y91.975 E.04649 U15.496
G1 X163.126 Y92.727 E.07096 U16.5
G1 X163.749 Y93.509 E.07068 U17.5
G1 X164.329 Y94.323 E.07065 U18.499
G1 X164.866 Y95.166 E.07065 U19.499
G1 X165.358 Y96.036 E.07065 U20.498
G1 X165.804 Y96.931 E.07069 U21.498
G1 X166.205 Y97.851 E.07094 U22.502
G1 X166.441 Y98.466 E.04656 U23.161
G1 X166.759 Y99.418 E.07095 U24.164
G1 X167.026 Y100.381 E.07064 U25.164
G1 X167.243 Y101.358 E.07075 U26.165
G1 X167.382 Y102.171 E.0583 U26.989
G1 X167.489 Y103.003 E.0593 U27.828
G1 X167.528 Y103.502 E.03538 U28.329
G1 X167.593 Y105 E.10599 U29.828
G1 X167.567 Y106.003 E.07092 U30.831
G1 X167.521 Y106.66 E.04656 U31.49
G1 X167.408 Y107.657 E.07093 U32.493
G1 X167.243 Y108.643 E.07067 U33.493
G1 X167.026 Y109.619 E.07068 U34.493
G1 X166.759 Y110.582 E.07064 U35.492
G1 X166.442 Y111.53 E.07066 U36.492
G1 X166.076 Y112.46 E.07065 U37.491
G1 X165.659 Y113.374 E.07102 U38.496
G1 X165.36 Y113.96 E.0465 U39.154
G1 X164.866 Y114.834 E.07097 U40.158
G1 X164.329 Y115.677 E.07065 U41.157
G1 X163.746 Y116.494 E.07095 U42.161
G1 X163.341 Y117.013 E.04654 U42.819
G1 X162.689 Y117.776 E.07094 U43.823
G1 X162.001 Y118.501 E.07065 U44.822
G1 X161.273 Y119.192 E.07095 U45.826
G1 X160.776 Y119.624 E.04655 U46.485
G1 X159.991 Y120.249 E.07093 U47.488
G1 X159.177 Y120.829 E.07065 U48.488
G1 X158.334 Y121.366 E.07065 U49.487
G1 X157.464 Y121.858 E.07065 U50.487
G1 X156.569 Y122.304 E.07069 U51.487
G1 X155.649 Y122.705 E.07094 U52.49
G1 X155.034 Y122.941 E.04656 U53.149
G1 X154.082 Y123.259 E.07095 U54.153
G1 X153.119 Y123.526 E.07064 U55.152
G1 X152.142 Y123.743 E.07075 U56.153
G1 X151.329 Y123.882 E.0583 U56.978
G1 X150.497 Y123.989 E.0593 U57.816
G1 X149.499 Y124.067 E.07076 U58.817
G1 X148.496 Y124.093 E.07092 U59.821
G1 X147.838 Y124.082 E.04652 U60.479
G1 X146.836 Y124.021 E.07096 U61.483
G1 X145.843 Y123.908 E.07065 U62.482
G1 X144.853 Y123.742 E.07096 U63.486
G1 X144.209 Y123.605 E.04654 U64.144
G1 X143.237 Y123.354 E.07096 U65.148
G1 X142.284 Y123.053 E.07065 U66.148
G1 X141.348 Y122.703 E.07064 U67.147
G1 X140.431 Y122.304 E.07069 U68.147
G1 X139.536 Y121.858 E.07069 U69.147
G1 X138.666 Y121.366 E.07065 U70.146
G1 X137.82 Y120.827 E.07091 U71.15
G1 X137.28 Y120.449 E.04659 U71.809
G1 X136.484 Y119.838 E.07093 U72.812
G1 X135.724 Y119.189 E.07065 U73.812
G1 X134.999 Y118.501 E.07065 U74.811
G1 X134.311 Y117.776 E.07065 U75.811
G1 X133.662 Y117.016 E.07065 U76.81
G1 X133.052 Y116.222 E.07078 U77.811
G1 X132.583 Y115.544 E.05828 U78.636
G1 X132.135 Y114.835 E.05928 U79.474
G1 X131.642 Y113.964 E.07075 U80.475
G1 X131.196 Y113.069 E.07069 U81.475
G1 X130.795 Y112.149 E.07094 U82.479
G1 X130.559 Y111.534 E.04656 U83.137
G1 X130.241 Y110.582 E.07095 U84.141
G1 X129.974 Y109.619 E.07064 U85.14
G1 X129.757 Y108.643 E.07068 U86.14
G1 X129.592 Y107.657 E.07067 U87.14
G1 X129.479 Y106.66 E.07093 U88.143
G1 X129.433 Y106.003 E.04656 U88.802
G1 X129.407 Y105 E.07092 U89.805
G1 X129.433 Y103.999 E.07078 U90.807
G1 X129.495 Y103.177 E.05827 U91.631
G1 X129.592 Y102.344 E.05928 U92.47
G1 X129.757 Y101.357 E.07074 U93.47
G1 X129.974 Y100.381 E.07068 U94.47
G1 X130.241 Y99.416 E.07078 U95.471
G1 X130.5 Y98.633 E.0583 U96.296
G1 X130.796 Y97.849 E.05924 U97.134
G1 X131.196 Y96.929 E.07091 U98.137
G1 X131.561 Y96.19 E.05826 U98.962
G1 X131.964 Y95.455 E.05925 U99.8
G1 X132.487 Y94.601 E.07079 U100.801
G1 X133.053 Y93.777 E.07066 U101.801
G1 X133.662 Y92.984 E.07068 U102.801
G1 X134.311 Y92.224 E.07065 U103.8
G1 X134.999 Y91.499 E.07065 U104.8
G1 X135.725 Y90.81 E.07075 U105.801
G1 X136.35 Y90.272 E.05829 U106.625
G1 X137.008 Y89.752 E.05928 U107.464
G1 X137.823 Y89.171 E.07075 U108.465
G1 X138.666 Y88.634 E.07065 U109.464
G1 X139.536 Y88.142 E.07065 U110.464
G1 X140.431 Y87.696 E.07069 U111.464
G1 X141.351 Y87.295 E.07094 U112.467
G1 X141.966 Y87.059 E.04656 U113.126
G1 X142.918 Y86.741 E.07095 U114.13
G1 X143.881 Y86.474 E.07064 U115.129
G1 X144.857 Y86.257 E.07068 U116.129
G1 X145.843 Y86.092 E.07067 U117.129
G1 X146.836 Y85.979 E.07065 U118.128
G1 X147.835 Y85.918 E.07075 U119.129
G1 X148.473 Y85.91 E.0451 U119.767
G1 X148.499 Y86.441 F12000 U120.299
G1 F705.78
G1 X148.655 Y86.439 E.01103 U120.455
G1 X149.469 Y86.463 E.05757 U121.269
G1 X150.44 Y86.54 E.06885 U122.243
G1 X151.404 Y86.667 E.06873 U123.215
G1 X152.362 Y86.844 E.06887 U124.19
G1 X153.141 Y87.028 E.05658 U124.99
G1 X153.925 Y87.248 E.05756 U125.804
G1 X154.849 Y87.558 E.06889 U126.779
G1 X155.753 Y87.914 E.06868 U127.75
G1 X156.637 Y88.317 E.06868 U128.722
G1 X157.499 Y88.765 E.06867 U129.693
G1 X158.342 Y89.262 E.06918 U130.672
G1 X158.875 Y89.608 E.04492 U131.308
M73 P48 R22
G1 X159.673 Y90.177 E.06928 U132.288
G1 X160.301 Y90.673 E.05657 U133.088
G1 X160.919 Y91.204 E.0576 U133.903
G1 X161.63 Y91.879 E.0693 U134.883
G1 X162.071 Y92.336 E.04489 U135.518
G1 X162.719 Y93.069 E.06916 U136.496
G1 X163.324 Y93.829 E.06867 U137.468
G1 X163.888 Y94.62 E.06867 U138.439
G1 X164.411 Y95.44 E.06875 U139.412
G1 X164.889 Y96.286 E.06869 U140.384
G1 X165.323 Y97.155 E.06866 U141.355
G1 X165.713 Y98.052 E.06914 U142.333
G1 X165.94 Y98.646 E.04495 U142.969
G1 X166.251 Y99.573 E.06912 U143.947
G1 X166.51 Y100.509 E.06865 U144.918
G1 X166.628 Y101.041 E.03852 U145.463
G1 X166.794 Y101.885 E.0608 U146.323
G1 X166.904 Y102.624 E.05281 U147.07
G1 X166.998 Y103.544 E.06537 U147.995
G1 X167.062 Y105 E.10302 U149.452
G1 X167.036 Y105.978 E.06916 U150.431
G1 X166.992 Y106.612 E.04492 U151.066
G1 X166.881 Y107.583 E.06909 U152.044
G1 X166.721 Y108.542 E.06873 U153.016
G1 X166.51 Y109.491 E.06872 U153.988
G1 X166.251 Y110.427 E.06865 U154.959
G1 X165.942 Y111.349 E.06874 U155.932
G1 X165.586 Y112.253 E.06868 U156.903
G1 X165.181 Y113.143 E.06912 U157.881
G1 X164.892 Y113.709 E.04492 U158.516
G1 X164.411 Y114.56 E.0691 U159.494
G1 X163.888 Y115.38 E.06875 U160.467
G1 X163.32 Y116.176 E.06912 U161.444
G1 X162.929 Y116.677 E.04492 U162.08
G1 X162.294 Y117.42 E.06909 U163.057
G1 X161.625 Y118.125 E.0687 U164.029
G1 X160.916 Y118.798 E.0691 U165.007
G1 X160.436 Y119.215 E.04495 U165.643
G1 X159.671 Y119.824 E.06912 U166.62
G1 X158.88 Y120.388 E.06867 U167.592
G1 X158.06 Y120.911 E.06875 U168.565
G1 X157.214 Y121.389 E.06869 U169.536
G1 X156.345 Y121.823 E.06866 U170.508
G1 X155.448 Y122.213 E.06914 U171.486
G1 X154.854 Y122.44 E.04495 U172.122
G1 X153.927 Y122.751 E.06912 U173.099
G1 X152.991 Y123.01 E.06865 U174.071
G1 X152.039 Y123.221 E.06893 U175.046
G1 X151.25 Y123.356 E.05658 U175.846
G1 X150.443 Y123.46 E.05752 U176.66
G1 X149.471 Y123.536 E.06892 U177.635
G1 X148.494 Y123.562 E.06909 U178.612
G1 X147.858 Y123.551 E.04496 U179.248
G1 X146.882 Y123.491 E.06912 U180.226
G1 X145.917 Y123.381 E.06866 U181.197
G1 X144.952 Y123.22 E.06916 U182.176
G1 X144.331 Y123.088 E.04488 U182.811
G1 X143.384 Y122.843 E.06915 U183.789
G1 X142.457 Y122.551 E.0687 U184.761
G1 X141.547 Y122.21 E.06869 U185.732
G1 X140.655 Y121.823 E.06873 U186.705
G1 X139.786 Y121.389 E.06866 U187.676
G1 X138.94 Y120.911 E.06869 U188.648
G1 X138.115 Y120.385 E.06916 U189.626
G1 X137.595 Y120.021 E.04487 U190.261
G1 X136.819 Y119.425 E.06917 U191.239
G1 X136.08 Y118.794 E.06869 U192.211
G1 X135.375 Y118.125 E.0687 U193.183
G1 X134.706 Y117.42 E.0687 U194.155
G1 X134.075 Y116.681 E.06869 U195.127
G1 X133.482 Y115.908 E.06887 U196.101
G1 X133.026 Y115.25 E.05659 U196.901
G1 X132.591 Y114.562 E.05754 U197.715
G1 X132.111 Y113.714 E.06888 U198.69
G1 X131.677 Y112.845 E.06866 U199.661
G1 X131.287 Y111.948 E.06914 U200.639
G1 X131.06 Y111.354 E.04495 U201.275
G1 X130.749 Y110.427 E.06912 U202.253
G1 X130.49 Y109.491 E.06865 U203.224
G1 X130.279 Y108.542 E.06872 U204.196
G1 X130.119 Y107.583 E.06873 U205.169
G1 X130.008 Y106.612 E.06909 U206.146
G1 X129.964 Y105.978 E.04492 U206.781
G1 X129.938 Y105 E.06916 U207.76
G1 X129.964 Y104.026 E.06887 U208.734
G1 X130.024 Y103.228 E.05657 U209.534
G1 X130.118 Y102.419 E.05757 U210.349
G1 X130.279 Y101.458 E.06888 U211.323
G1 X130.49 Y100.509 E.06872 U212.295
G1 X130.75 Y99.571 E.06881 U213.269
G1 X131.001 Y98.81 E.05664 U214.07
G1 X131.289 Y98.049 E.05752 U214.884
G1 X131.678 Y97.153 E.06905 U215.861
G1 X132.033 Y96.435 E.05662 U216.662
G1 X132.424 Y95.721 E.05754 U217.476
G1 X132.933 Y94.89 E.06889 U218.45
G1 X133.483 Y94.09 E.06863 U219.421
G1 X134.075 Y93.319 E.06871 U220.393
G1 X134.706 Y92.58 E.06869 U221.365
G1 X135.375 Y91.875 E.0687 U222.337
G1 X136.082 Y91.204 E.0689 U223.311
G1 X136.688 Y90.682 E.05654 U224.111
G1 X137.327 Y90.177 E.05757 U224.926
G1 X138.12 Y89.612 E.06883 U225.899
G1 X138.94 Y89.089 E.06875 U226.872
G1 X139.786 Y88.611 E.06869 U227.844
G1 X140.655 Y88.177 E.06866 U228.815
G1 X141.552 Y87.787 E.06914 U229.793
G1 X142.146 Y87.56 E.04495 U230.429
G1 X143.073 Y87.249 E.06912 U231.407
G1 X144.009 Y86.99 E.06865 U232.378
G1 X144.958 Y86.779 E.06872 U233.35
G1 X145.917 Y86.619 E.06873 U234.322
G1 X146.882 Y86.509 E.06866 U235.294
G1 X147.855 Y86.449 E.06891 U236.268
G1 X148.469 Y86.442 E.04341 U236.883
G1 X148.494 Y86.973 F12000 U237.414
G1 F705.78
G1 X148.651 Y86.971 E.0111 U237.571
G1 X149.44 Y86.994 E.0558 U238.36
G1 X150.385 Y87.068 E.067 U239.308
G1 X151.321 Y87.192 E.06674 U240.253
G1 X152.252 Y87.364 E.06692 U241.199
G1 X153.008 Y87.543 E.05492 U241.976
G1 X153.768 Y87.756 E.05579 U242.765
G1 X154.667 Y88.057 E.06702 U243.714
G1 X155.545 Y88.403 E.06671 U244.657
G1 X156.404 Y88.794 E.06672 U245.601
G1 X157.241 Y89.23 E.06671 U246.545
G1 X158.062 Y89.714 E.06737 U247.498
G1 X158.575 Y90.047 E.04323 U248.109
G1 X159.354 Y90.602 E.06761 U249.066
G1 X159.963 Y91.084 E.0549 U249.843
G1 X160.562 Y91.599 E.05584 U250.633
G1 X161.256 Y92.257 E.0676 U251.589
G1 X161.681 Y92.697 E.04324 U252.201
G1 X162.312 Y93.41 E.0673 U253.153
G1 X162.9 Y94.149 E.06676 U254.097
G1 X163.448 Y94.918 E.06675 U255.041
G1 X163.955 Y95.714 E.06671 U255.985
G1 X164.42 Y96.535 E.0667 U256.929
G1 X164.841 Y97.38 E.06673 U257.873
G1 X165.221 Y98.254 E.06737 U258.826
G1 X165.44 Y98.825 E.04323 U259.437
G1 X165.743 Y99.728 E.06733 U260.39
G1 X165.995 Y100.638 E.06675 U261.334
G1 X166.11 Y101.156 E.03751 U261.865
G1 X166.27 Y101.975 E.05899 U262.699
G1 X166.377 Y102.691 E.05117 U263.423
G1 X166.469 Y103.586 E.0636 U264.323
G1 X166.53 Y105 E.10005 U265.738
G1 X166.505 Y105.952 E.06732 U266.69
G1 X166.463 Y106.563 E.04329 U267.303
G1 X166.355 Y107.509 E.06731 U268.255
G1 X166.199 Y108.44 E.06673 U269.199
G1 X165.995 Y109.362 E.06675 U270.143
G1 X165.743 Y110.272 E.06675 U271.088
G1 X165.443 Y111.167 E.06673 U272.032
G1 X165.097 Y112.045 E.06671 U272.975
G1 X164.702 Y112.912 E.06735 U273.928
G1 X164.424 Y113.457 E.04325 U274.54
G1 X163.955 Y114.286 E.06733 U275.492
G1 X163.448 Y115.082 E.06671 U276.436
G1 X162.895 Y115.858 E.06736 U277.389
G1 X162.518 Y116.34 E.04326 U278.001
G1 X161.899 Y117.065 E.06739 U278.954
G1 X161.249 Y117.749 E.0667 U279.898
G1 X160.558 Y118.405 E.06735 U280.851
G1 X160.096 Y118.807 E.04329 U281.463
G1 X159.351 Y119.4 E.06731 U282.415
G1 X158.582 Y119.948 E.06675 U283.359
G1 X157.786 Y120.455 E.06671 U284.303
G1 X156.965 Y120.92 E.0667 U285.247
G1 X156.12 Y121.341 E.06673 U286.191
G1 X155.246 Y121.721 E.06737 U287.144
G1 X154.675 Y121.94 E.04323 U287.755
G1 X153.772 Y122.243 E.06733 U288.708
G1 X152.862 Y122.495 E.06675 U289.652
G1 X151.937 Y122.7 E.06697 U290.6
G1 X151.172 Y122.831 E.05486 U291.376
G1 X150.388 Y122.931 E.05587 U292.166
G1 X149.444 Y123.006 E.06694 U293.113
G1 X148.491 Y123.031 E.06739 U294.066
G1 X147.879 Y123.02 E.04327 U294.678
G1 X146.929 Y122.962 E.06728 U295.63
G1 X145.991 Y122.855 E.06674 U296.574
G1 X145.051 Y122.698 E.06737 U297.527
G1 X144.452 Y122.57 E.0433 U298.14
G1 X143.53 Y122.332 E.06731 U299.092
G1 X142.63 Y122.048 E.06671 U300.036
CUT
G1 X141.746 Y121.717 E.06673
G1 X140.88 Y121.341 E.06674
G1 X140.035 Y120.92 E.06673
G1 X139.214 Y120.455 E.0667
G1 X138.41 Y119.943 E.06738
G1 X137.909 Y119.592 E.04324
G1 X137.153 Y119.012 E.06736
G1 X136.435 Y118.399 E.06674
G1 X135.751 Y117.749 E.0667
G1 X135.101 Y117.065 E.0667
G1 X134.488 Y116.347 E.06674
G1 X133.911 Y115.595 E.067
G1 X133.469 Y114.957 E.05486
G1 X133.047 Y114.289 E.05585
G1 X132.58 Y113.465 E.06695
G1 X132.159 Y112.62 E.06673
G1 X131.779 Y111.746 E.06737
G1 X131.56 Y111.175 E.04323
G1 X131.257 Y110.272 E.06733
G1 X131.005 Y109.362 E.06675
G1 X130.801 Y108.44 E.06675
G1 X130.645 Y107.509 E.06673
G1 X130.537 Y106.563 E.06731
G1 X130.495 Y105.952 E.04329
G1 X130.47 Y105 E.06732
G1 X130.494 Y104.053 E.06696
G1 X130.553 Y103.279 E.05487
G1 X130.645 Y102.494 E.05587
G1 X130.801 Y101.56 E.06694
G1 X131.005 Y100.638 E.06675
G1 X131.258 Y99.725 E.06697
G1 X131.502 Y98.988 E.05488
G1 X131.781 Y98.249 E.05584
G1 X132.16 Y97.377 E.06721
G1 X132.504 Y96.681 E.05488
G1 X132.884 Y95.988 E.05587
G1 X133.378 Y95.18 E.06694
G1 X133.913 Y94.402 E.06674
G1 X134.488 Y93.653 E.06675
G1 X135.101 Y92.935 E.06674
G1 X135.751 Y92.251 E.0667
G1 X136.438 Y91.598 E.067
G1 X137.026 Y91.092 E.05484
G1 X137.646 Y90.602 E.05586
G1 X138.418 Y90.052 E.067
G1 X139.214 Y89.545 E.06671
G1 X140.035 Y89.08 E.0667
G1 X140.88 Y88.659 E.06673
G1 X141.754 Y88.279 E.06737
G1 X142.325 Y88.06 E.04323
G1 X143.228 Y87.757 E.06733
G1 X144.138 Y87.505 E.06675
G1 X145.06 Y87.301 E.06675
G1 X145.991 Y87.145 E.06673
G1 X146.929 Y87.038 E.06674
G1 X147.874 Y86.98 E.06693
G1 X148.464 Y86.973 E.04171
G1 E-8 F1500
G1 Z2.76 F3000
G1 X144.968 Y87.768 F12000
G1 Z2.56 F3000
G1 E10 F1500
;TYPE:Internal infill
G1 E-30 F1500
G1 Z7.5600000000000005 F300.0
G1 F12000.0
T0
G1 Z2.56 F300.0
G1 E32.0 F1500
G1 F12000.0
;WIDTH:0.675
G1 F618.478
G1 X146.765 Y87.496 E.14661
G1 X147.199 Y87.78 E.04184
G1 X147.849 Y88.008 E.05557
G1 X148.5 Y88.086 E.05289
G1 X149.151 Y88.032 E.05269
G1 X149.801 Y87.829 E.05493
G1 X150.33 Y87.501 E.05021
G1 X152.127 Y87.784 E.14674
G1 E-8 F1500
G1 Z2.76 F3000
G1 X159.545 Y91.309 F12000
G1 Z2.56 F3000
G1 E10 F1500
G1 F618.478
G1 X160.9 Y92.521 E.14665
G1 X160.21 Y92.984 E.06703
G1 X159.559 Y93.213 E.05567
G1 X158.909 Y93.29 E.0528
G1 X158.258 Y93.237 E.05269
G1 X157.608 Y93.033 E.05495
G1 X156.957 Y92.631 E.06172
G1 X155.656 Y91.42 E.14338
G1 X155.006 Y90.993 E.06273
G1 X154.355 Y90.765 E.05564
G1 X153.704 Y90.687 E.05289
G1 X153.054 Y90.741 E.05261
G1 X152.403 Y90.945 E.05503
G1 X151.753 Y91.347 E.06165
G1 X150.452 Y92.558 E.14338
G1 X149.801 Y92.984 E.06276
G1 X149.151 Y93.213 E.05559
G1 X148.5 Y93.29 E.05288
G1 X147.849 Y93.237 E.05269
G1 X147.199 Y93.033 E.05495
G1 X146.548 Y92.631 E.06172
G1 X145.247 Y91.42 E.14338
G1 X144.597 Y90.993 E.06273
G1 X143.946 Y90.765 E.05564
G1 X143.296 Y90.687 E.05281
G1 X142.645 Y90.741 E.05269
G1 X141.994 Y90.945 E.05503
G1 X141.344 Y91.347 E.06165
G1 X140.043 Y92.558 E.14338
G1 X139.392 Y92.984 E.06276
G1 X138.742 Y93.213 E.05559
G1 X138.091 Y93.29 E.05288
G1 X137.441 Y93.237 E.05261
G1 X136.79 Y93.033 E.05503
G1 X136.06 Y92.558 E.07025
G1 X134.827 Y93.928 E.14868
G1 X134.266 Y94.658 E.07427
G1 X133.426 Y95.936 E.12337
G1 X134.188 Y96.149 E.06382
G1 X134.838 Y96.551 E.06165
G1 X136.139 Y97.763 E.14343
G1 X136.79 Y98.189 E.06276
G1 X137.441 Y98.417 E.05564
G1 X138.091 Y98.495 E.05281
G1 X138.742 Y98.441 E.05269
G1 X139.392 Y98.238 E.05493
G1 X140.043 Y97.835 E.06176
G1 X141.344 Y96.624 E.14338
G1 X141.994 Y96.198 E.06269
G1 X142.645 Y95.969 E.05567
G1 X143.296 Y95.892 E.05288
G1 X143.946 Y95.946 E.05261
G1 X144.597 Y96.149 E.05501
M73 P49 R22
G1 X145.247 Y96.551 E.06165
G1 X146.548 Y97.763 E.14343
G1 X147.199 Y98.189 E.06276
G1 X147.849 Y98.417 E.05557
G1 X148.5 Y98.495 E.05289
G1 X149.151 Y98.441 E.05269
G1 X149.801 Y98.238 E.05493
G1 X150.452 Y97.835 E.06176
G1 X151.753 Y96.624 E.14338
G1 X152.403 Y96.198 E.06269
G1 X153.054 Y95.969 E.05567
G1 X153.704 Y95.892 E.0528
G1 X154.355 Y95.946 E.05269
G1 X155.006 Y96.149 E.05501
G1 X155.656 Y96.551 E.06165
G1 X156.957 Y97.763 E.14343
G1 X157.608 Y98.189 E.06276
G1 X158.258 Y98.417 E.05557
G1 X158.909 Y98.495 E.05289
G1 X159.559 Y98.441 E.05261
G1 X160.21 Y98.238 E.05501
G1 X160.861 Y97.835 E.06176
G1 X162.162 Y96.624 E.14338
G1 X162.812 Y96.198 E.06269
G1 X163.463 Y95.969 E.05567
G1 X163.59 Y95.954 E.01032
G1 X164.444 Y97.56 E.14673
G1 E-8 F1500
G1 Z2.76 F3000
G1 X164.042 Y113.247 F12000
G1 Z2.56 F3000
G1 E10 F1500
G1 F618.478
M73 P49 R21
G1 X164.805 Y111.597 E.14664
G1 X164.113 Y111.505 E.05631
G1 X163.463 Y111.559 E.05261
G1 X162.812 Y111.762 E.05501
G1 X162.162 Y112.165 E.06169
G1 X160.861 Y113.376 E.14338
G1 X160.21 Y113.802 E.06276
G1 X159.559 Y114.031 E.05567
G1 X158.909 Y114.108 E.0528
G1 X158.258 Y114.054 E.05269
G1 X157.608 Y113.851 E.05493
G1 X156.957 Y113.449 E.06172
G1 X155.656 Y112.237 E.14343
G1 X155.006 Y111.811 E.06269
G1 X154.355 Y111.583 E.05564
G1 X153.704 Y111.505 E.05289
G1 X153.054 Y111.559 E.05261
G1 X152.403 Y111.762 E.05501
G1 X151.753 Y112.165 E.06169
G1 X150.452 Y113.376 E.14338
G1 X149.801 Y113.802 E.06276
G1 X149.151 Y114.031 E.05559
G1 X148.5 Y114.108 E.05288
G1 X147.849 Y114.054 E.05269
G1 X147.199 Y113.851 E.05493
G1 X146.548 Y113.449 E.06172
G1 X145.247 Y112.237 E.14343
G1 X144.597 Y111.811 E.06269
G1 X143.946 Y111.583 E.05564
G1 X143.296 Y111.505 E.05281
G1 X142.645 Y111.559 E.05269
G1 X141.994 Y111.762 E.05501
G1 X141.344 Y112.165 E.06169
G1 X140.043 Y113.376 E.14338
G1 X139.392 Y113.802 E.06276
G1 X138.742 Y114.031 E.05559
G1 X138.091 Y114.108 E.05288
G1 X137.441 Y114.054 E.05261
G1 X136.79 Y113.851 E.05501
G1 X136.139 Y113.449 E.06172
G1 X134.838 Y112.237 E.14343
G1 X134.188 Y111.811 E.06269
G1 X133.537 Y111.583 E.05564
G1 X132.887 Y111.505 E.05281
G1 X132.181 Y111.576 E.05724
G1 X131.675 Y110.144 E.12251
G1 X131.428 Y109.256 E.07435
G1 X131.229 Y108.357 E.07427
G1 X131.023 Y106.975 E.11271
G1 X131.585 Y106.607 E.05419
G1 X132.236 Y106.378 E.05567
G1 X132.887 Y106.301 E.05288
G1 X133.537 Y106.354 E.05261
G1 X134.188 Y106.558 E.05503
G1 X134.838 Y106.96 E.06165
G1 X136.139 Y108.171 E.14338
G1 X136.79 Y108.598 E.0628
G1 X137.441 Y108.826 E.05564
G1 X138.091 Y108.904 E.05281
G1 X138.742 Y108.85 E.05269
G1 X139.392 Y108.646 E.05495
G1 X140.043 Y108.244 E.06172
G1 X141.344 Y107.033 E.14338
G1 X141.994 Y106.607 E.06269
G1 X142.645 Y106.378 E.05567
G1 X143.296 Y106.301 E.05288
G1 X143.946 Y106.354 E.05261
G1 X144.597 Y106.558 E.05503
G1 X145.247 Y106.96 E.06165
G1 X146.548 Y108.171 E.14338
G1 X147.199 Y108.598 E.0628
G1 X147.849 Y108.826 E.05557
G1 X148.5 Y108.904 E.05289
G1 X149.151 Y108.85 E.05269
G1 X149.801 Y108.646 E.05495
G1 X150.452 Y108.244 E.06172
G1 X151.753 Y107.033 E.14338
G1 X152.403 Y106.607 E.06269
G1 X153.054 Y106.378 E.05567
G1 X153.704 Y106.301 E.0528
G1 X154.355 Y106.354 E.05269
G1 X155.006 Y106.558 E.05503
G1 X155.656 Y106.96 E.06165
G1 X156.957 Y108.171 E.14338
G1 X157.608 Y108.598 E.0628
G1 X158.258 Y108.826 E.05557
G1 X158.909 Y108.904 E.05289
G1 X159.559 Y108.85 E.05261
G1 X160.21 Y108.646 E.05503
G1 X160.861 Y108.244 E.06172
G1 X162.162 Y107.033 E.14338
G1 X162.812 Y106.607 E.06269
G1 X163.463 Y106.378 E.05567
G1 X164.113 Y106.301 E.0528
G1 X164.764 Y106.354 E.05269
G1 X165.415 Y106.558 E.05503
G1 X165.984 Y106.91 E.05397
G1 X166.092 Y105.095 E.14667
G1 E-8 F1500
G1 Z2.76 F3000
G1 X166.019 Y103.435 F12000
G1 Z2.56 F3000
G1 E10 F1500
G1 F618.478
G1 X165.769 Y101.635 E.14659
G1 X165.415 Y101.402 E.03419
G1 X164.764 Y101.174 E.05564
G1 X164.113 Y101.096 E.05289
G1 X163.463 Y101.15 E.05261
G1 X162.812 Y101.354 E.05503
G1 X162.162 Y101.756 E.06165
G1 X160.861 Y102.967 E.14338
G1 X160.21 Y103.393 E.06276
G1 X159.559 Y103.622 E.05567
G1 X158.909 Y103.699 E.0528
G1 X158.258 Y103.646 E.05269
G1 X157.608 Y103.442 E.05495
G1 X156.957 Y103.04 E.06172
G1 X155.656 Y101.829 E.14338
G1 X155.006 Y101.402 E.06273
G1 X154.355 Y101.174 E.05564
G1 X153.704 Y101.096 E.05289
G1 X153.054 Y101.15 E.05261
G1 X152.403 Y101.354 E.05503
G1 X151.753 Y101.756 E.06165
G1 X150.452 Y102.967 E.14338
G1 X149.801 Y103.393 E.06276
G1 X149.151 Y103.622 E.05559
G1 X148.5 Y103.699 E.05288
G1 X147.849 Y103.646 E.05269
G1 X147.199 Y103.442 E.05495
G1 X146.548 Y103.04 E.06172
G1 X145.247 Y101.829 E.14338
G1 X144.597 Y101.402 E.06273
G1 X143.946 Y101.174 E.05564
G1 X143.296 Y101.096 E.05281
G1 X142.645 Y101.15 E.05269
G1 X141.994 Y101.354 E.05503
G1 X141.344 Y101.756 E.06165
G1 X140.043 Y102.967 E.14338
G1 X139.392 Y103.393 E.06276
G1 X138.742 Y103.622 E.05559
G1 X138.091 Y103.699 E.05288
G1 X137.441 Y103.646 E.05261
G1 X136.79 Y103.442 E.05503
G1 X136.139 Y103.04 E.06172
G1 X134.838 Y101.829 E.14338
G1 X134.188 Y101.402 E.06273
G1 X133.537 Y101.174 E.05564
G1 X132.887 Y101.096 E.05281
G1 X132.236 Y101.15 E.05269
G1 X131.585 Y101.354 E.05503
G1 X131.247 Y101.563 E.03206
G1 X131.693 Y99.8 E.14669
G1 E-8 F1500
G1 Z2.76 F3000
G1 X139.784 Y120.277 F12000
G1 Z2.56 F3000
G1 E10 F1500
G1 F618.478
G1 X138.251 Y119.299 E.14668
G1 X138.742 Y119.259 E.03974
G1 X139.392 Y119.055 E.05495
G1 X140.043 Y118.653 E.06172
G1 X141.344 Y117.442 E.14338
G1 X141.994 Y117.016 E.06269
G1 X142.645 Y116.787 E.05567
G1 X143.296 Y116.71 E.05288
G1 X143.946 Y116.763 E.05261
G1 X144.597 Y116.967 E.05503
G1 X145.247 Y117.369 E.06165
G1 X146.548 Y118.58 E.14338
G1 X147.199 Y119.007 E.0628
G1 X147.849 Y119.235 E.05557
G1 X148.5 Y119.313 E.05289
G1 X149.151 Y119.259 E.05269
G1 X149.801 Y119.055 E.05495
G1 X150.452 Y118.653 E.06172
G1 X151.753 Y117.442 E.14338
G1 X152.403 Y117.016 E.06269
G1 X153.054 Y116.787 E.05567
G1 X153.704 Y116.71 E.0528
G1 X154.355 Y116.763 E.05269
G1 X155.006 Y116.967 E.05503
G1 X155.656 Y117.369 E.06165
G1 X156.957 Y118.58 E.14338
G1 X157.608 Y119.007 E.0628
G1 X158.258 Y119.235 E.05557
G1 X158.749 Y119.294 E.03989
G1 X157.219 Y120.275 E.14661
G1 E-8 F1500
G1 Z2.76 F3000
G1 X154.89 Y121.391 F12000
G1 Z2.56 F3000
G1 E10 F1500
G1 F618.478
G1 X153.644 Y121.825 E.10643
G1 X152.64 Y122.097 E.08391
G1 X150.853 Y122.432 E.14666
;LAYER_CHANGE
;Z:2.88
;HEIGHT:0.32

G1 E-8 F1500
G1 Z2.88 F3000
;AFTER_LAYER_CHANGE
;2.88
G92 E0
_ON_LAYER_CHANGE LAYER=9
G1 Z3.08
G1 X148.508 Y85.341 F12000
G1 Z2.88 F3000
G1 E10 F1500
;TYPE:External perimeter
;WIDTH:0.675
G1 F618.478
G1 X148.687 Y85.339 E.01444
G1 X149.528 Y85.365 E.06787
G1 X150.555 Y85.445 E.0831
G1 X151.576 Y85.58 E.08308
G1 X152.589 Y85.768 E.08311
G1 X153.255 Y85.921 E.05512
G1 X154.249 Y86.197 E.08322
G1 X155.225 Y86.523 E.08301
G1 X156.183 Y86.901 E.08308
G1 X157.12 Y87.328 E.08306
G1 X157.895 Y87.728 E.07035
G1 X158.626 Y88.146 E.06793
G1 X159.495 Y88.699 E.08309
G1 X160.333 Y89.297 E.08304
G1 X161.139 Y89.938 E.08307
G1 X161.91 Y90.62 E.08303
G1 X162.644 Y91.341 E.083
G1 X163.34 Y92.101 E.08313
G1 X163.78 Y92.625 E.05519
G1 X164.407 Y93.443 E.08314
G1 X164.99 Y94.291 E.08301
G1 X165.528 Y95.169 E.08306
G1 X165.947 Y95.935 E.07043
G1 X166.32 Y96.69 E.06793
G1 X166.731 Y97.636 E.0832
G1 X166.976 Y98.274 E.05513
G1 X167.303 Y99.251 E.08311
G1 X167.578 Y100.243 E.08304
G1 X167.801 Y101.248 E.08304
G1 X167.971 Y102.264 E.0831
M73 P50 R21
G1 X168.088 Y103.286 E.08298
G1 X168.15 Y104.314 E.08308
G1 X168.159 Y105.343 E.08301
G1 X168.114 Y106.372 E.08308
G1 X168.016 Y107.398 E.08314
G1 X167.921 Y108.074 E.05507
G1 X167.732 Y109.09 E.08336
G1 X167.579 Y109.755 E.05504
G1 X167.303 Y110.749 E.08322
G1 X166.977 Y111.725 E.08301
G1 X166.599 Y112.684 E.08315
G1 X166.321 Y113.308 E.05511
G1 X165.861 Y114.231 E.08319
G1 X165.354 Y115.127 E.08305
G1 X164.801 Y115.995 E.08302
G1 X164.203 Y116.833 E.08304
G1 X163.562 Y117.639 E.08307
G1 X162.88 Y118.41 E.08303
G1 X162.158 Y119.145 E.08311
G1 X161.658 Y119.611 E.05513
G1 X160.874 Y120.281 E.08319
G1 X160.057 Y120.907 E.08303
G1 X159.209 Y121.49 E.08301
G1 X158.33 Y122.029 E.08317
G1 X157.732 Y122.36 E.05513
G1 X156.81 Y122.82 E.08312
G1 X155.864 Y123.231 E.0832
G1 X155.226 Y123.476 E.05513
G1 X154.249 Y123.803 E.08311
G1 X153.257 Y124.078 E.08304
G1 X152.252 Y124.301 E.08304
G1 X151.236 Y124.471 E.0831
G1 X150.214 Y124.588 E.08298
G1 X149.186 Y124.65 E.08308
G1 X148.156 Y124.659 E.08309
G1 X147.284 Y124.624 E.0704
G1 X146.445 Y124.555 E.06791
G1 X145.424 Y124.42 E.08308
G1 X144.412 Y124.233 E.08302
G1 X143.41 Y123.992 E.08313
G1 X142.753 Y123.804 E.05512
G1 X141.775 Y123.477 E.08318
G1 X140.817 Y123.099 E.08308
G1 X139.879 Y122.672 E.08314
G1 X139.27 Y122.362 E.05512
G1 X138.373 Y121.854 E.08316
G1 X137.505 Y121.301 E.08302
G1 X136.667 Y120.703 E.08304
G1 X135.861 Y120.062 E.08307
G1 X135.09 Y119.38 E.08303
G1 X134.355 Y118.658 E.08311
G1 X133.889 Y118.158 E.05513
G1 X133.219 Y117.374 E.08319
G1 X132.593 Y116.557 E.08303
G1 X132.009 Y115.708 E.08312
G1 X131.647 Y115.128 E.05515
G1 X131.139 Y114.231 E.08316
G1 X130.68 Y113.31 E.08301
G1 X130.269 Y112.366 E.08305
G1 X129.909 Y111.401 E.08308
G1 X129.644 Y110.57 E.07036
G1 X129.422 Y109.757 E.06798
G1 X129.199 Y108.752 E.08304
G1 X129.029 Y107.736 E.0831
G1 X128.912 Y106.714 E.08298
G1 X128.85 Y105.686 E.08308
G1 X128.841 Y104.657 E.08301
G1 X128.886 Y103.628 E.08308
G1 X128.966 Y102.759 E.0704
G1 X129.08 Y101.925 E.0679
G1 X129.267 Y100.912 E.0831
G1 X129.508 Y99.911 E.08305
G1 X129.8 Y98.924 E.08303
G1 X130.144 Y97.953 E.0831
G1 X130.475 Y97.146 E.07036
G1 X130.827 Y96.381 E.06793
G1 X131.303 Y95.468 E.08306
G1 X131.825 Y94.581 E.08302
G1 X132.394 Y93.721 E.08318
G1 X132.796 Y93.168 E.05515
G1 X133.438 Y92.361 E.08318
G1 X134.12 Y91.59 E.08303
G1 X134.842 Y90.856 E.08305
G1 X135.483 Y90.264 E.07039
G1 X136.126 Y89.72 E.06794
G1 X136.943 Y89.093 E.08308
G1 X137.792 Y88.509 E.08312
G1 X138.534 Y88.051 E.07034
G1 X139.268 Y87.639 E.0679
G1 X140.19 Y87.18 E.08308
G1 X141.136 Y86.769 E.0832
G1 X141.774 Y86.524 E.05513
G1 X142.751 Y86.197 E.08311
G1 X143.743 Y85.922 E.08304
G1 X144.748 Y85.699 E.08304
G1 X145.764 Y85.529 E.0831
G1 X146.786 Y85.412 E.08298
G1 X147.814 Y85.35 E.08308
G1 X148.478 Y85.342 E.05357
G1 X149.078 Y85.351 F12000
G1 X148.503 Y85.91
;TYPE:Perimeter
G1 E-30 F1500
G1 Z7.88 F300.0
G1 F12000.0
T1
G1 Z2.88 F300.0
PRIME_FIBRE
G1 E45.0 F1500
G1 F12000.0
;WIDTH:0.6
G1 F705.78
G1 X148.682 Y85.908 E.01265
G1 X149.497 Y85.933 E.05764 U0.815
G1 X150.496 Y86.011 E.07083 U1.817
G1 X151.487 Y86.142 E.07066 U2.817
G1 X152.474 Y86.325 E.07096 U3.821
G1 X153.115 Y86.473 E.0465 U4.479
G1 X154.082 Y86.741 E.07093 U5.482
G1 X155.03 Y87.058 E.07066 U6.482
G1 X155.96 Y87.424 E.07065 U7.481
G1 X156.871 Y87.84 E.07079 U8.483
G1 X157.623 Y88.228 E.05982 U9.329
G1 X158.332 Y88.633 E.05772 U10.145
G1 X159.177 Y89.171 E.07081 U11.147
G1 X159.991 Y89.751 E.07065 U12.147
G1 X160.773 Y90.374 E.07068 U13.146
G1 X161.522 Y91.036 E.07066 U14.146
G1 X162.235 Y91.737 E.07068 U15.146
G1 X162.913 Y92.477 E.07095 U16.15
G1 X163.336 Y92.981 E.04651 U16.808
G1 X163.947 Y93.777 E.07093 U17.811
G1 X164.513 Y94.601 E.07066 U18.811
G1 X165.036 Y95.455 E.07079 U19.812
G1 X165.442 Y96.197 E.05979 U20.658
G1 X165.804 Y96.929 E.05773 U21.475
G1 X166.205 Y97.851 E.07107 U22.48
G1 X166.6 Y98.944 E.08215 U23.642
G1 X166.893 Y99.899 E.07061 U24.641
G1 X167.134 Y100.869 E.07065 U25.641
G1 X167.325 Y101.85 E.07065 U26.64
G1 X167.464 Y102.839 E.0706 U27.639
G1 X167.551 Y103.835 E.07067 U28.639
G1 X167.59 Y105.333 E.10593 U30.137
G1 X167.547 Y106.332 E.07068 U31.137
G1 X167.451 Y107.331 E.07094 U32.141
G1 X167.359 Y107.983 E.04655 U32.799
G1 X167.175 Y108.974 E.07125 U33.807
G1 X167.027 Y109.615 E.0465 U34.465
G1 X166.759 Y110.582 E.07093 U35.468
G1 X166.442 Y111.53 E.07066 U36.468
G1 X166.074 Y112.464 E.07096 U37.472
G1 X165.806 Y113.066 E.04658 U38.131
G1 X165.358 Y113.964 E.07094 U39.134
G1 X164.866 Y114.834 E.07065 U40.134
G1 X164.329 Y115.677 E.07065 U41.133
G1 X163.749 Y116.491 E.07065 U42.133
G1 X163.126 Y117.273 E.07068 U43.133
G1 X162.464 Y118.022 E.07066 U44.132
G1 X161.761 Y118.738 E.07093 U45.136
G1 X161.279 Y119.187 E.04656 U45.794
G1 X160.516 Y119.838 E.0709 U46.797
G1 X159.723 Y120.447 E.07068 U47.797
G1 X158.899 Y121.013 E.07066 U48.797
G1 X158.043 Y121.537 E.07095 U49.801
G1 X157.467 Y121.857 E.04658 U50.459
G1 X156.569 Y122.304 E.07091 U51.463
G1 X155.649 Y122.705 E.07094 U52.466
G1 X155.034 Y122.941 E.04656 U53.125
G1 X154.082 Y123.259 E.07095 U54.129
G1 X153.119 Y123.526 E.07064 U55.128
G1 X152.143 Y123.743 E.07068 U56.128
G1 X151.157 Y123.908 E.07067 U57.127
G1 X150.164 Y124.021 E.07065 U58.127
G1 X149.166 Y124.082 E.07068 U59.127
G1 X148.165 Y124.09 E.07076 U60.128
G1 X147.319 Y124.056 E.05985 U60.974
G1 X146.506 Y123.989 E.05766 U61.79
G1 X145.513 Y123.858 E.0708 U62.792
G1 X144.53 Y123.676 E.07067 U63.792
G1 X143.554 Y123.442 E.07095 U64.795
G1 X142.921 Y123.26 E.04656 U65.454
G1 X141.97 Y122.942 E.07088 U66.457
G1 X141.04 Y122.576 E.07065 U67.456
G1 X140.126 Y122.159 E.07102 U68.461
G1 X139.54 Y121.86 E.0465 U69.119
G1 X138.666 Y121.366 E.07097 U70.122
G1 X137.823 Y120.829 E.07065 U71.122
G1 X137.009 Y120.249 E.07065 U72.121
G1 X136.227 Y119.626 E.07068 U73.121
G1 X135.478 Y118.964 E.07066 U74.121
G1 X134.763 Y118.261 E.07088 U75.124
G1 X134.313 Y117.779 E.04661 U75.783
G1 X133.662 Y117.016 E.0709 U76.786
G1 X133.053 Y116.223 E.07068 U77.786
G1 X132.485 Y115.396 E.07092 U78.789
G1 X132.136 Y114.837 E.04658 U79.448
G1 X131.642 Y113.964 E.07091 U80.451
G1 X131.196 Y113.069 E.07069 U81.451
G1 X130.797 Y112.152 E.07069 U82.451
G1 X130.446 Y111.215 E.07073 U83.452
G1 X130.189 Y110.408 E.05987 U84.299
G1 X129.974 Y109.621 E.05767 U85.115
G1 X129.757 Y108.643 E.07081 U86.116
G1 X129.592 Y107.657 E.07067 U87.116
G1 X129.479 Y106.664 E.07065 U88.116
G1 X129.418 Y105.666 E.07068 U89.115
G1 X129.41 Y104.667 E.07062 U90.114
G1 X129.453 Y103.667 E.07075 U91.115
G1 X129.532 Y102.824 E.05985 U91.962
G1 X129.641 Y102.015 E.0577 U92.778
G1 X129.824 Y101.03 E.07082 U93.78
G1 X130.057 Y100.058 E.07066 U94.78
G1 X130.341 Y99.1 E.07063 U95.779
G1 X130.675 Y98.156 E.07078 U96.78
G1 X130.997 Y97.373 E.05985 U97.627
G1 X131.338 Y96.632 E.05766 U98.443
G1 X131.801 Y95.743 E.07085 U99.445
G1 X132.308 Y94.882 E.07063 U100.444
G1 X132.862 Y94.045 E.07095 U101.448
G1 X133.249 Y93.512 E.04656 U102.107
G1 X133.874 Y92.727 E.07093 U103.11
G1 X134.536 Y91.978 E.07066 U104.11
G1 X135.238 Y91.264 E.07078 U105.111
G1 X135.86 Y90.69 E.05983 U105.957
G1 X136.483 Y90.163 E.05768 U106.773
G1 X137.277 Y89.553 E.07078 U107.775
G1 X138.102 Y88.986 E.07076 U108.776
G1 X138.823 Y88.542 E.05985 U109.622
G1 X139.535 Y88.142 E.05773 U110.439
G1 X140.431 Y87.696 E.07075 U111.44
G1 X141.351 Y87.295 E.07094 U112.443
G1 X141.966 Y87.059 E.04656 U113.102
G1 X142.918 Y86.741 E.07095 U114.106
G1 X143.881 Y86.474 E.07064 U115.105
G1 X144.857 Y86.257 E.07068 U116.105
G1 X145.843 Y86.092 E.07067 U117.105
G1 X146.836 Y85.979 E.07065 U118.104
G1 X147.835 Y85.918 E.07075 U119.105
G1 X148.473 Y85.911 E.0451 U119.743
G1 X148.499 Y86.442 F12000 U120.275
G1 F705.78
G1 X148.677 Y86.44 E.01258 U120.453
G1 X149.469 Y86.463 E.05601 U121.245
G1 X150.44 Y86.54 E.06885 U122.219
G1 X151.404 Y86.667 E.06873 U123.191
G1 X152.365 Y86.845 E.06909 U124.169
G1 X152.985 Y86.988 E.04498 U124.805
G1 X153.927 Y87.249 E.0691 U125.783
G1 X154.849 Y87.558 E.06874 U126.755
G1 X155.753 Y87.914 E.06868 U127.727
G1 X156.639 Y88.318 E.06883 U128.7
G1 X157.37 Y88.695 E.05814 U129.523
G1 X158.058 Y89.088 E.05601 U130.315
G1 X158.88 Y89.612 E.06891 U131.29
G1 X159.671 Y90.176 E.06867 U132.261
G1 X160.431 Y90.781 E.06867 U133.233
G1 X161.159 Y91.425 E.06871 U134.205
G1 X161.852 Y92.106 E.06868 U135.176
G1 X162.513 Y92.827 E.06914 U136.155
G1 X162.921 Y93.314 E.04491 U136.79
G1 X163.517 Y94.09 E.06917 U137.768
G1 X164.067 Y94.89 E.06863 U138.739
G1 X164.576 Y95.721 E.06889 U139.714
G1 X164.971 Y96.443 E.05818 U140.537
G1 X165.322 Y97.153 E.05599 U141.329
G1 X165.586 Y97.761 E.04686 U141.991
G1 X165.827 Y98.349 E.04492 U142.627
G1 X166.097 Y99.112 E.05721 U143.436
G1 X166.381 Y100.041 E.06867 U144.408
G1 X166.616 Y100.984 E.0687 U145.38
G1 X166.801 Y101.937 E.06862 U146.35
G1 X166.936 Y102.899 E.06867 U147.322
G1 X167.021 Y103.867 E.06869 U148.294
G1 X167.059 Y105.324 E.10303 U149.751
G1 X167.017 Y106.295 E.0687 U150.723
G1 X166.923 Y107.268 E.0691 U151.7
G1 X166.834 Y107.898 E.04498 U152.337
G1 X166.655 Y108.865 E.06952 U153.32
G1 X166.512 Y109.484 E.04491 U153.955
G1 X166.251 Y110.427 E.06916 U154.934
G1 X165.942 Y111.349 E.06874 U155.906
G1 X165.584 Y112.259 E.06912 U156.884
G1 X165.326 Y112.839 E.04487 U157.519
G1 X164.889 Y113.714 E.06914 U158.497
G1 X164.411 Y114.56 E.06869 U159.469
G1 X163.888 Y115.38 E.06875 U160.441
G1 X163.324 Y116.171 E.06867 U161.413
G1 X162.719 Y116.931 E.06867 U162.384
G1 X162.075 Y117.659 E.06871 U163.356
G1 X161.39 Y118.357 E.06913 U164.334
G1 X160.925 Y118.79 E.04491 U164.97
G1 X160.181 Y119.425 E.06914 U165.948
G1 X159.41 Y120.017 E.06871 U166.92
G1 X158.61 Y120.567 E.06863 U167.891
G1 X157.776 Y121.078 E.06914 U168.869
G1 X157.22 Y121.386 E.04493 U169.504
G1 X156.345 Y121.823 E.06914 U170.482
G1 X155.448 Y122.213 E.06914 U171.46
G1 X154.854 Y122.44 E.04495 U172.096
G1 X153.927 Y122.751 E.06912 U173.074
G1 X152.991 Y123.01 E.06865 U174.045
G1 X152.042 Y123.221 E.06872 U175.017
G1 X151.083 Y123.381 E.06873 U175.99
G1 X150.118 Y123.491 E.06866 U176.961
G1 X149.148 Y123.551 E.0687 U177.933
G1 X148.174 Y123.559 E.06885 U178.907
G1 X147.352 Y123.526 E.05815 U179.73
G1 X146.563 Y123.461 E.05596 U180.521
G1 X145.596 Y123.333 E.06895 U181.497
G1 X144.641 Y123.156 E.06866 U182.468
G1 X143.69 Y122.928 E.06913 U183.446
G1 X143.079 Y122.753 E.04493 U184.081
G1 X142.151 Y122.442 E.06918 U185.06
G1 X141.247 Y122.086 E.06868 U186.032
G1 X140.357 Y121.681 E.06912 U187.01
G1 X139.791 Y121.392 E.04492 U187.645
G1 X138.94 Y120.911 E.0691 U188.623
G1 X138.12 Y120.388 E.06875 U189.595
G1 X137.329 Y119.824 E.06867 U190.567
G1 X136.569 Y119.219 E.06867 U191.538
G1 X135.841 Y118.575 E.06871 U192.51
G1 X135.143 Y117.89 E.06913 U193.488
G1 X134.71 Y117.425 E.04491 U194.123
M73 P51 R21
G1 X134.075 Y116.681 E.06914 U195.102
G1 X133.483 Y115.91 E.06871 U196.074
G1 X132.929 Y115.104 E.06914 U197.052
G1 X132.592 Y114.566 E.04488 U197.686
G1 X132.111 Y113.714 E.06916 U198.665
G1 X131.677 Y112.845 E.06866 U199.636
G1 X131.29 Y111.953 E.06873 U200.609
G1 X130.949 Y111.041 E.06883 U201.582
G1 X130.699 Y110.257 E.05817 U202.405
G1 X130.49 Y109.493 E.05599 U203.197
G1 X130.279 Y108.542 E.06886 U204.171
G1 X130.119 Y107.583 E.06873 U205.144
G1 X130.009 Y106.618 E.06866 U206.115
G1 X129.949 Y105.648 E.0687 U207.087
G1 X129.941 Y104.676 E.06871 U208.059
G1 X129.983 Y103.703 E.06884 U209.033
G1 X130.06 Y102.884 E.05815 U209.855
G1 X130.166 Y102.099 E.05599 U210.647
G1 X130.344 Y101.141 E.06888 U211.622
G1 X130.571 Y100.196 E.0687 U212.594
G1 X130.847 Y99.264 E.06871 U213.566
G1 X131.172 Y98.346 E.06884 U214.539
G1 X131.484 Y97.585 E.05814 U215.362
G1 X131.815 Y96.866 E.05595 U216.153
G1 X132.265 Y96.001 E.06892 U217.128
G1 X132.759 Y95.164 E.0687 U218.1
G1 X133.298 Y94.348 E.06913 U219.078
G1 X133.672 Y93.834 E.04493 U219.714
G1 X134.281 Y93.069 E.06912 U220.692
G1 X134.925 Y92.341 E.06871 U221.664
G1 X135.607 Y91.646 E.06883 U222.638
G1 X136.212 Y91.089 E.05813 U223.46
G1 X136.816 Y90.576 E.05602 U224.252
G1 X137.59 Y89.983 E.06892 U225.227
G1 X138.392 Y89.431 E.06882 U226.201
G1 X139.092 Y89 E.05811 U227.023
G1 X139.783 Y88.612 E.05602 U227.816
G1 X140.655 Y88.177 E.06888 U228.79
G1 X141.552 Y87.787 E.06914 U229.768
G1 X142.146 Y87.56 E.04495 U230.404
G1 X143.073 Y87.249 E.06912 U231.382
G1 X144.009 Y86.99 E.06865 U232.353
G1 X144.958 Y86.779 E.06872 U233.325
G1 X145.917 Y86.619 E.06873 U234.297
G1 X146.882 Y86.509 E.06866 U235.269
G1 X147.854 Y86.449 E.06884 U236.242
G1 X148.469 Y86.442 E.04348 U236.858
G1 X148.494 Y86.973 F12000 U237.389
G1 F705.78
G1 X148.672 Y86.971 E.01258 U237.567
G1 X149.44 Y86.994 E.05431 U238.335
G1 X150.385 Y87.068 E.067 U239.283
G1 X151.321 Y87.192 E.06674 U240.228
G1 X152.257 Y87.365 E.06728 U241.179
G1 X152.854 Y87.503 E.04331 U241.792
G1 X153.772 Y87.757 E.06733 U242.745
G1 X154.667 Y88.057 E.06673 U243.689
G1 X155.545 Y88.403 E.06671 U244.632
G1 X156.407 Y88.796 E.06697 U245.58
G1 X157.116 Y89.162 E.0564 U246.378
G1 X157.783 Y89.543 E.0543 U247.146
G1 X158.582 Y90.052 E.06697 U248.093
G1 X159.351 Y90.6 E.06675 U249.037
G1 X160.09 Y91.188 E.06676 U249.982
G1 X160.797 Y91.813 E.0667 U250.925
G1 X161.47 Y92.475 E.06673 U251.869
G1 X162.113 Y93.177 E.06729 U252.821
G1 X162.507 Y93.646 E.0433 U253.434
G1 X163.087 Y94.402 E.06736 U254.387
G1 X163.622 Y95.18 E.06674 U255.331
G1 X164.116 Y95.987 E.06688 U256.277
G1 X164.499 Y96.688 E.05647 U257.076
G1 X164.84 Y97.377 E.05434 U257.845
G1 X165.099 Y97.973 E.04594 U258.495
G1 X165.331 Y98.539 E.04324 U259.106
G1 X165.593 Y99.281 E.05562 U259.893
G1 X165.869 Y100.183 E.06668 U260.836
G1 X166.097 Y101.099 E.06673 U261.78
G1 X166.277 Y102.025 E.06668 U262.724
G1 X166.408 Y102.96 E.06674 U263.668
G1 X166.491 Y103.9 E.06671 U264.611
G1 X166.528 Y105.315 E.10006 U266.027
G1 X166.486 Y106.258 E.06672 U266.971
G1 X166.395 Y107.206 E.06732 U267.923
G1 X166.31 Y107.812 E.04326 U268.535
G1 X166.135 Y108.757 E.06794 U269.496
G1 X165.997 Y109.354 E.04331 U270.109
G1 X165.743 Y110.272 E.06733 U271.062
G1 X165.443 Y111.167 E.06673 U272.005
G1 X165.094 Y112.053 E.06731 U272.958
G1 X164.845 Y112.612 E.04326 U273.57
G1 X164.42 Y113.465 E.06737 U274.523
G1 X163.955 Y114.286 E.0667 U275.466
G1 X163.448 Y115.082 E.06671 U276.41
G1 X162.9 Y115.851 E.06675 U277.354
G1 X162.312 Y116.59 E.06676 U278.299
G1 X161.687 Y117.297 E.0667 U279.242
G1 X161.019 Y117.976 E.06733 U280.195
G1 X160.571 Y118.394 E.04331 U280.807
G1 X159.847 Y119.012 E.06729 U281.759
G1 X159.098 Y119.587 E.06675 U282.704
G1 X158.32 Y120.122 E.06674 U283.648
G1 X157.508 Y120.619 E.0673 U284.6
G1 X156.972 Y120.916 E.04332 U285.213
G1 X156.12 Y121.341 E.0673 U286.165
G1 X155.246 Y121.721 E.06737 U287.118
G1 X154.675 Y121.94 E.04323 U287.729
G1 X153.772 Y122.243 E.06733 U288.682
G1 X152.862 Y122.495 E.06675 U289.626
G1 X151.94 Y122.699 E.06675 U290.57
G1 X151.009 Y122.855 E.06673 U291.514
G1 X150.071 Y122.962 E.06674 U292.458
G1 X149.129 Y123.019 E.06671 U293.402
G1 X148.182 Y123.028 E.06694 U294.349
G1 X147.385 Y122.995 E.05639 U295.147
G1 X146.619 Y122.932 E.05433 U295.915
G1 X145.679 Y122.808 E.06702 U296.864
G1 X144.751 Y122.636 E.06672 U297.807
G1 X143.825 Y122.414 E.06731 U298.76
G1 X143.237 Y122.245 E.04325 U299.371
G1 X142.333 Y121.943 E.06737 U300.325
CUT
G1 X141.455 Y121.597 E.06671
G1 X140.588 Y121.202 E.06735
G1 X140.043 Y120.924 E.04325
G1 X139.214 Y120.455 E.06733
G1 X138.418 Y119.948 E.06671
G1 X137.649 Y119.4 E.06675
G1 X136.91 Y118.812 E.06676
G1 X136.203 Y118.187 E.0667
G1 X135.524 Y117.519 E.06733
G1 X135.106 Y117.071 E.04331
G1 X134.488 Y116.347 E.06729
G1 X133.913 Y115.598 E.06675
G1 X133.374 Y114.813 E.06731
G1 X133.049 Y114.294 E.04329
G1 X132.58 Y113.465 E.06733
G1 X132.159 Y112.62 E.06673
G1 X131.783 Y111.754 E.06674
G1 X131.451 Y110.867 E.06695
G1 X131.208 Y110.107 E.0564
G1 X131.006 Y109.366 E.05429
G1 X130.801 Y108.44 E.06704
G1 X130.645 Y107.509 E.06673
G1 X130.538 Y106.571 E.06674
G1 X130.481 Y105.629 E.06671
G1 X130.472 Y104.685 E.06673
G1 X130.514 Y103.739 E.06694
G1 X130.588 Y102.944 E.05644
G1 X130.691 Y102.183 E.05428
G1 X130.864 Y101.251 E.06701
G1 X131.084 Y100.333 E.06673
G1 X131.352 Y99.428 E.06672
G1 X131.668 Y98.536 E.06689
G1 X131.971 Y97.797 E.05646
G1 X132.293 Y97.099 E.05434
M73 P51 R20

G1 X132.73 Y96.259 E.06693
G1 X133.209 Y95.445 E.06676
G1 X133.735 Y94.651 E.06733
G1 X134.095 Y94.156 E.04327
G1 X134.688 Y93.41 E.06736
G1 X135.313 Y92.703 E.0667
G1 X135.977 Y92.028 E.06693
G1 X136.564 Y91.487 E.05643
G1 X137.15 Y90.99 E.05432
G1 X137.902 Y90.413 E.067
G1 X138.683 Y89.877 E.06696
G1 X139.362 Y89.458 E.0564
G1 X140.032 Y89.082 E.05431
G1 X140.88 Y88.659 E.06699
G1 X141.754 Y88.279 E.06737
G1 X142.325 Y88.06 E.04323
G1 X143.228 Y87.757 E.06733
G1 X144.138 Y87.505 E.06675
G1 X145.06 Y87.301 E.06675
G1 X145.991 Y87.145 E.06673
G1 X146.929 Y87.038 E.06674
G1 X147.874 Y86.98 E.06693
G1 X148.464 Y86.973 E.04171
G1 E-8 F1500
G1 Z3.08 F3000
G1 X151.831 Y87.73 F12000
G1 Z2.88 F3000
G1 E10 F1500
;TYPE:Internal infill
G1 E-30 F1500
G1 Z7.88 F300.0
G1 F12000.0
T0
G1 Z2.88 F300.0
G1 E32.0 F1500
G1 F12000.0
;WIDTH:0.675
G1 F618.478
G1 X150.031 Y87.478 E.14662
G1 X149.801 Y87.654 E.02336
G1 X149.151 Y87.953 E.05771
G1 X148.5 Y88.097 E.05378
G1 X147.849 Y88.11 E.05252
G1 X147.199 Y87.976 E.05354
G1 X146.428 Y87.534 E.07169
G1 X144.637 Y87.841 E.14658
G1 E-8 F1500
G1 Z3.08 F3000
G1 X137.575 Y91.214 F12000
G1 Z2.88 F3000
G1 E10 F1500
G1 F618.478
G1 X136.21 Y92.414 E.14661
G1 X136.79 Y92.858 E.05892
G1 X137.441 Y93.158 E.05782
G1 X138.091 Y93.302 E.0537
G1 X138.742 Y93.314 E.05252
G1 X139.392 Y93.181 E.05352
G1 X140.043 Y92.845 E.0591
G1 X141.344 Y91.618 E.14426
G1 X141.994 Y91.12 E.06605
G1 X142.645 Y90.82 E.05782
G1 X143.296 Y90.676 E.05378
G1 X143.946 Y90.663 E.05244
G1 X144.597 Y90.797 E.05361
G1 X145.247 Y91.133 E.05902
G1 X146.548 Y92.36 E.14426
G1 X147.199 Y92.858 E.06612
G1 X147.849 Y93.158 E.05775
G1 X148.5 Y93.302 E.05378
G1 X149.151 Y93.314 E.05252
G1 X149.801 Y93.181 E.05352
G1 X150.452 Y92.845 E.0591
G1 X151.753 Y91.618 E.14426
G1 X152.403 Y91.12 E.06605
G1 X153.054 Y90.82 E.05782
G1 X153.704 Y90.676 E.0537
G1 X154.355 Y90.663 E.05252
G1 X155.006 Y90.797 E.05361
G1 X155.656 Y91.133 E.05902
G1 X156.957 Y92.36 E.14426
G1 X157.608 Y92.858 E.06612
G1 X158.258 Y93.158 E.05775
G1 X158.909 Y93.302 E.05378
G1 X159.559 Y93.314 E.05244
G1 X160.21 Y93.181 E.0536
G1 X160.861 Y92.845 E.0591
G1 X161.052 Y92.676 E.02057
G1 X162.167 Y93.919 E.1347
G1 X162.734 Y94.658 E.07514
G1 X163.532 Y95.869 E.11699
G1 X162.812 Y96.001 E.05905
G1 X162.162 Y96.338 E.05906
G1 X160.861 Y97.564 E.1442
G1 X160.21 Y98.063 E.06617
G1 X159.559 Y98.362 E.05779
G1 X158.909 Y98.506 E.0537
G1 X158.258 Y98.519 E.05252
G1 X157.608 Y98.385 E.05354
G1 X156.957 Y98.049 E.0591
G1 X155.656 Y96.822 E.14426
G1 X155.006 Y96.324 E.06605
G1 X154.355 Y96.024 E.05782
G1 X153.704 Y95.88 E.05378
G1 X153.054 Y95.868 E.05244
G1 X152.403 Y96.001 E.0536
G1 X151.753 Y96.338 E.05906
G1 X150.452 Y97.564 E.1442
G1 X149.801 Y98.063 E.06617
G1 X149.151 Y98.362 E.05771
G1 X148.5 Y98.506 E.05378
G1 X147.849 Y98.519 E.05252
G1 X147.199 Y98.385 E.05354
G1 X146.548 Y98.049 E.0591
G1 X145.247 Y96.822 E.14426
G1 X144.597 Y96.324 E.06605
G1 X143.946 Y96.024 E.05782
G1 X143.296 Y95.88 E.0537
G1 X142.645 Y95.868 E.05252
G1 X141.994 Y96.001 E.0536
G1 X141.344 Y96.338 E.05906
G1 X140.043 Y97.564 E.1442
G1 X139.392 Y98.063 E.06617
G1 X138.742 Y98.362 E.05771
G1 X138.091 Y98.506 E.05378
G1 X137.441 Y98.519 E.05244
G1 X136.79 Y98.385 E.05361
G1 X136.139 Y98.049 E.0591
G1 X134.838 Y96.822 E.14426
G1 X134.188 Y96.324 E.06605
G1 X133.393 Y95.993 E.06947
G1 X132.543 Y97.599 E.14658
G1 E-8 F1500
G1 Z3.08 F3000
G1 X132.985 Y113.295 F12000
G1 Z2.88 F3000
G1 E10 F1500
G1 F618.478
G1 X132.212 Y111.649 E.14669
G1 X132.887 Y111.494 E.05587
G1 X133.537 Y111.481 E.05244
G1 X134.188 Y111.615 E.05361
G1 X134.838 Y111.951 E.05902
G1 X136.139 Y113.178 E.14426
G1 X136.79 Y113.676 E.06612
G1 X137.441 Y113.976 E.05782
G1 X138.091 Y114.12 E.0537
G1 X138.742 Y114.132 E.05252
G1 X139.392 Y113.999 E.05352
G1 X140.043 Y113.662 E.05913
G1 X141.344 Y112.436 E.1442
G1 X141.994 Y111.937 E.0661
G1 X142.645 Y111.638 E.05779
G1 X143.296 Y111.494 E.05378
G1 X143.946 Y111.481 E.05244
G1 X144.597 Y111.615 E.05361
G1 X145.247 Y111.951 E.05902
G1 X146.548 Y113.178 E.14426
G1 X147.199 Y113.676 E.06612
G1 X147.849 Y113.976 E.05775
M73 P52 R20
G1 X148.5 Y114.12 E.05378
G1 X149.151 Y114.132 E.05252
G1 X149.801 Y113.999 E.05352
G1 X150.452 Y113.662 E.05913
G1 X151.753 Y112.436 E.1442
G1 X152.403 Y111.937 E.0661
G1 X153.054 Y111.638 E.05779
G1 X153.704 Y111.494 E.0537
G1 X154.355 Y111.481 E.05252
G1 X155.006 Y111.615 E.05361
G1 X155.656 Y111.951 E.05902
G1 X156.957 Y113.178 E.14426
G1 X157.608 Y113.676 E.06612
G1 X158.258 Y113.976 E.05775
G1 X158.909 Y114.12 E.05378
G1 X159.559 Y114.132 E.05244
G1 X160.21 Y113.999 E.0536
G1 X160.861 Y113.662 E.05913
G1 X162.162 Y112.436 E.1442
G1 X162.812 Y111.937 E.0661
G1 X163.463 Y111.638 E.05779
G1 X164.113 Y111.494 E.0537
G1 X164.844 Y111.498 E.05897
G1 X165.325 Y110.144 E.11591
G1 X165.574 Y109.246 E.07517
G1 X165.962 Y107.153 E.17171
G1 X165.415 Y106.733 E.05563
G1 X164.764 Y106.433 E.05782
G1 X164.113 Y106.289 E.05378
G1 X163.463 Y106.277 E.05244
G1 X162.812 Y106.41 E.0536
G1 X162.162 Y106.747 E.05906
G1 X160.861 Y107.973 E.1442
G1 X160.21 Y108.472 E.06617
G1 X159.559 Y108.771 E.05779
G1 X158.909 Y108.915 E.0537
G1 X158.258 Y108.928 E.05252
G1 X157.608 Y108.794 E.05354
G1 X156.957 Y108.458 E.0591
G1 X155.656 Y107.231 E.14426
G1 X155.006 Y106.733 E.06605
G1 X154.355 Y106.433 E.05782
G1 X153.704 Y106.289 E.05378
G1 X153.054 Y106.277 E.05244
G1 X152.403 Y106.41 E.0536
G1 X151.753 Y106.747 E.05906
G1 X150.452 Y107.973 E.1442
G1 X149.801 Y108.472 E.06617
G1 X149.151 Y108.771 E.05771
G1 X148.5 Y108.915 E.05378
G1 X147.849 Y108.928 E.05252
G1 X147.199 Y108.794 E.05354
G1 X146.548 Y108.458 E.0591
G1 X145.247 Y107.231 E.14426
G1 X144.597 Y106.733 E.06605
G1 X143.946 Y106.433 E.05782
G1 X143.296 Y106.289 E.0537
G1 X142.645 Y106.277 E.05252
G1 X141.994 Y106.41 E.0536
G1 X141.344 Y106.747 E.05906
G1 X140.043 Y107.973 E.1442
G1 X139.392 Y108.472 E.06617
G1 X138.742 Y108.771 E.05771
G1 X138.091 Y108.915 E.05378
G1 X137.441 Y108.928 E.05244
G1 X136.79 Y108.794 E.05361
G1 X136.139 Y108.458 E.0591
G1 X134.838 Y107.231 E.14426
G1 X134.188 Y106.733 E.06605
G1 X133.537 Y106.433 E.05782
G1 X132.887 Y106.289 E.0537
G1 X132.236 Y106.277 E.05252
G1 X131.585 Y106.41 E.0536
G1 X130.994 Y106.716 E.05368
G1 X130.908 Y104.693 E.16333
G1 X131.021 Y102.994 E.13735
G1 X131.201 Y101.823 E.09557
G1 X131.585 Y101.528 E.03906
G1 X132.236 Y101.229 E.05779
G1 X132.887 Y101.085 E.05378
G1 X133.537 Y101.072 E.05244
G1 X134.188 Y101.206 E.05361
G1 X134.838 Y101.542 E.05902
G1 X136.139 Y102.769 E.14426
G1 X136.79 Y103.267 E.06612
G1 X137.441 Y103.567 E.05782
G1 X138.091 Y103.711 E.0537
G1 X138.742 Y103.723 E.05252
G1 X139.392 Y103.59 E.05352
G1 X140.043 Y103.253 E.05913
G1 X141.344 Y102.027 E.1442
G1 X141.994 Y101.528 E.0661
G1 X142.645 Y101.229 E.05779
G1 X143.296 Y101.085 E.05378
G1 X143.946 Y101.072 E.05244
G1 X144.597 Y101.206 E.05361
G1 X145.247 Y101.542 E.05902
G1 X146.548 Y102.769 E.14426
G1 X147.199 Y103.267 E.06612
G1 X147.849 Y103.567 E.05775
G1 X148.5 Y103.711 E.05378
G1 X149.151 Y103.723 E.05252
G1 X149.801 Y103.59 E.05352
G1 X150.452 Y103.253 E.05913
G1 X151.753 Y102.027 E.1442
G1 X152.403 Y101.528 E.0661
G1 X153.054 Y101.229 E.05779
G1 X153.704 Y101.085 E.0537
G1 X154.355 Y101.072 E.05252
G1 X155.006 Y101.206 E.05361
G1 X155.656 Y101.542 E.05902
G1 X156.957 Y102.769 E.14426
G1 X157.608 Y103.267 E.06612
G1 X158.258 Y103.567 E.05775
G1 X158.909 Y103.711 E.05378
G1 X159.559 Y103.723 E.05244
G1 X160.21 Y103.59 E.0536
G1 X160.861 Y103.253 E.05913
G1 X162.162 Y102.027 E.1442
G1 X162.812 Y101.528 E.0661
G1 X163.463 Y101.229 E.05779
G1 X164.113 Y101.085 E.0537
G1 X164.764 Y101.072 E.05252
G1 X165.415 Y101.206 E.05361
G1 X165.708 Y101.357 E.02659
G1 X165.24 Y99.601 E.14659
G1 E-8 F1500
G1 Z3.08 F3000
G1 X157.173 Y120.307 F12000
G1 Z2.88 F3000
G1 E10 F1500
G1 F618.478
G1 X158.705 Y119.328 E.14666
G1 X158.258 Y119.337 E.03607
G1 X157.608 Y119.203 E.05354
G1 X156.957 Y118.867 E.0591
G1 X155.656 Y117.64 E.14426
G1 X155.006 Y117.142 E.06605
G1 X154.355 Y116.842 E.05782
G1 X153.704 Y116.698 E.05378
G1 X153.054 Y116.686 E.05244
G1 X152.403 Y116.819 E.0536
G1 X151.753 Y117.155 E.05902
G1 X150.452 Y118.382 E.14426
G1 X149.801 Y118.88 E.06612
G1 X149.151 Y119.18 E.05775
G1 X148.5 Y119.324 E.05378
G1 X147.849 Y119.337 E.05252
G1 X147.199 Y119.203 E.05354
G1 X146.548 Y118.867 E.0591
G1 X145.247 Y117.64 E.14426
G1 X144.597 Y117.142 E.06605
G1 X143.946 Y116.842 E.05782
G1 X143.296 Y116.698 E.0537
G1 X142.645 Y116.686 E.05252
G1 X141.994 Y116.819 E.0536
G1 X141.344 Y117.155 E.05902
G1 X140.043 Y118.382 E.14426
G1 X139.392 Y118.88 E.06612
G1 X138.742 Y119.18 E.05775
G1 X138.246 Y119.29 E.04098
G1 X139.775 Y120.272 E.14659
G1 E-8 F1500
G1 Z3.08 F3000
G1 X141.886 Y121.298 F12000
G1 Z2.88 F3000
G1 E10 F1500
G1 F618.478
G1 X143.603 Y121.897 E.14669
G1 X143.946 Y121.89 E.02767
G1 X144.597 Y122.024 E.05361
G1 X145.021 Y122.243 E.0385
G1 X146.819 Y122.511 E.14664
;LAYER_CHANGE
;Z:3.2
;HEIGHT:0.32

G1 E-8 F1500
G1 Z3.2 F3000
;AFTER_LAYER_CHANGE
;3.2
G92 E0
_ON_LAYER_CHANGE LAYER=10
G1 Z3.4
G1 X148.508 Y85.342 F12000
G1 Z3.2 F3000
G1 E10 F1500
;TYPE:External perimeter
;WIDTH:0.675
G1 F618.478
G1 X148.709 Y85.339 E.01622
G1 X149.528 Y85.365 E.0661
G1 X150.555 Y85.445 E.0831
G1 X151.576 Y85.58 E.08308
G1 X152.589 Y85.768 E.08311
G1 X153.255 Y85.921 E.05512
G1 X154.249 Y86.197 E.08322
G1 X155.225 Y86.523 E.08301
G1 X156.183 Y86.901 E.08308
G1 X157.12 Y87.328 E.08306
G1 X157.915 Y87.739 E.07219
G1 X158.626 Y88.146 E.06609
G1 X159.495 Y88.699 E.08309
G1 X160.333 Y89.297 E.08304
G1 X161.139 Y89.938 E.08307
G1 X161.91 Y90.62 E.08303
G1 X162.645 Y91.342 E.08311
G1 X163.111 Y91.842 E.05513
G1 X163.781 Y92.626 E.08319
G1 X164.407 Y93.443 E.08303
G1 X164.991 Y94.292 E.08312
G1 X165.353 Y94.872 E.05515
G1 X165.861 Y95.769 E.08316
G1 X166.32 Y96.69 E.08301
G1 X166.731 Y97.636 E.0832
G1 X166.976 Y98.274 E.05513
G1 X167.303 Y99.251 E.08311
G1 X167.578 Y100.243 E.08304
G1 X167.801 Y101.248 E.08304
G1 X167.971 Y102.264 E.0831
G1 X168.088 Y103.286 E.08298
G1 X168.15 Y104.314 E.08308
G1 X168.159 Y105.343 E.08301
G1 X168.114 Y106.372 E.08308
G1 X168.016 Y107.398 E.08314
G1 X167.921 Y108.074 E.05507
G1 X167.732 Y109.09 E.08336
G1 X167.579 Y109.755 E.05504
G1 X167.303 Y110.749 E.08322
G1 X166.977 Y111.725 E.08301
G1 X166.599 Y112.684 E.08315
G1 X166.321 Y113.308 E.05511
G1 X165.861 Y114.231 E.08319
G1 X165.354 Y115.127 E.08305
G1 X164.801 Y115.995 E.08302
G1 X164.203 Y116.833 E.08304
G1 X163.562 Y117.639 E.08307
G1 X162.88 Y118.41 E.08303
G1 X162.158 Y119.145 E.08311
G1 X161.658 Y119.611 E.05513
G1 X160.874 Y120.281 E.08319
G1 X160.057 Y120.907 E.08303
G1 X159.209 Y121.49 E.08301
G1 X158.33 Y122.029 E.08317
G1 X157.732 Y122.36 E.05513
G1 X156.81 Y122.82 E.08312
G1 X155.864 Y123.231 E.0832
G1 X155.226 Y123.476 E.05513
G1 X154.249 Y123.803 E.08311
G1 X153.257 Y124.078 E.08304
G1 X152.252 Y124.301 E.08304
G1 X151.236 Y124.471 E.0831
G1 X150.214 Y124.588 E.08298
G1 X149.186 Y124.65 E.08308
G1 X148.157 Y124.659 E.08301
G1 X147.127 Y124.614 E.08317
G1 X146.446 Y124.555 E.05514
G1 X145.424 Y124.42 E.08316
G1 X144.411 Y124.232 E.08311
G1 X143.745 Y124.079 E.05512
G1 X142.751 Y123.803 E.08322
G1 X141.775 Y123.477 E.08301
G1 X140.817 Y123.099 E.08308
G1 X139.879 Y122.672 E.08314
G1 X139.27 Y122.362 E.05512
G1 X138.373 Y121.854 E.08316
G1 X137.505 Y121.301 E.08302
G1 X136.667 Y120.703 E.08304
G1 X135.861 Y120.062 E.08307
G1 X135.09 Y119.38 E.08303
G1 X134.355 Y118.658 E.08311
G1 X133.889 Y118.158 E.05513
G1 X133.219 Y117.374 E.08319
G1 X132.593 Y116.557 E.08303
G1 X132.009 Y115.708 E.08312
G1 X131.647 Y115.128 E.05515
G1 X131.139 Y114.231 E.08316
G1 X130.68 Y113.31 E.08301
G1 X130.269 Y112.366 E.08305
G1 X129.909 Y111.401 E.08308
G1 X129.599 Y110.42 E.08299
G1 X129.341 Y109.423 E.08307
G1 X129.161 Y108.546 E.07222
M73 P53 R20
G1 X129.029 Y107.737 E.06612
G1 X128.912 Y106.714 E.08306
G1 X128.85 Y105.686 E.08308
G1 X128.841 Y104.657 E.08301
G1 X128.886 Y103.628 E.08308
G1 X128.969 Y102.737 E.07218
G1 X129.08 Y101.925 E.06611
G1 X129.267 Y100.912 E.0831
G1 X129.508 Y99.911 E.08305
G1 X129.8 Y98.924 E.08303
G1 X130.144 Y97.953 E.0831
G1 X130.484 Y97.126 E.07213
G1 X130.827 Y96.381 E.06616
G1 X131.303 Y95.468 E.08306
G1 X131.825 Y94.581 E.08302
G1 X132.394 Y93.722 E.08312
G1 X133.006 Y92.894 E.08306
G1 X133.573 Y92.202 E.07217
G1 X134.119 Y91.591 E.0661
G1 X134.842 Y90.856 E.08317
G1 X135.5 Y90.249 E.07221
G1 X136.125 Y89.72 E.06605
G1 X136.943 Y89.093 E.08314
G1 X137.791 Y88.509 E.08306
G1 X138.553 Y88.04 E.07218
G1 X139.268 Y87.639 E.06613
G1 X140.19 Y87.18 E.08308
G1 X141.134 Y86.769 E.08305
G1 X142.098 Y86.409 E.08301
G1 X143.081 Y86.099 E.08314
G1 X143.946 Y85.873 E.07212
G1 X144.747 Y85.699 E.06612
G1 X145.764 Y85.529 E.08318
G1 X146.786 Y85.412 E.08298
G1 X147.814 Y85.35 E.08308
G1 X148.478 Y85.342 E.05357
G1 X149.078 Y85.351 F12000
G1 X148.503 Y85.911
;TYPE:Perimeter
G1 E-30 F1500
G1 Z8.2 F300.0
G1 F12000.0
T1
G1 Z3.2 F300.0
PRIME_FIBRE
G1 E45.0 F1500
G1 F12000.0
;WIDTH:0.6
G1 F705.78
G1 X148.703 Y85.908 E.01414
G1 X149.497 Y85.933 E.05615 U0.794
G1 X150.496 Y86.011 E.07083 U1.796
G1 X151.487 Y86.142 E.07066 U2.796
G1 X152.474 Y86.325 E.07096 U3.8
G1 X153.115 Y86.473 E.0465 U4.458
G1 X154.082 Y86.741 E.07093 U5.461
G1 X155.03 Y87.058 E.07066 U6.461
G1 X155.96 Y87.424 E.07065 U7.46
G1 X156.871 Y87.839 E.07076 U8.461
G1 X157.643 Y88.239 E.06146 U9.331
G1 X158.332 Y88.633 E.0561 U10.124
G1 X159.177 Y89.171 E.07081 U11.126
G1 X159.991 Y89.751 E.07065 U12.126
G1 X160.773 Y90.374 E.07068 U13.126
G1 X161.522 Y91.036 E.07066 U14.125
G1 X162.237 Y91.739 E.07088 U15.128
G1 X162.687 Y92.221 E.04661 U15.787
G1 X163.338 Y92.984 E.0709 U16.79
G1 X163.947 Y93.777 E.07068 U17.79
G1 X164.515 Y94.604 E.07092 U18.793
G1 X164.864 Y95.163 E.04658 U19.452
G1 X165.358 Y96.036 E.07091 U20.455
G1 X165.804 Y96.931 E.07069 U21.455
G1 X166.205 Y97.851 E.07094 U22.459
G1 X166.6 Y98.944 E.08215 U23.621
G1 X166.893 Y99.899 E.07061 U24.62
G1 X167.134 Y100.869 E.07065 U25.62
G1 X167.325 Y101.85 E.07065 U26.619
G1 X167.464 Y102.839 E.0706 U27.618
G1 X167.551 Y103.835 E.07067 U28.618
G1 X167.59 Y105.333 E.10593 U30.116
G1 X167.547 Y106.332 E.07068 U31.116
G1 X167.451 Y107.331 E.07094 U32.12
G1 X167.359 Y107.983 E.04655 U32.778
G1 X167.175 Y108.974 E.07125 U33.786
G1 X167.027 Y109.615 E.0465 U34.444
G1 X166.759 Y110.582 E.07093 U35.447
G1 X166.442 Y111.53 E.07066 U36.447
G1 X166.074 Y112.464 E.07096 U37.451
G1 X165.806 Y113.066 E.04658 U38.11
G1 X165.358 Y113.964 E.07094 U39.113
G1 X164.866 Y114.834 E.07065 U40.113
G1 X164.329 Y115.677 E.07065 U41.112
G1 X163.749 Y116.491 E.07065 U42.112
G1 X163.126 Y117.273 E.07068 U43.112
G1 X162.464 Y118.022 E.07066 U44.111
G1 X161.761 Y118.737 E.07088 U45.114
G1 X161.279 Y119.187 E.04661 U45.773
G1 X160.516 Y119.838 E.0709 U46.776
G1 X159.723 Y120.447 E.07068 U47.776
G1 X158.899 Y121.013 E.07066 U48.776
G1 X158.043 Y121.537 E.07095 U49.78
G1 X157.467 Y121.857 E.04658 U50.438
G1 X156.569 Y122.304 E.07091 U51.442
G1 X155.649 Y122.705 E.07094 U52.445
G1 X155.034 Y122.941 E.04656 U53.104
G1 X154.082 Y123.259 E.07095 U54.108
G1 X153.119 Y123.526 E.07064 U55.107
G1 X152.143 Y123.743 E.07068 U56.107
G1 X151.157 Y123.908 E.07067 U57.106
G1 X150.164 Y124.021 E.07065 U58.106
G1 X149.166 Y124.082 E.07068 U59.106
G1 X148.167 Y124.09 E.07062 U60.105
G1 X147.164 Y124.047 E.07097 U61.109
G1 X146.508 Y123.989 E.04655 U61.767
G1 X145.513 Y123.858 E.07094 U62.771
G1 X144.526 Y123.675 E.07096 U63.775
G1 X143.885 Y123.527 E.0465 U64.433
G1 X142.918 Y123.259 E.07093 U65.436
G1 X141.97 Y122.942 E.07066 U66.436
G1 X141.04 Y122.576 E.07065 U67.435
G1 X140.126 Y122.159 E.07102 U68.44
G1 X139.54 Y121.86 E.0465 U69.097
G1 X138.666 Y121.366 E.07097 U70.101
G1 X137.823 Y120.829 E.07065 U71.101
G1 X137.009 Y120.249 E.07065 U72.1
G1 X136.227 Y119.626 E.07068 U73.1
G1 X135.478 Y118.964 E.07066 U74.1
G1 X134.763 Y118.261 E.07088 U75.103
G1 X134.313 Y117.779 E.04661 U75.762
G1 X133.662 Y117.016 E.0709 U76.765
G1 X133.053 Y116.223 E.07068 U77.765
G1 X132.485 Y115.396 E.07092 U78.768
G1 X132.136 Y114.837 E.04658 U79.427
G1 X131.642 Y113.964 E.07091 U80.43
G1 X131.196 Y113.069 E.07069 U81.43
G1 X130.797 Y112.152 E.07069 U82.43
G1 X130.447 Y111.216 E.07064 U83.43
G1 X130.146 Y110.263 E.07065 U84.429
G1 X129.896 Y109.294 E.07074 U85.43
G1 X129.72 Y108.443 E.06143 U86.299
G1 X129.593 Y107.659 E.05614 U87.093
G1 X129.479 Y106.664 E.07079 U88.094
G1 X129.418 Y105.666 E.07068 U89.094
G1 X129.41 Y104.667 E.07062 U90.093
G1 X129.453 Y103.667 E.07075 U91.094
G1 X129.534 Y102.802 E.06141 U91.963
G1 X129.641 Y102.015 E.05614 U92.757
G1 X129.824 Y101.03 E.07082 U93.759
G1 X130.057 Y100.058 E.07066 U94.759
G1 X130.341 Y99.1 E.07063 U95.758
G1 X130.675 Y98.156 E.07078 U96.759
G1 X131.006 Y97.353 E.0614 U97.628
G1 X131.338 Y96.632 E.05611 U98.421
G1 X131.801 Y95.743 E.07085 U99.424
G1 X132.308 Y94.882 E.07063 U100.423
G1 X132.86 Y94.048 E.0707 U101.423
G1 X133.455 Y93.244 E.0707 U102.423
G1 X134.006 Y92.572 E.06143 U103.292
G1 X134.535 Y91.98 E.05612 U104.086
G1 X135.238 Y91.264 E.07093 U105.09
G1 X135.876 Y90.676 E.06133 U105.957
G1 X136.483 Y90.163 E.05618 U106.752
G1 X137.277 Y89.553 E.07078 U107.753
G1 X138.102 Y88.986 E.07076 U108.754
G1 X138.841 Y88.53 E.06138 U109.623
G1 X139.534 Y88.142 E.05614 U110.417
G1 X140.431 Y87.696 E.07081 U111.419
G1 X141.348 Y87.297 E.07069 U112.419
G1 X142.284 Y86.947 E.07064 U113.418
G1 X143.238 Y86.646 E.07071 U114.418
G1 X144.079 Y86.426 E.06145 U115.288
G1 X144.855 Y86.258 E.05612 U116.082
G1 X145.843 Y86.092 E.07082 U117.084
G1 X146.836 Y85.979 E.07065 U118.083
G1 X147.835 Y85.918 E.07075 U119.084
G1 X148.473 Y85.911 E.0451 U119.722
G1 X148.499 Y86.442 F12000 U120.254
G1 F705.78
G1 X148.698 Y86.44 E.01407 U120.453
G1 X149.468 Y86.463 E.05445 U121.223
G1 X150.44 Y86.54 E.06892 U122.198
G1 X151.404 Y86.667 E.06873 U123.17
G1 X152.365 Y86.845 E.06909 U124.148
G1 X152.985 Y86.988 E.04498 U124.784
G1 X153.927 Y87.249 E.0691 U125.761
G1 X154.849 Y87.558 E.06874 U126.734
G1 X155.753 Y87.914 E.06868 U127.705
G1 X156.639 Y88.318 E.06883 U128.679
G1 X157.389 Y88.705 E.05966 U129.523
G1 X158.057 Y89.088 E.05443 U130.293
G1 X158.88 Y89.612 E.06897 U131.269
G1 X159.671 Y90.176 E.06867 U132.24
G1 X160.431 Y90.781 E.06867 U133.212
G1 X161.159 Y91.425 E.06871 U134.184
G1 X161.857 Y92.11 E.06913 U135.162
G1 X162.29 Y92.575 E.04491 U135.797
G1 X162.925 Y93.319 E.06914 U136.775
G1 X163.517 Y94.09 E.06871 U137.747
G1 X164.071 Y94.896 E.06914 U138.725
G1 X164.408 Y95.434 E.04488 U139.36
G1 X164.889 Y96.286 E.06916 U140.338
G1 X165.323 Y97.155 E.06866 U141.31
G1 X165.586 Y97.761 E.0467 U141.97
G1 X165.827 Y98.349 E.04492 U142.606
G1 X166.097 Y99.112 E.05721 U143.415
G1 X166.381 Y100.041 E.06867 U144.387
G1 X166.616 Y100.984 E.0687 U145.359
G1 X166.801 Y101.937 E.06862 U146.329
G1 X166.936 Y102.899 E.06867 U147.301
G1 X167.021 Y103.867 E.06869 U148.272
G1 X167.059 Y105.324 E.10303 U149.73
G1 X167.017 Y106.295 E.0687 U150.702
G1 X166.923 Y107.268 E.0691 U151.679
G1 X166.834 Y107.898 E.04498 U152.316
G1 X166.655 Y108.865 E.06952 U153.299
G1 X166.512 Y109.484 E.04491 U153.934
G1 X166.251 Y110.427 E.06916 U154.913
G1 X165.942 Y111.349 E.06874 U155.885
G1 X165.584 Y112.259 E.06912 U156.863
G1 X165.326 Y112.839 E.04487 U157.498
G1 X164.889 Y113.714 E.06914 U158.476
G1 X164.411 Y114.56 E.06869 U159.448
G1 X163.888 Y115.38 E.06875 U160.42
G1 X163.324 Y116.171 E.06867 U161.392
G1 X162.719 Y116.931 E.06867 U162.363
G1 X162.075 Y117.659 E.06871 U163.335
G1 X161.39 Y118.357 E.06913 U164.313
G1 X160.925 Y118.79 E.04491 U164.948
G1 X160.181 Y119.425 E.06914 U165.927
G1 X159.41 Y120.017 E.06871 U166.899
G1 X158.61 Y120.567 E.06863 U167.869
G1 X157.776 Y121.078 E.06914 U168.848
G1 X157.22 Y121.386 E.04493 U169.483
G1 X156.345 Y121.823 E.06914 U170.461
G1 X155.448 Y122.213 E.06914 U171.439
G1 X154.854 Y122.44 E.04495 U172.075
G1 X153.927 Y122.751 E.06912 U173.053
G1 X152.991 Y123.01 E.06865 U174.024
G1 X152.042 Y123.221 E.06872 U174.996
G1 X151.083 Y123.381 E.06873 U175.969
G1 X150.118 Y123.491 E.06866 U176.94
G1 X149.148 Y123.551 E.0687 U177.912
G1 X148.176 Y123.559 E.06871 U178.884
G1 X147.199 Y123.516 E.06913 U179.862
G1 X146.566 Y123.461 E.04491 U180.497
G1 X145.596 Y123.333 E.06916 U181.476
G1 X144.635 Y123.155 E.06909 U182.453
G1 X144.016 Y123.012 E.04491 U183.088
G1 X143.073 Y122.751 E.06916 U184.067
G1 X142.151 Y122.442 E.06874 U185.039
G1 X141.247 Y122.086 E.06868 U186.011
G1 X140.357 Y121.681 E.06912 U186.988
G1 X139.791 Y121.392 E.04492 U187.624
G1 X138.94 Y120.911 E.0691 U188.601
G1 X138.12 Y120.388 E.06875 U189.574
G1 X137.329 Y119.824 E.06867 U190.546
M73 P53 R19
G1 X136.569 Y119.219 E.06867 U191.517
G1 X135.841 Y118.575 E.06871 U192.489
G1 X135.143 Y117.89 E.06913 U193.467
G1 X134.71 Y117.425 E.04491 U194.102
G1 X134.075 Y116.681 E.06914 U195.08
G1 X133.483 Y115.91 E.06871 U196.052
G1 X132.929 Y115.104 E.06914 U197.03
G1 X132.592 Y114.566 E.04488 U197.665
G1 X132.111 Y113.714 E.06916 U198.644
G1 X131.677 Y112.845 E.06866 U199.615
G1 X131.29 Y111.953 E.06873 U200.587
G1 X130.949 Y111.043 E.06869 U201.559
G1 X130.657 Y110.116 E.0687 U202.531
G1 X130.413 Y109.174 E.06879 U203.504
G1 X130.243 Y108.347 E.05968 U204.348
G1 X130.119 Y107.586 E.0545 U205.12
G1 X130.009 Y106.618 E.06887 U206.094
G1 X129.949 Y105.648 E.0687 U207.066
G1 X129.941 Y104.676 E.06871 U208.038
G1 X129.983 Y103.703 E.06884 U209.012
G1 X130.062 Y102.863 E.05964 U209.855
G1 X130.166 Y102.099 E.0545 U210.626
G1 X130.344 Y101.141 E.06888 U211.601
G1 X130.571 Y100.196 E.0687 U212.573
G1 X130.847 Y99.264 E.06871 U213.545
G1 X131.172 Y98.346 E.06884 U214.518
G1 X131.493 Y97.565 E.05969 U215.363
G1 X131.815 Y96.866 E.0544 U216.132
G1 X132.265 Y96.001 E.06892 U217.107
G1 X132.759 Y95.164 E.0687 U218.079
G1 X133.295 Y94.353 E.06872 U219.051
G1 X133.874 Y93.571 E.06878 U220.025
G1 X134.41 Y92.918 E.05972 U220.869
G1 X134.922 Y92.343 E.05442 U221.639
G1 X135.607 Y91.646 E.06908 U222.616
G1 X136.228 Y91.074 E.05968 U223.461
G1 X136.816 Y90.577 E.05442 U224.231
G1 X137.59 Y89.983 E.06897 U225.206
G1 X138.392 Y89.432 E.06878 U226.179
G1 X139.111 Y88.989 E.0597 U227.024
G1 X139.783 Y88.612 E.05447 U227.794
G1 X140.655 Y88.177 E.06888 U228.769
G1 X141.547 Y87.79 E.06873 U229.741
G1 X142.457 Y87.449 E.06869 U230.713
G1 X143.385 Y87.157 E.06877 U231.686
G1 X144.202 Y86.943 E.0597 U232.53
G1 X144.955 Y86.78 E.05446 U233.301
G1 X145.917 Y86.619 E.06895 U234.276
G1 X146.882 Y86.509 E.06866 U235.248
G1 X147.854 Y86.449 E.06884 U236.221
G1 X148.469 Y86.442 E.04348 U236.836
G1 X148.494 Y86.973 F12000 U237.368
G1 F705.78
G1 X148.693 Y86.971 E.01407 U237.567
G1 X149.439 Y86.994 E.05276 U238.313
G1 X150.385 Y87.068 E.06708 U239.262
G1 X151.321 Y87.192 E.06674 U240.206
G1 X152.257 Y87.365 E.06728 U241.158
G1 X152.854 Y87.503 E.04331 U241.771
G1 X153.772 Y87.757 E.06733 U242.724
G1 X154.667 Y88.057 E.06673 U243.667
G1 X155.545 Y88.403 E.06671 U244.611
G1 X156.406 Y88.796 E.0669 U245.558
G1 X157.135 Y89.172 E.05798 U246.378
G1 X157.783 Y89.543 E.05278 U247.125
G1 X158.582 Y90.052 E.06697 U248.072
G1 X159.351 Y90.6 E.06675 U249.016
G1 X160.09 Y91.188 E.06676 U249.961
G1 X160.797 Y91.813 E.0667 U250.904
G1 X161.476 Y92.481 E.06733 U251.857
G1 X161.894 Y92.929 E.04331 U252.469
G1 X162.512 Y93.653 E.06729 U253.421
G1 X163.087 Y94.402 E.06675 U254.366
G1 X163.626 Y95.187 E.06731 U255.318
G1 X163.951 Y95.706 E.04329 U255.93
G1 X164.42 Y96.535 E.06733 U256.883
G1 X164.841 Y97.38 E.06673 U257.827
G1 X165.099 Y97.973 E.04571 U258.473
G1 X165.331 Y98.539 E.04324 U259.085
G1 X165.593 Y99.281 E.05562 U259.872
G1 X165.869 Y100.183 E.06668 U260.815
G1 X166.097 Y101.099 E.06673 U261.759
G1 X166.277 Y102.025 E.06668 U262.703
G1 X166.408 Y102.96 E.06674 U263.647
G1 X166.491 Y103.9 E.06671 U264.59
M73 P54 R19
G1 X166.528 Y105.315 E.10006 U266.006
G1 X166.486 Y106.258 E.06672 U266.95
G1 X166.395 Y107.206 E.06732 U267.902
G1 X166.31 Y107.812 E.04326 U268.514
G1 X166.135 Y108.757 E.06794 U269.475
G1 X165.997 Y109.354 E.04331 U270.088
G1 X165.743 Y110.272 E.06733 U271.04
G1 X165.443 Y111.167 E.06673 U271.984
G1 X165.094 Y112.053 E.06731 U272.937
G1 X164.845 Y112.612 E.04326 U273.549
G1 X164.42 Y113.465 E.06737 U274.502
G1 X163.955 Y114.286 E.0667 U275.445
G1 X163.448 Y115.082 E.06671 U276.389
G1 X162.9 Y115.851 E.06675 U277.333
G1 X162.312 Y116.59 E.06676 U278.278
G1 X161.687 Y117.297 E.0667 U279.221
G1 X161.019 Y117.976 E.06733 U280.174
G1 X160.571 Y118.394 E.04331 U280.786
G1 X159.847 Y119.012 E.06729 U281.738
G1 X159.098 Y119.587 E.06675 U282.683
G1 X158.32 Y120.122 E.06674 U283.627
G1 X157.508 Y120.619 E.0673 U284.579
G1 X156.972 Y120.916 E.04332 U285.192
G1 X156.12 Y121.341 E.0673 U286.144
G1 X155.246 Y121.721 E.06737 U287.097
G1 X154.675 Y121.94 E.04323 U287.708
G1 X153.772 Y122.243 E.06733 U288.661
G1 X152.862 Y122.495 E.06675 U289.605
G1 X151.94 Y122.699 E.06675 U290.549
G1 X151.009 Y122.855 E.06673 U291.493
G1 X150.071 Y122.962 E.06674 U292.437
G1 X149.129 Y123.019 E.06671 U293.381
G1 X148.185 Y123.028 E.06673 U294.325
G1 X147.234 Y122.986 E.06729 U295.277
G1 X146.624 Y122.933 E.04328 U295.889
G1 X145.679 Y122.808 E.06738 U296.843
G1 X144.743 Y122.635 E.06728 U297.794
G1 X144.146 Y122.497 E.04331 U298.407
G1 X143.228 Y122.243 E.06733 U299.36
G1 X142.333 Y121.943 E.06673 U300.304
CUT
G1 X141.455 Y121.597 E.06671
G1 X140.588 Y121.202 E.06735
G1 X140.043 Y120.924 E.04325
G1 X139.214 Y120.455 E.06733
G1 X138.418 Y119.948 E.06671
G1 X137.649 Y119.4 E.06675
G1 X136.91 Y118.812 E.06676
G1 X136.203 Y118.187 E.0667
G1 X135.524 Y117.519 E.06733
G1 X135.106 Y117.071 E.04331
G1 X134.488 Y116.347 E.06729
G1 X133.913 Y115.598 E.06675
G1 X133.374 Y114.813 E.06731
G1 X133.049 Y114.294 E.04329
G1 X132.58 Y113.465 E.06733
G1 X132.159 Y112.62 E.06673
G1 X131.783 Y111.754 E.06674
G1 X131.452 Y110.87 E.06673
G1 X131.168 Y109.97 E.06671
G1 X130.931 Y109.053 E.06695
G1 X130.766 Y108.25 E.05795
G1 X130.646 Y107.514 E.05271
G1 X130.538 Y106.571 E.06709
G1 X130.481 Y105.629 E.06671
G1 X130.472 Y104.685 E.06673
G1 X130.514 Y103.74 E.06687
G1 X130.59 Y102.923 E.058
G1 X130.691 Y102.184 E.05272
G1 X130.864 Y101.251 E.06708
G1 X131.084 Y100.333 E.06673
G1 X131.352 Y99.428 E.06672
G1 X131.668 Y98.536 E.06689
G1 X131.98 Y97.778 E.05794
G1 X132.292 Y97.1 E.05276
G1 X132.73 Y96.259 E.06703
G1 X133.209 Y95.445 E.06676
G1 X133.73 Y94.658 E.06672
G1 X134.293 Y93.897 E.06691
G1 X134.813 Y93.263 E.05796
G1 X135.31 Y92.706 E.05277
G1 X135.977 Y92.028 E.06723
G1 X136.58 Y91.473 E.05793
G1 X137.15 Y90.99 E.05281
G1 X137.902 Y90.413 E.067
G1 X138.682 Y89.877 E.0669
G1 X139.38 Y89.447 E.05795
G1 X140.031 Y89.082 E.05276
G1 X140.88 Y88.659 E.06705
G1 X141.746 Y88.283 E.06674
G1 X142.63 Y87.952 E.06673
G1 X143.533 Y87.667 E.06694
G1 X144.326 Y87.46 E.05793
G1 X145.055 Y87.302 E.05273
G1 X145.991 Y87.145 E.06709
G1 X146.929 Y87.038 E.06674
G1 X147.873 Y86.98 E.06686
G1 X148.464 Y86.974 E.04178
G1 E-8 F1500
G1 Z3.4 F3000
G1 X151.644 Y87.695 F12000
G1 Z3.2 F3000
G1 E10 F1500
;TYPE:Internal infill
G1 E-30 F1500
G1 Z8.2 F300.0
G1 F12000.0
T0
G1 Z3.2 F300.0
G1 E32.0 F1500
G1 F12000.0
;WIDTH:0.675
G1 F618.478
G1 X149.841 Y87.463 E.14664
G1 X149.151 Y87.905 E.0661
G1 X148.5 Y88.141 E.05586
G1 X147.849 Y88.246 E.05319
G1 X147.199 Y88.212 E.0525
G1 X146.548 Y87.972 E.05597
G1 X146.075 Y87.574 E.04987
G1 X144.29 Y87.92 E.14667
G1 E-8 F1500
G1 Z3.4 F3000
G1 X137.724 Y91.099 F12000
G1 Z3.2 F3000
G1 E10 F1500
G1 F618.478
G1 X136.344 Y92.282 E.14662
G1 X136.79 Y92.706 E.04964
G1 X137.441 Y93.109 E.06176
G1 X138.091 Y93.345 E.05578
G1 X138.742 Y93.45 E.05319
G1 X139.392 Y93.416 E.0525
G1 X140.043 Y93.176 E.05597
G1 X140.693 Y92.63 E.06848
G1 X141.344 Y91.89 E.0795
G1 X141.994 Y91.272 E.07235
G1 X142.645 Y90.869 E.06176
G1 X143.296 Y90.633 E.05586
G1 X143.946 Y90.528 E.05311
G1 X144.597 Y90.561 E.05258
G1 X145.247 Y90.801 E.05589
G1 X145.898 Y91.348 E.06859
G1 X146.548 Y92.088 E.07945
G1 X147.199 Y92.706 E.07241
G1 X147.849 Y93.109 E.06169
G1 X148.5 Y93.345 E.05586
G1 X149.151 Y93.45 E.05319
G1 X149.801 Y93.416 E.0525
G1 X150.452 Y93.176 E.05597
G1 X151.102 Y92.63 E.06848
G1 X151.753 Y91.89 E.0795
G1 X152.403 Y91.272 E.07235
G1 X153.054 Y90.869 E.06176
G1 X153.704 Y90.633 E.05578
G1 X154.355 Y90.528 E.05319
G1 X155.006 Y90.561 E.05258
G1 X155.656 Y90.801 E.05589
G1 X156.307 Y91.348 E.06859
G1 X156.957 Y92.088 E.07945
G1 X157.608 Y92.706 E.07241
G1 X158.258 Y93.109 E.06169
G1 X158.909 Y93.345 E.05586
G1 X159.559 Y93.45 E.05311
G1 X160.21 Y93.416 E.05259
G1 X160.861 Y93.176 E.05597
G1 X161.235 Y92.862 E.03939
G1 X162.173 Y93.928 E.11454
G1 X163.453 Y95.733 E.1785
G1 X162.812 Y95.766 E.05178
G1 X162.162 Y96.006 E.05589
G1 X161.511 Y96.552 E.06854
G1 X160.861 Y97.292 E.07945
G1 X160.21 Y97.91 E.07241
G1 X159.559 Y98.313 E.06176
G1 X158.909 Y98.55 E.05581
G1 X158.258 Y98.655 E.05319
G1 X157.608 Y98.621 E.0525
G1 X156.957 Y98.381 E.05597
G1 X156.307 Y97.834 E.06853
G1 X155.656 Y97.094 E.0795
G1 X155.006 Y96.477 E.07229
G1 X154.355 Y96.073 E.0618
G1 X153.704 Y95.837 E.05586
G1 X153.054 Y95.732 E.05311
G1 X152.403 Y95.766 E.05259
G1 X151.753 Y96.006 E.05589
G1 X151.102 Y96.552 E.06854
G1 X150.452 Y97.292 E.07945
G1 X149.801 Y97.91 E.07241
G1 X149.151 Y98.313 E.06169
G1 X148.5 Y98.55 E.05589
G1 X147.849 Y98.655 E.05319
G1 X147.199 Y98.621 E.0525
G1 X146.548 Y98.381 E.05597
G1 X145.898 Y97.834 E.06853
G1 X145.247 Y97.094 E.0795
G1 X144.597 Y96.477 E.07229
G1 X143.946 Y96.073 E.0618
G1 X143.296 Y95.837 E.05578
G1 X142.645 Y95.732 E.05319
G1 X141.994 Y95.766 E.05259
G1 X141.344 Y96.006 E.05589
G1 X140.693 Y96.552 E.06854
G1 X140.043 Y97.292 E.07945
G1 X139.392 Y97.91 E.07241
G1 X138.742 Y98.313 E.06169
G1 X138.091 Y98.55 E.05589
G1 X137.441 Y98.655 E.05311
G1 X136.79 Y98.621 E.05259
G1 X136.139 Y98.381 E.05597
G1 X135.489 Y97.834 E.06853
G1 X134.838 Y97.094 E.0795
G1 X134.188 Y96.477 E.07229
G1 X133.379 Y96.016 E.07511
G1 X132.531 Y97.624 E.14664
G1 E-8 F1500
G1 Z3.4 F3000
G1 X133.007 Y113.334 F12000
G1 Z3.2 F3000
G1 E10 F1500
G1 F618.478
G1 X132.23 Y111.69 E.14668
G1 X132.887 Y111.45 E.05642
G1 X133.537 Y111.346 E.0531
G1 X134.188 Y111.379 E.05258
G1 X134.838 Y111.619 E.05589
G1 X135.489 Y112.166 E.06859
G1 X136.139 Y112.906 E.07945
G1 X136.79 Y113.523 E.07235
G1 X137.441 Y113.927 E.0618
G1 X138.091 Y114.163 E.05578
G1 X138.742 Y114.268 E.05319
G1 X139.392 Y114.234 E.0525
G1 X140.043 Y113.994 E.05597
G1 X140.693 Y113.448 E.06848
G1 X141.344 Y112.708 E.0795
G1 X141.994 Y112.09 E.07235
G1 X142.645 Y111.687 E.06176
G1 X143.296 Y111.45 E.05589
G1 X143.946 Y111.346 E.0531
G1 X144.597 Y111.379 E.05258
G1 X145.247 Y111.619 E.05589
G1 X145.898 Y112.166 E.06859
G1 X146.548 Y112.906 E.07945
G1 X147.199 Y113.523 E.07235
G1 X147.849 Y113.927 E.06174
G1 X148.5 Y114.163 E.05586
G1 X149.151 Y114.268 E.05319
G1 X149.801 Y114.234 E.0525
G1 X150.452 Y113.994 E.05597
G1 X151.102 Y113.448 E.06848
G1 X151.753 Y112.708 E.0795
G1 X152.403 Y112.09 E.07235
G1 X153.054 Y111.687 E.06176
G1 X153.704 Y111.45 E.05581
G1 X154.355 Y111.346 E.05318
G1 X155.006 Y111.379 E.05258
G1 X155.656 Y111.619 E.05589
G1 X156.307 Y112.166 E.06859
G1 X156.957 Y112.906 E.07945
G1 X157.608 Y113.523 E.07235
G1 X158.258 Y113.927 E.06174
G1 X158.909 Y114.163 E.05586
G1 X159.559 Y114.268 E.05311
G1 X160.21 Y114.234 E.05259
G1 X160.861 Y113.994 E.05597
G1 X161.511 Y113.448 E.06848
G1 X162.162 Y112.708 E.0795
G1 X162.812 Y112.09 E.07235
G1 X163.463 Y111.687 E.06176
G1 X164.113 Y111.45 E.05581
G1 X164.901 Y111.353 E.06404
G1 X165.574 Y109.246 E.17842
G1 X165.931 Y107.376 E.15357
G1 X165.415 Y106.885 E.05746
G1 X164.764 Y106.482 E.06176
G1 X164.113 Y106.246 E.05586
G1 X163.463 Y106.141 E.05311
G1 X162.812 Y106.175 E.05259
G1 X162.162 Y106.415 E.05589
G1 X161.511 Y106.961 E.06854
G1 X160.861 Y107.701 E.07945
G1 X160.21 Y108.319 E.07241
G1 X159.559 Y108.722 E.06176
G1 X158.909 Y108.958 E.05578
G1 X158.258 Y109.063 E.05319
G1 X157.608 Y109.03 E.0525
G1 X156.957 Y108.79 E.05597
G1 X156.307 Y108.243 E.06853
G1 X155.656 Y107.503 E.0795
G1 X155.006 Y106.885 E.07235
G1 X154.355 Y106.482 E.06176
G1 X153.704 Y106.246 E.05586
G1 X153.054 Y106.141 E.05311
G1 X152.403 Y106.175 E.05259
G1 X151.753 Y106.415 E.05589
G1 X151.102 Y106.961 E.06854
G1 X150.452 Y107.701 E.07945
G1 X149.801 Y108.319 E.07241
G1 X149.151 Y108.722 E.06169
G1 X148.5 Y108.958 E.05586
G1 X147.849 Y109.063 E.05319
G1 X147.199 Y109.03 E.0525
G1 X146.548 Y108.79 E.05597
G1 X145.898 Y108.243 E.06853
G1 X145.247 Y107.503 E.0795
G1 X144.597 Y106.885 E.07235
G1 X143.946 Y106.482 E.06176
G1 X143.296 Y106.246 E.05578
G1 X142.645 Y106.141 E.05319
G1 X141.994 Y106.175 E.05259
G1 X141.344 Y106.415 E.05589
G1 X140.693 Y106.961 E.06854
G1 X140.043 Y107.701 E.07945
G1 X139.392 Y108.319 E.07241
G1 X138.742 Y108.722 E.06169
G1 X138.091 Y108.958 E.05586
G1 X137.441 Y109.063 E.05311
G1 X136.79 Y109.03 E.05258
G1 X136.139 Y108.79 E.05597
M73 P55 R19
G1 X135.489 Y108.243 E.06853
G1 X134.838 Y107.503 E.0795
G1 X134.188 Y106.885 E.07235
G1 X133.537 Y106.482 E.06176
G1 X132.887 Y106.246 E.05578
G1 X132.236 Y106.141 E.05319
G1 X131.585 Y106.175 E.05259
G1 X130.965 Y106.404 E.05332
G1 X130.908 Y104.693 E.1381
G1 X130.949 Y103.77 E.07453
G1 X131.151 Y102.094 E.13617
G1 X131.585 Y101.681 E.04833
G1 X132.236 Y101.278 E.06176
G1 X132.887 Y101.042 E.05586
G1 X133.537 Y100.937 E.05311
G1 X134.188 Y100.97 E.05258
G1 X134.838 Y101.21 E.05589
G1 X135.489 Y101.757 E.06859
G1 X136.139 Y102.497 E.07945
G1 X136.79 Y103.115 E.07241
G1 X137.441 Y103.518 E.06176
G1 X138.091 Y103.754 E.05578
G1 X138.742 Y103.859 E.05319
G1 X139.392 Y103.825 E.0525
G1 X140.043 Y103.585 E.05597
G1 X140.693 Y103.039 E.06848
G1 X141.344 Y102.299 E.0795
G1 X141.994 Y101.681 E.07235
G1 X142.645 Y101.278 E.06176
G1 X143.296 Y101.042 E.05586
G1 X143.946 Y100.937 E.05311
G1 X144.597 Y100.97 E.05258
G1 X145.247 Y101.21 E.05589
G1 X145.898 Y101.757 E.06859
G1 X146.548 Y102.497 E.07945
G1 X147.199 Y103.115 E.07241
G1 X147.849 Y103.518 E.06169
G1 X148.5 Y103.754 E.05586
G1 X149.151 Y103.859 E.05319
G1 X149.801 Y103.825 E.0525
G1 X150.452 Y103.585 E.05597
G1 X151.102 Y103.039 E.06848
G1 X151.753 Y102.299 E.0795
G1 X152.403 Y101.681 E.07235
G1 X153.054 Y101.278 E.06176
G1 X153.704 Y101.042 E.05578
G1 X154.355 Y100.937 E.05319
G1 X155.006 Y100.97 E.05258
G1 X155.656 Y101.21 E.05589
G1 X156.307 Y101.757 E.06859
G1 X156.957 Y102.497 E.07945
G1 X157.608 Y103.115 E.07241
G1 X158.258 Y103.518 E.06169
G1 X158.909 Y103.754 E.05586
G1 X159.559 Y103.859 E.05311
G1 X160.21 Y103.825 E.05259
G1 X160.861 Y103.585 E.05597
G1 X161.511 Y103.039 E.06848
G1 X162.162 Y102.299 E.0795
G1 X162.812 Y101.681 E.07235
G1 X163.463 Y101.278 E.06176
G1 X164.113 Y101.042 E.05578
G1 X164.764 Y100.937 E.05319
G1 X165.415 Y100.97 E.05258
G1 X165.64 Y101.054 E.01937
G1 X165.956 Y102.844 E.14663
G1 E-8 F1500
G1 Z3.4 F3000
G1 X157.027 Y120.387 F12000
G1 Z3.2 F3000
G1 E10 F1500
G1 F618.478
G1 X158.567 Y119.422 E.1466
G1 X158.258 Y119.472 E.02525
G1 X157.608 Y119.439 E.0525
G1 X156.957 Y119.199 E.05597
G1 X156.307 Y118.652 E.06853
G1 X155.656 Y117.912 E.0795
G1 X155.006 Y117.294 E.07235
G1 X154.355 Y116.891 E.06176
G1 X153.704 Y116.655 E.05586
G1 X153.054 Y116.55 E.05311
G1 X152.403 Y116.584 E.05259
G1 X151.753 Y116.824 E.05589
G1 X151.102 Y117.37 E.06854
G1 X150.452 Y118.11 E.07945
G1 X149.801 Y118.728 E.07241
G1 X149.151 Y119.131 E.06169
G1 X148.5 Y119.367 E.05586
G1 X147.849 Y119.472 E.05319
G1 X147.199 Y119.439 E.0525
G1 X146.548 Y119.199 E.05597
G1 X145.898 Y118.652 E.06853
G1 X145.247 Y117.912 E.0795
G1 X144.597 Y117.294 E.07235
G1 X143.946 Y116.891 E.06176
G1 X143.296 Y116.655 E.05578
G1 X142.645 Y116.55 E.05319
G1 X141.994 Y116.584 E.05259
G1 X141.344 Y116.824 E.05589
G1 X140.693 Y117.37 E.06854
G1 X140.043 Y118.11 E.07945
G1 X139.392 Y118.728 E.07241
G1 X138.742 Y119.131 E.06169
G1 X138.266 Y119.304 E.04085
G1 X139.797 Y120.284 E.14663
G1 E-8 F1500
G1 Z3.4 F3000
G1 X141.7 Y121.225 F12000
G1 Z3.2 F3000
G1 E10 F1500
G1 F618.478
G1 X143.411 Y121.841 E.14669
G1 X143.946 Y121.754 E.04372
G1 X144.597 Y121.788 E.05259
G1 X145.247 Y122.028 E.05589
G1 X145.639 Y122.358 E.04133
G1 X147.446 Y122.559 E.14666
;LAYER_CHANGE
;Z:3.52
;HEIGHT:0.32

G1 E-8 F1500
G1 Z3.52 F3000
;AFTER_LAYER_CHANGE
;3.52
G92 E0
_ON_LAYER_CHANGE LAYER=11
G1 Z3.72
G1 X148.508 Y85.342 F12000
G1 Z3.52 F3000
G1 E10 F1500
;TYPE:External perimeter
;WIDTH:0.675
G1 F618.478
G1 X148.731 Y85.34 E.01799
G1 X149.528 Y85.364 E.06432
G1 X150.555 Y85.445 E.0831
G1 X151.576 Y85.58 E.08308
G1 X152.588 Y85.767 E.08302
G1 X153.481 Y85.98 E.07406
G1 X154.248 Y86.196 E.06428
G1 X155.225 Y86.523 E.08311
G1 X156.183 Y86.901 E.08308
G1 X157.12 Y87.328 E.08306
G1 X157.934 Y87.749 E.07392
G1 X158.626 Y88.146 E.06435
G1 X159.495 Y88.699 E.08309
G1 X160.333 Y89.297 E.08304
G1 X161.139 Y89.938 E.08307
G1 X161.91 Y90.62 E.08303
G1 X162.645 Y91.342 E.08311
G1 X163.111 Y91.842 E.05513
G1 X163.781 Y92.626 E.08319
G1 X164.407 Y93.443 E.08303
G1 X164.99 Y94.291 E.08301
G1 X165.528 Y95.169 E.08306
G1 X166.02 Y96.075 E.08316
G1 X166.32 Y96.689 E.05512
G1 X166.731 Y97.636 E.08327
G1 X166.976 Y98.274 E.05513
G1 X167.303 Y99.251 E.08311
G1 X167.578 Y100.243 E.08304
G1 X167.801 Y101.248 E.08304
G1 X167.971 Y102.264 E.0831
G1 X168.088 Y103.286 E.08298
G1 X168.15 Y104.314 E.08308
G1 X168.159 Y105.343 E.08301
G1 X168.114 Y106.372 E.08308
G1 X168.016 Y107.398 E.08314
G1 X167.921 Y108.074 E.05507
G1 X167.732 Y109.089 E.08328
G1 X167.579 Y109.755 E.05512
G1 X167.303 Y110.749 E.08322
G1 X166.977 Y111.725 E.08301
G1 X166.599 Y112.684 E.08315
G1 X166.321 Y113.308 E.05511
G1 X165.861 Y114.231 E.08319
G1 X165.354 Y115.127 E.08305
G1 X164.801 Y115.995 E.08302
G1 X164.203 Y116.833 E.08304
G1 X163.562 Y117.639 E.08307
G1 X162.88 Y118.41 E.08303
G1 X162.158 Y119.145 E.08311
G1 X161.658 Y119.611 E.05513
G1 X160.874 Y120.281 E.08319
G1 X160.057 Y120.907 E.08303
G1 X159.209 Y121.49 E.08301
G1 X158.331 Y122.028 E.08306
G1 X157.425 Y122.52 E.08316
G1 X156.811 Y122.82 E.05512
G1 X155.864 Y123.231 E.08327
G1 X155.226 Y123.476 E.05513
G1 X154.249 Y123.803 E.08311
G1 X153.257 Y124.078 E.08304
G1 X152.252 Y124.301 E.08304
G1 X151.236 Y124.471 E.0831
G1 X150.214 Y124.588 E.08298
G1 X149.186 Y124.65 E.08308
G1 X148.157 Y124.659 E.08301
G1 X147.127 Y124.614 E.08317
G1 X146.446 Y124.555 E.05514
G1 X145.424 Y124.42 E.08316
G1 X144.411 Y124.232 E.08311
G1 X143.745 Y124.079 E.05512
G1 X142.751 Y123.803 E.08322
G1 X141.775 Y123.477 E.08301
G1 X140.817 Y123.099 E.08308
G1 X139.881 Y122.672 E.08299
G1 X138.967 Y122.197 E.08309
G1 X138.08 Y121.674 E.08306
G1 X137.314 Y121.17 E.07397
G1 X136.668 Y120.704 E.06425
G1 X135.861 Y120.062 E.08318
G1 X135.09 Y119.38 E.08303
G1 X134.355 Y118.658 E.08311
G1 X133.889 Y118.158 E.05513
G1 X133.219 Y117.374 E.08319
G1 X132.593 Y116.557 E.08303
G1 X132.009 Y115.708 E.08312
G1 X131.647 Y115.128 E.05515
G1 X131.139 Y114.231 E.08316
G1 X130.68 Y113.31 E.08301
G1 X130.269 Y112.366 E.08305
G1 X129.909 Y111.401 E.08308
G1 X129.599 Y110.42 E.08299
G1 X129.341 Y109.423 E.08307
G1 X129.157 Y108.525 E.07394
G1 X129.029 Y107.737 E.0644
G1 X128.912 Y106.714 E.08306
G1 X128.85 Y105.686 E.08308
G1 X128.841 Y104.657 E.08301
G1 X128.886 Y103.628 E.08308
G1 X128.971 Y102.715 E.07397
G1 X129.08 Y101.925 E.06433
G1 X129.268 Y100.911 E.08319
G1 X129.421 Y100.245 E.05512
G1 X129.697 Y99.251 E.08322
G1 X130.023 Y98.275 E.08301
G1 X130.401 Y97.317 E.08308
G1 X130.828 Y96.381 E.08299
G1 X131.303 Y95.467 E.08309
G1 X131.826 Y94.58 E.08306
G1 X132.33 Y93.814 E.07397
G1 X132.796 Y93.168 E.06425
G1 X133.438 Y92.361 E.08318
G1 X134.12 Y91.59 E.08303
G1 X134.842 Y90.856 E.08305
G1 X135.516 Y90.235 E.07393
G1 X136.125 Y89.72 E.06434
G1 X136.943 Y89.093 E.08314
G1 X137.791 Y88.51 E.08301
G1 X138.669 Y87.972 E.08306
G1 X139.474 Y87.532 E.074
G1 X140.19 Y87.18 E.06436
G1 X141.134 Y86.769 E.08305
G1 X142.098 Y86.409 E.08301
G1 X143.081 Y86.099 E.08314
G1 X143.968 Y85.868 E.07394
G1 X144.747 Y85.699 E.0643
G1 X145.764 Y85.529 E.08318
G1 X146.786 Y85.412 E.08298
G1 X147.814 Y85.35 E.08308
G1 X148.478 Y85.342 E.05357
G1 X149.078 Y85.351 F12000
G1 X148.503 Y85.911
;TYPE:Perimeter
G1 E-30 F1500
G1 Z8.52 F300.0
G1 F12000.0
T1
G1 Z3.52 F300.0
PRIME_FIBRE
G1 E45.0 F1500
G1 F12000.0
;WIDTH:0.6
G1 F705.78
G1 X148.725 Y85.909 E.01569
G1 X149.497 Y85.933 E.0546 U0.772
G1 X150.496 Y86.011 E.07083 U1.774
G1 X151.487 Y86.142 E.07066 U2.774
G1 X152.471 Y86.324 E.07074 U3.775
G1 X153.337 Y86.53 E.06292 U4.665
G1 X154.08 Y86.74 E.05458 U5.437
G1 X155.03 Y87.058 E.07082 U6.439
G1 X155.96 Y87.424 E.07065 U7.438
G1 X156.871 Y87.839 E.07076 U8.439
G1 X157.662 Y88.249 E.06298 U9.33
G1 X158.332 Y88.633 E.05459 U10.102
G1 X159.177 Y89.171 E.07081 U11.104
G1 X159.991 Y89.751 E.07065 U12.104
G1 X160.773 Y90.374 E.07068 U13.104
G1 X161.522 Y91.036 E.07066 U14.103
G1 X162.237 Y91.739 E.07088 U15.106
G1 X162.687 Y92.221 E.04661 U15.765
G1 X163.338 Y92.984 E.0709 U16.768
G1 X163.947 Y93.777 E.07068 U17.768
G1 X164.513 Y94.601 E.07066 U18.768
G1 X165.035 Y95.453 E.07063 U19.767
G1 X165.514 Y96.335 E.07095 U20.771
G1 X165.803 Y96.927 E.04657 U21.429
G1 X166.205 Y97.851 E.07123 U22.437
G1 X166.6 Y98.944 E.08215 U23.599
G1 X166.893 Y99.899 E.07061 U24.598
M73 P56 R19
G1 X167.134 Y100.869 E.07065 U25.598
G1 X167.325 Y101.85 E.07065 U26.597
G1 X167.464 Y102.839 E.0706 U27.596
G1 X167.551 Y103.835 E.07067 U28.596
G1 X167.59 Y105.333 E.10593 U30.094
G1 X167.547 Y106.332 E.07068 U31.094
G1 X167.451 Y107.331 E.07094 U32.098
G1 X167.359 Y107.983 E.04655 U32.756
G1 X167.175 Y108.974 E.07125 U33.764
G1 X167.027 Y109.615 E.0465 U34.422
G1 X166.759 Y110.582 E.07093 U35.425
G1 X166.442 Y111.53 E.07066 U36.425
G1 X166.074 Y112.464 E.07096 U37.429
G1 X165.806 Y113.066 E.04658 U38.088
G1 X165.358 Y113.964 E.07094 U39.091
G1 X164.866 Y114.834 E.07065 U40.091
G1 X164.329 Y115.677 E.07065 U41.09
G1 X163.749 Y116.491 E.07065 U42.09
G1 X163.126 Y117.273 E.07068 U43.09
G1 X162.464 Y118.022 E.07066 U44.089
G1 X161.761 Y118.737 E.07088 U45.092
G1 X161.279 Y119.187 E.04661 U45.751
M73 P56 R18
G1 X160.516 Y119.838 E.0709 U46.754
G1 X159.723 Y120.447 E.07068 U47.754
G1 X158.899 Y121.013 E.07066 U48.754
G1 X158.047 Y121.535 E.07063 U49.753
G1 X157.165 Y122.014 E.07095 U50.757
G1 X156.573 Y122.303 E.04657 U51.416
G1 X155.649 Y122.705 E.07123 U52.423
G1 X155.034 Y122.941 E.04656 U53.082
G1 X154.082 Y123.259 E.07095 U54.086
G1 X153.119 Y123.526 E.07064 U55.085
G1 X152.143 Y123.743 E.07068 U56.085
G1 X151.157 Y123.908 E.07067 U57.085
G1 X150.164 Y124.021 E.07065 U58.084
G1 X149.166 Y124.082 E.07068 U59.084
G1 X148.167 Y124.09 E.07062 U60.083
G1 X147.164 Y124.047 E.07097 U61.087
G1 X146.508 Y123.989 E.04655 U61.745
G1 X145.513 Y123.858 E.07094 U62.749
G1 X144.526 Y123.675 E.07096 U63.753
G1 X143.885 Y123.527 E.0465 U64.411
G1 X142.918 Y123.259 E.07093 U65.414
G1 X141.97 Y122.942 E.07066 U66.414
G1 X141.04 Y122.576 E.07065 U67.413
G1 X140.13 Y122.161 E.0707 U68.413
G1 X139.243 Y121.699 E.0707 U69.413
G1 X138.381 Y121.192 E.07069 U70.413
G1 X137.637 Y120.702 E.06297 U71.304
G1 X137.011 Y120.25 E.05458 U72.076
G1 X136.227 Y119.626 E.07083 U73.078
G1 X135.478 Y118.964 E.07066 U74.078
G1 X134.763 Y118.261 E.07088 U75.081
G1 X134.313 Y117.779 E.04661 U75.74
G1 X133.662 Y117.016 E.0709 U76.743
G1 X133.053 Y116.223 E.07068 U77.743
G1 X132.485 Y115.396 E.07092 U78.746
G1 X132.136 Y114.837 E.04658 U79.405
G1 X131.642 Y113.964 E.07091 U80.408
G1 X131.196 Y113.069 E.07069 U81.408
G1 X130.797 Y112.152 E.07069 U82.408
G1 X130.447 Y111.216 E.07064 U83.408
G1 X130.146 Y110.263 E.07065 U84.407
G1 X129.896 Y109.294 E.07074 U85.408
G1 X129.716 Y108.422 E.06294 U86.298
G1 X129.593 Y107.66 E.05456 U87.07
G1 X129.479 Y106.664 E.07086 U88.073
G1 X129.418 Y105.666 E.07068 U89.072
G1 X129.41 Y104.667 E.07062 U90.071
G1 X129.453 Y103.667 E.07075 U91.072
G1 X129.537 Y102.78 E.06298 U91.963
G1 X129.641 Y102.015 E.05457 U92.735
G1 X129.825 Y101.026 E.07111 U93.741
G1 X129.973 Y100.385 E.0465 U94.399
G1 X130.241 Y99.418 E.07093 U95.403
G1 X130.558 Y98.47 E.07066 U96.402
G1 X130.924 Y97.54 E.07065 U97.402
G1 X131.339 Y96.63 E.0707 U98.402
G1 X131.801 Y95.743 E.0707 U99.402
G1 X132.308 Y94.881 E.07069 U100.402
G1 X132.798 Y94.137 E.06297 U101.293
G1 X133.25 Y93.511 E.05458 U102.065
G1 X133.874 Y92.727 E.07083 U103.067
G1 X134.536 Y91.978 E.07066 U104.067
G1 X135.237 Y91.265 E.07068 U105.067
G1 X135.893 Y90.661 E.06303 U105.958
G1 X136.482 Y90.163 E.05452 U106.73
G1 X137.277 Y89.553 E.07083 U107.732
G1 X138.101 Y88.987 E.07066 U108.731
G1 X138.954 Y88.464 E.07073 U109.732
G1 X139.736 Y88.037 E.06298 U110.623
G1 X140.429 Y87.696 E.0546 U111.395
G1 X141.348 Y87.297 E.07082 U112.397
G1 X142.284 Y86.947 E.07064 U113.396
G1 X143.238 Y86.646 E.07071 U114.397
G1 X144.1 Y86.421 E.06297 U115.288
G1 X144.855 Y86.258 E.0546 U116.06
G1 X145.843 Y86.092 E.07082 U117.062
G1 X146.836 Y85.979 E.07065 U118.061
G1 X147.835 Y85.918 E.07075 U119.062
G1 X148.473 Y85.911 E.0451 U119.7
G1 X148.499 Y86.442 F12000 U120.232
G1 F705.78
G1 X148.72 Y86.44 E.01562 U120.453
G1 X149.468 Y86.463 E.0529 U121.201
G1 X150.44 Y86.54 E.06892 U122.176
G1 X151.404 Y86.667 E.06873 U123.149
G1 X152.361 Y86.844 E.0688 U124.122
G1 X153.204 Y87.044 E.06124 U124.988
G1 X153.924 Y87.248 E.0529 U125.736
G1 X154.849 Y87.558 E.06896 U126.712
G1 X155.753 Y87.914 E.06868 U127.684
G1 X156.638 Y88.317 E.06874 U128.656
G1 X157.408 Y88.716 E.0613 U129.523
G1 X158.057 Y89.087 E.05284 U130.271
G1 X158.88 Y89.612 E.06901 U131.247
G1 X159.671 Y90.176 E.06867 U132.219
G1 X160.431 Y90.781 E.06867 U133.19
G1 X161.159 Y91.425 E.06871 U134.162
G1 X161.857 Y92.11 E.06913 U135.14
G1 X162.29 Y92.575 E.04491 U135.775
G1 X162.925 Y93.319 E.06914 U136.753
G1 X163.517 Y94.09 E.06871 U137.725
G1 X164.067 Y94.891 E.06868 U138.697
G1 X164.575 Y95.719 E.06867 U139.669
G1 X165.042 Y96.579 E.06918 U140.647
G1 X165.32 Y97.15 E.04489 U141.282
G1 X165.586 Y97.761 E.04711 U141.949
G1 X165.827 Y98.349 E.04492 U142.584
G1 X166.097 Y99.112 E.05721 U143.393
G1 X166.381 Y100.041 E.06867 U144.365
G1 X166.616 Y100.984 E.0687 U145.337
G1 X166.801 Y101.937 E.06862 U146.308
G1 X166.936 Y102.899 E.06867 U147.279
G1 X167.021 Y103.867 E.06869 U148.251
G1 X167.059 Y105.324 E.10303 U149.708
G1 X167.017 Y106.295 E.0687 U150.68
G1 X166.923 Y107.268 E.0691 U151.658
G1 X166.834 Y107.898 E.04498 U152.294
G1 X166.655 Y108.865 E.06952 U153.277
G1 X166.512 Y109.485 E.04498 U153.914
G1 X166.251 Y110.427 E.0691 U154.891
G1 X165.942 Y111.349 E.06874 U155.863
G1 X165.584 Y112.259 E.06912 U156.841
G1 X165.326 Y112.839 E.04487 U157.476
G1 X164.889 Y113.714 E.06914 U158.454
G1 X164.411 Y114.56 E.06869 U159.426
G1 X163.888 Y115.38 E.06875 U160.398
G1 X163.324 Y116.171 E.06867 U161.37
G1 X162.719 Y116.931 E.06867 U162.341
G1 X162.075 Y117.659 E.06871 U163.313
G1 X161.39 Y118.357 E.06913 U164.291
G1 X160.925 Y118.79 E.04491 U164.927
G1 X160.181 Y119.425 E.06914 U165.905
G1 X159.41 Y120.017 E.06871 U166.877
G1 X158.609 Y120.567 E.06868 U167.849
G1 X157.781 Y121.075 E.06867 U168.82
G1 X156.921 Y121.542 E.06918 U169.799
G1 X156.35 Y121.82 E.04489 U170.434
G1 X155.448 Y122.213 E.06955 U171.418
G1 X154.854 Y122.44 E.04495 U172.053
G1 X153.927 Y122.751 E.06912 U173.031
G1 X152.991 Y123.01 E.06865 U174.002
G1 X152.042 Y123.221 E.06872 U174.975
G1 X151.083 Y123.381 E.06873 U175.947
G1 X150.118 Y123.491 E.06866 U176.918
G1 X149.148 Y123.551 E.0687 U177.89
G1 X148.176 Y123.559 E.06871 U178.862
G1 X147.199 Y123.516 E.06913 U179.84
G1 X146.566 Y123.461 E.04491 U180.475
G1 X145.596 Y123.333 E.06916 U181.454
G1 X144.635 Y123.155 E.06909 U182.431
G1 X144.016 Y123.012 E.04491 U183.066
G1 X143.073 Y122.751 E.06916 U184.045
G1 X142.151 Y122.442 E.06874 U185.017
G1 X141.247 Y122.086 E.06868 U185.989
G1 X140.363 Y121.683 E.06868 U186.96
G1 X139.501 Y121.235 E.06867 U187.932
G1 X138.662 Y120.741 E.06882 U188.905
G1 X137.939 Y120.264 E.06123 U189.772
G1 X137.332 Y119.826 E.05291 U190.52
G1 X136.569 Y119.219 E.06892 U191.495
G1 X135.841 Y118.575 E.06871 U192.467
G1 X135.143 Y117.89 E.06913 U193.445
G1 X134.71 Y117.425 E.04491 U194.08
G1 X134.075 Y116.681 E.06914 U195.059
G1 X133.483 Y115.91 E.06871 U196.031
G1 X132.929 Y115.104 E.06914 U197.009
G1 X132.592 Y114.566 E.04488 U197.644
G1 X132.111 Y113.714 E.06916 U198.622
G1 X131.677 Y112.845 E.06866 U199.593
G1 X131.29 Y111.953 E.06873 U200.566
G1 X130.949 Y111.043 E.06869 U201.537
G1 X130.657 Y110.116 E.0687 U202.509
G1 X130.414 Y109.174 E.06877 U203.482
G1 X130.239 Y108.326 E.06121 U204.348
G1 X130.119 Y107.587 E.05292 U205.097
G1 X130.009 Y106.618 E.06894 U206.072
G1 X129.949 Y105.648 E.0687 U207.044
G1 X129.941 Y104.676 E.06871 U208.016
G1 X129.983 Y103.704 E.06877 U208.989
G1 X130.065 Y102.841 E.06128 U209.856
G1 X130.166 Y102.1 E.05286 U210.603
G1 X130.345 Y101.135 E.06938 U211.585
G1 X130.488 Y100.516 E.04491 U212.22
G1 X130.749 Y99.573 E.06916 U213.199
G1 X131.058 Y98.651 E.06874 U214.171
G1 X131.414 Y97.747 E.06868 U215.143
G1 X131.817 Y96.863 E.06868 U216.114
G1 X132.265 Y96.001 E.06867 U217.086
G1 X132.759 Y95.162 E.06882 U218.059
G1 X133.236 Y94.439 E.06123 U218.925
G1 X133.674 Y93.832 E.05291 U219.674
G1 X134.281 Y93.069 E.06892 U220.649
G1 X134.925 Y92.341 E.06871 U221.621
G1 X135.607 Y91.647 E.06878 U222.594
G1 X136.244 Y91.06 E.06123 U223.46
G1 X136.816 Y90.577 E.05292 U224.209
G1 X137.59 Y89.983 E.06897 U225.184
G1 X138.39 Y89.433 E.06863 U226.155
G1 X139.22 Y88.924 E.06882 U227.129
G1 X139.981 Y88.509 E.06127 U227.996
G1 X140.652 Y88.179 E.05286 U228.743
G1 X141.547 Y87.79 E.06898 U229.719
G1 X142.457 Y87.449 E.06869 U230.691
G1 X143.385 Y87.157 E.06877 U231.664
G1 X144.223 Y86.938 E.06123 U232.53
G1 X144.955 Y86.78 E.05294 U233.279
G1 X145.917 Y86.619 E.06895 U234.254
G1 X146.882 Y86.509 E.06866 U235.226
G1 X147.854 Y86.449 E.06884 U236.199
G1 X148.469 Y86.443 E.04348 U236.815
G1 X148.494 Y86.974 F12000 U237.346
G1 F705.78
G1 X148.714 Y86.971 E.01555 U237.566
G1 X149.439 Y86.994 E.05127 U238.291
G1 X150.385 Y87.068 E.06708 U239.24
G1 X151.321 Y87.192 E.06674 U240.185
G1 X152.251 Y87.364 E.06685 U241.13
G1 X153.07 Y87.559 E.05951 U241.972
G1 X153.767 Y87.756 E.0512 U242.697
G1 X154.667 Y88.057 E.06708 U243.646
G1 X155.545 Y88.403 E.06671 U244.589
G1 X156.406 Y88.795 E.06687 U245.535
G1 X157.153 Y89.182 E.05947 U246.377
G1 X157.782 Y89.542 E.05123 U247.101
G1 X158.582 Y90.052 E.06706 U248.05
G1 X159.351 Y90.6 E.06675 U248.994
G1 X160.09 Y91.188 E.06676 U249.939
G1 X160.797 Y91.813 E.0667 U250.882
G1 X161.476 Y92.481 E.06733 U251.835
G1 X161.894 Y92.929 E.04331 U252.448
G1 X162.512 Y93.653 E.06729 U253.399
G1 X163.087 Y94.402 E.06675 U254.344
G1 X163.622 Y95.18 E.06674 U255.288
G1 X164.115 Y95.985 E.06673 U256.232
G1 X164.569 Y96.822 E.06731 U257.184
G1 X164.838 Y97.372 E.04328 U257.796
G1 X165.099 Y97.973 E.04632 U258.452
G1 X165.331 Y98.539 E.04324 U259.063
G1 X165.593 Y99.281 E.05562 U259.85
G1 X165.869 Y100.183 E.06668 U260.793
G1 X166.097 Y101.099 E.06673 U261.737
G1 X166.277 Y102.025 E.06668 U262.681
G1 X166.408 Y102.96 E.06674 U263.625
G1 X166.491 Y103.9 E.06671 U264.569
G1 X166.528 Y105.315 E.10006 U265.984
G1 X166.486 Y106.258 E.06672 U266.928
G1 X166.395 Y107.206 E.06732 U267.88
G1 X166.31 Y107.812 E.04326 U268.492
G1 X166.135 Y108.757 E.06794 U269.453
G1 X165.997 Y109.354 E.04331 U270.066
G1 X165.743 Y110.272 E.06733 U271.019
G1 X165.443 Y111.167 E.06673 U271.962
G1 X165.094 Y112.053 E.06731 U272.915
G1 X164.845 Y112.612 E.04326 U273.527
G1 X164.42 Y113.465 E.06737 U274.48
G1 X163.955 Y114.286 E.0667 U275.423
G1 X163.448 Y115.082 E.06671 U276.367
G1 X162.9 Y115.851 E.06675 U277.311
G1 X162.312 Y116.59 E.06676 U278.256
G1 X161.687 Y117.297 E.0667 U279.199
G1 X161.019 Y117.976 E.06733 U280.152
G1 X160.571 Y118.394 E.04331 U280.765
G1 X159.847 Y119.012 E.06729 U281.716
G1 X159.098 Y119.587 E.06675 U282.661
G1 X158.32 Y120.122 E.06674 U283.605
G1 X157.515 Y120.615 E.06673 U284.549
G1 X156.678 Y121.069 E.06731 U285.501
G1 X156.128 Y121.338 E.04328 U286.113
G1 X155.246 Y121.721 E.06797 U287.075
G1 X154.675 Y121.94 E.04323 U287.686
G1 X153.772 Y122.243 E.06733 U288.639
G1 X152.862 Y122.495 E.06675 U289.583
G1 X151.94 Y122.699 E.06675 U290.527
G1 X151.009 Y122.855 E.06673 U291.471
G1 X150.071 Y122.962 E.06674 U292.416
G1 X149.129 Y123.019 E.06671 U293.359
G1 X148.185 Y123.028 E.06673 U294.303
G1 X147.234 Y122.986 E.06729 U295.255
G1 X146.624 Y122.933 E.04328 U295.868
G1 X145.679 Y122.808 E.06738 U296.821
G1 X144.743 Y122.635 E.06728 U297.773
G1 X144.146 Y122.497 E.04331 U298.385
G1 X143.228 Y122.243 E.06733 U299.338
G1 X142.333 Y121.943 E.06673 U300.282
CUT
G1 X141.455 Y121.597 E.06671
G1 X140.596 Y121.206 E.06672
G1 X139.759 Y120.77 E.06671
G1 X138.944 Y120.29 E.06686
G1 X138.241 Y119.826 E.05954
G1 X137.653 Y119.403 E.0512
G1 X136.91 Y118.812 E.06711
G1 X136.203 Y118.187 E.0667
G1 X135.524 Y117.519 E.06733
G1 X135.106 Y117.071 E.04331
G1 X134.488 Y116.347 E.06729
G1 X133.913 Y115.598 E.06675
G1 X133.374 Y114.813 E.06731
G1 X133.049 Y114.294 E.04329
G1 X132.58 Y113.465 E.06733
G1 X132.159 Y112.62 E.06673
G1 X131.783 Y111.754 E.06674
G1 X131.452 Y110.87 E.06673
G1 X131.168 Y109.97 E.06671
G1 X130.931 Y109.054 E.06688
G1 X130.762 Y108.229 E.05953
G1 X130.646 Y107.514 E.0512
G1 X130.538 Y106.571 E.06709
G1 X130.481 Y105.629 E.06671
G1 X130.472 Y104.685 E.06673
G1 X130.514 Y103.74 E.06687
G1 X130.593 Y102.902 E.0595
G1 X130.691 Y102.184 E.05122
G1 X130.865 Y101.243 E.06765
G1 X131.003 Y100.646 E.04331
G1 X131.257 Y99.728 E.06733
G1 X131.557 Y98.833 E.06673
G1 X131.903 Y97.955 E.06671
M73 P57 R18

G1 X132.294 Y97.096 E.06672
G1 X132.73 Y96.259 E.06671
G1 X133.21 Y95.444 E.06686
G1 X133.674 Y94.741 E.05954
G1 X134.097 Y94.153 E.0512
G1 X134.688 Y93.41 E.06711
G1 X135.313 Y92.703 E.0667
G1 X135.977 Y92.029 E.06688
G1 X136.596 Y91.459 E.05948
G1 X137.149 Y90.991 E.05121
G1 X137.902 Y90.413 E.0671
G1 X138.68 Y89.878 E.06674
G1 X139.487 Y89.384 E.06688
G1 X140.225 Y88.981 E.05944
G1 X140.876 Y88.661 E.05128
G1 X141.746 Y88.283 E.06705
G1 X142.63 Y87.952 E.06673
G1 X143.532 Y87.667 E.06687
G1 X144.347 Y87.455 E.05953
G1 X145.055 Y87.302 E.0512
G1 X145.991 Y87.145 E.06709
G1 X146.929 Y87.038 E.06674
G1 X147.873 Y86.981 E.06685
G1 X148.464 Y86.974 E.04178
G1 E-8 F1500
G1 Z3.72 F3000
G1 X150.695 Y88.161 F12000
G1 Z3.52 F3000
G1 E10 F1500
;TYPE:Internal infill
G1 E-30 F1500
G1 Z8.52 F300.0
G1 F12000.0
T0
G1 Z3.52 F300.0
G1 E32.0 F1500
G1 F12000.0
;WIDTH:0.675
G1 F618.478
G1 X148.883 Y88.024 E.14658
G1 X148.5 Y88.219 E.03467
G1 X147.849 Y88.421 E.05498
G1 X147.199 Y88.502 E.05284
G1 X146.548 Y88.393 E.05324
G1 X146.188 Y88.172 E.03408
G1 X144.402 Y88.514 E.14669
G1 E-8 F1500
G1 Z3.72 F3000
G1 X138.254 Y91.457 F12000
G1 Z3.52 F3000
G1 E10 F1500
G1 F618.478
G1 X136.864 Y92.629 E.14666
G1 X137.441 Y93.092 E.05968
G1 X138.091 Y93.424 E.05888
G1 X138.742 Y93.625 E.05496
G1 X139.392 Y93.706 E.05284
G1 X140.043 Y93.598 E.05323
G1 X140.368 Y93.411 E.03025
G1 X140.693 Y93.094 E.03662
G1 X141.994 Y91.408 E.17179
G1 X142.645 Y90.886 E.06731
G1 X143.296 Y90.554 E.05895
G1 X143.946 Y90.352 E.05491
G1 X144.597 Y90.271 E.05292
G1 X145.247 Y90.38 E.05317
G1 X145.572 Y90.567 E.03025
G1 X145.898 Y90.884 E.03668
G1 X147.199 Y92.57 E.17179
G1 X147.849 Y93.092 E.06725
G1 X148.5 Y93.424 E.05895
G1 X149.151 Y93.625 E.05496
G1 X149.801 Y93.706 E.05284
G1 X150.452 Y93.598 E.05323
G1 X150.777 Y93.411 E.03025
G1 X151.102 Y93.094 E.03662
G1 X152.403 Y91.408 E.17179
G1 X153.054 Y90.886 E.06731
G1 X153.704 Y90.554 E.05888
G1 X154.355 Y90.352 E.05498
G1 X155.006 Y90.271 E.05292
G1 X155.656 Y90.38 E.05317
G1 X155.981 Y90.567 E.03025
G1 X156.307 Y90.884 E.03668
G1 X157.608 Y92.57 E.17179
G1 X158.258 Y93.092 E.06725
G1 X158.909 Y93.424 E.05895
G1 X159.559 Y93.625 E.05488
G1 X160.21 Y93.706 E.05292
G1 X160.861 Y93.598 E.05323
G1 X161.011 Y93.511 E.01399
G1 X161.697 Y94.303 E.08452
G1 X162.586 Y95.514 E.12118
G1 X162.162 Y95.585 E.03468
G1 X161.836 Y95.771 E.03028
G1 X161.511 Y96.088 E.03662
G1 X160.21 Y97.774 E.17179
G1 X159.559 Y98.296 E.06731
G1 X158.909 Y98.628 E.05888
G1 X158.258 Y98.83 E.05498
G1 X157.608 Y98.911 E.05284
G1 X156.957 Y98.802 E.05324
G1 X156.632 Y98.615 E.03025
G1 X156.307 Y98.298 E.03662
G1 X155.006 Y96.612 E.17179
G1 X154.355 Y96.09 E.06731
G1 X153.704 Y95.759 E.05891
G1 X153.054 Y95.557 E.05491
G1 X152.403 Y95.476 E.05292
G1 X151.753 Y95.585 E.05317
G1 X151.428 Y95.771 E.03021
G1 X151.102 Y96.088 E.03668
G1 X149.801 Y97.774 E.17179
G1 X149.151 Y98.296 E.06725
G1 X148.5 Y98.628 E.05895
G1 X147.849 Y98.83 E.05498
G1 X147.199 Y98.911 E.05284
G1 X146.548 Y98.802 E.05324
G1 X146.223 Y98.615 E.03025
G1 X145.898 Y98.298 E.03662
G1 X144.597 Y96.612 E.17179
G1 X143.946 Y96.09 E.06731
G1 X143.296 Y95.759 E.05884
G1 X142.645 Y95.557 E.05498
G1 X141.994 Y95.476 E.05292
G1 X141.344 Y95.585 E.05317
G1 X141.019 Y95.771 E.03021
G1 X140.693 Y96.088 E.03668
G1 X139.392 Y97.774 E.17179
G1 X138.742 Y98.296 E.06725
G1 X138.091 Y98.628 E.05895
G1 X137.441 Y98.83 E.05491
G1 X136.79 Y98.911 E.05292
G1 X136.139 Y98.802 E.05324
G1 X135.814 Y98.615 E.03025
G1 X135.489 Y98.298 E.03662
G1 X134.188 Y96.612 E.17179
G1 X133.876 Y96.362 E.03225
G1 X133.035 Y97.974 E.14667
G1 E-8 F1500
G1 Z3.72 F3000
G1 X133.555 Y113.071 F12000
G1 Z3.52 F3000
G1 E10 F1500
G1 F618.478
G1 X132.777 Y111.428 E.14664
G1 X133.537 Y111.17 E.06474
G1 X134.188 Y111.089 E.05292
G1 X134.838 Y111.198 E.05317
G1 X135.164 Y111.385 E.03032
G1 X135.489 Y111.702 E.03662
G1 X136.79 Y113.388 E.17179
G1 X137.441 Y113.91 E.06731
G1 X138.091 Y114.241 E.05884
G1 X138.742 Y114.443 E.05498
G1 X139.392 Y114.524 E.05284
G1 X140.043 Y114.415 E.05324
G1 X140.368 Y114.229 E.03021
G1 X140.693 Y113.912 E.03662
G1 X141.994 Y112.226 E.17179
G1 X142.645 Y111.704 E.06731
G1 X143.296 Y111.372 E.05895
G1 X143.946 Y111.17 E.05491
G1 X144.597 Y111.089 E.05292
G1 X145.247 Y111.198 E.05317
G1 X145.572 Y111.385 E.03025
G1 X145.898 Y111.702 E.03668
G1 X147.199 Y113.388 E.17179
G1 X147.849 Y113.91 E.06725
G1 X148.5 Y114.241 E.05891
G1 X149.151 Y114.443 E.05498
G1 X149.801 Y114.524 E.05284
G1 X150.452 Y114.415 E.05324
G1 X150.777 Y114.229 E.03021
G1 X151.102 Y113.912 E.03662
G1 X152.403 Y112.226 E.17179
G1 X153.054 Y111.704 E.06731
G1 X153.704 Y111.372 E.05888
G1 X154.355 Y111.17 E.05498
G1 X155.006 Y111.089 E.05292
G1 X155.656 Y111.198 E.05317
G1 X155.981 Y111.385 E.03025
G1 X156.307 Y111.702 E.03668
G1 X157.608 Y113.388 E.17179
G1 X158.258 Y113.91 E.06725
G1 X158.909 Y114.241 E.05891
G1 X159.559 Y114.443 E.05491
G1 X160.21 Y114.524 E.05292
G1 X160.861 Y114.415 E.05324
G1 X161.186 Y114.229 E.03021
G1 X161.511 Y113.912 E.03662
G1 X162.812 Y112.226 E.17179
G1 X163.463 Y111.704 E.06731
G1 X164.26 Y111.327 E.07112
G1 X164.745 Y109.967 E.11647
G1 X164.987 Y109.097 E.07284
G1 X165.369 Y106.985 E.17313
G1 X164.764 Y106.499 E.0626
G1 X164.113 Y106.168 E.05891
G1 X163.463 Y105.966 E.05491
G1 X162.812 Y105.885 E.05292
G1 X162.162 Y105.993 E.05315
G1 X161.836 Y106.18 E.03032
G1 X161.511 Y106.497 E.03662
G1 X160.21 Y108.183 E.17179
G1 X159.559 Y108.705 E.06731
G1 X158.909 Y109.037 E.05888
G1 X158.258 Y109.239 E.05498
G1 X157.608 Y109.32 E.05284
G1 X156.957 Y109.211 E.05324
G1 X156.632 Y109.024 E.03025
G1 X156.307 Y108.707 E.03662
G1 X155.006 Y107.021 E.17179
G1 X154.355 Y106.499 E.06731
G1 X153.704 Y106.168 E.05891
G1 X153.054 Y105.966 E.05491
G1 X152.403 Y105.885 E.05292
G1 X151.753 Y105.993 E.05315
G1 X151.428 Y106.18 E.03025
G1 X151.102 Y106.497 E.03668
G1 X149.801 Y108.183 E.17179
G1 X149.151 Y108.705 E.06725
G1 X148.5 Y109.037 E.05895
G1 X147.849 Y109.239 E.05498
G1 X147.199 Y109.32 E.05284
G1 X146.548 Y109.211 E.05324
G1 X146.223 Y109.024 E.03025
G1 X145.898 Y108.707 E.03662
G1 X144.597 Y107.021 E.17179
G1 X143.946 Y106.499 E.06731
G1 X143.296 Y106.168 E.05884
G1 X142.645 Y105.966 E.05498
G1 X141.994 Y105.885 E.05292
G1 X141.344 Y105.993 E.05315
G1 X141.019 Y106.18 E.03025
G1 X140.693 Y106.497 E.03668
G1 X139.392 Y108.183 E.17179
G1 X138.742 Y108.705 E.06725
G1 X138.091 Y109.037 E.05895
G1 X137.441 Y109.239 E.05491
G1 X136.79 Y109.32 E.05292
G1 X136.139 Y109.211 E.05324
G1 X135.814 Y109.024 E.03025
G1 X135.489 Y108.707 E.03662
G1 X134.188 Y107.021 E.17179
G1 X133.537 Y106.499 E.06731
G1 X132.887 Y106.168 E.05884
G1 X132.236 Y105.966 E.05498
G1 X131.541 Y105.892 E.05638
G1 X131.554 Y103.812 E.16779
G1 X131.86 Y101.597 E.18037
G1 X132.236 Y101.295 E.0389
G1 X132.887 Y100.963 E.05895
G1 X133.537 Y100.761 E.05491
G1 X134.188 Y100.68 E.05292
G1 X134.838 Y100.789 E.05317
G1 X135.164 Y100.976 E.03032
G1 X135.489 Y101.293 E.03662
G1 X136.79 Y102.979 E.17179
G1 X137.441 Y103.501 E.06731
G1 X138.091 Y103.833 E.05888
G1 X138.742 Y104.034 E.05496
G1 X139.392 Y104.115 E.05284
G1 X140.043 Y104.007 E.05323
G1 X140.368 Y103.82 E.03025
G1 X140.693 Y103.503 E.03662
G1 X141.994 Y101.817 E.17179
G1 X142.645 Y101.295 E.06731
G1 X143.296 Y100.963 E.05895
G1 X143.946 Y100.761 E.05491
G1 X144.597 Y100.68 E.05292
G1 X145.247 Y100.789 E.05317
G1 X145.572 Y100.976 E.03025
G1 X145.898 Y101.293 E.03668
G1 X147.199 Y102.979 E.17179
G1 X147.849 Y103.501 E.06725
G1 X148.5 Y103.833 E.05895
G1 X149.151 Y104.034 E.05496
G1 X149.801 Y104.115 E.05284
G1 X150.452 Y104.007 E.05323
G1 X150.777 Y103.82 E.03025
G1 X151.102 Y103.503 E.03662
G1 X152.403 Y101.817 E.17179
G1 X153.054 Y101.295 E.06731
G1 X153.704 Y100.963 E.05888
G1 X154.355 Y100.761 E.05498
G1 X155.006 Y100.68 E.05292
G1 X155.656 Y100.789 E.05317
G1 X155.981 Y100.976 E.03025
G1 X156.307 Y101.293 E.03668
G1 X157.608 Y102.979 E.17179
G1 X158.258 Y103.501 E.06725
G1 X158.909 Y103.833 E.05895
G1 X159.559 Y104.034 E.05488
G1 X160.21 Y104.115 E.05292
G1 X160.861 Y104.007 E.05323
G1 X161.186 Y103.82 E.03025
G1 X161.511 Y103.503 E.03662
G1 X162.812 Y101.817 E.17179
G1 X163.463 Y101.295 E.06731
G1 X164.113 Y100.963 E.05888
G1 X164.764 Y100.761 E.05498
G1 X164.941 Y100.739 E.01439
G1 X165.303 Y102.521 E.14668
G1 E-8 F1500
G1 Z3.72 F3000
M73 P58 R18
G1 X160.505 Y92.138 F12000
G1 Z3.52 F3000
G1 E10 F1500
;TYPE:Solid infill
;WIDTH:0.675005
G1 F618.473
G1 X161.168 Y92.79 E.07501
G1 X161.65 Y93.315 E.05749
G1 X162.173 Y93.928 E.065
G1 X162.739 Y94.665 E.07496
G1 X163.266 Y95.434 E.0752
;WIDTH:0.674411
G1 F619.08
G1 X163.738 Y96.211 E.07326
;WIDTH:0.669339
G1 F624.307
G1 X164.182 Y97.029 E.07438
;WIDTH:0.675011
G1 F618.467
G1 X164.446 Y97.564 E.04813
G1 X164.82 Y98.425 E.07572
G1 X165.032 Y98.979 E.04785
G1 X165.328 Y99.864 E.07528
G1 X165.573 Y100.751 E.07423
G1 X165.772 Y101.651 E.07435
G1 X165.924 Y102.559 E.07427
G1 X166.028 Y103.474 E.07429
G1 X166.084 Y104.394 E.07435
G1 X166.091 Y105.315 E.0743
G1 X166.051 Y106.235 E.07428
G1 X165.961 Y107.161 E.07505
G1 X165.878 Y107.748 E.04782
G1 X165.706 Y108.675 E.07606
G1 X165.573 Y109.253 E.04784
G1 X165.323 Y110.152 E.07527
G1 X165.03 Y111.025 E.07428
G1 X164.689 Y111.89 E.075
G1 X164.448 Y112.432 E.04785
G1 X164.031 Y113.267 E.07529
G1 X163.577 Y114.068 E.07427
G1 X163.082 Y114.845 E.07432
G1 X162.546 Y115.595 E.07436
G1 X161.973 Y116.315 E.07423
G1 X161.362 Y117.005 E.07435
G1 X160.71 Y117.668 E.07501
G1 X160.276 Y118.073 E.04789
G1 X159.566 Y118.678 E.07525
G1 X158.835 Y119.238 E.07428
G1 X158.066 Y119.766 E.07525
;WIDTH:0.674411
G1 F619.08
G1 X157.289 Y120.238 E.07326
;WIDTH:0.669339
G1 F624.307
G1 X156.471 Y120.682 E.07438
;WIDTH:0.675015
G1 F618.463
G1 X155.936 Y120.946 E.04813
G1 X155.075 Y121.32 E.07572
G1 X154.521 Y121.532 E.04785
G1 X153.636 Y121.828 E.07528
G1 X152.749 Y122.073 E.07423
G1 X151.849 Y122.272 E.07435
G1 X150.941 Y122.424 E.07427
G1 X150.026 Y122.528 E.07429
G1 X149.106 Y122.584 E.07435
G1 X148.185 Y122.591 E.0743
G1 X147.256 Y122.55 E.07501
G1 X146.665 Y122.498 E.04786
G1 X145.74 Y122.376 E.07526
G1 X144.825 Y122.206 E.07507
G1 X144.247 Y122.073 E.04784
G1 X143.348 Y121.823 E.07527
G1 X142.475 Y121.53 E.07428
G1 X141.618 Y121.192 E.07432
G1 X140.78 Y120.81 E.07429
G1 X139.964 Y120.383 E.07429
;WIDTH:0.673053
G1 F620.471
G1 X139.171 Y119.914 E.07408
;WIDTH:0.674979
G1 F618.5
G1 X138.575 Y119.524 E.05745
G1 X137.911 Y119.051 E.06576
G1 X137.185 Y118.473 E.07485
G1 X136.495 Y117.862 E.07434
G1 X135.832 Y117.21 E.07501
G1 X135.427 Y116.776 E.04788
G1 X134.822 Y116.066 E.07524
G1 X134.262 Y115.335 E.07428
G1 X133.734 Y114.566 E.07524
;WIDTH:0.674391
G1 F619.1
G1 X133.262 Y113.789 E.07326
;WIDTH:0.674971
G1 F618.508
G1 X132.913 Y113.155 E.05838
G1 X132.554 Y112.435 E.0649
G1 X132.184 Y111.583 E.07492
G1 X131.862 Y110.721 E.07422
G1 X131.585 Y109.842 E.07434
G1 X131.355 Y108.948 E.07446
G1 X131.189 Y108.141 E.06646
G1 X131.077 Y107.448 E.05662
G1 X130.972 Y106.526 E.07485
G1 X130.916 Y105.606 E.07435
G1 X130.909 Y104.685 E.07429
G1 X130.949 Y103.763 E.07444
G1 X131.027 Y102.942 E.06652
G1 X131.122 Y102.247 E.05658
G1 X131.294 Y101.325 E.07565
G1 X131.427 Y100.747 E.04784
G1 X131.677 Y99.848 E.07527
G1 X131.97 Y98.975 E.07428
G1 X132.312 Y98.107 E.07525
;WIDTH:0.674409
G1 F619.082
G1 X132.693 Y97.282 E.07323
;WIDTH:0.668329
G1 F625.359
G1 X133.119 Y96.465 E.07351
;WIDTH:0.668589
G1 X133.586 Y95.671 E.07352
;WIDTH:0.674979
G1 F618.5
G1 X133.976 Y95.075 E.05745
G1 X134.449 Y94.411 E.06576
G1 X135.027 Y93.685 E.07485
G1 X135.638 Y92.995 E.07434
G1 X136.286 Y92.337 E.07449
G1 X136.892 Y91.779 E.06645
G1 X137.428 Y91.327 E.05656
G1 X138.165 Y90.761 E.07496
G1 X138.924 Y90.24 E.07426
G1 X139.669 Y89.784 E.07046
G1 X140.335 Y89.418 E.0613
G1 X141.065 Y89.054 E.0658
G1 X141.928 Y88.68 E.07587
;WIDTH:0.674407
G1 F619.084
G1 X142.78 Y88.365 E.0732
;WIDTH:0.668583
G1 F625.094
G1 X143.659 Y88.088 E.07356
;WIDTH:0.674975
G1 F618.504
G1 X144.348 Y87.905 E.0575
G1 X145.144 Y87.729 E.06576
G1 X146.059 Y87.576 E.07483
G1 X146.974 Y87.472 E.07428
M73 P58 R17
G1 X147.897 Y87.416 E.07459
G1 X149.179 Y87.418 E.10341
G1 X150.347 Y87.503 E.09446
G1 X151.26 Y87.624 E.07429
G1 X152.166 Y87.792 E.07433
G1 X152.858 Y87.957 E.05738
G1 X153.645 Y88.175 E.06587
G1 X154.525 Y88.47 E.07487
G1 X155.382 Y88.808 E.07431
G1 X156.222 Y89.191 E.07447
;WIDTH:0.674853
G1 X157.036 Y89.617 E.07409
;WIDTH:0.672555
G1 F620.982
G1 X157.828 Y90.086 E.07395
;WIDTH:0.674969
G1 F618.51
G1 X158.434 Y90.482 E.05839
G1 X159.089 Y90.949 E.06489
G1 X159.815 Y91.527 E.07485
;WIDTH:0.675074
G1 X160.278 Y91.937 E.04989
G1 E-8 F1500
G1 Z3.72 F3000
G1 X155.489 Y120.479 F12000
G1 Z3.52 F3000
G1 E10 F1500
;TYPE:Internal infill
;WIDTH:0.675
G1 F618.478
G1 X157.104 Y119.644 E.14666
G1 X156.957 Y119.62 E.01201
G1 X156.632 Y119.433 E.03025
G1 X156.307 Y119.116 E.03662
G1 X155.006 Y117.43 E.17179
G1 X154.355 Y116.908 E.06731
G1 X153.704 Y116.576 E.05895
G1 X153.054 Y116.375 E.05488
G1 X152.403 Y116.294 E.05292
G1 X151.753 Y116.402 E.05315
G1 X151.428 Y116.589 E.03025
G1 X151.102 Y116.906 E.03668
G1 X149.801 Y118.592 E.17179
G1 X149.151 Y119.114 E.06725
G1 X148.5 Y119.446 E.05895
G1 X147.849 Y119.648 E.05498
G1 X147.199 Y119.729 E.05284
G1 X146.548 Y119.62 E.05324
G1 X146.223 Y119.433 E.03025
G1 X145.898 Y119.116 E.03662
G1 X144.597 Y117.43 E.17179
G1 X143.946 Y116.908 E.06731
G1 X143.296 Y116.576 E.05888
G1 X142.645 Y116.375 E.05496
G1 X141.994 Y116.294 E.05292
G1 X141.344 Y116.402 E.05315
G1 X141.019 Y116.589 E.03025
G1 X140.693 Y116.906 E.03668
G1 X139.392 Y118.592 E.17179
G1 X138.882 Y119.001 E.05273
G1 X140.434 Y119.948 E.14666
G1 E-8 F1500
G1 Z3.72 F3000
G1 X142.762 Y120.987 F12000
G1 Z3.52 F3000
G1 E10 F1500
G1 F618.478
G1 X144.504 Y121.51 E.14672
G1 X145.247 Y121.607 E.06044
G1 X145.405 Y121.697 E.01467
G1 X145.843 Y121.779 E.03595
G1 X147.207 Y121.937 E.11076
;LAYER_CHANGE
;Z:3.84
;HEIGHT:0.32

G1 E-8 F1500
G1 Z3.84 F3000
;AFTER_LAYER_CHANGE
;3.84
G92 E0
_ON_LAYER_CHANGE LAYER=12
G1 Z4.04
G1 X148.508 Y85.342 F12000
G1 Z3.84 F3000
G1 E10 F1500
;TYPE:External perimeter
;WIDTH:0.675
G1 F618.478
G1 X148.753 Y85.34 E.01976
G1 X149.528 Y85.364 E.06255
G1 X150.555 Y85.445 E.0831
G1 X151.576 Y85.58 E.08308
G1 X152.589 Y85.768 E.08311
G1 X153.255 Y85.921 E.05512
G1 X154.249 Y86.197 E.08322
G1 X155.225 Y86.523 E.08301
G1 X156.183 Y86.901 E.08308
G1 X157.119 Y87.328 E.08299
G1 X158.033 Y87.803 E.08309
G1 X158.92 Y88.326 E.08306
G1 X159.704 Y88.843 E.07576
G1 X160.332 Y89.296 E.06246
G1 X161.139 Y89.938 E.08318
G1 X161.91 Y90.62 E.08303
G1 X162.644 Y91.342 E.08305
G1 X163.28 Y92.033 E.07576
G1 X163.78 Y92.625 E.06251
G1 X164.407 Y93.443 E.08314
G1 X164.991 Y94.292 E.08312
G1 X165.353 Y94.872 E.05515
G1 X165.861 Y95.769 E.08316
G1 X166.32 Y96.69 E.08301
G1 X166.731 Y97.636 E.0832
G1 X166.976 Y98.274 E.05513
G1 X167.303 Y99.251 E.08311
G1 X167.578 Y100.243 E.08304
G1 X167.801 Y101.248 E.08304
G1 X167.971 Y102.264 E.0831
G1 X168.088 Y103.286 E.08298
G1 X168.15 Y104.314 E.08308
G1 X168.159 Y105.343 E.08301
G1 X168.114 Y106.372 E.08308
G1 X168.016 Y107.398 E.08314
G1 X167.921 Y108.074 E.05507
G1 X167.732 Y109.09 E.08336
G1 X167.579 Y109.755 E.05504
G1 X167.303 Y110.749 E.08322
G1 X166.977 Y111.725 E.08301
G1 X166.599 Y112.684 E.08315
G1 X166.321 Y113.308 E.05511
G1 X165.861 Y114.231 E.08319
G1 X165.354 Y115.127 E.08305
G1 X164.801 Y115.995 E.08302
G1 X164.203 Y116.833 E.08304
G1 X163.562 Y117.639 E.08307
G1 X162.88 Y118.41 E.08303
G1 X162.158 Y119.145 E.08311
G1 X161.658 Y119.611 E.05513
G1 X160.874 Y120.281 E.08319
G1 X160.057 Y120.907 E.08303
G1 X159.208 Y121.491 E.08312
G1 X158.628 Y121.853 E.05515
G1 X157.731 Y122.361 E.08316
G1 X156.81 Y122.82 E.08301
G1 X155.864 Y123.231 E.0832
G1 X155.226 Y123.476 E.05513
G1 X154.249 Y123.803 E.08311
G1 X153.257 Y124.078 E.08304
G1 X152.252 Y124.301 E.08304
G1 X151.236 Y124.471 E.0831
G1 X150.214 Y124.588 E.08298
G1 X149.186 Y124.65 E.08308
G1 X148.157 Y124.659 E.08301
G1 X147.127 Y124.614 E.08317
G1 X146.446 Y124.555 E.05514
G1 X145.424 Y124.42 E.08316
G1 X144.411 Y124.232 E.08311
G1 X143.745 Y124.079 E.05512
G1 X142.751 Y123.803 E.08322
G1 X141.775 Y123.477 E.08301
G1 X140.817 Y123.099 E.08308
G1 X139.88 Y122.672 E.08306
G1 X139.046 Y122.24 E.07577
G1 X138.374 Y121.854 E.06251
G1 X137.505 Y121.301 E.08309
G1 X136.667 Y120.703 E.08304
G1 X135.861 Y120.062 E.08307
G1 X135.09 Y119.38 E.08303
G1 X134.355 Y118.658 E.08311
G1 X133.889 Y118.158 E.05513
G1 X133.219 Y117.374 E.08319
G1 X132.593 Y116.557 E.08303
G1 X132.01 Y115.709 E.08301
G1 X131.472 Y114.831 E.08306
G1 X131.022 Y114.006 E.07581
M73 P59 R17
G1 X130.68 Y113.311 E.06248
G1 X130.269 Y112.366 E.08313
G1 X129.909 Y111.401 E.08308
G1 X129.599 Y110.42 E.08299
G1 X129.342 Y109.423 E.08305
G1 X129.153 Y108.503 E.07576
G1 X129.029 Y107.737 E.06259
G1 X128.912 Y106.714 E.08306
G1 X128.85 Y105.686 E.08308
G1 X128.841 Y104.657 E.08301
G1 X128.886 Y103.628 E.08308
G1 X128.974 Y102.693 E.07576
G1 X129.08 Y101.925 E.06254
G1 X129.268 Y100.911 E.08319
G1 X129.421 Y100.245 E.05512
G1 X129.697 Y99.251 E.08322
G1 X130.023 Y98.275 E.08301
G1 X130.401 Y97.316 E.08315
G1 X130.679 Y96.692 E.05511
G1 X131.139 Y95.769 E.08319
G1 X131.646 Y94.873 E.08305
G1 X132.199 Y94.005 E.08302
G1 X132.797 Y93.167 E.08304
G1 X133.438 Y92.361 E.08307
G1 X134.12 Y91.59 E.08303
G1 X134.842 Y90.856 E.08305
G1 X135.533 Y90.22 E.07576
G1 X136.125 Y89.72 E.06251
G1 X136.943 Y89.093 E.08314
G1 X137.791 Y88.51 E.08301
G1 X138.591 Y88.017 E.0758
G1 X139.268 Y87.64 E.06251
G1 X140.19 Y87.18 E.08312
G1 X141.136 Y86.769 E.0832
G1 X141.774 Y86.524 E.05513
G1 X142.751 Y86.197 E.08311
G1 X143.743 Y85.922 E.08304
G1 X144.748 Y85.699 E.08304
G1 X145.764 Y85.529 E.0831
G1 X146.786 Y85.412 E.08298
G1 X147.814 Y85.35 E.08308
G1 X148.478 Y85.343 E.05357
G1 X149.078 Y85.351 F12000
G1 X148.503 Y85.911
;TYPE:Perimeter
G1 E-30 F1500
G1 Z8.84 F300.0
G1 F12000.0
T1
G1 Z3.84 F300.0
PRIME_FIBRE
G1 E45.0 F1500
G1 F12000.0
;WIDTH:0.6
G1 F705.78
G1 X148.747 Y85.909 E.01725
G1 X149.497 Y85.933 E.05304 U0.75
G1 X150.496 Y86.011 E.07083 U1.752
G1 X151.487 Y86.142 E.07066 U2.752
G1 X152.474 Y86.325 E.07096 U3.756
G1 X153.115 Y86.473 E.0465 U4.414
G1 X154.082 Y86.741 E.07093 U5.417
G1 X155.03 Y87.058 E.07066 U6.417
G1 X155.96 Y87.424 E.07065 U7.416
G1 X156.87 Y87.839 E.0707 U8.416
G1 X157.757 Y88.301 E.0707 U9.416
G1 X158.619 Y88.808 E.07069 U10.417
G1 X159.381 Y89.311 E.06454 U11.33
G1 X159.989 Y89.75 E.05301 U12.079
G1 X160.773 Y90.374 E.07083 U13.082
G1 X161.522 Y91.036 E.07066 U14.081
G1 X162.235 Y91.737 E.07068 U15.081
G1 X162.853 Y92.409 E.06454 U15.994
G1 X163.337 Y92.982 E.05302 U16.744
G1 X163.947 Y93.777 E.07083 U17.746
G1 X164.515 Y94.604 E.07092 U18.749
G1 X164.864 Y95.163 E.04658 U19.408
G1 X165.358 Y96.036 E.07091 U20.411
G1 X165.804 Y96.931 E.07069 U21.411
G1 X166.205 Y97.851 E.07094 U22.415
G1 X166.6 Y98.944 E.08215 U23.577
G1 X166.893 Y99.899 E.07061 U24.576
G1 X167.134 Y100.869 E.07065 U25.576
G1 X167.325 Y101.85 E.07065 U26.575
G1 X167.464 Y102.839 E.0706 U27.574
G1 X167.551 Y103.835 E.07067 U28.574
G1 X167.59 Y105.333 E.10593 U30.072
G1 X167.547 Y106.332 E.07068 U31.072
G1 X167.451 Y107.331 E.07094 U32.076
G1 X167.359 Y107.983 E.04655 U32.734
G1 X167.175 Y108.974 E.07125 U33.742
G1 X167.027 Y109.615 E.0465 U34.4
G1 X166.759 Y110.582 E.07093 U35.403
G1 X166.442 Y111.53 E.07066 U36.403
G1 X166.074 Y112.464 E.07096 U37.407
G1 X165.806 Y113.066 E.04658 U38.066
G1 X165.358 Y113.964 E.07094 U39.069
G1 X164.866 Y114.834 E.07065 U40.069
G1 X164.329 Y115.677 E.07065 U41.068
G1 X163.749 Y116.491 E.07065 U42.068
G1 X163.126 Y117.273 E.07068 U43.068
G1 X162.464 Y118.022 E.07066 U44.067
G1 X161.761 Y118.737 E.07088 U45.07
G1 X161.279 Y119.187 E.04661 U45.729
G1 X160.516 Y119.838 E.0709 U46.732
G1 X159.723 Y120.447 E.07068 U47.732
G1 X158.896 Y121.015 E.07092 U48.735
G1 X158.337 Y121.364 E.04658 U49.394
G1 X157.464 Y121.858 E.07091 U50.398
G1 X156.569 Y122.304 E.07069 U51.398
G1 X155.649 Y122.705 E.07094 U52.401
G1 X155.034 Y122.941 E.04656 U53.06
G1 X154.082 Y123.259 E.07095 U54.064
G1 X153.119 Y123.526 E.07064 U55.063
G1 X152.143 Y123.743 E.07068 U56.063
G1 X151.157 Y123.908 E.07067 U57.062
G1 X150.164 Y124.021 E.07065 U58.062
G1 X149.166 Y124.082 E.07068 U59.062
G1 X148.167 Y124.09 E.07062 U60.061
G1 X147.164 Y124.047 E.07097 U61.065
G1 X146.508 Y123.989 E.04655 U61.723
G1 X145.513 Y123.858 E.07094 U62.727
G1 X144.526 Y123.675 E.07096 U63.731
G1 X143.885 Y123.527 E.0465 U64.388
G1 X142.918 Y123.259 E.07093 U65.392
G1 X141.97 Y122.942 E.07066 U66.392
G1 X141.04 Y122.576 E.07065 U67.391
G1 X140.129 Y122.161 E.07076 U68.392
G1 X139.319 Y121.741 E.0645 U69.304
G1 X138.668 Y121.368 E.05304 U70.055
G1 X137.823 Y120.829 E.07085 U71.057
G1 X137.009 Y120.249 E.07065 U72.056
G1 X136.227 Y119.626 E.07068 U73.056
G1 X135.478 Y118.964 E.07066 U74.056
G1 X134.763 Y118.261 E.07088 U75.059
G1 X134.313 Y117.779 E.04661 U75.718
G1 X133.662 Y117.016 E.0709 U76.721
G1 X133.053 Y116.223 E.07068 U77.721
G1 X132.487 Y115.399 E.07066 U78.721
G1 X131.964 Y114.546 E.07073 U79.721
G1 X131.527 Y113.745 E.0645 U80.634
G1 X131.197 Y113.072 E.05298 U81.383
G1 X130.797 Y112.152 E.07091 U82.386
G1 X130.447 Y111.216 E.07064 U83.386
G1 X130.146 Y110.263 E.07065 U84.385
G1 X129.896 Y109.294 E.07074 U85.386
G1 X129.712 Y108.4 E.06452 U86.299
G1 X129.593 Y107.66 E.05298 U87.048
G1 X129.479 Y106.664 E.07086 U88.051
G1 X129.418 Y105.666 E.07068 U89.05
G1 X129.41 Y104.667 E.07062 U90.049
G1 X129.453 Y103.667 E.07075 U91.05
G1 X129.539 Y102.759 E.06447 U91.962
G1 X129.641 Y102.016 E.05301 U92.712
G1 X129.825 Y101.026 E.07118 U93.719
G1 X129.973 Y100.385 E.0465 U94.377
G1 X130.241 Y99.418 E.07093 U95.381
G1 X130.558 Y98.47 E.07066 U96.38
G1 X130.926 Y97.536 E.07096 U97.384
G1 X131.194 Y96.934 E.04658 U98.043
G1 X131.642 Y96.036 E.07094 U99.047
G1 X132.134 Y95.166 E.07065 U100.046
G1 X132.671 Y94.323 E.07065 U101.046
G1 X133.251 Y93.509 E.07065 U102.045
G1 X133.874 Y92.727 E.07068 U103.045
G1 X134.536 Y91.978 E.07066 U104.045
G1 X135.237 Y91.265 E.07068 U105.044
G1 X135.909 Y90.647 E.06454 U105.957
G1 X136.482 Y90.163 E.05302 U106.707
G1 X137.277 Y89.553 E.07083 U107.71
G1 X138.102 Y88.987 E.07072 U108.71
G1 X138.879 Y88.508 E.06452 U109.623
G1 X139.534 Y88.143 E.053 U110.373
G1 X140.431 Y87.696 E.07084 U111.375
G1 X141.351 Y87.295 E.07094 U112.378
G1 X141.966 Y87.059 E.04656 U113.037
G1 X142.918 Y86.741 E.07095 U114.041
G1 X143.881 Y86.474 E.07064 U115.04
G1 X144.857 Y86.257 E.07068 U116.04
G1 X145.843 Y86.092 E.07067 U117.04
G1 X146.836 Y85.979 E.07065 U118.039
G1 X147.834 Y85.918 E.07068 U119.039
G1 X148.473 Y85.912 E.04517 U119.678
G1 X148.499 Y86.443 F12000 U120.21
G1 F705.78
G1 X148.741 Y86.44 E.01711 U120.452
G1 X149.467 Y86.463 E.05135 U121.178
G1 X150.44 Y86.54 E.06899 U122.154
G1 X151.404 Y86.667 E.06873 U123.126
G1 X152.365 Y86.845 E.06909 U124.104
G1 X152.985 Y86.988 E.04498 U124.74
G1 X153.927 Y87.249 E.0691 U125.718
G1 X154.849 Y87.558 E.06874 U126.69
G1 X155.753 Y87.914 E.06868 U127.662
G1 X156.637 Y88.317 E.06868 U128.633
G1 X157.499 Y88.765 E.06867 U129.605
G1 X158.337 Y89.259 E.06876 U130.577
G1 X159.079 Y89.748 E.06282 U131.466
G1 X159.668 Y90.173 E.05134 U132.192
G1 X160.431 Y90.781 E.06896 U133.168
G1 X161.159 Y91.425 E.06871 U134.14
G1 X161.853 Y92.107 E.06878 U135.113
G1 X162.454 Y92.76 E.06273 U136.0
G1 X162.923 Y93.315 E.05136 U136.727
G1 X163.517 Y94.09 E.06902 U137.703
G1 X164.071 Y94.896 E.06914 U138.681
G1 X164.408 Y95.434 E.04488 U139.316
G1 X164.889 Y96.286 E.06916 U140.295
G1 X165.323 Y97.155 E.06866 U141.266
G1 X165.586 Y97.761 E.0467 U141.927
G1 X165.827 Y98.349 E.04492 U142.562
G1 X166.097 Y99.112 E.05721 U143.371
G1 X166.381 Y100.041 E.06867 U144.343
G1 X166.616 Y100.984 E.0687 U145.315
G1 X166.801 Y101.937 E.06862 U146.286
G1 X166.936 Y102.899 E.06867 U147.257
G1 X167.021 Y103.867 E.06869 U148.229
G1 X167.059 Y105.324 E.10303 U149.686
G1 X167.017 Y106.295 E.0687 U150.658
G1 X166.923 Y107.268 E.0691 U151.636
G1 X166.834 Y107.898 E.04498 U152.272
G1 X166.655 Y108.865 E.06952 U153.255
G1 X166.512 Y109.484 E.04491 U153.891
G1 X166.251 Y110.427 E.06916 U154.869
G1 X165.942 Y111.349 E.06874 U155.841
G1 X165.584 Y112.259 E.06912 U156.819
G1 X165.326 Y112.839 E.04487 U157.454
G1 X164.889 Y113.714 E.06914 U158.432
G1 X164.411 Y114.56 E.06869 U159.404
G1 X163.888 Y115.38 E.06875 U160.376
G1 X163.324 Y116.171 E.06867 U161.348
G1 X162.719 Y116.931 E.06867 U162.319
G1 X162.075 Y117.659 E.06871 U163.291
G1 X161.39 Y118.357 E.06913 U164.269
G1 X160.925 Y118.79 E.04491 U164.905
G1 X160.181 Y119.425 E.06914 U165.883
G1 X159.41 Y120.017 E.06871 U166.855
G1 X158.604 Y120.571 E.06914 U167.833
G1 X158.066 Y120.908 E.04488 U168.468
G1 X157.214 Y121.389 E.06916 U169.446
G1 X156.345 Y121.823 E.06866 U170.418
G1 X155.448 Y122.213 E.06914 U171.396
G1 X154.854 Y122.44 E.04495 U172.032
G1 X153.927 Y122.751 E.06912 U173.009
G1 X152.991 Y123.01 E.06865 U173.98
G1 X152.042 Y123.221 E.06872 U174.953
G1 X151.083 Y123.381 E.06873 U175.925
G1 X150.118 Y123.491 E.06866 U176.896
G1 X149.148 Y123.551 E.0687 U177.868
G1 X148.176 Y123.559 E.06871 U178.84
G1 X147.199 Y123.516 E.06913 U179.818
G1 X146.566 Y123.461 E.04491 U180.453
G1 X145.596 Y123.333 E.06916 U181.432
G1 X144.635 Y123.155 E.06909 U182.409
G1 X144.016 Y123.012 E.04491 U183.044
G1 X143.073 Y122.751 E.06916 U184.023
G1 X142.151 Y122.442 E.06874 U184.995
G1 X141.247 Y122.086 E.06868 U185.967
G1 X140.362 Y121.683 E.06874 U186.939
G1 X139.573 Y121.274 E.06282 U187.828
G1 X138.943 Y120.913 E.05133 U188.554
G1 X138.12 Y120.388 E.06901 U189.53
G1 X137.329 Y119.824 E.06867 U190.502
G1 X136.569 Y119.219 E.06867 U191.473
G1 X135.841 Y118.575 E.06871 U192.445
G1 X135.143 Y117.89 E.06913 U193.423
G1 X134.71 Y117.425 E.04491 U194.059
G1 X134.075 Y116.681 E.06914 U195.037
G1 X133.483 Y115.91 E.06871 U196.009
G1 X132.933 Y115.11 E.06863 U196.98
G1 X132.424 Y114.28 E.06882 U197.953
G1 X131.999 Y113.5 E.06279 U198.841
G1 X131.679 Y112.848 E.05134 U199.568
G1 X131.29 Y111.953 E.06898 U200.544
G1 X130.949 Y111.043 E.06869 U201.515
G1 X130.657 Y110.116 E.0687 U202.487
G1 X130.414 Y109.174 E.06877 U203.46
G1 X130.235 Y108.304 E.06279 U204.348
G1 X130.119 Y107.587 E.05134 U205.075
G1 X130.009 Y106.618 E.06894 U206.05
G1 X129.949 Y105.648 E.0687 U207.022
G1 X129.941 Y104.676 E.06871 U207.994
G1 X129.983 Y103.704 E.06877 U208.967
G1 X130.067 Y102.82 E.06277 U209.855
G1 X130.166 Y102.1 E.05137 U210.581
G1 X130.345 Y101.135 E.06938 U211.563
G1 X130.488 Y100.515 E.04498 U212.199
G1 X130.749 Y99.573 E.0691 U213.177
G1 X131.058 Y98.651 E.06874 U214.149
G1 X131.416 Y97.741 E.06912 U215.127
G1 X131.674 Y97.161 E.04487 U215.762
G1 X132.111 Y96.286 E.06914 U216.74
G1 X132.589 Y95.44 E.06869 U217.712
G1 X133.112 Y94.62 E.06875 U218.684
G1 X133.676 Y93.829 E.06867 U219.656
G1 X134.281 Y93.069 E.06867 U220.627
G1 X134.925 Y92.341 E.06871 U221.599
G1 X135.607 Y91.647 E.06878 U222.572
G1 X136.26 Y91.046 E.06273 U223.459
G1 X136.815 Y90.577 E.05136 U224.186
G1 X137.59 Y89.983 E.06902 U225.163
G1 X138.391 Y89.432 E.06872 U226.135
G1 X139.148 Y88.967 E.0628 U227.023
G1 X139.782 Y88.613 E.05133 U227.749
G1 X140.655 Y88.177 E.06898 U228.725
G1 X141.552 Y87.787 E.06914 U229.703
G1 X142.146 Y87.56 E.04495 U230.339
G1 X143.073 Y87.249 E.06912 U231.317
G1 X144.009 Y86.99 E.06865 U232.288
G1 X144.958 Y86.779 E.06872 U233.26
G1 X145.917 Y86.619 E.06873 U234.233
G1 X146.882 Y86.509 E.06866 U235.204
G1 X147.853 Y86.449 E.06877 U236.177
G1 X148.469 Y86.443 E.04355 U236.793
G1 X148.494 Y86.974 F12000 U237.324
G1 F705.78
G1 X148.736 Y86.972 E.01711 U237.566
G1 X149.438 Y86.994 E.04965 U238.269
G1 X150.385 Y87.068 E.06715 U239.218
G1 X151.321 Y87.192 E.06674 U240.163
G1 X152.257 Y87.365 E.06728 U241.115
G1 X152.854 Y87.503 E.04331 U241.727
G1 X153.772 Y87.757 E.06733 U242.68
G1 X154.667 Y88.057 E.06673 U243.624
G1 X155.545 Y88.403 E.06671 U244.567
G1 X156.404 Y88.794 E.06672 U245.511
G1 X157.241 Y89.23 E.06671 U246.455
G1 X158.056 Y89.71 E.06686 U247.401
G1 X158.777 Y90.186 E.06107 U248.265
G1 X159.347 Y90.597 E.04967 U248.967
G1 X160.09 Y91.188 E.06711 U249.917
G1 X160.797 Y91.813 E.0667 U250.861
G1 X161.471 Y92.476 E.06683 U251.806
G1 X162.056 Y93.112 E.06108 U252.67
G1 X162.509 Y93.649 E.04966 U253.373
G1 X163.087 Y94.402 E.0671 U254.322
G1 X163.626 Y95.187 E.06731 U255.274
G1 X163.951 Y95.706 E.04329 U255.886
G1 X164.42 Y96.535 E.06733 U256.839
G1 X164.841 Y97.38 E.06673 U257.783
M73 P60 R17
G1 X165.099 Y97.973 E.04571 U258.43
G1 X165.331 Y98.539 E.04324 U259.041
G1 X165.593 Y99.281 E.05562 U259.828
G1 X165.869 Y100.183 E.06668 U260.772
G1 X166.097 Y101.099 E.06673 U261.716
G1 X166.277 Y102.025 E.06668 U262.659
G1 X166.408 Y102.96 E.06674 U263.603
G1 X166.491 Y103.9 E.06671 U264.547
G1 X166.528 Y105.315 E.10006 U265.962
G1 X166.486 Y106.258 E.06672 U266.906
G1 X166.395 Y107.206 E.06732 U267.858
G1 X166.31 Y107.812 E.04326 U268.47
G1 X166.135 Y108.757 E.06794 U269.431
G1 X165.997 Y109.354 E.04331 U270.044
G1 X165.743 Y110.272 E.06733 U270.997
G1 X165.443 Y111.167 E.06673 U271.941
G1 X165.094 Y112.053 E.06731 U272.893
G1 X164.845 Y112.612 E.04326 U273.505
G1 X164.42 Y113.465 E.06737 U274.458
G1 X163.955 Y114.286 E.0667 U275.401
G1 X163.448 Y115.082 E.06671 U276.345
G1 X162.9 Y115.851 E.06675 U277.289
G1 X162.312 Y116.59 E.06676 U278.234
G1 X161.687 Y117.297 E.0667 U279.177
G1 X161.019 Y117.976 E.06733 U280.13
G1 X160.571 Y118.394 E.04331 U280.743
G1 X159.847 Y119.012 E.06729 U281.695
G1 X159.098 Y119.587 E.06675 U282.639
G1 X158.313 Y120.126 E.06731 U283.591
G1 X157.794 Y120.451 E.04329 U284.203
G1 X156.965 Y120.92 E.06733 U285.156
G1 X156.12 Y121.341 E.06673 U286.1
G1 X155.246 Y121.721 E.06737 U287.053
G1 X154.675 Y121.94 E.04323 U287.665
G1 X153.772 Y122.243 E.06733 U288.617
G1 X152.862 Y122.495 E.06675 U289.561
G1 X151.94 Y122.699 E.06675 U290.506
G1 X151.009 Y122.855 E.06673 U291.45
G1 X150.071 Y122.962 E.06674 U292.394
G1 X149.129 Y123.019 E.06671 U293.337
G1 X148.185 Y123.028 E.06673 U294.281
G1 X147.234 Y122.986 E.06729 U295.233
G1 X146.624 Y122.933 E.04328 U295.846
G1 X145.679 Y122.808 E.06738 U296.799
G1 X144.743 Y122.635 E.06728 U297.751
G1 X144.146 Y122.497 E.04331 U298.363
G1 X143.228 Y122.243 E.06733 U299.316
G1 X142.333 Y121.943 E.06673 U300.26
CUT
G1 X141.455 Y121.597 E.06671
G1 X140.594 Y121.205 E.06687
G1 X139.828 Y120.807 E.06102
G1 X139.218 Y120.458 E.04968
G1 X138.418 Y119.948 E.06706
G1 X137.649 Y119.4 E.06675
G1 X136.91 Y118.812 E.06676
G1 X136.203 Y118.187 E.0667
G1 X135.524 Y117.519 E.06733
G1 X135.106 Y117.071 E.04331
G1 X134.488 Y116.347 E.06729
G1 X133.913 Y115.598 E.06675
G1 X133.378 Y114.82 E.06674
G1 X132.884 Y114.014 E.06682
G1 X132.471 Y113.256 E.06102
G1 X132.161 Y112.625 E.0497
G1 X131.783 Y111.754 E.06712
G1 X131.452 Y110.87 E.06673
G1 X131.168 Y109.97 E.06671
G1 X130.931 Y109.054 E.06688
G1 X130.758 Y108.209 E.06097
G1 X130.646 Y107.515 E.04969
G1 X130.538 Y106.571 E.06716
G1 X130.481 Y105.629 E.06671
G1 X130.472 Y104.685 E.06673
G1 X130.514 Y103.741 E.0668
G1 X130.595 Y102.881 E.06106
G1 X130.691 Y102.185 E.04966
G1 X130.865 Y101.243 E.06771
G1 X131.003 Y100.646 E.04331
G1 X131.257 Y99.728 E.06733
G1 X131.557 Y98.833 E.06673
G1 X131.906 Y97.947 E.06731
G1 X132.155 Y97.388 E.04326
G1 X132.58 Y96.535 E.06737
G1 X133.045 Y95.714 E.0667
G1 X133.552 Y94.918 E.06671
G1 X134.1 Y94.149 E.06675
G1 X134.688 Y93.41 E.06676
G1 X135.313 Y92.703 E.0667
G1 X135.976 Y92.029 E.06683
G1 X136.612 Y91.444 E.06108
G1 X137.149 Y90.991 E.04966
G1 X137.902 Y90.413 E.0671
G1 X138.681 Y89.878 E.0668
G1 X139.417 Y89.425 E.06109
G1 X140.03 Y89.083 E.04962
G1 X140.88 Y88.659 E.06715
G1 X141.754 Y88.279 E.06737
G1 X142.325 Y88.06 E.04323
G1 X143.228 Y87.757 E.06733
G1 X144.138 Y87.505 E.06675
G1 X145.06 Y87.301 E.06675
G1 X145.991 Y87.145 E.06673
G1 X146.929 Y87.038 E.06674
G1 X147.872 Y86.981 E.06678
G1 X148.464 Y86.974 E.04185
G1 E-8 F1500
G1 Z4.04 F3000
G1 X134.3 Y115.839 F12000
G1 Z3.84 F3000
G1 E10 F1500
;TYPE:Bridge infill
G1 E-30 F1500
G1 Z8.84 F300.0
G1 F12000.0
T0
G1 Z3.84 F300.0
G1 E32.0 F1500
G1 F12000.0
;WIDTH:0.509275
;HEIGHT:0.501996
G1 F589.097
G1 X132.778 Y112.953 E.27632
G1 X132.532 Y112.453 E.04719
G1 X132.162 Y111.601 E.07867
G1 X131.839 Y110.737 E.07812
G1 X131.561 Y109.857 E.07816
G1 X131.354 Y109.054 E.07023
G1 X135.475 Y116.867 E.74808
G1 X135.817 Y117.234 E.04248
G1 X136.482 Y117.887 E.07893
G1 X136.788 Y118.158 E.03462
G1 X131.025 Y107.233 E1.04607
G1 X130.946 Y106.536 E.05941
G1 X130.901 Y105.798 E.06262
G1 X137.908 Y119.082 E1.27193
G1 X138.905 Y119.774 E.10278
G1 X130.887 Y104.573 E1.45547
G1 X130.948 Y103.491 E.09178
G1 X139.837 Y120.341 E1.61341
G1 X140.715 Y120.807 E.08418
G1 X131.06 Y102.503 E1.75259
G1 X131.215 Y101.599 E.07768
M73 P60 R16
G1 X141.55 Y121.191 E1.87594
G1 X142.351 Y121.51 E.07302
G1 X131.399 Y100.749 E1.98788
G1 X131.617 Y99.963 E.06908
G1 X143.123 Y121.776 E2.08857
G1 X143.872 Y121.997 E.06614
M73 P61 R16
G1 X131.858 Y99.222 E2.18071
G1 X132.12 Y98.52 E.06346
G1 X144.602 Y122.183 E2.26572
G1 X145.309 Y122.324 E.06105
G1 X132.398 Y97.848 E2.34357
G1 X132.697 Y97.217 E.05913
G1 X146.002 Y122.438 E2.41494
G1 X146.681 Y122.527 E.058
G1 X133.008 Y96.609 E2.48169
G1 X133.336 Y96.03 E.05636
G1 X147.342 Y122.582 E2.54234
G1 X147.989 Y122.61 E.05485
G1 X133.678 Y95.481 E2.59761
G1 X134.031 Y94.951 E.05393
G1 X148.624 Y122.615 E2.64883
G1 X149.25 Y122.602 E.05303
G1 X134.394 Y94.441 E2.69645
G1 X134.773 Y93.96 E.05186
M73 P62 R16
G1 X149.862 Y122.565 E2.73892
G1 X150.463 Y122.506 E.05114
G1 X135.16 Y93.494 E2.77786
G1 X135.556 Y93.047 E.05057
G1 X151.057 Y122.432 E2.81362
G1 X151.638 Y122.335 E.04989
G1 X135.965 Y92.624 E2.84484
G1 X136.38 Y92.213 E.04947
G1 X152.21 Y122.221 E2.87329
G1 X152.776 Y122.094 E.04913
G1 X136.806 Y91.821 E2.89867
G1 X137.242 Y91.448 E.04859
G1 X153.327 Y121.941 E2.91969
G1 X153.873 Y121.777 E.04828
M73 P63 R15
G1 X137.687 Y91.093 E2.93799
G1 X138.137 Y90.748 E.04802
G1 X154.411 Y121.598 E2.9539
G1 X154.939 Y121.401 E.04773
G1 X138.601 Y90.429 E2.96557
G1 X139.07 Y90.119 E.04761
G1 X155.457 Y121.184 E2.97447
G1 X155.971 Y120.959 E.04752
G1 X139.547 Y89.825 E2.9811
G1 X140.034 Y89.549 E.04741
G1 X156.471 Y120.709 E2.98357
G1 X156.966 Y120.449 E.04735
G1 X140.53 Y89.29 E2.98345
G1 X141.03 Y89.041 E.0473
M73 P64 R15
G1 X157.453 Y120.174 E2.98099
G1 X157.932 Y119.882 E.04751
G1 X141.544 Y88.816 E2.97459
G1 X142.062 Y88.599 E.04756
G1 X158.4 Y119.571 E2.96557
G1 X158.864 Y119.251 E.04773
G1 X142.59 Y88.402 E2.95383
G1 X143.128 Y88.222 E.04805
G1 X159.314 Y118.906 E2.93799
G1 X159.759 Y118.55 E.04826
G1 X143.674 Y88.058 E2.91962
G1 X144.225 Y87.905 E.04843
G1 X160.194 Y118.178 E2.89863
G1 X160.621 Y117.788 E.04898
M73 P65 R15
G1 X144.791 Y87.779 E2.87336
G1 X145.363 Y87.665 E.04939
G1 X161.036 Y117.375 E2.84476
G1 X161.445 Y116.953 E.04977
G1 X145.944 Y87.567 E2.8137
G1 X146.538 Y87.494 E.05068
M73 P65 R14
G1 X161.841 Y116.505 E2.77778
G1 X162.228 Y116.039 E.0513
G1 X147.139 Y87.435 E2.73884
G1 X147.751 Y87.398 E.05192
G1 X162.606 Y115.558 E2.69634
G1 X162.97 Y115.048 E.05306
G1 X148.38 Y87.39 E2.64826
G1 X149.013 Y87.391 E.05361
G1 X163.323 Y114.518 E2.59742
G1 X163.665 Y113.969 E.05478
M73 P66 R14
G1 X149.666 Y87.431 E2.54101
G1 X150.321 Y87.474 E.05559
G1 X163.992 Y113.39 E2.48146
G1 X164.304 Y112.782 E.05787
G1 X151 Y87.562 E2.41483
G1 X151.692 Y87.676 E.05939
G1 X164.603 Y112.151 E2.34349
G1 X164.881 Y111.479 E.06159
G1 X152.399 Y87.818 E2.26557
G1 X153.13 Y88.004 E.06388
G1 X165.143 Y110.776 E2.18044
G1 X165.384 Y110.035 E.06599
G1 X153.878 Y88.224 E2.08842
G1 X154.651 Y88.49 E.06923
G1 X165.602 Y109.249 E1.98769
G1 X165.785 Y108.399 E.07364
G1 X155.452 Y88.81 E1.87563
G1 X156.287 Y89.195 E.07787
M73 P67 R14
G1 X165.942 Y107.496 E1.75236
G1 X166.052 Y106.506 E.08436
G1 X157.165 Y89.66 E1.61303
G1 X158.096 Y90.226 E.09227
G1 X166.114 Y105.425 E1.45532
G1 X166.099 Y104.199 E.10384
G1 X159.094 Y90.918 E1.27162
G1 X159.827 Y91.501 E.07932
G1 X160.214 Y91.844 E.04379
G1 X165.975 Y102.764 E1.04561
G1 X165.798 Y101.638 E.09653
G1 X165.642 Y100.934 E.06107
G1 X161.536 Y93.15 E.74531
G1 X162.19 Y93.905 E.08459
G1 X162.756 Y94.642 E.0787
G1 X163.284 Y95.411 E.079
G1 X163.599 Y95.915 E.05033
G1 X164 Y96.623 E.06891
G1 X165.461 Y99.394 E.26529
;LAYER_CHANGE
;Z:4.16
;HEIGHT:0.32

G1 E-8 F1500
G1 Z4.16 F3000
;AFTER_LAYER_CHANGE
;4.16
G92 E0
_ON_LAYER_CHANGE LAYER=13
G1 Z4.36
G1 X148.508 Y85.343 F12000
G1 Z4.16 F3000
G1 E10 F1500
;TYPE:External perimeter
;WIDTH:0.675
G1 F618.478
G1 X148.775 Y85.34 E.02154
G1 X149.528 Y85.364 E.06077
G1 X150.555 Y85.445 E.0831
G1 X151.576 Y85.58 E.08308
G1 X152.588 Y85.767 E.08302
G1 X153.523 Y85.991 E.07756
G1 X154.248 Y86.196 E.06078
G1 X155.225 Y86.523 E.08311
G1 X156.183 Y86.901 E.08308
G1 X157.12 Y87.328 E.08306
G1 X157.973 Y87.771 E.07753
G1 X158.626 Y88.145 E.0607
G1 X159.495 Y88.699 E.08313
G1 X160.333 Y89.297 E.08304
G1 X161.139 Y89.938 E.08307
G1 X161.91 Y90.62 E.08303
G1 X162.644 Y91.342 E.08305
G1 X163.295 Y92.05 E.07758
G1 X163.78 Y92.625 E.06068
G1 X164.407 Y93.443 E.08314
G1 X164.99 Y94.291 E.08301
G1 X165.528 Y95.169 E.08306
G1 X165.988 Y96.013 E.07754
G1 X166.32 Y96.689 E.06075
G1 X166.731 Y97.636 E.08327
G1 X166.976 Y98.274 E.05513
G1 X167.303 Y99.251 E.08311
G1 X167.578 Y100.243 E.08304
G1 X167.801 Y101.248 E.08304
G1 X167.971 Y102.264 E.0831
G1 X168.088 Y103.286 E.08298
G1 X168.15 Y104.314 E.08308
G1 X168.159 Y105.343 E.08301
G1 X168.114 Y106.372 E.08308
G1 X168.016 Y107.398 E.08314
G1 X167.921 Y108.074 E.05507
G1 X167.732 Y109.089 E.08328
G1 X167.579 Y109.755 E.05512
G1 X167.303 Y110.749 E.08322
G1 X166.977 Y111.725 E.08301
G1 X166.599 Y112.684 E.08315
G1 X166.321 Y113.308 E.05511
G1 X165.861 Y114.231 E.08319
G1 X165.354 Y115.127 E.08305
G1 X164.801 Y115.995 E.08302
G1 X164.203 Y116.833 E.08304
M73 P67 R13
G1 X163.562 Y117.639 E.08307
G1 X162.88 Y118.41 E.08303
G1 X162.158 Y119.145 E.08311
G1 X161.658 Y119.611 E.05513
G1 X160.874 Y120.281 E.08319
G1 X160.057 Y120.907 E.08303
G1 X159.208 Y121.491 E.08312
G1 X158.628 Y121.853 E.05515
G1 X157.731 Y122.361 E.08316
G1 X156.81 Y122.82 E.08301
G1 X155.864 Y123.231 E.0832
G1 X155.226 Y123.476 E.05513
G1 X154.249 Y123.803 E.08311
G1 X153.257 Y124.078 E.08304
G1 X152.252 Y124.301 E.08304
G1 X151.236 Y124.471 E.0831
G1 X150.214 Y124.588 E.08298
G1 X149.186 Y124.65 E.08308
G1 X148.155 Y124.659 E.08317
G1 X147.472 Y124.636 E.05513
G1 X146.445 Y124.555 E.0831
G1 X145.424 Y124.42 E.08308
G1 X144.411 Y124.232 E.08311
G1 X143.745 Y124.079 E.05512
G1 X142.751 Y123.803 E.08322
G1 X141.775 Y123.477 E.08301
G1 X140.817 Y123.099 E.08308
G1 X139.881 Y122.672 E.08299
G1 X138.966 Y122.196 E.0832
G1 X138.374 Y121.855 E.05511
G1 X137.505 Y121.301 E.08313
G1 X136.667 Y120.703 E.08304
G1 X135.861 Y120.062 E.08307
G1 X135.09 Y119.38 E.08303
G1 X134.355 Y118.658 E.08311
G1 X133.889 Y118.158 E.05513
G1 X133.219 Y117.374 E.08319
G1 X132.593 Y116.557 E.08303
G1 X132.009 Y115.708 E.08312
G1 X131.647 Y115.128 E.05515
G1 X131.139 Y114.231 E.08316
G1 X130.68 Y113.31 E.08301
G1 X130.269 Y112.364 E.0832
G1 X130.024 Y111.726 E.05513
G1 X129.697 Y110.749 E.08311
G1 X129.422 Y109.757 E.08304
G1 X129.199 Y108.752 E.08304
G1 X129.029 Y107.736 E.0831
G1 X128.912 Y106.714 E.08298
G1 X128.85 Y105.686 E.08308
G1 X128.841 Y104.657 E.08301
G1 X128.886 Y103.628 E.08308
G1 X128.976 Y102.671 E.07754
G1 X129.079 Y101.925 E.06075
G1 X129.268 Y100.911 E.0832
G1 X129.421 Y100.245 E.05512
G1 X129.697 Y99.251 E.08322
G1 X130.023 Y98.275 E.08301
G1 X130.401 Y97.317 E.08308
G1 X130.828 Y96.381 E.08299
G1 X131.303 Y95.468 E.08302
G1 X131.825 Y94.58 E.08309
G1 X132.355 Y93.778 E.07754
G1 X132.796 Y93.168 E.06072
G1 X133.438 Y92.361 E.08318
G1 X134.12 Y91.59 E.08303
G1 X134.842 Y90.856 E.08305
G1 X135.55 Y90.205 E.07758
G1 X136.125 Y89.72 E.06068
G1 X136.943 Y89.093 E.08314
G1 X137.791 Y88.51 E.08301
G1 X138.669 Y87.972 E.08306
G1 X139.513 Y87.512 E.07754
G1 X140.189 Y87.18 E.06075
G1 X141.136 Y86.769 E.08327
G1 X141.774 Y86.524 E.05513
G1 X142.751 Y86.197 E.08311
G1 X143.743 Y85.922 E.08304
G1 X144.748 Y85.699 E.08304
G1 X145.764 Y85.529 E.0831
G1 X146.786 Y85.412 E.08298
G1 X147.814 Y85.35 E.08308
G1 X148.478 Y85.343 E.05357
G1 X149.078 Y85.35 F12000
G1 X148.503 Y85.912
;TYPE:Perimeter
G1 E-30 F1500
G1 Z9.16 F300.0
G1 F12000.0
T1
G1 Z4.16 F300.0
PRIME_FIBRE
G1 E45.0 F1500
G1 F12000.0
;WIDTH:0.6
G1 F705.78
G1 X148.769 Y85.909 E.0188
G1 X149.496 Y85.933 E.05142 U0.727
G1 X150.496 Y86.011 E.0709 U1.73
G1 X151.487 Y86.142 E.07066 U2.73
G1 X152.47 Y86.324 E.07067 U3.73
G1 X153.38 Y86.541 E.06613 U4.665
G1 X154.08 Y86.74 E.05144 U5.393
G1 X155.03 Y87.058 E.07082 U6.395
G1 X155.96 Y87.424 E.07065 U7.394
G1 X156.87 Y87.839 E.0707 U8.394
G1 X157.7 Y88.27 E.06611 U9.33
G1 X158.331 Y88.632 E.05142 U10.057
G1 X159.177 Y89.171 E.07091 U11.06
G1 X159.991 Y89.751 E.07065 U12.06
G1 X160.773 Y90.374 E.07068 U13.06
G1 X161.522 Y91.036 E.07066 U14.059
G1 X162.235 Y91.737 E.07068 U15.059
G1 X162.867 Y92.425 E.06604 U15.993
G1 X163.337 Y92.982 E.05152 U16.722
G1 X163.947 Y93.777 E.07083 U17.724
M73 P68 R13
G1 X164.513 Y94.601 E.07066 U18.724
G1 X165.036 Y95.454 E.07073 U19.724
G1 X165.483 Y96.275 E.06608 U20.659
G1 X165.803 Y96.928 E.0514 U21.386
G1 X166.205 Y97.851 E.07116 U22.393
G1 X166.6 Y98.944 E.08215 U23.555
G1 X166.893 Y99.899 E.07061 U24.554
G1 X167.134 Y100.869 E.07065 U25.554
G1 X167.325 Y101.85 E.07065 U26.553
G1 X167.464 Y102.839 E.0706 U27.552
G1 X167.551 Y103.835 E.07067 U28.552
G1 X167.59 Y105.333 E.10593 U30.05
G1 X167.547 Y106.332 E.07068 U31.05
G1 X167.451 Y107.331 E.07094 U32.054
G1 X167.359 Y107.983 E.04655 U32.712
G1 X167.175 Y108.974 E.07125 U33.72
G1 X167.027 Y109.615 E.0465 U34.378
G1 X166.759 Y110.582 E.07093 U35.381
G1 X166.442 Y111.53 E.07066 U36.381
G1 X166.074 Y112.464 E.07096 U37.385
G1 X165.806 Y113.066 E.04658 U38.044
G1 X165.358 Y113.964 E.07094 U39.047
G1 X164.866 Y114.834 E.07065 U40.047
G1 X164.329 Y115.677 E.07065 U41.046
G1 X163.749 Y116.491 E.07065 U42.046
G1 X163.126 Y117.273 E.07068 U43.046
G1 X162.464 Y118.022 E.07066 U44.045
G1 X161.761 Y118.737 E.07088 U45.048
G1 X161.279 Y119.187 E.04661 U45.707
G1 X160.516 Y119.838 E.0709 U46.71
G1 X159.723 Y120.447 E.07068 U47.71
G1 X158.896 Y121.015 E.07092 U48.714
G1 X158.337 Y121.364 E.04658 U49.373
G1 X157.464 Y121.858 E.07091 U50.376
G1 X156.569 Y122.304 E.07069 U51.376
G1 X155.649 Y122.705 E.07094 U52.379
G1 X155.034 Y122.941 E.04656 U53.038
G1 X154.082 Y123.259 E.07095 U54.042
G1 X153.119 Y123.526 E.07064 U55.041
G1 X152.143 Y123.743 E.07068 U56.041
G1 X151.157 Y123.908 E.07067 U57.041
G1 X150.164 Y124.021 E.07065 U58.04
G1 X149.166 Y124.082 E.07068 U59.04
G1 X148.163 Y124.09 E.0709 U60.043
G1 X147.505 Y124.068 E.04654 U60.701
G1 X146.504 Y123.989 E.07098 U61.705
G1 X145.513 Y123.858 E.07066 U62.705
G1 X144.526 Y123.675 E.07096 U63.709
G1 X143.885 Y123.527 E.0465 U64.367
G1 X142.918 Y123.259 E.07093 U65.37
G1 X141.97 Y122.942 E.07066 U66.37
G1 X141.04 Y122.576 E.07065 U67.369
G1 X140.13 Y122.161 E.0707 U68.369
G1 X139.24 Y121.698 E.07092 U69.372
G1 X138.67 Y121.368 E.04656 U70.031
G1 X137.823 Y120.829 E.07097 U71.035
G1 X137.009 Y120.249 E.07065 U72.035
G1 X136.227 Y119.626 E.07068 U73.034
G1 X135.478 Y118.964 E.07066 U74.034
G1 X134.763 Y118.261 E.07088 U75.037
G1 X134.313 Y117.779 E.04661 U75.696
G1 X133.662 Y117.016 E.0709 U76.699
G1 X133.053 Y116.223 E.07068 U77.699
G1 X132.485 Y115.396 E.07092 U78.702
G1 X132.136 Y114.837 E.04658 U79.361
G1 X131.642 Y113.964 E.07091 U80.364
G1 X131.196 Y113.069 E.07069 U81.364
G1 X130.795 Y112.149 E.07094 U82.368
G1 X130.559 Y111.534 E.04656 U83.027
G1 X130.241 Y110.582 E.07095 U84.03
G1 X129.974 Y109.619 E.07064 U85.03
G1 X129.757 Y108.643 E.07068 U86.029
G1 X129.592 Y107.657 E.07067 U87.029
G1 X129.479 Y106.664 E.07065 U88.029
G1 X129.418 Y105.666 E.07068 U89.028
G1 X129.41 Y104.667 E.07062 U90.028
G1 X129.453 Y103.668 E.07068 U91.027
G1 X129.542 Y102.737 E.06611 U91.963
G1 X129.641 Y102.016 E.05144 U92.69
G1 X129.825 Y101.026 E.07118 U93.697
G1 X129.973 Y100.385 E.0465 U94.355
G1 X130.241 Y99.418 E.07093 U95.359
G1 X130.558 Y98.47 E.07066 U96.358
G1 X130.924 Y97.54 E.07065 U97.358
G1 X131.339 Y96.63 E.0707 U98.358
G1 X131.801 Y95.743 E.0707 U99.358
G1 X132.308 Y94.882 E.07063 U100.357
G1 X132.823 Y94.101 E.06613 U101.293
G1 X133.25 Y93.512 E.05143 U102.02
G1 X133.874 Y92.727 E.07089 U103.023
G1 X134.536 Y91.978 E.07066 U104.023
G1 X135.237 Y91.265 E.07068 U105.022
G1 X135.925 Y90.633 E.06604 U105.957
G1 X136.482 Y90.163 E.05152 U106.686
G1 X137.277 Y89.553 E.07083 U107.688
G1 X138.101 Y88.987 E.07066 U108.687
G1 X138.954 Y88.464 E.07073 U109.688
G1 X139.775 Y88.017 E.06608 U110.623
G1 X140.428 Y87.697 E.0514 U111.35
G1 X141.351 Y87.295 E.07116 U112.357
G1 X141.966 Y87.059 E.04656 U113.015
G1 X142.918 Y86.741 E.07095 U114.019
G1 X143.881 Y86.474 E.07064 U115.018
G1 X144.857 Y86.257 E.07068 U116.018
G1 X145.843 Y86.092 E.07067 U117.018
G1 X146.836 Y85.979 E.07065 U118.017
G1 X147.834 Y85.918 E.07068 U119.017
G1 X148.473 Y85.912 E.04517 U119.656
G1 X148.499 Y86.443 F12000 U120.188
G1 F705.78
G1 X148.763 Y86.44 E.01866 U120.452
G1 X149.467 Y86.463 E.04979 U121.156
G1 X150.44 Y86.54 E.06899 U122.132
G1 X151.404 Y86.667 E.06873 U123.105
G1 X152.36 Y86.844 E.06873 U124.077
G1 X153.245 Y87.055 E.06431 U124.987
G1 X153.923 Y87.248 E.04983 U125.692
G1 X154.849 Y87.558 E.06903 U126.668
G1 X155.753 Y87.914 E.06868 U127.64
G1 X156.638 Y88.317 E.06874 U128.612
G1 X157.445 Y88.736 E.06428 U129.521
G1 X158.056 Y89.087 E.04981 U130.226
G1 X158.88 Y89.612 E.06906 U131.203
G1 X159.671 Y90.176 E.06867 U132.175
G1 X160.431 Y90.781 E.06867 U133.146
G1 X161.159 Y91.425 E.06871 U134.118
G1 X161.853 Y92.107 E.06878 U135.091
G1 X162.469 Y92.777 E.06434 U136.001
G1 X162.923 Y93.315 E.04976 U136.705
G1 X163.517 Y94.09 E.06902 U137.681
G1 X164.067 Y94.89 E.06863 U138.652
G1 X164.576 Y95.72 E.06882 U139.626
G1 X165.011 Y96.519 E.06431 U140.536
G1 X165.321 Y97.151 E.04976 U141.24
G1 X165.586 Y97.761 E.04701 U141.905
G1 X165.827 Y98.349 E.04492 U142.54
G1 X166.097 Y99.112 E.05721 U143.35
G1 X166.381 Y100.041 E.06867 U144.321
G1 X166.616 Y100.984 E.0687 U145.293
G1 X166.801 Y101.937 E.06862 U146.264
G1 X166.936 Y102.899 E.06867 U147.235
G1 X167.021 Y103.867 E.06869 U148.207
G1 X167.059 Y105.324 E.10303 U149.664
G1 X167.017 Y106.295 E.0687 U150.636
G1 X166.923 Y107.268 E.0691 U151.614
G1 X166.834 Y107.898 E.04498 U152.25
G1 X166.655 Y108.865 E.06952 U153.233
G1 X166.512 Y109.485 E.04498 U153.87
G1 X166.251 Y110.427 E.0691 U154.847
G1 X165.942 Y111.349 E.06874 U155.82
G1 X165.584 Y112.259 E.06912 U156.797
G1 X165.326 Y112.839 E.04487 U157.432
G1 X164.889 Y113.714 E.06914 U158.41
G1 X164.411 Y114.56 E.06869 U159.382
G1 X163.888 Y115.38 E.06875 U160.355
G1 X163.324 Y116.171 E.06867 U161.326
G1 X162.719 Y116.931 E.06867 U162.297
G1 X162.075 Y117.659 E.06871 U163.269
G1 X161.39 Y118.357 E.06913 U164.247
G1 X160.925 Y118.79 E.04491 U164.883
G1 X160.181 Y119.425 E.06914 U165.861
G1 X159.41 Y120.017 E.06871 U166.833
G1 X158.604 Y120.571 E.06914 U167.811
G1 X158.066 Y120.908 E.04488 U168.446
G1 X157.214 Y121.389 E.06916 U169.424
G1 X156.345 Y121.823 E.06866 U170.396
G1 X155.448 Y122.213 E.06914 U171.374
G1 X154.854 Y122.44 E.04495 U172.01
G1 X153.927 Y122.751 E.06912 U172.987
G1 X152.991 Y123.01 E.06865 U173.959
G1 X152.042 Y123.221 E.06872 U174.931
G1 X151.083 Y123.381 E.06873 U175.903
G1 X150.118 Y123.491 E.06866 U176.874
G1 X149.148 Y123.551 E.0687 U177.846
G1 X148.17 Y123.559 E.06914 U178.824
G1 X147.535 Y123.537 E.04491 U179.459
G1 X146.56 Y123.46 E.06914 U180.438
G1 X145.596 Y123.333 E.06873 U181.41
G1 X144.635 Y123.155 E.06909 U182.387
G1 X144.016 Y123.012 E.04491 U183.022
G1 X143.073 Y122.751 E.06916 U184.001
G1 X142.151 Y122.442 E.06874 U184.973
G1 X141.247 Y122.086 E.06868 U185.945
G1 X140.363 Y121.683 E.06868 U186.916
G1 X139.495 Y121.232 E.06915 U187.895
G1 X138.945 Y120.914 E.04491 U188.53
G1 X138.12 Y120.388 E.06916 U189.508
G1 X137.329 Y119.824 E.06867 U190.48
G1 X136.569 Y119.219 E.06867 U191.451
G1 X135.841 Y118.575 E.06871 U192.423
G1 X135.143 Y117.89 E.06913 U193.401
G1 X134.71 Y117.425 E.04491 U194.037
G1 X134.075 Y116.681 E.06914 U195.015
G1 X133.483 Y115.91 E.06871 U195.987
G1 X132.929 Y115.104 E.06914 U196.965
G1 X132.592 Y114.566 E.04488 U197.6
G1 X132.111 Y113.714 E.06916 U198.578
G1 X131.677 Y112.845 E.06866 U199.549
G1 X131.287 Y111.948 E.06914 U200.527
G1 X131.06 Y111.354 E.04495 U201.163
G1 X130.749 Y110.427 E.06912 U202.141
G1 X130.49 Y109.491 E.06865 U203.112
G1 X130.279 Y108.542 E.06872 U204.085
G1 X130.119 Y107.583 E.06873 U205.057
G1 X130.009 Y106.618 E.06866 U206.028
G1 X129.949 Y105.648 E.0687 U207.0
G1 X129.941 Y104.676 E.06871 U207.972
G1 X129.983 Y103.704 E.06877 U208.945
G1 X130.069 Y102.798 E.06433 U209.855
G1 X130.166 Y102.101 E.04974 U210.559
G1 X130.345 Y101.135 E.06945 U211.541
G1 X130.488 Y100.516 E.04491 U212.176
G1 X130.749 Y99.573 E.06916 U213.155
G1 X131.058 Y98.651 E.06874 U214.127
G1 X131.414 Y97.747 E.06868 U215.099
G1 X131.817 Y96.863 E.06868 U216.07
G1 X132.265 Y96.001 E.06867 U217.042
G1 X132.759 Y95.163 E.06876 U218.015
G1 X133.26 Y94.404 E.06429 U218.924
G1 X133.673 Y93.833 E.04981 U219.629
G1 X134.281 Y93.069 E.06902 U220.605
G1 X134.925 Y92.341 E.06871 U221.577
G1 X135.607 Y91.647 E.06878 U222.55
G1 X136.277 Y91.031 E.06434 U223.46
G1 X136.815 Y90.577 E.04976 U224.164
G1 X137.59 Y89.983 E.06902 U225.141
G1 X138.39 Y89.433 E.06863 U226.111
G1 X139.22 Y88.924 E.06882 U227.085
G1 X140.019 Y88.489 E.06431 U227.995
G1 X140.651 Y88.179 E.04976 U228.699
G1 X141.552 Y87.787 E.06946 U229.681
G1 X142.146 Y87.56 E.04495 U230.317
G1 X143.073 Y87.249 E.06912 U231.295
G1 X144.009 Y86.99 E.06865 U232.266
G1 X144.958 Y86.779 E.06872 U233.238
G1 X145.917 Y86.619 E.06873 U234.211
G1 X146.882 Y86.509 E.06866 U235.182
G1 X147.853 Y86.449 E.06877 U236.155
G1 X148.469 Y86.443 E.04355 U236.771
G1 X148.494 Y86.974 F12000 U237.302
G1 F705.78
G1 X148.757 Y86.972 E.01859 U237.565
G1 X149.437 Y86.994 E.04809 U238.246
G1 X150.385 Y87.068 E.06722 U239.197
G1 X151.321 Y87.192 E.06674 U240.141
G1 X152.25 Y87.364 E.06679 U241.086
G1 X153.111 Y87.569 E.06256 U241.971
G1 X153.766 Y87.756 E.04815 U242.652
G1 X154.667 Y88.057 E.06715 U243.602
G1 X155.545 Y88.403 E.06671 U244.545
G1 X156.405 Y88.795 E.06681 U245.491
G1 X157.191 Y89.203 E.0626 U246.376
G1 X157.781 Y89.542 E.0481 U247.057
G1 X158.582 Y90.052 E.06712 U248.006
G1 X159.351 Y90.6 E.06675 U248.95
G1 X160.09 Y91.188 E.06676 U249.895
G1 X160.797 Y91.813 E.0667 U250.839
G1 X161.471 Y92.476 E.06683 U251.784
G1 X162.07 Y93.128 E.06259 U252.669
G1 X162.508 Y93.648 E.04806 U253.349
G1 X163.087 Y94.402 E.0672 U254.3
G1 X163.622 Y95.18 E.06674 U255.244
G1 X164.115 Y95.986 E.06679 U256.189
G1 X164.539 Y96.763 E.06257 U257.074
G1 X164.839 Y97.374 E.04812 U257.755
G1 X165.099 Y97.973 E.04616 U258.408
G1 X165.331 Y98.539 E.04324 U259.019
G1 X165.593 Y99.281 E.05562 U259.806
G1 X165.869 Y100.183 E.06668 U260.75
G1 X166.097 Y101.099 E.06673 U261.694
G1 X166.277 Y102.025 E.06668 U262.637
G1 X166.408 Y102.96 E.06674 U263.581
G1 X166.491 Y103.9 E.06671 U264.525
G1 X166.528 Y105.315 E.10006 U265.94
G1 X166.486 Y106.258 E.06672 U266.884
G1 X166.395 Y107.206 E.06732 U267.836
G1 X166.31 Y107.812 E.04326 U268.448
G1 X166.135 Y108.757 E.06794 U269.409
G1 X165.997 Y109.354 E.04331 U270.022
G1 X165.743 Y110.272 E.06733 U270.975
G1 X165.443 Y111.167 E.06673 U271.919
G1 X165.094 Y112.053 E.06731 U272.871
G1 X164.845 Y112.612 E.04326 U273.483
G1 X164.42 Y113.465 E.06737 U274.436
G1 X163.955 Y114.286 E.0667 U275.379
G1 X163.448 Y115.082 E.06671 U276.323
G1 X162.9 Y115.851 E.06675 U277.267
G1 X162.312 Y116.59 E.06676 U278.212
G1 X161.687 Y117.297 E.0667 U279.155
G1 X161.019 Y117.976 E.06733 U280.108
G1 X160.571 Y118.394 E.04331 U280.721
G1 X159.847 Y119.012 E.06729 U281.673
G1 X159.098 Y119.587 E.06675 U282.617
G1 X158.313 Y120.126 E.06731 U283.569
G1 X157.794 Y120.451 E.04329 U284.181
G1 X156.965 Y120.92 E.06733 U285.134
G1 X156.12 Y121.341 E.06673 U286.078
G1 X155.246 Y121.721 E.06737 U287.031
G1 X154.675 Y121.94 E.04323 U287.643
G1 X153.772 Y122.243 E.06733 U288.595
G1 X152.862 Y122.495 E.06675 U289.539
G1 X151.94 Y122.699 E.06675 U290.484
G1 X151.009 Y122.855 E.06673 U291.428
G1 X150.071 Y122.962 E.06674 U292.372
G1 X149.129 Y123.019 E.06671 U293.315
G1 X148.177 Y123.028 E.0673 U294.267
G1 X147.565 Y123.006 E.04329 U294.88
G1 X146.615 Y122.932 E.06736 U295.833
G1 X145.679 Y122.808 E.06674 U296.777
G1 X144.743 Y122.635 E.06728 U297.729
G1 X144.146 Y122.497 E.04331 U298.341
G1 X143.228 Y122.243 E.06733 U299.294
G1 X142.333 Y121.943 E.06673 U300.238
CUT
G1 X141.455 Y121.597 E.06671
G1 X140.596 Y121.206 E.06672
G1 X139.751 Y120.766 E.06734
G1 X139.221 Y120.46 E.04326
G1 X138.418 Y119.948 E.06732
G1 X137.649 Y119.4 E.06675
G1 X136.91 Y118.812 E.06676
G1 X136.203 Y118.187 E.0667
G1 X135.524 Y117.519 E.06733
G1 X135.106 Y117.071 E.04331
G1 X134.488 Y116.347 E.06729
G1 X133.913 Y115.598 E.06675
G1 X133.374 Y114.813 E.06731
G1 X133.049 Y114.294 E.04329
G1 X132.58 Y113.465 E.06733
G1 X132.159 Y112.62 E.06673
G1 X131.779 Y111.746 E.06737
G1 X131.56 Y111.175 E.04323
G1 X131.257 Y110.272 E.06733
G1 X131.005 Y109.362 E.06675
G1 X130.801 Y108.44 E.06675
G1 X130.645 Y107.509 E.06673
G1 X130.538 Y106.571 E.06674
G1 X130.481 Y105.629 E.06671
G1 X130.472 Y104.685 E.06673
M73 P69 R13

G1 X130.514 Y103.741 E.0668
G1 X130.597 Y102.86 E.06255
G1 X130.69 Y102.186 E.0481
G1 X130.865 Y101.243 E.0678
G1 X131.003 Y100.646 E.04331
G1 X131.257 Y99.728 E.06733
G1 X131.557 Y98.833 E.06673
G1 X131.903 Y97.955 E.06671
G1 X132.294 Y97.096 E.06672
G1 X132.73 Y96.259 E.06671
G1 X133.21 Y95.444 E.06686
G1 X133.698 Y94.706 E.06254
G1 X134.096 Y94.154 E.0481
G1 X134.688 Y93.41 E.06721
G1 X135.313 Y92.703 E.0667
G1 X135.976 Y92.029 E.06683
G1 X136.628 Y91.43 E.06259
G1 X137.148 Y90.992 E.04806
G1 X137.902 Y90.413 E.0672
G1 X138.68 Y89.878 E.06674
G1 X139.486 Y89.385 E.06679
G1 X140.263 Y88.961 E.06257
G1 X140.874 Y88.661 E.04812
G1 X141.754 Y88.279 E.06781
G1 X142.325 Y88.06 E.04323
G1 X143.228 Y87.757 E.06733
G1 X144.138 Y87.505 E.06675
G1 X145.06 Y87.301 E.06675
G1 X145.991 Y87.145 E.06673
G1 X146.929 Y87.038 E.06674
G1 X147.872 Y86.981 E.06678
G1 X148.464 Y86.975 E.04185
G1 E-8 F1500
G1 Z4.36 F3000
G1 X135.311 Y116.889 F12000
G1 Z4.16 F3000
G1 E10 F1500
;TYPE:Solid infill
G1 E-30 F1500
G1 Z9.16 F300.0
G1 F12000.0
T0
G1 Z4.16 F300.0
G1 E32.0 F1500
G1 F12000.0
;WIDTH:0.578673
G1 F735.294
G1 X136.395 Y117.982 E.10445
G1 X135.521 Y117.107 E.08391
G1 E-8 F1500
G1 Z4.36 F3000
G1 X133.623 Y114.448 F12000
G1 Z4.16 F3000
G1 E10 F1500
G1 F735.294
G1 X133.577 Y114.493 E.00437
G1 X133.594 Y114.555 E.00436
G1 X133.656 Y114.572 E.00436
G1 X133.701 Y114.526 E.00437
G1 X133.684 Y114.465 E.0043
;WIDTH:0.626836
G1 F671.846
G1 X133.837 Y114.702 E.02095
;WIDTH:0.675
G1 F618.478
G1 X133.989 Y114.939 E.02271
G1 X138.575 Y119.525 E.52317
G1 X138.812 Y119.676 E.02267
;WIDTH:0.626836
G1 F671.846
G1 X139.049 Y119.827 E.02087
;WIDTH:0.578673
G1 F735.294
G1 X139.065 Y119.889 E.00434
G1 X139.02 Y119.934 E.00432
G1 X138.959 Y119.917 E.0043
G1 X138.942 Y119.856 E.0043
G1 X138.987 Y119.811 E.00432
G1 E-8 F1500
G1 Z4.36 F3000
G1 X141.062 Y120.983 F12000
G1 Z4.16 F3000
G1 E10 F1500
G1 F735.294
G1 X141.017 Y121.028 E.00432
G1 X141.034 Y121.09 E.00436
G1 X141.095 Y121.106 E.00428
G1 X141.14 Y121.061 E.00432
G1 X141.124 Y120.999 E.00434
;WIDTH:0.626836
G1 F671.846
G1 X140.887 Y120.871 E.02
;WIDTH:0.675
G1 F618.478
G1 X140.65 Y120.742 E.02177
G1 X132.764 Y112.856 E.89963
G1 E-8 F1500
G1 Z4.36 F3000
G1 X132.081 Y111.315 F12000
G1 Z4.16 F3000
G1 E10 F1500
G1 F618.478
G1 X142.179 Y121.414 E1.15203
G1 X142.416 Y121.528 E.02121
;WIDTH:0.626836
G1 F671.846
G1 X142.653 Y121.642 E.01953
;WIDTH:0.578673
G1 F735.294
G1 X142.669 Y121.703 E.00428
G1 X142.624 Y121.749 E.00437
G1 X142.563 Y121.732 E.0043
G1 X142.546 Y121.67 E.00436
G1 X142.591 Y121.625 E.00432
G1 E-8 F1500
G1 Z4.36 F3000
G1 X144.584 Y122.385 F12000
G1 Z4.16 F3000
G1 E10 F1500
G1 F735.294
G1 X143.721 Y122.161 E.0605
;WIDTH:0.626836
G1 F671.846
G1 X143.602 Y122.011 E.01422
;WIDTH:0.675
G1 F618.478
G1 X143.484 Y121.861 E.0154
G1 X131.639 Y110.016 E1.35127
G1 X131.339 Y109.779 E.03084
;WIDTH:0.578673
G1 F735.294
G1 X131.126 Y108.944 E.05847
;WIDTH:0.626836
G1 F671.846
G1 X131.233 Y108.902 E.00854
;WIDTH:0.675
G1 F618.478
G1 X131.341 Y108.86 E.00935
G1 X144.645 Y122.165 E1.51776
G1 X145.708 Y122.37 E.08733
G1 X131.135 Y107.798 E1.66242
G1 X131.004 Y106.809 E.08048
G1 X146.696 Y122.501 E1.79013
G1 X147.625 Y122.572 E.07516
G1 X130.933 Y105.88 E1.90421
G1 X130.911 Y105.001 E.07093
G1 X148.499 Y122.589 E2.00642
G1 X149.337 Y122.57 E.06762
G1 X130.932 Y104.164 E2.09968
G1 X130.988 Y103.362 E.06485
M73 P70 R12
G1 X150.14 Y122.515 E2.1849
G1 X150.91 Y122.427 E.06252
G1 X131.075 Y102.592 E2.26276
G1 X131.195 Y101.855 E.06023
G1 X151.646 Y122.306 E2.33303
G1 X152.358 Y122.16 E.05863
G1 X131.337 Y101.139 E2.39806
G1 X131.509 Y100.454 E.05697
G1 X153.046 Y121.991 E2.45692
G1 X153.714 Y121.802 E.056
G1 X131.698 Y99.786 E2.51156
G1 X131.913 Y99.143 E.05469
G1 X154.357 Y121.587 E2.56039
G1 X154.983 Y121.355 E.05385
G1 X132.149 Y98.521 E2.60488
G1 X132.4 Y97.915 E.05291
G1 X155.584 Y121.099 E2.64481
G1 X156.171 Y120.828 E.05215
M73 P71 R12
G1 X132.669 Y97.326 E2.68109
G1 X132.961 Y96.761 E.0513
G1 X156.743 Y120.543 E2.71303
G1 X157.291 Y120.234 E.05075
G1 X133.266 Y96.209 E2.74075
G1 X133.584 Y95.669 E.05055
G1 X157.829 Y119.914 E2.76585
G1 X158.347 Y119.574 E.04998
G1 X133.925 Y95.153 E2.78598
G1 X134.277 Y94.648 E.04966
G1 X158.854 Y119.224 E2.80366
G1 X159.339 Y118.852 E.04931
G1 X134.648 Y94.161 E2.81673
G1 X135.028 Y93.684 E.04919
G1 X159.813 Y118.468 E2.82739
G1 X160.275 Y118.073 E.04903
M73 P72 R12
G1 X135.431 Y93.229 E2.83418
G1 X135.845 Y92.785 E.04897
G1 X160.719 Y117.659 E2.8376
G1 X161.144 Y117.227 E.04888
M73 P72 R11
G1 X136.27 Y92.352 E2.83766
G1 X136.716 Y91.941 E.04892
G1 X161.558 Y116.784 E2.83401
G1 X161.961 Y116.329 E.04903
G1 X137.173 Y91.541 E2.82779
G1 X137.648 Y91.158 E.04922
G1 X162.342 Y115.852 E2.81707
G1 X162.711 Y115.364 E.04935
G1 X138.133 Y90.786 E2.80383
G1 X138.64 Y90.435 E.04974
M73 P73 R11
G1 X163.068 Y114.864 E2.78678
G1 X163.403 Y114.341 E.0501
G1 X139.159 Y90.097 E2.76573
G1 X139.69 Y89.771 E.05026
G1 X163.726 Y113.806 E2.74195
G1 X164.035 Y113.259 E.05068
G1 X140.245 Y89.468 E2.714
G1 X140.812 Y89.178 E.05137
G1 X164.321 Y112.686 E2.68183
G1 X164.595 Y112.103 E.05196
G1 X141.4 Y88.908 E2.64606
G1 X142.001 Y88.651 E.05273
G1 X164.845 Y111.495 E2.60602
G1 X165.081 Y110.874 E.05359
G1 X142.626 Y88.419 E2.56165
G1 X143.268 Y88.204 E.05461
M73 P74 R11
G1 X165.296 Y110.232 E2.51293
G1 X165.486 Y109.564 E.05602
G1 X143.936 Y88.014 E2.4584
G1 X144.624 Y87.844 E.05717
G1 X165.659 Y108.88 E2.39971
G1 X165.801 Y108.164 E.05888
G1 X145.334 Y87.697 E2.33486
G1 X146.069 Y87.575 E.0601
G1 X165.923 Y107.429 E2.26493
G1 X166.01 Y106.658 E.06259
M73 P74 R10
G1 X146.839 Y87.487 E2.18701
G1 X147.641 Y87.432 E.06485
G1 X166.067 Y105.858 E2.10202
G1 X166.089 Y105.022 E.06746
G1 X148.484 Y87.417 E2.00836
G1 X149.362 Y87.438 E.07085
G1 X166.069 Y104.145 E1.90592
G1 X165.999 Y103.217 E.07507
M73 P75 R10
G1 X150.28 Y87.498 E1.79321
G1 X151.264 Y87.625 E.08003
G1 X165.869 Y102.23 E1.66612
G1 E-8 F1500
G1 Z4.36 F3000
G1 X165.67 Y100.253 F12000
G1 Z4.16 F3000
G1 E10 F1500
;WIDTH:0.578673
G1 F735.294
G1 X165.879 Y101.075 E.05755
;WIDTH:0.626836
G1 F671.846
G1 X165.772 Y101.122 E.00868
;WIDTH:0.675
G1 F618.478
G1 X165.666 Y101.169 E.00935
G1 X152.327 Y87.831 E1.52164
G1 X152.441 Y87.623 E.01913
;WIDTH:0.578673
G1 F735.294
G1 X153.244 Y87.827 E.05621
;WIDTH:0.675
G1 F618.478
G1 X153.482 Y88.128 E.03095
G1 X165.37 Y100.016 E1.35617
G1 X165.25 Y99.106 E.07404
;WIDTH:0.578673
G1 F735.294
G1 X165.266 Y99.167 E.00428
G1 X165.221 Y99.212 E.00432
G1 X165.16 Y99.196 E.00428
G1 X165.143 Y99.134 E.00436
G1 X165.188 Y99.089 E.00432
;WIDTH:0.626836
G1 F671.846
G1 X165.061 Y98.906 E.01654
;WIDTH:0.675
G1 F618.478
G1 X164.934 Y98.722 E.01803
G1 X154.783 Y88.571 E1.15802
G1 X154.591 Y88.413 E.02006
;WIDTH:0.626836
G1 F671.846
G1 X154.399 Y88.255 E.01846
;WIDTH:0.578673
G1 F735.294
G1 X154.416 Y88.316 E.0043
G1 X154.371 Y88.361 E.00432
G1 X154.309 Y88.345 E.00434
G1 X154.293 Y88.283 E.00434
G1 X154.338 Y88.238 E.00432
G1 E-8 F1500
G1 Z4.36 F3000
G1 X155.856 Y88.87 F12000
G1 Z4.16 F3000
G1 E10 F1500
G1 F735.294
G1 X155.811 Y88.915 E.00432
G1 X155.828 Y88.977 E.00436
G1 X155.889 Y88.993 E.00428
G1 X155.934 Y88.948 E.00432
G1 X155.918 Y88.887 E.00428
;WIDTH:0.626836
G1 F671.846
G1 X156.11 Y89.06 E.01919
;WIDTH:0.675
G1 F618.478
G1 X156.301 Y89.232 E.02073
G1 X164.266 Y97.197 E.90864
G1 X164.407 Y97.38 E.01864
;WIDTH:0.626836
G1 F671.846
G1 X164.549 Y97.564 E.01726
;WIDTH:0.578673
G1 F735.294
G1 X164.504 Y97.609 E.00432
G1 X164.52 Y97.671 E.00434
G1 X164.582 Y97.687 E.00434
G1 X164.627 Y97.642 E.00432
G1 X164.61 Y97.58 E.00436
G1 E-8 F1500
G1 Z4.36 F3000
G1 X163.392 Y95.502 F12000
G1 Z4.16 F3000
G1 E10 F1500
G1 F735.294
G1 X163.347 Y95.547 E.00432
G1 X163.364 Y95.609 E.00436
G1 X163.425 Y95.626 E.0043
G1 X163.47 Y95.58 E.00437
G1 X163.454 Y95.519 E.00428
;WIDTH:0.626836
G1 F671.846
G1 X163.258 Y95.327 E.02037
;WIDTH:0.675
G1 F618.478
G1 X158.153 Y90.223 E.58232
;WIDTH:0.626836
G1 F671.846
G1 X157.961 Y90.029 E.02027
;WIDTH:0.578673
G1 F735.294
G1 X157.977 Y90.09 E.00428
G1 X157.932 Y90.135 E.00432
G1 X157.871 Y90.119 E.00428
G1 X157.854 Y90.057 E.00436
G1 X157.899 Y90.012 E.00432
G1 E-8 F1500
G1 Z4.36 F3000
G1 X161.26 Y92.679 F12000
G1 Z4.16 F3000
G1 E10 F1500
G1 F735.294
G1 X161.864 Y93.309 E.05922
G1 X161.47 Y92.898 E.03863
;LAYER_CHANGE
;Z:4.48
;HEIGHT:0.32

G1 E-8 F1500
G1 Z4.48 F3000
;AFTER_LAYER_CHANGE
;4.48
G92 E0
_ON_LAYER_CHANGE LAYER=14
G1 Z4.68
G1 X148.508 Y85.343 F12000
G1 Z4.48 F3000
G1 E10 F1500
;TYPE:External perimeter
;WIDTH:0.675
G1 F618.478
G1 X148.798 Y85.34 E.02339
G1 X149.528 Y85.364 E.05892
G1 X150.555 Y85.445 E.0831
G1 X151.576 Y85.58 E.08308
G1 X152.589 Y85.768 E.08311
G1 X153.255 Y85.921 E.05512
G1 X154.249 Y86.197 E.08322
G1 X155.225 Y86.523 E.08301
G1 X156.183 Y86.901 E.08308
G1 X157.119 Y87.328 E.08299
G1 X158.033 Y87.803 E.08309
G1 X158.92 Y88.325 E.08302
G1 X159.74 Y88.868 E.07933
G1 X160.332 Y89.296 E.05893
G1 X161.139 Y89.938 E.08318
G1 X161.91 Y90.62 E.08303
G1 X162.644 Y91.342 E.08305
G1 X163.309 Y92.066 E.0793
G1 X163.78 Y92.625 E.05896
G1 X164.407 Y93.443 E.08314
G1 X164.991 Y94.292 E.08312
G1 X165.353 Y94.872 E.05515
G1 X165.861 Y95.769 E.08316
G1 X166.32 Y96.69 E.08301
G1 X166.731 Y97.636 E.0832
G1 X166.976 Y98.274 E.05513
G1 X167.303 Y99.251 E.08311
G1 X167.578 Y100.243 E.08304
G1 X167.801 Y101.248 E.08304
G1 X167.971 Y102.264 E.0831
G1 X168.088 Y103.286 E.08298
G1 X168.15 Y104.314 E.08308
G1 X168.159 Y105.343 E.08301
G1 X168.114 Y106.372 E.08308
G1 X168.016 Y107.398 E.08314
G1 X167.921 Y108.074 E.05507
G1 X167.732 Y109.089 E.08328
G1 X167.579 Y109.755 E.05512
G1 X167.303 Y110.749 E.08322
G1 X166.977 Y111.725 E.08301
G1 X166.599 Y112.683 E.08308
G1 X166.172 Y113.621 E.08314
G1 X165.862 Y114.23 E.05512
G1 X165.354 Y115.127 E.08316
G1 X164.801 Y115.995 E.08302
G1 X164.203 Y116.833 E.08304
G1 X163.562 Y117.639 E.08307
G1 X162.88 Y118.41 E.08303
G1 X162.159 Y119.144 E.083
G1 X161.4 Y119.839 E.08302
G1 X160.605 Y120.494 E.08309
G1 X159.777 Y121.107 E.0831
G1 X159.21 Y121.489 E.05515
G1 X158.33 Y122.029 E.08329
G1 X157.732 Y122.36 E.05513
G1 X156.81 Y122.82 E.08312
G1 X155.864 Y123.231 E.0832
G1 X155.226 Y123.476 E.05513
G1 X154.249 Y123.803 E.08311
G1 X153.257 Y124.078 E.08304
G1 X152.252 Y124.301 E.08304
G1 X151.236 Y124.471 E.0831
G1 X150.214 Y124.588 E.08298
G1 X149.186 Y124.65 E.08308
G1 X148.157 Y124.659 E.08301
G1 X147.128 Y124.614 E.08308
G1 X146.102 Y124.516 E.08314
G1 X145.426 Y124.421 E.05507
G1 X144.412 Y124.233 E.08319
G1 X143.41 Y123.992 E.08313
G1 X142.753 Y123.804 E.05512
G1 X141.775 Y123.477 E.08318
G1 X140.817 Y123.099 E.08308
G1 X139.922 Y122.692 E.07931
G1 X139.27 Y122.361 E.05898
G1 X138.373 Y121.854 E.08312
G1 X137.505 Y121.301 E.08302
G1 X136.667 Y120.703 E.08304
G1 X135.861 Y120.062 E.08307
G1 X135.09 Y119.38 E.08303
G1 X134.355 Y118.658 E.08311
G1 X133.889 Y118.158 E.05513
G1 X133.219 Y117.374 E.08319
G1 X132.593 Y116.557 E.08303
G1 X132.009 Y115.708 E.08312
G1 X131.647 Y115.128 E.05515
G1 X131.139 Y114.231 E.08316
G1 X130.68 Y113.31 E.08301
G1 X130.269 Y112.364 E.0832
G1 X130.024 Y111.726 E.05513
G1 X129.697 Y110.749 E.08311
G1 X129.422 Y109.757 E.08304
M73 P76 R10
G1 X129.199 Y108.752 E.08304
G1 X129.029 Y107.736 E.0831
G1 X128.912 Y106.714 E.08298
G1 X128.85 Y105.686 E.08308
G1 X128.841 Y104.657 E.08301
G1 X128.883 Y103.674 E.07937
G1 X128.945 Y102.946 E.05894
G1 X129.08 Y101.924 E.08316
G1 X129.268 Y100.911 E.08311
G1 X129.421 Y100.245 E.05512
G1 X129.697 Y99.251 E.08322
G1 X130.023 Y98.275 E.08301
G1 X130.401 Y97.317 E.08308
G1 X130.828 Y96.381 E.08299
G1 X131.303 Y95.468 E.08302
G1 X131.825 Y94.58 E.08309
G1 X132.368 Y93.76 E.07933
G1 X132.796 Y93.168 E.05893
G1 X133.438 Y92.361 E.08318
G1 X134.12 Y91.59 E.08303
G1 X134.842 Y90.856 E.08305
G1 X135.566 Y90.191 E.0793
G1 X136.125 Y89.72 E.05896
G1 X136.943 Y89.093 E.08314
G1 X137.791 Y88.51 E.08301
G1 X138.63 Y87.995 E.07941
G1 X139.268 Y87.64 E.0589
G1 X140.19 Y87.18 E.08312
G1 X141.136 Y86.769 E.0832
G1 X141.774 Y86.524 E.05513
G1 X142.751 Y86.197 E.08311
G1 X143.743 Y85.922 E.08304
G1 X144.748 Y85.699 E.08304
G1 X145.764 Y85.529 E.0831
G1 X146.786 Y85.412 E.08298
G1 X147.814 Y85.35 E.08308
G1 X148.478 Y85.343 E.05357
G1 X149.078 Y85.35 F12000
G1 X148.503 Y85.912
;TYPE:Perimeter
G1 E-30 F1500
G1 Z9.48 F300.0
G1 F12000.0
T1
G1 Z4.48 F300.0
PRIME_FIBRE
G1 E45.0 F1500
G1 F12000.0
;WIDTH:0.6
G1 F705.78
G1 X148.791 Y85.909 E.02036
G1 X149.496 Y85.933 E.04986 U0.705
G1 X150.496 Y86.011 E.0709 U1.708
G1 X151.487 Y86.142 E.07066 U2.708
G1 X152.474 Y86.325 E.07096 U3.712
G1 X153.115 Y86.473 E.0465 U4.37
G1 X154.082 Y86.741 E.07093 U5.373
G1 X155.03 Y87.058 E.07066 U6.373
G1 X155.96 Y87.424 E.07065 U7.372
G1 X156.87 Y87.839 E.0707 U8.372
G1 X157.757 Y88.301 E.0707 U9.372
G1 X158.618 Y88.808 E.07063 U10.372
G1 X159.417 Y89.336 E.0677 U11.329
G1 X159.988 Y89.749 E.04981 U12.034
G1 X160.773 Y90.374 E.07093 U13.038
G1 X161.522 Y91.036 E.07066 U14.037
G1 X162.235 Y91.737 E.07068 U15.037
G1 X162.882 Y92.442 E.06764 U15.994
G1 X163.336 Y92.982 E.04987 U16.699
G1 X163.947 Y93.777 E.07088 U17.702
G1 X164.515 Y94.604 E.07092 U18.705
G1 X164.864 Y95.163 E.04658 U19.364
G1 X165.358 Y96.036 E.07091 U20.367
G1 X165.804 Y96.931 E.07069 U21.367
G1 X166.205 Y97.851 E.07094 U22.371
G1 X166.601 Y98.944 E.08218 U23.533
G1 X166.893 Y99.899 E.07059 U24.532
G1 X167.134 Y100.869 E.07065 U25.532
G1 X167.325 Y101.85 E.07065 U26.531
G1 X167.464 Y102.839 E.0706 U27.53
G1 X167.551 Y103.835 E.07067 U28.53
G1 X167.59 Y105.333 E.10593 U30.028
G1 X167.547 Y106.332 E.07068 U31.028
G1 X167.451 Y107.331 E.07094 U32.032
G1 X167.359 Y107.983 E.04655 U32.69
G1 X167.175 Y108.974 E.07125 U33.698
G1 X167.027 Y109.615 E.0465 U34.356
G1 X166.759 Y110.582 E.07093 U35.359
G1 X166.442 Y111.53 E.07066 U36.359
G1 X166.076 Y112.46 E.07065 U37.358
G1 X165.659 Y113.374 E.07102 U38.363
G1 X165.36 Y113.96 E.0465 U39.021
G1 X164.866 Y114.834 E.07097 U40.025
G1 X164.329 Y115.677 E.07065 U41.024
G1 X163.749 Y116.491 E.07065 U42.024
G1 X163.126 Y117.273 E.07068 U43.024
G1 X162.464 Y118.022 E.07066 U44.023
G1 X161.763 Y118.735 E.07068 U45.023
G1 X161.026 Y119.41 E.07065 U46.023
G1 X160.255 Y120.046 E.07065 U47.022
G1 X159.448 Y120.643 E.07096 U48.026
G1 X158.902 Y121.011 E.04654 U48.684
G1 X158.043 Y121.537 E.0712 U49.692
G1 X157.467 Y121.857 E.04658 U50.35
G1 X156.569 Y122.304 E.07091 U51.354
G1 X155.649 Y122.705 E.07094 U52.357
G1 X155.034 Y122.941 E.04656 U53.016
G1 X154.082 Y123.259 E.07095 U54.02
G1 X153.119 Y123.526 E.07064 U55.019
G1 X152.143 Y123.743 E.07068 U56.019
G1 X151.157 Y123.908 E.07067 U57.018
G1 X150.164 Y124.021 E.07065 U58.018
G1 X149.166 Y124.082 E.07068 U59.018
G1 X148.167 Y124.09 E.07062 U60.017
G1 X147.168 Y124.047 E.07068 U61.017
G1 X146.169 Y123.951 E.07094 U62.02
G1 X145.517 Y123.859 E.04655 U62.679
G1 X144.53 Y123.676 E.07096 U63.683
G1 X143.554 Y123.442 E.07095 U64.686
G1 X142.921 Y123.26 E.04656 U65.345
G1 X141.97 Y122.942 E.07088 U66.348
G1 X141.039 Y122.575 E.07074 U67.348
G1 X140.168 Y122.179 E.06763 U68.305
G1 X139.539 Y121.86 E.04985 U69.01
G1 X138.666 Y121.366 E.07091 U70.013
G1 X137.823 Y120.829 E.07065 U71.013
G1 X137.009 Y120.249 E.07065 U72.012
G1 X136.227 Y119.626 E.07068 U73.012
G1 X135.478 Y118.964 E.07066 U74.012
G1 X134.763 Y118.261 E.07088 U75.015
G1 X134.313 Y117.779 E.04661 U75.674
G1 X133.662 Y117.016 E.0709 U76.677
G1 X133.053 Y116.223 E.07068 U77.677
G1 X132.485 Y115.396 E.07092 U78.68
G1 X132.136 Y114.837 E.04658 U79.339
G1 X131.642 Y113.964 E.07091 U80.342
G1 X131.196 Y113.069 E.07069 U81.342
G1 X130.795 Y112.149 E.07094 U82.346
G1 X130.559 Y111.534 E.04656 U83.005
G1 X130.241 Y110.582 E.07095 U84.008
G1 X129.974 Y109.619 E.07064 U85.008
G1 X129.757 Y108.643 E.07068 U86.007
G1 X129.592 Y107.657 E.07067 U87.007
G1 X129.479 Y106.664 E.07065 U88.007
G1 X129.418 Y105.666 E.07068 U89.006
G1 X129.41 Y104.666 E.07069 U90.006
G1 X129.45 Y103.71 E.06764 U90.963
G1 X129.511 Y103.007 E.04988 U91.669
G1 X129.642 Y102.013 E.07087 U92.671
G1 X129.825 Y101.026 E.07096 U93.675
G1 X129.973 Y100.385 E.0465 U94.333
G1 X130.241 Y99.418 E.07093 U95.337
G1 X130.558 Y98.47 E.07066 U96.336
G1 X130.924 Y97.54 E.07065 U97.336
G1 X131.339 Y96.63 E.0707 U98.336
G1 X131.801 Y95.743 E.0707 U99.336
G1 X132.308 Y94.882 E.07063 U100.335
G1 X132.836 Y94.083 E.0677 U101.293
G1 X133.249 Y93.512 E.04981 U101.998
G1 X133.874 Y92.727 E.07093 U103.001
G1 X134.536 Y91.978 E.07066 U104.001
G1 X135.237 Y91.265 E.07068 U105.0
G1 X135.942 Y90.618 E.06764 U105.957
G1 X136.482 Y90.164 E.04987 U106.663
G1 X137.277 Y89.553 E.07088 U107.665
G1 X138.101 Y88.987 E.07066 U108.665
G1 X138.917 Y88.486 E.06769 U109.623
G1 X139.533 Y88.143 E.04984 U110.328
G1 X140.431 Y87.696 E.07091 U111.331
G1 X141.351 Y87.295 E.07094 U112.334
G1 X141.966 Y87.059 E.04656 U112.993
G1 X142.918 Y86.741 E.07095 U113.997
G1 X143.881 Y86.474 E.07064 U114.996
G1 X144.857 Y86.257 E.07068 U115.996
G1 X145.843 Y86.092 E.07067 U116.996
G1 X146.836 Y85.979 E.07065 U117.995
G1 X147.834 Y85.918 E.07068 U118.995
G1 X148.473 Y85.912 E.04517 U119.634
G1 X148.499 Y86.443 F12000 U120.166
G1 F705.78
G1 X148.785 Y86.441 E.02022 U120.452
G1 X149.466 Y86.463 E.04816 U121.133
G1 X150.44 Y86.54 E.06906 U122.11
G1 X151.404 Y86.667 E.06873 U123.082
G1 X152.365 Y86.845 E.06909 U124.06
G1 X152.985 Y86.988 E.04498 U124.696
G1 X153.927 Y87.249 E.0691 U125.674
G1 X154.849 Y87.558 E.06874 U126.646
G1 X155.753 Y87.914 E.06868 U127.617
G1 X156.637 Y88.317 E.06868 U128.589
G1 X157.499 Y88.765 E.06867 U129.56
G1 X158.337 Y89.259 E.06876 U130.533
G1 X159.114 Y89.773 E.06585 U131.465
G1 X159.667 Y90.173 E.04824 U132.147
G1 X160.431 Y90.781 E.06902 U133.124
G1 X161.159 Y91.425 E.06871 U134.096
G1 X161.853 Y92.106 E.06873 U135.068
G1 X162.483 Y92.793 E.06589 U136.0
G1 X162.922 Y93.315 E.04821 U136.682
G1 X163.517 Y94.09 E.06907 U137.659
G1 X164.071 Y94.896 E.06914 U138.637
G1 X164.408 Y95.434 E.04488 U139.272
G1 X164.889 Y96.286 E.06916 U140.251
G1 X165.323 Y97.155 E.06866 U141.222
G1 X165.586 Y97.761 E.0467 U141.883
G1 X165.827 Y98.349 E.04492 U142.518
G1 X166.097 Y99.112 E.05721 U143.327
G1 X166.381 Y100.041 E.06867 U144.299
G1 X166.616 Y100.984 E.0687 U145.271
G1 X166.801 Y101.937 E.06862 U146.241
G1 X166.936 Y102.899 E.06867 U147.213
G1 X167.021 Y103.867 E.06869 U148.185
G1 X167.059 Y105.324 E.10303 U149.642
G1 X167.017 Y106.295 E.0687 U150.614
G1 X166.923 Y107.268 E.0691 U151.592
G1 X166.834 Y107.898 E.04498 U152.228
G1 X166.655 Y108.865 E.06952 U153.211
G1 X166.512 Y109.484 E.04491 U153.847
G1 X166.251 Y110.427 E.06916 U154.825
G1 X165.942 Y111.349 E.06874 U155.797
G1 X165.586 Y112.253 E.06868 U156.769
G1 X165.181 Y113.143 E.06912 U157.747
G1 X164.892 Y113.709 E.04492 U158.382
G1 X164.411 Y114.56 E.0691 U159.36
G1 X163.888 Y115.38 E.06875 U160.332
G1 X163.324 Y116.171 E.06867 U161.304
G1 X162.719 Y116.931 E.06867 U162.275
G1 X162.075 Y117.659 E.06871 U163.247
G1 X161.394 Y118.352 E.06868 U164.219
G1 X160.678 Y119.009 E.06869 U165.191
G1 X159.928 Y119.627 E.0687 U166.162
G1 X159.142 Y120.209 E.06913 U167.14
G1 X158.615 Y120.564 E.04492 U167.776
G1 X157.776 Y121.078 E.06955 U168.76
G1 X157.22 Y121.386 E.04493 U169.395
G1 X156.345 Y121.823 E.06914 U170.373
G1 X155.448 Y122.213 E.06914 U171.352
G1 X154.854 Y122.44 E.04495 U171.987
G1 X153.927 Y122.751 E.06912 U172.965
G1 X152.991 Y123.01 E.06865 U173.936
G1 X152.042 Y123.221 E.06872 U174.909
G1 X151.083 Y123.381 E.06873 U175.881
G1 X150.118 Y123.491 E.06866 U176.852
G1 X149.148 Y123.551 E.0687 U177.824
G1 X148.176 Y123.559 E.06871 U178.796
G1 X147.205 Y123.517 E.0687 U179.768
G1 X146.232 Y123.423 E.0691 U180.745
G1 X145.602 Y123.334 E.04498 U181.382
G1 X144.641 Y123.156 E.06909 U182.359
G1 X143.69 Y122.928 E.06913 U183.337
G1 X143.079 Y122.753 E.04493 U183.973
G1 X142.151 Y122.442 E.06918 U184.951
G1 X141.247 Y122.086 E.06868 U185.923
G1 X140.399 Y121.7 E.06586 U186.855
G1 X139.79 Y121.392 E.04824 U187.537
G1 X138.94 Y120.911 E.06904 U188.514
G1 X138.12 Y120.388 E.06875 U189.486
G1 X137.329 Y119.824 E.06867 U190.458
G1 X136.569 Y119.219 E.06867 U191.429
G1 X135.841 Y118.575 E.06871 U192.401
G1 X135.143 Y117.89 E.06913 U193.379
G1 X134.71 Y117.425 E.04491 U194.014
G1 X134.075 Y116.681 E.06914 U194.993
G1 X133.483 Y115.91 E.06871 U195.965
G1 X132.929 Y115.104 E.06914 U196.943
G1 X132.592 Y114.566 E.04488 U197.578
G1 X132.111 Y113.714 E.06916 U198.556
G1 X131.677 Y112.845 E.06866 U199.527
G1 X131.287 Y111.948 E.06914 U200.505
G1 X131.06 Y111.354 E.04495 U201.141
G1 X130.749 Y110.427 E.06912 U202.119
G1 X130.49 Y109.491 E.06865 U203.09
G1 X130.279 Y108.542 E.06872 U204.062
G1 X130.119 Y107.583 E.06873 U205.035
G1 X130.009 Y106.618 E.06866 U206.006
G1 X129.949 Y105.648 E.0687 U206.978
G1 X129.941 Y104.675 E.06878 U207.951
G1 X129.981 Y103.744 E.06587 U208.883
G1 X130.039 Y103.065 E.04817 U209.564
G1 X130.167 Y102.096 E.06909 U210.542
G1 X130.345 Y101.135 E.06909 U211.519
G1 X130.488 Y100.515 E.04498 U212.155
G1 X130.749 Y99.573 E.0691 U213.133
G1 X131.058 Y98.651 E.06874 U214.105
G1 X131.414 Y97.747 E.06868 U215.077
G1 X131.817 Y96.863 E.06868 U216.048
G1 X132.265 Y96.001 E.06867 U217.02
G1 X132.759 Y95.163 E.06876 U217.992
G1 X133.273 Y94.386 E.06585 U218.924
G1 X133.673 Y93.833 E.04824 U219.607
G1 X134.281 Y93.069 E.06902 U220.583
G1 X134.925 Y92.341 E.06871 U221.555
G1 X135.606 Y91.647 E.06873 U222.527
G1 X136.293 Y91.017 E.06589 U223.459
G1 X136.815 Y90.578 E.04821 U224.141
G1 X137.59 Y89.983 E.06907 U225.118
G1 X138.391 Y89.432 E.06872 U226.091
G1 X139.185 Y88.945 E.06584 U227.022
G1 X139.781 Y88.613 E.04823 U227.704
G1 X140.655 Y88.177 E.06904 U228.681
M73 P76 R9
G1 X141.552 Y87.787 E.06914 U229.659
G1 X142.146 Y87.56 E.04495 U230.295
G1 X143.073 Y87.249 E.06912 U231.273
G1 X144.009 Y86.99 E.06865 U232.244
G1 X144.958 Y86.779 E.06872 U233.216
G1 X145.917 Y86.619 E.06873 U234.188
G1 X146.882 Y86.509 E.06866 U235.16
G1 X147.853 Y86.449 E.06877 U236.133
G1 X148.469 Y86.444 E.04355 U236.749
G1 X148.494 Y86.975 F12000 U237.28
G1 F705.78
G1 X148.778 Y86.972 E.02008 U237.564
G1 X149.437 Y86.994 E.04661 U238.224
G1 X150.385 Y87.068 E.06722 U239.174
G1 X151.321 Y87.192 E.06674 U240.119
G1 X152.257 Y87.365 E.06728 U241.07
G1 X152.854 Y87.503 E.04331 U241.683
G1 X153.772 Y87.757 E.06733 U242.636
G1 X154.667 Y88.057 E.06673 U243.58
G1 X155.545 Y88.403 E.06671 U244.523
G1 X156.404 Y88.794 E.06672 U245.467
G1 X157.241 Y89.23 E.06671 U246.411
G1 X158.055 Y89.71 E.0668 U247.356
G1 X158.812 Y90.21 E.06413 U248.263
G1 X159.345 Y90.596 E.04652 U248.921
G1 X160.09 Y91.188 E.06726 U249.873
G1 X160.797 Y91.813 E.0667 U250.816
G1 X161.471 Y92.476 E.06683 U251.762
G1 X162.084 Y93.144 E.06409 U252.669
G1 X162.508 Y93.648 E.04656 U253.327
G1 X163.087 Y94.402 E.0672 U254.278
G1 X163.626 Y95.187 E.06731 U255.23
G1 X163.951 Y95.706 E.04329 U255.842
G1 X164.42 Y96.535 E.06733 U256.795
G1 X164.841 Y97.38 E.06673 U257.739
G1 X165.099 Y97.973 E.04571 U258.386
G1 X165.331 Y98.539 E.04324 U258.997
G1 X165.593 Y99.281 E.05562 U259.784
G1 X165.869 Y100.183 E.06668 U260.728
G1 X166.097 Y101.099 E.06673 U261.671
G1 X166.277 Y102.025 E.06668 U262.615
M73 P77 R9
G1 X166.408 Y102.96 E.06674 U263.559
G1 X166.491 Y103.9 E.06671 U264.503
G1 X166.528 Y105.315 E.10006 U265.918
G1 X166.486 Y106.258 E.06672 U266.862
G1 X166.395 Y107.206 E.06732 U267.814
G1 X166.31 Y107.812 E.04326 U268.426
G1 X166.135 Y108.757 E.06794 U269.387
G1 X165.997 Y109.354 E.04331 U270.0
G1 X165.743 Y110.272 E.06733 U270.953
G1 X165.443 Y111.167 E.06673 U271.897
G1 X165.097 Y112.045 E.06671 U272.84
G1 X164.702 Y112.912 E.06735 U273.793
G1 X164.424 Y113.457 E.04325 U274.405
G1 X163.955 Y114.286 E.06733 U275.357
G1 X163.448 Y115.082 E.06671 U276.301
G1 X162.9 Y115.851 E.06675 U277.245
G1 X162.312 Y116.59 E.06676 U278.19
G1 X161.687 Y117.297 E.0667 U279.133
G1 X161.025 Y117.97 E.06673 U280.077
G1 X160.329 Y118.608 E.06674 U281.022
G1 X159.601 Y119.208 E.06669 U281.965
G1 X158.835 Y119.775 E.06737 U282.918
G1 X158.327 Y120.117 E.04329 U283.53
G1 X157.508 Y120.619 E.0679 U284.491
G1 X156.972 Y120.916 E.04332 U285.104
G1 X156.12 Y121.341 E.0673 U286.056
G1 X155.246 Y121.721 E.06737 U287.009
G1 X154.675 Y121.94 E.04323 U287.62
G1 X153.772 Y122.243 E.06733 U288.573
G1 X152.862 Y122.495 E.06675 U289.517
G1 X151.94 Y122.699 E.06675 U290.461
G1 X151.009 Y122.855 E.06673 U291.405
G1 X150.071 Y122.962 E.06674 U292.35
G1 X149.129 Y123.019 E.06671 U293.293
G1 X148.185 Y123.028 E.06673 U294.237
G1 X147.242 Y122.986 E.06672 U295.181
G1 X146.294 Y122.895 E.06732 U296.134
G1 X145.688 Y122.81 E.04326 U296.746
G1 X144.751 Y122.636 E.06737 U297.699
G1 X143.825 Y122.414 E.06731 U298.651
G1 X143.237 Y122.245 E.04325 U299.263
G1 X142.333 Y121.943 E.06737 U300.216
CUT
G1 X141.454 Y121.597 E.06678
G1 X140.629 Y121.221 E.06409
G1 X140.041 Y120.923 E.0466
G1 X139.214 Y120.455 E.06717
G1 X138.418 Y119.948 E.06671
G1 X137.649 Y119.4 E.06675
G1 X136.91 Y118.812 E.06676
G1 X136.203 Y118.187 E.0667
G1 X135.524 Y117.519 E.06733
G1 X135.106 Y117.071 E.04331
G1 X134.488 Y116.347 E.06729
G1 X133.913 Y115.598 E.06675
G1 X133.374 Y114.813 E.06731
G1 X133.049 Y114.294 E.04329
G1 X132.58 Y113.465 E.06733
G1 X132.159 Y112.62 E.06673
G1 X131.779 Y111.746 E.06737
G1 X131.56 Y111.175 E.04323
G1 X131.257 Y110.272 E.06733
G1 X131.005 Y109.362 E.06675
G1 X130.801 Y108.44 E.06675
G1 X130.645 Y107.509 E.06673
G1 X130.538 Y106.571 E.06674
G1 X130.481 Y105.629 E.06671
G1 X130.472 Y104.685 E.06673
G1 X130.511 Y103.779 E.0641
G1 X130.568 Y103.122 E.04662
G1 X130.692 Y102.179 E.06723
G1 X130.865 Y101.243 E.06728
G1 X131.003 Y100.646 E.04331
G1 X131.257 Y99.728 E.06733
G1 X131.557 Y98.833 E.06673
G1 X131.903 Y97.955 E.06671
G1 X132.294 Y97.096 E.06672
G1 X132.73 Y96.259 E.06671
G1 X133.21 Y95.445 E.0668
G1 X133.71 Y94.688 E.06413
G1 X134.096 Y94.155 E.04652
G1 X134.688 Y93.41 E.06726
G1 X135.313 Y92.703 E.0667
G1 X135.976 Y92.029 E.06683
G1 X136.644 Y91.416 E.06409
G1 X137.148 Y90.992 E.04656
G1 X137.902 Y90.413 E.0672
G1 X138.681 Y89.878 E.0668
G1 X139.453 Y89.404 E.06404
G1 X140.029 Y89.083 E.04661
G1 X140.88 Y88.659 E.06721
G1 X141.754 Y88.279 E.06737
G1 X142.325 Y88.06 E.04323
G1 X143.228 Y87.757 E.06733
G1 X144.138 Y87.505 E.06675
G1 X145.06 Y87.301 E.06675
G1 X145.991 Y87.145 E.06673
G1 X146.929 Y87.038 E.06674
G1 X147.872 Y86.981 E.06678
G1 X148.464 Y86.975 E.04185
G1 E-8 F1500
G1 Z4.68 F3000
G1 X136.819 Y91.616 F12000
G1 Z4.48 F3000
G1 E10 F1500
;TYPE:Solid infill
G1 E-30 F1500
G1 Z9.48 F300.0
G1 F12000.0
T0
G1 Z4.48 F300.0
G1 E32.0 F1500
G1 F12000.0
;WIDTH:0.578673
G1 F735.294
G1 X135.518 Y92.895 E.12379
G1 X136.6 Y91.825 E.10325
G1 E-8 F1500
G1 Z4.68 F3000
G1 X139.052 Y90.124 F12000
G1 Z4.48 F3000
G1 E10 F1500
G1 F735.294
G1 X139.007 Y90.079 E.00432
G1 X138.945 Y90.096 E.00436
G1 X138.929 Y90.157 E.00428
G1 X138.974 Y90.202 E.00432
G1 X139.035 Y90.186 E.00428
;WIDTH:0.626836
G1 F671.846
G1 X138.799 Y90.337 E.02081
;WIDTH:0.675
G1 F618.478
G1 X138.562 Y90.489 E.02271
G1 X133.979 Y95.072 E.52282
G1 X133.835 Y95.278 E.02027
;WIDTH:0.626836
G1 F671.846
G1 X133.69 Y95.484 E.01871
;WIDTH:0.578673
G1 F735.294
G1 X133.645 Y95.439 E.00432
G1 X133.584 Y95.455 E.00428
G1 X133.567 Y95.517 E.00436
G1 X133.612 Y95.562 E.00432
G1 X133.674 Y95.545 E.00436
G1 E-8 F1500
G1 Z4.68 F3000
G1 X132.517 Y97.562 F12000
G1 Z4.48 F3000
G1 E10 F1500
G1 F735.294
G1 X132.472 Y97.517 E.00432
G1 X132.41 Y97.534 E.00436
G1 X132.394 Y97.595 E.00428
G1 X132.439 Y97.641 E.00437
G1 X132.5 Y97.624 E.0043
;WIDTH:0.626836
G1 F671.846
G1 X132.629 Y97.387 E.02004
;WIDTH:0.675
G1 F618.478
G1 X132.758 Y97.15 E.02177
G1 X140.644 Y89.264 E.89963
G1 E-8 F1500
G1 Z4.68 F3000
G1 X142.185 Y88.581 F12000
G1 Z4.48 F3000
G1 E10 F1500
G1 F618.478
G1 X132.086 Y98.679 E1.15203
G1 X131.972 Y98.916 E.02121
;WIDTH:0.626836
G1 F671.846
G1 X131.858 Y99.153 E.01953
;WIDTH:0.578673
G1 F735.294
G1 X131.796 Y99.169 E.00434
G1 X131.751 Y99.124 E.00432
G1 X131.768 Y99.063 E.0043
G1 X131.829 Y99.046 E.0043
G1 X131.875 Y99.091 E.00437
G1 E-8 F1500
G1 Z4.68 F3000
G1 X131.115 Y101.084 F12000
G1 Z4.48 F3000
G1 E10 F1500
G1 F735.294
G1 X131.339 Y100.221 E.0605
;WIDTH:0.626836
G1 F671.846
G1 X131.489 Y100.103 E.01417
;WIDTH:0.675
G1 F618.478
G1 X131.639 Y99.984 E.01545
G1 X143.484 Y88.139 E1.35127
G1 X143.722 Y87.839 E.03089
;WIDTH:0.578673
G1 F735.294
G1 X144.557 Y87.625 E.05849
;WIDTH:0.626836
G1 F671.846
G1 X144.598 Y87.733 E.00858
;WIDTH:0.675
G1 F618.478
G1 X144.64 Y87.841 E.00935
G1 X131.335 Y101.145 E1.51776
G1 X131.13 Y102.208 E.08733
G1 X145.702 Y87.635 E1.66242
G1 X146.691 Y87.504 E.08048
G1 X130.999 Y103.197 E1.79019
G1 X130.933 Y104.12 E.07464
G1 X147.62 Y87.433 E1.90364
G1 X148.493 Y87.417 E.07043
M73 P78 R9
G1 X130.911 Y104.999 E2.00574
G1 X130.93 Y105.838 E.0677
G1 X149.333 Y87.435 E2.0994
G1 X150.137 Y87.489 E.065
G1 X130.985 Y106.64 E2.18478
G1 X131.073 Y107.41 E.06252
G1 X150.906 Y87.577 E2.26253
G1 X151.645 Y87.695 E.06037
G1 X131.194 Y108.146 E2.33303
G1 X131.34 Y108.858 E.05863
G1 X152.361 Y87.837 E2.39806
G1 X153.046 Y88.009 E.05697
G1 X131.509 Y109.546 E2.45692
G1 X131.698 Y110.214 E.056
G1 X153.714 Y88.198 E2.51156
G1 X154.357 Y88.413 E.05469
G1 X131.913 Y110.857 E2.56039
G1 X132.145 Y111.483 E.05385
M73 P79 R9
G1 X154.979 Y88.649 E2.60488
G1 X155.585 Y88.9 E.05291
G1 X132.401 Y112.084 E2.64481
G1 X132.672 Y112.671 E.05215
M73 P79 R8
G1 X156.174 Y89.169 E2.68109
G1 X156.739 Y89.461 E.0513
G1 X132.957 Y113.243 E2.71303
G1 X133.266 Y113.792 E.05082
G1 X157.292 Y89.766 E2.74086
G1 X157.831 Y90.084 E.05048
G1 X133.586 Y114.329 E2.76585
G1 X133.926 Y114.847 E.04998
G1 X158.347 Y90.425 E2.78598
G1 X158.853 Y90.777 E.04972
G1 X134.276 Y115.354 E2.80372
G1 X134.648 Y115.839 E.04931
M73 P80 R8
G1 X159.339 Y91.148 E2.81673
G1 X159.816 Y91.528 E.04919
G1 X135.032 Y116.313 E2.82739
G1 X135.427 Y116.775 E.04903
G1 X160.271 Y91.931 E2.83418
G1 X160.715 Y92.345 E.04897
G1 X135.841 Y117.219 E2.8376
G1 X136.273 Y117.644 E.04888
G1 X161.148 Y92.77 E2.83766
G1 X161.559 Y93.216 E.04892
G1 X136.716 Y118.058 E2.83401
G1 X137.171 Y118.461 E.04903
G1 X161.959 Y93.673 E2.82779
G1 X162.342 Y94.148 E.04922
G1 X137.648 Y118.842 E2.81707
G1 X138.136 Y119.211 E.04935
M73 P81 R8
G1 X162.714 Y94.633 E2.80383
G1 X163.065 Y95.14 E.04974
G1 X138.636 Y119.568 E2.78678
G1 X139.159 Y119.903 E.0501
G1 X163.406 Y95.657 E2.76602
G1 X163.726 Y96.194 E.05043
G1 X139.694 Y120.226 E2.74155
G1 X140.241 Y120.536 E.05072
M73 P81 R7
G1 X164.036 Y96.742 E2.71445
G1 X164.321 Y97.314 E.05155
G1 X140.81 Y120.824 E2.68206
G1 X141.399 Y121.093 E.05223
G1 X164.592 Y97.9 E2.64584
G1 X164.849 Y98.501 E.05273
M73 P82 R7
G1 X142.005 Y121.345 E2.60602
G1 X142.626 Y121.581 E.05359
G1 X165.081 Y99.126 E2.56165
G1 X165.296 Y99.768 E.05461
G1 X143.268 Y121.796 E2.51293
G1 X143.931 Y121.991 E.05575
G1 X165.486 Y100.436 E2.45897
G1 X165.656 Y101.124 E.05717
G1 X144.622 Y122.157 E2.39948
G1 X145.336 Y122.301 E.05876
G1 X165.803 Y101.834 E2.33486
G1 X165.925 Y102.569 E.0601
G1 X146.071 Y122.423 E2.26493
G1 X146.842 Y122.51 E.06259
G1 X166.013 Y103.339 E2.18701
G1 X166.068 Y104.141 E.06485
G1 X147.642 Y122.567 E2.10202
G1 X148.478 Y122.589 E.06746
M73 P83 R7
G1 X166.089 Y104.978 E2.00905
G1 X166.068 Y105.857 E.07093
G1 X149.356 Y122.569 E1.90649
G1 X150.283 Y122.499 E.07499
G1 X165.998 Y106.784 E1.79275
G1 X165.875 Y107.764 E.07967
G1 X151.27 Y122.369 E1.66612
G1 E-8 F1500
G1 Z4.68 F3000
G1 X165.67 Y109.747 F12000
G1 Z4.48 F3000
G1 E10 F1500
;WIDTH:0.578673
G1 F735.294
G1 X165.889 Y108.896 E.05962
;WIDTH:0.675
G1 F618.478
G1 X165.672 Y108.825 E.01842
G1 X152.331 Y122.166 E1.52193
G1 X152.378 Y122.272 E.00935
;WIDTH:0.626836
G1 F671.846
G1 X152.425 Y122.379 E.00868
;WIDTH:0.578673
G1 F735.294
G1 X153.247 Y122.17 E.05755
;WIDTH:0.675
G1 F618.478
G1 X153.485 Y121.87 E.03089
G1 X165.37 Y109.985 E1.35583
G1 X165.262 Y110.838 E.06936
;WIDTH:0.578673
G1 F735.294
G1 X165.217 Y110.793 E.00432
G1 X165.155 Y110.809 E.00434
G1 X165.138 Y110.871 E.00436
G1 X165.184 Y110.916 E.00437
G1 X165.245 Y110.899 E.0043
;WIDTH:0.626836
G1 F671.846
G1 X165.087 Y111.091 E.01846
;WIDTH:0.675
G1 F618.478
G1 X164.929 Y111.283 E.02006
G1 X154.778 Y121.434 E1.15802
G1 X154.594 Y121.561 E.01803
;WIDTH:0.626836
G1 F671.846
G1 X154.411 Y121.688 E.01654
;WIDTH:0.578673
G1 F735.294
G1 X154.366 Y121.643 E.00432
G1 X154.304 Y121.66 E.00436
G1 X154.288 Y121.721 E.00428
G1 X154.333 Y121.766 E.00432
G1 X154.394 Y121.75 E.00428
G1 E-8 F1500
G1 Z4.68 F3000
G1 X155.943 Y121.043 F12000
G1 Z4.48 F3000
G1 E10 F1500
G1 F735.294
G1 X155.898 Y120.998 E.00432
G1 X155.836 Y121.015 E.00436
G1 X155.82 Y121.076 E.00428
G1 X155.865 Y121.121 E.00432
G1 X155.926 Y121.105 E.00428
;WIDTH:0.626836
G1 F671.846
G1 X156.118 Y120.932 E.01919
;WIDTH:0.675
G1 F618.478
G1 X156.31 Y120.759 E.02085
G1 X164.27 Y112.799 E.90807
G1 X164.443 Y112.607 E.02085
;WIDTH:0.626836
G1 F671.846
G1 X164.615 Y112.415 E.01914
;WIDTH:0.578673
G1 F735.294
G1 X164.553 Y112.432 E.00436
G1 X164.508 Y112.387 E.00432
G1 X164.525 Y112.325 E.00436
G1 X164.586 Y112.309 E.00428
G1 X164.631 Y112.354 E.00432
G1 E-8 F1500
G1 Z4.68 F3000
G1 X163.488 Y114.4 F12000
G1 Z4.48 F3000
G1 E10 F1500
G1 F735.294
G1 X163.443 Y114.355 E.00432
G1 X163.381 Y114.371 E.00434
G1 X163.365 Y114.433 E.00434
G1 X163.41 Y114.478 E.00432
G1 X163.471 Y114.461 E.0043
;WIDTH:0.626836
G1 F671.846
G1 X163.276 Y114.653 E.02032
;WIDTH:0.675
G1 F618.478
G1 X158.16 Y119.77 E.58369
;WIDTH:0.626836
G1 F671.846
G1 X157.969 Y119.965 E.02027
;WIDTH:0.578673
G1 F735.294
G1 X157.907 Y119.981 E.00434
G1 X157.862 Y119.936 E.00432
G1 X157.879 Y119.875 E.0043
G1 X157.94 Y119.858 E.0043
G1 X157.985 Y119.903 E.00432
G1 E-8 F1500
G1 Z4.68 F3000
G1 X160.603 Y117.969 F12000
G1 Z4.48 F3000
G1 E10 F1500
G1 F735.294
M73 P83 R6
G1 X160.15 Y118.402 E.04252
G1 X160.822 Y117.76 E.06306
;LAYER_CHANGE
;Z:4.8
;HEIGHT:0.32

G1 E-8 F1500
G1 Z4.8 F3000
;AFTER_LAYER_CHANGE
;4.8
G92 E0
_ON_LAYER_CHANGE LAYER=15
G1 Z5
G1 X148.508 Y85.343 F12000
G1 Z4.8 F3000
G1 E10 F1500
;TYPE:External perimeter
;WIDTH:0.675
G1 F618.478
G1 X148.82 Y85.34 E.02517
G1 X149.528 Y85.364 E.05714
G1 X150.555 Y85.445 E.0831
G1 X151.576 Y85.58 E.08308
G1 X152.588 Y85.767 E.08302
G1 X153.566 Y86.002 E.08114
G1 X154.247 Y86.196 E.05712
G1 X155.225 Y86.523 E.08318
G1 X156.183 Y86.901 E.08308
G1 X157.119 Y87.328 E.08299
G1 X158.012 Y87.792 E.08118
G1 X158.626 Y88.145 E.05713
G1 X159.495 Y88.699 E.08313
G1 X160.333 Y89.297 E.08304
G1 X161.139 Y89.938 E.08307
G1 X161.91 Y90.62 E.08303
G1 X162.644 Y91.341 E.083
G1 X163.339 Y92.1 E.08302
G1 X163.995 Y92.896 E.08321
G1 X164.406 Y93.441 E.05506
G1 X164.99 Y94.291 E.08319
G1 X165.528 Y95.169 E.08306
G1 X166.009 Y96.053 E.08118
G1 X166.32 Y96.689 E.05711
G1 X166.731 Y97.636 E.08327
G1 X166.976 Y98.274 E.05513
G1 X167.303 Y99.251 E.08311
G1 X167.578 Y100.243 E.08304
G1 X167.801 Y101.248 E.08304
G1 X167.971 Y102.264 E.0831
G1 X168.088 Y103.286 E.08298
G1 X168.15 Y104.314 E.08308
G1 X168.159 Y105.343 E.08301
G1 X168.114 Y106.372 E.08308
M73 P84 R6
G1 X168.019 Y107.373 E.08111
G1 X167.921 Y108.075 E.05718
G1 X167.732 Y109.09 E.08328
G1 X167.579 Y109.755 E.05504
G1 X167.303 Y110.749 E.08322
G1 X166.977 Y111.725 E.08301
G1 X166.599 Y112.684 E.08315
G1 X166.321 Y113.308 E.05511
G1 X165.861 Y114.231 E.08319
G1 X165.354 Y115.127 E.08305
G1 X164.801 Y115.995 E.08302
G1 X164.203 Y116.833 E.08304
G1 X163.562 Y117.639 E.08307
G1 X162.88 Y118.41 E.08303
G1 X162.159 Y119.144 E.083
G1 X161.399 Y119.84 E.08313
G1 X160.875 Y120.28 E.05519
G1 X160.057 Y120.907 E.08314
G1 X159.209 Y121.49 E.08301
G1 X158.351 Y122.016 E.08118
G1 X157.732 Y122.36 E.05712
G1 X156.81 Y122.82 E.08312
G1 X155.864 Y123.231 E.0832
G1 X155.226 Y123.476 E.05513
G1 X154.249 Y123.803 E.08311
G1 X153.257 Y124.078 E.08304
G1 X152.252 Y124.301 E.08304
G1 X151.236 Y124.471 E.0831
G1 X150.214 Y124.588 E.08298
G1 X149.186 Y124.65 E.08308
G1 X148.157 Y124.659 E.08301
G1 X147.152 Y124.616 E.08114
G1 X146.446 Y124.555 E.05716
G1 X145.424 Y124.42 E.08316
G1 X144.41 Y124.232 E.08319
G1 X143.745 Y124.079 E.05504
G1 X142.751 Y123.803 E.08322
G1 X141.775 Y123.477 E.08301
G1 X140.817 Y123.099 E.08308
G1 X139.902 Y122.683 E.08108
G1 X139.27 Y122.362 E.05718
G1 X138.373 Y121.854 E.08316
G1 X137.505 Y121.301 E.08302
G1 X136.667 Y120.703 E.08304
G1 X135.861 Y120.062 E.08307
G1 X135.09 Y119.38 E.08303
G1 X134.355 Y118.658 E.08311
G1 X133.889 Y118.158 E.05513
G1 X133.219 Y117.374 E.08319
G1 X132.593 Y116.557 E.08303
G1 X132.01 Y115.709 E.08301
G1 X131.472 Y114.831 E.08306
G1 X130.991 Y113.947 E.08118
G1 X130.68 Y113.311 E.05711
G1 X130.269 Y112.364 E.08327
G1 X130.024 Y111.726 E.05513
G1 X129.697 Y110.749 E.08311
G1 X129.422 Y109.757 E.08304
G1 X129.199 Y108.752 E.08304
G1 X129.029 Y107.736 E.0831
G1 X128.912 Y106.714 E.08298
G1 X128.85 Y105.686 E.08308
G1 X128.841 Y104.657 E.08301
G1 X128.884 Y103.652 E.08114
G1 X128.945 Y102.946 E.05716
G1 X129.08 Y101.924 E.08316
G1 X129.268 Y100.911 E.08311
G1 X129.421 Y100.245 E.05512
G1 X129.697 Y99.251 E.08322
G1 X130.023 Y98.275 E.08301
G1 X130.401 Y97.317 E.08308
G1 X130.828 Y96.381 E.08299
G1 X131.303 Y95.468 E.08302
G1 X131.825 Y94.58 E.08309
G1 X132.38 Y93.741 E.08115
G1 X132.796 Y93.168 E.05712
G1 X133.438 Y92.361 E.08318
G1 X134.12 Y91.59 E.08303
G1 X134.841 Y90.856 E.083
G1 X135.583 Y90.176 E.08119
G1 X136.125 Y89.72 E.05714
G1 X136.943 Y89.093 E.08314
G1 X137.791 Y88.51 E.08301
G1 X138.649 Y87.984 E.08118
G1 X139.268 Y87.64 E.05712
G1 X140.19 Y87.18 E.08312
G1 X141.134 Y86.769 E.08305
G1 X142.076 Y86.417 E.08112
G1 X142.75 Y86.197 E.05719
G1 X143.743 Y85.922 E.08312
G1 X144.748 Y85.699 E.08304
G1 X145.764 Y85.529 E.0831
G1 X146.786 Y85.412 E.08298
G1 X147.814 Y85.35 E.08308
G1 X148.478 Y85.344 E.05356
G1 X149.078 Y85.35 F12000
G1 X148.503 Y85.912
;TYPE:Perimeter
G1 E-30 F1500
G1 Z9.8 F300.0
G1 F12000.0
T1
G1 Z4.8 F300.0
PRIME_FIBRE
G1 E45.0 F1500
G1 F12000.0
;WIDTH:0.6
G1 F705.78
G1 X148.813 Y85.909 E.02191
G1 X149.496 Y85.933 E.04831 U0.683
G1 X150.496 Y86.011 E.0709 U1.686
G1 X151.487 Y86.142 E.07066 U2.686
G1 X152.47 Y86.324 E.07067 U3.686
G1 X153.422 Y86.552 E.0692 U4.665
G1 X154.079 Y86.74 E.04831 U5.348
G1 X155.03 Y87.058 E.07088 U6.351
G1 X155.96 Y87.424 E.07065 U7.35
G1 X156.87 Y87.839 E.0707 U8.35
G1 X157.739 Y88.291 E.06924 U9.33
G1 X158.331 Y88.632 E.04829 U10.013
G1 X159.177 Y89.171 E.07091 U11.016
G1 X159.991 Y89.751 E.07065 U12.016
G1 X160.773 Y90.374 E.07068 U13.016
G1 X161.522 Y91.036 E.07066 U14.015
G1 X162.235 Y91.737 E.07068 U15.015
G1 X162.91 Y92.474 E.07065 U16.014
G1 X163.548 Y93.248 E.0709 U17.018
G1 X163.945 Y93.774 E.04658 U17.677
G1 X164.513 Y94.601 E.07092 U18.68
G1 X165.035 Y95.454 E.07069 U19.68
G1 X165.503 Y96.314 E.06921 U20.659
G1 X165.803 Y96.928 E.04831 U21.342
G1 X166.205 Y97.851 E.07116 U22.349
G1 X166.6 Y98.944 E.08215 U23.511
G1 X166.893 Y99.899 E.07061 U24.51
G1 X167.134 Y100.869 E.07065 U25.51
G1 X167.325 Y101.85 E.07065 U26.509
G1 X167.464 Y102.839 E.0706 U27.508
G1 X167.551 Y103.835 E.07067 U28.508
G1 X167.59 Y105.333 E.10593 U30.006
G1 X167.547 Y106.332 E.07068 U31.006
G1 X167.453 Y107.306 E.06917 U31.985
G1 X167.359 Y107.983 E.04831 U32.668
G1 X167.175 Y108.974 E.07125 U33.676
G1 X167.027 Y109.615 E.0465 U34.334
G1 X166.759 Y110.582 E.07093 U35.337
G1 X166.442 Y111.53 E.07066 U36.337
G1 X166.074 Y112.464 E.07096 U37.341
G1 X165.806 Y113.066 E.04658 U38.0
G1 X165.358 Y113.964 E.07094 U39.003
G1 X164.866 Y114.834 E.07065 U40.003
G1 X164.329 Y115.677 E.07065 U41.002
G1 X163.749 Y116.491 E.07065 U42.002
G1 X163.126 Y117.273 E.07068 U43.002
G1 X162.464 Y118.022 E.07066 U44.001
G1 X161.763 Y118.735 E.07068 U45.001
G1 X161.023 Y119.413 E.07095 U46.005
G1 X160.519 Y119.836 E.04651 U46.663
G1 X159.723 Y120.447 E.07093 U47.666
G1 X158.899 Y121.013 E.07066 U48.666
G1 X158.064 Y121.525 E.06924 U49.645
G1 X157.467 Y121.857 E.04829 U50.328
G1 X156.569 Y122.304 E.07091 U51.332
G1 X155.649 Y122.705 E.07094 U52.335
G1 X155.034 Y122.941 E.04656 U52.994
G1 X154.082 Y123.259 E.07095 U53.998
G1 X153.119 Y123.526 E.07064 U54.997
G1 X152.143 Y123.743 E.07068 U55.997
G1 X151.157 Y123.908 E.07067 U56.996
G1 X150.164 Y124.021 E.07065 U57.996
G1 X149.166 Y124.082 E.07068 U58.996
G1 X148.167 Y124.09 E.07062 U59.995
G1 X147.189 Y124.048 E.0692 U60.974
G1 X146.508 Y123.989 E.04832 U61.657
G1 X145.513 Y123.858 E.07094 U62.661
G1 X144.526 Y123.675 E.07096 U63.665
G1 X143.885 Y123.527 E.0465 U64.322
G1 X142.918 Y123.259 E.07093 U65.326
G1 X141.97 Y122.942 E.07066 U66.326
G1 X141.039 Y122.575 E.07074 U67.326
G1 X140.149 Y122.17 E.06912 U68.304
G1 X139.539 Y121.86 E.04837 U68.988
G1 X138.666 Y121.366 E.07091 U69.991
G1 X137.823 Y120.829 E.07065 U70.991
G1 X137.009 Y120.249 E.07065 U71.99
G1 X136.227 Y119.626 E.07068 U72.99
G1 X135.478 Y118.964 E.07066 U73.99
G1 X134.763 Y118.261 E.07088 U74.993
G1 X134.313 Y117.779 E.04661 U75.652
G1 X133.662 Y117.016 E.0709 U76.655
G1 X133.053 Y116.223 E.07068 U77.655
G1 X132.487 Y115.399 E.07066 U78.654
G1 X131.965 Y114.547 E.07063 U79.654
G1 X131.497 Y113.686 E.06927 U80.634
G1 X131.197 Y113.072 E.04831 U81.317
G1 X130.795 Y112.149 E.07116 U82.324
G1 X130.559 Y111.534 E.04656 U82.982
G1 X130.241 Y110.582 E.07095 U83.986
G1 X129.974 Y109.619 E.07064 U84.986
G1 X129.757 Y108.643 E.07068 U85.985
G1 X129.592 Y107.657 E.07067 U86.985
G1 X129.479 Y106.664 E.07065 U87.984
G1 X129.418 Y105.666 E.07068 U88.984
G1 X129.41 Y104.667 E.07062 U89.983
G1 X129.452 Y103.689 E.0692 U90.962
G1 X129.511 Y103.008 E.04832 U91.646
G1 X129.642 Y102.013 E.07094 U92.649
G1 X129.825 Y101.026 E.07096 U93.653
G1 X129.973 Y100.385 E.0465 U94.311
G1 X130.241 Y99.418 E.07093 U95.315
G1 X130.558 Y98.47 E.07066 U96.314
G1 X130.924 Y97.54 E.07065 U97.314
G1 X131.339 Y96.63 E.0707 U98.314
G1 X131.801 Y95.743 E.0707 U99.314
G1 X132.308 Y94.882 E.07063 U100.313
G1 X132.848 Y94.065 E.06923 U101.292
G1 X133.249 Y93.512 E.04829 U101.975
G1 X133.874 Y92.727 E.07093 U102.979
G1 X134.536 Y91.978 E.07066 U103.978
G1 X135.237 Y91.265 E.07068 U104.978
G1 X135.958 Y90.604 E.06914 U105.957
G1 X136.481 Y90.164 E.04831 U106.64
G1 X137.277 Y89.553 E.07093 U107.643
G1 X138.101 Y88.987 E.07066 U108.643
G1 X138.936 Y88.475 E.06924 U109.623
G1 X139.533 Y88.143 E.04829 U110.306
G1 X140.431 Y87.696 E.07091 U111.309
G1 X141.348 Y87.297 E.07069 U112.309
G1 X142.264 Y86.954 E.06914 U113.287
G1 X142.914 Y86.742 E.04833 U113.971
G1 X143.881 Y86.474 E.07093 U114.974
G1 X144.857 Y86.257 E.07068 U115.974
G1 X145.843 Y86.092 E.07067 U116.974
G1 X146.836 Y85.979 E.07065 U117.973
G1 X147.834 Y85.918 E.07068 U118.973
G1 X148.473 Y85.912 E.04517 U119.612
G1 X148.499 Y86.444 F12000 U120.145
G1 F705.78
G1 X148.806 Y86.441 E.0217 U120.452
G1 X149.466 Y86.463 E.04668 U121.112
G1 X150.44 Y86.54 E.06906 U122.089
G1 X151.404 Y86.667 E.06873 U123.061
G1 X152.36 Y86.844 E.06873 U124.034
G1 X153.287 Y87.066 E.06738 U124.987
G1 X153.922 Y87.247 E.04667 U125.647
G1 X154.849 Y87.558 E.06912 U126.625
G1 X155.753 Y87.914 E.06868 U127.596
G1 X156.637 Y88.317 E.06868 U128.568
G1 X157.483 Y88.757 E.06741 U129.522
G1 X158.055 Y89.086 E.04664 U130.181
G1 X158.88 Y89.612 E.06916 U131.16
G1 X159.671 Y90.176 E.06867 U132.131
G1 X160.431 Y90.781 E.06867 U133.103
G1 X161.159 Y91.425 E.06871 U134.075
G1 X161.852 Y92.106 E.06868 U135.046
G1 X162.509 Y92.822 E.06869 U136.018
G1 X163.131 Y93.577 E.06915 U136.996
G1 X163.513 Y94.084 E.04487 U137.631
G1 X164.067 Y94.89 E.06914 U138.609
G1 X164.575 Y95.719 E.06873 U139.581
G1 X165.031 Y96.557 E.06744 U140.535
G1 X165.321 Y97.15 E.04666 U141.196
G1 X165.586 Y97.761 E.04708 U141.861
G1 X165.827 Y98.349 E.04492 U142.497
G1 X166.097 Y99.112 E.05721 U143.306
G1 X166.381 Y100.041 E.06867 U144.278
G1 X166.616 Y100.984 E.0687 U145.25
G1 X166.801 Y101.937 E.06862 U146.22
G1 X166.936 Y102.899 E.06867 U147.192
G1 X167.021 Y103.867 E.06869 U148.164
G1 X167.059 Y105.324 E.10303 U149.621
G1 X167.017 Y106.295 E.0687 U150.593
G1 X166.926 Y107.244 E.06739 U151.546
G1 X166.834 Y107.898 E.04669 U152.207
G1 X166.655 Y108.865 E.06952 U153.19
G1 X166.512 Y109.485 E.04498 U153.826
G1 X166.251 Y110.427 E.0691 U154.804
G1 X165.942 Y111.349 E.06874 U155.776
G1 X165.584 Y112.258 E.06906 U156.753
G1 X165.326 Y112.839 E.04494 U157.389
G1 X164.889 Y113.714 E.06914 U158.367
G1 X164.411 Y114.56 E.06869 U159.339
G1 X163.888 Y115.38 E.06875 U160.311
G1 X163.324 Y116.171 E.06867 U161.283
G1 X162.719 Y116.931 E.06867 U162.254
G1 X162.075 Y117.659 E.06871 U163.226
G1 X161.394 Y118.352 E.06868 U164.198
G1 X160.673 Y119.013 E.06914 U165.176
G1 X160.186 Y119.421 E.04491 U165.811
G1 X159.41 Y120.017 E.06917 U166.79
G1 X158.609 Y120.567 E.06868 U167.761
G1 X157.796 Y121.066 E.06743 U168.715
G1 X157.219 Y121.387 E.04667 U169.376
G1 X156.345 Y121.823 E.06904 U170.352
G1 X155.448 Y122.213 E.06914 U171.33
G1 X154.855 Y122.44 E.04488 U171.965
G1 X153.927 Y122.751 E.06918 U172.944
G1 X152.991 Y123.01 E.06865 U173.915
G1 X152.042 Y123.221 E.06872 U174.887
G1 X151.083 Y123.381 E.06873 U175.86
G1 X150.118 Y123.491 E.06866 U176.831
G1 X149.148 Y123.551 E.0687 U177.803
G1 X148.176 Y123.559 E.06871 U178.775
G1 X147.223 Y123.518 E.06743 U179.729
G1 X146.565 Y123.461 E.04669 U180.389
G1 X145.596 Y123.333 E.06909 U181.367
G1 X144.635 Y123.155 E.06909 U182.344
G1 X144.016 Y123.012 E.04491 U182.979
G1 X143.073 Y122.751 E.06916 U183.958
G1 X142.151 Y122.442 E.06874 U184.93
G1 X141.247 Y122.086 E.06868 U185.902
G1 X140.379 Y121.691 E.06741 U186.855
G1 X139.791 Y121.392 E.04663 U187.515
G1 X138.94 Y120.911 E.0691 U188.493
G1 X138.12 Y120.388 E.06875 U189.465
G1 X137.329 Y119.824 E.06867 U190.437
G1 X136.569 Y119.219 E.06867 U191.408
G1 X135.841 Y118.575 E.06871 U192.38
G1 X135.143 Y117.89 E.06913 U193.358
G1 X134.71 Y117.425 E.04491 U193.993
G1 X134.075 Y116.681 E.06914 U194.971
G1 X133.483 Y115.91 E.06871 U195.944
G1 X132.933 Y115.11 E.06863 U196.914
G1 X132.425 Y114.281 E.06873 U197.887
G1 X131.969 Y113.443 E.06744 U198.841
G1 X131.679 Y112.85 E.04666 U199.501
M73 P85 R6
G1 X131.287 Y111.948 E.06952 U200.484
G1 X131.06 Y111.354 E.04495 U201.12
G1 X130.749 Y110.427 E.06912 U202.098
G1 X130.49 Y109.491 E.06865 U203.069
G1 X130.279 Y108.542 E.06872 U204.041
G1 X130.119 Y107.583 E.06873 U205.014
G1 X130.009 Y106.618 E.06866 U205.985
G1 X129.949 Y105.648 E.0687 U206.957
G1 X129.941 Y104.676 E.06871 U207.929
G1 X129.982 Y103.723 E.06743 U208.883
G1 X130.039 Y103.065 E.04669 U209.543
G1 X130.167 Y102.096 E.06909 U210.52
G1 X130.345 Y101.135 E.06909 U211.498
G1 X130.488 Y100.515 E.04498 U212.134
G1 X130.749 Y99.573 E.0691 U213.112
G1 X131.058 Y98.651 E.06874 U214.084
G1 X131.414 Y97.747 E.06868 U215.056
G1 X131.817 Y96.863 E.06868 U216.027
G1 X132.265 Y96.001 E.06867 U216.999
G1 X132.759 Y95.163 E.06876 U217.971
G1 X133.285 Y94.368 E.06738 U218.925
G1 X133.672 Y93.834 E.04662 U219.584
G1 X134.281 Y93.069 E.06912 U220.562
G1 X134.925 Y92.341 E.06871 U221.534
G1 X135.606 Y91.647 E.06873 U222.506
G1 X136.309 Y91.003 E.06739 U223.46
G1 X136.814 Y90.578 E.04666 U224.12
G1 X137.59 Y89.983 E.06912 U225.097
G1 X138.391 Y89.433 E.06868 U226.069
G1 X139.204 Y88.934 E.06743 U227.023
G1 X139.781 Y88.613 E.04667 U227.683
G1 X140.655 Y88.177 E.06904 U228.66
G1 X141.547 Y87.79 E.06873 U229.632
G1 X142.44 Y87.455 E.06742 U230.586
G1 X143.068 Y87.251 E.04668 U231.246
G1 X144.009 Y86.99 E.06903 U232.223
G1 X144.958 Y86.779 E.06872 U233.195
G1 X145.917 Y86.619 E.06873 U234.167
G1 X146.882 Y86.509 E.06866 U235.139
G1 X147.853 Y86.449 E.06877 U236.111
G1 X148.469 Y86.444 E.04355 U236.727
G1 X148.494 Y86.975 F12000 U237.259
G1 F705.78
G1 X148.799 Y86.972 E.02156 U237.564
G1 X149.436 Y86.994 E.04506 U238.201
G1 X150.385 Y87.068 E.06729 U239.153
G1 X151.321 Y87.192 E.06674 U240.097
G1 X152.249 Y87.364 E.06672 U241.041
G1 X153.152 Y87.58 E.06563 U241.97
G1 X153.764 Y87.755 E.04499 U242.606
G1 X154.667 Y88.057 E.06731 U243.558
G1 X155.545 Y88.403 E.06671 U244.502
G1 X156.404 Y88.795 E.06674 U245.446
G1 X157.228 Y89.223 E.06564 U246.375
G1 X157.78 Y89.541 E.04503 U247.012
G1 X158.582 Y90.052 E.06722 U247.963
G1 X159.351 Y90.6 E.06675 U248.907
G1 X160.09 Y91.188 E.06676 U249.852
G1 X160.797 Y91.813 E.0667 U250.795
G1 X161.47 Y92.475 E.06673 U251.739
G1 X162.108 Y93.171 E.06674 U252.683
G1 X162.714 Y93.906 E.06734 U253.636
G1 X163.082 Y94.395 E.04326 U254.248
G1 X163.622 Y95.18 E.06735 U255.201
G1 X164.115 Y95.985 E.06673 U256.145
G1 X164.558 Y96.801 E.06563 U257.073
G1 X164.838 Y97.373 E.04502 U257.71
G1 X165.099 Y97.973 E.04625 U258.364
G1 X165.331 Y98.539 E.04324 U258.976
G1 X165.593 Y99.281 E.05562 U259.763
G1 X165.869 Y100.183 E.06668 U260.706
G1 X166.097 Y101.099 E.06673 U261.65
G1 X166.277 Y102.025 E.06668 U262.594
G1 X166.408 Y102.96 E.06674 U263.538
G1 X166.491 Y103.9 E.06671 U264.481
G1 X166.528 Y105.315 E.10006 U265.897
G1 X166.486 Y106.258 E.06672 U266.841
G1 X166.398 Y107.182 E.06561 U267.769
G1 X166.31 Y107.813 E.04504 U268.406
G1 X166.135 Y108.757 E.06787 U269.366
G1 X165.997 Y109.354 E.04331 U269.979
G1 X165.743 Y110.272 E.06733 U270.931
G1 X165.443 Y111.167 E.06673 U271.875
G1 X165.094 Y112.053 E.06731 U272.828
G1 X164.845 Y112.612 E.04326 U273.44
G1 X164.42 Y113.465 E.06737 U274.393
G1 X163.955 Y114.286 E.0667 U275.336
G1 X163.448 Y115.082 E.06671 U276.28
G1 X162.9 Y115.851 E.06675 U277.224
G1 X162.312 Y116.59 E.06676 U278.169
G1 X161.687 Y117.297 E.0667 U279.112
G1 X161.025 Y117.97 E.06673 U280.056
G1 X160.323 Y118.613 E.06729 U281.008
G1 X159.854 Y119.007 E.0433 U281.621
G1 X159.098 Y119.587 E.06736 U282.574
G1 X158.32 Y120.122 E.06674 U283.518
G1 X157.528 Y120.607 E.06565 U284.446
G1 X156.972 Y120.916 E.04496 U285.083
G1 X156.12 Y121.341 E.0673 U286.035
G1 X155.246 Y121.721 E.06737 U286.988
G1 X154.675 Y121.94 E.04323 U287.599
G1 X153.772 Y122.243 E.06733 U288.552
G1 X152.862 Y122.495 E.06675 U289.496
G1 X151.94 Y122.699 E.06675 U290.44
G1 X151.009 Y122.855 E.06673 U291.384
G1 X150.071 Y122.962 E.06674 U292.328
G1 X149.129 Y123.019 E.06671 U293.272
G1 X148.185 Y123.028 E.06673 U294.216
G1 X147.257 Y122.988 E.06566 U295.145
G1 X146.623 Y122.933 E.04498 U295.781
G1 X145.679 Y122.808 E.06731 U296.734
G1 X144.743 Y122.635 E.06728 U297.685
G1 X144.146 Y122.497 E.04331 U298.298
G1 X143.228 Y122.243 E.06733 U299.251
G1 X142.333 Y121.943 E.06673 U300.195
CUT
G1 X141.455 Y121.597 E.06671
G1 X140.61 Y121.212 E.06564
G1 X140.042 Y120.924 E.04502
G1 X139.214 Y120.455 E.06727
G1 X138.418 Y119.948 E.06671
G1 X137.649 Y119.4 E.06675
G1 X136.91 Y118.812 E.06676
G1 X136.203 Y118.187 E.0667
G1 X135.524 Y117.519 E.06733
G1 X135.106 Y117.071 E.04331
G1 X134.488 Y116.347 E.06729
G1 X133.913 Y115.598 E.06675
G1 X133.378 Y114.82 E.06674
G1 X132.885 Y114.015 E.06673
G1 X132.442 Y113.199 E.06563
G1 X132.162 Y112.627 E.04502
G1 X131.779 Y111.746 E.06791
G1 X131.56 Y111.175 E.04323
G1 X131.257 Y110.272 E.06733
G1 X131.005 Y109.362 E.06675
G1 X130.801 Y108.44 E.06675
G1 X130.645 Y107.509 E.06673
G1 X130.538 Y106.571 E.06674
G1 X130.481 Y105.629 E.06671
G1 X130.472 Y104.685 E.06673
G1 X130.512 Y103.757 E.06566
G1 X130.567 Y103.123 E.04498
G1 X130.692 Y102.179 E.06731
G1 X130.865 Y101.243 E.06728
G1 X131.003 Y100.646 E.04331
G1 X131.257 Y99.728 E.06733
G1 X131.557 Y98.833 E.06673
G1 X131.903 Y97.955 E.06671
G1 X132.294 Y97.096 E.06672
G1 X132.73 Y96.259 E.06671
G1 X133.21 Y95.445 E.0668
G1 X133.722 Y94.671 E.0656
G1 X134.096 Y94.155 E.04505
G1 X134.688 Y93.41 E.06726
G1 X135.313 Y92.703 E.0667
G1 X135.975 Y92.03 E.06673
G1 X136.66 Y91.402 E.06569
G1 X137.147 Y90.992 E.045
G1 X137.902 Y90.413 E.06726
G1 X138.68 Y89.878 E.06674
G1 X139.472 Y89.393 E.06565
G1 X140.028 Y89.084 E.04496
G1 X140.88 Y88.659 E.0673
G1 X141.746 Y88.282 E.06677
G1 X142.616 Y87.957 E.06565
G1 X143.221 Y87.76 E.04498
G1 X144.138 Y87.505 E.06728
G1 X145.06 Y87.301 E.06675
G1 X145.991 Y87.145 E.06673
G1 X146.929 Y87.038 E.06674
G1 X147.871 Y86.981 E.06671
G1 X148.464 Y86.975 E.04192
G1 E-8 F1500
G1 Z5 F3000
G1 X135.311 Y116.889 F12000
G1 Z4.8 F3000
G1 E10 F1500
;TYPE:Solid infill
G1 E-30 F1500
G1 Z9.8 F300.0
G1 F12000.0
T0
G1 Z4.8 F300.0
G1 E32.0 F1500
G1 F12000.0
;WIDTH:0.578673
G1 F735.294
G1 X136.395 Y117.981 E.1044
G1 X135.521 Y117.107 E.08386
G1 E-8 F1500
G1 Z5 F3000
G1 X133.625 Y114.448 F12000
G1 Z4.8 F3000
G1 E10 F1500
G1 F735.294
G1 X133.58 Y114.493 E.00432
G1 X133.596 Y114.555 E.00434
G1 X133.658 Y114.572 E.00436
G1 X133.703 Y114.526 E.00437
G1 X133.686 Y114.465 E.0043
;WIDTH:0.626836
G1 F671.846
G1 X133.838 Y114.702 E.02091
;WIDTH:0.675
G1 F618.478
G1 X133.989 Y114.939 E.02267
G1 X138.575 Y119.525 E.52317
G1 X138.812 Y119.676 E.02267
;WIDTH:0.626836
G1 F671.846
G1 X139.049 Y119.827 E.02087
;WIDTH:0.578673
G1 F735.294
G1 X139.065 Y119.889 E.00434
G1 X139.02 Y119.934 E.00432
G1 X138.959 Y119.917 E.0043
G1 X138.942 Y119.856 E.0043
G1 X138.987 Y119.811 E.00432
G1 E-8 F1500
G1 Z5 F3000
G1 X141.065 Y120.985 F12000
G1 Z4.8 F3000
G1 E10 F1500
G1 F735.294
G1 X141.02 Y121.03 E.00432
G1 X141.037 Y121.092 E.00436
G1 X141.098 Y121.108 E.00428
G1 X141.143 Y121.063 E.00432
G1 X141.127 Y121.002 E.00428
;WIDTH:0.626836
G1 F671.846
G1 X140.89 Y120.873 E.02004
;WIDTH:0.675
G1 F618.478
G1 X140.653 Y120.745 E.02173
G1 X132.755 Y112.847 E.901
G1 E-8 F1500
G1 Z5 F3000
G1 X132.081 Y111.315 F12000
G1 Z4.8 F3000
G1 E10 F1500
G1 F618.478
G1 X142.179 Y121.414 E1.15203
G1 X142.416 Y121.528 E.02121
;WIDTH:0.626836
G1 F671.846
G1 X142.653 Y121.642 E.01953
;WIDTH:0.578673
G1 F735.294
G1 X142.669 Y121.703 E.00428
G1 X142.624 Y121.749 E.00437
G1 X142.563 Y121.732 E.0043
G1 X142.546 Y121.67 E.00436
G1 X142.591 Y121.625 E.00432
G1 E-8 F1500
G1 Z5 F3000
G1 X144.584 Y122.385 F12000
G1 Z4.8 F3000
G1 E10 F1500
G1 F735.294
G1 X143.721 Y122.161 E.0605
;WIDTH:0.626836
G1 F671.846
G1 X143.602 Y122.011 E.01422
;WIDTH:0.675
G1 F618.478
G1 X143.484 Y121.861 E.0154
G1 X131.639 Y110.016 E1.35127
G1 X131.339 Y109.779 E.03084
;WIDTH:0.578673
G1 F735.294
G1 X131.126 Y108.944 E.05847
;WIDTH:0.626836
G1 F671.846
G1 X131.233 Y108.902 E.00854
;WIDTH:0.675
G1 F618.478
G1 X131.341 Y108.86 E.00935
G1 X144.645 Y122.165 E1.51776
G1 X145.708 Y122.37 E.08733
G1 X131.135 Y107.798 E1.66242
G1 X131.004 Y106.809 E.08048
M73 P86 R6
G1 X146.697 Y122.501 E1.79019
G1 X147.619 Y122.567 E.07456
M73 P86 R5
G1 X130.933 Y105.88 E1.90358
G1 X130.911 Y105.001 E.07093
G1 X148.499 Y122.589 E2.00642
G1 X149.337 Y122.57 E.06762
G1 X130.931 Y104.164 E2.09974
G1 X130.985 Y103.359 E.06508
G1 X150.14 Y122.515 E2.18524
G1 X150.91 Y122.427 E.06252
G1 X131.077 Y102.594 E2.26253
G1 X131.195 Y101.855 E.06037
G1 X151.646 Y122.306 E2.33303
G1 X152.358 Y122.16 E.05863
G1 X131.337 Y101.139 E2.39806
G1 X131.509 Y100.454 E.05697
G1 X153.046 Y121.991 E2.45692
G1 X153.714 Y121.802 E.056
G1 X131.698 Y99.786 E2.51156
G1 X131.913 Y99.143 E.05469
M73 P87 R5
G1 X154.357 Y121.587 E2.56039
G1 X154.983 Y121.355 E.05385
G1 X132.149 Y98.521 E2.60488
G1 X132.4 Y97.915 E.05291
G1 X155.584 Y121.099 E2.64481
G1 X156.171 Y120.828 E.05215
G1 X132.669 Y97.326 E2.68109
G1 X132.961 Y96.761 E.0513
G1 X156.743 Y120.543 E2.71303
G1 X157.295 Y120.238 E.05087
G1 X133.266 Y96.209 E2.74121
G1 X133.584 Y95.669 E.05055
G1 X157.827 Y119.912 E2.76562
G1 X158.347 Y119.574 E.05003
G1 X133.925 Y95.153 E2.78598
G1 X134.277 Y94.647 E.04972
M73 P88 R5
G1 X158.854 Y119.224 E2.80372
G1 X159.339 Y118.852 E.04931
G1 X134.648 Y94.161 E2.81673
G1 X135.028 Y93.684 E.04919
G1 X159.815 Y118.47 E2.82762
G1 X160.271 Y118.069 E.04898
M73 P88 R4
G1 X135.431 Y93.229 E2.83372
G1 X135.845 Y92.785 E.04897
G1 X160.719 Y117.659 E2.8376
G1 X161.144 Y117.227 E.04888
G1 X136.27 Y92.352 E2.83766
G1 X136.716 Y91.942 E.04887
G1 X161.558 Y116.784 E2.83395
G1 X161.961 Y116.329 E.04903
M73 P89 R4
G1 X137.173 Y91.541 E2.82779
G1 X137.648 Y91.158 E.04922
G1 X162.342 Y115.852 E2.81707
G1 X162.711 Y115.364 E.04935
G1 X138.133 Y90.786 E2.80383
G1 X138.64 Y90.435 E.04974
G1 X163.068 Y114.864 E2.78678
G1 X163.403 Y114.341 E.0501
G1 X139.158 Y90.096 E2.76585
G1 X139.69 Y89.77 E.05033
G1 X163.726 Y113.806 E2.742
G1 X164.035 Y113.259 E.05068
G1 X140.241 Y89.465 E2.7144
G1 X140.814 Y89.179 E.05166
G1 X164.321 Y112.686 E2.68166
G1 X164.595 Y112.103 E.05196
M73 P90 R4
G1 X141.4 Y88.908 E2.64606
G1 X142.002 Y88.652 E.05277
G1 X164.845 Y111.495 E2.60591
G1 X165.081 Y110.874 E.05359
G1 X142.626 Y88.419 E2.56165
G1 X143.267 Y88.203 E.05456
G1 X165.296 Y110.232 E2.51305
G1 X165.486 Y109.564 E.05602
G1 X143.936 Y88.014 E2.4584
G1 X144.624 Y87.844 E.05717
G1 X165.659 Y108.88 E2.39971
G1 X165.801 Y108.164 E.05888
M73 P90 R3
G1 X145.334 Y87.697 E2.33486
G1 X146.069 Y87.575 E.0601
G1 X165.923 Y107.429 E2.26493
G1 X166.01 Y106.658 E.06259
M73 P91 R3
G1 X146.839 Y87.487 E2.18701
G1 X147.641 Y87.432 E.06485
G1 X166.067 Y105.858 E2.10202
G1 X166.089 Y105.022 E.06746
G1 X148.484 Y87.418 E2.0083
G1 X149.36 Y87.436 E.07068
G1 X166.069 Y104.145 E1.90615
G1 X165.999 Y103.217 E.07507
G1 X150.28 Y87.498 E1.79321
G1 X151.264 Y87.625 E.08003
G1 X165.869 Y102.23 E1.66612
G1 E-8 F1500
G1 Z5 F3000
G1 X165.67 Y100.253 F12000
G1 Z4.8 F3000
G1 E10 F1500
;WIDTH:0.578673
G1 F735.294
G1 X165.879 Y101.075 E.05755
;WIDTH:0.626836
G1 F671.846
G1 X165.772 Y101.122 E.00868
;WIDTH:0.675
G1 F618.478
G1 X165.666 Y101.169 E.00935
G1 X152.327 Y87.831 E1.52164
G1 X152.452 Y87.626 E.01937
;WIDTH:0.578673
G1 F735.294
G1 X153.244 Y87.826 E.05542
;WIDTH:0.675
G1 F618.478
G1 X153.482 Y88.128 E.03102
G1 X165.37 Y100.016 E1.35617
G1 X165.25 Y99.106 E.07404
;WIDTH:0.578673
G1 F735.294
G1 X165.266 Y99.167 E.00428
G1 X165.221 Y99.212 E.00432
G1 X165.16 Y99.196 E.00428
G1 X165.143 Y99.134 E.00436
G1 X165.188 Y99.089 E.00432
;WIDTH:0.626836
G1 F671.846
G1 X165.061 Y98.906 E.01654
;WIDTH:0.675
G1 F618.478
G1 X164.934 Y98.722 E.01803
G1 X154.783 Y88.571 E1.15802
G1 X154.591 Y88.413 E.02006
;WIDTH:0.626836
G1 F671.846
G1 X154.399 Y88.255 E.01846
;WIDTH:0.578673
G1 F735.294
G1 X154.416 Y88.316 E.0043
G1 X154.371 Y88.361 E.00432
G1 X154.309 Y88.345 E.00434
G1 X154.293 Y88.283 E.00434
G1 X154.338 Y88.238 E.00432
G1 E-8 F1500
G1 Z5 F3000
G1 X155.856 Y88.87 F12000
G1 Z4.8 F3000
G1 E10 F1500
G1 F735.294
G1 X155.811 Y88.915 E.00432
G1 X155.828 Y88.977 E.00436
G1 X155.889 Y88.994 E.0043
G1 X155.934 Y88.948 E.00437
G1 X155.918 Y88.887 E.00428
;WIDTH:0.626836
G1 F671.846
G1 X156.11 Y89.06 E.01919
;WIDTH:0.675
G1 F618.478
G1 X156.302 Y89.233 E.02085
G1 X164.267 Y97.198 E.90864
G1 X164.409 Y97.382 E.01875
;WIDTH:0.626836
G1 F671.846
G1 X164.55 Y97.565 E.01716
;WIDTH:0.578673
G1 F735.294
G1 X164.505 Y97.61 E.00432
G1 X164.521 Y97.672 E.00434
G1 X164.583 Y97.689 E.00436
G1 X164.628 Y97.643 E.00437
G1 X164.611 Y97.582 E.0043
G1 E-8 F1500
G1 Z5 F3000
G1 X163.392 Y95.502 F12000
G1 Z4.8 F3000
G1 E10 F1500
G1 F735.294
G1 X163.347 Y95.547 E.00432
G1 X163.364 Y95.609 E.00436
G1 X163.425 Y95.626 E.0043
G1 X163.47 Y95.58 E.00437
G1 X163.454 Y95.519 E.00428
;WIDTH:0.626836
G1 F671.846
G1 X163.258 Y95.327 E.02037
;WIDTH:0.675
G1 F618.478
G1 X158.153 Y90.223 E.58232
;WIDTH:0.626836
G1 F671.846
G1 X157.961 Y90.029 E.02027
;WIDTH:0.578673
G1 F735.294
G1 X157.977 Y90.09 E.00428
G1 X157.932 Y90.135 E.00432
G1 X157.871 Y90.119 E.00428
G1 X157.854 Y90.057 E.00436
G1 X157.899 Y90.012 E.00432
G1 E-8 F1500
G1 Z5 F3000
M73 P92 R3
G1 X161.26 Y92.678 F12000
G1 Z4.8 F3000
G1 E10 F1500
G1 F735.294
G1 X161.902 Y93.35 E.06306
G1 X161.469 Y92.897 E.04252
;LAYER_CHANGE
;Z:5.12
;HEIGHT:0.32

G1 E-8 F1500
G1 Z5.12 F3000
;AFTER_LAYER_CHANGE
;5.12
G92 E0
_ON_LAYER_CHANGE LAYER=16
G1 Z5.32
G1 X148.508 Y85.344 F12000
G1 Z5.12 F3000
G1 E10 F1500
;TYPE:External perimeter
;WIDTH:0.675
G1 F618.478
G1 X148.842 Y85.341 E.02694
G1 X149.528 Y85.364 E.05537
G1 X150.555 Y85.445 E.0831
G1 X151.576 Y85.58 E.08308
G1 X152.588 Y85.767 E.08302
G1 X153.588 Y86.007 E.08296
G1 X154.247 Y86.196 E.0553
G1 X155.225 Y86.523 E.08318
G1 X156.183 Y86.901 E.08308
G1 X157.119 Y87.328 E.08299
G1 X158.033 Y87.803 E.08309
G1 X158.919 Y88.325 E.08295
G1 X159.778 Y88.894 E.08312
G1 X160.607 Y89.507 E.08317
G1 X161.138 Y89.937 E.05512
G1 X161.91 Y90.62 E.08315
G1 X162.644 Y91.341 E.083
G1 X163.339 Y92.1 E.08302
G1 X163.993 Y92.894 E.08298
G1 X164.406 Y93.442 E.05535
G1 X164.99 Y94.291 E.08312
G1 X165.528 Y95.169 E.08306
G1 X166.019 Y96.073 E.08298
G1 X166.462 Y97.003 E.0831
G1 X166.856 Y97.954 E.08304
G1 X167.2 Y98.924 E.08302
G1 X167.492 Y99.91 E.08295
G1 X167.658 Y100.575 E.05529
G1 X167.864 Y101.586 E.08323
G1 X168.016 Y102.604 E.08303
G1 X168.114 Y103.628 E.08298
G1 X168.159 Y105.342 E.13831
G1 X168.114 Y106.372 E.08317
G1 X168.016 Y107.395 E.0829
G1 X167.921 Y108.074 E.05531
G1 X167.732 Y109.09 E.08336
G1 X167.579 Y109.755 E.05504
G1 X167.303 Y110.749 E.08322
G1 X166.977 Y111.725 E.08301
G1 X166.599 Y112.683 E.08308
G1 X166.172 Y113.621 E.08314
G1 X165.862 Y114.23 E.05512
G1 X165.354 Y115.127 E.08316
G1 X164.801 Y115.995 E.08302
G1 X164.203 Y116.833 E.08304
G1 X163.562 Y117.639 E.08307
G1 X162.88 Y118.41 E.08303
G1 X162.159 Y119.144 E.083
G1 X161.4 Y119.839 E.08302
G1 X160.605 Y120.494 E.08309
G1 X159.778 Y121.106 E.08299
G1 X158.919 Y121.675 E.08312
G1 X158.032 Y122.197 E.08302
G1 X157.121 Y122.672 E.08288
G1 X156.499 Y122.962 E.05536
G1 X155.546 Y123.356 E.08319
G1 X154.576 Y123.7 E.08302
G1 X153.588 Y123.993 E.08313
G1 X152.925 Y124.158 E.05511
G1 X151.914 Y124.364 E.08323
G1 X150.896 Y124.516 E.08303
G1 X149.872 Y124.614 E.08298
G1 X148.844 Y124.659 E.083
G1 X148.158 Y124.659 E.05534
G1 X147.13 Y124.615 E.083
G1 X146.446 Y124.555 E.05539
G1 X145.424 Y124.42 E.08316
G1 X144.41 Y124.232 E.08319
G1 X143.745 Y124.079 E.05504
G1 X142.751 Y123.803 E.08322
G1 X141.775 Y123.477 E.08301
G1 X140.817 Y123.099 E.08308
G1 X139.881 Y122.672 E.08299
G1 X138.967 Y122.197 E.08309
G1 X138.081 Y121.675 E.08295
G1 X137.221 Y121.106 E.08318
G1 X136.668 Y120.704 E.05515
G1 X135.861 Y120.062 E.08318
G1 X135.09 Y119.38 E.08303
G1 X134.355 Y118.658 E.08311
G1 X133.889 Y118.158 E.05513
G1 X133.219 Y117.374 E.08319
G1 X132.593 Y116.557 E.08303
G1 X132.009 Y115.708 E.08312
G1 X131.647 Y115.128 E.05515
G1 X131.139 Y114.231 E.08316
G1 X130.68 Y113.31 E.08301
G1 X130.269 Y112.366 E.08305
G1 X129.909 Y111.401 E.08308
G1 X129.599 Y110.42 E.08299
G1 X129.342 Y109.423 E.08305
G1 X129.137 Y108.416 E.0829
G1 X129.029 Y107.738 E.05538
G1 X128.912 Y106.714 E.08314
G1 X128.85 Y105.686 E.08308
G1 X128.841 Y104.657 E.08301
G1 X128.885 Y103.63 E.08292
G1 X128.945 Y102.946 E.05539
G1 X129.08 Y101.924 E.08316
G1 X129.268 Y100.911 E.08311
G1 X129.421 Y100.245 E.05512
G1 X129.697 Y99.251 E.08322
G1 X130.023 Y98.275 E.08301
G1 X130.401 Y97.317 E.08308
G1 X130.828 Y96.381 E.08299
G1 X131.303 Y95.468 E.08302
G1 X131.825 Y94.581 E.08302
G1 X132.394 Y93.721 E.08318
G1 X132.796 Y93.168 E.05515
G1 X133.438 Y92.361 E.08318
G1 X134.12 Y91.59 E.08303
G1 X134.842 Y90.855 E.08311
G1 X135.342 Y90.389 E.05513
G1 X136.126 Y89.719 E.08319
G1 X136.943 Y89.093 E.08303
G1 X137.791 Y88.51 E.08301
G1 X138.669 Y87.972 E.08306
G1 X139.572 Y87.481 E.08291
G1 X140.189 Y87.18 E.05538
G1 X141.136 Y86.769 E.08327
G1 X141.774 Y86.524 E.05513
G1 X142.751 Y86.197 E.08311
G1 X143.743 Y85.922 E.08304
G1 X144.748 Y85.699 E.08304
G1 X145.764 Y85.529 E.0831
G1 X146.786 Y85.412 E.08298
G1 X147.814 Y85.35 E.08308
G1 X148.478 Y85.344 E.05356
G1 X149.078 Y85.35 F12000
G1 E-8 F1500
G1 Z5.32 F3000
G1 X164.251 Y116.459 F12000
G1 Z5.12 F3000
G1 E10 F1500
;TYPE:Top solid infill
;WIDTH:0.603132
G1 F701.644
G1 X161.842 Y118.868 E.24224
G1 X161.126 Y119.524 E.06905
G1 X160.348 Y120.165 E.07168
G1 X159.538 Y120.765 E.07167
G1 X158.541 Y121.413 E.08455
G1 X164.915 Y115.039 E.64095
G1 X165.494 Y114.032 E.08259
G1 X165.827 Y113.372 E.05256
G1 X156.87 Y122.328 E.90064
G1 X156.331 Y122.58 E.04231
G1 X155.532 Y122.911 E.06149
G1 X166.405 Y112.038 E1.09336
G1 X166.584 Y111.582 E.03483
G1 X166.826 Y110.861 E.05408
G1 X154.357 Y123.33 E1.25385
G1 X153.295 Y123.636 E.07859
G1 X167.134 Y109.797 E1.39161
G1 X167.359 Y108.816 E.07156
G1 X152.32 Y123.855 E1.51228
G1 X151.401 Y124.019 E.06638
G1 X167.524 Y107.895 E1.62133
G1 X167.632 Y107.032 E.06184
M73 P93 R3
G1 X150.532 Y124.132 E1.71953
G1 X149.703 Y124.204 E.05917
M73 P93 R2
G1 X167.704 Y106.203 E1.81013
G1 X167.739 Y105.413 E.05623
G1 X148.913 Y124.239 E1.89309
G1 X148.154 Y124.242 E.05397
G1 X167.742 Y104.654 E1.96972
G1 X167.71 Y103.93 E.05153
G1 X147.43 Y124.21 E2.0393
G1 X146.724 Y124.16 E.05033
G1 X167.657 Y103.228 E2.10491
G1 X167.585 Y102.543 E.04898
G1 X146.047 Y124.081 E2.1658
G1 X145.384 Y123.989 E.04759
G1 X167.487 Y101.886 E2.22262
G1 X167.369 Y101.248 E.04613
G1 X144.746 Y123.87 E2.27486
G1 X144.123 Y123.738 E.04528
G1 X167.24 Y100.621 E2.32458
G1 X167.089 Y100.017 E.04427
M73 P94 R2
G1 X143.521 Y123.584 E2.36988
G1 X142.93 Y123.42 E.04361
G1 X166.916 Y99.433 E2.41202
G1 X166.734 Y98.859 E.04282
G1 X142.361 Y123.233 E2.45093
G1 X141.8 Y123.038 E.04223
G1 X166.537 Y98.301 E2.48748
G1 X166.324 Y97.758 E.04147
G1 X141.257 Y122.824 E2.52062
G1 X140.726 Y122.599 E.04101
G1 X166.102 Y97.224 E2.55169
G1 X165.86 Y96.71 E.0404
G1 X140.207 Y122.363 E2.5796
G1 X139.704 Y122.11 E.04004
G1 X165.614 Y96.201 E2.60539
G1 X165.348 Y95.711 E.03964
G1 X139.207 Y121.851 E2.62862
G1 X138.73 Y121.573 E.03926
M73 P95 R2
G1 X165.075 Y95.228 E2.64918
G1 X164.788 Y94.759 E.0391
G1 X138.256 Y121.291 E2.66799
G1 X137.801 Y120.989 E.03883
G1 X164.49 Y94.3 E2.68377
G1 X164.183 Y93.852 E.03862
M73 P95 R1
G1 X137.351 Y120.684 E2.69815
G1 X136.913 Y120.366 E.03849
G1 X163.864 Y93.415 E2.71012
G1 X163.533 Y92.991 E.03825
G1 X136.492 Y120.031 E2.71912
G1 X136.074 Y119.693 E.03822
G1 X163.191 Y92.576 E2.72681
G1 X162.839 Y92.172 E.0381
G1 X135.673 Y119.339 E2.73179
G1 X135.277 Y118.979 E.03805
M73 P96 R1
G1 X162.478 Y91.778 E2.73526
G1 X162.104 Y91.396 E.03801
G1 X134.896 Y118.604 E2.73596
G1 X134.521 Y118.223 E.03801
G1 X161.723 Y91.021 E2.73536
G1 X161.327 Y90.661 E.03805
G1 X134.158 Y117.83 E2.73204
G1 X133.81 Y117.423 E.03808
G1 X160.926 Y90.307 E2.72671
G1 X160.511 Y89.966 E.03819
G1 X133.466 Y117.01 E2.71952
G1 X133.138 Y116.583 E.03829
G1 X160.083 Y89.638 E2.70952
G1 X159.648 Y89.317 E.03844
G1 X132.817 Y116.147 E2.698
G1 X132.51 Y115.7 E.03856
M73 P97 R1
G1 X159.199 Y89.01 E2.68382
G1 X158.744 Y88.709 E.03879
G1 X132.21 Y115.243 E2.66819
G1 X131.925 Y114.772 E.03914
G1 X158.27 Y88.427 E2.64918
G1 X157.793 Y88.149 E.03926
G1 X131.652 Y114.29 E2.62867
G1 X131.389 Y113.797 E.03973
G1 X157.296 Y87.89 E2.60514
G1 X156.793 Y87.637 E.04004
M73 P97 R0
G1 X131.137 Y113.292 E2.57985
G1 X130.901 Y112.773 E.04054
G1 X156.273 Y87.401 E2.55134
G1 X155.742 Y87.176 E.04101
G1 X130.672 Y112.246 E2.52097
G1 X130.465 Y111.697 E.04172
M73 P98 R0
G1 X155.2 Y86.962 E2.48728
G1 X154.639 Y86.767 E.04223
G1 X130.265 Y111.142 E2.45103
G1 X130.083 Y110.567 E.04288
G1 X154.071 Y86.58 E2.41212
G1 X153.483 Y86.411 E.0435
G1 X129.916 Y109.979 E2.36988
G1 X129.761 Y109.378 E.04413
G1 X152.874 Y86.265 E2.32418
G1 X152.254 Y86.13 E.04512
G1 X129.631 Y108.752 E2.27486
G1 X129.511 Y108.116 E.04602
G1 X151.616 Y86.011 E2.22282
G1 X150.953 Y85.919 E.04759
G1 X129.417 Y107.455 E2.1656
G1 X129.34 Y106.776 E.04859
G1 X150.271 Y85.844 E2.10481
G1 X149.564 Y85.796 E.05039
M73 P99 R0
G1 X129.291 Y106.069 E2.0386
G1 X129.264 Y105.34 E.05187
G1 X148.835 Y85.769 E1.96801
G1 X148.081 Y85.767 E.05361
G1 X129.261 Y104.587 E1.89249
G1 X129.296 Y103.797 E.05623
G1 X147.293 Y85.799 E1.80978
G1 X146.468 Y85.869 E.05887
G1 X129.362 Y102.974 E1.72008
G1 X129.477 Y102.104 E.0624
G1 X145.602 Y85.979 E1.62149
G1 X144.684 Y86.14 E.06627
G1 X129.641 Y101.183 E1.51268
G1 X129.866 Y100.203 E.0715
G1 X143.703 Y86.366 E1.39141
G1 X142.639 Y86.674 E.07876
G1 X130.174 Y99.139 E1.25345
G1 X130.416 Y98.418 E.05408
G1 X130.595 Y97.962 E.03483
G1 X141.47 Y87.087 E1.09356
G1 X140.126 Y87.675 E.10431
G1 X131.173 Y96.628 E.90029
G1 X131.668 Y95.67 E.07667
G1 X132.087 Y94.959 E.05868
G1 X138.451 Y88.595 E.63995
G1 X138.018 Y88.86 E.0361
G1 X137.188 Y89.43 E.07159
G1 X136.389 Y90.044 E.07165
G1 X135.62 Y90.7 E.07187
G1 X135.166 Y91.124 E.04417
G1 X132.736 Y93.554 E.24435
G1 E-8 F1500
M107
;TYPE:Custom
; Filament-specific end gcode
; Filament-specific end gcode
END_PRINT
M73 P100 R0
; objects_info = {"objects":[]}
; filament used [mm] = 2282.80, 0.00
; filament used [cm3] = 5.49, 0.00
; filament used [g] = 6.81, 0.00
; filament cost = 0.25, 0.00
; total filament used [g] = 6.81
; total filament cost = 0.25
; total filament used for wipe tower [g] = 0.00
; estimated printing time (normal mode) = 43m 14s
; estimated first layer printing time (normal mode) = 3m 43s

; prusaslicer_config = begin
; arc_fitting = disabled
; autoemit_temperature_commands = 0
; automatic_extrusion_widths = 0
; automatic_infill_combination = 0
; automatic_infill_combination_max_layer_height = 100%
; avoid_crossing_curled_overhangs = 1
; avoid_crossing_perimeters = 0
; avoid_crossing_perimeters_max_detour = 300%
; bed_custom_model = 
; bed_custom_texture = 
; bed_shape = 0x0,297x0,297x210,0x210
; bed_temperature = 60,60
; bed_temperature_extruder = 0
; before_layer_gcode = \n
; between_objects_gcode = G92 E0
; binary_gcode = 0
; bottom_fill_pattern = monotonic
; bottom_solid_layers = 5
; bottom_solid_min_thickness = 1
; bridge_acceleration = 1000
; bridge_angle = 0
; bridge_fan_speed = 100,100
; bridge_flow_ratio = 0.7
; bridge_speed = 0
; brim_separation = 0
; brim_type = outer_only
; brim_width = 0
; chamber_minimal_temperature = 0,0
; chamber_temperature = 0,0
; color_change_gcode = M600
; colorprint_heights = 
; compatible_printers_condition_cummulative = ;"printer_notes!~/.*NO_TEMPLATES.*/ and printer_notes!~/.*PRINTER_VENDOR_TRILAB.*/ and printer_notes!~/.*PRINTER_MODEL_MK4IS.*/ and ! (printer_notes=~/.*PRINTER_VENDOR_PRUSA3D.*/ and num_extruders>1) and printer_model == \"VC4_500 IDEX\"";"printer_notes!~/.*NO_TEMPLATES.*/ and printer_notes!~/.*PRINTER_VENDOR_TRILAB.*/ and printer_notes!~/.*PRINTER_MODEL_MK4IS.*/ and ! (printer_notes=~/.*PRINTER_VENDOR_PRUSA3D.*/ and num_extruders>1) and printer_model == \"VC4_500 IDEX\""
; complete_objects = 0
; cooling = 1,1
; cooling_perimeter_transition_distance = 0,0
; cooling_slowdown_logic = uniform_cooling,uniform_cooling
; cooling_tube_length = 5
; cooling_tube_retraction = 91.5
; custom_parameters_filament = ;
; custom_parameters_print = 
; custom_parameters_printer = 
; default_acceleration = 1000
; default_filament_profile = "PunkFil PETG @RatRig"
; default_print_profile = QUALITY_0.20mm_Nozzle_0.6_VC4_IDEX
; deretract_speed = 25,120
; disable_fan_first_layers = 1,1
; dont_support_bridges = 0
; draft_shield = disabled
; duplicate_distance = 6
; elefant_foot_compensation = 0
; enable_dynamic_fan_speeds = 0,0
; enable_dynamic_overhang_speeds = 1
; end_filament_gcode = "; Filament-specific end gcode";"; Filament-specific end gcode"
; end_gcode = END_PRINT\n
; ensure_vertical_shell_thickness = enabled
; external_perimeter_acceleration = 1000
; external_perimeter_extrusion_width = 0
; external_perimeter_speed = 50%
; external_perimeters_first = 1
; extra_loading_move = -2
; extra_perimeters = 1
; extra_perimeters_on_overhangs = 0
; extruder_clearance_height = 25
; extruder_clearance_radius = 45
; extruder_colour = #0080FF;#FF8000
; extruder_offset = 0x0,0x0
; extrusion_axis = E
; extrusion_multiplier = 1,0.9
; extrusion_width = 0
; fan_always_on = 1,1
; fan_below_layer_time = 100,100
; filament_abrasive = 0,0
; filament_colour = #FF8000;#FF8000
; filament_cooling_final_speed = 2,2
; filament_cooling_initial_speed = 3,3
; filament_cooling_moves = 1,1
; filament_cost = 36.29,36.29
; filament_density = 1.24,1.24
; filament_deretract_speed = nil,nil
; filament_diameter = 1.75,1.75
; filament_infill_max_crossing_speed = 0,0
; filament_infill_max_speed = 0,0
; filament_load_time = 0,0
; filament_loading_speed = 14,14
; filament_loading_speed_start = 19,19
; filament_max_volumetric_speed = 2,5
; filament_minimal_purge_on_wipe_tower = 0,0
; filament_multitool_ramming = 0,0
; filament_multitool_ramming_flow = 10,10
; filament_multitool_ramming_volume = 10,10
; filament_notes = "Affordable filament for everyday printing in premium quality manufactured in-house by Josef Prusa";"Affordable filament for everyday printing in premium quality manufactured in-house by Josef Prusa"
; filament_purge_multiplier = 100%,100%
; filament_ramming_parameters = "130 120 2.70968 2.93548 3.32258 3.83871 4.58065 5.54839 6.51613 7.35484 7.93548 8.16129| 0.05 2.66451 0.45 3.05805 0.95 4.05807 1.45 5.97742 1.95 7.69999 2.45 8.1936 2.95 11.342 3.45 11.4065 3.95 7.6 4.45 7.6 4.95 7.6";"130 120 2.70968 2.93548 3.32258 3.83871 4.58065 5.54839 6.51613 7.35484 7.93548 8.16129| 0.05 2.66451 0.45 3.05805 0.95 4.05807 1.45 5.97742 1.95 7.69999 2.45 8.1936 2.95 11.342 3.45 11.4065 3.95 7.6 4.45 7.6 4.95 7.6"
; filament_retract_before_travel = nil,nil
; filament_retract_before_wipe = nil,nil
; filament_retract_layer_change = nil,nil
; filament_retract_length = nil,nil
; filament_retract_length_toolchange = nil,nil
; filament_retract_lift = nil,nil
; filament_retract_lift_above = nil,nil
; filament_retract_lift_below = nil,nil
; filament_retract_restart_extra = nil,nil
; filament_retract_restart_extra_toolchange = nil,nil
; filament_retract_speed = nil,nil
; filament_seam_gap_distance = nil,nil
; filament_settings_id = "PLA Temp thingy";"PLA CCF Temp thingy"
; filament_shrinkage_compensation_xy = 0%,0%
; filament_shrinkage_compensation_z = 0%,0%
; filament_soluble = 0,0
; filament_spool_weight = 201,201
; filament_stamping_distance = 0,0
; filament_stamping_loading_speed = 20,20
; filament_toolchange_delay = 0,0
; filament_travel_lift_before_obstacle = nil,nil
; filament_travel_max_lift = nil,nil
; filament_travel_ramping_lift = nil,nil
; filament_travel_slope = nil,nil
; filament_type = PLA;PLA
; filament_unload_time = 0,0
; filament_unloading_speed = 20,20
; filament_unloading_speed_start = 100,100
; filament_vendor = Prusa Polymers
; filament_wipe = nil,nil
; fill_angle = 45
; fill_density = 15%
; fill_pattern = gyroid
; first_layer_acceleration = 1000
; first_layer_acceleration_over_raft = 0
; first_layer_bed_temperature = 60,60
; first_layer_extrusion_width = 0
; first_layer_height = 0.32
; first_layer_infill_speed = 0
; first_layer_speed = 70%
; first_layer_speed_over_raft = 30
; first_layer_temperature = 240,200
; full_fan_speed_layer = 3,3
; fuzzy_skin = none
; fuzzy_skin_point_dist = 0.8
; fuzzy_skin_thickness = 0.3
; gap_fill_enabled = 0
; gap_fill_speed = 100
; gcode_comments = 0
; gcode_flavor = klipper
; gcode_label_objects = disabled
; gcode_resolution = 0.0125
; gcode_substitutions = 
; high_current_on_filament_swap = 0
; host_type = prusalink
; idle_temperature = 180,180
; infill_acceleration = 1000
; infill_anchor = 300%
; infill_anchor_max = 5
; infill_every_layers = 1
; infill_extruder = 1
; infill_extrusion_width = 0
; infill_first = 0
; infill_overlap = 25%
; infill_speed = 0
; inherits_cummulative = ;"Prusament PLA @Template";"Prusament PLA @Template";
; interface_shells = 0
; interlocking_beam = 0
; interlocking_beam_layer_count = 2
; interlocking_beam_width = 0.8
; interlocking_boundary_avoidance = 2
; interlocking_depth = 2
; interlocking_orientation = 22.5
; ironing = 0
; ironing_flowrate = 15%
; ironing_spacing = 0.3
; ironing_speed = 200
; ironing_type = top
; layer_gcode = ;AFTER_LAYER_CHANGE\n;[layer_z]\nG92 E0\n_ON_LAYER_CHANGE LAYER={layer_num + 1}
; layer_height = 0.32
; machine_limits_usage = time_estimate_only
; machine_max_acceleration_e = 1000
; machine_max_acceleration_extruding = 1000
; machine_max_acceleration_retracting = 1000
; machine_max_acceleration_travel = 9000,1250
; machine_max_acceleration_x = 1000
; machine_max_acceleration_y = 1000
; machine_max_acceleration_z = 1000
; machine_max_feedrate_e = 120
; machine_max_feedrate_x = 200
; machine_max_feedrate_y = 200
; machine_max_feedrate_z = 5
; machine_max_jerk_e = 5
; machine_max_jerk_x = 5
; machine_max_jerk_y = 5
; machine_max_jerk_z = 0.4
; machine_max_junction_deviation = 0,0
; machine_min_extruding_rate = 0
; machine_min_travel_rate = 0
; max_fan_speed = 100,100
; max_layer_height = 0.32,0.32
; max_print_height = 140
; max_print_speed = 100
; max_volumetric_extrusion_rate_slope_negative = 0
; max_volumetric_extrusion_rate_slope_positive = 0
; max_volumetric_speed = 10
; min_bead_width = 85%
; min_fan_speed = 100,100
; min_feature_size = 25%
; min_layer_height = 0.08,0.08
; min_print_speed = 10,10
; min_skirt_length = 4
; mmu_segmented_region_interlocking_depth = 0
; mmu_segmented_region_max_width = 0
; multimaterial_purging = 140
; notes = BE CAREFULL, THIS IS A HIGH SPEED PROFILE, DO NOT USE IT UNLESS YOU ARE SURE YOUR MACHINE IS MECHANICALLY WELL TUNED!
; nozzle_diameter = 0.6,1
; nozzle_high_flow = 0,0
; only_one_perimeter_first_layer = 1
; only_retract_when_crossing_perimeters = 0
; ooze_prevention = 0
; output_filename_format = {input_filename_base}_{filament_type[0]}_{print_settings_id}_{print_time}.gcode
; over_bridge_speed = 0
; overhang_fan_speed_0 = 0,0
; overhang_fan_speed_1 = 0,0
; overhang_fan_speed_2 = 0,0
; overhang_fan_speed_3 = 0,0
; overhang_speed_0 = 20%
; overhang_speed_1 = 40%
; overhang_speed_2 = 60%
; overhang_speed_3 = 80%
; overhangs = 1
; parking_pos_retraction = 92
; pause_print_gcode = M601
; perimeter_acceleration = 1000
; perimeter_extruder = 1
; perimeter_extrusion_width = 0.6
; perimeter_generator = arachne
; perimeter_speed = 0
; perimeters = 4
; physical_printer_settings_id = Anisoprint
; post_process = "\"C:\\Users\\dhilu\\AppData\\Local\\Programs\\Python\\Python313\\python.exe\" \"C:\\Users\\dhilu\\Documents\\Anisoprint\\process.py\""
; prefer_clockwise_movements = 0
; print_settings_id = Anisoprint
; printer_model = VC4_500 IDEX
; printer_notes = 
; printer_settings_id = Anisoprint
; printer_technology = FFF
; printer_variant = 0.6
; printer_vendor = 
; raft_contact_distance = 0.1
; raft_expansion = 1.5
; raft_first_layer_density = 90%
; raft_first_layer_expansion = 4
; raft_layers = 0
; remaining_times = 1
; resolution = 0
; retract_before_travel = 1,1
; retract_before_wipe = 0%,0%
; retract_layer_change = 0,0
; retract_length = 8,8
; retract_length_toolchange = 1,1
; retract_lift = 0.2,0.2
; retract_lift_above = 0.2,0.2
; retract_lift_below = 0,0
; retract_restart_extra = 2,15
; retract_restart_extra_toolchange = 0,0
; retract_speed = 25,120
; scarf_seam_entire_loop = 0
; scarf_seam_length = 10
; scarf_seam_max_segment_length = 1
; scarf_seam_on_inner_perimeters = 0
; scarf_seam_only_on_smooth = 1
; scarf_seam_placement = nowhere
; scarf_seam_start_height = 20%
; seam_gap_distance = 5%
; seam_position = aligned
; silent_mode = 0
; single_extruder_multi_material = 0
; single_extruder_multi_material_priming = 1
; skirt_distance = 10
; skirt_height = 1
; skirts = 1
; slice_closing_radius = 0.049
; slicing_mode = regular
; slowdown_below_layer_time = 10,10
; small_perimeter_speed = 80%
; solid_infill_acceleration = 1000
; solid_infill_below_area = 0
; solid_infill_every_layers = 0
; solid_infill_extruder = 1
; solid_infill_extrusion_width = 0
; solid_infill_speed = 80%
; spiral_vase = 0
; staggered_inner_seams = 0
; standby_temperature_delta = -5
; start_filament_gcode = "; Filament gcode\n";"; Filament gcode\n"
; start_gcode = PRINT_START BED_TEMP={first_layer_bed_temperature[0]} EXTRUDER_TEMP={first_layer_temperature[0]} EXTRUDER1_TEMP={first_layer_temperature[1]}
; support_material = 1
; support_material_angle = 0
; support_material_auto = 0
; support_material_bottom_contact_distance = 0
; support_material_bottom_interface_layers = 1
; support_material_buildplate_only = 0
; support_material_closing_radius = 2
; support_material_contact_distance = 0.25
; support_material_enforce_layers = 0
; support_material_extruder = 1
; support_material_extrusion_width = 0
; support_material_interface_contact_loops = 0
; support_material_interface_extruder = 1
; support_material_interface_layers = 3
; support_material_interface_pattern = rectilinear
; support_material_interface_spacing = 0.05
; support_material_interface_speed = 65%
; support_material_pattern = rectilinear
; support_material_spacing = 3
; support_material_speed = 150
; support_material_style = organic
; support_material_synchronize_layers = 0
; support_material_threshold = 40
; support_material_with_sheath = 0
; support_material_xy_spacing = 0.5
; support_tree_angle = 40
; support_tree_angle_slow = 25
; support_tree_branch_diameter = 3
; support_tree_branch_diameter_angle = 5
; support_tree_branch_diameter_double_wall = 3
; support_tree_branch_distance = 0.5
; support_tree_tip_diameter = 1.2
; support_tree_top_rate = 15%
; temperature = 240,200
; template_custom_gcode = 
; thick_bridges = 1
; thin_walls = 1
; thumbnails = 
; thumbnails_format = PNG
; toolchange_gcode = T[next_extruder]
; top_fill_pattern = monotonic
; top_infill_extrusion_width = 0
; top_one_perimeter_type = topmost
; top_solid_infill_acceleration = 1000
; top_solid_infill_speed = 70%
; top_solid_layers = 5
; top_solid_min_thickness = 1
; travel_acceleration = 1000
; travel_lift_before_obstacle = 0,0
; travel_max_lift = 0,0
; travel_ramping_lift = 0,0
; travel_short_distance_acceleration = 0
; travel_slope = 0,0
; travel_speed = 200
; travel_speed_z = 50
; use_firmware_retraction = 0
; use_relative_e_distances = 1
; use_volumetric_e = 0
; variable_layer_height = 1
; wall_distribution_count = 1
; wall_transition_angle = 10
; wall_transition_filter_deviation = 25%
; wall_transition_length = 100%
; wipe = 0,0
; wipe_into_infill = 0
; wipe_into_objects = 0
; wipe_tower = 0
; wipe_tower_acceleration = 0
; wipe_tower_bridging = 10
; wipe_tower_brim_width = 2
; wipe_tower_cone_angle = 0
; wipe_tower_extra_flow = 100%
; wipe_tower_extra_spacing = 100%
; wipe_tower_extruder = 0
; wipe_tower_no_sparse_layers = 0
; wipe_tower_width = 60
; wiping_volumes_matrix = 0,140,140,0
; wiping_volumes_use_custom_matrix = 0
; xy_size_compensation = 0
; z_offset = 0
; prusaslicer_config = end
