; generated by PrusaSlicer 2.9.4 on 2026-05-15 at 06:32:34 UTC

; BE CAREFULL, THIS IS A HIGH SPEED PROFILE, DO NOT USE IT UNLESS YOU ARE SURE YOUR MACHINE IS MECHANICALLY WELL TUNED!

; external perimeters extrusion width = 0.68mm
; perimeters extrusion width = 0.80mm
; infill extrusion width = 0.68mm
; solid infill extrusion width = 0.68mm
; top infill extrusion width = 0.60mm
; support material extrusion width = 0.60mm

M73 P0 R44
;TYPE:Custom
PRINT_START BED_TEMP=60 EXTRUDER_TEMP=240 EXTRUDER1_TEMP=200
G21 ; set units to millimeters
G90 ; use absolute coordinates
M83 ; use relative distances for extrusion
; Filament gcode
M107
;LAYER_CHANGE
;Z:0.32
;HEIGHT:0.32
G1 E-8 F1500
G1 Z.52 F3000
G1 X123.377 Y87.945 F12000
G1 Z.32 F3000
G1 E10 F1500
M204 S1000
;TYPE:Skirt/Brim
;WIDTH:0.8
G1 F512.766
G1 X125.181 Y85.551 E.29166
G1 X127.341 Y83.22 E.3092
G1 X129.461 Y81.345 E.27537
G1 X131.886 Y79.583 E.29165
G1 X134.324 Y78.147 E.2753
G1 X137.209 Y76.812 E.3093
G1 X140.043 Y75.836 E.29163
G1 X142.795 Y75.175 E.27537
G1 X145.763 Y74.758 E.29161
G1 X148.939 Y74.638 E.30923
G1 X151.764 Y74.811 E.27538
G1 X154.902 Y75.317 E.30926
G1 X157.797 Y76.093 E.29162
G1 X160.448 Y77.084 E.27537
M73 P0 R43
G1 X163.142 Y78.398 E.29163
G1 X165.555 Y79.877 E.27537
G1 X167.949 Y81.681 E.29166
G1 X170.28 Y83.841 E.3092
G1 X172.155 Y85.961 E.27537
G1 X174.016 Y88.538 E.30928
G1 X175.515 Y91.134 E.29166
G1 X176.688 Y93.709 E.27531
G1 X177.664 Y96.543 E.29163
G1 X178.325 Y99.295 E.27537
G1 X178.742 Y102.263 E.29161
G1 X178.862 Y105.439 E.30923
G1 X178.689 Y108.264 E.27538
G1 X178.221 Y111.225 E.29167
G1 X177.512 Y113.964 E.27528
G1 X176.416 Y116.948 E.3093
G1 X175.102 Y119.642 E.29163
G1 X173.623 Y122.055 E.27537
G1 X171.819 Y124.449 E.29166
G1 X169.659 Y126.78 E.3092
G1 X167.539 Y128.655 E.27537
G1 X164.962 Y130.516 E.30928
G1 X162.366 Y132.015 E.29166
G1 X159.791 Y133.188 E.27531
G1 X156.957 Y134.164 E.29163
G1 X154.205 Y134.825 E.27537
G1 X151.237 Y135.242 E.29161
G1 X148.061 Y135.362 E.30923
G1 X145.236 Y135.189 E.27538
G1 X142.098 Y134.683 E.30926
G1 X139.203 Y133.907 E.29162
G1 X136.552 Y132.916 E.27537
G1 X133.858 Y131.602 E.29163
G1 X131.157 Y129.926 E.30928
G1 X128.912 Y128.203 E.27535
G1 X126.72 Y126.159 E.29161
G1 X124.845 Y124.039 E.27537
G1 X122.984 Y121.462 E.30928
G1 X121.485 Y118.866 E.29166
G1 X120.312 Y116.291 E.27531
G1 X119.336 Y113.457 E.29163
G1 X118.612 Y110.362 E.30926
G1 X118.242 Y107.556 E.27538
G1 X118.138 Y104.561 E.29158
G1 X118.311 Y101.736 E.27538
G1 X118.817 Y98.598 E.30926
G1 X119.593 Y95.703 E.29162
G1 X120.584 Y93.052 E.27537
G1 X121.898 Y90.358 E.29163
G1 X123.361 Y87.971 E.2724
G1 E-8 F1500
G1 Z.52 F3000
G1 X148.51 Y85.338 F12000
G1 Z.32 F3000
G1 E10 F1500
;TYPE:External perimeter
;WIDTH:0.675
G1 F618.478
G1 X149.529 Y85.365 E.08223
G1 X150.555 Y85.445 E.08301
G1 X151.576 Y85.58 E.08308
G1 X152.588 Y85.767 E.08302
G1 X153.59 Y86.008 E.08313
G1 X154.258 Y86.2 E.05607
G1 X155.225 Y86.523 E.08224
G1 X156.183 Y86.901 E.08308
G1 X157.121 Y87.328 E.08314
G1 X157.73 Y87.638 E.05512
G1 X158.627 Y88.146 E.08316
G1 X159.496 Y88.7 E.08313
G1 X160.065 Y89.098 E.05601
G1 X160.874 Y89.719 E.08227
M73 P1 R43
G1 X161.657 Y90.388 E.08308
G1 X162.404 Y91.098 E.08313
G1 X162.887 Y91.597 E.05602
G1 X163.562 Y92.361 E.08224
G1 X164.203 Y93.167 E.08307
G1 X164.801 Y94.005 E.08304
G1 X165.354 Y94.873 E.08302
G1 X165.861 Y95.769 E.08305
G1 X166.321 Y96.692 E.08319
G1 X166.603 Y97.326 E.05597
G1 X166.977 Y98.275 E.08228
G1 X167.303 Y99.251 E.08301
G1 X167.578 Y100.243 E.08304
G1 X167.801 Y101.25 E.0832
G1 X167.922 Y101.934 E.05603
G1 X168.055 Y102.945 E.08226
G1 X168.135 Y103.971 E.08301
G1 X168.162 Y105 E.08303
G1 X168.135 Y106.03 E.08311
G1 X168.088 Y106.712 E.05514
G1 X167.971 Y107.736 E.08314
G1 X167.801 Y108.752 E.0831
G1 X167.578 Y109.757 E.08304
G1 X167.303 Y110.749 E.08304
G1 X166.976 Y111.726 E.08311
G1 X166.727 Y112.375 E.05607
G1 X166.32 Y113.31 E.08226
G1 X165.861 Y114.231 E.08301
G1 X165.354 Y115.127 E.08305
G1 X164.8 Y115.996 E.08313
G1 X164.408 Y116.556 E.05514
G1 X163.781 Y117.374 E.08314
G1 X163.112 Y118.157 E.08308
G1 X162.402 Y118.904 E.08313
G1 X161.911 Y119.379 E.05511
G1 X161.139 Y120.062 E.08315
G1 X160.333 Y120.703 E.08307
G1 X159.495 Y121.301 E.08304
G1 X158.627 Y121.854 E.08302
G1 X157.731 Y122.361 E.08305
G1 X156.808 Y122.821 E.08319
G1 X156.174 Y123.103 E.05597
G1 X155.225 Y123.477 E.08228
G1 X154.249 Y123.803 E.08301
G1 X153.257 Y124.078 E.08304
G1 X152.252 Y124.301 E.08304
G1 X151.235 Y124.471 E.08318
G1 X150.557 Y124.555 E.05511
G1 X149.529 Y124.635 E.08318
G1 X148.5 Y124.662 E.08303
G1 X147.47 Y124.635 E.08311
G1 X146.788 Y124.588 E.05514
G1 X145.764 Y124.471 E.08314
G1 X144.748 Y124.301 E.0831
G1 X143.743 Y124.078 E.08304
G1 X142.751 Y123.803 E.08304
G1 X141.774 Y123.476 E.08311
G1 X141.125 Y123.227 E.05607
G1 X140.19 Y122.82 E.08226
G1 X139.269 Y122.361 E.08301
G1 X138.373 Y121.854 E.08305
G1 X137.504 Y121.3 E.08313
G1 X136.944 Y120.908 E.05514
G1 X136.126 Y120.281 E.08314
G1 X135.343 Y119.612 E.08308
G1 X134.596 Y118.902 E.08313
G1 X134.113 Y118.403 E.05602
G1 X133.438 Y117.639 E.08224
G1 X132.797 Y116.833 E.08307
G1 X132.199 Y115.995 E.08304
G1 X131.646 Y115.127 E.08302
G1 X131.139 Y114.231 E.08305
G1 X130.679 Y113.308 E.08319
G1 X130.397 Y112.674 E.05597
G1 X130.023 Y111.725 E.08228
G1 X129.697 Y110.749 E.08301
G1 X129.422 Y109.757 E.08304
G1 X129.199 Y108.752 E.08304
G1 X129.029 Y107.736 E.0831
G1 X128.912 Y106.712 E.08314
G1 X128.865 Y106.03 E.05514
G1 X128.838 Y105 E.08311
G1 X128.865 Y103.97 E.08311
G1 X128.913 Y103.277 E.05604
G1 X129.029 Y102.264 E.08225
G1 X129.199 Y101.248 E.0831
G1 X129.422 Y100.243 E.08304
G1 X129.697 Y99.251 E.08304
G1 X130.024 Y98.274 E.08311
G1 X130.273 Y97.625 E.05607
G1 X130.68 Y96.69 E.08226
G1 X131.139 Y95.769 E.08301
G1 X131.646 Y94.873 E.08305
G1 X132.199 Y94.005 E.08302
G1 X132.798 Y93.166 E.08316
G1 X133.219 Y92.627 E.05517
G1 X133.888 Y91.843 E.08314
G1 X134.597 Y91.097 E.08302
G1 X135.343 Y90.388 E.08302
G1 X136.126 Y89.719 E.08308
G1 X136.944 Y89.092 E.08314
G1 X137.513 Y88.694 E.05601
G1 X138.373 Y88.146 E.08226
G1 X139.269 Y87.639 E.08305
G1 X140.19 Y87.18 E.08301
G1 X141.134 Y86.769 E.08305
G1 X142.1 Y86.408 E.08319
G1 X142.76 Y86.194 E.05597
G1 X143.743 Y85.922 E.08227
G1 X144.748 Y85.699 E.08304
G1 X145.764 Y85.529 E.0831
G1 X146.786 Y85.412 E.08298
G1 X147.815 Y85.35 E.08316
G1 X148.48 Y85.338 E.05365
G1 X149.079 Y85.353 F12000
G1 E-8 F1500
G1 Z.52 F3000
G1 X159.787 Y89.126 F12000
G1 Z.32 F3000
G1 E10 F1500
;TYPE:Solid infill
;WIDTH:0.678385
G1 F615.044
G1 X162.149 Y91.488 E.27096
G1 X162.553 Y91.906 E.04716
G1 X163.214 Y92.654 E.08097
G1 X163.84 Y93.441 E.08157
G1 X164.424 Y94.259 E.08153
G1 X165.039 Y95.24 E.09392
G1 X158.26 Y88.461 E.77766
G1 X157.514 Y88.039 E.06952
G1 X156.466 Y87.53 E.09451
G1 X165.979 Y97.042 E1.09124
G1 X166.184 Y97.502 E.04085
G1 X166.571 Y98.497 E.0866
G1 X155.003 Y86.929 E1.32703
G1 X153.735 Y86.522 E.10802
G1 X166.972 Y99.76 E1.51855
G1 X167.137 Y100.353 E.04993
G1 X167.26 Y100.911 E.04635
G1 X152.584 Y86.234 E1.68363
G1 X151.519 Y86.032 E.08793
G1 X167.468 Y101.981 E1.8296
G1 X167.6 Y102.975 E.08134
G1 X150.525 Y85.9 E1.95877
G1 X149.589 Y85.825 E.07617
G1 X167.675 Y103.911 E2.07475
G1 X167.702 Y104.801 E.07223
M73 P2 R43
G1 X148.703 Y85.802 E2.17949
G1 X147.843 Y85.804 E.06976
G1 X167.69 Y105.652 E2.27682
G1 X167.649 Y106.472 E.0666
G1 X147.03 Y85.853 E2.36533
G1 X146.246 Y85.932 E.06392
G1 X167.568 Y107.254 E2.44597
G1 X167.464 Y108.012 E.06206
M73 P2 R42
G1 X145.488 Y86.036 E2.521
G1 X144.753 Y86.164 E.06052
G1 X167.336 Y108.747 E2.59063
G1 X167.18 Y109.453 E.05865
G1 X144.047 Y86.32 E2.65372
G1 X143.364 Y86.499 E.05727
G1 X167.001 Y110.136 E2.71154
G1 X166.806 Y110.803 E.05637
G1 X142.696 Y86.693 E2.7658
G1 X142.052 Y86.912 E.05518
M73 P3 R42
G1 X166.589 Y111.449 E2.81478
G1 X166.354 Y112.076 E.05431
G1 X141.425 Y87.146 E2.85981
G1 X140.819 Y87.403 E.05339
G1 X166.098 Y112.682 E2.8999
G1 X165.829 Y113.275 E.05282
G1 X140.225 Y87.671 E2.93719
G1 X139.649 Y87.958 E.0522
G1 X165.542 Y113.851 E2.97034
G1 X165.238 Y114.409 E.05154
G1 X139.091 Y88.262 E2.99948
G1 X138.544 Y88.577 E.0512
G1 X164.923 Y114.956 E3.02609
G1 X164.588 Y115.483 E.05065
M73 P4 R42
G1 X138.017 Y88.912 E3.04812
G1 X137.5 Y89.258 E.05046
G1 X164.242 Y116 E3.06773
G1 X163.879 Y116.499 E.05005
G1 X137.001 Y89.621 E3.08333
G1 X136.513 Y89.995 E.04987
G1 X163.505 Y116.987 E3.09641
G1 X163.112 Y117.456 E.04963
G1 X136.044 Y90.388 E3.10513
G1 X135.582 Y90.789 E.04962
M73 P4 R41
G1 X162.711 Y117.918 E3.11213
G1 X162.292 Y118.361 E.04946
G1 X135.139 Y91.208 E3.11488
G1 X134.708 Y91.639 E.04944
M73 P5 R41
G1 X161.863 Y118.794 E3.11511
G1 X161.416 Y119.21 E.04953
G1 X134.288 Y92.082 E3.11201
G1 X133.888 Y92.544 E.04957
G1 X160.959 Y119.614 E3.10542
G1 X160.484 Y120.002 E.04975
G1 X133.495 Y93.012 E3.09613
G1 X133.119 Y93.499 E.04991
G1 X160.001 Y120.381 E3.08379
G1 X159.498 Y120.74 E.05013
G1 X132.76 Y94.002 E3.06727
G1 X132.412 Y94.517 E.05042
G1 X158.983 Y121.088 E3.04812
G1 X158.456 Y121.423 E.05065
M73 P6 R41
G1 X132.077 Y95.044 E3.02609
G1 X131.762 Y95.591 E.0512
G1 X157.909 Y121.738 E2.99948
G1 X157.351 Y122.042 E.05154
G1 X131.458 Y96.149 E2.97034
G1 X131.171 Y96.725 E.0522
G1 X156.775 Y122.329 E2.93719
G1 X156.185 Y122.601 E.0527
G1 X130.902 Y97.319 E2.90031
G1 X130.646 Y97.924 E.05329
G1 X155.573 Y122.851 E2.85952
G1 X154.949 Y123.089 E.05417
G1 X130.411 Y98.551 E2.8149
G1 X130.194 Y99.197 E.05528
M73 P7 R41
G1 X154.303 Y123.306 E2.76569
G1 X153.636 Y123.501 E.05637
M73 P7 R40
G1 X129.999 Y99.864 E2.71154
G1 X129.82 Y100.547 E.05727
G1 X152.953 Y123.68 E2.65372
G1 X152.247 Y123.836 E.05865
G1 X129.664 Y101.253 E2.59063
G1 X129.536 Y101.988 E.06052
G1 X151.512 Y123.964 E2.521
G1 X150.758 Y124.072 E.06179
G1 X129.432 Y102.746 E2.44643
G1 X129.352 Y103.528 E.06376
G1 X149.968 Y124.145 E2.36504
G1 X149.152 Y124.19 E.06629
G1 X129.31 Y104.348 E2.27619
G1 X129.298 Y105.199 E.06904
G1 X148.301 Y124.202 E2.17995
G1 X147.412 Y124.176 E.07214
M73 P8 R40
G1 X129.324 Y106.088 E2.07498
G1 X129.406 Y107.032 E.07686
G1 X146.468 Y124.094 E1.95728
G1 X145.474 Y123.961 E.08135
G1 X129.539 Y108.026 E1.828
G1 X129.645 Y108.665 E.05254
G1 X129.74 Y109.09 E.03533
G1 X144.41 Y123.76 E1.68288
G1 X143.853 Y123.637 E.04627
G1 X143.26 Y123.472 E.04993
G1 X130.028 Y110.24 E1.51792
G1 X130.132 Y110.616 E.03164
G1 X130.429 Y111.503 E.07588
G1 X141.997 Y123.071 E1.32703
G1 X141.298 Y122.806 E.06064
G1 X140.539 Y122.476 E.06713
G1 X131.021 Y112.958 E1.09187
G1 X131.541 Y114.017 E.0957
G1 X131.961 Y114.76 E.06923
G1 X138.74 Y121.539 E.77766
G1 X137.756 Y120.922 E.09421
G1 X137.213 Y120.541 E.05381
G1 X136.412 Y119.927 E.08187
G1 X135.648 Y119.274 E.08153
G1 X134.961 Y118.622 E.07683
G1 X132.644 Y116.305 E.2658
M106 S127.5
;LAYER_CHANGE
;Z:0.64
;HEIGHT:0.32

G1 E-8 F1500
G1 Z.64 F3000
;AFTER_LAYER_CHANGE
;0.64
G92 E0
_ON_LAYER_CHANGE LAYER=2
G1 Z.84
G1 X148.508 Y85.338 F12000
G1 Z.64 F3000
G1 E10 F1500
;TYPE:External perimeter
;WIDTH:0.675
G1 F618.478
G1 X148.532 Y85.338 E.00194
G1 X149.529 Y85.365 E.08045
G1 X150.555 Y85.445 E.08301
G1 X151.576 Y85.58 E.08308
G1 X152.589 Y85.768 E.08311
G1 X153.288 Y85.93 E.05788
G1 X154.249 Y86.197 E.08046
G1 X155.225 Y86.523 E.08301
G1 X156.183 Y86.901 E.08308
G1 X157.119 Y87.328 E.08299
G1 X158.033 Y87.803 E.08309
G1 X158.921 Y88.326 E.08313
G1 X159.494 Y88.698 E.05511
G1 X160.333 Y89.297 E.08316
G1 X161.14 Y89.939 E.08318
G1 X161.656 Y90.387 E.05512
G1 X162.403 Y91.097 E.08313
G1 X163.112 Y91.843 E.08302
G1 X163.781 Y92.626 E.08308
G1 X164.407 Y93.443 E.08303
G1 X164.99 Y94.291 E.08301
G1 X165.528 Y95.169 E.08306
G1 X166.02 Y96.075 E.08316
G1 X166.32 Y96.689 E.05512
G1 X166.731 Y97.636 E.08327
G1 X166.976 Y98.274 E.05513
G1 X167.303 Y99.251 E.08311
G1 X167.578 Y100.243 E.08304
G1 X167.801 Y101.248 E.08304
G1 X167.971 Y102.265 E.08318
G1 X168.055 Y102.943 E.05511
G1 X168.135 Y103.971 E.08318
G1 X168.162 Y105 E.08303
G1 X168.135 Y106.03 E.08311
G1 X168.088 Y106.712 E.05514
G1 X167.971 Y107.736 E.08314
G1 X167.801 Y108.752 E.0831
G1 X167.578 Y109.757 E.08304
G1 X167.303 Y110.749 E.08304
G1 X166.977 Y111.725 E.08301
G1 X166.599 Y112.684 E.08315
G1 X166.321 Y113.308 E.05511
G1 X165.861 Y114.231 E.08319
G1 X165.354 Y115.127 E.08305
G1 X164.801 Y115.995 E.08302
G1 X164.202 Y116.834 E.08316
G1 X163.782 Y117.373 E.05512
G1 X163.112 Y118.157 E.08319
G1 X162.402 Y118.904 E.08313
G1 X161.911 Y119.379 E.05511
G1 X161.139 Y120.062 E.08315
G1 X160.333 Y120.703 E.08307
G1 X159.494 Y121.302 E.08316
G1 X158.921 Y121.674 E.05511
G1 X158.032 Y122.197 E.0832
G1 X157.119 Y122.672 E.08302
G1 X156.183 Y123.099 E.08299
G1 X155.225 Y123.477 E.08308
G1 X154.247 Y123.804 E.08318
G1 X153.59 Y123.992 E.05512
G1 X152.588 Y124.233 E.08313
G1 X151.576 Y124.42 E.08302
G1 X150.555 Y124.555 E.08308
G1 X149.529 Y124.635 E.08301
G1 X148.5 Y124.662 E.08303
G1 X147.471 Y124.635 E.08303
G1 X146.445 Y124.555 E.08301
G1 X145.424 Y124.42 E.08308
G1 X144.412 Y124.233 E.08302
G1 X143.41 Y123.992 E.08313
G1 X142.753 Y123.804 E.05512
G1 X141.775 Y123.477 E.08318
G1 X140.817 Y123.099 E.08308
G1 X139.879 Y122.672 E.08314
G1 X139.27 Y122.362 E.05512
M73 P9 R40
G1 X138.373 Y121.854 E.08316
G1 X137.505 Y121.301 E.08302
G1 X136.667 Y120.703 E.08304
G1 X135.861 Y120.062 E.08307
G1 X135.089 Y119.379 E.08315
G1 X134.598 Y118.904 E.05511
G1 X133.888 Y118.157 E.08313
G1 X133.219 Y117.373 E.08314
G1 X132.798 Y116.834 E.05517
G1 X132.199 Y115.995 E.08316
G1 X131.646 Y115.127 E.08302
G1 X131.139 Y114.231 E.08305
G1 X130.679 Y113.309 E.08312
G1 X130.389 Y112.653 E.05786
G1 X130.023 Y111.725 E.08047
G1 X129.697 Y110.749 E.08301
G1 X129.422 Y109.757 E.08304
G1 X129.199 Y108.751 E.08312
G1 X129.075 Y108.044 E.0579
G1 X128.945 Y107.055 E.08047
G1 X128.865 Y106.029 E.08301
G1 X128.838 Y105 E.08303
G1 X128.865 Y103.97 E.08311
G1 X128.915 Y103.255 E.05782
G1 X129.029 Y102.264 E.08047
G1 X129.199 Y101.248 E.0831
G1 X129.422 Y100.243 E.08304
G1 X129.697 Y99.251 E.08304
G1 X130.024 Y98.274 E.08311
G1 X130.281 Y97.605 E.05781
G1 X130.68 Y96.69 E.08052
G1 X131.139 Y95.769 E.08301
G1 X131.646 Y94.873 E.08305
G1 X132.199 Y94.005 E.08302
G1 X132.797 Y93.167 E.08304
G1 X133.439 Y92.36 E.08318
G1 X133.887 Y91.844 E.05512
G1 X134.597 Y91.096 E.08319
G1 X135.114 Y90.598 E.05791
G1 X135.861 Y89.938 E.08041
G1 X136.667 Y89.297 E.08307
G1 X137.505 Y88.699 E.08304
G1 X138.373 Y88.146 E.08302
G1 X139.269 Y87.639 E.08305
G1 X140.19 Y87.18 E.08301
G1 X141.136 Y86.769 E.0832
G1 X141.774 Y86.524 E.05513
G1 X142.751 Y86.197 E.08311
G1 X143.743 Y85.922 E.08304
G1 X144.748 Y85.699 E.08304
G1 X145.764 Y85.529 E.0831
G1 X146.786 Y85.412 E.08298
G1 X147.815 Y85.35 E.08316
G1 X148.478 Y85.339 E.05349
G1 X149.078 Y85.353 F12000
G1 X148.502 Y86.007
;TYPE:Perimeter
G1 E-30 F1500
G1 Z5.64 F300.0
G1 F12000.0
T1
G1 Z0.64 F300.0
PRIME_FIBRE
G1 E45.0 F1500
G1 F12000.0
;WIDTH:0.8
G1 F512.767
G1 X148.528 Y86.007 E.00253
G1 X149.494 Y86.033 E.09402 U0.966
G1 X150.485 Y86.111 E.09672 U1.96
G1 X151.471 Y86.241 E.09676 U2.955
G1 X152.453 Y86.422 E.09715 U3.953
G1 X153.122 Y86.578 E.06684 U4.64
G1 X154.053 Y86.836 E.094 U5.607
G1 X154.996 Y87.152 E.09676 U6.601
G1 X155.921 Y87.517 E.09675 U7.595
G1 X156.826 Y87.929 E.09675 U8.59
G1 X157.708 Y88.388 E.09674 U9.584
G1 X158.569 Y88.895 E.09722 U10.583
G1 X159.117 Y89.251 E.06358 U11.237
G1 X159.93 Y89.831 E.09717 U12.235
G1 X160.712 Y90.453 E.09722 U13.235
G1 X161.206 Y90.882 E.06366 U13.889
G1 X161.93 Y91.57 E.09718 U14.888
G1 X162.615 Y92.291 E.09676 U15.882
G1 X163.261 Y93.047 E.09675 U16.877
G1 X163.866 Y93.836 E.09674 U17.871
G1 X164.429 Y94.655 E.0967 U18.865
G1 X164.949 Y95.503 E.09678 U19.859
G1 X165.425 Y96.381 E.09717 U20.858
G1 X165.712 Y96.969 E.06366 U21.513
G1 X166.112 Y97.889 E.09761 U22.516
G1 X166.346 Y98.5 E.06366 U23.17
G1 X166.663 Y99.447 E.09716 U24.169
M73 P9 R39
G1 X166.929 Y100.405 E.09674 U25.163
G1 X167.144 Y101.376 E.09676 U26.157
G1 X167.309 Y102.361 E.09717 U27.156
G1 X167.389 Y103.01 E.06362 U27.81
G1 X167.428 Y103.51 E.0488 U28.312
G1 X167.493 Y105 E.14511 U29.803
G1 X167.467 Y105.998 E.09713 U30.801
G1 X167.422 Y106.651 E.06369 U31.456
G1 X167.308 Y107.643 E.09715 U32.454
G1 X167.144 Y108.624 E.09677 U33.449
G1 X166.929 Y109.595 E.09676 U34.444
G1 X166.663 Y110.553 E.09674 U35.438
G1 X166.348 Y111.496 E.09673 U36.432
G1 X165.982 Y112.425 E.09715 U37.43
G1 X165.716 Y113.023 E.06368 U38.085
G1 X165.27 Y113.917 E.09721 U39.084
G1 X164.78 Y114.782 E.09673 U40.078
G1 X164.246 Y115.621 E.09676 U41.073
G1 X163.666 Y116.434 E.09717 U42.071
G1 X163.263 Y116.95 E.0637 U42.726
G1 X162.615 Y117.709 E.0971 U43.724
G1 X161.927 Y118.433 E.09718 U44.723
G1 X161.457 Y118.888 E.06365 U45.377
G1 X160.709 Y119.55 E.09719 U46.376
G1 X159.93 Y120.169 E.09681 U47.371
G1 X159.117 Y120.749 E.09717 U48.37
G1 X158.569 Y121.105 E.06358 U49.023
G1 X157.708 Y121.612 E.09722 U50.022
G1 X156.826 Y122.071 E.09674 U51.017
G1 X155.921 Y122.483 E.09675 U52.011
G1 X154.996 Y122.848 E.09675 U53.005
G1 X154.049 Y123.165 E.09716 U54.004
G1 X153.42 Y123.345 E.06366 U54.658
G1 X152.449 Y123.578 E.09716 U55.657
G1 X151.471 Y123.759 E.09677 U56.651
G1 X150.485 Y123.889 E.09676 U57.646
G1 X149.494 Y123.967 E.09672 U58.64
G1 X148.5 Y123.993 E.09675 U59.634
G1 X147.506 Y123.967 E.09675 U60.629
G1 X146.515 Y123.889 E.09672 U61.623
G1 X145.529 Y123.759 E.09676 U62.617
G1 X144.551 Y123.578 E.09677 U63.612
G1 X143.58 Y123.345 E.09716 U64.61
G1 X142.951 Y123.165 E.06366 U65.265
G1 X142.004 Y122.848 E.09716 U66.263
G1 X141.079 Y122.483 E.09675 U67.258
G1 X140.17 Y122.069 E.09718 U68.257
G1 X139.587 Y121.772 E.06366 U68.911
G1 X138.718 Y121.28 E.09716 U69.909
G1 X137.879 Y120.746 E.09676 U70.904
G1 X137.07 Y120.169 E.09668 U71.898
G1 X136.291 Y119.55 E.09681 U72.893
G1 X135.543 Y118.888 E.09719 U73.892
G1 X135.073 Y118.433 E.06365 U74.546
G1 X134.385 Y117.709 E.09718 U75.544
G1 X133.737 Y116.95 E.0971 U76.542
G1 X133.334 Y116.434 E.0637 U77.197
G1 X132.754 Y115.621 E.09717 U78.196
G1 X132.22 Y114.782 E.09676 U79.19
G1 X131.73 Y113.917 E.09673 U80.185
G1 X131.284 Y113.024 E.09712 U81.183
G1 X131.006 Y112.395 E.06691 U81.87
G1 X130.652 Y111.496 E.09401 U82.837
G1 X130.337 Y110.553 E.09673 U83.831
G1 X130.071 Y109.595 E.09674 U84.825
G1 X129.855 Y108.62 E.09716 U85.824
G1 X129.736 Y107.943 E.06688 U86.511
G1 X129.611 Y106.986 E.0939 U87.476
G1 X129.533 Y105.994 E.09682 U88.471
G1 X129.507 Y105 E.09675 U89.466
G1 X129.533 Y104.002 E.09713 U90.464
G1 X129.582 Y103.317 E.06682 U91.151
G1 X129.691 Y102.357 E.094 U92.117
G1 X129.856 Y101.376 E.09679 U93.112
G1 X130.071 Y100.405 E.09676 U94.106
G1 X130.337 Y99.447 E.09674 U95.1
G1 X130.653 Y98.5 E.09713 U96.099
G1 X130.9 Y97.859 E.06684 U96.786
G1 X131.286 Y96.973 E.09403 U97.752
G1 X131.73 Y96.083 E.09677 U98.747
G1 X132.22 Y95.218 E.09673 U99.741
G1 X132.754 Y94.379 E.09676 U100.735
G1 X133.331 Y93.57 E.09668 U101.729
G1 X133.953 Y92.788 E.09722 U102.728
G1 X134.382 Y92.294 E.06366 U103.383
G1 X135.072 Y91.567 E.09752 U104.385
G1 X135.567 Y91.09 E.06688 U105.072
G1 X136.291 Y90.45 E.09402 U106.039
G1 X137.07 Y89.831 E.09681 U107.034
G1 X137.879 Y89.254 E.09668 U108.027
G1 X138.718 Y88.72 E.09676 U109.022
G1 X139.583 Y88.23 E.09673 U110.016
G1 X140.473 Y87.786 E.09677 U111.011
G1 X141.389 Y87.388 E.09717 U112.009
G1 X142 Y87.154 E.06366 U112.664
G1 X142.947 Y86.837 E.09716 U113.662
G1 X143.905 Y86.571 E.09674 U114.656
G1 X144.876 Y86.356 E.09676 U115.651
G1 X145.857 Y86.192 E.09677 U116.646
G1 X146.845 Y86.079 E.09676 U117.64
G1 X147.841 Y86.018 E.09709 U118.638
G1 X148.472 Y86.008 E.0614 U119.269
G1 X148.496 Y86.739 F12000 U120.0
G1 F512.767
G1 X148.524 Y86.738 E.00273 U120.028
G1 X149.455 Y86.763 E.09062 U120.96
G1 X150.409 Y86.838 E.09311 U121.917
G1 X151.357 Y86.963 E.09304 U122.873
G1 X152.303 Y87.139 E.09362 U123.835
G1 X152.942 Y87.287 E.06382 U124.491
G1 X153.839 Y87.536 E.09057 U125.422
G1 X154.746 Y87.84 E.09307 U126.379
G1 X155.635 Y88.19 E.09296 U127.334
G1 X156.505 Y88.586 E.093 U128.29
G1 X157.353 Y89.028 E.09304 U129.246
G1 X158.184 Y89.517 E.09381 U130.21
G1 X158.706 Y89.856 E.06056 U130.833
G1 X159.49 Y90.416 E.09374 U131.796
G1 X160.244 Y91.015 E.09369 U132.759
G1 X160.714 Y91.424 E.06062 U133.382
G1 X161.413 Y92.087 E.09374 U134.346
G1 X162.071 Y92.781 E.09305 U135.302
G1 X162.692 Y93.508 E.09303 U136.258
G1 X163.274 Y94.266 E.09298 U137.214
G1 X163.816 Y95.054 E.09305 U138.17
G1 X164.315 Y95.869 E.09298 U139.126
G1 X164.775 Y96.716 E.09378 U140.09
G1 X165.048 Y97.275 E.06053 U140.712
G1 X165.435 Y98.166 E.09452 U141.683
G1 X165.658 Y98.747 E.06055 U142.305
G1 X165.964 Y99.661 E.09378 U143.269
G1 X166.219 Y100.582 E.09298 U144.225
G1 X166.426 Y101.515 E.09298 U145.181
G1 X166.534 Y102.159 E.06353 U145.834
G1 X166.623 Y102.775 E.06056 U146.456
G1 X166.699 Y103.568 E.07751 U147.253
G1 X166.762 Y105 E.13946 U148.686
G1 X166.737 Y105.963 E.09373 U149.649
G1 X166.693 Y106.584 E.06057 U150.272
G1 X166.584 Y107.542 E.09381 U151.236
G1 X166.426 Y108.485 E.09303 U152.192
G1 X166.219 Y109.418 E.09298 U153.148
G1 X165.964 Y110.339 E.09298 U154.104
G1 X165.66 Y111.246 E.09307 U155.06
G1 X165.307 Y112.142 E.0937 U156.023
G1 X165.054 Y112.711 E.06059 U156.646
G1 X164.624 Y113.573 E.09373 U157.609
G1 X164.153 Y114.405 E.09302 U158.565
G1 X163.64 Y115.212 E.09304 U159.522
G1 X163.08 Y115.996 E.09374 U160.485
G1 X162.697 Y116.487 E.06059 U161.108
G1 X162.071 Y117.22 E.09379 U162.072
G1 X161.408 Y117.918 E.09367 U163.034
G1 X160.96 Y118.351 E.06062 U163.657
G1 X160.238 Y118.989 E.09374 U164.621
G1 X159.49 Y119.584 E.09299 U165.577
G1 X158.706 Y120.144 E.09374 U166.54
G1 X158.184 Y120.483 E.06056 U167.163
G1 X157.353 Y120.972 E.09381 U168.127
G1 X156.505 Y121.414 E.09304 U169.083
G1 X155.635 Y121.81 E.093 U170.039
G1 X154.746 Y122.16 E.09296 U170.994
G1 X153.832 Y122.466 E.09378 U171.958
G1 X153.234 Y122.638 E.06054 U172.58
G1 X152.297 Y122.863 E.09376 U173.544
G1 X151.357 Y123.037 E.09301 U174.5
G1 X150.409 Y123.162 E.09304 U175.456
G1 X149.456 Y123.237 E.09301 U176.412
G1 X148.5 Y123.262 E.09305 U177.369
G1 X147.544 Y123.237 E.09305 U178.325
G1 X146.591 Y123.162 E.09301 U179.281
G1 X145.643 Y123.037 E.09304 U180.237
G1 X144.703 Y122.863 E.09301 U181.193
G1 X143.766 Y122.638 E.09376 U182.157
M73 P10 R39
G1 X143.168 Y122.466 E.06054 U182.779
G1 X142.254 Y122.16 E.09378 U183.743
G1 X141.365 Y121.81 E.09296 U184.698
G1 X140.488 Y121.41 E.09379 U185.662
G1 X139.933 Y121.128 E.06057 U186.285
G1 X139.094 Y120.653 E.09381 U187.249
G1 X138.288 Y120.14 E.09296 U188.204
G1 X137.51 Y119.584 E.09304 U189.16
G1 X136.762 Y118.989 E.09299 U190.116
G1 X136.04 Y118.351 E.09374 U191.08
G1 X135.592 Y117.918 E.06062 U191.703
G1 X134.929 Y117.219 E.09374 U192.666
G1 X134.303 Y116.487 E.09371 U193.629
G1 X133.92 Y115.996 E.06059 U194.252
G1 X133.36 Y115.212 E.09374 U195.215
G1 X132.847 Y114.405 E.09304 U196.172
G1 X132.376 Y113.573 E.09302 U197.128
G1 X131.946 Y112.712 E.09364 U198.09
G1 X131.681 Y112.113 E.06373 U198.745
G1 X131.34 Y111.246 E.09065 U199.677
G1 X131.036 Y110.339 E.09307 U200.633
G1 X130.781 Y109.418 E.09298 U201.589
G1 X130.572 Y108.478 E.09369 U202.552
G1 X130.459 Y107.833 E.06371 U203.207
G1 X130.338 Y106.909 E.09067 U204.139
G1 X130.263 Y105.956 E.09301 U205.095
G1 X130.238 Y105 E.09305 U206.051
G1 X130.263 Y104.038 E.09363 U207.013
G1 X130.31 Y103.384 E.0638 U207.669
G1 X130.416 Y102.459 E.09059 U208.6
G1 X130.574 Y101.516 E.09303 U209.556
G1 X130.781 Y100.582 E.09308 U210.513
G1 X131.036 Y99.661 E.09298 U211.469
G1 X131.342 Y98.748 E.09369 U212.431
G1 X131.577 Y98.136 E.06378 U213.087
G1 X131.949 Y97.283 E.09054 U214.018
G1 X132.376 Y96.427 E.09307 U214.974
G1 X132.847 Y95.594 E.09311 U215.931
G1 X133.36 Y94.788 E.09296 U216.887
G1 X133.916 Y94.01 E.09304 U217.843
G1 X134.515 Y93.256 E.09369 U218.806
G1 X134.924 Y92.786 E.06062 U219.429
G1 X135.592 Y92.082 E.09442 U220.399
G1 X136.063 Y91.628 E.06365 U221.054
G1 X136.761 Y91.011 E.09064 U221.985
G1 X137.51 Y90.415 E.09313 U222.942
G1 X138.288 Y89.86 E.09298 U223.898
G1 X139.095 Y89.347 E.09304 U224.854
G1 X139.927 Y88.876 E.09302 U225.81
G1 X140.782 Y88.449 E.09299 U226.766
G1 X141.666 Y88.065 E.09377 U227.73
G1 X142.247 Y87.842 E.06055 U228.352
G1 X143.161 Y87.536 E.09378 U229.316
G1 X144.082 Y87.281 E.09298 U230.272
G1 X145.016 Y87.074 E.09308 U231.228
G1 X145.958 Y86.916 E.09293 U232.183
G1 X146.908 Y86.808 E.09303 U233.14
G1 X147.869 Y86.749 E.09368 U234.102
G1 X148.466 Y86.739 E.05809 U234.699
G1 X148.49 Y87.47 F12000 U235.431
G1 F512.767
G1 X148.521 Y87.47 E.00302 U235.462
G1 X149.417 Y87.494 E.08721 U236.358
G1 X150.332 Y87.566 E.0893 U237.276
G1 X151.242 Y87.686 E.08931 U238.194
G1 X152.154 Y87.855 E.09024 U239.121
G1 X152.761 Y87.996 E.06063 U239.745
G1 X153.625 Y88.236 E.08725 U240.641
G1 X154.496 Y88.527 E.08935 U241.56
G1 X155.35 Y88.863 E.08929 U242.477
G1 X156.185 Y89.244 E.0893 U243.395
G1 X156.999 Y89.668 E.0893 U244.313
G1 X157.799 Y90.139 E.09033 U245.241
G1 X158.294 Y90.461 E.05745 U245.832
G1 X159.05 Y91 E.09034 U246.76
G1 X159.777 Y91.578 E.09037 U247.689
G1 X160.222 Y91.965 E.05738 U248.279
G1 X160.896 Y92.604 E.09036 U249.208
G1 X161.527 Y93.27 E.08926 U250.125
G1 X162.124 Y93.968 E.08936 U251.044
G1 X162.682 Y94.696 E.08924 U251.961
G1 X163.202 Y95.452 E.08928 U252.878
G1 X163.682 Y96.235 E.08936 U253.797
G1 X164.125 Y97.051 E.09034 U254.725
G1 X164.383 Y97.582 E.05744 U255.316
G1 X164.758 Y98.443 E.09137 U256.255
G1 X164.97 Y98.994 E.05744 U256.845
G1 X165.264 Y99.875 E.09036 U257.774
G1 X165.509 Y100.759 E.08925 U258.691
G1 X165.708 Y101.655 E.0893 U259.609
G1 X165.813 Y102.28 E.06166 U260.243
G1 X165.897 Y102.864 E.05741 U260.833
G1 X165.97 Y103.625 E.07438 U261.597
G1 X166.03 Y105 E.13391 U262.974
G1 X166.006 Y105.928 E.09032 U263.902
G1 X165.965 Y106.517 E.05745 U264.492
G1 X165.86 Y107.44 E.09038 U265.421
G1 X165.708 Y108.345 E.08929 U266.339
G1 X165.509 Y109.241 E.0893 U267.257
G1 X165.264 Y110.125 E.08925 U268.174
G1 X164.973 Y110.996 E.08935 U269.092
G1 X164.633 Y111.86 E.09034 U270.021
G1 X164.393 Y112.399 E.05741 U270.611
G1 X163.978 Y113.23 E.09037 U271.54
G1 X163.526 Y114.029 E.08932 U272.458
G1 X163.033 Y114.803 E.08929 U273.375
G1 X162.494 Y115.559 E.09034 U274.304
G1 X162.131 Y116.024 E.0574 U274.894
G1 X161.527 Y116.73 E.0904 U275.823
G1 X160.888 Y117.403 E.09029 U276.751
G1 X160.464 Y117.814 E.05745 U277.342
G1 X159.768 Y118.429 E.09037 U278.27
G1 X159.05 Y119 E.08926 U279.188
G1 X158.294 Y119.539 E.09034 U280.116
G1 X157.799 Y119.861 E.05745 U280.707
G1 X156.999 Y120.332 E.09033 U281.635
G1 X156.185 Y120.756 E.0893 U282.553
G1 X155.35 Y121.137 E.0893 U283.471
G1 X154.496 Y121.473 E.08929 U284.388
G1 X153.615 Y121.768 E.0904 U285.317
G1 X153.048 Y121.93 E.05737 U285.907
G1 X152.145 Y122.147 E.09036 U286.836
G1 X151.242 Y122.314 E.08935 U287.754
G1 X150.332 Y122.434 E.08931 U288.672
G1 X149.417 Y122.506 E.0893 U289.59
G1 X148.5 Y122.53 E.08925 U290.507
G1 X147.583 Y122.506 E.08925 U291.424
G1 X146.668 Y122.434 E.0893 U292.342
G1 X145.758 Y122.314 E.08931 U293.26
G1 X144.855 Y122.147 E.08935 U294.178
G1 X143.952 Y121.93 E.09036 U295.107
CUT
G1 X143.385 Y121.768 E.05737
G1 X142.504 Y121.473 E.0904
G1 X141.65 Y121.137 E.08929
G1 X140.805 Y120.752 E.09035
G1 X140.279 Y120.484 E.05744
G1 X139.471 Y120.026 E.09037
G1 X138.697 Y119.533 E.08929
G1 X137.95 Y119 E.08928
G1 X137.232 Y118.429 E.08926
G1 X136.536 Y117.814 E.09037
G1 X136.112 Y117.403 E.05745
G1 X135.473 Y116.73 E.09029
G1 X134.87 Y116.024 E.09034
G1 X134.506 Y115.559 E.05746
G1 X133.967 Y114.803 E.09034
G1 X133.474 Y114.029 E.08929
G1 X133.022 Y113.23 E.08932
G1 X132.608 Y112.4 E.09024
G1 X132.355 Y111.831 E.06059
G1 X132.027 Y110.996 E.08729
G1 X131.736 Y110.125 E.08935
G1 X131.491 Y109.241 E.08925
G1 X131.29 Y108.336 E.0902
G1 X131.182 Y107.722 E.06066
G1 X131.066 Y106.833 E.08723
G1 X130.994 Y105.917 E.0894
G1 X130.97 Y105 E.08925
G1 X130.994 Y104.073 E.09022
G1 X131.038 Y103.452 E.06057
G1 X131.14 Y102.561 E.08726
G1 X131.292 Y101.655 E.08938
G1 X131.491 Y100.759 E.0893
G1 X131.736 Y99.875 E.08925
G1 X132.03 Y98.996 E.09018
G1 X132.254 Y98.414 E.06068
G1 X132.612 Y97.592 E.08723
G1 X133.022 Y96.77 E.08937
G1 X133.474 Y95.971 E.08932
G1 X133.967 Y95.197 E.08929
G1 X134.5 Y94.45 E.08928
G1 X135.078 Y93.723 E.09037
G1 X135.465 Y93.278 E.05738
G1 X136.111 Y92.598 E.09126
G1 X136.559 Y92.165 E.06062
G1 X137.231 Y91.572 E.0872
G1 X137.95 Y91 E.08939
G1 X138.697 Y90.467 E.08928
G1 X139.471 Y89.974 E.08929
G1 X140.27 Y89.522 E.08932
G1 X141.091 Y89.112 E.08929
G1 X141.943 Y88.742 E.09038
G1 X142.494 Y88.53 E.05744
G1 X143.375 Y88.236 E.09036
G1 X144.259 Y87.991 E.08925
G1 X145.155 Y87.792 E.0893
G1 X146.06 Y87.64 E.08929
G1 X146.972 Y87.537 E.0893
G1 X147.897 Y87.48 E.09017
G1 X148.46 Y87.471 E.05478
G1 E-8 F1500
G1 Z.84 F3000
G1 X136.782 Y92.407 F12000
G1 Z.64 F3000
G1 E10 F1500
;TYPE:Solid infill
G1 E-30 F1500
G1 Z5.64 F300.0
G1 F12000.0
T0
G1 Z0.64 F300.0
G1 E32.0 F1500
G1 F12000.0
;WIDTH:0.578673
G1 F735.294
G1 X135.704 Y93.495 E.10392
G1 X136.566 Y92.619 E.08339
G1 E-8 F1500
G1 Z.84 F3000
G1 X139.408 Y90.544 F12000
G1 Z.64 F3000
G1 E10 F1500
G1 F735.294
G1 X139.363 Y90.498 E.00437
G1 X139.302 Y90.515 E.0043
G1 X139.285 Y90.577 E.00436
G1 X139.33 Y90.622 E.00432
G1 X139.392 Y90.605 E.00436
;WIDTH:0.626836
G1 F671.846
G1 X139.155 Y90.756 E.02087
;WIDTH:0.675
G1 F618.478
G1 X138.918 Y90.906 E.02263
G1 X134.406 Y95.418 E.51472
G1 X134.256 Y95.655 E.02263
;WIDTH:0.626836
G1 F671.846
G1 X134.105 Y95.892 E.02087
;WIDTH:0.578673
G1 F735.294
G1 X134.044 Y95.908 E.00428
G1 X133.998 Y95.863 E.00437
G1 X134.015 Y95.802 E.0043
G1 X134.077 Y95.785 E.00436
G1 X134.122 Y95.83 E.00432
G1 E-8 F1500
G1 Z.84 F3000
G1 X132.977 Y97.874 F12000
G1 Z.64 F3000
G1 E10 F1500
G1 F735.294
G1 X132.932 Y97.829 E.00432
G1 X132.871 Y97.846 E.0043
G1 X132.854 Y97.907 E.0043
G1 X132.899 Y97.952 E.00432
G1 X132.961 Y97.936 E.00434
;WIDTH:0.626836
G1 F671.846
G1 X133.09 Y97.699 E.02004
;WIDTH:0.675
G1 F618.478
G1 X133.22 Y97.462 E.02181
G1 X140.962 Y89.72 E.8832
G1 E-8 F1500
G1 Z.84 F3000
G1 X142.972 Y88.767 F12000
G1 Z.64 F3000
G1 E10 F1500
;WIDTH:0.578673
G1 F735.294
G1 X142.927 Y88.722 E.00432
G1 X142.866 Y88.739 E.0043
G1 X142.849 Y88.8 E.0043
G1 X142.894 Y88.845 E.00432
G1 X142.956 Y88.829 E.00434
;WIDTH:0.626836
G1 F671.846
G1 X142.72 Y88.942 E.01943
;WIDTH:0.675
G1 F618.478
G1 X142.485 Y89.055 E.02103
G1 X132.555 Y98.984 E1.13275
G1 X132.443 Y99.221 E.02115
M73 P11 R39
;WIDTH:0.626836
G1 F671.846
G1 X132.33 Y99.458 E.0195
;WIDTH:0.578673
G1 F735.294
G1 X132.268 Y99.474 E.00434
G1 X132.223 Y99.429 E.00432
G1 X132.24 Y99.368 E.0043
G1 X132.301 Y99.351 E.0043
G1 X132.346 Y99.396 E.00432
G1 E-8 F1500
G1 Z.84 F3000
G1 X131.643 Y101.264 F12000
G1 Z.64 F3000
G1 E10 F1500
G1 F735.294
G1 X131.832 Y100.503 E.0532
;WIDTH:0.626836
G1 F671.846
G1 X131.982 Y100.384 E.01422
;WIDTH:0.675
G1 F618.478
G1 X132.132 Y100.265 E.01545
G1 X143.765 Y88.632 E1.32708
G1 X144.91 Y88.344 E.09524
G1 X131.844 Y101.41 E1.49056
G1 X131.65 Y102.462 E.08629
G1 X145.962 Y88.15 E1.6327
G1 X146.94 Y88.029 E.07949
G1 X131.529 Y103.44 E1.75807
G1 X131.473 Y104.354 E.07387
G1 X147.857 Y87.969 E1.86913
G1 X148.72 Y87.964 E.06962
G1 X131.462 Y105.222 E1.96878
G1 X131.492 Y106.05 E.06684
G1 X149.55 Y87.992 E2.06004
G1 X150.342 Y88.057 E.0641
M73 P11 R38
G1 X131.557 Y106.842 E2.14297
G1 X131.657 Y107.6 E.06167
G1 X151.1 Y88.157 E2.21804
G1 X151.826 Y88.288 E.05951
G1 X131.786 Y108.328 E2.28614
G1 X131.942 Y109.03 E.05801
G1 X152.531 Y88.441 E2.34877
G1 X153.206 Y88.624 E.05642
M73 P12 R38
G1 X132.124 Y109.705 E2.40496
G1 X132.327 Y110.36 E.05532
G1 X153.86 Y88.827 E2.45646
G1 X154.495 Y89.049 E.05426
G1 X132.549 Y110.995 E2.50358
G1 X132.791 Y111.61 E.05331
G1 X155.11 Y89.291 E2.54613
G1 X155.701 Y89.558 E.05231
G1 X133.054 Y112.205 E2.58355
G1 X133.339 Y112.777 E.05155
G1 X156.277 Y89.84 E2.61669
G1 X156.837 Y90.137 E.05113
G1 X133.639 Y113.335 E2.64641
G1 X133.954 Y113.878 E.05064
G1 X157.377 Y90.455 E2.67207
G1 X157.903 Y90.786 E.05013
G1 X134.287 Y114.401 E2.69403
G1 X134.639 Y114.908 E.04979
M73 P13 R38
G1 X158.408 Y91.139 E2.71154
G1 X158.901 Y91.503 E.04943
G1 X135.001 Y115.403 E2.72649
G1 X135.384 Y115.878 E.04922
G1 X159.379 Y91.882 E2.73738
G1 X159.841 Y92.278 E.04908
G1 X135.779 Y116.34 E2.74497
G1 X136.193 Y116.783 E.04891
G1 X160.283 Y92.693 E2.74816
G1 X160.714 Y93.119 E.04888
G1 X136.617 Y117.216 E2.74896
G1 X137.062 Y117.629 E.04897
M73 P13 R37
G1 X161.132 Y93.559 E2.74588
G1 X161.529 Y94.02 E.04908
M73 P14 R37
G1 X137.517 Y118.032 E2.73927
G1 X137.993 Y118.413 E.04918
G1 X161.914 Y94.493 E2.72883
G1 X162.286 Y94.978 E.04931
G1 X138.481 Y118.782 E2.71559
G1 X138.982 Y119.139 E.04962
G1 X162.635 Y95.486 E2.69831
G1 X162.972 Y96.007 E.05005
G1 X139.506 Y119.472 E2.67692
G1 X140.044 Y119.792 E.05049
G1 X163.295 Y96.541 E2.65245
G1 X163.597 Y97.097 E.05104
G1 X140.595 Y120.099 E2.62405
G1 X141.168 Y120.383 E.05159
G1 X163.884 Y97.667 E2.59142
G1 X164.148 Y98.26 E.05236
M73 P15 R37
G1 X141.757 Y120.651 E2.55434
G1 X142.369 Y120.897 E.05321
G1 X164.4 Y98.866 E2.51328
G1 X164.626 Y99.498 E.05414
G1 X142.998 Y121.126 E2.4673
G1 X143.644 Y121.336 E.05479
G1 X164.835 Y100.146 E2.41739
G1 X165.021 Y100.817 E.05617
G1 X144.32 Y121.519 E2.36161
G1 X145.014 Y121.682 E.05751
G1 X165.18 Y101.516 E2.30052
G1 X165.313 Y102.24 E.05938
G1 X145.737 Y121.816 E2.23321
G1 X146.49 Y121.921 E.06133
G1 X165.423 Y102.988 E2.15986
G1 X165.494 Y103.774 E.06366
G1 X147.274 Y121.994 E2.07852
G1 X148.092 Y122.033 E.06606
G1 X165.533 Y104.592 E1.98965
G1 X165.532 Y105.451 E.06929
M73 P16 R37
G1 X148.951 Y122.032 E1.89154
G1 X149.857 Y121.984 E.07319
M73 P16 R36
G1 X165.489 Y106.352 E1.78328
G1 X165.385 Y107.313 E.07797
G1 X150.818 Y121.88 E1.66179
G1 X151.848 Y121.708 E.08424
G1 X165.21 Y108.345 E1.52438
G1 X164.941 Y109.472 E.09346
G1 X152.965 Y121.449 E1.36627
G1 X153.85 Y121.303 E.07235
;WIDTH:0.578673
G1 F735.294
G1 X153.805 Y121.258 E.00432
G1 X153.743 Y121.274 E.00434
G1 X153.726 Y121.336 E.00436
G1 X153.772 Y121.381 E.00437
G1 X153.833 Y121.364 E.0043
;WIDTH:0.626836
G1 F671.846
G1 X154.025 Y121.209 E.01832
;WIDTH:0.675
G1 F618.478
G1 X154.217 Y121.054 E.0199
G1 X164.554 Y110.717 E1.17924
G1 X164.707 Y110.525 E.0198
;WIDTH:0.626836
G1 F671.846
G1 X164.86 Y110.333 E.01823
;WIDTH:0.578673
G1 F735.294
G1 X164.799 Y110.35 E.0043
G1 X164.754 Y110.305 E.00432
G1 X164.77 Y110.243 E.00434
G1 X164.832 Y110.226 E.00436
G1 X164.877 Y110.272 E.00437
G1 E-8 F1500
G1 Z.84 F3000
G1 X164.322 Y111.717 F12000
G1 Z.64 F3000
G1 E10 F1500
G1 F735.294
G1 X164.277 Y111.672 E.00432
G1 X164.216 Y111.688 E.00428
G1 X164.199 Y111.75 E.00436
G1 X164.244 Y111.795 E.00432
G1 X164.306 Y111.778 E.00436
;WIDTH:0.626836
G1 F671.846
G1 X164.136 Y111.97 E.01904
;WIDTH:0.675
G1 F618.478
G1 X163.966 Y112.162 E.02069
G1 X155.673 Y120.455 E.94606
G1 X155.489 Y120.592 E.0185
;WIDTH:0.626836
G1 F671.846
G1 X155.306 Y120.729 E.01698
;WIDTH:0.578673
G1 F735.294
G1 X155.261 Y120.684 E.00432
G1 X155.199 Y120.701 E.00436
G1 X155.183 Y120.762 E.00428
G1 X155.228 Y120.807 E.00432
G1 X155.289 Y120.791 E.00428
G1 E-8 F1500
G1 Z.84 F3000
G1 X157.147 Y119.832 F12000
G1 Z.64 F3000
G1 E10 F1500
G1 F735.294
G1 X157.085 Y119.848 E.00434
G1 X157.04 Y119.803 E.00432
G1 X157.057 Y119.742 E.0043
G1 X157.118 Y119.725 E.0043
G1 X157.163 Y119.77 E.00432
;WIDTH:0.626836
G1 F671.846
G1 X157.347 Y119.613 E.01796
;WIDTH:0.675
G1 F618.478
G1 X157.531 Y119.455 E.01956
G1 X163.128 Y113.856 E.63861
;WIDTH:0.626836
G1 F671.846
G1 X163.318 Y113.664 E.02006
;WIDTH:0.578673
G1 F735.294
G1 X163.256 Y113.68 E.00434
G1 X163.211 Y113.635 E.00432
G1 X163.228 Y113.574 E.0043
G1 X163.289 Y113.557 E.0043
G1 X163.334 Y113.602 E.00432
G1 E-8 F1500
G1 Z.84 F3000
G1 X162.238 Y115.369 F12000
G1 Z.64 F3000
G1 E10 F1500
G1 F735.294
G1 X161.238 Y116.469 E.10087
G1 X160.194 Y117.522 E.10061
G1 X159.531 Y118.146 E.06178
G1 X158.312 Y119.209 E.10974
M106 S255
;LAYER_CHANGE
;Z:0.96
;HEIGHT:0.32

G1 E-8 F1500
G1 Z.96 F3000
;AFTER_LAYER_CHANGE
;0.96
G92 E0
_ON_LAYER_CHANGE LAYER=3
G1 Z1.16
G1 X148.508 Y85.339 F12000
G1 Z.96 F3000
G1 E10 F1500
;TYPE:External perimeter
;WIDTH:0.675
G1 F618.478
G1 X148.554 Y85.338 E.00371
G1 X149.529 Y85.365 E.07868
G1 X150.555 Y85.445 E.08301
G1 X151.576 Y85.58 E.08308
G1 X152.589 Y85.768 E.08311
G1 X153.255 Y85.921 E.05512
G1 X154.249 Y86.197 E.08322
G1 X155.225 Y86.523 E.08301
G1 X156.183 Y86.901 E.08308
G1 X157.119 Y87.328 E.08299
G1 X158.033 Y87.803 E.08309
G1 X158.921 Y88.326 E.08313
G1 X159.495 Y88.699 E.05522
G1 X160.056 Y89.092 E.05525
G1 X160.874 Y89.719 E.08314
G1 X161.657 Y90.388 E.08308
G1 X162.404 Y91.098 E.08313
G1 X162.879 Y91.589 E.05511
G1 X163.562 Y92.361 E.08315
G1 X164.203 Y93.167 E.08307
G1 X164.801 Y94.005 E.08304
G1 X165.354 Y94.873 E.08302
G1 X165.861 Y95.769 E.08305
G1 X166.32 Y96.69 E.08301
G1 X166.731 Y97.636 E.0832
G1 X166.976 Y98.274 E.05513
G1 X167.303 Y99.251 E.08311
G1 X167.578 Y100.243 E.08304
G1 X167.801 Y101.248 E.08304
G1 X167.971 Y102.265 E.08318
G1 X168.055 Y102.943 E.05511
G1 X168.135 Y103.971 E.08318
G1 X168.162 Y105 E.08303
G1 X168.135 Y106.03 E.08311
G1 X168.088 Y106.712 E.05514
G1 X167.971 Y107.736 E.08314
G1 X167.801 Y108.752 E.0831
G1 X167.578 Y109.757 E.08304
G1 X167.303 Y110.749 E.08304
G1 X166.977 Y111.725 E.08301
G1 X166.599 Y112.684 E.08315
G1 X166.321 Y113.308 E.05511
G1 X165.861 Y114.231 E.08319
G1 X165.354 Y115.127 E.08305
G1 X164.801 Y115.995 E.08302
G1 X164.202 Y116.834 E.08316
G1 X163.781 Y117.373 E.05517
G1 X163.112 Y118.157 E.08314
G1 X162.403 Y118.903 E.08302
G1 X161.657 Y119.612 E.08302
G1 X160.874 Y120.281 E.08308
G1 X160.057 Y120.907 E.08303
G1 X159.209 Y121.49 E.08301
G1 X158.33 Y122.029 E.08317
G1 X157.732 Y122.36 E.05513
G1 X156.81 Y122.82 E.08312
G1 X155.864 Y123.231 E.0832
G1 X155.226 Y123.476 E.05513
G1 X154.249 Y123.803 E.08311
G1 X153.257 Y124.078 E.08304
G1 X152.252 Y124.301 E.08304
G1 X151.235 Y124.471 E.08318
M73 P17 R36
G1 X150.557 Y124.555 E.05511
G1 X149.529 Y124.635 E.08318
G1 X148.5 Y124.662 E.08303
G1 X147.47 Y124.635 E.08311
G1 X146.788 Y124.588 E.05514
G1 X145.764 Y124.471 E.08314
G1 X144.748 Y124.301 E.0831
G1 X143.743 Y124.078 E.08304
G1 X142.751 Y123.803 E.08304
G1 X141.774 Y123.476 E.08311
G1 X141.136 Y123.231 E.05513
G1 X140.19 Y122.82 E.0832
G1 X139.269 Y122.361 E.08301
G1 X138.373 Y121.854 E.08305
G1 X137.505 Y121.301 E.08302
G1 X136.666 Y120.702 E.08316
G1 X136.127 Y120.281 E.05517
G1 X135.343 Y119.612 E.08314
G1 X134.597 Y118.903 E.08302
G1 X133.888 Y118.157 E.08302
G1 X133.218 Y117.373 E.08319
G1 X132.798 Y116.834 E.05512
G1 X132.199 Y115.995 E.08316
G1 X131.646 Y115.127 E.08302
G1 X131.139 Y114.231 E.08305
G1 X130.68 Y113.31 E.08301
G1 X130.269 Y112.366 E.08305
G1 X129.908 Y111.4 E.08319
G1 X129.681 Y110.697 E.05959
G1 X129.422 Y109.757 E.07865
G1 X129.199 Y108.75 E.0832
G1 X129.08 Y108.077 E.05513
G1 X128.945 Y107.055 E.08316
G1 X128.865 Y106.029 E.08301
G1 X128.838 Y105 E.08303
G1 X128.865 Y103.97 E.08311
G1 X128.918 Y103.233 E.0596
G1 X129.029 Y102.264 E.07868
G1 X129.199 Y101.248 E.0831
G1 X129.422 Y100.243 E.08304
G1 X129.697 Y99.251 E.08304
G1 X130.024 Y98.274 E.08311
G1 X130.29 Y97.585 E.05958
G1 X130.68 Y96.691 E.07868
G1 X131.139 Y95.769 E.08308
G1 X131.646 Y94.873 E.08305
G1 X132.199 Y94.005 E.08302
G1 X132.798 Y93.166 E.08316
G1 X133.218 Y92.627 E.05512
G1 X133.888 Y91.843 E.08319
G1 X134.597 Y91.097 E.08302
G1 X135.343 Y90.388 E.08302
G1 X136.126 Y89.72 E.08302
G1 X136.944 Y89.092 E.08319
G1 X137.55 Y88.669 E.05961
G1 X138.373 Y88.146 E.07866
G1 X139.269 Y87.639 E.08305
G1 X140.19 Y87.18 E.08301
G1 X141.134 Y86.769 E.08305
G1 X142.1 Y86.408 E.08319
G1 X142.803 Y86.181 E.05959
G1 X143.743 Y85.922 E.07865
G1 X144.748 Y85.699 E.08304
G1 X145.764 Y85.529 E.0831
G1 X146.786 Y85.412 E.08298
G1 X147.815 Y85.35 E.08316
G1 X148.478 Y85.339 E.05349
G1 X149.078 Y85.352 F12000
G1 X148.502 Y86.008
;TYPE:Perimeter
G1 E-30 F1500
G1 Z5.96 F300.0
G1 F12000.0
T1
G1 Z0.96 F300.0
PRIME_FIBRE
G1 E45.0 F1500
G1 F12000.0
;WIDTH:0.8
G1 F512.767
G1 X148.55 Y86.007 E.00467
G1 X149.493 Y86.033 E.09179 U0.943
G1 X150.485 Y86.111 E.09682 U1.938
G1 X151.471 Y86.241 E.09676 U2.933
G1 X152.453 Y86.423 E.09717 U3.932
G1 X153.091 Y86.57 E.0637 U4.586
G1 X154.053 Y86.837 E.09714 U5.585
G1 X154.996 Y87.152 E.09673 U6.579
G1 X155.921 Y87.517 E.09675 U7.573
G1 X156.826 Y87.929 E.09675 U8.568
G1 X157.708 Y88.388 E.09674 U9.562
G1 X158.569 Y88.895 E.09722 U10.561
G1 X159.121 Y89.254 E.06407 U11.22
G1 X159.661 Y89.631 E.06408 U11.878
G1 X160.453 Y90.239 E.09715 U12.877
G1 X161.209 Y90.885 E.09675 U13.871
G1 X161.934 Y91.573 E.09725 U14.871
G1 X162.388 Y92.043 E.06358 U15.524
G1 X163.05 Y92.791 E.09719 U16.523
G1 X163.669 Y93.57 E.09681 U17.518
G1 X164.246 Y94.379 E.09668 U18.512
G1 X164.78 Y95.218 E.09676 U19.506
G1 X165.27 Y96.083 E.09673 U20.5
G1 X165.714 Y96.973 E.09677 U21.495
G1 X166.112 Y97.889 E.09717 U22.494
G1 X166.346 Y98.5 E.06366 U23.148
G1 X166.663 Y99.447 E.09716 U24.147
G1 X166.929 Y100.405 E.09674 U25.141
G1 X167.144 Y101.376 E.09676 U26.135
G1 X167.309 Y102.361 E.09717 U27.134
G1 X167.389 Y103.01 E.06362 U27.788
G1 X167.428 Y103.51 E.0488 U28.289
G1 X167.493 Y105 E.14511 U29.781
G1 X167.467 Y105.998 E.09713 U30.779
G1 X167.422 Y106.651 E.06369 U31.434
G1 X167.308 Y107.643 E.09715 U32.432
G1 X167.144 Y108.624 E.09677 U33.427
G1 X166.929 Y109.595 E.09676 U34.421
G1 X166.663 Y110.553 E.09674 U35.416
G1 X166.348 Y111.496 E.09673 U36.41
G1 X165.982 Y112.425 E.09715 U37.408
G1 X165.716 Y113.023 E.06368 U38.063
G1 X165.27 Y113.917 E.09721 U39.062
G1 X164.78 Y114.782 E.09673 U40.056
G1 X164.246 Y115.621 E.09676 U41.051
G1 X163.666 Y116.434 E.09717 U42.049
G1 X163.263 Y116.95 E.0637 U42.704
G1 X162.615 Y117.709 E.0971 U43.702
G1 X161.93 Y118.43 E.09676 U44.697
G1 X161.209 Y119.115 E.09676 U45.691
G1 X160.453 Y119.761 E.09675 U46.685
G1 X159.664 Y120.366 E.09674 U47.68
G1 X158.845 Y120.929 E.0967 U48.674
G1 X157.993 Y121.451 E.09722 U49.673
G1 X157.421 Y121.768 E.06363 U50.327
G1 X156.527 Y122.214 E.09721 U51.326
G1 X155.611 Y122.612 E.09717 U52.325
G1 X155 Y122.846 E.06366 U52.979
G1 X154.053 Y123.163 E.09716 U53.977
G1 X153.095 Y123.429 E.09674 U54.972
G1 X152.124 Y123.644 E.09676 U55.966
G1 X151.139 Y123.809 E.09717 U56.965
G1 X150.49 Y123.889 E.06362 U57.619
G1 X149.494 Y123.967 E.0972 U58.618
G1 X148.5 Y123.993 E.09675 U59.612
G1 X147.502 Y123.967 E.09713 U60.611
G1 X146.849 Y123.922 E.06369 U61.265
G1 X145.857 Y123.808 E.09715 U62.264
G1 X144.876 Y123.644 E.09677 U63.258
G1 X143.905 Y123.429 E.09676 U64.253
G1 X142.947 Y123.163 E.09674 U65.247
G1 X142 Y122.847 E.09713 U66.245
G1 X141.389 Y122.612 E.06369 U66.9
G1 X140.473 Y122.214 E.09717 U67.899
G1 X139.583 Y121.77 E.09677 U68.893
G1 X138.718 Y121.28 E.09673 U69.888
G1 X137.879 Y120.746 E.09676 U70.882
G1 X137.066 Y120.166 E.09717 U71.881
G1 X136.55 Y119.763 E.0637 U72.535
G1 X135.791 Y119.115 E.0971 U73.533
G1 X135.07 Y118.43 E.09676 U74.528
G1 X134.385 Y117.709 E.09676 U75.522
G1 X133.737 Y116.95 E.0971 U76.52
G1 X133.334 Y116.434 E.0637 U77.175
G1 X132.754 Y115.621 E.09717 U78.174
G1 X132.22 Y114.782 E.09676 U79.168
G1 X131.73 Y113.917 E.09673 U80.163
G1 X131.286 Y113.027 E.09677 U81.157
G1 X130.89 Y112.115 E.09674 U82.151
G1 X130.54 Y111.18 E.09714 U83.15
G1 X130.322 Y110.505 E.06902 U83.859
G1 X130.071 Y109.595 E.09185 U84.803
G1 X129.855 Y108.62 E.09716 U85.802
G1 X129.741 Y107.976 E.06363 U86.456
G1 X129.611 Y106.985 E.09725 U87.455
G1 X129.533 Y105.994 E.09672 U88.449
G1 X129.507 Y105 E.09675 U89.444
G1 X129.533 Y104.003 E.09704 U90.441
G1 X129.584 Y103.295 E.06906 U91.151
G1 X129.691 Y102.357 E.09186 U92.095
G1 X129.856 Y101.376 E.09679 U93.09
G1 X130.071 Y100.405 E.09676 U94.084
G1 X130.337 Y99.447 E.09674 U95.078
G1 X130.653 Y98.501 E.09704 U96.076
G1 X130.909 Y97.839 E.06906 U96.786
G1 X131.286 Y96.974 E.09181 U97.729
G1 X131.73 Y96.083 E.09686 U98.725
G1 X132.22 Y95.218 E.09673 U99.719
G1 X132.754 Y94.379 E.09676 U100.713
G1 X133.334 Y93.566 E.09717 U101.712
G1 X133.737 Y93.05 E.0637 U102.367
G1 X134.385 Y92.291 E.0971 U103.365
G1 X135.07 Y91.57 E.09676 U104.359
G1 X135.791 Y90.885 E.09676 U105.354
G1 X136.547 Y90.239 E.09675 U106.348
G1 X137.339 Y89.632 E.09709 U107.346
G1 X137.921 Y89.226 E.06904 U108.056
G1 X138.717 Y88.72 E.09177 U108.999
G1 X139.583 Y88.23 E.09681 U109.994
G1 X140.473 Y87.786 E.09677 U110.988
G1 X141.385 Y87.39 E.09674 U111.983
G1 X142.32 Y87.04 E.09714 U112.981
G1 X142.995 Y86.822 E.06902 U113.69
G1 X143.905 Y86.571 E.09185 U114.634
G1 X144.876 Y86.356 E.09676 U115.629
G1 X145.857 Y86.192 E.09677 U116.624
G1 X146.845 Y86.079 E.09676 U117.618
G1 X147.841 Y86.018 E.09709 U118.616
G1 X148.472 Y86.008 E.0614 U119.247
G1 X148.496 Y86.739 F12000 U119.978
G1 F512.767
G1 X148.546 Y86.739 E.00486 U120.028
G1 X149.455 Y86.763 E.08847 U120.938
G1 X150.409 Y86.838 E.09311 U121.895
G1 X151.357 Y86.963 E.09304 U122.851
G1 X152.304 Y87.139 E.09372 U123.814
G1 X152.911 Y87.279 E.06061 U124.437
G1 X153.839 Y87.536 E.09369 U125.4
G1 X154.746 Y87.84 E.09307 U126.356
G1 X155.635 Y88.19 E.09296 U127.312
G1 X156.505 Y88.586 E.093 U128.268
G1 X157.353 Y89.028 E.09304 U129.224
G1 X158.184 Y89.517 E.09381 U130.188
G1 X159.228 Y90.221 E.12251 U131.447
G1 X159.992 Y90.808 E.09374 U132.411
G1 X160.719 Y91.429 E.09303 U133.367
G1 X161.419 Y92.092 E.09381 U134.331
G1 X161.851 Y92.54 E.06055 U134.954
G1 X162.489 Y93.262 E.09374 U135.917
G1 X163.084 Y94.01 E.09299 U136.873
G1 X163.64 Y94.788 E.09304 U137.829
G1 X164.153 Y95.595 E.09304 U138.785
G1 X164.624 Y96.427 E.09302 U139.741
G1 X165.051 Y97.282 E.09299 U140.697
G1 X165.435 Y98.166 E.09377 U141.661
G1 X165.658 Y98.747 E.06055 U142.283
G1 X165.964 Y99.661 E.09378 U143.247
G1 X166.219 Y100.582 E.09298 U144.203
G1 X166.426 Y101.515 E.09298 U145.158
G1 X166.534 Y102.159 E.06353 U145.811
G1 X166.623 Y102.775 E.06056 U146.434
G1 X166.699 Y103.568 E.07751 U147.23
G1 X166.762 Y105 E.13946 U148.664
G1 X166.737 Y105.963 E.09373 U149.627
G1 X166.693 Y106.584 E.06057 U150.25
G1 X166.584 Y107.542 E.09381 U151.214
G1 X166.426 Y108.484 E.09293 U152.169
G1 X166.219 Y109.418 E.09308 U153.126
G1 X165.964 Y110.339 E.09298 U154.081
G1 X165.66 Y111.246 E.09307 U155.038
G1 X165.307 Y112.142 E.0937 U156.001
G1 X165.054 Y112.711 E.06059 U156.624
G1 X164.624 Y113.573 E.09373 U157.587
G1 X164.153 Y114.406 E.09311 U158.544
G1 X163.64 Y115.212 E.09296 U159.499
G1 X163.08 Y115.996 E.09374 U160.463
G1 X162.697 Y116.487 E.06059 U161.085
G1 X162.071 Y117.219 E.09371 U162.049
G1 X161.413 Y117.913 E.09305 U163.005
G1 X160.719 Y118.571 E.09305 U163.961
G1 X159.993 Y119.192 E.09295 U164.917
G1 X159.234 Y119.774 E.09306 U165.873
G1 X158.446 Y120.316 E.09305 U166.83
G1 X157.624 Y120.819 E.09376 U167.793
G1 X157.08 Y121.121 E.06054 U168.415
G1 X156.218 Y121.551 E.09373 U169.379
G1 X155.334 Y121.935 E.09377 U170.343
G1 X154.753 Y122.158 E.06055 U170.965
G1 X153.839 Y122.464 E.09378 U171.929
G1 X152.918 Y122.719 E.09298 U172.884
M73 P18 R36
G1 X151.985 Y122.926 E.09298 U173.84
G1 X151.034 Y123.085 E.09381 U174.804
G1 X150.416 Y123.161 E.06058 U175.427
G1 X149.456 Y123.237 E.0937 U176.39
G1 X148.5 Y123.262 E.09305 U177.346
G1 X147.537 Y123.237 E.09373 U178.31
G1 X146.916 Y123.193 E.06057 U178.932
G1 X145.958 Y123.084 E.09381 U179.896
G1 X145.016 Y122.926 E.09293 U180.852
G1 X144.082 Y122.719 E.09308 U181.808
G1 X143.161 Y122.464 E.09298 U182.764
G1 X142.247 Y122.158 E.09378 U183.728
G1 X141.666 Y121.935 E.06055 U184.35
G1 X140.782 Y121.551 E.09377 U185.314
G1 X139.927 Y121.124 E.09299 U186.27
G1 X139.094 Y120.653 E.09311 U187.226
G1 X138.288 Y120.14 E.09296 U188.182
G1 X137.504 Y119.58 E.09374 U189.145
G1 X137.013 Y119.197 E.06059 U189.768
G1 X136.281 Y118.571 E.09371 U190.731
G1 X135.587 Y117.913 E.09305 U191.688
G1 X134.929 Y117.219 E.09305 U192.644
G1 X134.303 Y116.487 E.09371 U193.607
G1 X133.92 Y115.996 E.06059 U194.23
G1 X133.36 Y115.212 E.09374 U195.193
G1 X132.847 Y114.405 E.09304 U196.149
G1 X132.376 Y113.573 E.09302 U197.106
G1 X131.949 Y112.718 E.09299 U198.061
G1 X131.568 Y111.841 E.09303 U199.017
G1 X131.231 Y110.94 E.0936 U199.979
G1 X131.023 Y110.295 E.06594 U200.657
G1 X130.781 Y109.419 E.08842 U201.566
G1 X130.572 Y108.477 E.09388 U202.531
G1 X130.464 Y107.864 E.06056 U203.153
G1 X130.338 Y106.909 E.09372 U204.117
G1 X130.263 Y105.956 E.09301 U205.072
G1 X130.238 Y105 E.09305 U206.029
G1 X130.263 Y104.038 E.09363 U206.991
G1 X130.312 Y103.363 E.06585 U207.668
G1 X130.416 Y102.459 E.08854 U208.578
G1 X130.574 Y101.515 E.09313 U209.535
G1 X130.781 Y100.582 E.09298 U210.491
G1 X131.036 Y99.661 E.09298 U211.446
G1 X131.341 Y98.749 E.09356 U212.408
G1 X131.585 Y98.117 E.06591 U213.085
G1 X131.949 Y97.283 E.08854 U213.995
G1 X132.376 Y96.427 E.09307 U214.952
G1 X132.847 Y95.595 E.09302 U215.908
G1 X133.36 Y94.788 E.09304 U216.864
G1 X133.92 Y94.004 E.09374 U217.828
G1 X134.303 Y93.513 E.06059 U218.451
G1 X134.929 Y92.781 E.09371 U219.414
G1 X135.587 Y92.087 E.09305 U220.37
G1 X136.28 Y91.429 E.09298 U221.326
G1 X137.007 Y90.808 E.09303 U222.282
G1 X137.771 Y90.222 E.09368 U223.245
G1 X138.326 Y89.835 E.06583 U223.921
G1 X139.094 Y89.347 E.08853 U224.831
G1 X139.927 Y88.876 E.09311 U225.788
G1 X140.782 Y88.449 E.09299 U226.744
G1 X141.659 Y88.068 E.09303 U227.7
G1 X142.56 Y87.731 E.0936 U228.662
G1 X143.205 Y87.523 E.06594 U229.34
G1 X144.081 Y87.281 E.08842 U230.248
G1 X145.015 Y87.074 E.09308 U231.205
G1 X145.958 Y86.916 E.09303 U232.161
G1 X146.908 Y86.808 E.09303 U233.117
G1 X147.869 Y86.749 E.09368 U234.08
G1 X148.466 Y86.74 E.05809 U234.677
G1 X148.49 Y87.471 F12000 U235.409
G1 F512.767
G1 X148.541 Y87.47 E.00496 U235.46
G1 X149.416 Y87.494 E.08517 U236.335
G1 X150.332 Y87.566 E.0894 U237.254
G1 X151.242 Y87.686 E.08931 U238.172
G1 X152.155 Y87.855 E.09034 U239.1
G1 X152.731 Y87.988 E.05752 U239.691
G1 X153.625 Y88.236 E.09027 U240.619
G1 X154.496 Y88.527 E.08935 U241.537
G1 X155.35 Y88.863 E.08929 U242.455
G1 X156.185 Y89.244 E.0893 U243.373
G1 X156.999 Y89.668 E.0893 U244.291
G1 X157.799 Y90.139 E.09033 U245.219
G1 X158.795 Y90.811 E.1169 U246.421
G1 X159.532 Y91.376 E.09035 U247.349
G1 X160.23 Y91.973 E.08936 U248.268
G1 X160.904 Y92.612 E.09036 U249.197
G1 X161.314 Y93.036 E.05739 U249.786
G1 X161.929 Y93.732 E.09037 U250.715
G1 X162.5 Y94.45 E.08926 U251.633
G1 X163.033 Y95.197 E.08928 U252.55
G1 X163.526 Y95.971 E.08929 U253.468
G1 X163.978 Y96.77 E.08932 U254.386
G1 X164.388 Y97.591 E.08929 U255.304
G1 X164.758 Y98.443 E.09038 U256.232
G1 X164.97 Y98.994 E.05744 U256.823
M73 P18 R35
G1 X165.264 Y99.875 E.09036 U257.752
G1 X165.509 Y100.759 E.08925 U258.669
G1 X165.708 Y101.655 E.0893 U259.587
G1 X165.813 Y102.28 E.06166 U260.22
G1 X165.897 Y102.864 E.05741 U260.81
G1 X165.97 Y103.625 E.07438 U261.575
G1 X166.03 Y105 E.13391 U262.951
G1 X166.006 Y105.928 E.09032 U263.88
G1 X165.965 Y106.517 E.05745 U264.47
G1 X165.86 Y107.44 E.09038 U265.399
G1 X165.708 Y108.345 E.08929 U266.317
G1 X165.509 Y109.241 E.0893 U267.234
G1 X165.264 Y110.125 E.08925 U268.152
G1 X164.973 Y110.996 E.08935 U269.07
G1 X164.633 Y111.86 E.09034 U269.999
G1 X164.393 Y112.399 E.05741 U270.589
G1 X163.978 Y113.23 E.09037 U271.517
G1 X163.526 Y114.029 E.08932 U272.435
G1 X163.033 Y114.803 E.08929 U273.353
G1 X162.494 Y115.559 E.09034 U274.282
G1 X162.13 Y116.024 E.05746 U274.872
G1 X161.527 Y116.73 E.09034 U275.801
G1 X160.896 Y117.396 E.08926 U276.718
G1 X160.23 Y118.027 E.08926 U277.636
G1 X159.532 Y118.623 E.0893 U278.553
G1 X158.804 Y119.182 E.0893 U279.471
G1 X158.048 Y119.702 E.08928 U280.389
G1 X157.256 Y120.187 E.09036 U281.317
G1 X156.74 Y120.473 E.0574 U281.907
G1 X155.909 Y120.888 E.09037 U282.836
G1 X155.057 Y121.258 E.09038 U283.765
G1 X154.506 Y121.47 E.05744 U284.356
G1 X153.625 Y121.764 E.09036 U285.284
G1 X152.741 Y122.009 E.08925 U286.202
G1 X151.845 Y122.208 E.0893 U287.119
G1 X150.929 Y122.361 E.09036 U288.048
G1 X150.343 Y122.433 E.05744 U288.639
G1 X149.417 Y122.506 E.09038 U289.567
G1 X148.5 Y122.53 E.08925 U290.485
G1 X147.572 Y122.506 E.09032 U291.413
G1 X146.983 Y122.465 E.05745 U292.003
G1 X146.06 Y122.36 E.09038 U292.932
G1 X145.155 Y122.208 E.08929 U293.85
G1 X144.259 Y122.009 E.0893 U294.768
CUT
G1 X143.375 Y121.764 E.08925
G1 X142.494 Y121.47 E.09036
G1 X141.943 Y121.258 E.05744
G1 X141.091 Y120.888 E.09038
G1 X140.27 Y120.478 E.08929
G1 X139.471 Y120.026 E.08932
G1 X138.697 Y119.533 E.08929
G1 X137.941 Y118.994 E.09034
G1 X137.476 Y118.63 E.05746
G1 X136.77 Y118.027 E.09034
G1 X136.104 Y117.396 E.08926
G1 X135.473 Y116.73 E.08926
G1 X134.869 Y116.024 E.0904
G1 X134.506 Y115.559 E.0574
G1 X133.967 Y114.803 E.09034
G1 X133.474 Y114.029 E.08929
G1 X133.022 Y113.23 E.08932
G1 X132.612 Y112.409 E.08929
G1 X132.246 Y111.567 E.08933
G1 X131.922 Y110.699 E.09014
G1 X131.724 Y110.086 E.06268
G1 X131.491 Y109.242 E.08519
G1 X131.29 Y108.334 E.09048
G1 X131.187 Y107.753 E.05741
G1 X131.066 Y106.832 E.09038
G1 X130.994 Y105.917 E.0893
G1 X130.97 Y105 E.08925
G1 X130.994 Y104.074 E.09013
G1 X131.04 Y103.431 E.06272
G1 X131.14 Y102.562 E.08511
G1 X131.292 Y101.655 E.08948
G1 X131.491 Y100.759 E.0893
G1 X131.736 Y99.875 E.08925
G1 X132.03 Y98.996 E.09018
G1 X132.262 Y98.395 E.06268
G1 X132.612 Y97.593 E.08514
G1 X133.022 Y96.77 E.08946
G1 X133.474 Y95.971 E.08932
G1 X133.967 Y95.197 E.08929
G1 X134.506 Y94.441 E.09034
G1 X134.869 Y93.976 E.0574
G1 X135.473 Y93.27 E.0904
G1 X136.104 Y92.604 E.08926
G1 X136.77 Y91.973 E.08926
G1 X137.468 Y91.377 E.0893
G1 X138.203 Y90.813 E.09014
G1 X138.732 Y90.444 E.06275
G1 X139.47 Y89.974 E.08513
G1 X140.27 Y89.522 E.0894
G1 X141.091 Y89.112 E.08929
G1 X141.933 Y88.746 E.08933
G1 X142.801 Y88.422 E.09014
G1 X143.414 Y88.224 E.06268
G1 X144.258 Y87.991 E.08519
G1 X145.155 Y87.792 E.0894
G1 X146.06 Y87.64 E.08929
G1 X146.972 Y87.537 E.0893
G1 X147.897 Y87.48 E.09017
G1 X148.46 Y87.471 E.05478
G1 E-8 F1500
G1 Z1.16 F3000
G1 X135.712 Y116.514 F12000
G1 Z.96 F3000
G1 E10 F1500
;TYPE:Solid infill
G1 E-30 F1500
G1 Z5.96 F300.0
G1 F12000.0
T0
G1 Z0.96 F300.0
G1 E32.0 F1500
G1 F12000.0
;WIDTH:0.578673
G1 F735.294
G1 X136.986 Y117.788 E.12225
G1 X135.924 Y116.731 E.10166
G1 E-8 F1500
G1 Z1.16 F3000
G1 X134.043 Y114.09 F12000
G1 Z.96 F3000
G1 E10 F1500
G1 F735.294
G1 X133.998 Y114.135 E.00432
G1 X134.014 Y114.197 E.00434
G1 X134.076 Y114.213 E.00434
G1 X134.121 Y114.168 E.00432
G1 X134.104 Y114.107 E.0043
;WIDTH:0.626836
G1 F671.846
G1 X134.255 Y114.344 E.02087
;WIDTH:0.675
G1 F618.478
G1 X134.405 Y114.581 E.02263
G1 X138.919 Y119.095 E.51495
G1 X139.156 Y119.245 E.02263
;WIDTH:0.626836
G1 F671.846
G1 X139.393 Y119.396 E.02087
;WIDTH:0.578673
G1 F735.294
G1 X139.41 Y119.457 E.0043
G1 X139.365 Y119.502 E.00432
G1 X139.303 Y119.486 E.00434
G1 X139.287 Y119.424 E.00434
G1 X139.332 Y119.379 E.00432
G1 E-8 F1500
G1 Z1.16 F3000
G1 X141.437 Y120.539 F12000
G1 Z.96 F3000
G1 E10 F1500
G1 F735.294
G1 X141.453 Y120.601 E.00434
G1 X141.408 Y120.646 E.00432
G1 X141.346 Y120.63 E.00434
G1 X141.33 Y120.568 E.00434
G1 X141.375 Y120.523 E.00432
;WIDTH:0.626836
G1 F671.846
G1 X141.169 Y120.402 E.01774
;WIDTH:0.675
G1 F618.478
G1 X140.963 Y120.28 E.01931
G1 X133.22 Y112.537 E.88331
G1 X133.092 Y112.3 E.02173
;WIDTH:0.626836
G1 F671.846
G1 X132.964 Y112.063 E.02
;WIDTH:0.578673
G1 F735.294
G1 X132.981 Y112.125 E.00436
G1 X132.936 Y112.17 E.00432
G1 X132.874 Y112.154 E.00434
G1 X132.858 Y112.092 E.00434
G1 X132.903 Y112.047 E.00432
;WIDTH:0.675
G1 F618.478
G1 X132.561 Y111.022 E.08716
G1 X142.485 Y120.946 E1.13212
G1 X142.691 Y121.05 E.01861
M73 P19 R35
;WIDTH:0.626836
G1 F671.846
G1 X142.898 Y121.154 E.0172
;WIDTH:0.578673
G1 F735.294
G1 X142.852 Y121.199 E.00437
G1 X142.869 Y121.261 E.00436
G1 X142.931 Y121.277 E.00434
G1 X142.976 Y121.232 E.00432
G1 X142.959 Y121.171 E.0043
G1 E-8 F1500
G1 Z1.16 F3000
G1 X144.765 Y121.857 F12000
G1 Z.96 F3000
G1 E10 F1500
G1 F735.294
G1 X144.003 Y121.668 E.05327
;WIDTH:0.626836
G1 F671.846
G1 X143.884 Y121.518 E.01422
;WIDTH:0.675
G1 F618.478
G1 X143.765 Y121.368 E.01545
G1 X132.131 Y109.734 E1.3272
G1 X131.844 Y108.589 E.09522
G1 X144.911 Y121.656 E1.49067
G1 X145.963 Y121.85 E.08629
G1 X131.649 Y107.537 E1.63287
G1 X131.532 Y106.563 E.07913
G1 X146.94 Y121.971 E1.75773
G1 X147.854 Y122.027 E.07387
G1 X131.473 Y105.646 E1.86873
G1 X131.462 Y104.777 E.0701
G1 X148.723 Y122.038 E1.96912
G1 X149.55 Y122.008 E.06675
G1 X131.49 Y103.948 E2.06027
G1 X131.561 Y103.161 E.06374
G1 X150.343 Y121.944 E2.14269
G1 X151.097 Y121.84 E.0614
G1 X131.66 Y102.403 E2.21735
G1 X131.786 Y101.672 E.05984
G1 X151.828 Y121.714 E2.28637
G1 X152.53 Y121.558 E.05801
G1 X131.942 Y100.97 E2.34866
G1 X132.124 Y100.294 E.05647
M73 P20 R35
G1 X153.206 Y121.376 E2.40501
G1 X153.86 Y121.173 E.05524
G1 X132.327 Y99.64 E2.45646
G1 X132.548 Y99.004 E.05431
G1 X154.497 Y120.952 E2.50386
G1 X155.108 Y120.706 E.05313
G1 X132.793 Y98.392 E2.54562
G1 X133.054 Y97.795 E.05256
G1 X155.705 Y120.446 E2.584
G1 X156.278 Y120.161 E.05162
M73 P20 R34
G1 X133.339 Y97.222 E2.61686
G1 X133.639 Y96.665 E.05103
G1 X156.838 Y119.863 E2.64646
G1 X157.376 Y119.544 E.05045
G1 X133.954 Y96.122 E2.67196
G1 X134.288 Y95.598 E.05013
M73 P21 R34
G1 X157.902 Y119.213 E2.69392
G1 X158.41 Y118.863 E.04976
G1 X134.639 Y95.092 E2.71177
G1 X135.001 Y94.597 E.04947
G1 X158.9 Y118.496 E2.72638
G1 X159.378 Y118.116 E.04926
G1 X135.384 Y94.122 E2.73721
G1 X135.779 Y93.66 E.04903
G1 X159.84 Y117.721 E2.74486
G1 X160.283 Y117.307 E.04891
G1 X136.193 Y93.217 E2.74816
G1 X136.619 Y92.785 E.04894
G1 X160.715 Y116.881 E2.74885
G1 X161.132 Y116.441 E.0489
G1 X137.059 Y92.368 E2.74622
G1 X137.52 Y91.971 E.04908
M73 P22 R34
G1 X161.529 Y115.98 E2.73892
G1 X161.916 Y115.509 E.04917
G1 X137.993 Y91.586 E2.72911
G1 X138.478 Y91.214 E.04931
G1 X162.282 Y115.018 E2.71554
G1 X162.639 Y114.517 E.04962
G1 X138.983 Y90.861 E2.69865
G1 X139.506 Y90.527 E.05006
G1 X162.972 Y113.994 E2.67704
G1 X163.292 Y113.456 E.05049
G1 X140.044 Y90.208 E2.65211
G1 X140.596 Y89.902 E.05091
G1 X163.598 Y112.904 E2.62405
G1 X163.883 Y112.332 E.05155
G1 X141.168 Y89.617 E2.59131
G1 X141.76 Y89.351 E.05235
M73 P23 R33
G1 X164.152 Y111.744 E2.55452
G1 X164.397 Y111.131 E.05325
G1 X142.369 Y89.102 E2.51299
G1 X142.994 Y88.87 E.05378
G1 X164.626 Y110.502 E2.46776
G1 X164.835 Y109.854 E.05492
G1 X143.645 Y88.664 E2.41734
G1 X144.317 Y88.479 E.05622
G1 X165.021 Y109.183 E2.36189
G1 X165.18 Y108.483 E.0579
G1 X145.017 Y88.32 E2.30018
G1 X145.74 Y88.187 E.0593
G1 X165.313 Y107.76 E2.23287
G1 X165.42 Y107.008 E.06127
G1 X146.492 Y88.08 E2.15929
G1 X147.274 Y88.005 E.06337
G1 X165.498 Y106.229 E2.07898
G1 X165.533 Y105.407 E.06637
M73 P24 R33
G1 X148.092 Y87.966 E1.98965
G1 X148.951 Y87.967 E.06929
G1 X165.532 Y104.549 E1.8916
G1 X165.484 Y103.643 E.07319
G1 X149.857 Y88.016 E1.78271
G1 X150.819 Y88.12 E.07805
G1 X165.386 Y102.688 E1.66185
G1 X165.21 Y101.654 E.08461
G1 X151.848 Y88.292 E1.52432
G1 X152.019 Y88.092 E.02123
;WIDTH:0.578673
G1 F735.294
G1 X152.734 Y88.259 E.04982
;WIDTH:0.675
G1 F618.478
G1 X152.973 Y88.559 E.03094
G1 X164.941 Y100.527 E1.3653
G1 X164.802 Y99.65 E.07163
;WIDTH:0.578673
G1 F735.294
G1 X164.757 Y99.695 E.00432
G1 X164.774 Y99.757 E.00436
G1 X164.835 Y99.773 E.00428
G1 X164.881 Y99.728 E.00437
G1 X164.864 Y99.666 E.00436
;WIDTH:0.626836
G1 F671.846
G1 X164.709 Y99.475 E.01827
;WIDTH:0.675
G1 F618.478
G1 X164.554 Y99.283 E.0199
G1 X154.217 Y88.946 E1.17924
G1 X154.025 Y88.793 E.0198
;WIDTH:0.626836
G1 F671.846
G1 X153.834 Y88.64 E.01817
;WIDTH:0.578673
G1 F735.294
G1 X153.85 Y88.702 E.00434
G1 X153.805 Y88.747 E.00432
G1 X153.743 Y88.73 E.00436
G1 X153.727 Y88.669 E.00428
G1 X153.772 Y88.623 E.00437
G1 E-8 F1500
G1 Z1.16 F3000
G1 X155.228 Y89.186 F12000
G1 Z.96 F3000
G1 E10 F1500
G1 F735.294
G1 X155.183 Y89.231 E.00432
G1 X155.2 Y89.293 E.00436
G1 X155.261 Y89.309 E.00428
G1 X155.306 Y89.264 E.00432
G1 X155.29 Y89.203 E.00428
;WIDTH:0.626836
G1 F671.846
G1 X155.482 Y89.374 E.01909
;WIDTH:0.675
G1 F618.478
G1 X155.674 Y89.545 E.02074
G1 X163.964 Y97.835 E.94572
G1 X164.102 Y98.019 E.01855
;WIDTH:0.626836
G1 F671.846
G1 X164.239 Y98.203 E.01703
;WIDTH:0.578673
G1 F735.294
G1 X164.194 Y98.248 E.00432
G1 X164.211 Y98.309 E.0043
G1 X164.272 Y98.326 E.0043
G1 X164.317 Y98.281 E.00432
G1 X164.301 Y98.219 E.00434
G1 E-8 F1500
G1 Z1.16 F3000
G1 X163.256 Y96.319 F12000
G1 Z.96 F3000
G1 E10 F1500
G1 F735.294
G1 X163.211 Y96.364 E.00432
G1 X163.227 Y96.425 E.00428
G1 X163.289 Y96.442 E.00436
G1 X163.334 Y96.397 E.00432
G1 X163.317 Y96.335 E.00436
;WIDTH:0.626836
G1 F671.846
G1 X163.127 Y96.143 E.02006
;WIDTH:0.675
G1 F618.478
G1 X157.34 Y90.357 E.66012
;WIDTH:0.626836
G1 F671.846
G1 X157.148 Y90.169 E.01995
;WIDTH:0.578673
G1 F735.294
G1 X157.164 Y90.23 E.00428
G1 X157.119 Y90.275 E.00432
G1 X157.058 Y90.259 E.00428
G1 X157.041 Y90.197 E.00436
G1 X157.086 Y90.152 E.00432
G1 E-8 F1500
G1 Z1.16 F3000
G1 X158.622 Y91.049 F12000
G1 Z.96 F3000
G1 E10 F1500
G1 F735.294
G1 X159.309 Y91.652 E.06202
G1 X160.621 Y92.897 E.12272
G1 X161.646 Y93.969 E.10063
G1 X162.708 Y95.186 E.10959
;LAYER_CHANGE
;Z:1.28
;HEIGHT:0.32

G1 E-8 F1500
G1 Z1.28 F3000
;AFTER_LAYER_CHANGE
;1.28
G92 E0
_ON_LAYER_CHANGE LAYER=4
G1 Z1.48
G1 X148.508 Y85.339 F12000
G1 Z1.28 F3000
G1 E10 F1500
;TYPE:External perimeter
;WIDTH:0.675
G1 F618.478
G1 X148.576 Y85.338 E.00549
G1 X149.529 Y85.365 E.07691
G1 X150.555 Y85.445 E.08301
G1 X151.576 Y85.58 E.08308
G1 X152.588 Y85.767 E.08302
G1 X153.59 Y86.008 E.08313
G1 X154.247 Y86.196 E.05512
G1 X155.225 Y86.523 E.08318
G1 X156.183 Y86.901 E.08308
G1 X157.119 Y87.328 E.08299
G1 X158.033 Y87.803 E.08309
G1 X158.921 Y88.326 E.08313
G1 X160.056 Y89.092 E.11046
G1 X160.874 Y89.719 E.08314
G1 X161.657 Y90.388 E.08308
G1 X162.404 Y91.098 E.08313
G1 X162.879 Y91.589 E.05511
G1 X163.562 Y92.361 E.08315
G1 X164.203 Y93.167 E.08307
G1 X164.801 Y94.005 E.08304
G1 X165.354 Y94.873 E.08302
G1 X165.862 Y95.77 E.08316
G1 X166.172 Y96.379 E.05512
G1 X166.6 Y97.319 E.08332
G1 X166.856 Y97.952 E.05508
G1 X167.2 Y98.924 E.08317
G1 X167.492 Y99.911 E.08303
G1 X167.733 Y100.912 E.08305
G1 X167.92 Y101.924 E.08302
G1 X168.055 Y102.945 E.08308
G1 X168.135 Y103.971 E.08301
G1 X168.15 Y105.685 E.13827
G1 X168.088 Y106.714 E.08316
G1 X167.971 Y107.736 E.08298
G1 X167.801 Y108.752 E.0831
G1 X167.578 Y109.757 E.08304
G1 X167.303 Y110.749 E.08304
G1 X166.977 Y111.725 E.08301
G1 X166.599 Y112.684 E.08315
G1 X166.321 Y113.308 E.05511
G1 X165.861 Y114.231 E.08319
G1 X165.354 Y115.127 E.08305
G1 X164.801 Y115.995 E.08302
G1 X164.202 Y116.834 E.08316
G1 X163.732 Y117.433 E.06142
G1 X163.112 Y118.157 E.07689
G1 X162.402 Y118.904 E.08313
G1 X161.911 Y119.379 E.05511
G1 X161.139 Y120.062 E.08315
G1 X160.333 Y120.703 E.08307
G1 X159.494 Y121.302 E.08316
G1 X158.921 Y121.674 E.05511
G1 X158.032 Y122.197 E.0832
G1 X157.119 Y122.672 E.08302
G1 X156.183 Y123.099 E.08299
G1 X155.225 Y123.477 E.08308
M73 P25 R33
G1 X154.247 Y123.804 E.08318
G1 X153.59 Y123.992 E.05512
G1 X152.588 Y124.233 E.08313
G1 X151.576 Y124.42 E.08302
G1 X150.555 Y124.555 E.08308
G1 X149.529 Y124.635 E.08301
G1 X148.5 Y124.662 E.08303
G1 X147.471 Y124.635 E.08303
G1 X146.445 Y124.555 E.08301
G1 X145.424 Y124.42 E.08308
G1 X144.412 Y124.233 E.08302
G1 X143.41 Y123.992 E.08313
G1 X142.753 Y123.804 E.05512
G1 X141.775 Y123.477 E.08318
G1 X140.816 Y123.099 E.08315
G1 X140.192 Y122.821 E.05511
G1 X139.269 Y122.361 E.08319
G1 X138.373 Y121.854 E.08305
G1 X137.505 Y121.301 E.08302
G1 X136.666 Y120.702 E.08316
G1 X136.067 Y120.232 E.06142
G1 X135.343 Y119.612 E.07689
G1 X134.597 Y118.903 E.08302
G1 X133.888 Y118.157 E.08302
G1 X133.219 Y117.374 E.08308
G1 X132.592 Y116.556 E.08314
G1 X132.157 Y115.932 E.06136
G1 X131.646 Y115.127 E.07691
G1 X131.139 Y114.231 E.08305
G1 X130.68 Y113.31 E.08301
G1 X130.269 Y112.364 E.0832
G1 X130.024 Y111.726 E.05513
G1 X129.697 Y110.749 E.08311
G1 X129.422 Y109.757 E.08304
G1 X129.199 Y108.751 E.08312
G1 X129.068 Y108.001 E.06142
G1 X128.945 Y107.056 E.07687
G1 X128.865 Y106.029 E.0831
G1 X128.838 Y104.998 E.0832
G1 X128.85 Y104.315 E.0551
G1 X128.912 Y103.286 E.08316
G1 X129.029 Y102.264 E.08298
G1 X129.199 Y101.248 E.0831
G1 X129.422 Y100.243 E.08304
G1 X129.697 Y99.251 E.08304
G1 X130.024 Y98.274 E.08311
G1 X130.298 Y97.564 E.06139
G1 X130.68 Y96.691 E.07687
G1 X131.139 Y95.769 E.08308
G1 X131.646 Y94.873 E.08305
M73 P25 R32
G1 X132.199 Y94.005 E.08302
G1 X132.798 Y93.166 E.08316
G1 X133.268 Y92.567 E.06142
G1 X133.888 Y91.843 E.07689
G1 X134.597 Y91.097 E.08302
G1 X135.344 Y90.387 E.08313
G1 X135.92 Y89.889 E.06142
G1 X136.667 Y89.297 E.07689
G1 X137.505 Y88.699 E.08304
G1 X138.373 Y88.146 E.08302
G1 X139.269 Y87.639 E.08305
G1 X140.19 Y87.18 E.08301
G1 X141.136 Y86.769 E.0832
G1 X141.774 Y86.524 E.05513
G1 X142.751 Y86.197 E.08311
G1 X143.743 Y85.922 E.08304
G1 X144.748 Y85.699 E.08304
G1 X145.764 Y85.529 E.0831
G1 X146.786 Y85.412 E.08298
G1 X147.815 Y85.35 E.08316
G1 X148.478 Y85.34 E.05349
G1 X149.078 Y85.352 F12000
G1 X148.502 Y86.008
;TYPE:Perimeter
G1 E-30 F1500
G1 Z6.28 F300.0
G1 F12000.0
T1
G1 Z1.28 F300.0
PRIME_FIBRE
G1 E45.0 F1500
G1 F12000.0
;WIDTH:0.8
G1 F512.767
G1 X148.572 Y86.007 E.00681
G1 X149.493 Y86.033 E.08965 U0.921
G1 X150.485 Y86.111 E.09682 U1.916
G1 X151.471 Y86.241 E.09676 U2.911
G1 X152.449 Y86.422 E.09677 U3.906
G1 X153.42 Y86.655 E.09716 U4.904
G1 X154.049 Y86.835 E.06366 U5.558
G1 X154.996 Y87.152 E.09716 U6.557
G1 X155.921 Y87.517 E.09675 U7.551
G1 X156.826 Y87.929 E.09675 U8.546
G1 X157.708 Y88.388 E.09674 U9.54
G1 X158.569 Y88.895 E.09722 U10.539
G1 X159.661 Y89.631 E.12813 U11.856
G1 X160.453 Y90.239 E.09715 U12.855
G1 X161.209 Y90.885 E.09675 U13.849
G1 X161.933 Y91.573 E.09718 U14.848
G1 X162.388 Y92.043 E.06365 U15.502
G1 X163.05 Y92.791 E.09719 U16.501
G1 X163.669 Y93.57 E.09681 U17.496
G1 X164.246 Y94.379 E.09668 U18.489
G1 X164.78 Y95.218 E.09676 U19.484
G1 X165.272 Y96.087 E.09716 U20.483
G1 X165.569 Y96.67 E.06366 U21.137
G1 X165.985 Y97.583 E.09762 U22.14
G1 X166.23 Y98.189 E.0636 U22.794
G1 X166.564 Y99.131 E.09724 U23.793
G1 X166.846 Y100.084 E.0967 U24.787
G1 X167.078 Y101.051 E.09676 U25.782
G1 X167.259 Y102.029 E.09677 U26.776
G1 X167.389 Y103.015 E.09676 U27.771
G1 X167.467 Y104.006 E.09672 U28.765
G1 X167.482 Y105.658 E.16074 U30.417
G1 X167.421 Y106.655 E.09719 U31.416
G1 X167.308 Y107.643 E.09676 U32.41
G1 X167.144 Y108.624 E.09677 U33.405
G1 X166.929 Y109.595 E.09676 U34.399
G1 X166.663 Y110.553 E.09674 U35.394
G1 X166.348 Y111.496 E.09673 U36.388
G1 X165.982 Y112.425 E.09715 U37.386
G1 X165.716 Y113.023 E.06368 U38.041
G1 X165.27 Y113.917 E.09721 U39.04
G1 X164.78 Y114.782 E.09673 U40.034
G1 X164.246 Y115.621 E.09676 U41.029
G1 X163.667 Y116.433 E.09703 U42.026
G1 X163.215 Y117.008 E.07116 U42.757
G1 X162.615 Y117.709 E.08978 U43.68
G1 X161.927 Y118.433 E.09718 U44.679
G1 X161.457 Y118.888 E.06365 U45.333
G1 X160.709 Y119.55 E.09719 U46.332
G1 X159.93 Y120.169 E.09681 U47.327
G1 X159.117 Y120.749 E.09717 U48.325
G1 X158.569 Y121.105 E.06358 U48.979
G1 X157.708 Y121.612 E.09722 U49.978
G1 X156.826 Y122.071 E.09674 U50.972
G1 X155.921 Y122.483 E.09675 U51.967
G1 X154.996 Y122.848 E.09675 U52.961
G1 X154.049 Y123.165 E.09716 U53.96
G1 X153.42 Y123.345 E.06366 U54.614
G1 X152.449 Y123.578 E.09716 U55.613
G1 X151.471 Y123.759 E.09677 U56.607
G1 X150.485 Y123.889 E.09676 U57.602
G1 X149.494 Y123.967 E.09672 U58.596
G1 X148.5 Y123.993 E.09675 U59.59
G1 X147.506 Y123.967 E.09675 U60.584
G1 X146.515 Y123.889 E.09672 U61.579
G1 X145.529 Y123.759 E.09676 U62.573
G1 X144.551 Y123.578 E.09677 U63.568
G1 X143.58 Y123.345 E.09716 U64.566
G1 X142.951 Y123.165 E.06366 U65.22
G1 X142.004 Y122.848 E.09716 U66.219
G1 X141.075 Y122.482 E.09715 U67.218
G1 X140.477 Y122.216 E.06368 U67.872
G1 X139.583 Y121.77 E.09721 U68.871
G1 X138.718 Y121.28 E.09673 U69.865
G1 X137.879 Y120.746 E.09676 U70.86
G1 X137.067 Y120.167 E.09703 U71.857
G1 X136.492 Y119.715 E.07116 U72.589
G1 X135.791 Y119.115 E.08978 U73.511
G1 X135.07 Y118.43 E.09676 U74.506
G1 X134.385 Y117.709 E.09676 U75.5
G1 X133.739 Y116.953 E.09675 U76.495
G1 X133.132 Y116.162 E.09701 U77.492
G1 X132.714 Y115.561 E.07123 U78.224
G1 X132.22 Y114.783 E.08967 U79.145
G1 X131.73 Y113.917 E.09681 U80.14
G1 X131.286 Y113.027 E.09677 U81.135
G1 X130.888 Y112.111 E.09717 U82.134
G1 X130.654 Y111.5 E.06366 U82.788
G1 X130.337 Y110.553 E.09716 U83.787
G1 X130.071 Y109.595 E.09674 U84.781
G1 X129.855 Y108.621 E.09707 U85.779
G1 X129.73 Y107.9 E.0712 U86.51
G1 X129.611 Y106.986 E.08968 U87.432
G1 X129.533 Y105.994 E.09682 U88.427
G1 X129.507 Y104.996 E.09713 U89.425
G1 X129.518 Y104.342 E.06364 U90.08
G1 X129.579 Y103.345 E.09719 U91.078
G1 X129.692 Y102.357 E.09676 U92.073
G1 X129.856 Y101.376 E.09677 U93.067
G1 X130.071 Y100.405 E.09676 U94.062
G1 X130.337 Y99.447 E.09674 U95.056
G1 X130.653 Y98.501 E.09704 U96.054
G1 X130.917 Y97.819 E.07115 U96.785
G1 X131.286 Y96.974 E.08971 U97.707
G1 X131.73 Y96.083 E.09686 U98.702
G1 X132.22 Y95.218 E.09673 U99.697
G1 X132.754 Y94.379 E.09676 U100.691
G1 X133.333 Y93.567 E.09703 U101.688
G1 X133.785 Y92.992 E.07116 U102.42
G1 X134.385 Y92.292 E.0897 U103.342
G1 X135.07 Y91.57 E.09683 U104.337
G1 X135.793 Y90.883 E.09704 U105.334
G1 X136.347 Y90.405 E.07119 U106.066
G1 X137.069 Y89.832 E.08968 U106.988
G1 X137.879 Y89.254 E.09682 U107.983
G1 X138.718 Y88.72 E.09676 U108.977
G1 X139.583 Y88.23 E.09673 U109.972
G1 X140.473 Y87.786 E.09677 U110.966
G1 X141.389 Y87.388 E.09717 U111.965
G1 X142 Y87.154 E.06366 U112.619
G1 X142.947 Y86.837 E.09716 U113.618
G1 X143.905 Y86.571 E.09674 U114.612
G1 X144.876 Y86.356 E.09676 U115.607
G1 X145.857 Y86.192 E.09677 U116.601
G1 X146.845 Y86.079 E.09676 U117.596
G1 X147.84 Y86.018 E.09699 U118.593
G1 X148.472 Y86.009 E.0615 U119.225
G1 X148.496 Y86.74 F12000 U119.956
G1 F512.767
G1 X148.567 Y86.739 E.00691 U120.027
G1 X149.454 Y86.763 E.08633 U120.914
G1 X150.409 Y86.838 E.0932 U121.872
G1 X151.357 Y86.963 E.09304 U122.828
G1 X152.297 Y87.137 E.09301 U123.784
G1 X153.234 Y87.362 E.09376 U124.748
G1 X153.832 Y87.534 E.06054 U125.37
G1 X154.746 Y87.84 E.09378 U126.334
G1 X155.635 Y88.19 E.09296 U127.29
G1 X156.505 Y88.586 E.093 U128.245
G1 X157.353 Y89.028 E.09304 U129.202
G1 X158.184 Y89.517 E.09381 U130.166
G1 X159.228 Y90.221 E.12251 U131.425
G1 X159.992 Y90.808 E.09374 U132.389
G1 X160.719 Y91.429 E.09303 U133.345
G1 X161.419 Y92.092 E.09381 U134.309
G1 X161.851 Y92.54 E.06055 U134.931
G1 X162.489 Y93.262 E.09374 U135.895
G1 X163.084 Y94.01 E.09299 U136.851
G1 X163.64 Y94.788 E.09304 U137.807
G1 X164.153 Y95.595 E.09304 U138.763
G1 X164.628 Y96.433 E.09372 U139.726
G1 X164.91 Y96.988 E.06057 U140.349
G1 X165.313 Y97.872 E.09453 U141.32
G1 X165.546 Y98.448 E.06045 U141.942
G1 X165.868 Y99.357 E.09383 U142.906
G1 X166.139 Y100.274 E.09304 U143.862
G1 X166.363 Y101.203 E.09298 U144.818
G1 X166.537 Y102.143 E.09301 U145.774
G1 X166.662 Y103.091 E.09304 U146.73
G1 X166.737 Y104.044 E.09301 U147.686
G1 X166.751 Y105.63 E.15432 U149.272
G1 X166.692 Y106.592 E.09377 U150.236
G1 X166.584 Y107.542 E.09303 U151.192
G1 X166.426 Y108.484 E.09293 U152.147
G1 X166.219 Y109.418 E.09308 U153.104
G1 X165.964 Y110.339 E.09298 U154.059
G1 X165.66 Y111.246 E.09307 U155.016
G1 X165.307 Y112.142 E.0937 U155.979
G1 X165.054 Y112.711 E.06059 U156.602
G1 X164.624 Y113.573 E.09373 U157.565
G1 X164.153 Y114.406 E.09311 U158.522
G1 X163.64 Y115.212 E.09296 U159.477
G1 X163.081 Y115.994 E.09353 U160.439
G1 X162.649 Y116.544 E.06805 U161.138
G1 X162.072 Y117.219 E.0864 U162.026
G1 X161.408 Y117.918 E.0938 U162.99
G1 X160.96 Y118.351 E.06062 U163.613
G1 X160.238 Y118.989 E.09374 U164.577
G1 X159.49 Y119.584 E.09299 U165.532
G1 X158.706 Y120.144 E.09374 U166.496
G1 X158.184 Y120.483 E.06056 U167.118
G1 X157.353 Y120.972 E.09381 U168.083
G1 X156.505 Y121.414 E.09304 U169.039
M73 P26 R32
G1 X155.635 Y121.81 E.093 U169.995
G1 X154.746 Y122.16 E.09296 U170.95
G1 X153.832 Y122.466 E.09378 U171.914
G1 X153.234 Y122.638 E.06054 U172.536
G1 X152.297 Y122.863 E.09376 U173.5
G1 X151.357 Y123.037 E.09301 U174.456
G1 X150.409 Y123.162 E.09304 U175.412
G1 X149.456 Y123.237 E.09301 U176.368
G1 X148.5 Y123.262 E.09305 U177.324
G1 X147.544 Y123.237 E.09305 U178.281
G1 X146.591 Y123.162 E.09301 U179.237
G1 X145.643 Y123.037 E.09304 U180.193
G1 X144.703 Y122.863 E.09301 U181.149
G1 X143.766 Y122.638 E.09376 U182.112
G1 X143.168 Y122.466 E.06054 U182.735
G1 X142.254 Y122.16 E.09378 U183.699
G1 X141.358 Y121.807 E.0937 U184.662
G1 X140.789 Y121.554 E.06059 U185.284
G1 X139.927 Y121.124 E.09373 U186.248
G1 X139.095 Y120.653 E.09302 U187.204
G1 X138.288 Y120.14 E.09304 U188.16
G1 X137.506 Y119.581 E.09353 U189.121
G1 X136.956 Y119.149 E.06805 U189.821
G1 X136.281 Y118.572 E.0864 U190.709
G1 X135.587 Y117.913 E.09312 U191.666
G1 X134.929 Y117.219 E.09305 U192.622
G1 X134.308 Y116.492 E.09303 U193.578
G1 X133.723 Y115.73 E.09347 U194.539
G1 X133.323 Y115.156 E.06807 U195.238
G1 X132.847 Y114.407 E.08635 U196.126
G1 X132.376 Y113.573 E.09319 U197.084
G1 X131.949 Y112.718 E.09299 U198.039
G1 X131.565 Y111.834 E.09377 U199.003
G1 X131.342 Y111.253 E.06055 U199.625
G1 X131.036 Y110.339 E.09378 U200.589
G1 X130.781 Y109.418 E.09298 U201.545
G1 X130.573 Y108.479 E.09358 U202.507
G1 X130.453 Y107.79 E.06805 U203.206
G1 X130.338 Y106.91 E.08635 U204.094
G1 X130.263 Y105.956 E.09311 U205.05
G1 X130.238 Y104.992 E.09383 U206.015
G1 X130.249 Y104.37 E.06053 U206.637
G1 X130.308 Y103.408 E.09377 U207.601
G1 X130.416 Y102.458 E.09303 U208.557
G1 X130.574 Y101.516 E.09293 U209.512
G1 X130.781 Y100.582 E.09308 U210.469
G1 X131.036 Y99.661 E.09298 U211.424
G1 X131.341 Y98.749 E.09356 U212.386
G1 X131.594 Y98.097 E.06805 U213.085
G1 X131.949 Y97.283 E.0864 U213.973
G1 X132.376 Y96.427 E.09307 U214.93
G1 X132.847 Y95.595 E.09302 U215.886
G1 X133.36 Y94.788 E.09304 U216.842
G1 X133.919 Y94.006 E.09353 U217.804
G1 X134.351 Y93.456 E.06805 U218.503
G1 X134.928 Y92.781 E.0864 U219.391
G1 X135.587 Y92.087 E.09312 U220.348
G1 X136.284 Y91.425 E.09353 U221.309
G1 X136.813 Y90.968 E.06802 U222.008
G1 X137.509 Y90.416 E.08643 U222.897
G1 X138.288 Y89.86 E.09312 U223.854
G1 X139.095 Y89.347 E.09304 U224.81
G1 X139.927 Y88.876 E.09302 U225.766
G1 X140.782 Y88.449 E.09299 U226.722
G1 X141.666 Y88.065 E.09377 U227.685
G1 X142.247 Y87.842 E.06055 U228.308
G1 X143.161 Y87.536 E.09378 U229.272
G1 X144.082 Y87.281 E.09298 U230.227
G1 X145.015 Y87.074 E.09298 U231.183
G1 X145.958 Y86.916 E.09303 U232.139
G1 X146.908 Y86.808 E.09303 U233.095
G1 X147.868 Y86.749 E.09358 U234.057
G1 X148.466 Y86.74 E.05819 U234.655
G1 X148.49 Y87.471 F12000 U235.387
G1 F512.767
G1 X148.562 Y87.47 E.00701 U235.459
G1 X149.416 Y87.494 E.08312 U236.313
G1 X150.332 Y87.566 E.0894 U237.232
G1 X151.242 Y87.686 E.08931 U238.15
G1 X152.145 Y87.853 E.08935 U239.068
G1 X153.048 Y88.07 E.09036 U239.997
G1 X153.615 Y88.232 E.05737 U240.586
G1 X154.496 Y88.527 E.0904 U241.515
G1 X155.35 Y88.863 E.08929 U242.433
G1 X156.185 Y89.244 E.0893 U243.351
G1 X156.999 Y89.668 E.0893 U244.269
G1 X157.799 Y90.139 E.09033 U245.197
G1 X158.795 Y90.811 E.1169 U246.399
G1 X159.532 Y91.376 E.09035 U247.327
G1 X160.23 Y91.973 E.08936 U248.246
G1 X160.904 Y92.612 E.09036 U249.174
G1 X161.314 Y93.036 E.05739 U249.764
G1 X161.929 Y93.732 E.09037 U250.693
G1 X162.5 Y94.45 E.08926 U251.61
G1 X163.033 Y95.197 E.08928 U252.528
G1 X163.526 Y95.971 E.08929 U253.446
G1 X163.984 Y96.779 E.09037 U254.375
G1 X164.252 Y97.305 E.05744 U254.965
G1 X164.641 Y98.16 E.09139 U255.904
G1 X164.862 Y98.708 E.05749 U256.495
G1 X165.172 Y99.583 E.09032 U257.423
G1 X165.433 Y100.463 E.08931 U258.341
G1 X165.647 Y101.355 E.08925 U259.259
G1 X165.814 Y102.258 E.08935 U260.177
G1 X165.934 Y103.168 E.08931 U261.095
G1 X166.006 Y104.083 E.0893 U262.013
G1 X166.02 Y105.601 E.1477 U263.531
G1 X165.963 Y106.528 E.09036 U264.459
G1 X165.86 Y107.44 E.0893 U265.377
G1 X165.708 Y108.345 E.08929 U266.295
G1 X165.509 Y109.241 E.0893 U267.213
G1 X165.264 Y110.125 E.08925 U268.13
G1 X164.973 Y110.996 E.08935 U269.048
G1 X164.633 Y111.86 E.09034 U269.977
G1 X164.393 Y112.399 E.05741 U270.567
G1 X163.978 Y113.23 E.09037 U271.496
G1 X163.526 Y114.029 E.08932 U272.414
G1 X163.033 Y114.803 E.08929 U273.331
G1 X162.496 Y115.556 E.08999 U274.256
G1 X162.084 Y116.08 E.06486 U274.923
G1 X161.529 Y116.729 E.08309 U275.777
G1 X160.888 Y117.404 E.09057 U276.708
G1 X160.464 Y117.814 E.05739 U277.297
G1 X159.768 Y118.429 E.09037 U278.226
G1 X159.05 Y119 E.08926 U279.144
G1 X158.294 Y119.539 E.09034 U280.072
G1 X157.799 Y119.861 E.05745 U280.663
G1 X156.999 Y120.332 E.09033 U281.591
G1 X156.185 Y120.756 E.0893 U282.509
G1 X155.35 Y121.137 E.0893 U283.427
G1 X154.496 Y121.473 E.08929 U284.344
G1 X153.615 Y121.768 E.0904 U285.273
G1 X153.048 Y121.93 E.05737 U285.863
G1 X152.145 Y122.147 E.09036 U286.792
G1 X151.242 Y122.314 E.08935 U287.71
G1 X150.332 Y122.434 E.08931 U288.628
G1 X149.417 Y122.506 E.0893 U289.546
G1 X148.5 Y122.53 E.08925 U290.463
G1 X147.583 Y122.506 E.08925 U291.38
G1 X146.668 Y122.434 E.0893 U292.298
G1 X145.758 Y122.314 E.08931 U293.216
G1 X144.855 Y122.147 E.08935 U294.134
G1 X143.952 Y121.93 E.09036 U295.063
CUT
G1 X143.385 Y121.768 E.05737
G1 X142.504 Y121.473 E.0904
G1 X141.64 Y121.133 E.09034
G1 X141.101 Y120.893 E.05741
G1 X140.27 Y120.478 E.09037
G1 X139.471 Y120.026 E.08932
G1 X138.697 Y119.533 E.08929
G1 X137.944 Y118.996 E.08999
G1 X137.42 Y118.584 E.06486
G1 X136.771 Y118.029 E.08309
G1 X136.104 Y117.396 E.08947
G1 X135.473 Y116.73 E.08926
G1 X134.876 Y116.032 E.08936
G1 X134.313 Y115.298 E.09
G1 X133.932 Y114.751 E.06486
G1 X133.475 Y114.03 E.08306
G1 X133.022 Y113.23 E.08945
G1 X132.612 Y112.409 E.08929
G1 X132.242 Y111.557 E.09038
G1 X132.03 Y111.006 E.05744
G1 X131.736 Y110.125 E.09036
G1 X131.491 Y109.241 E.08925
G1 X131.29 Y108.338 E.09001
G1 X131.176 Y107.681 E.06488
G1 X131.066 Y106.834 E.0831
G1 X130.994 Y105.917 E.0895
G1 X130.97 Y104.989 E.09032
G1 X130.98 Y104.399 E.05741
G1 X131.037 Y103.472 E.09036
G1 X131.14 Y102.56 E.0893
G1 X131.292 Y101.655 E.08929
G1 X131.491 Y100.759 E.0893
G1 X131.736 Y99.875 E.08925
G1 X132.029 Y98.997 E.09006
G1 X132.27 Y98.375 E.0649
G1 X132.611 Y97.593 E.083
G1 X133.022 Y96.77 E.0895
G1 X133.474 Y95.971 E.08932
G1 X133.967 Y95.197 E.08929
G1 X134.504 Y94.444 E.08999
G1 X134.916 Y93.92 E.06486
G1 X135.471 Y93.271 E.08309
G1 X136.104 Y92.604 E.08947
G1 X136.775 Y91.967 E.09002
G1 X137.28 Y91.531 E.06491
G1 X137.949 Y91.001 E.08304
G1 X138.697 Y90.467 E.08942
G1 X139.471 Y89.974 E.08929
G1 X140.27 Y89.522 E.08932
G1 X141.091 Y89.112 E.08929
G1 X141.943 Y88.742 E.09038
G1 X142.494 Y88.53 E.05744
G1 X143.375 Y88.236 E.09036
G1 X144.259 Y87.991 E.08925
G1 X145.155 Y87.792 E.0893
G1 X146.06 Y87.64 E.08929
G1 X146.972 Y87.537 E.0893
G1 X147.896 Y87.48 E.09007
G1 X148.46 Y87.472 E.05488
G1 E-8 F1500
G1 Z1.48 F3000
G1 X136.992 Y92.206 F12000
G1 Z1.28 F3000
G1 E10 F1500
;TYPE:Solid infill
G1 E-30 F1500
G1 Z6.28 F300.0
G1 F12000.0
T0
G1 Z1.28 F300.0
G1 E32.0 F1500
G1 F12000.0
;WIDTH:0.578673
G1 F735.294
G1 X135.711 Y93.487 E.12292
G1 X136.775 Y92.418 E.10234
G1 E-8 F1500
G1 Z1.48 F3000
G1 X139.41 Y90.543 F12000
G1 Z1.28 F3000
G1 E10 F1500
G1 F735.294
G1 X139.365 Y90.498 E.00432
G1 X139.303 Y90.514 E.00434
G1 X139.287 Y90.576 E.00434
G1 X139.332 Y90.621 E.00432
G1 X139.393 Y90.604 E.0043
;WIDTH:0.626836
G1 F671.846
G1 X139.156 Y90.755 E.02087
;WIDTH:0.675
G1 F618.478
G1 X138.919 Y90.905 E.02263
G1 X134.405 Y95.419 E.51495
G1 X134.255 Y95.656 E.02263
;WIDTH:0.626836
G1 F671.846
G1 X134.104 Y95.893 E.02087
;WIDTH:0.578673
G1 F735.294
G1 X134.043 Y95.91 E.0043
G1 X133.998 Y95.865 E.00432
G1 X134.014 Y95.803 E.00434
G1 X134.076 Y95.787 E.00434
G1 X134.121 Y95.832 E.00432
G1 E-8 F1500
G1 Z1.48 F3000
G1 X132.977 Y97.875 F12000
G1 Z1.28 F3000
G1 E10 F1500
G1 F735.294
G1 X132.932 Y97.83 E.00432
G1 X132.87 Y97.846 E.00434
G1 X132.854 Y97.908 E.00434
G1 X132.899 Y97.953 E.00432
G1 X132.96 Y97.937 E.00428
;WIDTH:0.626836
G1 F671.846
G1 X133.09 Y97.7 E.02007
;WIDTH:0.675
G1 F618.478
G1 X133.22 Y97.463 E.02181
G1 X140.963 Y89.72 E.88331
G1 E-8 F1500
G1 Z1.48 F3000
G1 X142.973 Y88.767 F12000
G1 Z1.28 F3000
G1 E10 F1500
M73 P27 R32
;WIDTH:0.578673
G1 F735.294
G1 X142.928 Y88.722 E.00432
G1 X142.866 Y88.739 E.00436
G1 X142.85 Y88.8 E.00428
G1 X142.895 Y88.845 E.00432
G1 X142.956 Y88.829 E.00428
;WIDTH:0.626836
G1 F671.846
G1 X142.721 Y88.942 E.01936
;WIDTH:0.675
G1 F618.478
G1 X142.485 Y89.054 E.02107
G1 X132.556 Y98.984 E1.13275
G1 X132.443 Y99.221 E.02118
;WIDTH:0.626836
G1 F671.846
G1 X132.33 Y99.458 E.0195
;WIDTH:0.578673
G1 F735.294
G1 X132.268 Y99.474 E.00434
G1 X132.223 Y99.429 E.00432
G1 X132.24 Y99.368 E.0043
G1 X132.301 Y99.351 E.0043
G1 X132.347 Y99.396 E.00437
G1 E-8 F1500
G1 Z1.48 F3000
G1 X131.643 Y101.265 F12000
G1 Z1.28 F3000
G1 E10 F1500
G1 F735.294
G1 X131.832 Y100.503 E.05327
;WIDTH:0.626836
G1 F671.846
G1 X131.982 Y100.384 E.01422
;WIDTH:0.675
G1 F618.478
G1 X132.132 Y100.265 E.01545
G1 X143.765 Y88.632 E1.32708
G1 X144.911 Y88.344 E.09532
G1 X131.844 Y101.411 E1.49067
G1 X131.65 Y102.463 E.08629
G1 X145.963 Y88.15 E1.63281
G1 X146.94 Y88.029 E.07941
G1 X131.529 Y103.44 E1.75807
G1 X131.469 Y104.358 E.07421
G1 X147.858 Y87.969 E1.86964
G1 X148.72 Y87.965 E.06953
M73 P27 R31
G1 X131.462 Y105.223 E1.96878
G1 X131.492 Y106.05 E.06675
G1 X149.55 Y87.992 E2.06004
G1 X150.342 Y88.057 E.0641
G1 X131.557 Y106.842 E2.14297
G1 X131.656 Y107.601 E.06174
G1 X151.1 Y88.157 E2.21815
G1 X151.826 Y88.288 E.05951
G1 X131.786 Y108.328 E2.28614
G1 X131.942 Y109.03 E.05801
G1 X152.527 Y88.445 E2.34832
G1 X153.208 Y88.621 E.05674
M73 P28 R31
G1 X132.124 Y109.706 E2.4053
G1 X132.327 Y110.36 E.05524
G1 X153.86 Y88.827 E2.45646
G1 X154.495 Y89.049 E.05426
G1 X132.548 Y110.997 E2.50375
G1 X132.794 Y111.608 E.05313
G1 X155.11 Y89.291 E2.54585
G1 X155.701 Y89.558 E.05231
G1 X133.054 Y112.205 E2.58355
G1 X133.339 Y112.778 E.05162
G1 X156.277 Y89.84 E2.61675
G1 X156.837 Y90.137 E.05113
G1 X133.639 Y113.335 E2.64641
G1 X133.954 Y113.878 E.05064
G1 X157.377 Y90.455 E2.67207
G1 X157.903 Y90.786 E.05013
M73 P29 R31
G1 X134.287 Y114.402 E2.69409
G1 X134.636 Y114.911 E.04978
G1 X158.411 Y91.135 E2.71229
G1 X158.9 Y91.504 E.04942
G1 X135.004 Y115.4 E2.72603
G1 X135.384 Y115.878 E.04926
G1 X159.378 Y91.884 E2.73721
G1 X159.84 Y92.279 E.04903
G1 X135.779 Y116.34 E2.74486
G1 X136.193 Y116.783 E.04891
G1 X160.283 Y92.693 E2.74816
G1 X160.716 Y93.118 E.04894
M73 P29 R30
G1 X136.619 Y117.215 E2.74896
G1 X137.059 Y117.632 E.0489
G1 X161.13 Y93.562 E2.74594
G1 X161.532 Y94.017 E.04898
M73 P30 R30
G1 X137.519 Y118.03 E2.73938
G1 X137.991 Y118.415 E.04913
G1 X161.913 Y94.493 E2.729
G1 X162.282 Y94.982 E.04942
G1 X138.482 Y118.782 E2.71508
G1 X138.983 Y119.139 E.04962
G1 X162.639 Y95.483 E2.69865
G1 X162.972 Y96.006 E.05001
G1 X139.506 Y119.472 E2.67698
G1 X140.044 Y119.792 E.05049
G1 X163.292 Y96.544 E2.65211
G1 X163.599 Y97.095 E.05088
G1 X140.596 Y120.098 E2.62416
G1 X141.168 Y120.383 E.05155
G1 X163.883 Y97.668 E2.59131
G1 X164.151 Y98.257 E.0522
M73 P31 R30
G1 X141.756 Y120.652 E2.5548
G1 X142.369 Y120.897 E.05325
G1 X164.402 Y98.865 E2.51345
G1 X164.626 Y99.497 E.05409
G1 X142.998 Y121.126 E2.46736
G1 X143.645 Y121.337 E.0549
G1 X164.833 Y100.148 E2.41716
G1 X165.019 Y100.82 E.05625
G1 X144.32 Y121.519 E2.36132
G1 X145.014 Y121.682 E.05751
G1 X165.182 Y101.514 E2.30075
G1 X165.316 Y102.237 E.05931
G1 X145.737 Y121.816 E2.23355
G1 X146.491 Y121.921 E.06141
G1 X165.421 Y102.991 E2.15952
G1 X165.494 Y103.774 E.06344
G1 X147.274 Y121.994 E2.07852
G1 X148.093 Y122.033 E.06614
M73 P32 R29
G1 X165.533 Y104.593 E1.98954
G1 X165.537 Y105.447 E.06889
G1 X148.951 Y122.032 E1.89206
G1 X149.857 Y121.984 E.07319
G1 X165.487 Y106.354 E1.78306
G1 X165.385 Y107.314 E.07788
G1 X150.819 Y121.88 E1.66168
G1 X151.848 Y121.708 E.08416
G1 X165.21 Y108.346 E1.52432
G1 X164.941 Y109.473 E.09346
G1 X152.965 Y121.448 E1.36615
G1 X153.85 Y121.302 E.07235
;WIDTH:0.578673
G1 F735.294
G1 X153.805 Y121.257 E.00432
G1 X153.743 Y121.274 E.00436
G1 X153.727 Y121.335 E.00428
G1 X153.772 Y121.381 E.00437
G1 X153.834 Y121.364 E.00436
;WIDTH:0.626836
G1 F671.846
G1 X154.025 Y121.209 E.01827
;WIDTH:0.675
G1 F618.478
G1 X154.217 Y121.054 E.0199
G1 X164.554 Y110.717 E1.17924
G1 X164.707 Y110.525 E.0198
;WIDTH:0.626836
G1 F671.846
G1 X164.86 Y110.334 E.01817
;WIDTH:0.578673
G1 F735.294
G1 X164.798 Y110.35 E.00434
G1 X164.753 Y110.305 E.00432
G1 X164.77 Y110.244 E.0043
G1 X164.831 Y110.227 E.0043
G1 X164.877 Y110.272 E.00437
G1 E-8 F1500
G1 Z1.48 F3000
G1 X164.322 Y111.717 F12000
G1 Z1.28 F3000
G1 E10 F1500
G1 F735.294
G1 X164.277 Y111.672 E.00432
G1 X164.215 Y111.689 E.00436
G1 X164.199 Y111.75 E.00428
G1 X164.244 Y111.796 E.00437
G1 X164.305 Y111.779 E.0043
;WIDTH:0.626836
G1 F671.846
G1 X164.136 Y111.971 E.01899
;WIDTH:0.675
G1 F618.478
G1 X163.966 Y112.163 E.02069
G1 X155.674 Y120.455 E.94594
G1 X155.49 Y120.592 E.0185
;WIDTH:0.626836
G1 F671.846
G1 X155.306 Y120.729 E.01703
;WIDTH:0.578673
G1 F735.294
G1 X155.261 Y120.684 E.00432
G1 X155.2 Y120.7 E.00428
G1 X155.183 Y120.762 E.00436
G1 X155.228 Y120.807 E.00432
G1 X155.29 Y120.79 E.00436
G1 E-8 F1500
G1 Z1.48 F3000
G1 X157.148 Y119.831 F12000
G1 Z1.28 F3000
G1 E10 F1500
G1 F735.294
G1 X157.086 Y119.848 E.00436
G1 X157.041 Y119.803 E.00432
G1 X157.058 Y119.741 E.00436
G1 X157.119 Y119.725 E.00428
G1 X157.164 Y119.77 E.00432
;WIDTH:0.626836
G1 F671.846
G1 X157.348 Y119.612 E.01801
;WIDTH:0.675
G1 F618.478
G1 X157.531 Y119.454 E.0195
G1 X163.127 Y113.857 E.63844
;WIDTH:0.626836
G1 F671.846
G1 X163.317 Y113.665 E.02006
;WIDTH:0.578673
G1 F735.294
G1 X163.256 Y113.681 E.00428
G1 X163.211 Y113.636 E.00432
G1 X163.227 Y113.575 E.00428
G1 X163.289 Y113.558 E.00436
G1 X163.334 Y113.603 E.00432
G1 E-8 F1500
G1 Z1.48 F3000
G1 X162.24 Y115.366 F12000
G1 Z1.28 F3000
G1 E10 F1500
G1 F735.294
G1 X161.239 Y116.468 E.10101
G1 X160.194 Y117.522 E.10071
G1 X159.531 Y118.146 E.06178
G1 X158.314 Y119.208 E.10959
;LAYER_CHANGE
;Z:1.6
;HEIGHT:0.32

G1 E-8 F1500
G1 Z1.6 F3000
;AFTER_LAYER_CHANGE
;1.6
G92 E0
_ON_LAYER_CHANGE LAYER=5
G1 Z1.8
G1 X148.508 Y85.34 F12000
G1 Z1.6 F3000
G1 E10 F1500
;TYPE:External perimeter
;WIDTH:0.675
G1 F618.478
G1 X148.598 Y85.338 E.00726
G1 X149.529 Y85.365 E.07513
G1 X150.555 Y85.445 E.08301
G1 X151.576 Y85.58 E.08308
G1 X152.589 Y85.768 E.08311
G1 X153.255 Y85.921 E.05512
G1 X154.249 Y86.197 E.08322
G1 X155.225 Y86.523 E.08301
G1 X156.183 Y86.901 E.08308
G1 X157.12 Y87.328 E.08306
G1 X157.817 Y87.686 E.06321
G1 X158.627 Y88.146 E.07514
G1 X159.496 Y88.7 E.08313
G1 X160.056 Y89.092 E.05514
G1 X160.874 Y89.719 E.08314
G1 X161.657 Y90.388 E.08308
G1 X162.403 Y91.097 E.08302
G1 X163.112 Y91.843 E.08302
G1 X163.781 Y92.626 E.08308
G1 X164.408 Y93.443 E.08308
G1 X164.855 Y94.087 E.06324
G1 X165.354 Y94.873 E.0751
G1 X165.861 Y95.769 E.08305
G1 X166.32 Y96.69 E.08301
G1 X166.731 Y97.636 E.0832
G1 X166.976 Y98.274 E.05513
G1 X167.303 Y99.251 E.08311
G1 X167.578 Y100.243 E.08304
G1 X167.801 Y101.248 E.08304
G1 X167.971 Y102.265 E.08318
G1 X168.055 Y102.943 E.05511
G1 X168.135 Y103.971 E.08318
G1 X168.162 Y105 E.08303
G1 X168.135 Y106.03 E.08311
G1 X168.088 Y106.712 E.05514
G1 X167.971 Y107.736 E.08314
G1 X167.801 Y108.752 E.0831
G1 X167.578 Y109.757 E.08304
G1 X167.303 Y110.749 E.08304
G1 X166.977 Y111.725 E.08301
G1 X166.599 Y112.684 E.08315
G1 X166.321 Y113.308 E.05511
G1 X165.861 Y114.231 E.08319
G1 X165.354 Y115.127 E.08305
G1 X164.8 Y115.996 E.08313
M73 P33 R29
G1 X164.408 Y116.556 E.05514
G1 X163.781 Y117.374 E.08314
G1 X163.112 Y118.157 E.08308
G1 X162.402 Y118.904 E.08313
G1 X161.911 Y119.379 E.05511
G1 X161.139 Y120.062 E.08315
G1 X160.333 Y120.703 E.08307
G1 X159.495 Y121.301 E.08304
G1 X158.627 Y121.854 E.08302
G1 X157.731 Y122.361 E.08305
G1 X156.81 Y122.82 E.08301
G1 X155.864 Y123.231 E.0832
G1 X155.226 Y123.476 E.05513
G1 X154.249 Y123.803 E.08311
G1 X153.257 Y124.078 E.08304
G1 X152.252 Y124.301 E.08304
G1 X151.235 Y124.471 E.08318
G1 X150.557 Y124.555 E.05511
G1 X149.529 Y124.635 E.08318
G1 X148.499 Y124.662 E.08311
G1 X147.815 Y124.65 E.05518
G1 X146.786 Y124.588 E.08316
G1 X145.764 Y124.471 E.08298
G1 X144.747 Y124.301 E.08318
G1 X144.078 Y124.159 E.05517
G1 X143.08 Y123.901 E.08315
G1 X142.099 Y123.591 E.08299
G1 X141.134 Y123.231 E.08308
G1 X140.19 Y122.82 E.08305
G1 X139.269 Y122.361 E.08301
G1 X138.372 Y121.853 E.08316
G1 X137.709 Y121.436 E.06318
G1 X136.943 Y120.907 E.07509
G1 X136.126 Y120.281 E.08303
G1 X135.343 Y119.612 E.08308
G1 X134.597 Y118.903 E.08302
G1 X133.888 Y118.157 E.08302
G1 X133.218 Y117.373 E.08319
G1 X132.798 Y116.834 E.05512
G1 X132.199 Y115.995 E.08316
G1 X131.646 Y115.127 E.08302
G1 X131.139 Y114.231 E.08305
G1 X130.679 Y113.309 E.08312
G1 X130.363 Y112.592 E.06321
G1 X130.023 Y111.725 E.07512
G1 X129.697 Y110.749 E.08301
G1 X129.422 Y109.757 E.08304
G1 X129.199 Y108.752 E.08304
G1 X129.029 Y107.736 E.0831
G1 X128.936 Y106.958 E.0632
G1 X128.865 Y106.029 E.07516
G1 X128.838 Y105 E.08303
G1 X128.865 Y103.971 E.08303
G1 X128.945 Y102.945 E.08301
G1 X129.08 Y101.924 E.08308
G1 X129.268 Y100.911 E.08311
G1 X129.421 Y100.245 E.05512
G1 X129.697 Y99.251 E.08322
G1 X130.023 Y98.275 E.08301
G1 X130.401 Y97.316 E.08315
G1 X130.722 Y96.602 E.06315
G1 X131.139 Y95.769 E.07514
G1 X131.646 Y94.873 E.08305
G1 X132.199 Y94.005 E.08302
G1 X132.798 Y93.166 E.08316
G1 X133.218 Y92.627 E.05512
G1 X133.888 Y91.843 E.08319
G1 X134.597 Y91.097 E.08302
G1 X135.343 Y90.388 E.08302
G1 X136.126 Y89.719 E.08308
G1 X136.944 Y89.092 E.08314
G1 X137.587 Y88.645 E.06317
G1 X138.373 Y88.146 E.0751
G1 X139.269 Y87.639 E.08305
G1 X140.19 Y87.18 E.08301
G1 X141.136 Y86.769 E.0832
G1 X141.774 Y86.524 E.05513
G1 X142.751 Y86.197 E.08311
G1 X143.743 Y85.922 E.08304
G1 X144.748 Y85.699 E.08304
G1 X145.764 Y85.529 E.0831
G1 X146.786 Y85.412 E.08298
G1 X147.815 Y85.35 E.08316
G1 X148.478 Y85.34 E.05349
G1 X149.078 Y85.352 F12000
G1 X148.502 Y86.009
;TYPE:Perimeter
G1 E-30 F1500
G1 Z6.6 F300.0
G1 F12000.0
T1
G1 Z1.6 F300.0
PRIME_FIBRE
G1 E45.0 F1500
G1 F12000.0
;WIDTH:0.8
G1 F512.767
G1 X148.594 Y86.007 E.00895
G1 X149.493 Y86.033 E.08751 U0.899
G1 X150.485 Y86.111 E.09682 U1.894
G1 X151.471 Y86.241 E.09676 U2.889
G1 X152.453 Y86.423 E.09717 U3.888
G1 X153.091 Y86.57 E.0637 U4.542
G1 X154.053 Y86.837 E.09714 U5.541
G1 X154.996 Y87.152 E.09673 U6.535
G1 X155.921 Y87.517 E.09675 U7.529
G1 X156.829 Y87.93 E.09705 U8.527
G1 X157.499 Y88.274 E.07328 U9.28
G1 X158.281 Y88.719 E.08754 U10.18
G1 X159.125 Y89.256 E.09733 U11.18
G1 X159.661 Y89.631 E.06365 U11.834
G1 X160.453 Y90.239 E.09715 U12.833
G1 X161.209 Y90.885 E.09675 U13.827
G1 X161.93 Y91.57 E.09676 U14.822
G1 X162.615 Y92.291 E.09676 U15.816
G1 X163.261 Y93.047 E.09675 U16.811
G1 X163.868 Y93.838 E.09701 U17.808
G1 X164.298 Y94.457 E.07333 U18.561
G1 X164.78 Y95.217 E.08756 U19.461
G1 X165.27 Y96.083 E.09681 U20.456
G1 X165.714 Y96.973 E.09677 U21.451
G1 X166.112 Y97.889 E.09717 U22.45
G1 X166.346 Y98.5 E.06366 U23.104
G1 X166.663 Y99.447 E.09716 U24.103
G1 X166.929 Y100.405 E.09674 U25.097
G1 X167.144 Y101.376 E.09676 U26.091
G1 X167.309 Y102.361 E.09717 U27.09
G1 X167.389 Y103.01 E.06362 U27.744
G1 X167.428 Y103.51 E.0488 U28.246
G1 X167.493 Y105 E.14511 U29.737
G1 X167.467 Y105.998 E.09713 U30.735
G1 X167.422 Y106.651 E.06369 U31.39
G1 X167.308 Y107.643 E.09715 U32.388
G1 X167.144 Y108.624 E.09677 U33.383
G1 X166.929 Y109.595 E.09676 U34.378
G1 X166.663 Y110.553 E.09674 U35.372
G1 X166.348 Y111.496 E.09673 U36.366
G1 X165.982 Y112.425 E.09715 U37.364
G1 X165.716 Y113.023 E.06368 U38.019
G1 X165.27 Y113.917 E.09721 U39.018
G1 X164.78 Y114.782 E.09673 U40.012
G1 X164.244 Y115.625 E.0972 U41.011
G1 X163.869 Y116.161 E.06365 U41.665
G1 X163.261 Y116.953 E.09715 U42.664
G1 X162.615 Y117.709 E.09675 U43.658
G1 X161.927 Y118.433 E.09718 U44.657
G1 X161.457 Y118.888 E.06365 U45.311
G1 X160.709 Y119.55 E.09719 U46.31
G1 X159.931 Y120.169 E.09673 U47.304
G1 X159.121 Y120.746 E.09676 U48.299
G1 X158.282 Y121.28 E.09676 U49.293
G1 X157.417 Y121.77 E.09673 U50.287
G1 X156.527 Y122.214 E.09677 U51.282
G1 X155.611 Y122.612 E.09717 U52.281
G1 X155 Y122.846 E.06366 U52.935
G1 X154.053 Y123.163 E.09716 U53.934
G1 X153.095 Y123.429 E.09674 U54.928
G1 X152.124 Y123.644 E.09676 U55.922
G1 X151.139 Y123.809 E.09717 U56.921
G1 X150.49 Y123.889 E.06362 U57.575
G1 X149.494 Y123.967 E.0972 U58.574
G1 X148.496 Y123.993 E.09713 U59.572
G1 X147.842 Y123.982 E.06364 U60.226
G1 X146.845 Y123.921 E.09719 U61.225
G1 X145.857 Y123.808 E.09676 U62.22
G1 X144.872 Y123.644 E.09716 U63.218
G1 X144.232 Y123.508 E.06366 U63.873
G1 X143.265 Y123.258 E.09718 U64.871
G1 X142.316 Y122.959 E.09681 U65.866
G1 X141.385 Y122.61 E.09674 U66.861
G1 X140.473 Y122.214 E.09674 U67.855
G1 X139.583 Y121.77 E.09677 U68.85
G1 X138.715 Y121.279 E.09703 U69.847
G1 X138.077 Y120.878 E.07332 U70.6
G1 X137.337 Y120.366 E.08755 U71.5
G1 X136.547 Y119.761 E.09681 U72.495
G1 X135.791 Y119.115 E.09675 U73.49
G1 X135.07 Y118.43 E.09676 U74.484
G1 X134.385 Y117.709 E.09676 U75.479
G1 X133.737 Y116.95 E.0971 U76.477
G1 X133.334 Y116.434 E.0637 U77.131
G1 X132.754 Y115.621 E.09717 U78.13
G1 X132.22 Y114.782 E.09676 U79.125
G1 X131.73 Y113.917 E.09673 U80.119
G1 X131.285 Y113.024 E.09708 U81.117
G1 X130.981 Y112.335 E.07327 U81.87
G1 X130.652 Y111.497 E.08759 U82.77
G1 X130.337 Y110.553 E.09683 U83.765
G1 X130.071 Y109.595 E.09674 U84.759
G1 X129.856 Y108.624 E.09676 U85.754
G1 X129.691 Y107.641 E.09698 U86.751
G1 X129.602 Y106.892 E.07339 U87.505
G1 X129.533 Y105.995 E.08753 U88.404
G1 X129.507 Y105 E.09684 U89.4
G1 X129.533 Y104.006 E.09675 U90.394
G1 X129.611 Y103.015 E.09672 U91.388
G1 X129.741 Y102.029 E.09676 U92.383
G1 X129.923 Y101.047 E.09717 U93.381
G1 X130.07 Y100.409 E.0637 U94.036
G1 X130.337 Y99.447 E.09714 U95.035
G1 X130.652 Y98.504 E.09673 U96.029
G1 X131.018 Y97.576 E.09706 U97.026
G1 X131.326 Y96.889 E.07325 U97.779
G1 X131.729 Y96.084 E.08759 U98.679
G1 X132.22 Y95.218 E.09686 U99.675
G1 X132.754 Y94.379 E.09676 U100.67
G1 X133.334 Y93.566 E.09717 U101.668
G1 X133.737 Y93.05 E.0637 U102.323
G1 X134.385 Y92.291 E.0971 U103.321
G1 X135.07 Y91.57 E.09676 U104.315
G1 X135.791 Y90.885 E.09676 U105.31
G1 X136.547 Y90.239 E.09675 U106.304
G1 X137.338 Y89.632 E.09701 U107.301
G1 X137.957 Y89.202 E.07333 U108.055
G1 X138.717 Y88.72 E.08756 U108.955
G1 X139.583 Y88.23 E.09681 U109.95
G1 X140.473 Y87.786 E.09677 U110.945
G1 X141.389 Y87.388 E.09717 U111.943
G1 X142 Y87.153 E.06369 U112.598
G1 X142.947 Y86.837 E.09713 U113.596
G1 X143.905 Y86.571 E.09674 U114.591
G1 X144.876 Y86.356 E.09676 U115.585
G1 X145.857 Y86.192 E.09677 U116.58
G1 X146.845 Y86.079 E.09676 U117.574
G1 X147.84 Y86.018 E.09699 U118.571
G1 X148.472 Y86.009 E.0615 U119.203
G1 X148.496 Y86.74 F12000 U119.935
G1 F512.767
G1 X148.588 Y86.739 E.00895 U120.027
G1 X149.454 Y86.763 E.08429 U120.893
G1 X150.409 Y86.838 E.0932 U121.851
G1 X151.357 Y86.963 E.09304 U122.807
G1 X152.304 Y87.139 E.09372 U123.77
G1 X152.911 Y87.279 E.06061 U124.393
G1 X153.839 Y87.536 E.09369 U125.356
G1 X154.746 Y87.84 E.09307 U126.313
G1 X155.635 Y88.19 E.09296 U127.268
G1 X156.51 Y88.588 E.09353 U128.229
G1 X157.151 Y88.918 E.07015 U128.95
G1 X157.904 Y89.346 E.08427 U129.816
G1 X158.718 Y89.864 E.09388 U130.781
G1 X159.228 Y90.221 E.06057 U131.404
G1 X159.992 Y90.808 E.09374 U132.367
G1 X160.719 Y91.429 E.09303 U133.323
G1 X161.413 Y92.087 E.09305 U134.28
G1 X162.071 Y92.781 E.09305 U135.236
G1 X162.692 Y93.508 E.09303 U136.192
G1 X163.277 Y94.27 E.09347 U137.153
G1 X163.689 Y94.862 E.07018 U137.874
G1 X164.153 Y95.593 E.08424 U138.74
G1 X164.624 Y96.427 E.09319 U139.698
G1 X165.051 Y97.282 E.09299 U140.653
G1 X165.435 Y98.166 E.09377 U141.617
G1 X165.658 Y98.747 E.06055 U142.24
G1 X165.964 Y99.661 E.09378 U143.203
G1 X166.219 Y100.582 E.09298 U144.159
G1 X166.426 Y101.515 E.09298 U145.115
G1 X166.534 Y102.159 E.06353 U145.768
G1 X166.623 Y102.775 E.06056 U146.39
G1 X166.699 Y103.568 E.07751 U147.187
G1 X166.762 Y105 E.13946 U148.62
G1 X166.737 Y105.963 E.09373 U149.584
G1 X166.693 Y106.584 E.06057 U150.206
G1 X166.584 Y107.542 E.09381 U151.17
G1 X166.426 Y108.484 E.09293 U152.125
G1 X166.219 Y109.418 E.09308 U153.082
G1 X165.964 Y110.339 E.09298 U154.038
G1 X165.66 Y111.246 E.09307 U154.994
G1 X165.307 Y112.142 E.0937 U155.957
G1 X165.054 Y112.711 E.06059 U156.58
G1 X164.624 Y113.573 E.09373 U157.543
G1 X164.153 Y114.406 E.09311 U158.5
M73 P34 R29
G1 X163.636 Y115.218 E.09366 U159.463
G1 X163.279 Y115.728 E.06057 U160.085
G1 X162.692 Y116.493 E.09382 U161.05
G1 X162.071 Y117.22 E.09303 U162.006
G1 X161.408 Y117.918 E.09367 U162.969
G1 X160.96 Y118.351 E.06062 U163.592
G1 X160.238 Y118.989 E.09374 U164.555
G1 X159.49 Y119.584 E.09299 U165.511
G1 X158.712 Y120.14 E.09304 U166.467
G1 X157.906 Y120.653 E.09296 U167.423
G1 X157.073 Y121.124 E.09311 U168.379
G1 X156.218 Y121.551 E.09299 U169.335
G1 X155.334 Y121.935 E.09377 U170.299
G1 X154.753 Y122.158 E.06055 U170.921
G1 X153.839 Y122.464 E.09378 U171.885
G1 X152.918 Y122.719 E.09298 U172.841
G1 X151.985 Y122.926 E.09298 U173.796
G1 X151.034 Y123.085 E.09381 U174.761
G1 X150.416 Y123.161 E.06058 U175.383
G1 X149.456 Y123.237 E.0937 U176.346
G1 X148.492 Y123.262 E.09383 U177.311
G1 X147.87 Y123.251 E.06053 U177.933
G1 X146.908 Y123.192 E.09377 U178.897
G1 X145.958 Y123.084 E.09303 U179.853
G1 X145.008 Y122.925 E.09372 U180.816
G1 X144.399 Y122.796 E.06057 U181.438
G1 X143.466 Y122.554 E.09378 U182.402
G1 X142.555 Y122.267 E.09293 U183.357
G1 X141.659 Y121.932 E.09307 U184.314
G1 X140.782 Y121.551 E.09303 U185.27
G1 X139.927 Y121.124 E.09299 U186.226
G1 X139.09 Y120.651 E.09354 U187.187
G1 X138.48 Y120.267 E.07013 U187.908
G1 X137.767 Y119.775 E.08429 U188.774
G1 X137.008 Y119.192 E.09312 U189.731
G1 X136.281 Y118.571 E.09303 U190.688
G1 X135.587 Y117.913 E.09305 U191.644
G1 X134.929 Y117.219 E.09305 U192.6
G1 X134.303 Y116.487 E.09371 U193.563
G1 X133.92 Y115.996 E.06059 U194.186
G1 X133.36 Y115.212 E.09374 U195.15
G1 X132.847 Y114.405 E.09304 U196.106
G1 X132.376 Y113.573 E.09302 U197.062
G1 X131.947 Y112.713 E.09351 U198.023
G1 X131.656 Y112.054 E.07009 U198.743
G1 X131.34 Y111.247 E.08432 U199.61
G1 X131.036 Y110.339 E.09316 U200.568
G1 X130.781 Y109.418 E.09298 U201.523
G1 X130.574 Y108.485 E.09298 U202.479
G1 X130.415 Y107.537 E.09353 U203.44
G1 X130.33 Y106.821 E.07015 U204.161
G1 X130.263 Y105.957 E.08432 U205.028
G1 X130.238 Y105 E.09314 U205.985
G1 X130.263 Y104.044 E.09305 U206.941
G1 X130.338 Y103.091 E.09301 U207.897
G1 X130.463 Y102.143 E.09304 U208.854
G1 X130.639 Y101.196 E.09372 U209.817
G1 X130.779 Y100.589 E.06061 U210.44
G1 X131.036 Y99.661 E.09369 U211.403
G1 X131.34 Y98.754 E.09307 U212.359
G1 X131.692 Y97.86 E.09348 U213.32
G1 X131.987 Y97.202 E.07016 U214.041
G1 X132.375 Y96.428 E.08424 U214.907
M73 P34 R28
G1 X132.847 Y95.595 E.09315 U215.864
G1 X133.36 Y94.788 E.09304 U216.821
G1 X133.92 Y94.004 E.09374 U217.784
G1 X134.303 Y93.513 E.06059 U218.407
G1 X134.929 Y92.781 E.09371 U219.37
G1 X135.587 Y92.087 E.09305 U220.326
G1 X136.281 Y91.429 E.09305 U221.283
G1 X137.007 Y90.808 E.09295 U222.238
G1 X137.77 Y90.223 E.09355 U223.2
G1 X138.362 Y89.811 E.07018 U223.921
G1 X139.093 Y89.347 E.08424 U224.787
G1 X139.927 Y88.876 E.09319 U225.744
G1 X140.782 Y88.449 E.09299 U226.7
G1 X141.666 Y88.065 E.09377 U227.664
G1 X142.247 Y87.842 E.06055 U228.286
G1 X143.161 Y87.536 E.09378 U229.25
G1 X144.082 Y87.281 E.09298 U230.206
G1 X145.015 Y87.074 E.09298 U231.161
G1 X145.958 Y86.916 E.09303 U232.118
G1 X146.908 Y86.808 E.09303 U233.074
G1 X147.867 Y86.749 E.09348 U234.034
G1 X148.466 Y86.741 E.05829 U234.634
G1 X148.49 Y87.472 F12000 U235.365
G1 F512.767
G1 X148.583 Y87.47 E.00905 U235.458
G1 X149.415 Y87.494 E.08098 U236.29
G1 X150.332 Y87.566 E.0895 U237.21
G1 X151.242 Y87.686 E.08931 U238.128
G1 X152.155 Y87.855 E.09034 U239.057
G1 X152.731 Y87.988 E.05752 U239.648
G1 X153.625 Y88.236 E.09027 U240.575
G1 X154.496 Y88.527 E.08935 U241.494
G1 X155.35 Y88.863 E.08929 U242.411
G1 X156.191 Y89.247 E.08995 U243.336
G1 X156.803 Y89.561 E.06693 U244.024
G1 X157.527 Y89.972 E.081 U244.856
G1 X158.312 Y90.473 E.09061 U245.788
G1 X158.795 Y90.811 E.05736 U246.377
G1 X159.532 Y91.376 E.09035 U247.306
G1 X160.23 Y91.973 E.08936 U248.224
G1 X160.896 Y92.604 E.08926 U249.142
G1 X161.527 Y93.27 E.08926 U250.059
G1 X162.124 Y93.968 E.08936 U250.978
G1 X162.686 Y94.701 E.08987 U251.901
G1 X163.079 Y95.267 E.06704 U252.59
G1 X163.525 Y95.969 E.08092 U253.422
G1 X163.978 Y96.77 E.08953 U254.342
G1 X164.388 Y97.591 E.08929 U255.26
G1 X164.758 Y98.443 E.09038 U256.189
G1 X164.97 Y98.994 E.05744 U256.779
G1 X165.264 Y99.875 E.09036 U257.708
G1 X165.509 Y100.759 E.08925 U258.625
G1 X165.708 Y101.655 E.0893 U259.543
G1 X165.813 Y102.28 E.06166 U260.177
G1 X165.897 Y102.864 E.05741 U260.767
G1 X165.97 Y103.625 E.07438 U261.531
G1 X166.03 Y105 E.13391 U262.908
G1 X166.006 Y105.928 E.09032 U263.836
G1 X165.965 Y106.517 E.05745 U264.426
G1 X165.86 Y107.44 E.09038 U265.355
G1 X165.708 Y108.345 E.08929 U266.273
G1 X165.509 Y109.241 E.0893 U267.191
G1 X165.264 Y110.125 E.08925 U268.108
G1 X164.973 Y110.996 E.08935 U269.027
G1 X164.633 Y111.86 E.09034 U269.955
G1 X164.393 Y112.399 E.05741 U270.545
G1 X163.978 Y113.23 E.09037 U271.474
G1 X163.526 Y114.029 E.08932 U272.392
G1 X163.027 Y114.812 E.09034 U273.32
G1 X162.689 Y115.295 E.05736 U273.91
G1 X162.123 Y116.032 E.09041 U274.839
G1 X161.527 Y116.73 E.0893 U275.757
G1 X160.888 Y117.404 E.09036 U276.686
G1 X160.464 Y117.814 E.05739 U277.276
G1 X159.768 Y118.429 E.09037 U278.204
G1 X159.05 Y119 E.08926 U279.122
G1 X158.303 Y119.533 E.08928 U280.039
G1 X157.529 Y120.026 E.08929 U280.957
G1 X156.73 Y120.478 E.08932 U281.875
G1 X155.909 Y120.888 E.08929 U282.793
G1 X155.057 Y121.258 E.09038 U283.722
G1 X154.506 Y121.47 E.05744 U284.312
G1 X153.625 Y121.764 E.09036 U285.241
G1 X152.741 Y122.009 E.08925 U286.158
G1 X151.845 Y122.208 E.0893 U287.076
G1 X150.929 Y122.361 E.09036 U288.005
G1 X150.343 Y122.433 E.05744 U288.595
G1 X149.417 Y122.506 E.09038 U289.524
G1 X148.489 Y122.53 E.09032 U290.452
G1 X147.899 Y122.52 E.05741 U291.042
G1 X146.972 Y122.463 E.09036 U291.971
G1 X146.06 Y122.36 E.0893 U292.889
G1 X145.144 Y122.206 E.09037 U293.818
G1 X144.567 Y122.084 E.05738 U294.407
G1 X143.668 Y121.851 E.09036 U295.336
CUT
G1 X142.793 Y121.575 E.08927
G1 X141.933 Y121.254 E.08931
G1 X141.091 Y120.888 E.08933
G1 X140.27 Y120.478 E.08929
G1 X139.465 Y120.023 E.08997
G1 X138.883 Y119.656 E.06694
G1 X138.198 Y119.184 E.08094
G1 X137.468 Y118.624 E.08952
G1 X136.77 Y118.027 E.08936
G1 X136.104 Y117.396 E.08926
G1 X135.473 Y116.73 E.08926
G1 X134.869 Y116.024 E.0904
G1 X134.506 Y115.559 E.0574
G1 X133.967 Y114.803 E.09034
G1 X133.474 Y114.029 E.08929
G1 X133.022 Y113.23 E.08932
G1 X132.609 Y112.403 E.08994
G1 X132.331 Y111.773 E.067
G1 X132.028 Y110.998 E.08096
G1 X131.736 Y110.125 E.08956
G1 X131.491 Y109.241 E.08925
G1 X131.292 Y108.345 E.0893
G1 X131.139 Y107.433 E.08997
G1 X131.058 Y106.749 E.06702
G1 X130.994 Y105.92 E.0809
G1 X130.97 Y105 E.08954
G1 X130.994 Y104.083 E.08925
G1 X131.066 Y103.168 E.0893
G1 X131.186 Y102.258 E.08931
G1 X131.355 Y101.345 E.09034
G1 X131.488 Y100.769 E.05752
G1 X131.736 Y99.875 E.09027
G1 X132.027 Y99.004 E.08935
G1 X132.366 Y98.144 E.08994
G1 X132.648 Y97.516 E.06698
G1 X133.021 Y96.772 E.08098
G1 X133.474 Y95.971 E.08953
G1 X133.967 Y95.197 E.08929
G1 X134.506 Y94.441 E.09034
G1 X134.869 Y93.976 E.0574
G1 X135.473 Y93.27 E.0904
G1 X136.104 Y92.604 E.08926
G1 X136.77 Y91.973 E.08926
G1 X137.468 Y91.377 E.0893
G1 X138.201 Y90.814 E.08993
G1 X138.767 Y90.421 E.06704
G1 X139.469 Y89.975 E.08092
G1 X140.27 Y89.522 E.08953
G1 X141.091 Y89.112 E.08929
G1 X141.943 Y88.742 E.09038
G1 X142.494 Y88.53 E.05744
G1 X143.375 Y88.236 E.09036
G1 X144.259 Y87.991 E.08925
G1 X145.155 Y87.792 E.0893
G1 X146.06 Y87.64 E.08929
G1 X146.972 Y87.537 E.0893
G1 X147.895 Y87.48 E.08998
G1 X148.46 Y87.472 E.05498
G1 E-8 F1500
G1 Z1.8 F3000
G1 X135.712 Y116.514 F12000
G1 Z1.6 F3000
G1 E10 F1500
;TYPE:Solid infill
G1 E-30 F1500
G1 Z6.6 F300.0
G1 F12000.0
T0
G1 Z1.6 F300.0
G1 E32.0 F1500
G1 F12000.0
;WIDTH:0.578673
G1 F735.294
G1 X136.986 Y117.788 E.12225
G1 X135.924 Y116.731 E.10166
G1 E-8 F1500
G1 Z1.8 F3000
G1 X134.043 Y114.09 F12000
G1 Z1.6 F3000
G1 E10 F1500
G1 F735.294
G1 X133.998 Y114.135 E.00432
G1 X134.014 Y114.197 E.00434
G1 X134.076 Y114.213 E.00434
G1 X134.121 Y114.168 E.00432
G1 X134.104 Y114.107 E.0043
;WIDTH:0.626836
G1 F671.846
G1 X134.255 Y114.344 E.02087
;WIDTH:0.675
G1 F618.478
G1 X134.405 Y114.581 E.02263
G1 X138.908 Y119.083 E.51364
G1 X139.114 Y119.227 E.02027
;WIDTH:0.626836
G1 F671.846
G1 X139.32 Y119.371 E.01866
;WIDTH:0.578673
G1 F735.294
G1 X139.275 Y119.416 E.00432
G1 X139.291 Y119.477 E.00428
G1 X139.353 Y119.494 E.00436
G1 X139.398 Y119.449 E.00432
G1 X139.381 Y119.387 E.00436
G1 E-8 F1500
G1 Z1.8 F3000
G1 X141.437 Y120.539 F12000
G1 Z1.6 F3000
G1 E10 F1500
G1 F735.294
G1 X141.453 Y120.601 E.00434
G1 X141.408 Y120.646 E.00432
G1 X141.346 Y120.63 E.00434
G1 X141.33 Y120.568 E.00434
G1 X141.375 Y120.523 E.00432
;WIDTH:0.626836
G1 F671.846
G1 X141.169 Y120.402 E.01774
;WIDTH:0.675
G1 F618.478
G1 X140.963 Y120.28 E.01931
G1 X133.22 Y112.537 E.88331
G1 X133.091 Y112.3 E.02177
M73 P35 R28
;WIDTH:0.626836
G1 F671.846
G1 X132.963 Y112.063 E.02
;WIDTH:0.578673
G1 F735.294
G1 X132.98 Y112.125 E.00436
G1 X132.934 Y112.17 E.00437
G1 X132.873 Y112.154 E.00428
G1 X132.856 Y112.092 E.00436
G1 X132.901 Y112.047 E.00432
;WIDTH:0.675
G1 F618.478
G1 X132.558 Y111.018 E.0875
G1 X142.478 Y120.939 E1.13172
G1 X142.685 Y121.046 E.0188
;WIDTH:0.626836
G1 F671.846
G1 X142.891 Y121.153 E.01724
;WIDTH:0.578673
G1 F735.294
G1 X142.846 Y121.198 E.00432
G1 X142.862 Y121.26 E.00434
G1 X142.924 Y121.276 E.00434
G1 X142.969 Y121.231 E.00432
G1 X142.952 Y121.169 E.00436
G1 E-8 F1500
G1 Z1.8 F3000
G1 X144.784 Y121.866 F12000
G1 Z1.6 F3000
G1 E10 F1500
G1 F735.294
G1 X144.009 Y121.672 E.05421
;WIDTH:0.626836
G1 F671.846
G1 X143.89 Y121.523 E.01416
;WIDTH:0.675
G1 F618.478
G1 X143.771 Y121.374 E.01538
G1 X132.132 Y109.735 E1.32777
G1 X131.844 Y108.589 E.09532
G1 X144.915 Y121.661 E1.49118
G1 X145.963 Y121.85 E.0859
G1 X131.65 Y107.537 E1.63281
G1 X131.531 Y106.561 E.07931
G1 X146.94 Y121.971 E1.7579
G1 X147.858 Y122.031 E.07421
G1 X131.473 Y105.646 E1.86919
G1 X131.462 Y104.777 E.0701
G1 X148.723 Y122.038 E1.96912
G1 X149.55 Y122.008 E.06675
G1 X131.492 Y103.95 E2.06004
G1 X131.557 Y103.158 E.0641
G1 X150.343 Y121.944 E2.14309
G1 X151.097 Y121.84 E.0614
G1 X131.657 Y102.4 E2.2177
G1 X131.788 Y101.674 E.05951
G1 X151.828 Y121.714 E2.28614
G1 X152.53 Y121.558 E.05801
M73 P36 R28
G1 X131.94 Y100.969 E2.34883
G1 X132.124 Y100.294 E.05644
G1 X153.206 Y121.376 E2.40501
G1 X153.86 Y121.173 E.05524
G1 X132.327 Y99.64 E2.45646
G1 X132.549 Y99.005 E.05426
G1 X154.497 Y120.952 E2.50375
G1 X155.108 Y120.706 E.05313
G1 X132.791 Y98.39 E2.54585
G1 X133.055 Y97.796 E.05243
M73 P36 R27
G1 X155.705 Y120.446 E2.58389
G1 X156.278 Y120.161 E.05162
G1 X133.339 Y97.222 E2.61686
G1 X133.639 Y96.665 E.05103
G1 X156.835 Y119.861 E2.64618
G1 X157.378 Y119.546 E.05064
G1 X133.954 Y96.122 E2.67219
G1 X134.288 Y95.598 E.05013
M73 P37 R27
G1 X157.902 Y119.212 E2.69386
G1 X158.408 Y118.861 E.04968
G1 X134.639 Y95.092 E2.71154
G1 X135.001 Y94.597 E.04947
G1 X158.901 Y118.497 E2.72649
G1 X159.379 Y118.117 E.04926
G1 X135.384 Y94.122 E2.73733
G1 X135.779 Y93.66 E.04903
G1 X159.838 Y117.719 E2.74463
G1 X160.286 Y117.309 E.04899
G1 X136.193 Y93.217 E2.74845
G1 X136.619 Y92.785 E.04894
G1 X160.715 Y116.881 E2.74885
G1 X161.132 Y116.441 E.0489
G1 X137.059 Y92.368 E2.74622
G1 X137.52 Y91.971 E.04908
M73 P38 R27
G1 X161.529 Y115.98 E2.73892
G1 X161.914 Y115.507 E.0492
G1 X137.993 Y91.586 E2.72888
G1 X138.478 Y91.214 E.04931
G1 X162.286 Y115.022 E2.71599
G1 X162.639 Y114.517 E.0497
G1 X138.983 Y90.862 E2.6986
G1 X139.506 Y90.527 E.0501
G1 X162.972 Y113.994 E2.67704
G1 X163.292 Y113.456 E.05049
G1 X140.044 Y90.208 E2.65211
G1 X140.596 Y89.902 E.05091
M73 P38 R26
G1 X163.598 Y112.904 E2.62405
G1 X163.883 Y112.332 E.05155
G1 X141.168 Y89.617 E2.59131
G1 X141.76 Y89.351 E.05235
M73 P39 R26
G1 X164.152 Y111.744 E2.55452
G1 X164.397 Y111.131 E.05325
G1 X142.366 Y89.1 E2.51328
G1 X142.998 Y88.874 E.05414
G1 X164.626 Y110.502 E2.4673
G1 X164.835 Y109.854 E.05492
G1 X143.646 Y88.665 E2.41722
G1 X144.317 Y88.479 E.05617
G1 X165.021 Y109.183 E2.36189
G1 X165.18 Y108.483 E.0579
G1 X145.017 Y88.32 E2.30018
G1 X145.74 Y88.187 E.0593
G1 X165.313 Y107.76 E2.23287
G1 X165.42 Y107.008 E.06127
G1 X146.492 Y88.08 E2.15929
G1 X147.274 Y88.005 E.06337
G1 X165.498 Y106.229 E2.07898
G1 X165.533 Y105.407 E.06637
M73 P40 R26
G1 X148.092 Y87.966 E1.98965
G1 X148.95 Y87.967 E.06921
G1 X165.532 Y104.549 E1.89166
G1 X165.484 Y103.643 E.07319
G1 X149.857 Y88.016 E1.78271
G1 X150.819 Y88.12 E.07805
G1 X165.386 Y102.688 E1.66185
G1 X165.21 Y101.654 E.08461
G1 X151.848 Y88.292 E1.52432
G1 X152.019 Y88.092 E.02123
;WIDTH:0.578673
G1 F735.294
G1 X152.734 Y88.259 E.04982
;WIDTH:0.675
G1 F618.478
G1 X152.973 Y88.559 E.03094
G1 X164.941 Y100.527 E1.3653
G1 X164.802 Y99.65 E.07163
;WIDTH:0.578673
G1 F735.294
G1 X164.757 Y99.695 E.00432
G1 X164.774 Y99.757 E.00436
G1 X164.835 Y99.773 E.00428
G1 X164.881 Y99.728 E.00437
G1 X164.864 Y99.666 E.00436
;WIDTH:0.626836
G1 F671.846
G1 X164.709 Y99.475 E.01827
;WIDTH:0.675
G1 F618.478
G1 X164.554 Y99.283 E.0199
G1 X154.217 Y88.946 E1.17924
G1 X154.025 Y88.793 E.0198
;WIDTH:0.626836
G1 F671.846
G1 X153.834 Y88.64 E.01817
;WIDTH:0.578673
G1 F735.294
G1 X153.85 Y88.702 E.00434
G1 X153.805 Y88.747 E.00432
G1 X153.743 Y88.73 E.00436
G1 X153.727 Y88.669 E.00428
G1 X153.772 Y88.623 E.00437
G1 E-8 F1500
G1 Z1.8 F3000
G1 X155.228 Y89.186 F12000
G1 Z1.6 F3000
G1 E10 F1500
G1 F735.294
G1 X155.183 Y89.231 E.00432
G1 X155.2 Y89.293 E.00436
G1 X155.261 Y89.309 E.00428
G1 X155.306 Y89.264 E.00432
G1 X155.29 Y89.203 E.00428
;WIDTH:0.626836
G1 F671.846
G1 X155.482 Y89.374 E.01909
;WIDTH:0.675
G1 F618.478
G1 X155.674 Y89.545 E.02074
G1 X163.964 Y97.835 E.94572
G1 X164.102 Y98.019 E.01855
;WIDTH:0.626836
G1 F671.846
G1 X164.239 Y98.203 E.01703
;WIDTH:0.578673
G1 F735.294
G1 X164.194 Y98.248 E.00432
G1 X164.211 Y98.309 E.0043
G1 X164.272 Y98.326 E.0043
G1 X164.317 Y98.281 E.00432
G1 X164.301 Y98.219 E.00434
G1 E-8 F1500
G1 Z1.8 F3000
G1 X163.319 Y96.338 F12000
G1 Z1.6 F3000
G1 E10 F1500
G1 F735.294
G1 X163.336 Y96.399 E.0043
G1 X163.291 Y96.444 E.00432
G1 X163.229 Y96.428 E.00434
G1 X163.213 Y96.366 E.00434
G1 X163.258 Y96.321 E.00432
;WIDTH:0.626836
G1 F671.846
G1 X163.099 Y96.138 E.018
;WIDTH:0.675
G1 F618.478
G1 X162.94 Y95.954 E.01962
G1 X157.357 Y90.372 E.63685
;WIDTH:0.626836
G1 F671.846
G1 X157.165 Y90.182 E.02006
;WIDTH:0.578673
G1 F735.294
G1 X157.181 Y90.244 E.00434
G1 X157.136 Y90.289 E.00432
G1 X157.075 Y90.272 E.0043
G1 X157.058 Y90.211 E.0043
G1 X157.103 Y90.166 E.00432
G1 E-8 F1500
G1 Z1.8 F3000
G1 X158.622 Y91.049 F12000
G1 Z1.6 F3000
G1 E10 F1500
G1 F735.294
G1 X159.309 Y91.652 E.06202
G1 X160.612 Y92.888 E.12186
G1 X161.848 Y94.191 E.12186
G1 X162.448 Y94.875 E.06174
;LAYER_CHANGE
;Z:1.92
;HEIGHT:0.32

G1 E-8 F1500
G1 Z1.92 F3000
;AFTER_LAYER_CHANGE
;1.92
G92 E0
_ON_LAYER_CHANGE LAYER=6
G1 Z2.12
G1 X148.508 Y85.34 F12000
G1 Z1.92 F3000
G1 E10 F1500
;TYPE:External perimeter
;WIDTH:0.675
G1 F618.478
G1 X148.62 Y85.339 E.00903
G1 X149.529 Y85.365 E.07336
G1 X150.555 Y85.445 E.08301
G1 X151.576 Y85.58 E.08308
G1 X152.589 Y85.767 E.0831
G1 X153.373 Y85.952 E.06498
G1 X154.248 Y86.197 E.0733
G1 X155.225 Y86.523 E.08308
G1 X156.183 Y86.901 E.08308
G1 X157.119 Y87.328 E.08299
G1 X158.033 Y87.803 E.08309
G1 X158.921 Y88.326 E.08313
G1 X160.056 Y89.092 E.11046
G1 X160.874 Y89.719 E.08314
G1 X161.657 Y90.388 E.08308
G1 X162.404 Y91.098 E.08313
G1 X162.879 Y91.589 E.05511
G1 X163.562 Y92.361 E.08315
G1 X164.203 Y93.167 E.08307
G1 X164.801 Y94.005 E.08304
G1 X165.354 Y94.873 E.08302
G1 X165.861 Y95.769 E.08305
G1 X166.32 Y96.69 E.08301
G1 X166.731 Y97.636 E.0832
G1 X166.976 Y98.274 E.05513
G1 X167.303 Y99.251 E.08311
G1 X167.578 Y100.243 E.08304
G1 X167.801 Y101.248 E.08304
G1 X167.971 Y102.265 E.08318
G1 X168.055 Y102.943 E.05511
G1 X168.135 Y103.971 E.08318
G1 X168.15 Y105.685 E.13827
G1 X168.088 Y106.714 E.08316
G1 X167.971 Y107.736 E.08298
G1 X167.801 Y108.752 E.0831
G1 X167.578 Y109.757 E.08304
G1 X167.303 Y110.749 E.08304
G1 X166.977 Y111.725 E.08301
G1 X166.599 Y112.684 E.08315
M73 P41 R26
G1 X166.321 Y113.308 E.05511
G1 X165.861 Y114.231 E.08319
G1 X165.354 Y115.127 E.08305
G1 X164.801 Y115.995 E.08302
G1 X164.202 Y116.834 E.08316
G1 X163.781 Y117.373 E.05517
G1 X163.112 Y118.157 E.08314
G1 X162.402 Y118.904 E.08313
G1 X161.911 Y119.379 E.05511
G1 X161.139 Y120.062 E.08315
G1 X160.333 Y120.703 E.08307
G1 X159.494 Y121.302 E.08316
G1 X158.921 Y121.674 E.05511
G1 X158.032 Y122.197 E.0832
G1 X157.119 Y122.672 E.08302
G1 X156.183 Y123.099 E.08299
M73 P41 R25
G1 X155.225 Y123.477 E.08308
G1 X154.249 Y123.803 E.08301
G1 X153.257 Y124.078 E.08304
G1 X152.252 Y124.301 E.08304
G1 X151.235 Y124.471 E.08318
G1 X150.557 Y124.555 E.05511
G1 X149.529 Y124.635 E.08318
G1 X148.499 Y124.662 E.08311
G1 X147.815 Y124.65 E.05518
G1 X146.786 Y124.588 E.08316
G1 X145.764 Y124.471 E.08298
G1 X144.747 Y124.301 E.08318
G1 X144.078 Y124.159 E.05517
G1 X143.08 Y123.901 E.08315
G1 X142.099 Y123.591 E.08299
G1 X141.134 Y123.231 E.08308
G1 X140.19 Y122.82 E.08305
G1 X139.269 Y122.361 E.08301
G1 X138.372 Y121.854 E.08312
G1 X137.691 Y121.424 E.06497
G1 X136.943 Y120.907 E.07335
G1 X136.126 Y120.281 E.08303
G1 X135.343 Y119.612 E.08308
G1 X134.597 Y118.903 E.08302
G1 X133.888 Y118.157 E.08302
G1 X133.218 Y117.373 E.08319
G1 X132.798 Y116.834 E.05512
G1 X132.199 Y115.995 E.08316
G1 X131.646 Y115.127 E.08302
G1 X131.139 Y114.231 E.08305
G1 X130.679 Y113.309 E.08312
G1 X130.355 Y112.572 E.06494
G1 X130.024 Y111.725 E.07336
G1 X129.697 Y110.749 E.08303
G1 X129.422 Y109.757 E.08304
G1 X129.199 Y108.752 E.08304
G1 X129.029 Y107.736 E.0831
G1 X128.912 Y106.712 E.08314
G1 X128.865 Y106.03 E.05514
G1 X128.838 Y104.998 E.08328
G1 X128.85 Y104.315 E.0551
G1 X128.912 Y103.286 E.08316
G1 X129.029 Y102.264 E.08298
G1 X129.199 Y101.248 E.0831
G1 X129.422 Y100.242 E.08312
G1 X129.633 Y99.465 E.06495
G1 X129.909 Y98.599 E.07332
G1 X130.269 Y97.634 E.08308
G1 X130.68 Y96.69 E.08305
G1 X131.036 Y95.967 E.06501
G1 X131.472 Y95.169 E.07335
G1 X132.01 Y94.291 E.08306
G1 X132.593 Y93.443 E.08301
G1 X133.219 Y92.626 E.08303
G1 X133.888 Y91.843 E.08308
G1 X134.597 Y91.096 E.08308
G1 X135.179 Y90.539 E.06498
G1 X135.861 Y89.938 E.07333
G1 X136.667 Y89.297 E.08307
G1 X137.505 Y88.699 E.08304
G1 X138.373 Y88.146 E.08302
G1 X139.269 Y87.639 E.08305
G1 X140.19 Y87.18 E.08301
G1 X141.134 Y86.769 E.08305
G1 X142.098 Y86.409 E.08301
G1 X143.08 Y86.099 E.08307
G1 X144.078 Y85.841 E.08315
G1 X144.747 Y85.699 E.05517
G1 X145.764 Y85.529 E.08318
G1 X146.786 Y85.412 E.08298
G1 X147.815 Y85.35 E.08316
G1 X148.478 Y85.341 E.05349
G1 X149.078 Y85.352 F12000
G1 X148.502 Y86.009
;TYPE:Perimeter
G1 E-30 F1500
G1 Z6.92 F300.0
G1 F12000.0
T1
G1 Z1.92 F300.0
PRIME_FIBRE
G1 E45.0 F1500
G1 F12000.0
;WIDTH:0.8
G1 F512.767
G1 X148.615 Y86.008 E.01099
G1 X149.493 Y86.033 E.08546 U0.878
G1 X150.485 Y86.111 E.09682 U1.873
G1 X151.471 Y86.241 E.09676 U2.868
G1 X152.451 Y86.422 E.09696 U3.865
G1 X153.207 Y86.6 E.07557 U4.641
G1 X154.052 Y86.836 E.08536 U5.519
G1 X154.996 Y87.152 E.09686 U6.514
G1 X155.921 Y87.517 E.09675 U7.508
G1 X156.826 Y87.929 E.09675 U8.503
G1 X157.708 Y88.388 E.09674 U9.497
G1 X158.569 Y88.895 E.09722 U10.496
G1 X159.661 Y89.631 E.12813 U11.813
G1 X160.453 Y90.239 E.09715 U12.812
G1 X161.209 Y90.885 E.09675 U13.806
G1 X161.934 Y91.573 E.09725 U14.806
G1 X162.388 Y92.043 E.06358 U15.459
G1 X163.05 Y92.791 E.09719 U16.458
G1 X163.669 Y93.57 E.09681 U17.453
G1 X164.246 Y94.379 E.09668 U18.447
G1 X164.78 Y95.218 E.09676 U19.441
G1 X165.27 Y96.083 E.09673 U20.435
G1 X165.714 Y96.973 E.09677 U21.43
G1 X166.112 Y97.889 E.09717 U22.429
G1 X166.346 Y98.5 E.06366 U23.083
G1 X166.663 Y99.447 E.09716 U24.081
G1 X166.929 Y100.405 E.09674 U25.076
G1 X167.144 Y101.376 E.09676 U26.07
G1 X167.309 Y102.361 E.09717 U27.069
G1 X167.389 Y103.01 E.06362 U27.723
G1 X167.467 Y104.006 E.0972 U28.722
G1 X167.482 Y105.658 E.16074 U30.374
G1 X167.421 Y106.655 E.09719 U31.373
G1 X167.308 Y107.643 E.09676 U32.367
G1 X167.144 Y108.624 E.09677 U33.362
G1 X166.929 Y109.595 E.09676 U34.356
G1 X166.663 Y110.553 E.09674 U35.351
G1 X166.348 Y111.496 E.09673 U36.345
G1 X165.982 Y112.425 E.09715 U37.343
G1 X165.716 Y113.023 E.06368 U37.998
G1 X165.27 Y113.917 E.09721 U38.997
G1 X164.78 Y114.782 E.09673 U39.991
G1 X164.246 Y115.621 E.09676 U40.986
G1 X163.666 Y116.434 E.09717 U41.984
G1 X163.263 Y116.95 E.0637 U42.639
G1 X162.615 Y117.709 E.0971 U43.637
G1 X161.927 Y118.433 E.09718 U44.636
G1 X161.457 Y118.888 E.06365 U45.29
G1 X160.709 Y119.55 E.09719 U46.289
G1 X159.93 Y120.169 E.09681 U47.284
G1 X159.117 Y120.749 E.09717 U48.282
G1 X158.569 Y121.105 E.06358 U48.936
G1 X157.708 Y121.612 E.09722 U49.935
G1 X156.826 Y122.071 E.09674 U50.929
G1 X155.921 Y122.483 E.09675 U51.924
G1 X154.996 Y122.848 E.09675 U52.918
G1 X154.053 Y123.163 E.09673 U53.912
G1 X153.095 Y123.429 E.09674 U54.907
G1 X152.124 Y123.644 E.09676 U55.901
G1 X151.139 Y123.809 E.09717 U56.9
G1 X150.49 Y123.889 E.06362 U57.554
G1 X149.494 Y123.967 E.0972 U58.553
G1 X148.496 Y123.993 E.09713 U59.551
G1 X147.842 Y123.982 E.06364 U60.205
G1 X146.845 Y123.921 E.09719 U61.204
G1 X145.857 Y123.808 E.09676 U62.199
G1 X144.872 Y123.644 E.09716 U63.197
G1 X144.232 Y123.508 E.06366 U63.851
G1 X143.265 Y123.258 E.09718 U64.85
G1 X142.316 Y122.959 E.09681 U65.845
G1 X141.385 Y122.61 E.09674 U66.839
G1 X140.473 Y122.214 E.09674 U67.834
G1 X139.583 Y121.77 E.09677 U68.828
G1 X138.716 Y121.279 E.09694 U69.825
G1 X138.059 Y120.866 E.0755 U70.601
G1 X137.337 Y120.367 E.08539 U71.478
G1 X136.547 Y119.761 E.09687 U72.474
G1 X135.791 Y119.115 E.09675 U73.468
G1 X135.07 Y118.43 E.09676 U74.463
G1 X134.385 Y117.709 E.09676 U75.458
G1 X133.737 Y116.95 E.0971 U76.456
G1 X133.334 Y116.434 E.0637 U77.11
G1 X132.754 Y115.621 E.09717 U78.109
G1 X132.22 Y114.782 E.09676 U79.103
G1 X131.73 Y113.917 E.09673 U80.098
G1 X131.285 Y113.025 E.09699 U81.094
G1 X130.972 Y112.315 E.0755 U81.87
G1 X130.652 Y111.497 E.08546 U82.749
G1 X130.337 Y110.553 E.09683 U83.744
G1 X130.071 Y109.595 E.09674 U84.738
G1 X129.856 Y108.624 E.09676 U85.733
G1 X129.692 Y107.643 E.09677 U86.727
G1 X129.578 Y106.651 E.09715 U87.726
G1 X129.533 Y105.998 E.06369 U88.38
G1 X129.507 Y104.996 E.09752 U89.383
G1 X129.518 Y104.342 E.06364 U90.037
G1 X129.579 Y103.345 E.09719 U91.036
G1 X129.692 Y102.357 E.09676 U92.03
G1 X129.856 Y101.376 E.09677 U93.025
G1 X130.071 Y100.403 E.09695 U94.021
G1 X130.275 Y99.654 E.07553 U94.797
G1 X130.541 Y98.817 E.08545 U95.676
G1 X130.89 Y97.885 E.09683 U96.671
G1 X131.287 Y96.971 E.09696 U97.667
G1 X131.63 Y96.275 E.07549 U98.443
G1 X132.051 Y95.504 E.08547 U99.322
G1 X132.571 Y94.656 E.09678 U100.317
G1 X133.134 Y93.836 E.09678 U101.311
G1 X133.739 Y93.047 E.09674 U102.305
G1 X134.385 Y92.291 E.09675 U103.3
G1 X135.071 Y91.568 E.09697 U104.297
G1 X135.632 Y91.031 E.07556 U105.073
G1 X136.29 Y90.451 E.08534 U105.95
G1 X137.07 Y89.831 E.09695 U106.947
G1 X137.879 Y89.254 E.09668 U107.94
G1 X138.718 Y88.72 E.09676 U108.935
G1 X139.583 Y88.23 E.09673 U109.929
G1 X140.473 Y87.786 E.09677 U110.924
G1 X141.385 Y87.39 E.09674 U111.918
G1 X142.316 Y87.041 E.09674 U112.912
G1 X143.265 Y86.742 E.09681 U113.907
G1 X144.232 Y86.492 E.09718 U114.906
G1 X144.872 Y86.356 E.06366 U115.56
G1 X145.857 Y86.192 E.09716 U116.559
G1 X146.845 Y86.079 E.09676 U117.553
G1 X147.84 Y86.018 E.09699 U118.55
G1 X148.472 Y86.01 E.0615 U119.182
G1 X148.496 Y86.741 F12000 U119.914
G1 F512.767
G1 X148.61 Y86.739 E.01109 U120.028
G1 X149.454 Y86.763 E.08215 U120.872
G1 X150.409 Y86.838 E.0932 U121.83
G1 X151.357 Y86.963 E.09304 U122.786
G1 X152.301 Y87.138 E.09341 U123.746
G1 X153.024 Y87.308 E.07226 U124.489
G1 X153.837 Y87.536 E.08215 U125.333
G1 X154.746 Y87.84 E.09326 U126.292
G1 X155.635 Y88.19 E.09296 U127.247
G1 X156.505 Y88.586 E.093 U128.203
G1 X157.353 Y89.028 E.09304 U129.159
G1 X158.184 Y89.517 E.09381 U130.123
G1 X159.228 Y90.221 E.12251 U131.383
G1 X159.992 Y90.808 E.09374 U132.346
G1 X160.719 Y91.429 E.09303 U133.302
G1 X161.419 Y92.092 E.09381 U134.266
G1 X161.851 Y92.54 E.06055 U134.889
G1 X162.489 Y93.262 E.09374 U135.852
G1 X163.084 Y94.01 E.09299 U136.808
G1 X163.64 Y94.788 E.09304 U137.764
G1 X164.153 Y95.595 E.09304 U138.721
G1 X164.624 Y96.427 E.09302 U139.677
G1 X165.051 Y97.282 E.09299 U140.632
G1 X165.435 Y98.166 E.09377 U141.596
G1 X165.658 Y98.747 E.06055 U142.218
G1 X165.964 Y99.661 E.09378 U143.182
G1 X166.219 Y100.582 E.09298 U144.138
G1 X166.426 Y101.515 E.09298 U145.094
G1 X166.585 Y102.466 E.09381 U146.058
G1 X166.661 Y103.084 E.06058 U146.68
G1 X166.737 Y104.044 E.0937 U147.643
G1 X166.751 Y105.63 E.15432 U149.23
G1 X166.692 Y106.592 E.09377 U150.193
G1 X166.584 Y107.542 E.09303 U151.149
G1 X166.426 Y108.484 E.09293 U152.105
G1 X166.219 Y109.418 E.09308 U153.061
G1 X165.964 Y110.339 E.09298 U154.017
G1 X165.66 Y111.246 E.09307 U154.974
G1 X165.307 Y112.142 E.0937 U155.937
M73 P42 R25
G1 X165.054 Y112.711 E.06059 U156.559
G1 X164.624 Y113.573 E.09373 U157.523
G1 X164.153 Y114.405 E.09302 U158.479
G1 X163.64 Y115.212 E.09304 U159.435
G1 X163.08 Y115.996 E.09374 U160.398
G1 X162.697 Y116.487 E.06059 U161.021
G1 X162.071 Y117.22 E.09379 U161.985
G1 X161.408 Y117.918 E.09367 U162.948
G1 X160.96 Y118.351 E.06062 U163.571
G1 X160.238 Y118.989 E.09374 U164.534
G1 X159.49 Y119.584 E.09299 U165.49
G1 X158.706 Y120.144 E.09374 U166.453
G1 X158.184 Y120.483 E.06056 U167.076
G1 X157.353 Y120.972 E.09381 U168.04
G1 X156.505 Y121.414 E.09304 U168.996
G1 X155.635 Y121.81 E.093 U169.952
G1 X154.746 Y122.16 E.09296 U170.908
G1 X153.839 Y122.464 E.09307 U171.864
G1 X152.918 Y122.719 E.09298 U172.82
G1 X151.985 Y122.926 E.09298 U173.776
G1 X151.034 Y123.085 E.09381 U174.74
G1 X150.416 Y123.161 E.06058 U175.362
G1 X149.456 Y123.237 E.0937 U176.325
G1 X148.492 Y123.262 E.09383 U177.29
G1 X147.87 Y123.251 E.06053 U177.912
G1 X146.908 Y123.192 E.09377 U178.876
G1 X145.958 Y123.084 E.09303 U179.832
G1 X145.008 Y122.925 E.09372 U180.795
G1 X144.399 Y122.796 E.06057 U181.418
G1 X143.466 Y122.554 E.09378 U182.381
G1 X142.555 Y122.267 E.09293 U183.337
G1 X141.659 Y121.932 E.09307 U184.293
G1 X140.782 Y121.551 E.09303 U185.249
G1 X139.927 Y121.124 E.09299 U186.205
G1 X139.091 Y120.651 E.09346 U187.166
G1 X138.462 Y120.255 E.07232 U187.909
G1 X137.768 Y119.775 E.0821 U188.753
G1 X137.008 Y119.192 E.0932 U189.71
G1 X136.281 Y118.571 E.09303 U190.667
G1 X135.587 Y117.913 E.09305 U191.623
G1 X134.929 Y117.219 E.09305 U192.579
G1 X134.303 Y116.487 E.09371 U193.542
G1 X133.92 Y115.996 E.06059 U194.165
G1 X133.36 Y115.212 E.09374 U195.129
G1 X132.847 Y114.405 E.09304 U196.085
G1 X132.376 Y113.573 E.09302 U197.041
G1 X131.947 Y112.714 E.09342 U198.001
G1 X131.648 Y112.034 E.07227 U198.744
G1 X131.34 Y111.248 E.08214 U199.588
G1 X131.036 Y110.339 E.09326 U200.547
G1 X130.781 Y109.418 E.09298 U201.502
G1 X130.574 Y108.485 E.09298 U202.458
G1 X130.416 Y107.542 E.09303 U203.414
G1 X130.307 Y106.584 E.09381 U204.378
G1 X130.263 Y105.963 E.06057 U205.001
G1 X130.238 Y104.992 E.09451 U205.972
G1 X130.249 Y104.37 E.06053 U206.594
G1 X130.308 Y103.408 E.09377 U207.558
G1 X130.416 Y102.458 E.09303 U208.514
G1 X130.574 Y101.515 E.09303 U209.47
G1 X130.782 Y100.578 E.09339 U210.43
G1 X130.977 Y99.861 E.0723 U211.173
G1 X131.232 Y99.056 E.08216 U212.018
G1 X131.568 Y98.159 E.0932 U212.975
G1 X131.951 Y97.278 E.09347 U213.936
G1 X132.279 Y96.612 E.07223 U214.679
G1 X132.684 Y95.871 E.08216 U215.523
G1 X133.184 Y95.054 E.0932 U216.481
G1 X133.726 Y94.266 E.09305 U217.437
G1 X134.308 Y93.508 E.09298 U218.393
G1 X134.929 Y92.781 E.09303 U219.349
G1 X135.59 Y92.084 E.09346 U220.31
G1 X136.126 Y91.57 E.07225 U221.052
G1 X136.76 Y91.012 E.08217 U221.897
G1 X137.51 Y90.416 E.09321 U222.855
G1 X138.288 Y89.86 E.09304 U223.811
G1 X139.094 Y89.347 E.09296 U224.766
G1 X139.927 Y88.876 E.09311 U225.723
G1 X140.782 Y88.449 E.09299 U226.679
G1 X141.659 Y88.068 E.09303 U227.635
G1 X142.555 Y87.733 E.09307 U228.592
G1 X143.466 Y87.446 E.09293 U229.547
G1 X144.399 Y87.204 E.09378 U230.511
G1 X145.008 Y87.075 E.06057 U231.133
G1 X145.958 Y86.916 E.09372 U232.097
G1 X146.908 Y86.808 E.09303 U233.053
G1 X147.867 Y86.749 E.09348 U234.014
G1 X148.466 Y86.741 E.05829 U234.613
G1 X148.49 Y87.472 F12000 U235.344
G1 F512.767
G1 X148.604 Y87.471 E.01109 U235.458
G1 X149.415 Y87.494 E.07894 U236.269
G1 X150.332 Y87.566 E.0895 U237.189
G1 X151.242 Y87.686 E.08931 U238.107
G1 X152.151 Y87.854 E.08994 U239.031
G1 X152.842 Y88.016 E.06905 U239.741
G1 X153.623 Y88.235 E.07892 U240.552
G1 X154.496 Y88.527 E.08956 U241.473
G1 X155.35 Y88.863 E.08929 U242.391
G1 X156.185 Y89.244 E.0893 U243.308
G1 X156.999 Y89.668 E.0893 U244.226
G1 X157.799 Y90.139 E.09033 U245.154
G1 X158.795 Y90.811 E.1169 U246.356
G1 X159.532 Y91.376 E.09035 U247.285
G1 X160.23 Y91.973 E.08936 U248.203
G1 X160.904 Y92.612 E.09036 U249.132
G1 X161.314 Y93.036 E.05739 U249.722
G1 X161.929 Y93.732 E.09037 U250.65
G1 X162.5 Y94.45 E.08926 U251.568
G1 X163.033 Y95.197 E.08928 U252.486
G1 X163.526 Y95.971 E.08929 U253.403
G1 X163.978 Y96.77 E.08932 U254.321
G1 X164.388 Y97.591 E.08929 U255.239
G1 X164.758 Y98.443 E.09038 U256.168
G1 X164.97 Y98.994 E.05744 U256.758
G1 X165.264 Y99.875 E.09036 U257.687
G1 X165.509 Y100.759 E.08925 U258.604
G1 X165.708 Y101.655 E.0893 U259.522
G1 X165.861 Y102.571 E.09036 U260.451
G1 X165.933 Y103.157 E.05744 U261.041
G1 X166.006 Y104.083 E.09038 U261.97
G1 X166.02 Y105.601 E.1477 U263.488
G1 X165.963 Y106.528 E.09036 U264.417
G1 X165.86 Y107.44 E.0893 U265.335
G1 X165.708 Y108.345 E.08929 U266.252
G1 X165.509 Y109.241 E.0893 U267.17
G1 X165.264 Y110.125 E.08925 U268.087
G1 X164.973 Y110.996 E.08935 U269.006
G1 X164.633 Y111.86 E.09034 U269.934
G1 X164.393 Y112.399 E.05741 U270.524
G1 X163.978 Y113.23 E.09037 U271.453
G1 X163.526 Y114.029 E.08932 U272.371
G1 X163.033 Y114.803 E.08929 U273.289
G1 X162.494 Y115.559 E.09034 U274.217
G1 X162.13 Y116.024 E.05746 U274.808
G1 X161.527 Y116.73 E.09034 U275.736
G1 X160.888 Y117.404 E.09036 U276.665
G1 X160.464 Y117.814 E.05739 U277.255
G1 X159.768 Y118.429 E.09037 U278.184
G1 X159.05 Y119 E.08926 U279.101
G1 X158.294 Y119.539 E.09034 U280.029
G1 X157.799 Y119.861 E.05745 U280.62
G1 X156.999 Y120.332 E.09033 U281.548
G1 X156.185 Y120.756 E.0893 U282.466
G1 X155.35 Y121.137 E.0893 U283.384
G1 X154.496 Y121.473 E.08929 U284.302
G1 X153.625 Y121.764 E.08935 U285.22
G1 X152.741 Y122.009 E.08925 U286.137
G1 X151.845 Y122.208 E.0893 U287.055
G1 X150.929 Y122.361 E.09036 U287.984
G1 X150.343 Y122.433 E.05744 U288.574
G1 X149.417 Y122.506 E.09038 U289.503
G1 X148.489 Y122.53 E.09032 U290.431
G1 X147.899 Y122.52 E.05741 U291.022
G1 X146.972 Y122.463 E.09036 U291.95
G1 X146.06 Y122.36 E.0893 U292.868
G1 X145.144 Y122.206 E.09037 U293.797
G1 X144.567 Y122.084 E.05738 U294.387
G1 X143.668 Y121.851 E.09036 U295.315
CUT
G1 X142.793 Y121.575 E.08927
G1 X141.933 Y121.254 E.08931
G1 X141.091 Y120.888 E.08933
G1 X140.27 Y120.478 E.08929
G1 X139.466 Y120.023 E.08988
G1 X138.865 Y119.645 E.06908
G1 X138.198 Y119.184 E.07889
G1 X137.468 Y118.624 E.08952
G1 X136.77 Y118.027 E.08936
G1 X136.104 Y117.396 E.08926
G1 X135.473 Y116.73 E.08926
G1 X134.869 Y116.024 E.0904
G1 X134.506 Y115.559 E.0574
G1 X133.967 Y114.803 E.09034
G1 X133.474 Y114.029 E.08929
G1 X133.022 Y113.23 E.08932
G1 X132.61 Y112.403 E.0899
G1 X132.323 Y111.753 E.06913
G1 X132.028 Y110.998 E.07887
G1 X131.736 Y110.125 E.08956
G1 X131.491 Y109.241 E.08925
G1 X131.292 Y108.345 E.0893
G1 X131.14 Y107.44 E.08929
G1 X131.035 Y106.517 E.09038
G1 X130.994 Y105.928 E.05745
G1 X130.97 Y104.989 E.09139
G1 X130.98 Y104.399 E.05741
G1 X131.037 Y103.472 E.09036
G1 X131.14 Y102.56 E.0893
G1 X131.292 Y101.655 E.08929
G1 X131.492 Y100.753 E.08989
G1 X131.678 Y100.068 E.06906
G1 X131.924 Y99.295 E.07893
G1 X132.246 Y98.433 E.08953
G1 X132.615 Y97.586 E.08989
G1 X132.929 Y96.949 E.0691
G1 X133.317 Y96.237 E.07889
G1 X133.798 Y95.452 E.08958
G1 X134.318 Y94.696 E.08928
G1 X134.876 Y93.968 E.08924
G1 X135.473 Y93.27 E.08936
G1 X136.108 Y92.6 E.08981
G1 X136.621 Y92.109 E.06909
G1 X137.23 Y91.573 E.07893
G1 X137.95 Y91 E.08953
G1 X138.697 Y90.467 E.08928
G1 X139.471 Y89.974 E.08929
G1 X140.27 Y89.522 E.08932
G1 X141.091 Y89.112 E.08929
G1 X141.933 Y88.746 E.08933
G1 X142.793 Y88.425 E.08931
G1 X143.668 Y88.149 E.08927
G1 X144.567 Y87.916 E.09036
G1 X145.144 Y87.794 E.05738
G1 X146.06 Y87.64 E.09037
G1 X146.972 Y87.537 E.0893
G1 X147.894 Y87.48 E.08988
G1 X148.46 Y87.472 E.05508
G1 E-8 F1500
G1 Z2.12 F3000
G1 X146.21 Y88.113 F12000
G1 Z1.92 F3000
G1 E10 F1500
;TYPE:Internal infill
G1 E-30 F1500
G1 Z6.92 F300.0
G1 F12000.0
T0
G1 Z1.92 F300.0
G1 E32.0 F1500
G1 F12000.0
;WIDTH:0.675
G1 F618.478
G1 X148.022 Y87.966 E.14665
G1 X148.5 Y88.158 E.04155
G1 X149.151 Y88.288 E.05355
G1 X149.801 Y88.282 E.05244
G1 X150.452 Y88.072 E.05518
G1 X152.244 Y88.375 E.14661
G1 E-8 F1500
G1 Z2.12 F3000
G1 X158.85 Y91.466 F12000
G1 Z1.92 F3000
G1 E10 F1500
G1 F618.478
G1 X160.233 Y92.645 E.1466
G1 X159.559 Y93.101 E.06564
G1 X158.909 Y93.362 E.0565
G1 X158.258 Y93.492 E.05355
G1 X157.608 Y93.487 E.05243
G1 X156.957 Y93.276 E.0552
G1 X156.307 Y92.738 E.06806
G1 X155.656 Y91.966 E.08146
G1 X155.006 Y91.309 E.07455
G1 X154.355 Y90.876 E.06307
G1 X153.704 Y90.616 E.05655
G1 X153.054 Y90.486 E.05347
G1 X152.403 Y90.491 E.05252
G1 X151.753 Y90.701 E.0551
G1 X151.102 Y91.24 E.06818
G1 X150.452 Y92.012 E.08141
G1 X149.801 Y92.668 E.07455
G1 X149.151 Y93.101 E.063
G1 X148.5 Y93.362 E.05658
G1 X147.849 Y93.492 E.05355
G1 X147.199 Y93.487 E.05243
M73 P43 R25
G1 X146.548 Y93.276 E.0552
G1 X145.898 Y92.738 E.06806
G1 X145.247 Y91.966 E.08146
G1 X144.597 Y91.309 E.07455
G1 X143.946 Y90.876 E.06307
G1 X143.296 Y90.616 E.05647
G1 X142.645 Y90.486 E.05355
G1 X141.994 Y90.491 E.05252
G1 X141.344 Y90.701 E.0551
G1 X140.693 Y91.24 E.06818
G1 X140.043 Y92.012 E.08141
G1 X139.392 Y92.668 E.07455
G1 X138.742 Y93.101 E.063
G1 X138.091 Y93.362 E.05658
G1 X137.441 Y93.492 E.05347
G1 X136.79 Y93.487 E.05252
G1 X136.138 Y93.275 E.0553
G1 X135.254 Y94.274 E.10761
G1 X134.215 Y95.704 E.14259
G1 X134.838 Y95.906 E.05283
G1 X135.489 Y96.444 E.06813
G1 X136.139 Y97.217 E.08147
G1 X136.79 Y97.873 E.07455
G1 X137.441 Y98.306 E.06307
G1 X138.091 Y98.567 E.0565
G1 X138.742 Y98.697 E.05355
G1 X139.392 Y98.691 E.05244
G1 X140.043 Y98.481 E.05518
G1 X140.693 Y97.942 E.06811
G1 X141.344 Y97.17 E.08146
G1 X141.994 Y96.514 E.07449
G1 X142.645 Y96.081 E.06307
G1 X143.296 Y95.82 E.05658
G1 X143.946 Y95.69 E.05347
G1 X144.597 Y95.695 E.05252
G1 X145.247 Y95.906 E.05513
G1 X145.898 Y96.444 E.06813
G1 X146.548 Y97.217 E.08147
G1 X147.199 Y97.873 E.07455
G1 X147.849 Y98.306 E.063
G1 X148.5 Y98.567 E.05658
G1 X149.151 Y98.697 E.05355
G1 X149.801 Y98.691 E.05244
G1 X150.452 Y98.481 E.05518
G1 X151.102 Y97.942 E.06811
G1 X151.753 Y97.17 E.08146
G1 X152.403 Y96.514 E.07449
G1 X153.054 Y96.081 E.06307
G1 X153.704 Y95.82 E.0565
G1 X154.355 Y95.69 E.05355
G1 X155.006 Y95.695 E.05252
G1 X155.656 Y95.906 E.05513
G1 X156.307 Y96.444 E.06813
G1 X156.957 Y97.217 E.08147
G1 X157.608 Y97.873 E.07455
G1 X158.258 Y98.306 E.063
G1 X158.909 Y98.567 E.05658
G1 X159.559 Y98.697 E.05347
G1 X160.21 Y98.691 E.05252
G1 X160.861 Y98.481 E.05518
G1 X161.511 Y97.942 E.06811
G1 X162.162 Y97.17 E.08146
G1 X162.812 Y96.514 E.07449
G1 X163.148 Y96.29 E.03257
G1 X163.992 Y97.901 E.14671
G1 E-8 F1500
G1 Z2.12 F3000
G1 X141.098 Y120.348 F12000
G1 Z1.92 F3000
G1 E10 F1500
G1 F618.478
G1 X139.504 Y119.473 E.14668
G1 X140.043 Y119.299 E.04569
G1 X140.693 Y118.76 E.06811
G1 X141.344 Y117.988 E.08146
G1 X141.994 Y117.332 E.07449
G1 X142.645 Y116.899 E.06307
G1 X143.296 Y116.638 E.05658
G1 X143.946 Y116.508 E.05347
G1 X144.597 Y116.513 E.05252
G1 X145.247 Y116.724 E.05513
G1 X145.898 Y117.262 E.06813
G1 X146.548 Y118.034 E.08141
G1 X147.199 Y118.691 E.07461
G1 X147.849 Y119.124 E.063
G1 X148.5 Y119.385 E.05658
G1 X149.151 Y119.514 E.05353
G1 X149.801 Y119.509 E.05243
G1 X150.452 Y119.299 E.05518
G1 X151.102 Y118.76 E.06811
G1 X151.753 Y117.988 E.08146
G1 X152.403 Y117.332 E.07449
G1 X153.054 Y116.899 E.06307
G1 X153.704 Y116.638 E.0565
G1 X154.355 Y116.508 E.05355
G1 X155.006 Y116.513 E.05252
G1 X155.656 Y116.724 E.05513
G1 X156.307 Y117.262 E.06813
M73 P43 R24
G1 X156.957 Y118.034 E.08141
G1 X157.608 Y118.691 E.07461
G1 X158.145 Y119.048 E.05202
G1 X159.587 Y117.94 E.14669
G1 E-8 F1500
G1 Z2.12 F3000
G1 X163.475 Y113.132 F12000
G1 Z1.92 F3000
G1 E10 F1500
G1 F618.478
G1 X164.256 Y111.49 E.14667
G1 X163.463 Y111.303 E.06572
G1 X162.812 Y111.309 E.05252
G1 X162.162 Y111.519 E.0551
G1 X161.511 Y112.058 E.06818
G1 X160.861 Y112.83 E.08141
G1 X160.21 Y113.486 E.07455
G1 X159.559 Y113.919 E.06307
G1 X158.909 Y114.18 E.0565
G1 X158.258 Y114.31 E.05355
G1 X157.608 Y114.305 E.05243
G1 X156.957 Y114.094 E.0552
G1 X156.307 Y113.556 E.06806
G1 X155.656 Y112.783 E.08152
G1 X155.006 Y112.127 E.07449
G1 X154.355 Y111.694 E.06307
G1 X153.704 Y111.433 E.05658
G1 X153.054 Y111.303 E.05347
G1 X152.403 Y111.309 E.05252
G1 X151.753 Y111.519 E.0551
G1 X151.102 Y112.058 E.06818
G1 X150.452 Y112.83 E.08141
G1 X149.801 Y113.486 E.07455
G1 X149.151 Y113.919 E.063
G1 X148.5 Y114.18 E.05658
G1 X147.849 Y114.31 E.05355
G1 X147.199 Y114.305 E.05243
G1 X146.548 Y114.094 E.0552
G1 X145.898 Y113.556 E.06806
G1 X145.247 Y112.783 E.08152
G1 X144.597 Y112.127 E.07449
G1 X143.946 Y111.694 E.06307
G1 X143.296 Y111.433 E.0565
G1 X142.645 Y111.303 E.05355
G1 X141.994 Y111.309 E.05252
G1 X141.344 Y111.519 E.0551
G1 X140.693 Y112.058 E.06818
G1 X140.043 Y112.83 E.08141
G1 X139.392 Y113.486 E.07455
G1 X138.742 Y113.919 E.063
G1 X138.091 Y114.18 E.05658
G1 X137.441 Y114.31 E.05347
G1 X136.79 Y114.305 E.05252
G1 X136.139 Y114.094 E.0552
G1 X135.489 Y113.556 E.06806
G1 X134.838 Y112.783 E.08152
G1 X134.188 Y112.127 E.07449
G1 X133.537 Y111.694 E.06307
G1 X132.706 Y111.397 E.07119
G1 X132.201 Y109.983 E.12112
G1 X131.962 Y109.123 E.072
G1 X131.572 Y106.936 E.1792
G1 X132.236 Y106.49 E.06452
G1 X132.887 Y106.229 E.05658
G1 X133.537 Y106.099 E.05347
G1 X134.188 Y106.104 E.05252
G1 X134.838 Y106.315 E.05513
G1 X135.489 Y106.853 E.06813
G1 X136.139 Y107.625 E.08141
G1 X136.79 Y108.282 E.07461
G1 X137.441 Y108.715 E.06307
G1 X138.091 Y108.976 E.0565
G1 X138.742 Y109.106 E.05355
G1 X139.392 Y109.1 E.05244
G1 X140.043 Y108.89 E.05518
G1 X140.693 Y108.351 E.06811
G1 X141.344 Y107.579 E.08146
G1 X141.994 Y106.923 E.07449
G1 X142.645 Y106.49 E.06307
G1 X143.296 Y106.229 E.05658
G1 X143.946 Y106.099 E.05347
G1 X144.597 Y106.104 E.05252
G1 X145.247 Y106.315 E.05513
G1 X145.898 Y106.853 E.06813
G1 X146.548 Y107.625 E.08141
G1 X147.199 Y108.282 E.07461
G1 X147.849 Y108.715 E.063
G1 X148.5 Y108.976 E.05658
G1 X149.151 Y109.106 E.05355
G1 X149.801 Y109.1 E.05244
G1 X150.452 Y108.89 E.05518
G1 X151.102 Y108.351 E.06811
G1 X151.753 Y107.579 E.08146
G1 X152.403 Y106.923 E.07449
G1 X153.054 Y106.49 E.06307
G1 X153.704 Y106.229 E.0565
G1 X154.355 Y106.099 E.05355
G1 X155.006 Y106.104 E.05252
G1 X155.656 Y106.315 E.05513
G1 X156.307 Y106.853 E.06813
G1 X156.957 Y107.625 E.08141
G1 X157.608 Y108.282 E.07461
G1 X158.258 Y108.715 E.063
G1 X158.909 Y108.976 E.05658
G1 X159.559 Y109.106 E.05347
G1 X160.21 Y109.1 E.05252
G1 X160.861 Y108.89 E.05518
G1 X161.511 Y108.351 E.06811
G1 X162.162 Y107.579 E.08146
G1 X162.812 Y106.923 E.07449
G1 X163.463 Y106.49 E.06307
G1 X164.113 Y106.229 E.0565
G1 X164.764 Y106.099 E.05355
G1 X165.501 Y106.132 E.05951
G1 X165.521 Y104.108 E.16328
G1 X165.38 Y102.641 E.11888
G1 X165.191 Y101.57 E.08773
G1 X164.764 Y101.285 E.04141
G1 X164.113 Y101.024 E.05658
G1 X163.463 Y100.894 E.05347
G1 X162.812 Y100.9 E.05252
G1 X162.162 Y101.11 E.0551
G1 X161.511 Y101.649 E.06818
G1 X160.861 Y102.421 E.08141
G1 X160.21 Y103.077 E.07455
G1 X159.559 Y103.51 E.06307
G1 X158.909 Y103.771 E.0565
G1 X158.258 Y103.901 E.05355
G1 X157.608 Y103.896 E.05243
G1 X156.957 Y103.685 E.0552
G1 X156.307 Y103.147 E.06806
G1 X155.656 Y102.375 E.08146
G1 X155.006 Y101.718 E.07455
G1 X154.355 Y101.285 E.06307
G1 X153.704 Y101.024 E.05658
G1 X153.054 Y100.894 E.05347
G1 X152.403 Y100.9 E.05252
G1 X151.753 Y101.11 E.0551
G1 X151.102 Y101.649 E.06818
G1 X150.452 Y102.421 E.08141
G1 X149.801 Y103.077 E.07455
G1 X149.151 Y103.51 E.063
G1 X148.5 Y103.771 E.05658
G1 X147.849 Y103.901 E.05355
G1 X147.199 Y103.896 E.05243
G1 X146.548 Y103.685 E.0552
G1 X145.898 Y103.147 E.06806
G1 X145.247 Y102.375 E.08146
G1 X144.597 Y101.718 E.07455
G1 X143.946 Y101.285 E.06307
G1 X143.296 Y101.024 E.0565
G1 X142.645 Y100.894 E.05355
G1 X141.994 Y100.9 E.05252
G1 X141.344 Y101.11 E.0551
G1 X140.693 Y101.649 E.06818
G1 X140.043 Y102.421 E.08141
G1 X139.392 Y103.077 E.07455
G1 X138.742 Y103.51 E.063
G1 X138.091 Y103.771 E.05658
G1 X137.441 Y103.901 E.05347
G1 X136.79 Y103.896 E.05252
G1 X136.139 Y103.685 E.0552
G1 X135.489 Y103.147 E.06806
G1 X134.838 Y102.375 E.08146
G1 X134.188 Y101.718 E.07455
G1 X133.537 Y101.285 E.06307
G1 X132.887 Y101.024 E.0565
G1 X132.236 Y100.894 E.05355
G1 X131.958 Y100.897 E.02243
G1 X131.616 Y102.682 E.14661
;LAYER_CHANGE
;Z:2.24
;HEIGHT:0.32

G1 E-8 F1500
G1 Z2.24 F3000
;AFTER_LAYER_CHANGE
;2.24
G92 E0
_ON_LAYER_CHANGE LAYER=7
G1 Z2.44
G1 X148.508 Y85.341 F12000
G1 Z2.24 F3000
G1 E10 F1500
;TYPE:External perimeter
;WIDTH:0.675
G1 F618.478
G1 X148.643 Y85.339 E.01089
G1 X149.529 Y85.365 E.0715
G1 X150.555 Y85.445 E.08301
G1 X151.576 Y85.58 E.08308
G1 X152.589 Y85.768 E.08311
G1 X153.255 Y85.921 E.05512
G1 X154.249 Y86.197 E.08322
G1 X155.225 Y86.523 E.08301
G1 X156.183 Y86.901 E.08308
G1 X157.119 Y87.328 E.08299
G1 X158.033 Y87.803 E.08309
G1 X158.748 Y88.22 E.06677
G1 X159.496 Y88.7 E.07169
G1 X160.056 Y89.092 E.05514
G1 X160.874 Y89.719 E.08314
G1 X161.657 Y90.388 E.08308
G1 X162.404 Y91.098 E.08313
G1 X162.879 Y91.589 E.05511
G1 X163.562 Y92.361 E.08315
G1 X164.203 Y93.167 E.08307
G1 X164.801 Y94.005 E.08304
G1 X165.354 Y94.873 E.08302
G1 X165.861 Y95.769 E.08305
G1 X166.32 Y96.69 E.08301
G1 X166.731 Y97.636 E.0832
G1 X166.976 Y98.274 E.05513
G1 X167.303 Y99.251 E.08311
G1 X167.578 Y100.243 E.08304
G1 X167.801 Y101.248 E.08304
M73 P44 R24
G1 X167.971 Y102.265 E.08318
G1 X168.055 Y102.943 E.05511
G1 X168.135 Y103.971 E.08318
G1 X168.15 Y105.685 E.13827
G1 X168.088 Y106.714 E.08316
G1 X167.971 Y107.736 E.08298
G1 X167.801 Y108.752 E.0831
G1 X167.578 Y109.757 E.08304
G1 X167.303 Y110.749 E.08304
G1 X166.977 Y111.725 E.08301
G1 X166.599 Y112.684 E.08315
G1 X166.321 Y113.308 E.05511
G1 X165.861 Y114.231 E.08319
G1 X165.354 Y115.127 E.08305
G1 X164.801 Y115.995 E.08302
G1 X164.202 Y116.834 E.08316
G1 X163.781 Y117.373 E.05517
G1 X163.112 Y118.157 E.08314
G1 X162.403 Y118.903 E.08302
G1 X161.657 Y119.612 E.08302
G1 X160.874 Y120.281 E.08308
G1 X160.057 Y120.907 E.08303
G1 X159.209 Y121.49 E.08301
G1 X158.33 Y122.029 E.08317
G1 X157.732 Y122.36 E.05513
G1 X156.81 Y122.82 E.08312
G1 X155.864 Y123.231 E.0832
G1 X155.226 Y123.476 E.05513
G1 X154.249 Y123.803 E.08311
G1 X153.257 Y124.078 E.08304
G1 X152.252 Y124.301 E.08304
G1 X151.235 Y124.471 E.08318
G1 X150.557 Y124.555 E.05511
G1 X149.529 Y124.635 E.08318
G1 X148.498 Y124.662 E.0832
G1 X147.815 Y124.65 E.0551
G1 X146.786 Y124.588 E.08316
G1 X145.764 Y124.471 E.08298
G1 X144.747 Y124.301 E.08318
G1 X144.078 Y124.159 E.05517
G1 X143.08 Y123.901 E.08315
G1 X142.099 Y123.591 E.08299
G1 X141.134 Y123.231 E.08308
G1 X140.19 Y122.82 E.08305
G1 X139.269 Y122.361 E.08301
G1 X138.373 Y121.854 E.08305
G1 X137.504 Y121.3 E.08313
G1 X136.944 Y120.908 E.05514
G1 X136.126 Y120.281 E.08314
G1 X135.343 Y119.612 E.08308
G1 X134.597 Y118.903 E.08302
G1 X133.888 Y118.157 E.08302
G1 X133.218 Y117.373 E.08319
G1 X132.798 Y116.834 E.05512
G1 X132.199 Y115.995 E.08316
G1 X131.646 Y115.127 E.08302
G1 X131.139 Y114.231 E.08305
G1 X130.679 Y113.309 E.08312
G1 X130.346 Y112.551 E.06679
G1 X130.024 Y111.725 E.07151
G1 X129.697 Y110.749 E.08303
G1 X129.422 Y109.757 E.08304
G1 X129.199 Y108.751 E.08312
G1 X129.059 Y107.935 E.06679
G1 X128.945 Y107.056 E.0715
G1 X128.865 Y106.029 E.0831
G1 X128.838 Y105 E.08303
G1 X128.865 Y103.97 E.08311
G1 X128.926 Y103.145 E.06673
G1 X129.029 Y102.264 E.07155
G1 X129.199 Y101.248 E.0831
G1 X129.422 Y100.243 E.08304
G1 X129.697 Y99.251 E.08304
G1 X129.956 Y98.464 E.06683
G1 X130.269 Y97.635 E.07148
G1 X130.68 Y96.69 E.08313
G1 X131.046 Y95.947 E.06681
G1 X131.472 Y95.169 E.07155
G1 X132.01 Y94.291 E.08306
G1 X132.593 Y93.443 E.08301
G1 X133.219 Y92.626 E.08303
G1 X133.888 Y91.843 E.08308
G1 X134.597 Y91.097 E.08302
G1 X135.343 Y90.388 E.08302
G1 X136.126 Y89.719 E.08308
G1 X136.943 Y89.092 E.08308
G1 X137.624 Y88.62 E.06684
G1 X138.373 Y88.146 E.0715
G1 X139.269 Y87.639 E.08305
G1 X140.19 Y87.18 E.08301
G1 X141.134 Y86.769 E.08305
G1 X142.099 Y86.409 E.08308
G1 X142.888 Y86.156 E.06684
G1 X143.743 Y85.922 E.07151
G1 X144.748 Y85.699 E.08304
G1 X145.764 Y85.529 E.0831
G1 X146.786 Y85.412 E.08298
G1 X147.814 Y85.35 E.08308
G1 X148.478 Y85.341 E.05357
G1 X149.078 Y85.352 F12000
G1 X148.502 Y86.01
;TYPE:Perimeter
G1 E-30 F1500
G1 Z7.24 F300.0
G1 F12000.0
T1
G1 Z2.24 F300.0
PRIME_FIBRE
G1 E45.0 F1500
G1 F12000.0
;WIDTH:0.8
G1 F512.767
G1 X148.637 Y86.008 E.01314
G1 X149.493 Y86.033 E.08332 U0.856
G1 X150.485 Y86.111 E.09682 U1.851
G1 X151.471 Y86.241 E.09676 U2.846
G1 X152.453 Y86.423 E.09717 U3.845
G1 X153.091 Y86.57 E.0637 U4.499
G1 X154.053 Y86.837 E.09714 U5.498
G1 X154.996 Y87.152 E.09673 U6.492
G1 X155.921 Y87.517 E.09675 U7.486
G1 X156.826 Y87.929 E.09675 U8.481
G1 X157.71 Y88.389 E.09696 U9.477
G1 X158.399 Y88.791 E.07761 U10.275
G1 X159.123 Y89.255 E.08367 U11.135
G1 X159.661 Y89.631 E.06386 U11.791
G1 X160.453 Y90.239 E.09715 U12.79
G1 X161.209 Y90.885 E.09675 U13.784
G1 X161.933 Y91.573 E.09718 U14.783
G1 X162.388 Y92.043 E.06365 U15.437
G1 X163.05 Y92.791 E.09719 U16.436
G1 X163.669 Y93.57 E.09681 U17.431
G1 X164.246 Y94.379 E.09668 U18.425
G1 X164.78 Y95.218 E.09676 U19.419
G1 X165.27 Y96.083 E.09673 U20.413
G1 X165.714 Y96.973 E.09677 U21.408
G1 X166.112 Y97.889 E.09717 U22.407
G1 X166.346 Y98.5 E.06366 U23.061
G1 X166.663 Y99.447 E.09716 U24.06
G1 X166.929 Y100.405 E.09674 U25.054
G1 X167.144 Y101.376 E.09676 U26.048
G1 X167.309 Y102.361 E.09717 U27.047
G1 X167.389 Y103.01 E.06362 U27.701
G1 X167.467 Y104.006 E.0972 U28.7
G1 X167.482 Y105.658 E.16074 U30.352
G1 X167.421 Y106.655 E.09719 U31.351
G1 X167.308 Y107.643 E.09676 U32.345
G1 X167.144 Y108.624 E.09677 U33.34
G1 X166.929 Y109.595 E.09676 U34.334
G1 X166.663 Y110.553 E.09674 U35.329
G1 X166.348 Y111.496 E.09673 U36.323
G1 X165.982 Y112.425 E.09715 U37.321
G1 X165.716 Y113.023 E.06368 U37.976
G1 X165.27 Y113.917 E.09721 U38.975
G1 X164.78 Y114.782 E.09673 U39.969
G1 X164.246 Y115.621 E.09676 U40.964
G1 X163.666 Y116.434 E.09717 U41.962
G1 X163.263 Y116.95 E.0637 U42.617
G1 X162.615 Y117.709 E.0971 U43.615
G1 X161.93 Y118.43 E.09676 U44.61
G1 X161.209 Y119.115 E.09676 U45.604
G1 X160.453 Y119.761 E.09675 U46.599
G1 X159.664 Y120.366 E.09674 U47.593
G1 X158.844 Y120.929 E.09678 U48.587
G1 X157.993 Y121.451 E.09713 U49.586
G1 X157.421 Y121.768 E.06363 U50.24
G1 X156.527 Y122.214 E.09721 U51.239
G1 X155.611 Y122.612 E.09717 U52.238
G1 X155 Y122.846 E.06366 U52.892
G1 X154.053 Y123.163 E.09716 U53.891
G1 X153.095 Y123.429 E.09674 U54.885
G1 X152.124 Y123.644 E.09676 U55.879
G1 X151.139 Y123.809 E.09717 U56.878
G1 X150.49 Y123.889 E.06362 U57.532
G1 X149.494 Y123.967 E.0972 U58.531
G1 X148.496 Y123.993 E.09713 U59.529
G1 X147.842 Y123.982 E.06364 U60.183
G1 X146.845 Y123.921 E.09719 U61.182
G1 X145.857 Y123.808 E.09676 U62.177
G1 X144.872 Y123.644 E.09716 U63.175
G1 X144.232 Y123.508 E.06366 U63.83
G1 X143.265 Y123.258 E.09718 U64.828
G1 X142.316 Y122.959 E.09681 U65.823
G1 X141.385 Y122.61 E.09674 U66.818
G1 X140.473 Y122.214 E.09674 U67.812
G1 X139.583 Y121.77 E.09677 U68.806
G1 X138.718 Y121.28 E.09673 U69.801
G1 X137.875 Y120.744 E.0972 U70.8
G1 X137.339 Y120.369 E.06365 U71.454
G1 X136.547 Y119.761 E.09715 U72.452
G1 X135.791 Y119.115 E.09675 U73.447
G1 X135.07 Y118.43 E.09676 U74.441
G1 X134.385 Y117.709 E.09676 U75.436
G1 X133.737 Y116.95 E.0971 U76.434
G1 X133.334 Y116.434 E.0637 U77.088
G1 X132.754 Y115.621 E.09717 U78.087
G1 X132.22 Y114.782 E.09676 U79.082
G1 X131.73 Y113.917 E.09673 U80.076
G1 X131.285 Y113.025 E.09699 U81.073
G1 X130.964 Y112.295 E.07759 U81.87
G1 X130.653 Y111.497 E.08333 U82.726
G1 X130.337 Y110.553 E.09686 U83.722
G1 X130.071 Y109.595 E.09674 U84.716
G1 X129.855 Y108.622 E.09697 U85.713
G1 X129.72 Y107.836 E.07759 U86.51
G1 X129.611 Y106.987 E.08328 U87.366
G1 X129.533 Y105.994 E.09691 U88.362
G1 X129.507 Y105 E.09675 U89.357
G1 X129.533 Y104.004 E.09694 U90.353
G1 X129.592 Y103.208 E.07766 U91.151
G1 X129.691 Y102.358 E.08326 U92.007
G1 X129.856 Y101.376 E.09688 U93.003
G1 X130.071 Y100.405 E.09676 U93.997
G1 X130.337 Y99.445 E.09692 U94.993
G1 X130.587 Y98.687 E.07766 U95.792
G1 X130.889 Y97.886 E.08329 U96.648
G1 X131.287 Y96.971 E.09708 U97.645
G1 X131.64 Y96.256 E.07758 U98.443
G1 X132.051 Y95.505 E.0833 U99.299
G1 X132.571 Y94.655 E.09695 U100.295
G1 X133.134 Y93.836 E.0967 U101.289
G1 X133.739 Y93.047 E.09674 U102.284
G1 X134.385 Y92.291 E.09675 U103.278
G1 X135.07 Y91.57 E.09676 U104.272
G1 X135.791 Y90.885 E.09676 U105.267
G1 X136.547 Y90.239 E.09675 U106.261
G1 X137.338 Y89.633 E.09695 U107.258
G1 X137.993 Y89.178 E.0776 U108.055
G1 X138.716 Y88.72 E.08327 U108.911
G1 X139.583 Y88.23 E.0969 U109.907
G1 X140.473 Y87.786 E.09677 U110.902
G1 X141.385 Y87.39 E.09674 U111.896
G1 X142.318 Y87.041 E.09692 U112.892
G1 X143.078 Y86.798 E.07763 U113.69
G1 X143.904 Y86.571 E.08335 U114.547
G1 X144.876 Y86.356 E.09686 U115.542
G1 X145.857 Y86.192 E.09677 U116.537
G1 X146.845 Y86.079 E.09676 U117.531
G1 X147.839 Y86.018 E.09689 U118.527
G1 X148.472 Y86.01 E.06159 U119.16
G1 X148.496 Y86.741 F12000 U119.892
G1 F512.767
G1 X148.631 Y86.739 E.01314 U120.027
G1 X149.453 Y86.763 E.08001 U120.849
G1 X150.409 Y86.838 E.0933 U121.808
G1 X151.357 Y86.963 E.09304 U122.764
G1 X152.304 Y87.139 E.09372 U123.727
G1 X152.911 Y87.279 E.06061 U124.35
G1 X153.839 Y87.536 E.09369 U125.313
G1 X154.746 Y87.84 E.09307 U126.27
G1 X155.635 Y88.19 E.09296 U127.225
G1 X156.505 Y88.586 E.093 U128.181
G1 X157.357 Y89.03 E.09348 U129.142
G1 X158.017 Y89.415 E.07434 U129.906
G1 X158.716 Y89.863 E.08078 U130.736
G1 X159.228 Y90.221 E.06079 U131.361
G1 X159.992 Y90.808 E.09374 U132.324
G1 X160.719 Y91.429 E.09303 U133.28
G1 X161.419 Y92.092 E.09381 U134.245
G1 X161.851 Y92.54 E.06055 U134.867
G1 X162.489 Y93.262 E.09374 U135.83
G1 X163.084 Y94.01 E.09299 U136.786
G1 X163.64 Y94.788 E.09304 U137.742
G1 X164.153 Y95.595 E.09304 U138.699
G1 X164.624 Y96.427 E.09302 U139.655
G1 X165.051 Y97.282 E.09299 U140.61
G1 X165.435 Y98.166 E.09377 U141.574
G1 X165.658 Y98.747 E.06055 U142.197
G1 X165.964 Y99.661 E.09378 U143.16
G1 X166.219 Y100.582 E.09298 U144.116
G1 X166.426 Y101.515 E.09298 U145.072
G1 X166.585 Y102.466 E.09381 U146.036
M73 P45 R24
G1 X166.661 Y103.084 E.06058 U146.659
G1 X166.737 Y104.044 E.0937 U147.622
G1 X166.751 Y105.63 E.15432 U149.208
G1 X166.692 Y106.592 E.09377 U150.172
G1 X166.584 Y107.542 E.09303 U151.128
G1 X166.426 Y108.484 E.09293 U152.083
G1 X166.219 Y109.418 E.09308 U153.039
G1 X165.964 Y110.339 E.09298 U153.995
G1 X165.66 Y111.246 E.09307 U154.952
G1 X165.307 Y112.142 E.0937 U155.915
G1 X165.054 Y112.711 E.06059 U156.537
G1 X164.624 Y113.573 E.09373 U157.501
G1 X164.153 Y114.405 E.09302 U158.457
G1 X163.64 Y115.212 E.09304 U159.413
G1 X163.08 Y115.996 E.09374 U160.377
G1 X162.697 Y116.487 E.06059 U160.999
G1 X162.071 Y117.22 E.09379 U161.963
G1 X161.413 Y117.913 E.09298 U162.919
G1 X160.719 Y118.571 E.09305 U163.875
G1 X159.993 Y119.192 E.09295 U164.83
G1 X159.234 Y119.774 E.09306 U165.787
G1 X158.446 Y120.316 E.09305 U166.743
G1 X157.624 Y120.819 E.09376 U167.707
G1 X157.08 Y121.121 E.06054 U168.329
G1 X156.218 Y121.551 E.09373 U169.293
G1 X155.334 Y121.935 E.09377 U170.256
G1 X154.753 Y122.158 E.06055 U170.879
G1 X153.839 Y122.464 E.09378 U171.843
G1 X152.918 Y122.719 E.09298 U172.798
G1 X151.985 Y122.926 E.09298 U173.754
G1 X151.034 Y123.085 E.09381 U174.718
G1 X150.416 Y123.161 E.06058 U175.341
G1 X149.456 Y123.237 E.0937 U176.304
G1 X148.492 Y123.262 E.09383 U177.268
G1 X147.87 Y123.251 E.06053 U177.89
G1 X146.908 Y123.192 E.09377 U178.854
G1 X145.958 Y123.084 E.09303 U179.81
G1 X145.008 Y122.925 E.09372 U180.773
G1 X144.399 Y122.796 E.06057 U181.396
G1 X143.466 Y122.554 E.09378 U182.36
G1 X142.555 Y122.267 E.09293 U183.315
G1 X141.659 Y121.932 E.09307 U184.271
G1 X140.782 Y121.551 E.09303 U185.228
G1 X139.927 Y121.124 E.09299 U186.183
G1 X139.094 Y120.653 E.09311 U187.14
G1 X138.282 Y120.136 E.09366 U188.103
G1 X137.772 Y119.779 E.06057 U188.725
G1 X137.008 Y119.192 E.09374 U189.689
G1 X136.281 Y118.571 E.09303 U190.645
G1 X135.587 Y117.913 E.09305 U191.601
G1 X134.929 Y117.219 E.09305 U192.558
G1 X134.303 Y116.487 E.09371 U193.521
G1 X133.92 Y115.996 E.06059 U194.144
G1 X133.36 Y115.212 E.09374 U195.107
G1 X132.847 Y114.406 E.09296 U196.062
G1 X132.376 Y113.573 E.09311 U197.019
G1 X131.948 Y112.714 E.09338 U197.979
G1 X131.64 Y112.014 E.07441 U198.744
G1 X131.34 Y111.248 E.08004 U199.566
G1 X131.036 Y110.339 E.09326 U200.525
G1 X130.781 Y109.418 E.09298 U201.481
G1 X130.573 Y108.481 E.09339 U202.44
G1 X130.444 Y107.727 E.07443 U203.205
G1 X130.338 Y106.911 E.08006 U204.028
G1 X130.263 Y105.956 E.0932 U204.986
G1 X130.238 Y105 E.09305 U205.942
G1 X130.263 Y104.041 E.09334 U206.902
G1 X130.32 Y103.278 E.07444 U207.667
G1 X130.416 Y102.461 E.08004 U208.49
G1 X130.574 Y101.515 E.09332 U209.449
G1 X130.781 Y100.582 E.09298 U210.404
G1 X131.037 Y99.657 E.09338 U211.364
G1 X131.277 Y98.931 E.0744 U212.129
G1 X131.567 Y98.161 E.08006 U212.952
G1 X131.951 Y97.279 E.0936 U213.914
G1 X132.289 Y96.593 E.07441 U214.678
G1 X132.684 Y95.871 E.08007 U215.501
G1 X133.184 Y95.054 E.0932 U216.459
G1 X133.726 Y94.266 E.09305 U217.416
G1 X134.308 Y93.508 E.09298 U218.371
G1 X134.929 Y92.781 E.09303 U219.327
G1 X135.587 Y92.087 E.09305 U220.284
G1 X136.281 Y91.429 E.09305 U221.24
G1 X137.007 Y90.808 E.09295 U222.195
G1 X137.769 Y90.224 E.09341 U223.155
G1 X138.398 Y89.788 E.07446 U223.921
G1 X139.092 Y89.348 E.07995 U224.742
G1 X139.927 Y88.876 E.09332 U225.702
G1 X140.782 Y88.449 E.09299 U226.657
G1 X141.659 Y88.068 E.09303 U227.614
G1 X142.558 Y87.732 E.09338 U228.573
G1 X143.287 Y87.499 E.07446 U229.339
G1 X144.08 Y87.281 E.08002 U230.161
G1 X145.015 Y87.074 E.09317 U231.119
G1 X145.958 Y86.916 E.09303 U232.075
G1 X146.908 Y86.808 E.09303 U233.031
G1 X147.866 Y86.749 E.09339 U233.991
G1 X148.466 Y86.741 E.05838 U234.591
G1 X148.49 Y87.472 F12000 U235.322
G1 F512.767
G1 X148.625 Y87.471 E.01314 U235.457
G1 X149.414 Y87.494 E.0768 U236.247
G1 X150.332 Y87.566 E.08959 U237.167
G1 X151.242 Y87.686 E.08931 U238.085
G1 X152.155 Y87.855 E.09034 U239.014
G1 X152.731 Y87.988 E.05752 U239.605
G1 X153.625 Y88.236 E.09027 U240.533
G1 X154.496 Y88.527 E.08935 U241.451
G1 X155.35 Y88.863 E.08929 U242.369
G1 X156.185 Y89.244 E.0893 U243.287
G1 X157.003 Y89.67 E.08973 U244.209
G1 X157.636 Y90.039 E.07129 U244.941
G1 X158.309 Y90.471 E.07781 U245.741
G1 X158.795 Y90.811 E.05771 U246.334
G1 X159.532 Y91.376 E.09035 U247.263
G1 X160.23 Y91.973 E.08936 U248.181
G1 X160.904 Y92.612 E.09036 U249.11
G1 X161.314 Y93.036 E.05739 U249.7
G1 X161.929 Y93.732 E.09037 U250.629
G1 X162.5 Y94.45 E.08926 U251.546
G1 X163.033 Y95.197 E.08928 U252.464
G1 X163.526 Y95.971 E.08929 U253.382
G1 X163.978 Y96.77 E.08932 U254.3
G1 X164.388 Y97.591 E.08929 U255.217
G1 X164.758 Y98.443 E.09038 U256.146
G1 X164.97 Y98.994 E.05744 U256.736
G1 X165.264 Y99.875 E.09036 U257.665
G1 X165.509 Y100.759 E.08925 U258.583
G1 X165.708 Y101.655 E.0893 U259.5
G1 X165.861 Y102.571 E.09036 U260.429
G1 X165.933 Y103.157 E.05744 U261.019
G1 X166.006 Y104.083 E.09038 U261.948
G1 X166.02 Y105.601 E.1477 U263.466
G1 X165.963 Y106.528 E.09036 U264.395
G1 X165.86 Y107.44 E.0893 U265.313
G1 X165.708 Y108.345 E.08929 U266.231
G1 X165.509 Y109.241 E.0893 U267.148
G1 X165.264 Y110.125 E.08925 U268.066
G1 X164.973 Y110.996 E.08935 U268.984
G1 X164.633 Y111.86 E.09034 U269.913
G1 X164.393 Y112.399 E.05741 U270.503
G1 X163.978 Y113.23 E.09037 U271.431
G1 X163.526 Y114.029 E.08932 U272.349
G1 X163.033 Y114.803 E.08929 U273.267
G1 X162.494 Y115.559 E.09034 U274.196
G1 X162.13 Y116.024 E.05746 U274.786
G1 X161.527 Y116.73 E.09034 U275.715
G1 X160.896 Y117.396 E.08926 U276.632
G1 X160.23 Y118.027 E.08926 U277.55
G1 X159.532 Y118.623 E.0893 U278.467
G1 X158.804 Y119.182 E.0893 U279.385
M73 P45 R23
G1 X158.048 Y119.702 E.08928 U280.303
G1 X157.256 Y120.187 E.09036 U281.231
G1 X156.74 Y120.473 E.0574 U281.821
G1 X155.909 Y120.888 E.09037 U282.75
G1 X155.057 Y121.258 E.09038 U283.679
G1 X154.506 Y121.47 E.05744 U284.27
G1 X153.625 Y121.764 E.09036 U285.198
G1 X152.741 Y122.009 E.08925 U286.116
G1 X151.845 Y122.208 E.0893 U287.033
G1 X150.929 Y122.361 E.09036 U287.962
G1 X150.343 Y122.433 E.05744 U288.553
G1 X149.417 Y122.506 E.09038 U289.481
G1 X148.489 Y122.53 E.09032 U290.41
G1 X147.899 Y122.52 E.05741 U291.0
G1 X146.972 Y122.463 E.09036 U291.929
G1 X146.06 Y122.36 E.0893 U292.846
G1 X145.144 Y122.206 E.09037 U293.775
G1 X144.567 Y122.084 E.05738 U294.365
G1 X143.668 Y121.851 E.09036 U295.294
CUT
G1 X142.793 Y121.575 E.08927
G1 X141.933 Y121.254 E.08931
G1 X141.091 Y120.888 E.08933
G1 X140.27 Y120.478 E.08929
G1 X139.471 Y120.026 E.08932
G1 X138.688 Y119.527 E.09034
G1 X138.205 Y119.189 E.05736
G1 X137.468 Y118.624 E.09035
G1 X136.77 Y118.027 E.08936
G1 X136.104 Y117.396 E.08926
G1 X135.473 Y116.73 E.08926
G1 X134.869 Y116.024 E.0904
G1 X134.506 Y115.559 E.0574
G1 X133.967 Y114.803 E.09034
G1 X133.474 Y114.029 E.08929
G1 X133.022 Y113.23 E.08932
G1 X132.61 Y112.404 E.08981
G1 X132.315 Y111.734 E.07123
G1 X132.028 Y110.999 E.07677
G1 X131.736 Y110.125 E.08966
G1 X131.491 Y109.241 E.08925
G1 X131.291 Y108.34 E.0898
G1 X131.167 Y107.618 E.07128
G1 X131.066 Y106.836 E.07672
G1 X130.994 Y105.917 E.08969
G1 X130.97 Y105 E.08925
G1 X130.994 Y104.077 E.08983
G1 X131.048 Y103.347 E.07122
G1 X131.14 Y102.564 E.07671
G1 X131.292 Y101.655 E.08967
G1 X131.491 Y100.759 E.0893
G1 X131.737 Y99.87 E.08975
G1 X131.967 Y99.174 E.07132
G1 X132.245 Y98.436 E.07673
G1 X132.614 Y97.587 E.09007
G1 X132.938 Y96.93 E.07127
G1 X133.317 Y96.238 E.07677
G1 X133.798 Y95.452 E.08966
G1 X134.318 Y94.696 E.08928
G1 X134.876 Y93.968 E.08924
G1 X135.473 Y93.27 E.08936
G1 X136.104 Y92.604 E.08926
G1 X136.77 Y91.973 E.08926
G1 X137.468 Y91.377 E.0893
G1 X138.2 Y90.815 E.08979
G1 X138.802 Y90.397 E.07131
G1 X139.468 Y89.975 E.07671
G1 X140.27 Y89.522 E.08962
G1 X141.091 Y89.112 E.08929
G1 X141.933 Y88.746 E.08933
G1 X142.798 Y88.423 E.08984
G1 X143.495 Y88.2 E.0712
G1 X144.256 Y87.991 E.07678
G1 X145.155 Y87.792 E.08959
G1 X146.06 Y87.64 E.08929
G1 X146.972 Y87.537 E.0893
G1 X147.893 Y87.48 E.08978
G1 X148.46 Y87.473 E.05517
G1 E-8 F1500
G1 Z2.44 F3000
G1 X146.148 Y88.12 F12000
G1 Z2.24 F3000
G1 E10 F1500
;TYPE:Internal infill
G1 E-30 F1500
G1 Z7.24 F300.0
G1 F12000.0
T0
G1 Z2.24 F300.0
G1 E32.0 F1500
G1 F12000.0
;WIDTH:0.675
G1 F618.478
G1 X147.96 Y87.966 E.14669
G1 X148.5 Y88.105 E.04498
G1 X149.151 Y88.142 E.0526
G1 X149.842 Y88.015 E.05667
G1 X151.644 Y88.254 E.14663
G1 E-8 F1500
G1 Z2.44 F3000
G1 X158.945 Y91.538 F12000
G1 Z2.24 F3000
G1 E10 F1500
G1 F618.478
G1 X160.319 Y92.727 E.14657
G1 X159.559 Y93.142 E.06985
G1 X158.909 Y93.31 E.05416
G1 X158.258 Y93.347 E.0526
G1 X157.608 Y93.239 E.05315
G1 X156.957 Y92.926 E.05827
G1 X156.307 Y92.36 E.06953
M73 P46 R23
G1 X155.656 Y91.689 E.07541
G1 X155.006 Y91.162 E.0675
G1 X154.355 Y90.836 E.05873
G1 X153.704 Y90.668 E.05423
G1 X153.054 Y90.631 E.05252
G1 X152.403 Y90.739 E.05323
G1 X151.753 Y91.051 E.05816
G1 X151.102 Y91.618 E.06964
G1 X150.452 Y92.289 E.07536
G1 X149.801 Y92.816 E.06756
G1 X149.151 Y93.142 E.05866
G1 X148.5 Y93.31 E.05423
G1 X147.849 Y93.347 E.0526
G1 X147.199 Y93.239 E.05315
G1 X146.548 Y92.926 E.05827
G1 X145.898 Y92.36 E.06953
G1 X145.247 Y91.689 E.07541
G1 X144.597 Y91.162 E.0675
G1 X143.946 Y90.836 E.05873
G1 X143.296 Y90.668 E.05416
G1 X142.645 Y90.631 E.0526
G1 X141.994 Y90.739 E.05323
G1 X141.344 Y91.051 E.05816
G1 X140.693 Y91.618 E.06964
G1 X140.043 Y92.289 E.07536
G1 X139.392 Y92.816 E.06756
G1 X138.742 Y93.142 E.05866
G1 X138.091 Y93.31 E.05423
G1 X137.441 Y93.347 E.05252
G1 X136.79 Y93.239 E.05323
G1 X136.366 Y93.035 E.03796
G1 X135.254 Y94.274 E.1343
G1 X134.078 Y95.925 E.16351
G1 X134.838 Y96.256 E.06687
G1 X135.489 Y96.822 E.06959
G1 X136.139 Y97.494 E.07542
G1 X136.79 Y98.02 E.06751
G1 X137.441 Y98.346 E.05873
G1 X138.091 Y98.514 E.05416
G1 X138.742 Y98.551 E.0526
G1 X139.392 Y98.443 E.05315
G1 X140.043 Y98.131 E.05823
G1 X140.693 Y97.565 E.06953
G1 X141.344 Y96.893 E.07547
G1 X141.994 Y96.366 E.0675
G1 X142.645 Y96.04 E.05873
G1 X143.296 Y95.872 E.05423
G1 X143.946 Y95.835 E.05252
G1 X144.597 Y95.943 E.05323
G1 X145.247 Y96.256 E.0582
G1 X145.898 Y96.822 E.06959
G1 X146.548 Y97.494 E.07542
G1 X147.199 Y98.02 E.06751
G1 X147.849 Y98.346 E.05866
G1 X148.5 Y98.514 E.05423
G1 X149.151 Y98.551 E.0526
G1 X149.801 Y98.443 E.05315
G1 X150.452 Y98.131 E.05823
G1 X151.102 Y97.565 E.06953
G1 X151.753 Y96.893 E.07547
G1 X152.403 Y96.366 E.0675
G1 X153.054 Y96.04 E.05873
G1 X153.704 Y95.872 E.05416
G1 X154.355 Y95.835 E.0526
G1 X155.006 Y95.943 E.05323
G1 X155.656 Y96.256 E.0582
G1 X156.307 Y96.822 E.06959
G1 X156.957 Y97.494 E.07542
G1 X157.608 Y98.02 E.06751
G1 X158.258 Y98.346 E.05866
G1 X158.909 Y98.514 E.05423
G1 X159.559 Y98.551 E.05252
G1 X160.21 Y98.443 E.05323
G1 X160.861 Y98.131 E.05823
G1 X161.511 Y97.565 E.06953
G1 X162.162 Y96.893 E.07547
G1 X162.812 Y96.366 E.0675
G1 X163.107 Y96.218 E.02662
G1 X163.959 Y97.825 E.14672
G1 E-8 F1500
G1 Z2.44 F3000
G1 X140.795 Y120.197 F12000
G1 Z2.24 F3000
G1 E10 F1500
G1 F618.478
G1 X139.22 Y119.29 E.14661
G1 X139.392 Y119.261 E.01407
G1 X140.043 Y118.949 E.05823
G1 X140.693 Y118.382 E.06958
G1 X141.344 Y117.711 E.07541
G1 X141.994 Y117.184 E.0675
G1 X142.645 Y116.858 E.05873
G1 X143.296 Y116.69 E.05423
G1 X143.946 Y116.653 E.05252
G1 X144.597 Y116.761 E.05323
G1 X145.247 Y117.074 E.0582
G1 X145.898 Y117.64 E.06959
G1 X146.548 Y118.311 E.07536
G1 X147.199 Y118.838 E.06756
G1 X147.849 Y119.164 E.05866
G1 X148.5 Y119.332 E.05423
G1 X149.151 Y119.369 E.0526
G1 X149.801 Y119.261 E.05315
G1 X150.452 Y118.949 E.05823
G1 X151.102 Y118.382 E.06958
G1 X151.753 Y117.711 E.07541
G1 X152.403 Y117.184 E.0675
G1 X153.054 Y116.858 E.05873
G1 X153.704 Y116.69 E.05416
G1 X154.355 Y116.653 E.0526
G1 X155.006 Y116.761 E.05323
G1 X155.656 Y117.074 E.0582
G1 X156.307 Y117.64 E.06959
G1 X156.957 Y118.311 E.07536
G1 X157.608 Y118.838 E.06756
G1 X158.093 Y119.081 E.04376
G1 X159.538 Y117.979 E.14659
G1 E-8 F1500
G1 Z2.44 F3000
G1 X163.46 Y113.159 F12000
G1 Z2.24 F3000
G1 E10 F1500
G1 F618.478
G1 X164.244 Y111.519 E.14663
G1 X163.463 Y111.449 E.06325
G1 X162.812 Y111.557 E.05323
G1 X162.162 Y111.869 E.05816
G1 X161.511 Y112.435 E.06959
G1 X160.861 Y113.107 E.07542
G1 X160.21 Y113.634 E.06756
G1 X159.559 Y113.96 E.05873
G1 X158.909 Y114.128 E.05416
G1 X158.258 Y114.165 E.0526
G1 X157.608 Y114.057 E.05315
G1 X156.957 Y113.744 E.05827
G1 X156.307 Y113.178 E.06953
G1 X155.656 Y112.506 E.07547
G1 X155.006 Y111.98 E.06745
G1 X154.355 Y111.654 E.05873
G1 X153.704 Y111.486 E.05423
G1 X153.054 Y111.449 E.05252
G1 X152.403 Y111.557 E.05323
G1 X151.753 Y111.869 E.05816
G1 X151.102 Y112.435 E.06959
G1 X150.452 Y113.107 E.07542
G1 X149.801 Y113.634 E.06756
G1 X149.151 Y113.96 E.05866
G1 X148.5 Y114.128 E.05423
G1 X147.849 Y114.165 E.0526
G1 X147.199 Y114.057 E.05315
G1 X146.548 Y113.744 E.05827
G1 X145.898 Y113.178 E.06953
G1 X145.247 Y112.506 E.07547
G1 X144.597 Y111.98 E.06745
G1 X143.946 Y111.654 E.05873
G1 X143.296 Y111.486 E.05416
G1 X142.645 Y111.449 E.0526
G1 X141.994 Y111.557 E.05323
G1 X141.344 Y111.869 E.05816
G1 X140.693 Y112.435 E.06959
G1 X140.043 Y113.107 E.07542
G1 X139.392 Y113.634 E.06756
G1 X138.742 Y113.96 E.05866
G1 X138.091 Y114.128 E.05423
G1 X137.441 Y114.165 E.05252
G1 X136.79 Y114.057 E.05323
G1 X136.139 Y113.744 E.05827
G1 X135.489 Y113.178 E.06953
G1 X134.838 Y112.506 E.07547
G1 X134.188 Y111.98 E.06745
G1 X133.537 Y111.654 E.05873
G1 X132.737 Y111.477 E.06609
G1 X132.201 Y109.983 E.12804
G1 X131.962 Y109.123 E.072
G1 X131.768 Y108.246 E.07245
G1 X131.552 Y106.802 E.11778
G1 X132.236 Y106.449 E.06209
G1 X132.887 Y106.281 E.05423
G1 X133.537 Y106.244 E.05252
G1 X134.188 Y106.352 E.05323
G1 X134.838 Y106.665 E.0582
G1 X135.489 Y107.231 E.06959
G1 X136.139 Y107.903 E.07542
G1 X136.79 Y108.429 E.06751
G1 X137.441 Y108.755 E.05873
G1 X138.091 Y108.923 E.05416
G1 X138.742 Y108.96 E.0526
G1 X139.392 Y108.852 E.05315
G1 X140.043 Y108.54 E.05823
G1 X140.693 Y107.973 E.06958
G1 X141.344 Y107.302 E.07541
G1 X141.994 Y106.775 E.0675
G1 X142.645 Y106.449 E.05873
G1 X143.296 Y106.281 E.05423
G1 X143.946 Y106.244 E.05252
G1 X144.597 Y106.352 E.05323
G1 X145.247 Y106.665 E.0582
G1 X145.898 Y107.231 E.06959
G1 X146.548 Y107.903 E.07542
G1 X147.199 Y108.429 E.06751
G1 X147.849 Y108.755 E.05866
G1 X148.5 Y108.923 E.05423
G1 X149.151 Y108.96 E.0526
G1 X149.801 Y108.852 E.05315
G1 X150.452 Y108.54 E.05823
G1 X151.102 Y107.973 E.06958
G1 X151.753 Y107.302 E.07541
G1 X152.403 Y106.775 E.0675
G1 X153.054 Y106.449 E.05873
G1 X153.704 Y106.281 E.05416
G1 X154.355 Y106.244 E.0526
G1 X155.006 Y106.352 E.05323
G1 X155.656 Y106.665 E.0582
G1 X156.307 Y107.231 E.06959
G1 X156.957 Y107.903 E.07542
G1 X157.608 Y108.429 E.06751
G1 X158.258 Y108.755 E.05866
G1 X158.909 Y108.923 E.05423
G1 X159.559 Y108.96 E.05252
G1 X160.21 Y108.852 E.05323
G1 X160.861 Y108.54 E.05823
G1 X161.511 Y107.973 E.06958
G1 X162.162 Y107.302 E.07541
G1 X162.812 Y106.775 E.0675
G1 X163.463 Y106.449 E.05873
G1 X164.113 Y106.281 E.05416
G1 X164.764 Y106.244 E.0526
G1 X165.485 Y106.386 E.05928
G1 X165.544 Y105.013 E.11086
G1 X165.521 Y104.108 E.07303
G1 X165.38 Y102.641 E.11888
G1 X165.164 Y101.445 E.09804
G1 X164.764 Y101.245 E.03607
G1 X164.113 Y101.077 E.05423
G1 X163.463 Y101.04 E.05252
G1 X162.812 Y101.148 E.05323
G1 X162.162 Y101.46 E.05816
G1 X161.511 Y102.027 E.06964
G1 X160.861 Y102.698 E.07536
G1 X160.21 Y103.225 E.06756
G1 X159.559 Y103.551 E.05873
G1 X158.909 Y103.719 E.05416
G1 X158.258 Y103.756 E.0526
G1 X157.608 Y103.648 E.05315
G1 X156.957 Y103.335 E.05827
G1 X156.307 Y102.769 E.06953
G1 X155.656 Y102.097 E.07547
G1 X155.006 Y101.571 E.06745
G1 X154.355 Y101.245 E.05873
G1 X153.704 Y101.077 E.05423
G1 X153.054 Y101.04 E.05252
G1 X152.403 Y101.148 E.05323
G1 X151.753 Y101.46 E.05816
G1 X151.102 Y102.027 E.06964
G1 X150.452 Y102.698 E.07536
G1 X149.801 Y103.225 E.06756
G1 X149.151 Y103.551 E.05866
G1 X148.5 Y103.719 E.05423
G1 X147.849 Y103.756 E.0526
G1 X147.199 Y103.648 E.05315
G1 X146.548 Y103.335 E.05827
G1 X145.898 Y102.769 E.06953
G1 X145.247 Y102.097 E.07547
G1 X144.597 Y101.571 E.06745
G1 X143.946 Y101.245 E.05873
G1 X143.296 Y101.077 E.05416
G1 X142.645 Y101.04 E.0526
G1 X141.994 Y101.148 E.05323
G1 X141.344 Y101.46 E.05816
G1 X140.693 Y102.027 E.06964
G1 X140.043 Y102.698 E.07536
G1 X139.392 Y103.225 E.06756
G1 X138.742 Y103.551 E.05866
G1 X138.091 Y103.719 E.05423
G1 X137.441 Y103.756 E.05252
G1 X136.79 Y103.648 E.05323
G1 X136.139 Y103.335 E.05827
G1 X135.489 Y102.769 E.06953
G1 X134.838 Y102.097 E.07547
G1 X134.188 Y101.571 E.06745
G1 X133.537 Y101.245 E.05873
G1 X132.887 Y101.077 E.05416
G1 X132.236 Y101.04 E.0526
G1 X131.914 Y101.093 E.02632
G1 X131.592 Y102.882 E.14663
;LAYER_CHANGE
;Z:2.56
;HEIGHT:0.32

G1 E-8 F1500
G1 Z2.56 F3000
;AFTER_LAYER_CHANGE
;2.56
G92 E0
_ON_LAYER_CHANGE LAYER=8
G1 Z2.76
G1 X148.508 Y85.341 F12000
G1 Z2.56 F3000
G1 E10 F1500
;TYPE:External perimeter
;WIDTH:0.675
G1 F618.478
G1 X148.665 Y85.339 E.01267
G1 X149.528 Y85.365 E.06965
G1 X150.555 Y85.445 E.0831
G1 X151.576 Y85.58 E.08308
G1 X152.589 Y85.767 E.0831
G1 X153.416 Y85.963 E.06856
G1 X154.248 Y86.197 E.06972
G1 X155.225 Y86.523 E.08308
G1 X156.183 Y86.901 E.08308
G1 X157.119 Y87.328 E.08299
G1 X158.033 Y87.803 E.08309
G1 X158.921 Y88.326 E.08313
G1 X159.494 Y88.698 E.05511
G1 X160.334 Y89.297 E.08322
G1 X161.001 Y89.824 E.06857
G1 X161.656 Y90.388 E.06972
G1 X162.404 Y91.098 E.08319
G1 X162.879 Y91.589 E.05511
G1 X163.562 Y92.361 E.08315
G1 X164.203 Y93.167 E.08307
G1 X164.801 Y94.005 E.08304
G1 X165.354 Y94.873 E.08302
G1 X165.861 Y95.769 E.08305
M73 P47 R23
G1 X166.32 Y96.69 E.08301
G1 X166.731 Y97.636 E.0832
G1 X166.976 Y98.274 E.05513
G1 X167.303 Y99.251 E.08311
G1 X167.578 Y100.243 E.08304
G1 X167.801 Y101.249 E.08312
G1 X167.945 Y102.087 E.06859
G1 X168.055 Y102.944 E.0697
G1 X168.135 Y103.971 E.0831
G1 X168.162 Y105 E.08303
G1 X168.135 Y106.03 E.08311
G1 X168.088 Y106.712 E.05514
G1 X167.971 Y107.736 E.08314
G1 X167.801 Y108.752 E.0831
G1 X167.578 Y109.757 E.08304
G1 X167.303 Y110.749 E.08304
G1 X166.977 Y111.725 E.08301
G1 X166.599 Y112.683 E.08308
G1 X166.172 Y113.621 E.08314
G1 X165.862 Y114.23 E.05512
G1 X165.354 Y115.127 E.08316
G1 X164.801 Y115.995 E.08302
G1 X164.202 Y116.834 E.08316
G1 X163.781 Y117.373 E.05517
G1 X163.112 Y118.157 E.08314
G1 X162.403 Y118.903 E.08302
G1 X161.656 Y119.613 E.08313
G1 X161.14 Y120.061 E.05512
G1 X160.333 Y120.703 E.08318
G1 X159.495 Y121.301 E.08304
G1 X158.627 Y121.854 E.08302
G1 X157.731 Y122.361 E.08305
G1 X156.81 Y122.82 E.08301
G1 X155.864 Y123.231 E.0832
G1 X155.226 Y123.476 E.05513
G1 X154.249 Y123.803 E.08311
G1 X153.257 Y124.078 E.08304
G1 X152.251 Y124.301 E.08312
G1 X151.413 Y124.445 E.06859
G1 X150.556 Y124.555 E.0697
G1 X149.529 Y124.635 E.0831
G1 X148.499 Y124.662 E.08311
G1 X147.815 Y124.65 E.05518
G1 X146.786 Y124.588 E.08316
G1 X145.764 Y124.471 E.08298
G1 X144.747 Y124.301 E.08318
G1 X144.078 Y124.159 E.05517
G1 X143.08 Y123.901 E.08315
G1 X142.099 Y123.591 E.08299
G1 X141.134 Y123.231 E.08308
G1 X140.19 Y122.82 E.08305
G1 X139.269 Y122.361 E.08301
G1 X138.373 Y121.854 E.08305
G1 X137.504 Y121.3 E.08313
G1 X136.944 Y120.908 E.05514
G1 X136.126 Y120.281 E.08314
G1 X135.343 Y119.612 E.08308
G1 X134.597 Y118.903 E.08302
G1 X133.888 Y118.157 E.08302
G1 X133.219 Y117.374 E.08308
G1 X132.592 Y116.557 E.08308
G1 X132.108 Y115.858 E.06858
G1 X131.646 Y115.127 E.06976
G1 X131.139 Y114.231 E.08305
G1 X130.68 Y113.31 E.08301
G1 X130.269 Y112.364 E.0832
G1 X130.024 Y111.726 E.05513
G1 X129.697 Y110.749 E.08311
G1 X129.422 Y109.757 E.08304
G1 X129.199 Y108.752 E.08304
G1 X129.029 Y107.736 E.0831
G1 X128.912 Y106.712 E.08314
G1 X128.865 Y106.03 E.05514
G1 X128.838 Y105 E.08311
G1 X128.865 Y103.97 E.08311
G1 X128.928 Y103.122 E.06859
G1 X129.029 Y102.264 E.06969
G1 X129.199 Y101.248 E.0831
G1 X129.422 Y100.243 E.08304
G1 X129.697 Y99.251 E.08304
G1 X129.964 Y98.443 E.06864
G1 X130.269 Y97.635 E.06967
G1 X130.68 Y96.69 E.08313
G1 X131.057 Y95.927 E.06865
G1 X131.472 Y95.169 E.06971
G1 X132.01 Y94.291 E.08306
G1 X132.593 Y93.443 E.08301
G1 X133.219 Y92.626 E.08303
G1 X133.888 Y91.843 E.08308
G1 X134.597 Y91.097 E.08302
G1 X135.344 Y90.388 E.08308
G1 X135.988 Y89.833 E.06858
G1 X136.666 Y89.297 E.06972
G1 X137.505 Y88.699 E.08311
G1 X138.373 Y88.146 E.08302
G1 X139.269 Y87.639 E.08305
G1 X140.19 Y87.18 E.08301
G1 X141.136 Y86.769 E.0832
G1 X141.774 Y86.524 E.05513
G1 X142.751 Y86.197 E.08311
G1 X143.743 Y85.922 E.08304
G1 X144.748 Y85.699 E.08304
G1 X145.764 Y85.529 E.0831
G1 X146.786 Y85.412 E.08298
G1 X147.814 Y85.35 E.08308
G1 X148.478 Y85.341 E.05357
G1 X149.078 Y85.352 F12000
G1 X148.502 Y86.01
;TYPE:Perimeter
G1 E-30 F1500
G1 Z7.5600000000000005 F300.0
G1 F12000.0
T1
G1 Z2.56 F300.0
PRIME_FIBRE
G1 E45.0 F1500
G1 F12000.0
;WIDTH:0.8
G1 F512.767
G1 X148.659 Y86.008 E.01528
G1 X149.492 Y86.033 E.08108 U0.833
G1 X150.485 Y86.111 E.09691 U1.829
G1 X151.471 Y86.241 E.09676 U2.824
G1 X152.451 Y86.422 E.09696 U3.821
G1 X153.249 Y86.611 E.07979 U4.641
G1 X154.052 Y86.836 E.08114 U5.475
G1 X154.996 Y87.152 E.09686 U6.47
G1 X155.921 Y87.517 E.09675 U7.464
G1 X156.826 Y87.929 E.09675 U8.459
G1 X157.708 Y88.388 E.09674 U9.453
G1 X158.569 Y88.895 E.09722 U10.452
G1 X159.117 Y89.251 E.06358 U11.106
G1 X159.932 Y89.832 E.09738 U12.107
G1 X160.576 Y90.34 E.07981 U12.927
G1 X161.208 Y90.884 E.08113 U13.761
G1 X161.933 Y91.573 E.09731 U14.761
G1 X162.388 Y92.043 E.06365 U15.415
G1 X163.05 Y92.791 E.09719 U16.414
G1 X163.669 Y93.57 E.09681 U17.409
G1 X164.246 Y94.379 E.09668 U18.403
G1 X164.78 Y95.218 E.09676 U19.397
G1 X165.27 Y96.083 E.09673 U20.391
G1 X165.714 Y96.973 E.09677 U21.386
G1 X166.112 Y97.889 E.09717 U22.385
G1 X166.346 Y98.5 E.06366 U23.039
G1 X166.663 Y99.447 E.09716 U24.038
G1 X166.929 Y100.405 E.09674 U25.032
G1 X167.049 Y100.947 E.05401 U25.587
G1 X167.219 Y101.812 E.08577 U26.469
G1 X167.332 Y102.569 E.07447 U27.234
G1 X167.428 Y103.51 E.09203 U28.18
G1 X167.493 Y105 E.14511 U29.671
G1 X167.467 Y105.998 E.09713 U30.67
G1 X167.422 Y106.651 E.06369 U31.324
G1 X167.308 Y107.643 E.09715 U32.323
G1 X167.144 Y108.624 E.09677 U33.317
G1 X166.929 Y109.595 E.09676 U34.312
G1 X166.663 Y110.553 E.09674 U35.306
G1 X166.348 Y111.496 E.09673 U36.3
G1 X165.983 Y112.421 E.09675 U37.295
G1 X165.569 Y113.33 E.09718 U38.293
G1 X165.272 Y113.913 E.06366 U38.948
G1 X164.78 Y114.782 E.09716 U39.946
G1 X164.246 Y115.621 E.09676 U40.941
G1 X163.666 Y116.434 E.09717 U41.94
G1 X163.263 Y116.95 E.0637 U42.594
G1 X162.615 Y117.709 E.0971 U43.592
G1 X161.93 Y118.43 E.09676 U44.587
G1 X161.206 Y119.118 E.09718 U45.586
G1 X160.712 Y119.547 E.06366 U46.24
G1 X159.93 Y120.169 E.09722 U47.239
G1 X159.121 Y120.746 E.09668 U48.233
G1 X158.282 Y121.28 E.09676 U49.227
G1 X157.417 Y121.77 E.09673 U50.221
G1 X156.527 Y122.214 E.09677 U51.216
G1 X155.611 Y122.612 E.09717 U52.215
G1 X155 Y122.846 E.06366 U52.869
G1 X154.053 Y123.163 E.09716 U53.868
G1 X153.095 Y123.429 E.09674 U54.862
G1 X152.122 Y123.645 E.09697 U55.859
G1 X151.314 Y123.783 E.07975 U56.678
G1 X150.487 Y123.889 E.08112 U57.512
G1 X149.494 Y123.967 E.09691 U58.508
G1 X148.496 Y123.993 E.09713 U59.506
G1 X147.842 Y123.982 E.06364 U60.161
G1 X146.845 Y123.921 E.09719 U61.159
G1 X145.857 Y123.808 E.09676 U62.154
G1 X144.872 Y123.644 E.09716 U63.152
G1 X144.232 Y123.508 E.06366 U63.807
G1 X143.265 Y123.258 E.09718 U64.805
G1 X142.316 Y122.959 E.09681 U65.8
G1 X141.385 Y122.61 E.09674 U66.795
G1 X140.473 Y122.214 E.09674 U67.789
G1 X139.583 Y121.77 E.09677 U68.784
G1 X138.718 Y121.28 E.09673 U69.778
G1 X137.875 Y120.744 E.0972 U70.777
G1 X137.339 Y120.369 E.06365 U71.431
G1 X136.547 Y119.761 E.09715 U72.429
G1 X135.791 Y119.115 E.09675 U73.424
G1 X135.07 Y118.43 E.09676 U74.418
G1 X134.385 Y117.709 E.09676 U75.413
G1 X133.739 Y116.953 E.09675 U76.407
G1 X133.133 Y116.163 E.09687 U77.403
G1 X132.666 Y115.488 E.07986 U78.224
G1 X132.22 Y114.784 E.08109 U79.057
G1 X131.73 Y113.917 E.0969 U80.053
G1 X131.286 Y113.027 E.09677 U81.048
G1 X130.888 Y112.111 E.09717 U82.046
G1 X130.654 Y111.5 E.06366 U82.701
G1 X130.337 Y110.553 E.09716 U83.699
G1 X130.071 Y109.595 E.09674 U84.693
G1 X129.856 Y108.624 E.09676 U85.688
G1 X129.692 Y107.643 E.09677 U86.683
G1 X129.578 Y106.651 E.09715 U87.681
G1 X129.533 Y105.998 E.06369 U88.336
G1 X129.507 Y105 E.09713 U89.334
G1 X129.533 Y104.004 E.09694 U90.33
G1 X129.594 Y103.186 E.07981 U91.151
G1 X129.691 Y102.358 E.08111 U91.984
G1 X129.856 Y101.376 E.09688 U92.98
G1 X130.071 Y100.405 E.09676 U93.975
G1 X130.337 Y99.445 E.09692 U94.971
G1 X130.594 Y98.667 E.07972 U95.79
G1 X130.889 Y97.886 E.08123 U96.625
G1 X131.287 Y96.971 E.09708 U97.623
G1 X131.65 Y96.236 E.07976 U98.442
G1 X132.05 Y95.505 E.08108 U99.276
G1 X132.571 Y94.655 E.097 U100.273
G1 X133.134 Y93.836 E.0967 U101.267
G1 X133.739 Y93.047 E.09674 U102.261
G1 X134.385 Y92.291 E.09675 U103.255
G1 X135.07 Y91.57 E.09676 U104.25
G1 X135.792 Y90.884 E.0969 U105.246
G1 X136.414 Y90.349 E.07982 U106.066
G1 X137.068 Y89.832 E.08111 U106.9
G1 X137.879 Y89.254 E.0969 U107.896
M73 P47 R22
G1 X138.718 Y88.72 E.09676 U108.89
G1 X139.583 Y88.23 E.09673 U109.884
G1 X140.473 Y87.786 E.09677 U110.879
G1 X141.389 Y87.388 E.09717 U111.878
G1 X142 Y87.153 E.06369 U112.532
G1 X142.947 Y86.837 E.09713 U113.531
G1 X143.905 Y86.571 E.09674 U114.525
G1 X144.876 Y86.356 E.09676 U115.519
G1 X145.857 Y86.192 E.09677 U116.514
G1 X146.845 Y86.079 E.09676 U117.508
G1 X147.839 Y86.018 E.09689 U118.504
G1 X148.472 Y86.01 E.06159 U119.137
G1 X148.496 Y86.741 F12000 U119.869
G1 F512.767
G1 X148.653 Y86.739 E.01528 U120.026
G1 X149.453 Y86.763 E.07787 U120.826
G1 X150.409 Y86.838 E.0933 U121.785
G1 X151.357 Y86.963 E.09304 U122.741
G1 X152.3 Y87.138 E.09332 U123.7
G1 X153.066 Y87.319 E.07658 U124.487
G1 X153.836 Y87.535 E.07781 U125.287
G1 X154.746 Y87.84 E.09338 U126.247
G1 X155.635 Y88.19 E.09296 U127.202
G1 X156.505 Y88.586 E.093 U128.158
G1 X157.353 Y89.028 E.09304 U129.115
G1 X158.184 Y89.517 E.09381 U130.079
G1 X158.706 Y89.856 E.06056 U130.701
G1 X159.493 Y90.417 E.09404 U131.668
G1 X160.11 Y90.905 E.07654 U132.454
G1 X160.717 Y91.427 E.07789 U133.255
G1 X161.418 Y92.092 E.09401 U134.221
G1 X161.851 Y92.54 E.06062 U134.844
G1 X162.489 Y93.262 E.09374 U135.808
G1 X163.084 Y94.01 E.09299 U136.763
G1 X163.64 Y94.788 E.09304 U137.72
G1 X164.153 Y95.594 E.09296 U138.675
G1 X164.624 Y96.427 E.09311 U139.632
G1 X165.051 Y97.282 E.09299 U140.588
M73 P48 R22
G1 X165.435 Y98.166 E.09377 U141.552
G1 X165.658 Y98.747 E.06055 U142.174
G1 X165.964 Y99.661 E.09378 U143.138
G1 X166.219 Y100.582 E.09298 U144.093
G1 X166.335 Y101.106 E.05222 U144.63
G1 X166.498 Y101.936 E.0823 U145.476
G1 X166.607 Y102.662 E.07143 U146.21
G1 X166.699 Y103.568 E.0886 U147.121
G1 X166.762 Y105 E.13946 U148.554
G1 X166.737 Y105.963 E.09373 U149.517
G1 X166.693 Y106.584 E.06057 U150.14
G1 X166.584 Y107.542 E.09381 U151.104
G1 X166.426 Y108.484 E.09293 U152.059
G1 X166.219 Y109.418 E.09308 U153.016
G1 X165.964 Y110.339 E.09298 U153.972
G1 X165.66 Y111.246 E.09307 U154.928
G1 X165.31 Y112.135 E.09296 U155.884
G1 X164.91 Y113.012 E.09379 U156.848
G1 X164.628 Y113.567 E.06057 U157.47
G1 X164.153 Y114.405 E.09372 U158.433
G1 X163.64 Y115.212 E.09304 U159.39
G1 X163.08 Y115.996 E.09374 U160.353
G1 X162.697 Y116.487 E.06059 U160.976
G1 X162.071 Y117.22 E.09379 U161.94
G1 X161.413 Y117.913 E.09298 U162.895
G1 X160.714 Y118.576 E.09374 U163.859
G1 X160.244 Y118.985 E.06062 U164.482
G1 X159.49 Y119.584 E.09369 U165.445
G1 X158.712 Y120.14 E.09304 U166.401
G1 X157.905 Y120.653 E.09304 U167.357
G1 X157.073 Y121.124 E.09302 U168.313
G1 X156.218 Y121.551 E.09299 U169.269
G1 X155.334 Y121.935 E.09377 U170.233
G1 X154.753 Y122.158 E.06055 U170.855
G1 X153.839 Y122.464 E.09378 U171.819
G1 X152.918 Y122.719 E.09298 U172.775
G1 X151.981 Y122.927 E.09339 U173.734
G1 X151.206 Y123.06 E.07651 U174.521
G1 X150.412 Y123.161 E.07788 U175.321
G1 X149.456 Y123.237 E.09331 U176.28
G1 X148.492 Y123.262 E.09383 U177.245
G1 X147.87 Y123.251 E.06053 U177.867
G1 X146.908 Y123.192 E.09377 U178.83
G1 X145.958 Y123.084 E.09303 U179.787
G1 X145.008 Y122.925 E.09372 U180.75
G1 X144.399 Y122.796 E.06057 U181.372
G1 X143.466 Y122.554 E.09378 U182.336
G1 X142.555 Y122.267 E.09293 U183.291
G1 X141.659 Y121.932 E.09307 U184.248
G1 X140.782 Y121.551 E.09303 U185.204
G1 X139.927 Y121.124 E.09299 U186.16
G1 X139.095 Y120.653 E.09302 U187.116
G1 X138.282 Y120.136 E.09374 U188.079
G1 X137.772 Y119.779 E.06057 U188.702
G1 X137.008 Y119.192 E.09374 U189.665
G1 X136.281 Y118.571 E.09303 U190.621
G1 X135.587 Y117.913 E.09305 U191.578
G1 X134.929 Y117.219 E.09305 U192.534
G1 X134.308 Y116.492 E.09303 U193.49
G1 X133.724 Y115.731 E.09333 U194.45
G1 X133.276 Y115.085 E.07649 U195.236
G1 X132.848 Y114.408 E.07793 U196.037
G1 X132.376 Y113.573 E.09332 U196.996
G1 X131.949 Y112.718 E.09299 U197.951
G1 X131.565 Y111.834 E.09377 U198.915
G1 X131.342 Y111.253 E.06055 U199.538
G1 X131.036 Y110.339 E.09378 U200.501
G1 X130.781 Y109.418 E.09298 U201.457
G1 X130.574 Y108.484 E.09308 U202.414
G1 X130.416 Y107.542 E.09293 U203.369
G1 X130.307 Y106.584 E.09381 U204.333
G1 X130.263 Y105.963 E.06057 U204.956
G1 X130.238 Y105 E.09373 U205.919
G1 X130.263 Y104.041 E.09334 U206.878
G1 X130.322 Y103.256 E.07659 U207.666
G1 X130.415 Y102.461 E.07788 U208.466
G1 X130.574 Y101.515 E.09333 U209.425
G1 X130.781 Y100.582 E.09298 U210.381
G1 X131.037 Y99.658 E.09329 U211.34
G1 X131.284 Y98.911 E.07655 U212.126
G1 X131.567 Y98.162 E.0779 U212.927
G1 X131.95 Y97.279 E.09365 U213.89
G1 X132.299 Y96.574 E.07654 U214.676
G1 X132.683 Y95.872 E.07785 U215.476
G1 X133.184 Y95.054 E.09333 U216.436
G1 X133.726 Y94.266 E.09305 U217.392
G1 X134.308 Y93.508 E.09298 U218.348
G1 X134.929 Y92.781 E.09303 U219.304
G1 X135.587 Y92.087 E.09305 U220.26
G1 X136.283 Y91.427 E.09332 U221.219
G1 X136.879 Y90.913 E.07657 U222.006
G1 X137.507 Y90.417 E.07786 U222.807
G1 X138.288 Y89.86 E.09333 U223.766
G1 X139.094 Y89.347 E.09296 U224.721
G1 X139.927 Y88.876 E.09311 U225.678
G1 X140.782 Y88.449 E.09299 U226.634
G1 X141.666 Y88.065 E.09377 U227.598
G1 X142.247 Y87.842 E.06055 U228.22
G1 X143.161 Y87.536 E.09378 U229.184
G1 X144.082 Y87.281 E.09298 U230.14
G1 X145.016 Y87.074 E.09308 U231.096
G1 X145.958 Y86.916 E.09293 U232.051
G1 X146.908 Y86.808 E.09303 U233.008
G1 X147.866 Y86.749 E.09339 U233.967
G1 X148.466 Y86.742 E.05838 U234.567
G1 X148.49 Y87.473 F12000 U235.299
G1 F512.767
G1 X148.646 Y87.471 E.01518 U235.455
G1 X149.413 Y87.494 E.07466 U236.222
G1 X150.332 Y87.566 E.08969 U237.144
G1 X151.242 Y87.686 E.08931 U238.062
G1 X152.149 Y87.854 E.08975 U238.984
G1 X152.883 Y88.027 E.07337 U239.738
G1 X153.621 Y88.235 E.0746 U240.505
G1 X154.496 Y88.527 E.08975 U241.428
G1 X155.35 Y88.863 E.08929 U242.345
G1 X156.185 Y89.244 E.0893 U243.263
G1 X156.999 Y89.668 E.0893 U244.181
G1 X157.799 Y90.139 E.09033 U245.109
G1 X158.294 Y90.461 E.05745 U245.7
G1 X159.054 Y91.002 E.09077 U246.633
G1 X159.645 Y91.469 E.07329 U247.386
G1 X160.227 Y91.97 E.07472 U248.154
G1 X160.904 Y92.612 E.09078 U249.087
G1 X161.314 Y93.036 E.05739 U249.677
G1 X161.929 Y93.732 E.09037 U250.605
G1 X162.5 Y94.45 E.08926 U251.523
G1 X163.033 Y95.197 E.08928 U252.441
G1 X163.526 Y95.971 E.08929 U253.358
G1 X163.978 Y96.77 E.08932 U254.276
G1 X164.388 Y97.591 E.08929 U255.194
G1 X164.758 Y98.443 E.09038 U256.123
G1 X164.97 Y98.994 E.05744 U256.713
G1 X165.264 Y99.875 E.09036 U257.642
G1 X165.509 Y100.759 E.08925 U258.559
G1 X165.621 Y101.264 E.05033 U259.076
G1 X165.777 Y102.059 E.07883 U259.887
G1 X165.881 Y102.755 E.06847 U260.59
G1 X165.97 Y103.625 E.08509 U261.465
G1 X166.03 Y105 E.13391 U262.841
G1 X166.006 Y105.928 E.09032 U263.77
G1 X165.965 Y106.517 E.05745 U264.36
G1 X165.86 Y107.44 E.09038 U265.289
G1 X165.708 Y108.345 E.08929 U266.207
G1 X165.509 Y109.241 E.0893 U267.124
G1 X165.264 Y110.125 E.08925 U268.042
G1 X164.973 Y110.996 E.08935 U268.96
G1 X164.637 Y111.85 E.08929 U269.878
G1 X164.252 Y112.695 E.09035 U270.806
G1 X163.984 Y113.221 E.05744 U271.397
G1 X163.526 Y114.029 E.09037 U272.325
G1 X163.033 Y114.803 E.08929 U273.243
G1 X162.494 Y115.559 E.09034 U274.172
G1 X162.13 Y116.024 E.05746 U274.762
G1 X161.527 Y116.73 E.09034 U275.691
G1 X160.896 Y117.396 E.08926 U276.608
G1 X160.222 Y118.035 E.09036 U277.537
G1 X159.777 Y118.422 E.05738 U278.127
G1 X159.05 Y119 E.09037 U279.055
G1 X158.303 Y119.533 E.08928 U279.973
G1 X157.529 Y120.026 E.08929 U280.891
G1 X156.73 Y120.478 E.08932 U281.809
G1 X155.909 Y120.888 E.08929 U282.726
G1 X155.057 Y121.258 E.09038 U283.655
G1 X154.506 Y121.47 E.05744 U284.246
G1 X153.625 Y121.764 E.09036 U285.174
G1 X152.741 Y122.009 E.08925 U286.092
G1 X151.841 Y122.209 E.0897 U287.014
G1 X151.098 Y122.336 E.07334 U287.767
G1 X150.336 Y122.434 E.07475 U288.536
G1 X149.417 Y122.506 E.08969 U289.457
G1 X148.489 Y122.53 E.09032 U290.386
G1 X147.899 Y122.52 E.05741 U290.976
G1 X146.972 Y122.463 E.09036 U291.905
G1 X146.06 Y122.36 E.0893 U292.822
G1 X145.144 Y122.206 E.09037 U293.751
G1 X144.567 Y122.084 E.05738 U294.341
G1 X143.668 Y121.851 E.09036 U295.27
CUT
G1 X142.793 Y121.575 E.08927
G1 X141.933 Y121.254 E.08931
G1 X141.091 Y120.888 E.08933
G1 X140.27 Y120.478 E.08929
G1 X139.471 Y120.026 E.08932
G1 X138.688 Y119.527 E.09034
G1 X138.205 Y119.189 E.05736
G1 X137.468 Y118.624 E.09035
G1 X136.77 Y118.027 E.08936
G1 X136.104 Y117.396 E.08926
G1 X135.473 Y116.73 E.08926
G1 X134.876 Y116.032 E.08936
G1 X134.315 Y115.3 E.08973
G1 X133.886 Y114.681 E.07328
G1 X133.476 Y114.032 E.07469
G1 X133.022 Y113.23 E.08967
G1 X132.612 Y112.409 E.08929
G1 X132.242 Y111.557 E.09038
G1 X132.03 Y111.006 E.05744
G1 X131.736 Y110.125 E.09036
G1 X131.491 Y109.241 E.08925
G1 X131.292 Y108.345 E.0893
G1 X131.14 Y107.44 E.08929
G1 X131.035 Y106.517 E.09038
G1 X130.994 Y105.928 E.05745
G1 X130.97 Y105 E.09032
G1 X130.994 Y104.078 E.08974
G1 X131.05 Y103.326 E.07337
G1 X131.14 Y102.564 E.07465
G1 X131.292 Y101.655 E.08967
G1 X131.491 Y100.759 E.0893
G1 X131.737 Y99.87 E.08975
G1 X131.974 Y99.155 E.07329
G1 X132.245 Y98.437 E.07467
G1 X132.614 Y97.587 E.09016
G1 X132.948 Y96.911 E.07336
G1 X133.316 Y96.238 E.07463
G1 X133.798 Y95.452 E.08971
G1 X134.318 Y94.696 E.08928
G1 X134.876 Y93.968 E.08924
G1 X135.473 Y93.27 E.08936
G1 X136.104 Y92.604 E.08926
G1 X136.773 Y91.969 E.08974
G1 X137.345 Y91.478 E.07335
G1 X137.947 Y91.002 E.07467
G1 X138.697 Y90.467 E.08964
G1 X139.471 Y89.974 E.08929
G1 X140.27 Y89.522 E.08932
G1 X141.091 Y89.112 E.08929
G1 X141.943 Y88.742 E.09038
G1 X142.494 Y88.53 E.05744
G1 X143.375 Y88.236 E.09036
G1 X144.259 Y87.991 E.08925
G1 X145.155 Y87.792 E.0893
G1 X146.06 Y87.64 E.08929
G1 X146.972 Y87.537 E.0893
G1 X147.893 Y87.48 E.08978
G1 X148.46 Y87.473 E.05517
G1 E-8 F1500
G1 Z2.76 F3000
G1 X145.947 Y88.152 F12000
G1 Z2.56 F3000
G1 E10 F1500
;TYPE:Internal infill
G1 E-30 F1500
G1 Z7.5600000000000005 F300.0
G1 F12000.0
T0
G1 Z2.56 F300.0
G1 E32.0 F1500
G1 F12000.0
;WIDTH:0.675
G1 F618.478
G1 X147.756 Y87.976 E.14661
G1 X148.5 Y88.086 E.06067
G1 X149.326 Y87.977 E.06721
G1 X151.135 Y88.162 E.14669
G1 E-8 F1500
G1 Z2.76 F3000
G1 X159.071 Y91.635 F12000
G1 Z2.56 F3000
G1 E10 F1500
G1 F618.478
M73 P49 R22
G1 X160.435 Y92.837 E.14665
G1 X160.21 Y92.984 E.02168
G1 X159.559 Y93.213 E.05567
G1 X158.909 Y93.29 E.0528
G1 X158.258 Y93.237 E.05269
G1 X157.608 Y93.033 E.05495
G1 X156.957 Y92.631 E.06172
G1 X155.656 Y91.42 E.14338
G1 X155.006 Y90.993 E.06273
G1 X154.355 Y90.765 E.05564
G1 X153.704 Y90.687 E.05289
G1 X153.054 Y90.741 E.05261
G1 X152.403 Y90.945 E.05503
G1 X151.753 Y91.347 E.06165
G1 X150.452 Y92.558 E.14338
G1 X149.801 Y92.984 E.06276
G1 X149.151 Y93.213 E.05559
G1 X148.5 Y93.29 E.05288
G1 X147.849 Y93.237 E.05269
G1 X147.199 Y93.033 E.05495
G1 X146.548 Y92.631 E.06172
G1 X145.247 Y91.42 E.14338
G1 X144.597 Y90.993 E.06273
G1 X143.946 Y90.765 E.05564
G1 X143.296 Y90.687 E.05281
G1 X142.645 Y90.741 E.05269
G1 X141.994 Y90.945 E.05503
G1 X141.344 Y91.347 E.06165
G1 X140.043 Y92.558 E.14338
G1 X139.392 Y92.984 E.06276
G1 X138.742 Y93.213 E.05559
G1 X138.091 Y93.29 E.05288
G1 X137.441 Y93.237 E.05261
G1 X136.79 Y93.033 E.05503
G1 X136.529 Y92.872 E.02474
G1 X135.254 Y94.274 E.15287
G1 X133.981 Y96.084 E.1785
G1 X134.188 Y96.149 E.0175
G1 X134.838 Y96.551 E.06165
G1 X136.139 Y97.763 E.14343
G1 X136.79 Y98.189 E.06276
G1 X137.441 Y98.417 E.05564
G1 X138.091 Y98.495 E.05281
G1 X138.742 Y98.441 E.05269
G1 X139.392 Y98.238 E.05493
G1 X140.043 Y97.835 E.06176
G1 X141.344 Y96.624 E.14338
G1 X141.994 Y96.198 E.06269
G1 X142.645 Y95.969 E.05567
G1 X143.296 Y95.892 E.05288
G1 X143.946 Y95.946 E.05261
G1 X144.597 Y96.149 E.05501
G1 X145.247 Y96.551 E.06165
G1 X146.548 Y97.763 E.14343
G1 X147.199 Y98.189 E.06276
G1 X147.849 Y98.417 E.05557
G1 X148.5 Y98.495 E.05289
G1 X149.151 Y98.441 E.05269
G1 X149.801 Y98.238 E.05493
G1 X150.452 Y97.835 E.06176
G1 X151.753 Y96.624 E.14338
G1 X152.403 Y96.198 E.06269
G1 X153.054 Y95.969 E.05567
G1 X153.704 Y95.892 E.0528
G1 X154.355 Y95.946 E.05269
G1 X155.006 Y96.149 E.05501
G1 X155.656 Y96.551 E.06165
G1 X156.957 Y97.763 E.14343
G1 X157.608 Y98.189 E.06276
G1 X158.258 Y98.417 E.05557
G1 X158.909 Y98.495 E.05289
G1 X159.559 Y98.441 E.05261
G1 X160.21 Y98.238 E.05501
G1 X160.861 Y97.835 E.06176
G1 X162.162 Y96.624 E.14338
G1 X162.812 Y96.198 E.06269
G1 X163.043 Y96.117 E.01975
G1 X163.907 Y97.716 E.14661
G1 E-8 F1500
G1 Z2.76 F3000
G1 X164.644 Y99.552 F12000
G1 Z2.56 F3000
G1 E10 F1500
G1 F618.478
G1 X165.132 Y101.303 E.14663
G1 X164.764 Y101.174 E.03146
G1 X164.113 Y101.096 E.05289
G1 X163.463 Y101.15 E.05261
G1 X162.812 Y101.354 E.05503
G1 X162.162 Y101.756 E.06165
G1 X160.861 Y102.967 E.14338
G1 X160.21 Y103.393 E.06276
G1 X159.559 Y103.622 E.05567
G1 X158.909 Y103.699 E.0528
G1 X158.258 Y103.646 E.05269
G1 X157.608 Y103.442 E.05495
G1 X156.957 Y103.04 E.06172
G1 X155.656 Y101.829 E.14338
G1 X155.006 Y101.402 E.06273
G1 X154.355 Y101.174 E.05564
G1 X153.704 Y101.096 E.05289
G1 X153.054 Y101.15 E.05261
G1 X152.403 Y101.354 E.05503
G1 X151.753 Y101.756 E.06165
G1 X150.452 Y102.967 E.14338
G1 X149.801 Y103.393 E.06276
G1 X149.151 Y103.622 E.05559
G1 X148.5 Y103.699 E.05288
G1 X147.849 Y103.646 E.05269
G1 X147.199 Y103.442 E.05495
G1 X146.548 Y103.04 E.06172
G1 X145.247 Y101.829 E.14338
G1 X144.597 Y101.402 E.06273
G1 X143.946 Y101.174 E.05564
G1 X143.296 Y101.096 E.05281
G1 X142.645 Y101.15 E.05269
G1 X141.994 Y101.354 E.05503
G1 X141.344 Y101.756 E.06165
G1 X140.043 Y102.967 E.14338
G1 X139.392 Y103.393 E.06276
G1 X138.742 Y103.622 E.05559
G1 X138.091 Y103.699 E.05288
G1 X137.441 Y103.646 E.05261
G1 X136.79 Y103.442 E.05503
G1 X136.139 Y103.04 E.06172
G1 X134.838 Y101.829 E.14338
G1 X134.188 Y101.402 E.06273
G1 X133.537 Y101.174 E.05564
G1 X132.887 Y101.096 E.05281
G1 X132.236 Y101.15 E.05269
G1 X131.877 Y101.262 E.03034
G1 X132.367 Y99.512 E.1466
G1 E-8 F1500
G1 Z2.76 F3000
G1 X140.593 Y120.096 F12000
G1 Z2.56 F3000
G1 E10 F1500
G1 F618.478
G1 X139.03 Y119.169 E.14659
G1 X139.392 Y119.055 E.03061
G1 X140.043 Y118.653 E.06172
G1 X141.344 Y117.442 E.14338
G1 X141.994 Y117.016 E.06269
G1 X142.645 Y116.787 E.05567
G1 X143.296 Y116.71 E.05288
G1 X143.946 Y116.763 E.05261
G1 X144.597 Y116.967 E.05503
G1 X145.247 Y117.369 E.06165
G1 X146.548 Y118.58 E.14338
G1 X147.199 Y119.007 E.0628
G1 X147.849 Y119.235 E.05557
G1 X148.5 Y119.313 E.05289
G1 X149.151 Y119.259 E.05269
G1 X149.801 Y119.055 E.05495
G1 X150.452 Y118.653 E.06172
G1 X151.753 Y117.442 E.14338
G1 X152.403 Y117.016 E.06269
G1 X153.054 Y116.787 E.05567
G1 X153.704 Y116.71 E.0528
G1 X154.355 Y116.763 E.05269
G1 X155.006 Y116.967 E.05503
G1 X155.656 Y117.369 E.06165
G1 X156.957 Y118.58 E.14338
G1 X157.608 Y119.007 E.0628
G1 X158.005 Y119.146 E.03393
G1 X156.444 Y120.078 E.14666
G1 E-8 F1500
G1 Z2.76 F3000
G1 X164.848 Y109.806 F12000
G1 Z2.56 F3000
G1 E10 F1500
G1 F618.478
G1 X164.244 Y111.521 E.14667
G1 X163.463 Y111.559 E.06307
G1 X162.812 Y111.762 E.05501
G1 X162.162 Y112.165 E.06169
G1 X160.861 Y113.376 E.14338
G1 X160.21 Y113.802 E.06276
G1 X159.559 Y114.031 E.05567
G1 X158.909 Y114.108 E.0528
G1 X158.258 Y114.054 E.05269
G1 X157.608 Y113.851 E.05493
G1 X156.957 Y113.449 E.06172
G1 X155.656 Y112.237 E.14343
G1 X155.006 Y111.811 E.06269
G1 X154.355 Y111.583 E.05564
G1 X153.704 Y111.505 E.05289
G1 X153.054 Y111.559 E.05261
G1 X152.403 Y111.762 E.05501
G1 X151.753 Y112.165 E.06169
G1 X150.452 Y113.376 E.14338
G1 X149.801 Y113.802 E.06276
G1 X149.151 Y114.031 E.05559
G1 X148.5 Y114.108 E.05288
G1 X147.849 Y114.054 E.05269
G1 X147.199 Y113.851 E.05493
G1 X146.548 Y113.449 E.06172
G1 X145.247 Y112.237 E.14343
G1 X144.597 Y111.811 E.06269
G1 X143.946 Y111.583 E.05564
G1 X143.296 Y111.505 E.05281
G1 X142.645 Y111.559 E.05269
G1 X141.994 Y111.762 E.05501
G1 X141.344 Y112.165 E.06169
G1 X140.043 Y113.376 E.14338
G1 X139.392 Y113.802 E.06276
G1 X138.742 Y114.031 E.05559
G1 X138.091 Y114.108 E.05288
G1 X137.441 Y114.054 E.05261
G1 X136.79 Y113.851 E.05501
G1 X136.139 Y113.449 E.06172
G1 X134.838 Y112.237 E.14343
G1 X134.188 Y111.811 E.06269
G1 X133.537 Y111.583 E.05564
G1 X132.754 Y111.516 E.06339
G1 X132.15 Y109.802 E.1466
G1 E-8 F1500
G1 Z2.76 F3000
G1 X131.81 Y108.435 F12000
G1 Z2.56 F3000
G1 E10 F1500
G1 F618.478
G1 X131.538 Y106.638 E.14661
G1 X132.236 Y106.378 E.06008
G1 X132.887 Y106.301 E.05288
G1 X133.537 Y106.354 E.05261
G1 X134.188 Y106.558 E.05503
G1 X134.838 Y106.96 E.06165
G1 X136.139 Y108.171 E.14338
G1 X136.79 Y108.598 E.0628
G1 X137.441 Y108.826 E.05564
G1 X138.091 Y108.904 E.05281
G1 X138.742 Y108.85 E.05269
G1 X139.392 Y108.646 E.05495
G1 X140.043 Y108.244 E.06172
G1 X141.344 Y107.033 E.14338
G1 X141.994 Y106.607 E.06269
G1 X142.645 Y106.378 E.05567
G1 X143.296 Y106.301 E.05288
G1 X143.946 Y106.354 E.05261
G1 X144.597 Y106.558 E.05503
G1 X145.247 Y106.96 E.06165
G1 X146.548 Y108.171 E.14338
G1 X147.199 Y108.598 E.0628
G1 X147.849 Y108.826 E.05557
G1 X148.5 Y108.904 E.05289
G1 X149.151 Y108.85 E.05269
G1 X149.801 Y108.646 E.05495
G1 X150.452 Y108.244 E.06172
G1 X151.753 Y107.033 E.14338
G1 X152.403 Y106.607 E.06269
G1 X153.054 Y106.378 E.05567
G1 X153.704 Y106.301 E.0528
G1 X154.355 Y106.354 E.05269
G1 X155.006 Y106.558 E.05503
G1 X155.656 Y106.96 E.06165
G1 X156.957 Y108.171 E.14338
G1 X157.608 Y108.598 E.0628
G1 X158.258 Y108.826 E.05557
G1 X158.909 Y108.904 E.05289
G1 X159.559 Y108.85 E.05261
G1 X160.21 Y108.646 E.05503
G1 X160.861 Y108.244 E.06172
G1 X162.162 Y107.033 E.14338
G1 X162.812 Y106.607 E.06269
G1 X163.463 Y106.378 E.05567
G1 X164.113 Y106.301 E.0528
G1 X164.764 Y106.354 E.05269
G1 X165.467 Y106.591 E.05984
G1 X165.201 Y108.389 E.14662
;LAYER_CHANGE
;Z:2.88
;HEIGHT:0.32

G1 E-8 F1500
G1 Z2.88 F3000
;AFTER_LAYER_CHANGE
;2.88
G92 E0
_ON_LAYER_CHANGE LAYER=9
G1 Z3.08
G1 X148.508 Y85.341 F12000
G1 Z2.88 F3000
G1 E10 F1500
;TYPE:External perimeter
;WIDTH:0.675
G1 F618.478
M73 P50 R22
G1 X148.687 Y85.339 E.01444
G1 X149.528 Y85.365 E.06787
G1 X150.555 Y85.445 E.0831
G1 X151.576 Y85.58 E.08308
G1 X152.589 Y85.768 E.08311
G1 X153.255 Y85.921 E.05512
G1 X154.249 Y86.197 E.08322
G1 X155.225 Y86.523 E.08301
G1 X156.183 Y86.901 E.08308
G1 X157.12 Y87.328 E.08306
G1 X157.895 Y87.728 E.07035
G1 X158.626 Y88.146 E.06793
G1 X159.495 Y88.699 E.08309
G1 X160.333 Y89.297 E.08304
G1 X161.139 Y89.938 E.08307
G1 X161.91 Y90.62 E.08303
G1 X162.644 Y91.341 E.083
G1 X163.34 Y92.101 E.08313
G1 X163.78 Y92.625 E.05519
G1 X164.407 Y93.443 E.08314
G1 X164.99 Y94.291 E.08301
G1 X165.528 Y95.169 E.08306
G1 X165.947 Y95.935 E.07043
G1 X166.32 Y96.69 E.06793
G1 X166.731 Y97.636 E.0832
G1 X166.976 Y98.274 E.05513
G1 X167.303 Y99.251 E.08311
G1 X167.578 Y100.243 E.08304
G1 X167.801 Y101.248 E.08304
G1 X167.971 Y102.264 E.0831
G1 X168.088 Y103.286 E.08298
G1 X168.15 Y104.314 E.08308
G1 X168.159 Y105.343 E.08301
G1 X168.114 Y106.372 E.08308
G1 X168.016 Y107.398 E.08314
M73 P50 R21
G1 X167.921 Y108.074 E.05507
G1 X167.732 Y109.09 E.08336
G1 X167.579 Y109.755 E.05504
G1 X167.303 Y110.749 E.08322
G1 X166.977 Y111.725 E.08301
G1 X166.599 Y112.684 E.08315
G1 X166.321 Y113.308 E.05511
G1 X165.861 Y114.231 E.08319
G1 X165.354 Y115.127 E.08305
G1 X164.801 Y115.995 E.08302
G1 X164.203 Y116.833 E.08304
G1 X163.562 Y117.639 E.08307
G1 X162.88 Y118.41 E.08303
G1 X162.158 Y119.145 E.08311
G1 X161.658 Y119.611 E.05513
G1 X160.874 Y120.281 E.08319
G1 X160.057 Y120.907 E.08303
G1 X159.209 Y121.49 E.08301
G1 X158.33 Y122.029 E.08317
G1 X157.732 Y122.36 E.05513
G1 X156.81 Y122.82 E.08312
G1 X155.864 Y123.231 E.0832
G1 X155.226 Y123.476 E.05513
G1 X154.249 Y123.803 E.08311
G1 X153.257 Y124.078 E.08304
G1 X152.252 Y124.301 E.08304
G1 X151.236 Y124.471 E.0831
G1 X150.214 Y124.588 E.08298
G1 X149.186 Y124.65 E.08308
G1 X148.156 Y124.659 E.08309
G1 X147.284 Y124.624 E.0704
G1 X146.445 Y124.555 E.06791
G1 X145.424 Y124.42 E.08308
G1 X144.412 Y124.233 E.08302
G1 X143.41 Y123.992 E.08313
G1 X142.753 Y123.804 E.05512
G1 X141.775 Y123.477 E.08318
G1 X140.817 Y123.099 E.08308
G1 X139.879 Y122.672 E.08314
G1 X139.27 Y122.362 E.05512
G1 X138.373 Y121.854 E.08316
G1 X137.505 Y121.301 E.08302
G1 X136.667 Y120.703 E.08304
G1 X135.861 Y120.062 E.08307
G1 X135.09 Y119.38 E.08303
G1 X134.355 Y118.658 E.08311
G1 X133.889 Y118.158 E.05513
G1 X133.219 Y117.374 E.08319
G1 X132.593 Y116.557 E.08303
G1 X132.009 Y115.708 E.08312
G1 X131.647 Y115.128 E.05515
G1 X131.139 Y114.231 E.08316
G1 X130.68 Y113.31 E.08301
G1 X130.269 Y112.366 E.08305
G1 X129.909 Y111.401 E.08308
G1 X129.644 Y110.57 E.07036
G1 X129.422 Y109.757 E.06798
G1 X129.199 Y108.752 E.08304
G1 X129.029 Y107.736 E.0831
G1 X128.912 Y106.714 E.08298
G1 X128.85 Y105.686 E.08308
G1 X128.841 Y104.657 E.08301
G1 X128.886 Y103.628 E.08308
G1 X128.966 Y102.759 E.0704
G1 X129.08 Y101.925 E.0679
G1 X129.267 Y100.912 E.0831
G1 X129.508 Y99.911 E.08305
G1 X129.8 Y98.924 E.08303
G1 X130.144 Y97.953 E.0831
G1 X130.475 Y97.146 E.07036
G1 X130.827 Y96.381 E.06793
G1 X131.303 Y95.468 E.08306
G1 X131.825 Y94.581 E.08302
G1 X132.394 Y93.721 E.08318
G1 X132.796 Y93.168 E.05515
G1 X133.438 Y92.361 E.08318
G1 X134.12 Y91.59 E.08303
G1 X134.842 Y90.856 E.08305
G1 X135.483 Y90.264 E.07039
G1 X136.126 Y89.72 E.06794
G1 X136.943 Y89.093 E.08308
G1 X137.792 Y88.509 E.08312
G1 X138.534 Y88.051 E.07034
G1 X139.268 Y87.639 E.0679
G1 X140.19 Y87.18 E.08308
G1 X141.136 Y86.769 E.0832
G1 X141.774 Y86.524 E.05513
G1 X142.751 Y86.197 E.08311
G1 X143.743 Y85.922 E.08304
G1 X144.748 Y85.699 E.08304
G1 X145.764 Y85.529 E.0831
G1 X146.786 Y85.412 E.08298
G1 X147.814 Y85.35 E.08308
G1 X148.478 Y85.342 E.05357
G1 X149.078 Y85.351 F12000
G1 X148.502 Y86.01
;TYPE:Perimeter
G1 E-30 F1500
G1 Z7.88 F300.0
G1 F12000.0
T1
G1 Z2.88 F300.0
PRIME_FIBRE
G1 E45.0 F1500
G1 F12000.0
;WIDTH:0.8
G1 F512.767
G1 X148.681 Y86.008 E.01742
G1 X149.492 Y86.033 E.07894 U0.811
G1 X150.485 Y86.111 E.09691 U1.807
G1 X151.471 Y86.241 E.09676 U2.802
G1 X152.453 Y86.423 E.09717 U3.801
G1 X153.091 Y86.57 E.0637 U4.455
G1 X154.053 Y86.837 E.09714 U5.454
G1 X154.996 Y87.152 E.09673 U6.448
G1 X155.921 Y87.517 E.09675 U7.442
G1 X156.828 Y87.93 E.09697 U8.439
G1 X157.576 Y88.316 E.0819 U9.281
G1 X158.281 Y88.718 E.07896 U10.092
G1 X159.121 Y89.254 E.09695 U11.089
G1 X159.93 Y89.831 E.09668 U12.082
G1 X160.709 Y90.45 E.09681 U13.077
G1 X161.453 Y91.109 E.0967 U14.071
G1 X162.163 Y91.806 E.0968 U15.066
G1 X162.837 Y92.542 E.0971 U16.064
G1 X163.258 Y93.044 E.06375 U16.719
G1 X163.866 Y93.836 E.09715 U17.718
G1 X164.429 Y94.655 E.0967 U18.712
G1 X164.95 Y95.505 E.097 U19.709
G1 X165.354 Y96.243 E.08186 U20.55
G1 X165.713 Y96.971 E.07898 U21.362
G1 X166.112 Y97.889 E.09739 U22.363
G1 X166.506 Y98.975 E.1124 U23.518
G1 X166.796 Y99.926 E.09674 U24.512
G1 X167.037 Y100.89 E.09668 U25.506
G1 X167.226 Y101.866 E.09673 U26.5
G1 X167.365 Y102.851 E.09679 U27.495
G1 X167.451 Y103.841 E.09669 U28.488
G1 X167.49 Y105.331 E.14502 U29.979
G1 X167.447 Y106.325 E.0968 U30.974
G1 X167.351 Y107.319 E.09716 U31.973
G1 X167.26 Y107.967 E.06367 U32.627
G1 X167.077 Y108.953 E.09757 U33.63
G1 X166.93 Y109.591 E.0637 U34.284
G1 X166.663 Y110.553 E.09714 U35.283
G1 X166.348 Y111.496 E.09673 U36.277
G1 X165.982 Y112.425 E.09715 U37.276
G1 X165.716 Y113.023 E.06368 U37.93
G1 X165.27 Y113.917 E.09721 U38.929
G1 X164.78 Y114.782 E.09673 U39.923
G1 X164.246 Y115.621 E.09676 U40.918
G1 X163.669 Y116.43 E.09668 U41.911
G1 X163.05 Y117.209 E.09681 U42.906
G1 X162.391 Y117.953 E.0967 U43.9
G1 X161.691 Y118.666 E.09722 U44.9
G1 X161.212 Y119.112 E.06368 U45.554
G1 X160.453 Y119.761 E.09716 U46.553
G1 X159.664 Y120.366 E.09674 U47.547
G1 X158.845 Y120.929 E.0967 U48.541
G1 X157.993 Y121.451 E.09722 U49.54
G1 X157.421 Y121.768 E.06363 U50.194
G1 X156.527 Y122.214 E.09721 U51.193
G1 X155.611 Y122.612 E.09717 U52.192
G1 X155 Y122.846 E.06366 U52.846
G1 X154.053 Y123.163 E.09716 U53.845
G1 X153.095 Y123.429 E.09674 U54.839
G1 X152.124 Y123.644 E.09676 U55.833
G1 X151.143 Y123.808 E.09677 U56.828
G1 X150.155 Y123.921 E.09676 U57.822
G1 X149.163 Y123.982 E.0967 U58.816
G1 X148.167 Y123.99 E.09691 U59.812
G1 X147.326 Y123.956 E.08189 U60.654
G1 X146.517 Y123.89 E.07897 U61.466
G1 X145.529 Y123.759 E.09697 U62.462
G1 X144.551 Y123.578 E.09677 U63.457
G1 X143.58 Y123.345 E.09716 U64.456
G1 X142.951 Y123.165 E.06366 U65.11
G1 X142.004 Y122.848 E.09716 U66.108
G1 X141.079 Y122.483 E.09675 U67.103
G1 X140.17 Y122.069 E.09718 U68.102
G1 X139.587 Y121.772 E.06366 U68.756
G1 X138.718 Y121.28 E.09716 U69.755
G1 X137.879 Y120.746 E.09676 U70.749
G1 X137.07 Y120.169 E.09668 U71.743
G1 X136.291 Y119.55 E.09681 U72.738
G1 X135.547 Y118.891 E.0967 U73.732
G1 X134.834 Y118.191 E.09722 U74.731
G1 X134.388 Y117.712 E.06368 U75.385
G1 X133.739 Y116.953 E.09716 U76.384
G1 X133.134 Y116.164 E.09674 U77.378
G1 X132.568 Y115.341 E.09718 U78.377
G1 X132.222 Y114.786 E.06363 U79.031
G1 X131.73 Y113.917 E.09716 U80.03
G1 X131.286 Y113.027 E.09677 U81.024
G1 X130.89 Y112.115 E.09674 U82.019
G1 X130.541 Y111.182 E.09692 U83.015
G1 X130.285 Y110.38 E.08191 U83.857
G1 X130.071 Y109.597 E.07898 U84.668
G1 X129.856 Y108.624 E.09695 U85.665
G1 X129.692 Y107.643 E.09677 U86.659
G1 X129.579 Y106.655 E.09676 U87.654
G1 X129.518 Y105.663 E.0967 U88.648
G1 X129.51 Y104.669 E.09672 U89.642
G1 X129.553 Y103.674 E.0969 U90.638
G1 X129.631 Y102.835 E.08198 U91.48
G1 X129.74 Y102.031 E.07894 U92.292
G1 X129.922 Y101.051 E.09698 U93.288
G1 X130.154 Y100.084 E.09676 U94.283
G1 X130.436 Y99.131 E.0967 U95.277
G1 X130.769 Y98.192 E.09694 U96.273
G1 X131.089 Y97.413 E.08194 U97.115
G1 X131.428 Y96.676 E.07893 U97.926
G1 X131.888 Y95.792 E.09696 U98.923
G1 X132.393 Y94.935 E.09678 U99.918
G1 X132.944 Y94.102 E.09717 U100.916
G1 X133.329 Y93.573 E.06366 U101.571
G1 X133.95 Y92.791 E.09716 U102.569
G1 X134.609 Y92.047 E.0967 U103.563
G1 X135.307 Y91.336 E.09694 U104.559
G1 X135.926 Y90.765 E.08194 U105.402
G1 X136.546 Y90.241 E.07898 U106.213
G1 X137.336 Y89.634 E.09693 U107.21
G1 X138.157 Y89.07 E.09691 U108.206
G1 X138.873 Y88.628 E.08187 U109.047
G1 X139.581 Y88.231 E.07898 U109.859
G1 X140.473 Y87.786 E.09699 U110.856
G1 X141.389 Y87.388 E.09717 U111.854
G1 X142 Y87.153 E.06369 U112.509
G1 X142.947 Y86.837 E.09713 U113.507
G1 X143.905 Y86.571 E.09674 U114.502
G1 X144.876 Y86.356 E.09676 U115.496
G1 X145.857 Y86.192 E.09677 U116.491
G1 X146.845 Y86.079 E.09676 U117.485
G1 X147.839 Y86.018 E.09689 U118.481
G1 X148.472 Y86.011 E.06159 U119.114
G1 X148.496 Y86.742 F12000 U119.846
G1 F512.767
G1 X148.674 Y86.74 E.01732 U120.024
G1 X149.452 Y86.763 E.07573 U120.802
G1 X150.409 Y86.838 E.0934 U121.762
G1 X151.357 Y86.963 E.09304 U122.718
M73 P51 R21
G1 X152.304 Y87.139 E.09372 U123.681
G1 X152.911 Y87.279 E.06061 U124.304
G1 X153.839 Y87.536 E.09369 U125.267
G1 X154.746 Y87.84 E.09307 U126.224
G1 X155.635 Y88.19 E.09296 U127.179
G1 X156.508 Y88.588 E.09335 U128.139
G1 X157.226 Y88.959 E.07863 U128.947
G1 X157.903 Y89.345 E.07582 U129.726
G1 X158.712 Y89.86 E.09331 U130.685
G1 X159.49 Y90.416 E.09304 U131.641
G1 X160.238 Y91.011 E.09299 U132.597
G1 X160.954 Y91.644 E.09299 U133.553
G1 X161.636 Y92.314 E.09302 U134.509
G1 X162.287 Y93.025 E.09379 U135.473
G1 X162.687 Y93.502 E.06057 U136.095
G1 X163.274 Y94.266 E.09374 U137.059
G1 X163.816 Y95.054 E.09305 U138.015
G1 X164.317 Y95.871 E.09325 U138.974
G1 X164.705 Y96.581 E.07872 U139.783
G1 X165.049 Y97.279 E.07571 U140.561
G1 X165.311 Y97.881 E.06388 U141.217
G1 X165.547 Y98.456 E.06047 U141.839
G1 X165.812 Y99.207 E.07748 U142.635
G1 X166.092 Y100.121 E.09301 U143.591
G1 X166.323 Y101.049 E.09305 U144.548
G1 X166.505 Y101.987 E.09297 U145.503
G1 X166.638 Y102.933 E.09295 U146.458
G1 X166.721 Y103.886 E.09307 U147.415
G1 X166.759 Y105.319 E.13947 U148.848
G1 X166.717 Y106.274 E.09301 U149.804
G1 X166.625 Y107.233 E.09374 U150.768
G1 X166.538 Y107.849 E.06053 U151.39
G1 X166.361 Y108.804 E.0945 U152.361
G1 X166.221 Y109.411 E.06061 U152.984
G1 X165.964 Y110.339 E.09369 U153.947
G1 X165.66 Y111.246 E.09307 U154.904
G1 X165.307 Y112.142 E.0937 U155.867
G1 X165.054 Y112.711 E.06059 U156.489
G1 X164.624 Y113.573 E.09373 U157.453
G1 X164.153 Y114.406 E.09311 U158.41
G1 X163.64 Y115.212 E.09296 U159.365
G1 X163.084 Y115.99 E.09304 U160.321
G1 X162.489 Y116.738 E.09299 U161.277
G1 X161.856 Y117.454 E.09299 U162.233
G1 X161.18 Y118.142 E.09385 U163.197
G1 X160.725 Y118.566 E.06051 U163.819
G1 X159.992 Y119.192 E.09379 U164.783
G1 X159.234 Y119.774 E.09298 U165.739
G1 X158.446 Y120.316 E.09305 U166.695
G1 X157.624 Y120.819 E.09376 U167.659
G1 X157.08 Y121.121 E.06054 U168.281
G1 X156.218 Y121.551 E.09373 U169.244
G1 X155.334 Y121.935 E.09377 U170.208
G1 X154.753 Y122.158 E.06055 U170.831
G1 X153.839 Y122.464 E.09378 U171.794
G1 X152.918 Y122.719 E.09298 U172.75
G1 X151.985 Y122.926 E.09298 U173.706
G1 X151.042 Y123.084 E.09303 U174.662
G1 X150.092 Y123.192 E.09303 U175.618
G1 X149.137 Y123.251 E.09309 U176.575
G1 X148.179 Y123.259 E.09321 U177.533
G1 X147.371 Y123.226 E.07868 U178.342
G1 X146.594 Y123.162 E.07586 U179.121
G1 X145.643 Y123.037 E.09332 U180.08
G1 X144.703 Y122.863 E.09301 U181.036
G1 X143.766 Y122.638 E.09376 U182.0
G1 X143.168 Y122.466 E.06054 U182.622
G1 X142.254 Y122.16 E.09378 U183.586
G1 X141.365 Y121.81 E.09296 U184.541
G1 X140.488 Y121.41 E.09379 U185.505
G1 X139.933 Y121.128 E.06057 U186.128
G1 X139.094 Y120.653 E.09381 U187.092
G1 X138.288 Y120.14 E.09296 U188.047
G1 X137.51 Y119.584 E.09304 U189.004
G1 X136.762 Y118.989 E.09299 U189.96
G1 X136.046 Y118.356 E.09299 U190.915
G1 X135.358 Y117.68 E.09385 U191.88
G1 X134.934 Y117.225 E.06051 U192.502
G1 X134.308 Y116.492 E.09379 U193.466
G1 X133.726 Y115.734 E.09298 U194.421
G1 X133.18 Y114.94 E.09376 U195.385
G1 X132.85 Y114.412 E.06058 U196.008
G1 X132.376 Y113.573 E.09376 U196.971
G1 X131.949 Y112.718 E.09299 U197.927
G1 X131.568 Y111.841 E.09303 U198.883
G1 X131.232 Y110.943 E.09329 U199.842
G1 X130.987 Y110.172 E.07871 U200.651
G1 X130.781 Y109.421 E.07577 U201.43
G1 X130.574 Y108.485 E.09327 U202.388
G1 X130.416 Y107.542 E.09303 U203.344
G1 X130.308 Y106.592 E.09303 U204.3
G1 X130.249 Y105.637 E.09309 U205.257
G1 X130.241 Y104.681 E.09302 U206.213
G1 X130.283 Y103.723 E.0933 U207.172
G1 X130.358 Y102.918 E.07866 U207.981
G1 X130.462 Y102.147 E.07569 U208.759
G1 X130.637 Y101.203 E.09341 U209.719
G1 X130.861 Y100.273 E.09307 U210.675
G1 X131.132 Y99.357 E.09294 U211.631
G1 X131.452 Y98.453 E.0933 U212.59
G1 X131.759 Y97.705 E.07867 U213.398
G1 X132.085 Y96.998 E.07575 U214.177
G1 X132.528 Y96.147 E.09335 U215.136
G1 X133.013 Y95.323 E.09303 U216.092
G1 X133.545 Y94.519 E.0938 U217.056
G1 X133.911 Y94.016 E.06052 U217.678
G1 X134.511 Y93.262 E.09375 U218.642
G1 X135.144 Y92.546 E.09299 U219.598
G1 X135.816 Y91.862 E.09329 U220.557
G1 X136.411 Y91.313 E.07877 U221.366
G1 X137.005 Y90.81 E.07573 U222.144
G1 X137.766 Y90.226 E.09333 U223.104
G1 X138.556 Y89.683 E.09327 U224.062
G1 X139.244 Y89.258 E.07868 U224.871
G1 X139.924 Y88.877 E.07584 U225.65
G1 X140.782 Y88.449 E.09329 U226.609
G1 X141.666 Y88.065 E.09377 U227.573
G1 X142.247 Y87.842 E.06055 U228.195
G1 X143.161 Y87.536 E.09378 U229.159
G1 X144.082 Y87.281 E.09298 U230.115
G1 X145.015 Y87.074 E.09298 U231.071
G1 X145.958 Y86.916 E.09303 U232.027
G1 X146.908 Y86.808 E.09303 U232.983
G1 X147.865 Y86.749 E.09329 U233.942
G1 X148.466 Y86.742 E.05848 U234.543
G1 X148.49 Y87.473 F12000 U235.274
G1 F512.767
G1 X148.667 Y87.471 E.01722 U235.451
G1 X149.413 Y87.493 E.07261 U236.197
G1 X150.332 Y87.566 E.0897 U237.119
G1 X151.242 Y87.686 E.08931 U238.037
G1 X152.155 Y87.855 E.09034 U238.966
G1 X152.731 Y87.988 E.05752 U239.557
G1 X153.625 Y88.236 E.09027 U240.485
G1 X154.496 Y88.527 E.08935 U241.403
G1 X155.35 Y88.863 E.08929 U242.321
G1 X156.188 Y89.246 E.08965 U243.242
G1 X156.877 Y89.601 E.07541 U244.017
G1 X157.525 Y89.971 E.0726 U244.763
G1 X158.303 Y90.467 E.08977 U245.686
G1 X159.05 Y91 E.08928 U246.604
G1 X159.768 Y91.571 E.08926 U247.521
G1 X160.456 Y92.179 E.08933 U248.439
G1 X161.11 Y92.823 E.0893 U249.357
G1 X161.737 Y93.507 E.09028 U250.285
G1 X162.117 Y93.959 E.05745 U250.875
G1 X162.682 Y94.696 E.09035 U251.804
G1 X163.202 Y95.452 E.08928 U252.722
G1 X163.684 Y96.238 E.08971 U253.644
G1 X164.056 Y96.918 E.07541 U254.419
G1 X164.386 Y97.587 E.07258 U255.165
G1 X164.64 Y98.172 E.06205 U255.803
G1 X164.864 Y98.719 E.05751 U256.394
G1 X165.119 Y99.44 E.07441 U257.158
G1 X165.387 Y100.317 E.08922 U258.075
G1 X165.609 Y101.207 E.08925 U258.993
G1 X165.784 Y102.108 E.0893 U259.911
G1 X165.912 Y103.016 E.08922 U260.828
G1 X165.991 Y103.93 E.08926 U261.745
G1 X166.028 Y105.306 E.13393 U263.121
G1 X165.987 Y106.223 E.08931 U264.039
G1 X165.898 Y107.147 E.09032 U264.968
G1 X165.816 Y107.732 E.05747 U265.558
G1 X165.645 Y108.655 E.09133 U266.497
G1 X165.512 Y109.231 E.05752 U267.088
G1 X165.264 Y110.125 E.09027 U268.016
G1 X164.973 Y110.996 E.08935 U268.934
G1 X164.633 Y111.86 E.09034 U269.863
G1 X164.393 Y112.399 E.05741 U270.453
G1 X163.978 Y113.23 E.09037 U271.382
G1 X163.526 Y114.029 E.08932 U272.3
G1 X163.033 Y114.803 E.08929 U273.217
G1 X162.5 Y115.55 E.08928 U274.135
G1 X161.929 Y116.268 E.08926 U275.052
G1 X161.321 Y116.956 E.08933 U275.97
G1 X160.67 Y117.618 E.09034 U276.899
G1 X160.238 Y118.02 E.05742 U277.489
G1 X159.532 Y118.624 E.0904 U278.418
G1 X158.804 Y119.182 E.08924 U279.335
G1 X158.048 Y119.702 E.08928 U280.253
G1 X157.256 Y120.187 E.09036 U281.182
G1 X156.74 Y120.473 E.0574 U281.772
G1 X155.909 Y120.888 E.09037 U282.701
G1 X155.057 Y121.258 E.09038 U283.629
G1 X154.506 Y121.47 E.05744 U284.22
G1 X153.625 Y121.764 E.09036 U285.149
G1 X152.741 Y122.009 E.08925 U286.066
G1 X151.845 Y122.208 E.0893 U286.984
G1 X150.94 Y122.36 E.08929 U287.901
G1 X150.028 Y122.463 E.0893 U288.819
G1 X149.112 Y122.519 E.08929 U289.737
G1 X148.19 Y122.528 E.08971 U290.659
G1 X147.415 Y122.496 E.07547 U291.435
G1 X146.672 Y122.435 E.07253 U292.18
G1 X145.758 Y122.314 E.0897 U293.102
G1 X144.855 Y122.147 E.08935 U294.02
G1 X143.952 Y121.93 E.09036 U294.949
CUT
G1 X143.385 Y121.768 E.05737
G1 X142.504 Y121.473 E.0904
G1 X141.65 Y121.137 E.08929
G1 X140.805 Y120.752 E.09035
G1 X140.279 Y120.484 E.05744
G1 X139.471 Y120.026 E.09037
G1 X138.697 Y119.533 E.08929
G1 X137.95 Y119 E.08928
G1 X137.232 Y118.429 E.08926
G1 X136.544 Y117.821 E.08933
G1 X135.882 Y117.17 E.09034
G1 X135.48 Y116.738 E.05742
G1 X134.876 Y116.032 E.0904
G1 X134.318 Y115.304 E.08924
G1 X133.792 Y114.539 E.09033
G1 X133.479 Y114.038 E.05748
G1 X133.022 Y113.23 E.09032
G1 X132.612 Y112.409 E.08929
G1 X132.246 Y111.567 E.08933
G1 X131.924 Y110.704 E.08962
G1 X131.688 Y109.965 E.07548
G1 X131.492 Y109.246 E.07251
G1 X131.292 Y108.345 E.0898
G1 X131.14 Y107.44 E.08929
G1 X131.037 Y106.528 E.0893
G1 X130.981 Y105.612 E.08929
G1 X130.972 Y104.694 E.08932
G1 X131.013 Y103.773 E.0897
G1 X131.085 Y103.001 E.07544
G1 X131.185 Y102.262 E.07256
G1 X131.353 Y101.355 E.08975
G1 X131.567 Y100.463 E.08925
G1 X131.828 Y99.583 E.08931
G1 X132.135 Y98.714 E.08967
G1 X132.43 Y97.997 E.07544
G1 X132.742 Y97.32 E.07253
G1 X133.168 Y96.501 E.08982
G1 X133.634 Y95.71 E.08932
G1 X134.146 Y94.936 E.09029
G1 X134.493 Y94.459 E.05739
G1 X135.071 Y93.732 E.09037
G1 X135.679 Y93.044 E.08933
G1 X136.325 Y92.387 E.08965
G1 X136.895 Y91.861 E.07546
G1 X137.464 Y91.379 E.07255
G1 X138.196 Y90.818 E.08973
G1 X138.956 Y90.296 E.08971
G1 X139.615 Y89.889 E.07536
G1 X140.266 Y89.524 E.07262
G1 X141.091 Y89.112 E.08972
G1 X141.943 Y88.742 E.09038
G1 X142.494 Y88.53 E.05744
G1 X143.375 Y88.236 E.09036
G1 X144.259 Y87.991 E.08925
G1 X145.155 Y87.792 E.0893
G1 X146.06 Y87.64 E.08929
G1 X146.972 Y87.537 E.0893
G1 X147.892 Y87.48 E.08968
G1 X148.46 Y87.474 E.05527
G1 E-8 F1500
G1 Z3.08 F3000
M73 P52 R21
G1 X150.888 Y88.129 F12000
G1 Z2.88 F3000
G1 E10 F1500
;TYPE:Internal infill
G1 E-30 F1500
G1 Z7.88 F300.0
G1 F12000.0
T0
G1 Z2.88 F300.0
G1 E32.0 F1500
G1 F12000.0
;WIDTH:0.675
G1 F618.478
G1 X149.077 Y87.97 E.14665
G1 X148.5 Y88.097 E.04766
G1 X147.849 Y88.11 E.05252
G1 X147.323 Y88.002 E.04332
G1 X147.015 Y88.021 E.02489
G1 X145.519 Y88.224 E.12178
G1 E-8 F1500
G1 Z3.08 F3000
G1 X138.025 Y91.562 F12000
G1 Z2.88 F3000
G1 E10 F1500
G1 F618.478
G1 X136.649 Y92.751 E.14669
G1 X137.441 Y93.158 E.07183
G1 X138.091 Y93.302 E.0537
G1 X138.742 Y93.314 E.05252
G1 X139.392 Y93.181 E.05352
G1 X140.043 Y92.845 E.0591
G1 X141.344 Y91.618 E.14426
G1 X141.994 Y91.12 E.06605
G1 X142.645 Y90.82 E.05782
G1 X143.296 Y90.676 E.05378
G1 X143.946 Y90.663 E.05244
G1 X144.597 Y90.797 E.05361
G1 X145.247 Y91.133 E.05902
G1 X146.548 Y92.36 E.14426
G1 X147.199 Y92.858 E.06612
G1 X147.849 Y93.158 E.05775
G1 X148.5 Y93.302 E.05378
G1 X149.151 Y93.314 E.05252
G1 X149.801 Y93.181 E.05352
G1 X150.452 Y92.845 E.0591
G1 X151.753 Y91.618 E.14426
G1 X152.403 Y91.12 E.06605
G1 X153.054 Y90.82 E.05782
G1 X153.704 Y90.676 E.0537
G1 X154.355 Y90.663 E.05252
G1 X155.006 Y90.797 E.05361
G1 X155.656 Y91.133 E.05902
G1 X156.957 Y92.36 E.14426
G1 X157.608 Y92.858 E.06612
G1 X158.258 Y93.158 E.05775
G1 X158.909 Y93.302 E.05378
G1 X159.559 Y93.314 E.05244
G1 X160.21 Y93.181 E.0536
G1 X160.584 Y92.987 E.03399
G1 X161.738 Y94.264 E.13884
G1 X162.951 Y95.973 E.16905
G1 X162.162 Y96.338 E.07013
G1 X160.861 Y97.564 E.1442
G1 X160.21 Y98.063 E.06617
G1 X159.559 Y98.362 E.05779
G1 X158.909 Y98.506 E.0537
G1 X158.258 Y98.519 E.05252
G1 X157.608 Y98.385 E.05354
G1 X156.957 Y98.049 E.0591
G1 X155.656 Y96.822 E.14426
G1 X155.006 Y96.324 E.06605
G1 X154.355 Y96.024 E.05782
G1 X153.704 Y95.88 E.05378
G1 X153.054 Y95.868 E.05244
G1 X152.403 Y96.001 E.0536
G1 X151.753 Y96.338 E.05906
G1 X150.452 Y97.564 E.1442
G1 X149.801 Y98.063 E.06617
G1 X149.151 Y98.362 E.05771
G1 X148.5 Y98.506 E.05378
G1 X147.849 Y98.519 E.05252
G1 X147.199 Y98.385 E.05354
G1 X146.548 Y98.049 E.0591
G1 X145.247 Y96.822 E.14426
G1 X144.597 Y96.324 E.06605
G1 X143.946 Y96.024 E.05782
G1 X143.296 Y95.88 E.0537
G1 X142.645 Y95.868 E.05252
G1 X141.994 Y96.001 E.0536
G1 X141.344 Y96.338 E.05906
G1 X140.043 Y97.564 E.1442
G1 X139.392 Y98.063 E.06617
G1 X138.742 Y98.362 E.05771
G1 X138.091 Y98.506 E.05378
G1 X137.441 Y98.519 E.05244
G1 X136.79 Y98.385 E.05361
G1 X136.139 Y98.049 E.0591
G1 X134.838 Y96.822 E.14426
G1 X134.188 Y96.324 E.06605
G1 X133.911 Y96.197 E.02458
G1 X133.055 Y97.8 E.14659
G1 E-8 F1500
G1 Z3.08 F3000
G1 X156.272 Y120.164 F12000
G1 Z2.88 F3000
G1 E10 F1500
G1 F618.478
G1 X157.845 Y119.252 E.14667
G1 X157.608 Y119.203 E.01952
G1 X156.957 Y118.867 E.0591
G1 X155.656 Y117.64 E.14426
M73 P52 R20
G1 X155.006 Y117.142 E.06605
G1 X154.355 Y116.842 E.05782
G1 X153.704 Y116.698 E.05378
G1 X153.054 Y116.686 E.05244
G1 X152.403 Y116.819 E.0536
G1 X151.753 Y117.155 E.05902
G1 X150.452 Y118.382 E.14426
G1 X149.801 Y118.88 E.06612
G1 X149.151 Y119.18 E.05775
G1 X148.5 Y119.324 E.05378
G1 X147.849 Y119.337 E.05252
G1 X147.199 Y119.203 E.05354
G1 X146.548 Y118.867 E.0591
G1 X145.247 Y117.64 E.14426
G1 X144.597 Y117.142 E.06605
G1 X143.946 Y116.842 E.05782
G1 X143.296 Y116.698 E.0537
G1 X142.645 Y116.686 E.05252
G1 X141.994 Y116.819 E.0536
G1 X141.344 Y117.155 E.05902
G1 X140.043 Y118.382 E.14426
G1 X139.392 Y118.88 E.06612
G1 X138.922 Y119.097 E.04176
G1 X137.476 Y117.996 E.14661
G1 E-8 F1500
G1 Z3.08 F3000
G1 X133.542 Y113.162 F12000
G1 Z2.88 F3000
G1 E10 F1500
G1 F618.478
G1 X132.757 Y111.523 E.14659
G1 X133.537 Y111.481 E.06301
G1 X134.188 Y111.615 E.05361
G1 X134.838 Y111.951 E.05902
G1 X136.139 Y113.178 E.14426
G1 X136.79 Y113.676 E.06612
G1 X137.441 Y113.976 E.05782
G1 X138.091 Y114.12 E.0537
G1 X138.742 Y114.132 E.05252
G1 X139.392 Y113.999 E.05352
G1 X140.043 Y113.662 E.05913
G1 X141.344 Y112.436 E.1442
G1 X141.994 Y111.937 E.0661
G1 X142.645 Y111.638 E.05779
G1 X143.296 Y111.494 E.05378
G1 X143.946 Y111.481 E.05244
G1 X144.597 Y111.615 E.05361
G1 X145.247 Y111.951 E.05902
G1 X146.548 Y113.178 E.14426
G1 X147.199 Y113.676 E.06612
G1 X147.849 Y113.976 E.05775
G1 X148.5 Y114.12 E.05378
G1 X149.151 Y114.132 E.05252
G1 X149.801 Y113.999 E.05352
G1 X150.452 Y113.662 E.05913
G1 X151.753 Y112.436 E.1442
G1 X152.403 Y111.937 E.0661
G1 X153.054 Y111.638 E.05779
G1 X153.704 Y111.494 E.0537
G1 X154.355 Y111.481 E.05252
G1 X155.006 Y111.615 E.05361
G1 X155.656 Y111.951 E.05902
G1 X156.957 Y113.178 E.14426
G1 X157.608 Y113.676 E.06612
G1 X158.258 Y113.976 E.05775
G1 X158.909 Y114.12 E.05378
G1 X159.559 Y114.132 E.05244
G1 X160.21 Y113.999 E.0536
G1 X160.861 Y113.662 E.05913
G1 X162.162 Y112.436 E.1442
G1 X162.812 Y111.937 E.0661
G1 X163.463 Y111.638 E.05779
G1 X164.255 Y111.491 E.06498
G1 X164.799 Y109.983 E.12932
G1 X165.041 Y109.111 E.073
G1 X165.337 Y107.654 E.11993
G1 X165.448 Y106.758 E.07283
G1 X164.764 Y106.433 E.06109
G1 X164.113 Y106.289 E.05378
G1 X163.463 Y106.277 E.05244
G1 X162.812 Y106.41 E.0536
G1 X162.162 Y106.747 E.05906
G1 X160.861 Y107.973 E.1442
G1 X160.21 Y108.472 E.06617
G1 X159.559 Y108.771 E.05779
G1 X158.909 Y108.915 E.0537
G1 X158.258 Y108.928 E.05252
G1 X157.608 Y108.794 E.05354
G1 X156.957 Y108.458 E.0591
G1 X155.656 Y107.231 E.14426
G1 X155.006 Y106.733 E.06605
G1 X154.355 Y106.433 E.05782
G1 X153.704 Y106.289 E.05378
G1 X153.054 Y106.277 E.05244
G1 X152.403 Y106.41 E.0536
G1 X151.753 Y106.747 E.05906
G1 X150.452 Y107.973 E.1442
G1 X149.801 Y108.472 E.06617
G1 X149.151 Y108.771 E.05771
G1 X148.5 Y108.915 E.05378
G1 X147.849 Y108.928 E.05252
G1 X147.199 Y108.794 E.05354
G1 X146.548 Y108.458 E.0591
G1 X145.247 Y107.231 E.14426
G1 X144.597 Y106.733 E.06605
G1 X143.946 Y106.433 E.05782
G1 X143.296 Y106.289 E.0537
G1 X142.645 Y106.277 E.05252
G1 X141.994 Y106.41 E.0536
G1 X141.344 Y106.747 E.05906
G1 X140.043 Y107.973 E.1442
G1 X139.392 Y108.472 E.06617
G1 X138.742 Y108.771 E.05771
G1 X138.091 Y108.915 E.05378
G1 X137.441 Y108.928 E.05244
G1 X136.79 Y108.794 E.05361
G1 X136.139 Y108.458 E.0591
G1 X134.838 Y107.231 E.14426
G1 X134.188 Y106.733 E.06605
G1 X133.537 Y106.433 E.05782
G1 X132.887 Y106.289 E.0537
G1 X132.236 Y106.277 E.05252
G1 X131.518 Y106.445 E.05948
G1 X131.462 Y104.628 E.14664
G1 E-8 F1500
G1 Z3.08 F3000
G1 X131.554 Y103.207 F12000
G1 Z2.88 F3000
G1 E10 F1500
G1 F618.478
G1 X131.839 Y101.412 E.14661
G1 X132.236 Y101.229 E.03526
G1 X132.887 Y101.085 E.05378
G1 X133.537 Y101.072 E.05244
G1 X134.188 Y101.206 E.05361
G1 X134.838 Y101.542 E.05902
G1 X136.139 Y102.769 E.14426
G1 X136.79 Y103.267 E.06612
G1 X137.441 Y103.567 E.05782
G1 X138.091 Y103.711 E.0537
G1 X138.742 Y103.723 E.05252
G1 X139.392 Y103.59 E.05352
G1 X140.043 Y103.253 E.05913
G1 X141.344 Y102.027 E.1442
G1 X141.994 Y101.528 E.0661
G1 X142.645 Y101.229 E.05779
G1 X143.296 Y101.085 E.05378
G1 X143.946 Y101.072 E.05244
G1 X144.597 Y101.206 E.05361
G1 X145.247 Y101.542 E.05902
G1 X146.548 Y102.769 E.14426
G1 X147.199 Y103.267 E.06612
G1 X147.849 Y103.567 E.05775
G1 X148.5 Y103.711 E.05378
G1 X149.151 Y103.723 E.05252
G1 X149.801 Y103.59 E.05352
G1 X150.452 Y103.253 E.05913
G1 X151.753 Y102.027 E.1442
G1 X152.403 Y101.528 E.0661
G1 X153.054 Y101.229 E.05779
G1 X153.704 Y101.085 E.0537
G1 X154.355 Y101.072 E.05252
G1 X155.006 Y101.206 E.05361
G1 X155.656 Y101.542 E.05902
G1 X156.957 Y102.769 E.14426
G1 X157.608 Y103.267 E.06612
G1 X158.258 Y103.567 E.05775
G1 X158.909 Y103.711 E.05378
G1 X159.559 Y103.723 E.05244
G1 X160.21 Y103.59 E.0536
G1 X160.861 Y103.253 E.05913
G1 X162.162 Y102.027 E.1442
G1 X162.812 Y101.528 E.0661
G1 X163.463 Y101.229 E.05779
G1 X164.113 Y101.085 E.0537
G1 X164.764 Y101.072 E.05252
M73 P53 R20
G1 X165.096 Y101.14 E.02734
G1 X165.413 Y102.93 E.14664
;LAYER_CHANGE
;Z:3.2
;HEIGHT:0.32

G1 E-8 F1500
G1 Z3.2 F3000
;AFTER_LAYER_CHANGE
;3.2
G92 E0
_ON_LAYER_CHANGE LAYER=10
G1 Z3.4
G1 X148.508 Y85.342 F12000
G1 Z3.2 F3000
G1 E10 F1500
;TYPE:External perimeter
;WIDTH:0.675
G1 F618.478
G1 X148.709 Y85.339 E.01622
G1 X149.528 Y85.365 E.0661
G1 X150.555 Y85.445 E.0831
G1 X151.576 Y85.58 E.08308
G1 X152.589 Y85.768 E.08311
G1 X153.255 Y85.921 E.05512
G1 X154.249 Y86.197 E.08322
G1 X155.225 Y86.523 E.08301
G1 X156.183 Y86.901 E.08308
G1 X157.12 Y87.328 E.08306
G1 X157.915 Y87.739 E.07219
G1 X158.626 Y88.146 E.06609
G1 X159.495 Y88.699 E.08309
G1 X160.333 Y89.297 E.08304
G1 X161.139 Y89.938 E.08307
G1 X161.91 Y90.62 E.08303
G1 X162.645 Y91.342 E.08311
G1 X163.111 Y91.842 E.05513
G1 X163.781 Y92.626 E.08319
G1 X164.407 Y93.443 E.08303
G1 X164.991 Y94.292 E.08312
G1 X165.353 Y94.872 E.05515
G1 X165.861 Y95.769 E.08316
G1 X166.32 Y96.69 E.08301
G1 X166.731 Y97.636 E.0832
G1 X166.976 Y98.274 E.05513
G1 X167.303 Y99.251 E.08311
G1 X167.578 Y100.243 E.08304
G1 X167.801 Y101.248 E.08304
G1 X167.971 Y102.264 E.0831
G1 X168.088 Y103.286 E.08298
G1 X168.15 Y104.314 E.08308
G1 X168.159 Y105.343 E.08301
G1 X168.114 Y106.372 E.08308
G1 X168.016 Y107.398 E.08314
G1 X167.921 Y108.074 E.05507
G1 X167.732 Y109.09 E.08336
G1 X167.579 Y109.755 E.05504
G1 X167.303 Y110.749 E.08322
G1 X166.977 Y111.725 E.08301
G1 X166.599 Y112.684 E.08315
G1 X166.321 Y113.308 E.05511
G1 X165.861 Y114.231 E.08319
G1 X165.354 Y115.127 E.08305
G1 X164.801 Y115.995 E.08302
G1 X164.203 Y116.833 E.08304
G1 X163.562 Y117.639 E.08307
G1 X162.88 Y118.41 E.08303
G1 X162.158 Y119.145 E.08311
G1 X161.658 Y119.611 E.05513
G1 X160.874 Y120.281 E.08319
G1 X160.057 Y120.907 E.08303
G1 X159.209 Y121.49 E.08301
G1 X158.33 Y122.029 E.08317
G1 X157.732 Y122.36 E.05513
G1 X156.81 Y122.82 E.08312
G1 X155.864 Y123.231 E.0832
G1 X155.226 Y123.476 E.05513
G1 X154.249 Y123.803 E.08311
G1 X153.257 Y124.078 E.08304
G1 X152.252 Y124.301 E.08304
G1 X151.236 Y124.471 E.0831
G1 X150.214 Y124.588 E.08298
G1 X149.186 Y124.65 E.08308
G1 X148.157 Y124.659 E.08301
G1 X147.127 Y124.614 E.08317
G1 X146.446 Y124.555 E.05514
G1 X145.424 Y124.42 E.08316
G1 X144.411 Y124.232 E.08311
G1 X143.745 Y124.079 E.05512
G1 X142.751 Y123.803 E.08322
G1 X141.775 Y123.477 E.08301
G1 X140.817 Y123.099 E.08308
G1 X139.879 Y122.672 E.08314
G1 X139.27 Y122.362 E.05512
G1 X138.373 Y121.854 E.08316
G1 X137.505 Y121.301 E.08302
G1 X136.667 Y120.703 E.08304
G1 X135.861 Y120.062 E.08307
G1 X135.09 Y119.38 E.08303
G1 X134.355 Y118.658 E.08311
G1 X133.889 Y118.158 E.05513
G1 X133.219 Y117.374 E.08319
G1 X132.593 Y116.557 E.08303
G1 X132.009 Y115.708 E.08312
G1 X131.647 Y115.128 E.05515
G1 X131.139 Y114.231 E.08316
G1 X130.68 Y113.31 E.08301
G1 X130.269 Y112.366 E.08305
G1 X129.909 Y111.401 E.08308
G1 X129.599 Y110.42 E.08299
G1 X129.341 Y109.423 E.08307
G1 X129.161 Y108.546 E.07222
G1 X129.029 Y107.737 E.06612
G1 X128.912 Y106.714 E.08306
G1 X128.85 Y105.686 E.08308
G1 X128.841 Y104.657 E.08301
G1 X128.886 Y103.628 E.08308
G1 X128.969 Y102.737 E.07218
G1 X129.08 Y101.925 E.06611
G1 X129.267 Y100.912 E.0831
G1 X129.508 Y99.911 E.08305
G1 X129.8 Y98.924 E.08303
G1 X130.144 Y97.953 E.0831
G1 X130.484 Y97.126 E.07213
G1 X130.827 Y96.381 E.06616
G1 X131.303 Y95.468 E.08306
G1 X131.825 Y94.581 E.08302
G1 X132.394 Y93.722 E.08312
G1 X133.006 Y92.894 E.08306
G1 X133.573 Y92.202 E.07217
G1 X134.119 Y91.591 E.0661
G1 X134.842 Y90.856 E.08317
G1 X135.5 Y90.249 E.07221
G1 X136.125 Y89.72 E.06605
G1 X136.943 Y89.093 E.08314
G1 X137.791 Y88.509 E.08306
G1 X138.553 Y88.04 E.07218
G1 X139.268 Y87.639 E.06613
G1 X140.19 Y87.18 E.08308
G1 X141.134 Y86.769 E.08305
G1 X142.098 Y86.409 E.08301
G1 X143.081 Y86.099 E.08314
G1 X143.946 Y85.873 E.07212
G1 X144.747 Y85.699 E.06612
G1 X145.764 Y85.529 E.08318
G1 X146.786 Y85.412 E.08298
G1 X147.814 Y85.35 E.08308
G1 X148.478 Y85.342 E.05357
G1 X149.078 Y85.351 F12000
G1 X148.502 Y86.011
;TYPE:Perimeter
G1 E-30 F1500
G1 Z8.2 F300.0
G1 F12000.0
T1
G1 Z3.2 F300.0
PRIME_FIBRE
G1 E45.0 F1500
G1 F12000.0
;WIDTH:0.8
G1 F512.767
G1 X148.703 Y86.008 E.01956
G1 X149.492 Y86.033 E.07681 U0.789
G1 X150.485 Y86.111 E.09691 U1.785
G1 X151.471 Y86.241 E.09676 U2.78
G1 X152.453 Y86.423 E.09717 U3.779
G1 X153.091 Y86.57 E.0637 U4.433
G1 X154.053 Y86.837 E.09714 U5.432
G1 X154.996 Y87.152 E.09673 U6.426
G1 X155.921 Y87.517 E.09675 U7.42
G1 X156.827 Y87.929 E.09684 U8.416
G1 X157.595 Y88.326 E.08412 U9.28
G1 X158.28 Y88.718 E.07679 U10.069
G1 X159.121 Y89.254 E.09703 U11.067
G1 X159.93 Y89.831 E.09668 U12.06
G1 X160.709 Y90.45 E.09681 U13.055
G1 X161.453 Y91.109 E.0967 U14.049
G1 X162.166 Y91.809 E.09722 U15.049
G1 X162.612 Y92.288 E.06368 U15.703
G1 X163.261 Y93.047 E.09716 U16.702
G1 X163.866 Y93.836 E.09674 U17.696
G1 X164.432 Y94.659 E.09718 U18.695
G1 X164.778 Y95.214 E.06363 U19.349
G1 X165.27 Y96.083 E.09716 U20.347
G1 X165.714 Y96.973 E.09677 U21.342
G1 X166.112 Y97.889 E.09717 U22.341
G1 X166.506 Y98.975 E.1124 U23.496
G1 X166.796 Y99.926 E.09674 U24.49
G1 X167.037 Y100.89 E.09668 U25.484
G1 X167.226 Y101.866 E.09673 U26.478
G1 X167.365 Y102.851 E.09679 U27.473
G1 X167.451 Y103.841 E.09669 U28.466
G1 X167.49 Y105.331 E.14502 U29.957
G1 X167.447 Y106.325 E.0968 U30.952
G1 X167.351 Y107.319 E.09716 U31.951
G1 X167.26 Y107.967 E.06367 U32.605
G1 X167.077 Y108.953 E.09757 U33.608
G1 X166.93 Y109.591 E.0637 U34.262
G1 X166.663 Y110.553 E.09714 U35.261
G1 X166.348 Y111.496 E.09673 U36.255
G1 X165.982 Y112.425 E.09715 U37.254
G1 X165.716 Y113.023 E.06368 U37.908
G1 X165.27 Y113.917 E.09721 U38.907
G1 X164.78 Y114.782 E.09673 U39.901
G1 X164.246 Y115.621 E.09676 U40.896
G1 X163.669 Y116.43 E.09668 U41.889
G1 X163.05 Y117.209 E.09681 U42.884
G1 X162.391 Y117.953 E.0967 U43.878
G1 X161.691 Y118.666 E.09722 U44.878
G1 X161.212 Y119.112 E.06368 U45.532
G1 X160.453 Y119.761 E.09716 U46.531
G1 X159.664 Y120.366 E.09674 U47.525
G1 X158.845 Y120.929 E.0967 U48.519
G1 X157.993 Y121.451 E.09722 U49.518
G1 X157.421 Y121.768 E.06363 U50.172
G1 X156.527 Y122.214 E.09721 U51.171
G1 X155.611 Y122.612 E.09717 U52.17
G1 X155 Y122.846 E.06366 U52.824
G1 X154.053 Y123.163 E.09716 U53.823
G1 X153.095 Y123.429 E.09674 U54.817
G1 X152.124 Y123.644 E.09676 U55.811
G1 X151.143 Y123.808 E.09677 U56.806
G1 X150.155 Y123.921 E.09676 U57.8
G1 X149.163 Y123.982 E.0967 U58.794
G1 X148.169 Y123.99 E.09672 U59.788
G1 X147.171 Y123.947 E.09719 U60.787
G1 X146.519 Y123.89 E.06368 U61.442
G1 X145.529 Y123.759 E.09716 U62.44
G1 X144.547 Y123.577 E.09717 U63.439
G1 X143.909 Y123.43 E.0637 U64.094
G1 X142.947 Y123.163 E.09714 U65.092
G1 X142.004 Y122.848 E.09673 U66.086
G1 X141.079 Y122.483 E.09675 U67.081
G1 X140.17 Y122.069 E.09718 U68.08
G1 X139.587 Y121.772 E.06366 U68.734
G1 X138.718 Y121.28 E.09716 U69.733
G1 X137.879 Y120.746 E.09676 U70.727
G1 X137.07 Y120.169 E.09668 U71.721
G1 X136.291 Y119.55 E.09681 U72.716
G1 X135.547 Y118.891 E.0967 U73.71
G1 X134.834 Y118.191 E.09722 U74.709
G1 X134.388 Y117.712 E.06368 U75.363
G1 X133.739 Y116.953 E.09716 U76.362
G1 X133.134 Y116.164 E.09674 U77.356
G1 X132.568 Y115.341 E.09718 U78.355
G1 X132.222 Y114.786 E.06363 U79.009
G1 X131.73 Y113.917 E.09716 U80.008
G1 X131.286 Y113.027 E.09677 U81.002
G1 X130.89 Y112.115 E.09674 U81.997
G1 X130.541 Y111.184 E.09674 U82.991
G1 X130.242 Y110.235 E.09681 U83.986
G1 X129.993 Y109.271 E.09687 U84.981
G1 X129.819 Y108.425 E.08404 U85.845
G1 X129.692 Y107.646 E.07679 U86.634
G1 X129.579 Y106.655 E.09705 U87.632
G1 X129.518 Y105.663 E.0967 U88.626
G1 X129.51 Y104.669 E.09672 U89.62
G1 X129.553 Y103.674 E.0969 U90.616
G1 X129.634 Y102.813 E.08414 U91.481
G1 X129.74 Y102.031 E.07678 U92.27
G1 X129.922 Y101.051 E.09698 U93.266
G1 X130.154 Y100.084 E.09676 U94.261
G1 X130.436 Y99.131 E.0967 U95.255
G1 X130.769 Y98.192 E.09694 U96.251
G1 X131.097 Y97.393 E.08404 U97.115
G1 X131.428 Y96.676 E.07684 U97.904
G1 X131.888 Y95.792 E.09696 U98.901
G1 X132.393 Y94.935 E.09678 U99.896
G1 X132.942 Y94.106 E.09674 U100.89
G1 X133.534 Y93.305 E.09691 U101.886
G1 X134.082 Y92.637 E.08407 U102.75
G1 X134.608 Y92.048 E.07683 U103.54
G1 X135.307 Y91.336 E.09708 U104.537
G1 X135.943 Y90.751 E.08408 U105.402
G1 X136.545 Y90.241 E.07677 U106.191
G1 X137.336 Y89.634 E.09701 U107.188
G1 X138.157 Y89.07 E.09691 U108.184
G1 X138.892 Y88.617 E.084 U109.047
G1 X139.581 Y88.231 E.07684 U109.837
G1 X140.473 Y87.786 E.09699 U110.834
M73 P54 R20
G1 X141.385 Y87.39 E.09674 U111.828
G1 X142.316 Y87.041 E.09674 U112.822
G1 X143.266 Y86.742 E.0969 U113.818
G1 X144.102 Y86.523 E.08408 U114.682
G1 X144.874 Y86.356 E.07685 U115.472
G1 X145.857 Y86.192 E.09696 U116.469
G1 X146.845 Y86.079 E.09676 U117.463
G1 X147.838 Y86.018 E.0968 U118.458
G1 X148.472 Y86.011 E.06169 U119.092
G1 X148.496 Y86.742 F12000 U119.824
G1 F512.767
G1 X148.695 Y86.74 E.01936 U120.023
G1 X149.452 Y86.763 E.07369 U120.78
G1 X150.409 Y86.838 E.0934 U121.74
G1 X151.357 Y86.963 E.09304 U122.696
G1 X152.304 Y87.139 E.09372 U123.659
G1 X152.911 Y87.279 E.06061 U124.282
G1 X153.839 Y87.536 E.09369 U125.245
G1 X154.746 Y87.84 E.09307 U126.202
G1 X155.635 Y88.19 E.09296 U127.157
G1 X156.508 Y88.587 E.09331 U128.116
G1 X157.245 Y88.969 E.08077 U128.946
G1 X157.902 Y89.345 E.07365 U129.703
G1 X158.712 Y89.86 E.09339 U130.663
G1 X159.49 Y90.416 E.09304 U131.619
G1 X160.238 Y91.011 E.09299 U132.575
G1 X160.954 Y91.644 E.09299 U133.531
G1 X161.642 Y92.32 E.09385 U134.495
G1 X162.066 Y92.775 E.06051 U135.117
G1 X162.692 Y93.508 E.09379 U136.081
G1 X163.274 Y94.266 E.09298 U137.037
G1 X163.82 Y95.06 E.09376 U138.001
G1 X164.15 Y95.588 E.06058 U138.623
G1 X164.624 Y96.427 E.09376 U139.587
G1 X165.051 Y97.282 E.09299 U140.543
G1 X165.311 Y97.881 E.06353 U141.196
G1 X165.547 Y98.456 E.06047 U141.817
G1 X165.812 Y99.207 E.07748 U142.613
G1 X166.092 Y100.121 E.09301 U143.569
G1 X166.323 Y101.049 E.09305 U144.526
G1 X166.505 Y101.987 E.09297 U145.481
G1 X166.638 Y102.933 E.09295 U146.436
G1 X166.721 Y103.886 E.09307 U147.393
G1 X166.759 Y105.319 E.13947 U148.827
G1 X166.717 Y106.274 E.09301 U149.783
G1 X166.625 Y107.233 E.09374 U150.746
G1 X166.538 Y107.849 E.06053 U151.368
G1 X166.361 Y108.804 E.0945 U152.339
G1 X166.221 Y109.411 E.06061 U152.962
G1 X165.964 Y110.339 E.09369 U153.925
G1 X165.66 Y111.246 E.09307 U154.882
G1 X165.307 Y112.142 E.0937 U155.845
G1 X165.054 Y112.711 E.06059 U156.468
G1 X164.624 Y113.573 E.09373 U157.431
G1 X164.153 Y114.405 E.09302 U158.387
G1 X163.64 Y115.212 E.09304 U159.343
G1 X163.084 Y115.99 E.09304 U160.299
G1 X162.489 Y116.738 E.09299 U161.255
G1 X161.856 Y117.454 E.09299 U162.211
G1 X161.18 Y118.142 E.09385 U163.175
G1 X160.725 Y118.566 E.06051 U163.797
G1 X159.992 Y119.192 E.09379 U164.761
G1 X159.234 Y119.774 E.09298 U165.717
G1 X158.446 Y120.316 E.09305 U166.673
G1 X157.624 Y120.819 E.09376 U167.637
G1 X157.08 Y121.121 E.06054 U168.259
G1 X156.218 Y121.551 E.09373 U169.223
G1 X155.334 Y121.935 E.09377 U170.186
G1 X154.753 Y122.158 E.06055 U170.809
G1 X153.839 Y122.464 E.09378 U171.773
G1 X152.918 Y122.719 E.09298 U172.728
G1 X151.985 Y122.926 E.09298 U173.684
G1 X151.042 Y123.084 E.09303 U174.64
G1 X150.092 Y123.192 E.09303 U175.596
G1 X149.137 Y123.251 E.09309 U176.553
G1 X148.181 Y123.259 E.09302 U177.509
G1 X147.219 Y123.217 E.09369 U178.472
G1 X146.599 Y123.163 E.06055 U179.094
G1 X145.643 Y123.037 E.09382 U180.058
G1 X144.696 Y122.861 E.09372 U181.022
G1 X144.089 Y122.721 E.06061 U181.645
G1 X143.161 Y122.464 E.09369 U182.608
G1 X142.254 Y122.16 E.09307 U183.564
G1 X141.365 Y121.81 E.09296 U184.52
G1 X140.488 Y121.41 E.09379 U185.483
G1 X139.933 Y121.128 E.06057 U186.106
G1 X139.095 Y120.653 E.09372 U187.069
G1 X138.288 Y120.14 E.09304 U188.026
G1 X137.51 Y119.584 E.09304 U188.982
G1 X136.762 Y118.989 E.09299 U189.938
G1 X136.046 Y118.356 E.09299 U190.893
G1 X135.358 Y117.68 E.09385 U191.858
G1 X134.934 Y117.225 E.06051 U192.48
G1 X134.308 Y116.492 E.09379 U193.444
G1 X133.726 Y115.734 E.09298 U194.399
G1 X133.18 Y114.94 E.09376 U195.363
G1 X132.85 Y114.412 E.06058 U195.986
G1 X132.376 Y113.573 E.09376 U196.949
G1 X131.949 Y112.718 E.09299 U197.905
G1 X131.568 Y111.841 E.09303 U198.861
G1 X131.233 Y110.945 E.09307 U199.818
G1 X130.946 Y110.034 E.09293 U200.773
G1 X130.706 Y109.106 E.09326 U201.731
G1 X130.538 Y108.292 E.08087 U202.563
G1 X130.416 Y107.545 E.07364 U203.319
G1 X130.308 Y106.592 E.09332 U204.279
G1 X130.249 Y105.637 E.09309 U205.235
G1 X130.241 Y104.681 E.09302 U206.191
G1 X130.283 Y103.724 E.0932 U207.149
G1 X130.36 Y102.897 E.08081 U207.98
G1 X130.462 Y102.147 E.07364 U208.737
G1 X130.637 Y101.203 E.09341 U209.697
G1 X130.861 Y100.274 E.09298 U210.652
G1 X131.132 Y99.357 E.09304 U211.609
G1 X131.452 Y98.453 E.0933 U212.568
G1 X131.768 Y97.685 E.0808 U213.398
G1 X132.085 Y96.998 E.07362 U214.155
G1 X132.528 Y96.147 E.09335 U215.114
G1 X133.013 Y95.323 E.09303 U216.07
G1 X133.541 Y94.525 E.0931 U217.027
G1 X134.111 Y93.755 E.09321 U217.985
G1 X134.638 Y93.113 E.08081 U218.816
G1 X135.141 Y92.548 E.0736 U219.572
G1 X135.816 Y91.862 E.09364 U220.535
G1 X136.427 Y91.299 E.08084 U221.365
G1 X137.004 Y90.81 E.07359 U222.122
G1 X137.766 Y90.226 E.09341 U223.082
G1 X138.556 Y89.683 E.09327 U224.04
G1 X139.263 Y89.247 E.08082 U224.871
G1 X139.923 Y88.878 E.07357 U225.627
G1 X140.782 Y88.449 E.09342 U226.587
G1 X141.659 Y88.068 E.09303 U227.544
G1 X142.555 Y87.733 E.09307 U228.5
G1 X143.469 Y87.445 E.09324 U229.458
G1 X144.272 Y87.235 E.08076 U230.288
G1 X145.012 Y87.074 E.07368 U231.046
G1 X145.958 Y86.916 E.09332 U232.005
G1 X146.908 Y86.808 E.09303 U232.961
G1 X147.865 Y86.749 E.09329 U233.92
G1 X148.466 Y86.742 E.05848 U234.521
G1 X148.49 Y87.474 F12000 U235.253
G1 F512.767
G1 X148.688 Y87.471 E.01927 U235.451
G1 X149.412 Y87.493 E.07047 U236.176
G1 X150.332 Y87.566 E.08979 U237.098
G1 X151.242 Y87.686 E.08931 U238.016
G1 X152.155 Y87.855 E.09034 U238.945
G1 X152.731 Y87.988 E.05752 U239.536
G1 X153.625 Y88.236 E.09027 U240.464
G1 X154.496 Y88.527 E.08935 U241.382
G1 X155.35 Y88.863 E.08929 U242.3
G1 X156.188 Y89.245 E.08961 U243.221
G1 X156.896 Y89.612 E.07759 U244.018
G1 X157.524 Y89.971 E.07038 U244.742
G1 X158.303 Y90.467 E.08985 U245.665
G1 X159.05 Y91 E.08928 U246.583
G1 X159.768 Y91.571 E.08926 U247.5
G1 X160.456 Y92.179 E.08933 U248.418
G1 X161.118 Y92.83 E.09034 U249.347
G1 X161.52 Y93.262 E.05742 U249.937
G1 X162.124 Y93.968 E.0904 U250.866
G1 X162.682 Y94.696 E.08924 U251.783
G1 X163.208 Y95.461 E.09033 U252.712
G1 X163.521 Y95.962 E.05748 U253.302
G1 X163.978 Y96.77 E.09032 U254.231
G1 X164.388 Y97.591 E.08929 U255.148
G1 X164.64 Y98.172 E.06162 U255.782
G1 X164.864 Y98.719 E.05751 U256.373
G1 X165.119 Y99.44 E.07441 U257.138
G1 X165.387 Y100.317 E.08922 U258.055
G1 X165.609 Y101.207 E.08925 U258.972
G1 X165.784 Y102.108 E.0893 U259.89
G1 X165.912 Y103.016 E.08922 U260.807
M73 P54 R19
G1 X165.991 Y103.93 E.08926 U261.724
G1 X166.028 Y105.306 E.13393 U263.101
G1 X165.987 Y106.223 E.08931 U264.018
G1 X165.898 Y107.147 E.09032 U264.947
G1 X165.816 Y107.732 E.05747 U265.537
G1 X165.645 Y108.655 E.09133 U266.476
G1 X165.512 Y109.231 E.05752 U267.067
G1 X165.264 Y110.125 E.09027 U267.995
G1 X164.973 Y110.996 E.08935 U268.913
G1 X164.633 Y111.86 E.09034 U269.842
G1 X164.393 Y112.399 E.05741 U270.432
G1 X163.978 Y113.23 E.09037 U271.361
G1 X163.526 Y114.029 E.08932 U272.279
G1 X163.033 Y114.803 E.08929 U273.196
G1 X162.5 Y115.55 E.08928 U274.114
G1 X161.929 Y116.268 E.08926 U275.031
G1 X161.321 Y116.956 E.08933 U275.95
G1 X160.67 Y117.618 E.09034 U276.878
G1 X160.238 Y118.02 E.05742 U277.468
G1 X159.532 Y118.624 E.0904 U278.397
G1 X158.804 Y119.182 E.08924 U279.315
G1 X158.048 Y119.702 E.08928 U280.232
G1 X157.256 Y120.187 E.09036 U281.161
G1 X156.74 Y120.473 E.0574 U281.751
G1 X155.909 Y120.888 E.09037 U282.68
G1 X155.057 Y121.258 E.09038 U283.609
G1 X154.506 Y121.47 E.05744 U284.199
G1 X153.625 Y121.764 E.09036 U285.128
G1 X152.741 Y122.009 E.08925 U286.045
G1 X151.845 Y122.208 E.0893 U286.963
G1 X150.94 Y122.36 E.08929 U287.88
G1 X150.028 Y122.463 E.0893 U288.798
G1 X149.112 Y122.519 E.08929 U289.716
G1 X148.194 Y122.528 E.08932 U290.634
G1 X147.266 Y122.487 E.09038 U291.563
G1 X146.678 Y122.436 E.05742 U292.153
G1 X145.758 Y122.314 E.0903 U293.081
G1 X144.845 Y122.145 E.09034 U294.01
G1 X144.269 Y122.012 E.05752 U294.601
CUT
G1 X143.375 Y121.764 E.09027
G1 X142.504 Y121.473 E.08935
G1 X141.65 Y121.137 E.08929
G1 X140.805 Y120.752 E.09035
G1 X140.279 Y120.484 E.05744
G1 X139.471 Y120.026 E.09037
G1 X138.697 Y119.533 E.08929
G1 X137.95 Y119 E.08928
G1 X137.232 Y118.429 E.08926
G1 X136.544 Y117.821 E.08933
G1 X135.882 Y117.17 E.09034
G1 X135.48 Y116.738 E.05742
G1 X134.876 Y116.032 E.0904
G1 X134.318 Y115.304 E.08924
G1 X133.792 Y114.539 E.09033
G1 X133.479 Y114.038 E.05748
G1 X133.022 Y113.23 E.09032
G1 X132.612 Y112.409 E.08929
G1 X132.246 Y111.567 E.08933
G1 X131.925 Y110.707 E.08931
G1 X131.649 Y109.832 E.08927
G1 X131.418 Y108.94 E.08965
G1 X131.257 Y108.16 E.07749
G1 X131.141 Y107.445 E.07048
G1 X131.037 Y106.528 E.08979
G1 X130.981 Y105.612 E.08929
G1 X130.972 Y104.694 E.08932
G1 X131.013 Y103.774 E.0896
G1 X131.087 Y102.98 E.07759
G1 X131.185 Y102.263 E.07041
G1 X131.353 Y101.355 E.08984
G1 X131.567 Y100.463 E.08925
G1 X131.828 Y99.583 E.08931
G1 X132.135 Y98.715 E.08958
G1 X132.438 Y97.978 E.07753
G1 X132.741 Y97.32 E.07048
G1 X133.168 Y96.501 E.08987
G1 X133.634 Y95.71 E.08932
G1 X134.14 Y94.945 E.08924
G1 X134.688 Y94.205 E.08959
G1 X135.193 Y93.588 E.07758
G1 X135.675 Y93.048 E.07043
G1 X136.325 Y92.388 E.09013
G1 X136.911 Y91.848 E.07753
G1 X137.464 Y91.38 E.07049
G1 X138.196 Y90.818 E.08979
G1 X138.955 Y90.296 E.08963
G1 X139.634 Y89.878 E.07758
G1 X140.265 Y89.524 E.0704
G1 X141.091 Y89.112 E.08981
M73 P55 R19

G1 X141.933 Y88.746 E.08933
G1 X142.793 Y88.425 E.08931
G1 X143.671 Y88.148 E.08958
G1 X144.442 Y87.946 E.07755
G1 X145.15 Y87.793 E.07048
G1 X146.06 Y87.64 E.08978
G1 X146.972 Y87.537 E.0893
G1 X147.891 Y87.48 E.08959
G1 X148.46 Y87.474 E.05536
G1 E-8 F1500
G1 Z3.4 F3000
G1 X150.789 Y88.116 F12000
G1 Z3.2 F3000
G1 E10 F1500
;TYPE:Internal infill
G1 E-30 F1500
G1 Z8.2 F300.0
G1 F12000.0
T0
G1 Z3.2 F300.0
G1 E32.0 F1500
G1 F12000.0
;WIDTH:0.675
G1 F618.478
G1 X148.977 Y87.967 E.14666
G1 X148.5 Y88.141 E.04096
G1 X147.849 Y88.246 E.05319
G1 X147.199 Y88.212 E.0525
G1 X146.76 Y88.05 E.03775
G1 X144.964 Y88.331 E.14664
G1 E-8 F1500
G1 Z3.4 F3000
G1 X138.128 Y91.483 F12000
G1 Z3.2 F3000
G1 E10 F1500
G1 F618.478
G1 X136.744 Y92.662 E.14666
G1 X137.441 Y93.109 E.06679
G1 X138.091 Y93.345 E.05578
G1 X138.742 Y93.45 E.05319
G1 X139.392 Y93.416 E.0525
G1 X140.043 Y93.176 E.05597
G1 X140.693 Y92.63 E.06848
G1 X141.344 Y91.89 E.0795
G1 X141.994 Y91.272 E.07235
G1 X142.645 Y90.869 E.06176
G1 X143.296 Y90.633 E.05586
G1 X143.946 Y90.528 E.05311
G1 X144.597 Y90.561 E.05258
G1 X145.247 Y90.801 E.05589
G1 X145.898 Y91.348 E.06859
G1 X146.548 Y92.088 E.07945
G1 X147.199 Y92.706 E.07241
G1 X147.849 Y93.109 E.06169
G1 X148.5 Y93.345 E.05586
G1 X149.151 Y93.45 E.05319
G1 X149.801 Y93.416 E.0525
G1 X150.452 Y93.176 E.05597
G1 X151.102 Y92.63 E.06848
G1 X151.753 Y91.89 E.0795
G1 X152.403 Y91.272 E.07235
G1 X153.054 Y90.869 E.06176
G1 X153.704 Y90.633 E.05578
G1 X154.355 Y90.528 E.05319
G1 X155.006 Y90.561 E.05258
G1 X155.656 Y90.801 E.05589
G1 X156.307 Y91.348 E.06859
G1 X156.957 Y92.088 E.07945
G1 X157.608 Y92.706 E.07241
G1 X158.258 Y93.109 E.06169
G1 X158.909 Y93.345 E.05586
G1 X159.559 Y93.45 E.05311
G1 X160.21 Y93.416 E.05259
G1 X160.798 Y93.2 E.05053
G1 X161.746 Y94.274 E.11556
G1 X162.825 Y95.765 E.14846
G1 X162.162 Y96.006 E.05691
G1 X161.511 Y96.552 E.06854
G1 X160.861 Y97.292 E.07945
G1 X160.21 Y97.91 E.07241
G1 X159.559 Y98.313 E.06176
G1 X158.909 Y98.55 E.05581
G1 X158.258 Y98.655 E.05319
G1 X157.608 Y98.621 E.0525
G1 X156.957 Y98.381 E.05597
G1 X156.307 Y97.834 E.06853
G1 X155.656 Y97.094 E.0795
G1 X155.006 Y96.477 E.07229
G1 X154.355 Y96.073 E.0618
G1 X153.704 Y95.837 E.05586
G1 X153.054 Y95.732 E.05311
G1 X152.403 Y95.766 E.05259
G1 X151.753 Y96.006 E.05589
G1 X151.102 Y96.552 E.06854
G1 X150.452 Y97.292 E.07945
G1 X149.801 Y97.91 E.07241
G1 X149.151 Y98.313 E.06169
G1 X148.5 Y98.55 E.05589
G1 X147.849 Y98.655 E.05319
G1 X147.199 Y98.621 E.0525
G1 X146.548 Y98.381 E.05597
G1 X145.898 Y97.834 E.06853
G1 X145.247 Y97.094 E.0795
G1 X144.597 Y96.477 E.07229
G1 X143.946 Y96.073 E.0618
G1 X143.296 Y95.837 E.05578
G1 X142.645 Y95.732 E.05319
G1 X141.994 Y95.766 E.05259
G1 X141.344 Y96.006 E.05589
G1 X140.693 Y96.552 E.06854
G1 X140.043 Y97.292 E.07945
G1 X139.392 Y97.91 E.07241
G1 X138.742 Y98.313 E.06169
G1 X138.091 Y98.55 E.05589
G1 X137.441 Y98.655 E.05311
G1 X136.79 Y98.621 E.05259
G1 X136.139 Y98.381 E.05597
G1 X135.489 Y97.834 E.06853
G1 X134.838 Y97.094 E.0795
G1 X134.188 Y96.477 E.07229
G1 X133.864 Y96.276 E.03076
G1 X133.017 Y97.884 E.14661
G1 E-8 F1500
G1 Z3.4 F3000
G1 X155.981 Y120.308 F12000
G1 Z3.2 F3000
G1 E10 F1500
G1 F618.478
G1 X157.57 Y119.425 E.14664
G1 X156.957 Y119.199 E.0527
G1 X156.307 Y118.652 E.06853
G1 X155.656 Y117.912 E.0795
G1 X155.006 Y117.294 E.07235
G1 X154.355 Y116.891 E.06176
G1 X153.704 Y116.655 E.05586
G1 X153.054 Y116.55 E.05311
G1 X152.403 Y116.584 E.05259
G1 X151.753 Y116.824 E.05589
G1 X151.102 Y117.37 E.06854
G1 X150.452 Y118.11 E.07945
G1 X149.801 Y118.728 E.07241
G1 X149.151 Y119.131 E.06169
G1 X148.5 Y119.367 E.05586
G1 X147.849 Y119.472 E.05319
G1 X147.199 Y119.439 E.0525
G1 X146.548 Y119.199 E.05597
G1 X145.898 Y118.652 E.06853
G1 X145.247 Y117.912 E.0795
G1 X144.597 Y117.294 E.07235
G1 X143.946 Y116.891 E.06176
G1 X143.296 Y116.655 E.05578
G1 X142.645 Y116.55 E.05319
G1 X141.994 Y116.584 E.05259
G1 X141.344 Y116.824 E.05589
G1 X140.693 Y117.37 E.06854
G1 X140.043 Y118.11 E.07945
G1 X139.392 Y118.728 E.07241
G1 X138.864 Y119.055 E.0501
G1 X137.422 Y117.948 E.14664
G1 E-8 F1500
G1 Z3.4 F3000
G1 X133.53 Y113.142 F12000
G1 Z3.2 F3000
G1 E10 F1500
G1 F618.478
G1 X132.748 Y111.501 E.14664
G1 X133.537 Y111.346 E.06486
G1 X134.188 Y111.379 E.05258
G1 X134.838 Y111.619 E.05589
G1 X135.489 Y112.166 E.06859
G1 X136.139 Y112.906 E.07945
G1 X136.79 Y113.523 E.07235
G1 X137.441 Y113.927 E.0618
G1 X138.091 Y114.163 E.05578
G1 X138.742 Y114.268 E.05319
G1 X139.392 Y114.234 E.0525
G1 X140.043 Y113.994 E.05597
G1 X140.693 Y113.448 E.06848
G1 X141.344 Y112.708 E.0795
G1 X141.994 Y112.09 E.07235
G1 X142.645 Y111.687 E.06176
G1 X143.296 Y111.45 E.05589
G1 X143.946 Y111.346 E.0531
G1 X144.597 Y111.379 E.05258
G1 X145.247 Y111.619 E.05589
G1 X145.898 Y112.166 E.06859
G1 X146.548 Y112.906 E.07945
G1 X147.199 Y113.523 E.07235
G1 X147.849 Y113.927 E.06174
G1 X148.5 Y114.163 E.05586
G1 X149.151 Y114.268 E.05319
G1 X149.801 Y114.234 E.0525
G1 X150.452 Y113.994 E.05597
G1 X151.102 Y113.448 E.06848
G1 X151.753 Y112.708 E.0795
G1 X152.403 Y112.09 E.07235
G1 X153.054 Y111.687 E.06176
G1 X153.704 Y111.45 E.05581
G1 X154.355 Y111.346 E.05318
G1 X155.006 Y111.379 E.05258
G1 X155.656 Y111.619 E.05589
G1 X156.307 Y112.166 E.06859
G1 X156.957 Y112.906 E.07945
G1 X157.608 Y113.523 E.07235
G1 X158.258 Y113.927 E.06174
G1 X158.909 Y114.163 E.05586
G1 X159.559 Y114.268 E.05311
G1 X160.21 Y114.234 E.05259
G1 X160.861 Y113.994 E.05597
G1 X161.511 Y113.448 E.06848
G1 X162.162 Y112.708 E.0795
G1 X162.812 Y112.09 E.07235
G1 X163.463 Y111.687 E.06176
G1 X164.282 Y111.423 E.06941
G1 X164.799 Y109.983 E.12342
G1 X165.041 Y109.111 E.073
G1 X165.434 Y106.904 E.18083
G1 X164.764 Y106.482 E.06387
G1 X164.113 Y106.246 E.05586
G1 X163.463 Y106.141 E.05311
G1 X162.812 Y106.175 E.05259
G1 X162.162 Y106.415 E.05589
G1 X161.511 Y106.961 E.06854
G1 X160.861 Y107.701 E.07945
G1 X160.21 Y108.319 E.07241
G1 X159.559 Y108.722 E.06176
G1 X158.909 Y108.958 E.05578
G1 X158.258 Y109.063 E.05319
G1 X157.608 Y109.03 E.0525
G1 X156.957 Y108.79 E.05597
G1 X156.307 Y108.243 E.06853
G1 X155.656 Y107.503 E.0795
G1 X155.006 Y106.885 E.07235
G1 X154.355 Y106.482 E.06176
G1 X153.704 Y106.246 E.05586
G1 X153.054 Y106.141 E.05311
G1 X152.403 Y106.175 E.05259
G1 X151.753 Y106.415 E.05589
G1 X151.102 Y106.961 E.06854
G1 X150.452 Y107.701 E.07945
G1 X149.801 Y108.319 E.07241
G1 X149.151 Y108.722 E.06169
G1 X148.5 Y108.958 E.05586
G1 X147.849 Y109.063 E.05319
G1 X147.199 Y109.03 E.0525
G1 X146.548 Y108.79 E.05597
G1 X145.898 Y108.243 E.06853
G1 X145.247 Y107.503 E.0795
G1 X144.597 Y106.885 E.07235
G1 X143.946 Y106.482 E.06176
G1 X143.296 Y106.246 E.05578
G1 X142.645 Y106.141 E.05319
G1 X141.994 Y106.175 E.05259
G1 X141.344 Y106.415 E.05589
G1 X140.693 Y106.961 E.06854
G1 X140.043 Y107.701 E.07945
G1 X139.392 Y108.319 E.07241
G1 X138.742 Y108.722 E.06169
G1 X138.091 Y108.958 E.05586
G1 X137.441 Y109.063 E.05311
G1 X136.79 Y109.03 E.05258
G1 X136.139 Y108.79 E.05597
G1 X135.489 Y108.243 E.06853
G1 X134.838 Y107.503 E.0795
G1 X134.188 Y106.885 E.07235
G1 X133.537 Y106.482 E.06176
G1 X132.887 Y106.246 E.05578
G1 X132.236 Y106.141 E.05319
G1 X131.504 Y106.205 E.05927
G1 X131.459 Y104.703 E.12121
G1 X131.498 Y103.807 E.07235
G1 X131.813 Y101.54 E.18463
G1 X132.236 Y101.278 E.04014
G1 X132.887 Y101.042 E.05586
G1 X133.537 Y100.937 E.05311
G1 X134.188 Y100.97 E.05258
G1 X134.838 Y101.21 E.05589
G1 X135.489 Y101.757 E.06859
G1 X136.139 Y102.497 E.07945
G1 X136.79 Y103.115 E.07241
G1 X137.441 Y103.518 E.06176
G1 X138.091 Y103.754 E.05578
G1 X138.742 Y103.859 E.05319
G1 X139.392 Y103.825 E.0525
G1 X140.043 Y103.585 E.05597
G1 X140.693 Y103.039 E.06848
G1 X141.344 Y102.299 E.0795
G1 X141.994 Y101.681 E.07235
G1 X142.645 Y101.278 E.06176
G1 X143.296 Y101.042 E.05586
G1 X143.946 Y100.937 E.05311
G1 X144.597 Y100.97 E.05258
G1 X145.247 Y101.21 E.05589
G1 X145.898 Y101.757 E.06859
G1 X146.548 Y102.497 E.07945
G1 X147.199 Y103.115 E.07241
G1 X147.849 Y103.518 E.06169
G1 X148.5 Y103.754 E.05586
G1 X149.151 Y103.859 E.05319
G1 X149.801 Y103.825 E.0525
G1 X150.452 Y103.585 E.05597
G1 X151.102 Y103.039 E.06848
G1 X151.753 Y102.299 E.0795
G1 X152.403 Y101.681 E.07235
G1 X153.054 Y101.278 E.06176
G1 X153.704 Y101.042 E.05578
G1 X154.355 Y100.937 E.05319
G1 X155.006 Y100.97 E.05258
G1 X155.656 Y101.21 E.05589
G1 X156.307 Y101.757 E.06859
M73 P56 R19
G1 X156.957 Y102.497 E.07945
G1 X157.608 Y103.115 E.07241
G1 X158.258 Y103.518 E.06169
G1 X158.909 Y103.754 E.05586
G1 X159.559 Y103.859 E.05311
G1 X160.21 Y103.825 E.05259
G1 X160.861 Y103.585 E.05597
G1 X161.511 Y103.039 E.06848
G1 X162.162 Y102.299 E.0795
G1 X162.812 Y101.681 E.07235
G1 X163.463 Y101.278 E.06176
G1 X164.113 Y101.042 E.05578
G1 X164.764 Y100.937 E.05319
G1 X165.054 Y100.952 E.02342
G1 X165.391 Y102.738 E.14661
;LAYER_CHANGE
;Z:3.52
;HEIGHT:0.32

G1 E-8 F1500
G1 Z3.52 F3000
;AFTER_LAYER_CHANGE
;3.52
G92 E0
_ON_LAYER_CHANGE LAYER=11
G1 Z3.72
G1 X148.508 Y85.342 F12000
G1 Z3.52 F3000
G1 E10 F1500
;TYPE:External perimeter
;WIDTH:0.675
G1 F618.478
G1 X148.731 Y85.34 E.01799
G1 X149.528 Y85.364 E.06432
G1 X150.555 Y85.445 E.0831
G1 X151.576 Y85.58 E.08308
G1 X152.588 Y85.767 E.08302
G1 X153.481 Y85.98 E.07406
G1 X154.248 Y86.196 E.06428
G1 X155.225 Y86.523 E.08311
G1 X156.183 Y86.901 E.08308
G1 X157.12 Y87.328 E.08306
G1 X157.934 Y87.749 E.07392
G1 X158.626 Y88.146 E.06435
G1 X159.495 Y88.699 E.08309
G1 X160.333 Y89.297 E.08304
G1 X161.139 Y89.938 E.08307
G1 X161.91 Y90.62 E.08303
G1 X162.645 Y91.342 E.08311
G1 X163.111 Y91.842 E.05513
G1 X163.781 Y92.626 E.08319
G1 X164.407 Y93.443 E.08303
G1 X164.99 Y94.291 E.08301
G1 X165.528 Y95.169 E.08306
G1 X166.02 Y96.075 E.08316
G1 X166.32 Y96.689 E.05512
G1 X166.731 Y97.636 E.08327
G1 X166.976 Y98.274 E.05513
G1 X167.303 Y99.251 E.08311
G1 X167.578 Y100.243 E.08304
G1 X167.801 Y101.248 E.08304
G1 X167.971 Y102.264 E.0831
G1 X168.088 Y103.286 E.08298
G1 X168.15 Y104.314 E.08308
G1 X168.159 Y105.343 E.08301
G1 X168.114 Y106.372 E.08308
G1 X168.016 Y107.398 E.08314
G1 X167.921 Y108.074 E.05507
G1 X167.732 Y109.089 E.08328
G1 X167.579 Y109.755 E.05512
G1 X167.303 Y110.749 E.08322
G1 X166.977 Y111.725 E.08301
G1 X166.599 Y112.684 E.08315
G1 X166.321 Y113.308 E.05511
G1 X165.861 Y114.231 E.08319
G1 X165.354 Y115.127 E.08305
G1 X164.801 Y115.995 E.08302
G1 X164.203 Y116.833 E.08304
G1 X163.562 Y117.639 E.08307
G1 X162.88 Y118.41 E.08303
G1 X162.158 Y119.145 E.08311
G1 X161.658 Y119.611 E.05513
G1 X160.874 Y120.281 E.08319
G1 X160.057 Y120.907 E.08303
G1 X159.209 Y121.49 E.08301
G1 X158.331 Y122.028 E.08306
G1 X157.425 Y122.52 E.08316
G1 X156.811 Y122.82 E.05512
G1 X155.864 Y123.231 E.08327
G1 X155.226 Y123.476 E.05513
G1 X154.249 Y123.803 E.08311
G1 X153.257 Y124.078 E.08304
G1 X152.252 Y124.301 E.08304
G1 X151.236 Y124.471 E.0831
G1 X150.214 Y124.588 E.08298
G1 X149.186 Y124.65 E.08308
G1 X148.157 Y124.659 E.08301
G1 X147.127 Y124.614 E.08317
G1 X146.446 Y124.555 E.05514
G1 X145.424 Y124.42 E.08316
G1 X144.411 Y124.232 E.08311
G1 X143.745 Y124.079 E.05512
G1 X142.751 Y123.803 E.08322
G1 X141.775 Y123.477 E.08301
G1 X140.817 Y123.099 E.08308
G1 X139.881 Y122.672 E.08299
G1 X138.967 Y122.197 E.08309
G1 X138.08 Y121.674 E.08306
G1 X137.314 Y121.17 E.07397
G1 X136.668 Y120.704 E.06425
G1 X135.861 Y120.062 E.08318
G1 X135.09 Y119.38 E.08303
G1 X134.355 Y118.658 E.08311
G1 X133.889 Y118.158 E.05513
G1 X133.219 Y117.374 E.08319
G1 X132.593 Y116.557 E.08303
G1 X132.009 Y115.708 E.08312
G1 X131.647 Y115.128 E.05515
G1 X131.139 Y114.231 E.08316
G1 X130.68 Y113.31 E.08301
G1 X130.269 Y112.366 E.08305
G1 X129.909 Y111.401 E.08308
G1 X129.599 Y110.42 E.08299
G1 X129.341 Y109.423 E.08307
G1 X129.157 Y108.525 E.07394
G1 X129.029 Y107.737 E.0644
G1 X128.912 Y106.714 E.08306
G1 X128.85 Y105.686 E.08308
G1 X128.841 Y104.657 E.08301
G1 X128.886 Y103.628 E.08308
G1 X128.971 Y102.715 E.07397
G1 X129.08 Y101.925 E.06433
G1 X129.268 Y100.911 E.08319
G1 X129.421 Y100.245 E.05512
G1 X129.697 Y99.251 E.08322
G1 X130.023 Y98.275 E.08301
G1 X130.401 Y97.317 E.08308
G1 X130.828 Y96.381 E.08299
G1 X131.303 Y95.467 E.08309
G1 X131.826 Y94.58 E.08306
G1 X132.33 Y93.814 E.07397
G1 X132.796 Y93.168 E.06425
G1 X133.438 Y92.361 E.08318
G1 X134.12 Y91.59 E.08303
G1 X134.842 Y90.856 E.08305
G1 X135.516 Y90.235 E.07393
G1 X136.125 Y89.72 E.06434
G1 X136.943 Y89.093 E.08314
G1 X137.791 Y88.51 E.08301
G1 X138.669 Y87.972 E.08306
G1 X139.474 Y87.532 E.074
G1 X140.19 Y87.18 E.06436
G1 X141.134 Y86.769 E.08305
G1 X142.098 Y86.409 E.08301
G1 X143.081 Y86.099 E.08314
G1 X143.968 Y85.868 E.07394
G1 X144.747 Y85.699 E.0643
G1 X145.764 Y85.529 E.08318
G1 X146.786 Y85.412 E.08298
G1 X147.814 Y85.35 E.08308
G1 X148.478 Y85.342 E.05357
G1 X149.078 Y85.351 F12000
G1 X148.502 Y86.011
;TYPE:Perimeter
G1 E-30 F1500
G1 Z8.52 F300.0
G1 F12000.0
T1
G1 Z3.52 F300.0
PRIME_FIBRE
G1 E45.0 F1500
G1 F12000.0
;WIDTH:0.8
G1 F512.767
G1 X148.724 Y86.009 E.0216
G1 X149.491 Y86.033 E.07466 U0.767
G1 X150.485 Y86.111 E.09701 U1.764
G1 X151.471 Y86.241 E.09676 U2.759
G1 X152.45 Y86.422 E.09687 U3.755
G1 X153.312 Y86.627 E.08621 U4.641
G1 X154.051 Y86.836 E.07472 U5.409
G1 X154.996 Y87.152 E.09695 U6.405
G1 X155.921 Y87.517 E.09675 U7.399
G1 X156.827 Y87.929 E.09684 U8.395
G1 X157.614 Y88.337 E.08625 U9.281
G1 X158.28 Y88.718 E.07465 U10.048
G1 X159.121 Y89.254 E.09703 U11.046
G1 X159.93 Y89.831 E.09668 U12.039
G1 X160.709 Y90.45 E.09681 U13.034
G1 X161.453 Y91.109 E.0967 U14.028
G1 X162.166 Y91.809 E.09722 U15.027
G1 X162.612 Y92.288 E.06368 U15.682
G1 X163.261 Y93.047 E.09716 U16.681
G1 X163.866 Y93.836 E.09674 U17.675
G1 X164.429 Y94.656 E.09678 U18.67
G1 X164.949 Y95.503 E.0967 U19.663
G1 X165.425 Y96.381 E.09717 U20.662
G1 X165.712 Y96.969 E.06366 U21.316
G1 X166.112 Y97.889 E.09761 U22.32
G1 X166.506 Y98.975 E.1124 U23.475
G1 X166.796 Y99.926 E.09674 U24.469
G1 X167.037 Y100.89 E.09668 U25.463
G1 X167.226 Y101.866 E.09673 U26.457
G1 X167.365 Y102.851 E.09679 U27.452
G1 X167.451 Y103.841 E.09669 U28.445
G1 X167.49 Y105.331 E.14502 U29.936
G1 X167.447 Y106.325 E.0968 U30.931
G1 X167.351 Y107.319 E.09716 U31.93
G1 X167.26 Y107.967 E.06367 U32.584
G1 X167.077 Y108.953 E.09757 U33.587
G1 X166.93 Y109.591 E.0637 U34.241
G1 X166.663 Y110.553 E.09714 U35.24
G1 X166.348 Y111.496 E.09673 U36.234
G1 X165.982 Y112.425 E.09715 U37.233
G1 X165.716 Y113.023 E.06368 U37.887
G1 X165.27 Y113.917 E.09721 U38.886
G1 X164.78 Y114.782 E.09673 U39.88
G1 X164.246 Y115.621 E.09676 U40.875
G1 X163.669 Y116.43 E.09668 U41.868
G1 X163.05 Y117.209 E.09681 U42.863
G1 X162.391 Y117.953 E.0967 U43.857
G1 X161.691 Y118.666 E.09722 U44.856
G1 X161.212 Y119.112 E.06368 U45.511
G1 X160.453 Y119.761 E.09716 U46.51
G1 X159.664 Y120.366 E.09674 U47.504
G1 X158.844 Y120.929 E.09678 U48.499
G1 X157.997 Y121.449 E.0967 U49.492
G1 X157.119 Y121.925 E.09717 U50.491
G1 X156.531 Y122.212 E.06366 U51.145
G1 X155.611 Y122.612 E.09761 U52.149
G1 X155 Y122.846 E.06366 U52.803
G1 X154.053 Y123.163 E.09716 U53.802
G1 X153.095 Y123.429 E.09674 U54.796
G1 X152.124 Y123.644 E.09676 U55.79
G1 X151.143 Y123.808 E.09677 U56.785
G1 X150.155 Y123.921 E.09676 U57.779
G1 X149.163 Y123.982 E.0967 U58.773
G1 X148.169 Y123.99 E.09672 U59.767
G1 X147.171 Y123.947 E.09719 U60.766
G1 X146.519 Y123.89 E.06368 U61.421
G1 X145.529 Y123.759 E.09716 U62.419
G1 X144.547 Y123.577 E.09717 U63.418
G1 X143.909 Y123.43 E.0637 U64.073
G1 X142.947 Y123.163 E.09714 U65.071
G1 X142.004 Y122.848 E.09673 U66.065
G1 X141.079 Y122.483 E.09675 U67.06
G1 X140.174 Y122.071 E.09675 U68.054
G1 X139.292 Y121.612 E.09674 U69.048
G1 X138.434 Y121.107 E.09687 U70.044
G1 X137.694 Y120.619 E.08625 U70.93
G1 X137.072 Y120.17 E.07464 U71.698
G1 X136.291 Y119.55 E.09702 U72.695
G1 X135.547 Y118.891 E.0967 U73.689
G1 X134.834 Y118.191 E.09722 U74.688
G1 X134.388 Y117.712 E.06368 U75.342
G1 X133.739 Y116.953 E.09716 U76.341
G1 X133.134 Y116.164 E.09674 U77.335
G1 X132.568 Y115.341 E.09718 U78.334
G1 X132.222 Y114.786 E.06363 U78.988
G1 X131.73 Y113.917 E.09716 U79.987
G1 X131.286 Y113.027 E.09677 U80.981
G1 X130.89 Y112.115 E.09674 U81.976
G1 X130.541 Y111.184 E.09674 U82.97
G1 X130.242 Y110.235 E.09681 U83.965
G1 X129.993 Y109.272 E.09678 U84.959
G1 X129.815 Y108.404 E.08621 U85.846
G1 X129.692 Y107.646 E.07472 U86.613
M73 P56 R18
G1 X129.579 Y106.655 E.09705 U87.611
G1 X129.518 Y105.663 E.0967 U88.605
G1 X129.51 Y104.669 E.09672 U89.599
G1 X129.553 Y103.674 E.0969 U90.595
G1 X129.636 Y102.792 E.08619 U91.481
G1 X129.74 Y102.031 E.07473 U92.249
G1 X129.923 Y101.047 E.09738 U93.25
G1 X130.07 Y100.409 E.0637 U93.904
G1 X130.337 Y99.447 E.09714 U94.903
G1 X130.652 Y98.504 E.09673 U95.897
G1 X131.017 Y97.579 E.09675 U96.891
G1 X131.429 Y96.674 E.09675 U97.886
G1 X131.888 Y95.792 E.09674 U98.88
G1 X132.393 Y94.934 E.09687 U99.875
G1 X132.881 Y94.194 E.08625 U100.762
G1 X133.33 Y93.572 E.07464 U101.529
G1 X133.95 Y92.791 E.09702 U102.526
M73 P57 R18
G1 X134.609 Y92.047 E.0967 U103.52
G1 X135.307 Y91.337 E.09687 U104.516
G1 X135.959 Y90.736 E.08628 U105.402
G1 X136.545 Y90.241 E.07463 U106.17
G1 X137.336 Y89.634 E.09701 U107.167
G1 X138.155 Y89.071 E.0967 U108.16
G1 X139.004 Y88.551 E.09687 U109.156
G1 X139.782 Y88.126 E.08625 U110.043
G1 X140.471 Y87.787 E.07471 U110.81
G1 X141.385 Y87.39 E.09696 U111.807
G1 X142.316 Y87.041 E.09674 U112.801
G1 X143.266 Y86.742 E.0969 U113.797
G1 X144.123 Y86.518 E.08618 U114.683
G1 X144.873 Y86.356 E.07465 U115.45
G1 X145.857 Y86.192 E.09706 U116.448
G1 X146.845 Y86.079 E.09676 U117.442
G1 X147.838 Y86.018 E.0968 U118.437
G1 X148.472 Y86.011 E.06169 U119.071
G1 X148.496 Y86.742 F12000 U119.803
G1 F512.767
G1 X148.717 Y86.74 E.0215 U120.024
G1 X149.451 Y86.763 E.07145 U120.758
G1 X150.409 Y86.838 E.09349 U121.719
G1 X151.357 Y86.963 E.09304 U122.675
G1 X152.299 Y87.138 E.09322 U123.633
G1 X153.128 Y87.335 E.0829 U124.485
G1 X153.835 Y87.535 E.07149 U125.22
G1 X154.746 Y87.84 E.09347 U126.181
G1 X155.635 Y88.19 E.09296 U127.136
G1 X156.507 Y88.587 E.09322 U128.094
G1 X157.264 Y88.979 E.08294 U128.947
G1 X157.902 Y89.344 E.07152 U129.682
G1 X158.712 Y89.86 E.09344 U130.642
G1 X159.49 Y90.416 E.09304 U131.598
G1 X160.238 Y91.011 E.09299 U132.554
G1 X160.954 Y91.644 E.09299 U133.51
G1 X161.642 Y92.32 E.09385 U134.474
G1 X162.066 Y92.775 E.06051 U135.096
G1 X162.692 Y93.508 E.09379 U136.06
G1 X163.274 Y94.266 E.09298 U137.016
G1 X163.816 Y95.054 E.09305 U137.972
G1 X164.315 Y95.869 E.09298 U138.928
G1 X164.775 Y96.716 E.09378 U139.892
G1 X165.048 Y97.275 E.06053 U140.514
G1 X165.311 Y97.881 E.06427 U141.175
G1 X165.547 Y98.456 E.06047 U141.796
G1 X165.812 Y99.207 E.07748 U142.592
G1 X166.092 Y100.121 E.09301 U143.548
G1 X166.323 Y101.049 E.09305 U144.505
G1 X166.505 Y101.987 E.09297 U145.46
G1 X166.638 Y102.933 E.09295 U146.416
G1 X166.721 Y103.886 E.09307 U147.372
G1 X166.759 Y105.319 E.13947 U148.806
G1 X166.717 Y106.274 E.09301 U149.762
G1 X166.625 Y107.233 E.09374 U150.725
G1 X166.538 Y107.849 E.06053 U151.347
G1 X166.361 Y108.804 E.0945 U152.318
G1 X166.221 Y109.411 E.06061 U152.941
G1 X165.964 Y110.339 E.09369 U153.904
G1 X165.66 Y111.246 E.09307 U154.861
G1 X165.307 Y112.142 E.0937 U155.824
G1 X165.054 Y112.711 E.06059 U156.447
G1 X164.624 Y113.573 E.09373 U157.41
G1 X164.153 Y114.405 E.09302 U158.366
G1 X163.64 Y115.212 E.09304 U159.322
G1 X163.084 Y115.99 E.09304 U160.278
G1 X162.489 Y116.738 E.09299 U161.234
G1 X161.856 Y117.454 E.09299 U162.19
G1 X161.18 Y118.142 E.09385 U163.154
G1 X160.725 Y118.566 E.06051 U163.776
G1 X159.992 Y119.192 E.09379 U164.74
G1 X159.234 Y119.774 E.09298 U165.696
G1 X158.446 Y120.316 E.09305 U166.652
G1 X157.631 Y120.815 E.09298 U167.608
G1 X156.784 Y121.275 E.09378 U168.572
G1 X156.225 Y121.548 E.06053 U169.194
G1 X155.334 Y121.935 E.09452 U170.165
G1 X154.753 Y122.158 E.06055 U170.788
G1 X153.839 Y122.464 E.09378 U171.752
G1 X152.918 Y122.719 E.09298 U172.707
G1 X151.985 Y122.926 E.09298 U173.663
G1 X151.042 Y123.084 E.09303 U174.619
G1 X150.092 Y123.192 E.09303 U175.575
G1 X149.137 Y123.251 E.09309 U176.532
G1 X148.181 Y123.259 E.09302 U177.488
G1 X147.219 Y123.217 E.09369 U178.451
G1 X146.599 Y123.163 E.06055 U179.073
G1 X145.643 Y123.037 E.09382 U180.038
G1 X144.696 Y122.861 E.09372 U181.001
G1 X144.089 Y122.721 E.06061 U181.624
G1 X143.161 Y122.464 E.09369 U182.587
G1 X142.254 Y122.16 E.09307 U183.543
G1 X141.365 Y121.81 E.09296 U184.499
G1 X140.495 Y121.414 E.093 U185.454
G1 X139.647 Y120.972 E.09304 U186.411
G1 X138.821 Y120.486 E.09325 U187.369
G1 X138.109 Y120.017 E.08295 U188.222
G1 X137.513 Y119.587 E.07151 U188.957
G1 X136.762 Y118.989 E.0934 U189.917
G1 X136.045 Y118.356 E.09306 U190.873
G1 X135.358 Y117.68 E.09378 U191.837
G1 X134.934 Y117.225 E.06051 U192.459
G1 X134.308 Y116.492 E.09379 U193.423
G1 X133.726 Y115.734 E.09298 U194.378
G1 X133.18 Y114.94 E.09376 U195.342
G1 X132.85 Y114.412 E.06058 U195.965
G1 X132.376 Y113.573 E.09376 U196.928
G1 X131.949 Y112.718 E.09299 U197.884
G1 X131.568 Y111.841 E.09303 U198.84
G1 X131.233 Y110.945 E.09307 U199.797
G1 X130.946 Y110.034 E.09293 U200.752
G1 X130.706 Y109.106 E.09326 U201.71
G1 X130.534 Y108.271 E.08295 U202.563
G1 X130.416 Y107.546 E.07147 U203.298
G1 X130.308 Y106.592 E.09341 U204.258
G1 X130.249 Y105.637 E.09309 U205.214
G1 X130.241 Y104.681 E.09302 U206.17
G1 X130.283 Y103.724 E.0932 U207.128
G1 X130.363 Y102.876 E.08287 U207.98
G1 X130.462 Y102.148 E.07148 U208.715
G1 X130.639 Y101.196 E.09421 U209.683
G1 X130.779 Y100.589 E.06061 U210.306
G1 X131.036 Y99.661 E.09369 U211.269
G1 X131.34 Y98.754 E.09307 U212.226
G1 X131.69 Y97.865 E.09296 U213.181
G1 X132.086 Y96.995 E.093 U214.137
G1 X132.528 Y96.147 E.09304 U215.093
G1 X133.014 Y95.321 E.09325 U216.052
G1 X133.483 Y94.609 E.08295 U216.904
G1 X133.913 Y94.013 E.07151 U217.639
G1 X134.511 Y93.262 E.0934 U218.599
G1 X135.144 Y92.546 E.09299 U219.555
G1 X135.816 Y91.862 E.09329 U220.514
G1 X136.443 Y91.285 E.08291 U221.366
G1 X137.004 Y90.811 E.07146 U222.1
G1 X137.766 Y90.226 E.09347 U223.061
G1 X138.554 Y89.684 E.09305 U224.017
G1 X139.371 Y89.184 E.0932 U224.975
G1 X140.119 Y88.776 E.0829 U225.827
G1 X140.778 Y88.451 E.07149 U226.562
G1 X141.659 Y88.068 E.09347 U227.523
G1 X142.555 Y87.733 E.09307 U228.479
G1 X143.468 Y87.445 E.09315 U229.437
G1 X144.293 Y87.23 E.08295 U230.289
G1 X145.011 Y87.074 E.07149 U231.024
G1 X145.958 Y86.916 E.09341 U231.984
G1 X146.908 Y86.808 E.09303 U232.94
G1 X147.865 Y86.749 E.09329 U233.899
G1 X148.466 Y86.743 E.05848 U234.5
G1 X148.49 Y87.474 F12000 U235.231
G1 F512.767
G1 X148.709 Y87.471 E.02131 U235.45
G1 X149.411 Y87.493 E.06834 U236.153
G1 X150.332 Y87.566 E.08989 U237.077
G1 X151.242 Y87.686 E.08931 U237.994
G1 X152.147 Y87.853 E.08954 U238.915
G1 X152.944 Y88.043 E.07972 U239.734
G1 X153.619 Y88.234 E.06825 U240.436
G1 X154.496 Y88.527 E.08996 U241.36
G1 X155.35 Y88.863 E.08929 U242.278
G1 X156.187 Y89.245 E.08952 U243.198
G1 X156.914 Y89.622 E.07968 U244.017
G1 X157.523 Y89.97 E.06825 U244.718
G1 X158.303 Y90.467 E.08999 U245.643
G1 X159.05 Y91 E.08928 U246.561
G1 X159.768 Y91.571 E.08926 U247.478
G1 X160.456 Y92.179 E.08933 U248.396
G1 X161.118 Y92.83 E.09034 U249.325
G1 X161.52 Y93.262 E.05742 U249.915
G1 X162.124 Y93.968 E.0904 U250.844
G1 X162.682 Y94.696 E.08924 U251.761
G1 X163.202 Y95.452 E.08928 U252.679
G1 X163.682 Y96.235 E.08936 U253.597
G1 X164.125 Y97.051 E.09034 U254.526
G1 X164.383 Y97.582 E.05744 U255.116
G1 X164.64 Y98.172 E.06261 U255.76
G1 X164.864 Y98.719 E.05751 U256.351
G1 X165.119 Y99.44 E.07441 U257.116
G1 X165.387 Y100.317 E.08922 U258.033
G1 X165.609 Y101.207 E.08925 U258.95
G1 X165.784 Y102.108 E.0893 U259.868
G1 X165.912 Y103.016 E.08922 U260.785
G1 X165.991 Y103.93 E.08926 U261.702
G1 X166.028 Y105.306 E.13393 U263.079
G1 X165.987 Y106.223 E.08931 U263.996
G1 X165.898 Y107.147 E.09032 U264.925
G1 X165.816 Y107.732 E.05747 U265.515
G1 X165.645 Y108.655 E.09133 U266.454
G1 X165.512 Y109.231 E.05752 U267.045
G1 X165.264 Y110.125 E.09027 U267.973
G1 X164.973 Y110.996 E.08935 U268.891
G1 X164.633 Y111.86 E.09034 U269.82
G1 X164.393 Y112.399 E.05741 U270.41
G1 X163.978 Y113.23 E.09037 U271.339
G1 X163.526 Y114.029 E.08932 U272.257
G1 X163.033 Y114.803 E.08929 U273.174
G1 X162.5 Y115.55 E.08928 U274.092
G1 X161.929 Y116.268 E.08926 U275.009
G1 X161.321 Y116.956 E.08933 U275.928
G1 X160.67 Y117.618 E.09034 U276.856
G1 X160.238 Y118.02 E.05742 U277.446
G1 X159.532 Y118.624 E.0904 U278.375
G1 X158.804 Y119.182 E.08924 U279.293
G1 X158.048 Y119.702 E.08928 U280.21
G1 X157.265 Y120.182 E.08936 U281.129
G1 X156.449 Y120.625 E.09034 U282.057
G1 X155.918 Y120.883 E.05744 U282.647
G1 X155.057 Y121.258 E.09137 U283.587
G1 X154.506 Y121.47 E.05744 U284.177
G1 X153.625 Y121.764 E.09036 U285.106
G1 X152.741 Y122.009 E.08925 U286.023
G1 X151.845 Y122.208 E.0893 U286.941
G1 X150.94 Y122.36 E.08929 U287.859
G1 X150.028 Y122.463 E.0893 U288.776
G1 X149.112 Y122.519 E.08929 U289.694
G1 X148.194 Y122.528 E.08932 U290.612
G1 X147.266 Y122.487 E.09038 U291.541
G1 X146.678 Y122.436 E.05742 U292.131
G1 X145.758 Y122.314 E.0903 U293.059
G1 X144.845 Y122.145 E.09034 U293.988
G1 X144.269 Y122.012 E.05752 U294.579
CUT
G1 X143.375 Y121.764 E.09027
G1 X142.504 Y121.473 E.08935
G1 X141.65 Y121.137 E.08929
G1 X140.815 Y120.756 E.0893
G1 X140.001 Y120.332 E.0893
G1 X139.208 Y119.865 E.08954
G1 X138.525 Y119.415 E.07958
G1 X137.955 Y119.004 E.06837
G1 X137.232 Y118.429 E.08988
G1 X136.544 Y117.821 E.08933
G1 X135.882 Y117.17 E.09034
G1 X135.48 Y116.738 E.05742
G1 X134.876 Y116.032 E.0904
G1 X134.318 Y115.304 E.08924
G1 X133.792 Y114.539 E.09033
G1 X133.479 Y114.038 E.05748
G1 X133.022 Y113.23 E.09032
G1 X132.612 Y112.409 E.08929
G1 X132.246 Y111.567 E.08933
G1 X131.925 Y110.707 E.08931
G1 X131.649 Y109.832 E.08927
G1 X131.418 Y108.941 E.08956
G1 X131.254 Y108.139 E.07965
G1 X131.141 Y107.446 E.06832
G1 X131.037 Y106.528 E.08989
G1 X130.981 Y105.612 E.08929
G1 X130.972 Y104.694 E.08932
G1 X131.013 Y103.774 E.0896
G1 X131.089 Y102.96 E.07954
G1 X131.185 Y102.264 E.06836
G1 X131.355 Y101.345 E.09093
G1 X131.488 Y100.769 E.05752
G1 X131.736 Y99.875 E.09027
G1 X132.027 Y99.004 E.08935
G1 X132.363 Y98.15 E.08929
G1 X132.744 Y97.315 E.0893
G1 X133.168 Y96.501 E.0893
G1 X133.635 Y95.708 E.08954
G1 X134.085 Y95.025 E.07958
G1 X134.496 Y94.455 E.06837
M73 P58 R18

G1 X135.071 Y93.732 E.08988
G1 X135.679 Y93.044 E.08933
G1 X136.324 Y92.388 E.08951
G1 X136.927 Y91.834 E.07967
G1 X137.463 Y91.38 E.06834
G1 X138.196 Y90.818 E.08987
G1 X138.952 Y90.298 E.08928
G1 X139.737 Y89.817 E.08958
G1 X140.456 Y89.425 E.07968
G1 X141.086 Y89.115 E.06832
G1 X141.933 Y88.746 E.08989
G1 X142.793 Y88.425 E.08931
G1 X143.671 Y88.148 E.08958
G1 X144.463 Y87.941 E.07965
G1 X145.149 Y87.793 E.06828
G1 X146.06 Y87.64 E.08988
G1 X146.972 Y87.537 E.0893
G1 X147.891 Y87.48 E.08959
G1 X148.46 Y87.474 E.05536
G1 E-8 F1500
G1 Z3.72 F3000
G1 X138.694 Y91.813 F12000
G1 Z3.52 F3000
G1 E10 F1500
;TYPE:Internal infill
G1 E-30 F1500
G1 Z8.52 F300.0
G1 F12000.0
T0
G1 Z3.52 F300.0
G1 E32.0 F1500
G1 F12000.0
;WIDTH:0.675
G1 F618.478
G1 X137.297 Y92.977 E.14668
G1 X138.091 Y93.424 E.0735
G1 X138.742 Y93.625 E.05496
G1 X139.392 Y93.706 E.05284
G1 X140.043 Y93.598 E.05323
G1 X140.368 Y93.411 E.03025
G1 X140.693 Y93.094 E.03662
G1 X141.994 Y91.408 E.17179
G1 X142.645 Y90.886 E.06731
G1 X143.296 Y90.554 E.05895
G1 X143.946 Y90.352 E.05491
G1 X144.597 Y90.271 E.05292
G1 X145.247 Y90.38 E.05317
G1 X145.572 Y90.567 E.03025
G1 X145.898 Y90.884 E.03668
G1 X147.199 Y92.57 E.17179
G1 X147.849 Y93.092 E.06725
G1 X148.5 Y93.424 E.05895
G1 X149.151 Y93.625 E.05496
G1 X149.801 Y93.706 E.05284
G1 X150.452 Y93.598 E.05323
G1 X150.777 Y93.411 E.03025
G1 X151.102 Y93.094 E.03662
G1 X152.403 Y91.408 E.17179
G1 X153.054 Y90.886 E.06731
G1 X153.704 Y90.554 E.05888
G1 X154.355 Y90.352 E.05498
G1 X155.006 Y90.271 E.05292
G1 X155.656 Y90.38 E.05317
G1 X155.981 Y90.567 E.03025
G1 X156.307 Y90.884 E.03668
G1 X157.608 Y92.57 E.17179
G1 X158.258 Y93.092 E.06725
G1 X158.909 Y93.424 E.05895
G1 X159.559 Y93.625 E.05488
G1 X160.21 Y93.706 E.05292
G1 X160.41 Y93.673 E.01635
G1 X161.268 Y94.648 E.10477
G1 X162.022 Y95.665 E.10212
G1 X161.511 Y96.088 E.05351
G1 X160.21 Y97.774 E.17179
G1 X159.559 Y98.296 E.06731
G1 X158.909 Y98.628 E.05888
G1 X158.258 Y98.83 E.05498
G1 X157.608 Y98.911 E.05284
G1 X156.957 Y98.802 E.05324
G1 X156.632 Y98.615 E.03025
G1 X156.307 Y98.298 E.03662
G1 X155.006 Y96.612 E.17179
G1 X154.355 Y96.09 E.06731
G1 X153.704 Y95.759 E.05891
G1 X153.054 Y95.557 E.05491
G1 X152.403 Y95.476 E.05292
G1 X151.753 Y95.585 E.05317
G1 X151.428 Y95.771 E.03021
G1 X151.102 Y96.088 E.03668
G1 X149.801 Y97.774 E.17179
G1 X149.151 Y98.296 E.06725
G1 X148.5 Y98.628 E.05895
G1 X147.849 Y98.83 E.05498
G1 X147.199 Y98.911 E.05284
G1 X146.548 Y98.802 E.05324
G1 X146.223 Y98.615 E.03025
G1 X145.898 Y98.298 E.03662
G1 X144.597 Y96.612 E.17179
G1 X143.946 Y96.09 E.06731
G1 X143.296 Y95.759 E.05884
G1 X142.645 Y95.557 E.05498
G1 X141.994 Y95.476 E.05292
G1 X141.344 Y95.585 E.05317
G1 X141.019 Y95.771 E.03021
G1 X140.693 Y96.088 E.03668
G1 X139.392 Y97.774 E.17179
G1 X138.742 Y98.296 E.06725
G1 X138.091 Y98.628 E.05895
G1 X137.441 Y98.83 E.05491
G1 X136.79 Y98.911 E.05292
G1 X136.139 Y98.802 E.05324
G1 X135.814 Y98.615 E.03025
G1 X135.489 Y98.298 E.03662
G1 X134.293 Y96.741 E.15837
G1 X133.375 Y98.563 E.16457
G1 X132.781 Y100.194 E.14002
G1 X132.521 Y101.15 E.07992
G1 X132.887 Y100.963 E.03315
G1 X133.537 Y100.761 E.05491
G1 X134.188 Y100.68 E.05292
G1 X134.838 Y100.789 E.05317
G1 X135.164 Y100.976 E.03032
G1 X135.489 Y101.293 E.03662
G1 X136.79 Y102.979 E.17179
G1 X137.441 Y103.501 E.06731
G1 X138.091 Y103.833 E.05888
G1 X138.742 Y104.034 E.05496
G1 X139.392 Y104.115 E.05284
G1 X140.043 Y104.007 E.05323
G1 X140.368 Y103.82 E.03025
G1 X140.693 Y103.503 E.03662
G1 X141.994 Y101.817 E.17179
G1 X142.645 Y101.295 E.06731
G1 X143.296 Y100.963 E.05895
G1 X143.946 Y100.761 E.05491
G1 X144.597 Y100.68 E.05292
G1 X145.247 Y100.789 E.05317
G1 X145.572 Y100.976 E.03025
G1 X145.898 Y101.293 E.03668
G1 X147.199 Y102.979 E.17179
G1 X147.849 Y103.501 E.06725
G1 X148.5 Y103.833 E.05895
G1 X149.151 Y104.034 E.05496
G1 X149.801 Y104.115 E.05284
G1 X150.452 Y104.007 E.05323
G1 X150.777 Y103.82 E.03025
G1 X151.102 Y103.503 E.03662
G1 X152.403 Y101.817 E.17179
G1 X153.054 Y101.295 E.06731
G1 X153.704 Y100.963 E.05888
G1 X154.355 Y100.761 E.05498
G1 X155.006 Y100.68 E.05292
G1 X155.656 Y100.789 E.05317
G1 X155.981 Y100.976 E.03025
G1 X156.307 Y101.293 E.03668
G1 X157.608 Y102.979 E.17179
G1 X158.258 Y103.501 E.06725
G1 X158.909 Y103.833 E.05895
G1 X159.559 Y104.034 E.05488
G1 X160.21 Y104.115 E.05292
G1 X160.861 Y104.007 E.05323
G1 X161.186 Y103.82 E.03025
G1 X161.511 Y103.503 E.03662
G1 X162.812 Y101.817 E.17179
G1 X163.463 Y101.295 E.06731
G1 X164.407 Y100.872 E.08344
G1 X163.855 Y99.14 E.14664
G1 E-8 F1500
G1 Z3.72 F3000
G1 X160.13 Y92.54 F12000
G1 Z3.52 F3000
G1 E10 F1500
;TYPE:Solid infill
;WIDTH:0.675007
G1 F618.471
G1 X160.774 Y93.174 E.0729
G1 X161.239 Y93.68 E.05544
G1 X161.746 Y94.274 E.063
G1 X162.293 Y94.988 E.07256
G1 X162.806 Y95.736 E.07317
;WIDTH:0.674283
G1 F619.21
G1 X163.262 Y96.487 E.07079
;WIDTH:0.669423
G1 F624.22
G1 X163.693 Y97.281 E.07221
;WIDTH:0.675011
G1 F618.467
G1 X163.947 Y97.797 E.04639
G1 X164.31 Y98.633 E.07352
G1 X164.514 Y99.165 E.04596
G1 X164.801 Y100.024 E.07306
G1 X165.039 Y100.884 E.07198
G1 X165.232 Y101.756 E.07204
G1 X165.379 Y102.636 E.07197
G1 X165.48 Y103.522 E.07193
G1 X165.534 Y104.413 E.07201
G1 X165.541 Y105.305 E.07196
G1 X165.502 Y106.197 E.07202
G1 X165.415 Y107.097 E.07294
G1 X165.335 Y107.66 E.04587
G1 X165.168 Y108.563 E.07408
G1 X165.039 Y109.117 E.04589
G1 X164.797 Y109.991 E.07316
G1 X164.513 Y110.837 E.07199
G1 X164.182 Y111.678 E.07291
G1 X163.95 Y112.197 E.04586
G1 X163.545 Y113.009 E.0732
G1 X163.105 Y113.785 E.07196
G1 X162.626 Y114.537 E.07192
G1 X162.107 Y115.264 E.07206
G1 X161.551 Y115.962 E.07199
G1 X160.96 Y116.63 E.07195
G1 X160.326 Y117.274 E.0729
G1 X159.909 Y117.662 E.04595
G1 X159.22 Y118.251 E.07312
G1 X158.512 Y118.793 E.07193
G1 X157.764 Y119.306 E.07317
;WIDTH:0.674285
G1 F619.208
G1 X157.013 Y119.761 E.07075
;WIDTH:0.669423
G1 F624.22
G1 X156.219 Y120.193 E.07224
;WIDTH:0.675011
G1 F618.467
G1 X155.703 Y120.447 E.04639
G1 X154.867 Y120.81 E.07352
G1 X154.335 Y121.014 E.04596
G1 X153.476 Y121.301 E.07306
G1 X152.616 Y121.539 E.07198
G1 X151.744 Y121.732 E.07204
G1 X150.864 Y121.879 E.07197
G1 X149.978 Y121.98 E.07193
G1 X149.087 Y122.034 E.07201
G1 X148.195 Y122.041 E.07196
G1 X147.292 Y122.001 E.07291
G1 X146.725 Y121.951 E.04592
G1 X145.826 Y121.833 E.07314
G1 X144.937 Y121.668 E.07294
G1 X144.383 Y121.539 E.04589
G1 X143.509 Y121.297 E.07316
G1 X142.663 Y121.013 E.07199
G1 X141.833 Y120.686 E.07196
G1 X141.021 Y120.315 E.07202
G1 X140.231 Y119.902 E.07191
;WIDTH:0.673207
G1 F620.313
G1 X139.462 Y119.447 E.07186
;WIDTH:0.674969
G1 F618.51
G1 X138.886 Y119.071 E.05548
G1 X138.243 Y118.612 E.06372
G1 X137.538 Y118.051 E.07267
G1 X136.87 Y117.46 E.07194
G1 X136.226 Y116.826 E.0729
G1 X135.838 Y116.409 E.04594
G1 X135.249 Y115.72 E.07312
G1 X134.707 Y115.012 E.07192
G1 X134.194 Y114.264 E.07316
;WIDTH:0.674267
G1 F619.227
G1 X133.738 Y113.513 E.07079
;WIDTH:0.674963
G1 F618.516
G1 X133.401 Y112.901 E.05635
G1 X133.053 Y112.203 E.06291
G1 X132.694 Y111.377 E.07265
G1 X132.382 Y110.541 E.07198
G1 X132.114 Y109.69 E.07197
G1 X131.891 Y108.824 E.07213
G1 X131.73 Y108.041 E.06448
G1 X131.622 Y107.373 E.05458
G1 X131.52 Y106.478 E.07266
G1 X131.466 Y105.587 E.072
G1 X131.459 Y104.695 E.07195
G1 X131.498 Y103.8 E.07226
G1 X131.574 Y103.006 E.06434
G1 X131.666 Y102.335 E.05463
G1 X131.832 Y101.437 E.07366
G1 X131.961 Y100.883 E.04588
G1 X132.203 Y100.009 E.07315
G1 X132.487 Y99.163 E.07198
G1 X132.82 Y98.32 E.07311
;WIDTH:0.674283
G1 F619.21
G1 X133.187 Y97.523 E.0707
;WIDTH:0.668537
G1 F625.142
G1 X133.6 Y96.732 E.07121
;WIDTH:0.668769
G1 F624.9
G1 X134.053 Y95.962 E.07132
;WIDTH:0.674971
G1 F618.508
G1 X134.429 Y95.386 E.05548
G1 X134.888 Y94.743 E.06372
G1 X135.449 Y94.038 E.07267
G1 X136.04 Y93.37 E.07194
G1 X136.668 Y92.732 E.07221
G1 X137.256 Y92.192 E.0644
G1 X137.773 Y91.755 E.0546
G1 X138.488 Y91.207 E.07266
G1 X139.223 Y90.702 E.07193
G1 X139.947 Y90.258 E.06851
G1 X140.589 Y89.906 E.05906
G1 X141.297 Y89.553 E.06381
G1 X142.136 Y89.189 E.07377
;WIDTH:0.674281
G1 F619.212
G1 X142.959 Y88.885 E.07069
;WIDTH:0.668767
G1 F624.902
G1 X143.811 Y88.617 E.07131
;WIDTH:0.674969
G1 F618.51
G1 X144.477 Y88.44 E.05559
G1 X145.248 Y88.269 E.0637
G1 X146.136 Y88.121 E.07262
G1 X147.022 Y88.02 E.07193
G1 X147.917 Y87.966 E.07232
G1 X149.026 Y87.968 E.08945
G1 X150.28 Y88.049 E.10136
G1 X151.174 Y88.167 E.07274
G1 X152.052 Y88.33 E.07203
G1 X152.721 Y88.489 E.05547
G1 X153.483 Y88.701 E.0638
G1 X154.337 Y88.987 E.07265
G1 X155.167 Y89.314 E.07196
G1 X155.982 Y89.686 E.07226
;WIDTH:0.674825
G1 X156.769 Y90.098 E.07164
;WIDTH:0.672719
G1 F620.814
G1 X157.537 Y90.553 E.07174
;WIDTH:0.674959
G1 F618.52
G1 X158.123 Y90.935 E.05642
G1 X158.757 Y91.388 E.06285
G1 X159.462 Y91.949 E.07267
;WIDTH:0.675076
G1 X159.903 Y92.339 E.0475
G1 E-8 F1500
G1 Z3.72 F3000
G1 X154.9 Y120.135 F12000
G1 Z3.52 F3000
G1 E10 F1500
;TYPE:Internal infill
;WIDTH:0.675
G1 F618.478
M73 P59 R18
G1 X156.533 Y119.336 E.14665
G1 X156.307 Y119.116 E.02544
G1 X155.006 Y117.43 E.17179
G1 X154.355 Y116.908 E.06731
G1 X153.704 Y116.576 E.05895
G1 X153.054 Y116.375 E.05488
G1 X152.403 Y116.294 E.05292
G1 X151.753 Y116.402 E.05315
G1 X151.428 Y116.589 E.03025
G1 X151.102 Y116.906 E.03668
G1 X149.801 Y118.592 E.17179
G1 X149.151 Y119.114 E.06725
G1 X148.5 Y119.446 E.05895
G1 X147.849 Y119.648 E.05498
G1 X147.199 Y119.729 E.05284
G1 X146.548 Y119.62 E.05324
G1 X146.223 Y119.433 E.03025
G1 X145.898 Y119.116 E.03662
G1 X144.597 Y117.43 E.17179
G1 X143.946 Y116.908 E.06731
G1 X143.296 Y116.576 E.05888
G1 X142.645 Y116.375 E.05496
G1 X141.994 Y116.294 E.05292
G1 X141.344 Y116.402 E.05315
G1 X141.019 Y116.589 E.03025
G1 X140.693 Y116.906 E.03668
G1 X140.043 Y117.803 E.08936
G1 X139.331 Y118.641 E.0887
G1 X140.895 Y119.567 E.14662
G1 E-8 F1500
G1 Z3.72 F3000
G1 X132.699 Y109.528 F12000
G1 Z3.52 F3000
G1 E10 F1500
G1 F618.478
G1 X133.297 Y111.245 E.14666
G1 X134.188 Y111.089 E.07297
G1 X134.838 Y111.198 E.05317
G1 X135.164 Y111.385 E.03032
G1 X135.489 Y111.702 E.03662
G1 X136.79 Y113.388 E.17179
G1 X137.441 Y113.91 E.06731
G1 X138.091 Y114.241 E.05884
G1 X138.742 Y114.443 E.05498
G1 X139.392 Y114.524 E.05284
G1 X140.043 Y114.415 E.05324
G1 X140.368 Y114.229 E.03021
G1 X140.693 Y113.912 E.03662
G1 X141.994 Y112.226 E.17179
G1 X142.645 Y111.704 E.06731
G1 X143.296 Y111.372 E.05895
M73 P59 R17
G1 X143.946 Y111.17 E.05491
G1 X144.597 Y111.089 E.05292
G1 X145.247 Y111.198 E.05317
G1 X145.572 Y111.385 E.03025
G1 X145.898 Y111.702 E.03668
G1 X147.199 Y113.388 E.17179
G1 X147.849 Y113.91 E.06725
G1 X148.5 Y114.241 E.05891
G1 X149.151 Y114.443 E.05498
G1 X149.801 Y114.524 E.05284
G1 X150.452 Y114.415 E.05324
G1 X150.777 Y114.229 E.03021
G1 X151.102 Y113.912 E.03662
G1 X152.403 Y112.226 E.17179
G1 X153.054 Y111.704 E.06731
G1 X153.704 Y111.372 E.05888
G1 X154.355 Y111.17 E.05498
G1 X155.006 Y111.089 E.05292
G1 X155.656 Y111.198 E.05317
G1 X155.981 Y111.385 E.03025
G1 X156.307 Y111.702 E.03668
G1 X157.608 Y113.388 E.17179
G1 X158.258 Y113.91 E.06725
G1 X158.909 Y114.241 E.05891
G1 X159.559 Y114.443 E.05491
G1 X160.21 Y114.524 E.05292
G1 X160.861 Y114.415 E.05324
G1 X161.186 Y114.229 E.03021
G1 X161.511 Y113.912 E.03662
G1 X162.812 Y112.226 E.17179
G1 X163.519 Y111.675 E.07231
G1 X164.163 Y109.975 E.14664
G1 E-8 F1500
G1 Z3.72 F3000
G1 X164.587 Y108.371 F12000
G1 Z3.52 F3000
G1 E10 F1500
G1 F618.478
G1 X164.856 Y106.573 E.14665
G1 X164.113 Y106.168 E.06826
G1 X163.463 Y105.966 E.05491
G1 X162.812 Y105.885 E.05292
G1 X162.162 Y105.993 E.05315
G1 X161.836 Y106.18 E.03032
G1 X161.511 Y106.497 E.03662
G1 X160.21 Y108.183 E.17179
G1 X159.559 Y108.705 E.06731
G1 X158.909 Y109.037 E.05888
G1 X158.258 Y109.239 E.05498
G1 X157.608 Y109.32 E.05284
G1 X156.957 Y109.211 E.05324
G1 X156.632 Y109.024 E.03025
G1 X156.307 Y108.707 E.03662
G1 X155.006 Y107.021 E.17179
G1 X154.355 Y106.499 E.06731
G1 X153.704 Y106.168 E.05891
G1 X153.054 Y105.966 E.05491
G1 X152.403 Y105.885 E.05292
G1 X151.753 Y105.993 E.05315
G1 X151.428 Y106.18 E.03025
G1 X151.102 Y106.497 E.03668
G1 X149.801 Y108.183 E.17179
G1 X149.151 Y108.705 E.06725
G1 X148.5 Y109.037 E.05895
G1 X147.849 Y109.239 E.05498
G1 X147.199 Y109.32 E.05284
G1 X146.548 Y109.211 E.05324
G1 X146.223 Y109.024 E.03025
G1 X145.898 Y108.707 E.03662
G1 X144.597 Y107.021 E.17179
G1 X143.946 Y106.499 E.06731
G1 X143.296 Y106.168 E.05884
G1 X142.645 Y105.966 E.05498
G1 X141.994 Y105.885 E.05292
G1 X141.344 Y105.993 E.05315
G1 X141.019 Y106.18 E.03025
G1 X140.693 Y106.497 E.03668
G1 X139.392 Y108.183 E.17179
G1 X138.742 Y108.705 E.06725
G1 X138.091 Y109.037 E.05895
G1 X137.441 Y109.239 E.05491
G1 X136.79 Y109.32 E.05292
G1 X136.139 Y109.211 E.05324
G1 X135.814 Y109.024 E.03025
G1 X135.489 Y108.707 E.03662
G1 X134.188 Y107.021 E.17179
G1 X133.537 Y106.499 E.06731
G1 X132.887 Y106.168 E.05884
G1 X132.095 Y105.948 E.06631
G1 X132.298 Y107.755 E.14668
;LAYER_CHANGE
;Z:3.84
;HEIGHT:0.32

G1 E-8 F1500
G1 Z3.84 F3000
;AFTER_LAYER_CHANGE
;3.84
G92 E0
_ON_LAYER_CHANGE LAYER=12
G1 Z4.04
G1 X148.508 Y85.342 F12000
G1 Z3.84 F3000
G1 E10 F1500
;TYPE:External perimeter
;WIDTH:0.675
G1 F618.478
G1 X148.753 Y85.34 E.01976
G1 X149.528 Y85.364 E.06255
G1 X150.555 Y85.445 E.0831
G1 X151.576 Y85.58 E.08308
G1 X152.589 Y85.768 E.08311
G1 X153.255 Y85.921 E.05512
G1 X154.249 Y86.197 E.08322
G1 X155.225 Y86.523 E.08301
G1 X156.183 Y86.901 E.08308
G1 X157.119 Y87.328 E.08299
G1 X158.033 Y87.803 E.08309
G1 X158.92 Y88.326 E.08306
G1 X159.704 Y88.843 E.07576
G1 X160.332 Y89.296 E.06246
G1 X161.139 Y89.938 E.08318
G1 X161.91 Y90.62 E.08303
G1 X162.644 Y91.342 E.08305
G1 X163.28 Y92.033 E.07576
G1 X163.78 Y92.625 E.06251
G1 X164.407 Y93.443 E.08314
G1 X164.991 Y94.292 E.08312
G1 X165.353 Y94.872 E.05515
G1 X165.861 Y95.769 E.08316
G1 X166.32 Y96.69 E.08301
G1 X166.731 Y97.636 E.0832
G1 X166.976 Y98.274 E.05513
G1 X167.303 Y99.251 E.08311
G1 X167.578 Y100.243 E.08304
G1 X167.801 Y101.248 E.08304
G1 X167.971 Y102.264 E.0831
G1 X168.088 Y103.286 E.08298
G1 X168.15 Y104.314 E.08308
G1 X168.159 Y105.343 E.08301
G1 X168.114 Y106.372 E.08308
G1 X168.016 Y107.398 E.08314
G1 X167.921 Y108.074 E.05507
G1 X167.732 Y109.09 E.08336
G1 X167.579 Y109.755 E.05504
G1 X167.303 Y110.749 E.08322
G1 X166.977 Y111.725 E.08301
G1 X166.599 Y112.684 E.08315
G1 X166.321 Y113.308 E.05511
G1 X165.861 Y114.231 E.08319
G1 X165.354 Y115.127 E.08305
G1 X164.801 Y115.995 E.08302
G1 X164.203 Y116.833 E.08304
G1 X163.562 Y117.639 E.08307
G1 X162.88 Y118.41 E.08303
G1 X162.158 Y119.145 E.08311
G1 X161.658 Y119.611 E.05513
G1 X160.874 Y120.281 E.08319
G1 X160.057 Y120.907 E.08303
G1 X159.208 Y121.491 E.08312
G1 X158.628 Y121.853 E.05515
G1 X157.731 Y122.361 E.08316
G1 X156.81 Y122.82 E.08301
G1 X155.864 Y123.231 E.0832
G1 X155.226 Y123.476 E.05513
G1 X154.249 Y123.803 E.08311
G1 X153.257 Y124.078 E.08304
G1 X152.252 Y124.301 E.08304
G1 X151.236 Y124.471 E.0831
G1 X150.214 Y124.588 E.08298
G1 X149.186 Y124.65 E.08308
G1 X148.157 Y124.659 E.08301
G1 X147.127 Y124.614 E.08317
G1 X146.446 Y124.555 E.05514
G1 X145.424 Y124.42 E.08316
G1 X144.411 Y124.232 E.08311
G1 X143.745 Y124.079 E.05512
G1 X142.751 Y123.803 E.08322
G1 X141.775 Y123.477 E.08301
G1 X140.817 Y123.099 E.08308
G1 X139.88 Y122.672 E.08306
G1 X139.046 Y122.24 E.07577
G1 X138.374 Y121.854 E.06251
G1 X137.505 Y121.301 E.08309
G1 X136.667 Y120.703 E.08304
G1 X135.861 Y120.062 E.08307
G1 X135.09 Y119.38 E.08303
G1 X134.355 Y118.658 E.08311
G1 X133.889 Y118.158 E.05513
G1 X133.219 Y117.374 E.08319
G1 X132.593 Y116.557 E.08303
G1 X132.01 Y115.709 E.08301
G1 X131.472 Y114.831 E.08306
G1 X131.022 Y114.006 E.07581
G1 X130.68 Y113.311 E.06248
G1 X130.269 Y112.366 E.08313
G1 X129.909 Y111.401 E.08308
G1 X129.599 Y110.42 E.08299
G1 X129.342 Y109.423 E.08305
G1 X129.153 Y108.503 E.07576
G1 X129.029 Y107.737 E.06259
G1 X128.912 Y106.714 E.08306
G1 X128.85 Y105.686 E.08308
G1 X128.841 Y104.657 E.08301
G1 X128.886 Y103.628 E.08308
G1 X128.974 Y102.693 E.07576
G1 X129.08 Y101.925 E.06254
G1 X129.268 Y100.911 E.08319
G1 X129.421 Y100.245 E.05512
G1 X129.697 Y99.251 E.08322
G1 X130.023 Y98.275 E.08301
G1 X130.401 Y97.316 E.08315
G1 X130.679 Y96.692 E.05511
G1 X131.139 Y95.769 E.08319
G1 X131.646 Y94.873 E.08305
G1 X132.199 Y94.005 E.08302
G1 X132.797 Y93.167 E.08304
G1 X133.438 Y92.361 E.08307
G1 X134.12 Y91.59 E.08303
G1 X134.842 Y90.856 E.08305
G1 X135.533 Y90.22 E.07576
G1 X136.125 Y89.72 E.06251
G1 X136.943 Y89.093 E.08314
G1 X137.791 Y88.51 E.08301
G1 X138.591 Y88.017 E.0758
G1 X139.268 Y87.64 E.06251
G1 X140.19 Y87.18 E.08312
G1 X141.136 Y86.769 E.0832
G1 X141.774 Y86.524 E.05513
G1 X142.751 Y86.197 E.08311
G1 X143.743 Y85.922 E.08304
G1 X144.748 Y85.699 E.08304
G1 X145.764 Y85.529 E.0831
G1 X146.786 Y85.412 E.08298
G1 X147.814 Y85.35 E.08308
G1 X148.478 Y85.343 E.05357
G1 X149.078 Y85.351 F12000
G1 X148.502 Y86.011
;TYPE:Perimeter
G1 E-30 F1500
G1 Z8.84 F300.0
G1 F12000.0
T1
G1 Z3.84 F300.0
PRIME_FIBRE
G1 E45.0 F1500
G1 F12000.0
;WIDTH:0.8
G1 F512.767
M73 P60 R17
G1 X148.746 Y86.009 E.02374
G1 X149.491 Y86.032 E.07252 U0.745
G1 X150.485 Y86.111 E.09702 U1.742
G1 X151.471 Y86.241 E.09676 U2.737
G1 X152.453 Y86.423 E.09717 U3.736
G1 X153.091 Y86.57 E.0637 U4.39
G1 X154.053 Y86.837 E.09714 U5.389
G1 X154.996 Y87.152 E.09673 U6.383
G1 X155.921 Y87.517 E.09675 U7.377
G1 X156.826 Y87.929 E.09675 U8.372
G1 X157.708 Y88.388 E.09674 U9.366
G1 X158.566 Y88.893 E.09687 U10.362
G1 X159.324 Y89.393 E.08835 U11.27
G1 X159.928 Y89.829 E.07248 U12.015
G1 X160.709 Y90.45 E.09708 U13.012
G1 X161.453 Y91.109 E.0967 U14.006
G1 X162.163 Y91.807 E.09687 U15.002
G1 X162.778 Y92.475 E.08834 U15.91
G1 X163.259 Y93.045 E.07257 U16.656
G1 X163.866 Y93.836 E.09701 U17.653
G1 X164.432 Y94.659 E.09718 U18.652
G1 X164.778 Y95.214 E.06363 U19.306
G1 X165.27 Y96.083 E.09716 U20.304
G1 X165.714 Y96.973 E.09677 U21.299
G1 X166.112 Y97.889 E.09717 U22.298
G1 X166.506 Y98.975 E.1124 U23.453
G1 X166.796 Y99.926 E.09674 U24.447
G1 X167.037 Y100.89 E.09668 U25.441
G1 X167.226 Y101.866 E.09673 U26.435
G1 X167.365 Y102.851 E.09679 U27.43
G1 X167.451 Y103.841 E.09669 U28.423
G1 X167.49 Y105.331 E.14502 U29.914
G1 X167.447 Y106.325 E.0968 U30.909
G1 X167.351 Y107.319 E.09716 U31.908
G1 X167.26 Y107.967 E.06367 U32.562
G1 X167.077 Y108.953 E.09757 U33.565
G1 X166.93 Y109.591 E.0637 U34.219
G1 X166.663 Y110.553 E.09714 U35.218
G1 X166.348 Y111.496 E.09673 U36.212
G1 X165.982 Y112.425 E.09715 U37.211
G1 X165.716 Y113.023 E.06368 U37.865
G1 X165.27 Y113.917 E.09721 U38.864
G1 X164.78 Y114.782 E.09673 U39.858
G1 X164.246 Y115.621 E.09676 U40.853
G1 X163.669 Y116.43 E.09668 U41.846
G1 X163.05 Y117.209 E.09681 U42.841
G1 X162.391 Y117.953 E.0967 U43.835
G1 X161.691 Y118.666 E.09722 U44.835
G1 X161.212 Y119.112 E.06368 U45.489
G1 X160.453 Y119.761 E.09716 U46.488
G1 X159.664 Y120.366 E.09674 U47.482
G1 X158.841 Y120.932 E.09718 U48.481
G1 X158.286 Y121.278 E.06363 U49.135
G1 X157.417 Y121.77 E.09716 U50.133
G1 X156.527 Y122.214 E.09677 U51.128
G1 X155.611 Y122.612 E.09717 U52.127
G1 X155 Y122.846 E.06366 U52.781
G1 X154.053 Y123.163 E.09716 U53.78
G1 X153.095 Y123.429 E.09674 U54.774
G1 X152.124 Y123.644 E.09676 U55.768
G1 X151.143 Y123.808 E.09677 U56.763
G1 X150.155 Y123.921 E.09676 U57.757
G1 X149.163 Y123.982 E.0967 U58.751
G1 X148.169 Y123.99 E.09672 U59.745
G1 X147.171 Y123.947 E.09719 U60.744
G1 X146.519 Y123.89 E.06368 U61.399
G1 X145.529 Y123.759 E.09716 U62.397
G1 X144.547 Y123.577 E.09717 U63.396
G1 X143.909 Y123.43 E.0637 U64.051
G1 X142.947 Y123.163 E.09714 U65.049
G1 X142.004 Y122.848 E.09673 U66.043
G1 X141.079 Y122.483 E.09675 U67.038
G1 X140.173 Y122.071 E.09684 U68.033
G1 X139.367 Y121.653 E.08834 U68.941
G1 X138.72 Y121.282 E.07257 U69.687
G1 X137.879 Y120.746 E.09703 U70.684
G1 X137.07 Y120.169 E.09668 U71.678
G1 X136.291 Y119.55 E.09681 U72.673
G1 X135.547 Y118.891 E.0967 U73.667
G1 X134.834 Y118.191 E.09722 U74.666
G1 X134.388 Y117.712 E.06368 U75.32
G1 X133.739 Y116.953 E.09716 U76.319
G1 X133.134 Y116.164 E.09674 U77.313
G1 X132.571 Y115.345 E.0967 U78.307
G1 X132.051 Y114.496 E.09687 U79.303
G1 X131.616 Y113.699 E.08834 U80.211
G1 X131.287 Y113.03 E.07254 U80.956
G1 X130.89 Y112.115 E.09704 U81.954
G1 X130.541 Y111.184 E.09674 U82.948
G1 X130.242 Y110.235 E.09681 U83.943
G1 X129.993 Y109.272 E.09678 U84.938
G1 X129.811 Y108.382 E.08839 U85.846
G1 X129.692 Y107.646 E.07254 U86.592
G1 X129.579 Y106.655 E.09705 U87.589
G1 X129.518 Y105.663 E.0967 U88.583
G1 X129.51 Y104.669 E.09672 U89.577
G1 X129.553 Y103.674 E.0969 U90.573
G1 X129.638 Y102.77 E.08834 U91.481
G1 X129.74 Y102.032 E.07249 U92.226
G1 X129.923 Y101.047 E.09748 U93.228
G1 X130.07 Y100.409 E.0637 U93.882
G1 X130.337 Y99.447 E.09714 U94.881
G1 X130.652 Y98.504 E.09673 U95.875
G1 X131.018 Y97.575 E.09715 U96.873
G1 X131.284 Y96.977 E.06368 U97.528
G1 X131.73 Y96.083 E.09721 U98.527
G1 X132.22 Y95.218 E.09673 U99.521
G1 X132.754 Y94.379 E.09676 U100.516
G1 X133.331 Y93.57 E.09668 U101.509
G1 X133.95 Y92.791 E.09681 U102.504
G1 X134.609 Y92.047 E.0967 U103.498
G1 X135.307 Y91.337 E.09687 U104.494
G1 X135.975 Y90.722 E.08834 U105.402
G1 X136.545 Y90.241 E.07257 U106.148
G1 X137.336 Y89.634 E.09701 U107.145
G1 X138.156 Y89.07 E.09683 U108.14
G1 X138.93 Y88.595 E.08836 U109.048
G1 X139.581 Y88.231 E.07257 U109.794
G1 X140.473 Y87.786 E.09699 U110.791
G1 X141.389 Y87.388 E.09717 U111.79
G1 X142 Y87.153 E.06369 U112.444
G1 X142.947 Y86.837 E.09713 U113.443
G1 X143.905 Y86.571 E.09674 U114.437
G1 X144.876 Y86.356 E.09676 U115.431
G1 X145.857 Y86.192 E.09677 U116.426
G1 X146.845 Y86.079 E.09676 U117.42
G1 X147.838 Y86.018 E.0968 U118.415
G1 X148.472 Y86.012 E.06169 U119.049
G1 X148.496 Y86.743 F12000 U119.781
G1 F512.767
G1 X148.738 Y86.74 E.02355 U120.023
G1 X149.451 Y86.763 E.06941 U120.736
G1 X150.409 Y86.838 E.09349 U121.697
G1 X151.357 Y86.963 E.09304 U122.653
G1 X152.304 Y87.139 E.09372 U123.616
G1 X152.911 Y87.279 E.06061 U124.239
G1 X153.839 Y87.536 E.09369 U125.202
G1 X154.746 Y87.84 E.09307 U126.159
G1 X155.635 Y88.19 E.09296 U127.114
G1 X156.505 Y88.586 E.093 U128.07
G1 X157.354 Y89.028 E.09313 U129.027
G1 X158.179 Y89.514 E.09316 U129.985
G1 X158.908 Y89.995 E.08498 U130.858
G1 X159.486 Y90.412 E.06935 U131.571
G1 X160.238 Y91.011 E.09354 U132.532
G1 X160.954 Y91.644 E.09299 U133.488
G1 X161.637 Y92.315 E.09316 U134.445
G1 X162.229 Y92.959 E.08511 U135.32
G1 X162.689 Y93.504 E.06939 U136.033
G1 X163.274 Y94.266 E.09347 U136.994
G1 X163.82 Y95.06 E.09376 U137.958
G1 X164.15 Y95.588 E.06058 U138.58
G1 X164.624 Y96.427 E.09376 U139.544
G1 X165.051 Y97.282 E.09299 U140.5
G1 X165.311 Y97.881 E.06353 U141.153
G1 X165.547 Y98.456 E.06047 U141.774
G1 X165.812 Y99.207 E.07748 U142.571
G1 X166.092 Y100.121 E.09301 U143.527
G1 X166.323 Y101.049 E.09305 U144.483
G1 X166.505 Y101.987 E.09297 U145.438
G1 X166.638 Y102.933 E.09295 U146.394
G1 X166.721 Y103.886 E.09307 U147.35
G1 X166.759 Y105.319 E.13947 U148.784
G1 X166.717 Y106.274 E.09301 U149.74
G1 X166.625 Y107.233 E.09374 U150.703
G1 X166.538 Y107.849 E.06053 U151.325
G1 X166.361 Y108.804 E.0945 U152.296
G1 X166.221 Y109.411 E.06061 U152.919
G1 X165.964 Y110.339 E.09369 U153.882
G1 X165.66 Y111.246 E.09307 U154.839
G1 X165.307 Y112.142 E.0937 U155.802
G1 X165.054 Y112.711 E.06059 U156.425
G1 X164.624 Y113.573 E.09373 U157.388
G1 X164.153 Y114.405 E.09302 U158.344
G1 X163.64 Y115.212 E.09304 U159.3
G1 X163.084 Y115.99 E.09304 U160.257
G1 X162.489 Y116.738 E.09299 U161.212
G1 X161.856 Y117.454 E.09299 U162.168
G1 X161.18 Y118.142 E.09385 U163.133
G1 X160.725 Y118.566 E.06051 U163.754
G1 X159.992 Y119.192 E.09379 U164.718
G1 X159.234 Y119.774 E.09298 U165.674
G1 X158.44 Y120.32 E.09376 U166.638
G1 X157.912 Y120.65 E.06058 U167.26
G1 X157.073 Y121.124 E.09376 U168.224
G1 X156.218 Y121.551 E.09299 U169.18
G1 X155.334 Y121.935 E.09377 U170.143
G1 X154.753 Y122.158 E.06055 U170.766
G1 X153.839 Y122.464 E.09378 U171.73
G1 X152.918 Y122.719 E.09298 U172.685
G1 X151.985 Y122.926 E.09298 U173.641
G1 X151.042 Y123.084 E.09303 U174.597
G1 X150.092 Y123.192 E.09303 U175.553
G1 X149.137 Y123.251 E.09309 U176.51
G1 X148.181 Y123.259 E.09302 U177.466
G1 X147.219 Y123.217 E.09369 U178.429
G1 X146.599 Y123.163 E.06055 U179.051
G1 X145.643 Y123.037 E.09382 U180.016
G1 X144.696 Y122.861 E.09372 U180.979
G1 X144.089 Y122.721 E.06061 U181.602
G1 X143.161 Y122.464 E.09369 U182.565
G1 X142.254 Y122.16 E.09307 U183.521
G1 X141.365 Y121.81 E.09296 U184.477
G1 X140.493 Y121.413 E.09322 U185.435
G1 X139.717 Y121.011 E.08503 U186.309
G1 X139.099 Y120.656 E.06934 U187.021
G1 X138.288 Y120.14 E.09352 U187.983
G1 X137.51 Y119.584 E.09304 U188.939
G1 X136.762 Y118.989 E.09299 U189.895
G1 X136.045 Y118.356 E.09306 U190.851
G1 X135.358 Y117.68 E.09378 U191.815
G1 X134.934 Y117.225 E.06051 U192.437
G1 X134.308 Y116.492 E.09379 U193.401
G1 X133.726 Y115.734 E.09298 U194.357
G1 X133.184 Y114.946 E.09305 U195.313
G1 X132.684 Y114.13 E.09311 U196.27
G1 X132.266 Y113.362 E.08507 U197.144
G1 X131.951 Y112.722 E.0694 U197.858
G1 X131.568 Y111.841 E.09347 U198.818
G1 X131.233 Y110.945 E.09307 U199.775
G1 X130.946 Y110.034 E.09293 U200.73
G1 X130.706 Y109.107 E.09317 U201.688
G1 X130.53 Y108.25 E.08512 U202.562
G1 X130.417 Y107.546 E.06937 U203.275
G1 X130.308 Y106.592 E.09342 U204.236
G1 X130.249 Y105.637 E.09309 U205.193
G1 X130.241 Y104.681 E.09302 U206.149
G1 X130.283 Y103.725 E.0931 U207.105
G1 X130.365 Y102.854 E.08512 U207.98
G1 X130.462 Y102.148 E.06934 U208.693
G1 X130.639 Y101.196 E.09421 U209.661
G1 X130.779 Y100.589 E.06061 U210.284
G1 X131.036 Y99.661 E.09369 U211.247
G1 X131.34 Y98.754 E.09307 U212.204
G1 X131.693 Y97.858 E.0937 U213.167
G1 X131.946 Y97.289 E.06059 U213.789
G1 X132.376 Y96.427 E.09373 U214.753
G1 X132.847 Y95.594 E.09311 U215.71
G1 X133.36 Y94.788 E.09296 U216.665
G1 X133.916 Y94.01 E.09304 U217.621
G1 X134.511 Y93.262 E.09299 U218.577
G1 X135.144 Y92.546 E.09299 U219.533
G1 X135.815 Y91.863 E.09316 U220.49
G1 X136.459 Y91.271 E.08511 U221.365
G1 X137.004 Y90.811 E.06939 U222.078
G1 X137.766 Y90.226 E.09347 U223.039
G1 X138.555 Y89.684 E.09313 U223.996
G1 X139.3 Y89.226 E.08509 U224.871
G1 X139.922 Y88.878 E.06935 U225.583
G1 X140.782 Y88.449 E.09351 U226.544
G1 X141.666 Y88.065 E.09377 U227.508
M73 P61 R17
G1 X142.247 Y87.842 E.06055 U228.131
G1 X143.161 Y87.536 E.09378 U229.094
G1 X144.082 Y87.281 E.09298 U230.05
G1 X145.015 Y87.074 E.09298 U231.006
G1 X145.958 Y86.916 E.09303 U231.962
G1 X146.908 Y86.808 E.09303 U232.918
G1 X147.864 Y86.749 E.09319 U233.876
G1 X148.466 Y86.743 E.05858 U234.478
G1 X148.49 Y87.474 F12000 U235.209
G1 F512.767
G1 X148.73 Y87.472 E.02335 U235.449
G1 X149.41 Y87.493 E.06619 U236.13
G1 X150.332 Y87.566 E.08999 U237.054
G1 X151.242 Y87.686 E.08931 U237.972
G1 X152.155 Y87.855 E.09034 U238.901
G1 X152.731 Y87.988 E.05752 U239.492
G1 X153.625 Y88.236 E.09027 U240.42
G1 X154.496 Y88.527 E.08935 U241.338
G1 X155.35 Y88.863 E.08929 U242.256
G1 X156.185 Y89.244 E.0893 U243.174
G1 X156.999 Y89.668 E.0893 U244.091
G1 X157.791 Y90.135 E.08946 U245.011
G1 X158.493 Y90.597 E.08177 U245.851
G1 X159.044 Y90.995 E.06613 U246.531
G1 X159.768 Y91.571 E.09002 U247.456
G1 X160.456 Y92.179 E.08933 U248.374
G1 X161.112 Y92.824 E.08951 U249.294
G1 X161.68 Y93.442 E.08167 U250.134
G1 X162.119 Y93.962 E.06621 U250.814
G1 X162.682 Y94.696 E.09 U251.739
G1 X163.208 Y95.461 E.09033 U252.668
G1 X163.521 Y95.962 E.05748 U253.258
G1 X163.978 Y96.77 E.09032 U254.187
G1 X164.388 Y97.591 E.08929 U255.104
G1 X164.64 Y98.172 E.06162 U255.738
G1 X164.864 Y98.719 E.05751 U256.329
G1 X165.119 Y99.44 E.07441 U257.094
G1 X165.387 Y100.317 E.08922 U258.011
G1 X165.609 Y101.207 E.08925 U258.928
G1 X165.784 Y102.108 E.0893 U259.846
G1 X165.912 Y103.016 E.08922 U260.763
G1 X165.991 Y103.93 E.08926 U261.68
G1 X166.028 Y105.306 E.13393 U263.057
G1 X165.987 Y106.223 E.08931 U263.974
G1 X165.898 Y107.147 E.09032 U264.903
G1 X165.816 Y107.732 E.05747 U265.493
G1 X165.645 Y108.655 E.09133 U266.432
G1 X165.512 Y109.231 E.05752 U267.023
G1 X165.264 Y110.125 E.09027 U267.951
G1 X164.973 Y110.996 E.08935 U268.869
G1 X164.633 Y111.86 E.09034 U269.798
G1 X164.393 Y112.399 E.05741 U270.388
G1 X163.978 Y113.23 E.09037 U271.317
G1 X163.526 Y114.029 E.08932 U272.235
G1 X163.033 Y114.803 E.08929 U273.152
G1 X162.5 Y115.55 E.08928 U274.07
G1 X161.929 Y116.268 E.08926 U274.987
G1 X161.321 Y116.956 E.08933 U275.906
G1 X160.67 Y117.618 E.09034 U276.834
G1 X160.238 Y118.02 E.05742 U277.424
G1 X159.532 Y118.624 E.0904 U278.353
G1 X158.804 Y119.182 E.08924 U279.271
G1 X158.039 Y119.708 E.09033 U280.199
G1 X157.538 Y120.021 E.05748 U280.79
G1 X156.73 Y120.478 E.09032 U281.718
G1 X155.909 Y120.888 E.08929 U282.636
G1 X155.057 Y121.258 E.09038 U283.565
G1 X154.506 Y121.47 E.05744 U284.155
G1 X153.625 Y121.764 E.09036 U285.084
G1 X152.741 Y122.009 E.08925 U286.001
G1 X151.845 Y122.208 E.0893 U286.919
G1 X150.94 Y122.36 E.08929 U287.836
G1 X150.028 Y122.463 E.0893 U288.754
G1 X149.112 Y122.519 E.08929 U289.672
G1 X148.194 Y122.528 E.08932 U290.59
G1 X147.266 Y122.487 E.09038 U291.519
G1 X146.678 Y122.436 E.05742 U292.109
G1 X145.758 Y122.314 E.0903 U293.037
G1 X144.845 Y122.145 E.09034 U293.966
G1 X144.269 Y122.012 E.05752 U294.557
CUT
G1 X143.375 Y121.764 E.09027
G1 X142.504 Y121.473 E.08935
G1 X141.65 Y121.137 E.08929
G1 X140.813 Y120.755 E.08952
G1 X140.067 Y120.368 E.08177
G1 X139.477 Y120.03 E.06616
G1 X138.697 Y119.533 E.08999
G1 X137.95 Y119 E.08928
G1 X137.232 Y118.429 E.08926
G1 X136.544 Y117.821 E.08933
G1 X135.882 Y117.17 E.09034
G1 X135.48 Y116.738 E.05742
G1 X134.876 Y116.032 E.0904
G1 X134.318 Y115.304 E.08924
G1 X133.798 Y114.548 E.08928
G1 X133.317 Y113.763 E.08958
G1 X132.915 Y113.026 E.08168
G1 X132.615 Y112.415 E.06623
G1 X132.246 Y111.567 E.08998
G1 X131.925 Y110.707 E.08931
G1 X131.649 Y109.832 E.08927
G1 X131.419 Y108.941 E.08953
G1 X131.25 Y108.118 E.08175
G1 X131.141 Y107.447 E.06614
G1 X131.037 Y106.528 E.08999
G1 X130.981 Y105.612 E.08929
G1 X130.972 Y104.694 E.08932
G1 X131.013 Y103.775 E.0895
G1 X131.092 Y102.939 E.0817
G1 X131.184 Y102.265 E.06619
G1 X131.355 Y101.345 E.09105
G1 X131.488 Y100.769 E.05752
G1 X131.736 Y99.875 E.09027
G1 X132.027 Y99.004 E.08935
G1 X132.367 Y98.14 E.09034
G1 X132.607 Y97.601 E.05741
G1 X133.022 Y96.77 E.09037
G1 X133.474 Y95.971 E.08932
G1 X133.967 Y95.197 E.08929
G1 X134.5 Y94.45 E.08928
G1 X135.071 Y93.732 E.08926
G1 X135.679 Y93.044 E.08933
G1 X136.324 Y92.388 E.08951
G1 X136.942 Y91.82 E.08167
M73 P61 R16

G1 X137.462 Y91.381 E.06621
G1 X138.196 Y90.818 E.09
G1 X138.954 Y90.297 E.08949
G1 X139.67 Y89.857 E.08177
G1 X140.264 Y89.525 E.06621
G1 X141.091 Y89.112 E.08994
G1 X141.943 Y88.742 E.09038
G1 X142.494 Y88.53 E.05744
G1 X143.375 Y88.236 E.09036
G1 X144.259 Y87.991 E.08925
G1 X145.155 Y87.792 E.0893
G1 X146.06 Y87.64 E.08929
G1 X146.972 Y87.537 E.0893
G1 X147.89 Y87.48 E.08949
G1 X148.46 Y87.474 E.05546
G1 E-8 F1500
G1 Z4.04 F3000
G1 X131.753 Y109.394 F12000
G1 Z3.84 F3000
G1 E10 F1500
;TYPE:Bridge infill
G1 E-30 F1500
G1 Z8.84 F300.0
G1 F12000.0
T0
G1 Z3.84 F300.0
G1 E32.0 F1500
G1 F12000.0
;WIDTH:0.50956
;HEIGHT:0.501996
G1 F588.438
G1 X133.085 Y112.331 E.27342
G1 X133.323 Y112.814 E.04565
G1 X133.715 Y113.533 E.06943
G1 X134.183 Y114.298 E.07603
G1 X134.689 Y115.034 E.07573
G1 X135.263 Y115.778 E.07967
G1 X131.673 Y107.863 E.73687
G1 X131.596 Y107.384 E.04113
G1 X131.494 Y106.488 E.07646
G1 X131.467 Y106.054 E.03687
G1 X136.486 Y117.12 E1.03021
G1 X136.857 Y117.485 E.04413
G1 X137.539 Y118.087 E.07713
G1 X131.435 Y104.628 E1.25298
G1 X131.471 Y103.807 E.06967
G1 X131.506 Y103.43 E.0321
G1 X138.485 Y118.818 E1.43257
G1 X138.954 Y119.153 E.04887
G1 X139.372 Y119.419 E.04201
G1 X131.635 Y102.359 E1.58821
G1 X131.813 Y101.398 E.08286
G1 X140.215 Y119.924 E1.7247
G1 X141.021 Y120.345 E.0771
G1 X132.032 Y100.525 E1.84517
G1 X132.275 Y99.708 E.07227
M73 P62 R16
G1 X141.795 Y120.698 E1.9541
G1 X142.544 Y120.996 E.06834
G1 X132.544 Y98.945 E2.05284
G1 X132.832 Y98.225 E.06575
G1 X143.272 Y121.246 E2.14314
G1 X143.982 Y121.457 E.0628
G1 X133.143 Y97.556 E2.22507
G1 X133.467 Y96.915 E.06089
G1 X144.678 Y121.636 E2.30141
G1 X145.355 Y121.773 E.05856
G1 X133.808 Y96.313 E2.37024
G1 X134.164 Y95.742 E.05705
G1 X146.02 Y121.886 E2.43387
G1 X146.674 Y121.972 E.05593
G1 X134.531 Y95.197 E2.49264
G1 X134.908 Y94.674 E.05466
G1 X147.314 Y122.03 E2.54671
G1 X147.941 Y122.057 E.05321
M73 P63 R16
G1 X135.299 Y94.182 E2.59505
G1 X135.701 Y93.713 E.05237
G1 X148.559 Y122.065 E2.63945
G1 X149.17 Y122.056 E.05181
G1 X136.11 Y93.261 E2.68073
G1 X136.531 Y92.833 E.0509
G1 X149.767 Y122.02 E2.71716
G1 X150.357 Y121.964 E.05025
G1 X136.961 Y92.426 E2.74986
G1 X137.398 Y92.036 E.04966
G1 X150.939 Y121.894 E2.77965
G1 X151.51 Y121.799 E.04908
M73 P63 R15
G1 X137.845 Y91.666 E2.80523
G1 X138.3 Y91.316 E.04867
G1 X152.074 Y121.687 E2.82742
G1 X152.633 Y121.563 E.04855
M73 P64 R15
G1 X138.764 Y90.984 E2.84681
G1 X139.233 Y90.664 E.04814
G1 X153.178 Y121.412 E2.86252
G1 X153.719 Y121.249 E.0479
G1 X139.714 Y90.368 E2.87489
G1 X140.2 Y90.086 E.04764
G1 X154.252 Y121.071 E2.88457
G1 X154.777 Y120.874 E.04754
G1 X140.695 Y89.823 E2.89071
G1 X141.196 Y89.573 E.04747
G1 X155.293 Y120.655 E2.89363
G1 X155.715 Y120.472 E.039
G1 X155.804 Y120.427 E.00846
G1 X141.707 Y89.345 E2.89363
G1 X142.223 Y89.126 E.04753
G1 X156.305 Y120.177 E2.89071
G1 X156.799 Y119.912 E.04753
M73 P65 R15
G1 X142.748 Y88.929 E2.88438
G1 X143.281 Y88.751 E.04764
G1 X157.288 Y119.635 E2.87519
G1 X157.767 Y119.337 E.04783
G1 X143.822 Y88.588 E2.8626
G1 X144.367 Y88.437 E.04795
G1 X158.236 Y119.016 E2.84681
G1 X158.7 Y118.684 E.04837
G1 X144.926 Y88.313 E2.82742
G1 X145.489 Y88.201 E.04867
G1 X159.155 Y118.334 E2.80526
G1 X159.601 Y117.961 E.04929
G1 X146.061 Y88.106 E2.77938
G1 X146.643 Y88.036 E.0497
M73 P66 R14
G1 X160.041 Y117.577 E2.75017
G1 X160.469 Y117.167 E.05025
G1 X147.233 Y87.98 E2.71716
G1 X147.83 Y87.944 E.05071
G1 X160.89 Y116.739 E2.68073
G1 X161.299 Y116.287 E.05168
G1 X148.443 Y87.94 E2.63899
G1 X149.058 Y87.942 E.05214
G1 X161.701 Y115.818 E2.59517
G1 X162.092 Y115.326 E.05328
G1 X149.692 Y87.983 E2.5455
G1 X150.326 Y88.028 E.05389
G1 X162.469 Y114.803 E2.49264
G1 X162.836 Y114.258 E.05571
G1 X150.98 Y88.114 E2.43387
G1 X151.645 Y88.227 E.05719
G1 X163.192 Y113.687 E2.37024
G1 X163.533 Y113.085 E.05866
M73 P67 R14
G1 X152.322 Y88.364 E2.30141
G1 X153.018 Y88.543 E.06093
G1 X163.857 Y112.444 E2.22507
G1 X164.168 Y111.775 E.06255
G1 X153.728 Y88.754 E2.14314
G1 X154.456 Y89.004 E.06526
G1 X164.456 Y111.056 E2.05292
G1 X164.724 Y110.292 E.06864
G1 X155.205 Y89.302 E1.95407
G1 X155.979 Y89.655 E.07213
G1 X164.968 Y109.475 E1.84517
G1 X165.187 Y108.602 E.07631
G1 X156.784 Y90.074 E1.72489
G1 X157.626 Y90.575 E.08307
G1 X165.366 Y107.642 E1.58886
G1 X165.493 Y106.568 E.09169
G1 X158.513 Y91.178 E1.43276
G1 X159.461 Y91.913 E.1017
G1 X165.565 Y105.372 E1.25298
G1 X165.561 Y104.404 E.08207
G1 X165.533 Y103.946 E.0389
G1 X160.514 Y92.88 E1.03021
G1 X160.782 Y93.143 E.03184
M73 P68 R14
G1 X161.336 Y93.746 E.06943
G1 X161.736 Y94.22 E.05259
G1 X165.322 Y102.125 E.73596
G1 X165.258 Y101.743 E.03284
G1 X165.064 Y100.87 E.07582
G1 X164.825 Y100.009 E.07576
G1 X164.538 Y99.149 E.07687
G1 X164.333 Y98.617 E.04834
G1 X164.066 Y98.001 E.05692
G1 X162.838 Y95.294 E.25202
;LAYER_CHANGE
;Z:4.16
;HEIGHT:0.32

G1 E-8 F1500
G1 Z4.16 F3000
;AFTER_LAYER_CHANGE
;4.16
G92 E0
_ON_LAYER_CHANGE LAYER=13
G1 Z4.36
G1 X148.508 Y85.343 F12000
G1 Z4.16 F3000
G1 E10 F1500
;TYPE:External perimeter
;WIDTH:0.675
G1 F618.478
G1 X148.775 Y85.34 E.02154
G1 X149.528 Y85.364 E.06077
G1 X150.555 Y85.445 E.0831
G1 X151.576 Y85.58 E.08308
G1 X152.588 Y85.767 E.08302
G1 X153.523 Y85.991 E.07756
G1 X154.248 Y86.196 E.06078
G1 X155.225 Y86.523 E.08311
G1 X156.183 Y86.901 E.08308
G1 X157.12 Y87.328 E.08306
G1 X157.973 Y87.771 E.07753
G1 X158.626 Y88.145 E.0607
G1 X159.495 Y88.699 E.08313
G1 X160.333 Y89.297 E.08304
G1 X161.139 Y89.938 E.08307
G1 X161.91 Y90.62 E.08303
G1 X162.644 Y91.342 E.08305
G1 X163.295 Y92.05 E.07758
G1 X163.78 Y92.625 E.06068
G1 X164.407 Y93.443 E.08314
G1 X164.99 Y94.291 E.08301
G1 X165.528 Y95.169 E.08306
G1 X165.988 Y96.013 E.07754
G1 X166.32 Y96.689 E.06075
G1 X166.731 Y97.636 E.08327
G1 X166.976 Y98.274 E.05513
G1 X167.303 Y99.251 E.08311
G1 X167.578 Y100.243 E.08304
G1 X167.801 Y101.248 E.08304
G1 X167.971 Y102.264 E.0831
G1 X168.088 Y103.286 E.08298
G1 X168.15 Y104.314 E.08308
G1 X168.159 Y105.343 E.08301
G1 X168.114 Y106.372 E.08308
G1 X168.016 Y107.398 E.08314
G1 X167.921 Y108.074 E.05507
G1 X167.732 Y109.089 E.08328
G1 X167.579 Y109.755 E.05512
M73 P68 R13
G1 X167.303 Y110.749 E.08322
G1 X166.977 Y111.725 E.08301
G1 X166.599 Y112.684 E.08315
G1 X166.321 Y113.308 E.05511
G1 X165.861 Y114.231 E.08319
G1 X165.354 Y115.127 E.08305
G1 X164.801 Y115.995 E.08302
G1 X164.203 Y116.833 E.08304
G1 X163.562 Y117.639 E.08307
G1 X162.88 Y118.41 E.08303
G1 X162.158 Y119.145 E.08311
G1 X161.658 Y119.611 E.05513
G1 X160.874 Y120.281 E.08319
G1 X160.057 Y120.907 E.08303
G1 X159.208 Y121.491 E.08312
G1 X158.628 Y121.853 E.05515
G1 X157.731 Y122.361 E.08316
G1 X156.81 Y122.82 E.08301
G1 X155.864 Y123.231 E.0832
G1 X155.226 Y123.476 E.05513
G1 X154.249 Y123.803 E.08311
G1 X153.257 Y124.078 E.08304
G1 X152.252 Y124.301 E.08304
G1 X151.236 Y124.471 E.0831
G1 X150.214 Y124.588 E.08298
G1 X149.186 Y124.65 E.08308
G1 X148.155 Y124.659 E.08317
G1 X147.472 Y124.636 E.05513
G1 X146.445 Y124.555 E.0831
G1 X145.424 Y124.42 E.08308
G1 X144.411 Y124.232 E.08311
G1 X143.745 Y124.079 E.05512
G1 X142.751 Y123.803 E.08322
G1 X141.775 Y123.477 E.08301
G1 X140.817 Y123.099 E.08308
G1 X139.881 Y122.672 E.08299
G1 X138.966 Y122.196 E.0832
G1 X138.374 Y121.855 E.05511
G1 X137.505 Y121.301 E.08313
G1 X136.667 Y120.703 E.08304
G1 X135.861 Y120.062 E.08307
G1 X135.09 Y119.38 E.08303
G1 X134.355 Y118.658 E.08311
G1 X133.889 Y118.158 E.05513
G1 X133.219 Y117.374 E.08319
G1 X132.593 Y116.557 E.08303
G1 X132.009 Y115.708 E.08312
G1 X131.647 Y115.128 E.05515
G1 X131.139 Y114.231 E.08316
G1 X130.68 Y113.31 E.08301
G1 X130.269 Y112.364 E.0832
G1 X130.024 Y111.726 E.05513
G1 X129.697 Y110.749 E.08311
G1 X129.422 Y109.757 E.08304
G1 X129.199 Y108.752 E.08304
G1 X129.029 Y107.736 E.0831
G1 X128.912 Y106.714 E.08298
G1 X128.85 Y105.686 E.08308
G1 X128.841 Y104.657 E.08301
G1 X128.886 Y103.628 E.08308
G1 X128.976 Y102.671 E.07754
G1 X129.079 Y101.925 E.06075
G1 X129.268 Y100.911 E.0832
G1 X129.421 Y100.245 E.05512
G1 X129.697 Y99.251 E.08322
G1 X130.023 Y98.275 E.08301
G1 X130.401 Y97.317 E.08308
G1 X130.828 Y96.381 E.08299
G1 X131.303 Y95.468 E.08302
G1 X131.825 Y94.58 E.08309
G1 X132.355 Y93.778 E.07754
G1 X132.796 Y93.168 E.06072
G1 X133.438 Y92.361 E.08318
G1 X134.12 Y91.59 E.08303
G1 X134.842 Y90.856 E.08305
G1 X135.55 Y90.205 E.07758
G1 X136.125 Y89.72 E.06068
G1 X136.943 Y89.093 E.08314
G1 X137.791 Y88.51 E.08301
G1 X138.669 Y87.972 E.08306
G1 X139.513 Y87.512 E.07754
G1 X140.189 Y87.18 E.06075
G1 X141.136 Y86.769 E.08327
G1 X141.774 Y86.524 E.05513
G1 X142.751 Y86.197 E.08311
G1 X143.743 Y85.922 E.08304
G1 X144.748 Y85.699 E.08304
G1 X145.764 Y85.529 E.0831
G1 X146.786 Y85.412 E.08298
G1 X147.814 Y85.35 E.08308
G1 X148.478 Y85.343 E.05357
G1 X149.078 Y85.35 F12000
G1 X148.502 Y86.012
;TYPE:Perimeter
G1 E-30 F1500
G1 Z9.16 F300.0
G1 F12000.0
T1
G1 Z4.16 F300.0
PRIME_FIBRE
G1 E45.0 F1500
G1 F12000.0
;WIDTH:0.8
G1 F512.767
G1 X148.768 Y86.009 E.02588
G1 X149.491 Y86.032 E.07038 U0.723
G1 X150.485 Y86.111 E.09702 U1.721
G1 X151.471 Y86.241 E.09676 U2.715
G1 X152.45 Y86.422 E.09687 U3.711
G1 X153.354 Y86.638 E.09043 U4.64
G1 X154.05 Y86.836 E.07041 U5.364
G1 X154.996 Y87.152 E.09704 U6.361
G1 X155.921 Y87.517 E.09675 U7.355
G1 X156.827 Y87.929 E.09684 U8.351
G1 X157.652 Y88.358 E.09047 U9.281
G1 X158.28 Y88.718 E.07043 U10.004
G1 X159.121 Y89.254 E.09703 U11.002
G1 X159.93 Y89.831 E.09668 U11.995
G1 X160.709 Y90.45 E.09681 U12.99
G1 X161.453 Y91.109 E.0967 U13.984
G1 X162.163 Y91.807 E.09687 U14.98
G1 X162.792 Y92.492 E.09048 U15.91
G1 X163.259 Y93.045 E.07042 U16.634
G1 X163.866 Y93.836 E.09701 U17.631
G1 X164.429 Y94.655 E.0967 U18.625
G1 X164.949 Y95.504 E.09687 U19.62
G1 X165.394 Y96.321 E.09052 U20.551
G1 X165.713 Y96.97 E.07036 U21.274
G1 X166.112 Y97.889 E.09748 U22.276
G1 X166.506 Y98.975 E.1124 U23.431
G1 X166.796 Y99.926 E.09674 U24.425
G1 X167.037 Y100.89 E.09668 U25.419
G1 X167.226 Y101.866 E.09673 U26.413
G1 X167.365 Y102.851 E.09679 U27.408
G1 X167.451 Y103.841 E.09669 U28.401
G1 X167.49 Y105.331 E.14502 U29.892
G1 X167.447 Y106.325 E.0968 U30.887
G1 X167.351 Y107.319 E.09716 U31.885
G1 X167.26 Y107.967 E.06367 U32.54
G1 X167.077 Y108.953 E.09757 U33.543
G1 X166.93 Y109.591 E.0637 U34.197
G1 X166.663 Y110.553 E.09714 U35.196
G1 X166.348 Y111.496 E.09673 U36.19
G1 X165.982 Y112.425 E.09715 U37.188
G1 X165.716 Y113.023 E.06368 U37.843
G1 X165.27 Y113.917 E.09721 U38.842
G1 X164.78 Y114.782 E.09673 U39.836
G1 X164.246 Y115.621 E.09676 U40.831
G1 X163.669 Y116.43 E.09668 U41.824
G1 X163.05 Y117.209 E.09681 U42.819
G1 X162.391 Y117.953 E.0967 U43.813
G1 X161.691 Y118.666 E.09722 U44.812
G1 X161.212 Y119.112 E.06368 U45.467
G1 X160.453 Y119.761 E.09716 U46.466
G1 X159.664 Y120.366 E.09674 U47.46
G1 X158.841 Y120.932 E.09718 U48.459
G1 X158.286 Y121.278 E.06363 U49.113
G1 X157.417 Y121.77 E.09716 U50.111
G1 X156.527 Y122.214 E.09677 U51.106
G1 X155.611 Y122.612 E.09717 U52.105
G1 X155 Y122.846 E.06366 U52.759
G1 X154.053 Y123.163 E.09716 U53.758
G1 X153.095 Y123.429 E.09674 U54.752
G1 X152.124 Y123.644 E.09676 U55.746
G1 X151.143 Y123.808 E.09677 U56.741
G1 X150.155 Y123.921 E.09676 U57.735
G1 X149.163 Y123.982 E.0967 U58.729
G1 X148.164 Y123.99 E.0972 U59.728
G1 X147.51 Y123.968 E.06367 U60.383
G1 X146.515 Y123.889 E.09711 U61.381
G1 X145.529 Y123.759 E.09676 U62.375
G1 X144.547 Y123.577 E.09717 U63.374
G1 X143.909 Y123.43 E.0637 U64.029
G1 X142.947 Y123.163 E.09714 U65.027
G1 X142.004 Y122.848 E.09673 U66.021
G1 X141.079 Y122.483 E.09675 U67.016
G1 X140.174 Y122.071 E.09675 U68.01
G1 X139.288 Y121.61 E.09718 U69.009
G1 X138.721 Y121.283 E.06368 U69.663
G1 X137.879 Y120.746 E.09717 U70.662
G1 X137.07 Y120.169 E.09668 U71.656
G1 X136.291 Y119.55 E.09681 U72.651
G1 X135.547 Y118.891 E.0967 U73.645
G1 X134.834 Y118.191 E.09722 U74.644
G1 X134.388 Y117.712 E.06368 U75.298
G1 X133.739 Y116.953 E.09716 U76.297
G1 X133.134 Y116.164 E.09674 U77.291
G1 X132.568 Y115.341 E.09718 U78.29
G1 X132.222 Y114.786 E.06363 U78.944
G1 X131.73 Y113.917 E.09716 U79.943
G1 X131.286 Y113.027 E.09677 U80.937
G1 X130.888 Y112.111 E.09717 U81.936
G1 X130.654 Y111.5 E.06366 U82.59
G1 X130.337 Y110.553 E.09716 U83.589
G1 X130.071 Y109.595 E.09674 U84.583
G1 X129.856 Y108.624 E.09676 U85.578
G1 X129.692 Y107.643 E.09677 U86.572
G1 X129.579 Y106.655 E.09676 U87.567
G1 X129.518 Y105.663 E.0967 U88.561
G1 X129.51 Y104.669 E.09672 U89.555
G1 X129.553 Y103.674 E.0969 U90.551
G1 X129.641 Y102.748 E.0905 U91.481
G1 X129.74 Y102.032 E.07033 U92.204
M73 P69 R13
G1 X129.923 Y101.047 E.09748 U93.205
G1 X130.07 Y100.409 E.0637 U93.86
G1 X130.337 Y99.447 E.09714 U94.859
G1 X130.652 Y98.504 E.09673 U95.853
G1 X131.017 Y97.579 E.09675 U96.847
G1 X131.429 Y96.674 E.09675 U97.842
G1 X131.888 Y95.792 E.09674 U98.836
G1 X132.393 Y94.935 E.09678 U99.831
G1 X132.905 Y94.158 E.09054 U100.761
G1 X133.329 Y93.572 E.07037 U101.484
G1 X133.95 Y92.791 E.09708 U102.482
G1 X134.609 Y92.047 E.0967 U103.476
G1 X135.307 Y91.337 E.09687 U104.472
G1 X135.992 Y90.708 E.09048 U105.402
G1 X136.545 Y90.241 E.07042 U106.126
G1 X137.336 Y89.634 E.09701 U107.123
G1 X138.155 Y89.071 E.0967 U108.116
G1 X139.004 Y88.551 E.09687 U109.112
G1 X139.821 Y88.106 E.09052 U110.042
G1 X140.47 Y87.787 E.07036 U110.765
G1 X141.389 Y87.388 E.09748 U111.767
G1 X142 Y87.153 E.06369 U112.422
G1 X142.947 Y86.837 E.09713 U113.42
G1 X143.905 Y86.571 E.09674 U114.415
G1 X144.876 Y86.356 E.09676 U115.409
G1 X145.857 Y86.192 E.09677 U116.404
G1 X146.845 Y86.079 E.09676 U117.398
G1 X147.838 Y86.018 E.0968 U118.393
G1 X148.472 Y86.012 E.06169 U119.027
G1 X148.496 Y86.743 F12000 U119.758
G1 F512.767
G1 X148.76 Y86.74 E.02569 U120.022
G1 X149.45 Y86.763 E.06717 U120.713
G1 X150.409 Y86.838 E.09359 U121.675
G1 X151.357 Y86.963 E.09304 U122.631
G1 X152.298 Y87.138 E.09313 U123.588
G1 X153.169 Y87.346 E.08713 U124.484
G1 X153.834 Y87.534 E.06724 U125.175
G1 X154.746 Y87.84 E.0936 U126.137
G1 X155.635 Y88.19 E.09296 U127.092
G1 X156.506 Y88.587 E.09313 U128.049
G1 X157.302 Y89 E.08725 U128.946
G1 X157.901 Y89.344 E.06721 U129.637
G1 X158.712 Y89.86 E.09352 U130.598
G1 X159.49 Y90.416 E.09304 U131.554
G1 X160.238 Y91.011 E.09299 U132.51
G1 X160.954 Y91.644 E.09299 U133.466
G1 X161.637 Y92.315 E.09316 U134.423
G1 X162.243 Y92.975 E.08718 U135.319
G1 X162.689 Y93.503 E.06725 U136.01
G1 X163.274 Y94.266 E.09355 U136.972
G1 X163.816 Y95.054 E.09305 U137.928
G1 X164.316 Y95.87 E.09311 U138.885
G1 X164.744 Y96.657 E.08716 U139.781
G1 X165.049 Y97.277 E.06723 U140.472
G1 X165.311 Y97.881 E.06406 U141.13
G1 X165.547 Y98.456 E.06047 U141.752
G1 X165.812 Y99.207 E.07748 U142.548
G1 X166.092 Y100.121 E.09301 U143.504
G1 X166.323 Y101.049 E.09305 U144.461
G1 X166.505 Y101.987 E.09297 U145.416
G1 X166.638 Y102.933 E.09295 U146.371
G1 X166.721 Y103.886 E.09307 U147.328
G1 X166.759 Y105.319 E.13947 U148.762
G1 X166.717 Y106.274 E.09301 U149.717
G1 X166.625 Y107.233 E.09374 U150.681
G1 X166.538 Y107.849 E.06053 U151.303
G1 X166.361 Y108.804 E.0945 U152.274
G1 X166.221 Y109.411 E.06061 U152.897
G1 X165.964 Y110.339 E.09369 U153.86
G1 X165.66 Y111.246 E.09307 U154.817
G1 X165.307 Y112.142 E.0937 U155.78
G1 X165.054 Y112.711 E.06059 U156.402
G1 X164.624 Y113.573 E.09373 U157.366
G1 X164.153 Y114.405 E.09302 U158.322
G1 X163.64 Y115.212 E.09304 U159.278
G1 X163.084 Y115.99 E.09304 U160.234
G1 X162.489 Y116.738 E.09299 U161.19
G1 X161.856 Y117.454 E.09299 U162.146
G1 X161.18 Y118.142 E.09385 U163.11
G1 X160.725 Y118.566 E.06051 U163.732
G1 X159.992 Y119.192 E.09379 U164.696
G1 X159.234 Y119.774 E.09298 U165.652
G1 X158.44 Y120.32 E.09376 U166.615
G1 X157.912 Y120.65 E.06058 U167.238
G1 X157.073 Y121.124 E.09376 U168.202
G1 X156.218 Y121.551 E.09299 U169.157
G1 X155.334 Y121.935 E.09377 U170.121
G1 X154.753 Y122.158 E.06055 U170.744
G1 X153.839 Y122.464 E.09378 U171.707
G1 X152.918 Y122.719 E.09298 U172.663
G1 X151.985 Y122.926 E.09298 U173.619
G1 X151.042 Y123.084 E.09303 U174.575
G1 X150.092 Y123.192 E.09303 U175.531
G1 X149.137 Y123.251 E.09309 U176.488
G1 X148.174 Y123.259 E.0937 U177.451
G1 X147.552 Y123.237 E.06056 U178.073
G1 X146.591 Y123.162 E.09379 U179.037
G1 X145.643 Y123.037 E.09304 U179.993
G1 X144.696 Y122.861 E.09372 U180.957
G1 X144.089 Y122.721 E.06061 U181.58
G1 X143.161 Y122.464 E.09369 U182.542
G1 X142.254 Y122.16 E.09307 U183.499
G1 X141.365 Y121.81 E.09296 U184.454
G1 X140.495 Y121.414 E.093 U185.41
G1 X139.64 Y120.969 E.09378 U186.374
G1 X139.101 Y120.657 E.06059 U186.997
G1 X138.288 Y120.14 E.09374 U187.96
G1 X137.51 Y119.584 E.09304 U188.917
G1 X136.762 Y118.989 E.09299 U189.873
G1 X136.046 Y118.356 E.09299 U190.828
G1 X135.358 Y117.68 E.09385 U191.793
G1 X134.934 Y117.225 E.06051 U192.415
G1 X134.308 Y116.492 E.09379 U193.379
G1 X133.726 Y115.734 E.09298 U194.334
G1 X133.18 Y114.94 E.09376 U195.298
G1 X132.85 Y114.412 E.06058 U195.921
G1 X132.376 Y113.573 E.09376 U196.884
G1 X131.949 Y112.718 E.09299 U197.84
G1 X131.565 Y111.834 E.09377 U198.804
G1 X131.342 Y111.253 E.06055 U199.426
G1 X131.036 Y110.339 E.09378 U200.39
G1 X130.781 Y109.418 E.09298 U201.345
G1 X130.574 Y108.485 E.09298 U202.301
G1 X130.416 Y107.542 E.09303 U203.257
G1 X130.308 Y106.592 E.09303 U204.213
G1 X130.249 Y105.637 E.09309 U205.17
G1 X130.241 Y104.681 E.09302 U206.126
G1 X130.283 Y103.725 E.0931 U207.083
G1 X130.368 Y102.833 E.08718 U207.979
G1 X130.462 Y102.149 E.06718 U208.67
G1 X130.639 Y101.196 E.09431 U209.639
G1 X130.779 Y100.589 E.06061 U210.262
G1 X131.036 Y99.661 E.09369 U211.225
G1 X131.34 Y98.754 E.09307 U212.181
G1 X131.69 Y97.865 E.09296 U213.137
G1 X132.086 Y96.995 E.093 U214.093
G1 X132.528 Y96.147 E.09304 U215.049
G1 X133.014 Y95.322 E.09316 U216.007
G1 X133.507 Y94.574 E.08716 U216.902
G1 X133.912 Y94.014 E.06724 U217.593
G1 X134.511 Y93.262 E.09354 U218.555
G1 X135.144 Y92.546 E.09299 U219.511
G1 X135.815 Y91.863 E.09316 U220.468
G1 X136.475 Y91.257 E.08718 U221.364
G1 X137.003 Y90.811 E.06725 U222.055
G1 X137.766 Y90.226 E.09355 U223.017
G1 X138.554 Y89.684 E.09305 U223.973
G1 X139.37 Y89.184 E.09311 U224.93
G1 X140.157 Y88.756 E.08716 U225.826
G1 X140.777 Y88.451 E.06723 U226.517
G1 X141.666 Y88.065 E.0943 U227.486
G1 X142.247 Y87.842 E.06055 U228.108
G1 X143.161 Y87.536 E.09378 U229.072
G1 X144.082 Y87.281 E.09298 U230.028
G1 X145.015 Y87.074 E.09298 U230.984
G1 X145.958 Y86.916 E.09303 U231.94
G1 X146.908 Y86.808 E.09303 U232.896
G1 X147.864 Y86.749 E.09319 U233.854
G1 X148.466 Y86.743 E.05858 U234.456
G1 X148.49 Y87.474 F12000 U235.187
G1 F512.767
G1 X148.751 Y87.472 E.0254 U235.448
G1 X149.41 Y87.493 E.06415 U236.107
G1 X150.332 Y87.566 E.08999 U237.032
G1 X151.242 Y87.686 E.08931 U237.95
G1 X152.146 Y87.853 E.08944 U238.869
G1 X152.984 Y88.053 E.08382 U239.731
G1 X153.618 Y88.233 E.06412 U240.39
G1 X154.496 Y88.527 E.09009 U241.316
G1 X155.35 Y88.863 E.08929 U242.234
G1 X156.186 Y89.245 E.08943 U243.153
G1 X156.951 Y89.642 E.08386 U244.015
G1 X157.522 Y89.97 E.06407 U244.673
G1 X158.303 Y90.467 E.09007 U245.599
G1 X159.05 Y91 E.08928 U246.517
G1 X159.768 Y91.571 E.08926 U247.434
G1 X160.456 Y92.179 E.08933 U248.352
G1 X161.111 Y92.824 E.08944 U249.271
G1 X161.694 Y93.458 E.0838 U250.133
G1 X162.119 Y93.962 E.06414 U250.792
G1 X162.682 Y94.696 E.09 U251.717
G1 X163.202 Y95.452 E.08928 U252.635
G1 X163.682 Y96.236 E.08944 U253.554
G1 X164.094 Y96.993 E.08386 U254.416
G1 X164.385 Y97.584 E.06409 U255.075
G1 X164.64 Y98.172 E.06236 U255.715
G1 X164.864 Y98.719 E.05751 U256.307
G1 X165.119 Y99.44 E.07441 U257.071
G1 X165.387 Y100.317 E.08922 U257.988
G1 X165.609 Y101.207 E.08925 U258.906
G1 X165.784 Y102.108 E.0893 U259.823
G1 X165.912 Y103.016 E.08922 U260.74
G1 X165.991 Y103.93 E.08926 U261.658
G1 X166.028 Y105.306 E.13393 U263.034
G1 X165.987 Y106.223 E.08931 U263.952
G1 X165.898 Y107.147 E.09032 U264.88
G1 X165.816 Y107.732 E.05747 U265.471
G1 X165.645 Y108.655 E.09133 U266.41
G1 X165.512 Y109.231 E.05752 U267.001
G1 X165.264 Y110.125 E.09027 U267.929
G1 X164.973 Y110.996 E.08935 U268.847
G1 X164.633 Y111.86 E.09034 U269.776
G1 X164.393 Y112.399 E.05741 U270.366
G1 X163.978 Y113.23 E.09037 U271.295
G1 X163.526 Y114.029 E.08932 U272.213
G1 X163.033 Y114.803 E.08929 U273.13
G1 X162.5 Y115.55 E.08928 U274.048
G1 X161.929 Y116.268 E.08926 U274.965
G1 X161.321 Y116.956 E.08933 U275.883
G1 X160.67 Y117.618 E.09034 U276.812
G1 X160.238 Y118.02 E.05742 U277.402
G1 X159.532 Y118.624 E.0904 U278.331
G1 X158.804 Y119.182 E.08924 U279.248
G1 X158.039 Y119.708 E.09033 U280.177
G1 X157.538 Y120.021 E.05748 U280.767
G1 X156.73 Y120.478 E.09032 U281.696
G1 X155.909 Y120.888 E.08929 U282.613
G1 X155.057 Y121.258 E.09038 U283.542
G1 X154.506 Y121.47 E.05744 U284.133
G1 X153.625 Y121.764 E.09036 U285.061
G1 X152.741 Y122.009 E.08925 U285.979
G1 X151.845 Y122.208 E.0893 U286.897
G1 X150.94 Y122.36 E.08929 U287.814
G1 X150.028 Y122.463 E.0893 U288.732
G1 X149.112 Y122.519 E.08929 U289.65
G1 X148.183 Y122.528 E.09039 U290.579
G1 X147.593 Y122.507 E.05744 U291.169
G1 X146.668 Y122.434 E.09028 U292.097
G1 X145.758 Y122.314 E.08931 U293.015
G1 X144.845 Y122.145 E.09034 U293.943
G1 X144.269 Y122.012 E.05752 U294.535
CUT
G1 X143.375 Y121.764 E.09027
G1 X142.504 Y121.473 E.08935
G1 X141.65 Y121.137 E.08929
G1 X140.815 Y120.756 E.0893
G1 X139.992 Y120.327 E.0903
G1 X139.48 Y120.032 E.05749
G1 X138.697 Y119.533 E.09034
G1 X137.95 Y119 E.08928
G1 X137.232 Y118.429 E.08926
G1 X136.544 Y117.821 E.08933
G1 X135.882 Y117.17 E.09034
G1 X135.48 Y116.738 E.05742
G1 X134.876 Y116.032 E.0904
G1 X134.318 Y115.304 E.08924
G1 X133.792 Y114.539 E.09033
G1 X133.479 Y114.038 E.05748
G1 X133.022 Y113.23 E.09032
G1 X132.612 Y112.409 E.08929
G1 X132.242 Y111.557 E.09038
G1 X132.03 Y111.006 E.05744
G1 X131.736 Y110.125 E.09036
G1 X131.491 Y109.241 E.08925
G1 X131.292 Y108.345 E.0893
G1 X131.14 Y107.44 E.08929
G1 X131.037 Y106.528 E.0893
G1 X130.981 Y105.612 E.08929
G1 X130.972 Y104.694 E.08932
G1 X131.013 Y103.776 E.08941
M73 P70 R13

G1 X131.094 Y102.918 E.08385
G1 X131.184 Y102.265 E.06413
G1 X131.355 Y101.345 E.09105
G1 X131.488 Y100.769 E.05752
G1 X131.736 Y99.875 E.09027
G1 X132.027 Y99.004 E.08935
G1 X132.363 Y98.15 E.08929
G1 X132.744 Y97.315 E.0893
G1 X133.168 Y96.501 E.0893
G1 X133.634 Y95.709 E.08941
G1 X134.109 Y94.99 E.08384
G1 X134.495 Y94.456 E.06411
G1 X135.071 Y93.732 E.09002
G1 X135.679 Y93.044 E.08933
G1 X136.324 Y92.389 E.08944
G1 X136.958 Y91.806 E.0838
G1 X137.462 Y91.381 E.06414
G1 X138.196 Y90.818 E.09
G1 X138.952 Y90.298 E.08928
G1 X139.736 Y89.818 E.08944
G1 X140.493 Y89.406 E.08386
G1 X141.084 Y89.115 E.06409
G1 X141.943 Y88.742 E.09112
G1 X142.494 Y88.53 E.05744
G1 X143.375 Y88.236 E.09036
G1 X144.259 Y87.991 E.08925
G1 X145.155 Y87.792 E.0893
G1 X146.06 Y87.64 E.08929
G1 X146.972 Y87.537 E.0893
G1 X147.89 Y87.48 E.08949
G1 X148.46 Y87.475 E.05546
G1 E-8 F1500
G1 Z4.36 F3000
G1 X135.722 Y116.522 F12000
G1 Z4.16 F3000
G1 E10 F1500
;TYPE:Solid infill
G1 E-30 F1500
G1 Z9.16 F300.0
G1 F12000.0
T0
G1 Z4.16 F300.0
G1 E32.0 F1500
G1 F12000.0
;WIDTH:0.578673
G1 F735.294
G1 X136.77 Y117.579 E.10099
G1 X135.932 Y116.74 E.08046
G1 E-8 F1500
G1 Z4.36 F3000
G1 X134.047 Y114.095 F12000
G1 Z4.16 F3000
G1 E10 F1500
G1 F735.294
G1 X134.002 Y114.14 E.00432
G1 X134.019 Y114.202 E.00436
G1 X134.08 Y114.218 E.00428
G1 X134.126 Y114.173 E.00437
G1 X134.109 Y114.111 E.00436
;WIDTH:0.626836
G1 F671.846
G1 X134.261 Y114.348 E.02091
;WIDTH:0.675
G1 F618.478
G1 X134.413 Y114.585 E.02271
G1 X138.932 Y119.104 E.51552
G1 X139.169 Y119.254 E.02263
;WIDTH:0.626836
G1 F671.846
G1 X139.406 Y119.404 E.02083
;WIDTH:0.578673
G1 F735.294
G1 X139.422 Y119.466 E.00434
G1 X139.377 Y119.511 E.00432
G1 X139.316 Y119.494 E.0043
G1 X139.299 Y119.433 E.0043
G1 X139.344 Y119.388 E.00432
G1 E-8 F1500
G1 Z4.36 F3000
G1 X141.392 Y120.531 F12000
G1 Z4.16 F3000
G1 E10 F1500
G1 F735.294
G1 X141.346 Y120.576 E.00437
G1 X141.363 Y120.638 E.00436
G1 X141.425 Y120.654 E.00434
G1 X141.47 Y120.609 E.00432
G1 X141.453 Y120.548 E.0043
;WIDTH:0.626836
G1 F671.846
G1 X141.216 Y120.421 E.01997
;WIDTH:0.675
G1 F618.478
G1 X140.979 Y120.293 E.02173
G1 X133.216 Y112.53 E.8856
G1 E-8 F1500
G1 Z4.36 F3000
G1 X132.265 Y110.521 F12000
G1 Z4.16 F3000
G1 E10 F1500
;WIDTH:0.578673
G1 F735.294
G1 X132.22 Y110.566 E.00432
G1 X132.236 Y110.628 E.00434
G1 X132.298 Y110.644 E.00434
G1 X132.343 Y110.599 E.00432
G1 X132.327 Y110.538 E.00428
;WIDTH:0.626836
G1 F671.846
G1 X132.439 Y110.773 E.01933
;WIDTH:0.675
G1 F618.478
G1 X132.552 Y111.009 E.02111
G1 X142.487 Y120.944 E1.13338
G1 X142.724 Y121.057 E.02118
;WIDTH:0.626836
G1 F671.846
G1 X142.961 Y121.17 E.0195
;WIDTH:0.578673
G1 F735.294
G1 X142.977 Y121.232 E.00434
G1 X142.932 Y121.277 E.00432
G1 X142.871 Y121.26 E.0043
G1 X142.854 Y121.199 E.0043
G1 X142.899 Y121.154 E.00432
G1 E-8 F1500
G1 Z4.36 F3000
G1 X144.803 Y121.871 F12000
G1 Z4.16 F3000
G1 E10 F1500
G1 F735.294
G1 X144.008 Y121.67 E.05564
;WIDTH:0.626836
G1 F671.846
G1 X143.889 Y121.52 E.01422
;WIDTH:0.675
G1 F618.478
G1 X143.77 Y121.37 E.01545
G1 X132.13 Y109.73 E1.32788
G1 X131.843 Y108.585 E.09522
G1 X144.923 Y121.664 E1.4921
G1 X145.967 Y121.852 E.08557
M73 P70 R12
G1 X131.649 Y107.533 E1.63344
G1 X131.529 Y106.556 E.0794
G1 X146.941 Y121.968 E1.75819
G1 X147.861 Y122.03 E.07438
G1 X131.469 Y105.638 E1.86998
G1 X131.459 Y104.771 E.06994
G1 X148.725 Y122.037 E1.96969
G1 X149.551 Y122.006 E.06668
G1 X131.492 Y103.946 E2.06021
G1 X131.56 Y103.157 E.06388
M73 P71 R12
G1 X150.342 Y121.939 E2.14263
G1 X151.1 Y121.84 E.06166
G1 X131.657 Y102.396 E2.2181
G1 X131.789 Y101.671 E.05944
G1 X151.831 Y121.713 E2.28637
G1 X152.533 Y121.558 E.05799
G1 X131.941 Y100.966 E2.34912
G1 X132.125 Y100.292 E.05636
G1 X153.208 Y121.375 E2.40513
G1 X153.863 Y121.172 E.05532
G1 X132.328 Y99.637 E2.45669
G1 X132.55 Y99.002 E.05426
G1 X154.499 Y120.951 E2.50392
G1 X155.11 Y120.705 E.05313
G1 X132.793 Y98.387 E2.54596
G1 X133.059 Y97.796 E.05228
G1 X155.708 Y120.445 E2.58378
G1 X156.28 Y120.16 E.05155
M73 P72 R12
G1 X133.341 Y97.221 E2.61686
G1 X133.638 Y96.66 E.0512
G1 X156.837 Y119.859 E2.64652
G1 X157.381 Y119.546 E.05063
G1 X133.956 Y96.121 E2.6723
G1 X134.29 Y95.598 E.05006
G1 X157.904 Y119.211 E2.69381
G1 X158.412 Y118.862 E.04972
G1 X134.638 Y95.088 E2.71212
G1 X135.004 Y94.597 E.0494
G1 X158.902 Y118.494 E2.7262
G1 X159.38 Y118.115 E.04921
G1 X135.384 Y94.119 E2.73744
G1 X135.783 Y93.66 E.04906
M73 P72 R11
G1 X159.842 Y117.72 E2.74468
G1 X160.289 Y117.309 E.04898
M73 P73 R11
G1 X136.194 Y93.214 E2.74873
G1 X136.619 Y92.781 E.04894
G1 X160.716 Y116.878 E2.74896
G1 X161.131 Y116.436 E.04891
G1 X137.064 Y92.369 E2.74554
G1 X137.52 Y91.968 E.04898
G1 X161.534 Y115.981 E2.73944
G1 X161.915 Y115.505 E.04918
G1 X137.995 Y91.585 E2.72877
G1 X138.48 Y91.212 E.04936
G1 X162.284 Y115.016 E2.71554
G1 X162.64 Y114.515 E.04958
G1 X138.988 Y90.863 E2.6982
G1 X139.509 Y90.527 E.05001
G1 X162.974 Y113.991 E2.67681
G1 X163.293 Y113.453 E.05045
M73 P74 R11
G1 X140.044 Y90.204 E2.65222
G1 X140.599 Y89.901 E.05101
G1 X163.599 Y112.901 E2.62382
G1 X163.884 Y112.329 E.05155
G1 X141.17 Y89.615 E2.59119
G1 X141.763 Y89.35 E.05239
G1 X164.153 Y111.741 E2.55429
G1 X164.398 Y111.128 E.05325
G1 X142.369 Y89.099 E2.51305
G1 X143.001 Y88.873 E.05414
G1 X164.627 Y110.499 E2.46707
G1 X164.836 Y109.851 E.05492
G1 X143.649 Y88.664 E2.41699
G1 X144.32 Y88.478 E.05617
G1 X165.022 Y109.18 E2.36166
G1 X165.183 Y108.483 E.0577
G1 X145.02 Y88.32 E2.30018
G1 X145.743 Y88.186 E.05931
M73 P75 R10
G1 X165.317 Y107.76 E2.23298
G1 X165.424 Y107.009 E.06119
G1 X146.495 Y88.08 E2.1594
G1 X147.277 Y88.005 E.06337
G1 X165.499 Y106.227 E2.07875
G1 X165.537 Y105.407 E.06622
G1 X148.096 Y87.967 E1.9896
G1 X148.955 Y87.968 E.06929
G1 X165.535 Y104.548 E1.89143
G1 X165.487 Y103.642 E.07319
G1 X149.867 Y88.022 E1.78191
G1 X150.823 Y88.121 E.07753
G1 X165.384 Y102.682 E1.66111
G1 X165.209 Y101.649 E.08452
G1 X151.853 Y88.293 E1.52364
G1 X152.972 Y88.555 E.09271
G1 X164.939 Y100.522 E1.36518
G1 X164.801 Y99.644 E.07169
;WIDTH:0.578673
G1 F735.294
G1 X164.756 Y99.69 E.00437
G1 X164.772 Y99.751 E.00428
G1 X164.834 Y99.768 E.00436
G1 X164.879 Y99.723 E.00432
G1 X164.862 Y99.661 E.00436
;WIDTH:0.626836
G1 F671.846
G1 X164.707 Y99.469 E.01832
;WIDTH:0.675
G1 F618.478
G1 X164.552 Y99.277 E.0199
G1 X154.223 Y88.948 E1.17832
G1 X154.031 Y88.795 E.0198
;WIDTH:0.626836
G1 F671.846
G1 X153.839 Y88.641 E.01828
;WIDTH:0.578673
G1 F735.294
G1 X153.856 Y88.703 E.00436
G1 X153.81 Y88.748 E.00437
G1 X153.749 Y88.731 E.0043
G1 X153.732 Y88.67 E.0043
G1 X153.777 Y88.625 E.00432
G1 E-8 F1500
G1 Z4.36 F3000
G1 X155.235 Y89.189 F12000
G1 Z4.16 F3000
G1 E10 F1500
G1 F735.294
G1 X155.19 Y89.234 E.00432
G1 X155.206 Y89.296 E.00434
G1 X155.268 Y89.312 E.00434
G1 X155.313 Y89.267 E.00432
G1 X155.296 Y89.206 E.0043
;WIDTH:0.626836
G1 F671.846
G1 X155.488 Y89.377 E.01909
;WIDTH:0.675
G1 F618.478
G1 X155.68 Y89.548 E.02074
G1 X163.961 Y97.829 E.94469
G1 X164.099 Y98.013 E.01855
M73 P76 R10
;WIDTH:0.626836
G1 F671.846
G1 X164.237 Y98.196 E.01702
;WIDTH:0.578673
G1 F735.294
G1 X164.191 Y98.241 E.00437
G1 X164.208 Y98.303 E.00436
G1 X164.27 Y98.319 E.00434
G1 X164.315 Y98.274 E.00432
G1 X164.298 Y98.213 E.0043
G1 E-8 F1500
G1 Z4.36 F3000
G1 X163.309 Y96.327 F12000
G1 Z4.16 F3000
G1 E10 F1500
G1 F735.294
G1 X163.326 Y96.389 E.00436
G1 X163.281 Y96.434 E.00432
G1 X163.219 Y96.417 E.00436
G1 X163.203 Y96.356 E.00428
G1 X163.248 Y96.311 E.00432
;WIDTH:0.626836
G1 F671.846
G1 X163.09 Y96.127 E.01801
;WIDTH:0.675
G1 F618.478
G1 X162.933 Y95.944 E.01945
G1 X157.366 Y90.378 E.63502
;WIDTH:0.626836
G1 F671.846
G1 X157.175 Y90.187 E.02006
;WIDTH:0.578673
G1 F735.294
G1 X157.191 Y90.249 E.00434
G1 X157.146 Y90.294 E.00432
G1 X157.084 Y90.278 E.00434
G1 X157.068 Y90.216 E.00434
G1 X157.113 Y90.171 E.00432
G1 E-8 F1500
G1 Z4.36 F3000
G1 X158.86 Y91.253 F12000
G1 Z4.16 F3000
G1 E10 F1500
G1 F735.294
G1 X159.532 Y91.853 E.06113
G1 X160.825 Y93.101 E.12193
G1 X161.843 Y94.183 E.1008
G1 X162.444 Y94.869 E.06188
;LAYER_CHANGE
;Z:4.48
;HEIGHT:0.32

G1 E-8 F1500
G1 Z4.48 F3000
;AFTER_LAYER_CHANGE
;4.48
G92 E0
_ON_LAYER_CHANGE LAYER=14
G1 Z4.68
G1 X148.508 Y85.343 F12000
G1 Z4.48 F3000
G1 E10 F1500
;TYPE:External perimeter
;WIDTH:0.675
G1 F618.478
G1 X148.798 Y85.34 E.02339
G1 X149.528 Y85.364 E.05892
G1 X150.555 Y85.445 E.0831
G1 X151.576 Y85.58 E.08308
G1 X152.589 Y85.768 E.08311
G1 X153.255 Y85.921 E.05512
G1 X154.249 Y86.197 E.08322
G1 X155.225 Y86.523 E.08301
G1 X156.183 Y86.901 E.08308
G1 X157.119 Y87.328 E.08299
G1 X158.033 Y87.803 E.08309
G1 X158.92 Y88.325 E.08302
G1 X159.74 Y88.868 E.07933
G1 X160.332 Y89.296 E.05893
G1 X161.139 Y89.938 E.08318
G1 X161.91 Y90.62 E.08303
G1 X162.644 Y91.342 E.08305
G1 X163.309 Y92.066 E.0793
G1 X163.78 Y92.625 E.05896
G1 X164.407 Y93.443 E.08314
G1 X164.991 Y94.292 E.08312
G1 X165.353 Y94.872 E.05515
G1 X165.861 Y95.769 E.08316
G1 X166.32 Y96.69 E.08301
G1 X166.731 Y97.636 E.0832
G1 X166.976 Y98.274 E.05513
G1 X167.303 Y99.251 E.08311
G1 X167.578 Y100.243 E.08304
G1 X167.801 Y101.248 E.08304
G1 X167.971 Y102.264 E.0831
G1 X168.088 Y103.286 E.08298
G1 X168.15 Y104.314 E.08308
G1 X168.159 Y105.343 E.08301
G1 X168.114 Y106.372 E.08308
G1 X168.016 Y107.398 E.08314
G1 X167.921 Y108.074 E.05507
G1 X167.732 Y109.089 E.08328
G1 X167.579 Y109.755 E.05512
G1 X167.303 Y110.749 E.08322
G1 X166.977 Y111.725 E.08301
G1 X166.599 Y112.683 E.08308
G1 X166.172 Y113.621 E.08314
G1 X165.862 Y114.23 E.05512
G1 X165.354 Y115.127 E.08316
G1 X164.801 Y115.995 E.08302
G1 X164.203 Y116.833 E.08304
G1 X163.562 Y117.639 E.08307
G1 X162.88 Y118.41 E.08303
G1 X162.159 Y119.144 E.083
G1 X161.4 Y119.839 E.08302
G1 X160.605 Y120.494 E.08309
G1 X159.777 Y121.107 E.0831
G1 X159.21 Y121.489 E.05515
G1 X158.33 Y122.029 E.08329
G1 X157.732 Y122.36 E.05513
G1 X156.81 Y122.82 E.08312
G1 X155.864 Y123.231 E.0832
G1 X155.226 Y123.476 E.05513
G1 X154.249 Y123.803 E.08311
G1 X153.257 Y124.078 E.08304
G1 X152.252 Y124.301 E.08304
G1 X151.236 Y124.471 E.0831
G1 X150.214 Y124.588 E.08298
G1 X149.186 Y124.65 E.08308
G1 X148.157 Y124.659 E.08301
G1 X147.128 Y124.614 E.08308
G1 X146.102 Y124.516 E.08314
G1 X145.426 Y124.421 E.05507
G1 X144.412 Y124.233 E.08319
G1 X143.41 Y123.992 E.08313
G1 X142.753 Y123.804 E.05512
G1 X141.775 Y123.477 E.08318
G1 X140.817 Y123.099 E.08308
G1 X139.922 Y122.692 E.07931
G1 X139.27 Y122.361 E.05898
G1 X138.373 Y121.854 E.08312
G1 X137.505 Y121.301 E.08302
G1 X136.667 Y120.703 E.08304
G1 X135.861 Y120.062 E.08307
G1 X135.09 Y119.38 E.08303
G1 X134.355 Y118.658 E.08311
G1 X133.889 Y118.158 E.05513
G1 X133.219 Y117.374 E.08319
G1 X132.593 Y116.557 E.08303
G1 X132.009 Y115.708 E.08312
G1 X131.647 Y115.128 E.05515
G1 X131.139 Y114.231 E.08316
G1 X130.68 Y113.31 E.08301
G1 X130.269 Y112.364 E.0832
G1 X130.024 Y111.726 E.05513
G1 X129.697 Y110.749 E.08311
G1 X129.422 Y109.757 E.08304
G1 X129.199 Y108.752 E.08304
G1 X129.029 Y107.736 E.0831
G1 X128.912 Y106.714 E.08298
G1 X128.85 Y105.686 E.08308
G1 X128.841 Y104.657 E.08301
G1 X128.883 Y103.674 E.07937
G1 X128.945 Y102.946 E.05894
G1 X129.08 Y101.924 E.08316
G1 X129.268 Y100.911 E.08311
G1 X129.421 Y100.245 E.05512
G1 X129.697 Y99.251 E.08322
G1 X130.023 Y98.275 E.08301
G1 X130.401 Y97.317 E.08308
G1 X130.828 Y96.381 E.08299
G1 X131.303 Y95.468 E.08302
G1 X131.825 Y94.58 E.08309
G1 X132.368 Y93.76 E.07933
G1 X132.796 Y93.168 E.05893
G1 X133.438 Y92.361 E.08318
G1 X134.12 Y91.59 E.08303
G1 X134.842 Y90.856 E.08305
G1 X135.566 Y90.191 E.0793
G1 X136.125 Y89.72 E.05896
G1 X136.943 Y89.093 E.08314
G1 X137.791 Y88.51 E.08301
G1 X138.63 Y87.995 E.07941
G1 X139.268 Y87.64 E.0589
G1 X140.19 Y87.18 E.08312
G1 X141.136 Y86.769 E.0832
G1 X141.774 Y86.524 E.05513
G1 X142.751 Y86.197 E.08311
G1 X143.743 Y85.922 E.08304
G1 X144.748 Y85.699 E.08304
G1 X145.764 Y85.529 E.0831
G1 X146.786 Y85.412 E.08298
G1 X147.814 Y85.35 E.08308
G1 X148.478 Y85.343 E.05357
G1 X149.078 Y85.35 F12000
G1 X148.502 Y86.012
;TYPE:Perimeter
G1 E-30 F1500
G1 Z9.48 F300.0
G1 F12000.0
T1
G1 Z4.48 F300.0
PRIME_FIBRE
G1 E45.0 F1500
G1 F12000.0
;WIDTH:0.8
G1 F512.767
G1 X148.79 Y86.009 E.02802
G1 X149.49 Y86.032 E.06814 U0.7
G1 X150.485 Y86.111 E.09711 U1.699
G1 X151.471 Y86.241 E.09676 U2.693
G1 X152.453 Y86.423 E.09717 U3.692
G1 X153.091 Y86.57 E.0637 U4.346
G1 X154.053 Y86.837 E.09714 U5.345
G1 X154.996 Y87.152 E.09673 U6.339
G1 X155.921 Y87.517 E.09675 U7.333
G1 X156.826 Y87.929 E.09675 U8.328
G1 X157.708 Y88.388 E.09674 U9.322
G1 X158.565 Y88.893 E.09678 U10.317
G1 X159.36 Y89.418 E.09269 U11.27
G1 X159.928 Y89.829 E.06821 U11.971
G1 X160.709 Y90.45 E.09708 U12.968
G1 X161.453 Y91.109 E.0967 U13.962
G1 X162.163 Y91.806 E.0968 U14.957
G1 X162.807 Y92.508 E.09269 U15.91
G1 X163.258 Y93.044 E.06816 U16.61
G1 X163.866 Y93.836 E.09715 U17.609
G1 X164.432 Y94.659 E.09718 U18.608
G1 X164.778 Y95.214 E.06363 U19.262
G1 X165.27 Y96.083 E.09716 U20.26
G1 X165.714 Y96.973 E.09677 U21.255
G1 X166.112 Y97.889 E.09717 U22.254
G1 X166.506 Y98.975 E.1124 U23.409
G1 X166.796 Y99.926 E.09674 U24.403
G1 X167.037 Y100.89 E.09668 U25.397
G1 X167.226 Y101.866 E.09673 U26.391
G1 X167.365 Y102.851 E.09679 U27.386
G1 X167.451 Y103.841 E.09669 U28.379
G1 X167.49 Y105.331 E.14502 U29.87
G1 X167.447 Y106.325 E.0968 U30.865
G1 X167.351 Y107.319 E.09716 U31.864
G1 X167.26 Y107.967 E.06367 U32.518
G1 X167.077 Y108.953 E.09757 U33.521
G1 X166.93 Y109.591 E.0637 U34.175
G1 X166.663 Y110.553 E.09714 U35.174
G1 X166.348 Y111.496 E.09673 U36.168
G1 X165.983 Y112.421 E.09675 U37.162
G1 X165.569 Y113.33 E.09718 U38.161
G1 X165.272 Y113.913 E.06366 U38.816
G1 X164.78 Y114.782 E.09716 U39.814
G1 X164.246 Y115.621 E.09676 U40.809
G1 X163.669 Y116.43 E.09668 U41.802
G1 X163.05 Y117.209 E.09681 U42.797
G1 X162.391 Y117.953 E.0967 U43.791
G1 X161.694 Y118.663 E.0968 U44.786
G1 X160.961 Y119.334 E.09669 U45.78
G1 X160.193 Y119.967 E.09683 U46.775
G1 X159.391 Y120.561 E.0971 U47.773
G1 X158.848 Y120.927 E.06371 U48.428
G1 X157.993 Y121.451 E.09757 U49.431
G1 X157.421 Y121.768 E.06363 U50.085
G1 X156.527 Y122.214 E.09721 U51.084
G1 X155.611 Y122.612 E.09717 U52.083
G1 X155 Y122.846 E.06366 U52.737
G1 X154.053 Y123.163 E.09716 U53.736
G1 X153.095 Y123.429 E.09674 U54.73
G1 X152.124 Y123.644 E.09676 U55.724
G1 X151.143 Y123.808 E.09677 U56.719
G1 X150.155 Y123.921 E.09676 U57.713
G1 X149.163 Y123.982 E.0967 U58.707
G1 X148.169 Y123.99 E.09672 U59.701
G1 X147.175 Y123.947 E.0968 U60.696
G1 X146.181 Y123.851 E.09716 U61.695
G1 X145.533 Y123.76 E.06367 U62.349
G1 X144.551 Y123.578 E.09717 U63.348
G1 X143.58 Y123.345 E.09716 U64.346
G1 X142.951 Y123.165 E.06366 U65.001
G1 X142.004 Y122.848 E.09716 U65.999
G1 X141.078 Y122.483 E.09684 U66.995
G1 X140.212 Y122.089 E.09257 U67.946
G1 X139.586 Y121.772 E.06827 U68.648
G1 X138.718 Y121.28 E.09708 U69.646
G1 X137.879 Y120.746 E.09676 U70.64
G1 X137.07 Y120.169 E.09668 U71.634
G1 X136.291 Y119.55 E.09681 U72.629
G1 X135.547 Y118.891 E.0967 U73.623
G1 X134.834 Y118.191 E.09722 U74.622
G1 X134.388 Y117.712 E.06368 U75.276
G1 X133.739 Y116.953 E.09716 U76.275
G1 X133.134 Y116.164 E.09674 U77.269
G1 X132.568 Y115.341 E.09718 U78.268
G1 X132.222 Y114.786 E.06363 U78.922
G1 X131.73 Y113.917 E.09716 U79.921
G1 X131.286 Y113.027 E.09677 U80.915
G1 X130.888 Y112.111 E.09717 U81.914
G1 X130.654 Y111.5 E.06366 U82.568
M73 P77 R10
G1 X130.337 Y110.553 E.09716 U83.567
G1 X130.071 Y109.595 E.09674 U84.561
G1 X129.856 Y108.624 E.09676 U85.556
G1 X129.692 Y107.643 E.09677 U86.55
G1 X129.579 Y106.655 E.09676 U87.545
G1 X129.518 Y105.663 E.0967 U88.539
G1 X129.51 Y104.668 E.09681 U89.534
G1 X129.55 Y103.717 E.09261 U90.486
G1 X129.61 Y103.018 E.06826 U91.187
G1 X129.741 Y102.029 E.09707 U92.185
G1 X129.923 Y101.047 E.09717 U93.183
G1 X130.07 Y100.409 E.0637 U93.838
G1 X130.337 Y99.447 E.09714 U94.837
G1 X130.652 Y98.504 E.09673 U95.831
G1 X131.017 Y97.579 E.09675 U96.825
G1 X131.429 Y96.674 E.09675 U97.82
G1 X131.888 Y95.792 E.09674 U98.814
G1 X132.393 Y94.935 E.09678 U99.809
G1 X132.918 Y94.14 E.09269 U100.761
G1 X133.329 Y93.572 E.06821 U101.462
G1 X133.95 Y92.791 E.09708 U102.46
G1 X134.609 Y92.047 E.0967 U103.454
G1 X135.306 Y91.337 E.0968 U104.449
G1 X136.008 Y90.693 E.09269 U105.402
G1 X136.544 Y90.242 E.06816 U106.102
G1 X137.336 Y89.634 E.09715 U107.101
G1 X138.156 Y89.071 E.09678 U108.095
G1 X138.967 Y88.572 E.09265 U109.047
G1 X139.58 Y88.231 E.06825 U109.749
G1 X140.473 Y87.786 E.09708 U110.747
G1 X141.389 Y87.388 E.09717 U111.745
G1 X142 Y87.154 E.06366 U112.4
G1 X142.947 Y86.837 E.09716 U113.398
G1 X143.905 Y86.571 E.09674 U114.393
G1 X144.876 Y86.356 E.09676 U115.387
G1 X145.857 Y86.192 E.09677 U116.382
G1 X146.845 Y86.079 E.09676 U117.376
G1 X147.838 Y86.018 E.0968 U118.371
G1 X148.472 Y86.012 E.06169 U119.005
G1 X148.496 Y86.743 F12000 U119.736
G1 F512.767
G1 X148.781 Y86.741 E.02773 U120.021
G1 X149.45 Y86.763 E.06513 U120.691
G1 X150.409 Y86.838 E.09359 U121.653
G1 X151.357 Y86.963 E.09304 U122.609
G1 X152.304 Y87.139 E.09372 U123.572
G1 X152.911 Y87.279 E.06061 U124.195
G1 X153.839 Y87.536 E.09369 U125.158
G1 X154.746 Y87.84 E.09307 U126.115
G1 X155.635 Y88.19 E.09296 U127.07
G1 X156.505 Y88.586 E.093 U128.026
G1 X157.354 Y89.028 E.09313 U128.983
G1 X158.178 Y89.514 E.09308 U129.94
G1 X158.943 Y90.019 E.08919 U130.856
G1 X159.485 Y90.412 E.06514 U131.526
G1 X160.238 Y91.011 E.09362 U132.488
G1 X160.954 Y91.644 E.09299 U133.444
G1 X161.637 Y92.315 E.09316 U134.401
G1 X162.257 Y92.991 E.08925 U135.318
G1 X162.688 Y93.503 E.06512 U135.988
G1 X163.274 Y94.266 E.09361 U136.95
G1 X163.82 Y95.06 E.09376 U137.913
G1 X164.15 Y95.588 E.06058 U138.536
G1 X164.624 Y96.427 E.09376 U139.5
G1 X165.051 Y97.282 E.09299 U140.455
G1 X165.311 Y97.881 E.06353 U141.108
G1 X165.547 Y98.456 E.06047 U141.73
G1 X165.812 Y99.208 E.07758 U142.527
G1 X166.092 Y100.121 E.09291 U143.482
G1 X166.323 Y101.049 E.09305 U144.439
G1 X166.505 Y101.987 E.09297 U145.394
G1 X166.638 Y102.933 E.09295 U146.349
G1 X166.721 Y103.886 E.09307 U147.306
G1 X166.759 Y105.319 E.13947 U148.739
G1 X166.717 Y106.274 E.09301 U149.695
G1 X166.625 Y107.233 E.09374 U150.659
G1 X166.538 Y107.849 E.06053 U151.281
G1 X166.361 Y108.804 E.0945 U152.252
G1 X166.221 Y109.411 E.06061 U152.875
G1 X165.964 Y110.339 E.09369 U153.838
G1 X165.66 Y111.246 E.09307 U154.795
G1 X165.31 Y112.135 E.09296 U155.75
G1 X164.91 Y113.012 E.09379 U156.714
G1 X164.628 Y113.567 E.06057 U157.336
G1 X164.153 Y114.405 E.09372 U158.3
G1 X163.64 Y115.212 E.09304 U159.256
G1 X163.084 Y115.99 E.09304 U160.212
M73 P77 R9
G1 X162.489 Y116.738 E.09299 U161.168
G1 X161.856 Y117.454 E.09299 U162.124
G1 X161.186 Y118.136 E.09302 U163.08
G1 X160.481 Y118.782 E.09304 U164.036
G1 X159.743 Y119.39 E.09303 U164.992
G1 X158.968 Y119.964 E.09383 U165.957
G1 X158.453 Y120.312 E.06047 U166.578
G1 X157.624 Y120.819 E.09455 U167.55
G1 X157.08 Y121.121 E.06054 U168.172
G1 X156.218 Y121.551 E.09373 U169.135
G1 X155.334 Y121.935 E.09377 U170.099
G1 X154.753 Y122.158 E.06055 U170.722
G1 X153.839 Y122.464 E.09378 U171.685
G1 X152.918 Y122.719 E.09298 U172.641
G1 X151.985 Y122.926 E.09298 U173.597
G1 X151.042 Y123.084 E.09303 U174.553
G1 X150.092 Y123.192 E.09303 U175.509
G1 X149.137 Y123.251 E.09309 U176.466
G1 X148.181 Y123.259 E.09302 U177.422
G1 X147.226 Y123.217 E.09301 U178.378
G1 X146.267 Y123.125 E.09374 U179.341
G1 X145.651 Y123.038 E.06053 U179.963
G1 X144.703 Y122.863 E.0938 U180.927
G1 X143.766 Y122.638 E.09376 U181.891
G1 X143.168 Y122.466 E.06054 U182.513
G1 X142.254 Y122.16 E.09378 U183.477
G1 X141.364 Y121.81 E.09305 U184.433
G1 X140.529 Y121.43 E.08926 U185.351
G1 X139.932 Y121.127 E.06514 U186.02
G1 X139.094 Y120.653 E.09367 U186.983
G1 X138.288 Y120.14 E.09296 U187.938
G1 X137.51 Y119.584 E.09304 U188.895
G1 X136.762 Y118.989 E.09299 U189.85
G1 X136.046 Y118.356 E.09299 U190.806
G1 X135.358 Y117.68 E.09385 U191.771
G1 X134.934 Y117.225 E.06051 U192.393
G1 X134.308 Y116.492 E.09379 U193.357
G1 X133.726 Y115.734 E.09298 U194.312
G1 X133.18 Y114.94 E.09376 U195.276
G1 X132.85 Y114.412 E.06058 U195.898
G1 X132.376 Y113.573 E.09376 U196.862
G1 X131.949 Y112.718 E.09299 U197.818
G1 X131.565 Y111.834 E.09377 U198.782
G1 X131.342 Y111.253 E.06055 U199.404
G1 X131.036 Y110.339 E.09378 U200.368
G1 X130.781 Y109.418 E.09298 U201.323
G1 X130.574 Y108.485 E.09298 U202.279
G1 X130.416 Y107.542 E.09303 U203.235
G1 X130.308 Y106.592 E.09303 U204.191
G1 X130.249 Y105.637 E.09309 U205.148
G1 X130.241 Y104.681 E.09302 U206.104
G1 X130.28 Y103.764 E.0893 U207.022
G1 X130.337 Y103.097 E.06513 U207.692
G1 X130.463 Y102.143 E.09363 U208.654
G1 X130.639 Y101.196 E.09372 U209.617
G1 X130.779 Y100.589 E.06061 U210.24
G1 X131.036 Y99.661 E.09369 U211.203
G1 X131.34 Y98.754 E.09307 U212.159
G1 X131.69 Y97.865 E.09296 U213.115
G1 X132.086 Y96.995 E.093 U214.071
G1 X132.528 Y96.147 E.09304 U215.027
G1 X133.014 Y95.322 E.09316 U215.985
G1 X133.519 Y94.557 E.08919 U216.901
G1 X133.912 Y94.015 E.06514 U217.571
G1 X134.511 Y93.262 E.09362 U218.533
G1 X135.144 Y92.546 E.09299 U219.489
G1 X135.815 Y91.863 E.09316 U220.446
G1 X136.491 Y91.243 E.08925 U221.363
G1 X137.003 Y90.812 E.06512 U222.033
G1 X137.766 Y90.226 E.09361 U222.995
G1 X138.555 Y89.684 E.09313 U223.952
G1 X139.337 Y89.204 E.08928 U224.869
G1 X139.921 Y88.879 E.06503 U225.538
G1 X140.782 Y88.449 E.09364 U226.5
G1 X141.666 Y88.065 E.09377 U227.464
G1 X142.247 Y87.842 E.06055 U228.086
G1 X143.161 Y87.536 E.09378 U229.05
G1 X144.082 Y87.281 E.09298 U230.006
G1 X145.015 Y87.074 E.09298 U230.962
G1 X145.958 Y86.916 E.09303 U231.918
G1 X146.908 Y86.808 E.09303 U232.874
G1 X147.863 Y86.749 E.09309 U233.831
G1 X148.466 Y86.744 E.05867 U234.434
G1 X148.49 Y87.475 F12000 U235.165
G1 F512.767
G1 X148.772 Y87.472 E.02744 U235.447
G1 X149.409 Y87.493 E.06201 U236.084
G1 X150.332 Y87.566 E.09008 U237.01
G1 X151.242 Y87.686 E.08931 U237.928
G1 X152.155 Y87.855 E.09034 U238.857
G1 X152.731 Y87.988 E.05752 U239.448
G1 X153.625 Y88.236 E.09027 U240.376
G1 X154.496 Y88.527 E.08935 U241.294
G1 X155.35 Y88.863 E.08929 U242.212
G1 X156.185 Y89.244 E.0893 U243.129
G1 X156.999 Y89.668 E.0893 U244.047
G1 X157.79 Y90.134 E.08932 U244.965
G1 X158.527 Y90.621 E.08595 U245.849
G1 X159.043 Y90.994 E.06195 U246.485
G1 X159.768 Y91.571 E.09015 U247.412
G1 X160.456 Y92.179 E.08933 U248.33
G1 X161.111 Y92.823 E.08937 U249.249
G1 X161.708 Y93.474 E.08594 U250.132
G1 X162.118 Y93.961 E.06194 U250.769
G1 X162.682 Y94.696 E.09014 U251.695
G1 X163.208 Y95.461 E.09033 U252.623
G1 X163.521 Y95.962 E.05748 U253.214
G1 X163.978 Y96.77 E.09032 U254.142
G1 X164.388 Y97.591 E.08929 U255.06
G1 X164.64 Y98.172 E.06162 U255.693
G1 X164.864 Y98.719 E.05751 U256.284
G1 X165.119 Y99.44 E.07441 U257.049
G1 X165.387 Y100.317 E.08922 U257.966
G1 X165.609 Y101.207 E.08925 U258.884
G1 X165.784 Y102.108 E.0893 U259.801
G1 X165.912 Y103.016 E.08922 U260.718
G1 X165.991 Y103.93 E.08926 U261.636
G1 X166.028 Y105.306 E.13393 U263.012
G1 X165.987 Y106.223 E.08931 U263.93
G1 X165.898 Y107.147 E.09032 U264.858
G1 X165.816 Y107.732 E.05747 U265.449
G1 X165.645 Y108.655 E.09133 U266.388
G1 X165.512 Y109.231 E.05752 U266.979
G1 X165.264 Y110.125 E.09027 U267.907
G1 X164.973 Y110.996 E.08935 U268.825
G1 X164.637 Y111.85 E.08929 U269.743
G1 X164.252 Y112.695 E.09035 U270.671
G1 X163.984 Y113.221 E.05744 U271.262
G1 X163.526 Y114.029 E.09037 U272.191
G1 X163.033 Y114.803 E.08929 U273.108
G1 X162.5 Y115.55 E.08928 U274.026
G1 X161.929 Y116.268 E.08926 U274.943
G1 X161.321 Y116.956 E.08933 U275.861
G1 X160.677 Y117.61 E.0893 U276.779
G1 X160.001 Y118.23 E.08925 U277.697
G1 X159.293 Y118.814 E.0893 U278.614
G1 X158.546 Y119.366 E.09037 U279.543
G1 X158.057 Y119.696 E.0574 U280.133
G1 X157.256 Y120.187 E.09141 U281.073
G1 X156.74 Y120.473 E.0574 U281.663
G1 X155.909 Y120.888 E.09037 U282.591
G1 X155.057 Y121.258 E.09038 U283.52
G1 X154.506 Y121.47 E.05744 U284.111
G1 X153.625 Y121.764 E.09036 U285.039
G1 X152.741 Y122.009 E.08925 U285.957
G1 X151.845 Y122.208 E.0893 U286.875
G1 X150.94 Y122.36 E.08929 U287.792
G1 X150.028 Y122.463 E.0893 U288.71
G1 X149.112 Y122.519 E.08929 U289.628
G1 X148.194 Y122.528 E.08932 U290.546
G1 X147.277 Y122.487 E.08931 U291.464
G1 X146.353 Y122.398 E.09032 U292.392
G1 X145.768 Y122.316 E.05747 U292.983
G1 X144.855 Y122.147 E.09034 U293.911
G1 X143.952 Y121.93 E.09036 U294.84
CUT
G1 X143.385 Y121.768 E.05737
G1 X142.504 Y121.473 E.0904
G1 X141.649 Y121.136 E.08942
G1 X140.846 Y120.771 E.08582
G1 X140.278 Y120.483 E.06196
G1 X139.471 Y120.026 E.09023
G1 X138.697 Y119.533 E.08929
G1 X137.95 Y119 E.08928
G1 X137.232 Y118.429 E.08926
G1 X136.544 Y117.821 E.08933
G1 X135.882 Y117.17 E.09034
G1 X135.48 Y116.738 E.05742
G1 X134.876 Y116.032 E.0904
G1 X134.318 Y115.304 E.08924
G1 X133.792 Y114.539 E.09033
G1 X133.479 Y114.038 E.05748
G1 X133.022 Y113.23 E.09032
M73 P78 R9

G1 X132.612 Y112.409 E.08929
G1 X132.242 Y111.557 E.09038
G1 X132.03 Y111.006 E.05744
G1 X131.736 Y110.125 E.09036
G1 X131.491 Y109.241 E.08925
G1 X131.292 Y108.345 E.0893
G1 X131.14 Y107.44 E.08929
G1 X131.037 Y106.528 E.0893
G1 X130.981 Y105.612 E.08929
G1 X130.972 Y104.693 E.08942
G1 X131.01 Y103.811 E.08589
G1 X131.065 Y103.176 E.06201
G1 X131.186 Y102.258 E.09009
G1 X131.355 Y101.345 E.09034
G1 X131.488 Y100.769 E.05752
G1 X131.736 Y99.875 E.09027
G1 X132.027 Y99.004 E.08935
G1 X132.363 Y98.15 E.08929
G1 X132.744 Y97.315 E.0893
G1 X133.168 Y96.501 E.0893
G1 X133.634 Y95.71 E.08932
G1 X134.121 Y94.973 E.08595
G1 X134.494 Y94.457 E.06195
G1 X135.071 Y93.732 E.09015
G1 X135.679 Y93.044 E.08933
G1 X136.323 Y92.389 E.08937
G1 X136.974 Y91.792 E.08594
G1 X137.461 Y91.382 E.06194
G1 X138.196 Y90.818 E.09014
G1 X138.953 Y90.297 E.08941
G1 X139.706 Y89.835 E.08595
G1 X140.262 Y89.526 E.06189
G1 X141.091 Y89.112 E.09016
G1 X141.943 Y88.742 E.09038
G1 X142.494 Y88.53 E.05744
G1 X143.375 Y88.236 E.09036
G1 X144.259 Y87.991 E.08925
G1 X145.155 Y87.792 E.0893
G1 X146.06 Y87.64 E.08929
G1 X146.972 Y87.537 E.0893
G1 X147.889 Y87.48 E.08939
G1 X148.46 Y87.475 E.05556
G1 E-8 F1500
G1 Z4.68 F3000
G1 X137.182 Y92.029 F12000
G1 Z4.48 F3000
G1 E10 F1500
;TYPE:Solid infill
G1 E-30 F1500
G1 Z9.48 F300.0
G1 F12000.0
T0
G1 Z4.48 F300.0
G1 E32.0 F1500
G1 F12000.0
;WIDTH:0.578673
G1 F735.294
G1 X135.921 Y93.27 E.12004
G1 X136.964 Y92.239 E.09951
G1 E-8 F1500
G1 Z4.68 F3000
G1 X139.406 Y90.549 F12000
G1 Z4.48 F3000
G1 E10 F1500
G1 F735.294
G1 X139.361 Y90.504 E.00432
G1 X139.299 Y90.52 E.00434
G1 X139.282 Y90.582 E.00436
G1 X139.328 Y90.627 E.00437
G1 X139.389 Y90.611 E.00428
;WIDTH:0.626836
G1 F671.846
G1 X139.152 Y90.762 E.02087
;WIDTH:0.675
G1 F618.478
G1 X138.915 Y90.913 E.02267
G1 X134.407 Y95.422 E.51433
G1 X134.263 Y95.628 E.02027
;WIDTH:0.626836
G1 F671.846
G1 X134.118 Y95.834 E.01871
;WIDTH:0.578673
G1 F735.294
G1 X134.073 Y95.789 E.00432
G1 X134.012 Y95.805 E.00428
G1 X133.995 Y95.867 E.00436
G1 X134.04 Y95.912 E.00432
G1 X134.102 Y95.895 E.00436
G1 E-8 F1500
G1 Z4.68 F3000
G1 X132.952 Y97.953 F12000
G1 Z4.48 F3000
G1 E10 F1500
G1 F735.294
G1 X132.891 Y97.97 E.0043
G1 X132.846 Y97.925 E.00432
G1 X132.862 Y97.863 E.00434
G1 X132.924 Y97.847 E.00434
G1 X132.969 Y97.892 E.00432
;WIDTH:0.626836
G1 F671.846
G1 X133.088 Y97.686 E.01767
;WIDTH:0.675
G1 F618.478
G1 X133.206 Y97.48 E.01915
G1 X140.97 Y89.716 E.88571
G1 X141.207 Y89.588 E.02173
;WIDTH:0.626836
G1 F671.846
G1 X141.444 Y89.461 E.01997
;WIDTH:0.578673
G1 F735.294
G1 X141.382 Y89.477 E.00434
G1 X141.337 Y89.432 E.00432
G1 X141.354 Y89.371 E.0043
G1 X141.415 Y89.354 E.0043
G1 X141.46 Y89.399 E.00432
;WIDTH:0.675
G1 F618.478
G1 X142.491 Y89.052 E.08775
G1 X132.556 Y98.987 E1.13338
G1 X132.451 Y99.193 E.01865
;WIDTH:0.626836
G1 F671.846
G1 X132.346 Y99.4 E.01724
;WIDTH:0.578673
G1 F735.294
G1 X132.301 Y99.354 E.00437
G1 X132.239 Y99.371 E.00436
G1 X132.223 Y99.433 E.00434
G1 X132.268 Y99.478 E.00432
G1 X132.33 Y99.461 E.00436
G1 E-8 F1500
G1 Z4.68 F3000
G1 X131.629 Y101.303 F12000
G1 Z4.48 F3000
G1 E10 F1500
G1 F735.294
G1 X131.83 Y100.508 E.05564
;WIDTH:0.626836
G1 F671.846
G1 X131.98 Y100.389 E.01422
;WIDTH:0.675
G1 F618.478
G1 X132.13 Y100.27 E.01545
G1 X143.77 Y88.63 E1.32788
G1 X144.916 Y88.343 E.0953
G1 X131.836 Y101.423 E1.49215
G1 X131.648 Y102.468 E.08565
G1 X145.967 Y88.149 E1.6335
G1 X146.944 Y88.029 E.0794
G1 X131.53 Y103.444 E1.75847
G1 X131.473 Y104.357 E.07379
G1 X147.862 Y87.969 E1.86958
G1 X148.721 Y87.968 E.06929
G1 X131.463 Y105.225 E1.96872
G1 X131.494 Y106.051 E.06668
G1 X149.546 Y88 E2.0593
G1 X150.345 Y88.058 E.06462
M73 P79 R9
G1 X131.561 Y106.842 E2.14286
G1 X131.66 Y107.601 E.06174
G1 X151.103 Y88.158 E2.21804
G1 X151.829 Y88.289 E.05951
G1 X131.787 Y108.331 E2.28637
G1 X131.942 Y109.033 E.05799
G1 X152.534 Y88.441 E2.34912
G1 X153.209 Y88.625 E.05644
G1 X132.125 Y109.709 E2.40524
G1 X132.328 Y110.363 E.05524
G1 X153.863 Y88.828 E2.45669
G1 X154.498 Y89.05 E.05426
M73 P79 R8
G1 X132.549 Y110.999 E2.50392
G1 X132.795 Y111.61 E.05313
G1 X155.113 Y89.293 E2.54596
G1 X155.704 Y89.559 E.05228
G1 X133.055 Y112.208 E2.58378
G1 X133.341 Y112.78 E.05159
M73 P80 R8
G1 X156.279 Y89.841 E2.6168
G1 X156.84 Y90.138 E.0512
G1 X133.641 Y113.337 E2.64652
G1 X133.954 Y113.881 E.05063
G1 X157.379 Y90.456 E2.6723
G1 X157.902 Y90.791 E.0501
G1 X134.289 Y114.404 E2.69375
G1 X134.638 Y114.912 E.04972
G1 X158.413 Y91.138 E2.71217
G1 X158.904 Y91.504 E.0494
G1 X135.006 Y115.402 E2.72626
G1 X135.386 Y115.88 E.04926
G1 X159.381 Y91.884 E2.73738
G1 X159.84 Y92.283 E.04906
G1 X135.781 Y116.342 E2.74463
G1 X136.191 Y116.789 E.04893
M73 P81 R8
G1 X160.286 Y92.694 E2.74873
G1 X160.719 Y93.119 E.04894
G1 X136.622 Y117.216 E2.74896
G1 X137.064 Y117.631 E.04891
G1 X161.131 Y93.564 E2.74554
G1 X161.533 Y94.02 E.04904
G1 X137.519 Y118.034 E2.73949
G1 X137.995 Y118.415 E.04918
G1 X161.915 Y94.495 E2.72877
G1 X162.288 Y94.98 E.04936
G1 X138.484 Y118.784 E2.71554
G1 X138.985 Y119.14 E.04958
G1 X162.637 Y95.488 E2.6982
G1 X162.976 Y96.007 E.05001
M73 P81 R7
G1 X139.509 Y119.474 E2.67709
G1 X140.047 Y119.793 E.05045
M73 P82 R7
G1 X163.293 Y96.547 E2.65188
G1 X163.599 Y97.099 E.05091
G1 X140.598 Y120.1 E2.62393
G1 X141.17 Y120.385 E.05155
G1 X163.884 Y97.671 E2.59119
G1 X164.15 Y98.263 E.05235
G1 X141.76 Y120.653 E2.55423
G1 X142.372 Y120.898 E.05318
G1 X164.401 Y98.869 E2.51305
G1 X164.627 Y99.501 E.05414
G1 X143.001 Y121.127 E2.46707
G1 X143.648 Y121.337 E.05487
G1 X164.836 Y100.149 E2.41711
G1 X165.022 Y100.82 E.05617
G1 X144.323 Y121.519 E2.36132
G1 X145.017 Y121.683 E.05752
G1 X165.18 Y101.52 E2.30018
G1 X165.314 Y102.244 E.05939
M73 P83 R7
G1 X145.74 Y121.817 E2.23293
G1 X146.491 Y121.924 E.06119
G1 X165.42 Y102.995 E2.1594
G1 X165.495 Y103.777 E.06337
G1 X147.273 Y121.999 E2.07875
G1 X148.093 Y122.037 E.06622
G1 X165.535 Y104.595 E1.98977
G1 X165.535 Y105.453 E.06921
G1 X148.952 Y122.035 E1.89172
G1 X149.858 Y121.987 E.07319
G1 X165.486 Y106.359 E1.78283
G1 X165.384 Y107.319 E.07788
G1 X150.818 Y121.884 E1.66162
G1 X151.851 Y121.709 E.08452
G1 X165.207 Y108.353 E1.52364
G1 X165.408 Y108.521 E.02113
;WIDTH:0.578673
G1 F735.294
G1 X165.24 Y109.239 E.05003
;WIDTH:0.675
G1 F618.478
G1 X164.939 Y109.478 E.031
G1 X152.978 Y121.439 E1.3645
G1 X153.856 Y121.301 E.07169
;WIDTH:0.578673
G1 F735.294
G1 X153.811 Y121.256 E.00432
G1 X153.749 Y121.272 E.00434
G1 X153.733 Y121.334 E.00434
G1 X153.778 Y121.379 E.00432
G1 X153.839 Y121.362 E.0043
;WIDTH:0.626836
G1 F671.846
G1 X154.031 Y121.207 E.01832
;WIDTH:0.675
G1 F618.478
G1 X154.223 Y121.052 E.0199
G1 X164.552 Y110.723 E1.17832
G1 X164.705 Y110.531 E.0198
;WIDTH:0.626836
G1 F671.846
G1 X164.858 Y110.339 E.01823
;WIDTH:0.578673
G1 F735.294
G1 X164.797 Y110.356 E.0043
G1 X164.752 Y110.311 E.00432
G1 X164.768 Y110.249 E.00434
G1 X164.83 Y110.233 E.00434
G1 X164.875 Y110.278 E.00432
G1 E-8 F1500
G1 Z4.68 F3000
G1 X164.311 Y111.735 F12000
G1 Z4.48 F3000
G1 E10 F1500
G1 F735.294
G1 X164.266 Y111.69 E.00432
G1 X164.204 Y111.707 E.00436
G1 X164.188 Y111.768 E.00428
G1 X164.233 Y111.813 E.00432
G1 X164.294 Y111.797 E.00428
;WIDTH:0.626836
G1 F671.846
G1 X164.123 Y111.989 E.01909
;WIDTH:0.675
G1 F618.478
G1 X163.952 Y112.18 E.02068
G1 X155.671 Y120.461 E.94469
G1 X155.488 Y120.599 E.01849
M73 P84 R7
;WIDTH:0.626836
G1 F671.846
G1 X155.304 Y120.736 E.01703
;WIDTH:0.578673
G1 F735.294
G1 X155.259 Y120.691 E.00432
G1 X155.197 Y120.708 E.00436
G1 X155.181 Y120.769 E.00428
G1 X155.226 Y120.815 E.00437
G1 X155.287 Y120.798 E.0043
G1 E-8 F1500
G1 Z4.68 F3000
G1 X157.173 Y119.811 F12000
G1 Z4.48 F3000
G1 E10 F1500
G1 F735.294
G1 X157.112 Y119.827 E.00428
G1 X157.066 Y119.782 E.00437
G1 X157.083 Y119.721 E.0043
G1 X157.145 Y119.704 E.00436
G1 X157.19 Y119.749 E.00432
;WIDTH:0.626836
G1 F671.846
G1 X157.373 Y119.591 E.01795
;WIDTH:0.675
G1 F618.478
G1 X157.557 Y119.433 E.01956
G1 X163.121 Y113.867 E.63485
;WIDTH:0.626836
G1 F671.846
G1 X163.311 Y113.675 E.02006
;WIDTH:0.578673
G1 F735.294
G1 X163.249 Y113.691 E.00434
G1 X163.204 Y113.646 E.00432
G1 X163.221 Y113.585 E.0043
G1 X163.282 Y113.568 E.0043
G1 X163.327 Y113.613 E.00432
G1 E-8 F1500
G1 Z4.68 F3000
G1 X162.247 Y115.36 F12000
G1 Z4.48 F3000
G1 E10 F1500
G1 F735.294
G1 X161.647 Y116.032 E.06113
G1 X160.4 Y117.323 E.12179
G1 X159.086 Y118.549 E.12194
G1 X158.391 Y119.147 E.06221
M73 P84 R6
;LAYER_CHANGE
;Z:4.8
;HEIGHT:0.32

G1 E-8 F1500
G1 Z4.8 F3000
;AFTER_LAYER_CHANGE
;4.8
G92 E0
_ON_LAYER_CHANGE LAYER=15
G1 Z5
G1 X148.508 Y85.343 F12000
G1 Z4.8 F3000
G1 E10 F1500
;TYPE:External perimeter
;WIDTH:0.675
G1 F618.478
G1 X148.82 Y85.34 E.02517
G1 X149.528 Y85.364 E.05714
G1 X150.555 Y85.445 E.0831
G1 X151.576 Y85.58 E.08308
G1 X152.588 Y85.767 E.08302
G1 X153.566 Y86.002 E.08114
G1 X154.247 Y86.196 E.05712
G1 X155.225 Y86.523 E.08318
G1 X156.183 Y86.901 E.08308
G1 X157.119 Y87.328 E.08299
G1 X158.012 Y87.792 E.08118
G1 X158.626 Y88.145 E.05713
G1 X159.495 Y88.699 E.08313
G1 X160.333 Y89.297 E.08304
G1 X161.139 Y89.938 E.08307
G1 X161.91 Y90.62 E.08303
G1 X162.644 Y91.341 E.083
G1 X163.339 Y92.1 E.08302
G1 X163.995 Y92.896 E.08321
G1 X164.406 Y93.441 E.05506
G1 X164.99 Y94.291 E.08319
G1 X165.528 Y95.169 E.08306
G1 X166.009 Y96.053 E.08118
G1 X166.32 Y96.689 E.05711
G1 X166.731 Y97.636 E.08327
G1 X166.976 Y98.274 E.05513
G1 X167.303 Y99.251 E.08311
G1 X167.578 Y100.243 E.08304
G1 X167.801 Y101.248 E.08304
G1 X167.971 Y102.264 E.0831
G1 X168.088 Y103.286 E.08298
G1 X168.15 Y104.314 E.08308
G1 X168.159 Y105.343 E.08301
G1 X168.114 Y106.372 E.08308
G1 X168.019 Y107.373 E.08111
G1 X167.921 Y108.075 E.05718
G1 X167.732 Y109.09 E.08328
G1 X167.579 Y109.755 E.05504
G1 X167.303 Y110.749 E.08322
G1 X166.977 Y111.725 E.08301
G1 X166.599 Y112.684 E.08315
G1 X166.321 Y113.308 E.05511
G1 X165.861 Y114.231 E.08319
G1 X165.354 Y115.127 E.08305
G1 X164.801 Y115.995 E.08302
G1 X164.203 Y116.833 E.08304
G1 X163.562 Y117.639 E.08307
G1 X162.88 Y118.41 E.08303
G1 X162.159 Y119.144 E.083
G1 X161.399 Y119.84 E.08313
G1 X160.875 Y120.28 E.05519
G1 X160.057 Y120.907 E.08314
G1 X159.209 Y121.49 E.08301
G1 X158.351 Y122.016 E.08118
G1 X157.732 Y122.36 E.05712
G1 X156.81 Y122.82 E.08312
G1 X155.864 Y123.231 E.0832
G1 X155.226 Y123.476 E.05513
G1 X154.249 Y123.803 E.08311
G1 X153.257 Y124.078 E.08304
G1 X152.252 Y124.301 E.08304
G1 X151.236 Y124.471 E.0831
G1 X150.214 Y124.588 E.08298
G1 X149.186 Y124.65 E.08308
G1 X148.157 Y124.659 E.08301
G1 X147.152 Y124.616 E.08114
G1 X146.446 Y124.555 E.05716
G1 X145.424 Y124.42 E.08316
G1 X144.41 Y124.232 E.08319
G1 X143.745 Y124.079 E.05504
G1 X142.751 Y123.803 E.08322
G1 X141.775 Y123.477 E.08301
G1 X140.817 Y123.099 E.08308
G1 X139.902 Y122.683 E.08108
G1 X139.27 Y122.362 E.05718
G1 X138.373 Y121.854 E.08316
G1 X137.505 Y121.301 E.08302
G1 X136.667 Y120.703 E.08304
G1 X135.861 Y120.062 E.08307
G1 X135.09 Y119.38 E.08303
G1 X134.355 Y118.658 E.08311
G1 X133.889 Y118.158 E.05513
G1 X133.219 Y117.374 E.08319
G1 X132.593 Y116.557 E.08303
G1 X132.01 Y115.709 E.08301
G1 X131.472 Y114.831 E.08306
G1 X130.991 Y113.947 E.08118
G1 X130.68 Y113.311 E.05711
G1 X130.269 Y112.364 E.08327
G1 X130.024 Y111.726 E.05513
G1 X129.697 Y110.749 E.08311
G1 X129.422 Y109.757 E.08304
G1 X129.199 Y108.752 E.08304
G1 X129.029 Y107.736 E.0831
G1 X128.912 Y106.714 E.08298
G1 X128.85 Y105.686 E.08308
G1 X128.841 Y104.657 E.08301
G1 X128.884 Y103.652 E.08114
G1 X128.945 Y102.946 E.05716
G1 X129.08 Y101.924 E.08316
G1 X129.268 Y100.911 E.08311
G1 X129.421 Y100.245 E.05512
G1 X129.697 Y99.251 E.08322
G1 X130.023 Y98.275 E.08301
G1 X130.401 Y97.317 E.08308
G1 X130.828 Y96.381 E.08299
G1 X131.303 Y95.468 E.08302
G1 X131.825 Y94.58 E.08309
G1 X132.38 Y93.741 E.08115
G1 X132.796 Y93.168 E.05712
G1 X133.438 Y92.361 E.08318
G1 X134.12 Y91.59 E.08303
G1 X134.841 Y90.856 E.083
G1 X135.583 Y90.176 E.08119
G1 X136.125 Y89.72 E.05714
G1 X136.943 Y89.093 E.08314
G1 X137.791 Y88.51 E.08301
G1 X138.649 Y87.984 E.08118
G1 X139.268 Y87.64 E.05712
G1 X140.19 Y87.18 E.08312
G1 X141.134 Y86.769 E.08305
G1 X142.076 Y86.417 E.08112
G1 X142.75 Y86.197 E.05719
G1 X143.743 Y85.922 E.08312
G1 X144.748 Y85.699 E.08304
G1 X145.764 Y85.529 E.0831
G1 X146.786 Y85.412 E.08298
G1 X147.814 Y85.35 E.08308
G1 X148.478 Y85.344 E.05356
G1 X149.078 Y85.35 F12000
G1 X148.502 Y86.012
;TYPE:Perimeter
G1 E-30 F1500
G1 Z9.8 F300.0
G1 F12000.0
T1
G1 Z4.8 F300.0
PRIME_FIBRE
G1 E45.0 F1500
G1 F12000.0
;WIDTH:0.8
G1 F512.767
G1 X148.811 Y86.009 E.03007
G1 X149.49 Y86.032 E.0661 U0.679
G1 X150.485 Y86.111 E.09711 U1.678
G1 X151.471 Y86.241 E.09676 U2.672
G1 X152.449 Y86.422 E.09677 U3.667
G1 X153.396 Y86.649 E.09475 U4.64
G1 X154.049 Y86.835 E.06606 U5.319
G1 X154.996 Y87.152 E.09716 U6.318
G1 X155.921 Y87.517 E.09675 U7.313
G1 X156.826 Y87.929 E.09675 U8.307
G1 X157.691 Y88.378 E.09482 U9.281
G1 X158.279 Y88.717 E.06604 U9.96
G1 X159.121 Y89.254 E.09717 U10.959
G1 X159.93 Y89.831 E.09668 U11.953
G1 X160.709 Y90.45 E.09681 U12.948
G1 X161.453 Y91.109 E.0967 U13.941
G1 X162.163 Y91.806 E.0968 U14.936
G1 X162.834 Y92.539 E.09669 U15.93
G1 X163.47 Y93.31 E.09724 U16.93
G1 X163.863 Y93.832 E.06357 U17.583
G1 X164.429 Y94.655 E.09718 U18.582
G1 X164.949 Y95.504 E.09687 U19.577
G1 X165.414 Y96.359 E.0947 U20.551
G1 X165.712 Y96.969 E.06605 U21.23
G1 X166.112 Y97.889 E.09761 U22.233
G1 X166.506 Y98.975 E.1124 U23.388
G1 X166.796 Y99.926 E.09674 U24.382
G1 X167.037 Y100.891 E.09677 U25.377
G1 X167.226 Y101.866 E.09663 U26.37
G1 X167.365 Y102.851 E.09679 U27.365
G1 X167.451 Y103.841 E.09669 U28.359
G1 X167.49 Y105.331 E.14502 U29.849
G1 X167.447 Y106.325 E.0968 U30.844
G1 X167.354 Y107.295 E.09481 U31.818
G1 X167.26 Y107.967 E.06602 U32.497
G1 X167.077 Y108.953 E.09757 U33.5
G1 X166.93 Y109.591 E.0637 U34.155
G1 X166.663 Y110.553 E.09714 U35.153
G1 X166.348 Y111.496 E.09673 U36.147
G1 X165.982 Y112.425 E.09715 U37.146
G1 X165.716 Y113.023 E.06368 U37.8
G1 X165.27 Y113.917 E.09721 U38.799
G1 X164.78 Y114.782 E.09673 U39.793
G1 X164.246 Y115.621 E.09676 U40.788
G1 X163.669 Y116.43 E.09668 U41.782
G1 X163.05 Y117.209 E.09681 U42.777
G1 X162.391 Y117.953 E.0967 U43.77
G1 X161.694 Y118.663 E.0968 U44.765
G1 X160.958 Y119.337 E.0971 U45.763
G1 X160.456 Y119.758 E.06375 U46.419
G1 X159.664 Y120.366 E.09715 U47.417
G1 X158.844 Y120.929 E.09678 U48.412
G1 X158.014 Y121.439 E.09478 U49.386
G1 X157.42 Y121.768 E.06607 U50.065
G1 X156.527 Y122.214 E.09712 U51.063
G1 X155.611 Y122.612 E.09717 U52.062
G1 X155 Y122.846 E.06366 U52.716
G1 X154.053 Y123.163 E.09716 U53.715
G1 X153.095 Y123.429 E.09674 U54.709
G1 X152.124 Y123.644 E.09676 U55.703
G1 X151.143 Y123.808 E.09677 U56.698
G1 X150.155 Y123.921 E.09676 U57.692
G1 X149.163 Y123.982 E.0967 U58.686
G1 X148.168 Y123.99 E.09681 U59.681
G1 X147.195 Y123.948 E.09476 U60.655
G1 X146.519 Y123.89 E.06601 U61.334
G1 X145.529 Y123.759 E.09716 U62.332
G1 X144.547 Y123.577 E.09717 U63.331
G1 X143.909 Y123.43 E.0637 U63.986
G1 X142.947 Y123.163 E.09714 U64.984
G1 X142.004 Y122.848 E.09673 U65.978
G1 X141.079 Y122.483 E.09675 U66.973
G1 X140.192 Y122.08 E.09479 U67.947
G1 X139.587 Y121.772 E.06605 U68.626
G1 X138.718 Y121.28 E.09716 U69.625
G1 X137.879 Y120.746 E.09676 U70.619
G1 X137.07 Y120.169 E.09668 U71.613
G1 X136.291 Y119.55 E.09681 U72.608
G1 X135.547 Y118.891 E.0967 U73.602
G1 X134.834 Y118.191 E.09722 U74.601
G1 X134.388 Y117.712 E.06368 U75.255
G1 X133.739 Y116.953 E.09716 U76.254
G1 X133.134 Y116.164 E.09674 U77.248
G1 X132.571 Y115.345 E.0967 U78.242
G1 X132.051 Y114.496 E.09687 U79.238
G1 X131.586 Y113.641 E.0947 U80.211
M73 P85 R6
G1 X131.288 Y113.031 E.06605 U80.89
G1 X130.888 Y112.111 E.09761 U81.893
G1 X130.654 Y111.5 E.06366 U82.547
G1 X130.337 Y110.553 E.09716 U83.546
G1 X130.071 Y109.595 E.09674 U84.54
G1 X129.856 Y108.624 E.09676 U85.535
G1 X129.692 Y107.643 E.09677 U86.529
G1 X129.579 Y106.655 E.09676 U87.524
G1 X129.518 Y105.663 E.0967 U88.518
G1 X129.51 Y104.668 E.09681 U89.513
G1 X129.552 Y103.695 E.09476 U90.487
G1 X129.61 Y103.019 E.06601 U91.165
G1 X129.741 Y102.029 E.09716 U92.164
G1 X129.923 Y101.047 E.09717 U93.162
G1 X130.07 Y100.409 E.0637 U93.817
G1 X130.337 Y99.447 E.09714 U94.816
G1 X130.652 Y98.504 E.09673 U95.81
G1 X131.017 Y97.579 E.09675 U96.804
G1 X131.429 Y96.674 E.09675 U97.799
G1 X131.888 Y95.792 E.09674 U98.793
G1 X132.393 Y94.935 E.09678 U99.788
G1 X132.93 Y94.122 E.0948 U100.762
G1 X133.329 Y93.573 E.06603 U101.441
G1 X133.95 Y92.791 E.09716 U102.439
G1 X134.609 Y92.047 E.0967 U103.433
G1 X135.306 Y91.337 E.0968 U104.428
G1 X136.024 Y90.679 E.09476 U105.402
G1 X136.544 Y90.242 E.06609 U106.081
G1 X137.336 Y89.634 E.09715 U107.08
G1 X138.156 Y89.071 E.09678 U108.074
G1 X138.986 Y88.561 E.09478 U109.048
G1 X139.58 Y88.232 E.06607 U109.727
G1 X140.473 Y87.786 E.09712 U110.726
G1 X141.385 Y87.39 E.09674 U111.72
G1 X142.297 Y87.048 E.09477 U112.694
G1 X142.943 Y86.838 E.06609 U113.373
G1 X143.905 Y86.571 E.09714 U114.372
G1 X144.876 Y86.356 E.09676 U115.366
G1 X145.857 Y86.192 E.09677 U116.361
G1 X146.845 Y86.079 E.09676 U117.355
G1 X147.837 Y86.018 E.0967 U118.349
G1 X148.472 Y86.012 E.06179 U118.984
G1 X148.496 Y86.744 F12000 U119.716
G1 F512.767
G1 X148.802 Y86.741 E.02977 U120.022
G1 X149.449 Y86.763 E.06299 U120.67
G1 X150.409 Y86.838 E.09369 U121.633
G1 X151.357 Y86.963 E.09304 U122.589
G1 X152.297 Y87.137 E.09301 U123.545
G1 X153.211 Y87.356 E.09145 U124.485
G1 X153.833 Y87.534 E.06295 U125.132
G1 X154.746 Y87.84 E.09369 U126.095
G1 X155.635 Y88.19 E.09296 U127.05
G1 X156.506 Y88.587 E.09313 U128.007
G1 X157.339 Y89.02 E.09134 U128.946
G1 X157.9 Y89.343 E.06298 U129.593
G1 X158.712 Y89.86 E.09366 U130.556
G1 X159.49 Y90.416 E.09304 U131.512
G1 X160.238 Y91.011 E.09299 U132.468
G1 X160.954 Y91.644 E.09299 U133.424
G1 X161.636 Y92.314 E.09302 U134.38
G1 X162.282 Y93.019 E.09304 U135.336
G1 X162.895 Y93.763 E.09379 U136.3
G1 X163.27 Y94.26 E.06058 U136.923
G1 X163.816 Y95.054 E.09376 U137.886
G1 X164.315 Y95.869 E.09298 U138.842
G1 X164.764 Y96.695 E.09147 U139.782
G1 X165.048 Y97.276 E.06292 U140.429
G1 X165.311 Y97.881 E.06419 U141.088
G1 X165.547 Y98.456 E.06047 U141.71
G1 X165.812 Y99.207 E.07748 U142.506
G1 X166.092 Y100.121 E.09301 U143.462
G1 X166.323 Y101.049 E.09305 U144.419
G1 X166.505 Y101.987 E.09297 U145.374
G1 X166.638 Y102.933 E.09295 U146.329
G1 X166.721 Y103.886 E.09307 U147.286
G1 X166.759 Y105.319 E.13947 U148.72
G1 X166.717 Y106.274 E.09301 U149.675
G1 X166.628 Y107.209 E.09138 U150.615
G1 X166.538 Y107.85 E.06298 U151.262
G1 X166.361 Y108.804 E.0944 U152.232
G1 X166.221 Y109.411 E.06061 U152.855
G1 X165.964 Y110.339 E.09369 U153.818
G1 X165.66 Y111.246 E.09307 U154.775
G1 X165.307 Y112.142 E.0937 U155.738
G1 X165.054 Y112.711 E.06059 U156.36
G1 X164.624 Y113.573 E.09373 U157.324
G1 X164.153 Y114.405 E.09302 U158.28
G1 X163.64 Y115.212 E.09304 U159.236
G1 X163.084 Y115.99 E.09304 U160.192
G1 X162.489 Y116.738 E.09299 U161.148
G1 X161.856 Y117.454 E.09299 U162.104
G1 X161.186 Y118.136 E.09302 U163.06
G1 X160.475 Y118.787 E.09379 U164.024
G1 X159.998 Y119.187 E.06057 U164.646
G1 X159.234 Y119.774 E.09374 U165.61
G1 X158.446 Y120.316 E.09305 U166.566
G1 X157.645 Y120.807 E.09141 U167.506
G1 X157.079 Y121.121 E.06298 U168.153
G1 X156.218 Y121.551 E.09364 U169.115
G1 X155.334 Y121.935 E.09377 U170.079
G1 X154.753 Y122.158 E.06055 U170.702
G1 X153.839 Y122.464 E.09378 U171.665
G1 X152.918 Y122.719 E.09298 U172.621
G1 X151.985 Y122.926 E.09298 U173.577
G1 X151.042 Y123.084 E.09303 U174.533
G1 X150.092 Y123.192 E.09303 U175.489
G1 X149.137 Y123.251 E.09309 U176.446
G1 X148.181 Y123.259 E.09302 U177.402
G1 X147.242 Y123.218 E.09145 U178.342
G1 X146.598 Y123.163 E.06289 U178.988
G1 X145.643 Y123.037 E.09372 U179.951
G1 X144.696 Y122.861 E.09372 U180.915
G1 X144.089 Y122.721 E.06061 U181.538
G1 X143.161 Y122.464 E.09369 U182.5
G1 X142.254 Y122.16 E.09307 U183.457
G1 X141.364 Y121.81 E.09305 U184.413
G1 X140.509 Y121.421 E.09139 U185.353
G1 X139.933 Y121.128 E.06288 U185.999
G1 X139.094 Y120.653 E.09381 U186.963
G1 X138.288 Y120.14 E.09296 U187.918
G1 X137.51 Y119.584 E.09304 U188.875
G1 X136.762 Y118.989 E.09299 U189.831
G1 X136.045 Y118.356 E.09306 U190.787
G1 X135.358 Y117.68 E.09378 U191.751
G1 X134.934 Y117.225 E.06051 U192.373
G1 X134.308 Y116.492 E.09379 U193.337
G1 X133.726 Y115.734 E.09298 U194.292
G1 X133.184 Y114.946 E.09305 U195.249
G1 X132.685 Y114.131 E.09298 U196.204
G1 X132.236 Y113.305 E.09147 U197.144
G1 X131.952 Y112.724 E.06292 U197.791
G1 X131.565 Y111.834 E.09443 U198.762
G1 X131.342 Y111.253 E.06055 U199.384
G1 X131.036 Y110.339 E.09378 U200.348
G1 X130.781 Y109.418 E.09298 U201.304
G1 X130.574 Y108.485 E.09298 U202.259
G1 X130.416 Y107.542 E.09303 U203.215
G1 X130.308 Y106.592 E.09303 U204.171
G1 X130.249 Y105.637 E.09309 U205.128
G1 X130.241 Y104.681 E.09302 U206.084
G1 X130.282 Y103.742 E.09145 U207.024
G1 X130.337 Y103.098 E.06289 U207.671
G1 X130.463 Y102.143 E.09372 U208.634
G1 X130.639 Y101.196 E.09372 U209.597
G1 X130.779 Y100.589 E.06061 U210.22
G1 X131.036 Y99.661 E.09369 U211.183
G1 X131.34 Y98.754 E.09307 U212.14
G1 X131.69 Y97.865 E.09296 U213.095
G1 X132.086 Y96.995 E.093 U214.051
G1 X132.528 Y96.147 E.09304 U215.007
G1 X133.013 Y95.322 E.09311 U215.964
G1 X133.531 Y94.539 E.09135 U216.903
G1 X133.911 Y94.015 E.06298 U217.55
G1 X134.511 Y93.262 E.09368 U218.513
G1 X135.144 Y92.546 E.09299 U219.469
G1 X135.815 Y91.863 E.09316 U220.426
G1 X136.507 Y91.228 E.09138 U221.365
G1 X137.002 Y90.812 E.06291 U222.012
G1 X137.766 Y90.226 E.09368 U222.975
G1 X138.554 Y89.684 E.09305 U223.931
G1 X139.355 Y89.193 E.09141 U224.871
G1 X139.921 Y88.879 E.06298 U225.518
G1 X140.782 Y88.449 E.09364 U226.48
G1 X141.659 Y88.068 E.09303 U227.437
G1 X142.539 Y87.739 E.09141 U228.376
G1 X143.154 Y87.538 E.06295 U229.023
G1 X144.082 Y87.281 E.09369 U229.986
G1 X145.015 Y87.074 E.09298 U230.942
G1 X145.958 Y86.916 E.09303 U231.898
G1 X146.908 Y86.808 E.09303 U232.854
G1 X147.863 Y86.749 E.09309 U233.811
G1 X148.466 Y86.744 E.05867 U234.414
G1 X148.49 Y87.475 F12000 U235.145
G1 F512.767
G1 X148.793 Y87.472 E.02948 U235.448
G1 X149.408 Y87.493 E.05987 U236.064
G1 X150.332 Y87.566 E.09018 U236.99
G1 X151.242 Y87.686 E.08931 U237.908
G1 X152.145 Y87.853 E.08935 U238.827
G1 X153.025 Y88.064 E.08805 U239.732
G1 X153.616 Y88.233 E.05981 U240.346
G1 X154.496 Y88.527 E.09027 U241.274
G1 X155.35 Y88.863 E.08929 U242.192
G1 X156.185 Y89.244 E.0893 U243.11
G1 X156.988 Y89.662 E.08808 U244.015
G1 X157.521 Y89.969 E.05985 U244.63
G1 X158.303 Y90.467 E.0902 U245.557
G1 X159.05 Y91 E.08928 U246.475
G1 X159.768 Y91.571 E.08926 U247.392
G1 X160.456 Y92.179 E.08933 U248.31
G1 X161.11 Y92.823 E.0893 U249.228
G1 X161.73 Y93.499 E.08925 U250.145
G1 X162.321 Y94.216 E.09041 U251.075
G1 X162.676 Y94.687 E.05739 U251.664
G1 X163.202 Y95.452 E.09033 U252.593
G1 X163.682 Y96.235 E.08936 U253.511
G1 X164.114 Y97.03 E.08803 U254.416
G1 X164.384 Y97.583 E.05988 U255.031
G1 X164.64 Y98.172 E.06249 U255.674
G1 X164.864 Y98.719 E.05751 U256.265
G1 X165.119 Y99.44 E.07441 U257.029
G1 X165.387 Y100.317 E.08922 U257.947
G1 X165.609 Y101.207 E.08925 U258.864
G1 X165.784 Y102.108 E.0893 U259.782
G1 X165.912 Y103.016 E.08922 U260.699
G1 X165.991 Y103.93 E.08926 U261.616
G1 X166.028 Y105.306 E.13393 U262.992
G1 X165.987 Y106.223 E.08931 U263.91
G1 X165.901 Y107.124 E.08806 U264.816
G1 X165.816 Y107.733 E.05983 U265.43
G1 X165.645 Y108.655 E.09124 U266.368
G1 X165.512 Y109.231 E.05752 U266.959
G1 X165.264 Y110.125 E.09027 U267.887
G1 X164.973 Y110.996 E.08935 U268.805
G1 X164.633 Y111.86 E.09034 U269.734
G1 X164.393 Y112.399 E.05741 U270.324
G1 X163.978 Y113.23 E.09037 U271.253
G1 X163.526 Y114.029 E.08932 U272.171
G1 X163.033 Y114.803 E.08929 U273.088
G1 X162.5 Y115.55 E.08928 U274.006
G1 X161.929 Y116.268 E.08926 U274.923
G1 X161.321 Y116.956 E.08933 U275.842
G1 X160.677 Y117.61 E.0893 U276.759
G1 X159.993 Y118.237 E.09028 U277.687
G1 X159.541 Y118.617 E.05745 U278.278
G1 X158.804 Y119.182 E.09035 U279.207
G1 X158.047 Y119.702 E.08936 U280.125
G1 X157.276 Y120.175 E.08801 U281.029
G1 X156.739 Y120.474 E.0598 U281.644
G1 X155.909 Y120.888 E.09024 U282.572
G1 X155.057 Y121.258 E.09038 U283.5
G1 X154.506 Y121.47 E.05744 U284.091
G1 X153.625 Y121.764 E.09036 U285.02
G1 X152.741 Y122.009 E.08925 U285.937
G1 X151.845 Y122.208 E.0893 U286.855
G1 X150.94 Y122.36 E.08929 U287.772
G1 X150.028 Y122.463 E.0893 U288.69
G1 X149.112 Y122.519 E.08929 U289.608
G1 X148.193 Y122.528 E.08942 U290.527
G1 X147.29 Y122.488 E.08794 U291.431
G1 X146.677 Y122.435 E.05987 U292.046
G1 X145.758 Y122.314 E.09019 U292.973
G1 X144.845 Y122.145 E.09034 U293.902
G1 X144.269 Y122.012 E.05752 U294.493
CUT
G1 X143.375 Y121.764 E.09027
G1 X142.504 Y121.473 E.08935
G1 X141.65 Y121.136 E.08933
G1 X140.827 Y120.762 E.08796
G1 X140.278 Y120.483 E.05992
G1 X139.471 Y120.026 E.09023
G1 X138.697 Y119.533 E.08929
G1 X137.95 Y119 E.08928
G1 X137.232 Y118.429 E.08926
G1 X136.544 Y117.821 E.08933
G1 X135.882 Y117.17 E.09034
G1 X135.48 Y116.738 E.05742
G1 X134.876 Y116.032 E.0904
G1 X134.318 Y115.304 E.08924
M73 P86 R6

G1 X133.798 Y114.548 E.08928
G1 X133.318 Y113.765 E.08936
G1 X132.886 Y112.97 E.08803
G1 X132.616 Y112.417 E.05988
G1 X132.242 Y111.557 E.09124
G1 X132.03 Y111.006 E.05744
G1 X131.736 Y110.125 E.09036
G1 X131.491 Y109.241 E.08925
G1 X131.292 Y108.345 E.0893
G1 X131.14 Y107.44 E.08929
G1 X131.037 Y106.528 E.0893
G1 X130.981 Y105.612 E.08929
G1 X130.972 Y104.693 E.08942
G1 X131.012 Y103.79 E.08794
G1 X131.065 Y103.177 E.05987
G1 X131.186 Y102.258 E.09019
G1 X131.355 Y101.345 E.09034
G1 X131.488 Y100.769 E.05752
G1 X131.736 Y99.875 E.09027
G1 X132.027 Y99.004 E.08935
G1 X132.363 Y98.15 E.08929
G1 X132.744 Y97.315 E.0893
G1 X133.168 Y96.501 E.0893
G1 X133.634 Y95.71 E.08932
G1 X134.133 Y94.955 E.08805
G1 X134.494 Y94.458 E.05977
G1 X135.071 Y93.732 E.09023
G1 X135.679 Y93.044 E.08933
G1 X136.323 Y92.389 E.08937
G1 X136.99 Y91.778 E.08801
G1 X137.46 Y91.382 E.0598
G1 X138.196 Y90.818 E.09022
G1 X138.953 Y90.298 E.08936
G1 X139.724 Y89.825 E.08801
G1 X140.261 Y89.526 E.0598
G1 X141.091 Y89.112 E.09024
G1 X141.934 Y88.746 E.08942
G1 X142.781 Y88.429 E.08799
G1 X143.365 Y88.238 E.05978
G1 X144.259 Y87.991 E.09024
G1 X145.155 Y87.792 E.0893
G1 X146.06 Y87.64 E.08929
G1 X146.972 Y87.537 E.0893
G1 X147.889 Y87.48 E.08939
G1 X148.46 Y87.475 E.05556
G1 E-8 F1500
G1 Z5 F3000
G1 X135.722 Y116.522 F12000
G1 Z4.8 F3000
G1 E10 F1500
;TYPE:Solid infill
G1 E-30 F1500
G1 Z9.8 F300.0
G1 F12000.0
T0
G1 Z4.8 F300.0
G1 E32.0 F1500
G1 F12000.0
;WIDTH:0.578673
G1 F735.294
G1 X136.77 Y117.579 E.10099
G1 X135.932 Y116.74 E.08046
G1 E-8 F1500
G1 Z5 F3000
G1 X134.05 Y114.095 F12000
G1 Z4.8 F3000
G1 E10 F1500
G1 F735.294
G1 X134.004 Y114.14 E.00437
G1 X134.021 Y114.202 E.00436
G1 X134.083 Y114.218 E.00434
G1 X134.128 Y114.173 E.00432
G1 X134.111 Y114.111 E.00436
;WIDTH:0.626836
G1 F671.846
G1 X134.262 Y114.348 E.02087
;WIDTH:0.675
G1 F618.478
G1 X134.413 Y114.585 E.02267
G1 X138.932 Y119.104 E.51552
G1 X139.169 Y119.254 E.02263
;WIDTH:0.626836
G1 F671.846
G1 X139.406 Y119.404 E.02083
;WIDTH:0.578673
G1 F735.294
G1 X139.422 Y119.466 E.00434
G1 X139.377 Y119.511 E.00432
G1 X139.316 Y119.494 E.0043
G1 X139.299 Y119.433 E.0043
G1 X139.344 Y119.388 E.00432
G1 E-8 F1500
G1 Z5 F3000
G1 X141.393 Y120.532 F12000
G1 Z4.8 F3000
G1 E10 F1500
G1 F735.294
G1 X141.348 Y120.577 E.00432
G1 X141.364 Y120.639 E.00434
G1 X141.426 Y120.655 E.00434
G1 X141.471 Y120.61 E.00432
G1 X141.454 Y120.549 E.0043
;WIDTH:0.626836
G1 F671.846
G1 X141.217 Y120.422 E.01997
;WIDTH:0.675
G1 F618.478
G1 X140.98 Y120.295 E.02169
G1 X133.209 Y112.523 E.88657
G1 E-8 F1500
G1 Z5 F3000
G1 X132.265 Y110.521 F12000
G1 Z4.8 F3000
G1 E10 F1500
;WIDTH:0.578673
G1 F735.294
G1 X132.22 Y110.566 E.00432
G1 X132.236 Y110.628 E.00434
M73 P86 R5
G1 X132.298 Y110.644 E.00434
G1 X132.343 Y110.599 E.00432
G1 X132.327 Y110.538 E.00428
;WIDTH:0.626836
G1 F671.846
G1 X132.439 Y110.773 E.01933
;WIDTH:0.675
G1 F618.478
G1 X132.552 Y111.009 E.02111
G1 X142.487 Y120.944 E1.13338
G1 X142.724 Y121.057 E.02118
;WIDTH:0.626836
G1 F671.846
G1 X142.961 Y121.17 E.0195
;WIDTH:0.578673
G1 F735.294
G1 X142.977 Y121.232 E.00434
G1 X142.932 Y121.277 E.00432
G1 X142.871 Y121.26 E.0043
G1 X142.854 Y121.199 E.0043
G1 X142.899 Y121.154 E.00432
G1 E-8 F1500
G1 Z5 F3000
G1 X144.803 Y121.871 F12000
G1 Z4.8 F3000
G1 E10 F1500
G1 F735.294
G1 X144.008 Y121.67 E.05564
;WIDTH:0.626836
G1 F671.846
G1 X143.889 Y121.52 E.01422
;WIDTH:0.675
G1 F618.478
G1 X143.77 Y121.37 E.01545
G1 X132.13 Y109.73 E1.32788
G1 X131.843 Y108.585 E.09522
G1 X144.923 Y121.664 E1.4921
G1 X145.967 Y121.852 E.08557
G1 X131.649 Y107.533 E1.63344
G1 X131.529 Y106.556 E.0794
G1 X146.944 Y121.971 E1.75853
G1 X147.857 Y122.027 E.07379
G1 X131.469 Y105.638 E1.86958
G1 X131.459 Y104.771 E.06994
G1 X148.725 Y122.037 E1.96969
G1 X149.551 Y122.006 E.06668
G1 X131.491 Y103.946 E2.06027
G1 X131.558 Y103.155 E.06404
M73 P87 R5
G1 X150.342 Y121.939 E2.14286
G1 X151.1 Y121.84 E.06166
G1 X131.658 Y102.397 E2.21798
G1 X131.789 Y101.671 E.05951
G1 X151.831 Y121.713 E2.28637
G1 X152.533 Y121.558 E.05799
G1 X131.941 Y100.966 E2.34912
G1 X132.125 Y100.292 E.05636
G1 X153.208 Y121.375 E2.40513
G1 X153.863 Y121.172 E.05532
G1 X132.328 Y99.637 E2.45669
G1 X132.55 Y99.002 E.05426
G1 X154.499 Y120.951 E2.50392
G1 X155.11 Y120.705 E.05313
G1 X132.793 Y98.387 E2.54596
G1 X133.059 Y97.796 E.05228
G1 X155.708 Y120.445 E2.58378
G1 X156.28 Y120.16 E.05155
M73 P88 R5
G1 X133.341 Y97.221 E2.61686
G1 X133.638 Y96.66 E.0512
G1 X156.84 Y119.862 E2.64686
G1 X157.378 Y119.543 E.05045
G1 X133.956 Y96.121 E2.67196
G1 X134.291 Y95.598 E.0501
G1 X157.904 Y119.211 E2.69375
G1 X158.412 Y118.862 E.04972
G1 X134.638 Y95.087 E2.71217
G1 X135.004 Y94.597 E.04934
M73 P88 R4
G1 X158.902 Y118.494 E2.7262
G1 X159.381 Y118.116 E.04922
G1 X135.384 Y94.119 E2.73755
G1 X135.783 Y93.66 E.04906
G1 X159.841 Y117.718 E2.74451
G1 X160.288 Y117.308 E.04893
M73 P89 R4
G1 X136.194 Y93.214 E2.74862
G1 X136.619 Y92.781 E.04894
G1 X160.716 Y116.878 E2.74896
G1 X161.131 Y116.436 E.04891
G1 X137.064 Y92.369 E2.74554
G1 X137.52 Y91.967 E.04904
G1 X161.534 Y115.981 E2.73949
G1 X161.915 Y115.505 E.04918
G1 X137.995 Y91.585 E2.72877
G1 X138.48 Y91.212 E.04936
G1 X162.284 Y115.016 E2.71554
G1 X162.64 Y114.515 E.04958
G1 X138.988 Y90.863 E2.6982
G1 X139.509 Y90.527 E.05001
G1 X162.974 Y113.991 E2.67681
G1 X163.293 Y113.453 E.05045
M73 P90 R4
G1 X140.043 Y90.203 E2.65234
G1 X140.599 Y89.901 E.05104
G1 X163.599 Y112.901 E2.62382
G1 X163.884 Y112.329 E.05155
G1 X141.171 Y89.616 E2.59108
G1 X141.763 Y89.35 E.05235
G1 X164.153 Y111.741 E2.55429
G1 X164.398 Y111.128 E.05325
G1 X142.371 Y89.101 E2.51282
G1 X142.997 Y88.87 E.05383
G1 X164.627 Y110.499 E2.46747
G1 X164.836 Y109.851 E.05492
G1 X143.649 Y88.664 E2.41699
G1 X144.32 Y88.478 E.05617
G1 X165.022 Y109.18 E2.36166
G1 X165.183 Y108.483 E.0577
M73 P91 R3
G1 X145.02 Y88.32 E2.30018
G1 X145.743 Y88.186 E.05931
G1 X165.317 Y107.76 E2.23298
G1 X165.424 Y107.009 E.06119
G1 X146.495 Y88.08 E2.1594
G1 X147.277 Y88.005 E.06337
G1 X165.499 Y106.227 E2.07875
G1 X165.537 Y105.407 E.06622
G1 X148.096 Y87.967 E1.9896
G1 X148.955 Y87.968 E.06929
G1 X165.535 Y104.548 E1.89143
G1 X165.487 Y103.642 E.07319
G1 X149.866 Y88.021 E1.78203
G1 X150.823 Y88.121 E.07762
G1 X165.384 Y102.682 E1.66111
G1 X165.209 Y101.649 E.08452
G1 X151.853 Y88.293 E1.52364
G1 X152.971 Y88.554 E.09261
G1 X164.939 Y100.522 E1.3653
G1 X164.801 Y99.644 E.07169
;WIDTH:0.578673
G1 F735.294
G1 X164.756 Y99.69 E.00437
G1 X164.772 Y99.751 E.00428
G1 X164.834 Y99.768 E.00436
G1 X164.879 Y99.723 E.00432
G1 X164.862 Y99.661 E.00436
;WIDTH:0.626836
G1 F671.846
G1 X164.707 Y99.469 E.01832
;WIDTH:0.675
G1 F618.478
G1 X164.552 Y99.277 E.0199
G1 X154.223 Y88.948 E1.17832
G1 X154.031 Y88.795 E.0198
;WIDTH:0.626836
G1 F671.846
G1 X153.839 Y88.641 E.01828
;WIDTH:0.578673
G1 F735.294
G1 X153.856 Y88.703 E.00436
G1 X153.81 Y88.748 E.00437
G1 X153.749 Y88.731 E.0043
G1 X153.732 Y88.67 E.0043
G1 X153.777 Y88.625 E.00432
G1 E-8 F1500
G1 Z5 F3000
M73 P92 R3
G1 X155.235 Y89.189 F12000
G1 Z4.8 F3000
G1 E10 F1500
G1 F735.294
G1 X155.19 Y89.234 E.00432
G1 X155.206 Y89.296 E.00434
G1 X155.268 Y89.312 E.00434
G1 X155.313 Y89.267 E.00432
G1 X155.296 Y89.206 E.0043
;WIDTH:0.626836
G1 F671.846
G1 X155.488 Y89.377 E.01909
;WIDTH:0.675
G1 F618.478
G1 X155.68 Y89.548 E.02074
G1 X163.961 Y97.829 E.94469
G1 X164.099 Y98.013 E.01855
;WIDTH:0.626836
G1 F671.846
G1 X164.237 Y98.196 E.01702
;WIDTH:0.578673
G1 F735.294
G1 X164.191 Y98.241 E.00437
G1 X164.208 Y98.303 E.00436
G1 X164.27 Y98.319 E.00434
G1 X164.315 Y98.274 E.00432
G1 X164.298 Y98.213 E.0043
G1 E-8 F1500
G1 Z5 F3000
G1 X163.309 Y96.327 F12000
G1 Z4.8 F3000
G1 E10 F1500
G1 F735.294
G1 X163.326 Y96.389 E.00436
G1 X163.281 Y96.434 E.00432
G1 X163.219 Y96.417 E.00436
G1 X163.202 Y96.356 E.0043
G1 X163.248 Y96.311 E.00437
;WIDTH:0.626836
G1 F671.846
G1 X163.09 Y96.127 E.01801
;WIDTH:0.675
G1 F618.478
G1 X162.933 Y95.944 E.01945
G1 X157.366 Y90.378 E.63502
;WIDTH:0.626836
G1 F671.846
G1 X157.175 Y90.187 E.02006
;WIDTH:0.578673
G1 F735.294
G1 X157.191 Y90.249 E.00434
G1 X157.146 Y90.294 E.00432
G1 X157.084 Y90.277 E.00436
G1 X157.068 Y90.216 E.00428
G1 X157.113 Y90.171 E.00432
G1 E-8 F1500
G1 Z5 F3000
G1 X158.86 Y91.253 F12000
G1 Z4.8 F3000
G1 E10 F1500
G1 F735.294
G1 X159.532 Y91.853 E.06113
G1 X160.823 Y93.1 E.12179
G1 X161.444 Y93.748 E.0609
G1 X162.437 Y94.86 E.10115
;LAYER_CHANGE
;Z:5.12
;HEIGHT:0.32

G1 E-8 F1500
G1 Z5.12 F3000
;AFTER_LAYER_CHANGE
;5.12
G92 E0
_ON_LAYER_CHANGE LAYER=16
G1 Z5.32
G1 X148.508 Y85.344 F12000
G1 Z5.12 F3000
G1 E10 F1500
;TYPE:External perimeter
;WIDTH:0.675
G1 F618.478
G1 X148.842 Y85.341 E.02694
G1 X149.528 Y85.364 E.05537
G1 X150.555 Y85.445 E.0831
G1 X151.576 Y85.58 E.08308
G1 X152.588 Y85.767 E.08302
G1 X153.588 Y86.007 E.08296
G1 X154.247 Y86.196 E.0553
G1 X155.225 Y86.523 E.08318
G1 X156.183 Y86.901 E.08308
G1 X157.119 Y87.328 E.08299
G1 X158.033 Y87.803 E.08309
G1 X158.919 Y88.325 E.08295
G1 X159.778 Y88.894 E.08312
G1 X160.607 Y89.507 E.08317
G1 X161.138 Y89.937 E.05512
G1 X161.91 Y90.62 E.08315
G1 X162.644 Y91.341 E.083
G1 X163.339 Y92.1 E.08302
G1 X163.993 Y92.894 E.08298
G1 X164.406 Y93.442 E.05535
G1 X164.99 Y94.291 E.08312
G1 X165.528 Y95.169 E.08306
G1 X166.019 Y96.073 E.08298
G1 X166.462 Y97.003 E.0831
G1 X166.856 Y97.954 E.08304
G1 X167.2 Y98.924 E.08302
G1 X167.492 Y99.91 E.08295
G1 X167.658 Y100.575 E.05529
G1 X167.864 Y101.586 E.08323
G1 X168.016 Y102.604 E.08303
G1 X168.114 Y103.628 E.08298
G1 X168.159 Y105.342 E.13831
G1 X168.114 Y106.372 E.08317
G1 X168.016 Y107.395 E.0829
G1 X167.921 Y108.074 E.05531
G1 X167.732 Y109.09 E.08336
G1 X167.579 Y109.755 E.05504
G1 X167.303 Y110.749 E.08322
G1 X166.977 Y111.725 E.08301
G1 X166.599 Y112.683 E.08308
G1 X166.172 Y113.621 E.08314
G1 X165.862 Y114.23 E.05512
G1 X165.354 Y115.127 E.08316
G1 X164.801 Y115.995 E.08302
G1 X164.203 Y116.833 E.08304
G1 X163.562 Y117.639 E.08307
G1 X162.88 Y118.41 E.08303
G1 X162.159 Y119.144 E.083
G1 X161.4 Y119.839 E.08302
G1 X160.605 Y120.494 E.08309
G1 X159.778 Y121.106 E.08299
G1 X158.919 Y121.675 E.08312
G1 X158.032 Y122.197 E.08302
G1 X157.121 Y122.672 E.08288
G1 X156.499 Y122.962 E.05536
G1 X155.546 Y123.356 E.08319
G1 X154.576 Y123.7 E.08302
G1 X153.588 Y123.993 E.08313
G1 X152.925 Y124.158 E.05511
G1 X151.914 Y124.364 E.08323
G1 X150.896 Y124.516 E.08303
G1 X149.872 Y124.614 E.08298
G1 X148.844 Y124.659 E.083
G1 X148.158 Y124.659 E.05534
G1 X147.13 Y124.615 E.083
G1 X146.446 Y124.555 E.05539
G1 X145.424 Y124.42 E.08316
G1 X144.41 Y124.232 E.08319
G1 X143.745 Y124.079 E.05504
G1 X142.751 Y123.803 E.08322
G1 X141.775 Y123.477 E.08301
G1 X140.817 Y123.099 E.08308
G1 X139.881 Y122.672 E.08299
G1 X138.967 Y122.197 E.08309
G1 X138.081 Y121.675 E.08295
G1 X137.221 Y121.106 E.08318
G1 X136.668 Y120.704 E.05515
G1 X135.861 Y120.062 E.08318
G1 X135.09 Y119.38 E.08303
G1 X134.355 Y118.658 E.08311
G1 X133.889 Y118.158 E.05513
G1 X133.219 Y117.374 E.08319
G1 X132.593 Y116.557 E.08303
G1 X132.009 Y115.708 E.08312
G1 X131.647 Y115.128 E.05515
G1 X131.139 Y114.231 E.08316
G1 X130.68 Y113.31 E.08301
G1 X130.269 Y112.366 E.08305
G1 X129.909 Y111.401 E.08308
G1 X129.599 Y110.42 E.08299
G1 X129.342 Y109.423 E.08305
G1 X129.137 Y108.416 E.0829
G1 X129.029 Y107.738 E.05538
G1 X128.912 Y106.714 E.08314
G1 X128.85 Y105.686 E.08308
G1 X128.841 Y104.657 E.08301
G1 X128.885 Y103.63 E.08292
G1 X128.945 Y102.946 E.05539
G1 X129.08 Y101.924 E.08316
G1 X129.268 Y100.911 E.08311
G1 X129.421 Y100.245 E.05512
G1 X129.697 Y99.251 E.08322
G1 X130.023 Y98.275 E.08301
G1 X130.401 Y97.317 E.08308
G1 X130.828 Y96.381 E.08299
G1 X131.303 Y95.468 E.08302
G1 X131.825 Y94.581 E.08302
G1 X132.394 Y93.721 E.08318
G1 X132.796 Y93.168 E.05515
G1 X133.438 Y92.361 E.08318
G1 X134.12 Y91.59 E.08303
G1 X134.842 Y90.855 E.08311
G1 X135.342 Y90.389 E.05513
G1 X136.126 Y89.719 E.08319
G1 X136.943 Y89.093 E.08303
G1 X137.791 Y88.51 E.08301
G1 X138.669 Y87.972 E.08306
G1 X139.572 Y87.481 E.08291
G1 X140.189 Y87.18 E.05538
G1 X141.136 Y86.769 E.08327
G1 X141.774 Y86.524 E.05513
G1 X142.751 Y86.197 E.08311
G1 X143.743 Y85.922 E.08304
G1 X144.748 Y85.699 E.08304
G1 X145.764 Y85.529 E.0831
G1 X146.786 Y85.412 E.08298
G1 X147.814 Y85.35 E.08308
G1 X148.478 Y85.344 E.05356
G1 X149.078 Y85.35 F12000
G1 E-8 F1500
G1 Z5.32 F3000
G1 X164.251 Y116.459 F12000
G1 Z5.12 F3000
G1 E10 F1500
;TYPE:Top solid infill
;WIDTH:0.603132
G1 F701.644
G1 X161.842 Y118.868 E.24224
G1 X161.126 Y119.524 E.06905
G1 X160.348 Y120.165 E.07168
G1 X159.538 Y120.765 E.07167
G1 X158.541 Y121.413 E.08455
G1 X164.915 Y115.039 E.64095
G1 X165.494 Y114.032 E.08259
G1 X165.827 Y113.372 E.05256
G1 X156.87 Y122.328 E.90064
G1 X156.331 Y122.58 E.04231
G1 X155.532 Y122.911 E.06149
G1 X166.405 Y112.038 E1.09336
G1 X166.584 Y111.582 E.03483
G1 X166.826 Y110.861 E.05408
G1 X154.357 Y123.33 E1.25385
G1 X153.295 Y123.636 E.07859
G1 X167.134 Y109.797 E1.39161
G1 X167.359 Y108.816 E.07156
M73 P93 R3
G1 X152.32 Y123.855 E1.51228
G1 X151.401 Y124.019 E.06638
G1 X167.524 Y107.895 E1.62133
G1 X167.632 Y107.032 E.06184
G1 X150.532 Y124.132 E1.71953
G1 X149.703 Y124.204 E.05917
M73 P93 R2
G1 X167.704 Y106.203 E1.81013
G1 X167.739 Y105.413 E.05623
G1 X148.913 Y124.239 E1.89309
G1 X148.154 Y124.242 E.05397
G1 X167.742 Y104.654 E1.96972
G1 X167.71 Y103.93 E.05153
G1 X147.43 Y124.21 E2.0393
G1 X146.724 Y124.16 E.05033
G1 X167.657 Y103.228 E2.10491
G1 X167.585 Y102.543 E.04898
G1 X146.047 Y124.081 E2.1658
G1 X145.384 Y123.989 E.04759
G1 X167.487 Y101.886 E2.22262
G1 X167.369 Y101.248 E.04613
G1 X144.746 Y123.87 E2.27486
G1 X144.123 Y123.738 E.04528
M73 P94 R2
G1 X167.24 Y100.621 E2.32458
G1 X167.089 Y100.017 E.04427
G1 X143.521 Y123.584 E2.36988
G1 X142.93 Y123.42 E.04361
G1 X166.916 Y99.433 E2.41202
G1 X166.734 Y98.859 E.04282
G1 X142.361 Y123.233 E2.45093
G1 X141.8 Y123.038 E.04223
G1 X166.537 Y98.301 E2.48748
G1 X166.324 Y97.758 E.04147
G1 X141.257 Y122.824 E2.52062
G1 X140.726 Y122.599 E.04101
G1 X166.102 Y97.224 E2.55169
G1 X165.86 Y96.71 E.0404
G1 X140.207 Y122.363 E2.5796
G1 X139.704 Y122.11 E.04004
G1 X165.614 Y96.201 E2.60539
G1 X165.348 Y95.711 E.03964
M73 P95 R2
G1 X139.207 Y121.851 E2.62862
G1 X138.73 Y121.573 E.03926
G1 X165.075 Y95.228 E2.64918
G1 X164.788 Y94.759 E.0391
G1 X138.256 Y121.291 E2.66799
G1 X137.801 Y120.989 E.03883
G1 X164.49 Y94.3 E2.68377
G1 X164.183 Y93.852 E.03862
M73 P95 R1
G1 X137.351 Y120.684 E2.69815
G1 X136.913 Y120.366 E.03849
G1 X163.864 Y93.415 E2.71012
G1 X163.533 Y92.991 E.03825
G1 X136.492 Y120.031 E2.71912
G1 X136.074 Y119.693 E.03822
G1 X163.191 Y92.576 E2.72681
G1 X162.839 Y92.172 E.0381
M73 P96 R1
G1 X135.673 Y119.339 E2.73179
G1 X135.277 Y118.979 E.03805
G1 X162.478 Y91.778 E2.73526
G1 X162.104 Y91.396 E.03801
G1 X134.896 Y118.604 E2.73596
G1 X134.521 Y118.223 E.03801
G1 X161.723 Y91.021 E2.73536
G1 X161.327 Y90.661 E.03805
G1 X134.158 Y117.83 E2.73204
G1 X133.81 Y117.423 E.03808
G1 X160.926 Y90.307 E2.72671
G1 X160.511 Y89.966 E.03819
G1 X133.466 Y117.01 E2.71952
G1 X133.138 Y116.583 E.03829
G1 X160.083 Y89.638 E2.70952
G1 X159.648 Y89.317 E.03844
M73 P97 R1
G1 X132.817 Y116.147 E2.698
G1 X132.51 Y115.7 E.03856
G1 X159.199 Y89.01 E2.68382
G1 X158.744 Y88.709 E.03879
G1 X132.21 Y115.243 E2.66819
G1 X131.925 Y114.772 E.03914
G1 X158.27 Y88.427 E2.64918
G1 X157.793 Y88.149 E.03926
G1 X131.652 Y114.29 E2.62867
G1 X131.389 Y113.797 E.03973
G1 X157.296 Y87.89 E2.60514
G1 X156.793 Y87.637 E.04004
M73 P97 R0
G1 X131.137 Y113.292 E2.57985
G1 X130.901 Y112.773 E.04054
G1 X156.273 Y87.401 E2.55134
G1 X155.742 Y87.176 E.04101
M73 P98 R0
G1 X130.672 Y112.246 E2.52097
G1 X130.465 Y111.697 E.04172
G1 X155.2 Y86.962 E2.48728
G1 X154.639 Y86.767 E.04223
G1 X130.265 Y111.142 E2.45103
G1 X130.083 Y110.567 E.04288
G1 X154.071 Y86.58 E2.41212
G1 X153.483 Y86.411 E.0435
G1 X129.916 Y109.979 E2.36988
G1 X129.761 Y109.378 E.04413
G1 X152.874 Y86.265 E2.32418
G1 X152.254 Y86.13 E.04512
G1 X129.631 Y108.752 E2.27486
G1 X129.511 Y108.116 E.04602
G1 X151.616 Y86.011 E2.22282
G1 X150.953 Y85.919 E.04759
G1 X129.417 Y107.455 E2.1656
G1 X129.34 Y106.776 E.04859
M73 P99 R0
G1 X150.271 Y85.844 E2.10481
G1 X149.564 Y85.796 E.05039
G1 X129.291 Y106.069 E2.0386
G1 X129.264 Y105.34 E.05187
G1 X148.835 Y85.769 E1.96801
G1 X148.081 Y85.767 E.05361
G1 X129.261 Y104.587 E1.89249
G1 X129.296 Y103.797 E.05623
G1 X147.293 Y85.799 E1.80978
G1 X146.468 Y85.869 E.05887
G1 X129.362 Y102.974 E1.72008
G1 X129.477 Y102.104 E.0624
G1 X145.602 Y85.979 E1.62149
G1 X144.684 Y86.14 E.06627
G1 X129.641 Y101.183 E1.51268
G1 X129.866 Y100.203 E.0715
G1 X143.703 Y86.366 E1.39141
G1 X142.639 Y86.674 E.07876
G1 X130.174 Y99.139 E1.25345
G1 X130.416 Y98.418 E.05408
G1 X130.595 Y97.962 E.03483
G1 X141.47 Y87.087 E1.09356
G1 X140.126 Y87.675 E.10431
G1 X131.173 Y96.628 E.90029
G1 X131.668 Y95.67 E.07667
G1 X132.087 Y94.959 E.05868
G1 X138.451 Y88.595 E.63995
G1 X138.018 Y88.86 E.0361
G1 X137.188 Y89.43 E.07159
G1 X136.389 Y90.044 E.07165
G1 X135.62 Y90.7 E.07187
G1 X135.166 Y91.124 E.04417
G1 X132.736 Y93.554 E.24435
G1 E-8 F1500
M107
;TYPE:Custom
; Filament-specific end gcode
; Filament-specific end gcode
END_PRINT
M73 P100 R0
; objects_info = {"objects":[]}
; filament used [mm] = 2309.84, 0.00
; filament used [cm3] = 5.56, 0.00
; filament used [g] = 6.89, 0.00
; filament cost = 0.25, 0.00
; total filament used [g] = 6.89
; total filament cost = 0.25
; total filament used for wipe tower [g] = 0.00
; estimated printing time (normal mode) = 44m 5s
; estimated first layer printing time (normal mode) = 3m 50s

; prusaslicer_config = begin
; arc_fitting = disabled
; autoemit_temperature_commands = 0
; automatic_extrusion_widths = 0
; automatic_infill_combination = 0
; automatic_infill_combination_max_layer_height = 100%
; avoid_crossing_curled_overhangs = 1
; avoid_crossing_perimeters = 0
; avoid_crossing_perimeters_max_detour = 300%
; bed_custom_model = 
; bed_custom_texture = 
; bed_shape = 0x0,297x0,297x210,0x210
; bed_temperature = 60,60
; bed_temperature_extruder = 0
; before_layer_gcode = \n
; between_objects_gcode = G92 E0
; binary_gcode = 0
; bottom_fill_pattern = monotonic
; bottom_solid_layers = 5
; bottom_solid_min_thickness = 1
; bridge_acceleration = 1000
; bridge_angle = 0
; bridge_fan_speed = 100,100
; bridge_flow_ratio = 0.7
; bridge_speed = 0
; brim_separation = 0
; brim_type = outer_only
; brim_width = 0
; chamber_minimal_temperature = 0,0
; chamber_temperature = 0,0
; color_change_gcode = M600
; colorprint_heights = 
; compatible_printers_condition_cummulative = ;"printer_notes!~/.*NO_TEMPLATES.*/ and printer_notes!~/.*PRINTER_VENDOR_TRILAB.*/ and printer_notes!~/.*PRINTER_MODEL_MK4IS.*/ and ! (printer_notes=~/.*PRINTER_VENDOR_PRUSA3D.*/ and num_extruders>1) and printer_model == \"VC4_500 IDEX\"";"printer_notes!~/.*NO_TEMPLATES.*/ and printer_notes!~/.*PRINTER_VENDOR_TRILAB.*/ and printer_notes!~/.*PRINTER_MODEL_MK4IS.*/ and ! (printer_notes=~/.*PRINTER_VENDOR_PRUSA3D.*/ and num_extruders>1) and printer_model == \"VC4_500 IDEX\""
; complete_objects = 0
; cooling = 1,1
; cooling_perimeter_transition_distance = 0,0
; cooling_slowdown_logic = uniform_cooling,uniform_cooling
; cooling_tube_length = 5
; cooling_tube_retraction = 91.5
; custom_parameters_filament = ;
; custom_parameters_print = 
; custom_parameters_printer = 
; default_acceleration = 1000
; default_filament_profile = "PunkFil PETG @RatRig"
; default_print_profile = QUALITY_0.20mm_Nozzle_0.6_VC4_IDEX
; deretract_speed = 25,120
; disable_fan_first_layers = 1,1
; dont_support_bridges = 0
; draft_shield = disabled
; duplicate_distance = 6
; elefant_foot_compensation = 0
; enable_dynamic_fan_speeds = 0,0
; enable_dynamic_overhang_speeds = 1
; end_filament_gcode = "; Filament-specific end gcode";"; Filament-specific end gcode"
; end_gcode = END_PRINT\n
; ensure_vertical_shell_thickness = enabled
; external_perimeter_acceleration = 1000
; external_perimeter_extrusion_width = 0
; external_perimeter_speed = 50%
; external_perimeters_first = 1
; extra_loading_move = -2
; extra_perimeters = 1
; extra_perimeters_on_overhangs = 0
; extruder_clearance_height = 25
; extruder_clearance_radius = 45
; extruder_colour = #0080FF;#FF8000
; extruder_offset = 0x0,0x0
; extrusion_axis = E
; extrusion_multiplier = 1,0.8
; extrusion_width = 0
; fan_always_on = 1,1
; fan_below_layer_time = 100,100
; filament_abrasive = 0,0
; filament_colour = #FF8000;#FF8000
; filament_cooling_final_speed = 2,2
; filament_cooling_initial_speed = 3,3
; filament_cooling_moves = 1,1
; filament_cost = 36.29,36.29
; filament_density = 1.24,1.24
; filament_deretract_speed = nil,nil
; filament_diameter = 1.75,1.75
; filament_infill_max_crossing_speed = 0,0
; filament_infill_max_speed = 0,0
; filament_load_time = 0,0
; filament_loading_speed = 14,14
; filament_loading_speed_start = 19,19
; filament_max_volumetric_speed = 2,5
; filament_minimal_purge_on_wipe_tower = 0,0
; filament_multitool_ramming = 0,0
; filament_multitool_ramming_flow = 10,10
; filament_multitool_ramming_volume = 10,10
; filament_notes = "Affordable filament for everyday printing in premium quality manufactured in-house by Josef Prusa";"Affordable filament for everyday printing in premium quality manufactured in-house by Josef Prusa"
; filament_purge_multiplier = 100%,100%
; filament_ramming_parameters = "130 120 2.70968 2.93548 3.32258 3.83871 4.58065 5.54839 6.51613 7.35484 7.93548 8.16129| 0.05 2.66451 0.45 3.05805 0.95 4.05807 1.45 5.97742 1.95 7.69999 2.45 8.1936 2.95 11.342 3.45 11.4065 3.95 7.6 4.45 7.6 4.95 7.6";"130 120 2.70968 2.93548 3.32258 3.83871 4.58065 5.54839 6.51613 7.35484 7.93548 8.16129| 0.05 2.66451 0.45 3.05805 0.95 4.05807 1.45 5.97742 1.95 7.69999 2.45 8.1936 2.95 11.342 3.45 11.4065 3.95 7.6 4.45 7.6 4.95 7.6"
; filament_retract_before_travel = nil,nil
; filament_retract_before_wipe = nil,nil
; filament_retract_layer_change = nil,nil
; filament_retract_length = nil,nil
; filament_retract_length_toolchange = nil,nil
; filament_retract_lift = nil,nil
; filament_retract_lift_above = nil,nil
; filament_retract_lift_below = nil,nil
; filament_retract_restart_extra = nil,nil
; filament_retract_restart_extra_toolchange = nil,nil
; filament_retract_speed = nil,nil
; filament_seam_gap_distance = nil,nil
; filament_settings_id = "PLA Temp thingy";"PLA CCF Temp thingy"
; filament_shrinkage_compensation_xy = 0%,0%
; filament_shrinkage_compensation_z = 0%,0%
; filament_soluble = 0,0
; filament_spool_weight = 201,201
; filament_stamping_distance = 0,0
; filament_stamping_loading_speed = 20,20
; filament_toolchange_delay = 0,0
; filament_travel_lift_before_obstacle = nil,nil
; filament_travel_max_lift = nil,nil
; filament_travel_ramping_lift = nil,nil
; filament_travel_slope = nil,nil
; filament_type = PLA;PLA
; filament_unload_time = 0,0
; filament_unloading_speed = 20,20
; filament_unloading_speed_start = 100,100
; filament_vendor = Prusa Polymers
; filament_wipe = nil,nil
; fill_angle = 45
; fill_density = 15%
; fill_pattern = gyroid
; first_layer_acceleration = 1000
; first_layer_acceleration_over_raft = 0
; first_layer_bed_temperature = 60,60
; first_layer_extrusion_width = 0
; first_layer_height = 0.32
; first_layer_infill_speed = 0
; first_layer_speed = 70%
; first_layer_speed_over_raft = 30
; first_layer_temperature = 240,200
; full_fan_speed_layer = 3,3
; fuzzy_skin = none
; fuzzy_skin_point_dist = 0.8
; fuzzy_skin_thickness = 0.3
; gap_fill_enabled = 0
; gap_fill_speed = 100
; gcode_comments = 0
; gcode_flavor = klipper
; gcode_label_objects = disabled
; gcode_resolution = 0.0125
; gcode_substitutions = 
; high_current_on_filament_swap = 0
; host_type = prusalink
; idle_temperature = 180,180
; infill_acceleration = 1000
; infill_anchor = 300%
; infill_anchor_max = 5
; infill_every_layers = 1
; infill_extruder = 1
; infill_extrusion_width = 0
; infill_first = 0
; infill_overlap = 25%
; infill_speed = 0
; inherits_cummulative = ;"Prusament PLA @Template";"Prusament PLA @Template";
; interface_shells = 0
; interlocking_beam = 0
; interlocking_beam_layer_count = 2
; interlocking_beam_width = 0.8
; interlocking_boundary_avoidance = 2
; interlocking_depth = 2
; interlocking_orientation = 22.5
; ironing = 0
; ironing_flowrate = 15%
; ironing_spacing = 0.3
; ironing_speed = 200
; ironing_type = top
; layer_gcode = ;AFTER_LAYER_CHANGE\n;[layer_z]\nG92 E0\n_ON_LAYER_CHANGE LAYER={layer_num + 1}
; layer_height = 0.32
; machine_limits_usage = time_estimate_only
; machine_max_acceleration_e = 1000
; machine_max_acceleration_extruding = 1000
; machine_max_acceleration_retracting = 1000
; machine_max_acceleration_travel = 9000,1250
; machine_max_acceleration_x = 1000
; machine_max_acceleration_y = 1000
; machine_max_acceleration_z = 1000
; machine_max_feedrate_e = 120
; machine_max_feedrate_x = 200
; machine_max_feedrate_y = 200
; machine_max_feedrate_z = 5
; machine_max_jerk_e = 5
; machine_max_jerk_x = 5
; machine_max_jerk_y = 5
; machine_max_jerk_z = 0.4
; machine_max_junction_deviation = 0,0
; machine_min_extruding_rate = 0
; machine_min_travel_rate = 0
; max_fan_speed = 100,100
; max_layer_height = 0.32,0.32
; max_print_height = 140
; max_print_speed = 100
; max_volumetric_extrusion_rate_slope_negative = 0
; max_volumetric_extrusion_rate_slope_positive = 0
; max_volumetric_speed = 10
; min_bead_width = 85%
; min_fan_speed = 100,100
; min_feature_size = 25%
; min_layer_height = 0.08,0.08
; min_print_speed = 10,10
; min_skirt_length = 4
; mmu_segmented_region_interlocking_depth = 0
; mmu_segmented_region_max_width = 0
; multimaterial_purging = 140
; notes = BE CAREFULL, THIS IS A HIGH SPEED PROFILE, DO NOT USE IT UNLESS YOU ARE SURE YOUR MACHINE IS MECHANICALLY WELL TUNED!
; nozzle_diameter = 0.6,1
; nozzle_high_flow = 0,0
; only_one_perimeter_first_layer = 1
; only_retract_when_crossing_perimeters = 0
; ooze_prevention = 0
; output_filename_format = {input_filename_base}_{filament_type[0]}_{print_settings_id}_{print_time}.gcode
; over_bridge_speed = 0
; overhang_fan_speed_0 = 0,0
; overhang_fan_speed_1 = 0,0
; overhang_fan_speed_2 = 0,0
; overhang_fan_speed_3 = 0,0
; overhang_speed_0 = 20%
; overhang_speed_1 = 40%
; overhang_speed_2 = 60%
; overhang_speed_3 = 80%
; overhangs = 1
; parking_pos_retraction = 92
; pause_print_gcode = M601
; perimeter_acceleration = 1000
; perimeter_extruder = 1
; perimeter_extrusion_width = 0.8
; perimeter_generator = arachne
; perimeter_speed = 0
; perimeters = 4
; physical_printer_settings_id = Anisoprint
; post_process = "\"C:\\Users\\dhilu\\AppData\\Local\\Programs\\Python\\Python313\\python.exe\" \"C:\\Users\\dhilu\\Documents\\Anisoprint\\process.py\""
; prefer_clockwise_movements = 0
; print_settings_id = Anisoprint
; printer_model = VC4_500 IDEX
; printer_notes = 
; printer_settings_id = Anisoprint
; printer_technology = FFF
; printer_variant = 0.6
; printer_vendor = 
; raft_contact_distance = 0.1
; raft_expansion = 1.5
; raft_first_layer_density = 90%
; raft_first_layer_expansion = 4
; raft_layers = 0
; remaining_times = 1
; resolution = 0
; retract_before_travel = 1,1
; retract_before_wipe = 0%,0%
; retract_layer_change = 0,0
; retract_length = 8,8
; retract_length_toolchange = 1,1
; retract_lift = 0.2,0.2
; retract_lift_above = 0.2,0.2
; retract_lift_below = 0,0
; retract_restart_extra = 2,15
; retract_restart_extra_toolchange = 0,0
; retract_speed = 25,120
; scarf_seam_entire_loop = 0
; scarf_seam_length = 10
; scarf_seam_max_segment_length = 1
; scarf_seam_on_inner_perimeters = 0
; scarf_seam_only_on_smooth = 1
; scarf_seam_placement = nowhere
; scarf_seam_start_height = 20%
; seam_gap_distance = 5%
; seam_position = aligned
; silent_mode = 0
; single_extruder_multi_material = 0
; single_extruder_multi_material_priming = 1
; skirt_distance = 10
; skirt_height = 1
; skirts = 1
; slice_closing_radius = 0.049
; slicing_mode = regular
; slowdown_below_layer_time = 10,10
; small_perimeter_speed = 80%
; solid_infill_acceleration = 1000
; solid_infill_below_area = 0
; solid_infill_every_layers = 0
; solid_infill_extruder = 1
; solid_infill_extrusion_width = 0
; solid_infill_speed = 80%
; spiral_vase = 0
; staggered_inner_seams = 0
; standby_temperature_delta = -5
; start_filament_gcode = "; Filament gcode\n";"; Filament gcode\n"
; start_gcode = PRINT_START BED_TEMP={first_layer_bed_temperature[0]} EXTRUDER_TEMP={first_layer_temperature[0]} EXTRUDER1_TEMP={first_layer_temperature[1]}
; support_material = 1
; support_material_angle = 0
; support_material_auto = 0
; support_material_bottom_contact_distance = 0
; support_material_bottom_interface_layers = 1
; support_material_buildplate_only = 0
; support_material_closing_radius = 2
; support_material_contact_distance = 0.25
; support_material_enforce_layers = 0
; support_material_extruder = 1
; support_material_extrusion_width = 0
; support_material_interface_contact_loops = 0
; support_material_interface_extruder = 1
; support_material_interface_layers = 3
; support_material_interface_pattern = rectilinear
; support_material_interface_spacing = 0.05
; support_material_interface_speed = 65%
; support_material_pattern = rectilinear
; support_material_spacing = 3
; support_material_speed = 150
; support_material_style = organic
; support_material_synchronize_layers = 0
; support_material_threshold = 40
; support_material_with_sheath = 0
; support_material_xy_spacing = 0.5
; support_tree_angle = 40
; support_tree_angle_slow = 25
; support_tree_branch_diameter = 3
; support_tree_branch_diameter_angle = 5
; support_tree_branch_diameter_double_wall = 3
; support_tree_branch_distance = 0.5
; support_tree_tip_diameter = 1.2
; support_tree_top_rate = 15%
; temperature = 240,200
; template_custom_gcode = 
; thick_bridges = 1
; thin_walls = 1
; thumbnails = 
; thumbnails_format = PNG
; toolchange_gcode = T[next_extruder]
; top_fill_pattern = monotonic
; top_infill_extrusion_width = 0
; top_one_perimeter_type = topmost
; top_solid_infill_acceleration = 1000
; top_solid_infill_speed = 70%
; top_solid_layers = 5
; top_solid_min_thickness = 1
; travel_acceleration = 1000
; travel_lift_before_obstacle = 0,0
; travel_max_lift = 0,0
; travel_ramping_lift = 0,0
; travel_short_distance_acceleration = 0
; travel_slope = 0,0
; travel_speed = 200
; travel_speed_z = 50
; use_firmware_retraction = 0
; use_relative_e_distances = 1
; use_volumetric_e = 0
; variable_layer_height = 1
; wall_distribution_count = 1
; wall_transition_angle = 10
; wall_transition_filter_deviation = 25%
; wall_transition_length = 100%
; wipe = 0,0
; wipe_into_infill = 0
; wipe_into_objects = 0
; wipe_tower = 0
; wipe_tower_acceleration = 0
; wipe_tower_bridging = 10
; wipe_tower_brim_width = 2
; wipe_tower_cone_angle = 0
; wipe_tower_extra_flow = 100%
; wipe_tower_extra_spacing = 100%
; wipe_tower_extruder = 0
; wipe_tower_no_sparse_layers = 0
; wipe_tower_width = 60
; wiping_volumes_matrix = 0,140,140,0
; wiping_volumes_use_custom_matrix = 0
; xy_size_compensation = 0
; z_offset = 0
; prusaslicer_config = end
