; generated by PrusaSlicer 2.9.4 on 2026-05-13 at 05:16:41 UTC

; BE CAREFULL, THIS IS A HIGH SPEED PROFILE, DO NOT USE IT UNLESS YOU ARE SURE YOUR MACHINE IS MECHANICALLY WELL TUNED!

; external perimeters extrusion width = 0.68mm
; perimeters extrusion width = 1.00mm
; infill extrusion width = 0.68mm
; solid infill extrusion width = 0.68mm
; top infill extrusion width = 0.60mm
; support material extrusion width = 0.60mm

M73 P0 R10
;TYPE:Custom
PRINT_START BED_TEMP=60 EXTRUDER_TEMP=215
G21 ; set units to millimeters
G90 ; use absolute coordinates
M83 ; use relative distances for extrusion
; Filament gcode
M107
;LAYER_CHANGE
;Z:0.2
;HEIGHT:0.2
G1 E-3 F7200
G1 Z.2 F3000
G1 X148.675 Y85.338 F12000
G1 Z.2 F3000
G1 E3 F7200
M204 S1000
;TYPE:External perimeter
;WIDTH:0.674999
G1 F3322.369
G1 X149.702 Y85.374 E.05401
G1 X150.39 Y85.429 E.03627
G1 X151.407 Y85.554 E.05385
G1 X152.42 Y85.732 E.05406
G1 X153.425 Y85.964 E.05421
G1 X154.083 Y86.147 E.0359
G1 X155.064 Y86.466 E.05422
G1 X156.026 Y86.835 E.05415
G1 X156.659 Y87.11 E.03627
G1 X157.579 Y87.559 E.0538
G1 X158.48 Y88.058 E.05413
G1 X159.353 Y88.604 E.05412
G1 X160.196 Y89.194 E.05408
G1 X161.007 Y89.828 E.0541
G1 X161.784 Y90.504 E.05413
G1 X162.525 Y91.22 E.05416
G1 X162.996 Y91.715 E.03591
G1 X163.672 Y92.493 E.05417
G1 X164.306 Y93.305 E.05414
G1 X164.896 Y94.148 E.05408
G1 X165.442 Y95.021 E.05412
G1 X165.941 Y95.921 E.05409
G1 X166.393 Y96.848 E.0542
G1 X166.668 Y97.481 E.03627
G1 X167.035 Y98.437 E.05382
G1 X167.353 Y99.416 E.0541
G1 X167.619 Y100.41 E.05408
G1 X167.833 Y101.417 E.05411
G1 X167.994 Y102.435 E.05417
G1 X168.072 Y103.121 E.03629
G1 X168.144 Y104.143 E.05385
G1 X168.162 Y105.173 E.05414
G1 X168.144 Y105.856 E.03591
G1 X168.072 Y106.885 E.05421
G1 X167.946 Y107.907 E.05412
G1 X167.768 Y108.92 E.05406
G1 X167.536 Y109.923 E.05411
G1 X167.252 Y110.913 E.05413
G1 X166.917 Y111.886 E.05408
G1 X166.531 Y112.841 E.05414
G1 X166.096 Y113.774 E.0541
G1 X165.612 Y114.684 E.05417
G1 X165.266 Y115.273 E.0359
G1 X164.704 Y116.137 E.05417
G1 X164.098 Y116.971 E.05418
G1 X163.673 Y117.506 E.03591
G1 X162.996 Y118.284 E.0542
G1 X162.281 Y119.024 E.05408
G1 X161.529 Y119.726 E.05407
G1 X160.739 Y120.389 E.0542
G1 X160.197 Y120.805 E.03591
G1 X159.352 Y121.396 E.0542
G1 X158.479 Y121.942 E.05412
G1 X157.579 Y122.441 E.05409
G1 X156.654 Y122.892 E.05409
G1 X155.705 Y123.295 E.05419
G1 X155.065 Y123.534 E.03591
G1 X154.084 Y123.853 E.05422
G1 X153.09 Y124.119 E.05408
G1 X152.083 Y124.333 E.05411
G1 X151.066 Y124.494 E.05412
G1 X150.041 Y124.602 E.05417
G1 X149.359 Y124.644 E.03591
G1 X148.327 Y124.662 E.05425
G1 X147.644 Y124.644 E.03591
G1 X146.615 Y124.572 E.05421
G1 X145.593 Y124.446 E.05412
G1 X144.578 Y124.267 E.05417
G1 X143.911 Y124.119 E.03591
G1 X142.915 Y123.853 E.05418
G1 X141.936 Y123.534 E.05412
G1 X140.975 Y123.166 E.05408
G1 X140.035 Y122.747 E.05409
G1 X139.118 Y122.279 E.05411
G1 X138.225 Y121.764 E.05418
G1 X137.643 Y121.393 E.03627
G1 X136.804 Y120.806 E.05382
G1 X135.993 Y120.172 E.0541
G1 X135.216 Y119.496 E.05413
G1 X134.476 Y118.781 E.05408
G1 X133.774 Y118.028 E.05411
G1 X133.111 Y117.239 E.05416
G1 X132.695 Y116.697 E.03591
G1 X132.104 Y115.852 E.0542
G1 X131.558 Y114.979 E.05412
G1 X131.059 Y114.079 E.05409
G1 X130.607 Y113.152 E.0542
G1 X130.332 Y112.519 E.03627
G1 X129.965 Y111.563 E.05382
G1 X129.647 Y110.584 E.0541
G1 X129.381 Y109.59 E.05408
G1 X129.167 Y108.583 E.05411
G1 X129.006 Y107.565 E.05417
G1 X128.928 Y106.879 E.03629
G1 X128.856 Y105.857 E.05385
G1 X128.838 Y104.827 E.05414
G1 X128.856 Y104.144 E.03591
G1 X128.928 Y103.115 E.05421
G1 X129.054 Y102.093 E.05412
G1 X129.232 Y101.08 E.05406
G1 X129.464 Y100.075 E.05421
G1 X129.647 Y99.417 E.0359
G1 X129.966 Y98.436 E.05422
G1 X130.335 Y97.474 E.05415
G1 X130.607 Y96.847 E.03592
G1 X131.059 Y95.921 E.05416
G1 X131.558 Y95.02 E.05413
G1 X132.104 Y94.147 E.05412
G1 X132.694 Y93.304 E.05408
G1 X133.328 Y92.493 E.0541
G1 X134.004 Y91.716 E.05413
G1 X134.72 Y90.975 E.05416
G1 X135.215 Y90.504 E.03591
G1 X135.993 Y89.828 E.05417
G1 X136.805 Y89.194 E.05414
G1 X137.649 Y88.603 E.05415
G1 X138.225 Y88.236 E.0359
G1 X139.118 Y87.72 E.05421
G1 X140.035 Y87.253 E.05409
G1 X140.976 Y86.834 E.05414
G1 X141.937 Y86.465 E.0541
G1 X142.916 Y86.147 E.0541
G1 X143.912 Y85.88 E.0542
G1 X144.586 Y85.731 E.03628
G1 X145.594 Y85.554 E.05379
G1 X146.616 Y85.428 E.05412
G1 X147.643 Y85.356 E.05411
G1 X148.645 Y85.339 E.05267
G1 X149.244 Y85.358 F12000
G1 E-3 F7200
G1 X159.729 Y89.099 F12000
G1 E3 F7200
;TYPE:Solid infill
;WIDTH:0.682381
G1 F3284.016
G1 X162.285 Y91.655 E.1922
G1 X162.645 Y92.034 E.02779
G1 X163.306 Y92.795 E.0536
G1 X163.925 Y93.587 E.05345
G1 X164.501 Y94.41 E.05341
G1 X165.09 Y95.365 E.05966
G1 X158.135 Y88.41 E.52299
G1 X157.36 Y87.98 E.04713
G1 X156.287 Y87.465 E.06328
G1 X166.035 Y97.213 E.73301
G1 X166.229 Y97.66 E.02591
G1 X166.624 Y98.707 E.0595
G1 X154.793 Y86.876 E.88964
G1 X153.947 Y86.601 E.0473
G1 X153.486 Y86.473 E.02544
G1 X167.021 Y100.008 E1.01777
G1 X167.158 Y100.521 E.02823
G1 X167.301 Y101.192 E.03648
G1 X152.301 Y86.193 E1.1279
G1 X151.211 Y86.007 E.05879
G1 X167.491 Y102.287 E1.22419
G1 X167.61 Y103.311 E.05481
M73 P1 R10
G1 X150.188 Y85.888 E1.3101
G1 X149.227 Y85.832 E.05118
G1 X167.672 Y104.277 E1.38698
G1 X167.687 Y105.196 E.04887
G1 X148.31 Y85.819 E1.45707
G1 X147.433 Y85.846 E.04665
G1 X167.654 Y106.067 E1.52053
G1 X167.591 Y106.909 E.0449
G1 X146.591 Y85.909 E1.57911
G1 X145.786 Y86.008 E.04313
G1 X167.492 Y107.714 E1.6322
G1 X167.362 Y108.489 E.04178
G1 X145.011 Y86.138 E1.6807
G1 X144.259 Y86.289 E.04078
G1 X167.208 Y109.238 E1.72567
G1 X167.031 Y109.966 E.03984
G1 X143.537 Y86.472 E1.76665
G1 X142.833 Y86.673 E.03893
G1 X166.829 Y110.669 E1.8044
G1 X166.602 Y111.346 E.03797
M73 P2 R10
G1 X142.151 Y86.894 E1.83865
G1 X141.495 Y87.143 E.03731
G1 X166.358 Y112.006 E1.86959
G1 X166.097 Y112.65 E.03695
G1 X140.855 Y87.407 E1.89813
G1 X140.229 Y87.686 E.03644
G1 X165.81 Y113.266 E1.92354
G1 X165.509 Y113.869 E.03583
G1 X139.63 Y87.991 E1.94595
G1 X139.045 Y88.31 E.03543
G1 X165.194 Y114.46 E1.96633
G1 X164.859 Y115.029 E.03511
G1 X138.471 Y88.641 E1.98426
G1 X137.919 Y88.993 E.03481
G1 X164.503 Y115.577 E1.999
G1 X164.313 Y115.869 E.01852
G1 X164.135 Y116.114 E.0161
G1 X137.387 Y89.365 E2.01137
G1 X136.865 Y89.748 E.03443
M73 P3 R10
G1 X163.755 Y116.637 E2.02198
G1 X163.356 Y117.143 E.03426
G1 X136.358 Y90.145 E2.03013
G1 X135.871 Y90.562 E.03409
G1 X162.938 Y117.629 E2.03532
G1 X162.51 Y118.105 E.03404
G1 X135.393 Y90.989 E2.03904
G1 X134.935 Y91.435 E.03399
G1 X162.065 Y118.565 E2.04006
G1 X161.604 Y119.008 E.034
G1 X134.49 Y91.895 E2.03882
G1 X134.062 Y92.371 E.03404
G1 X161.132 Y119.44 E2.03551
G1 X160.64 Y119.853 E.03416
G1 X133.645 Y92.858 E2.02991
G1 X133.248 Y93.365 E.03424
M73 P4 R10
G1 X160.136 Y120.254 E2.0219
G1 X159.613 Y120.635 E.03441
G1 X132.865 Y93.887 E2.01133
G1 X132.493 Y94.419 E.03452
G1 X159.081 Y121.007 E1.9993
G1 X158.524 Y121.355 E.03492
G1 X132.145 Y94.976 E1.98359
G1 X131.81 Y95.545 E.03511
G1 X157.955 Y121.69 E1.96599
G1 X157.374 Y122.013 E.03535
G1 X131.487 Y96.126 E1.94659
G1 X131.19 Y96.734 E.03598
G1 X156.766 Y122.31 E1.92321
G1 X156.145 Y122.593 E.03629
G1 X130.905 Y97.352 E1.89798
G1 X130.643 Y97.995 E.03692
M73 P5 R10
G1 X155.51 Y122.862 E1.86989
G1 X154.849 Y123.106 E.03746
M73 P5 R9
G1 X130.394 Y98.651 E1.83891
G1 X130.173 Y99.333 E.03812
G1 X154.167 Y123.327 E1.80425
G1 X153.463 Y123.528 E.03893
G1 X129.968 Y100.033 E1.76672
G1 X129.792 Y100.762 E.03988
G1 X152.74 Y123.709 E1.72555
G1 X151.994 Y123.867 E.04055
G1 X129.638 Y101.511 E1.68108
G1 X129.508 Y102.286 E.04178
G1 X151.213 Y123.991 E1.63212
G1 X150.405 Y124.087 E.04326
G1 X129.409 Y103.091 E1.57881
G1 X129.346 Y103.933 E.0449
G1 X149.569 Y124.156 E1.52068
G1 X148.69 Y124.181 E.04676
M73 P6 R9
G1 X129.313 Y104.804 E1.45707
G1 X129.328 Y105.723 E.04887
G1 X147.778 Y124.173 E1.38736
G1 X146.811 Y124.11 E.05153
G1 X129.39 Y106.689 E1.30998
G1 X129.509 Y107.713 E.05481
G1 X145.789 Y123.993 E1.22419
G1 X144.699 Y123.807 E.05879
G1 X129.699 Y108.808 E1.1279
G1 X129.842 Y109.479 E.03648
G1 X129.979 Y109.992 E.02823
G1 X143.508 Y123.521 E1.01732
G1 X143.05 Y123.398 E.02522
G1 X142.207 Y123.124 E.04713
G1 X130.376 Y111.293 E.88964
G1 X130.771 Y112.34 E.0595
G1 X130.965 Y112.787 E.02591
G1 X140.705 Y122.526 E.73237
G1 X140.239 Y122.319 E.02711
G1 X139.344 Y121.863 E.05341
G1 X138.854 Y121.58 E.03009
G1 X131.91 Y114.635 E.5222
G1 X132.499 Y115.59 E.05966
G1 X133.077 Y116.416 E.0536
G1 X133.481 Y116.942 E.03527
G1 X134.129 Y117.714 E.05359
G1 X134.744 Y118.374 E.04797
G1 X137.271 Y120.901 E.19002
M106 S127.5
;LAYER_CHANGE
;Z:0.4
;HEIGHT:0.2

G1 E-3 F7200
G1 Z.4 F3000
;AFTER_LAYER_CHANGE
;0.4
G92 E0
_ON_LAYER_CHANGE LAYER=2
G1 Z.6
G1 X148.669 Y85.338 F12000
G1 Z.4 F3000
G1 E3 F7200
;TYPE:External perimeter
;WIDTH:0.674999
G1 F4746.242
G1 X148.672 Y85.338 E.00016
G1 X149.702 Y85.374 E.05417
G1 X150.404 Y85.43 E.03701
G1 X151.406 Y85.554 E.05306
G1 X152.42 Y85.732 E.05411
G1 X153.423 Y85.964 E.05411
G1 X154.413 Y86.248 E.05413
G1 X155.387 Y86.583 E.05413
G1 X156.042 Y86.842 E.03702
G1 X156.965 Y87.253 E.0531
G1 X157.882 Y87.721 E.05411
G1 X158.774 Y88.235 E.05411
G1 X159.638 Y88.797 E.05417
G1 X160.195 Y89.194 E.03595
G1 X161.007 Y89.828 E.05414
G1 X161.784 Y90.504 E.05413
G1 X162.525 Y91.22 E.05416
G1 X162.996 Y91.715 E.03591
G1 X163.672 Y92.493 E.05417
G1 X164.306 Y93.305 E.05414
G1 X164.896 Y94.148 E.05408
G1 X165.442 Y95.021 E.05412
G1 X165.941 Y95.921 E.05409
G1 X166.392 Y96.846 E.05409
G1 X166.795 Y97.795 E.05419
G1 X167.034 Y98.435 E.03591
G1 X167.353 Y99.416 E.05422
G1 X167.619 Y100.41 E.05408
G1 X167.833 Y101.417 E.05411
G1 X167.994 Y102.434 E.05412
G1 X168.066 Y103.119 E.0362
G1 X168.123 Y103.8 E.03592
G1 X168.15 Y104.483 E.03592
G1 X168.162 Y105.173 E.03627
G1 X168.144 Y105.856 E.03591
G1 X168.072 Y106.885 E.05421
G1 X167.946 Y107.907 E.05412
G1 X167.768 Y108.92 E.05406
G1 X167.536 Y109.923 E.05411
G1 X167.252 Y110.913 E.05413
G1 X166.917 Y111.886 E.05408
G1 X166.531 Y112.842 E.05419
G1 X166.248 Y113.464 E.03592
G1 X165.78 Y114.382 E.05416
G1 X165.265 Y115.274 E.05413
G1 X164.704 Y116.137 E.0541
G1 X164.099 Y116.97 E.05411
G1 X163.45 Y117.771 E.05418
G1 X162.997 Y118.283 E.03593
G1 X162.281 Y119.024 E.05416
G1 X161.528 Y119.726 E.05411
G1 X160.74 Y120.388 E.05409
G1 X159.918 Y121.008 E.05411
G1 X159.064 Y121.583 E.05411
G1 X158.181 Y122.114 E.05415
G1 X157.58 Y122.44 E.03593
G1 X156.654 Y122.892 E.05416
G1 X155.705 Y123.295 E.05419
G1 X155.065 Y123.534 E.03591
G1 X154.084 Y123.853 E.05422
G1 X153.09 Y124.119 E.05408
G1 X152.083 Y124.333 E.05411
G1 X151.065 Y124.494 E.05417
G1 X150.365 Y124.574 E.03703
G1 X149.357 Y124.644 E.05311
G1 X148.327 Y124.662 E.05414
G1 X147.644 Y124.644 E.03591
G1 X146.615 Y124.572 E.05421
G1 X145.593 Y124.446 E.05412
G1 X144.58 Y124.268 E.05406
G1 X143.575 Y124.036 E.05421
G1 X142.917 Y123.853 E.0359
G1 X141.936 Y123.535 E.0542
G1 X140.974 Y123.165 E.05417
G1 X140.347 Y122.893 E.03592
G1 X139.421 Y122.441 E.05416
G1 X138.52 Y121.942 E.05413
G1 X137.647 Y121.396 E.05412
G1 X136.804 Y120.806 E.05408
G1 X135.993 Y120.172 E.0541
G1 X135.216 Y119.496 E.05413
G1 X134.476 Y118.781 E.05408
G1 X133.774 Y118.028 E.05411
G1 X133.111 Y117.239 E.05416
G1 X132.695 Y116.697 E.03591
G1 X132.104 Y115.852 E.0542
G1 X131.558 Y114.979 E.05412
G1 X131.059 Y114.079 E.05409
G1 X130.608 Y113.154 E.05409
G1 X130.205 Y112.205 E.05419
G1 X129.959 Y111.545 E.03702
G1 X129.647 Y110.584 E.0531
G1 X129.381 Y109.59 E.05408
M73 P7 R9
G1 X129.167 Y108.583 E.05411
G1 X129.006 Y107.565 E.05417
G1 X128.926 Y106.865 E.03703
G1 X128.856 Y105.857 E.05311
G1 X128.838 Y104.828 E.05409
G1 X128.874 Y103.798 E.05417
G1 X128.93 Y103.096 E.03701
G1 X129.054 Y102.094 E.05306
G1 X129.232 Y101.08 E.05411
G1 X129.464 Y100.077 E.05411
G1 X129.748 Y99.087 E.05413
G1 X130.083 Y98.113 E.05413
G1 X130.342 Y97.458 E.03702
G1 X130.753 Y96.535 E.0531
G1 X131.221 Y95.618 E.05411
G1 X131.735 Y94.726 E.05411
G1 X132.296 Y93.863 E.0541
G1 X132.901 Y93.03 E.05411
G1 X133.55 Y92.229 E.05418
G1 X134.017 Y91.702 E.03701
G1 X134.719 Y90.976 E.05308
G1 X135.472 Y90.273 E.05414
G1 X136.008 Y89.816 E.03702
G1 X136.805 Y89.194 E.05313
G1 X137.648 Y88.604 E.05408
G1 X138.521 Y88.058 E.05412
G1 X139.421 Y87.559 E.05409
G1 X140.348 Y87.107 E.0542
G1 X140.994 Y86.827 E.037
G1 X141.937 Y86.465 E.05309
G1 X142.916 Y86.147 E.0541
G1 X143.91 Y85.881 E.05408
G1 X144.917 Y85.667 E.05411
G1 X145.935 Y85.506 E.05417
G1 X146.635 Y85.426 E.03703
G1 X147.643 Y85.356 E.05311
G1 X148.639 Y85.339 E.05235
G1 X149.239 Y85.358 F12000
G1 X148.655 Y86.133
;TYPE:Perimeter
T1
;WIDTH:0.999999
G1 F3134.537
G1 X148.665 Y86.133 E.0008
G1 X149.657 Y86.168 E.07899
G1 X150.324 Y86.221 E.05325
G1 X151.289 Y86.34 E.07738
G1 X152.262 Y86.511 E.07862
G1 X153.224 Y86.734 E.07859
G1 X154.174 Y87.006 E.07864
G1 X155.112 Y87.329 E.07895
G1 X155.735 Y87.575 E.0533
G1 X156.623 Y87.97 E.07734
G1 X157.503 Y88.419 E.07862
G1 X158.359 Y88.913 E.07865
G1 X159.191 Y89.454 E.07898
G1 X159.719 Y89.83 E.05158
G1 X160.501 Y90.442 E.07903
G1 X161.247 Y91.09 E.07864
G1 X161.961 Y91.779 E.07896
G1 X162.408 Y92.25 E.05168
G1 X163.059 Y92.999 E.07897
G1 X163.667 Y93.777 E.07858
G1 X164.234 Y94.587 E.07868
G1 X164.757 Y95.424 E.07854
G1 X165.236 Y96.288 E.07862
G1 X165.669 Y97.176 E.07862
G1 X166.057 Y98.09 E.07902
G1 X166.284 Y98.698 E.05165
G1 X166.591 Y99.642 E.079
G1 X166.846 Y100.596 E.07859
G1 X167.052 Y101.562 E.0786
G1 X167.206 Y102.538 E.07863
G1 X167.276 Y103.202 E.05313
G1 X167.33 Y103.849 E.05167
G1 X167.355 Y104.497 E.05161
G1 X167.367 Y105.17 E.05357
G1 X167.35 Y105.818 E.05159
G1 X167.281 Y106.809 E.07906
G1 X167.16 Y107.789 E.07858
G1 X166.989 Y108.762 E.07862
G1 X166.767 Y109.724 E.07857
G1 X166.494 Y110.674 E.07866
G1 X166.173 Y111.608 E.0786
G1 X165.801 Y112.528 E.07897
G1 X165.532 Y113.119 E.05168
G1 X165.081 Y114.003 E.07898
G1 X164.587 Y114.859 E.07865
G1 X164.049 Y115.687 E.07858
G1 X163.468 Y116.486 E.07862
G1 X162.844 Y117.258 E.079
G1 X162.414 Y117.743 E.05158
G1 X161.724 Y118.458 E.07908
G1 X161.002 Y119.131 E.07855
G1 X160.245 Y119.766 E.07863
G1 X159.456 Y120.361 E.07864
G1 X158.637 Y120.913 E.0786
G1 X157.786 Y121.424 E.079
G1 X157.216 Y121.734 E.05164
G1 X156.324 Y122.169 E.07898
G1 X155.41 Y122.557 E.07902
G1 X154.803 Y122.784 E.05157
G1 X153.858 Y123.091 E.07907
G1 X152.904 Y123.346 E.07859
G1 X151.938 Y123.552 E.0786
G1 X150.958 Y123.707 E.07896
G1 X150.293 Y123.782 E.05326
G1 X149.323 Y123.85 E.07738
G1 X148.33 Y123.867 E.07904
G1 X147.682 Y123.85 E.05159
G1 X146.691 Y123.781 E.07906
G1 X145.711 Y123.66 E.07858
G1 X144.738 Y123.489 E.07862
G1 X143.771 Y123.265 E.07899
G1 X143.146 Y123.092 E.05161
G1 X142.202 Y122.785 E.079
G1 X141.275 Y122.429 E.07903
G1 X140.68 Y122.171 E.05161
G1 X139.788 Y121.736 E.07898
G1 X138.924 Y121.257 E.07862
G1 X138.086 Y120.733 E.07865
G1 X137.277 Y120.167 E.07857
G1 X136.499 Y119.558 E.07863
G1 X135.753 Y118.91 E.07864
G1 X135.043 Y118.224 E.07857
G1 X134.369 Y117.502 E.0786
G1 X133.731 Y116.741 E.07903
G1 X133.336 Y116.227 E.05159
G1 X132.766 Y115.413 E.07908
G1 X132.243 Y114.576 E.07854
G1 X131.764 Y113.712 E.07862
G1 X131.331 Y112.824 E.07862
G1 X130.943 Y111.911 E.07895
G1 X130.71 Y111.283 E.05331
G1 X130.409 Y110.359 E.07734
G1 X130.154 Y109.404 E.07866
G1 X129.948 Y108.438 E.0786
G1 X129.793 Y107.458 E.07896
G1 X129.718 Y106.793 E.05326
G1 X129.65 Y105.823 E.07738
G1 X129.633 Y104.835 E.07864
G1 X129.668 Y103.843 E.07899
G1 X129.721 Y103.176 E.05325
G1 X129.84 Y102.211 E.07738
G1 X130.011 Y101.238 E.07862
G1 X130.234 Y100.276 E.07859
G1 X130.506 Y99.326 E.07864
G1 X130.829 Y98.388 E.07895
G1 X131.075 Y97.765 E.0533
G1 X131.47 Y96.877 E.07734
G1 X131.919 Y95.997 E.07862
G1 X132.413 Y95.142 E.07858
G1 X132.951 Y94.313 E.07865
G1 X133.532 Y93.514 E.07862
G1 X134.156 Y92.743 E.07893
G1 X134.6 Y92.242 E.05327
G1 X135.276 Y91.543 E.07739
G1 X136.001 Y90.866 E.07894
G1 X136.511 Y90.431 E.05334
G1 X137.277 Y89.833 E.07734
G1 X138.087 Y89.266 E.07868
G1 X138.924 Y88.743 E.07854
G1 X139.788 Y88.264 E.07862
G1 X140.68 Y87.829 E.07898
G1 X141.294 Y87.563 E.05325
G1 X142.202 Y87.215 E.07739
G1 X143.142 Y86.909 E.07867
G1 X144.096 Y86.654 E.07859
G1 X145.062 Y86.448 E.0786
G1 X146.042 Y86.293 E.07896
G1 X146.707 Y86.218 E.05326
G1 X147.677 Y86.15 E.07738
G1 X148.625 Y86.134 E.07545
G1 X148.638 Y87.091 F12000
G1 F3134.537
G1 X148.657 Y87.091 E.00151
G1 X149.602 Y87.124 E.07525
G1 X150.227 Y87.173 E.04989
G1 X151.147 Y87.287 E.07377
G1 X152.071 Y87.449 E.07465
G1 X152.985 Y87.66 E.07465
G1 X153.886 Y87.919 E.07461
G1 X154.78 Y88.227 E.07525
G1 X155.364 Y88.457 E.04995
G1 X156.21 Y88.835 E.07374
G1 X157.046 Y89.26 E.07463
G1 X157.858 Y89.729 E.07462
G1 X158.652 Y90.245 E.07536
G1 X159.146 Y90.597 E.04827
G1 X159.892 Y91.18 E.07535
G1 X160.6 Y91.795 E.07463
G1 X161.281 Y92.453 E.07536
G1 X161.699 Y92.893 E.0483
G1 X162.32 Y93.608 E.07537
G1 X162.897 Y94.347 E.07461
G1 X163.435 Y95.115 E.07462
G1 X163.932 Y95.91 E.07461
G1 X164.387 Y96.73 E.07463
G1 X164.798 Y97.573 E.07464
G1 X165.168 Y98.445 E.07538
G1 X165.38 Y99.013 E.04825
G1 X165.673 Y99.913 E.07532
G1 X165.915 Y100.819 E.07463
G1 X166.11 Y101.736 E.07461
G1 X166.257 Y102.662 E.07462
G1 X166.324 Y103.302 E.05121
G1 X166.374 Y103.907 E.04831
G1 X166.398 Y104.513 E.04826
G1 X166.41 Y105.166 E.05198
G1 X166.394 Y105.772 E.04824
G1 X166.328 Y106.717 E.07539
G1 X166.213 Y107.648 E.07465
G1 X166.051 Y108.571 E.07458
G1 X165.84 Y109.485 E.07465
G1 X165.581 Y110.386 E.07461
G1 X165.276 Y111.272 E.07457
G1 X164.921 Y112.15 E.07537
G1 X164.669 Y112.703 E.04836
G1 X164.24 Y113.546 E.07527
G1 X163.771 Y114.358 E.07462
G1 X163.26 Y115.145 E.07467
G1 X162.709 Y115.903 E.07458
G1 X162.113 Y116.639 E.07537
G1 X161.711 Y117.094 E.04832
G1 X161.053 Y117.775 E.07536
G1 X160.367 Y118.414 E.07461
G1 X159.649 Y119.017 E.07462
G1 X158.9 Y119.581 E.07462
G1 X158.123 Y120.105 E.07458
G1 X157.311 Y120.593 E.07539
G1 X156.778 Y120.883 E.04829
G1 X155.927 Y121.298 E.07535
G1 X155.055 Y121.668 E.07538
G1 X154.487 Y121.88 E.04825
G1 X153.587 Y122.173 E.07532
G1 X152.681 Y122.415 E.07463
G1 X151.764 Y122.61 E.07461
G1 X150.829 Y122.758 E.07534
G1 X150.206 Y122.829 E.0499
G1 X149.281 Y122.893 E.07379
G1 X148.334 Y122.91 E.07538
G1 X147.728 Y122.894 E.04824
G1 X146.783 Y122.828 E.07539
G1 X145.852 Y122.713 E.07465
G1 X144.929 Y122.551 E.07458
G1 X144.007 Y122.338 E.07531
G1 X143.422 Y122.175 E.04833
G1 X142.521 Y121.883 E.07537
G1 X141.637 Y121.543 E.07537
G1 X141.081 Y121.301 E.04826
G1 X140.23 Y120.886 E.07535
G1 X139.41 Y120.432 E.07459
G1 X138.615 Y119.935 E.07461
G1 X137.846 Y119.397 E.07469
G1 X137.108 Y118.82 E.07455
G1 X136.4 Y118.205 E.07463
G1 X135.725 Y117.553 E.07468
G1 X135.086 Y116.867 E.07461
G1 X134.477 Y116.142 E.07535
G1 X134.108 Y115.661 E.04825
G1 X133.565 Y114.885 E.07537
G1 X133.068 Y114.09 E.07461
G1 X132.613 Y113.27 E.07463
G1 X132.202 Y112.427 E.07464
G1 X131.833 Y111.556 E.07528
G1 X131.613 Y110.968 E.04996
G1 X131.327 Y110.087 E.07371
G1 X131.085 Y109.181 E.07463
G1 X130.89 Y108.264 E.07461
G1 X130.742 Y107.329 E.07534
G1 X130.671 Y106.706 E.0499
G1 X130.607 Y105.781 E.07379
G1 X130.591 Y104.843 E.07466
G1 X130.624 Y103.898 E.07525
G1 X130.673 Y103.273 E.04989
G1 X130.787 Y102.353 E.07377
G1 X130.949 Y101.429 E.07465
G1 X131.16 Y100.515 E.07465
G1 X131.419 Y99.614 E.07461
G1 X131.727 Y98.72 E.07525
G1 X131.957 Y98.136 E.04995
G1 X132.335 Y97.29 E.07374
G1 X132.76 Y96.454 E.07463
G1 X133.229 Y95.642 E.07462
G1 X133.74 Y94.855 E.07467
G1 X134.291 Y94.097 E.07458
G1 X134.886 Y93.362 E.07526
G1 X135.303 Y92.892 E.05
G1 X135.947 Y92.226 E.07373
G1 X136.639 Y91.58 E.07534
G1 X137.116 Y91.173 E.0499
G1 X137.847 Y90.603 E.07377
G1 X138.615 Y90.065 E.07462
G1 X139.41 Y89.568 E.07461
G1 X140.23 Y89.113 E.07463
G1 X141.081 Y88.699 E.07531
G1 X141.656 Y88.449 E.0499
G1 X142.521 Y88.117 E.07373
G1 X143.413 Y87.827 E.07464
G1 X144.319 Y87.585 E.07463
G1 X145.236 Y87.39 E.07461
G1 X146.171 Y87.242 E.07534
G1 X146.794 Y87.171 E.0499
G1 X147.719 Y87.107 E.07379
G1 X148.608 Y87.091 E.07076
G1 X148.622 Y88.048 F12000
G1 F3134.537
G1 X148.648 Y88.048 E.00207
G1 X149.547 Y88.079 E.07159
G1 X150.131 Y88.126 E.04663
G1 X151.005 Y88.233 E.07007
G1 X151.88 Y88.388 E.07072
G1 X152.745 Y88.587 E.07064
G1 X153.598 Y88.832 E.07063
G1 X154.449 Y89.125 E.07163
G1 X154.993 Y89.34 E.04655
G1 X155.798 Y89.699 E.07014
G1 X156.589 Y90.102 E.07065
G1 X157.358 Y90.546 E.07067
G1 X158.113 Y91.036 E.07163
G1 X158.574 Y91.364 E.04503
G1 X159.283 Y91.919 E.07165
G1 X159.953 Y92.501 E.07063
G1 X160.601 Y93.127 E.0717
G1 X160.99 Y93.537 E.04498
G1 X161.581 Y94.217 E.0717
G1 X162.128 Y94.916 E.07064
G1 X162.637 Y95.643 E.07063
G1 X163.107 Y96.396 E.07064
G1 X163.537 Y97.172 E.0706
G1 X163.926 Y97.97 E.07065
G1 X164.278 Y98.799 E.07167
G1 X164.476 Y99.329 E.04503
G1 X164.755 Y100.185 E.07165
G1 X164.984 Y101.043 E.07067
G1 X165.169 Y101.911 E.07063
G1 X165.308 Y102.787 E.07059
G1 X165.372 Y103.402 E.04921
G1 X165.441 Y104.53 E.08994
G1 X165.452 Y105.161 E.05022
G1 X165.438 Y105.726 E.04498
G1 X165.375 Y106.625 E.07172
G1 X165.266 Y107.506 E.07065
G1 X165.112 Y108.38 E.07063
G1 X164.913 Y109.245 E.07064
G1 X164.668 Y110.098 E.07063
G1 X164.379 Y110.937 E.07062
G1 X164.042 Y111.772 E.07166
G1 X163.807 Y112.287 E.04505
G1 X163.398 Y113.089 E.07164
G1 X162.954 Y113.858 E.07067
G1 X162.471 Y114.602 E.07059
G1 X161.949 Y115.32 E.07064
G1 X161.382 Y116.02 E.07169
G1 X161.008 Y116.444 E.04499
G1 X160.382 Y117.092 E.0717
G1 X159.733 Y117.697 E.07061
G1 X159.053 Y118.267 E.07061
G1 X158.344 Y118.802 E.07068
G1 X157.609 Y119.298 E.07057
G1 X156.836 Y119.762 E.07175
G1 X156.34 Y120.032 E.04494
G1 X155.53 Y120.426 E.07168
G1 X154.701 Y120.778 E.07167
G1 X154.171 Y120.976 E.04503
G1 X153.315 Y121.255 E.07165
G1 X152.457 Y121.484 E.07067
G1 X151.589 Y121.669 E.07063
G1 X150.701 Y121.81 E.07155
G1 X150.119 Y121.875 E.0466
G1 X149.24 Y121.937 E.07013
G1 X148.339 Y121.952 E.07171
G1 X147.774 Y121.937 E.04498
G1 X146.875 Y121.875 E.07171
G1 X145.994 Y121.766 E.07065
G1 X145.12 Y121.612 E.07063
G1 X144.242 Y121.41 E.0717
G1 X143.698 Y121.259 E.04493
M73 P8 R9
G1 X142.841 Y120.98 E.07172
G1 X142 Y120.657 E.07169
G1 X141.482 Y120.432 E.04494
G1 X140.672 Y120.037 E.07172
G1 X139.896 Y119.607 E.0706
G1 X139.143 Y119.136 E.07068
G1 X138.416 Y118.627 E.07063
G1 X137.717 Y118.081 E.07059
G1 X137.047 Y117.499 E.07063
G1 X136.408 Y116.882 E.07069
G1 X135.803 Y116.233 E.07061
G1 X135.224 Y115.543 E.07168
G1 X134.88 Y115.095 E.04495
G1 X134.363 Y114.357 E.07171
G1 X133.893 Y113.604 E.07064
G1 X133.463 Y112.828 E.0706
G1 X133.074 Y112.03 E.07065
G1 X132.722 Y111.202 E.0716
G1 X132.517 Y110.653 E.04664
G1 X132.245 Y109.815 E.07011
G1 X132.016 Y108.957 E.07067
G1 X131.831 Y108.089 E.07063
G1 X131.69 Y107.201 E.07155
G1 X131.625 Y106.619 E.0466
G1 X131.563 Y105.74 E.07013
G1 X131.548 Y104.852 E.07068
G1 X131.579 Y103.953 E.07159
G1 X131.626 Y103.369 E.04663
G1 X131.733 Y102.495 E.07007
G1 X131.888 Y101.62 E.07072
G1 X132.087 Y100.755 E.07064
G1 X132.332 Y99.902 E.07063
G1 X132.625 Y99.051 E.07163
G1 X132.84 Y98.507 E.04655
G1 X133.199 Y97.702 E.07014
G1 X133.602 Y96.911 E.07065
G1 X134.046 Y96.142 E.07067
G1 X134.529 Y95.398 E.07059
G1 X135.051 Y94.68 E.07064
G1 X135.617 Y93.98 E.07164
G1 X136.005 Y93.542 E.04657
G1 X136.617 Y92.909 E.07007
G1 X137.276 Y92.295 E.07168
G1 X137.721 Y91.915 E.04657
G1 X138.416 Y91.373 E.07014
G1 X139.143 Y90.863 E.07067
G1 X139.896 Y90.393 E.07064
G1 X140.672 Y89.963 E.0706
G1 X141.481 Y89.568 E.07165
G1 X142.018 Y89.335 E.04658
G1 X142.841 Y89.02 E.07013
G1 X143.685 Y88.745 E.07064
G1 X144.543 Y88.516 E.07067
G1 X145.411 Y88.331 E.07063
G1 X146.299 Y88.19 E.07155
G1 X146.881 Y88.125 E.0466
G1 X147.76 Y88.063 E.07013
G1 X148.592 Y88.049 E.06622
G1 E-3 F7200
G1 Z.6 F3000
G1 X137.53 Y92.58 F12000
G1 Z.4 F3000
G1 E3 F7200
;TYPE:Solid infill
T0
;WIDTH:0.55292
G1 F5882.353
G1 X136.896 Y93.192 E.03737
G1 X135.901 Y94.221 E.0607
G1 X136.896 Y93.192 E.0607
G1 X137.303 Y92.799 E.02399
G1 E-3 F7200
G1 Z.6 F3000
G1 X139.899 Y90.994 F12000
G1 Z.4 F3000
G1 E3 F7200
G1 F5882.353
G1 X139.854 Y90.949 E.0027
G1 X139.792 Y90.965 E.00272
G1 X139.776 Y91.027 E.00272
G1 X139.821 Y91.072 E.0027
G1 X139.882 Y91.055 E.00269
;WIDTH:0.593613
G1 F5447.682
G1 X139.718 Y91.16 E.00892
;WIDTH:0.634306
G1 F5072.829
G1 X139.554 Y91.264 E.00955
;WIDTH:0.674999
G1 F4746.242
G1 X139.39 Y91.368 E.01021
G1 X134.877 Y95.882 E.33548
G1 X134.777 Y96.025 E.00917
;WIDTH:0.634921
G1 F5067.562
G1 X134.677 Y96.169 E.00863
;WIDTH:0.594843
G1 F5435.548
G1 X134.577 Y96.312 E.00801
;WIDTH:0.554764
G1 F5861.161
G1 X134.531 Y96.267 E.00274
G1 X134.469 Y96.284 E.00274
G1 X134.453 Y96.345 E.00268
G1 X134.498 Y96.391 E.00274
G1 X134.56 Y96.374 E.00274
G1 E-3 F7200
G1 Z.6 F3000
G1 X133.445 Y98.392 F12000
G1 Z.4 F3000
G1 E3 F7200
;WIDTH:0.55292
G1 F5882.353
G1 X133.4 Y98.347 E.0027
G1 X133.338 Y98.363 E.00272
G1 X133.322 Y98.425 E.00272
G1 X133.367 Y98.47 E.0027
G1 X133.429 Y98.454 E.00272
;WIDTH:0.593613
G1 F5447.682
G1 X133.516 Y98.29 E.0085
;WIDTH:0.634306
G1 F5072.829
G1 X133.603 Y98.126 E.00913
;WIDTH:0.674999
G1 F4746.242
G1 X133.691 Y97.962 E.00978
G1 X141.452 Y90.2 E.57689
G1 E-3 F7200
G1 Z.6 F3000
G1 X143.494 Y89.266 F12000
G1 Z.4 F3000
G1 E3 F7200
;WIDTH:0.55292
G1 F5882.353
G1 X143.449 Y89.22 E.00273
G1 X143.388 Y89.237 E.00269
G1 X143.371 Y89.299 E.00273
G1 X143.416 Y89.344 E.0027
G1 X143.478 Y89.327 E.00273
;WIDTH:0.593613
G1 F5447.682
G1 X143.315 Y89.404 E.00825
;WIDTH:0.634306
G1 F5072.829
G1 X143.152 Y89.481 E.00886
;WIDTH:0.674999
G1 F4746.242
G1 X142.988 Y89.558 E.00952
G1 X133.064 Y99.483 E.73766
G1 X132.991 Y99.626 E.00844
;WIDTH:0.634306
G1 F5072.829
G1 X132.919 Y99.77 E.00792
;WIDTH:0.593613
G1 F5447.682
G1 X132.846 Y99.913 E.00735
;WIDTH:0.55292
G1 F5882.353
G1 X132.801 Y99.868 E.0027
G1 X132.739 Y99.884 E.00272
G1 X132.723 Y99.946 E.00272
G1 X132.768 Y99.991 E.0027
G1 X132.83 Y99.975 E.00272
G1 E-3 F7200
G1 Z.6 F3000
G1 X132.17 Y101.831 F12000
G1 Z.4 F3000
G1 E3 F7200
G1 F5882.353
G1 X132.349 Y101.031 E.03476
;WIDTH:0.593613
G1 F5447.682
G1 X132.451 Y100.949 E.00599
;WIDTH:0.634306
G1 F5072.829
G1 X132.554 Y100.866 E.0065
;WIDTH:0.674999
G1 F4746.242
G1 X132.657 Y100.783 E.00695
G1 X144.279 Y89.161 E.86384
G1 X144.527 Y88.853 E.02078
;WIDTH:0.55292
G1 F5882.353
G1 X145.062 Y88.731 E.02327
;WIDTH:0.593613
G1 F5447.682
G1 X145.188 Y88.785 E.00628
;WIDTH:0.634306
G1 F5072.829
G1 X145.315 Y88.839 E.00679
;WIDTH:0.674999
G1 F4746.242
G1 X145.442 Y88.892 E.00723
G1 X132.395 Y101.939 E.96975
G1 X132.231 Y102.997 E.05627
G1 X146.502 Y88.726 E1.06073
G1 X147.482 Y88.639 E.05171
G1 X132.134 Y103.988 E1.14082
G1 X132.104 Y104.911 E.04854
G1 X148.408 Y88.608 E1.2118
G1 X149.279 Y88.631 E.04579
G1 X132.123 Y105.786 E1.27513
G1 X132.184 Y106.62 E.04395
G1 X150.12 Y88.684 E1.33314
G1 X150.916 Y88.782 E.04215
M73 P9 R9
G1 X132.286 Y107.411 E1.38469
G1 X132.417 Y108.174 E.04069
G1 X151.676 Y88.916 E1.43144
G1 X152.406 Y89.079 E.03931
G1 X132.577 Y108.908 E1.47384
G1 X132.766 Y109.613 E.03836
G1 X153.11 Y89.27 E1.51208
G1 X153.788 Y89.485 E.03738
G1 X132.983 Y110.29 E1.54639
G1 X133.22 Y110.947 E.03671
G1 X154.446 Y89.721 E1.57768
G1 X155.076 Y89.985 E.0359
G1 X133.484 Y111.576 E1.60485
G1 X133.768 Y112.187 E.03541
G1 X155.689 Y90.266 E1.62934
G1 X156.281 Y90.568 E.03493
G1 X134.07 Y112.778 E1.65085
G1 X134.39 Y113.352 E.03454
G1 X156.849 Y90.893 E1.66932
G1 X157.401 Y91.236 E.03416
G1 X134.734 Y113.902 E1.68475
G1 X135.096 Y114.435 E.03386
G1 X157.938 Y91.593 E1.69779
G1 X158.451 Y91.973 E.03355
G1 X135.471 Y114.953 E1.70805
G1 X135.87 Y115.448 E.03342
M73 P10 R9
G1 X158.952 Y92.366 E1.71563
G1 X159.43 Y92.782 E.0333
G1 X136.281 Y115.931 E1.72061
G1 X136.712 Y116.394 E.03325
G1 X159.892 Y93.214 E1.72291
G1 X160.341 Y93.659 E.03322
G1 X137.162 Y116.838 E1.72284
G1 X137.627 Y117.267 E.03325
G1 X160.767 Y94.127 E1.71994
G1 X161.181 Y94.607 E.03331
G1 X138.107 Y117.681 E1.71504
G1 X138.608 Y118.073 E.03343
G1 X161.573 Y95.108 E1.70693
G1 X161.948 Y95.628 E.0337
G1 X139.128 Y118.448 E1.69616
G1 X139.663 Y118.806 E.03383
G1 X162.307 Y96.163 E1.68304
G1 X162.649 Y96.714 E.03408
G1 X140.214 Y119.149 E1.66754
G1 X140.79 Y119.467 E.03458
G1 X162.967 Y97.29 E1.64836
G1 X163.267 Y97.884 E.03497
G1 X141.384 Y119.767 E1.62651
G1 X141.995 Y120.05 E.03539
M73 P11 R9
G1 X163.547 Y98.498 E1.60191
G1 X163.809 Y99.13 E.03596
G1 X142.633 Y120.306 E1.57396
G1 X143.29 Y120.542 E.03669
G1 X164.042 Y99.79 E1.54245
G1 X164.256 Y100.47 E.03747
G1 X143.969 Y120.758 E1.50792
G1 X144.68 Y120.941 E.03859
G1 X164.445 Y101.176 E1.46909
G1 X164.602 Y101.913 E.0396
G1 X145.414 Y121.1 E1.42616
G1 X146.179 Y121.23 E.04078
G1 X164.728 Y102.68 E1.37874
G1 X164.822 Y103.48 E.04234
G1 X146.977 Y121.325 E1.32638
G1 X147.813 Y121.383 E.04404
G1 X164.882 Y104.314 E1.2687
G1 X164.896 Y105.194 E.04626
G1 X148.699 Y121.391 E1.20388
G1 X149.631 Y121.353 E.04902
G1 X164.853 Y106.131 E1.13142
G1 X164.754 Y107.124 E.05245
G1 X150.618 Y121.26 E1.0507
G1 E-3 F7200
G1 Z.6 F3000
G1 X164.611 Y109.117 F12000
G1 Z.4 F3000
G1 E3 F7200
;WIDTH:0.55292
G1 F5882.353
G1 X164.819 Y108.234 E.03847
;WIDTH:0.674999
G1 F4746.242
G1 X164.582 Y108.189 E.01268
G1 X151.692 Y121.079 E.95808
G1 X151.837 Y121.127 E.00803
;WIDTH:0.634306
G1 F5072.829
M73 P12 R9
G1 X151.981 Y121.175 E.00746
;WIDTH:0.593613
G1 F5447.682
G1 X152.126 Y121.224 E.00701
;WIDTH:0.55292
G1 F5882.353
G1 X152.618 Y121.109 E.02143
;WIDTH:0.674999
G1 F4746.242
G1 X152.865 Y120.8 E.02079
G1 X164.301 Y109.365 E.84997
G1 X164.217 Y110.215 E.04489
;WIDTH:0.55292
G1 F5882.353
G1 X164.172 Y110.17 E.0027
G1 X164.111 Y110.187 E.00269
G1 X164.094 Y110.248 E.00269
G1 X164.139 Y110.293 E.0027
G1 X164.201 Y110.277 E.00272
;WIDTH:0.593613
G1 F5447.682
G1 X164.094 Y110.411 E.00785
;WIDTH:0.634306
G1 F5072.829
G1 X163.987 Y110.545 E.00843
;WIDTH:0.674999
G1 F4746.242
G1 X163.881 Y110.679 E.00898
G1 X154.179 Y120.381 E.72113
G1 X154.045 Y120.489 E.00905
;WIDTH:0.634306
G1 F5072.829
G1 X153.911 Y120.597 E.00846
;WIDTH:0.593613
G1 F5447.682
G1 X153.777 Y120.705 E.00788
;WIDTH:0.55292
G1 F5882.353
G1 X153.715 Y120.722 E.00273
G1 X153.67 Y120.676 E.00273
G1 X153.687 Y120.615 E.00269
G1 X153.748 Y120.598 E.00269
G1 X153.793 Y120.643 E.0027
G1 E-3 F7200
G1 Z.6 F3000
G1 X155.352 Y120.055 F12000
G1 Z.4 F3000
G1 E3 F7200
G1 F5882.353
G1 X155.29 Y120.072 E.00273
G1 X155.245 Y120.027 E.0027
G1 X155.262 Y119.965 E.00273
G1 X155.323 Y119.949 E.00267
G1 X155.368 Y119.994 E.0027
;WIDTH:0.593613
G1 F5447.682
G1 X155.497 Y119.896 E.00742
;WIDTH:0.634306
G1 F5072.829
G1 X155.625 Y119.798 E.00793
;WIDTH:0.674999
G1 F4746.242
G1 X155.754 Y119.699 E.00855
G1 X163.323 Y112.117 E.56307
;WIDTH:0.634306
G1 F5072.829
G1 X163.443 Y111.983 E.00885
;WIDTH:0.593613
G1 F5447.682
G1 X163.563 Y111.849 E.00824
;WIDTH:0.55292
G1 F5882.353
G1 X163.502 Y111.866 E.00269
G1 X163.457 Y111.821 E.0027
G1 X163.473 Y111.759 E.00272
G1 X163.535 Y111.743 E.00272
G1 X163.58 Y111.788 E.0027
G1 E-3 F7200
G1 Z.6 F3000
G1 X162.259 Y114.01 F12000
G1 Z.4 F3000
G1 E3 F7200
;WIDTH:0.56476
G1 F5748.889
G1 X162.224 Y114.304 E.01285
;WIDTH:0.55292
G1 F5882.353
G1 X161.594 Y115.048 E.04134
G1 X161.006 Y115.701 E.03726
;WIDTH:0.58491
G1 F5535.158
G1 X160.633 Y116.097 E.02452
;WIDTH:0.600188
G1 F5383.406
G1 X159.4 Y117.32 E.08047
;WIDTH:0.570124
G1 F5690.397
G1 X158.763 Y117.903 E.03785
;WIDTH:0.55292
G1 F5882.353
G1 X157.777 Y118.74 E.05485
;WIDTH:0.563946
G1 F5757.87
G1 X157.501 Y118.767 E.01201
;WIDTH:0.600964
G1 F5375.924
G1 X157.65 Y118.645 E.00894
;WIDTH:0.637982
G1 F5041.497
G1 X157.799 Y118.522 E.00956
;WIDTH:0.674999
G1 F4746.242
G1 X157.948 Y118.399 E.01015
G1 X161.89 Y114.457 E.293
M106 S255
;LAYER_CHANGE
;Z:0.6
;HEIGHT:0.2

G1 E-3 F7200
G1 Z.6 F3000
;AFTER_LAYER_CHANGE
;0.6
G92 E0
_ON_LAYER_CHANGE LAYER=3
G1 Z.8
G1 X148.669 Y85.338 F12000
G1 Z.6 F3000
G1 E3 F7200
;TYPE:External perimeter
G1 F4746.242
G1 X148.672 Y85.338 E.00016
G1 X149.701 Y85.374 E.05411
G1 X150.728 Y85.464 E.05418
G1 X151.405 Y85.553 E.03589
G1 X152.422 Y85.733 E.05428
G1 X153.123 Y85.889 E.03774
G1 X154.085 Y86.147 E.05235
G1 X155.064 Y86.466 E.05412
G1 X156.025 Y86.834 E.05408
G1 X156.965 Y87.253 E.05409
G1 X157.882 Y87.721 E.05411
G1 X158.775 Y88.236 E.05418
G1 X159.38 Y88.622 E.03772
G1 X160.196 Y89.194 E.05237
G1 X161.007 Y89.828 E.0541
G1 X161.784 Y90.504 E.05413
G1 X162.524 Y91.219 E.05408
G1 X163.227 Y91.972 E.05414
G1 X163.693 Y92.519 E.03777
G1 X164.306 Y93.304 E.05235
G1 X164.896 Y94.148 E.05412
G1 X165.442 Y95.021 E.05412
G1 X165.941 Y95.921 E.05409
G1 X166.392 Y96.846 E.05409
G1 X166.795 Y97.795 E.05419
G1 X167.034 Y98.435 E.03591
G1 X167.353 Y99.416 E.05422
G1 X167.619 Y100.41 E.05408
G1 X167.833 Y101.417 E.05411
G1 X167.994 Y102.434 E.05412
G1 X168.066 Y103.119 E.0362
G1 X168.123 Y103.8 E.03592
G1 X168.15 Y104.483 E.03592
G1 X168.162 Y105.173 E.03627
G1 X168.144 Y105.856 E.03591
G1 X168.072 Y106.885 E.05421
G1 X167.946 Y107.907 E.05412
G1 X167.768 Y108.92 E.05406
G1 X167.536 Y109.923 E.05411
G1 X167.252 Y110.913 E.05413
G1 X166.917 Y111.888 E.05418
G1 X166.666 Y112.523 E.03589
G1 X166.247 Y113.465 E.05419
G1 X165.78 Y114.382 E.05409
G1 X165.265 Y115.274 E.05413
G1 X164.703 Y116.138 E.05417
G1 X164.306 Y116.695 E.03595
G1 X163.672 Y117.507 E.05414
G1 X162.996 Y118.284 E.05413
G1 X162.281 Y119.024 E.05408
G1 X161.529 Y119.726 E.05407
G1 X160.74 Y120.388 E.05413
G1 X159.918 Y121.008 E.05411
G1 X159.064 Y121.583 E.05411
G1 X158.181 Y122.114 E.05415
G1 X157.58 Y122.44 E.03593
G1 X156.654 Y122.892 E.05416
G1 X155.705 Y123.295 E.05419
G1 X155.032 Y123.545 E.03773
G1 X154.084 Y123.853 E.05239
G1 X153.09 Y124.119 E.05408
G1 X152.083 Y124.333 E.05411
G1 X151.065 Y124.494 E.05417
G1 X150.351 Y124.575 E.03777
G1 X149.357 Y124.644 E.05237
G1 X148.328 Y124.662 E.05409
G1 X147.299 Y124.626 E.05411
G1 X146.274 Y124.536 E.05408
G1 X145.253 Y124.392 E.05419
G1 X144.547 Y124.261 E.03774
G1 X143.577 Y124.036 E.05233
G1 X142.587 Y123.752 E.05413
G1 X141.614 Y123.417 E.05408
G1 X140.659 Y123.031 E.05414
G1 X139.726 Y122.596 E.0541
G1 X138.818 Y122.113 E.05405
G1 X137.934 Y121.582 E.0542
G1 X136.805 Y120.806 E.072
G1 X135.993 Y120.172 E.05414
G1 X135.216 Y119.496 E.05413
G1 X134.476 Y118.781 E.05408
G1 X133.774 Y118.029 E.05407
G1 X133.111 Y117.239 E.0542
G1 X132.695 Y116.697 E.03591
G1 X132.104 Y115.852 E.0542
G1 X131.558 Y114.978 E.05416
G1 X131.205 Y114.353 E.03773
G1 X130.753 Y113.465 E.05237
G1 X130.334 Y112.524 E.05414
G1 X129.965 Y111.563 E.0541
G1 X129.647 Y110.584 E.0541
G1 X129.381 Y109.59 E.05408
G1 X129.167 Y108.583 E.05411
G1 X129.006 Y107.565 E.05417
G1 X128.925 Y106.851 E.03777
G1 X128.856 Y105.857 E.05237
G1 X128.838 Y104.828 E.05409
G1 X128.874 Y103.798 E.05417
G1 X128.932 Y103.082 E.03775
G1 X129.054 Y102.094 E.05232
G1 X129.232 Y101.08 E.05411
G1 X129.464 Y100.077 E.05411
G1 X129.748 Y99.087 E.05413
G1 X130.083 Y98.113 E.05413
G1 X130.347 Y97.445 E.03775
G1 X130.753 Y96.535 E.05237
G1 X131.221 Y95.618 E.05411
G1 X131.735 Y94.726 E.05411
G1 X132.296 Y93.863 E.0541
G1 X132.901 Y93.03 E.05411
G1 X133.55 Y92.229 E.05418
G1 X134.026 Y91.692 E.03772
G1 X134.719 Y90.976 E.05237
G1 X135.472 Y90.273 E.05414
G1 X136.019 Y89.807 E.03777
G1 X136.804 Y89.194 E.05235
G1 X137.649 Y88.603 E.0542
G1 X138.225 Y88.236 E.0359
G1 X139.118 Y87.72 E.05421
G1 X140.035 Y87.253 E.05409
G1 X140.976 Y86.834 E.05414
G1 X141.937 Y86.465 E.0541
G1 X142.917 Y86.147 E.05415
G1 X143.576 Y85.964 E.03595
G1 X144.58 Y85.732 E.05416
G1 X145.594 Y85.554 E.05411
G1 X146.616 Y85.428 E.05412
G1 X147.643 Y85.356 E.05411
G1 X148.639 Y85.339 E.05235
G1 X149.239 Y85.358 F12000
G1 X148.655 Y86.133
;TYPE:Perimeter
T1
;WIDTH:0.999999
G1 F3134.537
G1 X148.665 Y86.133 E.0008
G1 X149.652 Y86.168 E.0786
G1 X150.641 Y86.254 E.079
G1 X151.284 Y86.339 E.05162
G1 X152.266 Y86.512 E.07935
G1 X152.933 Y86.661 E.05439
G1 X153.859 Y86.909 E.07629
G1 X154.798 Y87.215 E.07859
G1 X155.721 Y87.569 E.07867
G1 X156.623 Y87.971 E.07859
G1 X157.503 Y88.419 E.07858
G1 X158.362 Y88.915 E.07894
G1 X158.938 Y89.283 E.0544
G1 X159.723 Y89.833 E.07628
G1 X160.501 Y90.442 E.07863
G1 X161.247 Y91.09 E.07864
G1 X161.957 Y91.776 E.07857
G1 X162.634 Y92.501 E.07894
G1 X163.077 Y93.021 E.05436
G1 X163.667 Y93.777 E.07632
G1 X164.234 Y94.587 E.07868
G1 X164.757 Y95.424 E.07854
G1 X165.236 Y96.288 E.07862
G1 X165.669 Y97.176 E.07862
G1 X166.057 Y98.09 E.07902
G1 X166.284 Y98.697 E.05157
G1 X166.591 Y99.642 E.07907
G1 X166.846 Y100.596 E.07859
G1 X167.052 Y101.562 E.0786
G1 X167.206 Y102.538 E.07863
G1 X167.276 Y103.202 E.05313
G1 X167.33 Y103.849 E.05167
G1 X167.355 Y104.497 E.05161
G1 X167.367 Y105.17 E.05357
G1 X167.35 Y105.818 E.05159
G1 X167.281 Y106.809 E.07906
G1 X167.16 Y107.789 E.07858
G1 X166.989 Y108.762 E.07862
G1 X166.767 Y109.724 E.07857
G1 X166.494 Y110.674 E.07866
G1 X166.171 Y111.612 E.07895
G1 X165.933 Y112.216 E.05166
G1 X165.529 Y113.123 E.07902
G1 X165.081 Y114.003 E.07858
G1 X164.587 Y114.858 E.07858
G1 X164.046 Y115.691 E.07905
G1 X163.67 Y116.219 E.05158
G1 X163.058 Y117.001 E.07903
G1 X162.41 Y117.747 E.07864
G1 X161.724 Y118.457 E.07857
G1 X161.002 Y119.131 E.0786
G1 X160.245 Y119.766 E.07863
G1 X159.456 Y120.361 E.07864
G1 X158.637 Y120.913 E.0786
G1 X157.786 Y121.424 E.079
G1 X157.216 Y121.734 E.05164
G1 X156.324 Y122.169 E.07898
G1 X155.411 Y122.556 E.07892
G1 X154.771 Y122.795 E.05437
G1 X153.859 Y123.091 E.07631
G1 X152.904 Y123.346 E.07866
G1 X151.938 Y123.552 E.0786
G1 X150.958 Y123.707 E.07896
G1 X150.279 Y123.783 E.05437
G1 X149.323 Y123.85 E.07627
G1 X148.335 Y123.867 E.07864
G1 X147.348 Y123.832 E.0786
G1 X146.364 Y123.746 E.07861
G1 X145.381 Y123.608 E.079
G1 X144.71 Y123.483 E.05432
G1 X143.776 Y123.267 E.07629
G1 X142.826 Y122.994 E.07866
G1 X141.892 Y122.673 E.0786
G1 X140.976 Y122.303 E.07862
G1 X140.081 Y121.885 E.07861
G1 X139.209 Y121.421 E.07861
G1 X138.358 Y120.91 E.079
G1 X137.281 Y120.17 E.10399
G1 X136.499 Y119.558 E.07903
G1 X135.753 Y118.91 E.07864
G1 X135.043 Y118.224 E.07857
G1 X134.369 Y117.502 E.0786
G1 X133.731 Y116.741 E.07903
G1 X133.336 Y116.227 E.05159
G1 X132.766 Y115.413 E.07908
G1 X132.241 Y114.572 E.0789
G1 X131.905 Y113.977 E.05438
G1 X131.47 Y113.123 E.07627
G1 X131.069 Y112.22 E.07863
G1 X130.715 Y111.298 E.0786
G1 X130.409 Y110.358 E.07867
G1 X130.154 Y109.404 E.07859
G1 X129.948 Y108.438 E.0786
G1 X129.793 Y107.458 E.07896
G1 X129.717 Y106.779 E.05437
G1 X129.65 Y105.823 E.07627
G1 X129.633 Y104.835 E.07864
G1 X129.668 Y103.844 E.07891
G1 X129.722 Y103.163 E.05437
G1 X129.84 Y102.211 E.07634
G1 X130.011 Y101.238 E.07862
G1 X130.234 Y100.276 E.07859
G1 X130.506 Y99.326 E.07864
G1 X130.829 Y98.388 E.07895
G1 X131.08 Y97.753 E.05434
G1 X131.47 Y96.877 E.07631
G1 X131.919 Y95.997 E.07862
G1 X132.413 Y95.142 E.07858
G1 X132.951 Y94.313 E.07865
G1 X133.532 Y93.514 E.07862
G1 X134.156 Y92.743 E.07893
G1 X134.609 Y92.232 E.05434
G1 X135.276 Y91.543 E.07632
M73 P13 R9
G1 X136.001 Y90.866 E.07894
G1 X136.521 Y90.423 E.05436
G1 X137.277 Y89.833 E.07632
G1 X138.091 Y89.264 E.07904
G1 X138.638 Y88.915 E.05164
G1 X139.497 Y88.419 E.07894
G1 X140.378 Y87.97 E.07869
G1 X141.28 Y87.569 E.07856
G1 X142.202 Y87.215 E.0786
G1 X143.146 Y86.908 E.079
G1 X143.771 Y86.734 E.05163
G1 X144.739 Y86.511 E.07905
G1 X145.711 Y86.34 E.07854
G1 X146.692 Y86.219 E.07866
G1 X147.677 Y86.15 E.07858
G1 X148.625 Y86.134 E.07545
G1 X148.638 Y87.091 F12000
G1 F3134.537
G1 X148.657 Y87.091 E.00151
G1 X149.594 Y87.123 E.07461
G1 X150.537 Y87.206 E.07534
G1 X151.139 Y87.285 E.04832
G1 X152.079 Y87.451 E.07596
G1 X152.704 Y87.59 E.05095
G1 X153.586 Y87.827 E.07268
G1 X154.479 Y88.117 E.07472
G1 X155.354 Y88.453 E.07459
G1 X156.211 Y88.835 E.07467
G1 X157.046 Y89.26 E.07456
G1 X157.865 Y89.733 E.07527
G1 X158.405 Y90.078 E.051
G1 X159.153 Y90.603 E.07273
G1 X159.892 Y91.18 E.07461
G1 X160.6 Y91.795 E.07463
G1 X161.275 Y92.447 E.07468
G1 X161.919 Y93.138 E.07517
G1 X162.335 Y93.626 E.05103
G1 X162.897 Y94.346 E.07269
G1 X163.435 Y95.115 E.07469
G1 X163.932 Y95.91 E.07461
G1 X164.387 Y96.73 E.07463
G1 X164.798 Y97.573 E.07464
G1 X165.168 Y98.444 E.07531
G1 X165.38 Y99.013 E.04832
G1 X165.673 Y99.913 E.07532
G1 X165.915 Y100.819 E.07463
G1 X166.11 Y101.736 E.07461
G1 X166.257 Y102.662 E.07462
G1 X166.324 Y103.302 E.05121
G1 X166.374 Y103.907 E.04831
G1 X166.398 Y104.513 E.04826
G1 X166.41 Y105.166 E.05198
G1 X166.394 Y105.772 E.04824
G1 X166.328 Y106.717 E.07539
G1 X166.213 Y107.648 E.07465
G1 X166.051 Y108.571 E.07458
G1 X165.84 Y109.485 E.07465
G1 X165.581 Y110.386 E.07461
G1 X165.273 Y111.281 E.07532
G1 X165.05 Y111.846 E.04834
G1 X164.665 Y112.711 E.07535
G1 X164.24 Y113.546 E.07456
G1 X163.771 Y114.358 E.07462
G1 X163.255 Y115.152 E.07536
G1 X162.903 Y115.646 E.04827
G1 X162.32 Y116.392 E.07535
G1 X161.705 Y117.1 E.07463
G1 X161.053 Y117.775 E.07468
G1 X160.367 Y118.414 E.07461
G1 X159.649 Y119.017 E.07462
G1 X158.9 Y119.581 E.07462
G1 X158.123 Y120.105 E.07458
G1 X157.311 Y120.593 E.07539
G1 X156.778 Y120.883 E.04829
G1 X155.927 Y121.298 E.07535
G1 X155.057 Y121.667 E.07521
G1 X154.456 Y121.891 E.05104
G1 X153.587 Y122.172 E.07268
G1 X152.681 Y122.415 E.07465
G1 X151.764 Y122.61 E.07461
G1 X150.83 Y122.758 E.07526
G1 X150.193 Y122.83 E.05102
G1 X149.282 Y122.893 E.07267
G1 X148.343 Y122.909 E.07474
G1 X147.406 Y122.877 E.07461
G1 X146.472 Y122.795 E.07461
G1 X145.536 Y122.663 E.07523
G1 X144.906 Y122.546 E.05099
G1 X144.016 Y122.34 E.0727
G1 X143.114 Y122.081 E.07468
G1 X142.227 Y121.776 E.07465
G1 X141.358 Y121.425 E.07458
G1 X140.508 Y121.028 E.07466
G1 X139.68 Y120.588 E.07462
G1 X138.869 Y120.1 E.07532
G1 X137.854 Y119.403 E.09799
G1 X137.108 Y118.82 E.07535
G1 X136.4 Y118.205 E.07463
G1 X135.725 Y117.553 E.07468
G1 X135.086 Y116.867 E.07461
G1 X134.477 Y116.142 E.07535
G1 X134.108 Y115.661 E.04825
G1 X133.565 Y114.885 E.07537
G1 X133.064 Y114.083 E.07525
G1 X132.749 Y113.525 E.05099
G1 X132.335 Y112.711 E.07268
G1 X131.953 Y111.854 E.07467
G1 X131.617 Y110.978 E.07467
G1 X131.327 Y110.087 E.07457
G1 X131.085 Y109.181 E.07463
G1 X130.89 Y108.264 E.07461
G1 X130.742 Y107.33 E.07526
G1 X130.67 Y106.693 E.05102
G1 X130.607 Y105.782 E.07267
G1 X130.591 Y104.843 E.07474
G1 X130.624 Y103.899 E.07517
G1 X130.675 Y103.259 E.05109
G1 X130.787 Y102.353 E.07265
G1 X130.949 Y101.429 E.07465
G1 X131.16 Y100.515 E.07465
G1 X131.419 Y99.614 E.07461
G1 X131.727 Y98.72 E.07525
G1 X131.962 Y98.124 E.05098
G1 X132.334 Y97.29 E.07267
G1 X132.76 Y96.454 E.07467
G1 X133.229 Y95.642 E.07462
G1 X133.74 Y94.855 E.07467
G1 X134.291 Y94.097 E.07458
G1 X134.886 Y93.362 E.07526
G1 X135.312 Y92.882 E.05107
G1 X135.946 Y92.226 E.0726
G1 X136.638 Y91.581 E.07528
G1 X137.126 Y91.165 E.05103
G1 X137.846 Y90.603 E.07269
G1 X138.622 Y90.06 E.07537
G1 X139.134 Y89.734 E.0483
G1 X139.954 Y89.26 E.07537
G1 X140.79 Y88.834 E.07467
G1 X141.646 Y88.453 E.07456
G1 X142.522 Y88.117 E.07467
G1 X143.422 Y87.825 E.0753
G1 X144.007 Y87.662 E.04833
G1 X144.93 Y87.449 E.07538
G1 X145.853 Y87.287 E.07458
G1 X146.784 Y87.172 E.07465
G1 X147.719 Y87.107 E.07459
G1 X148.608 Y87.091 E.07076
G1 X148.622 Y88.048 F12000
G1 F3134.537
G1 X148.648 Y88.048 E.00207
G1 X149.535 Y88.079 E.07063
G1 X150.433 Y88.157 E.07173
G1 X150.993 Y88.231 E.04495
G1 X151.891 Y88.39 E.07258
G1 X152.476 Y88.52 E.04769
G1 X153.314 Y88.745 E.06905
G1 X154.159 Y89.02 E.07072
G1 X154.988 Y89.338 E.07066
G1 X155.799 Y89.699 E.07065
G1 X156.589 Y90.102 E.07058
G1 X157.368 Y90.551 E.07155
G1 X157.873 Y90.874 E.04771
G1 X158.583 Y91.372 E.06902
G1 X159.283 Y91.919 E.0707
G1 X159.953 Y92.501 E.07063
G1 X160.592 Y93.118 E.07069
G1 X161.205 Y93.775 E.07151
G1 X161.593 Y94.231 E.04765
G1 X162.127 Y94.916 E.06912
G1 X162.637 Y95.643 E.07067
G1 X163.107 Y96.396 E.07064
G1 X163.537 Y97.172 E.0706
G1 X163.926 Y97.97 E.07065
G1 X164.278 Y98.799 E.07167
G1 X164.476 Y99.329 E.04503
G1 X164.755 Y100.185 E.07165
G1 X164.984 Y101.043 E.07067
G1 X165.169 Y101.911 E.07063
G1 X165.308 Y102.787 E.07059
G1 X165.372 Y103.402 E.04921
G1 X165.441 Y104.53 E.08994
G1 X165.452 Y105.161 E.05022
G1 X165.438 Y105.726 E.04498
G1 X165.375 Y106.625 E.07172
G1 X165.266 Y107.506 E.07065
G1 X165.112 Y108.38 E.07063
G1 X164.913 Y109.245 E.07064
G1 X164.668 Y110.098 E.07063
G1 X164.375 Y110.95 E.0717
G1 X164.168 Y111.476 E.04498
G1 X163.801 Y112.299 E.07171
G1 X163.398 Y113.089 E.07058
G1 X162.954 Y113.858 E.07067
G1 X162.464 Y114.613 E.07163
G1 X162.136 Y115.074 E.04503
G1 X161.581 Y115.783 E.07165
G1 X160.999 Y116.453 E.07063
G1 X160.382 Y117.092 E.07069
G1 X159.733 Y117.697 E.07061
G1 X159.053 Y118.267 E.07061
G1 X158.344 Y118.802 E.07068
G1 X157.609 Y119.298 E.07057
G1 X156.836 Y119.762 E.07175
G1 X156.34 Y120.032 E.04494
G1 X155.53 Y120.426 E.07168
G1 X154.702 Y120.778 E.0716
G1 X154.141 Y120.987 E.04764
G1 X153.316 Y121.254 E.06901
G1 X152.457 Y121.484 E.07077
G1 X151.589 Y121.669 E.07063
G1 X150.701 Y121.809 E.07154
G1 X150.106 Y121.877 E.04766
G1 X149.24 Y121.937 E.06908
G1 X148.352 Y121.952 E.07068
G1 X147.465 Y121.921 E.07063
G1 X146.581 Y121.844 E.07062
G1 X145.69 Y121.719 E.0716
G1 X145.102 Y121.609 E.04761
G1 X144.256 Y121.413 E.06911
G1 X143.402 Y121.168 E.0707
G1 X142.563 Y120.879 E.07062
G1 X141.74 Y120.547 E.07062
G1 X140.935 Y120.171 E.07071
G1 X140.152 Y119.755 E.07056
G1 X139.38 Y119.291 E.07168
G1 X138.426 Y118.636 E.09209
G1 X137.717 Y118.081 E.07165
G1 X137.047 Y117.499 E.07063
G1 X136.408 Y116.882 E.07069
G1 X135.803 Y116.233 E.07061
G1 X135.224 Y115.543 E.07168
G1 X134.88 Y115.095 E.04495
G1 X134.363 Y114.357 E.07171
G1 X133.887 Y113.594 E.07157
G1 X133.593 Y113.072 E.04768
G1 X133.199 Y112.299 E.06905
G1 X132.838 Y111.487 E.07072
G1 X132.52 Y110.659 E.07059
G1 X132.245 Y109.815 E.07064
G1 X132.016 Y108.957 E.07067
G1 X131.831 Y108.089 E.07063
G1 X131.691 Y107.201 E.07154
G1 X131.623 Y106.606 E.04766
G1 X131.563 Y105.74 E.06908
G1 X131.548 Y104.852 E.07068
G1 X131.579 Y103.953 E.07159
G1 X131.627 Y103.356 E.04766
G1 X131.733 Y102.495 E.06904
G1 X131.888 Y101.62 E.07072
G1 X132.087 Y100.755 E.07064
G1 X132.332 Y99.902 E.07063
G1 X132.625 Y99.052 E.07155
G1 X132.845 Y98.495 E.04766
G1 X133.198 Y97.702 E.06908
G1 X133.602 Y96.911 E.07068
G1 X134.046 Y96.142 E.07067
G1 X134.529 Y95.398 E.07059
G1 X135.051 Y94.68 E.07064
G1 X135.616 Y93.981 E.07153
G1 X136.014 Y93.533 E.04769
G1 X136.617 Y92.909 E.06906
G1 X137.275 Y92.295 E.07162
G1 X137.731 Y91.907 E.04765
G1 X138.416 Y91.373 E.06912
G1 X139.154 Y90.856 E.07171
G1 X139.631 Y90.552 E.04501
G1 X140.411 Y90.102 E.07166
G1 X141.202 Y89.699 E.07065
G1 X142.013 Y89.338 E.07065
G1 X142.841 Y89.02 E.07059
G1 X143.698 Y88.741 E.07172
G1 X144.243 Y88.59 E.04501
G1 X145.12 Y88.388 E.07162
G1 X145.994 Y88.233 E.07064
G1 X146.875 Y88.125 E.07064
G1 X147.761 Y88.063 E.07068
G1 X148.592 Y88.049 E.06614
G1 E-3 F7200
G1 Z.8 F3000
G1 X136.089 Y115.98 F12000
G1 Z.6 F3000
G1 E3 F7200
;TYPE:Solid infill
T0
;WIDTH:0.55292
G1 F5882.353
G1 X137.31 Y117.211 E.07353
G1 X136.309 Y116.207 E.06012
G1 E-3 F7200
G1 Z.8 F3000
G1 X134.494 Y113.601 F12000
G1 Z.6 F3000
G1 E3 F7200
G1 F5882.353
G1 X134.449 Y113.646 E.0027
G1 X134.465 Y113.708 E.00272
G1 X134.527 Y113.724 E.00272
G1 X134.572 Y113.679 E.0027
G1 X134.555 Y113.618 E.00269
;WIDTH:0.593613
G1 F5447.682
G1 X134.66 Y113.782 E.00892
;WIDTH:0.634306
G1 F5072.829
G1 X134.764 Y113.946 E.00955
;WIDTH:0.674999
G1 F4746.242
G1 X134.868 Y114.11 E.01021
G1 X139.391 Y118.632 E.33615
G1 X139.555 Y118.736 E.01021
;WIDTH:0.634306
G1 F5072.829
G1 X139.719 Y118.84 E.00955
;WIDTH:0.593613
G1 F5447.682
G1 X139.883 Y118.944 E.00889
;WIDTH:0.55292
G1 F5882.353
G1 X139.899 Y119.006 E.00272
G1 X139.854 Y119.051 E.0027
G1 X139.792 Y119.034 E.00273
G1 X139.776 Y118.973 E.00267
G1 X139.821 Y118.928 E.0027
G1 E-3 F7200
G1 Z.8 F3000
G1 X141.882 Y120.051 F12000
G1 Z.6 F3000
G1 E3 F7200
G1 F5882.353
M73 P14 R9
G1 X141.837 Y120.096 E.0027
G1 X141.854 Y120.158 E.00273
G1 X141.915 Y120.174 E.00267
G1 X141.961 Y120.129 E.00273
G1 X141.944 Y120.067 E.00273
;WIDTH:0.593613
G1 F5447.682
G1 X141.78 Y119.978 E.00854
;WIDTH:0.634306
G1 F5072.829
G1 X141.616 Y119.889 E.00918
;WIDTH:0.674999
G1 F4746.242
G1 X141.452 Y119.8 E.00981
G1 X133.691 Y112.038 E.57689
G1 E-3 F7200
G1 Z.8 F3000
G1 X132.766 Y110.006 F12000
G1 Z.6 F3000
G1 E3 F7200
;WIDTH:0.55292
G1 F5882.353
G1 X132.721 Y110.051 E.0027
G1 X132.737 Y110.113 E.00272
G1 X132.799 Y110.129 E.00272
G1 X132.844 Y110.084 E.0027
G1 X132.827 Y110.022 E.00273
;WIDTH:0.593613
G1 F5447.682
G1 X132.904 Y110.185 E.00825
;WIDTH:0.634306
G1 F5072.829
G1 X132.981 Y110.349 E.00891
;WIDTH:0.674999
G1 F4746.242
G1 X133.058 Y110.512 E.00947
G1 X142.983 Y120.436 E.73766
G1 X143.126 Y120.509 E.00844
;WIDTH:0.634306
G1 F5072.829
G1 X143.27 Y120.581 E.00792
;WIDTH:0.593613
G1 F5447.682
G1 X143.413 Y120.654 E.00735
;WIDTH:0.55292
G1 F5882.353
G1 X143.368 Y120.699 E.0027
G1 X143.385 Y120.761 E.00273
G1 X143.446 Y120.777 E.00267
G1 X143.491 Y120.732 E.0027
G1 X143.475 Y120.671 E.00267
G1 E-3 F7200
G1 Z.8 F3000
G1 X145.332 Y121.332 F12000
G1 Z.6 F3000
G1 E3 F7200
G1 F5882.353
G1 X144.531 Y121.152 E.03481
;WIDTH:0.593613
G1 F5447.682
G1 X144.449 Y121.049 E.00603
;WIDTH:0.634306
G1 F5072.829
G1 X144.366 Y120.946 E.0065
;WIDTH:0.674999
G1 F4746.242
G1 X144.283 Y120.843 E.00695
G1 X132.661 Y109.221 E.86384
G1 X132.353 Y108.973 E.02078
;WIDTH:0.55292
G1 F5882.353
G1 X132.231 Y108.438 E.02327
;WIDTH:0.593613
G1 F5447.682
G1 X132.285 Y108.311 E.00632
;WIDTH:0.634306
G1 F5072.829
G1 X132.339 Y108.185 E.00674
;WIDTH:0.674999
G1 F4746.242
G1 X132.392 Y108.058 E.00723
G1 X145.441 Y121.107 E.9699
G1 X146.5 Y121.272 E.05633
G1 X132.226 Y106.998 E1.06095
G1 X132.139 Y106.017 E.05176
G1 X147.488 Y121.366 E1.14086
G1 X148.411 Y121.396 E.04854
G1 X132.108 Y105.092 E1.2118
G1 X132.126 Y104.216 E.04605
G1 X149.286 Y121.377 E1.2755
G1 X150.12 Y121.316 E.04395
G1 X132.184 Y103.38 E1.33314
G1 X132.282 Y102.584 E.04215
M73 P14 R8
G1 X150.911 Y121.214 E1.38469
G1 X151.674 Y121.083 E.04069
G1 X132.416 Y101.824 E1.43144
G1 X132.579 Y101.094 E.03931
G1 X152.408 Y120.923 E1.47384
G1 X153.113 Y120.734 E.03836
G1 X132.77 Y100.39 E1.51208
G1 X132.985 Y99.712 E.03738
G1 X153.79 Y120.517 E1.54639
G1 X154.447 Y120.28 E.03671
M73 P15 R8
G1 X133.221 Y99.054 E1.57768
G1 X133.485 Y98.424 E.0359
G1 X155.076 Y120.016 E1.60485
G1 X155.687 Y119.732 E.03541
G1 X133.766 Y97.811 E1.62934
G1 X134.068 Y97.219 E.03493
G1 X156.28 Y119.432 E1.651
G1 X156.849 Y119.106 E.03447
G1 X134.393 Y96.651 E1.66906
G1 X134.736 Y96.099 E.03416
G1 X157.403 Y118.767 E1.68482
G1 X157.937 Y118.407 E.03385
G1 X135.094 Y95.564 E1.69787
G1 X135.471 Y95.046 E.03367
G1 X158.45 Y118.026 E1.70801
G1 X158.949 Y117.63 E.03348
G1 X135.869 Y94.551 E1.71544
G1 X136.281 Y94.069 E.03333
G1 X159.431 Y117.219 E1.72069
G1 X159.894 Y116.788 E.03325
G1 X136.714 Y93.608 E1.72291
G1 X137.161 Y93.161 E.03322
G1 X160.338 Y116.338 E1.72269
G1 X160.767 Y115.873 E.03325
G1 X137.624 Y92.73 E1.72016
G1 X138.106 Y92.319 E.03329
M73 P16 R8
G1 X161.181 Y115.393 E1.71507
G1 X161.573 Y114.892 E.03343
G1 X138.608 Y91.927 E1.70693
G1 X139.128 Y91.552 E.0337
G1 X161.951 Y114.376 E1.69642
G1 X162.306 Y113.837 E.03392
G1 X139.661 Y91.191 E1.68319
G1 X140.218 Y90.854 E.03422
G1 X162.646 Y113.282 E1.66702
G1 X162.968 Y112.711 E.03445
G1 X140.789 Y90.532 E1.64851
G1 X141.381 Y90.23 E.03493
G1 X163.27 Y112.119 E1.62696
G1 X163.548 Y111.503 E.03552
G1 X141.997 Y89.952 E1.60184
G1 X142.633 Y89.694 E.03607
G1 X163.809 Y110.87 E1.57396
G1 X164.042 Y110.21 E.03679
G1 X143.29 Y89.458 E1.54245
G1 X143.969 Y89.242 E.03745
G1 X164.254 Y109.527 E1.50774
G1 X164.441 Y108.82 E.03844
G1 X144.68 Y89.059 E1.46879
G1 X145.414 Y88.9 E.03947
M73 P17 R8
G1 X164.6 Y108.086 E1.42605
G1 X164.73 Y107.321 E.04078
G1 X146.179 Y88.77 E1.37885
G1 X146.977 Y88.675 E.04224
G1 X164.825 Y106.523 E1.3266
G1 X164.883 Y105.687 E.04404
G1 X147.814 Y88.618 E1.2687
G1 X148.695 Y88.605 E.04631
G1 X164.891 Y104.801 E1.20381
G1 X164.857 Y103.873 E.04881
G1 X149.628 Y88.644 E1.13194
G1 X150.62 Y88.742 E.05239
G1 X164.759 Y102.882 E1.05096
G1 E-3 F7200
G1 Z.8 F3000
G1 X152.617 Y88.888 F12000
G1 Z.6 F3000
G1 E3 F7200
;WIDTH:0.55292
G1 F5882.353
G1 X151.734 Y88.681 E.03846
;WIDTH:0.674999
G1 F4746.242
G1 X151.69 Y88.918 E.01267
G1 X164.579 Y101.808 E.95805
G1 X164.627 Y101.663 E.00803
;WIDTH:0.634306
G1 F5072.829
G1 X164.675 Y101.518 E.00751
;WIDTH:0.593613
G1 F5447.682
G1 X164.723 Y101.374 E.00695
;WIDTH:0.55292
G1 F5882.353
G1 X164.609 Y100.882 E.02142
;WIDTH:0.674999
G1 F4746.242
G1 X164.3 Y100.635 E.02079
G1 X152.865 Y89.2 E.84994
G1 X153.72 Y89.283 E.04515
;WIDTH:0.55292
G1 F5882.353
G1 X153.675 Y89.328 E.0027
G1 X153.691 Y89.39 E.00272
G1 X153.753 Y89.406 E.00272
G1 X153.798 Y89.361 E.0027
G1 X153.781 Y89.299 E.00273
;WIDTH:0.593613
G1 F5447.682
G1 X153.915 Y89.407 E.00788
;WIDTH:0.634306
G1 F5072.829
G1 X154.049 Y89.516 E.00849
;WIDTH:0.674999
G1 F4746.242
G1 X154.183 Y89.624 E.00905
G1 X163.881 Y99.321 E.72079
G1 X163.968 Y99.45 E.00818
;WIDTH:0.634306
G1 F5072.829
G1 X164.056 Y99.578 E.00764
;WIDTH:0.593613
G1 F5447.682
G1 X164.143 Y99.707 E.00712
;WIDTH:0.55292
G1 F5882.353
G1 X164.098 Y99.752 E.0027
G1 X164.115 Y99.813 E.00269
G1 X164.176 Y99.83 E.00269
G1 X164.222 Y99.785 E.00273
G1 X164.205 Y99.723 E.00273
G1 E-3 F7200
G1 Z.8 F3000
G1 X163.555 Y98.148 F12000
G1 Z.6 F3000
G1 E3 F7200
G1 F5882.353
G1 X163.572 Y98.21 E.00273
G1 X163.527 Y98.255 E.0027
G1 X163.465 Y98.238 E.00273
G1 X163.449 Y98.177 E.00267
G1 X163.494 Y98.131 E.00273
;WIDTH:0.593613
G1 F5447.682
G1 X163.396 Y98.003 E.00738
;WIDTH:0.634306
G1 F5072.829
G1 X163.298 Y97.875 E.00793
;WIDTH:0.674999
G1 F4746.242
G1 X163.199 Y97.746 E.00855
G1 X155.617 Y90.178 E.56303
;WIDTH:0.634306
G1 F5072.829
G1 X155.483 Y90.058 E.00885
;WIDTH:0.593613
G1 F5447.682
G1 X155.349 Y89.939 E.00821
;WIDTH:0.55292
G1 F5882.353
G1 X155.366 Y90 E.00269
G1 X155.321 Y90.045 E.0027
G1 X155.259 Y90.029 E.00272
G1 X155.243 Y89.967 E.00272
G1 X155.288 Y89.922 E.0027
G1 E-3 F7200
G1 Z.8 F3000
G1 X157.514 Y91.241 F12000
G1 Z.6 F3000
G1 E3 F7200
;WIDTH:0.569892
G1 F5692.902
G1 X157.634 Y91.231 E.00528
;WIDTH:0.55292
G1 F5882.353
G1 X157.831 Y91.297 E.00881
G1 X158.978 Y92.29 E.06434
;WIDTH:0.585162
G1 F5532.585
G1 X159.608 Y92.878 E.03886
;WIDTH:0.600172
G1 F5383.561
G1 X160.829 Y94.11 E.08037
;WIDTH:0.569652
G1 F5695.496
G1 X161.222 Y94.535 E.02535
;WIDTH:0.55292
G1 F5882.353
G1 X162.201 Y95.668 E.0635
G1 X162.265 Y95.918 E.01094
;WIDTH:0.569628
G1 F5695.756
G1 X162.257 Y95.985 E.00296
;WIDTH:0.604752
G1 F5339.677
G1 X162.133 Y95.836 E.00906
;WIDTH:0.639876
G1 F5025.502
G1 X162.009 Y95.687 E.00962
;WIDTH:0.674999
G1 F4746.242
G1 X161.885 Y95.538 E.01019
G1 X157.961 Y91.614 E.29166
;LAYER_CHANGE
;Z:0.8
;HEIGHT:0.2

G1 E-3 F7200
G1 Z.8 F3000
;AFTER_LAYER_CHANGE
;0.8
G92 E0
_ON_LAYER_CHANGE LAYER=4
G1 Z1
G1 X148.669 Y85.338 F12000
G1 Z.8 F3000
G1 E3 F7200
;TYPE:External perimeter
G1 F4746.242
M73 P18 R8
G1 X148.672 Y85.338 E.00016
G1 X149.702 Y85.374 E.05417
G1 X150.432 Y85.433 E.03849
G1 X151.406 Y85.554 E.05158
G1 X152.42 Y85.732 E.05411
G1 X153.423 Y85.964 E.05411
G1 X154.413 Y86.248 E.05413
G1 X155.387 Y86.583 E.05413
G1 X156.068 Y86.853 E.0385
G1 X156.965 Y87.253 E.05162
G1 X157.882 Y87.721 E.05411
G1 X158.774 Y88.235 E.05411
G1 X159.637 Y88.796 E.0541
G1 X160.47 Y89.401 E.05411
G1 X161.271 Y90.05 E.05418
G1 X161.783 Y90.503 E.03593
G1 X162.525 Y91.22 E.05423
G1 X162.996 Y91.715 E.03591
G1 X163.672 Y92.493 E.05417
G1 X164.306 Y93.305 E.05414
G1 X164.896 Y94.148 E.05408
G1 X165.442 Y95.021 E.05412
G1 X165.941 Y95.921 E.05409
G1 X166.392 Y96.846 E.05409
G1 X166.795 Y97.795 E.05419
G1 X167.05 Y98.481 E.03846
G1 X167.353 Y99.416 E.05166
G1 X167.619 Y100.41 E.05408
G1 X167.833 Y101.417 E.05411
G1 X167.994 Y102.434 E.05412
G1 X168.066 Y103.119 E.0362
G1 X168.123 Y103.8 E.03592
G1 X168.15 Y104.483 E.03592
G1 X168.162 Y105.173 E.03627
G1 X168.144 Y105.856 E.03591
G1 X168.072 Y106.885 E.05421
G1 X167.946 Y107.907 E.05412
G1 X167.768 Y108.92 E.05406
G1 X167.536 Y109.923 E.05411
G1 X167.252 Y110.914 E.05418
G1 X167.035 Y111.562 E.03592
G1 X166.666 Y112.525 E.0542
G1 X166.247 Y113.465 E.05409
G1 X165.779 Y114.382 E.05411
G1 X165.265 Y115.274 E.05411
G1 X164.704 Y116.137 E.0541
G1 X164.099 Y116.97 E.05411
G1 X163.45 Y117.771 E.05418
G1 X162.997 Y118.283 E.03593
G1 X162.281 Y119.024 E.05416
G1 X161.529 Y119.726 E.05407
G1 X160.74 Y120.388 E.05413
G1 X159.918 Y121.008 E.05411
G1 X159.064 Y121.583 E.05411
G1 X158.181 Y122.114 E.05415
G1 X157.58 Y122.44 E.03593
G1 X156.654 Y122.892 E.05416
G1 X155.705 Y123.295 E.05419
G1 X155.065 Y123.534 E.03591
G1 X154.084 Y123.853 E.05422
G1 X153.09 Y124.119 E.05408
G1 X152.083 Y124.333 E.05411
G1 X151.066 Y124.494 E.05412
G1 X150.041 Y124.602 E.05417
G1 X149.359 Y124.644 E.03591
G1 X148.327 Y124.662 E.05425
G1 X147.644 Y124.644 E.03591
G1 X146.615 Y124.572 E.05421
G1 X145.593 Y124.446 E.05412
G1 X144.578 Y124.267 E.05417
G1 X143.911 Y124.119 E.03591
G1 X142.915 Y123.853 E.05418
G1 X141.936 Y123.534 E.05412
G1 X140.974 Y123.165 E.05415
G1 X140.347 Y122.893 E.03592
G1 X139.421 Y122.441 E.05416
G1 X138.52 Y121.942 E.05413
G1 X137.647 Y121.396 E.05412
G1 X136.804 Y120.806 E.05408
G1 X135.993 Y120.172 E.0541
G1 X135.216 Y119.496 E.05413
G1 X134.476 Y118.781 E.05408
G1 X133.774 Y118.029 E.05407
G1 X133.111 Y117.239 E.0542
G1 X132.695 Y116.697 E.03591
G1 X132.104 Y115.852 E.0542
G1 X131.558 Y114.979 E.05412
G1 X131.059 Y114.079 E.05409
G1 X130.607 Y113.153 E.05416
G1 X130.317 Y112.481 E.03847
G1 X129.965 Y111.563 E.05167
G1 X129.647 Y110.584 E.0541
G1 X129.381 Y109.59 E.05408
G1 X129.167 Y108.583 E.05411
G1 X129.006 Y107.565 E.05417
G1 X128.924 Y106.837 E.0385
G1 X128.856 Y105.858 E.05158
G1 X128.838 Y104.827 E.0542
G1 X128.859 Y104.095 E.03849
G1 X128.928 Y103.115 E.05163
G1 X129.054 Y102.093 E.05412
G1 X129.232 Y101.08 E.05406
G1 X129.464 Y100.077 E.05411
G1 X129.748 Y99.087 E.05413
G1 X130.083 Y98.113 E.05413
G1 X130.353 Y97.432 E.0385
G1 X130.753 Y96.535 E.05162
G1 X131.221 Y95.618 E.05411
G1 X131.735 Y94.726 E.05411
G1 X132.296 Y93.863 E.0541
G1 X132.902 Y93.029 E.05418
G1 X133.358 Y92.457 E.03845
G1 X134.003 Y91.716 E.05163
G1 X134.72 Y90.975 E.05419
G1 X135.215 Y90.504 E.03591
G1 X135.993 Y89.828 E.05417
G1 X136.805 Y89.194 E.05414
G1 X137.648 Y88.604 E.05408
G1 X138.522 Y88.058 E.05416
G1 X139.16 Y87.698 E.0385
G1 X140.035 Y87.253 E.05159
G1 X140.976 Y86.834 E.05414
G1 X141.938 Y86.465 E.05415
G1 X142.633 Y86.234 E.03849
G1 X143.577 Y85.964 E.0516
G1 X144.58 Y85.732 E.05411
G1 X145.594 Y85.554 E.05411
G1 X146.616 Y85.428 E.05412
G1 X147.643 Y85.356 E.05411
G1 X148.639 Y85.339 E.05235
G1 X149.239 Y85.358 F12000
G1 X148.655 Y86.133
;TYPE:Perimeter
T1
;WIDTH:0.999999
G1 F3134.537
G1 X148.665 Y86.133 E.0008
G1 X149.656 Y86.168 E.07891
G1 X150.351 Y86.224 E.05549
G1 X151.289 Y86.34 E.07522
G1 X152.262 Y86.511 E.07862
G1 X153.224 Y86.734 E.07859
G1 X154.174 Y87.006 E.07864
G1 X155.112 Y87.329 E.07895
G1 X155.76 Y87.585 E.05545
G1 X156.622 Y87.97 E.07513
G1 X157.503 Y88.419 E.07869
G1 X158.358 Y88.913 E.07858
G1 X159.187 Y89.451 E.07865
G1 X159.986 Y90.032 E.07862
G1 X160.758 Y90.656 E.079
G1 X161.243 Y91.086 E.05158
G1 X161.961 Y91.779 E.07941
G1 X162.408 Y92.25 E.05168
G1 X163.059 Y92.999 E.07897
G1 X163.667 Y93.777 E.07858
G1 X164.234 Y94.587 E.07868
G1 X164.757 Y95.424 E.07854
G1 X165.236 Y96.288 E.07862
G1 X165.669 Y97.176 E.07862
G1 X166.056 Y98.089 E.07892
G1 X166.299 Y98.742 E.05545
G1 X166.591 Y99.641 E.07522
G1 X166.846 Y100.596 E.07866
G1 X167.052 Y101.562 E.0786
G1 X167.206 Y102.538 E.07863
G1 X167.276 Y103.202 E.05313
G1 X167.33 Y103.849 E.05167
G1 X167.355 Y104.497 E.05161
G1 X167.367 Y105.17 E.05357
G1 X167.35 Y105.818 E.05159
G1 X167.281 Y106.809 E.07906
G1 X167.16 Y107.789 E.07858
G1 X166.989 Y108.762 E.07862
G1 X166.767 Y109.724 E.07857
G1 X166.493 Y110.679 E.07907
G1 X166.287 Y111.294 E.05162
G1 X165.931 Y112.221 E.07903
G1 X165.529 Y113.123 E.07859
G1 X165.081 Y114.003 E.07858
G1 X164.587 Y114.858 E.07858
G1 X164.049 Y115.687 E.07865
G1 X163.468 Y116.486 E.07862
G1 X162.844 Y117.258 E.079
G1 X162.414 Y117.743 E.05158
G1 X161.724 Y118.457 E.07902
G1 X161.002 Y119.131 E.0786
G1 X160.245 Y119.766 E.07863
G1 X159.456 Y120.36 E.07859
G1 X158.637 Y120.913 E.07864
G1 X157.786 Y121.424 E.079
G1 X157.216 Y121.734 E.05164
G1 X156.324 Y122.169 E.07898
G1 X155.41 Y122.557 E.07902
G1 X154.803 Y122.784 E.05157
G1 X153.858 Y123.091 E.07907
G1 X152.904 Y123.346 E.07859
G1 X151.938 Y123.552 E.0786
G1 X150.963 Y123.706 E.07855
G1 X149.975 Y123.81 E.07906
G1 X149.328 Y123.85 E.05159
G1 X148.33 Y123.867 E.07943
G1 X147.682 Y123.85 E.05159
G1 X146.691 Y123.781 E.07906
G1 X145.711 Y123.66 E.07858
G1 X144.733 Y123.488 E.07903
G1 X144.1 Y123.347 E.05161
G1 X143.141 Y123.09 E.07901
G1 X142.202 Y122.785 E.07857
G1 X141.275 Y122.429 E.07903
G1 X140.68 Y122.171 E.05161
G1 X139.788 Y121.736 E.07898
G1 X138.924 Y121.257 E.07862
G1 X138.086 Y120.733 E.07865
G1 X137.277 Y120.167 E.07857
G1 X136.499 Y119.558 E.07863
G1 X135.753 Y118.91 E.07864
G1 X135.043 Y118.224 E.07857
G1 X134.369 Y117.502 E.0786
G1 X133.731 Y116.741 E.07903
G1 X133.336 Y116.227 E.05159
G1 X132.767 Y115.413 E.07904
G1 X132.243 Y114.576 E.07859
G1 X131.764 Y113.712 E.07862
G1 X131.329 Y112.82 E.07898
G1 X131.053 Y112.181 E.05539
G1 X130.715 Y111.298 E.07524
G1 X130.409 Y110.358 E.07867
G1 X130.154 Y109.404 E.07859
G1 X129.948 Y108.438 E.0786
G1 X129.793 Y107.459 E.07888
G1 X129.716 Y106.766 E.05549
G1 X129.65 Y105.823 E.07523
G1 X129.633 Y104.831 E.07896
G1 X129.653 Y104.134 E.05549
G1 X129.719 Y103.192 E.07515
G1 X129.84 Y102.211 E.07866
G1 X130.011 Y101.238 E.07862
G1 X130.234 Y100.276 E.07859
G1 X130.506 Y99.326 E.07864
G1 X130.829 Y98.388 E.07895
G1 X131.085 Y97.74 E.05545
G1 X131.47 Y96.878 E.07513
G1 X131.919 Y95.997 E.07869
G1 X132.413 Y95.142 E.07858
G1 X132.951 Y94.313 E.07865
G1 X133.534 Y93.511 E.07891
G1 X133.969 Y92.966 E.05549
G1 X134.589 Y92.253 E.07519
G1 X135.279 Y91.539 E.07902
G1 X135.75 Y91.092 E.05168
G1 X136.499 Y90.441 E.07897
G1 X137.277 Y89.833 E.07858
G1 X138.087 Y89.266 E.07868
G1 X138.928 Y88.741 E.0789
G1 X139.535 Y88.399 E.05545
G1 X140.377 Y87.971 E.07517
G1 X141.28 Y87.569 E.07866
G1 X142.206 Y87.213 E.07895
G1 X142.867 Y86.993 E.05544
G1 X143.776 Y86.733 E.07524
G1 X144.739 Y86.511 E.07865
G1 X145.711 Y86.34 E.07854
G1 X146.692 Y86.219 E.07866
G1 X147.677 Y86.15 E.07858
G1 X148.625 Y86.134 E.07545
G1 X148.638 Y87.091 F12000
G1 F3134.537
G1 X148.657 Y87.091 E.00151
G1 X149.601 Y87.124 E.07517
G1 X150.254 Y87.176 E.05213
G1 X151.147 Y87.286 E.0716
G1 X152.071 Y87.449 E.07467
G1 X152.985 Y87.66 E.07465
G1 X153.886 Y87.919 E.07461
G1 X154.779 Y88.227 E.07517
G1 X155.388 Y88.468 E.05212
G1 X156.21 Y88.834 E.07161
G1 X157.046 Y89.26 E.07467
G1 X157.858 Y89.729 E.07462
G1 X158.645 Y90.24 E.07467
G1 X159.403 Y90.791 E.07458
G1 X160.139 Y91.387 E.07537
G1 X160.594 Y91.789 E.04832
G1 X161.281 Y92.453 E.07604
G1 X161.699 Y92.893 E.0483
G1 X162.32 Y93.608 E.07537
G1 X162.897 Y94.347 E.07461
G1 X163.435 Y95.115 E.07462
G1 X163.932 Y95.91 E.07461
G1 X164.387 Y96.73 E.07463
G1 X164.798 Y97.573 E.07464
G1 X165.167 Y98.443 E.07521
G1 X165.395 Y99.057 E.05212
G1 X165.672 Y99.913 E.0716
G1 X165.915 Y100.819 E.07465
G1 X166.11 Y101.736 E.07461
G1 X166.257 Y102.662 E.07462
G1 X166.324 Y103.302 E.05121
G1 X166.374 Y103.907 E.04831
G1 X166.398 Y104.513 E.04826
G1 X166.41 Y105.166 E.05198
G1 X166.394 Y105.772 E.04824
G1 X166.328 Y106.717 E.07539
G1 X166.213 Y107.648 E.07465
G1 X166.051 Y108.571 E.07458
G1 X165.84 Y109.485 E.07465
G1 X165.579 Y110.395 E.07534
G1 X165.386 Y110.97 E.04827
G1 X165.047 Y111.854 E.07535
G1 X164.665 Y112.711 E.07467
G1 X164.24 Y113.546 E.07456
G1 X163.771 Y114.358 E.07462
G1 X163.26 Y115.145 E.07467
G1 X162.709 Y115.903 E.07458
G1 X162.113 Y116.639 E.07537
G1 X161.711 Y117.094 E.04832
G1 X161.053 Y117.775 E.07536
G1 X160.367 Y118.414 E.07461
G1 X159.649 Y119.017 E.07462
G1 X158.9 Y119.581 E.07462
G1 X158.123 Y120.105 E.07458
G1 X157.311 Y120.593 E.07539
G1 X156.778 Y120.883 E.04829
G1 X155.927 Y121.298 E.07535
G1 X155.056 Y121.668 E.07531
G1 X154.487 Y121.88 E.04832
G1 X153.587 Y122.173 E.07532
G1 X152.681 Y122.415 E.07463
G1 X151.764 Y122.61 E.07461
G1 X150.838 Y122.757 E.07462
G1 X149.896 Y122.856 E.07538
G1 X149.29 Y122.893 E.04832
G1 X148.334 Y122.91 E.07609
G1 X147.728 Y122.894 E.04824
G1 X146.783 Y122.828 E.07539
G1 X145.853 Y122.713 E.07457
G1 X144.92 Y122.549 E.07539
G1 X144.328 Y122.418 E.04825
G1 X143.413 Y122.173 E.07538
G1 X142.521 Y121.883 E.07464
G1 X141.637 Y121.543 E.07537
G1 X141.081 Y121.301 E.04826
G1 X140.23 Y120.886 E.07535
G1 X139.41 Y120.432 E.07459
G1 X138.615 Y119.935 E.07461
G1 X137.846 Y119.397 E.07469
G1 X137.108 Y118.82 E.07455
G1 X136.4 Y118.205 E.07463
G1 X135.725 Y117.553 E.07468
G1 X135.086 Y116.867 E.07461
G1 X134.477 Y116.142 E.07535
G1 X134.108 Y115.661 E.04825
G1 X133.565 Y114.885 E.07537
G1 X133.068 Y114.09 E.07461
G1 X132.613 Y113.27 E.07463
G1 X132.199 Y112.42 E.07524
G1 X131.939 Y111.819 E.05211
G1 X131.617 Y110.979 E.07159
G1 X131.327 Y110.087 E.07464
G1 X131.085 Y109.181 E.07463
G1 X130.89 Y108.264 E.07461
G1 X130.742 Y107.33 E.07526
G1 X130.669 Y106.679 E.05213
G1 X130.607 Y105.782 E.07155
G1 X130.59 Y104.836 E.0753
G1 X130.609 Y104.182 E.05207
G1 X130.672 Y103.284 E.07164
G1 X130.787 Y102.352 E.07473
G1 X130.949 Y101.429 E.07458
G1 X131.16 Y100.515 E.07465
G1 X131.419 Y99.614 E.07461
G1 X131.727 Y98.721 E.07517
G1 X131.968 Y98.112 E.05212
G1 X132.334 Y97.29 E.07161
G1 X132.76 Y96.454 E.07467
G1 X133.229 Y95.642 E.07462
G1 X133.74 Y94.855 E.07467
G1 X134.295 Y94.091 E.07515
G1 X134.704 Y93.579 E.05215
G1 X135.295 Y92.901 E.07158
G1 X135.953 Y92.219 E.07542
G1 X136.393 Y91.801 E.0483
G1 X137.108 Y91.18 E.07537
G1 X137.847 Y90.603 E.07461
G1 X138.615 Y90.065 E.07462
G1 X139.416 Y89.564 E.07519
G1 X139.987 Y89.243 E.05213
G1 X140.789 Y88.835 E.07161
G1 X141.646 Y88.453 E.07467
G1 X142.529 Y88.114 E.07527
G1 X143.15 Y87.908 E.05207
G1 X144.015 Y87.66 E.07161
G1 X144.93 Y87.449 E.07473
G1 X145.853 Y87.287 E.07458
G1 X146.784 Y87.172 E.07465
G1 X147.719 Y87.107 E.07459
G1 X148.608 Y87.091 E.07076
G1 X148.622 Y88.048 F12000
G1 F3134.537
M73 P19 R8
G1 X148.648 Y88.048 E.00207
G1 X149.546 Y88.079 E.07151
G1 X150.157 Y88.128 E.04878
G1 X151.005 Y88.233 E.068
G1 X151.88 Y88.388 E.07072
G1 X152.745 Y88.587 E.07064
G1 X153.598 Y88.832 E.07063
G1 X154.447 Y89.124 E.07145
G1 X155.017 Y89.35 E.0488
G1 X155.797 Y89.698 E.06797
G1 X156.589 Y90.102 E.07076
G1 X157.358 Y90.546 E.07067
G1 X158.102 Y91.029 E.07059
G1 X158.82 Y91.551 E.07064
G1 X159.52 Y92.118 E.07169
G1 X159.944 Y92.492 E.04499
G1 X160.601 Y93.127 E.07271
G1 X160.99 Y93.537 E.04498
G1 X161.581 Y94.217 E.0717
G1 X162.128 Y94.916 E.07064
G1 X162.637 Y95.643 E.07063
G1 X163.107 Y96.396 E.07064
G1 X163.537 Y97.172 E.0706
G1 X163.926 Y97.97 E.07065
G1 X164.277 Y98.797 E.0715
G1 X164.491 Y99.371 E.04875
G1 X164.754 Y100.184 E.068
G1 X164.984 Y101.043 E.07077
G1 X165.169 Y101.911 E.07063
G1 X165.308 Y102.787 E.07059
G1 X165.372 Y103.402 E.04921
G1 X165.441 Y104.53 E.08994
G1 X165.452 Y105.161 E.05022
G1 X165.438 Y105.726 E.04498
G1 X165.375 Y106.625 E.07172
G1 X165.266 Y107.506 E.07065
G1 X165.112 Y108.38 E.07063
G1 X164.913 Y109.245 E.07064
G1 X164.664 Y110.111 E.07171
G1 X164.485 Y110.647 E.04497
G1 X164.162 Y111.488 E.07169
G1 X163.801 Y112.299 E.07065
G1 X163.398 Y113.089 E.07058
G1 X162.954 Y113.858 E.07067
G1 X162.471 Y114.602 E.07059
G1 X161.949 Y115.32 E.07064
G1 X161.382 Y116.02 E.07169
G1 X161.008 Y116.444 E.04499
G1 X160.382 Y117.092 E.0717
G1 X159.733 Y117.697 E.07061
G1 X159.053 Y118.267 E.07061
G1 X158.344 Y118.802 E.07068
G1 X157.609 Y119.298 E.07057
G1 X156.836 Y119.762 E.07175
G1 X156.34 Y120.032 E.04494
G1 X155.53 Y120.426 E.07168
G1 X154.701 Y120.778 E.07167
G1 X154.171 Y120.976 E.04503
G1 X153.315 Y121.255 E.07165
G1 X152.457 Y121.484 E.07067
G1 X151.589 Y121.669 E.07063
G1 X150.713 Y121.808 E.07059
G1 X149.817 Y121.902 E.0717
G1 X149.253 Y121.936 E.04497
G1 X148.339 Y121.952 E.07275
G1 X147.774 Y121.937 E.04498
G1 X146.875 Y121.875 E.07171
G1 X145.994 Y121.766 E.07065
G1 X145.107 Y121.61 E.07167
G1 X144.555 Y121.488 E.04499
G1 X143.685 Y121.255 E.07168
G1 X142.841 Y120.98 E.07064
G1 X142 Y120.657 E.07169
G1 X141.482 Y120.432 E.04494
G1 X140.672 Y120.037 E.07172
G1 X139.896 Y119.607 E.0706
G1 X139.143 Y119.136 E.07068
G1 X138.416 Y118.627 E.07063
G1 X137.717 Y118.081 E.07059
G1 X137.047 Y117.499 E.07063
G1 X136.408 Y116.882 E.07069
G1 X135.803 Y116.233 E.07061
G1 X135.224 Y115.543 E.07168
G1 X134.88 Y115.095 E.04495
G1 X134.363 Y114.357 E.07171
G1 X133.893 Y113.604 E.07064
G1 X133.463 Y112.828 E.0706
G1 X133.069 Y112.02 E.07154
G1 X132.826 Y111.458 E.04873
G1 X132.52 Y110.66 E.06801
G1 X132.245 Y109.815 E.07072
G1 X132.016 Y108.957 E.07067
G1 X131.831 Y108.089 E.07063
G1 X131.691 Y107.202 E.07146
G1 X131.622 Y106.593 E.04878
G1 X131.563 Y105.741 E.06797
G1 X131.548 Y104.841 E.07163
G1 X131.565 Y104.229 E.04872
G1 X131.625 Y103.376 E.06805
G1 X131.734 Y102.494 E.07072
G1 X131.888 Y101.62 E.07063
G1 X132.087 Y100.755 E.07064
G1 X132.332 Y99.902 E.07063
G1 X132.624 Y99.053 E.07145
G1 X132.85 Y98.483 E.0488
G1 X133.198 Y97.703 E.06797
G1 X133.602 Y96.911 E.07076
G1 X134.046 Y96.142 E.07067
G1 X134.529 Y95.398 E.07059
G1 X135.057 Y94.671 E.0715
G1 X135.439 Y94.192 E.04876
G1 X136 Y93.548 E.06797
G1 X136.627 Y92.899 E.07181
G1 X137.037 Y92.51 E.04498
G1 X137.717 Y91.919 E.0717
G1 X138.416 Y91.372 E.07064
G1 X139.143 Y90.863 E.07063
G1 X139.905 Y90.387 E.0715
G1 X140.439 Y90.086 E.04878
G1 X141.201 Y89.699 E.06801
G1 X142.013 Y89.338 E.07072
G1 X142.851 Y89.016 E.07144
G1 X143.433 Y88.822 E.04882
G1 X144.254 Y88.587 E.06796
G1 X145.12 Y88.388 E.07071
G1 X145.994 Y88.233 E.07064
G1 X146.875 Y88.125 E.07064
G1 X147.761 Y88.063 E.07068
G1 X148.592 Y88.049 E.06614
G1 E-3 F7200
G1 Z1 F3000
G1 X137.299 Y92.799 F12000
G1 Z.8 F3000
G1 E3 F7200
;TYPE:Solid infill
T0
;WIDTH:0.55292
G1 F5882.353
G1 X136.288 Y93.811 E.06066
G1 X135.716 Y94.423 E.03552
G1 X136.288 Y93.811 E.03552
G1 X137.073 Y93.019 E.04729
G1 E-3 F7200
G1 Z1 F3000
G1 X139.898 Y90.995 F12000
G1 Z.8 F3000
G1 E3 F7200
G1 F5882.353
G1 X139.853 Y90.949 E.00273
G1 X139.791 Y90.966 E.00273
G1 X139.774 Y91.028 E.00273
G1 X139.82 Y91.073 E.00273
G1 X139.881 Y91.056 E.00269
;WIDTH:0.593613
G1 F5447.682
G1 X139.717 Y91.16 E.00889
;WIDTH:0.634306
G1 F5072.829
G1 X139.553 Y91.265 E.00958
;WIDTH:0.674999
G1 F4746.242
G1 X139.389 Y91.369 E.01021
G1 X134.877 Y95.881 E.33537
G1 X134.777 Y96.024 E.00917
;WIDTH:0.634921
G1 F5067.562
G1 X134.677 Y96.168 E.00863
;WIDTH:0.594843
G1 F5435.548
G1 X134.577 Y96.311 E.00801
;WIDTH:0.554764
G1 F5861.161
G1 X134.532 Y96.266 E.00271
G1 X134.47 Y96.283 E.00274
G1 X134.454 Y96.344 E.00268
G1 X134.499 Y96.39 E.00274
G1 X134.561 Y96.373 E.00274
G1 E-3 F7200
G1 Z1 F3000
G1 X133.445 Y98.392 F12000
G1 Z.8 F3000
G1 E3 F7200
;WIDTH:0.55292
G1 F5882.353
G1 X133.4 Y98.346 E.00273
G1 X133.338 Y98.363 E.00273
G1 X133.322 Y98.425 E.00272
G1 X133.367 Y98.47 E.0027
G1 X133.429 Y98.453 E.00273
;WIDTH:0.593613
G1 F5447.682
G1 X133.516 Y98.289 E.0085
;WIDTH:0.634306
G1 F5072.829
G1 X133.604 Y98.125 E.00915
;WIDTH:0.674999
G1 F4746.242
G1 X133.691 Y97.961 E.00976
G1 X141.461 Y90.191 E.57753
G1 E-3 F7200
G1 Z1 F3000
G1 X143.494 Y89.268 F12000
G1 Z.8 F3000
G1 E3 F7200
;WIDTH:0.55292
G1 F5882.353
G1 X143.449 Y89.223 E.0027
G1 X143.387 Y89.24 E.00273
G1 X143.37 Y89.301 E.00269
G1 X143.416 Y89.346 E.00273
G1 X143.477 Y89.33 E.00267
;WIDTH:0.593613
G1 F5447.682
G1 X143.314 Y89.406 E.00824
;WIDTH:0.634306
G1 F5072.829
G1 X143.151 Y89.482 E.00884
;WIDTH:0.674999
G1 F4746.242
G1 X142.988 Y89.558 E.00945
G1 X133.064 Y99.482 E.73763
G1 X132.991 Y99.626 E.00849
;WIDTH:0.634306
G1 F5072.829
G1 X132.919 Y99.769 E.00787
;WIDTH:0.593613
G1 F5447.682
G1 X132.846 Y99.913 E.00739
;WIDTH:0.55292
G1 F5882.353
G1 X132.801 Y99.867 E.00273
G1 X132.74 Y99.884 E.00269
G1 X132.723 Y99.946 E.00273
G1 X132.768 Y99.991 E.0027
G1 X132.83 Y99.974 E.00273
G1 E-3 F7200
G1 Z1 F3000
G1 X132.17 Y101.831 F12000
G1 Z.8 F3000
G1 E3 F7200
G1 F5882.353
G1 X132.349 Y101.031 E.03476
;WIDTH:0.593613
G1 F5447.682
G1 X132.452 Y100.948 E.00606
;WIDTH:0.634306
G1 F5072.829
G1 X132.554 Y100.865 E.00647
;WIDTH:0.674999
G1 F4746.242
G1 X132.657 Y100.783 E.00692
G1 X144.283 Y89.157 E.86413
G1 X144.531 Y88.849 E.02078
;WIDTH:0.55292
G1 F5882.353
G1 X145.33 Y88.67 E.03472
;WIDTH:0.593613
G1 F5447.682
G1 X145.366 Y88.745 E.00381
;WIDTH:0.634306
G1 F5072.829
G1 X145.402 Y88.82 E.00409
;WIDTH:0.674999
G1 F4746.242
G1 X145.438 Y88.895 E.00437
G1 X132.395 Y101.938 E.96946
G1 X132.231 Y102.996 E.05627
G1 X146.496 Y88.731 E1.06028
G1 X147.482 Y88.64 E.05204
G1 X132.139 Y103.983 E1.14041
G1 X132.104 Y104.911 E.04881
M73 P20 R8
G1 X148.408 Y88.608 E1.2118
G1 X149.278 Y88.631 E.04574
G1 X132.123 Y105.786 E1.27509
G1 X132.184 Y106.619 E.0439
G1 X150.12 Y88.683 E1.33314
G1 X150.915 Y88.782 E.04211
G1 X132.286 Y107.411 E1.38465
G1 X132.417 Y108.174 E.04069
G1 X151.676 Y88.915 E1.43148
G1 X152.406 Y89.079 E.03932
G1 X132.577 Y108.908 E1.47384
G1 X132.766 Y109.613 E.03836
G1 X153.109 Y89.27 E1.51205
G1 X153.788 Y89.485 E.03743
G1 X132.983 Y110.289 E1.54635
G1 X133.223 Y110.943 E.03661
G1 X154.446 Y89.721 E1.57742
G1 X155.076 Y89.984 E.03588
G1 X133.483 Y111.578 E1.60499
G1 X133.768 Y112.187 E.03534
G1 X155.688 Y90.266 E1.6293
G1 X156.281 Y90.568 E.03498
G1 X134.07 Y112.778 E1.65085
G1 X134.39 Y113.352 E.03454
G1 X156.849 Y90.893 E1.66932
G1 X157.401 Y91.235 E.03413
G1 X134.734 Y113.902 E1.68478
G1 X135.096 Y114.434 E.03382
M73 P21 R8
G1 X157.936 Y91.594 E1.69764
G1 X158.453 Y91.97 E.0336
G1 X135.471 Y114.953 E1.70824
G1 X135.869 Y115.448 E.03338
G1 X158.949 Y92.369 E1.71544
G1 X159.431 Y92.78 E.03329
G1 X136.281 Y115.931 E1.72072
G1 X136.712 Y116.394 E.03325
G1 X159.892 Y93.214 E1.72291
G1 X160.34 Y93.659 E.03319
G1 X137.162 Y116.838 E1.7228
G1 X137.626 Y117.267 E.03321
G1 X160.767 Y94.126 E1.72002
G1 X161.181 Y94.606 E.03331
G1 X138.106 Y117.681 E1.71511
G1 X138.608 Y118.073 E.03348
G1 X161.573 Y95.108 E1.70693
G1 X161.948 Y95.627 E.03365
G1 X139.127 Y118.448 E1.69623
G1 X139.663 Y118.806 E.03388
G1 X162.306 Y96.163 E1.683
G1 X162.649 Y96.714 E.03411
G1 X140.214 Y119.149 E1.66754
G1 X140.789 Y119.467 E.03453
M73 P22 R8
G1 X162.967 Y97.289 E1.64844
G1 X163.267 Y97.884 E.03502
G1 X141.384 Y119.767 E1.62651
G1 X141.995 Y120.05 E.03539
G1 X163.547 Y98.497 E1.60195
G1 X163.809 Y99.13 E.03601
G1 X142.633 Y120.306 E1.57396
G1 X143.29 Y120.542 E.03669
G1 X164.043 Y99.79 E1.54248
G1 X164.256 Y100.47 E.03745
G1 X143.97 Y120.756 E1.50781
G1 X144.675 Y120.945 E.03836
G1 X164.445 Y101.175 E1.46946
G1 X164.602 Y101.912 E.0396
G1 X145.414 Y121.1 E1.4262
G1 X146.178 Y121.23 E.04073
G1 X164.728 Y102.679 E1.37882
G1 X164.822 Y103.48 E.04239
G1 X146.977 Y121.325 E1.32638
G1 X147.813 Y121.383 E.04404
G1 X164.882 Y104.314 E1.2687
G1 X164.896 Y105.194 E.04626
G1 X148.699 Y121.391 E1.20388
G1 X149.626 Y121.357 E.04875
G1 X164.853 Y106.131 E1.13175
G1 X164.754 Y107.123 E.0524
G1 X150.618 Y121.259 E1.0507
G1 E-3 F7200
M73 P23 R8
G1 Z1 F3000
G1 X164.611 Y109.116 F12000
G1 Z.8 F3000
G1 E3 F7200
;WIDTH:0.55292
G1 F5882.353
G1 X164.819 Y108.234 E.03843
;WIDTH:0.674999
G1 F4746.242
G1 X164.582 Y108.189 E.01268
G1 X151.692 Y121.079 E.95808
G1 X151.836 Y121.127 E.00798
;WIDTH:0.634306
G1 F5072.829
G1 X151.981 Y121.176 E.00753
;WIDTH:0.593613
G1 F5447.682
G1 X152.125 Y121.224 E.00695
;WIDTH:0.55292
G1 F5882.353
G1 X152.617 Y121.109 E.02143
;WIDTH:0.674999
G1 F4746.242
G1 X152.865 Y120.8 E.02082
G1 X164.301 Y109.364 E.85001
G1 X164.217 Y110.219 E.04515
;WIDTH:0.55292
G1 F5882.353
G1 X164.172 Y110.174 E.0027
G1 X164.111 Y110.191 E.00269
G1 X164.094 Y110.252 E.00269
G1 X164.139 Y110.297 E.0027
G1 X164.201 Y110.281 E.00272
;WIDTH:0.593613
G1 F5447.682
G1 X164.093 Y110.415 E.00788
;WIDTH:0.634306
G1 F5072.829
G1 X163.985 Y110.549 E.00846
;WIDTH:0.674999
G1 F4746.242
G1 X163.876 Y110.683 E.00908
G1 X154.178 Y120.381 E.72083
G1 X154.05 Y120.469 E.00816
;WIDTH:0.634306
G1 F5072.829
G1 X153.921 Y120.556 E.00765
;WIDTH:0.593613
G1 F5447.682
G1 X153.793 Y120.644 E.00711
;WIDTH:0.55292
G1 F5882.353
G1 X153.748 Y120.599 E.0027
G1 X153.686 Y120.615 E.00272
G1 X153.67 Y120.677 E.00272
G1 X153.715 Y120.722 E.0027
G1 X153.776 Y120.705 E.00269
G1 E-3 F7200
G1 Z1 F3000
G1 X155.351 Y120.056 F12000
G1 Z.8 F3000
G1 E3 F7200
G1 F5882.353
G1 X155.29 Y120.072 E.00267
G1 X155.245 Y120.027 E.0027
G1 X155.261 Y119.966 E.00267
G1 X155.323 Y119.949 E.00273
G1 X155.368 Y119.994 E.0027
;WIDTH:0.593613
G1 F5447.682
G1 X155.496 Y119.896 E.00738
;WIDTH:0.634306
G1 F5072.829
G1 X155.625 Y119.798 E.00797
;WIDTH:0.674999
G1 F4746.242
G1 X155.753 Y119.7 E.00847
G1 X163.322 Y112.117 E.56311
;WIDTH:0.634306
G1 F5072.829
G1 X163.442 Y111.983 E.00885
;WIDTH:0.593613
G1 F5447.682
G1 X163.562 Y111.849 E.00824
;WIDTH:0.55292
G1 F5882.353
G1 X163.5 Y111.865 E.00272
G1 X163.455 Y111.82 E.0027
G1 X163.471 Y111.758 E.00272
G1 X163.533 Y111.742 E.00272
G1 X163.578 Y111.787 E.0027
G1 E-3 F7200
G1 Z1 F3000
G1 X162.26 Y114.009 F12000
G1 Z.8 F3000
G1 E3 F7200
;WIDTH:0.564694
G1 F5749.616
G1 X162.224 Y114.303 E.01285
;WIDTH:0.55292
G1 F5882.353
G1 X161.594 Y115.048 E.04137
G1 X161.005 Y115.701 E.03729
;WIDTH:0.585144
G1 F5532.769
G1 X160.633 Y116.097 E.0245
;WIDTH:0.600422
G1 F5381.147
G1 X159.4 Y117.32 E.08051
;WIDTH:0.570362
G1 F5687.829
G1 X158.763 Y117.903 E.03787
;WIDTH:0.55292
G1 F5882.353
G1 X157.776 Y118.741 E.05491
;WIDTH:0.563948
G1 F5757.848
G1 X157.5 Y118.768 E.01201
;WIDTH:0.600965
G1 F5375.911
G1 X157.649 Y118.645 E.00897
;WIDTH:0.637982
G1 F5041.491
G1 X157.798 Y118.522 E.00956
;WIDTH:0.674999
G1 F4746.242
G1 X157.947 Y118.4 E.01012
G1 X161.891 Y114.455 E.29319
;LAYER_CHANGE
;Z:1
;HEIGHT:0.2

G1 E-3 F7200
G1 Z1 F3000
;AFTER_LAYER_CHANGE
;1
G92 E0
_ON_LAYER_CHANGE LAYER=5
G1 Z1.2
G1 X148.669 Y85.338 F12000
G1 Z1 F3000
G1 E3 F7200
;TYPE:External perimeter
G1 F4746.242
G1 X148.672 Y85.338 E.00016
G1 X149.701 Y85.374 E.05411
G1 X150.727 Y85.464 E.05413
G1 X151.467 Y85.563 E.03924
G1 X152.42 Y85.732 E.05087
G1 X153.423 Y85.964 E.05411
G1 X154.413 Y86.248 E.05413
G1 X155.387 Y86.583 E.05413
G1 X156.081 Y86.858 E.03923
G1 X156.965 Y87.253 E.05089
G1 X157.882 Y87.721 E.05411
G1 X158.774 Y88.235 E.05411
G1 X159.638 Y88.797 E.05417
G1 X160.195 Y89.194 E.03595
G1 X161.007 Y89.828 E.05414
G1 X161.784 Y90.504 E.05413
G1 X162.525 Y91.22 E.05416
G1 X162.996 Y91.715 E.03591
G1 X163.672 Y92.493 E.05417
G1 X164.306 Y93.305 E.05414
G1 X164.896 Y94.148 E.05408
G1 X165.442 Y95.021 E.05412
G1 X165.941 Y95.921 E.05409
G1 X166.392 Y96.846 E.05409
G1 X166.795 Y97.795 E.05419
G1 X167.034 Y98.435 E.03591
G1 X167.353 Y99.416 E.05422
G1 X167.619 Y100.41 E.05408
G1 X167.833 Y101.417 E.05411
G1 X167.994 Y102.434 E.05412
G1 X168.066 Y103.119 E.0362
G1 X168.123 Y103.8 E.03592
G1 X168.15 Y104.483 E.03592
G1 X168.162 Y105.173 E.03627
G1 X168.144 Y105.856 E.03591
G1 X168.072 Y106.885 E.05421
G1 X167.946 Y107.907 E.05412
G1 X167.768 Y108.92 E.05406
G1 X167.536 Y109.923 E.05411
G1 X167.252 Y110.914 E.05418
G1 X167.035 Y111.562 E.03592
G1 X166.666 Y112.525 E.0542
G1 X166.247 Y113.465 E.05409
G1 X165.78 Y114.382 E.05409
G1 X165.265 Y115.274 E.05413
G1 X164.703 Y116.138 E.05417
G1 X164.306 Y116.695 E.03595
G1 X163.672 Y117.507 E.05414
G1 X162.996 Y118.284 E.05413
G1 X162.28 Y119.025 E.05416
G1 X161.785 Y119.496 E.03591
G1 X161.007 Y120.172 E.05417
G1 X160.195 Y120.806 E.05414
G1 X159.352 Y121.396 E.05408
G1 X158.478 Y121.943 E.05419
G1 X157.883 Y122.279 E.03591
G1 X156.965 Y122.747 E.05416
G1 X156.024 Y123.166 E.05414
G1 X155.063 Y123.535 E.0541
G1 X154.084 Y123.853 E.0541
G1 X153.09 Y124.119 E.05408
G1 X152.083 Y124.333 E.05411
G1 X151.066 Y124.494 E.05412
G1 X150.041 Y124.602 E.05417
G1 X149.359 Y124.644 E.03591
G1 X148.327 Y124.662 E.05425
G1 X147.644 Y124.644 E.03591
G1 X146.615 Y124.572 E.05421
G1 X145.593 Y124.446 E.05412
G1 X144.578 Y124.267 E.05417
G1 X143.911 Y124.119 E.03591
G1 X142.915 Y123.853 E.05418
G1 X141.936 Y123.535 E.0541
G1 X140.975 Y123.166 E.0541
G1 X140.035 Y122.747 E.05409
G1 X139.118 Y122.279 E.05411
G1 X138.225 Y121.764 E.05418
G1 X137.597 Y121.362 E.03919
G1 X136.804 Y120.806 E.0509
G1 X135.993 Y120.172 E.0541
G1 X135.216 Y119.496 E.05413
G1 X134.476 Y118.781 E.05408
G1 X133.774 Y118.029 E.05407
G1 X133.111 Y117.239 E.0542
G1 X132.695 Y116.697 E.03591
G1 X132.104 Y115.852 E.0542
G1 X131.558 Y114.978 E.05416
G1 X131.192 Y114.328 E.03921
G1 X130.753 Y113.465 E.05089
G1 X130.334 Y112.524 E.05414
G1 X129.965 Y111.563 E.0541
G1 X129.647 Y110.584 E.0541
G1 X129.381 Y109.589 E.05413
G1 X129.221 Y108.86 E.03923
G1 X129.054 Y107.906 E.0509
G1 X128.928 Y106.884 E.05412
G1 X128.856 Y105.857 E.05411
G1 X128.838 Y104.828 E.05409
G1 X128.874 Y103.798 E.05417
G1 X128.934 Y103.055 E.03918
G1 X129.054 Y102.094 E.0509
G1 X129.232 Y101.08 E.05411
G1 X129.464 Y100.077 E.05411
G1 X129.748 Y99.087 E.05413
G1 X130.083 Y98.113 E.05413
G1 X130.358 Y97.419 E.03923
G1 X130.753 Y96.535 E.05089
G1 X131.221 Y95.618 E.05411
G1 X131.735 Y94.726 E.05411
G1 X132.296 Y93.863 E.0541
G1 X132.902 Y93.029 E.05418
G1 X133.367 Y92.446 E.03919
G1 X134.003 Y91.716 E.05089
G1 X134.719 Y90.976 E.05412
G1 X135.472 Y90.273 E.05414
G1 X136.041 Y89.79 E.03923
G1 X136.804 Y89.194 E.05089
G1 X137.648 Y88.604 E.05412
G1 X138.521 Y88.058 E.05412
G1 X139.421 Y87.559 E.05409
G1 X140.347 Y87.107 E.05416
G1 X141.032 Y86.811 E.03922
G1 X141.937 Y86.465 E.05092
G1 X142.916 Y86.147 E.0541
G1 X143.91 Y85.881 E.05408
G1 X144.917 Y85.667 E.05411
G1 X145.935 Y85.506 E.05417
G1 X146.676 Y85.423 E.03919
G1 X147.642 Y85.356 E.05089
G1 X148.639 Y85.339 E.05241
G1 X149.239 Y85.358 F12000
G1 X148.655 Y86.133
;TYPE:Perimeter
T1
;WIDTH:0.999999
G1 F3134.537
G1 X148.665 Y86.133 E.0008
G1 X149.652 Y86.168 E.0786
G1 X150.64 Y86.254 E.07892
G1 X151.344 Y86.348 E.05652
G1 X152.261 Y86.511 E.07412
G1 X153.224 Y86.734 E.07866
G1 X154.174 Y87.006 E.07864
G1 X155.111 Y87.329 E.07887
G1 X155.772 Y87.591 E.05658
G1 X156.622 Y87.97 E.07406
G1 X157.503 Y88.419 E.07869
G1 X158.358 Y88.913 E.07858
G1 X159.191 Y89.454 E.07905
G1 X159.719 Y89.83 E.05158
G1 X160.501 Y90.442 E.07903
G1 X161.247 Y91.09 E.07864
G1 X161.961 Y91.779 E.07896
G1 X162.408 Y92.25 E.05168
G1 X163.059 Y92.999 E.07897
G1 X163.667 Y93.777 E.07858
G1 X164.234 Y94.587 E.07868
G1 X164.757 Y95.424 E.07854
G1 X165.236 Y96.288 E.07862
G1 X165.669 Y97.176 E.07862
G1 X166.057 Y98.09 E.07902
G1 X166.284 Y98.697 E.05157
G1 X166.591 Y99.642 E.07907
G1 X166.846 Y100.596 E.07859
G1 X167.052 Y101.562 E.0786
G1 X167.206 Y102.538 E.07863
G1 X167.276 Y103.202 E.05313
G1 X167.33 Y103.849 E.05167
G1 X167.355 Y104.497 E.05161
G1 X167.367 Y105.17 E.05357
G1 X167.35 Y105.818 E.05159
G1 X167.281 Y106.809 E.07906
G1 X167.16 Y107.789 E.07858
G1 X166.989 Y108.762 E.07862
G1 X166.767 Y109.724 E.07857
G1 X166.493 Y110.679 E.07907
G1 X166.287 Y111.294 E.05162
G1 X165.931 Y112.221 E.07903
G1 X165.529 Y113.123 E.07859
G1 X165.081 Y114.003 E.07858
G1 X164.587 Y114.858 E.07858
G1 X164.046 Y115.691 E.07905
G1 X163.67 Y116.219 E.05158
G1 X163.058 Y117.001 E.07903
G1 X162.41 Y117.747 E.07864
M73 P24 R8
G1 X161.721 Y118.461 E.07896
G1 X161.25 Y118.908 E.05168
G1 X160.501 Y119.559 E.07897
G1 X159.723 Y120.167 E.07858
G1 X158.913 Y120.734 E.07868
G1 X158.072 Y121.26 E.07894
G1 X157.507 Y121.579 E.05164
G1 X156.622 Y122.03 E.07905
G1 X155.72 Y122.431 E.07856
G1 X154.798 Y122.785 E.0786
G1 X153.858 Y123.091 E.07867
G1 X152.904 Y123.346 E.07859
G1 X151.938 Y123.552 E.0786
G1 X150.963 Y123.706 E.07855
G1 X149.975 Y123.81 E.07906
G1 X149.328 Y123.85 E.05159
G1 X148.33 Y123.867 E.07943
G1 X147.682 Y123.85 E.05159
G1 X146.691 Y123.781 E.07906
G1 X145.711 Y123.66 E.07858
G1 X144.733 Y123.488 E.07903
G1 X144.1 Y123.347 E.05161
G1 X143.141 Y123.09 E.07901
G1 X142.202 Y122.785 E.07857
G1 X141.279 Y122.431 E.07867
G1 X140.377 Y122.029 E.07859
G1 X139.497 Y121.581 E.07858
G1 X138.638 Y121.085 E.07894
G1 X138.04 Y120.702 E.05651
G1 X137.277 Y120.167 E.07416
G1 X136.499 Y119.558 E.07863
G1 X135.753 Y118.91 E.07864
G1 X135.043 Y118.224 E.07857
G1 X134.369 Y117.502 E.0786
G1 X133.731 Y116.741 E.07903
G1 X133.336 Y116.227 E.05159
G1 X132.766 Y115.413 E.07908
G1 X132.241 Y114.573 E.07883
M73 P24 R7
G1 X131.892 Y113.953 E.05662
G1 X131.471 Y113.123 E.07406
G1 X131.069 Y112.22 E.07866
G1 X130.715 Y111.298 E.0786
G1 X130.409 Y110.358 E.07867
G1 X130.153 Y109.401 E.07884
G1 X130 Y108.706 E.05663
G1 X129.84 Y107.789 E.07408
G1 X129.719 Y106.808 E.07866
G1 X129.65 Y105.823 E.07858
G1 X129.633 Y104.835 E.07864
G1 X129.668 Y103.844 E.07891
G1 X129.725 Y103.136 E.05653
G1 X129.84 Y102.212 E.0741
G1 X130.011 Y101.238 E.0787
G1 X130.234 Y100.276 E.07859
G1 X130.506 Y99.326 E.07864
G1 X130.829 Y98.389 E.07887
G1 X131.091 Y97.728 E.05658
G1 X131.47 Y96.878 E.07406
G1 X131.919 Y95.997 E.07869
G1 X132.413 Y95.142 E.07858
G1 X132.951 Y94.313 E.07865
G1 X133.534 Y93.511 E.07891
G1 X133.977 Y92.956 E.05651
G1 X134.589 Y92.254 E.07412
G1 X135.276 Y91.543 E.07868
G1 X136.001 Y90.866 E.07894
G1 X136.542 Y90.406 E.05651
G1 X137.277 Y89.833 E.07417
G1 X138.087 Y89.266 E.07868
G1 X138.924 Y88.743 E.07854
G1 X139.788 Y88.264 E.07862
G1 X140.679 Y87.83 E.07887
G1 X141.332 Y87.548 E.05661
G1 X142.202 Y87.215 E.07413
G1 X143.142 Y86.909 E.07867
G1 X144.096 Y86.654 E.07859
G1 X145.062 Y86.448 E.0786
G1 X146.041 Y86.293 E.07888
G1 X146.748 Y86.214 E.05661
G1 X147.677 Y86.15 E.07411
G1 X148.625 Y86.134 E.07545
G1 X148.638 Y87.091 F12000
G1 F3134.537
G1 X148.657 Y87.091 E.00151
G1 X149.594 Y87.123 E.07461
G1 X150.535 Y87.206 E.07518
G1 X151.197 Y87.294 E.05315
G1 X152.07 Y87.449 E.07056
G1 X152.985 Y87.66 E.07473
G1 X153.886 Y87.919 E.07461
G1 X154.779 Y88.226 E.07515
G1 X155.4 Y88.473 E.05319
G1 X156.21 Y88.834 E.07057
G1 X157.046 Y89.26 E.07467
G1 X157.858 Y89.729 E.07462
G1 X158.652 Y90.245 E.07536
G1 X159.146 Y90.597 E.04827
G1 X159.892 Y91.18 E.07535
G1 X160.6 Y91.795 E.07463
G1 X161.281 Y92.453 E.07536
G1 X161.699 Y92.893 E.0483
G1 X162.32 Y93.608 E.07537
G1 X162.897 Y94.347 E.07461
G1 X163.435 Y95.115 E.07462
G1 X163.932 Y95.91 E.07461
G1 X164.387 Y96.73 E.07463
G1 X164.798 Y97.573 E.07464
G1 X165.168 Y98.444 E.07531
G1 X165.38 Y99.013 E.04832
G1 X165.673 Y99.913 E.07532
G1 X165.915 Y100.819 E.07463
G1 X166.11 Y101.736 E.07461
G1 X166.257 Y102.662 E.07462
G1 X166.324 Y103.302 E.05121
G1 X166.374 Y103.907 E.04831
G1 X166.398 Y104.513 E.04826
G1 X166.41 Y105.166 E.05198
G1 X166.394 Y105.772 E.04824
G1 X166.328 Y106.717 E.07539
G1 X166.213 Y107.648 E.07465
G1 X166.051 Y108.571 E.07458
G1 X165.84 Y109.485 E.07465
G1 X165.579 Y110.395 E.07534
G1 X165.386 Y110.97 E.04827
G1 X165.047 Y111.854 E.07535
G1 X164.665 Y112.711 E.07467
G1 X164.24 Y113.546 E.07456
G1 X163.771 Y114.358 E.07462
G1 X163.255 Y115.152 E.07536
G1 X162.903 Y115.646 E.04827
G1 X162.32 Y116.392 E.07535
G1 X161.705 Y117.1 E.07463
G1 X161.047 Y117.781 E.07536
G1 X160.607 Y118.199 E.0483
G1 X159.892 Y118.82 E.07537
G1 X159.153 Y119.397 E.07461
G1 X158.385 Y119.935 E.07462
G1 X157.582 Y120.437 E.07536
G1 X157.054 Y120.736 E.04829
G1 X156.21 Y121.166 E.07538
G1 X155.354 Y121.547 E.07456
G1 X154.478 Y121.883 E.07467
G1 X153.587 Y122.173 E.07457
G1 X152.681 Y122.415 E.07463
G1 X151.764 Y122.61 E.07461
G1 X150.838 Y122.757 E.07462
G1 X149.896 Y122.856 E.07538
G1 X149.29 Y122.893 E.04832
G1 X148.334 Y122.91 E.07609
G1 X147.728 Y122.894 E.04824
G1 X146.783 Y122.828 E.07539
G1 X145.852 Y122.713 E.07465
G1 X144.92 Y122.549 E.07531
G1 X144.327 Y122.418 E.04833
G1 X143.413 Y122.173 E.07531
G1 X142.521 Y121.883 E.07464
G1 X141.646 Y121.547 E.07459
G1 X140.789 Y121.165 E.07467
G1 X139.954 Y120.74 E.07456
G1 X139.136 Y120.267 E.0752
G1 X138.573 Y119.907 E.05318
G1 X137.847 Y119.398 E.07056
G1 X137.108 Y118.82 E.07466
G1 X136.4 Y118.205 E.07463
G1 X135.725 Y117.553 E.07468
G1 X135.086 Y116.867 E.07461
G1 X134.477 Y116.142 E.07535
G1 X134.108 Y115.661 E.04825
G1 X133.565 Y114.885 E.07537
G1 X133.064 Y114.084 E.07519
G1 X132.736 Y113.501 E.05323
G1 X132.335 Y112.711 E.0705
G1 X131.953 Y111.854 E.07467
G1 X131.617 Y110.978 E.07467
G1 X131.327 Y110.087 E.07457
G1 X131.083 Y109.174 E.07521
G1 X130.94 Y108.521 E.0532
G1 X130.787 Y107.648 E.07053
G1 X130.672 Y106.716 E.07473
G1 X130.607 Y105.781 E.07459
G1 X130.591 Y104.843 E.07466
G1 X130.624 Y103.9 E.07509
G1 X130.677 Y103.233 E.05325
G1 X130.786 Y102.354 E.07049
G1 X130.949 Y101.429 E.07475
G1 X131.16 Y100.515 E.07465
G1 X131.419 Y99.614 E.07461
G1 X131.726 Y98.721 E.07515
G1 X131.973 Y98.1 E.05319
G1 X132.334 Y97.29 E.07057
G1 X132.76 Y96.454 E.07467
G1 X133.229 Y95.642 E.07462
G1 X133.74 Y94.855 E.07467
G1 X134.295 Y94.091 E.07515
G1 X134.712 Y93.569 E.05317
G1 X135.295 Y92.901 E.07056
G1 X135.947 Y92.225 E.07474
G1 X136.638 Y91.581 E.07517
G1 X137.147 Y91.148 E.05318
G1 X137.846 Y90.603 E.07054
G1 X138.615 Y90.065 E.07469
G1 X139.41 Y89.568 E.07461
G1 X140.23 Y89.113 E.07463
G1 X141.079 Y88.699 E.07517
G1 X141.693 Y88.434 E.05322
G1 X142.521 Y88.117 E.07056
G1 X143.413 Y87.827 E.07464
G1 X144.319 Y87.585 E.07463
G1 X145.236 Y87.39 E.07461
G1 X146.169 Y87.242 E.07518
G1 X146.834 Y87.168 E.05325
G1 X147.718 Y87.107 E.07052
G1 X148.608 Y87.091 E.07084
G1 X148.622 Y88.048 F12000
G1 F3134.537
G1 X148.648 Y88.048 E.00207
G1 X149.535 Y88.079 E.07063
G1 X150.429 Y88.157 E.07142
G1 X151.05 Y88.24 E.04986
G1 X151.878 Y88.387 E.06692
G1 X152.745 Y88.587 E.07081
G1 X153.598 Y88.832 E.07063
G1 X154.447 Y89.124 E.07145
G1 X155.029 Y89.355 E.04983
G1 X155.797 Y89.698 E.06694
G1 X156.589 Y90.102 E.07076
G1 X157.358 Y90.546 E.07067
G1 X158.113 Y91.036 E.07163
G1 X158.574 Y91.364 E.04503
G1 X159.283 Y91.919 E.07165
G1 X159.953 Y92.501 E.07063
G1 X160.601 Y93.127 E.0717
G1 X160.99 Y93.537 E.04498
G1 X161.581 Y94.217 E.0717
G1 X162.128 Y94.916 E.07064
G1 X162.637 Y95.643 E.07063
G1 X163.107 Y96.396 E.07064
G1 X163.537 Y97.172 E.0706
G1 X163.926 Y97.97 E.07065
G1 X164.278 Y98.799 E.07167
G1 X164.476 Y99.329 E.04503
G1 X164.755 Y100.185 E.07165
G1 X164.984 Y101.043 E.07067
G1 X165.169 Y101.911 E.07063
G1 X165.308 Y102.787 E.07059
G1 X165.372 Y103.402 E.04921
G1 X165.441 Y104.53 E.08994
G1 X165.452 Y105.161 E.05022
G1 X165.438 Y105.726 E.04498
G1 X165.375 Y106.625 E.07172
G1 X165.266 Y107.506 E.07065
G1 X165.112 Y108.38 E.07063
G1 X164.913 Y109.245 E.07064
G1 X164.664 Y110.111 E.07171
G1 X164.485 Y110.647 E.04497
G1 X164.162 Y111.488 E.07169
G1 X163.801 Y112.299 E.07065
G1 X163.398 Y113.089 E.07058
G1 X162.954 Y113.858 E.07067
G1 X162.464 Y114.613 E.07163
G1 X162.136 Y115.074 E.04503
G1 X161.581 Y115.783 E.07165
G1 X160.999 Y116.453 E.07063
G1 X160.373 Y117.101 E.0717
G1 X159.963 Y117.49 E.04498
G1 X159.283 Y118.081 E.0717
G1 X158.584 Y118.628 E.07064
G1 X157.857 Y119.137 E.07063
G1 X157.093 Y119.614 E.07168
G1 X156.601 Y119.892 E.04497
G1 X155.798 Y120.301 E.07172
G1 X154.987 Y120.662 E.07065
G1 X154.159 Y120.98 E.07059
G1 X153.315 Y121.255 E.07064
G1 X152.457 Y121.484 E.07067
G1 X151.589 Y121.669 E.07063
G1 X150.713 Y121.808 E.07059
G1 X149.817 Y121.902 E.0717
G1 X149.253 Y121.936 E.04497
G1 X148.339 Y121.952 E.07275
G1 X147.774 Y121.937 E.04498
G1 X146.875 Y121.875 E.07171
G1 X145.994 Y121.766 E.07065
G1 X145.107 Y121.61 E.07167
G1 X144.555 Y121.488 E.04499
G1 X143.685 Y121.255 E.07168
G1 X142.841 Y120.98 E.07064
G1 X142.012 Y120.662 E.07066
G1 X141.201 Y120.301 E.07065
G1 X140.411 Y119.898 E.07058
G1 X139.633 Y119.449 E.07149
G1 X139.106 Y119.112 E.04978
G1 X138.417 Y118.628 E.06701
G1 X137.717 Y118.081 E.0707
G1 X137.047 Y117.499 E.07063
G1 X136.408 Y116.882 E.07069
G1 X135.803 Y116.233 E.07061
G1 X135.224 Y115.543 E.07168
G1 X134.88 Y115.095 E.04495
G1 X134.363 Y114.357 E.07171
G1 X133.888 Y113.595 E.07146
G1 X133.58 Y113.05 E.04982
G1 X133.199 Y112.3 E.06695
G1 X132.838 Y111.487 E.07079
G1 X132.52 Y110.659 E.07059
G1 X132.245 Y109.815 E.07064
G1 X132.013 Y108.948 E.07142
G1 X131.879 Y108.336 E.04986
G1 X131.734 Y107.507 E.06697
G1 X131.625 Y106.625 E.07072
G1 X131.563 Y105.739 E.07068
G1 X131.548 Y104.852 E.0706
G1 X131.579 Y103.955 E.07143
G1 X131.63 Y103.331 E.04982
G1 X131.733 Y102.496 E.06695
G1 X131.888 Y101.62 E.0708
G1 X132.087 Y100.755 E.07064
G1 X132.332 Y99.902 E.07063
G1 X132.624 Y99.053 E.07145
G1 X132.855 Y98.471 E.04983
G1 X133.198 Y97.703 E.06694
G1 X133.602 Y96.911 E.07076
G1 X134.046 Y96.142 E.07067
G1 X134.529 Y95.398 E.07059
G1 X135.057 Y94.672 E.07144
G1 X135.447 Y94.182 E.04984
G1 X136 Y93.548 E.06695
G1 X136.618 Y92.908 E.0708
G1 X137.274 Y92.296 E.0714
G1 X137.751 Y91.89 E.04985
G1 X138.415 Y91.373 E.06697
G1 X139.143 Y90.863 E.07074
G1 X139.896 Y90.393 E.07064
G1 X140.672 Y89.963 E.0706
G1 X141.479 Y89.569 E.07147
G1 X142.054 Y89.321 E.04983
G1 X142.84 Y89.02 E.06698
G1 X143.685 Y88.745 E.07072
G1 X144.543 Y88.516 E.07067
G1 X145.411 Y88.331 E.07063
G1 X146.297 Y88.191 E.07138
G1 X146.92 Y88.121 E.04989
G1 X147.759 Y88.063 E.06693
G1 X148.592 Y88.049 E.0663
G1 E-3 F7200
G1 Z1.2 F3000
G1 X136.089 Y115.98 F12000
G1 Z1 F3000
M73 P25 R7
G1 E3 F7200
;TYPE:Solid infill
T0
;WIDTH:0.55292
G1 F5882.353
G1 X137.31 Y117.211 E.07353
G1 X136.309 Y116.207 E.06012
G1 E-3 F7200
G1 Z1.2 F3000
G1 X134.494 Y113.601 F12000
G1 Z1 F3000
G1 E3 F7200
G1 F5882.353
G1 X134.449 Y113.646 E.0027
G1 X134.465 Y113.708 E.00272
G1 X134.527 Y113.724 E.00272
G1 X134.572 Y113.679 E.0027
G1 X134.555 Y113.618 E.00269
;WIDTH:0.593613
G1 F5447.682
G1 X134.66 Y113.782 E.00892
;WIDTH:0.634306
G1 F5072.829
G1 X134.764 Y113.946 E.00955
;WIDTH:0.674999
G1 F4746.242
G1 X134.868 Y114.11 E.01021
G1 X139.394 Y118.636 E.33641
G1 X139.538 Y118.735 E.00918
;WIDTH:0.634306
G1 F5072.829
G1 X139.681 Y118.835 E.00858
;WIDTH:0.593613
G1 F5447.682
G1 X139.825 Y118.934 E.008
;WIDTH:0.55292
G1 F5882.353
G1 X139.78 Y118.98 E.00273
G1 X139.796 Y119.041 E.00267
G1 X139.858 Y119.058 E.00273
G1 X139.903 Y119.013 E.0027
G1 X139.886 Y118.951 E.00273
G1 E-3 F7200
G1 Z1.2 F3000
G1 X141.892 Y120.055 F12000
G1 Z1 F3000
G1 E3 F7200
G1 F5882.353
G1 X141.847 Y120.1 E.0027
G1 X141.863 Y120.161 E.00267
G1 X141.925 Y120.178 E.00273
G1 X141.97 Y120.133 E.0027
G1 X141.954 Y120.071 E.00272
;WIDTH:0.593613
G1 F5447.682
G1 X141.79 Y119.984 E.0085
;WIDTH:0.634306
G1 F5072.829
G1 X141.626 Y119.896 E.00915
;WIDTH:0.674999
G1 F4746.242
G1 X141.462 Y119.809 E.00976
G1 X133.691 Y112.038 E.5776
G1 E-3 F7200
G1 Z1.2 F3000
G1 X132.766 Y110.006 F12000
G1 Z1 F3000
G1 E3 F7200
;WIDTH:0.55292
G1 F5882.353
G1 X132.721 Y110.051 E.0027
G1 X132.737 Y110.113 E.00272
G1 X132.799 Y110.129 E.00272
G1 X132.844 Y110.084 E.0027
G1 X132.827 Y110.022 E.00273
;WIDTH:0.593613
G1 F5447.682
G1 X132.904 Y110.185 E.00825
;WIDTH:0.634306
G1 F5072.829
G1 X132.981 Y110.349 E.00891
;WIDTH:0.674999
G1 F4746.242
G1 X133.058 Y110.512 E.00947
G1 X142.988 Y120.442 E.73807
G1 X143.132 Y120.513 E.00844
;WIDTH:0.634306
G1 F5072.829
G1 X143.275 Y120.584 E.00785
;WIDTH:0.593613
G1 F5447.682
G1 X143.419 Y120.656 E.00737
;WIDTH:0.55292
G1 F5882.353
G1 X143.374 Y120.701 E.0027
G1 X143.39 Y120.762 E.00267
G1 X143.452 Y120.779 E.00273
G1 X143.497 Y120.734 E.0027
G1 X143.48 Y120.672 E.00273
G1 E-3 F7200
G1 Z1.2 F3000
G1 X145.347 Y121.333 F12000
G1 Z1 F3000
G1 E3 F7200
G1 F5882.353
G1 X144.528 Y121.15 E.03559
;WIDTH:0.593613
G1 F5447.682
G1 X144.445 Y121.046 E.00609
;WIDTH:0.634306
G1 F5072.829
G1 X144.362 Y120.943 E.0065
;WIDTH:0.674999
G1 F4746.242
G1 X144.279 Y120.839 E.00699
G1 X132.661 Y109.221 E.86354
G1 X132.353 Y108.973 E.02078
;WIDTH:0.55292
G1 F5882.353
G1 X132.165 Y108.147 E.03592
;WIDTH:0.593613
G1 F5447.682
G1 X132.241 Y108.118 E.00372
;WIDTH:0.634306
G1 F5072.829
G1 X132.318 Y108.089 E.00405
;WIDTH:0.674999
G1 F4746.242
G1 X132.394 Y108.06 E.00428
G1 X145.439 Y121.105 E.9696
G1 X146.497 Y121.269 E.05627
G1 X132.231 Y107.003 E1.06036
G1 X132.14 Y106.018 E.05199
G1 X147.482 Y121.36 E1.14033
G1 X148.411 Y121.396 E.04886
G1 X132.108 Y105.092 E1.2118
G1 X132.126 Y104.216 E.04605
G1 X149.288 Y121.378 E1.27561
G1 X150.116 Y121.312 E.04366
G1 X132.183 Y103.38 E1.33288
G1 X132.282 Y102.584 E.04216
G1 X150.911 Y121.214 E1.38469
G1 X151.674 Y121.083 E.04069
G1 X132.416 Y101.824 E1.43144
G1 X132.579 Y101.094 E.03931
G1 X152.408 Y120.923 E1.47384
G1 X153.113 Y120.734 E.03836
M73 P26 R7
G1 X132.77 Y100.39 E1.51208
G1 X132.985 Y99.712 E.03738
G1 X153.79 Y120.516 E1.54635
G1 X154.443 Y120.276 E.03656
G1 X133.221 Y99.054 E1.57738
G1 X133.484 Y98.424 E.03588
G1 X155.076 Y120.015 E1.60485
G1 X155.689 Y119.734 E.03544
G1 X133.766 Y97.811 E1.62949
G1 X134.068 Y97.219 E.03493
G1 X156.281 Y119.432 E1.65104
G1 X156.852 Y119.11 E.03445
G1 X134.393 Y96.651 E1.66932
G1 X134.736 Y96.099 E.03416
G1 X157.402 Y118.766 E1.68475
G1 X157.935 Y118.404 E.03386
G1 X135.094 Y95.564 E1.69768
G1 X135.471 Y95.046 E.03367
G1 X158.451 Y118.027 E1.70809
G1 X158.952 Y117.634 E.03347
G1 X135.866 Y94.548 E1.71593
G1 X136.282 Y94.07 E.0333
G1 X159.43 Y117.218 E1.72054
G1 X159.895 Y116.789 E.03325
M73 P27 R7
G1 X136.714 Y93.608 E1.72299
G1 X137.161 Y93.161 E.03322
G1 X160.338 Y116.338 E1.72269
G1 X160.767 Y115.873 E.03325
G1 X137.624 Y92.73 E1.72016
G1 X138.106 Y92.318 E.03333
G1 X161.181 Y115.393 E1.71511
G1 X161.573 Y114.892 E.03343
G1 X138.608 Y91.927 E1.70693
G1 X139.128 Y91.552 E.0337
G1 X161.951 Y114.376 E1.69642
G1 X162.306 Y113.837 E.03392
G1 X139.663 Y91.193 E1.68304
G1 X140.214 Y90.851 E.03408
G1 X162.646 Y113.282 E1.66728
G1 X162.968 Y112.711 E.03445
G1 X140.79 Y90.533 E1.64844
G1 X141.384 Y90.233 E.03497
G1 X163.27 Y112.119 E1.62673
G1 X163.548 Y111.503 E.03552
G1 X141.996 Y89.951 E1.60191
G1 X142.633 Y89.694 E.0361
G1 X163.806 Y110.867 E1.57374
G1 X164.045 Y110.212 E.03665
G1 X143.29 Y89.458 E1.54263
G1 X143.97 Y89.244 E.03747
M73 P28 R7
G1 X164.254 Y109.527 E1.50762
G1 X164.441 Y108.82 E.03844
G1 X144.676 Y89.055 E1.46909
G1 X145.413 Y88.898 E.0396
G1 X164.6 Y108.086 E1.42616
G1 X164.73 Y107.321 E.04078
G1 X146.18 Y88.772 E1.37874
G1 X146.976 Y88.674 E.04215
G1 X164.825 Y106.523 E1.32667
G1 X164.883 Y105.687 E.04404
G1 X147.814 Y88.618 E1.2687
G1 X148.695 Y88.605 E.04631
G1 X164.891 Y104.801 E1.20381
G1 X164.857 Y103.873 E.04881
G1 X149.628 Y88.644 E1.13194
G1 X150.621 Y88.743 E.05245
G1 X164.759 Y102.882 E1.05088
G1 E-3 F7200
G1 Z1.2 F3000
G1 X152.617 Y88.889 F12000
G1 Z1 F3000
G1 E3 F7200
;WIDTH:0.55292
G1 F5882.353
G1 X151.733 Y88.681 E.03851
;WIDTH:0.674999
G1 F4746.242
G1 X151.689 Y88.918 E.01267
G1 X164.579 Y101.808 E.95808
G1 X164.627 Y101.663 E.00803
;WIDTH:0.634306
G1 F5072.829
G1 X164.675 Y101.519 E.00746
;WIDTH:0.593613
G1 F5447.682
G1 X164.724 Y101.374 E.00701
;WIDTH:0.55292
G1 F5882.353
G1 X164.609 Y100.882 E.02143
;WIDTH:0.674999
G1 F4746.242
G1 X164.3 Y100.635 E.02079
G1 X152.865 Y89.199 E.84997
G1 X153.715 Y89.283 E.04489
;WIDTH:0.55292
G1 F5882.353
G1 X153.67 Y89.328 E.0027
G1 X153.687 Y89.389 E.00269
G1 X153.748 Y89.406 E.00269
G1 X153.793 Y89.361 E.0027
G1 X153.777 Y89.299 E.00272
;WIDTH:0.593613
G1 F5447.682
G1 X153.911 Y89.406 E.00785
;WIDTH:0.634306
G1 F5072.829
G1 X154.045 Y89.513 E.00843
;WIDTH:0.674999
G1 F4746.242
G1 X154.179 Y89.619 E.00898
G1 X163.881 Y99.321 E.72113
G1 X163.989 Y99.455 E.00905
;WIDTH:0.634306
G1 F5072.829
G1 X164.097 Y99.589 E.00846
;WIDTH:0.593613
G1 F5447.682
G1 X164.205 Y99.723 E.00788
;WIDTH:0.55292
G1 F5882.353
G1 X164.222 Y99.785 E.00273
G1 X164.176 Y99.83 E.00273
G1 X164.115 Y99.813 E.00269
G1 X164.098 Y99.752 E.00269
G1 X164.143 Y99.707 E.0027
G1 E-3 F7200
G1 Z1.2 F3000
G1 X163.555 Y98.148 F12000
G1 Z1 F3000
G1 E3 F7200
G1 F5882.353
G1 X163.572 Y98.21 E.00273
G1 X163.527 Y98.255 E.0027
G1 X163.465 Y98.238 E.00273
G1 X163.449 Y98.177 E.00267
G1 X163.494 Y98.131 E.00273
;WIDTH:0.593613
G1 F5447.682
G1 X163.396 Y98.003 E.00738
;WIDTH:0.634306
G1 F5072.829
G1 X163.298 Y97.875 E.00793
;WIDTH:0.674999
G1 F4746.242
G1 X163.199 Y97.746 E.00855
G1 X155.617 Y90.178 E.56303
;WIDTH:0.634306
G1 F5072.829
G1 X155.483 Y90.058 E.00885
;WIDTH:0.593613
G1 F5447.682
G1 X155.349 Y89.938 E.00824
;WIDTH:0.55292
G1 F5882.353
G1 X155.366 Y90 E.00273
G1 X155.321 Y90.045 E.0027
G1 X155.259 Y90.029 E.00272
G1 X155.243 Y89.967 E.00272
G1 X155.288 Y89.922 E.0027
G1 E-3 F7200
M73 P29 R7
G1 Z1.2 F3000
G1 X157.499 Y91.232 F12000
G1 Z1 F3000
G1 E3 F7200
;WIDTH:0.561876
G1 F5780.837
G1 X157.793 Y91.267 E.01278
;WIDTH:0.55292
G1 F5882.353
G1 X158.978 Y92.29 E.06639
;WIDTH:0.585162
G1 F5532.585
G1 X159.608 Y92.878 E.03886
;WIDTH:0.600444
G1 F5380.934
G1 X160.612 Y93.881 E.06579
;WIDTH:0.586226
G1 F5521.75
G1 X161.211 Y94.523 E.03967
;WIDTH:0.55292
G1 F5882.353
G1 X162.201 Y95.668 E.06419
G1 X162.265 Y95.918 E.01094
;WIDTH:0.569624
G1 F5695.799
G1 X162.257 Y95.985 E.00296
;WIDTH:0.604749
G1 F5339.703
G1 X162.133 Y95.836 E.00906
;WIDTH:0.639874
G1 F5025.513
G1 X162.009 Y95.687 E.00962
;WIDTH:0.674999
G1 F4746.242
G1 X161.885 Y95.538 E.01019
G1 X157.946 Y91.599 E.29278
;LAYER_CHANGE
;Z:1.2
;HEIGHT:0.2

G1 E-3 F7200
G1 Z1.2 F3000
;AFTER_LAYER_CHANGE
;1.2
G92 E0
_ON_LAYER_CHANGE LAYER=6
G1 Z1.4
G1 X148.669 Y85.338 F12000
G1 Z1.2 F3000
G1 E3 F7200
;TYPE:External perimeter
G1 F4746.242
G1 X148.672 Y85.338 E.00016
G1 X149.702 Y85.374 E.05417
G1 X150.459 Y85.436 E.03992
G1 X151.406 Y85.554 E.05016
G1 X152.42 Y85.732 E.05411
G1 X153.424 Y85.964 E.05416
G1 X154.156 Y86.169 E.03995
G1 X155.063 Y86.465 E.05014
G1 X156.025 Y86.834 E.05415
G1 X156.965 Y87.253 E.05409
G1 X157.882 Y87.721 E.05411
G1 X158.775 Y88.236 E.05418
G1 X159.415 Y88.646 E.03995
G1 X160.196 Y89.194 E.05014
G1 X161.007 Y89.828 E.0541
G1 X161.784 Y90.504 E.05413
G1 X162.524 Y91.219 E.05408
G1 X163.226 Y91.972 E.05411
G1 X163.888 Y92.76 E.05409
G1 X164.509 Y93.583 E.05419
G1 X164.896 Y94.147 E.03595
G1 X165.442 Y95.021 E.05416
G1 X165.941 Y95.921 E.05409
G1 X166.392 Y96.846 E.05409
G1 X166.795 Y97.795 E.05419
G1 X167.034 Y98.435 E.03591
G1 X167.353 Y99.416 E.05422
G1 X167.619 Y100.41 E.05408
G1 X167.833 Y101.417 E.05411
G1 X167.994 Y102.434 E.05412
G1 X168.066 Y103.119 E.0362
G1 X168.123 Y103.8 E.03592
G1 X168.15 Y104.483 E.03592
G1 X168.162 Y105.173 E.03627
G1 X168.144 Y105.856 E.03591
G1 X168.072 Y106.885 E.05421
G1 X167.946 Y107.907 E.05412
G1 X167.768 Y108.92 E.05406
G1 X167.536 Y109.923 E.05411
G1 X167.252 Y110.913 E.05413
G1 X166.917 Y111.886 E.05408
G1 X166.531 Y112.842 E.05419
G1 X166.248 Y113.464 E.03592
G1 X165.78 Y114.382 E.05416
G1 X165.265 Y115.274 E.05413
G1 X164.704 Y116.137 E.0541
G1 X164.099 Y116.97 E.05411
G1 X163.45 Y117.771 E.05418
G1 X162.997 Y118.283 E.03593
G1 X162.281 Y119.024 E.05416
G1 X161.529 Y119.726 E.05407
G1 X160.74 Y120.388 E.05413
G1 X159.918 Y121.008 E.05411
G1 X159.064 Y121.583 E.05411
G1 X158.181 Y122.114 E.05415
G1 X157.58 Y122.44 E.03593
G1 X156.654 Y122.892 E.05416
G1 X155.705 Y123.295 E.05419
G1 X155.065 Y123.534 E.03591
G1 X154.084 Y123.853 E.05422
G1 X153.09 Y124.119 E.05408
G1 X152.083 Y124.333 E.05411
G1 X151.066 Y124.494 E.05412
G1 X150.041 Y124.602 E.05417
G1 X149.359 Y124.644 E.03591
G1 X148.327 Y124.662 E.05425
G1 X147.644 Y124.644 E.03591
G1 X146.615 Y124.572 E.05421
G1 X145.593 Y124.446 E.05412
G1 X144.578 Y124.267 E.05417
G1 X143.911 Y124.119 E.03591
G1 X142.915 Y123.853 E.05418
G1 X141.936 Y123.534 E.05412
G1 X140.974 Y123.165 E.05415
G1 X140.347 Y122.893 E.03592
G1 X139.421 Y122.441 E.05416
G1 X138.52 Y121.942 E.05413
G1 X137.647 Y121.396 E.05412
G1 X136.804 Y120.806 E.05408
G1 X135.993 Y120.172 E.0541
G1 X135.216 Y119.496 E.05413
G1 X134.476 Y118.781 E.05408
G1 X133.774 Y118.028 E.05411
G1 X133.111 Y117.239 E.05416
G1 X132.695 Y116.697 E.03591
G1 X132.103 Y115.851 E.05427
G1 X131.736 Y115.275 E.0359
G1 X131.22 Y114.382 E.05421
G1 X130.753 Y113.465 E.05409
G1 X130.334 Y112.524 E.05414
G1 X129.965 Y111.563 E.0541
G1 X129.647 Y110.584 E.0541
G1 X129.381 Y109.589 E.05413
G1 X129.218 Y108.846 E.03998
G1 X129.054 Y107.906 E.05015
G1 X128.928 Y106.884 E.05412
G1 X128.856 Y105.857 E.05411
G1 X128.838 Y104.828 E.05409
G1 X128.874 Y103.798 E.05417
G1 X128.936 Y103.041 E.03992
G1 X129.054 Y102.094 E.05016
G1 X129.232 Y101.08 E.05411
G1 X129.464 Y100.076 E.05416
G1 X129.669 Y99.344 E.03995
G1 X129.965 Y98.437 E.05014
G1 X130.334 Y97.475 E.05415
G1 X130.753 Y96.535 E.05409
G1 X131.221 Y95.618 E.05411
G1 X131.736 Y94.725 E.05418
G1 X132.146 Y94.085 E.03995
G1 X132.694 Y93.304 E.05014
G1 X133.328 Y92.493 E.0541
G1 X134.004 Y91.716 E.05413
G1 X134.72 Y90.975 E.05416
G1 X135.215 Y90.504 E.03591
G1 X135.993 Y89.828 E.05417
G1 X136.805 Y89.194 E.05414
G1 X137.648 Y88.604 E.05408
G1 X138.522 Y88.058 E.05416
G1 X139.184 Y87.685 E.03994
G1 X140.035 Y87.253 E.05016
G1 X140.976 Y86.834 E.05414
G1 X141.938 Y86.465 E.05415
G1 X142.659 Y86.226 E.03992
G1 X143.577 Y85.964 E.05017
G1 X144.58 Y85.732 E.05411
G1 X145.594 Y85.554 E.05411
G1 X146.616 Y85.428 E.05412
G1 X147.643 Y85.356 E.05411
G1 X148.639 Y85.339 E.05235
G1 X149.239 Y85.358 F12000
G1 X148.655 Y86.133
;TYPE:Perimeter
T1
;WIDTH:0.999999
G1 F3134.537
G1 X148.665 Y86.133 E.0008
G1 X149.656 Y86.168 E.07891
G1 X150.378 Y86.227 E.05765
G1 X151.288 Y86.34 E.07298
G1 X152.262 Y86.511 E.0787
G1 X153.228 Y86.734 E.0789
G1 X153.926 Y86.93 E.0577
G1 X154.798 Y87.214 E.07298
G1 X155.721 Y87.569 E.0787
G1 X156.623 Y87.971 E.07859
G1 X157.503 Y88.419 E.07858
G1 X158.361 Y88.915 E.07887
G1 X158.972 Y89.306 E.05773
G1 X159.722 Y89.833 E.07295
G1 X160.501 Y90.442 E.07869
G1 X161.247 Y91.09 E.07864
G1 X161.957 Y91.776 E.07857
G1 X162.631 Y92.498 E.0786
G1 X163.266 Y93.255 E.07863
G1 X163.863 Y94.048 E.07899
G1 X164.231 Y94.582 E.05161
G1 X164.757 Y95.424 E.07901
G1 X165.236 Y96.288 E.07862
G1 X165.669 Y97.176 E.07862
G1 X166.057 Y98.09 E.07902
G1 X166.284 Y98.697 E.05157
G1 X166.591 Y99.642 E.07907
G1 X166.846 Y100.596 E.07859
G1 X167.052 Y101.562 E.0786
G1 X167.206 Y102.537 E.07855
G1 X167.276 Y103.202 E.05321
G1 X167.33 Y103.849 E.05167
G1 X167.355 Y104.497 E.05161
G1 X167.367 Y105.17 E.05357
G1 X167.35 Y105.818 E.05159
G1 X167.281 Y106.809 E.07906
G1 X167.16 Y107.789 E.07858
G1 X166.989 Y108.762 E.07862
G1 X166.767 Y109.724 E.07857
G1 X166.494 Y110.674 E.07866
G1 X166.173 Y111.608 E.0786
G1 X165.801 Y112.528 E.07897
G1 X165.532 Y113.119 E.05168
G1 X165.081 Y114.003 E.07898
G1 X164.587 Y114.858 E.07858
G1 X164.049 Y115.687 E.07865
G1 X163.468 Y116.486 E.07862
G1 X162.844 Y117.258 E.079
G1 X162.414 Y117.743 E.05158
G1 X161.724 Y118.457 E.07902
G1 X161.002 Y119.131 E.0786
G1 X160.245 Y119.766 E.07863
G1 X159.456 Y120.36 E.07859
G1 X158.637 Y120.913 E.07864
G1 X157.786 Y121.424 E.079
G1 X157.216 Y121.734 E.05164
G1 X156.324 Y122.169 E.07898
G1 X155.41 Y122.557 E.07902
G1 X154.803 Y122.784 E.05157
G1 X153.858 Y123.091 E.07907
G1 X152.904 Y123.346 E.07859
G1 X151.938 Y123.552 E.0786
G1 X150.963 Y123.706 E.07855
G1 X149.975 Y123.81 E.07906
G1 X149.328 Y123.85 E.05159
G1 X148.33 Y123.867 E.07943
G1 X147.682 Y123.85 E.05159
G1 X146.691 Y123.781 E.07906
G1 X145.711 Y123.66 E.07858
G1 X144.733 Y123.488 E.07903
G1 X144.1 Y123.347 E.05161
G1 X143.141 Y123.09 E.07901
G1 X142.202 Y122.785 E.07857
G1 X141.275 Y122.429 E.07903
G1 X140.68 Y122.171 E.05161
G1 X139.788 Y121.736 E.07898
G1 X138.924 Y121.257 E.07862
G1 X138.086 Y120.733 E.07865
G1 X137.277 Y120.167 E.07857
G1 X136.499 Y119.558 E.07863
G1 X135.753 Y118.91 E.07864
G1 X135.043 Y118.224 E.07857
G1 X134.369 Y117.502 E.0786
G1 X133.731 Y116.741 E.07903
G1 X133.336 Y116.227 E.05159
G1 X132.764 Y115.409 E.07943
G1 X132.415 Y114.862 E.05164
G1 X131.919 Y114.003 E.07894
G1 X131.47 Y113.122 E.07869
G1 X131.069 Y112.22 E.07856
G1 X130.715 Y111.298 E.0786
G1 X130.409 Y110.358 E.07867
G1 X130.153 Y109.401 E.07884
G1 X129.998 Y108.693 E.05768
G1 X129.84 Y107.789 E.07303
G1 X129.719 Y106.808 E.07866
G1 X129.65 Y105.823 E.07858
G1 X129.633 Y104.835 E.07864
G1 X129.668 Y103.844 E.07891
G1 X129.727 Y103.122 E.05765
G1 X129.84 Y102.212 E.07298
G1 X130.011 Y101.238 E.0787
G1 X130.234 Y100.272 E.0789
G1 X130.43 Y99.574 E.0577
G1 X130.714 Y98.702 E.07298
G1 X131.069 Y97.779 E.0787
G1 X131.471 Y96.877 E.07859
G1 X131.919 Y95.997 E.07858
G1 X132.415 Y95.139 E.07887
G1 X132.806 Y94.528 E.05773
G1 X133.333 Y93.778 E.07295
G1 X133.942 Y92.999 E.07869
G1 X134.59 Y92.253 E.07864
G1 X135.279 Y91.539 E.07896
G1 X135.75 Y91.092 E.05168
G1 X136.499 Y90.441 E.07897
G1 X137.277 Y89.833 E.07858
G1 X138.087 Y89.266 E.07868
G1 X138.927 Y88.741 E.07883
G1 X139.559 Y88.386 E.05769
G1 X140.377 Y87.971 E.073
G1 X141.28 Y87.569 E.07866
G1 X142.205 Y87.213 E.07888
G1 X142.893 Y86.985 E.05768
G1 X143.775 Y86.734 E.07298
G1 X144.739 Y86.511 E.07874
G1 X145.711 Y86.34 E.07854
G1 X146.692 Y86.219 E.07866
G1 X147.677 Y86.15 E.07858
G1 X148.625 Y86.134 E.07545
G1 X148.638 Y87.091 F12000
G1 F3134.537
G1 X148.657 Y87.091 E.00151
G1 X149.6 Y87.124 E.07509
G1 X150.28 Y87.179 E.05429
G1 X151.146 Y87.286 E.06944
G1 X152.071 Y87.449 E.07475
G1 X152.991 Y87.662 E.07515
G1 X153.648 Y87.846 E.0543
G1 X154.477 Y88.117 E.06941
G1 X155.354 Y88.453 E.07474
G1 X156.211 Y88.835 E.07467
G1 X157.046 Y89.26 E.07456
G1 X157.864 Y89.732 E.07516
G1 X158.438 Y90.101 E.0543
G1 X159.152 Y90.602 E.06941
G1 X159.892 Y91.18 E.07473
G1 X160.6 Y91.795 E.07463
G1 X161.275 Y92.447 E.07468
G1 X161.914 Y93.133 E.07461
G1 X162.517 Y93.851 E.07462
G1 X163.087 Y94.607 E.07535
G1 X163.43 Y95.107 E.04825
G1 X163.932 Y95.91 E.07536
G1 X164.387 Y96.73 E.07463
G1 X164.798 Y97.573 E.07464
G1 X165.168 Y98.444 E.07531
G1 X165.38 Y99.013 E.04832
G1 X165.673 Y99.913 E.07532
G1 X165.915 Y100.819 E.07463
G1 X166.11 Y101.736 E.07461
G1 X166.257 Y102.662 E.07462
G1 X166.324 Y103.302 E.05121
G1 X166.374 Y103.907 E.04831
G1 X166.398 Y104.513 E.04826
G1 X166.41 Y105.166 E.05198
G1 X166.394 Y105.772 E.04824
G1 X166.328 Y106.717 E.07539
G1 X166.213 Y107.648 E.07465
G1 X166.051 Y108.571 E.07458
G1 X165.84 Y109.485 E.07465
G1 X165.581 Y110.386 E.07461
G1 X165.276 Y111.272 E.07457
G1 X164.921 Y112.15 E.07537
G1 X164.669 Y112.703 E.04836
G1 X164.24 Y113.546 E.07527
G1 X163.771 Y114.358 E.07462
G1 X163.26 Y115.145 E.07467
G1 X162.709 Y115.903 E.07458
G1 X162.113 Y116.639 E.07537
G1 X161.711 Y117.094 E.04832
G1 X161.053 Y117.775 E.07536
G1 X160.367 Y118.414 E.07461
G1 X159.649 Y119.017 E.07462
G1 X158.9 Y119.581 E.07462
G1 X158.123 Y120.105 E.07458
G1 X157.311 Y120.593 E.07539
G1 X156.778 Y120.883 E.04829
G1 X155.927 Y121.298 E.07535
G1 X155.056 Y121.668 E.07531
G1 X154.487 Y121.88 E.04832
G1 X153.587 Y122.173 E.07532
G1 X152.681 Y122.415 E.07463
G1 X151.764 Y122.61 E.07461
G1 X150.838 Y122.757 E.07462
G1 X149.896 Y122.856 E.07538
G1 X149.29 Y122.893 E.04832
G1 X148.334 Y122.91 E.07609
M73 P30 R7
G1 X147.728 Y122.894 E.04824
G1 X146.783 Y122.828 E.07539
G1 X145.852 Y122.713 E.07465
G1 X144.92 Y122.549 E.07531
G1 X144.328 Y122.418 E.04825
G1 X143.413 Y122.173 E.07538
G1 X142.521 Y121.883 E.07464
G1 X141.637 Y121.543 E.07537
G1 X141.081 Y121.301 E.04826
G1 X140.23 Y120.886 E.07535
G1 X139.41 Y120.432 E.07459
G1 X138.615 Y119.935 E.07461
G1 X137.846 Y119.397 E.07469
G1 X137.108 Y118.82 E.07455
G1 X136.4 Y118.205 E.07463
G1 X135.725 Y117.553 E.07468
G1 X135.086 Y116.867 E.07461
G1 X134.477 Y116.142 E.07535
G1 X134.108 Y115.661 E.04825
G1 X133.56 Y114.878 E.07606
G1 X133.234 Y114.366 E.0483
G1 X132.76 Y113.546 E.07537
G1 X132.334 Y112.71 E.07467
G1 X131.953 Y111.854 E.07456
G1 X131.617 Y110.978 E.07467
G1 X131.327 Y110.087 E.07457
G1 X131.083 Y109.175 E.07513
G1 X130.937 Y108.508 E.05434
G1 X130.787 Y107.648 E.06947
G1 X130.672 Y106.716 E.07473
G1 X130.607 Y105.781 E.07459
G1 X130.591 Y104.843 E.07466
G1 X130.624 Y103.9 E.07509
G1 X130.679 Y103.22 E.05429
G1 X130.786 Y102.354 E.06944
G1 X130.949 Y101.429 E.07475
G1 X131.162 Y100.509 E.07515
G1 X131.346 Y99.852 E.0543
G1 X131.617 Y99.023 E.06941
G1 X131.953 Y98.146 E.07474
G1 X132.335 Y97.289 E.07467
G1 X132.76 Y96.454 E.07456
G1 X133.232 Y95.636 E.07516
G1 X133.601 Y95.062 E.0543
G1 X134.102 Y94.348 E.06941
G1 X134.68 Y93.608 E.07473
G1 X135.295 Y92.9 E.07463
G1 X135.953 Y92.219 E.07536
G1 X136.393 Y91.801 E.0483
G1 X137.108 Y91.18 E.07537
G1 X137.847 Y90.603 E.07461
G1 X138.615 Y90.065 E.07462
G1 X139.416 Y89.565 E.07514
G1 X140.01 Y89.23 E.05427
G1 X140.788 Y88.835 E.06944
G1 X141.646 Y88.453 E.07474
G1 X142.528 Y88.115 E.07517
G1 X143.175 Y87.9 E.05426
G1 X144.015 Y87.661 E.0695
G1 X144.93 Y87.449 E.07475
G1 X145.853 Y87.287 E.07458
G1 X146.784 Y87.172 E.07465
G1 X147.719 Y87.107 E.07459
G1 X148.608 Y87.091 E.07076
G1 X148.622 Y88.048 F12000
G1 F3134.537
G1 X148.648 Y88.048 E.00207
G1 X149.544 Y88.079 E.07135
G1 X150.182 Y88.131 E.05094
G1 X151.004 Y88.233 E.06592
G1 X151.88 Y88.388 E.0708
G1 X152.754 Y88.589 E.07137
G1 X153.37 Y88.762 E.05092
G1 X154.157 Y89.019 E.06589
G1 X154.988 Y89.338 E.07084
G1 X155.799 Y89.699 E.07065
G1 X156.589 Y90.102 E.07058
G1 X157.366 Y90.55 E.07138
G1 X157.905 Y90.895 E.05093
G1 X158.582 Y91.371 E.06586
G1 X159.283 Y91.919 E.07081
G1 X159.953 Y92.501 E.07063
G1 X160.592 Y93.118 E.07069
G1 X161.197 Y93.767 E.07061
G1 X161.768 Y94.447 E.07066
G1 X162.31 Y95.166 E.07166
G1 X162.63 Y95.632 E.04499
G1 X163.107 Y96.396 E.07168
G1 X163.537 Y97.172 E.0706
G1 X163.926 Y97.97 E.07065
G1 X164.278 Y98.799 E.07167
G1 X164.476 Y99.329 E.04503
G1 X164.755 Y100.185 E.07165
G1 X164.984 Y101.043 E.07067
G1 X165.169 Y101.911 E.07063
G1 X165.308 Y102.787 E.07059
G1 X165.372 Y103.402 E.04921
G1 X165.441 Y104.53 E.08994
G1 X165.452 Y105.161 E.05022
G1 X165.438 Y105.726 E.04498
G1 X165.375 Y106.625 E.07172
G1 X165.266 Y107.506 E.07065
G1 X165.112 Y108.38 E.07063
G1 X164.913 Y109.245 E.07064
G1 X164.668 Y110.098 E.07063
G1 X164.379 Y110.937 E.07062
G1 X164.042 Y111.772 E.07166
G1 X163.807 Y112.287 E.04505
G1 X163.398 Y113.089 E.07164
G1 X162.954 Y113.858 E.07067
G1 X162.471 Y114.602 E.07059
G1 X161.949 Y115.32 E.07064
G1 X161.382 Y116.02 E.07169
G1 X161.008 Y116.444 E.04499
G1 X160.382 Y117.092 E.0717
G1 X159.733 Y117.697 E.07061
G1 X159.053 Y118.267 E.07061
G1 X158.344 Y118.802 E.07068
G1 X157.608 Y119.298 E.07063
G1 X156.836 Y119.762 E.07168
G1 X156.34 Y120.032 E.04494
G1 X155.53 Y120.426 E.07168
G1 X154.701 Y120.778 E.07167
G1 X154.171 Y120.976 E.04503
G1 X153.315 Y121.255 E.07165
G1 X152.457 Y121.484 E.07067
G1 X151.589 Y121.669 E.07063
G1 X150.713 Y121.808 E.07059
G1 X149.817 Y121.902 E.0717
G1 X149.253 Y121.936 E.04497
G1 X148.339 Y121.952 E.07275
G1 X147.774 Y121.937 E.04498
G1 X146.875 Y121.875 E.07171
G1 X145.994 Y121.766 E.07065
G1 X145.107 Y121.61 E.07167
G1 X144.555 Y121.488 E.04499
G1 X143.685 Y121.255 E.07168
G1 X142.841 Y120.98 E.07064
G1 X142 Y120.657 E.07169
G1 X141.482 Y120.432 E.04494
G1 X140.672 Y120.037 E.07172
G1 X139.896 Y119.607 E.0706
G1 X139.143 Y119.136 E.07068
G1 X138.416 Y118.627 E.07063
G1 X137.717 Y118.081 E.07059
G1 X137.047 Y117.499 E.07063
G1 X136.408 Y116.882 E.07069
G1 X135.803 Y116.233 E.07061
G1 X135.224 Y115.543 E.07168
G1 X134.88 Y115.095 E.04495
G1 X134.356 Y114.346 E.07275
G1 X134.052 Y113.869 E.04501
G1 X133.602 Y113.089 E.07166
G1 X133.199 Y112.298 E.07065
G1 X132.838 Y111.487 E.07065
G1 X132.52 Y110.659 E.07059
G1 X132.245 Y109.815 E.07064
G1 X132.013 Y108.948 E.07142
G1 X131.876 Y108.323 E.05092
G1 X131.734 Y107.508 E.06584
G1 X131.625 Y106.625 E.0708
G1 X131.563 Y105.739 E.07068
G1 X131.548 Y104.852 E.0706
G1 X131.579 Y103.956 E.07135
G1 X131.631 Y103.318 E.05094
G1 X131.733 Y102.496 E.06592
G1 X131.888 Y101.62 E.0708
G1 X132.089 Y100.746 E.07137
G1 X132.262 Y100.13 E.05092
G1 X132.519 Y99.343 E.06589
G1 X132.838 Y98.512 E.07084
G1 X133.199 Y97.701 E.07065
G1 X133.602 Y96.911 E.07058
G1 X134.05 Y96.134 E.07138
G1 X134.395 Y95.595 E.05093
G1 X134.871 Y94.918 E.06586
G1 X135.419 Y94.217 E.07081
G1 X136.001 Y93.547 E.07063
G1 X136.627 Y92.899 E.0717
G1 X137.037 Y92.51 E.04498
G1 X137.717 Y91.919 E.0717
G1 X138.416 Y91.372 E.07064
G1 X139.143 Y90.863 E.07063
G1 X139.904 Y90.388 E.07139
G1 X140.462 Y90.074 E.05095
G1 X141.2 Y89.699 E.06588
G1 X142.013 Y89.338 E.07079
G1 X142.85 Y89.016 E.07137
G1 X143.457 Y88.815 E.05089
G1 X144.254 Y88.588 E.06595
G1 X145.12 Y88.388 E.07073
G1 X145.994 Y88.233 E.07064
G1 X146.875 Y88.125 E.07064
G1 X147.761 Y88.063 E.07068
G1 X148.592 Y88.049 E.06614
G1 X148.24 Y88.61 F12000
;TYPE:Internal infill
T0
;WIDTH:0.675
G1 F4746.238
G1 X149.071 Y88.618 E.04368
G1 X150.202 Y88.723 E.0597
G1 X150.509 Y89.063 E.02408
G1 X150.612 Y89.402 E.01862
G1 X150.56 Y90.08 E.03574
G1 X150.37 Y90.758 E.03701
G1 X150.082 Y91.436 E.03872
G1 X149.66 Y92.114 E.04197
G1 X149.01 Y92.793 E.0494
G1 X147.985 Y93.471 E.06459
G1 X146.798 Y94.149 E.07185
G1 X146.491 Y94.488 E.02404
G1 X146.388 Y94.827 E.01862
G1 X146.44 Y95.505 E.03574
G1 X146.63 Y96.184 E.03706
G1 X146.918 Y96.862 E.03872
G1 X147.34 Y97.54 E.04197
G1 X147.99 Y98.218 E.04936
G1 X149.015 Y98.896 E.06459
G1 X150.202 Y99.574 E.07185
G1 X150.509 Y99.914 E.02408
G1 X150.612 Y100.253 E.01862
G1 X150.56 Y100.931 E.03574
G1 X150.37 Y101.609 E.03701
G1 X150.082 Y102.287 E.03872
G1 X149.66 Y102.965 E.04197
G1 X149.01 Y103.644 E.0494
G1 X147.985 Y104.322 E.06459
G1 X146.798 Y105 E.07185
G1 X146.491 Y105.339 E.02404
G1 X146.388 Y105.678 E.01862
G1 X146.44 Y106.356 E.03574
G1 X146.63 Y107.035 E.03706
G1 X146.918 Y107.713 E.03872
G1 X147.34 Y108.391 E.04197
G1 X147.99 Y109.069 E.04936
G1 X149.015 Y109.747 E.06459
G1 X150.202 Y110.426 E.07187
G1 X150.509 Y110.765 E.02404
G1 X150.612 Y111.104 E.01862
G1 X150.56 Y111.782 E.03574
G1 X150.37 Y112.46 E.03701
G1 X150.082 Y113.138 E.03872
G1 X149.66 Y113.816 E.04197
G1 X149.01 Y114.495 E.0494
G1 X147.985 Y115.173 E.06459
G1 X146.798 Y115.851 E.07185
G1 X146.491 Y116.19 E.02404
G1 X146.388 Y116.529 E.01862
G1 X146.44 Y117.207 E.03574
G1 X146.63 Y117.886 E.03706
G1 X146.918 Y118.564 E.03872
G1 X147.34 Y119.242 E.04197
G1 X147.99 Y119.92 E.04936
G1 X149.015 Y120.598 E.06459
G1 X150.224 Y121.301 E.0735
G1 X151.988 Y121.016 E.09391
G1 X151.814 Y120.598 E.0238
G1 X151.866 Y119.92 E.03574
G1 X152.056 Y119.242 E.03701
G1 X152.344 Y118.564 E.03872
G1 X152.765 Y117.886 E.04194
G1 X153.415 Y117.207 E.0494
G1 X154.441 Y116.529 E.06463
G1 X155.627 Y115.851 E.0718
G1 X155.935 Y115.512 E.02407
G1 X156.037 Y115.173 E.01861
G1 X155.985 Y114.495 E.03574
G1 X155.795 Y113.816 E.03706
G1 X155.507 Y113.138 E.03872
G1 X155.086 Y112.46 E.04194
G1 X154.436 Y111.782 E.04936
G1 X153.41 Y111.104 E.06463
G1 X152.224 Y110.426 E.0718
G1 X151.916 Y110.086 E.02411
G1 X151.814 Y109.747 E.01861
G1 X151.866 Y109.069 E.03574
G1 X152.056 Y108.391 E.03701
G1 X152.344 Y107.713 E.03872
G1 X152.765 Y107.035 E.04194
G1 X153.415 Y106.356 E.0494
G1 X154.441 Y105.678 E.06463
G1 X155.627 Y105 E.0718
G1 X155.935 Y104.661 E.02407
G1 X156.037 Y104.322 E.01861
G1 X155.985 Y103.644 E.03574
G1 X155.795 Y102.965 E.03706
G1 X155.507 Y102.287 E.03872
G1 X155.086 Y101.609 E.04194
G1 X154.436 Y100.931 E.04936
G1 X153.41 Y100.253 E.06463
G1 X152.224 Y99.574 E.07183
G1 X151.916 Y99.235 E.02407
G1 X151.814 Y98.896 E.01861
G1 X151.866 Y98.218 E.03574
G1 X152.056 Y97.54 E.03701
G1 X152.344 Y96.862 E.03872
G1 X152.765 Y96.184 E.04194
G1 X153.415 Y95.505 E.0494
G1 X154.441 Y94.827 E.06463
G1 X155.627 Y94.149 E.0718
G1 X155.935 Y93.81 E.02407
G1 X156.037 Y93.471 E.01861
G1 X155.985 Y92.793 E.03574
G1 X155.795 Y92.114 E.03706
G1 X155.507 Y91.436 E.03872
G1 X155.086 Y90.758 E.04194
G1 X154.436 Y90.08 E.04936
G1 X153.238 Y89.303 E.07505
G1 X151.394 Y88.866 E.0996
G1 E-3 F7200
G1 Z1.4 F3000
G1 X133.221 Y99.063 F12000
G1 Z1.2 F3000
M73 P31 R7
G1 E3 F7200
G1 F4746.238
G1 X132.633 Y100.864 E.09957
G1 X133.384 Y101.609 E.0556
G1 X133.805 Y102.287 E.04194
G1 X134.093 Y102.965 E.03872
G1 X134.283 Y103.644 E.03706
G1 X134.335 Y104.322 E.03574
G1 X134.233 Y104.661 E.01861
G1 X133.925 Y105 E.02407
G1 X132.143 Y106.072 E.1093
G1 X132.375 Y107.952 E.09956
G1 E-3 F7200
G1 Z1.4 F3000
G1 X134.966 Y114.25 F12000
G1 Z1.2 F3000
G1 E3 F7200
G1 F4746.238
G1 X136.123 Y115.75 E.09956
G1 X137.134 Y115.173 E.06118
G1 X138.159 Y114.495 E.06459
G1 X138.809 Y113.816 E.0494
G1 X139.231 Y113.138 E.04197
G1 X139.519 Y112.46 E.03872
G1 X139.709 Y111.782 E.03701
G1 X139.761 Y111.104 E.03574
G1 X139.658 Y110.765 E.01862
G1 X139.351 Y110.426 E.02404
G1 X138.164 Y109.747 E.07187
G1 X137.139 Y109.069 E.06459
G1 X136.489 Y108.391 E.04936
G1 X136.067 Y107.713 E.04197
G1 X135.779 Y107.035 E.03872
G1 X135.589 Y106.356 E.03706
G1 X135.537 Y105.678 E.03574
G1 X135.64 Y105.339 E.01862
G1 X135.947 Y105 E.02404
G1 X137.134 Y104.322 E.07185
G1 X138.159 Y103.644 E.06459
G1 X138.809 Y102.965 E.0494
G1 X139.231 Y102.287 E.04197
G1 X139.519 Y101.609 E.03872
G1 X139.709 Y100.931 E.03701
G1 X139.761 Y100.253 E.03574
G1 X139.658 Y99.914 E.01862
G1 X139.351 Y99.574 E.02408
G1 X138.164 Y98.896 E.07185
G1 X137.139 Y98.218 E.06459
G1 X136.489 Y97.54 E.04936
G1 X136.067 Y96.862 E.04197
G1 X135.779 Y96.184 E.03872
G1 X135.589 Y95.505 E.03706
G1 X135.547 Y94.954 E.02904
G1 X136.493 Y93.837 E.07693
G1 X138.159 Y92.793 E.10333
G1 X138.809 Y92.114 E.0494
G1 X139.182 Y91.514 E.03713
G1 X140.724 Y90.564 E.09519
G1 X141.439 Y90.201 E.04214
G1 X142.866 Y89.605 E.08128
G1 X143.585 Y90.08 E.04529
G1 X144.235 Y90.758 E.04936
G1 X144.656 Y91.436 E.04194
G1 X144.944 Y92.114 E.03872
G1 X145.134 Y92.793 E.03706
G1 X145.186 Y93.471 E.03574
G1 X145.084 Y93.81 E.01861
G1 X144.776 Y94.149 E.02407
G1 X143.59 Y94.827 E.0718
G1 X142.564 Y95.505 E.06463
G1 X141.914 Y96.184 E.0494
G1 X141.493 Y96.862 E.04194
G1 X141.205 Y97.54 E.03872
G1 X141.015 Y98.218 E.03701
G1 X140.963 Y98.896 E.03574
G1 X141.065 Y99.235 E.01861
G1 X141.373 Y99.574 E.02407
G1 X142.559 Y100.253 E.07183
G1 X143.585 Y100.931 E.06463
G1 X144.235 Y101.609 E.04936
G1 X144.656 Y102.287 E.04194
G1 X144.944 Y102.965 E.03872
G1 X145.134 Y103.644 E.03706
G1 X145.186 Y104.322 E.03574
G1 X145.084 Y104.661 E.01861
G1 X144.776 Y105 E.02407
G1 X143.59 Y105.678 E.0718
G1 X142.564 Y106.356 E.06463
G1 X141.914 Y107.035 E.0494
G1 X141.493 Y107.713 E.04194
G1 X141.205 Y108.391 E.03872
G1 X141.015 Y109.069 E.03701
G1 X140.963 Y109.747 E.03574
G1 X141.065 Y110.086 E.01861
G1 X141.373 Y110.426 E.02411
G1 X142.559 Y111.104 E.0718
G1 X143.585 Y111.782 E.06463
G1 X144.235 Y112.46 E.04936
G1 X144.656 Y113.138 E.04194
G1 X144.944 Y113.816 E.03872
G1 X145.134 Y114.495 E.03706
G1 X145.186 Y115.173 E.03574
G1 X145.084 Y115.512 E.01861
G1 X144.776 Y115.851 E.02407
G1 X143.59 Y116.529 E.0718
G1 X142.564 Y117.207 E.06463
G1 X141.914 Y117.886 E.0494
G1 X141.493 Y118.564 E.04194
G1 X141.097 Y119.627 E.05962
G1 X142.835 Y120.383 E.09961
G1 E-3 F7200
G1 Z1.4 F3000
G1 X159.256 Y117.373 F12000
G1 Z1.2 F3000
G1 E3 F7200
G1 F4746.238
G1 X157.755 Y118.529 E.09957
G1 X157.481 Y117.886 E.03673
G1 X157.291 Y117.207 E.03706
G1 X157.239 Y116.529 E.03574
G1 X157.342 Y116.19 E.01862
G1 X157.649 Y115.851 E.02404
G1 X158.836 Y115.173 E.07185
G1 X159.861 Y114.495 E.06459
G1 X160.511 Y113.816 E.0494
G1 X160.933 Y113.138 E.04197
G1 X161.221 Y112.46 E.03872
G1 X161.411 Y111.782 E.03701
G1 X161.463 Y111.104 E.03574
G1 X161.36 Y110.765 E.01862
G1 X161.053 Y110.426 E.02404
G1 X159.866 Y109.747 E.07187
G1 X158.841 Y109.069 E.06459
G1 X158.191 Y108.391 E.04936
G1 X157.769 Y107.713 E.04197
G1 X157.481 Y107.035 E.03872
G1 X157.291 Y106.356 E.03706
G1 X157.239 Y105.678 E.03574
G1 X157.342 Y105.339 E.01862
G1 X157.649 Y105 E.02404
G1 X158.836 Y104.322 E.07185
G1 X159.861 Y103.644 E.06459
G1 X160.511 Y102.965 E.0494
G1 X160.933 Y102.287 E.04197
G1 X161.221 Y101.609 E.03872
G1 X161.411 Y100.931 E.03701
G1 X161.463 Y100.253 E.03574
G1 X161.36 Y99.914 E.01862
G1 X161.053 Y99.574 E.02408
G1 X159.866 Y98.896 E.07185
G1 X158.841 Y98.218 E.06459
G1 X158.191 Y97.54 E.04936
G1 X157.769 Y96.862 E.04197
G1 X157.481 Y96.184 E.03872
G1 X157.291 Y95.505 E.03706
G1 X157.239 Y94.827 E.03574
G1 X157.342 Y94.488 E.01862
G1 X157.649 Y94.149 E.02404
G1 X159.62 Y92.952 E.1212
G1 X160.934 Y94.318 E.09962
G1 E-3 F7200
G1 Z1.4 F3000
G1 X162.013 Y95.715 F12000
G1 Z1.2 F3000
G1 E3 F7200
G1 F4746.238
G1 X162.993 Y97.336 E.09956
G1 X162.717 Y98.218 E.04857
G1 X162.665 Y98.896 E.03574
G1 X162.767 Y99.235 E.01861
G1 X163.075 Y99.574 E.02407
G1 X164.177 Y100.204 E.06672
G1 X164.628 Y102.045 E.09962
G1 E-3 F7200
G1 Z1.4 F3000
G1 X164.869 Y104.066 F12000
G1 Z1.2 F3000
G1 E3 F7200
G1 F4746.238
G1 X164.864 Y105.961 E.0996
G1 X164.266 Y106.356 E.03767
G1 X163.616 Y107.035 E.0494
G1 X163.195 Y107.713 E.04194
G1 X162.907 Y108.391 E.03872
G1 X162.717 Y109.069 E.03701
M73 P32 R7
G1 X162.665 Y109.747 E.03574
G1 X162.767 Y110.086 E.01861
G1 X163.075 Y110.426 E.02411
G1 X163.816 Y110.849 E.04484
G1 X163.036 Y112.576 E.0996
;LAYER_CHANGE
;Z:1.4
;HEIGHT:0.2

G1 E-3 F7200
G1 Z1.4 F3000
;AFTER_LAYER_CHANGE
;1.4
G92 E0
_ON_LAYER_CHANGE LAYER=7
G1 Z1.6
G1 X148.669 Y85.343 F12000
G1 Z1.4 F3000
G1 E3 F7200
;TYPE:External perimeter
;WIDTH:0.674999
G1 F4746.242
G1 X149.358 Y85.356 E.03622
G1 X150.385 Y85.428 E.05411
G1 X151.407 Y85.554 E.05412
G1 X152.42 Y85.732 E.05406
G1 X153.425 Y85.964 E.05421
G1 X154.083 Y86.147 E.0359
G1 X155.064 Y86.466 E.05422
G1 X156.026 Y86.835 E.05415
G1 X156.653 Y87.107 E.03592
G1 X157.579 Y87.559 E.05416
G1 X158.48 Y88.058 E.05413
G1 X159.353 Y88.604 E.05412
G1 X160.196 Y89.194 E.05408
G1 X161.007 Y89.828 E.0541
G1 X161.785 Y90.505 E.0542
G1 X162.762 Y91.464 E.07195
G1 X163.452 Y92.231 E.05422
G1 X164.099 Y93.031 E.05408
G1 X164.705 Y93.865 E.05418
G1 X165.083 Y94.434 E.0359
G1 X165.613 Y95.318 E.05417
G1 X166.097 Y96.227 E.05413
G1 X166.532 Y97.16 E.0541
G1 X166.917 Y98.114 E.05407
G1 X167.252 Y99.088 E.05413
G1 X167.536 Y100.077 E.05408
G1 X167.768 Y101.082 E.05421
G1 X167.893 Y101.754 E.03592
G1 X168.036 Y102.774 E.05413
G1 X168.126 Y103.8 E.05413
G1 X168.162 Y104.829 E.05411
G1 X168.144 Y105.858 E.05409
G1 X168.072 Y106.885 E.05411
G1 X167.946 Y107.908 E.05417
G1 X167.833 Y108.582 E.03592
G1 X167.619 Y109.59 E.05416
G1 X167.352 Y110.586 E.0542
G1 X167.147 Y111.238 E.03592
G1 X166.794 Y112.207 E.0542
G1 X166.392 Y113.154 E.05407
G1 X165.941 Y114.079 E.05409
G1 X165.442 Y114.98 E.05413
G1 X164.895 Y115.854 E.05419
G1 X164.508 Y116.417 E.03591
G1 X163.888 Y117.24 E.05416
G1 X163.226 Y118.029 E.05413
G1 X162.524 Y118.782 E.05411
G1 X161.782 Y119.498 E.05419
G1 X161.271 Y119.951 E.03589
G1 X160.469 Y120.599 E.05419
G1 X159.636 Y121.205 E.05414
G1 X159.066 Y121.582 E.03592
G1 X158.182 Y122.113 E.0542
G1 X157.273 Y122.597 E.05413
G1 X156.339 Y123.032 E.05415
G1 X155.707 Y123.294 E.03596
G1 X154.739 Y123.646 E.05414
G1 X153.754 Y123.947 E.05413
G1 X152.755 Y124.196 E.05411
G1 X151.745 Y124.393 E.05408
G1 X150.726 Y124.536 E.05408
G1 X149.7 Y124.626 E.05413
G1 X148.671 Y124.662 E.05411
G1 X147.642 Y124.644 E.05409
G1 X146.615 Y124.572 E.05411
G1 X145.593 Y124.446 E.05412
G1 X144.578 Y124.267 E.05417
G1 X143.911 Y124.119 E.03591
G1 X142.915 Y123.853 E.05418
G1 X141.936 Y123.534 E.05412
G1 X140.974 Y123.165 E.05415
G1 X140.266 Y122.855 E.04062
G1 X139.421 Y122.441 E.04946
G1 X138.52 Y121.942 E.05413
G1 X137.647 Y121.396 E.05412
G1 X136.804 Y120.806 E.05408
G1 X135.993 Y120.172 E.0541
G1 X135.215 Y119.495 E.0542
G1 X134.719 Y119.025 E.03591
G1 X134.002 Y118.282 E.05427
G1 X133.549 Y117.771 E.03589
G1 X132.901 Y116.969 E.05419
G1 X132.296 Y116.137 E.05407
G1 X131.734 Y115.273 E.05417
G1 X131.344 Y114.605 E.04065
G1 X130.903 Y113.773 E.04949
G1 X130.468 Y112.839 E.05415
G1 X130.206 Y112.207 E.03596
G1 X129.854 Y111.239 E.05414
G1 X129.553 Y110.254 E.05413
G1 X129.304 Y109.255 E.05411
G1 X129.107 Y108.245 E.05408
G1 X128.964 Y107.226 E.05408
G1 X128.874 Y106.2 E.05413
G1 X128.838 Y105.171 E.05411
G1 X128.856 Y104.142 E.05409
G1 X128.928 Y103.115 E.05411
G1 X129.054 Y102.092 E.05417
G1 X129.184 Y101.33 E.04063
G1 X129.381 Y100.41 E.04945
G1 X129.647 Y99.415 E.05413
G1 X129.966 Y98.436 E.05412
G1 X130.335 Y97.474 E.05415
G1 X130.607 Y96.847 E.03592
G1 X131.059 Y95.921 E.05416
G1 X131.558 Y95.02 E.05413
G1 X132.104 Y94.147 E.05412
G1 X132.695 Y93.303 E.05415
G1 X133.168 Y92.691 E.04065
G1 X133.774 Y91.971 E.04946
G1 X134.476 Y91.218 E.05411
G1 X135.216 Y90.503 E.05408
G1 X135.993 Y89.828 E.05409
G1 X136.805 Y89.194 E.05414
G1 X137.649 Y88.603 E.05415
G1 X138.225 Y88.236 E.0359
G1 X139.118 Y87.72 E.05421
G1 X140.035 Y87.253 E.05409
G1 X140.976 Y86.834 E.05414
G1 X141.938 Y86.465 E.05415
G1 X142.672 Y86.222 E.04064
G1 X143.577 Y85.964 E.04946
G1 X144.58 Y85.732 E.05411
G1 X145.594 Y85.554 E.05411
G1 X146.616 Y85.428 E.05412
G1 X147.644 Y85.356 E.05416
G1 X148.417 Y85.338 E.04064
G1 X148.639 Y85.343 E.01167
G1 X149.239 Y85.354 F12000
G1 X148.655 Y86.138
;TYPE:Perimeter
T1
;WIDTH:0.999999
G1 F3134.537
G1 X149.322 Y86.15 E.05309
G1 X150.309 Y86.219 E.07874
G1 X151.289 Y86.34 E.07858
G1 X152.262 Y86.511 E.07862
G1 X153.229 Y86.735 E.07899
G1 X153.854 Y86.908 E.05161
G1 X154.798 Y87.215 E.079
G1 X155.725 Y87.571 E.07903
G1 X156.32 Y87.829 E.05161
G1 X157.212 Y88.264 E.07898
G1 X158.076 Y88.743 E.07862
G1 X158.914 Y89.267 E.07865
G1 X159.723 Y89.833 E.07857
G1 X160.501 Y90.442 E.07863
G1 X161.251 Y91.093 E.07903
G1 X161.725 Y91.543 E.05201
G1 X162.183 Y92.009 E.052
G1 X162.847 Y92.747 E.079
G1 X163.469 Y93.514 E.07859
G1 X164.052 Y94.318 E.07903
G1 X164.41 Y94.858 E.05156
G1 X164.922 Y95.709 E.07904
G1 X165.385 Y96.582 E.07864
G1 X165.803 Y97.477 E.07861
G1 X166.173 Y98.393 E.07862
G1 X166.494 Y99.327 E.0786
G1 X166.767 Y100.276 E.07859
G1 X166.917 Y100.927 E.05316
G1 X167.049 Y101.562 E.05161
G1 X167.178 Y102.375 E.06551
G1 X167.289 Y103.356 E.07857
G1 X167.35 Y104.342 E.07862
G1 X167.35 Y105.823 E.11786
G1 X167.281 Y106.809 E.07866
G1 X167.16 Y107.794 E.07898
G1 X167.053 Y108.434 E.05164
G1 X166.846 Y109.405 E.07901
G1 X166.589 Y110.364 E.07901
G1 X166.394 Y110.982 E.05157
G1 X166.055 Y111.915 E.079
G1 X165.669 Y112.824 E.07859
G1 X165.236 Y113.712 E.07862
G1 X164.757 Y114.576 E.07862
G1 X164.231 Y115.418 E.07901
G1 X163.863 Y115.953 E.05168
G1 X163.266 Y116.745 E.07893
G1 X162.631 Y117.502 E.07863
G1 X161.957 Y118.225 E.07866
G1 X161.243 Y118.914 E.07896
G1 X160.757 Y119.344 E.05164
G1 X159.986 Y119.969 E.07898
G1 X159.183 Y120.552 E.07897
G1 X158.642 Y120.91 E.05163
G1 X157.791 Y121.422 E.07904
G1 X156.918 Y121.885 E.07864
G1 X156.019 Y122.305 E.07897
G1 X155.419 Y122.553 E.05167
G1 X154.487 Y122.893 E.07895
G1 X153.542 Y123.181 E.07862
G1 X152.583 Y123.42 E.07865
G1 X151.614 Y123.609 E.07857
G1 X150.636 Y123.746 E.07859
G1 X149.652 Y123.832 E.07861
G1 X148.664 Y123.867 E.07868
G1 X147.677 Y123.85 E.07856
G1 X146.691 Y123.781 E.07866
G1 X145.711 Y123.66 E.07858
G1 X144.733 Y123.488 E.07903
G1 X144.1 Y123.347 E.05161
G1 X143.141 Y123.09 E.07901
G1 X142.202 Y122.785 E.07857
G1 X141.276 Y122.43 E.07892
G1 X140.6 Y122.134 E.05873
G1 X139.789 Y121.736 E.07189
G1 X138.924 Y121.257 E.07869
G1 X138.086 Y120.733 E.07865
G1 X137.277 Y120.167 E.07857
G1 X136.499 Y119.558 E.07863
G1 X135.749 Y118.907 E.07903
G1 X135.279 Y118.461 E.05156
G1 X134.586 Y117.743 E.07941
G1 X134.156 Y117.257 E.05164
G1 X133.531 Y116.486 E.07898
G1 X132.951 Y115.686 E.07864
G1 X132.411 Y114.855 E.07887
G1 X132.038 Y114.218 E.05874
G1 X131.615 Y113.419 E.07195
G1 X131.195 Y112.519 E.07904
G1 X130.947 Y111.919 E.05167
G1 X130.607 Y110.987 E.07895
G1 X130.319 Y110.042 E.07862
G1 X130.08 Y109.083 E.07865
G1 X129.891 Y108.114 E.07857
G1 X129.754 Y107.136 E.07859
G1 X129.668 Y106.152 E.07861
G1 X129.633 Y105.164 E.07868
G1 X129.65 Y104.177 E.07856
G1 X129.719 Y103.191 E.07866
G1 X129.84 Y102.208 E.07882
G1 X129.964 Y101.48 E.05877
G1 X130.154 Y100.596 E.07196
G1 X130.41 Y99.641 E.07868
G1 X130.715 Y98.702 E.07857
G1 X131.071 Y97.775 E.07903
G1 X131.329 Y97.18 E.05161
G1 X131.764 Y96.288 E.07898
G1 X132.243 Y95.424 E.07862
G1 X132.767 Y94.586 E.07865
G1 X133.335 Y93.774 E.07886
G1 X133.787 Y93.19 E.05877
G1 X134.369 Y92.498 E.07196
G1 X135.043 Y91.775 E.07866
G1 X135.753 Y91.089 E.07857
G1 X136.499 Y90.441 E.07864
G1 X137.277 Y89.833 E.07858
G1 X138.091 Y89.264 E.07904
G1 X138.638 Y88.915 E.05164
G1 X139.497 Y88.419 E.07894
G1 X140.378 Y87.97 E.07869
G1 X141.28 Y87.569 E.07856
G1 X142.205 Y87.213 E.07888
G1 X142.906 Y86.981 E.05876
G1 X143.775 Y86.734 E.0719
G1 X144.739 Y86.511 E.07874
G1 X145.711 Y86.34 E.07854
G1 X146.692 Y86.219 E.07866
G1 X147.681 Y86.15 E.0789
G1 X148.419 Y86.133 E.05875
G1 X148.625 Y86.137 E.0164
G1 X148.638 Y87.095 F12000
G1 F3134.537
G1 X149.28 Y87.107 E.0511
G1 X150.217 Y87.172 E.07475
G1 X151.148 Y87.287 E.07465
G1 X152.071 Y87.449 E.07458
G1 X152.993 Y87.662 E.07531
G1 X153.578 Y87.825 E.04833
G1 X154.479 Y88.117 E.07537
G1 X155.363 Y88.457 E.07537
G1 X155.919 Y88.699 E.04826
G1 X156.77 Y89.114 E.07535
G1 X157.59 Y89.568 E.07459
G1 X158.386 Y90.065 E.07468
G1 X159.154 Y90.603 E.07462
G1 X159.892 Y91.18 E.07455
G1 X160.607 Y91.801 E.07537
G1 X161.054 Y92.225 E.04903
G1 X161.486 Y92.665 E.04907
G1 X162.119 Y93.368 E.07528
G1 X162.709 Y94.097 E.07463
G1 X163.266 Y94.863 E.07537
G1 X163.601 Y95.369 E.04829
G1 X164.088 Y96.181 E.07535
G1 X164.529 Y97.009 E.07466
G1 X164.925 Y97.859 E.07462
G1 X165.276 Y98.728 E.07458
G1 X165.581 Y99.615 E.07465
G1 X165.84 Y100.516 E.07461
G1 X165.984 Y101.143 E.0512
G1 X166.108 Y101.737 E.04829
G1 X166.23 Y102.509 E.0622
G1 X166.336 Y103.44 E.07457
G1 X166.393 Y104.375 E.07455
G1 X166.393 Y105.781 E.11189
G1 X166.328 Y106.717 E.07467
G1 X166.212 Y107.657 E.07537
G1 X166.112 Y108.255 E.04825
G1 X165.915 Y109.181 E.07534
G1 X165.67 Y110.096 E.07538
G1 X165.488 Y110.675 E.0483
G1 X165.164 Y111.564 E.0753
G1 X164.797 Y112.427 E.07463
G1 X164.386 Y113.27 E.07464
G1 X163.932 Y114.09 E.07459
G1 X163.43 Y114.893 E.07536
G1 X163.086 Y115.393 E.0483
G1 X162.516 Y116.149 E.07535
G1 X161.914 Y116.868 E.07463
G1 X161.274 Y117.554 E.07466
G1 X160.593 Y118.211 E.0753
G1 X160.139 Y118.613 E.04826
G1 X159.403 Y119.209 E.07537
G1 X158.637 Y119.766 E.07537
G1 X158.131 Y120.101 E.04829
G1 X157.319 Y120.588 E.07535
G1 X156.491 Y121.029 E.07466
G1 X155.633 Y121.429 E.07534
G1 X155.072 Y121.661 E.04831
G1 X154.183 Y121.985 E.0753
G1 X153.286 Y122.259 E.07464
G1 X152.376 Y122.486 E.07464
G1 X151.456 Y122.665 E.07459
G1 X150.527 Y122.795 E.07465
G1 X149.593 Y122.877 E.07461
G1 X148.656 Y122.909 E.07461
G1 X147.719 Y122.893 E.07458
G1 X146.783 Y122.828 E.07467
G1 X145.852 Y122.713 E.07465
G1 X144.92 Y122.549 E.07531
G1 X144.327 Y122.418 E.04833
G1 X143.413 Y122.173 E.07531
G1 X142.521 Y121.883 E.07464
G1 X141.64 Y121.545 E.07509
G1 X141.003 Y121.265 E.05537
G1 X140.231 Y120.887 E.06841
G1 X139.41 Y120.432 E.0747
G1 X138.614 Y119.935 E.07468
G1 X137.846 Y119.397 E.07462
G1 X137.108 Y118.82 E.07455
G1 X136.393 Y118.199 E.07537
G1 X135.953 Y117.781 E.0483
G1 X135.289 Y117.093 E.07609
G1 X134.887 Y116.639 E.04826
G1 X134.291 Y115.903 E.07537
G1 X133.74 Y115.144 E.07464
M73 P33 R7
G1 X133.226 Y114.353 E.07507
G1 X132.874 Y113.752 E.05543
G1 X132.472 Y112.993 E.06835
G1 X132.071 Y112.133 E.07551
G1 X131.839 Y111.572 E.04831
G1 X131.515 Y110.683 E.0753
G1 X131.241 Y109.786 E.07464
G1 X131.014 Y108.876 E.07464
G1 X130.835 Y107.956 E.07459
G1 X130.705 Y107.027 E.07465
G1 X130.623 Y106.093 E.07461
G1 X130.591 Y105.156 E.07461
G1 X130.607 Y104.219 E.07458
G1 X130.672 Y103.283 E.07467
G1 X130.787 Y102.347 E.07505
G1 X130.904 Y101.661 E.05538
G1 X131.084 Y100.82 E.06844
G1 X131.327 Y99.913 E.07473
G1 X131.617 Y99.021 E.07464
G1 X131.957 Y98.137 E.07537
G1 X132.199 Y97.581 E.04826
G1 X132.614 Y96.73 E.07535
G1 X133.068 Y95.91 E.07459
G1 X133.565 Y95.114 E.07468
G1 X134.106 Y94.342 E.07502
G1 X134.532 Y93.791 E.05543
G1 X135.085 Y93.133 E.0684
G1 X135.726 Y92.446 E.07477
G1 X136.4 Y91.795 E.07457
G1 X137.108 Y91.18 E.07463
G1 X137.847 Y90.603 E.07461
G1 X138.622 Y90.06 E.07531
G1 X139.134 Y89.734 E.0483
G1 X139.954 Y89.26 E.07537
G1 X140.79 Y88.834 E.07467
G1 X141.646 Y88.453 E.07456
G1 X142.527 Y88.115 E.07509
G1 X143.188 Y87.896 E.05542
G1 X144.014 Y87.661 E.06834
G1 X144.93 Y87.449 E.07482
G1 X145.853 Y87.287 E.07458
G1 X146.784 Y87.172 E.07465
G1 X147.725 Y87.106 E.07507
G1 X148.421 Y87.09 E.0554
G1 X148.608 Y87.094 E.01489
G1 X148.621 Y88.051 F12000
G1 F3134.537
G1 X149.237 Y88.063 E.04903
G1 X150.125 Y88.125 E.07084
G1 X151.006 Y88.234 E.07065
G1 X151.88 Y88.388 E.07063
G1 X152.758 Y88.59 E.0717
G1 X153.302 Y88.741 E.04493
G1 X154.159 Y89.02 E.07172
G1 X155 Y89.343 E.07169
G1 X155.518 Y89.568 E.04494
G1 X156.328 Y89.963 E.07172
G1 X157.104 Y90.393 E.0706
G1 X157.857 Y90.864 E.07068
G1 X158.584 Y91.373 E.07063
G1 X159.283 Y91.919 E.07059
G1 X159.963 Y92.51 E.0717
G1 X160.383 Y92.908 E.04605
G1 X160.788 Y93.321 E.04603
G1 X161.391 Y93.99 E.07168
G1 X161.95 Y94.68 E.07067
G1 X162.479 Y95.409 E.07168
G1 X162.791 Y95.88 E.04496
G1 X163.255 Y96.652 E.07168
G1 X163.672 Y97.436 E.07067
G1 X164.047 Y98.24 E.0706
G1 X164.379 Y99.063 E.07062
G1 X164.668 Y99.902 E.07062
G1 X164.913 Y100.756 E.0707
G1 X165.052 Y101.358 E.04917
G1 X165.167 Y101.911 E.04495
G1 X165.282 Y102.642 E.05889
G1 X165.382 Y103.523 E.07056
G1 X165.437 Y104.409 E.07064
G1 X165.437 Y105.74 E.10592
G1 X165.375 Y106.625 E.0706
G1 X165.265 Y107.519 E.07168
G1 X165.172 Y108.077 E.04502
G1 X164.984 Y108.958 E.07169
G1 X164.751 Y109.828 E.07168
G1 X164.581 Y110.367 E.04498
G1 X164.273 Y111.213 E.07165
G1 X163.926 Y112.03 E.07064
G1 X163.537 Y112.828 E.07065
G1 X163.107 Y113.604 E.0706
G1 X162.629 Y114.368 E.07172
G1 X162.309 Y114.834 E.04499
G1 X161.767 Y115.553 E.07166
G1 X161.197 Y116.233 E.07061
G1 X160.591 Y116.883 E.07072
G1 X159.943 Y117.508 E.07165
G1 X159.52 Y117.883 E.04499
G1 X158.82 Y118.45 E.07169
G1 X158.091 Y118.979 E.07168
G1 X157.62 Y119.291 E.04496
G1 X156.848 Y119.755 E.07168
G1 X156.064 Y120.172 E.07067
G1 X155.248 Y120.552 E.07163
G1 X154.725 Y120.769 E.04506
G1 X153.879 Y121.077 E.07165
G1 X153.03 Y121.336 E.07064
G1 X152.169 Y121.551 E.07062
G1 X151.298 Y121.72 E.07061
G1 X150.419 Y121.844 E.07064
G1 X149.535 Y121.921 E.07062
G1 X148.648 Y121.952 E.07063
G1 X147.76 Y121.937 E.07068
G1 X146.875 Y121.875 E.0706
G1 X145.994 Y121.766 E.07065
G1 X145.107 Y121.61 E.07167
G1 X144.555 Y121.488 E.04499
G1 X143.685 Y121.255 E.07168
G1 X142.841 Y120.98 E.07064
G1 X142.004 Y120.659 E.07134
G1 X141.406 Y120.397 E.05196
G1 X140.674 Y120.038 E.06488
G1 X139.896 Y119.607 E.07078
G1 X139.143 Y119.136 E.07068
G1 X138.416 Y118.627 E.07063
G1 X137.717 Y118.081 E.07059
G1 X137.037 Y117.49 E.0717
G1 X136.627 Y117.101 E.04498
G1 X135.992 Y116.443 E.07277
G1 X135.617 Y116.02 E.04499
G1 X135.05 Y115.32 E.07169
G1 X134.529 Y114.602 E.0706
G1 X134.041 Y113.85 E.07134
G1 X133.711 Y113.286 E.052
G1 X133.329 Y112.566 E.06486
G1 X132.948 Y111.748 E.07181
G1 X132.731 Y111.225 E.04506
G1 X132.423 Y110.379 E.07165
G1 X132.164 Y109.53 E.07064
G1 X131.949 Y108.669 E.07062
G1 X131.78 Y107.798 E.07061
G1 X131.656 Y106.919 E.07064
G1 X131.579 Y106.035 E.07062
G1 X131.548 Y105.148 E.07063
G1 X131.563 Y104.26 E.07068
G1 X131.625 Y103.375 E.0706
G1 X131.735 Y102.485 E.07137
G1 X131.844 Y101.841 E.05198
G1 X132.015 Y101.045 E.06479
G1 X132.245 Y100.185 E.07085
G1 X132.52 Y99.341 E.07064
G1 X132.843 Y98.5 E.07169
G1 X133.068 Y97.982 E.04494
G1 X133.463 Y97.172 E.07172
G1 X133.893 Y96.396 E.0706
G1 X134.364 Y95.643 E.07068
G1 X134.878 Y94.909 E.07131
G1 X135.277 Y94.392 E.05197
G1 X135.802 Y93.768 E.0649
G1 X136.409 Y93.117 E.07083
G1 X137.047 Y92.501 E.07058
G1 X137.717 Y91.919 E.07063
G1 X138.416 Y91.372 E.07064
G1 X139.154 Y90.856 E.07166
G1 X139.631 Y90.552 E.04501
G1 X140.411 Y90.102 E.07166
G1 X141.202 Y89.699 E.07065
G1 X142.013 Y89.338 E.07065
G1 X142.849 Y89.016 E.07129
G1 X143.47 Y88.811 E.05204
G1 X144.253 Y88.588 E.06479
G1 X145.12 Y88.388 E.07081
G1 X145.994 Y88.233 E.07064
G1 X146.875 Y88.125 E.07064
G1 X147.769 Y88.063 E.07132
G1 X148.423 Y88.048 E.05206
G1 X148.592 Y88.051 E.01345
G1 E-3 F7200
G1 Z1.6 F3000
G1 X158.108 Y91.717 F12000
G1 Z1.4 F3000
G1 E3 F7200
;TYPE:Internal infill
T0
;WIDTH:0.675
G1 F4746.238
G1 X159.579 Y92.912 E.09961
G1 X158.673 Y93.391 E.05386
G1 X157.995 Y93.638 E.03793
G1 X157.316 Y93.811 E.03683
G1 X156.977 Y93.826 E.01783
G1 X156.638 Y93.605 E.02127
G1 X155.96 Y92.133 E.08518
G1 X155.282 Y90.968 E.07084
G1 X154.604 Y90.263 E.05141
G1 X153.926 Y89.807 E.04294
G1 X153.247 Y89.481 E.03959
G1 X152.569 Y89.234 E.03793
G1 X151.891 Y89.061 E.03678
G1 X151.552 Y89.047 E.01783
G1 X151.213 Y89.268 E.02127
G1 X150.535 Y90.739 E.08513
G1 X149.856 Y91.904 E.07087
M73 P33 R6
G1 X149.178 Y92.609 E.05141
G1 X148.5 Y93.066 E.04297
G1 X147.822 Y93.391 E.03952
G1 X147.144 Y93.638 E.03793
G1 X146.465 Y93.811 E.03683
G1 X146.126 Y93.826 E.01783
G1 X145.787 Y93.605 E.02127
G1 X145.109 Y92.133 E.08518
G1 X144.431 Y90.968 E.07084
G1 X143.753 Y90.263 E.05141
G1 X142.748 Y89.65 E.06187
G1 X141.441 Y90.2 E.07453
G1 X140.676 Y90.59 E.04513
G1 X139.337 Y91.405 E.08239
G1 X139.005 Y91.904 E.0315
G1 X138.327 Y92.609 E.05141
G1 X137.649 Y93.066 E.04297
G1 X136.896 Y93.418 E.04369
G1 X136.217 Y94.137 E.05198
G1 X135.242 Y95.357 E.08208
G1 X135.954 Y96.82 E.08551
G1 X136.293 Y97.33 E.03219
G1 X136.971 Y98.035 E.05141
G1 X137.649 Y98.491 E.04294
G1 X138.327 Y98.817 E.03954
G1 X139.005 Y99.064 E.03793
G1 X139.684 Y99.237 E.03683
G1 X140.023 Y99.251 E.01783
G1 X140.362 Y99.03 E.02127
G1 X141.04 Y97.559 E.08513
G1 X141.718 Y96.394 E.07084
G1 X142.396 Y95.689 E.05141
G1 X143.075 Y95.232 E.04302
G1 X143.753 Y94.907 E.03952
G1 X144.431 Y94.66 E.03793
G1 X145.109 Y94.487 E.03678
G1 X145.448 Y94.472 E.01783
G1 X145.787 Y94.693 E.02127
G1 X146.465 Y96.165 E.08518
G1 X147.144 Y97.33 E.07087
G1 X147.822 Y98.035 E.05141
G1 X148.5 Y98.491 E.04294
G1 X149.178 Y98.817 E.03954
G1 X149.856 Y99.064 E.03793
G1 X150.535 Y99.237 E.03683
G1 X150.874 Y99.251 E.01783
G1 X151.213 Y99.03 E.02127
G1 X151.891 Y97.559 E.08513
G1 X152.569 Y96.394 E.07084
G1 X153.247 Y95.689 E.05141
G1 X153.926 Y95.232 E.04302
G1 X154.604 Y94.907 E.03952
G1 X155.282 Y94.66 E.03793
G1 X155.96 Y94.487 E.03678
G1 X156.299 Y94.472 E.01783
G1 X156.638 Y94.693 E.02127
G1 X157.316 Y96.165 E.08518
G1 X157.995 Y97.33 E.07087
G1 X158.673 Y98.035 E.05141
G1 X159.351 Y98.491 E.04294
G1 X160.029 Y98.817 E.03954
G1 X160.707 Y99.064 E.03793
G1 X161.386 Y99.237 E.03683
G1 X161.725 Y99.251 E.01783
G1 X162.064 Y99.03 E.02127
G1 X162.923 Y97.21 E.10577
G1 X163.537 Y98.462 E.07329
G1 X164.232 Y100.396 E.10801
G1 X163.42 Y100.085 E.0457
G1 X162.742 Y99.912 E.03678
G1 X162.403 Y99.898 E.01783
G1 X162.064 Y100.119 E.02127
G1 X161.386 Y101.59 E.08513
G1 X160.707 Y102.755 E.07087
G1 X160.029 Y103.46 E.05141
G1 X159.351 Y103.917 E.04297
G1 X158.673 Y104.242 E.03952
G1 X157.995 Y104.489 E.03793
G1 X157.316 Y104.662 E.03683
G1 X156.977 Y104.677 E.01783
G1 X156.638 Y104.456 E.02127
G1 X155.96 Y102.984 E.08518
G1 X155.282 Y101.819 E.07084
G1 X154.604 Y101.114 E.05141
G1 X153.926 Y100.658 E.04294
G1 X153.247 Y100.332 E.03959
G1 X151.891 Y99.912 E.07461
G1 X151.552 Y99.898 E.01783
G1 X151.213 Y100.119 E.02127
G1 X150.195 Y102.246 E.12393
G1 X149.856 Y102.755 E.03214
G1 X149.178 Y103.46 E.05141
M73 P34 R6
G1 X148.5 Y103.917 E.04297
G1 X147.822 Y104.242 E.03952
G1 X146.465 Y104.662 E.07466
G1 X146.126 Y104.677 E.01783
G1 X145.787 Y104.456 E.02127
G1 X144.77 Y102.329 E.12391
G1 X144.431 Y101.819 E.03219
G1 X143.753 Y101.114 E.05141
G1 X143.075 Y100.658 E.04294
G1 X142.396 Y100.332 E.03959
G1 X141.04 Y99.912 E.07461
G1 X140.701 Y99.898 E.01783
G1 X140.362 Y100.119 E.02127
G1 X139.344 Y102.246 E.12393
G1 X139.005 Y102.755 E.03214
G1 X138.327 Y103.46 E.05141
G1 X137.649 Y103.917 E.04297
G1 X136.293 Y104.489 E.07735
G1 X135.614 Y104.662 E.03683
G1 X135.275 Y104.677 E.01783
G1 X134.936 Y104.456 E.02127
G1 X133.919 Y102.329 E.12391
G1 X133.58 Y101.819 E.03219
G1 X132.902 Y101.114 E.05141
G1 X132.622 Y100.926 E.01773
G1 X132.257 Y102.785 E.09957
G1 E-3 F7200
G1 Z1.6 F3000
G1 X132.121 Y104.241 F12000
G1 Z1.4 F3000
G1 E3 F7200
G1 F4746.238
G1 X132.145 Y106.136 E.0996
G1 X132.902 Y105.758 E.04447
G1 X133.58 Y105.511 E.03793
G1 X134.258 Y105.338 E.03678
G1 X134.597 Y105.323 E.01783
G1 X134.936 Y105.544 E.02127
G1 X135.614 Y107.016 E.08518
G1 X136.293 Y108.181 E.07087
G1 X136.971 Y108.886 E.05141
G1 X137.649 Y109.342 E.04294
G1 X138.327 Y109.668 E.03954
G1 X139.684 Y110.088 E.07466
G1 X140.023 Y110.102 E.01783
G1 X140.362 Y109.881 E.02127
G1 X141.379 Y107.754 E.12391
G1 X141.718 Y107.245 E.03214
G1 X142.396 Y106.54 E.05141
G1 X143.075 Y106.083 E.04302
G1 X143.753 Y105.758 E.03952
G1 X145.109 Y105.338 E.07461
G1 X145.448 Y105.323 E.01783
G1 X145.787 Y105.544 E.02127
G1 X146.805 Y107.671 E.12393
G1 X147.144 Y108.181 E.03219
G1 X147.822 Y108.886 E.05141
G1 X148.5 Y109.342 E.04294
G1 X149.178 Y109.668 E.03954
G1 X150.535 Y110.088 E.07466
G1 X150.874 Y110.102 E.01783
G1 X151.213 Y109.881 E.02127
G1 X152.23 Y107.754 E.12391
G1 X152.569 Y107.245 E.03214
G1 X153.247 Y106.54 E.05141
G1 X153.926 Y106.083 E.04302
G1 X154.604 Y105.758 E.03952
G1 X155.96 Y105.338 E.07461
G1 X156.299 Y105.323 E.01783
G1 X156.638 Y105.544 E.02127
G1 X157.656 Y107.671 E.12393
G1 X157.995 Y108.181 E.03219
G1 X158.673 Y108.886 E.05141
G1 X159.351 Y109.342 E.04294
G1 X160.707 Y109.915 E.07737
G1 X161.386 Y110.088 E.03683
G1 X161.725 Y110.102 E.01783
G1 X162.064 Y109.881 E.02127
G1 X162.742 Y108.41 E.08513
G1 X163.42 Y107.245 E.07084
G1 X164.098 Y106.54 E.05141
G1 X164.859 Y106.044 E.04774
G1 X164.634 Y107.925 E.09957
G1 E-3 F7200
G1 Z1.6 F3000
G1 X164.331 Y109.252 F12000
G1 Z1.4 F3000
G1 E3 F7200
G1 F4746.238
G1 X163.738 Y111.052 E.09961
G1 X162.742 Y110.763 E.05451
G1 X162.403 Y110.749 E.01783
G1 X162.064 Y110.97 E.02127
G1 X161.047 Y113.097 E.12391
G1 X160.707 Y113.606 E.03217
G1 X160.029 Y114.311 E.05141
G1 X159.351 Y114.768 E.04297
G1 X158.673 Y115.093 E.03952
G1 X157.316 Y115.513 E.07466
G1 X156.977 Y115.528 E.01783
G1 X156.638 Y115.307 E.02127
G1 X155.621 Y113.18 E.12391
G1 X155.282 Y112.67 E.03219
G1 X154.604 Y111.965 E.05141
G1 X153.926 Y111.509 E.04294
G1 X153.247 Y111.183 E.03959
G1 X152.569 Y110.936 E.03793
G1 X151.891 Y110.763 E.03678
G1 X151.552 Y110.749 E.01783
G1 X151.213 Y110.97 E.02127
G1 X150.535 Y112.441 E.08513
G1 X149.856 Y113.606 E.07087
G1 X149.178 Y114.311 E.05141
G1 X148.5 Y114.768 E.04297
G1 X147.822 Y115.093 E.03952
G1 X147.144 Y115.34 E.03793
G1 X146.465 Y115.513 E.03683
G1 X146.126 Y115.528 E.01783
G1 X145.787 Y115.307 E.02127
G1 X145.109 Y113.835 E.08518
G1 X144.431 Y112.67 E.07084
G1 X143.753 Y111.965 E.05141
G1 X143.075 Y111.509 E.04294
G1 X142.396 Y111.183 E.03959
G1 X141.718 Y110.936 E.03793
G1 X141.04 Y110.763 E.03678
G1 X140.701 Y110.749 E.01783
G1 X140.362 Y110.97 E.02127
G1 X139.684 Y112.441 E.08513
G1 X139.005 Y113.606 E.07087
G1 X138.327 Y114.311 E.05141
G1 X137.649 Y114.768 E.04297
G1 X136.971 Y115.093 E.03952
G1 X135.869 Y115.448 E.06085
G1 X137.157 Y116.838 E.0996
G1 E-3 F7200
G1 Z1.6 F3000
G1 X139.288 Y118.56 F12000
G1 Z1.4 F3000
G1 E3 F7200
G1 F4746.238
G1 X140.913 Y119.536 E.09963
G1 X141.379 Y118.605 E.05472
G1 X141.718 Y118.096 E.03214
G1 X142.396 Y117.391 E.05141
G1 X143.075 Y116.934 E.04302
G1 X143.753 Y116.609 E.03952
G1 X144.431 Y116.362 E.03793
G1 X145.109 Y116.189 E.03678
G1 X145.448 Y116.174 E.01783
G1 X145.787 Y116.395 E.02127
G1 X146.465 Y117.867 E.08518
G1 X147.144 Y119.032 E.07087
G1 X147.822 Y119.737 E.05141
G1 X148.5 Y120.193 E.04294
G1 X149.178 Y120.519 E.03954
G1 X149.856 Y120.766 E.03793
G1 X150.535 Y120.939 E.03683
G1 X150.874 Y120.953 E.01783
G1 X151.213 Y120.732 E.02127
G1 X151.891 Y119.261 E.08513
G1 X152.569 Y118.096 E.07084
G1 X153.247 Y117.391 E.05141
G1 X153.926 Y116.934 E.04302
G1 X154.604 Y116.609 E.03952
G1 X155.282 Y116.362 E.03793
G1 X155.96 Y116.189 E.03678
G1 X156.299 Y116.174 E.01783
G1 X156.638 Y116.395 E.02127
G1 X157.692 Y118.577 E.12736
G1 X159.198 Y117.426 E.09962
;LAYER_CHANGE
;Z:1.6
;HEIGHT:0.2

G1 E-3 F7200
G1 Z1.6 F3000
;AFTER_LAYER_CHANGE
;1.6
G92 E0
_ON_LAYER_CHANGE LAYER=8
G1 Z1.8
G1 X148.669 Y85.343 F12000
G1 Z1.6 F3000
G1 E3 F7200
;TYPE:External perimeter
;WIDTH:0.674999
G1 F4746.242
G1 X149.358 Y85.356 E.03622
G1 X150.385 Y85.428 E.05411
G1 X151.407 Y85.554 E.05412
G1 X152.42 Y85.732 E.05406
G1 X153.424 Y85.964 E.05416
G1 X154.183 Y86.177 E.04143
G1 X155.063 Y86.465 E.04866
G1 X156.026 Y86.835 E.05422
G1 X156.653 Y87.107 E.03592
G1 X157.579 Y87.559 E.05416
G1 X158.48 Y88.058 E.05413
G1 X159.354 Y88.605 E.05419
G1 X159.917 Y88.992 E.03591
G1 X160.74 Y89.612 E.05416
G1 X161.529 Y90.274 E.05413
M73 P35 R6
G1 X162.283 Y90.977 E.05418
G1 X162.762 Y91.464 E.0359
G1 X163.452 Y92.23 E.05418
G1 X164.099 Y93.031 E.05412
G1 X164.705 Y93.865 E.05418
G1 X165.082 Y94.434 E.03587
G1 X165.613 Y95.318 E.0542
G1 X166.097 Y96.227 E.05413
G1 X166.532 Y97.16 E.0541
G1 X166.917 Y98.114 E.05407
G1 X167.252 Y99.088 E.05413
G1 X167.536 Y100.077 E.05408
G1 X167.768 Y101.082 E.05421
G1 X167.893 Y101.754 E.03592
G1 X168.036 Y102.774 E.05413
G1 X168.126 Y103.8 E.05413
G1 X168.162 Y104.829 E.05411
G1 X168.144 Y105.858 E.05409
G1 X168.072 Y106.885 E.05411
G1 X167.946 Y107.908 E.05417
G1 X167.697 Y109.255 E.07199
G1 X167.447 Y110.255 E.05418
G1 X167.146 Y111.239 E.05408
G1 X166.794 Y112.207 E.05414
G1 X166.391 Y113.155 E.05414
G1 X166.097 Y113.772 E.03592
G1 X165.613 Y114.682 E.05417
G1 X165.083 Y115.565 E.05413
G1 X164.507 Y116.418 E.0541
G1 X163.888 Y117.24 E.05408
G1 X163.226 Y118.029 E.05413
G1 X162.524 Y118.782 E.05411
G1 X161.782 Y119.498 E.05419
G1 X161.271 Y119.951 E.03589
G1 X160.469 Y120.599 E.05419
G1 X159.635 Y121.205 E.05418
G1 X159.066 Y121.582 E.03587
G1 X158.182 Y122.113 E.0542
G1 X157.273 Y122.597 E.05413
G1 X156.34 Y123.032 E.0541
G1 X155.384 Y123.418 E.05419
G1 X154.74 Y123.646 E.03591
G1 X153.754 Y123.947 E.05418
G1 X152.755 Y124.196 E.05411
G1 X151.745 Y124.393 E.05408
G1 X150.726 Y124.536 E.05408
G1 X149.7 Y124.626 E.05413
G1 X148.671 Y124.662 E.05411
G1 X147.642 Y124.644 E.05409
G1 X146.615 Y124.572 E.05411
G1 X145.593 Y124.446 E.05412
G1 X144.578 Y124.267 E.05417
G1 X143.911 Y124.119 E.03591
G1 X142.915 Y123.853 E.05418
G1 X141.936 Y123.534 E.05412
G1 X140.975 Y123.166 E.05408
G1 X140.034 Y122.747 E.05414
G1 X139.33 Y122.393 E.04141
G1 X138.521 Y121.942 E.04868
G1 X137.647 Y121.396 E.05416
G1 X136.803 Y120.805 E.05415
G1 X136.261 Y120.389 E.03591
G1 X135.471 Y119.726 E.0542
G1 X134.718 Y119.024 E.05411
G1 X134.003 Y118.284 E.05408
G1 X133.328 Y117.507 E.05409
G1 X132.693 Y116.694 E.05422
G1 X131.918 Y115.566 E.07193
G1 X131.387 Y114.682 E.0542
G1 X130.903 Y113.773 E.05413
G1 X130.468 Y112.839 E.05415
G1 X130.206 Y112.207 E.03596
G1 X129.854 Y111.239 E.05414
G1 X129.553 Y110.254 E.05413
G1 X129.304 Y109.255 E.05411
G1 X129.107 Y108.245 E.05408
G1 X128.964 Y107.226 E.05408
G1 X128.874 Y106.2 E.05413
G1 X128.838 Y105.171 E.05411
G1 X128.856 Y104.142 E.05409
G1 X128.928 Y103.115 E.05411
G1 X129.054 Y102.093 E.05412
G1 X129.186 Y101.316 E.04142
G1 X129.381 Y100.41 E.04871
G1 X129.647 Y99.415 E.05413
G1 X129.966 Y98.436 E.05412
G1 X130.335 Y97.474 E.05415
G1 X130.607 Y96.847 E.03592
G1 X131.059 Y95.921 E.05416
G1 X131.558 Y95.02 E.05413
G1 X132.104 Y94.147 E.05412
G1 X132.695 Y93.303 E.05415
G1 X133.177 Y92.68 E.0414
G1 X133.774 Y91.971 E.04871
G1 X134.476 Y91.218 E.05411
G1 X135.216 Y90.503 E.05408
G1 X135.993 Y89.828 E.05409
G1 X136.805 Y89.194 E.05414
G1 X137.448 Y88.738 E.04143
G1 X138.226 Y88.235 E.04869
G1 X139.118 Y87.72 E.05413
G1 X140.035 Y87.253 E.05409
G1 X140.976 Y86.834 E.05414
G1 X141.938 Y86.465 E.05415
G1 X142.686 Y86.218 E.0414
G1 X143.577 Y85.964 E.04869
G1 X144.58 Y85.732 E.05411
G1 X145.594 Y85.554 E.05411
G1 X146.616 Y85.428 E.05412
G1 X147.644 Y85.356 E.05416
G1 X148.431 Y85.338 E.04137
G1 X148.639 Y85.342 E.01093
G1 X149.239 Y85.354 F12000
G1 X148.655 Y86.137
;TYPE:Perimeter
T1
;WIDTH:0.999999
G1 F3134.537
G1 X149.322 Y86.15 E.05309
G1 X150.309 Y86.219 E.07874
G1 X151.289 Y86.34 E.07858
G1 X152.262 Y86.511 E.07862
G1 X153.227 Y86.734 E.07882
G1 X153.951 Y86.938 E.05986
G1 X154.797 Y87.214 E.07082
G1 X155.725 Y87.571 E.07913
G1 X156.32 Y87.829 E.05161
G1 X157.212 Y88.264 E.07898
G1 X158.076 Y88.743 E.07862
G1 X158.918 Y89.269 E.07901
G1 X159.453 Y89.637 E.05168
G1 X160.246 Y90.234 E.07899
G1 X161.002 Y90.869 E.07857
G1 X161.728 Y91.546 E.079
G1 X162.183 Y92.009 E.05166
G1 X162.847 Y92.747 E.079
G1 X163.469 Y93.514 E.07859
G1 X164.052 Y94.318 E.07903
G1 X164.41 Y94.858 E.05156
G1 X164.922 Y95.709 E.07904
G1 X165.385 Y96.582 E.07864
G1 X165.803 Y97.477 E.07861
G1 X166.173 Y98.393 E.07862
G1 X166.494 Y99.327 E.0786
G1 X166.767 Y100.276 E.07859
G1 X166.917 Y100.927 E.05316
G1 X167.049 Y101.562 E.05161
G1 X167.178 Y102.375 E.06551
G1 X167.289 Y103.356 E.07857
G1 X167.35 Y104.342 E.07862
G1 X167.35 Y105.823 E.11786
G1 X167.281 Y106.809 E.07866
G1 X167.16 Y107.794 E.07898
G1 X166.921 Y109.079 E.10402
G1 X166.681 Y110.042 E.07898
G1 X166.392 Y110.987 E.07864
G1 X166.055 Y111.915 E.07857
G1 X165.667 Y112.829 E.07902
G1 X165.387 Y113.415 E.05168
G1 X164.921 Y114.291 E.07896
G1 X164.413 Y115.138 E.0786
G1 X163.86 Y115.957 E.07864
G1 X163.266 Y116.745 E.07853
G1 X162.631 Y117.502 E.07863
G1 X161.957 Y118.225 E.07866
G1 X161.243 Y118.914 E.07896
G1 X160.757 Y119.344 E.05164
G1 X159.986 Y119.969 E.07898
G1 X159.182 Y120.552 E.07903
G1 X158.642 Y120.91 E.05156
G1 X157.791 Y121.422 E.07904
G1 X156.918 Y121.885 E.07864
G1 X156.023 Y122.303 E.07861
G1 X155.103 Y122.675 E.07897
G1 X154.491 Y122.891 E.05165
G1 X153.542 Y123.181 E.07897
G1 X152.583 Y123.42 E.07865
G1 X151.614 Y123.609 E.07857
G1 X150.636 Y123.746 E.07859
G1 X149.652 Y123.832 E.07861
G1 X148.664 Y123.867 E.07868
G1 X147.677 Y123.85 E.07856
G1 X146.691 Y123.781 E.07866
G1 X145.711 Y123.66 E.07858
G1 X144.733 Y123.488 E.07903
G1 X144.1 Y123.347 E.05161
G1 X143.141 Y123.09 E.07901
G1 X142.202 Y122.785 E.07857
G1 X141.279 Y122.431 E.07867
G1 X140.374 Y122.028 E.07884
G1 X139.702 Y121.69 E.05986
G1 X138.925 Y121.257 E.07079
G1 X138.086 Y120.733 E.07872
G1 X137.273 Y120.164 E.07897
G1 X136.758 Y119.769 E.05165
G1 X135.998 Y119.131 E.07897
G1 X135.275 Y118.457 E.07866
G1 X134.589 Y117.747 E.07857
G1 X133.941 Y117.001 E.07864
G1 X133.33 Y116.219 E.07898
G1 X132.95 Y115.687 E.05203
G1 X132.59 Y115.142 E.05198
G1 X132.078 Y114.291 E.07904
G1 X131.615 Y113.418 E.07864
G1 X131.195 Y112.519 E.07897
G1 X130.947 Y111.919 E.05167
G1 X130.607 Y110.987 E.07895
G1 X130.319 Y110.042 E.07862
G1 X130.08 Y109.083 E.07865
G1 X129.891 Y108.114 E.07857
G1 X129.754 Y107.136 E.07859
G1 X129.668 Y106.152 E.07861
G1 X129.633 Y105.164 E.07868
G1 X129.65 Y104.177 E.07856
G1 X129.719 Y103.191 E.07866
G1 X129.84 Y102.208 E.07882
G1 X129.967 Y101.466 E.05991
G1 X130.154 Y100.596 E.07082
G1 X130.41 Y99.641 E.07868
G1 X130.715 Y98.702 E.07857
G1 X131.071 Y97.775 E.07903
G1 X131.329 Y97.18 E.05161
G1 X131.764 Y96.288 E.07898
G1 X132.243 Y95.424 E.07862
G1 X132.767 Y94.586 E.07865
G1 X133.335 Y93.775 E.0788
G1 X133.795 Y93.179 E.05991
G1 X134.369 Y92.499 E.07082
G1 X135.043 Y91.775 E.07872
G1 X135.753 Y91.089 E.07857
G1 X136.499 Y90.441 E.07864
G1 X137.28 Y89.831 E.07886
G1 X137.894 Y89.396 E.05988
G1 X138.641 Y88.913 E.07079
G1 X139.497 Y88.419 E.07865
G1 X140.378 Y87.97 E.07869
G1 X141.28 Y87.569 E.07856
G1 X142.205 Y87.214 E.07885
G1 X142.919 Y86.977 E.05987
G1 X143.775 Y86.734 E.07081
G1 X144.739 Y86.511 E.07874
G1 X145.711 Y86.34 E.07854
G1 X146.692 Y86.219 E.07866
G1 X147.68 Y86.15 E.07882
G1 X148.432 Y86.133 E.05986
G1 X148.625 Y86.137 E.01536
G1 X148.638 Y87.094 F12000
G1 F3134.537
G1 X149.279 Y87.107 E.05102
G1 X150.217 Y87.172 E.07483
G1 X151.148 Y87.287 E.07465
G1 X152.071 Y87.449 E.07458
G1 X152.99 Y87.662 E.07507
G1 X153.673 Y87.854 E.05646
G1 X154.477 Y88.117 E.06732
G1 X155.363 Y88.457 E.07552
G1 X155.919 Y88.699 E.04826
G1 X156.77 Y89.114 E.07535
G1 X157.59 Y89.568 E.07459
G1 X158.393 Y90.07 E.07536
G1 X158.893 Y90.414 E.0483
G1 X159.65 Y90.984 E.07541
G1 X160.368 Y91.586 E.07457
G1 X161.06 Y92.232 E.07534
G1 X161.486 Y92.665 E.04834
G1 X162.119 Y93.368 E.07528
G1 X162.709 Y94.097 E.07463
G1 X163.266 Y94.863 E.07537
G1 X163.601 Y95.369 E.04829
G1 X164.088 Y96.181 E.07535
G1 X164.529 Y97.009 E.07466
G1 X164.925 Y97.859 E.07462
G1 X165.276 Y98.728 E.07458
G1 X165.581 Y99.615 E.07465
G1 X165.84 Y100.516 E.07461
G1 X165.984 Y101.143 E.0512
G1 X166.108 Y101.737 E.04829
G1 X166.23 Y102.509 E.0622
G1 X166.336 Y103.44 E.07457
G1 X166.393 Y104.375 E.07455
G1 X166.393 Y105.781 E.11189
G1 X166.328 Y106.717 E.07467
G1 X166.212 Y107.657 E.07537
G1 X165.988 Y108.868 E.09801
G1 X165.759 Y109.786 E.07529
G1 X165.485 Y110.683 E.07464
G1 X165.164 Y111.564 E.07462
G1 X164.794 Y112.436 E.07538
G1 X164.533 Y112.984 E.0483
G1 X164.088 Y113.82 E.07537
G1 X163.605 Y114.623 E.07457
G1 X163.081 Y115.401 E.07465
G1 X162.516 Y116.149 E.0746
G1 X161.914 Y116.868 E.07463
G1 X161.274 Y117.554 E.07466
G1 X160.593 Y118.211 E.0753
G1 X160.139 Y118.613 E.04826
G1 X159.403 Y119.209 E.07537
G1 X158.637 Y119.766 E.07537
G1 X158.131 Y120.101 E.04829
G1 X157.319 Y120.588 E.07535
G1 X156.491 Y121.029 E.07466
G1 X155.641 Y121.425 E.07462
G1 X154.764 Y121.779 E.07526
G1 X154.191 Y121.982 E.04838
G1 X153.286 Y122.259 E.07532
G1 X152.376 Y122.486 E.07464
G1 X151.456 Y122.665 E.07459
G1 X150.527 Y122.795 E.07465
G1 X149.593 Y122.877 E.07461
G1 X148.656 Y122.909 E.07461
G1 X147.719 Y122.893 E.07458
G1 X146.783 Y122.828 E.07467
G1 X145.852 Y122.713 E.07465
G1 X144.92 Y122.549 E.07531
G1 X144.327 Y122.418 E.04833
G1 X143.413 Y122.173 E.07531
G1 X142.521 Y121.883 E.07464
G1 X141.646 Y121.547 E.07459
G1 X140.784 Y121.163 E.0751
G1 X140.15 Y120.844 E.05648
G1 X139.411 Y120.433 E.06729
G1 X138.614 Y119.935 E.07479
G1 X137.839 Y119.392 E.07531
G1 X137.357 Y119.022 E.04836
G1 X136.632 Y118.414 E.0753
G1 X135.946 Y117.774 E.07466
G1 X135.295 Y117.1 E.07457
G1 X134.68 Y116.392 E.07463
G1 X134.097 Y115.646 E.07535
G1 X133.739 Y115.144 E.04907
G1 X133.399 Y114.631 E.04898
G1 X132.912 Y113.819 E.07535
G1 X132.472 Y112.991 E.07462
G1 X132.071 Y112.133 E.07537
G1 X131.839 Y111.572 E.04831
G1 X131.515 Y110.683 E.0753
G1 X131.241 Y109.786 E.07464
G1 X131.014 Y108.876 E.07464
G1 X130.835 Y107.956 E.07459
G1 X130.705 Y107.027 E.07465
G1 X130.623 Y106.093 E.07461
G1 X130.591 Y105.156 E.07461
G1 X130.607 Y104.219 E.07458
G1 X130.672 Y103.283 E.07467
G1 X130.787 Y102.347 E.07505
G1 X130.907 Y101.648 E.05644
G1 X131.084 Y100.821 E.0673
G1 X131.327 Y99.913 E.0748
G1 X131.617 Y99.021 E.07464
G1 X131.957 Y98.137 E.07537
G1 X132.199 Y97.581 E.04826
G1 X132.614 Y96.73 E.07535
G1 X133.068 Y95.91 E.07459
G1 X133.565 Y95.114 E.07468
G1 X134.106 Y94.342 E.07502
G1 X134.54 Y93.78 E.05651
G1 X135.085 Y93.134 E.06726
G1 X135.726 Y92.446 E.07483
G1 X136.4 Y91.795 E.07457
G1 X137.108 Y91.18 E.07463
G1 X137.851 Y90.599 E.07506
G1 X138.43 Y90.189 E.05646
G1 X139.14 Y89.73 E.06728
G1 X139.954 Y89.26 E.0748
G1 X140.79 Y88.834 E.07467
G1 X141.646 Y88.453 E.07456
G1 X142.527 Y88.115 E.07509
G1 X143.201 Y87.892 E.0565
G1 X144.014 Y87.661 E.06726
G1 X144.93 Y87.449 E.07482
G1 X145.853 Y87.287 E.07458
G1 X146.784 Y87.172 E.07465
G1 X147.725 Y87.107 E.07506
G1 X148.434 Y87.09 E.05644
G1 X148.608 Y87.094 E.01385
G1 X148.621 Y88.051 F12000
G1 F3134.537
G1 X149.237 Y88.063 E.04903
G1 X150.125 Y88.125 E.07084
G1 X151.006 Y88.234 E.07065
G1 X151.88 Y88.388 E.07063
G1 X152.753 Y88.589 E.07129
G1 X153.395 Y88.77 E.05308
G1 X154.156 Y89.019 E.06372
G1 X155 Y89.343 E.07195
G1 X155.518 Y89.568 E.04494
G1 X156.328 Y89.963 E.07172
G1 X157.104 Y90.393 E.0706
G1 X157.868 Y90.871 E.07172
M73 P36 R6
G1 X158.334 Y91.191 E.04499
G1 X159.053 Y91.733 E.07166
G1 X159.733 Y92.303 E.07061
G1 X160.392 Y92.918 E.07173
G1 X160.788 Y93.321 E.04496
G1 X161.391 Y93.99 E.07168
G1 X161.95 Y94.68 E.07067
G1 X162.479 Y95.409 E.07168
G1 X162.791 Y95.88 E.04496
G1 X163.255 Y96.652 E.07168
G1 X163.672 Y97.436 E.07067
G1 X164.047 Y98.24 E.0706
G1 X164.379 Y99.063 E.07062
G1 X164.668 Y99.902 E.07062
G1 X164.913 Y100.756 E.0707
G1 X165.052 Y101.358 E.04917
G1 X165.167 Y101.911 E.04495
G1 X165.282 Y102.642 E.05889
G1 X165.382 Y103.523 E.07056
G1 X165.437 Y104.409 E.07064
G1 X165.437 Y105.74 E.10592
G1 X165.375 Y106.625 E.0706
G1 X165.265 Y107.519 E.07168
G1 X165.054 Y108.657 E.09211
G1 X164.836 Y109.531 E.07169
G1 X164.577 Y110.379 E.07056
G1 X164.273 Y111.213 E.07064
G1 X163.921 Y112.043 E.07175
G1 X163.678 Y112.553 E.04496
G1 X163.255 Y113.348 E.07167
G1 X162.798 Y114.109 E.07064
G1 X162.301 Y114.845 E.07068
G1 X161.767 Y115.553 E.07057
G1 X161.197 Y116.233 E.07061
G1 X160.591 Y116.882 E.07066
G1 X159.943 Y117.508 E.0717
G1 X159.52 Y117.883 E.04499
G1 X158.82 Y118.45 E.07169
G1 X158.091 Y118.979 E.07168
G1 X157.62 Y119.291 E.04496
G1 X156.848 Y119.755 E.07168
G1 X156.064 Y120.172 E.07067
G1 X155.26 Y120.547 E.0706
G1 X154.424 Y120.884 E.07173
G1 X153.892 Y121.073 E.04493
G1 X153.03 Y121.336 E.07172
G1 X152.169 Y121.551 E.07062
G1 X151.298 Y121.72 E.07061
G1 X150.419 Y121.844 E.07064
G1 X149.535 Y121.921 E.07062
G1 X148.648 Y121.952 E.07063
G1 X147.76 Y121.937 E.07068
G1 X146.875 Y121.875 E.0706
G1 X145.994 Y121.766 E.07065
G1 X145.107 Y121.61 E.07167
G1 X144.555 Y121.488 E.04499
G1 X143.685 Y121.255 E.07168
G1 X142.841 Y120.98 E.07064
G1 X142.012 Y120.662 E.07066
G1 X141.194 Y120.298 E.07125
G1 X140.598 Y119.998 E.0531
G1 X139.898 Y119.608 E.06377
G1 X139.143 Y119.136 E.07086
G1 X138.405 Y118.62 E.07166
G1 X137.957 Y118.276 E.04495
G1 X137.267 Y117.697 E.07168
G1 X136.618 Y117.091 E.07066
G1 X136.001 Y116.453 E.07063
G1 X135.419 Y115.783 E.07063
G1 X134.864 Y115.073 E.07172
G1 X134.209 Y114.12 E.09203
G1 X133.745 Y113.348 E.07168
G1 X133.328 Y112.564 E.07067
G1 X132.948 Y111.748 E.07163
G1 X132.731 Y111.225 E.04506
G1 X132.423 Y110.379 E.07165
G1 X132.164 Y109.53 E.07064
G1 X131.949 Y108.669 E.07062
G1 X131.78 Y107.798 E.07061
G1 X131.656 Y106.919 E.07064
G1 X131.579 Y106.035 E.07062
G1 X131.548 Y105.148 E.07063
G1 X131.563 Y104.26 E.07068
G1 X131.625 Y103.375 E.0706
G1 X131.735 Y102.486 E.07129
G1 X131.847 Y101.829 E.05304
G1 X132.015 Y101.045 E.06381
G1 X132.245 Y100.185 E.07085
G1 X132.52 Y99.341 E.07064
G1 X132.843 Y98.5 E.07169
G1 X133.068 Y97.982 E.04494
G1 X133.463 Y97.172 E.07172
G1 X133.893 Y96.396 E.0706
G1 X134.364 Y95.643 E.07068
G1 X134.877 Y94.909 E.07127
G1 X135.285 Y94.382 E.05304
G1 X135.801 Y93.769 E.06377
G1 X136.409 Y93.118 E.07089
G1 X137.047 Y92.501 E.07063
G1 X137.717 Y91.919 E.07063
G1 X138.423 Y91.367 E.07132
G1 X138.967 Y90.982 E.05304
G1 X139.64 Y90.547 E.06377
G1 X140.411 Y90.102 E.07084
G1 X141.202 Y89.699 E.07065
G1 X142.013 Y89.338 E.07065
G1 X142.849 Y89.017 E.07127
G1 X143.482 Y88.807 E.05307
G1 X144.253 Y88.588 E.06378
G1 X145.12 Y88.388 E.07081
G1 X145.994 Y88.233 E.07064
G1 X146.875 Y88.125 E.07064
G1 X147.769 Y88.063 E.07132
G1 X148.436 Y88.048 E.05309
G1 X148.592 Y88.051 E.01242
G1 E-3 F7200
G1 Z1.8 F3000
G1 X158.064 Y91.682 F12000
G1 Z1.6 F3000
G1 E3 F7200
;TYPE:Internal infill
T0
;WIDTH:0.675
G1 F4746.238
G1 X159.535 Y92.877 E.09961
G1 X158.673 Y93.244 E.04924
G1 X157.995 Y93.394 E.0365
G1 X157.316 Y93.376 E.0357
G1 X156.977 Y93.227 E.01946
G1 X156.638 Y92.904 E.02461
G1 X155.282 Y90.892 E.12752
G1 X154.604 Y90.282 E.04793
G1 X153.926 Y89.888 E.04121
G1 X153.247 Y89.629 E.03819
G1 X152.569 Y89.479 E.0365
G1 X151.891 Y89.497 E.03565
G1 X151.552 Y89.645 E.01944
G1 X151.213 Y89.968 E.02461
G1 X149.856 Y91.98 E.12755
G1 X149.178 Y92.59 E.04793
G1 X148.5 Y92.984 E.04121
G1 X147.822 Y93.244 E.03816
G1 X147.144 Y93.394 E.0365
G1 X146.465 Y93.376 E.0357
G1 X146.126 Y93.227 E.01946
G1 X145.787 Y92.904 E.02461
G1 X144.431 Y90.892 E.12752
G1 X143.753 Y90.282 E.04793
G1 X143.075 Y89.888 E.04121
G1 X142.601 Y89.707 E.02667
G1 X140.676 Y90.59 E.11131
G1 X139.493 Y91.303 E.0726
G1 X139.005 Y91.98 E.04386
G1 X138.327 Y92.59 E.04793
G1 X137.649 Y92.984 E.04121
G1 X137.147 Y93.176 E.02825
G1 X136.805 Y93.507 E.02501
G1 X135.717 Y94.73 E.08603
G1 X135.069 Y95.603 E.05714
G1 X136.293 Y97.406 E.11453
G1 X136.971 Y98.016 E.04793
G1 X137.649 Y98.41 E.04121
G1 X138.327 Y98.669 E.03815
G1 X139.005 Y98.819 E.0365
G1 X139.684 Y98.801 E.0357
G1 X140.023 Y98.653 E.01944
G1 X140.362 Y98.33 E.02461
G1 X141.718 Y96.318 E.12752
G1 X142.396 Y95.708 E.04793
G1 X143.075 Y95.314 E.04126
G1 X143.753 Y95.054 E.03816
G1 X144.431 Y94.904 E.0365
G1 X145.109 Y94.922 E.03565
G1 X145.448 Y95.071 E.01946
G1 X145.787 Y95.394 E.02461
G1 X147.144 Y97.406 E.12755
G1 X147.822 Y98.016 E.04793
G1 X148.5 Y98.41 E.04121
G1 X149.178 Y98.669 E.03815
G1 X149.856 Y98.819 E.0365
G1 X150.535 Y98.801 E.0357
G1 X150.874 Y98.653 E.01944
G1 X151.213 Y98.33 E.02461
G1 X152.569 Y96.318 E.12752
G1 X153.247 Y95.708 E.04793
G1 X153.926 Y95.314 E.04126
G1 X154.604 Y95.054 E.03816
G1 X155.282 Y94.904 E.0365
G1 X155.96 Y94.922 E.03565
G1 X156.299 Y95.071 E.01946
G1 X156.638 Y95.394 E.02461
G1 X157.995 Y97.406 E.12755
G1 X158.673 Y98.016 E.04793
G1 X159.351 Y98.41 E.04121
G1 X160.029 Y98.669 E.03815
G1 X160.707 Y98.819 E.0365
G1 X161.386 Y98.801 E.0357
G1 X161.725 Y98.653 E.01944
G1 X162.064 Y98.33 E.02461
G1 X162.861 Y97.094 E.0773
G1 X163.537 Y98.462 E.0802
G1 X163.859 Y99.258 E.04513
G1 X164.275 Y100.547 E.07119
G1 X163.42 Y100.33 E.04636
G1 X162.742 Y100.348 E.03565
G1 X162.403 Y100.496 E.01944
G1 X162.064 Y100.819 E.02461
G1 X160.707 Y102.831 E.12755
G1 X160.029 Y103.441 E.04793
G1 X159.351 Y103.835 E.04121
G1 X158.673 Y104.095 E.03816
G1 X157.995 Y104.245 E.0365
G1 X157.316 Y104.227 E.0357
G1 X156.977 Y104.078 E.01946
G1 X156.638 Y103.755 E.02461
G1 X155.282 Y101.743 E.12752
G1 X154.604 Y101.133 E.04793
G1 X153.926 Y100.739 E.04121
G1 X153.247 Y100.48 E.03819
G1 X152.569 Y100.33 E.0365
G1 X151.891 Y100.348 E.03565
G1 X151.552 Y100.496 E.01944
G1 X151.213 Y100.819 E.02461
G1 X149.856 Y102.831 E.12755
G1 X149.178 Y103.441 E.04793
G1 X148.5 Y103.835 E.04121
G1 X147.822 Y104.095 E.03816
G1 X147.144 Y104.245 E.0365
G1 X146.465 Y104.227 E.0357
G1 X146.126 Y104.078 E.01946
G1 X145.787 Y103.755 E.02461
G1 X144.431 Y101.743 E.12752
G1 X143.753 Y101.133 E.04793
G1 X143.075 Y100.739 E.04121
G1 X142.396 Y100.48 E.03819
G1 X141.718 Y100.33 E.0365
G1 X141.04 Y100.348 E.03565
G1 X140.701 Y100.496 E.01944
G1 X140.362 Y100.819 E.02461
G1 X139.005 Y102.831 E.12755
G1 X138.327 Y103.441 E.04793
G1 X137.649 Y103.835 E.04121
G1 X136.971 Y104.095 E.03816
G1 X136.293 Y104.245 E.0365
G1 X135.614 Y104.227 E.0357
G1 X135.275 Y104.078 E.01946
G1 X134.936 Y103.755 E.02461
G1 X133.58 Y101.743 E.12752
G1 X132.902 Y101.133 E.04793
G1 X132.611 Y100.965 E.01766
G1 X132.252 Y102.825 E.09956
G1 E-3 F7200
G1 Z1.8 F3000
G1 X132.118 Y104.312 F12000
G1 Z1.6 F3000
G1 E3 F7200
G1 F4746.238
G1 X132.151 Y106.207 E.09961
G1 X132.902 Y105.905 E.04254
M73 P37 R6
G1 X133.58 Y105.755 E.0365
G1 X134.258 Y105.773 E.03565
G1 X134.597 Y105.922 E.01946
G1 X134.936 Y106.245 E.02461
G1 X136.293 Y108.257 E.12755
G1 X136.971 Y108.867 E.04793
G1 X137.649 Y109.261 E.04121
G1 X138.327 Y109.52 E.03815
G1 X139.005 Y109.67 E.0365
G1 X139.684 Y109.652 E.0357
G1 X140.023 Y109.504 E.01944
G1 X140.362 Y109.181 E.02461
G1 X141.718 Y107.169 E.12752
G1 X142.396 Y106.559 E.04793
G1 X143.075 Y106.165 E.04126
G1 X143.753 Y105.905 E.03816
G1 X144.431 Y105.755 E.0365
G1 X145.109 Y105.773 E.03565
G1 X145.448 Y105.922 E.01946
G1 X145.787 Y106.245 E.02461
G1 X147.144 Y108.257 E.12755
G1 X147.822 Y108.867 E.04793
G1 X148.5 Y109.261 E.04121
G1 X149.178 Y109.52 E.03815
G1 X149.856 Y109.67 E.0365
G1 X150.535 Y109.652 E.0357
G1 X150.874 Y109.504 E.01944
G1 X151.213 Y109.181 E.02461
G1 X152.569 Y107.169 E.12752
G1 X153.247 Y106.559 E.04793
G1 X153.926 Y106.165 E.04126
G1 X154.604 Y105.905 E.03816
G1 X155.282 Y105.755 E.0365
G1 X155.96 Y105.773 E.03565
G1 X156.299 Y105.922 E.01946
G1 X156.638 Y106.245 E.02461
G1 X157.995 Y108.257 E.12755
G1 X158.673 Y108.867 E.04793
G1 X159.351 Y109.261 E.04121
G1 X160.029 Y109.52 E.03815
G1 X160.707 Y109.67 E.0365
G1 X161.386 Y109.652 E.0357
G1 X161.725 Y109.504 E.01944
G1 X162.064 Y109.181 E.02461
G1 X163.42 Y107.169 E.12752
G1 X164.098 Y106.559 E.04793
G1 X164.852 Y106.136 E.04544
G1 X164.618 Y108.016 E.09957
G1 E-3 F7200
G1 Z1.8 F3000
G1 X164.282 Y109.444 F12000
G1 Z1.6 F3000
G1 E3 F7200
G1 F4746.238
G1 X163.661 Y111.234 E.09958
G1 X163.42 Y111.181 E.01297
G1 X162.742 Y111.199 E.03565
G1 X162.403 Y111.347 E.01944
G1 X162.064 Y111.67 E.02461
G1 X160.707 Y113.682 E.12755
G1 X160.029 Y114.292 E.04793
G1 X159.351 Y114.686 E.04121
G1 X158.673 Y114.946 E.03816
G1 X157.995 Y115.096 E.0365
G1 X157.316 Y115.078 E.0357
G1 X156.977 Y114.929 E.01946
G1 X156.638 Y114.606 E.02461
G1 X155.282 Y112.594 E.12752
G1 X154.604 Y111.984 E.04793
G1 X153.926 Y111.59 E.04121
G1 X153.247 Y111.331 E.03819
G1 X152.569 Y111.181 E.0365
G1 X151.891 Y111.199 E.03565
G1 X151.552 Y111.347 E.01944
G1 X151.213 Y111.67 E.02461
G1 X149.856 Y113.682 E.12755
G1 X149.178 Y114.292 E.04793
G1 X148.5 Y114.686 E.04121
G1 X147.822 Y114.946 E.03816
G1 X147.144 Y115.096 E.0365
G1 X146.465 Y115.078 E.0357
G1 X146.126 Y114.929 E.01946
G1 X145.787 Y114.606 E.02461
G1 X144.431 Y112.594 E.12752
G1 X143.753 Y111.984 E.04793
G1 X143.075 Y111.59 E.04121
G1 X142.396 Y111.331 E.03819
G1 X141.718 Y111.181 E.0365
G1 X141.04 Y111.199 E.03565
G1 X140.701 Y111.347 E.01944
G1 X140.362 Y111.67 E.02461
G1 X139.005 Y113.682 E.12755
G1 X138.327 Y114.292 E.04793
G1 X137.649 Y114.686 E.04121
G1 X136.971 Y114.946 E.03816
G1 X136.293 Y115.096 E.0365
G1 X135.55 Y115.05 E.03913
G1 X136.796 Y116.477 E.09957
G1 E-3 F7200
G1 Z1.8 F3000
G1 X139.124 Y118.445 F12000
G1 Z1.6 F3000
G1 E3 F7200
G1 F4746.238
G1 X140.737 Y119.44 E.09961
G1 X141.718 Y118.02 E.09071
G1 X142.396 Y117.41 E.04793
G1 X143.075 Y117.016 E.04126
G1 X143.753 Y116.756 E.03816
G1 X144.431 Y116.606 E.0365
G1 X145.109 Y116.624 E.03565
G1 X145.448 Y116.773 E.01946
G1 X145.787 Y117.096 E.02461
G1 X147.144 Y119.108 E.12755
G1 X147.822 Y119.718 E.04793
G1 X148.5 Y120.112 E.04121
G1 X149.178 Y120.371 E.03815
G1 X149.856 Y120.521 E.0365
G1 X150.535 Y120.503 E.0357
G1 X150.874 Y120.355 E.01944
G1 X151.213 Y120.032 E.02461
G1 X152.569 Y118.02 E.12752
G1 X153.247 Y117.41 E.04793
G1 X153.926 Y117.016 E.04126
G1 X154.604 Y116.756 E.03816
G1 X155.282 Y116.606 E.0365
G1 X155.96 Y116.624 E.03565
G1 X156.299 Y116.773 E.01946
G1 X156.638 Y117.096 E.02461
G1 X157.638 Y118.613 E.09549
G1 X156.005 Y119.574 E.09959
;LAYER_CHANGE
;Z:1.8
;HEIGHT:0.2

G1 E-3 F7200
G1 Z1.8 F3000
;AFTER_LAYER_CHANGE
;1.8
G92 E0
_ON_LAYER_CHANGE LAYER=9
G1 Z2
G1 X148.669 Y85.343 F12000
G1 Z1.8 F3000
G1 E3 F7200
;TYPE:External perimeter
;WIDTH:0.674999
G1 F4746.242
G1 X149.358 Y85.356 E.03622
G1 X150.385 Y85.428 E.05411
G1 X151.407 Y85.554 E.05412
G1 X152.42 Y85.732 E.05406
G1 X153.425 Y85.964 E.05421
G1 X154.083 Y86.147 E.0359
G1 X155.064 Y86.466 E.05422
G1 X156.026 Y86.835 E.05415
G1 X156.653 Y87.107 E.03592
G1 X157.579 Y87.559 E.05416
G1 X158.48 Y88.058 E.05413
G1 X159.354 Y88.605 E.05419
G1 X159.917 Y88.992 E.03591
G1 X160.74 Y89.612 E.05416
G1 X161.529 Y90.274 E.05413
G1 X162.283 Y90.977 E.05418
G1 X162.762 Y91.464 E.0359
G1 X163.452 Y92.23 E.05418
G1 X164.099 Y93.031 E.05412
G1 X164.705 Y93.864 E.05414
G1 X165.083 Y94.434 E.03595
G1 X165.613 Y95.318 E.05417
G1 X166.097 Y96.227 E.05413
G1 X166.532 Y97.16 E.0541
G1 X166.917 Y98.114 E.05407
G1 X167.252 Y99.088 E.05413
G1 X167.536 Y100.077 E.05408
G1 X167.768 Y101.082 E.05421
G1 X167.893 Y101.754 E.03592
G1 X168.036 Y102.774 E.05413
G1 X168.126 Y103.8 E.05413
G1 X168.162 Y104.829 E.05411
G1 X168.144 Y105.858 E.05409
G1 X168.072 Y106.885 E.05411
G1 X167.946 Y107.908 E.05417
G1 X167.697 Y109.255 E.07199
G1 X167.447 Y110.255 E.05418
G1 X167.146 Y111.239 E.05408
G1 X166.794 Y112.207 E.05414
G1 X166.392 Y113.154 E.05407
G1 X165.94 Y114.081 E.0542
G1 X165.614 Y114.681 E.03589
G1 X165.083 Y115.565 E.0542
G1 X164.507 Y116.418 E.0541
G1 X163.888 Y117.24 E.05408
G1 X163.226 Y118.029 E.05413
G1 X162.523 Y118.782 E.05414
G1 X161.95 Y119.342 E.04211
G1 X161.27 Y119.951 E.04798
G1 X160.469 Y120.599 E.05415
G1 X159.635 Y121.205 E.05418
G1 X159.066 Y121.582 E.03587
G1 X158.182 Y122.113 E.0542
G1 X157.273 Y122.597 E.05413
G1 X156.339 Y123.032 E.05415
G1 X155.707 Y123.294 E.03596
G1 X154.739 Y123.646 E.05414
G1 X153.754 Y123.947 E.05413
G1 X152.755 Y124.196 E.05411
G1 X151.745 Y124.393 E.05408
G1 X150.726 Y124.536 E.05408
G1 X149.7 Y124.626 E.05413
G1 X148.671 Y124.662 E.05411
G1 X147.642 Y124.644 E.05409
G1 X146.615 Y124.572 E.05411
G1 X145.593 Y124.446 E.05412
G1 X144.578 Y124.267 E.05417
G1 X143.911 Y124.119 E.03591
G1 X142.915 Y123.853 E.05418
G1 X141.936 Y123.534 E.05412
G1 X140.974 Y123.165 E.05415
G1 X140.347 Y122.893 E.03592
G1 X139.421 Y122.441 E.05416
G1 X138.52 Y121.942 E.05413
G1 X137.647 Y121.396 E.05412
G1 X136.804 Y120.806 E.05408
G1 X135.993 Y120.172 E.0541
G1 X135.215 Y119.495 E.0542
G1 X134.719 Y119.024 E.03595
G1 X134.158 Y118.45 E.04218
G1 X133.549 Y117.77 E.04798
G1 X132.901 Y116.969 E.05415
G1 X132.296 Y116.137 E.05407
G1 X131.734 Y115.273 E.05417
G1 X131.33 Y114.58 E.04216
G1 X130.904 Y113.773 E.04796
G1 X130.468 Y112.839 E.05417
G1 X130.164 Y112.098 E.0421
G1 X129.854 Y111.239 E.048
G1 X129.553 Y110.254 E.05413
G1 X129.304 Y109.255 E.05411
G1 X129.107 Y108.245 E.05408
G1 X128.964 Y107.226 E.05408
G1 X128.874 Y106.2 E.05413
G1 X128.838 Y105.171 E.05411
G1 X128.856 Y104.142 E.05409
G1 X128.928 Y103.115 E.05411
G1 X129.054 Y102.093 E.05412
G1 X129.189 Y101.302 E.04217
G1 X129.381 Y100.41 E.04796
G1 X129.647 Y99.415 E.05413
G1 X129.966 Y98.436 E.05412
G1 X130.335 Y97.475 E.0541
G1 X130.657 Y96.741 E.04213
G1 X131.059 Y95.921 E.048
G1 X131.558 Y95.02 E.05413
G1 X132.104 Y94.147 E.05412
G1 X132.695 Y93.303 E.05415
G1 X133.185 Y92.669 E.04211
G1 X133.774 Y91.971 E.048
G1 X134.476 Y91.218 E.05411
G1 X135.216 Y90.503 E.05408
G1 X135.993 Y89.828 E.05409
G1 X136.805 Y89.194 E.05414
G1 X137.648 Y88.604 E.05408
G1 X138.522 Y88.058 E.05416
G1 X139.221 Y87.666 E.04212
G1 X140.035 Y87.253 E.04797
G1 X140.976 Y86.834 E.05414
G1 X141.938 Y86.465 E.05415
G1 X142.699 Y86.214 E.04212
G1 X143.577 Y85.964 E.04798
G1 X144.58 Y85.732 E.05411
G1 X145.594 Y85.554 E.05411
G1 X146.616 Y85.428 E.05412
M73 P38 R6
G1 X147.643 Y85.356 E.05411
G1 X148.445 Y85.338 E.04216
G1 X148.639 Y85.342 E.0102
G1 X149.239 Y85.354 F12000
G1 X148.655 Y86.137
;TYPE:Perimeter
T1
;WIDTH:0.999999
G1 F3134.537
G1 X149.322 Y86.15 E.05309
G1 X150.309 Y86.219 E.07874
G1 X151.289 Y86.34 E.07858
G1 X152.262 Y86.511 E.07862
G1 X153.229 Y86.735 E.07899
G1 X153.854 Y86.908 E.05161
G1 X154.798 Y87.215 E.079
G1 X155.725 Y87.571 E.07903
G1 X156.32 Y87.829 E.05161
G1 X157.212 Y88.264 E.07898
G1 X158.076 Y88.743 E.07862
G1 X158.918 Y89.269 E.07901
G1 X159.453 Y89.637 E.05168
G1 X160.246 Y90.234 E.07899
G1 X161.002 Y90.869 E.07857
G1 X161.728 Y91.546 E.079
G1 X162.183 Y92.009 E.05166
G1 X162.847 Y92.747 E.079
G1 X163.469 Y93.514 E.07859
G1 X164.052 Y94.318 E.07903
G1 X164.41 Y94.858 E.05156
G1 X164.922 Y95.709 E.07904
G1 X165.385 Y96.582 E.07864
G1 X165.803 Y97.477 E.07861
G1 X166.173 Y98.393 E.07862
G1 X166.494 Y99.327 E.0786
G1 X166.767 Y100.276 E.07859
G1 X166.917 Y100.927 E.05316
G1 X167.049 Y101.562 E.05161
G1 X167.178 Y102.375 E.06551
G1 X167.289 Y103.356 E.07857
G1 X167.35 Y104.342 E.07862
G1 X167.35 Y105.823 E.11786
G1 X167.281 Y106.809 E.07866
G1 X167.16 Y107.794 E.07898
G1 X166.921 Y109.079 E.10402
G1 X166.681 Y110.042 E.07898
G1 X166.392 Y110.987 E.07864
G1 X166.055 Y111.915 E.07857
G1 X165.669 Y112.824 E.07859
G1 X165.233 Y113.717 E.07908
G1 X164.924 Y114.287 E.0516
G1 X164.413 Y115.138 E.079
G1 X163.86 Y115.957 E.07864
G1 X163.266 Y116.745 E.07853
G1 X162.631 Y117.502 E.07863
G1 X161.955 Y118.227 E.07889
G1 X161.407 Y118.762 E.06095
G1 X160.754 Y119.346 E.06972
G1 X159.986 Y119.969 E.0787
G1 X159.182 Y120.552 E.07903
G1 X158.642 Y120.91 E.05156
G1 X157.791 Y121.422 E.07904
G1 X156.918 Y121.885 E.07864
G1 X156.019 Y122.305 E.07897
G1 X155.419 Y122.553 E.05167
G1 X154.487 Y122.893 E.07895
G1 X153.542 Y123.181 E.07862
G1 X152.583 Y123.42 E.07865
G1 X151.614 Y123.609 E.07857
G1 X150.636 Y123.746 E.07859
G1 X149.652 Y123.832 E.07861
G1 X148.664 Y123.867 E.07868
G1 X147.677 Y123.85 E.07856
G1 X146.691 Y123.781 E.07866
G1 X145.711 Y123.66 E.07858
G1 X144.733 Y123.488 E.07903
G1 X144.1 Y123.347 E.05161
G1 X143.141 Y123.09 E.07901
G1 X142.202 Y122.785 E.07857
G1 X141.275 Y122.429 E.07903
G1 X140.68 Y122.171 E.05161
G1 X139.788 Y121.736 E.07898
G1 X138.924 Y121.257 E.07862
G1 X138.086 Y120.733 E.07865
G1 X137.277 Y120.167 E.07857
G1 X136.499 Y119.558 E.07863
G1 X135.749 Y118.907 E.07903
G1 X135.277 Y118.459 E.05179
G1 X134.738 Y117.907 E.0614
G1 X134.154 Y117.254 E.06972
G1 X133.531 Y116.486 E.0787
G1 X132.951 Y115.686 E.07864
G1 X132.411 Y114.856 E.0788
G1 X132.025 Y114.194 E.06098
G1 X131.615 Y113.42 E.0697
G1 X131.196 Y112.521 E.07893
G1 X130.906 Y111.812 E.06096
G1 X130.608 Y110.988 E.06973
G1 X130.319 Y110.042 E.07872
G1 X130.08 Y109.083 E.07865
G1 X129.891 Y108.114 E.07857
G1 X129.754 Y107.136 E.07859
G1 X129.668 Y106.152 E.07861
G1 X129.633 Y105.164 E.07868
G1 X129.65 Y104.177 E.07856
G1 X129.719 Y103.191 E.07866
G1 X129.84 Y102.208 E.07882
G1 X129.969 Y101.453 E.06095
G1 X130.154 Y100.596 E.06977
G1 X130.41 Y99.641 E.07868
G1 X130.715 Y98.702 E.07857
G1 X131.07 Y97.777 E.07885
G1 X131.378 Y97.075 E.06101
G1 X131.764 Y96.289 E.06969
G1 X132.243 Y95.424 E.07869
G1 X132.767 Y94.586 E.07865
G1 X133.335 Y93.775 E.0788
G1 X133.804 Y93.169 E.06098
G1 X134.368 Y92.499 E.0697
G1 X135.043 Y91.775 E.07877
G1 X135.753 Y91.089 E.07857
G1 X136.499 Y90.441 E.07864
G1 X137.277 Y89.833 E.07858
G1 X138.087 Y89.266 E.07868
G1 X138.927 Y88.742 E.07879
G1 X139.595 Y88.367 E.06096
G1 X140.376 Y87.971 E.06969
G1 X141.28 Y87.569 E.07873
G1 X142.205 Y87.214 E.07885
G1 X142.932 Y86.973 E.06095
G1 X143.775 Y86.734 E.06973
G1 X144.739 Y86.511 E.07874
G1 X145.711 Y86.34 E.07854
G1 X146.692 Y86.219 E.07866
G1 X147.68 Y86.15 E.07882
G1 X148.446 Y86.133 E.06097
G1 X148.625 Y86.137 E.01425
G1 X148.638 Y87.094 F12000
G1 F3134.537
G1 X149.279 Y87.107 E.05102
G1 X150.217 Y87.172 E.07483
G1 X151.148 Y87.287 E.07465
G1 X152.071 Y87.449 E.07458
G1 X152.993 Y87.662 E.07531
G1 X153.578 Y87.825 E.04833
G1 X154.479 Y88.117 E.07537
G1 X155.363 Y88.457 E.07537
G1 X155.919 Y88.699 E.04826
G1 X156.77 Y89.114 E.07535
G1 X157.59 Y89.568 E.07459
G1 X158.393 Y90.07 E.07536
G1 X158.893 Y90.414 E.0483
G1 X159.65 Y90.984 E.07541
G1 X160.368 Y91.586 E.07457
G1 X161.06 Y92.232 E.07534
G1 X161.486 Y92.665 E.04834
G1 X162.119 Y93.368 E.07528
G1 X162.709 Y94.097 E.07463
G1 X163.266 Y94.863 E.07537
G1 X163.601 Y95.369 E.04829
G1 X164.088 Y96.181 E.07535
G1 X164.529 Y97.009 E.07466
G1 X164.925 Y97.859 E.07462
G1 X165.276 Y98.728 E.07458
G1 X165.581 Y99.615 E.07465
G1 X165.84 Y100.516 E.07461
G1 X165.984 Y101.143 E.0512
G1 X166.108 Y101.737 E.04829
G1 X166.23 Y102.509 E.0622
G1 X166.336 Y103.44 E.07457
G1 X166.393 Y104.375 E.07455
G1 X166.393 Y105.781 E.11189
G1 X166.328 Y106.717 E.07467
G1 X166.212 Y107.657 E.07537
G1 X165.988 Y108.868 E.09801
G1 X165.759 Y109.786 E.07529
G1 X165.485 Y110.683 E.07464
G1 X165.164 Y111.564 E.07462
G1 X164.797 Y112.427 E.07463
G1 X164.382 Y113.278 E.07535
G1 X164.093 Y113.812 E.04832
G1 X163.605 Y114.623 E.07532
G1 X163.081 Y115.401 E.07465
G1 X162.516 Y116.149 E.0746
G1 X161.914 Y116.868 E.07463
G1 X161.271 Y117.557 E.075
G1 X160.753 Y118.062 E.05757
G1 X160.133 Y118.618 E.06627
G1 X159.403 Y119.209 E.07475
G1 X158.637 Y119.766 E.07537
G1 X158.131 Y120.101 E.04829
G1 X157.319 Y120.588 E.07535
G1 X156.491 Y121.029 E.07466
G1 X155.633 Y121.429 E.07534
G1 X155.072 Y121.661 E.04831
G1 X154.183 Y121.985 E.0753
G1 X153.286 Y122.259 E.07464
G1 X152.376 Y122.486 E.07464
G1 X151.456 Y122.665 E.07459
G1 X150.527 Y122.795 E.07465
G1 X149.593 Y122.877 E.07461
G1 X148.656 Y122.909 E.07461
G1 X147.719 Y122.893 E.07458
G1 X146.783 Y122.828 E.07467
G1 X145.852 Y122.713 E.07465
G1 X144.92 Y122.549 E.07531
G1 X144.327 Y122.418 E.04833
G1 X143.413 Y122.173 E.07531
G1 X142.521 Y121.883 E.07464
G1 X141.637 Y121.543 E.07537
G1 X141.081 Y121.301 E.04826
G1 X140.23 Y120.886 E.07535
G1 X139.41 Y120.432 E.07459
G1 X138.614 Y119.935 E.07468
G1 X137.846 Y119.397 E.07462
G1 X137.108 Y118.82 E.07455
G1 X136.393 Y118.199 E.07537
G1 X135.949 Y117.777 E.04875
G1 X135.438 Y117.253 E.05825
G1 X134.882 Y116.633 E.06627
G1 X134.291 Y115.903 E.07475
G1 X133.74 Y115.144 E.07464
G1 X133.226 Y114.354 E.07501
G1 X132.861 Y113.729 E.0576
G1 X132.473 Y112.993 E.06621
G1 X132.073 Y112.137 E.07519
G1 X131.799 Y111.468 E.05753
G1 X131.516 Y110.685 E.06626
G1 X131.241 Y109.786 E.07482
G1 X131.014 Y108.876 E.07464
G1 X130.835 Y107.956 E.07459
G1 X130.705 Y107.027 E.07465
G1 X130.623 Y106.093 E.07461
G1 X130.591 Y105.156 E.07461
G1 X130.607 Y104.219 E.07458
G1 X130.672 Y103.283 E.07467
G1 X130.787 Y102.347 E.07505
G1 X130.909 Y101.634 E.05757
G1 X131.084 Y100.821 E.06618
G1 X131.327 Y99.913 E.0748
G1 X131.617 Y99.021 E.07464
G1 X131.955 Y98.141 E.07502
G1 X132.246 Y97.479 E.05755
G1 X132.613 Y96.732 E.06623
G1 X133.068 Y95.91 E.07477
G1 X133.565 Y95.114 E.07468
G1 X134.106 Y94.342 E.07502
G1 X134.548 Y93.77 E.05753
G1 X135.085 Y93.134 E.06624
G1 X135.726 Y92.446 E.07483
G1 X136.4 Y91.795 E.07457
G1 X137.108 Y91.18 E.07463
G1 X137.847 Y90.603 E.07461
G1 X138.615 Y90.065 E.07462
G1 X139.415 Y89.565 E.07508
G1 X140.045 Y89.212 E.05747
G1 X140.788 Y88.835 E.06631
G1 X141.646 Y88.453 E.07474
G1 X142.527 Y88.115 E.07509
G1 X143.213 Y87.888 E.0575
G1 X144.014 Y87.661 E.06626
G1 X144.93 Y87.449 E.07482
G1 X145.853 Y87.287 E.07458
G1 X146.784 Y87.172 E.07465
G1 X147.724 Y87.107 E.07499
G1 X148.447 Y87.09 E.05755
G1 X148.608 Y87.094 E.01282
G1 X148.622 Y88.051 F12000
G1 F3134.537
G1 X149.236 Y88.063 E.04887
G1 X150.125 Y88.125 E.07092
G1 X151.006 Y88.234 E.07065
G1 X151.88 Y88.388 E.07063
G1 X152.758 Y88.59 E.0717
G1 X153.302 Y88.741 E.04493
G1 X154.159 Y89.02 E.07172
G1 X155 Y89.343 E.07169
G1 X155.518 Y89.568 E.04494
G1 X156.328 Y89.963 E.07172
G1 X157.104 Y90.393 E.0706
G1 X157.868 Y90.871 E.07172
G1 X158.334 Y91.191 E.04499
G1 X159.053 Y91.733 E.07166
G1 X159.733 Y92.303 E.07061
G1 X160.392 Y92.918 E.07173
G1 X160.788 Y93.321 E.04496
G1 X161.391 Y93.99 E.07168
G1 X161.95 Y94.68 E.07067
G1 X162.479 Y95.409 E.07168
G1 X162.791 Y95.88 E.04496
G1 X163.255 Y96.652 E.07168
G1 X163.672 Y97.436 E.07067
G1 X164.047 Y98.24 E.0706
G1 X164.379 Y99.063 E.07062
G1 X164.668 Y99.902 E.07062
G1 X164.913 Y100.756 E.0707
G1 X165.052 Y101.358 E.04917
G1 X165.167 Y101.911 E.04495
G1 X165.282 Y102.642 E.05889
G1 X165.382 Y103.523 E.07056
G1 X165.437 Y104.409 E.07064
G1 X165.437 Y105.74 E.10592
G1 X165.375 Y106.625 E.0706
G1 X165.265 Y107.519 E.07168
G1 X165.054 Y108.657 E.09211
G1 X164.836 Y109.531 E.07169
G1 X164.577 Y110.379 E.07056
G1 X164.273 Y111.213 E.07064
G1 X163.926 Y112.03 E.07064
G1 X163.531 Y112.84 E.07172
G1 X163.262 Y113.337 E.04497
G1 X162.798 Y114.109 E.07168
G1 X162.301 Y114.845 E.07068
G1 X161.767 Y115.553 E.07057
G1 X161.197 Y116.233 E.07061
G1 X160.586 Y116.888 E.07128
G1 X160.099 Y117.363 E.05414
G1 X159.512 Y117.889 E.06273
G1 X158.82 Y118.45 E.07089
G1 X158.091 Y118.979 E.07168
G1 X157.62 Y119.291 E.04496
G1 X156.848 Y119.755 E.07168
G1 X156.064 Y120.172 E.07067
G1 X155.248 Y120.552 E.07163
G1 X154.725 Y120.769 E.04506
G1 X153.879 Y121.077 E.07165
G1 X153.03 Y121.336 E.07064
G1 X152.169 Y121.551 E.07062
G1 X151.298 Y121.72 E.07061
G1 X150.419 Y121.844 E.07064
G1 X149.535 Y121.921 E.07062
G1 X148.648 Y121.952 E.07063
G1 X147.76 Y121.937 E.07068
G1 X146.875 Y121.875 E.0706
G1 X145.994 Y121.766 E.07065
G1 X145.107 Y121.61 E.07167
G1 X144.555 Y121.488 E.04499
G1 X143.685 Y121.255 E.07168
G1 X142.841 Y120.98 E.07064
G1 X142 Y120.657 E.07169
G1 X141.482 Y120.432 E.04494
G1 X140.672 Y120.037 E.07172
G1 X139.896 Y119.607 E.0706
G1 X139.143 Y119.136 E.07068
G1 X138.416 Y118.627 E.07063
G1 X137.717 Y118.081 E.07059
G1 X137.037 Y117.49 E.0717
G1 X136.621 Y117.096 E.0456
G1 X136.137 Y116.599 E.05521
G1 X135.611 Y116.012 E.06273
G1 X135.05 Y115.32 E.07089
G1 X134.529 Y114.602 E.0706
G1 X134.041 Y113.851 E.07128
G1 X133.698 Y113.264 E.0541
G1 X133.33 Y112.567 E.06272
G1 X132.95 Y111.753 E.07149
G1 X132.692 Y111.123 E.05418
G1 X132.424 Y110.382 E.06271
G1 X132.164 Y109.53 E.07089
G1 X131.949 Y108.669 E.07062
G1 X131.78 Y107.798 E.07061
G1 X131.656 Y106.919 E.07064
G1 X131.579 Y106.035 E.07062
G1 X131.548 Y105.148 E.07063
G1 X131.563 Y104.26 E.07068
M73 P39 R6
G1 X131.625 Y103.375 E.0706
G1 X131.734 Y102.487 E.0712
G1 X131.849 Y101.816 E.05418
G1 X132.015 Y101.046 E.06269
G1 X132.245 Y100.185 E.07092
G1 X132.52 Y99.341 E.07064
G1 X132.841 Y98.505 E.07127
G1 X133.114 Y97.882 E.05413
G1 X133.461 Y97.175 E.06268
G1 X133.893 Y96.396 E.07089
G1 X134.364 Y95.643 E.07068
G1 X134.877 Y94.91 E.0712
G1 X135.293 Y94.372 E.05412
G1 X135.801 Y93.769 E.06275
G1 X136.409 Y93.118 E.07089
G1 X137.047 Y92.501 E.07063
G1 X137.717 Y91.919 E.07063
G1 X138.416 Y91.372 E.07064
G1 X139.143 Y90.863 E.07063
G1 X139.902 Y90.389 E.07121
G1 X140.496 Y90.056 E.05419
G1 X141.199 Y89.7 E.06271
G1 X142.013 Y89.338 E.0709
G1 X142.848 Y89.017 E.07119
G1 X143.494 Y88.803 E.05416
G1 X144.252 Y88.588 E.0627
G1 X145.12 Y88.388 E.07089
G1 X145.994 Y88.233 E.07064
G1 X146.875 Y88.125 E.07064
G1 X147.768 Y88.063 E.07124
G1 X148.448 Y88.048 E.05413
G1 X148.592 Y88.05 E.01146
G1 E-3 F7200
G1 Z2 F3000
G1 X158.027 Y91.654 F12000
G1 Z1.8 F3000
G1 E3 F7200
;TYPE:Internal infill
T0
;WIDTH:0.675
G1 F4746.238
G1 X159.501 Y92.846 E.09963
G1 X158.673 Y93.115 E.04576
G1 X157.995 Y93.183 E.03581
G1 X157.316 Y93.047 E.0364
G1 X156.977 Y92.844 E.02077
G1 X156.638 Y92.513 E.0249
G1 X155.282 Y90.813 E.11429
G1 X154.604 Y90.286 E.04513
G1 X153.926 Y89.954 E.03968
G1 X153.247 Y89.757 E.03716
G1 X152.569 Y89.69 E.03581
G1 X151.891 Y89.825 E.03633
G1 X151.552 Y90.029 E.02079
G1 X151.213 Y90.359 E.02486
G1 X149.856 Y92.06 E.11436
G1 X149.178 Y92.586 E.0451
G1 X148.5 Y92.919 E.0397
G1 X147.822 Y93.115 E.03709
G1 X147.144 Y93.183 E.03581
G1 X146.465 Y93.047 E.0364
G1 X146.126 Y92.844 E.02077
G1 X145.787 Y92.513 E.0249
G1 X144.431 Y90.813 E.11429
G1 X143.753 Y90.286 E.04513
G1 X143.075 Y89.954 E.03968
G1 X142.438 Y89.769 E.03486
G1 X140.757 Y90.546 E.09733
G1 X139.803 Y91.106 E.05814
G1 X139.005 Y92.06 E.06537
G1 X138.327 Y92.586 E.0451
G1 X137.649 Y92.919 E.0397
G1 X137.313 Y93.016 E.01838
G1 X136.217 Y94.138 E.08244
G1 X134.939 Y95.789 E.10973
G1 X136.293 Y97.485 E.11406
G1 X136.971 Y98.012 E.04513
G1 X137.649 Y98.344 E.03968
G1 X138.327 Y98.541 E.03711
G1 X139.005 Y98.608 E.03581
G1 X139.684 Y98.473 E.03639
G1 X140.023 Y98.269 E.02079
G1 X140.362 Y97.939 E.02486
G1 X141.718 Y96.238 E.11433
G1 X142.396 Y95.712 E.0451
G1 X143.075 Y95.379 E.03975
G1 X143.753 Y95.183 E.03709
G1 X144.431 Y95.115 E.03581
G1 X145.109 Y95.251 E.03634
G1 X145.448 Y95.454 E.02077
G1 X145.787 Y95.785 E.0249
G1 X147.144 Y97.485 E.11432
G1 X147.822 Y98.012 E.04513
G1 X148.5 Y98.344 E.03968
G1 X149.178 Y98.541 E.03711
G1 X149.856 Y98.608 E.03581
G1 X150.535 Y98.473 E.03639
G1 X150.874 Y98.269 E.02079
G1 X151.213 Y97.939 E.02486
G1 X152.569 Y96.238 E.11433
G1 X153.247 Y95.712 E.0451
G1 X153.926 Y95.379 E.03975
G1 X154.604 Y95.183 E.03709
G1 X155.282 Y95.115 E.03581
G1 X155.96 Y95.251 E.03634
G1 X156.299 Y95.454 E.02077
G1 X156.638 Y95.785 E.0249
G1 X157.995 Y97.485 E.11432
G1 X158.673 Y98.012 E.04513
G1 X159.351 Y98.344 E.03968
G1 X160.029 Y98.541 E.03711
G1 X160.707 Y98.608 E.03581
G1 X161.386 Y98.473 E.03639
G1 X161.725 Y98.269 E.02079
G1 X162.064 Y97.939 E.02486
G1 X162.795 Y96.97 E.06379
G1 X163.537 Y98.462 E.08758
G1 X163.859 Y99.258 E.04513
G1 X164.31 Y100.67 E.0779
G1 X163.42 Y100.541 E.04727
G1 X162.742 Y100.676 E.03633
G1 X162.403 Y100.88 E.02079
G1 X162.064 Y101.21 E.02486
G1 X160.707 Y102.911 E.11436
G1 X160.029 Y103.437 E.0451
G1 X159.351 Y103.77 E.0397
G1 X158.673 Y103.966 E.03709
G1 X157.995 Y104.034 E.03581
G1 X157.316 Y103.898 E.0364
G1 X156.977 Y103.695 E.02077
G1 X156.638 Y103.364 E.0249
G1 X155.282 Y101.664 E.11429
G1 X154.604 Y101.137 E.04513
G1 X153.926 Y100.805 E.03968
G1 X153.247 Y100.608 E.03716
G1 X152.569 Y100.541 E.03581
G1 X151.891 Y100.676 E.03633
G1 X151.552 Y100.88 E.02079
G1 X151.213 Y101.21 E.02486
G1 X149.856 Y102.911 E.11436
G1 X149.178 Y103.437 E.0451
G1 X148.5 Y103.77 E.0397
G1 X147.822 Y103.966 E.03709
G1 X147.144 Y104.034 E.03581
G1 X146.465 Y103.898 E.0364
G1 X146.126 Y103.695 E.02077
G1 X145.787 Y103.364 E.0249
G1 X144.431 Y101.664 E.11429
G1 X143.753 Y101.137 E.04513
G1 X143.075 Y100.805 E.03968
G1 X142.396 Y100.608 E.03716
G1 X141.718 Y100.541 E.03581
G1 X141.04 Y100.676 E.03633
G1 X140.701 Y100.88 E.02079
G1 X140.362 Y101.21 E.02486
G1 X139.005 Y102.911 E.11436
G1 X138.327 Y103.437 E.0451
G1 X137.649 Y103.77 E.0397
G1 X136.971 Y103.966 E.03709
G1 X136.293 Y104.034 E.03581
G1 X135.614 Y103.898 E.0364
G1 X135.275 Y103.695 E.02077
G1 X134.936 Y103.364 E.0249
G1 X133.58 Y101.664 E.11429
G1 X132.902 Y101.137 E.04513
G1 X132.604 Y100.991 E.01744
G1 X132.249 Y102.853 E.09963
G1 E-3 F7200
G1 Z2 F3000
G1 X132.117 Y104.369 F12000
G1 Z1.8 F3000
G1 E3 F7200
G1 F4746.238
G1 X132.156 Y106.263 E.09957
G1 X132.902 Y106.034 E.04101
G1 X133.58 Y105.966 E.03581
G1 X134.258 Y106.102 E.03634
G1 X134.597 Y106.305 E.02077
G1 X134.936 Y106.636 E.0249
G1 X136.293 Y108.336 E.11432
G1 X136.971 Y108.863 E.04513
G1 X137.649 Y109.195 E.03968
G1 X138.327 Y109.392 E.03711
G1 X139.005 Y109.459 E.03581
G1 X139.684 Y109.324 E.03639
G1 X140.023 Y109.12 E.02079
G1 X140.362 Y108.79 E.02486
G1 X141.718 Y107.089 E.11433
G1 X142.396 Y106.563 E.0451
G1 X143.075 Y106.23 E.03975
G1 X143.753 Y106.034 E.03709
G1 X144.431 Y105.966 E.03581
G1 X145.109 Y106.102 E.03634
G1 X145.448 Y106.305 E.02077
G1 X145.787 Y106.636 E.0249
G1 X147.144 Y108.336 E.11432
G1 X147.822 Y108.863 E.04513
G1 X148.5 Y109.195 E.03968
G1 X149.178 Y109.392 E.03711
G1 X149.856 Y109.459 E.03581
G1 X150.535 Y109.324 E.03639
G1 X150.874 Y109.12 E.02079
G1 X151.213 Y108.79 E.02486
G1 X152.569 Y107.089 E.11433
G1 X153.247 Y106.563 E.0451
G1 X153.926 Y106.23 E.03975
G1 X154.604 Y106.034 E.03709
G1 X155.282 Y105.966 E.03581
G1 X155.96 Y106.102 E.03634
G1 X156.299 Y106.305 E.02077
G1 X156.638 Y106.636 E.0249
G1 X157.995 Y108.336 E.11432
G1 X158.673 Y108.863 E.04513
G1 X159.351 Y109.195 E.03968
G1 X160.029 Y109.392 E.03711
G1 X160.707 Y109.459 E.03581
G1 X161.386 Y109.324 E.03639
G1 X161.725 Y109.12 E.02079
G1 X162.064 Y108.79 E.02486
G1 X163.42 Y107.089 E.11433
G1 X164.098 Y106.563 E.0451
G1 X164.847 Y106.21 E.04352
G1 X164.603 Y108.089 E.09958
G1 E-3 F7200
G1 Z2 F3000
G1 X164.227 Y109.625 F12000
G1 Z1.8 F3000
G1 E3 F7200
G1 F4746.238
M73 P40 R6
G1 X163.587 Y111.408 E.09956
G1 X163.42 Y111.392 E.00882
G1 X162.742 Y111.527 E.03633
G1 X162.403 Y111.731 E.02079
G1 X162.064 Y112.061 E.02486
G1 X160.707 Y113.762 E.11436
G1 X160.029 Y114.288 E.0451
G1 X159.351 Y114.621 E.0397
G1 X158.673 Y114.817 E.03709
G1 X157.995 Y114.885 E.03581
G1 X157.316 Y114.749 E.0364
G1 X156.977 Y114.546 E.02077
G1 X156.638 Y114.215 E.0249
G1 X155.282 Y112.515 E.11429
G1 X154.604 Y111.988 E.04513
G1 X153.926 Y111.656 E.03968
G1 X153.247 Y111.459 E.03716
G1 X152.569 Y111.392 E.03581
G1 X151.891 Y111.527 E.03633
G1 X151.552 Y111.731 E.02079
G1 X151.213 Y112.061 E.02486
G1 X149.856 Y113.762 E.11436
G1 X149.178 Y114.288 E.0451
G1 X148.5 Y114.621 E.0397
G1 X147.822 Y114.817 E.03709
G1 X147.144 Y114.885 E.03581
G1 X146.465 Y114.749 E.0364
G1 X146.126 Y114.546 E.02077
G1 X145.787 Y114.215 E.0249
G1 X144.431 Y112.515 E.11429
G1 X143.753 Y111.988 E.04513
G1 X143.075 Y111.656 E.03968
G1 X142.396 Y111.459 E.03716
G1 X141.718 Y111.392 E.03581
G1 X141.04 Y111.527 E.03633
G1 X140.701 Y111.731 E.02079
G1 X140.362 Y112.061 E.02486
G1 X139.005 Y113.762 E.11436
G1 X138.327 Y114.288 E.0451
G1 X137.649 Y114.621 E.0397
G1 X136.971 Y114.817 E.03709
G1 X136.293 Y114.885 E.03581
G1 X135.614 Y114.749 E.0364
G1 X135.275 Y114.546 E.02077
G1 X134.946 Y114.224 E.0242
G1 X133.974 Y112.597 E.09961
G1 E-3 F7200
G1 Z2 F3000
G1 X142.286 Y120.172 F12000
G1 Z1.8 F3000
G1 E3 F7200
G1 F4746.238
G1 X140.579 Y119.351 E.09955
G1 X141.718 Y117.94 E.09531
G1 X142.396 Y117.414 E.0451
G1 X143.075 Y117.081 E.03975
G1 X143.753 Y116.885 E.03709
G1 X144.431 Y116.817 E.03581
G1 X145.109 Y116.953 E.03634
G1 X145.448 Y117.156 E.02077
G1 X145.787 Y117.487 E.0249
G1 X147.144 Y119.187 E.11432
G1 X147.822 Y119.714 E.04513
G1 X148.5 Y120.046 E.03968
G1 X149.178 Y120.243 E.03711
G1 X149.856 Y120.31 E.03581
G1 X150.535 Y120.175 E.03639
G1 X150.874 Y119.971 E.02079
G1 X151.213 Y119.641 E.02486
G1 X152.569 Y117.94 E.11433
G1 X153.247 Y117.414 E.0451
G1 X153.926 Y117.081 E.03975
G1 X154.604 Y116.885 E.03709
G1 X155.282 Y116.817 E.03581
G1 X155.96 Y116.953 E.03634
G1 X156.299 Y117.156 E.02077
G1 X156.638 Y117.487 E.0249
G1 X157.553 Y118.67 E.0786
G1 X155.914 Y119.622 E.09962
;LAYER_CHANGE
;Z:2
;HEIGHT:0.2

G1 E-3 F7200
G1 Z2 F3000
;AFTER_LAYER_CHANGE
;2
G92 E0
_ON_LAYER_CHANGE LAYER=10
G1 Z2.2
G1 X148.669 Y85.343 F12000
G1 Z2 F3000
G1 E3 F7200
;TYPE:External perimeter
;WIDTH:0.674999
G1 F4746.242
G1 X149.357 Y85.356 E.03617
G1 X150.385 Y85.428 E.05416
G1 X151.407 Y85.554 E.05412
G1 X152.42 Y85.732 E.05406
G1 X153.425 Y85.964 E.05421
G1 X154.083 Y86.147 E.0359
G1 X155.064 Y86.466 E.05422
G1 X156.026 Y86.835 E.05415
G1 X156.653 Y87.107 E.03592
G1 X157.579 Y87.559 E.05416
G1 X158.48 Y88.058 E.05413
G1 X159.354 Y88.605 E.05419
G1 X159.917 Y88.992 E.03591
G1 X160.74 Y89.612 E.05416
G1 X161.529 Y90.274 E.05413
G1 X162.283 Y90.977 E.05418
G1 X162.762 Y91.464 E.0359
G1 X163.452 Y92.23 E.05418
G1 X164.099 Y93.031 E.05412
G1 X164.705 Y93.865 E.05418
G1 X165.083 Y94.434 E.0359
G1 X165.613 Y95.318 E.05417
G1 X166.097 Y96.227 E.05413
G1 X166.532 Y97.16 E.0541
G1 X166.917 Y98.114 E.05407
G1 X167.252 Y99.088 E.05413
G1 X167.536 Y100.077 E.05408
G1 X167.768 Y101.082 E.05421
G1 X167.893 Y101.754 E.03592
G1 X168.036 Y102.774 E.05413
G1 X168.126 Y103.8 E.05413
G1 X168.162 Y104.829 E.05411
G1 X168.144 Y105.858 E.05409
G1 X168.072 Y106.885 E.05411
G1 X167.946 Y107.908 E.05417
G1 X167.833 Y108.582 E.03592
G1 X167.619 Y109.591 E.05421
G1 X167.411 Y110.38 E.04288
G1 X167.146 Y111.239 E.04725
G1 X166.794 Y112.207 E.05414
G1 X166.392 Y113.154 E.05407
G1 X165.941 Y114.079 E.05409
G1 X165.442 Y114.98 E.05413
G1 X164.895 Y115.854 E.05419
G1 X164.508 Y116.417 E.03591
G1 X163.888 Y117.24 E.05416
G1 X163.226 Y118.029 E.05413
G1 X162.523 Y118.783 E.05418
G1 X162.036 Y119.262 E.0359
G1 X161.27 Y119.952 E.05418
G1 X160.469 Y120.599 E.05412
G1 X159.637 Y121.204 E.05407
G1 X158.773 Y121.765 E.05414
G1 X157.882 Y122.28 E.05409
G1 X156.965 Y122.747 E.05409
G1 X156.024 Y123.166 E.05414
G1 X155.063 Y123.535 E.0541
G1 X154.084 Y123.853 E.0541
G1 X153.088 Y124.12 E.0542
G1 X151.746 Y124.393 E.07198
G1 X150.726 Y124.536 E.05413
G1 X149.7 Y124.626 E.05413
G1 X148.671 Y124.662 E.05411
G1 X147.642 Y124.644 E.05409
G1 X146.615 Y124.572 E.05411
G1 X145.593 Y124.446 E.05412
G1 X144.578 Y124.267 E.05417
G1 X143.911 Y124.119 E.03591
G1 X142.915 Y123.853 E.05418
G1 X141.936 Y123.534 E.05412
G1 X140.974 Y123.165 E.05415
G1 X140.347 Y122.893 E.03592
G1 X139.421 Y122.441 E.05416
G1 X138.52 Y121.942 E.05413
G1 X137.647 Y121.396 E.05412
G1 X136.804 Y120.806 E.05408
G1 X135.993 Y120.172 E.0541
G1 X135.215 Y119.495 E.0542
G1 X134.719 Y119.025 E.03591
G1 X134.002 Y118.282 E.05427
G1 X133.549 Y117.771 E.03589
G1 X132.901 Y116.969 E.05419
G1 X132.296 Y116.137 E.05407
G1 X131.735 Y115.273 E.05414
G1 X131.324 Y114.568 E.04289
G1 X130.904 Y113.773 E.04726
G1 X130.468 Y112.839 E.05417
G1 X130.206 Y112.207 E.03596
G1 X129.854 Y111.239 E.05414
G1 X129.553 Y110.254 E.05413
G1 X129.304 Y109.255 E.05411
G1 X129.107 Y108.245 E.05408
G1 X128.964 Y107.226 E.05408
G1 X128.874 Y106.2 E.05413
G1 X128.838 Y105.171 E.05411
G1 X128.856 Y104.141 E.05414
G1 X128.91 Y103.327 E.04288
G1 X129.006 Y102.434 E.0472
G1 X129.167 Y101.417 E.05412
G1 X129.381 Y100.41 E.05411
G1 X129.647 Y99.415 E.05413
G1 X129.966 Y98.436 E.05412
G1 X130.334 Y97.475 E.05408
G1 X130.753 Y96.534 E.05414
G1 X131.12 Y95.806 E.04285
G1 X131.558 Y95.021 E.04725
G1 X132.104 Y94.147 E.05416
G1 X132.695 Y93.304 E.05411
G1 X133.194 Y92.659 E.04286
G1 X133.774 Y91.971 E.04729
G1 X134.477 Y91.218 E.05414
G1 X135.061 Y90.649 E.04285
G1 X135.73 Y90.049 E.04723
G1 X136.531 Y89.401 E.05415
G1 X137.363 Y88.796 E.05407
G1 X138.227 Y88.235 E.05414
G1 X139.118 Y87.72 E.05409
G1 X140.035 Y87.253 E.05409
G1 X140.976 Y86.834 E.05414
G1 X141.937 Y86.465 E.0541
G1 X142.712 Y86.21 E.04288
G1 X143.577 Y85.964 E.04727
G1 X144.58 Y85.732 E.05411
G1 X145.594 Y85.554 E.05411
G1 X146.616 Y85.428 E.05412
G1 X147.643 Y85.356 E.05411
G1 X148.459 Y85.338 E.0429
G1 X148.639 Y85.342 E.00946
G1 X149.239 Y85.354 F12000
G1 X148.655 Y86.137
;TYPE:Perimeter
T1
;WIDTH:0.999999
G1 F3134.537
G1 X149.322 Y86.15 E.05309
G1 X150.309 Y86.219 E.07874
G1 X151.289 Y86.34 E.07858
G1 X152.262 Y86.511 E.07862
G1 X153.229 Y86.735 E.07899
G1 X153.854 Y86.908 E.05161
G1 X154.798 Y87.215 E.079
G1 X155.725 Y87.571 E.07903
G1 X156.32 Y87.829 E.05161
G1 X157.212 Y88.264 E.07898
G1 X158.076 Y88.743 E.07862
G1 X158.918 Y89.269 E.07901
G1 X159.453 Y89.637 E.05168
G1 X160.246 Y90.234 E.07899
G1 X161.002 Y90.869 E.07857
G1 X161.728 Y91.546 E.079
G1 X162.183 Y92.009 E.05166
G1 X162.847 Y92.747 E.079
G1 X163.469 Y93.514 E.07859
G1 X164.052 Y94.318 E.07903
G1 X164.41 Y94.858 E.05156
G1 X164.922 Y95.709 E.07904
G1 X165.385 Y96.582 E.07864
G1 X165.803 Y97.477 E.07861
G1 X166.173 Y98.393 E.07862
G1 X166.494 Y99.327 E.0786
G1 X166.767 Y100.276 E.07859
G1 X166.917 Y100.927 E.05316
G1 X167.049 Y101.562 E.05161
G1 X167.178 Y102.375 E.06551
G1 X167.289 Y103.356 E.07857
G1 X167.35 Y104.342 E.07862
G1 X167.35 Y105.823 E.11786
G1 X167.281 Y106.809 E.07866
G1 X167.16 Y107.794 E.07898
G1 X167.053 Y108.434 E.05164
G1 X166.846 Y109.407 E.07917
G1 X166.647 Y110.161 E.06206
G1 X166.393 Y110.986 E.0687
G1 X166.055 Y111.915 E.07867
G1 X165.669 Y112.824 E.07859
G1 X165.236 Y113.712 E.07862
G1 X164.757 Y114.576 E.07862
G1 X164.231 Y115.418 E.07901
G1 X163.863 Y115.953 E.05168
G1 X163.266 Y116.746 E.07899
G1 X162.631 Y117.502 E.07857
G1 X161.954 Y118.228 E.079
G1 X161.491 Y118.683 E.05166
G1 X160.753 Y119.347 E.079
G1 X159.986 Y119.969 E.07859
G1 X159.186 Y120.549 E.07864
G1 X158.358 Y121.087 E.07858
G1 X157.503 Y121.581 E.07858
G1 X156.622 Y122.03 E.07869
G1 X155.72 Y122.431 E.07856
G1 X154.798 Y122.785 E.0786
G1 X153.858 Y123.091 E.07867
G1 X152.9 Y123.348 E.07893
G1 X151.619 Y123.608 E.10402
G1 X150.636 Y123.746 E.079
G1 X149.652 Y123.832 E.07861
G1 X148.664 Y123.867 E.07868
G1 X147.677 Y123.85 E.07856
G1 X146.691 Y123.781 E.07866
G1 X145.711 Y123.66 E.07858
G1 X144.733 Y123.488 E.07903
G1 X144.1 Y123.347 E.05161
G1 X143.141 Y123.09 E.07901
G1 X142.202 Y122.785 E.07857
G1 X141.275 Y122.429 E.07903
G1 X140.68 Y122.171 E.05161
G1 X139.788 Y121.736 E.07898
G1 X138.924 Y121.257 E.07862
G1 X138.086 Y120.733 E.07865
G1 X137.277 Y120.167 E.07857
G1 X136.499 Y119.558 E.07863
G1 X135.749 Y118.907 E.07903
G1 X135.279 Y118.461 E.05156
G1 X134.586 Y117.743 E.07941
G1 X134.156 Y117.257 E.05164
G1 X133.531 Y116.486 E.07898
G1 X132.951 Y115.686 E.07864
G1 X132.411 Y114.856 E.0788
G1 X132.018 Y114.182 E.06209
G1 X131.615 Y113.42 E.0686
G1 X131.195 Y112.519 E.07911
M73 P41 R6
G1 X130.947 Y111.919 E.05167
G1 X130.607 Y110.987 E.07895
G1 X130.319 Y110.042 E.07862
G1 X130.08 Y109.083 E.07865
G1 X129.891 Y108.114 E.07857
G1 X129.754 Y107.136 E.07859
G1 X129.668 Y106.152 E.07861
G1 X129.633 Y105.164 E.07868
G1 X129.65 Y104.174 E.0788
G1 X129.701 Y103.396 E.06205
G1 X129.794 Y102.538 E.06868
G1 X129.948 Y101.561 E.07871
G1 X130.154 Y100.595 E.0786
G1 X130.41 Y99.641 E.07861
G1 X130.715 Y98.702 E.07857
G1 X131.069 Y97.779 E.07867
G1 X131.472 Y96.875 E.07877
G1 X131.823 Y96.178 E.0621
G1 X132.243 Y95.425 E.06862
G1 X132.767 Y94.586 E.07872
G1 X133.335 Y93.775 E.0788
G1 X133.812 Y93.158 E.06206
G1 X134.368 Y92.499 E.06862
G1 X135.045 Y91.774 E.07894
G1 X135.603 Y91.229 E.06207
G1 X136.246 Y90.654 E.06865
G1 X137.014 Y90.031 E.0787
G1 X137.814 Y89.451 E.07864
G1 X138.642 Y88.913 E.07858
G1 X139.497 Y88.419 E.07858
G1 X140.378 Y87.97 E.07869
G1 X141.28 Y87.569 E.07856
G1 X142.205 Y87.214 E.07885
G1 X142.945 Y86.969 E.06203
G1 X143.775 Y86.734 E.06865
G1 X144.739 Y86.511 E.07874
G1 X145.711 Y86.34 E.07854
G1 X146.692 Y86.219 E.07866
G1 X147.68 Y86.15 E.07882
G1 X148.459 Y86.133 E.06201
G1 X148.625 Y86.136 E.01321
G1 X148.638 Y87.094 F12000
G1 F3134.537
G1 X149.279 Y87.107 E.05102
G1 X150.217 Y87.172 E.07483
G1 X151.148 Y87.287 E.07465
G1 X152.071 Y87.449 E.07458
G1 X152.993 Y87.662 E.07531
G1 X153.578 Y87.825 E.04833
G1 X154.479 Y88.117 E.07537
G1 X155.363 Y88.457 E.07537
G1 X155.919 Y88.699 E.04826
G1 X156.77 Y89.114 E.07535
G1 X157.59 Y89.568 E.07459
G1 X158.393 Y90.07 E.07536
G1 X158.893 Y90.414 E.0483
G1 X159.65 Y90.984 E.07541
G1 X160.368 Y91.586 E.07457
G1 X161.06 Y92.232 E.07534
G1 X161.486 Y92.665 E.04834
G1 X162.119 Y93.368 E.07528
G1 X162.709 Y94.097 E.07463
G1 X163.266 Y94.863 E.07537
G1 X163.601 Y95.369 E.04829
G1 X164.088 Y96.181 E.07535
G1 X164.529 Y97.009 E.07466
G1 X164.925 Y97.859 E.07462
G1 X165.276 Y98.728 E.07458
G1 X165.581 Y99.615 E.07465
G1 X165.84 Y100.516 E.07461
G1 X165.984 Y101.143 E.0512
G1 X166.108 Y101.737 E.04829
G1 X166.23 Y102.509 E.0622
G1 X166.336 Y103.44 E.07457
G1 X166.393 Y104.375 E.07455
G1 X166.393 Y105.781 E.11189
G1 X166.328 Y106.717 E.07467
G1 X166.212 Y107.657 E.07537
G1 X166.112 Y108.255 E.04825
G1 X165.914 Y109.186 E.07575
G1 X165.727 Y109.899 E.05866
G1 X165.485 Y110.681 E.06514
G1 X165.164 Y111.564 E.07477
G1 X164.797 Y112.427 E.07463
G1 X164.386 Y113.27 E.07464
G1 X163.932 Y114.09 E.07459
G1 X163.43 Y114.893 E.07536
G1 X163.086 Y115.393 E.0483
G1 X162.516 Y116.149 E.07535
G1 X161.914 Y116.868 E.07463
G1 X161.268 Y117.56 E.07534
G1 X160.835 Y117.986 E.04834
G1 X160.132 Y118.619 E.07528
G1 X159.403 Y119.209 E.07463
G1 X158.644 Y119.76 E.07464
G1 X157.858 Y120.271 E.07461
G1 X157.046 Y120.74 E.07462
G1 X156.21 Y121.166 E.07467
G1 X155.354 Y121.547 E.07456
G1 X154.478 Y121.883 E.07467
G1 X153.587 Y122.173 E.07457
G1 X152.672 Y122.418 E.07538
G1 X151.465 Y122.663 E.09801
G1 X150.527 Y122.795 E.07538
G1 X149.593 Y122.877 E.07461
G1 X148.656 Y122.909 E.07461
G1 X147.719 Y122.893 E.07458
G1 X146.783 Y122.828 E.07467
G1 X145.852 Y122.713 E.07465
G1 X144.92 Y122.549 E.07531
G1 X144.327 Y122.418 E.04833
G1 X143.413 Y122.173 E.07531
G1 X142.521 Y121.883 E.07464
G1 X141.637 Y121.543 E.07537
G1 X141.081 Y121.301 E.04826
G1 X140.23 Y120.886 E.07535
G1 X139.41 Y120.432 E.07459
G1 X138.615 Y119.935 E.07461
G1 X137.846 Y119.397 E.07469
G1 X137.108 Y118.82 E.07455
G1 X136.393 Y118.199 E.07537
G1 X135.953 Y117.781 E.0483
G1 X135.289 Y117.093 E.07609
G1 X134.887 Y116.639 E.04826
G1 X134.291 Y115.903 E.07537
G1 X133.74 Y115.144 E.07464
G1 X133.226 Y114.354 E.07501
G1 X132.855 Y113.717 E.05866
G1 X132.473 Y112.994 E.06507
G1 X132.071 Y112.133 E.07562
G1 X131.839 Y111.572 E.04831
G1 X131.515 Y110.683 E.0753
G1 X131.241 Y109.786 E.07464
G1 X131.014 Y108.876 E.07464
G1 X130.835 Y107.956 E.07459
G1 X130.705 Y107.027 E.07465
G1 X130.623 Y106.093 E.07461
G1 X130.591 Y105.156 E.07461
G1 X130.607 Y104.214 E.07498
G1 X130.655 Y103.478 E.0587
G1 X130.743 Y102.665 E.06508
G1 X130.89 Y101.736 E.07485
G1 X131.085 Y100.819 E.07461
G1 X131.327 Y99.913 E.07463
G1 X131.617 Y99.021 E.07464
G1 X131.953 Y98.146 E.07459
G1 X132.337 Y97.285 E.07503
G1 X132.668 Y96.627 E.05862
G1 X133.067 Y95.912 E.06516
G1 X133.565 Y95.114 E.07486
G1 X134.106 Y94.343 E.07496
G1 X134.557 Y93.76 E.05866
G1 X135.085 Y93.134 E.06517
G1 X135.729 Y92.443 E.07517
G1 X136.257 Y91.929 E.05864
G1 X136.866 Y91.383 E.06509
G1 X137.597 Y90.791 E.07486
G1 X138.356 Y90.24 E.07464
G1 X139.142 Y89.729 E.07461
G1 X139.954 Y89.26 E.07462
G1 X140.79 Y88.834 E.07467
G1 X141.646 Y88.453 E.07456
G1 X142.526 Y88.115 E.07502
G1 X143.226 Y87.885 E.05864
G1 X144.013 Y87.661 E.06512
G1 X144.93 Y87.449 E.0749
G1 X145.853 Y87.287 E.07458
G1 X146.784 Y87.172 E.07465
G1 X147.724 Y87.107 E.07499
G1 X148.46 Y87.09 E.05859
G1 X148.608 Y87.093 E.01178
G1 X148.622 Y88.051 F12000
G1 F3134.537
G1 X149.236 Y88.063 E.04887
G1 X150.125 Y88.125 E.07092
G1 X151.006 Y88.234 E.07065
G1 X151.88 Y88.388 E.07063
G1 X152.758 Y88.59 E.0717
G1 X153.302 Y88.741 E.04493
G1 X154.159 Y89.02 E.07172
G1 X155 Y89.343 E.07169
G1 X155.518 Y89.568 E.04494
G1 X156.328 Y89.963 E.07172
G1 X157.104 Y90.393 E.0706
G1 X157.868 Y90.871 E.07172
G1 X158.334 Y91.191 E.04499
G1 X159.053 Y91.733 E.07166
G1 X159.733 Y92.303 E.07061
G1 X160.392 Y92.918 E.07173
G1 X160.788 Y93.321 E.04496
G1 X161.391 Y93.99 E.07168
G1 X161.95 Y94.68 E.07067
G1 X162.479 Y95.409 E.07168
G1 X162.791 Y95.88 E.04496
G1 X163.255 Y96.652 E.07168
G1 X163.672 Y97.436 E.07067
G1 X164.047 Y98.24 E.0706
G1 X164.379 Y99.063 E.07062
G1 X164.668 Y99.902 E.07062
G1 X164.913 Y100.756 E.0707
G1 X165.052 Y101.358 E.04917
G1 X165.167 Y101.911 E.04495
G1 X165.282 Y102.642 E.05889
G1 X165.382 Y103.523 E.07056
G1 X165.437 Y104.409 E.07064
G1 X165.437 Y105.74 E.10592
G1 X165.375 Y106.625 E.0706
G1 X165.265 Y107.519 E.07168
G1 X165.172 Y108.077 E.04502
G1 X164.983 Y108.965 E.07225
G1 X164.806 Y109.636 E.05523
G1 X164.578 Y110.376 E.06162
G1 X164.273 Y111.213 E.07089
G1 X163.926 Y112.03 E.07064
G1 X163.537 Y112.828 E.07065
G1 X163.107 Y113.604 E.0706
G1 X162.629 Y114.368 E.07172
G1 X162.309 Y114.834 E.04499
G1 X161.767 Y115.553 E.07166
G1 X161.197 Y116.233 E.07061
G1 X160.582 Y116.892 E.07173
G1 X160.179 Y117.288 E.04496
G1 X159.51 Y117.891 E.07168
G1 X158.82 Y118.45 E.07067
G1 X158.102 Y118.971 E.0706
G1 X157.358 Y119.455 E.07063
G1 X156.589 Y119.898 E.07063
G1 X155.798 Y120.301 E.07065
G1 X154.987 Y120.662 E.07065
G1 X154.159 Y120.98 E.07059
G1 X153.315 Y121.255 E.07064
G1 X152.444 Y121.488 E.07175
G1 X151.311 Y121.718 E.092
G1 X150.419 Y121.844 E.07169
G1 X149.535 Y121.921 E.07062
G1 X148.648 Y121.952 E.07063
G1 X147.76 Y121.937 E.07068
G1 X146.875 Y121.875 E.0706
G1 X145.994 Y121.766 E.07065
G1 X145.107 Y121.61 E.07167
G1 X144.555 Y121.488 E.04499
G1 X143.685 Y121.255 E.07168
G1 X142.841 Y120.98 E.07064
G1 X142 Y120.657 E.07169
G1 X141.482 Y120.432 E.04494
G1 X140.672 Y120.037 E.07172
G1 X139.896 Y119.607 E.0706
G1 X139.143 Y119.136 E.07068
G1 X138.416 Y118.627 E.07063
G1 X137.717 Y118.081 E.07059
G1 X137.037 Y117.49 E.0717
G1 X136.627 Y117.101 E.04498
G1 X135.992 Y116.443 E.07277
G1 X135.617 Y116.02 E.04499
G1 X135.05 Y115.32 E.07169
G1 X134.529 Y114.602 E.0706
G1 X134.042 Y113.852 E.07117
G1 X133.692 Y113.252 E.05528
G1 X133.33 Y112.568 E.06159
G1 X132.948 Y111.748 E.07199
G1 X132.731 Y111.225 E.04506
G1 X132.423 Y110.379 E.07165
G1 X132.164 Y109.53 E.07064
G1 X131.949 Y108.669 E.07062
G1 X131.78 Y107.798 E.07061
G1 X131.656 Y106.919 E.07064
G1 X131.579 Y106.035 E.07062
G1 X131.548 Y105.148 E.07063
G1 X131.564 Y104.253 E.07124
G1 X131.609 Y103.561 E.05519
G1 X131.692 Y102.791 E.06163
G1 X131.831 Y101.91 E.07098
G1 X132.016 Y101.042 E.07063
G1 X132.245 Y100.185 E.07059
G1 X132.52 Y99.341 E.07064
G1 X132.838 Y98.512 E.07066
G1 X133.202 Y97.695 E.07118
G1 X133.514 Y97.075 E.05524
G1 X133.891 Y96.399 E.0616
G1 X134.364 Y95.643 E.07097
G1 X134.877 Y94.91 E.0712
G1 X135.301 Y94.362 E.05514
G1 X135.801 Y93.769 E.06173
G1 X136.413 Y93.112 E.07145
G1 X136.91 Y92.628 E.05521
G1 X137.487 Y92.111 E.06165
G1 X138.18 Y91.55 E.07096
G1 X138.898 Y91.029 E.0706
G1 X139.642 Y90.545 E.07063
G1 X140.411 Y90.102 E.07063
G1 X141.202 Y89.699 E.07065
G1 X142.013 Y89.338 E.07065
G1 X142.848 Y89.017 E.07119
G1 X143.507 Y88.8 E.05521
G1 X144.252 Y88.588 E.06164
G1 X145.12 Y88.388 E.07089
G1 X145.994 Y88.233 E.07064
G1 X146.875 Y88.125 E.07064
G1 X147.768 Y88.063 E.07124
G1 X148.461 Y88.048 E.05516
G1 X148.592 Y88.05 E.01043
G1 E-3 F7200
G1 Z2.2 F3000
G1 X157.996 Y91.632 F12000
G1 Z2 F3000
G1 E3 F7200
;TYPE:Internal infill
T0
;WIDTH:0.675
G1 F4746.238
G1 X159.473 Y92.819 E.09959
G1 X158.673 Y93.004 E.04316
G1 X157.995 Y92.999 E.03564
G1 X157.316 Y92.78 E.0375
G1 X156.638 Y92.219 E.04625
G1 X155.96 Y91.413 E.05536
G1 X155.282 Y90.729 E.05062
G1 X154.604 Y90.277 E.04283
G1 X153.926 Y90.004 E.03841
G1 X153.247 Y89.868 E.0364
G1 X152.569 Y89.873 E.03564
G1 X151.891 Y90.092 E.03745
G1 X151.213 Y90.654 E.04628
G1 X150.535 Y91.459 E.05532
G1 X149.856 Y92.144 E.05069
G1 X149.178 Y92.596 E.04283
G1 X148.5 Y92.868 E.03839
G1 X147.822 Y93.004 E.03634
G1 X147.144 Y92.999 E.03564
G1 X146.465 Y92.78 E.0375
G1 X145.787 Y92.219 E.04625
G1 X145.109 Y91.413 E.05536
G1 X144.431 Y90.729 E.05062
G1 X143.753 Y90.277 E.04283
G1 X143.075 Y90.004 E.03841
G1 X142.183 Y89.87 E.04741
G1 X141.441 Y90.2 E.04268
M73 P42 R6
G1 X140.169 Y90.883 E.07588
G1 X139.005 Y92.144 E.09019
G1 X138.327 Y92.596 E.04283
G1 X137.424 Y92.913 E.0503
G1 X136.216 Y94.138 E.09042
G1 X135.324 Y95.24 E.07451
G1 X134.811 Y95.975 E.04711
G1 X136.293 Y97.569 E.11439
G1 X136.971 Y98.021 E.04283
G1 X137.649 Y98.294 E.03841
G1 X138.327 Y98.43 E.03634
G1 X139.005 Y98.425 E.03564
G1 X139.684 Y98.206 E.0375
G1 X140.362 Y97.644 E.04628
G1 X141.04 Y96.839 E.05532
G1 X141.718 Y96.154 E.05066
G1 X142.396 Y95.702 E.04283
G1 X143.075 Y95.43 E.03844
G1 X143.753 Y95.294 E.03634
G1 X144.431 Y95.299 E.03564
G1 X145.109 Y95.518 E.03745
G1 X145.787 Y96.079 E.04625
G1 X146.465 Y96.885 E.05536
G1 X147.144 Y97.569 E.05065
G1 X147.822 Y98.021 E.04283
G1 X148.5 Y98.294 E.03841
G1 X149.178 Y98.43 E.03634
G1 X149.856 Y98.425 E.03564
G1 X150.535 Y98.206 E.0375
G1 X151.213 Y97.644 E.04628
G1 X151.891 Y96.839 E.05532
G1 X152.569 Y96.154 E.05066
G1 X153.247 Y95.702 E.04283
G1 X153.926 Y95.43 E.03844
G1 X154.604 Y95.294 E.03634
G1 X155.282 Y95.299 E.03564
G1 X155.96 Y95.518 E.03745
G1 X156.638 Y96.079 E.04625
G1 X157.316 Y96.885 E.05536
G1 X157.995 Y97.569 E.05065
G1 X158.673 Y98.021 E.04283
G1 X159.351 Y98.294 E.03841
G1 X160.029 Y98.43 E.03634
G1 X160.707 Y98.425 E.03564
G1 X161.386 Y98.206 E.0375
G1 X162.064 Y97.644 E.04628
G1 X162.729 Y96.855 E.05423
G1 X163.537 Y98.462 E.09454
G1 X163.859 Y99.258 E.04513
G1 X164.339 Y100.767 E.08323
G1 X163.42 Y100.724 E.04835
G1 X162.742 Y100.943 E.03745
G1 X162.064 Y101.505 E.04628
G1 X161.386 Y102.31 E.05532
G1 X160.707 Y102.995 E.05069
G1 X160.029 Y103.447 E.04283
G1 X159.351 Y103.719 E.03839
G1 X158.673 Y103.855 E.03634
G1 X157.995 Y103.85 E.03564
G1 X157.316 Y103.631 E.0375
G1 X156.638 Y103.07 E.04625
G1 X155.96 Y102.264 E.05536
G1 X155.282 Y101.58 E.05062
G1 X154.604 Y101.128 E.04283
G1 X153.926 Y100.855 E.03841
G1 X153.247 Y100.719 E.0364
G1 X152.569 Y100.724 E.03564
G1 X151.891 Y100.943 E.03745
G1 X151.213 Y101.505 E.04628
G1 X150.535 Y102.31 E.05532
G1 X149.856 Y102.995 E.05069
G1 X149.178 Y103.447 E.04283
G1 X148.5 Y103.719 E.03839
G1 X147.822 Y103.855 E.03634
G1 X147.144 Y103.85 E.03564
G1 X146.465 Y103.631 E.0375
G1 X145.787 Y103.07 E.04625
G1 X145.109 Y102.264 E.05536
G1 X144.431 Y101.58 E.05062
G1 X143.753 Y101.128 E.04283
G1 X143.075 Y100.855 E.03841
G1 X142.396 Y100.719 E.0364
G1 X141.718 Y100.724 E.03564
G1 X141.04 Y100.943 E.03745
G1 X140.362 Y101.505 E.04628
G1 X139.684 Y102.31 E.05532
G1 X139.005 Y102.995 E.05069
G1 X138.327 Y103.447 E.04283
G1 X137.649 Y103.719 E.03839
G1 X136.971 Y103.855 E.03634
G1 X136.293 Y103.85 E.03564
G1 X135.614 Y103.631 E.0375
G1 X134.936 Y103.07 E.04625
G1 X134.258 Y102.264 E.05536
G1 X133.58 Y101.58 E.05062
G1 X132.902 Y101.128 E.04283
G1 X132.6 Y101.007 E.0171
G1 X132.242 Y102.868 E.0996
G1 E-3 F7200
G1 Z2.2 F3000
G1 X132.116 Y104.412 F12000
G1 Z2 F3000
G1 E3 F7200
G1 F4746.238
G1 X132.16 Y106.306 E.09957
G1 X132.902 Y106.145 E.03991
G1 X133.58 Y106.15 E.03564
G1 X134.258 Y106.369 E.03745
G1 X134.936 Y106.93 E.04625
G1 X135.614 Y107.736 E.05536
G1 X136.293 Y108.42 E.05065
G1 X136.971 Y108.872 E.04283
G1 X137.649 Y109.145 E.03841
G1 X138.327 Y109.281 E.03634
G1 X139.005 Y109.276 E.03564
G1 X139.684 Y109.057 E.0375
G1 X140.362 Y108.495 E.04628
G1 X141.04 Y107.69 E.05532
G1 X141.718 Y107.005 E.05066
G1 X142.396 Y106.553 E.04283
G1 X143.075 Y106.281 E.03844
G1 X143.753 Y106.145 E.03634
G1 X144.431 Y106.15 E.03564
G1 X145.109 Y106.369 E.03745
G1 X145.787 Y106.93 E.04625
G1 X146.465 Y107.736 E.05536
G1 X147.144 Y108.42 E.05065
G1 X147.822 Y108.872 E.04283
G1 X148.5 Y109.145 E.03841
G1 X149.178 Y109.281 E.03634
G1 X149.856 Y109.276 E.03564
G1 X150.535 Y109.057 E.0375
G1 X151.213 Y108.495 E.04628
G1 X151.891 Y107.69 E.05532
G1 X152.569 Y107.005 E.05066
G1 X153.247 Y106.553 E.04283
G1 X153.926 Y106.281 E.03844
G1 X154.604 Y106.145 E.03634
G1 X155.282 Y106.15 E.03564
G1 X155.96 Y106.369 E.03745
G1 X156.638 Y106.93 E.04625
G1 X157.316 Y107.736 E.05536
G1 X157.995 Y108.42 E.05065
G1 X158.673 Y108.872 E.04283
G1 X159.351 Y109.145 E.03841
G1 X160.029 Y109.281 E.03634
G1 X160.707 Y109.276 E.03564
G1 X161.386 Y109.057 E.0375
G1 X162.064 Y108.495 E.04628
G1 X162.742 Y107.69 E.05532
G1 X163.42 Y107.005 E.05066
G1 X164.098 Y106.553 E.04283
G1 X164.843 Y106.267 E.04194
G1 X164.589 Y108.145 E.0996
G1 E-3 F7200
G1 Z2.2 F3000
G1 X164.175 Y109.798 F12000
G1 Z2 F3000
G1 E3 F7200
G1 F4746.238
G1 X163.516 Y111.575 E.09961
G1 X162.742 Y111.794 E.04228
G1 X162.064 Y112.356 E.04628
G1 X161.386 Y113.161 E.05532
G1 X160.707 Y113.846 E.05069
G1 X160.029 Y114.298 E.04283
G1 X159.351 Y114.57 E.03839
G1 X158.673 Y114.706 E.03634
G1 X157.995 Y114.701 E.03564
G1 X157.316 Y114.482 E.0375
G1 X156.638 Y113.921 E.04625
G1 X155.96 Y113.115 E.05536
G1 X155.282 Y112.431 E.05062
G1 X154.604 Y111.979 E.04283
G1 X153.926 Y111.706 E.03841
G1 X153.247 Y111.57 E.0364
G1 X152.569 Y111.575 E.03564
G1 X151.891 Y111.794 E.03745
G1 X151.213 Y112.356 E.04628
G1 X150.535 Y113.161 E.05532
G1 X149.856 Y113.846 E.05069
G1 X149.178 Y114.298 E.04283
G1 X148.5 Y114.57 E.03839
G1 X147.822 Y114.706 E.03634
G1 X147.144 Y114.701 E.03564
G1 X146.465 Y114.482 E.0375
G1 X145.787 Y113.921 E.04625
G1 X145.109 Y113.115 E.05536
G1 X144.431 Y112.431 E.05062
G1 X143.753 Y111.979 E.04283
G1 X143.075 Y111.706 E.03841
G1 X142.396 Y111.57 E.0364
G1 X141.718 Y111.575 E.03564
G1 X141.04 Y111.794 E.03745
G1 X140.362 Y112.356 E.04628
G1 X139.684 Y113.161 E.05532
G1 X139.005 Y113.846 E.05069
G1 X138.327 Y114.298 E.04283
G1 X137.649 Y114.57 E.03839
G1 X136.971 Y114.706 E.03634
G1 X136.293 Y114.701 E.03564
G1 X135.614 Y114.482 E.0375
G1 X134.936 Y113.921 E.04625
G1 X134.25 Y113.108 E.05591
G1 X133.409 Y111.41 E.09959
G1 E-3 F7200
G1 Z2.2 F3000
G1 X142.127 Y120.107 F12000
G1 Z2 F3000
G1 E3 F7200
G1 F4746.238
M73 P43 R6
G1 X140.428 Y119.267 E.09961
G1 X141.04 Y118.541 E.04991
G1 X141.718 Y117.856 E.05066
G1 X142.396 Y117.404 E.04283
G1 X143.075 Y117.132 E.03844
G1 X143.753 Y116.996 E.03634
G1 X144.431 Y117.001 E.03564
G1 X145.109 Y117.22 E.03745
G1 X145.787 Y117.781 E.04625
G1 X146.465 Y118.587 E.05536
G1 X147.144 Y119.271 E.05065
G1 X147.822 Y119.723 E.04283
G1 X148.5 Y119.996 E.03841
G1 X149.178 Y120.132 E.03634
G1 X149.856 Y120.127 E.03564
G1 X150.535 Y119.908 E.0375
G1 X151.213 Y119.346 E.04628
G1 X151.891 Y118.541 E.05532
G1 X152.569 Y117.856 E.05066
G1 X153.247 Y117.404 E.04283
G1 X153.926 Y117.132 E.03844
M73 P43 R5
G1 X154.604 Y116.996 E.03634
G1 X155.282 Y117.001 E.03564
G1 X155.96 Y117.22 E.03745
G1 X156.638 Y117.781 E.04625
G1 X157.457 Y118.728 E.0658
G1 X155.813 Y119.671 E.09961
;LAYER_CHANGE
;Z:2.2
;HEIGHT:0.2

G1 E-3 F7200
G1 Z2.2 F3000
;AFTER_LAYER_CHANGE
;2.2
G92 E0
_ON_LAYER_CHANGE LAYER=11
G1 Z2.4
G1 X148.669 Y85.342 F12000
G1 Z2.2 F3000
G1 E3 F7200
;TYPE:External perimeter
;WIDTH:0.674999
G1 F4746.242
G1 X149.357 Y85.356 E.03617
G1 X150.385 Y85.428 E.05416
G1 X151.407 Y85.554 E.05412
G1 X152.42 Y85.732 E.05406
G1 X153.425 Y85.964 E.05421
G1 X154.083 Y86.147 E.0359
G1 X155.064 Y86.466 E.05422
G1 X156.026 Y86.835 E.05415
G1 X156.653 Y87.107 E.03592
G1 X157.579 Y87.559 E.05416
G1 X158.48 Y88.058 E.05413
G1 X159.354 Y88.605 E.05419
G1 X159.917 Y88.992 E.03591
G1 X160.74 Y89.612 E.05416
G1 X161.529 Y90.274 E.05413
G1 X162.283 Y90.977 E.05418
G1 X162.762 Y91.464 E.0359
G1 X163.452 Y92.23 E.05418
G1 X164.099 Y93.031 E.05412
G1 X164.705 Y93.865 E.05418
G1 X165.083 Y94.434 E.0359
G1 X165.613 Y95.318 E.05417
G1 X166.097 Y96.227 E.05413
G1 X166.532 Y97.16 E.0541
G1 X166.917 Y98.114 E.05407
G1 X167.252 Y99.088 E.05413
G1 X167.536 Y100.077 E.05408
G1 X167.768 Y101.082 E.05421
G1 X167.893 Y101.754 E.03592
G1 X168.036 Y102.774 E.05413
G1 X168.126 Y103.8 E.05413
G1 X168.162 Y104.829 E.05411
G1 X168.144 Y105.858 E.05409
G1 X168.072 Y106.885 E.05411
G1 X167.946 Y107.908 E.05417
G1 X167.697 Y109.255 E.07199
G1 X167.447 Y110.255 E.05418
G1 X167.146 Y111.239 E.05408
G1 X166.794 Y112.207 E.05414
G1 X166.392 Y113.154 E.05407
G1 X165.941 Y114.079 E.05409
G1 X165.442 Y114.98 E.05413
G1 X164.895 Y115.854 E.05419
G1 X164.508 Y116.417 E.03591
G1 X163.888 Y117.24 E.05416
G1 X163.226 Y118.029 E.05413
G1 X162.523 Y118.783 E.05418
G1 X162.036 Y119.262 E.0359
G1 X161.27 Y119.952 E.05418
G1 X160.469 Y120.599 E.05412
G1 X159.635 Y121.205 E.05418
G1 X159.066 Y121.582 E.03587
G1 X158.182 Y122.113 E.0542
G1 X157.273 Y122.597 E.05413
G1 X156.34 Y123.032 E.0541
G1 X155.384 Y123.418 E.05419
G1 X154.74 Y123.646 E.03591
G1 X153.754 Y123.947 E.05418
G1 X152.755 Y124.196 E.05411
G1 X151.745 Y124.393 E.05408
G1 X150.726 Y124.536 E.05408
G1 X149.7 Y124.626 E.05413
G1 X148.671 Y124.662 E.05411
G1 X147.642 Y124.644 E.05409
G1 X146.615 Y124.572 E.05411
G1 X145.593 Y124.446 E.05412
G1 X144.578 Y124.267 E.05417
G1 X143.911 Y124.119 E.03591
G1 X142.915 Y123.853 E.05418
G1 X141.936 Y123.534 E.05412
G1 X140.975 Y123.165 E.0541
G1 X140.216 Y122.831 E.04358
G1 X139.421 Y122.441 E.04654
G1 X138.52 Y121.942 E.05413
G1 X137.647 Y121.396 E.05412
G1 X136.803 Y120.805 E.05415
G1 X136.261 Y120.389 E.03591
G1 X135.471 Y119.726 E.0542
G1 X134.718 Y119.024 E.05411
G1 X134.139 Y118.429 E.04363
G1 X133.549 Y117.77 E.04649
G1 X132.901 Y116.969 E.05415
G1 X132.296 Y116.137 E.05407
G1 X131.735 Y115.273 E.05414
G1 X131.22 Y114.382 E.05409
G1 X130.753 Y113.464 E.05413
G1 X130.412 Y112.708 E.04359
G1 X130.083 Y111.886 E.04653
G1 X129.748 Y110.912 E.05413
G1 X129.464 Y109.923 E.05408
G1 X129.232 Y108.92 E.05411
G1 X129.053 Y107.905 E.05417
G1 X128.949 Y107.082 E.0436
G1 X128.874 Y106.201 E.04647
G1 X128.838 Y105.171 E.05417
G1 X128.856 Y104.142 E.05409
G1 X128.928 Y103.115 E.05411
G1 X129.054 Y102.093 E.05412
G1 X129.194 Y101.275 E.04362
G1 X129.381 Y100.41 E.04651
G1 X129.647 Y99.415 E.05413
G1 X129.966 Y98.436 E.05412
G1 X130.335 Y97.475 E.0541
G1 X130.669 Y96.715 E.04363
G1 X131.059 Y95.921 E.04649
G1 X131.558 Y95.02 E.05413
G1 X132.104 Y94.147 E.05412
G1 X132.577 Y93.465 E.04362
G1 X133.112 Y92.76 E.04651
G1 X133.774 Y91.971 E.05413
G1 X134.476 Y91.218 E.05411
G1 X135.217 Y90.503 E.05412
G1 X135.993 Y89.828 E.05406
G1 X136.805 Y89.194 E.05414
G1 X137.648 Y88.604 E.05408
G1 X138.521 Y88.058 E.05412
G1 X139.245 Y87.653 E.0436
G1 X140.035 Y87.253 E.04654
G1 X140.976 Y86.834 E.05414
G1 X141.937 Y86.465 E.0541
G1 X142.725 Y86.205 E.04361
G1 X143.577 Y85.964 E.04654
G1 X144.58 Y85.732 E.05411
G1 X145.594 Y85.554 E.05411
G1 X146.616 Y85.428 E.05412
G1 X147.643 Y85.356 E.05411
G1 X148.473 Y85.338 E.04363
G1 X148.639 Y85.342 E.00873
G1 X149.239 Y85.354 F12000
G1 X148.655 Y86.137
;TYPE:Perimeter
T1
;WIDTH:0.999999
G1 F3134.537
G1 X149.322 Y86.15 E.05309
G1 X150.309 Y86.219 E.07874
G1 X151.289 Y86.34 E.07858
G1 X152.262 Y86.511 E.07862
G1 X153.229 Y86.735 E.07899
G1 X153.854 Y86.908 E.05161
G1 X154.798 Y87.215 E.079
G1 X155.725 Y87.571 E.07903
G1 X156.32 Y87.829 E.05161
G1 X157.212 Y88.264 E.07898
G1 X158.076 Y88.743 E.07862
G1 X158.918 Y89.269 E.07901
G1 X159.453 Y89.637 E.05168
G1 X160.246 Y90.234 E.07899
G1 X161.002 Y90.869 E.07857
G1 X161.728 Y91.546 E.079
G1 X162.183 Y92.009 E.05166
G1 X162.847 Y92.747 E.079
G1 X163.469 Y93.514 E.07859
G1 X164.052 Y94.318 E.07903
G1 X164.41 Y94.858 E.05156
G1 X164.922 Y95.709 E.07904
G1 X165.385 Y96.582 E.07864
G1 X165.803 Y97.477 E.07861
G1 X166.173 Y98.393 E.07862
G1 X166.494 Y99.327 E.0786
G1 X166.767 Y100.276 E.07859
G1 X166.917 Y100.927 E.05316
G1 X167.049 Y101.562 E.05161
G1 X167.178 Y102.375 E.06551
G1 X167.289 Y103.356 E.07857
G1 X167.35 Y104.342 E.07862
G1 X167.35 Y105.823 E.11786
G1 X167.281 Y106.809 E.07866
G1 X167.16 Y107.794 E.07898
G1 X166.921 Y109.079 E.10402
G1 X166.681 Y110.042 E.07898
G1 X166.392 Y110.987 E.07864
G1 X166.055 Y111.915 E.07857
G1 X165.669 Y112.824 E.07859
G1 X165.236 Y113.712 E.07862
G1 X164.757 Y114.576 E.07862
G1 X164.231 Y115.418 E.07901
G1 X163.863 Y115.953 E.05168
G1 X163.266 Y116.746 E.07899
G1 X162.631 Y117.502 E.07857
G1 X161.954 Y118.228 E.079
G1 X161.491 Y118.683 E.05166
G1 X160.753 Y119.347 E.079
G1 X159.986 Y119.969 E.07859
G1 X159.182 Y120.552 E.07903
G1 X158.642 Y120.91 E.05156
G1 X157.791 Y121.422 E.07904
G1 X156.918 Y121.885 E.07864
G1 X156.023 Y122.303 E.07861
G1 X155.103 Y122.675 E.07897
G1 X154.491 Y122.891 E.05165
G1 X153.542 Y123.181 E.07897
G1 X152.583 Y123.42 E.07865
G1 X151.614 Y123.609 E.07857
G1 X150.636 Y123.746 E.07859
G1 X149.652 Y123.832 E.07861
G1 X148.664 Y123.867 E.07868
G1 X147.677 Y123.85 E.07856
G1 X146.691 Y123.781 E.07866
G1 X145.711 Y123.66 E.07858
G1 X144.733 Y123.488 E.07903
G1 X144.1 Y123.347 E.05161
G1 X143.141 Y123.09 E.07901
G1 X142.202 Y122.785 E.07857
G1 X141.277 Y122.43 E.07885
G1 X140.551 Y122.111 E.06311
G1 X139.789 Y121.736 E.06759
G1 X138.924 Y121.257 E.07869
G1 X138.086 Y120.733 E.07865
G1 X137.273 Y120.164 E.07897
G1 X136.758 Y119.769 E.05165
G1 X135.998 Y119.131 E.07897
G1 X135.274 Y118.455 E.07883
G1 X134.72 Y117.887 E.06314
G1 X134.154 Y117.255 E.06752
G1 X133.531 Y116.486 E.07876
G1 X132.951 Y115.686 E.07864
G1 X132.413 Y114.858 E.07858
G1 X131.919 Y114.003 E.07858
G1 X131.469 Y113.12 E.07887
G1 X131.143 Y112.397 E.06312
G1 X130.828 Y111.609 E.06754
G1 X130.506 Y110.673 E.07877
G1 X130.233 Y109.724 E.07859
G1 X130.011 Y108.761 E.07865
G1 X129.839 Y107.786 E.07879
G1 X129.739 Y106.999 E.06313
G1 X129.668 Y106.153 E.06756
G1 X129.633 Y105.164 E.07876
G1 X129.65 Y104.177 E.07856
G1 X129.719 Y103.191 E.07866
G1 X129.84 Y102.209 E.07874
G1 X129.975 Y101.426 E.06323
G1 X130.153 Y100.597 E.06748
G1 X130.41 Y99.641 E.07878
G1 X130.715 Y98.702 E.07857
G1 X131.07 Y97.777 E.07885
G1 X131.389 Y97.051 E.06311
G1 X131.764 Y96.289 E.06759
G1 X132.243 Y95.424 E.07869
G1 X132.768 Y94.584 E.07883
G1 X133.221 Y93.932 E.06318
G1 X133.733 Y93.256 E.06749
G1 X134.369 Y92.498 E.07874
G1 X135.043 Y91.775 E.07866
G1 X135.753 Y91.089 E.07857
G1 X136.499 Y90.441 E.07864
G1 X137.277 Y89.833 E.07858
G1 X138.087 Y89.266 E.07868
G1 X138.926 Y88.742 E.07872
G1 X139.619 Y88.354 E.06321
G1 X140.376 Y87.971 E.06751
G1 X141.28 Y87.569 E.07873
G1 X142.204 Y87.214 E.07877
G1 X142.958 Y86.965 E.06319
G1 X143.775 Y86.734 E.06757
G1 X144.739 Y86.511 E.07874
G1 X145.711 Y86.34 E.07854
G1 X146.692 Y86.219 E.07866
G1 X147.68 Y86.15 E.07882
G1 X148.473 Y86.133 E.06312
G1 X148.625 Y86.136 E.0121
G1 X148.638 Y87.094 F12000
G1 F3134.537
G1 X149.278 Y87.107 E.05094
G1 X150.217 Y87.172 E.07491
G1 X151.148 Y87.287 E.07465
G1 X152.071 Y87.449 E.07458
G1 X152.993 Y87.662 E.07531
G1 X153.578 Y87.825 E.04833
G1 X154.479 Y88.117 E.07537
G1 X155.363 Y88.457 E.07537
G1 X155.919 Y88.699 E.04826
G1 X156.77 Y89.114 E.07535
G1 X157.59 Y89.568 E.07459
G1 X158.393 Y90.07 E.07536
G1 X158.893 Y90.414 E.0483
G1 X159.65 Y90.984 E.07541
G1 X160.368 Y91.586 E.07457
G1 X161.06 Y92.232 E.07534
G1 X161.486 Y92.665 E.04834
G1 X162.119 Y93.368 E.07528
G1 X162.709 Y94.097 E.07463
G1 X163.266 Y94.863 E.07537
G1 X163.601 Y95.369 E.04829
G1 X164.088 Y96.181 E.07535
G1 X164.529 Y97.009 E.07466
G1 X164.925 Y97.859 E.07462
G1 X165.276 Y98.728 E.07458
G1 X165.581 Y99.615 E.07465
G1 X165.84 Y100.516 E.07461
G1 X165.984 Y101.143 E.0512
G1 X166.108 Y101.737 E.04829
G1 X166.23 Y102.509 E.0622
G1 X166.336 Y103.44 E.07457
G1 X166.393 Y104.375 E.07455
G1 X166.393 Y105.781 E.11189
G1 X166.328 Y106.717 E.07467
G1 X166.212 Y107.657 E.07537
G1 X165.988 Y108.868 E.09801
G1 X165.759 Y109.786 E.07529
G1 X165.485 Y110.683 E.07464
G1 X165.164 Y111.564 E.07462
G1 X164.797 Y112.427 E.07463
G1 X164.386 Y113.27 E.07464
G1 X163.932 Y114.09 E.07459
M73 P44 R5
G1 X163.43 Y114.893 E.07536
G1 X163.086 Y115.393 E.0483
G1 X162.516 Y116.149 E.07535
G1 X161.914 Y116.868 E.07463
G1 X161.268 Y117.56 E.07534
G1 X160.835 Y117.986 E.04834
G1 X160.132 Y118.619 E.07528
G1 X159.403 Y119.209 E.07463
G1 X158.637 Y119.766 E.07537
G1 X158.131 Y120.101 E.04829
G1 X157.319 Y120.588 E.07535
G1 X156.491 Y121.029 E.07466
G1 X155.641 Y121.425 E.07462
G1 X154.764 Y121.779 E.07526
G1 X154.191 Y121.982 E.04838
G1 X153.286 Y122.259 E.07532
G1 X152.376 Y122.486 E.07464
G1 X151.456 Y122.665 E.07459
G1 X150.527 Y122.795 E.07465
G1 X149.593 Y122.877 E.07461
G1 X148.656 Y122.909 E.07461
G1 X147.719 Y122.893 E.07458
G1 X146.783 Y122.828 E.07467
G1 X145.852 Y122.713 E.07465
G1 X144.92 Y122.549 E.07531
G1 X144.328 Y122.418 E.04825
G1 X143.413 Y122.173 E.07538
G1 X142.521 Y121.883 E.07464
G1 X141.642 Y121.545 E.07495
G1 X140.955 Y121.243 E.05972
G1 X140.232 Y120.888 E.0641
G1 X139.41 Y120.432 E.07481
G1 X138.614 Y119.935 E.07468
G1 X137.839 Y119.392 E.07531
G1 X137.357 Y119.022 E.04836
G1 X136.632 Y118.414 E.0753
G1 X135.943 Y117.771 E.075
G1 X135.42 Y117.234 E.05965
G1 X134.883 Y116.634 E.06408
G1 X134.291 Y115.903 E.07486
G1 X133.74 Y115.144 E.07464
G1 X133.229 Y114.358 E.07461
G1 X132.76 Y113.546 E.07462
G1 X132.333 Y112.706 E.07499
G1 X132.024 Y112.022 E.05973
G1 X131.725 Y111.275 E.06403
G1 X131.419 Y110.385 E.0749
G1 X131.16 Y109.484 E.07461
G1 X130.949 Y108.57 E.07465
G1 X130.786 Y107.643 E.0749
G1 X130.691 Y106.898 E.05977
G1 X130.623 Y106.096 E.06405
G1 X130.591 Y105.156 E.07485
G1 X130.607 Y104.219 E.07458
G1 X130.672 Y103.283 E.07467
G1 X130.787 Y102.348 E.07497
G1 X130.914 Y101.608 E.05975
G1 X131.084 Y100.822 E.064
G1 X131.327 Y99.913 E.07488
G1 X131.617 Y99.021 E.07464
G1 X131.955 Y98.142 E.07495
G1 X132.257 Y97.455 E.05972
G1 X132.612 Y96.732 E.0641
G1 X133.068 Y95.91 E.07481
G1 X133.567 Y95.111 E.07497
G1 X133.995 Y94.494 E.05976
G1 X134.482 Y93.853 E.06406
G1 X135.086 Y93.132 E.07485
G1 X135.726 Y92.446 E.07466
G1 X136.4 Y91.795 E.07457
G1 X137.108 Y91.18 E.07463
G1 X137.847 Y90.603 E.07461
G1 X138.615 Y90.065 E.07462
G1 X139.414 Y89.566 E.07497
G1 X140.069 Y89.199 E.05975
G1 X140.787 Y88.836 E.06403
G1 X141.646 Y88.453 E.07485
G1 X142.526 Y88.116 E.07499
G1 X143.239 Y87.881 E.05974
G1 X144.013 Y87.661 E.06404
G1 X144.93 Y87.449 E.0749
G1 X145.853 Y87.287 E.07458
G1 X146.784 Y87.172 E.07465
G1 X147.723 Y87.107 E.07491
G1 X148.474 Y87.09 E.05978
G1 X148.608 Y87.093 E.01067
G1 X148.622 Y88.051 F12000
G1 F3134.537
G1 X149.235 Y88.063 E.04879
G1 X150.125 Y88.125 E.071
G1 X151.006 Y88.234 E.07065
G1 X151.88 Y88.388 E.07063
G1 X152.758 Y88.59 E.0717
G1 X153.302 Y88.741 E.04493
G1 X154.159 Y89.02 E.07172
G1 X155 Y89.343 E.07169
G1 X155.518 Y89.568 E.04494
G1 X156.328 Y89.963 E.07172
G1 X157.104 Y90.393 E.0706
G1 X157.868 Y90.871 E.07172
G1 X158.334 Y91.191 E.04499
G1 X159.053 Y91.733 E.07166
G1 X159.733 Y92.303 E.07061
G1 X160.392 Y92.918 E.07173
G1 X160.788 Y93.321 E.04496
G1 X161.391 Y93.99 E.07168
G1 X161.95 Y94.68 E.07067
G1 X162.479 Y95.409 E.07168
G1 X162.791 Y95.88 E.04496
G1 X163.255 Y96.652 E.07168
G1 X163.672 Y97.436 E.07067
G1 X164.047 Y98.24 E.0706
G1 X164.379 Y99.063 E.07062
G1 X164.668 Y99.902 E.07062
G1 X164.913 Y100.756 E.0707
G1 X165.052 Y101.358 E.04917
G1 X165.167 Y101.911 E.04495
G1 X165.282 Y102.642 E.05889
G1 X165.382 Y103.523 E.07056
G1 X165.437 Y104.409 E.07064
G1 X165.437 Y105.74 E.10592
G1 X165.375 Y106.625 E.0706
G1 X165.265 Y107.519 E.07168
G1 X165.054 Y108.657 E.09211
G1 X164.836 Y109.531 E.07169
G1 X164.577 Y110.379 E.07056
G1 X164.273 Y111.213 E.07064
G1 X163.926 Y112.03 E.07064
G1 X163.537 Y112.828 E.07065
G1 X163.107 Y113.604 E.0706
G1 X162.629 Y114.368 E.07172
G1 X162.309 Y114.834 E.04499
G1 X161.767 Y115.553 E.07166
G1 X161.197 Y116.233 E.07061
G1 X160.582 Y116.892 E.07173
G1 X160.179 Y117.288 E.04496
G1 X159.51 Y117.891 E.07168
G1 X158.82 Y118.45 E.07067
G1 X158.091 Y118.979 E.07168
G1 X157.62 Y119.291 E.04496
G1 X156.848 Y119.755 E.07168
G1 X156.064 Y120.172 E.07067
G1 X155.26 Y120.547 E.0706
G1 X154.424 Y120.884 E.07173
G1 X153.892 Y121.073 E.04493
G1 X153.03 Y121.336 E.07172
G1 X152.169 Y121.551 E.07062
G1 X151.298 Y121.72 E.07061
G1 X150.419 Y121.844 E.07064
G1 X149.535 Y121.921 E.07062
G1 X148.648 Y121.952 E.07063
G1 X147.76 Y121.937 E.07068
G1 X146.875 Y121.875 E.0706
G1 X145.994 Y121.766 E.07065
G1 X145.107 Y121.61 E.07167
G1 X144.555 Y121.488 E.04499
G1 X143.685 Y121.255 E.07168
G1 X142.841 Y120.98 E.07064
G1 X142.006 Y120.66 E.07116
G1 X141.359 Y120.375 E.05626
G1 X140.676 Y120.039 E.06058
G1 X139.896 Y119.607 E.07096
G1 X139.143 Y119.136 E.07068
G1 X138.405 Y118.62 E.07166
G1 X137.957 Y118.276 E.04495
G1 X137.267 Y117.697 E.07168
G1 X136.613 Y117.087 E.07117
G1 X136.119 Y116.58 E.05633
G1 X135.612 Y116.013 E.06053
G1 X135.05 Y115.32 E.07101
G1 X134.529 Y114.602 E.0706
G1 X134.045 Y113.858 E.07063
G1 X133.602 Y113.089 E.07063
G1 X133.196 Y112.292 E.07118
G1 X132.905 Y111.647 E.05631
G1 X132.622 Y110.941 E.06053
G1 X132.332 Y110.098 E.07095
G1 X132.087 Y109.244 E.0707
G1 X131.888 Y108.38 E.07056
G1 X131.732 Y107.499 E.0712
G1 X131.643 Y106.798 E.05623
G1 X131.579 Y106.039 E.06062
G1 X131.548 Y105.148 E.07095
G1 X131.563 Y104.26 E.07068
G1 X131.625 Y103.375 E.0706
G1 X131.734 Y102.488 E.07112
G1 X131.854 Y101.791 E.05628
G1 X132.015 Y101.046 E.06066
G1 X132.245 Y100.185 E.07092
G1 X132.52 Y99.341 E.07064
G1 X132.84 Y98.506 E.07116
G1 X133.125 Y97.859 E.05626
G1 X133.461 Y97.176 E.06058
G1 X133.893 Y96.396 E.07096
G1 X134.367 Y95.638 E.07115
G1 X134.77 Y95.056 E.05634
G1 X135.23 Y94.45 E.06055
G1 X135.803 Y93.767 E.07095
G1 X136.409 Y93.118 E.07066
G1 X137.047 Y92.501 E.07063
G1 X137.717 Y91.919 E.07063
G1 X138.416 Y91.372 E.07064
G1 X139.143 Y90.863 E.07063
G1 X139.901 Y90.39 E.0711
G1 X140.519 Y90.044 E.05636
G1 X141.198 Y89.7 E.06057
G1 X142.013 Y89.338 E.07097
G1 X142.847 Y89.017 E.07112
G1 X143.519 Y88.796 E.0563
G1 X144.251 Y88.588 E.06056
G1 X145.12 Y88.388 E.07096
G1 X145.994 Y88.233 E.07064
G1 X146.875 Y88.125 E.07064
G1 X147.767 Y88.063 E.07116
G1 X148.474 Y88.048 E.05628
G1 X148.592 Y88.05 E.00939
G1 E-3 F7200
G1 Z2.4 F3000
G1 X160.784 Y94.146 F12000
G1 Z2.2 F3000
G1 E3 F7200
;TYPE:Internal infill
T0
;WIDTH:0.675
G1 F4746.238
G1 X159.451 Y92.8 E.09956
G1 X158.673 Y92.908 E.04128
G1 X157.995 Y92.838 E.03582
G1 X157.316 Y92.552 E.03872
G1 X156.638 Y91.973 E.04686
G1 X155.96 Y91.237 E.05259
G1 X155.282 Y90.639 E.04751
G1 X154.604 Y90.255 E.04095
G1 X153.926 Y90.041 E.03737
G1 X153.247 Y89.964 E.03592
G1 X152.569 Y90.035 E.03583
G1 X151.891 Y90.32 E.03865
G1 X151.213 Y90.899 E.04686
G1 X150.535 Y91.635 E.05259
G1 X149.856 Y92.234 E.04759
G1 X149.178 Y92.617 E.04093
G1 X148.5 Y92.831 E.03737
G1 X147.822 Y92.908 E.03586
G1 X147.144 Y92.838 E.03582
G1 X146.465 Y92.552 E.03872
G1 X145.787 Y91.973 E.04686
G1 X145.109 Y91.237 E.05259
G1 X144.431 Y90.639 E.04751
G1 X143.753 Y90.255 E.04095
G1 X143.075 Y90.041 E.03737
G1 X142.396 Y89.964 E.03592
G1 X141.841 Y90.022 E.02933
G1 X140.803 Y90.523 E.06058
G1 X139.005 Y92.234 E.13045
G1 X138.327 Y92.617 E.04093
G1 X137.493 Y92.849 E.0455
G1 X136.219 Y94.135 E.09514
G1 X135.22 Y95.383 E.08402
G1 X134.712 Y96.133 E.04761
G1 X135.614 Y97.061 E.06802
G1 X136.293 Y97.659 E.04755
G1 X136.971 Y98.043 E.04095
G1 X137.649 Y98.257 E.03737
G1 X138.327 Y98.334 E.03586
G1 X139.005 Y98.263 E.03583
G1 X139.684 Y97.978 E.0387
G1 X140.362 Y97.399 E.04686
G1 X141.04 Y96.663 E.05259
G1 X141.718 Y96.064 E.04755
G1 X142.396 Y95.681 E.04093
G1 X143.075 Y95.467 E.03742
G1 X143.753 Y95.39 E.03586
G1 X144.431 Y95.46 E.03582
G1 X145.109 Y95.746 E.03867
G1 X145.787 Y96.325 E.04686
G1 X146.465 Y97.061 E.05259
G1 X147.144 Y97.659 E.04755
G1 X147.822 Y98.043 E.04095
G1 X148.5 Y98.257 E.03737
G1 X149.178 Y98.334 E.03586
G1 X149.856 Y98.263 E.03583
G1 X150.535 Y97.978 E.0387
G1 X151.213 Y97.399 E.04686
G1 X151.891 Y96.663 E.05259
G1 X152.569 Y96.064 E.04755
G1 X153.247 Y95.681 E.04093
G1 X153.926 Y95.467 E.03742
G1 X154.604 Y95.39 E.03586
G1 X155.282 Y95.46 E.03582
G1 X155.96 Y95.746 E.03867
G1 X156.638 Y96.325 E.04686
G1 X157.316 Y97.061 E.05259
G1 X157.995 Y97.659 E.04755
G1 X158.673 Y98.043 E.04095
G1 X159.351 Y98.257 E.03737
G1 X160.029 Y98.334 E.03586
G1 X160.707 Y98.263 E.03583
G1 X161.386 Y97.978 E.0387
G1 X162.064 Y97.399 E.04686
G1 X162.664 Y96.747 E.04657
G1 X163.537 Y98.462 E.10114
G1 X163.859 Y99.258 E.04513
G1 X164.361 Y100.845 E.08748
G1 X164.098 Y100.815 E.01391
G1 X163.42 Y100.886 E.03583
G1 X162.742 Y101.171 E.03865
G1 X162.064 Y101.75 E.04686
G1 X161.386 Y102.486 E.05259
G1 X160.707 Y103.085 E.04759
G1 X160.029 Y103.468 E.04093
G1 X159.351 Y103.682 E.03737
M73 P45 R5
G1 X158.673 Y103.759 E.03586
G1 X157.995 Y103.689 E.03582
G1 X157.316 Y103.403 E.03872
G1 X156.638 Y102.824 E.04686
G1 X155.96 Y102.088 E.05259
G1 X155.282 Y101.49 E.04751
G1 X154.604 Y101.106 E.04095
G1 X153.926 Y100.892 E.03737
G1 X153.247 Y100.815 E.03592
G1 X152.569 Y100.886 E.03583
G1 X151.891 Y101.171 E.03865
G1 X151.213 Y101.75 E.04686
G1 X150.535 Y102.486 E.05259
G1 X149.856 Y103.085 E.04759
G1 X149.178 Y103.468 E.04093
G1 X148.5 Y103.682 E.03737
G1 X147.822 Y103.759 E.03586
G1 X147.144 Y103.689 E.03582
G1 X146.465 Y103.403 E.03872
G1 X145.787 Y102.824 E.04686
G1 X145.109 Y102.088 E.05259
G1 X144.431 Y101.49 E.04751
G1 X143.753 Y101.106 E.04095
G1 X143.075 Y100.892 E.03737
G1 X142.396 Y100.815 E.03592
G1 X141.718 Y100.886 E.03583
G1 X141.04 Y101.171 E.03865
G1 X140.362 Y101.75 E.04686
G1 X139.684 Y102.486 E.05259
G1 X139.005 Y103.085 E.04759
G1 X138.327 Y103.468 E.04093
G1 X137.649 Y103.682 E.03737
G1 X136.971 Y103.759 E.03586
G1 X136.293 Y103.689 E.03582
G1 X135.614 Y103.403 E.03872
G1 X134.936 Y102.824 E.04686
G1 X134.258 Y102.088 E.05259
G1 X133.58 Y101.49 E.04751
G1 X132.902 Y101.106 E.04095
G1 X132.599 Y101.011 E.01669
G1 X132.247 Y102.872 E.09954
G1 E-3 F7200
G1 Z2.4 F3000
G1 X132.116 Y104.443 F12000
G1 Z2.2 F3000
G1 E3 F7200
G1 F4746.238
G1 X132.162 Y106.337 E.09957
G1 X132.902 Y106.241 E.03922
G1 X133.58 Y106.311 E.03582
G1 X134.258 Y106.597 E.03867
G1 X134.936 Y107.176 E.04686
G1 X135.614 Y107.912 E.05259
G1 X136.293 Y108.51 E.04755
G1 X136.971 Y108.894 E.04095
G1 X137.649 Y109.108 E.03737
G1 X138.327 Y109.185 E.03586
G1 X139.005 Y109.114 E.03583
G1 X139.684 Y108.829 E.0387
G1 X140.362 Y108.25 E.04686
G1 X141.04 Y107.514 E.05259
G1 X141.718 Y106.915 E.04755
G1 X142.396 Y106.532 E.04093
G1 X143.075 Y106.318 E.03742
G1 X143.753 Y106.241 E.03586
G1 X144.431 Y106.311 E.03582
G1 X145.109 Y106.597 E.03867
G1 X145.787 Y107.176 E.04686
G1 X146.465 Y107.912 E.05259
G1 X147.144 Y108.51 E.04755
G1 X147.822 Y108.894 E.04095
G1 X148.5 Y109.108 E.03737
G1 X149.178 Y109.185 E.03586
G1 X149.856 Y109.114 E.03583
G1 X150.535 Y108.829 E.0387
G1 X151.213 Y108.25 E.04686
G1 X151.891 Y107.514 E.05259
G1 X152.569 Y106.915 E.04755
G1 X153.247 Y106.532 E.04093
G1 X153.926 Y106.318 E.03742
G1 X154.604 Y106.241 E.03586
G1 X155.282 Y106.311 E.03582
G1 X155.96 Y106.597 E.03867
G1 X156.638 Y107.176 E.04686
G1 X157.316 Y107.912 E.05259
G1 X157.995 Y108.51 E.04755
G1 X158.673 Y108.894 E.04095
G1 X159.351 Y109.108 E.03737
G1 X160.029 Y109.185 E.03586
G1 X160.707 Y109.114 E.03583
G1 X161.386 Y108.829 E.0387
G1 X162.064 Y108.25 E.04686
G1 X162.742 Y107.514 E.05259
G1 X163.42 Y106.915 E.04755
G1 X164.098 Y106.532 E.04093
G1 X164.84 Y106.311 E.04069
G1 X164.577 Y108.187 E.09956
G1 E-3 F7200
G1 Z2.4 F3000
G1 X164.123 Y109.963 F12000
G1 Z2.2 F3000
G1 E3 F7200
G1 F4746.238
G1 X163.449 Y111.734 E.09959
G1 X162.742 Y112.022 E.04012
G1 X162.064 Y112.601 E.04686
G1 X161.386 Y113.337 E.05259
G1 X160.707 Y113.936 E.04759
G1 X160.029 Y114.319 E.04093
G1 X159.351 Y114.533 E.03737
G1 X158.673 Y114.611 E.03587
G1 X157.995 Y114.54 E.03583
G1 X157.316 Y114.254 E.03872
G1 X156.638 Y113.675 E.04686
G1 X155.96 Y112.939 E.05259
G1 X155.282 Y112.341 E.04751
G1 X154.604 Y111.957 E.04095
G1 X153.926 Y111.743 E.03737
G1 X153.247 Y111.666 E.03592
G1 X152.569 Y111.737 E.03583
G1 X151.891 Y112.022 E.03865
G1 X151.213 Y112.601 E.04686
G1 X150.535 Y113.337 E.05259
G1 X149.856 Y113.936 E.04759
G1 X149.178 Y114.319 E.04093
G1 X148.5 Y114.533 E.03737
G1 X147.822 Y114.611 E.03587
G1 X147.144 Y114.54 E.03583
G1 X146.465 Y114.254 E.03872
G1 X145.787 Y113.675 E.04686
G1 X145.109 Y112.939 E.05259
G1 X144.431 Y112.341 E.04751
G1 X143.753 Y111.957 E.04095
G1 X143.075 Y111.743 E.03737
G1 X142.396 Y111.666 E.03592
G1 X141.718 Y111.737 E.03583
G1 X141.04 Y112.022 E.03865
G1 X140.362 Y112.601 E.04686
G1 X139.684 Y113.337 E.05259
G1 X139.005 Y113.936 E.04759
G1 X138.327 Y114.319 E.04093
G1 X137.649 Y114.533 E.03737
G1 X136.971 Y114.611 E.03587
G1 X136.293 Y114.54 E.03583
G1 X135.614 Y114.254 E.03872
G1 X134.936 Y113.675 E.04686
G1 X134.059 Y112.764 E.06646
G1 X133.262 Y111.045 E.09958
G1 E-3 F7200
G1 Z2.4 F3000
G1 X141.961 Y120.033 F12000
G1 Z2.2 F3000
G1 E3 F7200
G1 F4746.238
G1 X140.27 Y119.179 E.09957
G1 X141.04 Y118.365 E.05889
G1 X141.718 Y117.766 E.04755
G1 X142.396 Y117.383 E.04093
G1 X143.075 Y117.169 E.03742
G1 X143.753 Y117.092 E.03586
G1 X144.431 Y117.162 E.03582
G1 X145.109 Y117.448 E.03867
G1 X145.787 Y118.027 E.04686
G1 X146.465 Y118.763 E.05259
G1 X147.144 Y119.361 E.04755
G1 X147.822 Y119.745 E.04095
G1 X148.5 Y119.959 E.03737
G1 X149.178 Y120.036 E.03586
G1 X149.856 Y119.965 E.03583
G1 X150.535 Y119.68 E.0387
G1 X151.213 Y119.101 E.04686
G1 X151.891 Y118.365 E.05259
G1 X152.569 Y117.766 E.04755
G1 X153.247 Y117.383 E.04093
G1 X153.926 Y117.169 E.03742
G1 X154.604 Y117.092 E.03586
G1 X155.282 Y117.162 E.03582
G1 X155.96 Y117.448 E.03867
G1 X156.638 Y118.027 E.04686
G1 X157.357 Y118.799 E.05545
G1 X155.705 Y119.726 E.09956
;LAYER_CHANGE
;Z:2.4
;HEIGHT:0.2

G1 E-3 F7200
G1 Z2.4 F3000
;AFTER_LAYER_CHANGE
;2.4
G92 E0
_ON_LAYER_CHANGE LAYER=12
G1 Z2.6
G1 X148.669 Y85.342 F12000
G1 Z2.4 F3000
G1 E3 F7200
;TYPE:External perimeter
;WIDTH:0.674999
G1 F4746.242
G1 X149.357 Y85.356 E.03617
G1 X150.385 Y85.428 E.05416
G1 X151.407 Y85.554 E.05412
G1 X152.42 Y85.732 E.05406
G1 X153.425 Y85.964 E.05421
G1 X154.083 Y86.147 E.0359
G1 X155.064 Y86.465 E.0542
G1 X156.026 Y86.835 E.05417
G1 X156.653 Y87.107 E.03592
G1 X157.579 Y87.559 E.05416
G1 X158.48 Y88.058 E.05413
G1 X159.354 Y88.605 E.05419
G1 X159.917 Y88.992 E.03591
G1 X160.74 Y89.612 E.05416
G1 X161.529 Y90.274 E.05413
G1 X162.283 Y90.977 E.05418
G1 X162.762 Y91.464 E.0359
G1 X163.452 Y92.23 E.05418
G1 X164.099 Y93.031 E.05412
G1 X164.705 Y93.865 E.05418
G1 X165.083 Y94.434 E.0359
G1 X165.613 Y95.318 E.05417
G1 X166.097 Y96.227 E.05413
M73 P46 R5
G1 X166.532 Y97.16 E.0541
G1 X166.917 Y98.114 E.05407
G1 X167.252 Y99.088 E.05413
G1 X167.536 Y100.077 E.05408
G1 X167.768 Y101.082 E.05421
G1 X167.893 Y101.754 E.03592
G1 X168.036 Y102.774 E.05413
G1 X168.126 Y103.8 E.05413
G1 X168.162 Y104.829 E.05411
G1 X168.144 Y105.858 E.05409
G1 X168.072 Y106.885 E.05411
G1 X167.946 Y107.908 E.05417
G1 X167.697 Y109.255 E.07199
G1 X167.447 Y110.255 E.05418
G1 X167.146 Y111.239 E.05408
G1 X166.794 Y112.207 E.05414
G1 X166.392 Y113.154 E.05407
G1 X165.941 Y114.079 E.05409
G1 X165.442 Y114.98 E.05413
G1 X164.895 Y115.854 E.05419
G1 X164.508 Y116.417 E.03591
G1 X163.888 Y117.24 E.05416
G1 X163.226 Y118.029 E.05413
G1 X162.524 Y118.782 E.05411
G1 X161.782 Y119.498 E.05419
G1 X161.271 Y119.951 E.03589
G1 X160.469 Y120.599 E.05419
G1 X159.635 Y121.205 E.05418
G1 X159.066 Y121.582 E.03587
G1 X158.182 Y122.113 E.0542
G1 X157.273 Y122.597 E.05413
G1 X156.34 Y123.032 E.0541
G1 X155.384 Y123.418 E.05419
G1 X154.74 Y123.646 E.03591
G1 X153.754 Y123.947 E.05418
G1 X152.755 Y124.196 E.05411
G1 X151.745 Y124.393 E.05408
G1 X150.726 Y124.536 E.05408
G1 X149.7 Y124.626 E.05413
G1 X148.671 Y124.662 E.05411
G1 X147.642 Y124.644 E.05409
G1 X146.615 Y124.572 E.05411
G1 X145.593 Y124.446 E.05412
G1 X144.578 Y124.267 E.05417
G1 X143.911 Y124.119 E.03591
G1 X142.915 Y123.853 E.05418
G1 X141.936 Y123.534 E.05412
G1 X140.974 Y123.165 E.05415
G1 X140.347 Y122.893 E.03592
G1 X139.421 Y122.441 E.05416
G1 X138.52 Y121.942 E.05413
G1 X137.647 Y121.396 E.05412
G1 X136.804 Y120.805 E.05411
G1 X136.137 Y120.289 E.04432
G1 X135.471 Y119.726 E.04583
G1 X134.718 Y119.024 E.05411
G1 X134.13 Y118.419 E.04434
G1 X133.549 Y117.77 E.04578
G1 X132.901 Y116.969 E.05415
G1 X132.296 Y116.137 E.05407
G1 X131.735 Y115.273 E.05414
G1 X131.31 Y114.544 E.04435
G1 X130.904 Y113.774 E.04575
G1 X130.468 Y112.839 E.05422
G1 X130.206 Y112.207 E.03596
G1 X129.854 Y111.239 E.05414
G1 X129.553 Y110.254 E.05413
G1 X129.304 Y109.255 E.05411
G1 X129.107 Y108.245 E.05408
G1 X128.964 Y107.226 E.05408
G1 X128.874 Y106.2 E.05413
G1 X128.838 Y105.171 E.05411
G1 X128.856 Y104.142 E.05409
G1 X128.928 Y103.115 E.05411
G1 X129.054 Y102.093 E.05412
G1 X129.197 Y101.262 E.04432
G1 X129.381 Y100.41 E.04581
G1 X129.647 Y99.415 E.05413
G1 X129.966 Y98.436 E.05412
G1 X130.335 Y97.474 E.05415
G1 X130.607 Y96.847 E.03592
G1 X131.059 Y95.921 E.05416
G1 X131.558 Y95.02 E.05413
G1 X132.104 Y94.147 E.05412
G1 X132.695 Y93.304 E.05411
G1 X133.211 Y92.637 E.04432
G1 X133.774 Y91.971 E.04583
G1 X134.476 Y91.218 E.05411
G1 X135.216 Y90.503 E.05408
G1 X135.993 Y89.828 E.05409
G1 X136.805 Y89.194 E.05414
G1 X137.494 Y88.707 E.04434
G1 X138.226 Y88.235 E.04578
G1 X139.118 Y87.72 E.05413
G1 X140.035 Y87.253 E.05409
G1 X140.976 Y86.834 E.05414
G1 X141.937 Y86.465 E.0541
G1 X142.738 Y86.201 E.04433
G1 X143.577 Y85.964 E.04582
G1 X144.58 Y85.732 E.05411
G1 X145.594 Y85.554 E.05411
G1 X146.616 Y85.428 E.05412
G1 X147.643 Y85.356 E.05411
G1 X148.486 Y85.338 E.04432
G1 X148.639 Y85.341 E.00804
G1 X149.239 Y85.354 F12000
G1 X148.655 Y86.137
;TYPE:Perimeter
T1
;WIDTH:0.999999
G1 F3134.537
G1 X149.321 Y86.15 E.05301
G1 X150.309 Y86.219 E.07882
G1 X151.289 Y86.34 E.07858
G1 X152.262 Y86.511 E.07862
G1 X153.229 Y86.735 E.07899
G1 X153.854 Y86.908 E.05161
G1 X154.798 Y87.215 E.079
G1 X155.725 Y87.571 E.07903
G1 X156.32 Y87.829 E.05161
G1 X157.212 Y88.264 E.07898
G1 X158.076 Y88.743 E.07862
G1 X158.918 Y89.269 E.07901
G1 X159.453 Y89.637 E.05168
G1 X160.246 Y90.234 E.07899
G1 X161.002 Y90.869 E.07857
G1 X161.728 Y91.546 E.079
G1 X162.183 Y92.009 E.05166
G1 X162.847 Y92.747 E.079
G1 X163.469 Y93.514 E.07859
G1 X164.052 Y94.318 E.07903
G1 X164.41 Y94.858 E.05156
G1 X164.922 Y95.709 E.07904
G1 X165.385 Y96.582 E.07864
G1 X165.803 Y97.477 E.07861
G1 X166.173 Y98.393 E.07862
G1 X166.494 Y99.327 E.0786
G1 X166.767 Y100.276 E.07859
G1 X166.917 Y100.927 E.05316
G1 X167.049 Y101.562 E.05161
G1 X167.178 Y102.375 E.06551
G1 X167.289 Y103.356 E.07857
G1 X167.35 Y104.342 E.07862
G1 X167.35 Y105.823 E.11786
G1 X167.281 Y106.809 E.07866
G1 X167.16 Y107.794 E.07898
G1 X166.921 Y109.079 E.10402
G1 X166.681 Y110.042 E.07898
G1 X166.392 Y110.987 E.07864
G1 X166.055 Y111.915 E.07857
G1 X165.669 Y112.824 E.07859
G1 X165.236 Y113.712 E.07862
G1 X164.757 Y114.576 E.07862
G1 X164.231 Y115.418 E.07901
G1 X163.863 Y115.953 E.05168
G1 X163.266 Y116.745 E.07893
G1 X162.631 Y117.502 E.07863
G1 X161.957 Y118.225 E.07866
G1 X161.243 Y118.914 E.07896
G1 X160.757 Y119.344 E.05164
G1 X159.986 Y119.969 E.07898
G1 X159.182 Y120.552 E.07903
G1 X158.642 Y120.91 E.05156
G1 X157.791 Y121.422 E.07904
G1 X156.918 Y121.885 E.07864
G1 X156.023 Y122.303 E.07861
G1 X155.103 Y122.675 E.07897
G1 X154.491 Y122.891 E.05165
G1 X153.542 Y123.181 E.07897
G1 X152.583 Y123.42 E.07865
G1 X151.614 Y123.609 E.07857
G1 X150.636 Y123.746 E.07859
G1 X149.652 Y123.832 E.07861
G1 X148.664 Y123.867 E.07868
G1 X147.677 Y123.85 E.07856
G1 X146.691 Y123.781 E.07866
G1 X145.711 Y123.66 E.07858
G1 X144.733 Y123.488 E.07903
G1 X144.1 Y123.347 E.05161
G1 X143.141 Y123.09 E.07901
G1 X142.202 Y122.785 E.07857
G1 X141.275 Y122.429 E.07903
G1 X140.68 Y122.171 E.05161
G1 X139.788 Y121.736 E.07898
G1 X138.924 Y121.257 E.07862
G1 X138.086 Y120.733 E.07865
G1 X137.275 Y120.165 E.0788
G1 X136.637 Y119.671 E.06421
G1 X135.999 Y119.132 E.06647
G1 X135.274 Y118.456 E.07889
G1 X134.711 Y117.877 E.06427
G1 X134.154 Y117.255 E.06645
G1 X133.531 Y116.486 E.07876
G1 X132.951 Y115.686 E.07864
G1 X132.411 Y114.856 E.0788
G1 X132.005 Y114.159 E.06419
G1 X131.615 Y113.42 E.0665
G1 X131.195 Y112.519 E.07911
G1 X130.947 Y111.919 E.05167
G1 X130.607 Y110.987 E.07895
G1 X130.319 Y110.042 E.07862
G1 X130.08 Y109.083 E.07865
G1 X129.891 Y108.114 E.07857
G1 X129.754 Y107.136 E.07859
G1 X129.668 Y106.152 E.07861
G1 X129.633 Y105.164 E.07868
G1 X129.65 Y104.177 E.07856
G1 X129.719 Y103.191 E.07866
G1 X129.84 Y102.209 E.07874
G1 X129.977 Y101.413 E.06428
G1 X130.153 Y100.597 E.06643
G1 X130.41 Y99.641 E.07878
G1 X130.715 Y98.702 E.07857
G1 X131.071 Y97.775 E.07903
G1 X131.329 Y97.18 E.05161
G1 X131.764 Y96.288 E.07898
G1 X132.243 Y95.424 E.07862
G1 X132.767 Y94.586 E.07865
G1 X133.335 Y93.775 E.0788
G1 X133.829 Y93.137 E.06421
G1 X134.368 Y92.499 E.06647
G1 X135.043 Y91.775 E.07877
G1 X135.753 Y91.089 E.07857
G1 X136.499 Y90.441 E.07864
G1 X137.279 Y89.832 E.07875
G1 X137.939 Y89.366 E.0643
G1 X138.64 Y88.914 E.06638
G1 X139.497 Y88.419 E.07876
G1 X140.378 Y87.97 E.07869
G1 X141.28 Y87.569 E.07856
G1 X142.204 Y87.214 E.07877
G1 X142.971 Y86.961 E.06427
G1 X143.774 Y86.734 E.06641
G1 X144.739 Y86.511 E.07882
G1 X145.711 Y86.34 E.07854
G1 X146.692 Y86.219 E.07866
G1 X147.679 Y86.15 E.07874
G1 X148.487 Y86.133 E.06432
G1 X148.625 Y86.136 E.01098
G1 X148.638 Y87.093 F12000
G1 F3134.537
G1 X149.278 Y87.107 E.05094
G1 X150.217 Y87.172 E.07491
G1 X151.148 Y87.287 E.07465
G1 X152.071 Y87.449 E.07458
G1 X152.993 Y87.662 E.07531
G1 X153.578 Y87.825 E.04833
G1 X154.479 Y88.117 E.07537
G1 X155.363 Y88.457 E.07537
G1 X155.919 Y88.699 E.04826
G1 X156.77 Y89.114 E.07535
G1 X157.59 Y89.568 E.07459
G1 X158.393 Y90.07 E.07536
G1 X158.893 Y90.414 E.0483
G1 X159.65 Y90.984 E.07541
G1 X160.368 Y91.586 E.07457
G1 X161.06 Y92.232 E.07534
G1 X161.486 Y92.665 E.04834
G1 X162.119 Y93.368 E.07528
G1 X162.709 Y94.097 E.07463
G1 X163.266 Y94.863 E.07537
G1 X163.601 Y95.369 E.04829
G1 X164.088 Y96.181 E.07535
G1 X164.529 Y97.009 E.07466
G1 X164.925 Y97.859 E.07462
G1 X165.276 Y98.728 E.07458
G1 X165.581 Y99.615 E.07465
G1 X165.84 Y100.516 E.07461
G1 X165.984 Y101.143 E.0512
G1 X166.108 Y101.737 E.04829
G1 X166.23 Y102.509 E.0622
G1 X166.336 Y103.44 E.07457
G1 X166.393 Y104.375 E.07455
G1 X166.393 Y105.781 E.11189
G1 X166.328 Y106.717 E.07467
G1 X166.212 Y107.657 E.07537
G1 X165.988 Y108.868 E.09801
G1 X165.759 Y109.786 E.07529
G1 X165.485 Y110.683 E.07464
G1 X165.164 Y111.564 E.07462
G1 X164.797 Y112.427 E.07463
G1 X164.386 Y113.27 E.07464
G1 X163.932 Y114.09 E.07459
G1 X163.43 Y114.893 E.07536
G1 X163.086 Y115.393 E.0483
G1 X162.516 Y116.149 E.07535
G1 X161.914 Y116.868 E.07463
G1 X161.274 Y117.554 E.07466
G1 X160.593 Y118.211 E.0753
G1 X160.139 Y118.613 E.04826
G1 X159.403 Y119.209 E.07537
G1 X158.637 Y119.766 E.07537
G1 X158.131 Y120.101 E.04829
G1 X157.319 Y120.588 E.07535
G1 X156.491 Y121.029 E.07466
G1 X155.641 Y121.425 E.07462
G1 X154.764 Y121.779 E.07526
G1 X154.191 Y121.982 E.04838
G1 X153.286 Y122.259 E.07532
G1 X152.376 Y122.486 E.07464
G1 X151.456 Y122.665 E.07459
G1 X150.527 Y122.795 E.07465
G1 X149.593 Y122.877 E.07461
G1 X148.656 Y122.909 E.07461
G1 X147.719 Y122.893 E.07458
G1 X146.783 Y122.828 E.07467
G1 X145.852 Y122.713 E.07465
G1 X144.92 Y122.549 E.07531
G1 X144.328 Y122.418 E.04825
G1 X143.413 Y122.173 E.07538
G1 X142.521 Y121.883 E.07464
G1 X141.637 Y121.543 E.07537
G1 X141.081 Y121.301 E.04826
G1 X140.23 Y120.886 E.07535
G1 X139.41 Y120.432 E.07459
G1 X138.615 Y119.935 E.07461
G1 X137.843 Y119.395 E.07498
G1 X137.239 Y118.927 E.06081
G1 X136.635 Y118.416 E.06296
G1 X135.944 Y117.772 E.07517
G1 X135.411 Y117.224 E.06084
G1 X134.883 Y116.634 E.06301
G1 X134.291 Y115.903 E.07486
G1 X133.74 Y115.144 E.07464
G1 X133.227 Y114.354 E.07496
G1 X132.842 Y113.694 E.06081
G1 X132.473 Y112.994 E.06297
G1 X132.071 Y112.133 E.07562
G1 X131.839 Y111.572 E.04831
G1 X131.515 Y110.683 E.0753
G1 X131.241 Y109.786 E.07464
G1 X131.014 Y108.876 E.07464
G1 X130.835 Y107.956 E.07459
G1 X130.705 Y107.027 E.07465
G1 X130.623 Y106.093 E.07461
G1 X130.591 Y105.156 E.07461
G1 X130.607 Y104.219 E.07458
G1 X130.672 Y103.283 E.07467
G1 X130.787 Y102.348 E.07497
G1 X130.917 Y101.595 E.06081
G1 X131.084 Y100.822 E.06294
G1 X131.328 Y99.913 E.0749
G1 X131.617 Y99.021 E.07462
G1 X131.957 Y98.137 E.07537
G1 X132.199 Y97.581 E.04826
G1 X132.614 Y96.73 E.07535
G1 X133.068 Y95.91 E.07459
G1 X133.565 Y95.114 E.07468
G1 X134.105 Y94.343 E.07491
G1 X134.573 Y93.739 E.06081
G1 X135.084 Y93.135 E.06296
G1 X135.726 Y92.446 E.07495
G1 X136.4 Y91.795 E.07457
G1 X137.108 Y91.18 E.07463
G1 X137.85 Y90.6 E.07495
G1 X138.474 Y90.16 E.06076
G1 X139.139 Y89.731 E.06298
G1 X139.954 Y89.26 E.07491
G1 X140.79 Y88.834 E.07467
G1 X141.646 Y88.453 E.07456
G1 X142.525 Y88.116 E.07492
G1 X143.251 Y87.877 E.06083
G1 X144.013 Y87.661 E.06303
G1 X144.93 Y87.449 E.0749
G1 X145.853 Y87.287 E.07458
G1 X146.784 Y87.172 E.07465
G1 X147.723 Y87.107 E.07491
G1 X148.487 Y87.09 E.06082
G1 X148.608 Y87.093 E.00963
G1 X148.622 Y88.05 F12000
G1 F3134.537
G1 X149.235 Y88.063 E.04879
G1 X150.125 Y88.125 E.071
G1 X151.006 Y88.234 E.07065
G1 X151.88 Y88.388 E.07063
G1 X152.758 Y88.59 E.0717
G1 X153.302 Y88.741 E.04493
G1 X154.159 Y89.02 E.07172
G1 X155 Y89.343 E.07169
G1 X155.518 Y89.568 E.04494
G1 X156.328 Y89.963 E.07172
G1 X157.104 Y90.393 E.0706
G1 X157.868 Y90.871 E.07172
G1 X158.334 Y91.191 E.04499
G1 X159.053 Y91.733 E.07166
G1 X159.733 Y92.303 E.07061
G1 X160.392 Y92.918 E.07173
G1 X160.788 Y93.321 E.04496
M73 P47 R5
G1 X161.391 Y93.99 E.07168
G1 X161.95 Y94.68 E.07067
G1 X162.479 Y95.409 E.07168
G1 X162.791 Y95.88 E.04496
G1 X163.255 Y96.652 E.07168
G1 X163.672 Y97.436 E.07067
G1 X164.047 Y98.24 E.0706
G1 X164.379 Y99.063 E.07062
G1 X164.668 Y99.902 E.07062
G1 X164.913 Y100.756 E.0707
G1 X165.052 Y101.358 E.04917
G1 X165.167 Y101.911 E.04495
G1 X165.282 Y102.642 E.05889
G1 X165.382 Y103.523 E.07056
G1 X165.437 Y104.409 E.07064
G1 X165.437 Y105.74 E.10592
G1 X165.375 Y106.625 E.0706
G1 X165.265 Y107.519 E.07168
G1 X165.054 Y108.657 E.09211
G1 X164.836 Y109.531 E.07169
G1 X164.577 Y110.379 E.07056
G1 X164.273 Y111.213 E.07064
G1 X163.926 Y112.03 E.07064
G1 X163.537 Y112.828 E.07065
G1 X163.107 Y113.604 E.0706
G1 X162.629 Y114.368 E.07172
G1 X162.309 Y114.834 E.04499
G1 X161.767 Y115.553 E.07166
G1 X161.197 Y116.233 E.07061
G1 X160.591 Y116.882 E.07066
G1 X159.943 Y117.508 E.0717
G1 X159.52 Y117.883 E.04499
G1 X158.82 Y118.45 E.07169
G1 X158.091 Y118.979 E.07168
G1 X157.62 Y119.291 E.04496
G1 X156.848 Y119.755 E.07168
G1 X156.064 Y120.172 E.07067
G1 X155.26 Y120.547 E.0706
G1 X154.424 Y120.884 E.07173
G1 X153.892 Y121.073 E.04493
G1 X153.03 Y121.336 E.07172
G1 X152.169 Y121.551 E.07062
G1 X151.298 Y121.72 E.07061
G1 X150.419 Y121.844 E.07064
G1 X149.535 Y121.921 E.07062
G1 X148.648 Y121.952 E.07063
G1 X147.76 Y121.937 E.07068
G1 X146.875 Y121.875 E.0706
G1 X145.994 Y121.766 E.07065
G1 X145.107 Y121.61 E.07167
G1 X144.555 Y121.488 E.04499
G1 X143.685 Y121.255 E.07168
G1 X142.841 Y120.98 E.07064
G1 X142 Y120.657 E.07169
G1 X141.482 Y120.432 E.04494
G1 X140.672 Y120.037 E.07172
G1 X139.896 Y119.607 E.0706
G1 X139.143 Y119.136 E.07068
G1 X138.411 Y118.624 E.07109
G1 X137.841 Y118.182 E.0574
G1 X137.27 Y117.7 E.05947
G1 X136.613 Y117.087 E.07151
G1 X136.111 Y116.571 E.05729
G1 X135.612 Y116.014 E.05951
G1 X135.05 Y115.32 E.07107
G1 X134.529 Y114.602 E.0706
G1 X134.042 Y113.853 E.0711
G1 X133.679 Y113.23 E.05738
G1 X133.33 Y112.568 E.05956
G1 X132.948 Y111.748 E.07199
G1 X132.731 Y111.225 E.04506
G1 X132.423 Y110.379 E.07165
G1 X132.164 Y109.53 E.07064
G1 X131.949 Y108.669 E.07062
G1 X131.78 Y107.798 E.07061
G1 X131.656 Y106.919 E.07064
G1 X131.579 Y106.035 E.07062
G1 X131.548 Y105.148 E.07063
G1 X131.563 Y104.26 E.07068
G1 X131.625 Y103.375 E.0706
G1 X131.734 Y102.488 E.07112
G1 X131.857 Y101.778 E.05734
G1 X132.015 Y101.047 E.05952
G1 X132.245 Y100.185 E.071
G1 X132.52 Y99.341 E.07064
G1 X132.843 Y98.5 E.07169
G1 X133.068 Y97.982 E.04494
G1 X133.463 Y97.172 E.07172
G1 X133.893 Y96.396 E.0706
G1 X134.364 Y95.643 E.07068
G1 X134.876 Y94.911 E.07109
G1 X135.318 Y94.341 E.0574
G1 X135.8 Y93.77 E.05947
G1 X136.409 Y93.118 E.071
G1 X137.047 Y92.501 E.07063
G1 X137.717 Y91.919 E.07063
G1 X138.421 Y91.369 E.0711
G1 X139.01 Y90.953 E.05739
G1 X139.638 Y90.548 E.05947
G1 X140.411 Y90.102 E.07102
G1 X141.202 Y89.699 E.07065
G1 X142.013 Y89.338 E.07065
G1 X142.847 Y89.017 E.07112
G1 X143.531 Y88.792 E.0573
G1 X144.251 Y88.588 E.05955
G1 X145.12 Y88.388 E.07096
G1 X145.994 Y88.233 E.07064
G1 X146.875 Y88.125 E.07064
G1 X147.767 Y88.063 E.07116
G1 X148.487 Y88.048 E.05731
G1 X148.592 Y88.05 E.00836
G1 E-3 F7200
G1 Z2.6 F3000
G1 X160.772 Y94.132 F12000
G1 Z2.4 F3000
G1 E3 F7200
;TYPE:Internal infill
T0
;WIDTH:0.675
G1 F4746.238
G1 X159.438 Y92.787 E.09956
G1 X158.673 Y92.827 E.04026
G1 X157.995 Y92.695 E.0363
G1 X157.316 Y92.35 E.04003
G1 X155.96 Y91.069 E.09804
G1 X155.282 Y90.542 E.04513
G1 X154.604 Y90.222 E.0394
G1 X153.926 Y90.066 E.03657
G1 X153.247 Y90.046 E.0357
G1 X152.569 Y90.178 E.0363
G1 X151.891 Y90.522 E.03996
G1 X150.535 Y91.804 E.09808
G1 X149.856 Y92.331 E.04517
G1 X149.178 Y92.65 E.03938
G1 X148.5 Y92.807 E.03658
G1 X147.822 Y92.827 E.03565
G1 X147.144 Y92.695 E.0363
G1 X146.465 Y92.35 E.04003
G1 X145.109 Y91.069 E.09804
G1 X144.431 Y90.542 E.04513
G1 X143.753 Y90.222 E.0394
G1 X143.075 Y90.066 E.03657
G1 X142.396 Y90.046 E.0357
G1 X141.718 Y90.178 E.0363
G1 X141.04 Y90.522 E.03996
G1 X139.684 Y91.804 E.09808
G1 X139.005 Y92.331 E.04517
G1 X138.327 Y92.65 E.03938
G1 X137.538 Y92.81 E.04231
G1 X136.805 Y93.507 E.05316
G1 X135.749 Y94.691 E.08338
G1 X134.626 Y96.271 E.10188
G1 X135.614 Y97.229 E.07233
G1 X136.293 Y97.756 E.04517
G1 X136.971 Y98.076 E.0394
G1 X137.649 Y98.232 E.03657
G1 X138.327 Y98.252 E.03565
G1 X139.005 Y98.12 E.0363
G1 X139.684 Y97.776 E.04001
G1 X141.04 Y96.494 E.09808
G1 X141.718 Y95.967 E.04513
G1 X142.396 Y95.648 E.03938
G1 X143.075 Y95.491 E.03663
G1 X143.753 Y95.471 E.03565
G1 X144.431 Y95.603 E.0363
G1 X145.109 Y95.948 E.03998
G1 X146.465 Y97.229 E.09804
G1 X147.144 Y97.756 E.04517
G1 X147.822 Y98.076 E.0394
G1 X148.5 Y98.232 E.03657
G1 X149.178 Y98.252 E.03565
G1 X149.856 Y98.12 E.0363
G1 X150.535 Y97.776 E.04001
G1 X151.891 Y96.494 E.09808
G1 X152.569 Y95.967 E.04513
G1 X153.247 Y95.648 E.03938
G1 X153.926 Y95.491 E.03663
G1 X154.604 Y95.471 E.03565
G1 X155.282 Y95.603 E.0363
G1 X155.96 Y95.948 E.03998
G1 X157.316 Y97.229 E.09804
G1 X157.995 Y97.756 E.04517
G1 X158.673 Y98.076 E.0394
G1 X159.351 Y98.232 E.03657
G1 X160.029 Y98.252 E.03565
G1 X160.707 Y98.12 E.0363
G1 X161.386 Y97.776 E.04001
G1 X162.599 Y96.639 E.08738
G1 X163.537 Y98.462 E.10775
G1 X164.138 Y100.069 E.09017
G1 X164.377 Y100.905 E.0457
G1 X164.098 Y100.897 E.01467
G1 X163.42 Y101.029 E.0363
G1 X162.742 Y101.373 E.03996
G1 X161.386 Y102.655 E.09808
G1 X160.707 Y103.182 E.04517
G1 X160.029 Y103.501 E.03938
G1 X159.351 Y103.658 E.03658
G1 X158.673 Y103.678 E.03565
G1 X157.995 Y103.546 E.0363
G1 X157.316 Y103.201 E.04003
G1 X155.96 Y101.92 E.09804
G1 X155.282 Y101.393 E.04513
G1 X154.604 Y101.073 E.0394
G1 X153.926 Y100.917 E.03657
G1 X153.247 Y100.897 E.0357
G1 X152.569 Y101.029 E.0363
G1 X151.891 Y101.373 E.03996
G1 X150.535 Y102.655 E.09808
G1 X149.856 Y103.182 E.04517
G1 X149.178 Y103.501 E.03938
G1 X148.5 Y103.658 E.03658
G1 X147.822 Y103.678 E.03565
G1 X147.144 Y103.546 E.0363
G1 X146.465 Y103.201 E.04003
G1 X145.109 Y101.92 E.09804
G1 X144.431 Y101.393 E.04513
G1 X143.753 Y101.073 E.0394
G1 X143.075 Y100.917 E.03657
G1 X142.396 Y100.897 E.0357
G1 X141.718 Y101.029 E.0363
G1 X141.04 Y101.373 E.03996
G1 X139.684 Y102.655 E.09808
G1 X139.005 Y103.182 E.04517
G1 X138.327 Y103.501 E.03938
G1 X137.649 Y103.658 E.03658
G1 X136.971 Y103.678 E.03565
G1 X136.293 Y103.546 E.0363
G1 X135.614 Y103.201 E.04003
G1 X134.258 Y101.92 E.09804
G1 X133.58 Y101.393 E.04513
G1 X132.902 Y101.073 E.0394
G1 X132.601 Y101.004 E.01623
G1 X132.247 Y102.865 E.09956
G1 E-3 F7200
G1 Z2.6 F3000
G1 X132.115 Y104.462 F12000
G1 Z2.4 F3000
G1 E3 F7200
G1 F4746.238
G1 X132.164 Y106.356 E.09958
G1 X132.902 Y106.322 E.03883
G1 X133.58 Y106.454 E.0363
G1 X134.258 Y106.799 E.03998
G1 X135.614 Y108.08 E.09804
G1 X136.293 Y108.607 E.04517
G1 X136.971 Y108.927 E.0394
G1 X137.649 Y109.083 E.03657
G1 X138.327 Y109.103 E.03565
G1 X139.005 Y108.971 E.0363
G1 X139.684 Y108.627 E.04001
G1 X141.04 Y107.345 E.09808
G1 X141.718 Y106.818 E.04513
G1 X142.396 Y106.499 E.03938
M73 P48 R5
G1 X143.075 Y106.342 E.03663
G1 X143.753 Y106.322 E.03565
G1 X144.431 Y106.454 E.0363
G1 X145.109 Y106.799 E.03998
G1 X146.465 Y108.08 E.09804
G1 X147.144 Y108.607 E.04517
G1 X147.822 Y108.927 E.0394
G1 X148.5 Y109.083 E.03657
G1 X149.178 Y109.103 E.03565
G1 X149.856 Y108.971 E.0363
G1 X150.535 Y108.627 E.04001
G1 X151.891 Y107.345 E.09808
G1 X152.569 Y106.818 E.04513
G1 X153.247 Y106.499 E.03938
G1 X153.926 Y106.342 E.03663
G1 X154.604 Y106.322 E.03565
G1 X155.282 Y106.454 E.0363
G1 X155.96 Y106.799 E.03998
G1 X157.316 Y108.08 E.09804
G1 X157.995 Y108.607 E.04517
G1 X158.673 Y108.927 E.0394
G1 X159.351 Y109.083 E.03657
G1 X160.029 Y109.103 E.03565
G1 X160.707 Y108.971 E.0363
G1 X161.386 Y108.627 E.04001
G1 X162.742 Y107.345 E.09808
G1 X163.42 Y106.818 E.04513
G1 X164.098 Y106.499 E.03938
G1 X164.838 Y106.34 E.03978
G1 X164.571 Y108.216 E.09959
G1 E-3 F7200
G1 Z2.6 F3000
G1 X164.068 Y110.144 F12000
G1 Z2.4 F3000
G1 E3 F7200
G1 F4746.238
G1 X163.369 Y111.906 E.09963
G1 X162.742 Y112.224 E.03695
G1 X161.386 Y113.506 E.09808
G1 X160.707 Y114.033 E.04517
G1 X160.029 Y114.352 E.03938
G1 X159.351 Y114.509 E.03658
G1 X158.673 Y114.529 E.03565
G1 X157.995 Y114.397 E.0363
G1 X157.316 Y114.052 E.04003
G1 X155.96 Y112.771 E.09804
G1 X155.282 Y112.244 E.04513
G1 X154.604 Y111.924 E.0394
G1 X153.926 Y111.768 E.03657
G1 X153.247 Y111.748 E.0357
G1 X152.569 Y111.88 E.0363
G1 X151.891 Y112.224 E.03996
G1 X150.535 Y113.506 E.09808
G1 X149.856 Y114.033 E.04517
G1 X149.178 Y114.352 E.03938
G1 X148.5 Y114.509 E.03658
G1 X147.822 Y114.529 E.03565
G1 X147.144 Y114.397 E.0363
G1 X146.465 Y114.052 E.04003
G1 X145.109 Y112.771 E.09804
G1 X144.431 Y112.244 E.04513
G1 X143.753 Y111.924 E.0394
G1 X143.075 Y111.768 E.03657
G1 X142.396 Y111.748 E.0357
G1 X141.718 Y111.88 E.0363
G1 X141.04 Y112.224 E.03996
G1 X139.684 Y113.506 E.09808
G1 X139.005 Y114.033 E.04517
G1 X138.327 Y114.352 E.03938
G1 X137.649 Y114.509 E.03658
G1 X136.971 Y114.529 E.03565
G1 X136.293 Y114.397 E.0363
G1 X135.614 Y114.052 E.04003
G1 X133.931 Y112.517 E.11972
G1 X133.162 Y110.785 E.0996
G1 E-3 F7200
G1 Z2.6 F3000
G1 X141.803 Y119.966 F12000
G1 Z2.4 F3000
G1 E3 F7200
G1 F4746.238
G1 X140.121 Y119.093 E.0996
G1 X141.04 Y118.196 E.06749
G1 X141.718 Y117.669 E.04513
G1 X142.396 Y117.35 E.03938
G1 X143.075 Y117.193 E.03663
G1 X143.753 Y117.173 E.03565
G1 X144.431 Y117.305 E.0363
G1 X145.109 Y117.65 E.03998
G1 X146.465 Y118.931 E.09804
G1 X147.144 Y119.458 E.04517
G1 X147.822 Y119.778 E.0394
G1 X148.5 Y119.934 E.03657
G1 X149.178 Y119.954 E.03565
G1 X149.856 Y119.822 E.0363
G1 X150.535 Y119.478 E.04001
G1 X151.891 Y118.196 E.09808
G1 X152.569 Y117.669 E.04513
G1 X153.247 Y117.35 E.03938
G1 X153.926 Y117.193 E.03663
G1 X154.604 Y117.173 E.03565
G1 X155.282 Y117.305 E.0363
G1 X155.96 Y117.65 E.03998
G1 X157.251 Y118.865 E.09318
G1 X155.591 Y119.779 E.0996
;LAYER_CHANGE
;Z:2.6
;HEIGHT:0.2

G1 E-3 F7200
G1 Z2.6 F3000
;AFTER_LAYER_CHANGE
;2.6
G92 E0
_ON_LAYER_CHANGE LAYER=13
G1 Z2.8
G1 X148.669 Y85.338 F12000
G1 Z2.6 F3000
G1 E3 F7200
;TYPE:External perimeter
;WIDTH:0.674999
G1 F4746.242
G1 X148.672 Y85.338 E.00016
G1 X149.701 Y85.374 E.05411
G1 X150.555 Y85.446 E.04504
G1 X151.406 Y85.554 E.04509
G1 X152.42 Y85.732 E.05411
G1 X153.425 Y85.964 E.05421
G1 X154.083 Y86.147 E.0359
G1 X155.064 Y86.465 E.0542
G1 X156.025 Y86.834 E.0541
G1 X156.965 Y87.253 E.05409
G1 X157.882 Y87.721 E.05411
G1 X158.774 Y88.235 E.05411
G1 X159.637 Y88.796 E.0541
G1 X160.47 Y89.401 E.05411
G1 X161.271 Y90.05 E.05418
G1 X161.783 Y90.503 E.03593
G1 X162.524 Y91.219 E.05416
G1 X163.226 Y91.972 E.05411
G1 X163.889 Y92.761 E.05416
G1 X164.305 Y93.303 E.03591
G1 X164.896 Y94.148 E.0542
G1 X165.442 Y95.021 E.05412
G1 X165.941 Y95.921 E.05409
G1 X166.392 Y96.846 E.05409
G1 X166.795 Y97.794 E.05414
G1 X167.091 Y98.599 E.04508
G1 X167.353 Y99.415 E.04504
G1 X167.619 Y100.41 E.05413
G1 X167.833 Y101.417 E.05411
G1 X167.994 Y102.434 E.05412
G1 X168.066 Y103.119 E.0362
G1 X168.123 Y103.8 E.03592
G1 X168.15 Y104.483 E.03592
G1 X168.162 Y105.173 E.03627
G1 X168.144 Y105.856 E.03591
G1 X168.072 Y106.885 E.05421
G1 X167.946 Y107.907 E.05412
G1 X167.768 Y108.92 E.05406
G1 X167.536 Y109.923 E.05411
G1 X167.252 Y110.914 E.05418
G1 X167.035 Y111.562 E.03592
G1 X166.666 Y112.525 E.0542
G1 X166.247 Y113.465 E.05409
G1 X165.779 Y114.382 E.05411
G1 X165.265 Y115.274 E.05411
G1 X164.703 Y116.138 E.05417
G1 X164.307 Y116.695 E.03592
G1 X163.672 Y117.507 E.05418
G1 X162.996 Y118.284 E.05413
G1 X162.281 Y119.024 E.05408
G1 X161.528 Y119.726 E.05411
G1 X160.74 Y120.388 E.05409
G1 X159.918 Y121.008 E.05411
G1 X159.063 Y121.584 E.05418
G1 X158.48 Y121.941 E.03593
G1 X157.579 Y122.441 E.05416
G1 X156.654 Y122.892 E.05409
G1 X155.705 Y123.295 E.05419
G1 X155.065 Y123.534 E.03591
G1 X154.084 Y123.853 E.05422
G1 X153.09 Y124.119 E.05408
G1 X152.083 Y124.333 E.05411
G1 X151.066 Y124.494 E.05412
G1 X150.213 Y124.587 E.0451
G1 X149.358 Y124.644 E.04504
G1 X148.327 Y124.662 E.0542
G1 X147.644 Y124.644 E.03591
G1 X146.615 Y124.572 E.05421
G1 X145.593 Y124.446 E.05412
G1 X144.578 Y124.267 E.05417
G1 X143.911 Y124.119 E.03591
G1 X142.915 Y123.853 E.05418
G1 X141.936 Y123.535 E.0541
G1 X140.975 Y123.165 E.05412
G1 X140.19 Y122.819 E.04509
G1 X139.421 Y122.441 E.04504
G1 X138.52 Y121.942 E.05413
G1 X137.647 Y121.396 E.05412
G1 X136.804 Y120.806 E.05408
G1 X135.993 Y120.172 E.0541
G1 X135.216 Y119.496 E.05413
G1 X134.476 Y118.781 E.05408
G1 X133.774 Y118.028 E.05411
G1 X133.111 Y117.239 E.05416
G1 X132.695 Y116.697 E.03591
G1 X132.104 Y115.852 E.0542
G1 X131.558 Y114.979 E.05412
G1 X131.059 Y114.079 E.05409
G1 X130.608 Y113.154 E.05409
G1 X130.205 Y112.205 E.05419
G1 X129.966 Y111.565 E.03591
G1 X129.647 Y110.584 E.05422
G1 X129.381 Y109.59 E.05408
G1 X129.167 Y108.583 E.05411
G1 X129.006 Y107.566 E.05412
G1 X128.913 Y106.713 E.0451
G1 X128.856 Y105.858 E.04504
G1 X128.838 Y104.827 E.0542
G1 X128.856 Y104.144 E.03591
G1 X128.928 Y103.115 E.05421
G1 X129.054 Y102.093 E.05412
G1 X129.233 Y101.078 E.05417
G1 X129.381 Y100.411 E.03591
G1 X129.647 Y99.415 E.05418
G1 X129.966 Y98.436 E.05412
G1 X130.334 Y97.475 E.05408
G1 X130.753 Y96.534 E.05414
G1 X131.14 Y95.769 E.04506
G1 X131.558 Y95.021 E.04504
G1 X132.104 Y94.147 E.05416
G1 X132.694 Y93.304 E.05408
G1 X133.328 Y92.493 E.0541
G1 X134.004 Y91.716 E.05413
G1 X134.719 Y90.976 E.05408
G1 X135.472 Y90.273 E.05414
G1 X136.127 Y89.72 E.04505
G1 X136.804 Y89.194 E.04506
G1 X137.648 Y88.604 E.05412
G1 X138.521 Y88.058 E.05412
G1 X139.27 Y87.64 E.04508
G1 X140.035 Y87.253 E.04506
G1 X140.976 Y86.834 E.05414
G1 X141.937 Y86.465 E.0541
G1 X142.752 Y86.197 E.04509
G1 X143.577 Y85.964 E.04506
G1 X144.58 Y85.732 E.05411
G1 X145.594 Y85.554 E.05411
G1 X146.616 Y85.428 E.05412
G1 X147.643 Y85.356 E.05411
G1 X148.639 Y85.339 E.05235
G1 X149.239 Y85.358 F12000
G1 X148.655 Y86.133
;TYPE:Perimeter
T1
;WIDTH:0.999999
G1 F3134.537
G1 X148.665 Y86.133 E.0008
G1 X149.654 Y86.168 E.07876
G1 X150.472 Y86.236 E.06532
G1 X151.287 Y86.339 E.06537
G1 X152.262 Y86.511 E.07879
G1 X153.229 Y86.735 E.07899
G1 X153.854 Y86.908 E.05161
G1 X154.798 Y87.215 E.079
G1 X155.721 Y87.569 E.07867
G1 X156.623 Y87.971 E.07859
G1 X157.503 Y88.419 E.07858
G1 X158.358 Y88.913 E.07858
G1 X159.187 Y89.451 E.07865
G1 X159.986 Y90.032 E.07862
G1 X160.758 Y90.656 E.079
G1 X161.243 Y91.086 E.05158
G1 X161.957 Y91.776 E.07902
G1 X162.631 Y92.498 E.0786
M73 P49 R5
G1 X163.269 Y93.259 E.07903
G1 X163.664 Y93.773 E.05159
G1 X164.234 Y94.587 E.07908
G1 X164.757 Y95.424 E.07854
G1 X165.236 Y96.288 E.07862
G1 X165.669 Y97.176 E.07862
G1 X166.056 Y98.087 E.07877
G1 X166.339 Y98.858 E.06536
G1 X166.59 Y99.64 E.06536
G1 X166.846 Y100.596 E.07876
G1 X167.052 Y101.562 E.0786
G1 X167.206 Y102.538 E.07863
G1 X167.276 Y103.202 E.05313
G1 X167.33 Y103.849 E.05167
G1 X167.355 Y104.497 E.05161
G1 X167.367 Y105.17 E.05357
G1 X167.35 Y105.818 E.05159
G1 X167.281 Y106.809 E.07906
G1 X167.16 Y107.789 E.07858
G1 X166.989 Y108.762 E.07862
G1 X166.767 Y109.724 E.07857
G1 X166.493 Y110.679 E.07907
G1 X166.287 Y111.294 E.05162
G1 X165.931 Y112.221 E.07903
G1 X165.529 Y113.123 E.07859
G1 X165.081 Y114.003 E.07858
G1 X164.587 Y114.858 E.07858
G1 X164.046 Y115.691 E.07905
G1 X163.67 Y116.219 E.05158
G1 X163.059 Y117.001 E.07898
G1 X162.41 Y117.747 E.07869
G1 X161.724 Y118.457 E.07857
G1 X161.002 Y119.131 E.0786
G1 X160.245 Y119.766 E.07863
G1 X159.456 Y120.36 E.07859
G1 X158.633 Y120.916 E.07904
G1 X158.08 Y121.255 E.05162
G1 X157.212 Y121.736 E.07897
G1 X156.324 Y122.169 E.07862
G1 X155.41 Y122.557 E.07902
G1 X154.803 Y122.784 E.05157
G1 X153.858 Y123.091 E.07907
G1 X152.904 Y123.346 E.07859
G1 X151.938 Y123.552 E.0786
G1 X150.961 Y123.706 E.07871
G1 X150.144 Y123.795 E.0654
G1 X149.325 Y123.85 E.06532
G1 X148.33 Y123.867 E.0792
G1 X147.682 Y123.85 E.05159
G1 X146.691 Y123.781 E.07906
G1 X145.711 Y123.66 E.07858
G1 X144.733 Y123.488 E.07903
G1 X144.1 Y123.347 E.05161
G1 X143.141 Y123.09 E.07901
G1 X142.202 Y122.785 E.07857
G1 X141.278 Y122.431 E.07875
G1 X140.526 Y122.099 E.06542
G1 X139.789 Y121.737 E.06534
G1 X138.924 Y121.257 E.07873
G1 X138.086 Y120.733 E.07865
G1 X137.277 Y120.167 E.07857
G1 X136.499 Y119.558 E.07863
G1 X135.753 Y118.91 E.07864
G1 X135.043 Y118.224 E.07857
G1 X134.369 Y117.502 E.0786
G1 X133.731 Y116.741 E.07903
G1 X133.336 Y116.227 E.05159
G1 X132.766 Y115.413 E.07908
G1 X132.243 Y114.576 E.07854
G1 X131.764 Y113.712 E.07862
G1 X131.331 Y112.824 E.07862
G1 X130.943 Y111.91 E.07902
G1 X130.716 Y111.303 E.05157
G1 X130.409 Y110.358 E.07907
G1 X130.154 Y109.404 E.07859
G1 X129.948 Y108.438 E.0786
G1 X129.794 Y107.461 E.07871
G1 X129.705 Y106.644 E.0654
G1 X129.65 Y105.825 E.06532
G1 X129.633 Y104.83 E.0792
G1 X129.65 Y104.182 E.05159
G1 X129.719 Y103.191 E.07906
G1 X129.84 Y102.211 E.07858
G1 X130.012 Y101.233 E.07903
G1 X130.153 Y100.6 E.05161
G1 X130.41 Y99.641 E.07901
G1 X130.715 Y98.702 E.07857
G1 X131.069 Y97.779 E.07867
G1 X131.471 Y96.875 E.07873
G1 X131.842 Y96.142 E.06538
G1 X132.242 Y95.425 E.06534
G1 X132.767 Y94.586 E.07876
G1 X133.333 Y93.777 E.07857
G1 X133.942 Y92.999 E.07863
G1 X134.59 Y92.253 E.07864
G1 X135.276 Y91.543 E.07857
G1 X136 Y90.868 E.07877
G1 X136.627 Y90.337 E.06539
G1 X137.276 Y89.834 E.06534
G1 X138.087 Y89.266 E.0788
G1 X138.926 Y88.742 E.07872
G1 X139.643 Y88.341 E.06538
G1 X140.376 Y87.971 E.06534
G1 X141.28 Y87.569 E.07873
G1 X142.204 Y87.214 E.07877
G1 X142.984 Y86.957 E.06536
G1 X143.774 Y86.734 E.06533
G1 X144.739 Y86.511 E.07882
G1 X145.711 Y86.34 E.07854
G1 X146.692 Y86.219 E.07866
G1 X147.677 Y86.15 E.07858
G1 X148.625 Y86.134 E.07545
G1 X148.638 Y87.091 F12000
G1 F3134.537
G1 X148.657 Y87.091 E.00151
G1 X149.597 Y87.123 E.07485
G1 X150.372 Y87.189 E.0619
G1 X151.144 Y87.286 E.06192
G1 X152.071 Y87.449 E.0749
G1 X152.993 Y87.662 E.07531
G1 X153.578 Y87.825 E.04833
G1 X154.479 Y88.117 E.07537
G1 X155.354 Y88.453 E.07459
G1 X156.211 Y88.835 E.07467
G1 X157.046 Y89.26 E.07456
G1 X157.858 Y89.729 E.07462
G1 X158.645 Y90.24 E.07467
G1 X159.403 Y90.791 E.07458
G1 X160.139 Y91.387 E.07537
G1 X160.594 Y91.789 E.04832
G1 X161.275 Y92.447 E.07536
G1 X161.914 Y93.133 E.07461
G1 X162.523 Y93.858 E.07535
G1 X162.892 Y94.339 E.04825
G1 X163.435 Y95.115 E.07537
G1 X163.932 Y95.91 E.07461
G1 X164.387 Y96.73 E.07463
G1 X164.798 Y97.573 E.07464
G1 X165.165 Y98.439 E.07485
G1 X165.434 Y99.169 E.06191
G1 X165.672 Y99.91 E.06194
G1 X165.915 Y100.819 E.07488
G1 X166.11 Y101.736 E.07461
G1 X166.257 Y102.662 E.07462
G1 X166.324 Y103.302 E.05121
G1 X166.374 Y103.907 E.04831
G1 X166.398 Y104.513 E.04826
G1 X166.41 Y105.166 E.05198
G1 X166.394 Y105.772 E.04824
G1 X166.328 Y106.717 E.07539
G1 X166.213 Y107.648 E.07465
G1 X166.051 Y108.571 E.07458
G1 X165.84 Y109.485 E.07465
G1 X165.579 Y110.395 E.07534
G1 X165.386 Y110.97 E.04827
G1 X165.047 Y111.854 E.07535
G1 X164.665 Y112.711 E.07467
G1 X164.24 Y113.546 E.07456
G1 X163.771 Y114.358 E.07462
G1 X163.255 Y115.152 E.07536
G1 X162.903 Y115.646 E.04827
G1 X162.32 Y116.392 E.07535
G1 X161.705 Y117.1 E.07463
G1 X161.053 Y117.775 E.07468
G1 X160.367 Y118.414 E.07461
G1 X159.649 Y119.017 E.07462
G1 X158.9 Y119.581 E.07462
G1 X158.115 Y120.11 E.07533
G1 X157.598 Y120.428 E.0483
G1 X156.77 Y120.887 E.07534
G1 X155.927 Y121.298 E.07464
G1 X155.056 Y121.668 E.07531
G1 X154.487 Y121.88 E.04832
G1 X153.587 Y122.173 E.07532
G1 X152.681 Y122.415 E.07463
G1 X151.764 Y122.61 E.07461
G1 X150.834 Y122.757 E.07493
G1 X150.061 Y122.841 E.06188
G1 X149.285 Y122.893 E.06189
G1 X148.334 Y122.91 E.07569
G1 X147.728 Y122.894 E.04824
G1 X146.783 Y122.828 E.07539
G1 X145.852 Y122.713 E.07465
G1 X144.92 Y122.549 E.07531
G1 X144.328 Y122.418 E.04825
G1 X143.413 Y122.173 E.07538
G1 X142.521 Y121.883 E.07464
G1 X141.642 Y121.545 E.07495
G1 X140.931 Y121.232 E.06182
G1 X140.233 Y120.888 E.06193
G1 X139.41 Y120.432 E.07488
G1 X138.614 Y119.935 E.07468
G1 X137.846 Y119.397 E.07462
G1 X137.108 Y118.82 E.07455
G1 X136.4 Y118.205 E.07463
G1 X135.725 Y117.553 E.07468
G1 X135.086 Y116.867 E.07461
G1 X134.477 Y116.142 E.07535
G1 X134.108 Y115.661 E.04825
G1 X133.565 Y114.885 E.07537
G1 X133.068 Y114.09 E.07461
G1 X132.613 Y113.27 E.07463
G1 X132.202 Y112.427 E.07464
G1 X131.832 Y111.556 E.07531
G1 X131.62 Y110.987 E.04832
G1 X131.327 Y110.087 E.07532
G1 X131.085 Y109.181 E.07463
G1 X130.89 Y108.264 E.07461
G1 X130.743 Y107.334 E.07493
G1 X130.659 Y106.561 E.06188
G1 X130.607 Y105.785 E.06189
G1 X130.59 Y104.834 E.07569
G1 X130.606 Y104.228 E.04824
G1 X130.672 Y103.283 E.07539
G1 X130.787 Y102.352 E.07465
G1 X130.951 Y101.42 E.07531
G1 X131.082 Y100.828 E.04825
G1 X131.328 Y99.913 E.0754
G1 X131.617 Y99.021 E.07462
G1 X131.953 Y98.146 E.07459
G1 X132.336 Y97.286 E.07492
G1 X132.687 Y96.592 E.06189
G1 X133.066 Y95.913 E.06188
G1 X133.565 Y95.114 E.07497
G1 X134.103 Y94.346 E.07462
G1 X134.68 Y93.608 E.07455
G1 X135.295 Y92.9 E.07463
G1 X135.947 Y92.225 E.07468
G1 X136.635 Y91.583 E.07489
G1 X137.229 Y91.081 E.06189
G1 X137.844 Y90.605 E.06189
G1 X138.615 Y90.065 E.07491
G1 X139.413 Y89.566 E.0749
G1 X140.092 Y89.187 E.06188
G1 X140.786 Y88.836 E.06189
G1 X141.646 Y88.453 E.07492
G1 X142.525 Y88.116 E.07492
G1 X143.264 Y87.873 E.06191
G1 X144.012 Y87.661 E.06187
G1 X144.93 Y87.449 E.07498
G1 X145.853 Y87.287 E.07458
G1 X146.784 Y87.172 E.07465
G1 X147.719 Y87.107 E.07459
G1 X148.608 Y87.091 E.07076
G1 X148.622 Y88.048 F12000
G1 F3134.537
G1 X148.648 Y88.048 E.00207
G1 X149.54 Y88.079 E.07103
G1 X150.272 Y88.141 E.05846
G1 X151.001 Y88.233 E.05848
G1 X151.88 Y88.388 E.07103
G1 X152.758 Y88.59 E.0717
G1 X153.302 Y88.741 E.04493
G1 X154.159 Y89.02 E.07172
G1 X154.988 Y89.338 E.07066
G1 X155.799 Y89.699 E.07065
G1 X156.589 Y90.102 E.07058
G1 X157.358 Y90.546 E.07067
G1 X158.102 Y91.029 E.07059
G1 X158.82 Y91.551 E.07064
G1 X159.52 Y92.118 E.07169
G1 X159.944 Y92.492 E.04499
G1 X160.592 Y93.118 E.0717
G1 X161.197 Y93.767 E.07061
G1 X161.776 Y94.457 E.07168
G1 X162.12 Y94.905 E.04495
G1 X162.637 Y95.643 E.07171
G1 X163.107 Y96.396 E.07064
G1 X163.537 Y97.172 E.0706
G1 X163.926 Y97.97 E.07065
G1 X164.275 Y98.792 E.07107
G1 X164.529 Y99.481 E.05844
G1 X164.753 Y100.18 E.05841
G1 X164.984 Y101.043 E.0711
G1 X165.169 Y101.911 E.07063
G1 X165.308 Y102.787 E.07059
G1 X165.372 Y103.402 E.04921
G1 X165.441 Y104.53 E.08994
G1 X165.452 Y105.161 E.05022
G1 X165.438 Y105.726 E.04498
G1 X165.375 Y106.625 E.07172
G1 X165.266 Y107.506 E.07065
G1 X165.112 Y108.38 E.07063
G1 X164.913 Y109.245 E.07064
G1 X164.664 Y110.111 E.07171
G1 X164.485 Y110.647 E.04497
G1 X164.162 Y111.488 E.07169
G1 X163.801 Y112.299 E.07065
G1 X163.398 Y113.089 E.07058
G1 X162.954 Y113.858 E.07067
G1 X162.464 Y114.613 E.07163
G1 X162.136 Y115.074 E.04503
G1 X161.581 Y115.783 E.07165
G1 X160.999 Y116.453 E.07063
G1 X160.382 Y117.092 E.07069
G1 X159.733 Y117.697 E.07061
G1 X159.053 Y118.267 E.07061
G1 X158.344 Y118.802 E.07068
G1 X157.597 Y119.305 E.07167
G1 X157.116 Y119.601 E.04495
G1 X156.328 Y120.037 E.07167
G1 X155.53 Y120.426 E.07065
G1 X154.701 Y120.778 E.07167
G1 X154.171 Y120.976 E.04503
G1 X153.315 Y121.255 E.07165
G1 X152.457 Y121.484 E.07067
G1 X151.589 Y121.669 E.07063
G1 X150.707 Y121.809 E.07107
G1 X149.977 Y121.888 E.05843
G1 X149.245 Y121.937 E.05838
G1 X148.339 Y121.952 E.07211
G1 X147.774 Y121.937 E.04498
G1 X146.875 Y121.875 E.07171
G1 X145.994 Y121.766 E.07065
G1 X145.107 Y121.61 E.07167
G1 X144.555 Y121.488 E.04499
G1 X143.685 Y121.255 E.07168
G1 X142.841 Y120.98 E.07064
G1 X142.007 Y120.66 E.07109
G1 X141.335 Y120.364 E.05844
G1 X140.677 Y120.04 E.05837
G1 X139.896 Y119.607 E.07107
G1 X139.143 Y119.136 E.07068
G1 X138.416 Y118.627 E.07063
G1 X137.717 Y118.081 E.07059
G1 X137.047 Y117.499 E.07063
G1 X136.408 Y116.882 E.07069
G1 X135.803 Y116.233 E.07061
G1 X135.224 Y115.543 E.07168
G1 X134.88 Y115.095 E.04495
G1 X134.363 Y114.357 E.07171
G1 X133.893 Y113.604 E.07064
G1 X133.463 Y112.828 E.0706
G1 X133.074 Y112.03 E.07065
G1 X132.722 Y111.201 E.07167
G1 X132.524 Y110.671 E.04503
G1 X132.245 Y109.815 E.07165
G1 X132.016 Y108.957 E.07067
G1 X131.831 Y108.089 E.07063
G1 X131.691 Y107.207 E.07107
G1 X131.612 Y106.477 E.05843
G1 X131.564 Y105.745 E.05838
G1 X131.548 Y104.839 E.07211
G1 X131.563 Y104.274 E.04498
G1 X131.625 Y103.375 E.07171
G1 X131.734 Y102.494 E.07065
G1 X131.89 Y101.607 E.07167
G1 X132.012 Y101.055 E.04499
G1 X132.245 Y100.185 E.07168
G1 X132.52 Y99.341 E.07064
G1 X132.838 Y98.512 E.07066
G1 X133.201 Y97.697 E.071
G1 X133.532 Y97.041 E.05847
G1 X133.89 Y96.4 E.05843
G1 X134.364 Y95.643 E.07108
G1 X134.873 Y94.916 E.07063
G1 X135.419 Y94.217 E.07059
G1 X136.001 Y93.547 E.07063
G1 X136.618 Y92.908 E.07069
G1 X137.271 Y92.299 E.07106
G1 X137.832 Y91.825 E.05845
G1 X138.412 Y91.375 E.05842
G1 X139.143 Y90.863 E.07102
G1 X139.901 Y90.39 E.0711
G1 X140.542 Y90.032 E.05843
G1 X141.197 Y89.701 E.0584
G1 X142.013 Y89.338 E.07107
G1 X142.846 Y89.018 E.07101
G1 X143.544 Y88.788 E.05849
G1 X144.25 Y88.588 E.0584
G1 X145.12 Y88.388 E.07104
G1 X145.994 Y88.233 E.07064
G1 X146.875 Y88.125 E.07064
M73 P50 R5
G1 X147.761 Y88.063 E.07068
G1 X148.592 Y88.049 E.06614
G1 E-3 F7200
G1 Z2.8 F3000
G1 X160.771 Y94.125 F12000
G1 Z2.6 F3000
G1 E3 F7200
;TYPE:Internal infill
T0
;WIDTH:0.675
G1 F4746.238
G1 X159.434 Y92.782 E.0996
G1 X158.673 Y92.758 E.04002
G1 X157.995 Y92.566 E.03704
G1 X157.316 Y92.166 E.04142
G1 X155.96 Y90.901 E.09747
G1 X155.282 Y90.437 E.04318
G1 X154.604 Y90.178 E.03815
G1 X153.926 Y90.078 E.03602
G1 X153.247 Y90.115 E.03574
G1 X152.569 Y90.306 E.03702
G1 X151.891 Y90.706 E.04137
G1 X150.535 Y91.971 E.09747
G1 X149.856 Y92.436 E.04325
G1 X149.178 Y92.694 E.03813
G1 X148.5 Y92.794 E.03602
G1 X147.822 Y92.758 E.03568
G1 X147.144 Y92.566 E.03704
G1 X146.465 Y92.166 E.04142
G1 X145.109 Y90.901 E.09747
G1 X144.431 Y90.437 E.04318
G1 X143.753 Y90.178 E.03815
G1 X143.075 Y90.078 E.03602
G1 X142.396 Y90.115 E.03574
G1 X141.718 Y90.306 E.03702
G1 X141.04 Y90.706 E.04137
G1 X139.684 Y91.971 E.09747
G1 X139.005 Y92.436 E.04325
G1 X138.327 Y92.694 E.03813
G1 X137.559 Y92.79 E.04068
G1 X136.411 Y93.922 E.08474
G1 X135.848 Y94.57 E.04512
G1 X135.319 Y95.246 E.04511
G1 X134.548 Y96.396 E.07277
G1 X135.614 Y97.397 E.07686
G1 X136.293 Y97.861 E.04322
G1 X136.971 Y98.12 E.03815
G1 X137.649 Y98.22 E.03602
G1 X138.327 Y98.183 E.03569
G1 X139.005 Y97.992 E.03702
G1 X139.684 Y97.592 E.04142
G1 X141.04 Y96.327 E.09747
G1 X141.718 Y95.862 E.04321
G1 X142.396 Y95.604 E.03813
G1 X143.075 Y95.504 E.03607
G1 X143.753 Y95.54 E.03568
G1 X144.431 Y95.732 E.03704
G1 X145.109 Y96.132 E.04137
G1 X146.465 Y97.397 E.09747
G1 X147.144 Y97.861 E.04322
G1 X147.822 Y98.12 E.03815
G1 X148.5 Y98.22 E.03602
G1 X149.178 Y98.183 E.03569
G1 X149.856 Y97.992 E.03702
G1 X150.535 Y97.592 E.04142
G1 X151.891 Y96.327 E.09747
G1 X152.569 Y95.862 E.04321
G1 X153.247 Y95.604 E.03813
G1 X153.926 Y95.504 E.03607
G1 X154.604 Y95.54 E.03568
G1 X155.282 Y95.732 E.03704
G1 X155.96 Y96.132 E.04137
G1 X157.316 Y97.397 E.09747
G1 X157.995 Y97.861 E.04322
G1 X158.673 Y98.12 E.03815
G1 X159.351 Y98.22 E.03602
G1 X160.029 Y98.183 E.03569
G1 X160.707 Y97.992 E.03702
G1 X161.386 Y97.592 E.04142
G1 X162.533 Y96.526 E.0823
G1 X163.045 Y97.429 E.05456
G1 X163.759 Y98.996 E.0905
G1 X164.385 Y100.95 E.10784
G1 X164.098 Y100.966 E.01511
G1 X163.42 Y101.157 E.03702
G1 X162.742 Y101.557 E.04137
G1 X161.386 Y102.822 E.09747
G1 X160.707 Y103.287 E.04325
G1 X160.029 Y103.545 E.03813
G1 X159.351 Y103.645 E.03602
G1 X158.673 Y103.609 E.03568
G1 X157.995 Y103.417 E.03704
G1 X157.316 Y103.017 E.04142
G1 X155.96 Y101.752 E.09747
G1 X155.282 Y101.288 E.04318
G1 X154.604 Y101.029 E.03815
G1 X153.926 Y100.929 E.03602
G1 X153.247 Y100.966 E.03574
G1 X152.569 Y101.157 E.03702
G1 X151.891 Y101.557 E.04137
G1 X150.535 Y102.822 E.09747
G1 X149.856 Y103.287 E.04325
G1 X149.178 Y103.545 E.03813
G1 X148.5 Y103.645 E.03602
G1 X147.822 Y103.609 E.03568
G1 X147.144 Y103.417 E.03704
G1 X146.465 Y103.017 E.04142
G1 X145.109 Y101.752 E.09747
G1 X144.431 Y101.288 E.04318
G1 X143.753 Y101.029 E.03815
G1 X143.075 Y100.929 E.03602
G1 X142.396 Y100.966 E.03574
G1 X141.718 Y101.157 E.03702
G1 X141.04 Y101.557 E.04137
G1 X139.684 Y102.822 E.09747
G1 X139.005 Y103.287 E.04325
G1 X138.327 Y103.545 E.03813
G1 X137.649 Y103.645 E.03602
G1 X136.971 Y103.609 E.03568
G1 X136.293 Y103.417 E.03704
G1 X135.614 Y103.017 E.04142
G1 X134.258 Y101.752 E.09747
G1 X133.58 Y101.288 E.04318
G1 X132.902 Y101.029 E.03815
G1 X132.606 Y100.985 E.01573
G1 X132.25 Y102.846 E.09958
G1 E-3 F7200
G1 Z2.8 F3000
G1 X132.113 Y104.469 F12000
G1 Z2.6 F3000
G1 E3 F7200
G1 F4746.238
G1 X132.161 Y106.364 E.09963
G1 X132.902 Y106.391 E.03897
G1 X133.58 Y106.583 E.03704
G1 X134.258 Y106.983 E.04137
G1 X135.614 Y108.248 E.09747
G1 X136.293 Y108.712 E.04322
G1 X136.971 Y108.971 E.03815
G1 X137.649 Y109.071 E.03602
G1 X138.327 Y109.034 E.03569
G1 X139.005 Y108.843 E.03702
G1 X139.684 Y108.443 E.04142
G1 X141.04 Y107.178 E.09747
G1 X141.718 Y106.713 E.04321
G1 X142.396 Y106.455 E.03813
G1 X143.075 Y106.355 E.03607
G1 X143.753 Y106.391 E.03568
G1 X144.431 Y106.583 E.03704
G1 X145.109 Y106.983 E.04137
G1 X146.465 Y108.248 E.09747
G1 X147.144 Y108.712 E.04322
G1 X147.822 Y108.971 E.03815
G1 X148.5 Y109.071 E.03602
G1 X149.178 Y109.034 E.03569
G1 X149.856 Y108.843 E.03702
G1 X150.535 Y108.443 E.04142
G1 X151.891 Y107.178 E.09747
G1 X152.569 Y106.713 E.04321
G1 X153.247 Y106.455 E.03813
G1 X153.926 Y106.355 E.03607
G1 X154.604 Y106.391 E.03568
G1 X155.282 Y106.583 E.03704
G1 X155.96 Y106.983 E.04137
G1 X157.316 Y108.248 E.09747
G1 X157.995 Y108.712 E.04322
G1 X158.673 Y108.971 E.03815
G1 X159.351 Y109.071 E.03602
G1 X160.029 Y109.034 E.03569
G1 X160.707 Y108.843 E.03702
G1 X161.386 Y108.443 E.04142
G1 X162.742 Y107.178 E.09747
G1 X163.42 Y106.713 E.04321
G1 X164.098 Y106.455 E.03813
G1 X164.837 Y106.358 E.03917
G1 X164.574 Y108.235 E.09961
G1 E-3 F7200
G1 Z2.8 F3000
G1 X164.004 Y110.334 F12000
G1 Z2.6 F3000
G1 E3 F7200
G1 F4746.238
G1 X163.285 Y112.088 E.09963
G1 X162.742 Y112.408 E.03313
G1 X161.386 Y113.673 E.09747
G1 X160.707 Y114.138 E.04325
G1 X160.029 Y114.396 E.03813
G1 X159.351 Y114.496 E.03602
G1 X158.673 Y114.46 E.03568
G1 X157.995 Y114.268 E.03704
G1 X157.316 Y113.868 E.04142
G1 X155.96 Y112.603 E.09747
G1 X155.282 Y112.139 E.04318
G1 X154.604 Y111.88 E.03815
G1 X153.926 Y111.78 E.03602
G1 X153.247 Y111.817 E.03574
G1 X152.569 Y112.008 E.03702
G1 X151.891 Y112.408 E.04137
G1 X150.535 Y113.673 E.09747
G1 X149.856 Y114.138 E.04325
G1 X149.178 Y114.396 E.03813
G1 X148.5 Y114.496 E.03602
G1 X147.822 Y114.46 E.03568
G1 X147.144 Y114.268 E.03704
G1 X146.465 Y113.868 E.04142
M73 P51 R5
G1 X145.109 Y112.603 E.09747
G1 X144.431 Y112.139 E.04318
G1 X143.753 Y111.88 E.03815
G1 X143.075 Y111.78 E.03602
G1 X142.396 Y111.817 E.03574
G1 X141.718 Y112.008 E.03702
G1 X141.04 Y112.408 E.04137
G1 X139.684 Y113.673 E.09747
G1 X139.005 Y114.138 E.04325
G1 X138.327 Y114.396 E.03813
G1 X137.649 Y114.496 E.03602
G1 X136.971 Y114.46 E.03568
G1 X136.293 Y114.268 E.03704
G1 X135.614 Y113.868 E.04142
G1 X134.258 Y112.603 E.09747
G1 X133.827 Y112.308 E.02745
G1 X133.078 Y110.567 E.09961
G1 E-3 F7200
G1 Z2.8 F3000
G1 X141.666 Y119.903 F12000
G1 Z2.6 F3000
G1 E3 F7200
G1 F4746.238
G1 X139.993 Y119.013 E.0996
G1 X141.04 Y118.029 E.07552
G1 X141.718 Y117.564 E.04321
G1 X142.396 Y117.306 E.03813
G1 X143.075 Y117.206 E.03607
G1 X143.753 Y117.242 E.03568
G1 X144.431 Y117.434 E.03704
G1 X145.109 Y117.834 E.04137
G1 X146.465 Y119.099 E.09747
G1 X147.144 Y119.563 E.04322
G1 X147.822 Y119.822 E.03815
G1 X148.5 Y119.922 E.03602
G1 X149.178 Y119.885 E.03569
G1 X149.856 Y119.694 E.03702
G1 X150.535 Y119.294 E.04142
G1 X151.891 Y118.029 E.09747
G1 X152.569 Y117.564 E.04321
G1 X153.247 Y117.306 E.03813
G1 X153.926 Y117.206 E.03607
G1 X154.604 Y117.242 E.03568
G1 X155.282 Y117.434 E.03704
G1 X155.96 Y117.834 E.04137
G1 X157.143 Y118.933 E.08487
G1 X155.476 Y119.835 E.09962
;LAYER_CHANGE
;Z:2.8
;HEIGHT:0.2

G1 E-3 F7200
G1 Z2.8 F3000
;AFTER_LAYER_CHANGE
;2.8
G92 E0
_ON_LAYER_CHANGE LAYER=14
G1 Z3
G1 X148.669 Y85.342 F12000
G1 Z2.8 F3000
G1 E3 F7200
;TYPE:External perimeter
;WIDTH:0.674999
G1 F4746.242
G1 X149.357 Y85.356 E.03617
G1 X150.385 Y85.428 E.05416
G1 X151.407 Y85.554 E.05412
G1 X152.421 Y85.732 E.05411
G1 X153.27 Y85.926 E.04577
G1 X154.084 Y86.147 E.04433
G1 X155.064 Y86.466 E.05417
G1 X156.025 Y86.834 E.05408
G1 X156.965 Y87.253 E.05409
G1 X157.882 Y87.721 E.05411
G1 X158.774 Y88.235 E.05411
G1 X159.506 Y88.708 E.04581
G1 X160.195 Y89.194 E.04431
G1 X161.007 Y89.828 E.05414
G1 X161.784 Y90.504 E.05413
G1 X162.524 Y91.219 E.05408
G1 X163.226 Y91.972 E.05411
G1 X163.889 Y92.761 E.05416
G1 X164.305 Y93.303 E.03591
G1 X164.896 Y94.148 E.0542
G1 X165.442 Y95.021 E.05412
G1 X165.941 Y95.921 E.05409
G1 X166.392 Y96.846 E.05409
G1 X166.795 Y97.795 E.05419
G1 X167.034 Y98.435 E.03591
G1 X167.353 Y99.416 E.05422
G1 X167.619 Y100.41 E.05408
G1 X167.833 Y101.417 E.05411
G1 X167.994 Y102.434 E.05412
G1 X168.066 Y103.119 E.0362
G1 X168.123 Y103.8 E.03592
G1 X168.15 Y104.483 E.03592
G1 X168.162 Y105.173 E.03627
G1 X168.144 Y105.856 E.03591
G1 X168.072 Y106.885 E.05421
G1 X167.946 Y107.907 E.05412
G1 X167.768 Y108.92 E.05406
G1 X167.536 Y109.923 E.05411
G1 X167.252 Y110.913 E.05413
G1 X166.917 Y111.886 E.05408
G1 X166.531 Y112.841 E.05414
G1 X166.096 Y113.774 E.0541
G1 X165.612 Y114.684 E.05417
G1 X165.266 Y115.273 E.0359
G1 X164.703 Y116.138 E.05424
G1 X164.307 Y116.695 E.03592
G1 X163.672 Y117.507 E.05418
G1 X162.996 Y118.284 E.05413
G1 X162.281 Y119.024 E.05408
G1 X161.528 Y119.726 E.05411
G1 X160.74 Y120.388 E.05409
G1 X159.918 Y121.008 E.05411
G1 X159.063 Y121.584 E.05418
G1 X158.48 Y121.941 E.03593
G1 X157.579 Y122.441 E.05416
G1 X156.654 Y122.892 E.05409
G1 X155.705 Y123.295 E.05419
G1 X155.065 Y123.534 E.03591
G1 X154.084 Y123.853 E.05422
G1 X153.09 Y124.119 E.05408
G1 X152.083 Y124.333 E.05411
G1 X151.066 Y124.494 E.05412
G1 X150.041 Y124.602 E.05417
G1 X149.359 Y124.644 E.03591
G1 X148.327 Y124.662 E.05425
G1 X147.644 Y124.644 E.03591
G1 X146.615 Y124.572 E.05421
G1 X145.593 Y124.446 E.05412
G1 X144.578 Y124.267 E.05417
G1 X143.911 Y124.119 E.03591
G1 X142.915 Y123.853 E.05418
G1 X141.936 Y123.535 E.0541
G1 X140.974 Y123.165 E.05417
G1 X140.347 Y122.893 E.03592
G1 X139.421 Y122.441 E.05416
G1 X138.52 Y121.942 E.05413
G1 X137.647 Y121.396 E.05412
G1 X136.804 Y120.806 E.05408
G1 X135.993 Y120.172 E.0541
G1 X135.216 Y119.496 E.05413
G1 X134.476 Y118.781 E.05408
G1 X133.774 Y118.028 E.05411
G1 X133.111 Y117.239 E.05416
G1 X132.695 Y116.697 E.03591
G1 X132.104 Y115.852 E.0542
G1 X131.558 Y114.979 E.05412
G1 X131.059 Y114.079 E.05409
G1 X130.608 Y113.153 E.05413
G1 X130.265 Y112.352 E.0458
G1 X129.966 Y111.564 E.0443
G1 X129.647 Y110.584 E.05417
G1 X129.381 Y109.59 E.05408
G1 X129.167 Y108.583 E.05411
G1 X129.006 Y107.566 E.05412
G1 X128.912 Y106.7 E.04578
G1 X128.856 Y105.858 E.04435
G1 X128.838 Y104.828 E.05414
G1 X128.874 Y103.799 E.05411
G1 X128.948 Y102.931 E.04579
G1 X129.054 Y102.094 E.04434
G1 X129.232 Y101.08 E.05411
G1 X129.464 Y100.077 E.05411
G1 X129.748 Y99.087 E.05413
G1 X130.083 Y98.113 E.05413
G1 X130.407 Y97.305 E.04575
G1 X130.753 Y96.535 E.04437
G1 X131.221 Y95.618 E.05411
G1 X131.735 Y94.726 E.05411
G1 X132.296 Y93.863 E.0541
G1 X132.901 Y93.03 E.05411
G1 X133.447 Y92.351 E.04579
G1 X134.003 Y91.717 E.04432
G1 X134.719 Y90.976 E.05416
G1 X135.472 Y90.273 E.05414
G1 X136.137 Y89.711 E.04576
G1 X136.804 Y89.194 E.04435
G1 X137.648 Y88.604 E.05412
G1 X138.521 Y88.058 E.05412
G1 X139.282 Y87.633 E.04581
G1 X140.035 Y87.253 E.04433
G1 X140.976 Y86.834 E.05414
G1 X141.937 Y86.465 E.0541
G1 X142.765 Y86.193 E.04581
G1 X143.577 Y85.964 E.04434
G1 X144.58 Y85.732 E.05411
G1 X145.594 Y85.554 E.05411
G1 X146.616 Y85.428 E.05412
G1 X147.643 Y85.356 E.05411
G1 X148.514 Y85.338 E.04579
G1 X148.639 Y85.341 E.00657
G1 X149.239 Y85.354 F12000
G1 X148.655 Y86.136
;TYPE:Perimeter
T1
;WIDTH:0.999999
G1 F3134.537
G1 X149.321 Y86.15 E.05301
G1 X150.309 Y86.219 E.07882
G1 X151.289 Y86.34 E.07858
G1 X152.264 Y86.512 E.07879
G1 X153.078 Y86.697 E.06643
G1 X153.857 Y86.909 E.06425
G1 X154.798 Y87.215 E.07875
G1 X155.721 Y87.569 E.07867
G1 X156.623 Y87.971 E.07859
G1 X157.503 Y88.419 E.07858
G1 X158.36 Y88.914 E.07876
G1 X159.062 Y89.366 E.06644
G1 X159.721 Y89.832 E.06423
G1 X160.501 Y90.442 E.0788
G1 X161.247 Y91.09 E.07864
G1 X161.957 Y91.776 E.07857
G1 X162.631 Y92.498 E.0786
G1 X163.269 Y93.259 E.07903
G1 X163.664 Y93.773 E.05159
G1 X164.234 Y94.587 E.07908
G1 X164.757 Y95.424 E.07854
G1 X165.236 Y96.288 E.07862
G1 X165.669 Y97.176 E.07862
G1 X166.057 Y98.09 E.07902
G1 X166.284 Y98.697 E.05157
G1 X166.591 Y99.642 E.07907
G1 X166.846 Y100.596 E.07859
G1 X167.052 Y101.562 E.0786
G1 X167.206 Y102.538 E.07863
G1 X167.276 Y103.202 E.05313
G1 X167.33 Y103.849 E.05167
G1 X167.355 Y104.497 E.05161
G1 X167.367 Y105.17 E.05357
G1 X167.35 Y105.818 E.05159
G1 X167.281 Y106.809 E.07906
G1 X167.16 Y107.789 E.07858
G1 X166.989 Y108.762 E.07862
G1 X166.767 Y109.724 E.07857
G1 X166.494 Y110.674 E.07866
G1 X166.173 Y111.608 E.0786
G1 X165.803 Y112.524 E.07862
G1 X165.385 Y113.419 E.07861
G1 X164.919 Y114.295 E.07896
G1 X164.59 Y114.854 E.05162
G1 X164.046 Y115.691 E.07944
G1 X163.67 Y116.219 E.05158
G1 X163.059 Y117.001 E.07898
G1 X162.41 Y117.747 E.07869
G1 X161.724 Y118.457 E.07857
G1 X161.002 Y119.131 E.0786
G1 X160.245 Y119.766 E.07863
G1 X159.456 Y120.36 E.07859
G1 X158.633 Y120.916 E.07904
G1 X158.08 Y121.255 E.05162
G1 X157.212 Y121.736 E.07897
G1 X156.324 Y122.169 E.07862
G1 X155.41 Y122.557 E.07902
G1 X154.803 Y122.784 E.05157
G1 X153.858 Y123.091 E.07907
G1 X152.904 Y123.346 E.07859
G1 X151.938 Y123.552 E.0786
G1 X150.963 Y123.706 E.07855
G1 X149.975 Y123.81 E.07906
G1 X149.328 Y123.85 E.05159
G1 X148.33 Y123.867 E.07943
G1 X147.682 Y123.85 E.05159
G1 X146.691 Y123.781 E.07906
G1 X145.711 Y123.66 E.07858
G1 X144.733 Y123.488 E.07903
G1 X144.1 Y123.347 E.05161
G1 X143.141 Y123.09 E.07901
G1 X142.202 Y122.785 E.07857
G1 X141.275 Y122.429 E.07903
G1 X140.68 Y122.171 E.05161
G1 X139.788 Y121.736 E.07898
G1 X138.924 Y121.257 E.07862
G1 X138.086 Y120.733 E.07865
G1 X137.277 Y120.167 E.07857
G1 X136.499 Y119.558 E.07863
G1 X135.753 Y118.91 E.07864
G1 X135.043 Y118.224 E.07857
G1 X134.369 Y117.502 E.0786
G1 X133.731 Y116.741 E.07903
G1 X133.336 Y116.227 E.05159
G1 X132.766 Y115.413 E.07908
G1 X132.243 Y114.576 E.07854
G1 X131.764 Y113.712 E.07862
G1 X131.33 Y112.822 E.0788
G1 X131.002 Y112.055 E.06639
G1 X130.715 Y111.3 E.06428
G1 X130.409 Y110.358 E.07882
G1 X130.154 Y109.404 E.07859
G1 X129.948 Y108.438 E.0786
G1 X129.794 Y107.461 E.07871
G1 X129.704 Y106.631 E.06644
G1 X129.65 Y105.825 E.06429
G1 X129.633 Y104.835 E.0788
G1 X129.668 Y103.846 E.07876
G1 X129.738 Y103.014 E.06645
G1 X129.839 Y102.213 E.06425
G1 X130.011 Y101.238 E.07879
G1 X130.234 Y100.276 E.07859
G1 X130.506 Y99.326 E.07864
G1 X130.828 Y98.391 E.0787
G1 X131.138 Y97.615 E.0665
G1 X131.47 Y96.879 E.06426
G1 X131.919 Y95.997 E.07876
G1 X132.413 Y95.142 E.07858
G1 X132.951 Y94.313 E.07865
G1 X133.533 Y93.512 E.07879
G1 X134.056 Y92.862 E.06639
G1 X134.588 Y92.255 E.06423
G1 X135.276 Y91.543 E.07879
G1 X135.999 Y90.868 E.07872
G1 X136.637 Y90.329 E.06647
G1 X137.276 Y89.834 E.06433
G1 X138.087 Y89.266 E.0788
G1 X138.926 Y88.742 E.07872
G1 X139.655 Y88.335 E.06644
G1 X140.376 Y87.971 E.06428
G1 X141.28 Y87.569 E.07873
G1 X142.204 Y87.214 E.07877
G1 X142.997 Y86.953 E.06644
G1 X143.774 Y86.734 E.06424
G1 X144.739 Y86.511 E.07882
M73 P52 R5
G1 X145.711 Y86.34 E.07854
G1 X146.692 Y86.219 E.07866
G1 X147.679 Y86.15 E.07874
G1 X148.514 Y86.133 E.06646
G1 X148.625 Y86.135 E.00883
G1 X148.638 Y87.093 F12000
G1 F3134.537
G1 X149.277 Y87.107 E.05086
G1 X150.217 Y87.172 E.07499
G1 X151.148 Y87.287 E.07465
G1 X152.074 Y87.45 E.07483
G1 X152.846 Y87.626 E.06301
G1 X153.583 Y87.826 E.06077
G1 X154.479 Y88.117 E.07497
G1 X155.354 Y88.453 E.07459
G1 X156.211 Y88.835 E.07467
G1 X157.046 Y89.26 E.07456
G1 X157.861 Y89.731 E.07491
G1 X158.526 Y90.16 E.06298
G1 X159.15 Y90.6 E.06076
G1 X159.892 Y91.18 E.07495
G1 X160.6 Y91.795 E.07463
G1 X161.275 Y92.447 E.07468
G1 X161.914 Y93.133 E.07461
G1 X162.523 Y93.858 E.07535
G1 X162.892 Y94.339 E.04825
G1 X163.435 Y95.115 E.07537
G1 X163.932 Y95.91 E.07461
G1 X164.387 Y96.73 E.07463
G1 X164.798 Y97.573 E.07464
G1 X165.168 Y98.444 E.07531
G1 X165.38 Y99.013 E.04832
G1 X165.673 Y99.913 E.07532
G1 X165.915 Y100.819 E.07463
G1 X166.11 Y101.736 E.07461
G1 X166.257 Y102.662 E.07462
G1 X166.324 Y103.302 E.05121
G1 X166.374 Y103.907 E.04831
G1 X166.398 Y104.513 E.04826
G1 X166.41 Y105.166 E.05198
G1 X166.394 Y105.772 E.04824
G1 X166.328 Y106.717 E.07539
G1 X166.213 Y107.648 E.07465
G1 X166.051 Y108.571 E.07458
G1 X165.84 Y109.485 E.07465
G1 X165.581 Y110.386 E.07461
G1 X165.276 Y111.272 E.07457
G1 X164.925 Y112.142 E.07466
G1 X164.528 Y112.992 E.07466
G1 X164.084 Y113.828 E.07533
G1 X163.776 Y114.351 E.0483
G1 X163.255 Y115.152 E.07604
G1 X162.903 Y115.646 E.04827
G1 X162.32 Y116.392 E.07535
G1 X161.705 Y117.1 E.07463
G1 X161.053 Y117.775 E.07468
G1 X160.367 Y118.414 E.07461
G1 X159.649 Y119.017 E.07462
G1 X158.9 Y119.581 E.07462
G1 X158.115 Y120.11 E.07533
G1 X157.598 Y120.428 E.0483
G1 X156.77 Y120.887 E.07534
G1 X155.927 Y121.298 E.07464
G1 X155.056 Y121.668 E.07531
G1 X154.487 Y121.88 E.04832
G1 X153.587 Y122.173 E.07532
G1 X152.681 Y122.415 E.07463
G1 X151.764 Y122.61 E.07461
G1 X150.838 Y122.757 E.07462
G1 X149.896 Y122.856 E.07538
G1 X149.29 Y122.893 E.04832
G1 X148.334 Y122.91 E.07609
G1 X147.728 Y122.894 E.04824
G1 X146.783 Y122.828 E.07539
G1 X145.852 Y122.713 E.07465
G1 X144.92 Y122.549 E.07531
G1 X144.327 Y122.418 E.04833
G1 X143.413 Y122.173 E.07531
G1 X142.521 Y121.883 E.07464
G1 X141.637 Y121.543 E.07537
G1 X141.081 Y121.301 E.04826
G1 X140.23 Y120.886 E.07535
G1 X139.41 Y120.432 E.07459
G1 X138.614 Y119.935 E.07468
G1 X137.846 Y119.397 E.07462
G1 X137.108 Y118.82 E.07455
G1 X136.4 Y118.205 E.07463
G1 X135.725 Y117.553 E.07468
G1 X135.086 Y116.867 E.07461
G1 X134.477 Y116.142 E.07535
G1 X134.108 Y115.661 E.04825
G1 X133.565 Y114.885 E.07537
G1 X133.068 Y114.09 E.07461
G1 X132.613 Y113.27 E.07463
G1 X132.201 Y112.424 E.07489
G1 X131.889 Y111.697 E.06296
G1 X131.618 Y110.982 E.06085
G1 X131.327 Y110.087 E.0749
G1 X131.085 Y109.181 E.07463
G1 X130.89 Y108.264 E.07461
G1 X130.743 Y107.334 E.07493
G1 X130.657 Y106.547 E.063
G1 X130.607 Y105.785 E.06077
G1 X130.591 Y104.843 E.07498
G1 X130.623 Y103.903 E.07485
G1 X130.69 Y103.114 E.06302
G1 X130.786 Y102.356 E.0608
G1 X130.949 Y101.429 E.0749
G1 X131.16 Y100.515 E.07465
G1 X131.419 Y99.614 E.07461
G1 X131.725 Y98.724 E.0749
G1 X132.019 Y97.99 E.06292
G1 X132.333 Y97.293 E.06084
G1 X132.76 Y96.454 E.07492
G1 X133.229 Y95.642 E.07462
G1 X133.74 Y94.855 E.07467
G1 X134.293 Y94.094 E.07486
G1 X134.789 Y93.478 E.06294
G1 X135.293 Y92.903 E.06085
G1 X135.947 Y92.225 E.07497
G1 X136.635 Y91.584 E.07483
G1 X137.24 Y91.073 E.06302
G1 X137.844 Y90.605 E.06081
G1 X138.615 Y90.065 E.07491
G1 X139.413 Y89.566 E.0749
G1 X140.104 Y89.18 E.06299
G1 X140.786 Y88.836 E.06079
G1 X141.646 Y88.453 E.07492
G1 X142.525 Y88.116 E.07492
G1 X143.277 Y87.869 E.06299
G1 X144.012 Y87.661 E.06079
G1 X144.93 Y87.449 E.07498
G1 X145.853 Y87.287 E.07458
G1 X146.784 Y87.172 E.07465
G1 X147.722 Y87.107 E.07483
G1 X148.514 Y87.09 E.06304
G1 X148.608 Y87.092 E.00748
G1 X148.622 Y88.05 F12000
G1 F3134.537
G1 X149.234 Y88.063 E.04871
G1 X150.125 Y88.125 E.07108
G1 X151.006 Y88.234 E.07065
G1 X151.885 Y88.389 E.07103
G1 X152.614 Y88.554 E.05948
G1 X153.31 Y88.744 E.05742
G1 X154.159 Y89.02 E.07105
G1 X154.988 Y89.338 E.07066
G1 X155.799 Y89.699 E.07065
G1 X156.589 Y90.102 E.07058
G1 X157.362 Y90.548 E.07102
G1 X157.991 Y90.953 E.05954
G1 X158.579 Y91.369 E.05732
G1 X159.283 Y91.919 E.0711
G1 X159.953 Y92.501 E.07063
G1 X160.592 Y93.118 E.07069
G1 X161.197 Y93.767 E.07061
G1 X161.776 Y94.457 E.07168
G1 X162.12 Y94.905 E.04495
G1 X162.637 Y95.643 E.07171
G1 X163.107 Y96.396 E.07064
G1 X163.537 Y97.172 E.0706
G1 X163.926 Y97.97 E.07065
G1 X164.278 Y98.799 E.07167
G1 X164.476 Y99.329 E.04503
G1 X164.755 Y100.185 E.07165
G1 X164.984 Y101.043 E.07067
G1 X165.169 Y101.911 E.07063
G1 X165.308 Y102.787 E.07059
G1 X165.372 Y103.402 E.04921
G1 X165.441 Y104.53 E.08994
G1 X165.452 Y105.161 E.05022
G1 X165.438 Y105.726 E.04498
G1 X165.375 Y106.625 E.07172
G1 X165.266 Y107.506 E.07065
G1 X165.112 Y108.38 E.07063
G1 X164.913 Y109.245 E.07064
G1 X164.668 Y110.098 E.07063
G1 X164.379 Y110.937 E.07062
G1 X164.047 Y111.76 E.07062
G1 X163.671 Y112.565 E.07071
G1 X163.249 Y113.36 E.07163
G1 X162.962 Y113.847 E.04499
G1 X162.464 Y114.613 E.07271
G1 X162.136 Y115.074 E.04503
G1 X161.581 Y115.783 E.07165
G1 X160.999 Y116.453 E.07063
G1 X160.382 Y117.092 E.07069
G1 X159.733 Y117.697 E.07061
G1 X159.053 Y118.267 E.07061
G1 X158.344 Y118.802 E.07068
G1 X157.597 Y119.305 E.07167
G1 X157.116 Y119.601 E.04495
G1 X156.328 Y120.037 E.07167
G1 X155.53 Y120.426 E.07065
G1 X154.701 Y120.778 E.07167
G1 X154.171 Y120.976 E.04503
G1 X153.315 Y121.255 E.07165
G1 X152.457 Y121.484 E.07067
G1 X151.589 Y121.669 E.07063
G1 X150.713 Y121.808 E.07059
G1 X149.817 Y121.902 E.0717
G1 X149.253 Y121.936 E.04497
G1 X148.339 Y121.952 E.07275
G1 X147.774 Y121.937 E.04498
G1 X146.875 Y121.875 E.07171
G1 X145.994 Y121.766 E.07065
G1 X145.107 Y121.61 E.07167
G1 X144.555 Y121.488 E.04499
G1 X143.685 Y121.255 E.07168
G1 X142.841 Y120.98 E.07064
G1 X142 Y120.657 E.07169
G1 X141.482 Y120.432 E.04494
G1 X140.672 Y120.037 E.07172
G1 X139.896 Y119.607 E.0706
G1 X139.143 Y119.136 E.07068
G1 X138.416 Y118.627 E.07063
G1 X137.717 Y118.081 E.07059
G1 X137.047 Y117.499 E.07063
G1 X136.408 Y116.882 E.07069
G1 X135.803 Y116.233 E.07061
G1 X135.224 Y115.543 E.07168
G1 X134.88 Y115.095 E.04495
G1 X134.363 Y114.357 E.07171
M73 P52 R4
G1 X133.893 Y113.604 E.07064
G1 X133.463 Y112.828 E.0706
G1 X133.071 Y112.026 E.07104
G1 X132.777 Y111.338 E.05954
G1 X132.521 Y110.664 E.05738
G1 X132.245 Y109.815 E.07105
G1 X132.016 Y108.957 E.07067
G1 X131.831 Y108.089 E.07063
G1 X131.692 Y107.208 E.07098
G1 X131.611 Y106.464 E.05956
G1 X131.564 Y105.745 E.05734
G1 X131.548 Y104.852 E.07108
G1 X131.579 Y103.96 E.07103
G1 X131.642 Y103.215 E.0595
G1 X131.733 Y102.5 E.05736
G1 X131.888 Y101.62 E.07111
G1 X132.087 Y100.755 E.07064
G1 X132.332 Y99.902 E.07063
G1 X132.623 Y99.058 E.07105
G1 X132.9 Y98.364 E.05947
G1 X133.196 Y97.707 E.05735
G1 X133.602 Y96.911 E.07111
G1 X134.046 Y96.142 E.07067
G1 X134.529 Y95.398 E.07059
G1 X135.054 Y94.676 E.07104
G1 X135.522 Y94.093 E.0595
G1 X135.997 Y93.551 E.05735
G1 X136.618 Y92.908 E.07114
G1 X137.27 Y92.3 E.07095
G1 X137.842 Y91.817 E.05958
G1 X138.412 Y91.376 E.05735
G1 X139.143 Y90.863 E.07107
G1 X139.9 Y90.39 E.07104
G1 X140.553 Y90.026 E.0595
G1 X141.197 Y89.701 E.05741
G1 X142.013 Y89.338 E.07107
G1 X142.846 Y89.018 E.07101
G1 X143.556 Y88.785 E.05947
G1 X144.25 Y88.589 E.05739
G1 X145.12 Y88.388 E.07106
G1 X145.994 Y88.233 E.07064
G1 X146.875 Y88.125 E.07064
G1 X147.766 Y88.063 E.07108
G1 X148.513 Y88.048 E.05946
G1 X148.592 Y88.049 E.00629
G1 E-3 F7200
G1 Z3 F3000
G1 X136.231 Y94.127 F12000
G1 Z2.8 F3000
G1 E3 F7200
;TYPE:Internal infill
T0
;WIDTH:0.675
G1 F4746.238
G1 X137.567 Y92.782 E.09964
G1 X138.327 Y92.75 E.03998
G1 X139.005 Y92.551 E.03714
G1 X139.684 Y92.144 E.04161
G1 X141.04 Y90.88 E.09743
G1 X141.718 Y90.423 E.04297
G1 X142.396 Y90.172 E.038
G1 X143.075 Y90.079 E.03602
G1 X143.753 Y90.123 E.03571
G1 X144.431 Y90.322 E.03714
G1 X145.109 Y90.729 E.04156
G1 X146.465 Y91.993 E.09743
G1 X147.144 Y92.45 E.04302
G1 X147.822 Y92.701 E.038
G1 X148.5 Y92.794 E.03597
G1 X149.178 Y92.75 E.03571
G1 X149.856 Y92.551 E.03714
G1 X150.535 Y92.144 E.04161
G1 X151.891 Y90.88 E.09743
G1 X152.569 Y90.423 E.04297
G1 X153.247 Y90.172 E.038
G1 X153.926 Y90.079 E.03602
G1 X154.604 Y90.123 E.03571
G1 X155.282 Y90.322 E.03714
G1 X155.96 Y90.729 E.04156
G1 X157.316 Y91.993 E.09743
G1 X157.995 Y92.45 E.04302
G1 X158.673 Y92.701 E.038
G1 X159.437 Y92.788 E.04041
G1 X160.196 Y93.507 E.05495
G1 X161.343 Y94.805 E.09104
G1 X162.462 Y96.411 E.10288
G1 X161.386 Y97.418 E.07745
G1 X160.707 Y97.875 E.04302
G1 X160.029 Y98.126 E.038
G1 X159.351 Y98.219 E.03597
G1 X158.673 Y98.175 E.03571
G1 X157.995 Y97.976 E.03714
G1 X157.316 Y97.569 E.04161
G1 X155.96 Y96.305 E.09743
G1 X155.282 Y95.848 E.04297
G1 X154.604 Y95.597 E.038
G1 X153.926 Y95.504 E.03597
G1 X153.247 Y95.548 E.03576
G1 X152.569 Y95.747 E.03714
G1 X151.891 Y96.154 E.04156
G1 X150.535 Y97.418 E.09743
G1 X149.856 Y97.875 E.04302
M73 P53 R4
G1 X149.178 Y98.126 E.038
G1 X148.5 Y98.219 E.03597
G1 X147.822 Y98.175 E.03571
G1 X147.144 Y97.976 E.03714
G1 X146.465 Y97.569 E.04161
G1 X145.109 Y96.305 E.09743
G1 X144.431 Y95.848 E.04297
G1 X143.753 Y95.597 E.038
G1 X143.075 Y95.504 E.03597
G1 X142.396 Y95.548 E.03576
G1 X141.718 Y95.747 E.03714
G1 X141.04 Y96.154 E.04156
G1 X139.684 Y97.418 E.09743
G1 X139.005 Y97.875 E.04302
G1 X138.327 Y98.126 E.038
G1 X137.649 Y98.219 E.03597
G1 X136.971 Y98.175 E.03571
G1 X136.293 Y97.976 E.03714
G1 X135.614 Y97.569 E.04161
G1 X134.474 Y96.51 E.08178
G1 X134.09 Y97.176 E.0404
G1 X133.412 Y98.581 E.08199
G1 X132.862 Y100.069 E.08338
G1 X132.611 Y100.955 E.0484
G1 X132.902 Y100.974 E.01533
G1 X133.58 Y101.173 E.03714
G1 X134.258 Y101.58 E.04156
G1 X135.614 Y102.844 E.09743
G1 X136.293 Y103.301 E.04302
G1 X136.971 Y103.552 E.038
G1 X137.649 Y103.645 E.03597
G1 X138.327 Y103.601 E.03571
G1 X139.005 Y103.402 E.03714
G1 X139.684 Y102.995 E.04161
G1 X141.04 Y101.731 E.09743
G1 X141.718 Y101.274 E.04297
G1 X142.396 Y101.023 E.038
G1 X143.075 Y100.93 E.03602
G1 X143.753 Y100.974 E.03571
G1 X144.431 Y101.173 E.03714
G1 X145.109 Y101.58 E.04156
G1 X146.465 Y102.844 E.09743
G1 X147.144 Y103.301 E.04302
G1 X147.822 Y103.552 E.038
G1 X148.5 Y103.645 E.03597
G1 X149.178 Y103.601 E.03571
G1 X149.856 Y103.402 E.03714
G1 X150.535 Y102.995 E.04161
G1 X151.891 Y101.731 E.09743
G1 X152.569 Y101.274 E.04297
G1 X153.247 Y101.023 E.038
G1 X153.926 Y100.93 E.03602
G1 X154.604 Y100.974 E.03571
G1 X155.282 Y101.173 E.03714
G1 X155.96 Y101.58 E.04156
G1 X157.316 Y102.844 E.09743
G1 X157.995 Y103.301 E.04302
G1 X158.673 Y103.552 E.038
G1 X159.351 Y103.645 E.03597
G1 X160.029 Y103.601 E.03571
G1 X160.707 Y103.402 E.03714
G1 X161.386 Y102.995 E.04161
G1 X162.742 Y101.731 E.09743
G1 X163.42 Y101.274 E.04297
G1 X164.098 Y101.023 E.038
G1 X164.393 Y100.982 E.01565
G1 X164.754 Y102.843 E.09963
G1 E-3 F7200
G1 Z3 F3000
G1 X164.885 Y104.469 F12000
G1 Z2.8 F3000
G1 E3 F7200
G1 F4746.238
G1 X164.836 Y106.363 E.09958
G1 X164.098 Y106.399 E.03883
G1 X163.42 Y106.598 E.03714
G1 X162.742 Y107.005 E.04156
G1 X161.386 Y108.269 E.09743
G1 X160.707 Y108.726 E.04302
G1 X160.029 Y108.977 E.038
G1 X159.351 Y109.07 E.03597
G1 X158.673 Y109.026 E.03571
G1 X157.995 Y108.827 E.03714
G1 X157.316 Y108.42 E.04161
G1 X155.96 Y107.156 E.09743
G1 X155.282 Y106.699 E.04297
G1 X154.604 Y106.448 E.038
G1 X153.926 Y106.355 E.03597
G1 X153.247 Y106.399 E.03576
G1 X152.569 Y106.598 E.03714
G1 X151.891 Y107.005 E.04156
G1 X150.535 Y108.269 E.09743
G1 X149.856 Y108.726 E.04302
G1 X149.178 Y108.977 E.038
G1 X148.5 Y109.07 E.03597
G1 X147.822 Y109.026 E.03571
G1 X147.144 Y108.827 E.03714
G1 X146.465 Y108.42 E.04161
G1 X145.109 Y107.156 E.09743
G1 X144.431 Y106.699 E.04297
G1 X143.753 Y106.448 E.038
G1 X143.075 Y106.355 E.03597
G1 X142.396 Y106.399 E.03576
G1 X141.718 Y106.598 E.03714
G1 X141.04 Y107.005 E.04156
G1 X139.684 Y108.269 E.09743
G1 X139.005 Y108.726 E.04302
G1 X138.327 Y108.977 E.038
G1 X137.649 Y109.07 E.03597
G1 X136.971 Y109.026 E.03571
G1 X136.293 Y108.827 E.03714
G1 X135.614 Y108.42 E.04161
G1 X134.258 Y107.156 E.09743
G1 X133.58 Y106.699 E.04297
G1 X132.902 Y106.448 E.038
G1 X132.161 Y106.359 E.03923
G1 X132.43 Y108.235 E.09961
G1 E-3 F7200
G1 Z3 F3000
G1 X133.008 Y110.366 F12000
G1 Z2.8 F3000
G1 E3 F7200
G1 F4746.238
G1 X133.733 Y112.116 E.09956
G1 X134.258 Y112.431 E.03218
G1 X135.614 Y113.695 E.09743
G1 X136.293 Y114.152 E.04302
G1 X136.971 Y114.403 E.038
G1 X137.649 Y114.496 E.03597
G1 X138.327 Y114.452 E.03571
G1 X139.005 Y114.253 E.03714
G1 X139.684 Y113.846 E.04161
G1 X141.04 Y112.582 E.09743
G1 X141.718 Y112.125 E.04297
G1 X142.396 Y111.874 E.038
G1 X143.075 Y111.781 E.03602
G1 X143.753 Y111.825 E.03571
G1 X144.431 Y112.024 E.03714
G1 X145.109 Y112.431 E.04156
G1 X146.465 Y113.695 E.09743
G1 X147.144 Y114.152 E.04302
G1 X147.822 Y114.403 E.038
G1 X148.5 Y114.496 E.03597
G1 X149.178 Y114.452 E.03571
G1 X149.856 Y114.253 E.03714
G1 X150.535 Y113.846 E.04161
G1 X151.891 Y112.582 E.09743
G1 X152.569 Y112.125 E.04297
G1 X153.247 Y111.874 E.038
G1 X153.926 Y111.781 E.03602
G1 X154.604 Y111.825 E.03571
G1 X155.282 Y112.024 E.03714
G1 X155.96 Y112.431 E.04156
G1 X157.316 Y113.695 E.09743
G1 X157.995 Y114.152 E.04302
G1 X158.673 Y114.403 E.038
G1 X159.351 Y114.496 E.03597
G1 X160.029 Y114.452 E.03571
G1 X160.707 Y114.253 E.03714
G1 X161.386 Y113.846 E.04161
G1 X162.742 Y112.582 E.09743
G1 X163.192 Y112.278 E.02854
G1 X163.931 Y110.533 E.0996
G1 E-3 F7200
G1 Z3 F3000
G1 X155.352 Y119.895 F12000
G1 Z2.8 F3000
G1 E3 F7200
G1 F4746.238
G1 X157.025 Y119.005 E.0996
G1 X155.96 Y118.007 E.07671
G1 X155.282 Y117.55 E.04297
G1 X154.604 Y117.299 E.038
G1 X153.926 Y117.206 E.03597
G1 X153.247 Y117.25 E.03576
G1 X152.569 Y117.449 E.03714
G1 X151.891 Y117.856 E.04156
G1 X150.535 Y119.12 E.09743
G1 X149.856 Y119.577 E.04302
G1 X149.178 Y119.828 E.038
G1 X148.5 Y119.921 E.03597
G1 X147.822 Y119.877 E.03571
G1 X147.144 Y119.678 E.03714
G1 X146.465 Y119.271 E.04161
G1 X145.109 Y118.007 E.09743
G1 X144.431 Y117.55 E.04297
G1 X143.753 Y117.299 E.038
G1 X143.075 Y117.206 E.03597
G1 X142.396 Y117.25 E.03576
G1 X141.718 Y117.449 E.03714
G1 X141.04 Y117.856 E.04156
G1 X139.875 Y118.939 E.0836
G1 X141.54 Y119.843 E.09957
;LAYER_CHANGE
;Z:3
;HEIGHT:0.2

G1 E-3 F7200
G1 Z3 F3000
;AFTER_LAYER_CHANGE
;3
G92 E0
_ON_LAYER_CHANGE LAYER=15
G1 Z3.2
G1 X148.669 Y85.341 F12000
M73 P54 R4
G1 Z3 F3000
G1 E3 F7200
;TYPE:External perimeter
;WIDTH:0.674999
G1 F4746.242
G1 X149.357 Y85.356 E.03617
G1 X150.385 Y85.428 E.05416
G1 X151.407 Y85.554 E.05412
G1 X152.421 Y85.732 E.05411
G1 X153.284 Y85.929 E.04652
G1 X154.084 Y86.147 E.04358
G1 X155.064 Y86.465 E.05415
G1 X156.026 Y86.835 E.05417
G1 X156.653 Y87.107 E.03592
G1 X157.579 Y87.559 E.05416
G1 X158.48 Y88.058 E.05413
G1 X159.353 Y88.604 E.05412
G1 X160.196 Y89.194 E.05408
G1 X161.007 Y89.828 E.0541
G1 X161.784 Y90.504 E.05413
G1 X162.524 Y91.219 E.05408
G1 X163.226 Y91.972 E.05411
G1 X163.889 Y92.761 E.05416
G1 X164.305 Y93.303 E.03591
G1 X164.896 Y94.148 E.0542
G1 X165.442 Y95.021 E.05412
G1 X165.941 Y95.921 E.05409
G1 X166.392 Y96.846 E.05409
G1 X166.795 Y97.795 E.05419
G1 X167.034 Y98.435 E.03591
G1 X167.353 Y99.416 E.05422
G1 X167.619 Y100.41 E.05408
G1 X167.833 Y101.417 E.05411
G1 X167.921 Y101.969 E.02938
G1 X168.048 Y102.931 E.051
G1 X168.115 Y103.699 E.04052
G1 X168.151 Y104.585 E.0466
G1 X168.162 Y105.172 E.03086
G1 X168.126 Y106.201 E.05411
G1 X168.036 Y107.226 E.05408
G1 X167.893 Y108.246 E.05413
G1 X167.696 Y109.257 E.05414
G1 X167.536 Y109.922 E.03595
G1 X167.252 Y110.913 E.05418
G1 X166.917 Y111.886 E.05408
G1 X166.531 Y112.841 E.05414
G1 X166.096 Y113.774 E.0541
G1 X165.612 Y114.684 E.05417
G1 X165.266 Y115.273 E.0359
G1 X164.703 Y116.138 E.05424
G1 X164.307 Y116.695 E.03592
G1 X163.672 Y117.507 E.05418
G1 X162.996 Y118.284 E.05413
G1 X162.281 Y119.024 E.05408
G1 X161.528 Y119.726 E.05411
G1 X160.74 Y120.388 E.05409
G1 X159.918 Y121.008 E.05411
G1 X159.063 Y121.584 E.05418
G1 X158.48 Y121.941 E.03593
G1 X157.579 Y122.441 E.05416
G1 X156.654 Y122.892 E.05409
G1 X155.705 Y123.295 E.05419
G1 X155.065 Y123.534 E.03591
G1 X154.084 Y123.853 E.05422
G1 X153.09 Y124.119 E.05408
G1 X152.083 Y124.333 E.05411
G1 X151.066 Y124.494 E.05412
G1 X150.041 Y124.602 E.05417
G1 X149.359 Y124.644 E.03591
G1 X148.327 Y124.662 E.05425
G1 X147.644 Y124.644 E.03591
G1 X146.615 Y124.572 E.05421
G1 X145.593 Y124.446 E.05412
G1 X144.578 Y124.267 E.05417
G1 X143.911 Y124.119 E.03591
G1 X142.915 Y123.853 E.05418
G1 X141.936 Y123.535 E.0541
G1 X140.974 Y123.165 E.05417
G1 X140.347 Y122.893 E.03592
G1 X139.421 Y122.441 E.05416
G1 X138.52 Y121.942 E.05413
G1 X137.647 Y121.396 E.05412
G1 X136.804 Y120.806 E.05408
G1 X135.993 Y120.172 E.0541
G1 X135.216 Y119.496 E.05413
G1 X134.476 Y118.781 E.05408
G1 X133.774 Y118.028 E.05411
G1 X133.111 Y117.239 E.05416
G1 X132.695 Y116.697 E.03591
G1 X132.104 Y115.852 E.0542
G1 X131.558 Y114.979 E.05412
G1 X131.059 Y114.079 E.05409
G1 X130.608 Y113.154 E.05409
G1 X130.205 Y112.205 E.05419
G1 X129.966 Y111.565 E.03591
G1 X129.647 Y110.584 E.05422
G1 X129.381 Y109.59 E.05408
G1 X129.167 Y108.583 E.05411
G1 X129.006 Y107.566 E.05412
G1 X128.911 Y106.686 E.04652
G1 X128.856 Y105.858 E.04361
G1 X128.838 Y104.828 E.05414
G1 X128.874 Y103.799 E.05411
G1 X128.949 Y102.917 E.04652
G1 X129.054 Y102.094 E.04361
G1 X129.233 Y101.078 E.05422
G1 X129.381 Y100.411 E.03591
G1 X129.647 Y99.415 E.05418
G1 X129.966 Y98.436 E.05412
G1 X130.334 Y97.475 E.05408
G1 X130.753 Y96.535 E.05409
G1 X131.221 Y95.618 E.05411
G1 X131.735 Y94.726 E.05411
G1 X132.215 Y93.982 E.04653
G1 X132.694 Y93.305 E.04359
G1 X133.328 Y92.493 E.05414
G1 X134.004 Y91.716 E.05413
G1 X134.72 Y90.975 E.05416
G1 X135.215 Y90.504 E.03591
G1 X135.993 Y89.828 E.05417
G1 X136.805 Y89.194 E.05414
G1 X137.648 Y88.604 E.05408
G1 X138.521 Y88.058 E.05412
G1 X139.294 Y87.627 E.04652
G1 X140.035 Y87.253 E.04362
G1 X140.976 Y86.834 E.05414
G1 X141.937 Y86.465 E.0541
G1 X142.778 Y86.189 E.04652
G1 X143.576 Y85.964 E.04358
G1 X144.58 Y85.732 E.05416
G1 X145.594 Y85.554 E.05411
G1 X146.616 Y85.428 E.05412
G1 X147.643 Y85.356 E.05411
G1 X148.528 Y85.338 E.04652
G1 X148.639 Y85.341 E.00584
G1 X149.239 Y85.354 F12000
G1 X148.655 Y86.136
;TYPE:Perimeter
T1
;WIDTH:0.999999
G1 F3134.537
G1 X149.321 Y86.15 E.05301
G1 X150.309 Y86.219 E.07882
G1 X151.289 Y86.34 E.07858
G1 X152.263 Y86.512 E.07871
G1 X153.091 Y86.7 E.06757
G1 X153.857 Y86.909 E.06319
G1 X154.798 Y87.215 E.07875
G1 X155.725 Y87.571 E.07903
G1 X156.32 Y87.829 E.05161
G1 X157.212 Y88.264 E.07898
G1 X158.076 Y88.743 E.07862
G1 X158.914 Y89.267 E.07865
G1 X159.723 Y89.833 E.07857
G1 X160.501 Y90.442 E.07863
G1 X161.247 Y91.09 E.07864
G1 X161.957 Y91.776 E.07857
G1 X162.631 Y92.498 E.0786
G1 X163.269 Y93.259 E.07903
G1 X163.664 Y93.773 E.05159
G1 X164.234 Y94.587 E.07908
G1 X164.757 Y95.424 E.07854
G1 X165.236 Y96.288 E.07862
G1 X165.669 Y97.176 E.07862
G1 X166.057 Y98.09 E.07902
G1 X166.284 Y98.697 E.05157
G1 X166.591 Y99.642 E.07907
G1 X166.846 Y100.596 E.07859
G1 X167.052 Y101.562 E.0786
G1 X167.136 Y102.093 E.04278
G1 X167.258 Y103.016 E.07409
G1 X167.322 Y103.751 E.05871
G1 X167.357 Y104.599 E.06754
G1 X167.367 Y105.165 E.04505
G1 X167.332 Y106.152 E.0786
G1 X167.246 Y107.136 E.07861
G1 X167.109 Y108.114 E.07859
G1 X166.919 Y109.089 E.07905
G1 X166.768 Y109.72 E.05163
G1 X166.494 Y110.674 E.07899
G1 X166.173 Y111.608 E.0786
G1 X165.803 Y112.524 E.07862
G1 X165.385 Y113.419 E.07861
G1 X164.919 Y114.295 E.07896
G1 X164.59 Y114.854 E.05162
G1 X164.046 Y115.691 E.07944
G1 X163.67 Y116.219 E.05158
G1 X163.059 Y117.001 E.07898
G1 X162.41 Y117.747 E.07869
G1 X161.724 Y118.457 E.07857
G1 X161.002 Y119.131 E.0786
G1 X160.245 Y119.766 E.07863
G1 X159.456 Y120.36 E.07859
G1 X158.633 Y120.916 E.07904
G1 X158.08 Y121.255 E.05162
G1 X157.212 Y121.736 E.07897
G1 X156.324 Y122.169 E.07862
G1 X155.41 Y122.557 E.07902
G1 X154.803 Y122.784 E.05157
G1 X153.858 Y123.091 E.07907
G1 X152.904 Y123.346 E.07859
G1 X151.938 Y123.552 E.0786
G1 X150.963 Y123.706 E.07855
G1 X149.975 Y123.81 E.07906
G1 X149.328 Y123.85 E.05159
G1 X148.33 Y123.867 E.07943
G1 X147.682 Y123.85 E.05159
G1 X146.691 Y123.781 E.07906
G1 X145.711 Y123.66 E.07858
G1 X144.733 Y123.488 E.07903
G1 X144.1 Y123.347 E.05161
G1 X143.141 Y123.09 E.07901
G1 X142.202 Y122.785 E.07857
G1 X141.275 Y122.429 E.07903
G1 X140.68 Y122.171 E.05161
G1 X139.788 Y121.736 E.07898
G1 X138.924 Y121.257 E.07862
G1 X138.086 Y120.733 E.07865
G1 X137.277 Y120.167 E.07857
G1 X136.499 Y119.558 E.07863
G1 X135.753 Y118.91 E.07864
G1 X135.043 Y118.224 E.07857
G1 X134.369 Y117.502 E.0786
G1 X133.731 Y116.741 E.07903
G1 X133.336 Y116.227 E.05159
G1 X132.766 Y115.413 E.07908
G1 X132.243 Y114.576 E.07854
G1 X131.764 Y113.712 E.07862
G1 X131.331 Y112.824 E.07862
G1 X130.943 Y111.91 E.07902
G1 X130.716 Y111.303 E.05157
G1 X130.409 Y110.358 E.07907
G1 X130.154 Y109.404 E.07859
G1 X129.948 Y108.438 E.0786
G1 X129.794 Y107.461 E.07871
G1 X129.703 Y106.617 E.06756
G1 X129.65 Y105.825 E.06317
G1 X129.633 Y104.835 E.0788
G1 X129.668 Y103.846 E.07876
G1 X129.739 Y103.001 E.06748
G1 X129.839 Y102.213 E.06321
G1 X130.012 Y101.233 E.0792
G1 X130.153 Y100.6 E.05161
G1 X130.41 Y99.641 E.07901
G1 X130.715 Y98.702 E.07857
G1 X131.069 Y97.779 E.07867
G1 X131.471 Y96.877 E.07859
G1 X131.919 Y95.997 E.07858
G1 X132.414 Y95.14 E.07876
G1 X132.874 Y94.427 E.06753
G1 X133.332 Y93.779 E.06315
G1 X133.942 Y92.999 E.0788
G1 X134.59 Y92.253 E.07864
G1 X135.279 Y91.539 E.07896
G1 X135.75 Y91.092 E.05168
G1 X136.499 Y90.441 E.07897
G1 X137.277 Y89.833 E.07858
G1 X138.087 Y89.266 E.07868
G1 X138.926 Y88.742 E.07872
G1 X139.667 Y88.329 E.06751
G1 X140.375 Y87.971 E.06314
G1 X141.28 Y87.569 E.07881
G1 X142.204 Y87.214 E.07877
G1 X143.01 Y86.949 E.06752
G1 X143.774 Y86.734 E.06316
G1 X144.739 Y86.511 E.07882
G1 X145.711 Y86.34 E.07854
G1 X146.692 Y86.219 E.07866
G1 X147.679 Y86.15 E.07874
G1 X148.527 Y86.133 E.0675
G1 X148.625 Y86.135 E.0078
G1 X148.638 Y87.093 F12000
G1 F3134.537
G1 X149.277 Y87.107 E.05086
G1 X150.217 Y87.172 E.07499
G1 X151.148 Y87.287 E.07465
G1 X152.074 Y87.45 E.07483
G1 X152.859 Y87.629 E.06407
G1 X153.583 Y87.826 E.05971
G1 X154.479 Y88.117 E.07497
G1 X155.363 Y88.457 E.07537
G1 X155.919 Y88.699 E.04826
G1 X156.77 Y89.114 E.07535
G1 X157.59 Y89.568 E.07459
G1 X158.386 Y90.065 E.07468
G1 X159.154 Y90.603 E.07462
G1 X159.892 Y91.18 E.07455
G1 X160.6 Y91.795 E.07463
G1 X161.275 Y92.447 E.07468
G1 X161.914 Y93.133 E.07461
G1 X162.523 Y93.858 E.07535
G1 X162.892 Y94.339 E.04825
G1 X163.435 Y95.115 E.07537
G1 X163.932 Y95.91 E.07461
G1 X164.387 Y96.73 E.07463
G1 X164.798 Y97.573 E.07464
G1 X165.168 Y98.444 E.07531
G1 X165.38 Y99.013 E.04832
G1 X165.673 Y99.913 E.07532
G1 X165.915 Y100.819 E.07463
G1 X166.11 Y101.736 E.07461
G1 X166.19 Y102.243 E.04085
G1 X166.306 Y103.119 E.07032
G1 X166.367 Y103.814 E.05552
G1 X166.4 Y104.616 E.06388
G1 X166.409 Y105.157 E.04306
G1 X166.377 Y106.094 E.07461
G1 X166.295 Y107.028 E.07461
G1 X166.164 Y107.956 E.07458
G1 X165.984 Y108.886 E.07538
G1 X165.842 Y109.476 E.04829
G1 X165.581 Y110.386 E.07534
G1 X165.276 Y111.272 E.07457
G1 X164.925 Y112.142 E.07466
G1 X164.528 Y112.992 E.07466
G1 X164.084 Y113.828 E.07533
G1 X163.776 Y114.351 E.0483
G1 X163.255 Y115.152 E.07604
G1 X162.903 Y115.646 E.04827
G1 X162.32 Y116.392 E.07535
G1 X161.705 Y117.1 E.07463
G1 X161.053 Y117.775 E.07468
G1 X160.367 Y118.414 E.07461
G1 X159.649 Y119.017 E.07462
G1 X158.9 Y119.581 E.07462
G1 X158.115 Y120.11 E.07533
G1 X157.598 Y120.428 E.0483
G1 X156.77 Y120.887 E.07534
G1 X155.927 Y121.298 E.07464
G1 X155.056 Y121.668 E.07531
G1 X154.487 Y121.88 E.04832
G1 X153.587 Y122.173 E.07532
G1 X152.681 Y122.415 E.07463
G1 X151.764 Y122.61 E.07461
G1 X150.838 Y122.757 E.07462
G1 X149.896 Y122.856 E.07538
G1 X149.29 Y122.893 E.04832
G1 X148.334 Y122.91 E.07609
G1 X147.728 Y122.894 E.04824
G1 X146.783 Y122.828 E.07539
G1 X145.852 Y122.713 E.07465
G1 X144.92 Y122.549 E.07531
G1 X144.327 Y122.418 E.04833
G1 X143.413 Y122.173 E.07531
G1 X142.521 Y121.883 E.07464
G1 X141.637 Y121.543 E.07537
G1 X141.081 Y121.301 E.04826
G1 X140.23 Y120.886 E.07535
G1 X139.41 Y120.432 E.07459
G1 X138.614 Y119.935 E.07468
G1 X137.846 Y119.397 E.07462
G1 X137.108 Y118.82 E.07455
G1 X136.4 Y118.205 E.07463
G1 X135.725 Y117.553 E.07468
G1 X135.086 Y116.867 E.07461
G1 X134.477 Y116.142 E.07535
G1 X134.108 Y115.661 E.04825
G1 X133.565 Y114.885 E.07537
G1 X133.068 Y114.09 E.07461
G1 X132.613 Y113.27 E.07463
G1 X132.202 Y112.427 E.07464
G1 X131.832 Y111.556 E.07531
G1 X131.62 Y110.987 E.04832
G1 X131.327 Y110.087 E.07532
G1 X131.085 Y109.181 E.07463
G1 X130.89 Y108.264 E.07461
G1 X130.743 Y107.335 E.07485
G1 X130.656 Y106.534 E.06412
G1 X130.607 Y105.785 E.05973
G1 X130.591 Y104.843 E.07498
G1 X130.623 Y103.903 E.07485
G1 X130.691 Y103.101 E.06405
G1 X130.786 Y102.357 E.05969
G1 X130.951 Y101.42 E.07572
G1 X131.082 Y100.827 E.04833
G1 X131.328 Y99.913 E.07533
G1 X131.617 Y99.021 E.07462
M73 P55 R4
G1 X131.953 Y98.146 E.07459
G1 X132.335 Y97.289 E.07467
G1 X132.76 Y96.454 E.07456
G1 X133.231 Y95.639 E.07491
G1 X133.667 Y94.963 E.06402
G1 X134.1 Y94.35 E.05973
G1 X134.68 Y93.608 E.07495
G1 X135.295 Y92.9 E.07463
G1 X135.953 Y92.219 E.07536
G1 X136.393 Y91.801 E.0483
G1 X137.108 Y91.18 E.07537
G1 X137.847 Y90.603 E.07461
G1 X138.615 Y90.065 E.07462
G1 X139.413 Y89.566 E.0749
G1 X140.116 Y89.174 E.06406
G1 X140.786 Y88.836 E.05972
G1 X141.646 Y88.453 E.07492
G1 X142.524 Y88.116 E.07484
G1 X143.289 Y87.865 E.06407
G1 X144.012 Y87.661 E.05978
G1 X144.93 Y87.449 E.07498
G1 X145.853 Y87.287 E.07458
G1 X146.784 Y87.172 E.07465
G1 X147.722 Y87.107 E.07483
G1 X148.527 Y87.09 E.06408
G1 X148.608 Y87.092 E.00645
G1 X148.622 Y88.05 F12000
G1 F3134.537
G1 X149.233 Y88.063 E.04864
G1 X150.125 Y88.125 E.07116
G1 X151.006 Y88.234 E.07065
G1 X151.884 Y88.388 E.07094
G1 X152.627 Y88.558 E.06066
G1 X153.309 Y88.743 E.05624
G1 X154.159 Y89.02 E.07115
G1 X155 Y89.343 E.07169
G1 X155.518 Y89.568 E.04494
G1 X156.328 Y89.963 E.07172
G1 X157.104 Y90.393 E.0706
G1 X157.857 Y90.864 E.07068
G1 X158.584 Y91.373 E.07063
G1 X159.283 Y91.919 E.07059
G1 X159.953 Y92.501 E.07063
G1 X160.592 Y93.118 E.07069
G1 X161.197 Y93.767 E.07061
G1 X161.776 Y94.457 E.07168
G1 X162.12 Y94.905 E.04495
G1 X162.637 Y95.643 E.07171
G1 X163.107 Y96.396 E.07064
G1 X163.537 Y97.172 E.0706
G1 X163.926 Y97.97 E.07065
G1 X164.168 Y98.539 E.04921
G1 X164.377 Y99.064 E.04497
G1 X164.618 Y99.763 E.05884
G1 X164.87 Y100.614 E.07063
G1 X165.077 Y101.477 E.07063
G1 X165.245 Y102.393 E.07411
G1 X165.355 Y103.221 E.06647
G1 X165.412 Y103.877 E.0524
G1 X165.443 Y104.633 E.06021
G1 X165.452 Y105.148 E.04099
G1 X165.421 Y106.035 E.07063
G1 X165.344 Y106.919 E.07062
G1 X165.22 Y107.798 E.07064
G1 X165.048 Y108.682 E.07167
G1 X164.916 Y109.232 E.04501
G1 X164.668 Y110.098 E.07169
G1 X164.379 Y110.937 E.07062
G1 X164.047 Y111.76 E.07062
G1 X163.671 Y112.565 E.07071
G1 X163.249 Y113.36 E.07163
G1 X162.962 Y113.847 E.04499
G1 X162.464 Y114.613 E.07271
G1 X162.136 Y115.074 E.04503
G1 X161.581 Y115.783 E.07165
G1 X160.999 Y116.453 E.07063
G1 X160.382 Y117.092 E.07069
G1 X159.733 Y117.697 E.07061
G1 X159.053 Y118.267 E.07061
G1 X158.344 Y118.802 E.07068
G1 X157.597 Y119.305 E.07167
G1 X157.116 Y119.601 E.04495
G1 X156.328 Y120.037 E.07167
G1 X155.53 Y120.426 E.07065
G1 X154.701 Y120.778 E.07167
G1 X154.171 Y120.976 E.04503
G1 X153.315 Y121.255 E.07165
G1 X152.457 Y121.484 E.07067
G1 X151.589 Y121.669 E.07063
G1 X150.713 Y121.808 E.07059
G1 X149.817 Y121.902 E.0717
G1 X149.253 Y121.936 E.04497
G1 X148.339 Y121.952 E.07275
G1 X147.774 Y121.937 E.04498
G1 X146.875 Y121.875 E.07171
G1 X145.994 Y121.766 E.07065
G1 X145.107 Y121.61 E.07167
G1 X144.555 Y121.488 E.04499
G1 X143.685 Y121.255 E.07168
G1 X142.841 Y120.98 E.07064
G1 X142 Y120.657 E.07169
G1 X141.482 Y120.432 E.04494
G1 X140.672 Y120.037 E.07172
G1 X139.896 Y119.607 E.0706
G1 X139.143 Y119.136 E.07068
G1 X138.416 Y118.627 E.07063
G1 X137.717 Y118.081 E.07059
G1 X137.047 Y117.499 E.07063
G1 X136.408 Y116.882 E.07069
G1 X135.803 Y116.233 E.07061
G1 X135.224 Y115.543 E.07168
G1 X134.88 Y115.095 E.04495
G1 X134.363 Y114.357 E.07171
G1 X133.893 Y113.604 E.07064
G1 X133.463 Y112.828 E.0706
G1 X133.074 Y112.03 E.07065
G1 X132.722 Y111.201 E.07167
G1 X132.524 Y110.671 E.04503
G1 X132.245 Y109.815 E.07165
G1 X132.016 Y108.957 E.07067
G1 X131.831 Y108.089 E.07063
G1 X131.692 Y107.208 E.07098
G1 X131.61 Y106.451 E.0606
G1 X131.564 Y105.746 E.05622
G1 X131.548 Y104.852 E.07116
G1 X131.579 Y103.961 E.07095
G1 X131.643 Y103.202 E.06062
G1 X131.732 Y102.5 E.05631
G1 X131.89 Y101.607 E.07217
G1 X132.012 Y101.055 E.04499
G1 X132.245 Y100.185 E.07168
G1 X132.52 Y99.341 E.07064
G1 X132.838 Y98.512 E.07066
G1 X133.199 Y97.701 E.07065
G1 X133.602 Y96.911 E.07058
G1 X134.048 Y96.138 E.07102
G1 X134.46 Y95.499 E.06051
G1 X134.869 Y94.921 E.05635
G1 X135.419 Y94.217 E.0711
G1 X136.001 Y93.547 E.07063
G1 X136.627 Y92.899 E.0717
G1 X137.037 Y92.51 E.04498
G1 X137.717 Y91.919 E.0717
G1 X138.416 Y91.372 E.07064
G1 X139.143 Y90.863 E.07063
G1 X139.9 Y90.391 E.07099
G1 X140.564 Y90.02 E.06053
G1 X141.196 Y89.701 E.05634
G1 X142.013 Y89.338 E.07115
G1 X142.845 Y89.018 E.07094
G1 X143.569 Y88.781 E.06063
G1 X144.249 Y88.589 E.05623
G1 X145.12 Y88.388 E.07114
G1 X145.994 Y88.233 E.07064
G1 X146.875 Y88.125 E.07064
G1 X147.765 Y88.063 E.071
G1 X148.526 Y88.048 E.06057
G1 X148.592 Y88.049 E.00525
G1 E-3 F7200
G1 Z3.2 F3000
G1 X136.23 Y94.13 F12000
G1 Z3 F3000
G1 E3 F7200
;TYPE:Internal infill
T0
;WIDTH:0.675
G1 F4746.238
G1 X137.565 Y92.786 E.09956
G1 X138.327 Y92.817 E.04008
G1 X139.005 Y92.677 E.03639
G1 X139.684 Y92.326 E.04017
G1 X141.04 Y91.048 E.09793
G1 X141.718 Y90.529 E.04488
G1 X142.396 Y90.217 E.03923
G1 X143.075 Y90.068 E.03654
G1 X143.753 Y90.055 E.03564
G1 X144.431 Y90.195 E.03639
G1 X145.109 Y90.546 E.04013
G1 X146.465 Y91.825 E.09797
G1 X147.144 Y92.344 E.04492
G1 X147.822 Y92.655 E.0392
G1 X148.5 Y92.805 E.0365
G1 X149.178 Y92.817 E.03564
G1 X149.856 Y92.677 E.03639
G1 X150.535 Y92.326 E.04017
G1 X151.891 Y91.048 E.09793
G1 X152.569 Y90.529 E.04488
G1 X153.247 Y90.217 E.03923
G1 X153.926 Y90.068 E.03654
G1 X154.604 Y90.055 E.03564
G1 X155.282 Y90.195 E.03639
G1 X155.96 Y90.546 E.04013
G1 X157.316 Y91.825 E.09797
G1 X157.995 Y92.344 E.04492
G1 X158.673 Y92.655 E.0392
G1 X159.458 Y92.807 E.04202
G1 X160.781 Y94.135 E.09852
G1 X161.672 Y95.234 E.07436
G1 X162.384 Y96.287 E.06681
G1 X161.386 Y97.25 E.07289
G1 X160.707 Y97.769 E.04492
G1 X160.029 Y98.081 E.03923
G1 X159.351 Y98.23 E.03648
G1 X158.673 Y98.243 E.03564
G1 X157.995 Y98.103 E.03639
G1 X157.316 Y97.752 E.04017
G1 X155.96 Y96.473 E.09797
G1 X155.282 Y95.954 E.04488
G1 X154.604 Y95.643 E.0392
G1 X153.926 Y95.493 E.0365
G1 X153.247 Y95.481 E.03569
G1 X152.569 Y95.621 E.03639
G1 X151.891 Y95.972 E.04013
G1 X150.535 Y97.25 E.09793
G1 X149.856 Y97.769 E.04492
G1 X149.178 Y98.081 E.03923
G1 X148.5 Y98.23 E.03648
G1 X147.822 Y98.243 E.03564
G1 X147.144 Y98.103 E.03639
G1 X146.465 Y97.752 E.04017
G1 X145.109 Y96.473 E.09797
G1 X144.431 Y95.954 E.04488
G1 X143.753 Y95.643 E.0392
G1 X143.075 Y95.493 E.0365
G1 X142.396 Y95.481 E.03569
G1 X141.718 Y95.621 E.03639
G1 X141.04 Y95.972 E.04013
G1 X139.684 Y97.25 E.09793
G1 X139.005 Y97.769 E.04492
G1 X138.327 Y98.081 E.03923
G1 X137.649 Y98.23 E.03648
G1 X136.971 Y98.243 E.03564
G1 X136.293 Y98.103 E.03639
G1 X135.614 Y97.752 E.04017
G1 X134.409 Y96.624 E.08675
G1 X133.7 Y97.941 E.07861
G1 X133.351 Y98.725 E.0451
G1 X133.043 Y99.526 E.0451
G1 X132.626 Y100.911 E.07602
G1 X132.902 Y100.906 E.01451
G1 X133.58 Y101.046 E.03639
G1 X134.258 Y101.397 E.04013
G1 X135.614 Y102.676 E.09797
G1 X136.293 Y103.195 E.04492
G1 X136.971 Y103.506 E.0392
G1 X137.649 Y103.656 E.0365
G1 X138.327 Y103.668 E.03564
G1 X139.005 Y103.528 E.03639
G1 X139.684 Y103.177 E.04017
G1 X141.04 Y101.899 E.09793
G1 X141.718 Y101.38 E.04488
G1 X142.396 Y101.068 E.03923
G1 X143.075 Y100.919 E.03654
G1 X143.753 Y100.906 E.03564
G1 X144.431 Y101.046 E.03639
G1 X145.109 Y101.397 E.04013
G1 X146.465 Y102.676 E.09797
G1 X147.144 Y103.195 E.04492
G1 X147.822 Y103.506 E.0392
G1 X148.5 Y103.656 E.0365
G1 X149.178 Y103.668 E.03564
G1 X149.856 Y103.528 E.03639
G1 X150.535 Y103.177 E.04017
G1 X151.891 Y101.899 E.09793
G1 X152.569 Y101.38 E.04488
G1 X153.247 Y101.068 E.03923
G1 X153.926 Y100.919 E.03654
G1 X154.604 Y100.906 E.03564
G1 X155.282 Y101.046 E.03639
G1 X155.96 Y101.397 E.04013
G1 X157.316 Y102.676 E.09797
G1 X157.995 Y103.195 E.04492
G1 X158.673 Y103.506 E.0392
G1 X159.351 Y103.656 E.0365
G1 X160.029 Y103.668 E.03564
G1 X160.707 Y103.528 E.03639
G1 X161.386 Y103.177 E.04017
G1 X162.742 Y101.899 E.09793
G1 X163.42 Y101.38 E.04488
G1 X164.098 Y101.068 E.03923
G1 X164.399 Y101.002 E.0162
G1 X164.757 Y102.863 E.0996
G1 E-3 F7200
M73 P56 R4
G1 Z3.2 F3000
G1 X164.885 Y104.463 F12000
G1 Z3 F3000
G1 E3 F7200
G1 F4746.238
G1 X164.835 Y106.357 E.09958
G1 X164.098 Y106.332 E.03876
G1 X163.42 Y106.472 E.03639
G1 X162.742 Y106.823 E.04013
G1 X161.386 Y108.101 E.09793
G1 X160.707 Y108.62 E.04492
G1 X160.029 Y108.932 E.03923
G1 X159.351 Y109.081 E.03648
G1 X158.673 Y109.094 E.03564
G1 X157.995 Y108.954 E.03639
G1 X157.316 Y108.603 E.04017
G1 X155.96 Y107.324 E.09797
G1 X155.282 Y106.805 E.04488
G1 X154.604 Y106.494 E.0392
G1 X153.926 Y106.344 E.0365
G1 X153.247 Y106.332 E.03569
G1 X152.569 Y106.472 E.03639
G1 X151.891 Y106.823 E.04013
G1 X150.535 Y108.101 E.09793
G1 X149.856 Y108.62 E.04492
G1 X149.178 Y108.932 E.03923
G1 X148.5 Y109.081 E.03648
G1 X147.822 Y109.094 E.03564
G1 X147.144 Y108.954 E.03639
G1 X146.465 Y108.603 E.04017
G1 X145.109 Y107.324 E.09797
G1 X144.431 Y106.805 E.04488
G1 X143.753 Y106.494 E.0392
G1 X143.075 Y106.344 E.0365
G1 X142.396 Y106.332 E.03569
G1 X141.718 Y106.472 E.03639
G1 X141.04 Y106.823 E.04013
G1 X139.684 Y108.101 E.09793
G1 X139.005 Y108.62 E.04492
G1 X138.327 Y108.932 E.03923
G1 X137.649 Y109.081 E.03648
G1 X136.971 Y109.094 E.03564
G1 X136.293 Y108.954 E.03639
G1 X135.614 Y108.603 E.04017
G1 X134.258 Y107.324 E.09797
G1 X133.58 Y106.805 E.04488
G1 X132.902 Y106.494 E.0392
G1 X132.159 Y106.343 E.03985
G1 X132.426 Y108.219 E.09959
G1 E-3 F7200
G1 Z3.2 F3000
G1 X132.944 Y110.168 F12000
G1 Z3 F3000
G1 E3 F7200
G1 F4746.238
G1 X133.642 Y111.93 E.09961
G1 X134.258 Y112.248 E.03643
G1 X135.614 Y113.527 E.09797
G1 X136.293 Y114.046 E.04492
G1 X136.971 Y114.357 E.0392
G1 X137.649 Y114.507 E.0365
G1 X138.327 Y114.519 E.03564
G1 X139.005 Y114.379 E.03639
G1 X139.684 Y114.028 E.04017
G1 X141.04 Y112.75 E.09793
G1 X141.718 Y112.231 E.04488
G1 X142.396 Y111.919 E.03923
G1 X143.075 Y111.77 E.03654
G1 X143.753 Y111.757 E.03564
G1 X144.431 Y111.897 E.03639
G1 X145.109 Y112.248 E.04013
G1 X146.465 Y113.527 E.09797
G1 X147.144 Y114.046 E.04492
G1 X147.822 Y114.357 E.0392
G1 X148.5 Y114.507 E.0365
G1 X149.178 Y114.519 E.03564
G1 X149.856 Y114.379 E.03639
G1 X150.535 Y114.028 E.04017
G1 X151.891 Y112.75 E.09793
G1 X152.569 Y112.231 E.04488
G1 X153.247 Y111.919 E.03923
G1 X153.926 Y111.77 E.03654
G1 X154.604 Y111.757 E.03564
G1 X155.282 Y111.897 E.03639
G1 X155.96 Y112.248 E.04013
G1 X157.316 Y113.527 E.09797
G1 X157.995 Y114.046 E.04492
G1 X158.673 Y114.357 E.0392
G1 X159.351 Y114.507 E.0365
G1 X160.029 Y114.519 E.03564
G1 X160.707 Y114.379 E.03639
G1 X161.386 Y114.028 E.04017
G1 X163.083 Y112.489 E.12041
G1 X163.853 Y110.757 E.09962
G1 E-3 F7200
G1 Z3.2 F3000
G1 X155.215 Y119.957 F12000
G1 Z3 F3000
G1 E3 F7200
G1 F4746.238
G1 X156.897 Y119.083 E.09962
G1 X155.96 Y118.175 E.06858
G1 X155.282 Y117.656 E.04488
G1 X154.604 Y117.345 E.0392
G1 X153.926 Y117.195 E.0365
G1 X153.247 Y117.183 E.03569
G1 X152.569 Y117.323 E.03639
G1 X151.891 Y117.674 E.04013
G1 X150.535 Y118.952 E.09793
G1 X149.856 Y119.471 E.04492
G1 X149.178 Y119.783 E.03923
G1 X148.5 Y119.932 E.03648
G1 X147.822 Y119.945 E.03564
G1 X147.144 Y119.805 E.03639
G1 X146.465 Y119.454 E.04017
G1 X145.109 Y118.175 E.09797
G1 X144.431 Y117.656 E.04488
G1 X143.753 Y117.345 E.0392
G1 X143.075 Y117.195 E.0365
G1 X142.396 Y117.183 E.03569
G1 X141.718 Y117.323 E.03639
G1 X141.04 Y117.674 E.04013
G1 X139.765 Y118.871 E.09191
G1 X141.424 Y119.786 E.09958
;LAYER_CHANGE
;Z:3.2
;HEIGHT:0.2

G1 E-3 F7200
G1 Z3.2 F3000
;AFTER_LAYER_CHANGE
;3.2
G92 E0
_ON_LAYER_CHANGE LAYER=16
G1 Z3.4
G1 X148.669 Y85.341 F12000
G1 Z3.2 F3000
G1 E3 F7200
;TYPE:External perimeter
;WIDTH:0.674999
G1 F4746.242
G1 X149.357 Y85.356 E.03617
G1 X150.385 Y85.428 E.05416
G1 X151.407 Y85.554 E.05412
G1 X152.421 Y85.732 E.05411
G1 X153.297 Y85.932 E.04723
G1 X154.084 Y86.147 E.04288
G1 X155.064 Y86.465 E.05415
G1 X156.025 Y86.834 E.0541
G1 X156.965 Y87.253 E.05409
G1 X157.882 Y87.721 E.05411
G1 X158.774 Y88.235 E.05411
G1 X159.529 Y88.723 E.04725
G1 X160.195 Y89.194 E.04287
G1 X161.007 Y89.828 E.05414
G1 X161.784 Y90.504 E.05413
G1 X162.524 Y91.219 E.05408
G1 X163.226 Y91.972 E.05411
G1 X163.889 Y92.761 E.05416
G1 X164.305 Y93.303 E.03591
G1 X164.896 Y94.148 E.0542
G1 X165.442 Y95.021 E.05412
G1 X165.941 Y95.921 E.05409
G1 X166.392 Y96.846 E.05409
G1 X166.795 Y97.795 E.05419
G1 X167.034 Y98.435 E.03591
G1 X167.353 Y99.416 E.05422
G1 X167.619 Y100.41 E.05408
G1 X167.833 Y101.417 E.05411
G1 X167.994 Y102.434 E.05412
G1 X168.066 Y103.119 E.0362
G1 X168.123 Y103.8 E.03592
G1 X168.15 Y104.483 E.03592
G1 X168.162 Y105.173 E.03627
G1 X168.144 Y105.856 E.03591
G1 X168.072 Y106.885 E.05421
G1 X167.946 Y107.907 E.05412
G1 X167.768 Y108.92 E.05406
G1 X167.536 Y109.923 E.05411
G1 X167.252 Y110.913 E.05413
G1 X166.917 Y111.886 E.05408
G1 X166.531 Y112.842 E.05419
G1 X166.248 Y113.464 E.03592
G1 X165.78 Y114.382 E.05416
G1 X165.265 Y115.274 E.05413
G1 X164.703 Y116.138 E.05417
G1 X164.307 Y116.695 E.03592
G1 X163.672 Y117.507 E.05418
G1 X162.996 Y118.284 E.05413
G1 X162.281 Y119.024 E.05408
G1 X161.528 Y119.726 E.05411
G1 X160.74 Y120.388 E.05409
G1 X159.918 Y121.008 E.05411
G1 X159.063 Y121.584 E.05418
G1 X158.48 Y121.941 E.03593
G1 X157.579 Y122.441 E.05416
G1 X156.654 Y122.892 E.05409
G1 X155.705 Y123.295 E.05419
G1 X155.065 Y123.534 E.03591
G1 X154.084 Y123.853 E.05422
G1 X153.09 Y124.119 E.05408
G1 X152.083 Y124.333 E.05411
G1 X151.066 Y124.494 E.05412
G1 X150.172 Y124.59 E.04726
G1 X149.358 Y124.644 E.04288
G1 X148.327 Y124.662 E.0542
G1 X147.644 Y124.644 E.03591
G1 X146.615 Y124.572 E.05421
G1 X145.593 Y124.446 E.05412
G1 X144.578 Y124.267 E.05417
G1 X143.911 Y124.119 E.03591
G1 X142.915 Y123.853 E.05418
G1 X141.936 Y123.534 E.05412
G1 X140.974 Y123.165 E.05415
G1 X140.347 Y122.893 E.03592
G1 X139.421 Y122.441 E.05416
G1 X138.52 Y121.942 E.05413
G1 X137.647 Y121.396 E.05412
G1 X136.804 Y120.806 E.05408
G1 X135.993 Y120.172 E.0541
G1 X135.216 Y119.496 E.05413
G1 X134.476 Y118.781 E.05408
G1 X133.774 Y118.028 E.05411
G1 X133.112 Y117.24 E.05409
G1 X132.492 Y116.417 E.05416
G1 X131.988 Y115.673 E.04723
G1 X131.559 Y114.98 E.04284
G1 X131.059 Y114.079 E.05416
G1 X130.608 Y113.154 E.05409
G1 X130.206 Y112.206 E.05412
G1 X129.853 Y111.238 E.05415
G1 X129.588 Y110.379 E.04725
G1 X129.381 Y109.591 E.04282
G1 X129.167 Y108.583 E.05416
G1 X129.006 Y107.566 E.05412
G1 X128.91 Y106.672 E.04726
G1 X128.856 Y105.858 E.04288
G1 X128.838 Y104.827 E.0542
G1 X128.856 Y104.144 E.03591
G1 X128.928 Y103.115 E.05421
G1 X129.054 Y102.093 E.05412
M73 P57 R4
G1 X129.232 Y101.079 E.05411
G1 X129.433 Y100.203 E.04724
G1 X129.647 Y99.416 E.04286
G1 X129.966 Y98.436 E.05417
G1 X130.334 Y97.475 E.05408
G1 X130.753 Y96.535 E.05409
G1 X131.221 Y95.618 E.05411
G1 X131.735 Y94.726 E.05411
G1 X132.223 Y93.971 E.04725
G1 X132.694 Y93.305 E.04287
G1 X133.328 Y92.493 E.05414
G1 X134.004 Y91.716 E.05413
G1 X134.719 Y90.976 E.05408
G1 X135.472 Y90.273 E.05414
G1 X136.159 Y89.694 E.04722
G1 X136.804 Y89.195 E.04286
G1 X137.648 Y88.604 E.05415
G1 X138.521 Y88.058 E.05412
G1 X139.306 Y87.62 E.04725
G1 X140.035 Y87.253 E.0429
G1 X140.976 Y86.834 E.05414
G1 X141.937 Y86.465 E.0541
G1 X142.791 Y86.185 E.04724
G1 X143.576 Y85.964 E.04286
G1 X144.58 Y85.732 E.05416
G1 X145.594 Y85.554 E.05411
G1 X146.616 Y85.428 E.05412
G1 X147.643 Y85.356 E.05411
G1 X148.542 Y85.338 E.04726
G1 X148.639 Y85.34 E.0051
G1 X149.239 Y85.354 F12000
G1 X148.655 Y86.136
;TYPE:Perimeter
T1
;WIDTH:0.999999
G1 F3134.537
G1 X149.321 Y86.15 E.05301
G1 X150.309 Y86.219 E.07882
G1 X151.289 Y86.34 E.07858
G1 X152.263 Y86.512 E.07871
G1 X153.104 Y86.703 E.06863
G1 X153.856 Y86.909 E.06205
G1 X154.798 Y87.215 E.07882
G1 X155.721 Y87.569 E.07867
G1 X156.623 Y87.971 E.07859
G1 X157.503 Y88.419 E.07858
G1 X158.36 Y88.914 E.07876
G1 X159.084 Y89.382 E.06861
G1 X159.721 Y89.832 E.06207
G1 X160.501 Y90.442 E.0788
G1 X161.247 Y91.09 E.07864
G1 X161.957 Y91.776 E.07857
G1 X162.631 Y92.498 E.0786
G1 X163.269 Y93.259 E.07903
G1 X163.664 Y93.773 E.05159
G1 X164.234 Y94.587 E.07908
G1 X164.757 Y95.424 E.07854
G1 X165.236 Y96.288 E.07862
G1 X165.669 Y97.176 E.07862
G1 X166.057 Y98.09 E.07902
G1 X166.284 Y98.697 E.05157
G1 X166.591 Y99.642 E.07907
G1 X166.846 Y100.596 E.07859
G1 X167.052 Y101.562 E.0786
G1 X167.206 Y102.538 E.07863
G1 X167.276 Y103.202 E.05313
G1 X167.33 Y103.849 E.05167
G1 X167.355 Y104.497 E.05161
G1 X167.367 Y105.17 E.05357
G1 X167.35 Y105.818 E.05159
G1 X167.281 Y106.809 E.07906
G1 X167.16 Y107.789 E.07858
G1 X166.989 Y108.762 E.07862
G1 X166.767 Y109.724 E.07857
G1 X166.494 Y110.674 E.07866
G1 X166.173 Y111.608 E.0786
G1 X165.801 Y112.528 E.07897
G1 X165.532 Y113.118 E.0516
G1 X165.081 Y114.003 E.07905
G1 X164.587 Y114.858 E.07858
G1 X164.046 Y115.691 E.07905
G1 X163.67 Y116.219 E.05158
G1 X163.059 Y117.001 E.07898
G1 X162.41 Y117.747 E.07869
G1 X161.724 Y118.457 E.07857
G1 X161.002 Y119.131 E.0786
G1 X160.245 Y119.766 E.07863
G1 X159.456 Y120.36 E.07859
G1 X158.633 Y120.916 E.07904
G1 X158.08 Y121.255 E.05162
G1 X157.212 Y121.736 E.07897
G1 X156.324 Y122.169 E.07862
G1 X155.41 Y122.557 E.07902
G1 X154.803 Y122.784 E.05157
G1 X153.858 Y123.091 E.07907
G1 X152.904 Y123.346 E.07859
G1 X151.938 Y123.552 E.0786
G1 X150.961 Y123.706 E.07871
G1 X150.104 Y123.799 E.0686
G1 X149.325 Y123.85 E.06213
G1 X148.33 Y123.867 E.0792
G1 X147.682 Y123.85 E.05159
G1 X146.691 Y123.781 E.07906
G1 X145.711 Y123.66 E.07858
G1 X144.733 Y123.488 E.07903
G1 X144.1 Y123.347 E.05161
G1 X143.141 Y123.09 E.07901
G1 X142.202 Y122.785 E.07857
G1 X141.275 Y122.429 E.07903
G1 X140.68 Y122.171 E.05161
G1 X139.788 Y121.736 E.07898
G1 X138.924 Y121.257 E.07862
G1 X138.086 Y120.733 E.07865
G1 X137.277 Y120.167 E.07857
G1 X136.499 Y119.558 E.07863
G1 X135.753 Y118.91 E.07864
G1 X135.043 Y118.224 E.07857
G1 X134.369 Y117.502 E.0786
G1 X133.734 Y116.745 E.07863
G1 X133.139 Y115.955 E.07871
G1 X132.655 Y115.241 E.06865
G1 X132.244 Y114.578 E.06208
G1 X131.764 Y113.712 E.0788
G1 X131.331 Y112.824 E.07862
G1 X130.945 Y111.915 E.07859
G1 X130.607 Y110.985 E.07875
G1 X130.353 Y110.161 E.06862
G1 X130.154 Y109.407 E.06206
G1 X129.948 Y108.438 E.07884
G1 X129.794 Y107.461 E.07871
G1 X129.701 Y106.604 E.0686
G1 X129.65 Y105.825 E.06213
G1 X129.633 Y104.83 E.0792
G1 X129.65 Y104.182 E.05159
G1 X129.719 Y103.191 E.07906
G1 X129.84 Y102.211 E.07858
G1 X130.012 Y101.237 E.07871
G1 X130.203 Y100.396 E.06863
G1 X130.409 Y99.644 E.06205
G1 X130.715 Y98.702 E.07882
G1 X131.069 Y97.779 E.07867
G1 X131.471 Y96.877 E.07859
G1 X131.919 Y95.997 E.07858
G1 X132.414 Y95.14 E.07876
G1 X132.882 Y94.416 E.06861
G1 X133.332 Y93.779 E.06207
G1 X133.942 Y92.999 E.0788
G1 X134.59 Y92.253 E.07864
G1 X135.276 Y91.543 E.07857
G1 X135.999 Y90.868 E.07872
G1 X136.659 Y90.312 E.06868
G1 X137.275 Y89.835 E.062
G1 X138.087 Y89.266 E.07891
G1 X138.925 Y88.742 E.07865
G1 X139.679 Y88.322 E.06869
G1 X140.375 Y87.971 E.06203
G1 X141.28 Y87.569 E.07881
G1 X142.203 Y87.214 E.0787
G1 X143.023 Y86.945 E.06868
G1 X143.774 Y86.734 E.06208
G1 X144.739 Y86.511 E.07882
G1 X145.711 Y86.34 E.07854
G1 X146.692 Y86.219 E.07866
G1 X147.679 Y86.15 E.07874
G1 X148.541 Y86.133 E.06861
G1 X148.625 Y86.135 E.00669
G1 X148.638 Y87.093 F12000
G1 F3134.537
G1 X149.277 Y87.107 E.05086
G1 X150.217 Y87.172 E.07499
G1 X151.148 Y87.287 E.07465
G1 X152.074 Y87.45 E.07483
G1 X152.872 Y87.632 E.06514
G1 X153.582 Y87.826 E.05857
G1 X154.479 Y88.117 E.07505
G1 X155.354 Y88.453 E.07459
G1 X156.211 Y88.835 E.07467
G1 X157.046 Y89.26 E.07456
G1 X157.86 Y89.731 E.07484
G1 X158.548 Y90.175 E.06516
G1 X159.15 Y90.6 E.05864
G1 X159.892 Y91.18 E.07495
G1 X160.6 Y91.795 E.07463
G1 X161.275 Y92.447 E.07468
G1 X161.914 Y93.133 E.07461
G1 X162.523 Y93.858 E.07535
G1 X162.892 Y94.339 E.04825
G1 X163.435 Y95.115 E.07537
G1 X163.932 Y95.91 E.07461
G1 X164.387 Y96.73 E.07463
G1 X164.798 Y97.573 E.07464
G1 X165.168 Y98.444 E.07531
G1 X165.38 Y99.013 E.04832
G1 X165.673 Y99.913 E.07532
G1 X165.915 Y100.819 E.07463
G1 X166.11 Y101.736 E.07461
G1 X166.257 Y102.662 E.07462
G1 X166.324 Y103.302 E.05121
G1 X166.374 Y103.907 E.04831
G1 X166.398 Y104.513 E.04826
G1 X166.41 Y105.166 E.05198
G1 X166.394 Y105.772 E.04824
G1 X166.328 Y106.717 E.07539
G1 X166.213 Y107.648 E.07465
G1 X166.051 Y108.571 E.07458
G1 X165.84 Y109.485 E.07465
G1 X165.581 Y110.386 E.07461
G1 X165.276 Y111.272 E.07457
G1 X164.921 Y112.15 E.07537
G1 X164.669 Y112.703 E.04836
G1 X164.24 Y113.546 E.07527
G1 X163.771 Y114.358 E.07462
G1 X163.255 Y115.152 E.07536
G1 X162.903 Y115.646 E.04827
G1 X162.32 Y116.392 E.07535
G1 X161.705 Y117.1 E.07463
G1 X161.053 Y117.775 E.07468
G1 X160.367 Y118.414 E.07461
G1 X159.649 Y119.017 E.07462
G1 X158.9 Y119.581 E.07462
G1 X158.115 Y120.11 E.07533
G1 X157.598 Y120.428 E.0483
G1 X156.77 Y120.887 E.07534
G1 X155.927 Y121.298 E.07464
G1 X155.056 Y121.668 E.07531
G1 X154.487 Y121.88 E.04832
G1 X153.587 Y122.173 E.07532
G1 X152.681 Y122.415 E.07463
G1 X151.764 Y122.61 E.07461
G1 X150.835 Y122.757 E.07485
G1 X150.021 Y122.845 E.06516
G1 X149.286 Y122.893 E.05862
G1 X148.334 Y122.91 E.07577
G1 X147.728 Y122.894 E.04824
G1 X146.783 Y122.828 E.07539
G1 X145.852 Y122.713 E.07465
G1 X144.92 Y122.549 E.07531
G1 X144.327 Y122.418 E.04833
G1 X143.413 Y122.173 E.07531
G1 X142.521 Y121.883 E.07464
G1 X141.637 Y121.543 E.07537
G1 X141.081 Y121.301 E.04826
G1 X140.23 Y120.886 E.07535
G1 X139.41 Y120.432 E.07459
G1 X138.614 Y119.935 E.07468
G1 X137.846 Y119.397 E.07462
G1 X137.108 Y118.82 E.07455
G1 X136.4 Y118.205 E.07463
G1 X135.725 Y117.553 E.07468
G1 X135.086 Y116.867 E.07461
G1 X134.483 Y116.149 E.07462
G1 X133.917 Y115.398 E.07484
G1 X133.458 Y114.721 E.06509
G1 X133.07 Y114.094 E.05868
G1 X132.613 Y113.27 E.07499
G1 X132.202 Y112.427 E.07464
G1 X131.836 Y111.564 E.0746
G1 X131.514 Y110.68 E.07487
G1 X131.273 Y109.898 E.06512
G1 X131.086 Y109.185 E.05866
G1 X130.89 Y108.264 E.07494
G1 X130.743 Y107.335 E.07485
G1 X130.655 Y106.521 E.06516
G1 X130.607 Y105.786 E.05862
G1 X130.59 Y104.834 E.07577
G1 X130.606 Y104.228 E.04824
G1 X130.672 Y103.283 E.07539
G1 X130.787 Y102.352 E.07465
G1 X130.95 Y101.426 E.07483
G1 X131.132 Y100.628 E.06514
G1 X131.326 Y99.918 E.05857
G1 X131.617 Y99.021 E.07505
G1 X131.953 Y98.146 E.07459
G1 X132.335 Y97.289 E.07467
G1 X132.76 Y96.454 E.07456
G1 X133.231 Y95.64 E.07484
G1 X133.675 Y94.952 E.06516
G1 X134.1 Y94.35 E.05864
G1 X134.68 Y93.608 E.07495
G1 X135.295 Y92.9 E.07463
G1 X135.947 Y92.225 E.07468
G1 X136.634 Y91.584 E.07477
G1 X137.26 Y91.056 E.06517
G1 X137.843 Y90.605 E.05866
G1 X138.615 Y90.065 E.07498
G1 X139.412 Y89.567 E.07479
G1 X140.127 Y89.168 E.06516
G1 X140.785 Y88.836 E.05865
G1 X141.646 Y88.453 E.07499
G1 X142.524 Y88.116 E.07484
G1 X143.302 Y87.861 E.06516
G1 X144.011 Y87.661 E.05863
G1 X144.93 Y87.449 E.07506
G1 X145.853 Y87.287 E.07458
G1 X146.784 Y87.172 E.07465
G1 X147.722 Y87.107 E.07483
G1 X148.54 Y87.09 E.06511
G1 X148.608 Y87.092 E.00541
G1 X148.622 Y88.049 F12000
G1 F3134.537
G1 X149.233 Y88.063 E.04864
G1 X150.125 Y88.125 E.07116
G1 X151.006 Y88.234 E.07065
G1 X151.884 Y88.388 E.07094
G1 X152.639 Y88.561 E.06164
G1 X153.308 Y88.743 E.05517
G1 X154.159 Y89.02 E.07122
G1 X154.988 Y89.338 E.07066
G1 X155.799 Y89.699 E.07065
G1 X156.589 Y90.102 E.07058
G1 X157.361 Y90.547 E.07091
G1 X158.012 Y90.968 E.0617
G1 X158.579 Y91.368 E.05522
G1 X159.283 Y91.919 E.07114
G1 X159.953 Y92.501 E.07063
G1 X160.592 Y93.118 E.07069
G1 X161.197 Y93.767 E.07061
G1 X161.776 Y94.457 E.07168
G1 X162.12 Y94.905 E.04495
G1 X162.637 Y95.643 E.07171
G1 X163.107 Y96.396 E.07064
G1 X163.537 Y97.172 E.0706
G1 X163.926 Y97.97 E.07065
G1 X164.278 Y98.799 E.07167
G1 X164.476 Y99.329 E.04503
G1 X164.755 Y100.185 E.07165
G1 X164.984 Y101.043 E.07067
G1 X165.169 Y101.911 E.07063
G1 X165.308 Y102.787 E.07059
G1 X165.372 Y103.402 E.04921
G1 X165.441 Y104.53 E.08994
G1 X165.452 Y105.161 E.05022
G1 X165.438 Y105.726 E.04498
G1 X165.375 Y106.625 E.07172
G1 X165.266 Y107.506 E.07065
G1 X165.112 Y108.38 E.07063
G1 X164.913 Y109.245 E.07064
G1 X164.668 Y110.098 E.07063
G1 X164.379 Y110.937 E.07062
G1 X164.042 Y111.772 E.07166
G1 X163.807 Y112.287 E.04505
G1 X163.398 Y113.089 E.07164
G1 X162.954 Y113.858 E.07067
G1 X162.464 Y114.613 E.07163
G1 X162.136 Y115.074 E.04503
G1 X161.581 Y115.783 E.07165
G1 X160.999 Y116.453 E.07063
G1 X160.382 Y117.092 E.07069
G1 X159.733 Y117.697 E.07061
G1 X159.053 Y118.267 E.07061
G1 X158.344 Y118.802 E.07068
G1 X157.597 Y119.305 E.07167
G1 X157.116 Y119.601 E.04495
G1 X156.328 Y120.037 E.07167
G1 X155.53 Y120.426 E.07065
G1 X154.701 Y120.778 E.07167
G1 X154.171 Y120.976 E.04503
G1 X153.315 Y121.255 E.07165
G1 X152.457 Y121.484 E.07067
G1 X151.589 Y121.669 E.07063
G1 X150.709 Y121.808 E.0709
G1 X149.939 Y121.891 E.06163
G1 X149.246 Y121.936 E.05527
G1 X148.339 Y121.952 E.07219
G1 X147.774 Y121.937 E.04498
G1 X146.875 Y121.875 E.07171
G1 X145.994 Y121.766 E.07065
G1 X145.107 Y121.61 E.07167
G1 X144.555 Y121.488 E.04499
G1 X143.685 Y121.255 E.07168
G1 X142.841 Y120.98 E.07064
G1 X142 Y120.657 E.07169
G1 X141.482 Y120.432 E.04494
G1 X140.672 Y120.037 E.07172
G1 X139.896 Y119.607 E.0706
G1 X139.143 Y119.136 E.07068
M73 P58 R4
G1 X138.416 Y118.627 E.07063
G1 X137.717 Y118.081 E.07059
G1 X137.047 Y117.499 E.07063
G1 X136.408 Y116.882 E.07069
G1 X135.803 Y116.233 E.07061
G1 X135.233 Y115.553 E.07061
G1 X134.696 Y114.841 E.07097
G1 X134.261 Y114.2 E.06165
G1 X133.896 Y113.61 E.05521
G1 X133.463 Y112.828 E.07114
G1 X133.074 Y112.03 E.07065
G1 X132.727 Y111.213 E.07064
G1 X132.422 Y110.375 E.07097
G1 X132.194 Y109.635 E.06162
G1 X132.017 Y108.964 E.05523
G1 X131.831 Y108.089 E.07119
G1 X131.692 Y107.209 E.0709
G1 X131.609 Y106.439 E.06163
G1 X131.564 Y105.746 E.05527
G1 X131.548 Y104.839 E.07219
G1 X131.563 Y104.274 E.04498
G1 X131.625 Y103.375 E.07171
G1 X131.734 Y102.494 E.07065
G1 X131.888 Y101.616 E.07094
G1 X132.061 Y100.861 E.06164
G1 X132.243 Y100.192 E.05517
G1 X132.52 Y99.341 E.07122
G1 X132.838 Y98.512 E.07066
G1 X133.199 Y97.701 E.07065
G1 X133.602 Y96.911 E.07058
G1 X134.047 Y96.139 E.07091
G1 X134.468 Y95.488 E.0617
G1 X134.868 Y94.921 E.05522
G1 X135.419 Y94.217 E.07114
G1 X136.001 Y93.547 E.07063
G1 X136.618 Y92.908 E.07069
G1 X137.27 Y92.3 E.07095
G1 X137.862 Y91.801 E.06162
G1 X138.411 Y91.376 E.05525
G1 X139.143 Y90.863 E.07113
G1 X139.899 Y90.391 E.07093
G1 X140.576 Y90.014 E.06167
G1 X141.196 Y89.701 E.05527
G1 X142.013 Y89.338 E.07115
G1 X142.845 Y89.018 E.07094
G1 X143.581 Y88.777 E.06163
G1 X144.249 Y88.589 E.05523
G1 X145.12 Y88.388 E.07114
G1 X145.994 Y88.233 E.07064
G1 X146.875 Y88.125 E.07064
G1 X147.765 Y88.063 E.071
G1 X148.539 Y88.048 E.06161
G1 X148.592 Y88.049 E.00422
G1 E-3 F7200
G1 Z3.4 F3000
G1 X136.218 Y94.144 F12000
G1 Z3.2 F3000
G1 E3 F7200
;TYPE:Internal infill
T0
;WIDTH:0.675
G1 F4746.238
G1 X137.551 Y92.798 E.09956
G1 X138.327 Y92.897 E.04112
G1 X139.005 Y92.819 E.03587
G1 X139.684 Y92.525 E.03889
G1 X140.362 Y91.944 E.04693
G1 X141.04 Y91.216 E.05229
G1 X141.718 Y90.627 E.0472
G1 X142.396 Y90.252 E.04072
G1 X143.075 Y90.045 E.03731
G1 X143.753 Y89.975 E.03582
G1 X144.431 Y90.054 E.03588
G1 X145.109 Y90.347 E.03882
G1 X145.787 Y90.928 E.04693
G1 X146.465 Y91.657 E.05232
G1 X147.144 Y92.246 E.04724
G1 X147.822 Y92.621 E.04072
G1 X148.5 Y92.827 E.03724
G1 X149.178 Y92.897 E.03582
G1 X149.856 Y92.819 E.03587
G1 X150.535 Y92.525 E.03889
G1 X151.213 Y91.944 E.04693
G1 X151.891 Y91.216 E.05229
G1 X152.569 Y90.627 E.0472
G1 X153.247 Y90.252 E.04072
G1 X153.926 Y90.045 E.03731
G1 X154.604 Y89.975 E.03582
G1 X155.213 Y90.046 E.03222
G1 X156.125 Y90.488 E.05327
G1 X157.995 Y92.246 E.13489
G1 X158.673 Y92.621 E.04072
G1 X159.5 Y92.843 E.045
G1 X160.781 Y94.135 E.09562
G1 X161.672 Y95.234 E.07436
G1 X162.3 Y96.152 E.05846
G1 X161.386 Y97.082 E.06853
G1 X160.707 Y97.671 E.04724
G1 X160.029 Y98.046 E.04072
G1 X159.351 Y98.253 E.03726
G1 X158.673 Y98.323 E.03582
G1 X157.995 Y98.244 E.03588
G1 X157.316 Y97.951 E.03887
G1 X156.638 Y97.37 E.04693
G1 X155.96 Y96.641 E.05232
G1 X155.282 Y96.052 E.0472
G1 X154.604 Y95.677 E.04072
G1 X153.926 Y95.471 E.03724
G1 X153.247 Y95.401 E.03588
G1 X152.569 Y95.479 E.03587
G1 X151.891 Y95.773 E.03884
G1 X151.213 Y96.354 E.04693
G1 X150.535 Y97.082 E.05229
G1 X149.856 Y97.671 E.04724
G1 X149.178 Y98.046 E.04072
G1 X148.5 Y98.253 E.03726
G1 X147.822 Y98.323 E.03582
G1 X147.144 Y98.244 E.03588
G1 X146.465 Y97.951 E.03887
G1 X145.787 Y97.37 E.04693
G1 X145.109 Y96.641 E.05232
G1 X144.431 Y96.052 E.0472
G1 X143.753 Y95.677 E.04072
G1 X143.075 Y95.471 E.03724
G1 X142.396 Y95.401 E.03588
G1 X141.718 Y95.479 E.03587
G1 X141.04 Y95.773 E.03884
G1 X140.362 Y96.354 E.04693
G1 X139.684 Y97.082 E.05229
G1 X139.005 Y97.671 E.04724
G1 X138.327 Y98.046 E.04072
G1 X137.649 Y98.253 E.03726
G1 X136.971 Y98.323 E.03582
G1 X136.293 Y98.244 E.03588
G1 X135.614 Y97.951 E.03887
G1 X134.936 Y97.37 E.04693
G1 X134.345 Y96.734 E.04563
G1 X133.7 Y97.941 E.07193
G1 X133.351 Y98.725 E.0451
G1 X132.638 Y100.853 E.11795
G1 X132.902 Y100.826 E.01395
G1 X133.58 Y100.905 E.03588
G1 X134.258 Y101.198 E.03882
G1 X134.936 Y101.779 E.04693
G1 X135.614 Y102.508 E.05232
G1 X136.293 Y103.097 E.04724
G1 X136.971 Y103.472 E.04072
G1 X137.649 Y103.678 E.03724
G1 X138.327 Y103.748 E.03582
G1 X139.005 Y103.67 E.03587
G1 X139.684 Y103.376 E.03889
G1 X140.362 Y102.795 E.04693
G1 X141.04 Y102.067 E.05229
G1 X141.718 Y101.478 E.0472
G1 X142.396 Y101.103 E.04072
G1 X143.075 Y100.896 E.03731
G1 X143.753 Y100.826 E.03582
G1 X144.431 Y100.905 E.03588
G1 X145.109 Y101.198 E.03882
G1 X145.787 Y101.779 E.04693
G1 X146.465 Y102.508 E.05232
G1 X147.144 Y103.097 E.04724
G1 X147.822 Y103.472 E.04072
G1 X148.5 Y103.678 E.03724
G1 X149.178 Y103.748 E.03582
G1 X149.856 Y103.67 E.03587
G1 X150.535 Y103.376 E.03889
G1 X151.213 Y102.795 E.04693
G1 X151.891 Y102.067 E.05229
G1 X152.569 Y101.478 E.0472
G1 X153.247 Y101.103 E.04072
G1 X153.926 Y100.896 E.03731
G1 X154.604 Y100.826 E.03582
G1 X155.282 Y100.905 E.03588
G1 X155.96 Y101.198 E.03882
G1 X156.638 Y101.779 E.04693
G1 X157.316 Y102.508 E.05232
G1 X157.995 Y103.097 E.04724
G1 X158.673 Y103.472 E.04072
G1 X159.351 Y103.678 E.03724
G1 X160.029 Y103.748 E.03582
G1 X160.707 Y103.67 E.03587
G1 X161.386 Y103.376 E.03889
G1 X162.064 Y102.795 E.04693
G1 X162.742 Y102.067 E.05229
G1 X163.42 Y101.478 E.0472
G1 X164.098 Y101.103 E.04072
G1 X164.401 Y101.01 E.01666
G1 X164.758 Y102.872 E.09964
G1 E-3 F7200
G1 Z3.4 F3000
G1 X164.884 Y104.446 F12000
G1 Z3.2 F3000
G1 E3 F7200
G1 F4746.238
G1 X164.838 Y106.34 E.09957
G1 X164.098 Y106.252 E.03917
G1 X163.42 Y106.33 E.03587
G1 X162.742 Y106.624 E.03884
G1 X162.064 Y107.205 E.04693
G1 X161.386 Y107.933 E.05229
G1 X160.707 Y108.522 E.04724
G1 X160.029 Y108.897 E.04072
G1 X159.351 Y109.104 E.03726
G1 X158.673 Y109.174 E.03582
G1 X157.995 Y109.095 E.03588
G1 X157.316 Y108.802 E.03887
G1 X156.638 Y108.221 E.04693
G1 X155.96 Y107.492 E.05232
G1 X155.282 Y106.903 E.0472
G1 X154.604 Y106.528 E.04072
G1 X153.926 Y106.322 E.03724
G1 X153.247 Y106.252 E.03588
G1 X152.569 Y106.33 E.03587
G1 X151.891 Y106.624 E.03884
G1 X151.213 Y107.205 E.04693
G1 X150.535 Y107.933 E.05229
G1 X149.856 Y108.522 E.04724
G1 X149.178 Y108.897 E.04072
G1 X148.5 Y109.104 E.03726
G1 X147.822 Y109.174 E.03582
G1 X147.144 Y109.095 E.03588
G1 X146.465 Y108.802 E.03887
G1 X145.787 Y108.221 E.04693
G1 X145.109 Y107.492 E.05232
G1 X144.431 Y106.903 E.0472
G1 X143.753 Y106.528 E.04072
G1 X143.075 Y106.322 E.03724
G1 X142.396 Y106.252 E.03588
G1 X141.718 Y106.33 E.03587
G1 X141.04 Y106.624 E.03884
G1 X140.362 Y107.205 E.04693
G1 X139.684 Y107.933 E.05229
G1 X139.005 Y108.522 E.04724
G1 X138.327 Y108.897 E.04072
G1 X137.649 Y109.104 E.03726
G1 X136.971 Y109.174 E.03582
G1 X136.293 Y109.095 E.03588
G1 X135.614 Y108.802 E.03887
G1 X134.936 Y108.221 E.04693
G1 X134.258 Y107.492 E.05232
G1 X133.58 Y106.903 E.0472
G1 X132.902 Y106.528 E.04072
G1 X132.157 Y106.315 E.04072
G1 X132.421 Y108.191 E.09957
G1 E-3 F7200
G1 Z3.4 F3000
M73 P59 R4
G1 X132.882 Y109.984 F12000
G1 Z3.2 F3000
G1 E3 F7200
G1 F4746.238
G1 X133.56 Y111.754 E.09962
G1 X134.258 Y112.049 E.03983
G1 X134.936 Y112.63 E.04693
G1 X135.614 Y113.359 E.05232
G1 X136.293 Y113.948 E.04724
G1 X136.971 Y114.323 E.04072
G1 X137.649 Y114.529 E.03724
G1 X138.327 Y114.599 E.03582
G1 X139.005 Y114.521 E.03587
G1 X139.684 Y114.227 E.03889
G1 X140.362 Y113.646 E.04693
G1 X141.04 Y112.918 E.05229
G1 X141.718 Y112.329 E.0472
G1 X142.396 Y111.954 E.04072
G1 X143.075 Y111.747 E.03731
G1 X143.753 Y111.677 E.03582
G1 X144.431 Y111.756 E.03588
G1 X145.109 Y112.049 E.03882
G1 X145.787 Y112.63 E.04693
G1 X146.465 Y113.359 E.05232
G1 X147.144 Y113.948 E.04724
G1 X147.822 Y114.323 E.04072
G1 X148.5 Y114.529 E.03724
G1 X149.178 Y114.599 E.03582
G1 X149.856 Y114.521 E.03587
G1 X150.535 Y114.227 E.03889
G1 X151.213 Y113.646 E.04693
G1 X151.891 Y112.918 E.05229
G1 X152.569 Y112.329 E.0472
G1 X153.247 Y111.954 E.04072
G1 X153.926 Y111.747 E.03731
G1 X154.604 Y111.677 E.03582
G1 X155.282 Y111.756 E.03588
G1 X155.96 Y112.049 E.03882
G1 X156.638 Y112.63 E.04693
G1 X157.316 Y113.359 E.05232
G1 X157.995 Y113.948 E.04724
G1 X158.673 Y114.323 E.04072
G1 X159.351 Y114.529 E.03724
G1 X160.029 Y114.599 E.03582
G1 X160.707 Y114.521 E.03587
G1 X161.386 Y114.227 E.03889
G1 X162.064 Y113.646 E.04693
G1 X162.958 Y112.73 E.06727
G1 X163.751 Y111.009 E.09959
G1 E-3 F7200
G1 Z3.4 F3000
G1 X155.059 Y120.023 F12000
G1 Z3.2 F3000
G1 E3 F7200
G1 F4746.238
G1 X156.751 Y119.168 E.09964
G1 X155.96 Y118.343 E.06007
G1 X155.282 Y117.754 E.0472
G1 X154.604 Y117.379 E.04072
G1 X153.926 Y117.173 E.03724
G1 X153.247 Y117.103 E.03588
G1 X152.569 Y117.181 E.03587
G1 X151.891 Y117.475 E.03884
G1 X151.213 Y118.056 E.04693
G1 X150.535 Y118.784 E.05229
G1 X149.856 Y119.373 E.04724
G1 X149.178 Y119.748 E.04072
G1 X148.5 Y119.955 E.03726
G1 X147.822 Y120.025 E.03582
G1 X147.144 Y119.946 E.03588
G1 X146.465 Y119.653 E.03887
G1 X145.787 Y119.072 E.04693
G1 X145.109 Y118.343 E.05232
G1 X144.431 Y117.754 E.0472
G1 X143.753 Y117.379 E.04072
G1 X143.075 Y117.173 E.03724
G1 X142.396 Y117.103 E.03588
G1 X141.718 Y117.181 E.03587
G1 X141.04 Y117.475 E.03884
G1 X140.362 Y118.056 E.04693
G1 X139.66 Y118.805 E.05395
G1 X141.313 Y119.732 E.09961
;LAYER_CHANGE
;Z:3.4
;HEIGHT:0.2

G1 E-3 F7200
G1 Z3.4 F3000
;AFTER_LAYER_CHANGE
;3.4
G92 E0
_ON_LAYER_CHANGE LAYER=17
G1 Z3.6
G1 X148.669 Y85.341 F12000
G1 Z3.4 F3000
G1 E3 F7200
;TYPE:External perimeter
;WIDTH:0.674999
G1 F4746.242
G1 X149.357 Y85.356 E.03617
G1 X150.385 Y85.428 E.05416
G1 X151.407 Y85.554 E.05412
G1 X152.421 Y85.732 E.05411
G1 X153.311 Y85.936 E.04799
G1 X154.084 Y86.147 E.04211
G1 X155.064 Y86.465 E.05415
G1 X156.026 Y86.835 E.05417
G1 X156.653 Y87.107 E.03592
G1 X157.579 Y87.559 E.05416
G1 X158.48 Y88.058 E.05413
G1 X159.353 Y88.604 E.05412
G1 X160.196 Y89.194 E.05408
G1 X161.007 Y89.828 E.0541
G1 X161.784 Y90.504 E.05413
G1 X162.524 Y91.219 E.05408
G1 X163.226 Y91.972 E.05411
G1 X163.889 Y92.761 E.05416
G1 X164.305 Y93.303 E.03591
G1 X164.896 Y94.148 E.0542
G1 X165.442 Y95.021 E.05412
G1 X165.941 Y95.921 E.05409
G1 X166.392 Y96.846 E.05409
G1 X166.795 Y97.795 E.05419
G1 X167.034 Y98.435 E.03591
G1 X167.353 Y99.416 E.05422
G1 X167.619 Y100.41 E.05408
G1 X167.833 Y101.417 E.05411
G1 X167.994 Y102.434 E.05412
G1 X168.066 Y103.119 E.0362
G1 X168.123 Y103.8 E.03592
G1 X168.15 Y104.483 E.03592
G1 X168.162 Y105.173 E.03627
G1 X168.144 Y105.856 E.03591
G1 X168.072 Y106.885 E.05421
G1 X167.946 Y107.907 E.05412
G1 X167.768 Y108.92 E.05406
G1 X167.536 Y109.923 E.05411
G1 X167.252 Y110.913 E.05413
G1 X166.917 Y111.886 E.05408
G1 X166.531 Y112.841 E.05414
G1 X166.096 Y113.774 E.0541
G1 X165.612 Y114.684 E.05417
G1 X165.266 Y115.273 E.0359
G1 X164.703 Y116.138 E.05424
G1 X164.307 Y116.695 E.03592
G1 X163.672 Y117.507 E.05418
G1 X162.996 Y118.284 E.05413
G1 X162.281 Y119.024 E.05408
G1 X161.528 Y119.726 E.05411
G1 X160.74 Y120.388 E.05409
G1 X159.918 Y121.008 E.05411
G1 X159.063 Y121.584 E.05418
G1 X158.48 Y121.941 E.03593
G1 X157.579 Y122.441 E.05416
G1 X156.654 Y122.892 E.05409
G1 X155.705 Y123.295 E.05419
G1 X155.065 Y123.534 E.03591
G1 X154.084 Y123.853 E.05422
G1 X153.09 Y124.119 E.05408
G1 X152.083 Y124.333 E.05411
G1 X151.066 Y124.494 E.05412
G1 X150.158 Y124.592 E.048
G1 X149.358 Y124.644 E.04213
G1 X148.327 Y124.662 E.0542
G1 X147.644 Y124.644 E.03591
G1 X146.615 Y124.572 E.05421
G1 X145.593 Y124.446 E.05412
G1 X144.578 Y124.267 E.05417
G1 X143.911 Y124.119 E.03591
G1 X142.915 Y123.853 E.05418
G1 X141.936 Y123.535 E.0541
G1 X140.974 Y123.165 E.05417
G1 X140.347 Y122.893 E.03592
G1 X139.421 Y122.441 E.05416
G1 X138.52 Y121.942 E.05413
G1 X137.647 Y121.396 E.05412
G1 X136.804 Y120.806 E.05408
G1 X135.993 Y120.172 E.0541
G1 X135.216 Y119.496 E.05413
G1 X134.476 Y118.781 E.05408
G1 X133.774 Y118.028 E.05411
G1 X133.111 Y117.239 E.05416
G1 X132.695 Y116.697 E.03591
G1 X132.103 Y115.852 E.05423
G1 X131.618 Y115.079 E.04796
G1 X131.221 Y114.383 E.04211
G1 X130.753 Y113.465 E.05416
G1 X130.334 Y112.524 E.05414
G1 X129.965 Y111.563 E.0541
G1 X129.647 Y110.584 E.0541
G1 X129.381 Y109.589 E.05413
G1 X129.189 Y108.697 E.04796
G1 X129.054 Y107.907 E.04212
G1 X128.928 Y106.884 E.05417
G1 X128.856 Y105.857 E.05411
G1 X128.838 Y104.828 E.05409
G1 X128.874 Y103.799 E.05411
G1 X128.952 Y102.889 E.048
G1 X129.053 Y102.094 E.04212
G1 X129.232 Y101.08 E.05412
G1 X129.464 Y100.077 E.05411
G1 X129.748 Y99.087 E.05413
G1 X130.083 Y98.113 E.05413
G1 X130.423 Y97.266 E.04797
G1 X130.753 Y96.536 E.04211
G1 X131.221 Y95.618 E.05416
G1 X131.735 Y94.726 E.05411
G1 X132.296 Y93.863 E.0541
G1 X132.901 Y93.03 E.05411
G1 X133.474 Y92.319 E.04799
G1 X134.003 Y91.717 E.04212
G1 X134.719 Y90.976 E.05416
G1 X135.472 Y90.273 E.05414
G1 X136.17 Y89.685 E.04797
G1 X136.804 Y89.195 E.04211
G1 X137.648 Y88.604 E.05415
G1 X138.521 Y88.058 E.05412
G1 X139.319 Y87.614 E.048
G1 X140.035 Y87.253 E.04214
G1 X140.976 Y86.834 E.05414
G1 X141.937 Y86.465 E.0541
G1 X142.805 Y86.181 E.048
G1 X143.576 Y85.964 E.0421
G1 X144.58 Y85.732 E.05416
G1 X145.594 Y85.554 E.05411
G1 X146.616 Y85.428 E.05412
G1 X147.643 Y85.356 E.05411
G1 X148.556 Y85.338 E.04799
G1 X148.639 Y85.34 E.00436
G1 X149.239 Y85.354 F12000
G1 X148.655 Y86.135
;TYPE:Perimeter
T1
;WIDTH:0.999999
G1 F3134.537
G1 X149.32 Y86.15 E.05294
G1 X150.309 Y86.219 E.0789
G1 X151.289 Y86.34 E.07858
G1 X152.263 Y86.512 E.07871
G1 X153.117 Y86.707 E.06971
G1 X153.856 Y86.909 E.06097
G1 X154.798 Y87.215 E.07882
G1 X155.725 Y87.571 E.07903
G1 X156.32 Y87.829 E.05161
G1 X157.212 Y88.264 E.07898
G1 X158.076 Y88.743 E.07862
G1 X158.914 Y89.267 E.07865
G1 X159.723 Y89.833 E.07857
G1 X160.501 Y90.442 E.07863
G1 X161.247 Y91.09 E.07864
G1 X161.957 Y91.776 E.07857
G1 X162.631 Y92.498 E.0786
G1 X163.269 Y93.259 E.07903
G1 X163.664 Y93.773 E.05159
G1 X164.234 Y94.587 E.07908
G1 X164.757 Y95.424 E.07854
G1 X165.236 Y96.288 E.07862
G1 X165.669 Y97.176 E.07862
G1 X166.057 Y98.09 E.07902
G1 X166.284 Y98.697 E.05157
G1 X166.591 Y99.642 E.07907
G1 X166.846 Y100.596 E.07859
G1 X167.052 Y101.562 E.0786
G1 X167.206 Y102.538 E.07863
G1 X167.276 Y103.202 E.05313
G1 X167.33 Y103.849 E.05167
G1 X167.355 Y104.497 E.05161
G1 X167.367 Y105.17 E.05357
G1 X167.35 Y105.818 E.05159
G1 X167.281 Y106.809 E.07906
G1 X167.16 Y107.789 E.07858
G1 X166.989 Y108.762 E.07862
G1 X166.767 Y109.724 E.07857
G1 X166.494 Y110.674 E.07866
G1 X166.173 Y111.608 E.0786
G1 X165.803 Y112.524 E.07862
G1 X165.385 Y113.419 E.07861
G1 X164.919 Y114.295 E.07896
G1 X164.59 Y114.854 E.05162
G1 X164.046 Y115.691 E.07944
G1 X163.67 Y116.219 E.05158
G1 X163.059 Y117.001 E.07898
G1 X162.41 Y117.747 E.07869
G1 X161.724 Y118.457 E.07857
G1 X161.002 Y119.131 E.0786
G1 X160.245 Y119.766 E.07863
G1 X159.456 Y120.36 E.07859
G1 X158.633 Y120.916 E.07904
G1 X158.08 Y121.255 E.05162
G1 X157.212 Y121.736 E.07897
G1 X156.324 Y122.169 E.07862
G1 X155.41 Y122.557 E.07902
G1 X154.803 Y122.784 E.05157
G1 X153.858 Y123.091 E.07907
G1 X152.904 Y123.346 E.07859
G1 X151.938 Y123.552 E.0786
G1 X150.961 Y123.706 E.07871
G1 X150.09 Y123.8 E.06972
G1 X149.325 Y123.85 E.06101
G1 X148.33 Y123.867 E.0792
G1 X147.682 Y123.85 E.05159
G1 X146.691 Y123.781 E.07906
G1 X145.711 Y123.66 E.07858
G1 X144.733 Y123.488 E.07903
G1 X144.1 Y123.347 E.05161
G1 X143.141 Y123.09 E.07901
G1 X142.202 Y122.785 E.07857
G1 X141.275 Y122.429 E.07903
G1 X140.68 Y122.171 E.05161
G1 X139.788 Y121.736 E.07898
G1 X138.924 Y121.257 E.07862
M73 P60 R4
G1 X138.086 Y120.733 E.07865
G1 X137.277 Y120.167 E.07857
G1 X136.499 Y119.558 E.07863
G1 X135.753 Y118.91 E.07864
G1 X135.043 Y118.224 E.07857
G1 X134.369 Y117.502 E.0786
G1 X133.731 Y116.741 E.07903
G1 X133.336 Y116.227 E.05159
G1 X132.766 Y115.412 E.07915
G1 X132.3 Y114.67 E.06973
G1 X131.92 Y114.005 E.06095
G1 X131.47 Y113.122 E.07887
G1 X131.069 Y112.22 E.07856
G1 X130.715 Y111.298 E.0786
G1 X130.409 Y110.358 E.07867
G1 X130.153 Y109.403 E.07868
G1 X129.969 Y108.546 E.06976
G1 X129.84 Y107.791 E.06095
G1 X129.719 Y106.808 E.07882
G1 X129.65 Y105.823 E.07858
G1 X129.633 Y104.835 E.07864
G1 X129.668 Y103.847 E.07868
G1 X129.742 Y102.974 E.06972
G1 X129.839 Y102.214 E.06097
G1 X130.011 Y101.238 E.07887
G1 X130.234 Y100.276 E.07859
G1 X130.506 Y99.326 E.07864
G1 X130.828 Y98.391 E.0787
G1 X131.154 Y97.578 E.06971
G1 X131.469 Y96.88 E.06094
G1 X131.919 Y95.997 E.07887
G1 X132.413 Y95.142 E.07858
G1 X132.951 Y94.313 E.07865
G1 X133.532 Y93.513 E.07868
G1 X134.082 Y92.831 E.06972
G1 X134.588 Y92.255 E.06101
G1 X135.276 Y91.543 E.07879
G1 X135.999 Y90.868 E.07872
G1 X136.669 Y90.303 E.06975
G1 X137.275 Y89.835 E.06093
G1 X138.087 Y89.266 E.07891
G1 X138.925 Y88.742 E.07865
G1 X139.691 Y88.316 E.06975
G1 X140.375 Y87.971 E.06097
G1 X141.28 Y87.569 E.07881
G1 X142.203 Y87.214 E.0787
G1 X143.036 Y86.942 E.06974
G1 X143.773 Y86.734 E.06094
G1 X144.739 Y86.511 E.0789
G1 X145.711 Y86.34 E.07854
G1 X146.692 Y86.219 E.07866
G1 X147.679 Y86.15 E.07874
G1 X148.555 Y86.133 E.06973
G1 X148.625 Y86.135 E.00557
G1 X148.638 Y87.092 F12000
G1 F3134.537
G1 X149.276 Y87.107 E.05079
G1 X150.217 Y87.172 E.07506
G1 X151.148 Y87.287 E.07465
G1 X152.073 Y87.45 E.07475
G1 X152.884 Y87.635 E.0662
G1 X153.582 Y87.826 E.05759
G1 X154.479 Y88.117 E.07505
G1 X155.363 Y88.457 E.07537
G1 X155.919 Y88.699 E.04826
G1 X156.77 Y89.114 E.07535
G1 X157.59 Y89.568 E.07459
G1 X158.386 Y90.065 E.07468
G1 X159.154 Y90.603 E.07462
G1 X159.892 Y91.18 E.07455
G1 X160.6 Y91.795 E.07463
G1 X161.275 Y92.447 E.07468
G1 X161.914 Y93.133 E.07461
G1 X162.523 Y93.858 E.07535
G1 X162.892 Y94.339 E.04825
G1 X163.435 Y95.115 E.07537
G1 X163.932 Y95.91 E.07461
G1 X164.387 Y96.73 E.07463
G1 X164.798 Y97.573 E.07464
G1 X165.168 Y98.444 E.07531
G1 X165.38 Y99.013 E.04832
G1 X165.673 Y99.913 E.07532
G1 X165.915 Y100.819 E.07463
G1 X166.11 Y101.736 E.07461
G1 X166.257 Y102.662 E.07462
G1 X166.324 Y103.302 E.05121
G1 X166.374 Y103.907 E.04831
G1 X166.398 Y104.513 E.04826
G1 X166.41 Y105.166 E.05198
G1 X166.394 Y105.772 E.04824
G1 X166.328 Y106.717 E.07539
G1 X166.213 Y107.648 E.07465
G1 X166.051 Y108.571 E.07458
G1 X165.84 Y109.485 E.07465
G1 X165.581 Y110.386 E.07461
G1 X165.276 Y111.272 E.07457
G1 X164.925 Y112.142 E.07466
G1 X164.528 Y112.992 E.07466
G1 X164.084 Y113.828 E.07533
G1 X163.776 Y114.351 E.0483
G1 X163.255 Y115.152 E.07604
G1 X162.903 Y115.646 E.04827
G1 X162.32 Y116.392 E.07535
G1 X161.705 Y117.1 E.07463
G1 X161.053 Y117.775 E.07468
G1 X160.367 Y118.414 E.07461
G1 X159.649 Y119.017 E.07462
G1 X158.9 Y119.581 E.07462
G1 X158.115 Y120.11 E.07533
G1 X157.598 Y120.428 E.0483
G1 X156.77 Y120.887 E.07534
G1 X155.927 Y121.298 E.07464
G1 X155.056 Y121.668 E.07531
G1 X154.487 Y121.88 E.04832
G1 X153.587 Y122.173 E.07532
G1 X152.681 Y122.415 E.07463
G1 X151.764 Y122.61 E.07461
G1 X150.835 Y122.757 E.07485
G1 X150.008 Y122.846 E.06619
G1 X149.286 Y122.893 E.05758
G1 X148.334 Y122.91 E.07577
G1 X147.728 Y122.894 E.04824
G1 X146.783 Y122.828 E.07539
G1 X145.852 Y122.713 E.07465
G1 X144.92 Y122.549 E.07531
G1 X144.327 Y122.418 E.04833
G1 X143.413 Y122.173 E.07531
G1 X142.521 Y121.883 E.07464
G1 X141.637 Y121.543 E.07537
G1 X141.081 Y121.301 E.04826
G1 X140.23 Y120.886 E.07535
G1 X139.41 Y120.432 E.07459
G1 X138.614 Y119.935 E.07468
G1 X137.846 Y119.397 E.07462
G1 X137.108 Y118.82 E.07455
G1 X136.4 Y118.205 E.07463
G1 X135.725 Y117.553 E.07468
G1 X135.086 Y116.867 E.07461
G1 X134.477 Y116.142 E.07535
G1 X134.108 Y115.661 E.04825
G1 X133.564 Y114.883 E.07555
G1 X133.121 Y114.178 E.06626
G1 X132.763 Y113.55 E.05753
G1 X132.334 Y112.71 E.07506
G1 X131.953 Y111.854 E.07456
G1 X131.617 Y110.978 E.07467
G1 X131.327 Y110.087 E.07457
G1 X131.084 Y109.179 E.0748
G1 X130.909 Y108.365 E.06626
G1 X130.787 Y107.652 E.05757
G1 X130.672 Y106.716 E.07505
G1 X130.607 Y105.781 E.07459
G1 X130.591 Y104.843 E.07466
G1 X130.623 Y103.904 E.07477
G1 X130.694 Y103.075 E.06621
G1 X130.786 Y102.358 E.05753
G1 X130.949 Y101.429 E.07506
G1 X131.16 Y100.515 E.07465
G1 X131.419 Y99.614 E.07461
G1 X131.725 Y98.725 E.07482
G1 X132.035 Y97.953 E.06621
G1 X132.332 Y97.294 E.05752
G1 X132.76 Y96.454 E.07503
G1 X133.229 Y95.642 E.07462
G1 X133.74 Y94.855 E.07467
G1 X134.292 Y94.095 E.07475
G1 X134.815 Y93.447 E.06627
G1 X135.292 Y92.904 E.05752
G1 X135.947 Y92.225 E.07508
G1 X136.634 Y91.584 E.07477
G1 X137.271 Y91.048 E.06625
G1 X137.843 Y90.606 E.05753
G1 X138.615 Y90.065 E.07502
G1 X139.412 Y89.567 E.07479
G1 X140.139 Y89.162 E.06623
G1 X140.785 Y88.837 E.05755
G1 X141.646 Y88.453 E.07503
G1 X142.524 Y88.116 E.07484
G1 X143.315 Y87.857 E.06624
G1 X144.011 Y87.661 E.05754
G1 X144.93 Y87.449 E.07506
G1 X145.853 Y87.287 E.07458
G1 X146.784 Y87.172 E.07465
G1 X147.721 Y87.107 E.07475
G1 X148.553 Y87.09 E.06623
G1 X148.608 Y87.092 E.00438
G1 X148.622 Y88.049 F12000
G1 F3134.537
G1 X149.232 Y88.063 E.04856
G1 X150.125 Y88.125 E.07124
G1 X151.006 Y88.234 E.07065
G1 X151.883 Y88.388 E.07086
G1 X152.652 Y88.564 E.06278
G1 X153.308 Y88.743 E.05411
G1 X154.159 Y89.02 E.07122
G1 X155 Y89.343 E.07169
G1 X155.518 Y89.568 E.04494
G1 X156.328 Y89.963 E.07172
G1 X157.104 Y90.393 E.0706
G1 X157.857 Y90.864 E.07068
G1 X158.584 Y91.373 E.07063
G1 X159.283 Y91.919 E.07059
G1 X159.953 Y92.501 E.07063
G1 X160.592 Y93.118 E.07069
G1 X161.197 Y93.767 E.07061
G1 X161.776 Y94.457 E.07168
G1 X162.12 Y94.905 E.04495
G1 X162.637 Y95.643 E.07171
G1 X163.107 Y96.396 E.07064
G1 X163.537 Y97.172 E.0706
G1 X163.926 Y97.97 E.07065
G1 X164.278 Y98.799 E.07167
G1 X164.476 Y99.329 E.04503
G1 X164.755 Y100.185 E.07165
G1 X164.984 Y101.043 E.07067
G1 X165.169 Y101.911 E.07063
G1 X165.308 Y102.787 E.07059
G1 X165.372 Y103.402 E.04921
G1 X165.441 Y104.53 E.08994
G1 X165.452 Y105.161 E.05022
G1 X165.438 Y105.726 E.04498
G1 X165.375 Y106.625 E.07172
G1 X165.266 Y107.506 E.07065
G1 X165.112 Y108.38 E.07063
G1 X164.913 Y109.245 E.07064
G1 X164.668 Y110.098 E.07063
G1 X164.379 Y110.937 E.07062
G1 X164.047 Y111.76 E.07062
G1 X163.671 Y112.565 E.07071
G1 X163.249 Y113.36 E.07163
G1 X162.962 Y113.847 E.04499
G1 X162.464 Y114.613 E.07271
G1 X162.136 Y115.074 E.04503
G1 X161.581 Y115.783 E.07165
G1 X160.999 Y116.453 E.07063
G1 X160.382 Y117.092 E.07069
G1 X159.733 Y117.697 E.07061
G1 X159.053 Y118.267 E.07061
G1 X158.344 Y118.802 E.07068
G1 X157.597 Y119.305 E.07167
G1 X157.116 Y119.601 E.04495
G1 X156.328 Y120.037 E.07167
G1 X155.53 Y120.426 E.07065
G1 X154.701 Y120.778 E.07167
G1 X154.171 Y120.976 E.04503
G1 X153.315 Y121.255 E.07165
G1 X152.457 Y121.484 E.07067
G1 X151.589 Y121.669 E.07063
G1 X150.709 Y121.808 E.0709
G1 X149.926 Y121.892 E.06267
G1 X149.247 Y121.936 E.05415
G1 X148.339 Y121.952 E.07227
G1 X147.774 Y121.937 E.04498
G1 X146.875 Y121.875 E.07171
G1 X145.994 Y121.766 E.07065
G1 X145.107 Y121.61 E.07167
G1 X144.555 Y121.488 E.04499
G1 X143.685 Y121.255 E.07168
G1 X142.841 Y120.98 E.07064
G1 X142 Y120.657 E.07169
G1 X141.482 Y120.432 E.04494
G1 X140.672 Y120.037 E.07172
G1 X139.896 Y119.607 E.0706
G1 X139.143 Y119.136 E.07068
G1 X138.416 Y118.627 E.07063
G1 X137.717 Y118.081 E.07059
G1 X137.047 Y117.499 E.07063
G1 X136.408 Y116.882 E.07069
G1 X135.803 Y116.233 E.07061
G1 X135.224 Y115.543 E.07168
G1 X134.88 Y115.095 E.04495
G1 X134.361 Y114.354 E.072
G1 X133.942 Y113.687 E.06269
G1 X133.605 Y113.096 E.05414
G1 X133.199 Y112.298 E.07125
G1 X132.838 Y111.487 E.07065
G1 X132.52 Y110.659 E.07059
G1 X132.245 Y109.815 E.07064
G1 X132.015 Y108.954 E.07092
G1 X131.849 Y108.184 E.06269
G1 X131.734 Y107.513 E.05418
G1 X131.625 Y106.625 E.0712
G1 X131.563 Y105.739 E.07068
G1 X131.548 Y104.852 E.0706
G1 X131.579 Y103.961 E.07095
G1 X131.646 Y103.176 E.0627
G1 X131.732 Y102.501 E.05415
G1 X131.888 Y101.62 E.0712
G1 X132.087 Y100.755 E.07064
G1 X132.332 Y99.902 E.07063
G1 X132.622 Y99.06 E.07087
G1 X132.916 Y98.328 E.06278
G1 X133.195 Y97.708 E.05411
G1 X133.602 Y96.911 E.07122
G1 X134.046 Y96.142 E.07067
G1 X134.529 Y95.398 E.07059
G1 X135.053 Y94.677 E.07093
G1 X135.547 Y94.063 E.06271
G1 X135.996 Y93.552 E.05413
G1 X136.618 Y92.908 E.07125
G1 X137.269 Y92.301 E.07083
G1 X137.872 Y91.793 E.06275
G1 X138.41 Y91.377 E.05412
G1 X139.143 Y90.863 E.07125
G1 X139.899 Y90.391 E.07093
G1 X140.587 Y90.008 E.06266
G1 X141.195 Y89.702 E.05417
G1 X142.013 Y89.338 E.07125
G1 X142.844 Y89.018 E.07087
G1 X143.593 Y88.773 E.06271
G1 X144.248 Y88.589 E.05414
G1 X145.12 Y88.388 E.07121
G1 X145.994 Y88.233 E.07064
G1 X146.875 Y88.125 E.07064
G1 X147.764 Y88.063 E.07092
G1 X148.552 Y88.048 E.06272
G1 X148.592 Y88.049 E.00318
G1 E-3 F7200
G1 Z3.6 F3000
G1 X139.011 Y91.634 F12000
G1 Z3.4 F3000
G1 E3 F7200
;TYPE:Internal infill
T0
;WIDTH:0.675
G1 F4746.238
G1 X137.531 Y92.817 E.09958
G1 X138.327 Y92.991 E.04282
G1 X139.005 Y92.977 E.03564
G1 X139.684 Y92.749 E.03764
G1 X140.362 Y92.185 E.04635
G1 X141.04 Y91.39 E.05491
G1 X141.718 Y90.717 E.05021
G1 X142.396 Y90.275 E.04254
G1 X143.075 Y90.01 E.03831
G1 X143.753 Y89.881 E.03627
G1 X144.431 Y89.895 E.03564
G1 X145.109 Y90.123 E.03759
G1 X145.787 Y90.687 E.04635
G1 X146.465 Y91.482 E.05491
G1 X147.144 Y92.155 E.05025
G1 X147.822 Y92.598 E.04257
G1 X148.5 Y92.863 E.03826
G1 X149.178 Y92.991 E.03626
G1 X149.856 Y92.977 E.03564
M73 P61 R4
G1 X150.535 Y92.749 E.03764
G1 X151.213 Y92.185 E.04635
G1 X151.891 Y91.39 E.05491
G1 X152.569 Y90.717 E.05021
G1 X153.247 Y90.275 E.04254
G1 X153.926 Y90.01 E.03831
G1 X154.604 Y89.881 E.03627
G1 X154.858 Y89.886 E.01335
G1 X156.772 Y90.844 E.11249
G1 X157.995 Y92.155 E.09423
G1 X158.673 Y92.598 E.04257
G1 X159.57 Y92.904 E.04981
G1 X160.781 Y94.135 E.09076
G1 X161.672 Y95.234 E.07436
G1 X162.203 Y95.997 E.04886
G1 X160.707 Y97.581 E.11451
G1 X160.029 Y98.023 E.04254
G1 X159.351 Y98.288 E.03826
G1 X158.673 Y98.417 E.03627
G1 X157.995 Y98.403 E.03564
G1 X157.316 Y98.175 E.03764
G1 X156.638 Y97.611 E.04635
G1 X155.96 Y96.816 E.05491
G1 X155.282 Y96.143 E.05021
G1 X154.604 Y95.7 E.04257
G1 X153.926 Y95.435 E.03826
G1 X153.247 Y95.307 E.03632
G1 X152.569 Y95.321 E.03564
G1 X151.891 Y95.549 E.03759
G1 X151.213 Y96.112 E.04632
G1 X150.535 Y96.908 E.05495
G1 X149.856 Y97.581 E.05025
G1 X149.178 Y98.023 E.04254
G1 X148.5 Y98.288 E.03826
G1 X147.822 Y98.417 E.03627
G1 X147.144 Y98.403 E.03564
G1 X146.465 Y98.175 E.03764
G1 X145.787 Y97.611 E.04635
G1 X145.109 Y96.816 E.05491
G1 X144.431 Y96.143 E.05021
G1 X143.753 Y95.7 E.04257
G1 X143.075 Y95.435 E.03826
G1 X142.396 Y95.307 E.03632
G1 X141.718 Y95.321 E.03564
G1 X141.04 Y95.549 E.03759
G1 X140.362 Y96.112 E.04632
G1 X139.684 Y96.908 E.05495
G1 X139.005 Y97.581 E.05025
G1 X138.327 Y98.023 E.04254
G1 X137.649 Y98.288 E.03826
G1 X136.971 Y98.417 E.03627
G1 X136.293 Y98.403 E.03564
G1 X135.614 Y98.175 E.03764
G1 X134.936 Y97.611 E.04635
G1 X134.282 Y96.844 E.05298
G1 X133.427 Y98.546 E.10011
G1 X132.862 Y100.069 E.08538
G1 X132.658 Y100.778 E.03878
G1 X133.58 Y100.746 E.04849
G1 X134.258 Y100.974 E.03759
G1 X134.936 Y101.538 E.04635
G1 X135.614 Y102.333 E.05491
G1 X136.293 Y103.006 E.05025
G1 X136.971 Y103.449 E.04257
G1 X137.649 Y103.714 E.03826
G1 X138.327 Y103.842 E.03626
G1 X139.005 Y103.828 E.03564
G1 X139.684 Y103.6 E.03764
G1 X140.362 Y103.037 E.04632
G1 X141.04 Y102.241 E.05495
G1 X141.718 Y101.568 E.05021
G1 X142.396 Y101.126 E.04254
G1 X143.075 Y100.861 E.03831
G1 X143.753 Y100.732 E.03627
G1 X144.431 Y100.746 E.03564
G1 X145.109 Y100.974 E.03759
G1 X145.787 Y101.538 E.04635
G1 X146.465 Y102.333 E.05491
G1 X147.144 Y103.006 E.05025
G1 X147.822 Y103.449 E.04257
G1 X148.5 Y103.714 E.03826
G1 X149.178 Y103.842 E.03626
G1 X149.856 Y103.828 E.03564
G1 X150.535 Y103.6 E.03764
G1 X151.213 Y103.037 E.04632
G1 X151.891 Y102.241 E.05495
G1 X152.569 Y101.568 E.05021
G1 X153.247 Y101.126 E.04254
G1 X153.926 Y100.861 E.03831
G1 X154.604 Y100.732 E.03627
G1 X155.282 Y100.746 E.03564
G1 X155.96 Y100.974 E.03759
G1 X156.638 Y101.538 E.04635
G1 X157.316 Y102.333 E.05491
G1 X157.995 Y103.006 E.05025
G1 X158.673 Y103.449 E.04257
G1 X159.351 Y103.714 E.03826
G1 X160.029 Y103.842 E.03626
G1 X160.707 Y103.828 E.03564
G1 X161.386 Y103.6 E.03764
G1 X162.064 Y103.037 E.04632
G1 X162.742 Y102.241 E.05495
G1 X163.42 Y101.568 E.05021
G1 X164.098 Y101.126 E.04254
G1 X164.4 Y101.008 E.01704
G1 X164.758 Y102.869 E.0996
G1 E-3 F7200
G1 Z3.6 F3000
G1 X164.884 Y104.417 F12000
G1 Z3.4 F3000
G1 E3 F7200
G1 F4746.238
G1 X164.84 Y106.311 E.09957
G1 X164.098 Y106.158 E.03982
G1 X163.42 Y106.172 E.03564
G1 X162.742 Y106.4 E.03759
G1 X162.064 Y106.963 E.04632
G1 X161.386 Y107.759 E.05495
G1 X160.707 Y108.432 E.05025
G1 X160.029 Y108.874 E.04254
G1 X159.351 Y109.139 E.03826
G1 X158.673 Y109.268 E.03627
G1 X157.995 Y109.254 E.03564
G1 X157.316 Y109.026 E.03764
G1 X156.638 Y108.462 E.04635
G1 X155.96 Y107.667 E.05491
G1 X155.282 Y106.994 E.05021
G1 X154.604 Y106.551 E.04257
G1 X153.926 Y106.286 E.03826
G1 X153.247 Y106.158 E.03632
G1 X152.569 Y106.172 E.03564
G1 X151.891 Y106.4 E.03759
G1 X151.213 Y106.963 E.04632
G1 X150.535 Y107.759 E.05495
G1 X149.856 Y108.432 E.05025
G1 X149.178 Y108.874 E.04254
G1 X148.5 Y109.139 E.03826
G1 X147.822 Y109.268 E.03627
G1 X147.144 Y109.254 E.03564
G1 X146.465 Y109.026 E.03764
G1 X145.787 Y108.462 E.04635
G1 X145.109 Y107.667 E.05491
G1 X144.431 Y106.994 E.05021
G1 X143.753 Y106.551 E.04257
G1 X143.075 Y106.286 E.03826
G1 X142.396 Y106.158 E.03632
G1 X141.718 Y106.172 E.03564
G1 X141.04 Y106.4 E.03759
G1 X140.362 Y106.963 E.04632
G1 X139.684 Y107.759 E.05495
G1 X139.005 Y108.432 E.05025
G1 X138.327 Y108.874 E.04254
G1 X137.649 Y109.139 E.03826
G1 X136.971 Y109.268 E.03627
G1 X136.293 Y109.254 E.03564
G1 X135.614 Y109.026 E.03764
G1 X134.936 Y108.462 E.04635
G1 X134.258 Y107.667 E.05491
G1 X133.58 Y106.994 E.05021
G1 X132.902 Y106.551 E.04257
G1 X132.157 Y106.274 E.04177
G1 X132.41 Y108.152 E.09959
G1 E-3 F7200
G1 Z3.6 F3000
G1 X132.831 Y109.82 F12000
G1 Z3.4 F3000
G1 E3 F7200
G1 F4746.238
G1 X133.494 Y111.595 E.09959
G1 X134.258 Y111.825 E.04193
G1 X134.936 Y112.389 E.04635
G1 X135.614 Y113.184 E.05491
G1 X136.293 Y113.857 E.05025
G1 X136.971 Y114.3 E.04257
G1 X137.649 Y114.565 E.03826
G1 X138.327 Y114.693 E.03626
G1 X139.005 Y114.679 E.03564
G1 X139.684 Y114.451 E.03764
G1 X140.362 Y113.888 E.04632
G1 X141.04 Y113.092 E.05495
G1 X141.718 Y112.419 E.05021
G1 X142.396 Y111.977 E.04254
G1 X143.075 Y111.712 E.03831
G1 X143.753 Y111.583 E.03627
G1 X144.431 Y111.597 E.03564
G1 X145.109 Y111.825 E.03759
G1 X145.787 Y112.389 E.04635
G1 X146.465 Y113.184 E.05491
G1 X147.144 Y113.857 E.05025
G1 X147.822 Y114.3 E.04257
G1 X148.5 Y114.565 E.03826
G1 X149.178 Y114.693 E.03626
G1 X149.856 Y114.679 E.03564
G1 X150.535 Y114.451 E.03764
G1 X151.213 Y113.888 E.04632
G1 X151.891 Y113.092 E.05495
G1 X152.569 Y112.419 E.05021
G1 X153.247 Y111.977 E.04254
G1 X153.926 Y111.712 E.03831
G1 X154.604 Y111.583 E.03627
G1 X155.282 Y111.597 E.03564
G1 X155.96 Y111.825 E.03759
G1 X156.638 Y112.389 E.04635
G1 X157.316 Y113.184 E.05491
G1 X157.995 Y113.857 E.05025
G1 X158.673 Y114.3 E.04257
G1 X159.351 Y114.565 E.03826
G1 X160.029 Y114.693 E.03626
G1 X160.707 Y114.679 E.03564
G1 X161.386 Y114.451 E.03764
G1 X162.064 Y113.888 E.04632
G1 X162.784 Y113.051 E.05803
G1 X163.615 Y111.347 E.09964
G1 E-3 F7200
G1 Z3.6 F3000
G1 X154.891 Y120.094 F12000
G1 Z3.4 F3000
M73 P62 R4
G1 E3 F7200
G1 F4746.238
G1 X156.59 Y119.257 E.09954
G1 X155.96 Y118.518 E.05104
G1 X155.282 Y117.845 E.05021
G1 X154.604 Y117.402 E.04257
G1 X153.926 Y117.137 E.03826
G1 X153.247 Y117.009 E.03632
G1 X152.569 Y117.023 E.03564
G1 X151.891 Y117.251 E.03759
G1 X151.213 Y117.815 E.04635
G1 X150.535 Y118.61 E.05491
G1 X149.856 Y119.283 E.05025
G1 X149.178 Y119.725 E.04254
M73 P62 R3
G1 X148.5 Y119.99 E.03826
G1 X147.822 Y120.119 E.03627
G1 X147.144 Y120.105 E.03564
G1 X146.465 Y119.877 E.03764
G1 X145.787 Y119.313 E.04635
G1 X145.109 Y118.518 E.05491
G1 X144.431 Y117.845 E.05021
G1 X143.753 Y117.402 E.04257
G1 X143.075 Y117.137 E.03826
G1 X142.396 Y117.009 E.03632
G1 X141.718 Y117.023 E.03564
G1 X141.04 Y117.251 E.03759
G1 X140.362 Y117.815 E.04635
G1 X139.554 Y118.738 E.06447
G1 X141.2 Y119.677 E.0996
;LAYER_CHANGE
;Z:3.6
;HEIGHT:0.2

G1 E-3 F7200
G1 Z3.6 F3000
;AFTER_LAYER_CHANGE
;3.6
G92 E0
_ON_LAYER_CHANGE LAYER=18
G1 Z3.8
G1 X148.669 Y85.341 F12000
G1 Z3.6 F3000
G1 E3 F7200
;TYPE:External perimeter
;WIDTH:0.674999
G1 F4746.242
G1 X149.357 Y85.356 E.03617
G1 X150.385 Y85.428 E.05416
G1 X151.407 Y85.554 E.05412
G1 X152.421 Y85.732 E.05411
G1 X153.324 Y85.939 E.04869
G1 X154.084 Y86.147 E.04141
G1 X155.064 Y86.465 E.05415
G1 X156.026 Y86.835 E.05417
G1 X156.653 Y87.107 E.03592
G1 X157.579 Y87.559 E.05416
G1 X158.48 Y88.058 E.05413
G1 X159.353 Y88.604 E.05412
G1 X160.196 Y89.194 E.05408
G1 X161.007 Y89.828 E.0541
G1 X161.784 Y90.504 E.05413
G1 X162.524 Y91.219 E.05408
G1 X163.227 Y91.972 E.05414
G1 X163.824 Y92.681 E.04871
G1 X164.305 Y93.304 E.04137
G1 X164.896 Y94.148 E.05415
G1 X165.442 Y95.021 E.05412
G1 X165.941 Y95.921 E.05409
G1 X166.392 Y96.846 E.05409
G1 X166.795 Y97.795 E.05419
G1 X167.034 Y98.435 E.03591
G1 X167.353 Y99.416 E.05422
G1 X167.619 Y100.41 E.05408
G1 X167.833 Y101.417 E.05411
G1 X167.994 Y102.434 E.05412
G1 X168.066 Y103.119 E.0362
G1 X168.123 Y103.8 E.03592
G1 X168.15 Y104.483 E.03592
G1 X168.162 Y105.172 E.03622
G1 X168.126 Y106.201 E.05411
G1 X168.036 Y107.226 E.05408
G1 X167.893 Y108.246 E.05413
G1 X167.696 Y109.257 E.05414
G1 X167.536 Y109.922 E.03595
G1 X167.252 Y110.913 E.05418
G1 X166.917 Y111.886 E.05408
G1 X166.531 Y112.841 E.05414
G1 X166.096 Y113.774 E.0541
G1 X165.612 Y114.684 E.05417
G1 X165.266 Y115.273 E.0359
G1 X164.703 Y116.138 E.05424
G1 X164.307 Y116.695 E.03592
G1 X163.672 Y117.507 E.05418
G1 X162.996 Y118.284 E.05413
G1 X162.28 Y119.025 E.05416
G1 X161.785 Y119.496 E.03591
G1 X161.007 Y120.172 E.05417
G1 X160.195 Y120.806 E.05414
G1 X159.352 Y121.396 E.05408
G1 X158.478 Y121.943 E.05419
G1 X157.883 Y122.279 E.03591
G1 X156.965 Y122.747 E.05416
G1 X156.024 Y123.166 E.05414
G1 X155.063 Y123.535 E.0541
G1 X154.084 Y123.853 E.0541
G1 X153.089 Y124.119 E.05413
G1 X152.183 Y124.314 E.04871
G1 X151.407 Y124.446 E.04137
G1 X150.384 Y124.572 E.05417
G1 X149.357 Y124.644 E.05411
G1 X148.327 Y124.662 E.05414
G1 X147.644 Y124.644 E.03591
G1 X146.615 Y124.572 E.05421
G1 X145.593 Y124.446 E.05412
G1 X144.578 Y124.267 E.05417
G1 X143.911 Y124.119 E.03591
G1 X142.915 Y123.853 E.05418
G1 X141.936 Y123.535 E.0541
G1 X140.974 Y123.165 E.05417
G1 X140.347 Y122.893 E.03592
G1 X139.421 Y122.441 E.05416
G1 X138.52 Y121.942 E.05413
G1 X137.647 Y121.396 E.05412
G1 X136.804 Y120.806 E.05408
G1 X135.993 Y120.172 E.0541
G1 X135.216 Y119.496 E.05413
G1 X134.476 Y118.781 E.05408
G1 X133.774 Y118.028 E.05411
G1 X133.111 Y117.239 E.05416
G1 X132.695 Y116.697 E.03591
G1 X132.104 Y115.852 E.0542
G1 X131.558 Y114.979 E.05412
G1 X131.059 Y114.079 E.05409
G1 X130.608 Y113.153 E.05413
G1 X130.244 Y112.301 E.04869
G1 X129.966 Y111.564 E.0414
G1 X129.647 Y110.584 E.05417
G1 X129.381 Y109.59 E.05408
G1 X129.167 Y108.583 E.05411
G1 X129.006 Y107.566 E.05412
G1 X128.907 Y106.644 E.04874
G1 X128.856 Y105.858 E.0414
G1 X128.838 Y104.828 E.05414
G1 X128.874 Y103.799 E.05411
G1 X128.953 Y102.876 E.04869
G1 X129.053 Y102.094 E.04143
G1 X129.232 Y101.08 E.05412
G1 X129.464 Y100.077 E.05411
G1 X129.748 Y99.087 E.05413
G1 X130.083 Y98.114 E.05408
G1 X130.429 Y97.254 E.04872
G1 X130.753 Y96.536 E.0414
G1 X131.221 Y95.618 E.05416
G1 X131.735 Y94.726 E.05411
G1 X132.296 Y93.863 E.0541
G1 X132.901 Y93.03 E.05411
G1 X133.483 Y92.308 E.04874
G1 X134.003 Y91.717 E.04137
G1 X134.719 Y90.976 E.05416
G1 X135.472 Y90.273 E.05414
G1 X136.181 Y89.676 E.04871
G1 X136.804 Y89.195 E.04137
G1 X137.648 Y88.604 E.05415
G1 X138.521 Y88.058 E.05412
G1 X139.331 Y87.607 E.04873
G1 X140.035 Y87.253 E.04141
G1 X140.976 Y86.834 E.05414
G1 X141.937 Y86.465 E.0541
G1 X142.818 Y86.177 E.04871
G1 X143.576 Y85.964 E.04138
G1 X144.58 Y85.732 E.05416
G1 X145.594 Y85.554 E.05411
G1 X146.616 Y85.428 E.05412
G1 X147.643 Y85.356 E.05411
G1 X148.57 Y85.338 E.04873
G1 X148.639 Y85.34 E.00363
G1 X149.239 Y85.354 F12000
G1 X148.655 Y86.135
;TYPE:Perimeter
T1
;WIDTH:0.999999
G1 F3134.537
G1 X149.32 Y86.15 E.05294
G1 X150.309 Y86.219 E.0789
G1 X151.289 Y86.34 E.07858
G1 X152.263 Y86.511 E.0787
G1 X153.13 Y86.71 E.07079
G1 X153.856 Y86.909 E.05991
G1 X154.798 Y87.215 E.07882
G1 X155.725 Y87.571 E.07903
G1 X156.32 Y87.829 E.05161
G1 X157.212 Y88.264 E.07898
G1 X158.076 Y88.743 E.07862
G1 X158.914 Y89.267 E.07865
G1 X159.723 Y89.833 E.07857
G1 X160.501 Y90.442 E.07863
G1 X161.247 Y91.09 E.07864
G1 X161.957 Y91.776 E.07857
G1 X162.632 Y92.499 E.07872
G1 X163.205 Y93.18 E.07083
G1 X163.665 Y93.775 E.05985
G1 X164.234 Y94.587 E.07891
G1 X164.757 Y95.424 E.07854
G1 X165.236 Y96.288 E.07862
G1 X165.669 Y97.176 E.07862
G1 X166.057 Y98.09 E.07902
G1 X166.284 Y98.697 E.05157
G1 X166.591 Y99.642 E.07907
G1 X166.846 Y100.596 E.07859
G1 X167.052 Y101.562 E.0786
G1 X167.206 Y102.538 E.07863
G1 X167.276 Y103.202 E.05313
G1 X167.33 Y103.849 E.05167
G1 X167.355 Y104.497 E.05161
G1 X167.367 Y105.165 E.05317
G1 X167.332 Y106.152 E.0786
G1 X167.246 Y107.136 E.07861
G1 X167.109 Y108.114 E.07859
G1 X166.919 Y109.089 E.07905
G1 X166.768 Y109.72 E.05163
G1 X166.494 Y110.674 E.07899
G1 X166.173 Y111.608 E.0786
G1 X165.803 Y112.524 E.07862
G1 X165.385 Y113.419 E.07861
G1 X164.919 Y114.295 E.07896
G1 X164.59 Y114.854 E.05162
G1 X164.046 Y115.691 E.07944
G1 X163.67 Y116.219 E.05158
G1 X163.059 Y117.001 E.07898
G1 X162.41 Y117.747 E.07869
G1 X161.721 Y118.461 E.07896
G1 X161.25 Y118.908 E.05168
G1 X160.501 Y119.559 E.07897
G1 X159.723 Y120.167 E.07858
G1 X158.913 Y120.734 E.07868
G1 X158.072 Y121.26 E.07894
G1 X157.507 Y121.579 E.05164
G1 X156.622 Y122.03 E.07905
G1 X155.72 Y122.431 E.07856
G1 X154.798 Y122.785 E.0786
G1 X153.858 Y123.091 E.07867
G1 X152.903 Y123.347 E.07868
G1 X152.033 Y123.533 E.0708
G1 X151.292 Y123.66 E.05983
G1 X150.308 Y123.781 E.0789
G1 X149.323 Y123.85 E.07858
G1 X148.33 Y123.867 E.07904
G1 X147.682 Y123.85 E.05159
G1 X146.691 Y123.781 E.07906
G1 X145.711 Y123.66 E.07858
G1 X144.733 Y123.488 E.07903
G1 X144.1 Y123.347 E.05161
G1 X143.141 Y123.09 E.07901
G1 X142.202 Y122.785 E.07857
G1 X141.275 Y122.429 E.07903
G1 X140.68 Y122.171 E.05161
G1 X139.788 Y121.736 E.07898
G1 X138.924 Y121.257 E.07862
G1 X138.086 Y120.733 E.07865
G1 X137.277 Y120.167 E.07857
G1 X136.499 Y119.558 E.07863
G1 X135.753 Y118.91 E.07864
G1 X135.043 Y118.224 E.07857
G1 X134.369 Y117.502 E.0786
G1 X133.731 Y116.741 E.07903
G1 X133.336 Y116.227 E.05159
G1 X132.766 Y115.413 E.07908
G1 X132.243 Y114.576 E.07854
G1 X131.764 Y113.712 E.07862
G1 X131.331 Y112.823 E.07869
G1 X130.981 Y112.004 E.07088
G1 X130.716 Y111.301 E.05979
G1 X130.409 Y110.358 E.07892
G1 X130.154 Y109.404 E.07859
G1 X129.948 Y108.438 E.0786
G1 X129.794 Y107.461 E.07871
G1 X129.699 Y106.576 E.07083
G1 X129.65 Y105.826 E.05981
G1 X129.633 Y104.835 E.07888
G1 X129.668 Y103.847 E.07868
G1 X129.744 Y102.96 E.07085
G1 X129.839 Y102.214 E.05985
G1 X130.011 Y101.238 E.07887
G1 X130.234 Y100.276 E.07859
G1 X130.506 Y99.326 E.07864
G1 X130.828 Y98.391 E.0787
G1 X131.16 Y97.565 E.07085
G1 X131.469 Y96.88 E.0598
G1 X131.919 Y95.997 E.07887
G1 X132.413 Y95.142 E.07858
G1 X132.951 Y94.313 E.07865
G1 X133.532 Y93.513 E.07868
G1 X134.091 Y92.82 E.07086
G1 X134.587 Y92.255 E.05983
G1 X135.276 Y91.543 E.07885
G1 X135.999 Y90.868 E.07872
G1 X136.68 Y90.295 E.07083
G1 X137.275 Y89.835 E.05985
G1 X138.087 Y89.266 E.07891
G1 X138.925 Y88.742 E.07865
G1 X139.703 Y88.31 E.07082
G1 X140.375 Y87.972 E.05986
G1 X141.28 Y87.569 E.07884
G1 X142.203 Y87.214 E.0787
G1 X143.049 Y86.938 E.07082
G1 X143.773 Y86.734 E.05986
G1 X144.739 Y86.511 E.0789
G1 X145.711 Y86.34 E.07854
G1 X146.692 Y86.219 E.07866
G1 X147.678 Y86.15 E.07866
G1 X148.568 Y86.133 E.07084
G1 X148.625 Y86.134 E.00454
G1 X148.638 Y87.092 F12000
G1 F3134.537
G1 X149.276 Y87.107 E.05079
G1 X150.217 Y87.172 E.07506
G1 X151.148 Y87.287 E.07465
G1 X152.073 Y87.45 E.07475
G1 X152.897 Y87.638 E.06726
G1 X153.582 Y87.826 E.05653
G1 X154.479 Y88.117 E.07505
G1 X155.363 Y88.457 E.07537
G1 X155.919 Y88.699 E.04826
G1 X156.77 Y89.114 E.07535
G1 X157.59 Y89.568 E.07459
G1 X158.386 Y90.065 E.07468
G1 X159.154 Y90.603 E.07462
G1 X159.892 Y91.18 E.07455
G1 X160.6 Y91.795 E.07463
G1 X161.275 Y92.447 E.07468
G1 X161.915 Y93.134 E.07472
G1 X162.46 Y93.781 E.06732
G1 X162.894 Y94.342 E.05645
G1 X163.435 Y95.115 E.07509
G1 X163.932 Y95.91 E.07461
G1 X164.387 Y96.73 E.07463
G1 X164.798 Y97.573 E.07464
G1 X165.168 Y98.444 E.07531
G1 X165.38 Y99.013 E.04832
G1 X165.673 Y99.913 E.07532
G1 X165.915 Y100.819 E.07463
G1 X166.11 Y101.736 E.07461
G1 X166.257 Y102.662 E.07462
G1 X166.324 Y103.302 E.05121
G1 X166.374 Y103.907 E.04831
G1 X166.398 Y104.513 E.04826
G1 X166.409 Y105.157 E.05126
M73 P63 R3
G1 X166.377 Y106.094 E.07461
G1 X166.295 Y107.028 E.07461
G1 X166.164 Y107.956 E.07458
G1 X165.984 Y108.886 E.07538
G1 X165.842 Y109.476 E.04829
G1 X165.581 Y110.386 E.07534
G1 X165.276 Y111.272 E.07457
G1 X164.925 Y112.142 E.07466
G1 X164.528 Y112.992 E.07466
G1 X164.084 Y113.828 E.07533
G1 X163.776 Y114.351 E.0483
G1 X163.255 Y115.152 E.07604
G1 X162.903 Y115.646 E.04827
G1 X162.32 Y116.392 E.07535
G1 X161.705 Y117.1 E.07463
G1 X161.047 Y117.781 E.07536
G1 X160.607 Y118.199 E.0483
G1 X159.892 Y118.82 E.07537
G1 X159.153 Y119.397 E.07461
G1 X158.385 Y119.935 E.07462
G1 X157.582 Y120.437 E.07536
G1 X157.054 Y120.736 E.04829
G1 X156.21 Y121.166 E.07538
G1 X155.354 Y121.547 E.07456
G1 X154.478 Y121.883 E.07467
G1 X153.587 Y122.173 E.07457
G1 X152.679 Y122.416 E.0748
G1 X151.852 Y122.593 E.0673
G1 X151.153 Y122.713 E.05644
G1 X150.216 Y122.828 E.07513
G1 X149.281 Y122.893 E.07459
G1 X148.334 Y122.91 E.07538
G1 X147.728 Y122.894 E.04824
G1 X146.783 Y122.828 E.07539
G1 X145.852 Y122.713 E.07465
G1 X144.92 Y122.549 E.07531
G1 X144.328 Y122.418 E.04825
G1 X143.413 Y122.173 E.07538
G1 X142.521 Y121.883 E.07464
G1 X141.637 Y121.543 E.07537
G1 X141.081 Y121.301 E.04826
G1 X140.23 Y120.886 E.07535
G1 X139.41 Y120.432 E.07459
G1 X138.615 Y119.935 E.07461
G1 X137.846 Y119.397 E.07469
G1 X137.108 Y118.82 E.07455
G1 X136.4 Y118.205 E.07463
G1 X135.725 Y117.553 E.07468
G1 X135.086 Y116.867 E.07461
G1 X134.477 Y116.142 E.07535
G1 X134.108 Y115.661 E.04825
G1 X133.565 Y114.885 E.07537
G1 X133.068 Y114.09 E.07461
G1 X132.613 Y113.27 E.07463
G1 X132.201 Y112.425 E.07481
G1 X131.87 Y111.647 E.06728
G1 X131.619 Y110.984 E.05642
G1 X131.327 Y110.087 E.07507
G1 X131.085 Y109.181 E.07463
G1 X130.89 Y108.264 E.07461
G1 X130.743 Y107.336 E.07477
G1 X130.653 Y106.495 E.06731
G1 X130.607 Y105.787 E.05646
G1 X130.591 Y104.843 E.07514
G1 X130.623 Y103.904 E.07477
G1 X130.695 Y103.062 E.06725
G1 X130.786 Y102.358 E.05649
G1 X130.949 Y101.429 E.07506
G1 X131.16 Y100.515 E.07465
G1 X131.419 Y99.614 E.07461
G1 X131.725 Y98.726 E.07475
G1 X132.04 Y97.941 E.06731
G1 X132.332 Y97.294 E.05649
G1 X132.76 Y96.454 E.07503
G1 X133.229 Y95.642 E.07462
G1 X133.74 Y94.855 E.07467
G1 X134.292 Y94.095 E.07475
G1 X134.823 Y93.437 E.06729
G1 X135.292 Y92.904 E.0565
G1 X135.947 Y92.225 E.07508
G1 X136.634 Y91.585 E.07472
G1 X137.281 Y91.04 E.06732
G1 X137.842 Y90.606 E.05645
G1 X138.615 Y90.065 E.07509
G1 X139.412 Y89.567 E.07479
G1 X140.151 Y89.156 E.06729
G1 X140.785 Y88.837 E.05648
G1 X141.646 Y88.453 E.07503
G1 X142.524 Y88.116 E.07484
G1 X143.327 Y87.853 E.06724
G1 X144.01 Y87.662 E.05644
G1 X144.93 Y87.449 E.07515
G1 X145.853 Y87.287 E.07458
G1 X146.784 Y87.172 E.07465
G1 X147.721 Y87.107 E.07475
G1 X148.567 Y87.09 E.06734
G1 X148.608 Y87.091 E.00326
G1 X148.622 Y88.049 F12000
G1 F3134.537
G1 X149.232 Y88.063 E.04856
G1 X150.125 Y88.125 E.07124
G1 X151.006 Y88.234 E.07065
G1 X151.883 Y88.388 E.07086
G1 X152.664 Y88.567 E.06376
G1 X153.307 Y88.743 E.05305
G1 X154.159 Y89.02 E.0713
G1 X155 Y89.343 E.07169
G1 X155.518 Y89.568 E.04494
G1 X156.328 Y89.963 E.07172
G1 X157.104 Y90.393 E.0706
G1 X157.857 Y90.864 E.07068
G1 X158.584 Y91.373 E.07063
G1 X159.283 Y91.919 E.07059
G1 X159.953 Y92.501 E.07063
G1 X160.592 Y93.118 E.07069
G1 X161.199 Y93.769 E.07083
G1 X161.715 Y94.382 E.06377
G1 X162.123 Y94.91 E.0531
G1 X162.637 Y95.643 E.07125
G1 X163.107 Y96.396 E.07064
G1 X163.537 Y97.172 E.0706
G1 X163.926 Y97.97 E.07065
G1 X164.278 Y98.799 E.07167
G1 X164.476 Y99.329 E.04503
G1 X164.755 Y100.185 E.07165
G1 X164.984 Y101.043 E.07067
G1 X165.169 Y101.911 E.07063
G1 X165.308 Y102.787 E.07059
G1 X165.372 Y103.402 E.04921
G1 X165.441 Y104.53 E.08994
G1 X165.452 Y105.148 E.04919
G1 X165.421 Y106.035 E.07063
G1 X165.344 Y106.919 E.07062
G1 X165.22 Y107.798 E.07064
G1 X165.048 Y108.682 E.07167
G1 X164.916 Y109.232 E.04501
G1 X164.668 Y110.098 E.07169
G1 X164.379 Y110.937 E.07062
G1 X164.047 Y111.76 E.07062
G1 X163.671 Y112.565 E.07071
G1 X163.249 Y113.36 E.07163
G1 X162.962 Y113.847 E.04499
G1 X162.464 Y114.613 E.07271
G1 X162.136 Y115.074 E.04503
G1 X161.581 Y115.783 E.07165
G1 X160.999 Y116.453 E.07063
G1 X160.373 Y117.101 E.0717
G1 X159.963 Y117.49 E.04498
G1 X159.283 Y118.081 E.0717
G1 X158.584 Y118.628 E.07064
G1 X157.857 Y119.137 E.07063
G1 X157.093 Y119.614 E.07168
G1 X156.601 Y119.892 E.04497
G1 X155.798 Y120.301 E.07172
G1 X154.987 Y120.662 E.07065
G1 X154.159 Y120.98 E.07059
G1 X153.315 Y121.255 E.07064
G1 X152.454 Y121.485 E.07092
G1 X151.671 Y121.653 E.06373
G1 X151.014 Y121.766 E.05305
G1 X150.125 Y121.875 E.07128
G1 X149.239 Y121.937 E.07068
G1 X148.339 Y121.952 E.07163
G1 X147.774 Y121.937 E.04498
G1 X146.875 Y121.875 E.07171
G1 X145.994 Y121.766 E.07065
G1 X145.107 Y121.61 E.07167
G1 X144.555 Y121.488 E.04499
G1 X143.685 Y121.255 E.07168
G1 X142.841 Y120.98 E.07064
G1 X142 Y120.657 E.07169
G1 X141.482 Y120.432 E.04494
G1 X140.672 Y120.037 E.07172
G1 X139.896 Y119.607 E.0706
G1 X139.143 Y119.136 E.07068
G1 X138.416 Y118.627 E.07063
G1 X137.717 Y118.081 E.07059
G1 X137.047 Y117.499 E.07063
G1 X136.408 Y116.882 E.07069
G1 X135.803 Y116.233 E.07061
G1 X135.224 Y115.543 E.07168
G1 X134.88 Y115.095 E.04495
G1 X134.363 Y114.357 E.07171
G1 X133.893 Y113.604 E.07064
G1 X133.463 Y112.828 E.0706
G1 X133.072 Y112.027 E.07093
G1 X132.758 Y111.29 E.06375
G1 X132.522 Y110.666 E.05309
G1 X132.245 Y109.815 E.07122
G1 X132.016 Y108.957 E.07067
G1 X131.831 Y108.089 E.07063
G1 X131.692 Y107.21 E.07082
G1 X131.607 Y106.413 E.06379
G1 X131.564 Y105.747 E.05311
G1 X131.548 Y104.852 E.07124
G1 X131.579 Y103.962 E.07087
G1 X131.647 Y103.163 E.06382
G1 X131.732 Y102.502 E.05304
G1 X131.888 Y101.62 E.07128
G1 X132.087 Y100.755 E.07064
G1 X132.332 Y99.902 E.07063
G1 X132.622 Y99.06 E.07087
G1 X132.921 Y98.316 E.06381
G1 X133.195 Y97.709 E.053
G1 X133.602 Y96.911 E.07129
G1 X134.046 Y96.142 E.07067
G1 X134.529 Y95.398 E.07059
G1 X135.052 Y94.677 E.07088
G1 X135.556 Y94.054 E.06377
G1 X135.996 Y93.553 E.05306
G1 X136.618 Y92.908 E.07131
G1 X137.269 Y92.301 E.07083
G1 X137.882 Y91.785 E.06377
G1 X138.41 Y91.377 E.0531
G1 X139.143 Y90.863 E.07125
G1 X139.899 Y90.391 E.07093
G1 X140.599 Y90.002 E.06373
G1 X141.195 Y89.702 E.0531
G1 X142.013 Y89.338 E.07125
G1 X142.844 Y89.019 E.07084
G1 X143.606 Y88.769 E.06382
G1 X144.248 Y88.589 E.05306
G1 X145.12 Y88.388 E.07121
G1 X145.994 Y88.233 E.07064
G1 X146.875 Y88.125 E.07064
G1 X147.764 Y88.063 E.07092
G1 X148.565 Y88.048 E.06376
G1 X148.592 Y88.048 E.00215
G1 E-3 F7200
G1 Z3.8 F3000
G1 X138.981 Y91.655 F12000
G1 Z3.6 F3000
G1 E3 F7200
;TYPE:Internal infill
T0
;WIDTH:0.675
G1 F4746.238
G1 X137.503 Y92.842 E.09963
G1 X138.327 Y93.1 E.04538
G1 X139.005 Y93.158 E.03576
G1 X139.684 Y93.011 E.03651
G1 X140.023 Y92.802 E.02093
G1 X140.362 Y92.472 E.02486
G1 X141.718 Y90.802 E.11306
G1 X142.396 Y90.286 E.04478
G1 X143.075 Y89.961 E.03956
G1 X143.753 Y89.772 E.03699
G1 X144.431 Y89.715 E.03576
G1 X145.109 Y89.862 E.03646
G1 X145.448 Y90.07 E.0209
G1 X145.787 Y90.401 E.0249
G1 X147.144 Y92.07 E.11305
G1 X147.822 Y92.587 E.04481
G1 X148.5 Y92.912 E.03952
G1 X149.178 Y93.1 E.03698
G1 X149.856 Y93.158 E.03576
G1 X150.535 Y93.011 E.03651
G1 X150.874 Y92.802 E.02093
G1 X151.213 Y92.472 E.02486
G1 X152.569 Y90.802 E.11306
G1 X153.247 Y90.286 E.04478
G1 X153.926 Y89.961 E.03956
G1 X154.584 Y89.778 E.0359
G1 X156.072 Y90.456 E.08594
G1 X157.155 Y91.08 E.06569
G1 X157.995 Y92.07 E.06824
G1 X158.673 Y92.587 E.04481
G1 X159.351 Y92.912 E.03952
G1 X159.671 Y93.001 E.01746
G1 X160.783 Y94.138 E.08359
G1 X162.078 Y95.813 E.11128
G1 X160.707 Y97.496 E.11409
G1 X160.029 Y98.012 E.04478
G1 X159.351 Y98.337 E.03952
G1 X158.673 Y98.526 E.03699
G1 X157.995 Y98.583 E.03576
G1 X157.316 Y98.436 E.03651
G1 X156.977 Y98.228 E.0209
G1 X156.638 Y97.897 E.0249
G1 X155.282 Y96.228 E.11302
G1 X154.604 Y95.711 E.04481
G1 X153.926 Y95.386 E.03952
G1 X153.247 Y95.198 E.03703
G1 X152.569 Y95.14 E.03576
G1 X151.891 Y95.287 E.03646
G1 X151.552 Y95.496 E.02093
G1 X151.213 Y95.826 E.02486
G1 X149.856 Y97.496 E.11309
G1 X149.178 Y98.012 E.04478
G1 X148.5 Y98.337 E.03952
G1 X147.822 Y98.526 E.03699
G1 X147.144 Y98.583 E.03576
G1 X146.465 Y98.436 E.03651
G1 X146.126 Y98.228 E.0209
G1 X145.787 Y97.897 E.0249
G1 X144.431 Y96.228 E.11302
G1 X143.753 Y95.711 E.04481
G1 X143.075 Y95.386 E.03952
G1 X142.396 Y95.198 E.03703
G1 X141.718 Y95.14 E.03576
G1 X141.04 Y95.287 E.03646
G1 X140.701 Y95.496 E.02093
G1 X140.362 Y95.826 E.02486
G1 X139.005 Y97.496 E.11309
G1 X138.327 Y98.012 E.04478
G1 X137.649 Y98.337 E.03952
G1 X136.971 Y98.526 E.03699
G1 X136.293 Y98.583 E.03576
G1 X135.614 Y98.436 E.03651
G1 X135.275 Y98.228 E.0209
G1 X134.936 Y97.897 E.0249
G1 X134.216 Y96.958 E.06219
G1 X133.432 Y98.534 E.09251
G1 X132.686 Y100.683 E.11956
G1 X133.58 Y100.566 E.04739
M73 P64 R3
G1 X134.258 Y100.713 E.03646
G1 X134.597 Y100.921 E.0209
G1 X134.936 Y101.252 E.0249
G1 X136.293 Y102.921 E.11305
G1 X136.971 Y103.438 E.04481
G1 X137.649 Y103.763 E.03952
G1 X138.327 Y103.951 E.03698
G1 X139.005 Y104.009 E.03576
G1 X139.684 Y103.862 E.03651
G1 X140.023 Y103.653 E.02093
G1 X140.362 Y103.323 E.02486
G1 X141.718 Y101.653 E.11306
G1 X142.396 Y101.137 E.04478
G1 X143.075 Y100.812 E.03956
G1 X143.753 Y100.623 E.03699
G1 X144.431 Y100.566 E.03576
G1 X145.109 Y100.713 E.03646
G1 X145.448 Y100.921 E.0209
G1 X145.787 Y101.252 E.0249
G1 X147.144 Y102.921 E.11305
G1 X147.822 Y103.438 E.04481
G1 X148.5 Y103.763 E.03952
G1 X149.178 Y103.951 E.03698
G1 X149.856 Y104.009 E.03576
G1 X150.535 Y103.862 E.03651
G1 X150.874 Y103.653 E.02093
G1 X151.213 Y103.323 E.02486
G1 X152.569 Y101.653 E.11306
G1 X153.247 Y101.137 E.04478
G1 X153.926 Y100.812 E.03956
G1 X154.604 Y100.623 E.03699
G1 X155.282 Y100.566 E.03576
G1 X155.96 Y100.713 E.03646
G1 X156.299 Y100.921 E.0209
G1 X156.638 Y101.252 E.0249
G1 X157.995 Y102.921 E.11305
G1 X158.673 Y103.438 E.04481
G1 X159.351 Y103.763 E.03952
G1 X160.029 Y103.951 E.03698
G1 X160.707 Y104.009 E.03576
G1 X161.386 Y103.862 E.03651
G1 X161.725 Y103.653 E.02093
G1 X162.064 Y103.323 E.02486
G1 X163.42 Y101.653 E.11306
G1 X164.098 Y101.137 E.04478
G1 X164.396 Y100.994 E.01737
G1 X164.756 Y102.855 E.09962
G1 E-3 F7200
G1 Z3.8 F3000
G1 X164.883 Y104.375 F12000
G1 Z3.6 F3000
G1 E3 F7200
G1 F4746.238
G1 X164.843 Y106.269 E.09957
G1 X164.098 Y106.049 E.04083
G1 X163.42 Y105.991 E.03576
G1 X162.742 Y106.138 E.03646
G1 X162.403 Y106.347 E.02093
G1 X162.064 Y106.677 E.02486
G1 X160.707 Y108.347 E.11309
G1 X160.029 Y108.863 E.04478
G1 X159.351 Y109.188 E.03952
G1 X158.673 Y109.377 E.03699
G1 X157.995 Y109.434 E.03576
G1 X157.316 Y109.287 E.03651
G1 X156.977 Y109.079 E.0209
G1 X156.638 Y108.748 E.0249
G1 X155.282 Y107.079 E.11302
G1 X154.604 Y106.562 E.04481
G1 X153.926 Y106.237 E.03952
G1 X153.247 Y106.049 E.03703
G1 X152.569 Y105.991 E.03576
G1 X151.891 Y106.138 E.03646
G1 X151.552 Y106.347 E.02093
G1 X151.213 Y106.677 E.02486
G1 X149.856 Y108.347 E.11309
G1 X149.178 Y108.863 E.04478
G1 X148.5 Y109.188 E.03952
G1 X147.822 Y109.377 E.03699
G1 X147.144 Y109.434 E.03576
G1 X146.465 Y109.287 E.03651
G1 X146.126 Y109.079 E.0209
G1 X145.787 Y108.748 E.0249
G1 X144.431 Y107.079 E.11302
G1 X143.753 Y106.562 E.04481
G1 X143.075 Y106.237 E.03952
G1 X142.396 Y106.049 E.03703
G1 X141.718 Y105.991 E.03576
G1 X141.04 Y106.138 E.03646
G1 X140.701 Y106.347 E.02093
G1 X140.362 Y106.677 E.02486
G1 X139.005 Y108.347 E.11309
G1 X138.327 Y108.863 E.04478
G1 X137.649 Y109.188 E.03952
G1 X136.971 Y109.377 E.03699
G1 X136.293 Y109.434 E.03576
G1 X135.614 Y109.287 E.03651
G1 X135.275 Y109.079 E.0209
G1 X134.936 Y108.748 E.0249
G1 X133.58 Y107.079 E.11302
G1 X132.902 Y106.562 E.04481
G1 X132.15 Y106.217 E.04348
G1 X132.4 Y108.096 E.09963
G1 E-3 F7200
G1 Z3.8 F3000
G1 X132.776 Y109.648 F12000
G1 Z3.6 F3000
G1 E3 F7200
G1 F4746.238
G1 X133.421 Y111.43 E.0996
G1 X133.58 Y111.417 E.00838
G1 X134.258 Y111.564 E.03646
G1 X134.597 Y111.772 E.0209
G1 X134.936 Y112.103 E.0249
G1 X136.293 Y113.772 E.11305
G1 X136.971 Y114.289 E.04481
G1 X137.649 Y114.614 E.03952
G1 X138.327 Y114.802 E.03698
G1 X139.005 Y114.86 E.03576
G1 X139.684 Y114.713 E.03651
G1 X140.023 Y114.504 E.02093
G1 X140.362 Y114.174 E.02486
G1 X141.718 Y112.504 E.11306
G1 X142.396 Y111.988 E.04478
G1 X143.075 Y111.663 E.03956
G1 X143.753 Y111.474 E.03699
G1 X144.431 Y111.417 E.03576
G1 X145.109 Y111.564 E.03646
G1 X145.448 Y111.772 E.0209
G1 X145.787 Y112.103 E.0249
G1 X147.144 Y113.772 E.11305
G1 X147.822 Y114.289 E.04481
G1 X148.5 Y114.614 E.03952
G1 X149.178 Y114.802 E.03698
G1 X149.856 Y114.86 E.03576
G1 X150.535 Y114.713 E.03651
G1 X150.874 Y114.504 E.02093
G1 X151.213 Y114.174 E.02486
G1 X152.569 Y112.504 E.11306
G1 X153.247 Y111.988 E.04478
G1 X153.926 Y111.663 E.03956
G1 X154.604 Y111.474 E.03699
G1 X155.282 Y111.417 E.03576
G1 X155.96 Y111.564 E.03646
G1 X156.299 Y111.772 E.0209
G1 X156.638 Y112.103 E.0249
G1 X157.995 Y113.772 E.11305
G1 X158.673 Y114.289 E.04481
G1 X159.351 Y114.614 E.03952
G1 X160.029 Y114.802 E.03698
G1 X160.707 Y114.86 E.03576
G1 X161.386 Y114.713 E.03651
G1 X161.725 Y114.504 E.02093
G1 X162.224 Y113.964 E.03864
G1 X163.171 Y112.322 E.09962
G1 E-3 F7200
G1 Z3.8 F3000
G1 X154.735 Y120.164 F12000
G1 Z3.6 F3000
G1 E3 F7200
G1 F4746.238
G1 X156.444 Y119.343 E.09965
G1 X155.282 Y117.93 E.09615
G1 X154.604 Y117.413 E.04481
G1 X153.926 Y117.088 E.03952
G1 X153.247 Y116.9 E.03703
G1 X152.569 Y116.842 E.03576
G1 X151.891 Y116.989 E.03646
G1 X151.552 Y117.198 E.02093
G1 X151.213 Y117.528 E.02486
G1 X149.856 Y119.198 E.11309
G1 X149.178 Y119.714 E.04478
G1 X148.5 Y120.039 E.03952
G1 X147.822 Y120.228 E.03699
G1 X147.144 Y120.285 E.03576
G1 X146.465 Y120.138 E.03651
G1 X146.126 Y119.93 E.0209
G1 X145.787 Y119.599 E.0249
G1 X144.431 Y117.93 E.11302
G1 X143.753 Y117.413 E.04481
G1 X143.075 Y117.088 E.03952
G1 X142.396 Y116.9 E.03703
G1 X141.718 Y116.842 E.03576
G1 X141.04 Y116.989 E.03646
G1 X140.701 Y117.198 E.02093
G1 X140.362 Y117.528 E.02486
G1 X139.458 Y118.678 E.07688
G1 X141.098 Y119.627 E.09959
;LAYER_CHANGE
;Z:3.8
;HEIGHT:0.2

G1 E-3 F7200
G1 Z3.8 F3000
;AFTER_LAYER_CHANGE
;3.8
G92 E0
_ON_LAYER_CHANGE LAYER=19
G1 Z4
G1 X148.669 Y85.34 F12000
G1 Z3.8 F3000
G1 E3 F7200
;TYPE:External perimeter
;WIDTH:0.674999
G1 F4746.242
M73 P65 R3
G1 X149.357 Y85.356 E.03617
G1 X150.385 Y85.428 E.05416
G1 X151.407 Y85.554 E.05412
G1 X152.42 Y85.732 E.05406
G1 X153.424 Y85.964 E.05416
G1 X154.328 Y86.222 E.04941
G1 X155.063 Y86.465 E.04069
G1 X156.025 Y86.834 E.05415
G1 X156.965 Y87.253 E.05409
G1 X157.882 Y87.721 E.05411
G1 X158.774 Y88.235 E.05411
G1 X159.564 Y88.746 E.04945
G1 X160.195 Y89.194 E.04067
G1 X161.007 Y89.828 E.05414
G1 X161.784 Y90.504 E.05413
G1 X162.524 Y91.219 E.05408
G1 X163.226 Y91.972 E.05411
G1 X163.888 Y92.76 E.05409
G1 X164.508 Y93.582 E.05411
G1 X165.083 Y94.436 E.05411
G1 X165.614 Y95.318 E.05411
G1 X166.057 Y96.148 E.04945
G1 X166.392 Y96.845 E.04064
G1 X166.795 Y97.795 E.05424
G1 X167.034 Y98.435 E.03591
G1 X167.353 Y99.416 E.05422
G1 X167.619 Y100.41 E.05408
G1 X167.833 Y101.417 E.05411
G1 X167.994 Y102.434 E.05412
G1 X168.066 Y103.119 E.0362
G1 X168.123 Y103.8 E.03592
G1 X168.15 Y104.483 E.03592
G1 X168.162 Y105.172 E.03622
G1 X168.126 Y106.201 E.05411
G1 X168.036 Y107.226 E.05408
G1 X167.893 Y108.246 E.05413
G1 X167.715 Y109.169 E.0494
G1 X167.536 Y109.922 E.04068
G1 X167.252 Y110.913 E.05418
G1 X166.917 Y111.886 E.05408
G1 X166.531 Y112.841 E.05414
G1 X166.096 Y113.774 E.0541
G1 X165.612 Y114.684 E.05417
G1 X165.266 Y115.273 E.0359
G1 X164.703 Y116.138 E.05424
G1 X164.307 Y116.695 E.03592
G1 X163.672 Y117.507 E.05418
G1 X162.996 Y118.284 E.05413
G1 X162.281 Y119.024 E.05408
G1 X161.528 Y119.726 E.05411
G1 X160.74 Y120.388 E.05409
G1 X159.918 Y121.008 E.05411
G1 X159.063 Y121.584 E.05418
G1 X158.48 Y121.941 E.03593
G1 X157.579 Y122.441 E.05416
G1 X156.654 Y122.892 E.05409
G1 X155.705 Y123.295 E.05419
G1 X155.065 Y123.534 E.03591
G1 X154.084 Y123.853 E.05422
G1 X153.09 Y124.119 E.05408
G1 X152.083 Y124.333 E.05411
G1 X151.066 Y124.494 E.05412
G1 X150.041 Y124.602 E.05417
G1 X149.359 Y124.644 E.03591
G1 X148.327 Y124.662 E.05425
G1 X147.644 Y124.644 E.03591
G1 X146.615 Y124.572 E.05421
G1 X145.593 Y124.446 E.05412
G1 X144.578 Y124.267 E.05417
G1 X143.911 Y124.119 E.03591
G1 X142.915 Y123.853 E.05418
G1 X141.936 Y123.535 E.0541
G1 X140.974 Y123.165 E.05417
G1 X140.347 Y122.893 E.03592
G1 X139.421 Y122.441 E.05416
G1 X138.52 Y121.942 E.05413
G1 X137.647 Y121.396 E.05412
G1 X136.804 Y120.806 E.05408
G1 X135.993 Y120.172 E.0541
G1 X135.216 Y119.496 E.05413
G1 X134.476 Y118.781 E.05408
G1 X133.774 Y118.028 E.05411
G1 X133.111 Y117.239 E.05416
G1 X132.695 Y116.697 E.03591
G1 X132.104 Y115.852 E.0542
G1 X131.558 Y114.979 E.05412
G1 X131.059 Y114.079 E.05409
G1 X130.608 Y113.153 E.05413
G1 X130.239 Y112.288 E.04943
G1 X129.966 Y111.564 E.04067
G1 X129.647 Y110.584 E.05417
G1 X129.381 Y109.59 E.05408
G1 X129.167 Y108.583 E.05411
G1 X129.006 Y107.566 E.05412
G1 X128.906 Y106.631 E.04942
G1 X128.856 Y105.858 E.04071
G1 X128.838 Y104.827 E.0542
G1 X128.856 Y104.144 E.03591
G1 X128.928 Y103.115 E.05421
G1 X129.054 Y102.093 E.05412
G1 X129.233 Y101.078 E.05417
G1 X129.381 Y100.411 E.03591
G1 X129.647 Y99.415 E.05418
G1 X129.966 Y98.436 E.05412
G1 X130.335 Y97.475 E.0541
G1 X130.716 Y96.615 E.04944
G1 X131.059 Y95.922 E.04064
G1 X131.558 Y95.02 E.05418
G1 X132.104 Y94.147 E.05412
G1 X132.694 Y93.304 E.05408
G1 X133.328 Y92.493 E.0541
G1 X134.004 Y91.716 E.05413
G1 X134.72 Y90.975 E.05416
G1 X135.215 Y90.504 E.03591
G1 X135.993 Y89.828 E.05417
G1 X136.805 Y89.194 E.05414
G1 X137.648 Y88.604 E.05408
G1 X138.521 Y88.058 E.05412
G1 X139.343 Y87.601 E.04943
G1 X140.035 Y87.253 E.04071
G1 X140.976 Y86.834 E.05414
G1 X141.937 Y86.465 E.0541
G1 X142.831 Y86.173 E.04943
G1 X143.576 Y85.964 E.04067
G1 X144.58 Y85.732 E.05416
G1 X145.594 Y85.554 E.05411
G1 X146.616 Y85.428 E.05412
G1 X147.643 Y85.356 E.05411
G1 X148.583 Y85.338 E.04941
G1 X148.639 Y85.34 E.00295
G1 X149.239 Y85.354 F12000
G1 X148.655 Y86.135
;TYPE:Perimeter
T1
;WIDTH:0.999999
G1 F3134.537
G1 X149.32 Y86.15 E.05294
G1 X150.309 Y86.219 E.0789
G1 X151.289 Y86.34 E.07858
G1 X152.262 Y86.511 E.07862
G1 X153.225 Y86.734 E.07866
G1 X154.094 Y86.981 E.0719
G1 X154.795 Y87.214 E.05879
G1 X155.721 Y87.569 E.07892
G1 X156.623 Y87.971 E.07859
G1 X157.503 Y88.419 E.07858
G1 X158.359 Y88.913 E.07865
G1 X159.118 Y89.404 E.07194
G1 X159.721 Y89.831 E.0588
G1 X160.501 Y90.442 E.07885
G1 X161.247 Y91.09 E.07864
G1 X161.957 Y91.776 E.07857
G1 X162.631 Y92.498 E.0786
G1 X163.266 Y93.255 E.07863
G1 X163.86 Y94.044 E.07859
G1 X164.413 Y94.863 E.07864
G1 X164.922 Y95.71 E.07864
G1 X165.348 Y96.507 E.07192
G1 X165.668 Y97.173 E.0588
G1 X166.057 Y98.09 E.07927
G1 X166.284 Y98.697 E.05157
G1 X166.591 Y99.642 E.07907
G1 X166.846 Y100.596 E.07859
G1 X167.052 Y101.562 E.0786
G1 X167.206 Y102.538 E.07863
G1 X167.276 Y103.202 E.05313
G1 X167.33 Y103.849 E.05167
G1 X167.355 Y104.497 E.05161
G1 X167.367 Y105.165 E.05317
G1 X167.332 Y106.152 E.0786
G1 X167.246 Y107.136 E.07861
G1 X167.109 Y108.115 E.07867
G1 X166.938 Y109.003 E.07197
G1 X166.767 Y109.721 E.05874
G1 X166.494 Y110.674 E.07889
G1 X166.173 Y111.608 E.0786
G1 X165.803 Y112.524 E.07862
G1 X165.385 Y113.419 E.07861
G1 X164.919 Y114.295 E.07896
G1 X164.59 Y114.854 E.05162
G1 X164.046 Y115.691 E.07944
G1 X163.67 Y116.219 E.05158
G1 X163.059 Y117.001 E.07898
G1 X162.41 Y117.747 E.07869
G1 X161.724 Y118.457 E.07857
G1 X161.002 Y119.131 E.0786
G1 X160.245 Y119.766 E.07863
G1 X159.456 Y120.36 E.07859
G1 X158.633 Y120.916 E.07904
G1 X158.08 Y121.255 E.05162
G1 X157.212 Y121.736 E.07897
G1 X156.324 Y122.169 E.07862
G1 X155.41 Y122.557 E.07902
G1 X154.803 Y122.784 E.05157
G1 X153.858 Y123.091 E.07907
G1 X152.904 Y123.346 E.07859
G1 X151.938 Y123.552 E.0786
G1 X150.963 Y123.706 E.07855
G1 X149.975 Y123.81 E.07906
G1 X149.328 Y123.85 E.05159
G1 X148.33 Y123.867 E.07943
G1 X147.682 Y123.85 E.05159
G1 X146.691 Y123.781 E.07906
G1 X145.711 Y123.66 E.07858
G1 X144.733 Y123.488 E.07903
G1 X144.1 Y123.347 E.05161
G1 X143.141 Y123.09 E.07901
G1 X142.202 Y122.785 E.07857
G1 X141.275 Y122.429 E.07903
G1 X140.68 Y122.171 E.05161
G1 X139.788 Y121.736 E.07898
G1 X138.924 Y121.257 E.07862
G1 X138.086 Y120.733 E.07865
G1 X137.277 Y120.167 E.07857
G1 X136.499 Y119.558 E.07863
G1 X135.753 Y118.91 E.07864
G1 X135.043 Y118.224 E.07857
G1 X134.369 Y117.502 E.0786
G1 X133.731 Y116.741 E.07903
G1 X133.336 Y116.227 E.05159
G1 X132.766 Y115.413 E.07908
G1 X132.243 Y114.576 E.07854
G1 X131.764 Y113.712 E.07862
G1 X131.331 Y112.823 E.07869
G1 X130.976 Y111.992 E.07191
G1 X130.716 Y111.301 E.05875
G1 X130.409 Y110.358 E.07892
G1 X130.154 Y109.404 E.07859
G1 X129.948 Y108.438 E.0786
G1 X129.794 Y107.462 E.07863
G1 X129.698 Y106.563 E.07195
G1 X129.65 Y105.826 E.05878
G1 X129.633 Y104.83 E.07927
G1 X129.65 Y104.182 E.05159
G1 X129.719 Y103.191 E.07906
G1 X129.84 Y102.211 E.07858
G1 X130.012 Y101.233 E.07903
G1 X130.153 Y100.6 E.05161
G1 X130.41 Y99.641 E.07901
G1 X130.715 Y98.702 E.07857
G1 X131.069 Y97.779 E.07867
G1 X131.435 Y96.952 E.07197
G1 X131.763 Y96.291 E.05872
G1 X132.243 Y95.424 E.07887
G1 X132.767 Y94.586 E.07865
G1 X133.333 Y93.777 E.07857
G1 X133.942 Y92.999 E.07863
G1 X134.59 Y92.253 E.07864
G1 X135.279 Y91.539 E.07896
G1 X135.75 Y91.092 E.05168
G1 X136.499 Y90.441 E.07897
G1 X137.277 Y89.833 E.07858
G1 X138.087 Y89.266 E.07868
G1 X138.925 Y88.743 E.07861
G1 X139.715 Y88.303 E.07196
G1 X140.375 Y87.972 E.05876
G1 X141.28 Y87.569 E.07884
G1 X142.203 Y87.214 E.0787
G1 X143.062 Y86.934 E.0719
G1 X143.773 Y86.734 E.05878
G1 X144.739 Y86.511 E.0789
G1 X145.711 Y86.34 E.07854
G1 X146.692 Y86.219 E.07866
G1 X147.678 Y86.15 E.07866
G1 X148.582 Y86.133 E.07195
G1 X148.625 Y86.134 E.00342
G1 X148.638 Y87.092 F12000
G1 F3134.537
G1 X149.276 Y87.107 E.05079
G1 X150.217 Y87.172 E.07506
G1 X151.148 Y87.287 E.07465
G1 X152.071 Y87.449 E.07458
G1 X152.986 Y87.661 E.07475
G1 X153.813 Y87.896 E.06842
G1 X154.473 Y88.115 E.05534
G1 X155.354 Y88.453 E.07509
G1 X156.211 Y88.835 E.07467
G1 X157.046 Y89.26 E.07456
G1 X157.86 Y89.73 E.0748
G1 X158.581 Y90.197 E.06836
G1 X159.149 Y90.599 E.05538
G1 X159.892 Y91.18 E.07506
G1 X160.6 Y91.795 E.07463
G1 X161.275 Y92.447 E.07468
G1 X161.914 Y93.133 E.07461
G1 X162.517 Y93.851 E.07462
G1 X163.081 Y94.6 E.07462
G1 X163.605 Y95.377 E.07458
G1 X164.089 Y96.182 E.07475
G1 X164.494 Y96.94 E.06839
G1 X164.795 Y97.567 E.05535
G1 X165.168 Y98.444 E.07584
G1 X165.38 Y99.013 E.04832
G1 X165.673 Y99.913 E.07532
G1 X165.915 Y100.819 E.07463
G1 X166.11 Y101.736 E.07461
G1 X166.257 Y102.662 E.07462
G1 X166.324 Y103.302 E.05121
G1 X166.374 Y103.907 E.04831
G1 X166.398 Y104.513 E.04826
G1 X166.409 Y105.157 E.05126
G1 X166.377 Y106.094 E.07461
G1 X166.295 Y107.028 E.07461
G1 X166.164 Y107.958 E.07474
G1 X166.002 Y108.802 E.06839
G1 X165.841 Y109.479 E.05538
G1 X165.581 Y110.386 E.07509
G1 X165.276 Y111.272 E.07457
G1 X164.925 Y112.142 E.07466
G1 X164.528 Y112.992 E.07466
G1 X164.084 Y113.828 E.07533
G1 X163.776 Y114.351 E.0483
G1 X163.255 Y115.152 E.07604
G1 X162.903 Y115.646 E.04827
G1 X162.32 Y116.392 E.07535
G1 X161.705 Y117.1 E.07463
G1 X161.053 Y117.775 E.07468
G1 X160.367 Y118.414 E.07461
G1 X159.649 Y119.017 E.07462
G1 X158.9 Y119.581 E.07462
G1 X158.115 Y120.11 E.07533
G1 X157.598 Y120.428 E.0483
G1 X156.77 Y120.887 E.07534
G1 X155.927 Y121.298 E.07464
G1 X155.056 Y121.668 E.07531
G1 X154.487 Y121.88 E.04832
G1 X153.587 Y122.173 E.07532
G1 X152.681 Y122.415 E.07463
G1 X151.764 Y122.61 E.07461
G1 X150.838 Y122.757 E.07462
G1 X149.896 Y122.856 E.07538
G1 X149.29 Y122.893 E.04832
G1 X148.334 Y122.91 E.07609
G1 X147.728 Y122.894 E.04824
G1 X146.783 Y122.828 E.07539
G1 X145.852 Y122.713 E.07465
G1 X144.92 Y122.549 E.07531
G1 X144.328 Y122.418 E.04825
G1 X143.413 Y122.173 E.07538
G1 X142.521 Y121.883 E.07464
G1 X141.637 Y121.543 E.07537
G1 X141.081 Y121.301 E.04826
G1 X140.23 Y120.886 E.07535
G1 X139.41 Y120.432 E.07459
G1 X138.614 Y119.935 E.07468
G1 X137.846 Y119.397 E.07462
G1 X137.108 Y118.82 E.07455
G1 X136.4 Y118.205 E.07463
G1 X135.725 Y117.553 E.07468
G1 X135.086 Y116.867 E.07461
G1 X134.477 Y116.142 E.07535
G1 X134.108 Y115.661 E.04825
G1 X133.565 Y114.885 E.07537
G1 X133.068 Y114.09 E.07461
G1 X132.613 Y113.27 E.07463
G1 X132.202 Y112.425 E.07478
G1 X131.865 Y111.635 E.06835
G1 X131.619 Y110.984 E.05538
G1 X131.327 Y110.087 E.07507
G1 X131.085 Y109.181 E.07463
G1 X130.89 Y108.264 E.07461
G1 X130.743 Y107.336 E.07477
G1 X130.652 Y106.481 E.06843
G1 X130.607 Y105.787 E.05535
G1 X130.59 Y104.834 E.07585
G1 X130.606 Y104.228 E.04824
G1 X130.672 Y103.283 E.07539
G1 X130.787 Y102.352 E.07465
G1 X130.951 Y101.42 E.07531
G1 X131.082 Y100.827 E.04833
G1 X131.328 Y99.913 E.07533
G1 X131.617 Y99.021 E.07462
G1 X131.954 Y98.144 E.07477
G1 X132.302 Y97.359 E.06833
G1 X132.611 Y96.735 E.05541
G1 X133.068 Y95.91 E.07505
G1 X133.565 Y95.114 E.07468
G1 X134.103 Y94.346 E.07462
G1 X134.68 Y93.608 E.07455
G1 X135.295 Y92.9 E.07463
G1 X135.953 Y92.219 E.07536
G1 X136.393 Y91.801 E.0483
G1 X137.108 Y91.18 E.07537
G1 X137.847 Y90.603 E.07461
G1 X138.615 Y90.065 E.07462
G1 X139.412 Y89.567 E.07479
G1 X140.162 Y89.149 E.06833
G1 X140.784 Y88.837 E.05538
G1 X141.646 Y88.453 E.0751
G1 X142.523 Y88.116 E.07477
G1 X143.34 Y87.85 E.06838
G1 X144.01 Y87.662 E.05538
G1 X144.93 Y87.449 E.07515
G1 X145.853 Y87.287 E.07458
G1 X146.784 Y87.172 E.07465
G1 X147.721 Y87.107 E.07475
G1 X148.58 Y87.09 E.06837
G1 X148.608 Y87.091 E.00223
G1 X148.622 Y88.049 F12000
G1 F3134.537
M73 P66 R3
G1 X149.231 Y88.063 E.04848
G1 X150.125 Y88.125 E.07132
G1 X151.006 Y88.234 E.07065
G1 X151.88 Y88.388 E.07063
G1 X152.747 Y88.588 E.07081
G1 X153.531 Y88.811 E.06487
G1 X154.151 Y89.017 E.05199
G1 X154.988 Y89.338 E.07134
G1 X155.799 Y89.699 E.07065
G1 X156.589 Y90.102 E.07058
G1 X157.36 Y90.547 E.07084
G1 X158.044 Y90.989 E.06481
G1 X158.577 Y91.367 E.052
G1 X159.283 Y91.919 E.07132
G1 X159.953 Y92.501 E.07063
G1 X160.592 Y93.118 E.07069
G1 X161.197 Y93.767 E.07061
G1 X161.768 Y94.447 E.07066
G1 X162.302 Y95.156 E.07064
G1 X162.798 Y95.892 E.07063
G1 X163.256 Y96.654 E.07075
G1 X163.64 Y97.373 E.06487
G1 X163.923 Y97.962 E.052
G1 X164.278 Y98.799 E.07235
G1 X164.476 Y99.329 E.04503
G1 X164.755 Y100.185 E.07165
G1 X164.984 Y101.043 E.07067
G1 X165.169 Y101.911 E.07063
G1 X165.308 Y102.787 E.07059
G1 X165.372 Y103.402 E.04921
G1 X165.441 Y104.53 E.08994
G1 X165.452 Y105.148 E.04919
G1 X165.421 Y106.035 E.07063
G1 X165.344 Y106.919 E.07062
G1 X165.22 Y107.801 E.07088
G1 X165.066 Y108.601 E.06483
G1 X164.915 Y109.236 E.05194
G1 X164.668 Y110.098 E.07136
G1 X164.379 Y110.937 E.07062
G1 X164.047 Y111.76 E.07062
G1 X163.671 Y112.565 E.07071
G1 X163.249 Y113.36 E.07163
G1 X162.962 Y113.847 E.04499
G1 X162.464 Y114.613 E.07271
G1 X162.136 Y115.074 E.04503
G1 X161.581 Y115.783 E.07165
G1 X160.999 Y116.453 E.07063
G1 X160.382 Y117.092 E.07069
G1 X159.733 Y117.697 E.07061
G1 X159.053 Y118.267 E.07061
G1 X158.344 Y118.802 E.07068
G1 X157.597 Y119.305 E.07167
G1 X157.116 Y119.601 E.04495
G1 X156.328 Y120.037 E.07167
G1 X155.53 Y120.426 E.07065
G1 X154.701 Y120.778 E.07167
G1 X154.171 Y120.976 E.04503
G1 X153.315 Y121.255 E.07165
G1 X152.457 Y121.484 E.07067
G1 X151.589 Y121.669 E.07063
G1 X150.713 Y121.808 E.07059
G1 X149.817 Y121.902 E.0717
G1 X149.253 Y121.936 E.04497
G1 X148.339 Y121.952 E.07275
G1 X147.774 Y121.937 E.04498
G1 X146.875 Y121.875 E.07171
G1 X145.994 Y121.766 E.07065
G1 X145.107 Y121.61 E.07167
G1 X144.555 Y121.488 E.04499
G1 X143.685 Y121.255 E.07168
G1 X142.841 Y120.98 E.07064
G1 X142 Y120.657 E.07169
G1 X141.482 Y120.432 E.04494
G1 X140.672 Y120.037 E.07172
G1 X139.896 Y119.607 E.0706
G1 X139.143 Y119.136 E.07068
G1 X138.416 Y118.627 E.07063
G1 X137.717 Y118.081 E.07059
G1 X137.047 Y117.499 E.07063
G1 X136.408 Y116.882 E.07069
G1 X135.803 Y116.233 E.07061
G1 X135.224 Y115.543 E.07168
G1 X134.88 Y115.095 E.04495
G1 X134.363 Y114.357 E.07171
G1 X133.893 Y113.604 E.07064
G1 X133.463 Y112.828 E.0706
G1 X133.072 Y112.028 E.07086
G1 X132.753 Y111.278 E.06486
G1 X132.522 Y110.667 E.05198
G1 X132.245 Y109.815 E.0713
G1 X132.016 Y108.957 E.07067
G1 X131.831 Y108.089 E.07063
G1 X131.692 Y107.21 E.07082
G1 X131.605 Y106.4 E.06483
G1 X131.564 Y105.748 E.05199
G1 X131.548 Y104.839 E.07235
G1 X131.563 Y104.274 E.04498
G1 X131.625 Y103.375 E.07171
G1 X131.734 Y102.494 E.07065
G1 X131.89 Y101.607 E.07167
G1 X132.012 Y101.055 E.04499
G1 X132.245 Y100.185 E.07168
G1 X132.52 Y99.341 E.07064
G1 X132.839 Y98.51 E.07084
G1 X133.169 Y97.765 E.06484
G1 X133.459 Y97.18 E.05196
G1 X133.893 Y96.396 E.07131
G1 X134.364 Y95.643 E.07068
G1 X134.873 Y94.916 E.07063
G1 X135.419 Y94.217 E.07059
G1 X136.001 Y93.547 E.07063
G1 X136.627 Y92.899 E.0717
G1 X137.037 Y92.51 E.04498
G1 X137.717 Y91.919 E.0717
G1 X138.416 Y91.372 E.07064
G1 X139.143 Y90.863 E.07063
G1 X139.898 Y90.392 E.07082
G1 X140.61 Y89.995 E.06487
G1 X141.194 Y89.702 E.052
G1 X142.013 Y89.338 E.07132
G1 X142.844 Y89.019 E.07084
G1 X143.618 Y88.766 E.0648
G1 X144.247 Y88.589 E.052
G1 X145.12 Y88.388 E.07129
G1 X145.994 Y88.233 E.07064
G1 X146.875 Y88.125 E.07064
G1 X147.763 Y88.063 E.07084
G1 X148.578 Y88.048 E.06487
G1 X148.592 Y88.048 E.00111
G1 E-3 F7200
G1 Z4 F3000
G1 X138.942 Y91.682 F12000
G1 Z3.8 F3000
G1 E3 F7200
;TYPE:Internal infill
T0
;WIDTH:0.675
G1 F4746.238
G1 X137.467 Y92.872 E.09961
G1 X138.327 Y93.226 E.04888
G1 X139.005 Y93.365 E.03638
G1 X139.684 Y93.329 E.03574
G1 X140.023 Y93.171 E.01966
G1 X140.362 Y92.846 E.02468
G1 X141.718 Y90.883 E.12539
G1 X142.396 Y90.284 E.04755
G1 X143.075 Y89.897 E.04108
G1 X143.753 Y89.646 E.038
G1 X144.431 Y89.507 E.03638
G1 X145.109 Y89.543 E.03568
G1 X145.448 Y89.701 E.01966
G1 X145.787 Y90.027 E.02472
G1 X147.144 Y91.99 E.12542
G1 X147.822 Y92.589 E.04755
G1 X148.5 Y92.975 E.041
G1 X149.178 Y93.226 E.038
G1 X149.856 Y93.365 E.03638
G1 X150.535 Y93.329 E.03574
G1 X150.874 Y93.171 E.01966
G1 X151.213 Y92.846 E.02468
G1 X152.569 Y90.883 E.12539
G1 X153.247 Y90.284 E.04755
G1 X153.926 Y89.897 E.04108
G1 X154.419 Y89.714 E.02764
G1 X156.324 Y90.59 E.1102
G1 X157.471 Y91.28 E.07035
G1 X157.995 Y91.99 E.04638
G1 X158.673 Y92.589 E.04755
G1 X159.351 Y92.975 E.041
G1 X159.827 Y93.152 E.02669
G1 X160.196 Y93.507 E.02691
G1 X161.333 Y94.793 E.09022
G1 X161.95 Y95.628 E.05457
G1 X160.707 Y97.415 E.11441
G1 X160.029 Y98.014 E.04755
G1 X159.351 Y98.401 E.04103
G1 X158.673 Y98.652 E.038
G1 X157.995 Y98.791 E.03638
G1 X157.316 Y98.755 E.03574
G1 X156.977 Y98.597 E.01966
G1 X156.638 Y98.271 E.02472
G1 X155.282 Y96.308 E.12539
G1 X154.604 Y95.709 E.04755
G1 X153.926 Y95.323 E.041
G1 X153.247 Y95.071 E.03807
G1 X152.569 Y94.933 E.03636
G1 X151.891 Y94.969 E.03568
G1 X151.552 Y95.127 E.01966
G1 X151.213 Y95.452 E.02468
G1 X149.856 Y97.415 E.12542
G1 X149.178 Y98.014 E.04755
G1 X148.5 Y98.401 E.04103
G1 X147.822 Y98.652 E.038
G1 X147.144 Y98.791 E.03638
G1 X146.465 Y98.755 E.03574
G1 X146.126 Y98.597 E.01966
G1 X145.787 Y98.271 E.02472
G1 X144.431 Y96.308 E.12539
G1 X143.753 Y95.709 E.04755
G1 X143.075 Y95.323 E.041
G1 X142.396 Y95.071 E.03807
G1 X141.718 Y94.933 E.03636
G1 X141.04 Y94.969 E.03568
G1 X140.701 Y95.127 E.01966
G1 X140.362 Y95.452 E.02468
G1 X139.005 Y97.415 E.12542
G1 X138.327 Y98.014 E.04755
G1 X137.649 Y98.401 E.04103
G1 X136.971 Y98.652 E.038
G1 X136.293 Y98.791 E.03638
G1 X135.614 Y98.755 E.03574
G1 X135.275 Y98.597 E.01966
G1 X134.936 Y98.271 E.02472
G1 X134.149 Y97.08 E.07503
G1 X133.352 Y98.722 E.09593
G1 X132.719 Y100.565 E.10242
G1 X133.58 Y100.358 E.04654
G1 X134.258 Y100.394 E.03568
G1 X134.597 Y100.552 E.01966
G1 X134.936 Y100.878 E.02472
G1 X136.293 Y102.841 E.12542
G1 X136.971 Y103.44 E.04755
G1 X137.649 Y103.826 E.041
G1 X138.327 Y104.078 E.03802
G1 X139.005 Y104.216 E.03636
G1 X139.684 Y104.18 E.03574
G1 X140.023 Y104.022 E.01966
G1 X140.362 Y103.697 E.02468
G1 X141.718 Y101.734 E.12539
G1 X142.396 Y101.135 E.04755
G1 X143.075 Y100.748 E.04108
G1 X143.753 Y100.497 E.038
G1 X144.431 Y100.358 E.03638
G1 X145.109 Y100.394 E.03568
G1 X145.448 Y100.552 E.01966
G1 X145.787 Y100.878 E.02472
G1 X147.144 Y102.841 E.12542
G1 X147.822 Y103.44 E.04755
G1 X148.5 Y103.826 E.041
G1 X149.178 Y104.078 E.03802
G1 X149.856 Y104.216 E.03636
G1 X150.535 Y104.18 E.03574
G1 X150.874 Y104.022 E.01966
G1 X151.213 Y103.697 E.02468
G1 X152.569 Y101.734 E.12539
G1 X153.247 Y101.135 E.04755
G1 X153.926 Y100.748 E.04108
G1 X154.604 Y100.497 E.038
G1 X155.282 Y100.358 E.03638
G1 X155.96 Y100.394 E.03568
G1 X156.299 Y100.552 E.01966
G1 X156.638 Y100.878 E.02472
G1 X157.995 Y102.841 E.12542
G1 X158.673 Y103.44 E.04755
G1 X159.351 Y103.826 E.041
G1 X160.029 Y104.078 E.03802
G1 X160.707 Y104.216 E.03636
G1 X161.386 Y104.18 E.03574
G1 X161.725 Y104.022 E.01966
G1 X162.064 Y103.697 E.02468
G1 X163.42 Y101.734 E.12539
G1 X164.098 Y101.135 E.04755
G1 X164.39 Y100.969 E.01765
G1 X164.752 Y102.829 E.09959
G1 E-3 F7200
G1 Z4 F3000
G1 X164.882 Y104.32 F12000
G1 Z3.8 F3000
G1 E3 F7200
G1 F4746.238
M73 P67 R3
G1 X164.848 Y106.215 E.09961
G1 X164.098 Y105.923 E.0423
G1 X163.42 Y105.784 E.03638
G1 X162.742 Y105.82 E.03568
G1 X162.403 Y105.978 E.01966
G1 X162.064 Y106.303 E.02468
G1 X160.707 Y108.266 E.12542
G1 X160.029 Y108.865 E.04755
G1 X159.351 Y109.252 E.04103
G1 X158.673 Y109.503 E.038
G1 X157.995 Y109.642 E.03638
G1 X157.316 Y109.606 E.03574
G1 X156.977 Y109.448 E.01966
G1 X156.638 Y109.122 E.02472
G1 X155.282 Y107.159 E.12539
G1 X154.604 Y106.56 E.04755
G1 X153.926 Y106.174 E.041
G1 X153.247 Y105.923 E.03805
G1 X152.569 Y105.784 E.03638
G1 X151.891 Y105.82 E.03568
G1 X151.552 Y105.978 E.01966
G1 X151.213 Y106.303 E.02468
G1 X149.856 Y108.266 E.12542
G1 X149.178 Y108.865 E.04755
G1 X148.5 Y109.252 E.04103
G1 X147.822 Y109.503 E.038
G1 X147.144 Y109.642 E.03638
G1 X146.465 Y109.606 E.03574
G1 X146.126 Y109.448 E.01966
G1 X145.787 Y109.122 E.02472
G1 X144.431 Y107.159 E.12539
G1 X143.753 Y106.56 E.04755
G1 X143.075 Y106.174 E.041
G1 X142.396 Y105.923 E.03805
G1 X141.718 Y105.784 E.03638
G1 X141.04 Y105.82 E.03568
G1 X140.701 Y105.978 E.01966
G1 X140.362 Y106.303 E.02468
G1 X139.005 Y108.266 E.12542
G1 X138.327 Y108.865 E.04755
G1 X137.649 Y109.252 E.04103
G1 X136.971 Y109.503 E.038
G1 X136.293 Y109.642 E.03638
G1 X135.614 Y109.606 E.03574
G1 X135.275 Y109.448 E.01966
G1 X134.936 Y109.122 E.02472
G1 X133.58 Y107.159 E.12539
G1 X132.902 Y106.56 E.04755
G1 X132.146 Y106.145 E.04533
G1 X132.385 Y108.025 E.0996
G1 E-3 F7200
G1 Z4 F3000
G1 X132.727 Y109.467 F12000
G1 Z3.8 F3000
G1 E3 F7200
G1 F4746.238
G1 X133.348 Y111.257 E.09958
G1 X133.58 Y111.209 E.01245
G1 X134.258 Y111.245 E.03568
G1 X134.597 Y111.403 E.01966
G1 X134.936 Y111.729 E.02472
G1 X136.293 Y113.692 E.12542
G1 X136.971 Y114.291 E.04755
G1 X137.649 Y114.677 E.041
G1 X138.327 Y114.929 E.03802
G1 X139.005 Y115.067 E.03636
G1 X139.684 Y115.031 E.03574
G1 X140.023 Y114.873 E.01966
G1 X140.362 Y114.548 E.02468
G1 X141.718 Y112.585 E.12539
G1 X142.396 Y111.986 E.04755
G1 X143.075 Y111.599 E.04108
G1 X143.753 Y111.348 E.038
G1 X144.431 Y111.209 E.03638
G1 X145.109 Y111.245 E.03568
G1 X145.448 Y111.403 E.01966
G1 X145.787 Y111.729 E.02472
G1 X147.144 Y113.692 E.12542
G1 X147.822 Y114.291 E.04755
G1 X148.5 Y114.677 E.041
G1 X149.178 Y114.929 E.03802
G1 X149.856 Y115.067 E.03636
G1 X150.535 Y115.031 E.03574
G1 X150.874 Y114.873 E.01966
G1 X151.213 Y114.548 E.02468
G1 X152.569 Y112.585 E.12539
G1 X153.247 Y111.986 E.04755
G1 X153.926 Y111.599 E.04108
G1 X154.604 Y111.348 E.038
G1 X155.282 Y111.209 E.03638
G1 X155.96 Y111.245 E.03568
G1 X156.299 Y111.403 E.01966
G1 X156.638 Y111.729 E.02472
G1 X157.995 Y113.692 E.12542
G1 X158.673 Y114.291 E.04755
G1 X159.351 Y114.677 E.041
G1 X160.029 Y114.929 E.03802
G1 X160.707 Y115.067 E.03636
G1 X161.386 Y115.031 E.03574
G1 X161.509 Y114.974 E.00713
G1 X160.271 Y116.408 E.09957
G1 E-3 F7200
G1 Z4 F3000
G1 X157.897 Y118.433 F12000
G1 Z3.8 F3000
G1 E3 F7200
G1 F4746.238
G1 X156.283 Y119.427 E.09962
G1 X155.282 Y118.01 E.09118
G1 X154.604 Y117.411 E.04755
G1 X153.926 Y117.025 E.041
G1 X153.247 Y116.774 E.03805
G1 X152.569 Y116.635 E.03638
G1 X151.891 Y116.671 E.03568
G1 X151.552 Y116.829 E.01966
G1 X151.213 Y117.154 E.02468
G1 X149.856 Y119.117 E.12542
G1 X149.178 Y119.716 E.04755
G1 X148.5 Y120.103 E.04103
G1 X147.822 Y120.354 E.038
G1 X147.144 Y120.493 E.03638
G1 X146.465 Y120.457 E.03574
G1 X146.126 Y120.299 E.01966
G1 X145.787 Y119.973 E.02472
G1 X144.431 Y118.01 E.12539
G1 X143.753 Y117.411 E.04755
G1 X143.075 Y117.025 E.041
G1 X142.396 Y116.774 E.03805
G1 X141.718 Y116.635 E.03638
G1 X141.04 Y116.671 E.03568
G1 X140.701 Y116.829 E.01966
G1 X140.362 Y117.154 E.02468
G1 X139.373 Y118.619 E.0929
G1 X141.005 Y119.582 E.09959
;LAYER_CHANGE
;Z:4
;HEIGHT:0.2

G1 E-3 F7200
G1 Z4 F3000
;AFTER_LAYER_CHANGE
;4
G92 E0
_ON_LAYER_CHANGE LAYER=20
G1 Z4.2
G1 X148.669 Y85.34 F12000
G1 Z4 F3000
G1 E3 F7200
;TYPE:External perimeter
;WIDTH:0.674999
G1 F4746.242
G1 X149.357 Y85.356 E.03617
G1 X150.385 Y85.428 E.05416
G1 X151.407 Y85.554 E.05412
G1 X152.421 Y85.732 E.05411
G1 X153.351 Y85.946 E.05016
G1 X154.084 Y86.147 E.03995
G1 X155.064 Y86.465 E.05415
G1 X156.026 Y86.835 E.05417
G1 X156.653 Y87.107 E.03592
G1 X157.579 Y87.559 E.05416
G1 X158.48 Y88.058 E.05413
G1 X159.353 Y88.604 E.05412
G1 X160.196 Y89.194 E.05408
G1 X161.007 Y89.828 E.0541
G1 X161.784 Y90.504 E.05413
G1 X162.524 Y91.219 E.05408
G1 X163.227 Y91.972 E.05414
G1 X163.841 Y92.702 E.05013
G1 X164.305 Y93.304 E.03995
G1 X164.896 Y94.148 E.05415
G1 X165.442 Y95.021 E.05412
G1 X165.941 Y95.921 E.05409
G1 X166.392 Y96.846 E.05409
G1 X166.795 Y97.795 E.05419
G1 X167.034 Y98.435 E.03591
G1 X167.353 Y99.416 E.05422
G1 X167.619 Y100.41 E.05408
G1 X167.833 Y101.417 E.05411
G1 X167.994 Y102.434 E.05412
G1 X168.057 Y103.022 E.03108
G1 X168.118 Y103.746 E.03819
G1 X168.151 Y104.538 E.04166
G1 X168.162 Y105.173 E.03338
G1 X168.144 Y105.856 E.03591
G1 X168.072 Y106.885 E.05421
G1 X167.946 Y107.907 E.05412
G1 X167.768 Y108.92 E.05406
G1 X167.536 Y109.923 E.05411
G1 X167.252 Y110.913 E.05413
G1 X166.917 Y111.888 E.05418
G1 X166.393 Y113.153 E.07196
G1 X165.941 Y114.079 E.05416
G1 X165.442 Y114.98 E.05413
G1 X164.896 Y115.853 E.05412
G1 X164.306 Y116.696 E.05408
G1 X163.672 Y117.507 E.0541
G1 X162.996 Y118.284 E.05413
G1 X162.281 Y119.024 E.05408
G1 X161.528 Y119.726 E.05411
G1 X160.74 Y120.388 E.05409
G1 X159.918 Y121.008 E.05411
G1 X159.063 Y121.584 E.05418
G1 X158.48 Y121.941 E.03593
G1 X157.579 Y122.441 E.05416
G1 X156.654 Y122.892 E.05409
G1 X155.705 Y123.295 E.05419
G1 X155.065 Y123.534 E.03591
G1 X154.084 Y123.853 E.05422
G1 X153.09 Y124.119 E.05408
G1 X152.083 Y124.333 E.05411
G1 X151.066 Y124.494 E.05412
G1 X150.117 Y124.595 E.05016
G1 X149.358 Y124.644 E.03997
G1 X148.327 Y124.662 E.0542
G1 X147.644 Y124.644 E.03591
G1 X146.615 Y124.572 E.05421
G1 X145.593 Y124.446 E.05412
G1 X144.58 Y124.268 E.05406
G1 X143.575 Y124.036 E.05421
G1 X142.917 Y123.853 E.0359
G1 X141.936 Y123.534 E.05422
G1 X140.974 Y123.165 E.05415
G1 X140.347 Y122.893 E.03592
G1 X139.421 Y122.441 E.05416
G1 X138.52 Y121.942 E.05413
G1 X137.647 Y121.396 E.05412
G1 X136.804 Y120.806 E.05408
G1 X135.993 Y120.172 E.0541
G1 X135.216 Y119.496 E.05413
G1 X134.476 Y118.781 E.05408
G1 X133.774 Y118.028 E.05411
G1 X133.111 Y117.239 E.05416
G1 X132.695 Y116.697 E.03591
G1 X132.104 Y115.852 E.0542
G1 X131.558 Y114.979 E.05412
G1 X131.059 Y114.079 E.05409
G1 X130.608 Y113.154 E.05409
G1 X130.206 Y112.206 E.05412
G1 X129.854 Y111.238 E.05414
G1 X129.573 Y110.326 E.05016
G1 X129.381 Y109.591 E.03993
G1 X129.167 Y108.583 E.05416
G1 X129.006 Y107.566 E.05412
G1 X128.905 Y106.617 E.05016
G1 X128.856 Y105.858 E.03997
G1 X128.838 Y104.828 E.05414
G1 X128.874 Y103.799 E.05411
G1 X128.956 Y102.848 E.05017
G1 X129.053 Y102.094 E.03995
G1 X129.232 Y101.08 E.05412
G1 X129.464 Y100.077 E.05411
G1 X129.748 Y99.087 E.05413
G1 X130.083 Y98.114 E.05408
G1 X130.439 Y97.228 E.05018
G1 X130.753 Y96.536 E.03994
G1 X131.221 Y95.618 E.05416
G1 X131.735 Y94.726 E.05411
G1 X132.296 Y93.863 E.0541
G1 X132.901 Y93.03 E.05411
G1 X133.501 Y92.287 E.05019
G1 X134.003 Y91.717 E.03992
G1 X134.719 Y90.976 E.05416
G1 X135.472 Y90.273 E.05414
G1 X136.202 Y89.659 E.05013
G1 X136.804 Y89.195 E.03995
G1 X137.648 Y88.604 E.05415
G1 X138.521 Y88.058 E.05412
G1 X139.355 Y87.594 E.05016
M73 P68 R3
G1 X140.034 Y87.253 E.03993
G1 X140.976 Y86.834 E.05419
G1 X141.937 Y86.465 E.0541
G1 X142.844 Y86.169 E.05014
G1 X143.576 Y85.964 E.03995
G1 X144.58 Y85.732 E.05416
G1 X145.594 Y85.554 E.05411
G1 X146.616 Y85.428 E.05412
G1 X147.643 Y85.356 E.05411
G1 X148.597 Y85.338 E.05015
G1 X148.639 Y85.339 E.00221
G1 X149.239 Y85.353 F12000
G1 X148.655 Y86.135
;TYPE:Perimeter
T1
;WIDTH:0.999999
G1 F3134.537
G1 X149.32 Y86.15 E.05294
G1 X150.309 Y86.219 E.0789
G1 X151.289 Y86.34 E.07858
G1 X152.263 Y86.511 E.0787
G1 X153.157 Y86.717 E.07301
G1 X153.856 Y86.908 E.05767
G1 X154.798 Y87.215 E.07885
G1 X155.725 Y87.571 E.07903
G1 X156.32 Y87.829 E.05161
G1 X157.212 Y88.264 E.07898
G1 X158.076 Y88.743 E.07862
G1 X158.914 Y89.267 E.07865
G1 X159.723 Y89.833 E.07857
G1 X160.501 Y90.442 E.07863
G1 X161.247 Y91.09 E.07864
G1 X161.957 Y91.776 E.07857
G1 X162.632 Y92.499 E.07872
G1 X163.222 Y93.201 E.07298
G1 X163.665 Y93.774 E.05764
G1 X164.234 Y94.587 E.07897
G1 X164.757 Y95.424 E.07854
G1 X165.236 Y96.288 E.07862
G1 X165.669 Y97.176 E.07862
G1 X166.057 Y98.09 E.07902
G1 X166.284 Y98.697 E.05157
G1 X166.591 Y99.642 E.07907
G1 X166.846 Y100.596 E.07859
G1 X167.052 Y101.562 E.0786
G1 X167.206 Y102.538 E.07863
G1 X167.267 Y103.106 E.04546
G1 X167.325 Y103.797 E.05518
G1 X167.356 Y104.552 E.06013
G1 X167.367 Y105.17 E.04919
G1 X167.35 Y105.818 E.05159
G1 X167.281 Y106.809 E.07906
G1 X167.16 Y107.789 E.07858
G1 X166.989 Y108.762 E.07862
G1 X166.766 Y109.724 E.07859
G1 X166.494 Y110.674 E.07864
G1 X166.171 Y111.612 E.07895
G1 X165.671 Y112.82 E.10404
G1 X165.236 Y113.712 E.07898
G1 X164.757 Y114.576 E.07862
G1 X164.233 Y115.414 E.07865
G1 X163.667 Y116.223 E.07857
G1 X163.059 Y117.001 E.07858
G1 X162.41 Y117.747 E.07869
G1 X161.724 Y118.457 E.07857
G1 X161.002 Y119.131 E.0786
G1 X160.245 Y119.766 E.07863
G1 X159.456 Y120.36 E.07859
G1 X158.633 Y120.916 E.07904
G1 X158.08 Y121.255 E.05162
G1 X157.212 Y121.736 E.07897
G1 X156.324 Y122.169 E.07862
G1 X155.41 Y122.557 E.07902
G1 X154.803 Y122.784 E.05157
G1 X153.858 Y123.091 E.07907
G1 X152.904 Y123.346 E.07859
G1 X151.938 Y123.552 E.0786
G1 X150.962 Y123.706 E.07863
G1 X150.049 Y123.803 E.07307
G1 X149.326 Y123.85 E.05766
G1 X148.33 Y123.867 E.07927
G1 X147.682 Y123.85 E.05159
G1 X146.691 Y123.781 E.07906
G1 X145.711 Y123.66 E.07858
G1 X144.738 Y123.489 E.07862
G1 X143.771 Y123.265 E.07899
G1 X143.146 Y123.092 E.05161
G1 X142.202 Y122.785 E.079
G1 X141.275 Y122.429 E.07903
G1 X140.68 Y122.171 E.05161
G1 X139.788 Y121.736 E.07898
G1 X138.924 Y121.257 E.07862
G1 X138.086 Y120.733 E.07865
G1 X137.277 Y120.167 E.07857
G1 X136.499 Y119.558 E.07863
G1 X135.753 Y118.91 E.07864
G1 X135.043 Y118.224 E.07857
G1 X134.369 Y117.502 E.0786
G1 X133.731 Y116.741 E.07903
G1 X133.336 Y116.227 E.05159
G1 X132.766 Y115.413 E.07908
G1 X132.243 Y114.576 E.07854
G1 X131.764 Y113.712 E.07862
G1 X131.331 Y112.824 E.07862
G1 X130.945 Y111.915 E.07859
G1 X130.607 Y110.986 E.07867
G1 X130.338 Y110.109 E.073
G1 X130.154 Y109.408 E.05768
G1 X129.948 Y108.438 E.07892
G1 X129.794 Y107.462 E.07863
G1 X129.697 Y106.549 E.07307
G1 X129.65 Y105.826 E.05766
G1 X129.633 Y104.835 E.07888
G1 X129.668 Y103.847 E.07868
G1 X129.746 Y102.933 E.073
G1 X129.839 Y102.214 E.0577
G1 X130.011 Y101.238 E.07887
G1 X130.234 Y100.276 E.07859
G1 X130.506 Y99.326 E.07864
G1 X130.828 Y98.391 E.0787
G1 X131.17 Y97.54 E.07299
G1 X131.469 Y96.88 E.05766
G1 X131.919 Y95.997 E.07887
G1 X132.413 Y95.142 E.07858
G1 X132.951 Y94.313 E.07865
G1 X133.532 Y93.513 E.07868
G1 X134.108 Y92.8 E.07294
G1 X134.587 Y92.256 E.05768
G1 X135.276 Y91.543 E.07891
G1 X135.999 Y90.868 E.07872
G1 X136.701 Y90.278 E.07298
G1 X137.275 Y89.835 E.0577
G1 X138.087 Y89.266 E.07891
G1 X138.925 Y88.743 E.07861
G1 X139.727 Y88.297 E.07303
G1 X140.374 Y87.972 E.05762
G1 X141.28 Y87.569 E.07891
G1 X142.203 Y87.214 E.0787
G1 X143.075 Y86.93 E.07298
G1 X143.773 Y86.734 E.0577
G1 X144.739 Y86.511 E.0789
G1 X145.711 Y86.34 E.07854
G1 X146.692 Y86.219 E.07866
G1 X147.678 Y86.15 E.07866
G1 X148.595 Y86.133 E.07299
G1 X148.625 Y86.134 E.00239
G1 X148.638 Y87.091 F12000
G1 F3134.537
G1 X149.275 Y87.106 E.05071
G1 X150.217 Y87.172 E.07515
G1 X151.148 Y87.287 E.07465
G1 X152.072 Y87.45 E.07467
G1 X152.923 Y87.645 E.06948
G1 X153.581 Y87.826 E.05431
G1 X154.479 Y88.117 E.07512
G1 X155.363 Y88.457 E.07537
G1 X155.919 Y88.699 E.04826
G1 X156.77 Y89.114 E.07535
G1 X157.59 Y89.568 E.07459
G1 X158.386 Y90.065 E.07468
G1 X159.154 Y90.603 E.07462
G1 X159.892 Y91.18 E.07455
G1 X160.6 Y91.795 E.07463
G1 X161.275 Y92.447 E.07468
G1 X161.915 Y93.134 E.07472
G1 X162.477 Y93.801 E.06941
G1 X162.894 Y94.342 E.05436
G1 X163.435 Y95.115 E.07509
G1 X163.932 Y95.91 E.07461
G1 X164.387 Y96.73 E.07463
G1 X164.798 Y97.573 E.07464
G1 X165.168 Y98.444 E.07531
G1 X165.38 Y99.013 E.04832
G1 X165.673 Y99.913 E.07532
G1 X165.915 Y100.819 E.07463
G1 X166.11 Y101.736 E.07461
G1 X166.257 Y102.664 E.07477
G1 X166.315 Y103.207 E.04346
G1 X166.37 Y103.858 E.05199
G1 X166.399 Y104.568 E.05655
G1 X166.41 Y105.166 E.0476
G1 X166.394 Y105.772 E.04824
G1 X166.328 Y106.717 E.07539
G1 X166.213 Y107.648 E.07465
G1 X166.051 Y108.571 E.07458
G1 X165.84 Y109.485 E.07465
G1 X165.581 Y110.386 E.07461
G1 X165.273 Y111.281 E.07532
G1 X164.801 Y112.419 E.09804
G1 X164.386 Y113.27 E.07535
G1 X163.932 Y114.09 E.07459
G1 X163.435 Y114.886 E.07468
G1 X162.897 Y115.654 E.07462
G1 X162.32 Y116.392 E.07455
G1 X161.705 Y117.1 E.07463
G1 X161.053 Y117.775 E.07468
G1 X160.367 Y118.414 E.07461
G1 X159.649 Y119.017 E.07462
G1 X158.9 Y119.581 E.07462
G1 X158.115 Y120.11 E.07533
G1 X157.598 Y120.428 E.0483
G1 X156.77 Y120.887 E.07534
G1 X155.927 Y121.298 E.07464
G1 X155.056 Y121.668 E.07531
G1 X154.487 Y121.88 E.04832
G1 X153.587 Y122.173 E.07532
G1 X152.681 Y122.415 E.07463
G1 X151.764 Y122.61 E.07461
G1 X150.836 Y122.757 E.07477
G1 X149.968 Y122.85 E.06947
G1 X149.287 Y122.893 E.0543
G1 X148.334 Y122.91 E.07585
G1 X147.728 Y122.894 E.04824
G1 X146.783 Y122.828 E.07539
G1 X145.852 Y122.713 E.07465
G1 X144.929 Y122.551 E.07458
G1 X144.006 Y122.338 E.07538
G1 X143.422 Y122.175 E.04825
G1 X142.521 Y121.883 E.07537
G1 X141.637 Y121.543 E.07537
G1 X141.081 Y121.301 E.04826
G1 X140.23 Y120.886 E.07535
G1 X139.41 Y120.432 E.07459
G1 X138.614 Y119.935 E.07468
G1 X137.846 Y119.397 E.07462
G1 X137.108 Y118.82 E.07455
G1 X136.4 Y118.205 E.07463
G1 X135.725 Y117.553 E.07468
G1 X135.086 Y116.867 E.07461
G1 X134.477 Y116.142 E.07535
G1 X134.108 Y115.661 E.04825
G1 X133.565 Y114.885 E.07537
G1 X133.068 Y114.09 E.07461
G1 X132.613 Y113.27 E.07463
G1 X132.202 Y112.427 E.07464
G1 X131.836 Y111.564 E.0746
G1 X131.515 Y110.681 E.07477
G1 X131.259 Y109.847 E.06943
G1 X131.086 Y109.187 E.0543
G1 X130.89 Y108.264 E.07509
G1 X130.743 Y107.336 E.07477
G1 X130.65 Y106.468 E.06947
G1 X130.607 Y105.787 E.0543
G1 X130.591 Y104.843 E.07514
G1 X130.623 Y103.905 E.07469
G1 X130.698 Y103.035 E.06949
G1 X130.786 Y102.359 E.05425
G1 X130.949 Y101.429 E.07514
G1 X131.16 Y100.515 E.07465
G1 X131.419 Y99.614 E.07461
G1 X131.725 Y98.726 E.07475
G1 X132.05 Y97.917 E.06938
G1 X132.332 Y97.295 E.05435
G1 X132.76 Y96.454 E.0751
G1 X133.229 Y95.642 E.07462
G1 X133.74 Y94.855 E.07467
G1 X134.292 Y94.096 E.07469
G1 X134.84 Y93.417 E.06944
G1 X135.291 Y92.905 E.0543
G1 X135.947 Y92.225 E.07519
G1 X136.634 Y91.585 E.07472
G1 X137.301 Y91.023 E.06941
G1 X137.842 Y90.606 E.05436
G1 X138.615 Y90.065 E.07509
G1 X139.411 Y89.567 E.07472
G1 X140.174 Y89.143 E.06947
G1 X140.784 Y88.837 E.05431
G1 X141.646 Y88.453 E.0751
G1 X142.523 Y88.117 E.07474
G1 X143.353 Y87.846 E.06948
G1 X144.01 Y87.662 E.0543
G1 X144.93 Y87.449 E.07515
G1 X145.853 Y87.287 E.07458
G1 X146.784 Y87.172 E.07465
G1 X147.72 Y87.107 E.07467
G1 X148.593 Y87.09 E.06949
G1 X148.608 Y87.091 E.0012
G1 X148.622 Y88.048 F12000
G1 F3134.537
G1 X149.23 Y88.063 E.0484
G1 X150.125 Y88.125 E.0714
G1 X151.006 Y88.234 E.07065
G1 X151.882 Y88.388 E.07078
G1 X152.689 Y88.573 E.06589
G1 X153.306 Y88.743 E.05093
G1 X154.159 Y89.02 E.07137
G1 X155 Y89.343 E.07169
G1 X155.518 Y89.568 E.04494
G1 X156.328 Y89.963 E.07172
G1 X157.104 Y90.393 E.0706
G1 X157.857 Y90.864 E.07068
G1 X158.584 Y91.373 E.07063
G1 X159.283 Y91.919 E.07059
G1 X159.953 Y92.501 E.07063
G1 X160.592 Y93.118 E.07069
G1 X161.198 Y93.769 E.07078
G1 X161.732 Y94.402 E.06591
G1 X162.122 Y94.909 E.0509
G1 X162.637 Y95.643 E.07136
G1 X163.107 Y96.396 E.07064
G1 X163.537 Y97.172 E.0706
G1 X163.926 Y97.97 E.07065
G1 X164.278 Y98.799 E.07167
G1 X164.476 Y99.329 E.04503
G1 X164.755 Y100.185 E.07165
G1 X164.984 Y101.043 E.07067
G1 X165.169 Y101.911 E.07063
G1 X165.308 Y102.789 E.07074
G1 X165.363 Y103.308 E.04153
G1 X165.415 Y103.918 E.04872
G1 X165.442 Y104.585 E.05312
G1 X165.438 Y105.726 E.0908
G1 X165.375 Y106.625 E.07172
G1 X165.266 Y107.506 E.07065
G1 X165.112 Y108.38 E.07063
G1 X164.913 Y109.245 E.07064
G1 X164.668 Y110.098 E.07063
G1 X164.375 Y110.95 E.0717
G1 X163.932 Y112.018 E.09201
G1 X163.537 Y112.828 E.07172
G1 X163.107 Y113.604 E.0706
G1 X162.636 Y114.357 E.07068
G1 X162.127 Y115.084 E.07063
G1 X161.581 Y115.783 E.07059
G1 X160.999 Y116.453 E.07063
G1 X160.382 Y117.092 E.07069
G1 X159.733 Y117.697 E.07061
G1 X159.053 Y118.267 E.07061
G1 X158.344 Y118.802 E.07068
G1 X157.597 Y119.305 E.07167
G1 X157.116 Y119.601 E.04495
G1 X156.328 Y120.037 E.07167
G1 X155.53 Y120.426 E.07065
G1 X154.701 Y120.778 E.07167
G1 X154.171 Y120.976 E.04503
G1 X153.315 Y121.255 E.07165
G1 X152.457 Y121.484 E.07067
G1 X151.589 Y121.669 E.07063
G1 X150.711 Y121.808 E.07074
G1 X149.887 Y121.896 E.06595
G1 X149.249 Y121.936 E.05087
G1 X148.339 Y121.952 E.07243
G1 X147.774 Y121.937 E.04498
G1 X146.875 Y121.875 E.07171
G1 X145.994 Y121.766 E.07065
G1 X145.12 Y121.612 E.07063
G1 X144.242 Y121.41 E.0717
G1 X143.698 Y121.259 E.04493
G1 X142.841 Y120.98 E.07172
G1 X142 Y120.657 E.07169
G1 X141.482 Y120.432 E.04494
G1 X140.672 Y120.037 E.07172
G1 X139.896 Y119.607 E.0706
G1 X139.143 Y119.136 E.07068
G1 X138.416 Y118.627 E.07063
G1 X137.717 Y118.081 E.07059
G1 X137.047 Y117.499 E.07063
G1 X136.408 Y116.882 E.07069
G1 X135.803 Y116.233 E.07061
G1 X135.224 Y115.543 E.07168
G1 X134.88 Y115.095 E.04495
G1 X134.363 Y114.357 E.07171
G1 X133.893 Y113.604 E.07064
G1 X133.463 Y112.828 E.0706
G1 X133.074 Y112.03 E.07065
G1 X132.727 Y111.213 E.07064
G1 X132.423 Y110.377 E.07079
G1 X132.179 Y109.585 E.06595
M73 P69 R3
G1 X132.018 Y108.966 E.0509
G1 X131.831 Y108.089 E.07136
G1 X131.692 Y107.211 E.07074
G1 X131.604 Y106.387 E.06595
G1 X131.564 Y105.749 E.05087
G1 X131.548 Y104.852 E.0714
G1 X131.579 Y103.963 E.07079
G1 X131.65 Y103.138 E.0659
G1 X131.732 Y102.503 E.05095
G1 X131.888 Y101.62 E.07136
G1 X132.087 Y100.755 E.07064
G1 X132.332 Y99.902 E.07063
G1 X132.622 Y99.061 E.0708
G1 X132.931 Y98.293 E.06588
G1 X133.195 Y97.71 E.05093
G1 X133.602 Y96.911 E.07136
G1 X134.046 Y96.142 E.07067
G1 X134.529 Y95.398 E.07059
G1 X135.052 Y94.678 E.07082
G1 X135.572 Y94.034 E.06587
G1 X135.995 Y93.553 E.05098
G1 X136.618 Y92.908 E.07136
G1 X137.269 Y92.302 E.07078
G1 X137.902 Y91.768 E.06591
G1 X138.409 Y91.378 E.0509
G1 X139.143 Y90.863 E.07136
G1 X139.898 Y90.392 E.07082
G1 X140.622 Y89.989 E.06594
G1 X141.193 Y89.702 E.05086
G1 X142.013 Y89.338 E.0714
G1 X142.843 Y89.019 E.07076
G1 X143.63 Y88.762 E.06589
G1 X144.246 Y88.589 E.05092
G1 X145.12 Y88.388 E.07137
G1 X145.994 Y88.233 E.07064
G1 X146.875 Y88.125 E.07064
G1 X147.763 Y88.063 E.07084
G1 X148.591 Y88.048 E.0659
G1 E-3 F7200
G1 Z4.2 F3000
G1 X155.301 Y90.783 F12000
G1 Z4 F3000
G1 E3 F7200
;TYPE:Internal infill
T0
;WIDTH:0.675
G1 F4746.238
G1 X153.546 Y90.069 E.09958
G1 X153.247 Y90.267 E.01885
G1 X152.569 Y90.959 E.05092
G1 X152.23 Y91.456 E.03162
G1 X151.213 Y93.467 E.11844
G1 X150.874 Y93.724 E.02236
G1 X150.535 Y93.747 E.01786
G1 X149.856 Y93.605 E.03646
G1 X149.178 Y93.371 E.0377
G1 X148.5 Y93.055 E.03931
G1 X147.822 Y92.606 E.04274
G1 X147.144 Y91.914 E.05092
G1 X146.805 Y91.416 E.03166
G1 X145.819 Y89.47 E.11466
G1 X145.357 Y89.552 E.02466
G1 X143.975 Y89.898 E.07488
G1 X142.049 Y90.621 E.10812
G1 X141.718 Y90.959 E.02486
G1 X141.379 Y91.456 E.03162
G1 X140.362 Y93.467 E.11844
G1 X140.023 Y93.724 E.02236
G1 X139.684 Y93.747 E.01786
G1 X139.005 Y93.605 E.03646
G1 X138.017 Y93.226 E.05562
G1 X136.681 Y94.571 E.09964
G1 E-3 F7200
G1 Z4.2 F3000
G1 X138.126 Y116.863 F12000
G1 Z4 F3000
G1 E3 F7200
G1 F4746.238
G1 X139.624 Y118.024 E.09961
G1 X140.362 Y116.533 E.08744
G1 X140.701 Y116.276 E.02236
G1 X141.04 Y116.253 E.01786
G1 X141.718 Y116.395 E.03641
G1 X142.396 Y116.629 E.0377
G1 X143.075 Y116.945 E.03936
G1 X143.753 Y117.394 E.04274
G1 X144.431 Y118.086 E.05092
G1 X144.77 Y118.584 E.03166
G1 X145.75 Y120.518 E.11395
G1 X147.215 Y120.708 E.07764
G1 X148.5 Y120.182 E.07298
G1 X149.178 Y119.733 E.04274
G1 X149.856 Y119.041 E.05092
G1 X150.195 Y118.544 E.03162
G1 X151.213 Y116.533 E.11846
G1 X151.552 Y116.276 E.02236
G1 X151.891 Y116.253 E.01786
G1 X152.569 Y116.395 E.03641
G1 X153.247 Y116.629 E.0377
G1 X153.926 Y116.945 E.03936
G1 X154.604 Y117.394 E.04274
G1 X155.282 Y118.086 E.05092
G1 X155.823 Y118.96 E.05402
G1 X157.443 Y117.977 E.09959
G1 E-3 F7200
G1 Z4.2 F3000
G1 X159.177 Y116.6 F12000
G1 Z4 F3000
G1 E3 F7200
G1 F4746.238
G1 X160.488 Y115.231 E.09962
G1 X159.351 Y114.757 E.06474
G1 X158.673 Y114.308 E.04274
G1 X157.995 Y113.616 E.05092
G1 X157.656 Y113.119 E.03162
G1 X156.638 Y111.108 E.11846
G1 X156.299 Y110.85 E.02239
G1 X155.96 Y110.828 E.01785
G1 X155.282 Y110.97 E.03641
G1 X154.604 Y111.203 E.03768
G1 X153.926 Y111.52 E.03934
G1 X153.247 Y111.969 E.04278
G1 X152.569 Y112.661 E.05092
G1 X152.23 Y113.158 E.03162
G1 X151.213 Y115.169 E.11844
G1 X150.874 Y115.426 E.02236
G1 X150.535 Y115.449 E.01786
G1 X149.856 Y115.307 E.03646
G1 X149.178 Y115.073 E.0377
G1 X148.5 Y114.757 E.03931
G1 X147.822 Y114.308 E.04274
G1 X147.144 Y113.616 E.05092
G1 X146.805 Y113.119 E.03162
G1 X145.787 Y111.108 E.11846
G1 X145.448 Y110.85 E.02239
G1 X145.109 Y110.828 E.01785
G1 X144.431 Y110.97 E.03641
G1 X143.753 Y111.203 E.03768
G1 X143.075 Y111.52 E.03934
G1 X142.396 Y111.969 E.04278
G1 X141.718 Y112.661 E.05092
G1 X141.379 Y113.158 E.03162
G1 X140.362 Y115.169 E.11844
G1 X140.023 Y115.426 E.02236
G1 X139.684 Y115.449 E.01786
G1 X139.005 Y115.307 E.03646
G1 X138.327 Y115.073 E.0377
G1 X137.649 Y114.757 E.03931
G1 X136.971 Y114.308 E.04274
G1 X136.293 Y113.616 E.05092
G1 X135.954 Y113.119 E.03162
G1 X134.936 Y111.108 E.11846
G1 X134.597 Y110.85 E.02239
G1 X134.258 Y110.828 E.01785
G1 X133.886 Y110.906 E.01998
G1 X133.549 Y109.999 E.05085
G1 X133.174 Y108.694 E.07136
G1 X132.999 Y107.873 E.04412
G1 X132.808 Y106.482 E.07379
G1 X133.58 Y107.235 E.05668
G1 X133.919 Y107.733 E.03166
G1 X134.936 Y109.743 E.11839
G1 X135.275 Y110.001 E.02239
G1 X135.614 Y110.023 E.01785
G1 X136.293 Y109.881 E.03646
G1 X136.971 Y109.648 E.03768
G1 X137.649 Y109.331 E.03934
G1 X138.327 Y108.882 E.04274
G1 X139.005 Y108.19 E.05092
G1 X139.344 Y107.693 E.03162
G1 X140.362 Y105.682 E.11846
G1 X140.701 Y105.425 E.02236
G1 X141.04 Y105.402 E.01786
G1 X141.718 Y105.544 E.03641
G1 X142.396 Y105.778 E.0377
G1 X143.075 Y106.094 E.03936
G1 X143.753 Y106.543 E.04274
G1 X144.431 Y107.235 E.05092
G1 X144.77 Y107.733 E.03166
G1 X145.787 Y109.743 E.11839
G1 X146.126 Y110.001 E.02239
G1 X146.465 Y110.023 E.01785
G1 X147.144 Y109.881 E.03646
G1 X147.822 Y109.648 E.03768
G1 X148.5 Y109.331 E.03934
G1 X149.178 Y108.882 E.04274
G1 X149.856 Y108.19 E.05092
G1 X150.195 Y107.693 E.03162
G1 X151.213 Y105.682 E.11846
G1 X151.552 Y105.425 E.02236
G1 X151.891 Y105.402 E.01786
G1 X152.569 Y105.544 E.03641
G1 X153.247 Y105.778 E.0377
G1 X153.926 Y106.094 E.03936
G1 X154.604 Y106.543 E.04274
G1 X155.282 Y107.235 E.05092
G1 X155.621 Y107.733 E.03166
G1 X156.638 Y109.743 E.11839
G1 X156.977 Y110.001 E.02239
G1 X157.316 Y110.023 E.01785
G1 X157.995 Y109.881 E.03646
G1 X158.673 Y109.648 E.03768
G1 X159.351 Y109.331 E.03934
G1 X160.029 Y108.882 E.04274
G1 X160.707 Y108.19 E.05092
G1 X161.047 Y107.693 E.03165
G1 X162.064 Y105.682 E.11844
G1 X162.403 Y105.425 E.02236
G1 X162.742 Y105.402 E.01786
G1 X163.42 Y105.544 E.03641
G1 X164.239 Y105.843 E.04582
G1 X164.212 Y103.714 E.1119
G1 X164.001 Y102.127 E.08414
G1 X163.842 Y101.379 E.04019
G1 X163.42 Y101.81 E.0317
G1 X163.081 Y102.307 E.03162
G1 X162.064 Y104.318 E.11844
G1 X161.725 Y104.575 E.02236
M73 P70 R3
G1 X161.386 Y104.598 E.01786
G1 X160.707 Y104.456 E.03646
G1 X160.029 Y104.222 E.0377
G1 X159.351 Y103.906 E.03931
G1 X158.673 Y103.457 E.04274
G1 X157.995 Y102.765 E.05092
G1 X157.656 Y102.267 E.03166
G1 X156.638 Y100.257 E.11842
G1 X156.299 Y99.999 E.02239
G1 X155.96 Y99.977 E.01785
G1 X155.282 Y100.119 E.03641
G1 X154.604 Y100.352 E.03768
G1 X153.926 Y100.669 E.03934
G1 X153.247 Y101.118 E.04278
G1 X152.569 Y101.81 E.05092
G1 X152.23 Y102.307 E.03162
G1 X151.213 Y104.318 E.11844
G1 X150.874 Y104.575 E.02236
G1 X150.535 Y104.598 E.01786
G1 X149.856 Y104.456 E.03646
G1 X149.178 Y104.222 E.0377
G1 X148.5 Y103.906 E.03931
G1 X147.822 Y103.457 E.04274
G1 X147.144 Y102.765 E.05092
G1 X146.805 Y102.267 E.03166
G1 X145.787 Y100.257 E.11842
G1 X145.448 Y99.999 E.02239
G1 X145.109 Y99.977 E.01785
G1 X144.431 Y100.119 E.03641
G1 X143.753 Y100.352 E.03768
G1 X143.075 Y100.669 E.03934
G1 X142.396 Y101.118 E.04278
G1 X141.718 Y101.81 E.05092
G1 X141.379 Y102.307 E.03162
G1 X140.362 Y104.318 E.11844
G1 X140.023 Y104.575 E.02236
G1 X139.684 Y104.598 E.01786
G1 X139.005 Y104.456 E.03646
G1 X138.327 Y104.222 E.0377
G1 X137.649 Y103.906 E.03931
G1 X136.971 Y103.457 E.04274
G1 X136.293 Y102.765 E.05092
G1 X135.954 Y102.267 E.03166
G1 X134.936 Y100.257 E.11842
G1 X134.597 Y99.999 E.02239
G1 X134.258 Y99.977 E.01785
G1 X133.504 Y100.145 E.0406
G1 X133.942 Y98.95 E.06689
G1 X134.438 Y97.88 E.06198
G1 X134.936 Y98.892 E.05928
G1 X135.275 Y99.15 E.02239
G1 X135.614 Y99.172 E.01785
G1 X136.293 Y99.03 E.03646
G1 X136.971 Y98.797 E.03768
G1 X137.649 Y98.48 E.03934
G1 X138.327 Y98.031 E.04274
G1 X139.005 Y97.339 E.05092
G1 X139.344 Y96.842 E.03162
G1 X140.362 Y94.831 E.11846
G1 X140.701 Y94.574 E.02236
G1 X141.04 Y94.551 E.01786
G1 X141.718 Y94.693 E.03641
G1 X142.396 Y94.927 E.0377
G1 X143.075 Y95.243 E.03936
G1 X143.753 Y95.692 E.04274
G1 X144.431 Y96.384 E.05092
G1 X144.77 Y96.881 E.03162
G1 X145.787 Y98.892 E.11844
G1 X146.126 Y99.15 E.02239
G1 X146.465 Y99.172 E.01785
G1 X147.144 Y99.03 E.03646
G1 X147.822 Y98.797 E.03768
G1 X148.5 Y98.48 E.03934
G1 X149.178 Y98.031 E.04274
G1 X149.856 Y97.339 E.05092
G1 X150.195 Y96.842 E.03162
G1 X151.213 Y94.831 E.11846
G1 X151.552 Y94.574 E.02236
G1 X151.891 Y94.551 E.01786
G1 X152.569 Y94.693 E.03641
G1 X153.247 Y94.927 E.0377
G1 X153.926 Y95.243 E.03936
G1 X154.604 Y95.692 E.04274
G1 X155.282 Y96.384 E.05092
G1 X155.621 Y96.881 E.03162
G1 X156.638 Y98.892 E.11844
G1 X156.977 Y99.15 E.02239
G1 X157.316 Y99.172 E.01785
G1 X157.995 Y99.03 E.03646
G1 X158.673 Y98.797 E.03768
G1 X159.351 Y98.48 E.03934
G1 X160.029 Y98.031 E.04274
G1 X160.707 Y97.339 E.05092
G1 X161.047 Y96.842 E.03165
G1 X161.467 Y96.043 E.04744
G1 X160.303 Y94.549 E.09954
G1 E-3 F7200
G1 Z4.2 F3000
G1 X160.583 Y116.084 F12000
G1 Z4 F3000
G1 E3 F7200
;TYPE:Solid infill
;WIDTH:0.67501
G1 F4746.16
G1 X159.974 Y116.713 E.04602
;WIDTH:0.674132
G1 F4752.761
G1 X159.357 Y117.284 E.04412
;WIDTH:0.668776
G1 F4793.435
G1 X158.699 Y117.835 E.04466
G1 X158.013 Y118.351 E.04467
;WIDTH:0.66952
G1 F4787.743
G1 X157.29 Y118.839 E.04545
;WIDTH:0.675008
G1 F4746.175
G1 X156.822 Y119.128 E.02891
G1 X156.048 Y119.556 E.04649
;WIDTH:0.674128
G1 F4752.792
G1 X155.291 Y119.921 E.04411
;WIDTH:0.669524
G1 F4787.713
G1 X154.488 Y120.262 E.04545
;WIDTH:0.675006
G1 F4746.19
G1 X153.973 Y120.457 E.02894
G1 X153.149 Y120.724 E.04552
G1 X152.32 Y120.946 E.04511
;WIDTH:0.675962
G1 F4739.023
G1 X151.418 Y121.133 E.04849
G1 X150.632 Y121.255 E.04187
;WIDTH:0.674936
G1 F4746.715
G1 X149.958 Y121.33 E.03564
G1 X149.215 Y121.382 E.03914
G1 X148.334 Y121.397 E.04631
G1 X147.793 Y121.382 E.02844
G1 X146.92 Y121.321 E.04599
G1 X146.068 Y121.216 E.04511
G1 X145.223 Y121.066 E.0451
G1 X143.843 Y120.722 E.07474
G1 X143.019 Y120.454 E.04554
G1 X142.204 Y120.141 E.04588
G1 X141.708 Y119.925 E.02843
G1 X140.921 Y119.54 E.04604
G1 X140.171 Y119.124 E.04507
G1 X139.443 Y118.668 E.04514
G1 X138.74 Y118.176 E.04509
G1 X138.064 Y117.647 E.04511
G1 X137.416 Y117.083 E.04515
G1 X136.799 Y116.487 E.04508
G1 X136.214 Y115.859 E.0451
G1 X135.653 Y115.19 E.04588
G1 X135.324 Y114.761 E.02841
G1 X134.822 Y114.043 E.04604
G1 X134.368 Y113.315 E.04509
G1 X133.952 Y112.564 E.04512
G1 X133.576 Y111.792 E.04513
G1 X133.241 Y111.002 E.04509
G1 X132.947 Y110.193 E.04524
G1 X132.712 Y109.427 E.04211
G1 X132.557 Y108.832 E.03231
G1 X132.376 Y107.98 E.04577
G1 X132.242 Y107.13 E.04522
G1 X132.157 Y106.333 E.04212
G1 X132.118 Y105.72 E.03228
G1 X132.104 Y104.848 E.04583
G1 X132.134 Y103.988 E.04522
G1 X132.203 Y103.19 E.04209
G1 X132.282 Y102.581 E.03227
G1 X132.434 Y101.723 E.04579
;WIDTH:0.675956
G1 F4739.067
G1 X132.645 Y100.827 E.04845
G1 X132.867 Y100.062 E.04193
;WIDTH:0.66881
G1 F4793.175
G1 X133.147 Y99.251 E.04465
;WIDTH:0.676306
G1 F4736.448
G1 X133.42 Y98.567 E.03879
G1 X133.701 Y97.946 E.0359
;WIDTH:0.66878
G1 F4793.405
G1 X134.097 Y97.17 E.04534
G1 X134.526 Y96.427 E.04465
G1 X134.994 Y95.707 E.04469
;WIDTH:0.668904
G1 F4792.455
G1 X135.499 Y95.013 E.04467
;WIDTH:0.674936
G1 F4746.715
G1 X135.922 Y94.484 E.0356
G1 X136.411 Y93.922 E.03915
G1 X137.013 Y93.299 E.04553
G1 X137.706 Y92.659 E.04957
G1 X138.159 Y92.278 E.03111
G1 X138.747 Y91.819 E.0392
G1 X139.457 Y91.322 E.04555
G1 X140.187 Y90.866 E.04523
G1 X140.887 Y90.477 E.04209
G1 X141.437 Y90.202 E.03232
G1 X142.233 Y89.848 E.04578
G1 X143.037 Y89.54 E.04525
G1 X143.798 Y89.292 E.04206
G1 X144.39 Y89.126 E.03231
G1 X145.239 Y88.93 E.04579
G1 X146.085 Y88.782 E.04513
G1 X146.937 Y88.678 E.04511
G1 X147.797 Y88.618 E.0453
G1 X148.884 Y88.61 E.05713
G1 X150.064 Y88.678 E.06211
G1 X150.932 Y88.784 E.04595
G1 X151.78 Y88.934 E.04526
G1 X152.56 Y89.114 E.04207
G1 X153.153 Y89.277 E.03232
G1 X153.981 Y89.546 E.04575
G1 X154.796 Y89.859 E.04588
G1 X155.292 Y90.075 E.02843
G1 X156.079 Y90.46 E.04604
G1 X156.829 Y90.876 E.04507
G1 X157.557 Y91.331 E.04512
G1 X158.26 Y91.824 E.04512
G1 X158.936 Y92.353 E.04511
G1 X159.584 Y92.917 E.04515
G1 X160.201 Y93.513 E.04508
G1 X160.788 Y94.143 E.04525
G1 X161.303 Y94.756 E.04207
G1 X161.679 Y95.243 E.03233
G1 X162.178 Y95.957 E.04578
G1 X162.632 Y96.685 E.04509
G1 X163.048 Y97.436 E.04512
G1 X163.424 Y98.208 E.04513
G1 X163.765 Y99.012 E.0459
G1 X163.954 Y99.518 E.02839
G1 X164.224 Y100.351 E.04602
G1 X164.446 Y101.18 E.0451
G1 X164.624 Y102.02 E.04512
G1 X164.758 Y102.87 E.04522
G1 X164.844 Y103.69 E.04333
G1 X164.881 Y104.276 E.03086
G1 X164.897 Y105.166 E.04678
G1 X164.882 Y105.707 E.02844
G1 X164.821 Y106.58 E.04599
G1 X164.716 Y107.432 E.04511
G1 X164.566 Y108.277 E.0451
G1 X164.373 Y109.114 E.04514
G1 X164.136 Y109.938 E.04506
G1 X163.864 Y110.727 E.04386
G1 X163.646 Y111.283 E.03138
;WIDTH:0.674262
G1 F4751.783
G1 X163.293 Y112.065 E.04504
;WIDTH:0.668798
G1 F4793.267
G1 X162.903 Y112.83 E.04469
;WIDTH:0.669542
G1 F4787.575
G1 X162.467 Y113.586 E.04547
;WIDTH:0.675018
G1 F4746.099
G1 X162.173 Y114.05 E.02887
G1 X161.676 Y114.76 E.04555
G1 X161.147 Y115.436 E.04512
G1 X160.791 Y115.846 E.02854
;LAYER_CHANGE
;Z:4.2
;HEIGHT:0.2

G1 E-3 F7200
G1 Z4.2 F3000
;AFTER_LAYER_CHANGE
;4.2
G92 E0
_ON_LAYER_CHANGE LAYER=21
G1 Z4.4
G1 X148.67 Y85.34 F12000
G1 Z4.2 F3000
G1 E3 F7200
;TYPE:External perimeter
;WIDTH:0.674999
G1 F4746.242
G1 X149.357 Y85.356 E.03612
G1 X150.385 Y85.428 E.05416
G1 X151.407 Y85.554 E.05412
G1 X152.421 Y85.732 E.05411
G1 X153.364 Y85.949 E.05086
G1 X154.084 Y86.147 E.03925
G1 X155.064 Y86.465 E.05415
G1 X156.026 Y86.835 E.05417
G1 X156.653 Y87.107 E.03592
G1 X157.579 Y87.559 E.05416
G1 X158.48 Y88.058 E.05413
G1 X159.353 Y88.604 E.05412
G1 X160.196 Y89.194 E.05408
G1 X161.007 Y89.828 E.0541
G1 X161.784 Y90.504 E.05413
G1 X162.524 Y91.219 E.05408
G1 X163.227 Y91.972 E.05414
G1 X163.85 Y92.713 E.05088
G1 X164.305 Y93.304 E.0392
G1 X164.896 Y94.148 E.05415
G1 X165.442 Y95.021 E.05412
G1 X165.941 Y95.921 E.05409
G1 X166.392 Y96.846 E.05409
G1 X166.795 Y97.795 E.05419
G1 X167.034 Y98.435 E.03591
G1 X167.353 Y99.416 E.05422
G1 X167.619 Y100.41 E.05408
G1 X167.833 Y101.417 E.05411
G1 X167.994 Y102.434 E.05412
G1 X168.066 Y103.119 E.0362
G1 X168.123 Y103.8 E.03592
G1 X168.15 Y104.483 E.03592
G1 X168.162 Y105.173 E.03627
G1 X168.144 Y105.856 E.03591
G1 X168.072 Y106.885 E.05421
G1 X167.946 Y107.907 E.05412
G1 X167.768 Y108.92 E.05406
G1 X167.536 Y109.923 E.05411
G1 X167.252 Y110.913 E.05413
G1 X166.938 Y111.829 E.05089
G1 X166.666 Y112.524 E.03923
G1 X166.247 Y113.465 E.05414
G1 X165.779 Y114.382 E.05411
G1 X165.264 Y115.275 E.05418
G1 X164.897 Y115.851 E.0359
G1 X164.306 Y116.696 E.0542
G1 X163.672 Y117.507 E.0541
G1 X162.996 Y118.284 E.05413
G1 X162.28 Y119.025 E.05416
G1 X161.785 Y119.496 E.03591
G1 X161.007 Y120.172 E.05417
G1 X160.195 Y120.806 E.05414
G1 X159.352 Y121.396 E.05408
G1 X158.479 Y121.942 E.05412
G1 X157.578 Y122.442 E.05416
G1 X156.966 Y122.747 E.03594
G1 X156.024 Y123.166 E.05419
G1 X155.063 Y123.535 E.0541
G1 X154.084 Y123.853 E.0541
G1 X153.09 Y124.119 E.05408
G1 X152.143 Y124.322 E.0509
G1 X151.407 Y124.446 E.03923
G1 X150.384 Y124.572 E.05417
G1 X149.357 Y124.644 E.05411
G1 X148.327 Y124.662 E.05414
G1 X147.644 Y124.644 E.03591
G1 X146.615 Y124.572 E.05421
G1 X145.593 Y124.446 E.05412
G1 X144.578 Y124.267 E.05417
G1 X143.911 Y124.119 E.03591
G1 X142.915 Y123.853 E.05418
G1 X141.936 Y123.534 E.05412
G1 X140.974 Y123.165 E.05415
G1 X140.347 Y122.893 E.03592
G1 X139.421 Y122.441 E.05416
G1 X138.52 Y121.942 E.05413
G1 X137.647 Y121.396 E.05412
G1 X136.804 Y120.806 E.05408
G1 X135.993 Y120.172 E.0541
G1 X135.216 Y119.496 E.05413
G1 X134.476 Y118.781 E.05408
G1 X133.774 Y118.028 E.05411
G1 X133.111 Y117.239 E.05416
G1 X132.695 Y116.697 E.03591
G1 X132.104 Y115.852 E.0542
G1 X131.558 Y114.979 E.05412
G1 X131.059 Y114.079 E.05409
G1 X130.608 Y113.154 E.05409
G1 X130.206 Y112.206 E.05412
G1 X129.854 Y111.239 E.05409
G1 X129.569 Y110.313 E.05092
G1 X129.381 Y109.591 E.03921
G1 X129.167 Y108.583 E.05416
G1 X129.006 Y107.566 E.05412
G1 X128.903 Y106.603 E.0509
G1 X128.856 Y105.858 E.03923
G1 X128.838 Y104.828 E.05414
G1 X128.874 Y103.799 E.05411
G1 X128.958 Y102.834 E.05091
G1 X129.053 Y102.095 E.03916
G1 X129.232 Y101.079 E.05422
G1 X129.449 Y100.136 E.05086
G1 X129.647 Y99.416 E.03925
G1 X129.966 Y98.436 E.05417
G1 X130.335 Y97.474 E.05415
G1 X130.607 Y96.847 E.03592
G1 X131.059 Y95.921 E.05416
G1 X131.558 Y95.02 E.05413
G1 X132.104 Y94.147 E.05412
G1 X132.694 Y93.304 E.05408
G1 X133.328 Y92.493 E.0541
G1 X134.004 Y91.716 E.05413
G1 X134.719 Y90.975 E.05412
G1 X135.426 Y90.314 E.05087
M73 P71 R3
G1 X135.993 Y89.829 E.03921
G1 X136.805 Y89.194 E.05418
G1 X137.648 Y88.604 E.05408
G1 X138.521 Y88.058 E.05412
G1 X139.367 Y87.588 E.05086
G1 X140.034 Y87.253 E.03923
G1 X140.976 Y86.834 E.05419
G1 X141.937 Y86.465 E.0541
G1 X142.858 Y86.165 E.05091
G1 X143.576 Y85.964 E.03919
G1 X144.58 Y85.732 E.05416
G1 X145.594 Y85.554 E.05411
G1 X146.616 Y85.428 E.05412
G1 X147.643 Y85.356 E.05411
G1 X148.611 Y85.338 E.05088
G1 X148.64 Y85.339 E.00153
G1 X149.24 Y85.353 F12000
G1 X148.658 Y86.134
;TYPE:Perimeter
T1
;WIDTH:0.999999
G1 F3134.537
G1 X149.319 Y86.15 E.05262
G1 X150.309 Y86.219 E.07898
G1 X151.289 Y86.34 E.07858
G1 X152.262 Y86.511 E.07862
G1 X153.17 Y86.72 E.07415
G1 X153.855 Y86.908 E.05653
G1 X154.798 Y87.215 E.07892
G1 X155.725 Y87.571 E.07903
G1 X156.32 Y87.829 E.05161
G1 X157.212 Y88.264 E.07898
G1 X158.076 Y88.743 E.07862
G1 X158.914 Y89.267 E.07865
G1 X159.723 Y89.833 E.07857
G1 X160.501 Y90.442 E.07863
G1 X161.247 Y91.09 E.07864
G1 X161.957 Y91.776 E.07857
G1 X162.632 Y92.499 E.07872
G1 X163.231 Y93.211 E.07405
G1 X163.665 Y93.774 E.05657
G1 X164.234 Y94.587 E.07897
G1 X164.757 Y95.424 E.07854
G1 X165.236 Y96.288 E.07862
G1 X165.669 Y97.176 E.07862
G1 X166.057 Y98.09 E.07902
G1 X166.284 Y98.697 E.05157
G1 X166.591 Y99.642 E.07907
G1 X166.846 Y100.596 E.07859
G1 X167.052 Y101.562 E.0786
G1 X167.206 Y102.538 E.07863
G1 X167.276 Y103.202 E.05313
G1 X167.33 Y103.849 E.05167
G1 X167.355 Y104.497 E.05161
G1 X167.367 Y105.17 E.05357
G1 X167.35 Y105.818 E.05159
G1 X167.281 Y106.809 E.07906
G1 X167.16 Y107.789 E.07858
G1 X166.989 Y108.762 E.07862
G1 X166.767 Y109.724 E.07857
G1 X166.494 Y110.674 E.07866
G1 X166.192 Y111.555 E.07412
G1 X165.933 Y112.217 E.05657
G1 X165.529 Y113.123 E.07894
G1 X165.081 Y114.003 E.07858
G1 X164.585 Y114.863 E.07901
G1 X164.236 Y115.41 E.05164
G1 X163.667 Y116.223 E.07897
G1 X163.059 Y117.001 E.07858
G1 X162.41 Y117.747 E.07869
G1 X161.721 Y118.461 E.07896
G1 X161.25 Y118.908 E.05168
G1 X160.501 Y119.559 E.07897
G1 X159.723 Y120.167 E.07858
G1 X158.913 Y120.734 E.07868
G1 X158.076 Y121.257 E.07854
G1 X157.208 Y121.738 E.07897
G1 X156.627 Y122.028 E.05168
G1 X155.72 Y122.431 E.07898
G1 X154.798 Y122.785 E.0786
G1 X153.858 Y123.091 E.07867
G1 X152.904 Y123.346 E.07859
G1 X151.993 Y123.541 E.07414
G1 X151.292 Y123.66 E.05658
G1 X150.308 Y123.781 E.0789
G1 X149.323 Y123.85 E.07858
G1 X148.33 Y123.867 E.07904
G1 X147.682 Y123.85 E.05159
G1 X146.691 Y123.781 E.07906
G1 X145.711 Y123.66 E.07858
G1 X144.733 Y123.488 E.07903
G1 X144.1 Y123.347 E.05161
G1 X143.141 Y123.09 E.07901
G1 X142.202 Y122.785 E.07857
G1 X141.275 Y122.429 E.07903
G1 X140.68 Y122.171 E.05161
G1 X139.788 Y121.736 E.07898
G1 X138.924 Y121.257 E.07862
G1 X138.086 Y120.733 E.07865
G1 X137.277 Y120.167 E.07857
G1 X136.499 Y119.558 E.07863
G1 X135.753 Y118.91 E.07864
G1 X135.043 Y118.224 E.07857
G1 X134.369 Y117.502 E.0786
G1 X133.731 Y116.741 E.07903
G1 X133.336 Y116.227 E.05159
G1 X132.766 Y115.413 E.07908
G1 X132.243 Y114.576 E.07854
G1 X131.764 Y113.712 E.07862
G1 X131.331 Y112.824 E.07862
G1 X130.945 Y111.915 E.07859
G1 X130.607 Y110.986 E.07867
G1 X130.334 Y110.096 E.07408
G1 X130.155 Y109.408 E.05657
G1 X129.948 Y108.438 E.07893
G1 X129.794 Y107.462 E.07863
G1 X129.695 Y106.536 E.07411
G1 X129.65 Y105.826 E.05662
G1 X129.633 Y104.835 E.07888
G1 X129.668 Y103.847 E.07868
G1 X129.748 Y102.92 E.07405
G1 X129.839 Y102.215 E.05657
G1 X130.011 Y101.238 E.07895
G1 X130.22 Y100.33 E.07415
G1 X130.408 Y99.645 E.05653
G1 X130.715 Y98.702 E.07892
G1 X131.071 Y97.775 E.07903
G1 X131.329 Y97.18 E.05161
G1 X131.764 Y96.288 E.07898
G1 X132.243 Y95.424 E.07862
G1 X132.767 Y94.586 E.07865
G1 X133.333 Y93.777 E.07857
G1 X133.942 Y92.999 E.07863
G1 X134.59 Y92.253 E.07864
G1 X135.276 Y91.542 E.07863
G1 X135.956 Y90.906 E.0741
G1 X136.496 Y90.443 E.05661
G1 X137.277 Y89.833 E.07886
G1 X138.087 Y89.266 E.07868
G1 X138.925 Y88.743 E.07861
G1 X139.739 Y88.29 E.07413
G1 X140.374 Y87.972 E.05652
G1 X141.28 Y87.569 E.07891
G1 X142.203 Y87.214 E.0787
G1 X143.088 Y86.926 E.07407
G1 X143.773 Y86.734 E.05661
G1 X144.739 Y86.511 E.0789
G1 X145.711 Y86.34 E.07854
G1 X146.692 Y86.219 E.07866
G1 X147.678 Y86.15 E.07866
G1 X148.609 Y86.133 E.0741
G1 X148.628 Y86.134 E.00151
G1 X148.644 Y87.091 F12000
G1 F3134.537
G1 X149.275 Y87.106 E.05023
G1 X150.217 Y87.172 E.07515
G1 X151.148 Y87.287 E.07465
G1 X152.072 Y87.45 E.07467
G1 X152.936 Y87.648 E.07054
G1 X153.58 Y87.825 E.05315
G1 X154.479 Y88.117 E.07522
G1 X155.363 Y88.457 E.07537
G1 X155.919 Y88.699 E.04826
G1 X156.77 Y89.114 E.07535
G1 X157.59 Y89.568 E.07459
G1 X158.386 Y90.065 E.07468
G1 X159.154 Y90.603 E.07462
G1 X159.892 Y91.18 E.07455
G1 X160.6 Y91.795 E.07463
G1 X161.275 Y92.447 E.07468
G1 X161.915 Y93.133 E.07466
G1 X162.485 Y93.812 E.07055
G1 X162.893 Y94.341 E.05317
G1 X163.435 Y95.115 E.0752
G1 X163.932 Y95.91 E.07461
G1 X164.387 Y96.73 E.07463
G1 X164.798 Y97.573 E.07464
G1 X165.168 Y98.444 E.07531
G1 X165.38 Y99.013 E.04832
G1 X165.673 Y99.913 E.07532
G1 X165.915 Y100.819 E.07463
G1 X166.11 Y101.736 E.07461
G1 X166.257 Y102.662 E.07462
G1 X166.324 Y103.302 E.05121
G1 X166.374 Y103.907 E.04831
G1 X166.398 Y104.513 E.04826
G1 X166.41 Y105.166 E.05198
G1 X166.394 Y105.772 E.04824
G1 X166.328 Y106.717 E.07539
G1 X166.213 Y107.648 E.07465
G1 X166.051 Y108.571 E.07458
G1 X165.84 Y109.485 E.07465
G1 X165.581 Y110.387 E.07468
G1 X165.293 Y111.225 E.07052
G1 X165.049 Y111.848 E.05325
G1 X164.665 Y112.711 E.07517
G1 X164.24 Y113.546 E.07456
G1 X163.766 Y114.366 E.07537
G1 X163.44 Y114.878 E.0483
G1 X162.897 Y115.654 E.07537
G1 X162.32 Y116.392 E.07455
G1 X161.705 Y117.1 E.07463
G1 X161.047 Y117.781 E.07536
G1 X160.607 Y118.199 E.0483
G1 X159.892 Y118.82 E.07537
G1 X159.153 Y119.397 E.07461
G1 X158.385 Y119.935 E.07462
G1 X157.59 Y120.432 E.07461
G1 X156.762 Y120.891 E.07534
G1 X156.219 Y121.162 E.0483
G1 X155.354 Y121.547 E.07535
G1 X154.478 Y121.883 E.07467
G1 X153.587 Y122.173 E.07457
G1 X152.68 Y122.416 E.07473
G1 X151.813 Y122.601 E.07055
G1 X151.154 Y122.713 E.0532
G1 X150.216 Y122.828 E.07521
M73 P71 R2
G1 X149.281 Y122.893 E.07459
G1 X148.334 Y122.91 E.07538
G1 X147.728 Y122.894 E.04824
G1 X146.783 Y122.828 E.07539
G1 X145.852 Y122.713 E.07465
G1 X144.92 Y122.549 E.07531
G1 X144.328 Y122.418 E.04825
G1 X143.413 Y122.173 E.07538
G1 X142.521 Y121.883 E.07464
G1 X141.637 Y121.543 E.07537
G1 X141.081 Y121.301 E.04826
G1 X140.23 Y120.886 E.07535
G1 X139.41 Y120.432 E.07459
G1 X138.614 Y119.935 E.07468
G1 X137.846 Y119.397 E.07462
G1 X137.108 Y118.82 E.07455
G1 X136.4 Y118.205 E.07463
G1 X135.725 Y117.553 E.07468
G1 X135.086 Y116.867 E.07461
G1 X134.477 Y116.142 E.07535
G1 X134.108 Y115.661 E.04825
G1 X133.565 Y114.885 E.07537
G1 X133.068 Y114.09 E.07461
G1 X132.613 Y113.27 E.07463
G1 X132.202 Y112.427 E.07464
G1 X131.836 Y111.564 E.0746
G1 X131.515 Y110.682 E.07469
G1 X131.255 Y109.834 E.07059
G1 X131.086 Y109.188 E.05314
G1 X130.89 Y108.264 E.07517
G1 X130.743 Y107.336 E.07477
G1 X130.649 Y106.455 E.07051
G1 X130.607 Y105.788 E.05319
G1 X130.591 Y104.843 E.07522
G1 X130.623 Y103.905 E.07469
G1 X130.7 Y103.022 E.07054
G1 X130.785 Y102.359 E.05319
G1 X130.95 Y101.428 E.07524
G1 X131.148 Y100.564 E.07054
G1 X131.325 Y99.92 E.05315
G1 X131.617 Y99.021 E.07522
G1 X131.957 Y98.137 E.07537
G1 X132.199 Y97.581 E.04826
G1 X132.614 Y96.73 E.07535
G1 X133.068 Y95.91 E.07459
G1 X133.565 Y95.114 E.07468
G1 X134.103 Y94.346 E.07462
G1 X134.68 Y93.608 E.07455
G1 X135.295 Y92.9 E.07463
G1 X135.948 Y92.225 E.07474
G1 X136.595 Y91.619 E.07055
G1 X137.103 Y91.184 E.05322
G1 X137.847 Y90.603 E.07512
G1 X138.615 Y90.065 E.07462
G1 X139.411 Y89.567 E.07472
G1 X140.186 Y89.137 E.07053
G1 X140.783 Y88.837 E.05317
G1 X141.646 Y88.453 E.07517
G1 X142.523 Y88.117 E.07474
G1 X143.365 Y87.842 E.07049
G1 X144.009 Y87.662 E.05321
G1 X144.93 Y87.449 E.07523
G1 X145.853 Y87.287 E.07458
G1 X146.784 Y87.172 E.07465
G1 X147.72 Y87.107 E.07467
G1 X148.606 Y87.09 E.07052
G1 X148.614 Y87.091 E.00064
G1 X148.63 Y88.048 F12000
G1 F3134.537
G1 X149.23 Y88.063 E.04776
G1 X150.125 Y88.125 E.0714
G1 X151.006 Y88.234 E.07065
G1 X151.882 Y88.388 E.07078
G1 X152.702 Y88.576 E.06695
G1 X153.306 Y88.742 E.04985
G1 X154.159 Y89.02 E.0714
G1 X155 Y89.343 E.07169
G1 X155.518 Y89.568 E.04494
G1 X156.328 Y89.963 E.07172
G1 X157.104 Y90.393 E.0706
G1 X157.857 Y90.864 E.07068
G1 X158.584 Y91.373 E.07063
G1 X159.283 Y91.919 E.07059
G1 X159.953 Y92.501 E.07063
G1 X160.592 Y93.118 E.07069
G1 X161.198 Y93.768 E.07072
G1 X161.74 Y94.412 E.06699
G1 X162.122 Y94.908 E.04982
G1 X162.637 Y95.643 E.07142
G1 X163.107 Y96.396 E.07064
G1 X163.537 Y97.172 E.0706
G1 X163.926 Y97.97 E.07065
G1 X164.278 Y98.799 E.07167
G1 X164.476 Y99.329 E.04503
G1 X164.755 Y100.185 E.07165
G1 X164.984 Y101.043 E.07067
G1 X165.169 Y101.911 E.07063
G1 X165.308 Y102.787 E.07059
G1 X165.372 Y103.402 E.04921
G1 X165.441 Y104.53 E.08994
G1 X165.452 Y105.161 E.05022
G1 X165.438 Y105.726 E.04498
G1 X165.375 Y106.625 E.07172
G1 X165.266 Y107.506 E.07065
G1 X165.112 Y108.38 E.07063
G1 X164.913 Y109.245 E.07064
G1 X164.668 Y110.1 E.07078
G1 X164.395 Y110.895 E.06689
G1 X164.166 Y111.479 E.04992
G1 X163.801 Y112.299 E.07143
G1 X163.398 Y113.089 E.07058
G1 X162.948 Y113.869 E.07166
G1 X162.644 Y114.346 E.04501
G1 X162.127 Y115.084 E.07171
G1 X161.581 Y115.783 E.07059
G1 X160.999 Y116.453 E.07063
G1 X160.373 Y117.101 E.0717
G1 X159.963 Y117.49 E.04498
G1 X159.283 Y118.081 E.0717
G1 X158.584 Y118.628 E.07064
G1 X157.857 Y119.137 E.07063
G1 X157.104 Y119.607 E.07064
G1 X156.316 Y120.044 E.07171
G1 X155.81 Y120.296 E.04499
G1 X154.987 Y120.662 E.07168
G1 X154.159 Y120.98 E.07059
G1 X153.315 Y121.255 E.07064
G1 X152.456 Y121.485 E.07077
G1 X151.633 Y121.661 E.06698
G1 X151.015 Y121.765 E.04987
G1 X150.125 Y121.875 E.07137
G1 X149.239 Y121.937 E.07068
G1 X148.339 Y121.952 E.07163
G1 X147.774 Y121.937 E.04498
G1 X146.875 Y121.875 E.07171
G1 X145.994 Y121.766 E.07065
G1 X145.107 Y121.61 E.07167
G1 X144.555 Y121.488 E.04499
G1 X143.685 Y121.255 E.07168
G1 X142.841 Y120.98 E.07064
G1 X142 Y120.657 E.07169
G1 X141.482 Y120.432 E.04494
G1 X140.672 Y120.037 E.07172
G1 X139.896 Y119.607 E.0706
G1 X139.143 Y119.136 E.07068
G1 X138.416 Y118.627 E.07063
G1 X137.717 Y118.081 E.07059
G1 X137.047 Y117.499 E.07063
G1 X136.408 Y116.882 E.07069
G1 X135.803 Y116.233 E.07061
G1 X135.224 Y115.543 E.07168
G1 X134.88 Y115.095 E.04495
G1 X134.363 Y114.357 E.07171
G1 X133.893 Y113.604 E.07064
G1 X133.463 Y112.828 E.0706
G1 X133.074 Y112.03 E.07065
M73 P72 R2
G1 X132.727 Y111.213 E.07064
G1 X132.423 Y110.377 E.07079
G1 X132.176 Y109.573 E.06693
G1 X132.018 Y108.967 E.04984
G1 X131.831 Y108.089 E.07144
G1 X131.692 Y107.211 E.07074
G1 X131.603 Y106.374 E.06699
G1 X131.564 Y105.749 E.04984
G1 X131.548 Y104.852 E.0714
G1 X131.579 Y103.963 E.07079
G1 X131.651 Y103.125 E.06693
G1 X131.732 Y102.504 E.04984
G1 X131.888 Y101.618 E.07159
G1 X132.076 Y100.798 E.06695
G1 X132.242 Y100.194 E.04985
G1 X132.52 Y99.341 E.0714
G1 X132.843 Y98.5 E.07169
G1 X133.068 Y97.982 E.04494
G1 X133.463 Y97.172 E.07172
G1 X133.893 Y96.396 E.0706
G1 X134.364 Y95.643 E.07068
G1 X134.873 Y94.916 E.07063
G1 X135.419 Y94.217 E.07059
G1 X136.001 Y93.547 E.07063
G1 X136.619 Y92.907 E.0708
G1 X137.234 Y92.333 E.06695
G1 X137.709 Y91.925 E.04983
G1 X138.416 Y91.372 E.07143
G1 X139.143 Y90.863 E.07063
G1 X139.897 Y90.392 E.07075
G1 X140.633 Y89.983 E.06701
G1 X141.193 Y89.703 E.04983
G1 X142.013 Y89.338 E.07143
G1 X142.843 Y89.019 E.07076
G1 X143.643 Y88.758 E.06697
G1 X144.246 Y88.589 E.04984
G1 X145.12 Y88.388 E.07137
G1 X145.994 Y88.233 E.07064
G1 X146.875 Y88.125 E.07064
G1 X147.762 Y88.063 E.07076
G1 X148.6 Y88.048 E.0667
G1 E-3 F7200
G1 Z4.4 F3000
G1 X162.742 Y113.692 F12000
G1 Z4.2 F3000
G1 E3 F7200
;TYPE:Bridge infill
T0
;WIDTH:0.507021
;HEIGHT:0.501996
G1 F2971.731
G1 X163.927 Y110.669 E.27255
G1 X164.176 Y109.945 E.06427
G1 X164.414 Y109.116 E.0724
G1 X164.607 Y108.277 E.07227
G1 X164.757 Y107.43 E.0722
G1 X164.828 Y106.845 E.04947
G1 X161.725 Y114.761 E.71371
G1 X161.183 Y115.456 E.07398
G1 X160.586 Y116.139 E.07615
G1 X164.935 Y105.048 E1.00001
G1 X164.921 Y104.268 E.06548
G1 X164.881 Y103.659 E.05123
G1 X159.603 Y117.121 E1.21377
G1 X158.708 Y117.877 E.09834
G1 X164.74 Y102.494 E1.38699
G1 X164.662 Y102.005 E.04157
G1 X164.546 Y101.461 E.04669
G1 X157.865 Y118.502 E1.53645
G1 X157.061 Y119.027 E.0806
G1 X164.313 Y100.529 E1.66781
G1 X164.048 Y99.679 E.07474
G1 X156.288 Y119.47 E1.78442
G1 X155.54 Y119.852 E.0705
G1 X163.758 Y98.893 E1.88973
G1 X163.447 Y98.162 E.06668
G1 X154.815 Y120.175 E1.98479
G1 X154.11 Y120.447 E.06343
G1 X163.115 Y97.482 E2.07062
G1 X162.767 Y96.845 E.06093
G1 X153.422 Y120.678 E2.14887
G1 X152.747 Y120.873 E.05898
M73 P73 R2
G1 X162.404 Y96.243 E2.22071
G1 X162.029 Y95.674 E.0572
G1 X152.084 Y121.037 E2.28682
G1 X151.433 Y121.172 E.05581
G1 X161.643 Y95.131 E2.34792
G1 X161.244 Y94.624 E.05416
G1 X150.795 Y121.273 E2.40276
G1 X150.166 Y121.35 E.05319
G1 X160.836 Y94.138 E2.45353
G1 X160.416 Y93.685 E.05185
G1 X149.549 Y121.398 E2.49872
G1 X148.94 Y121.426 E.05117
G1 X159.988 Y93.251 E2.54037
G1 X159.552 Y92.835 E.05058
G1 X148.338 Y121.437 E2.57883
G1 X147.746 Y121.419 E.04972
G1 X159.106 Y92.447 E2.61222
G1 X158.652 Y92.079 E.04906
G1 X147.164 Y121.378 E2.64169
G1 X146.588 Y121.32 E.04859
M73 P74 R2
G1 X158.192 Y91.727 E2.66822
G1 X157.722 Y91.398 E.04816
G1 X146.019 Y121.248 E2.69134
G1 X145.459 Y121.149 E.04774
G1 X157.245 Y91.089 E2.7103
G1 X156.763 Y90.793 E.04748
G1 X144.904 Y121.037 E2.72691
G1 X144.359 Y120.902 E.04713
G1 X156.272 Y90.521 E2.73927
G1 X155.773 Y90.266 E.04704
G1 X143.818 Y120.756 E2.74908
G1 X143.287 Y120.584 E.04685
G1 X155.27 Y90.022 E2.75556
G1 X154.805 Y89.82 E.04256
G1 X154.759 Y89.802 E.00415
G1 X142.762 Y120.398 E2.75865
G1 X142.242 Y120.198 E.04677
M73 P75 R2
G1 X154.238 Y89.602 E2.75862
G1 X153.713 Y89.417 E.04673
G1 X141.73 Y119.978 E2.75548
G1 X141.227 Y119.735 E.04689
G1 X153.182 Y89.244 E2.74916
G1 X152.643 Y89.094 E.04696
G1 X140.729 Y119.479 E2.73962
G1 X140.237 Y119.207 E.04719
G1 X152.095 Y88.966 E2.72665
G1 X151.541 Y88.851 E.04749
G1 X139.755 Y118.911 E2.7103
G1 X139.278 Y118.602 E.04771
G1 X150.982 Y88.752 E2.69137
G1 X150.412 Y88.68 E.04823
G1 X138.808 Y118.273 E2.66822
G1 X138.348 Y117.921 E.04862
G1 X149.835 Y88.625 E2.64143
G1 X149.25 Y88.591 E.04919
M73 P76 R2
G1 X137.894 Y117.553 E2.61131
G1 X137.448 Y117.165 E.04962
G1 X148.659 Y88.572 E2.57803
G1 X148.059 Y88.576 E.05037
G1 X137.013 Y116.749 E2.54015
G1 X136.584 Y116.316 E.05116
G1 X147.451 Y88.602 E2.4988
G1 X146.834 Y88.65 E.05195
G1 X136.164 Y115.862 E2.45353
G1 X135.756 Y115.376 E.05327
G1 X146.205 Y88.727 E2.40276
G1 X145.566 Y88.832 E.05436
G1 X135.357 Y114.869 E2.34758
G1 X134.971 Y114.326 E.05592
G1 X144.916 Y88.964 E2.28674
G1 X144.256 Y89.122 E.05697
G1 X134.596 Y113.757 E2.22119
G1 X134.234 Y113.156 E.05889
M73 P77 R2
G1 X143.579 Y89.321 E2.14902
G1 X142.89 Y89.553 E.06103
G1 X133.885 Y112.518 E2.07062
G1 X133.553 Y111.838 E.06352
G1 X142.185 Y89.825 E1.98479
G1 X141.46 Y90.148 E.06662
G1 X133.242 Y111.107 E1.88973
G1 X132.951 Y110.323 E.0702
G1 X140.712 Y90.529 E1.78469
G1 X139.94 Y90.973 E.07476
G1 X132.685 Y109.476 E1.66829
G1 X132.454 Y108.54 E.08093
G1 X139.136 Y91.497 E1.53664
G1 X138.723 Y91.787 E.04236
G1 X138.292 Y92.123 E.04587
G1 X132.261 Y107.506 E1.38696
G1 X132.203 Y107.143 E.03086
G1 X132.118 Y106.344 E.06745
G1 X137.394 Y92.888 E1.21324
G1 X136.981 Y93.275 E.04751
G1 X136.414 Y93.861 E.06845
G1 X132.065 Y104.953 E1.00009
G1 X132.093 Y103.994 E.08053
G1 X132.165 Y103.173 E.06918
G1 X135.276 Y95.238 E.71544
G1 X134.793 Y95.927 E.07063
G1 X134.337 Y96.657 E.07225
G1 X133.92 Y97.41 E.07225
G1 X133.536 Y98.197 E.07351
G1 X133.346 Y98.634 E.04
G1 X132.145 Y101.697 E.27617
;LAYER_CHANGE
;Z:4.4
;HEIGHT:0.2

G1 E-3 F7200
G1 Z4.4 F3000
;AFTER_LAYER_CHANGE
;4.4
G92 E0
_ON_LAYER_CHANGE LAYER=22
G1 Z4.6
G1 X148.67 Y85.339 F12000
G1 Z4.4 F3000
G1 E3 F7200
;TYPE:External perimeter
;WIDTH:0.674999
G1 F4746.242
G1 X149.357 Y85.356 E.03612
G1 X150.385 Y85.428 E.05416
G1 X151.407 Y85.554 E.05412
G1 X152.42 Y85.732 E.05406
G1 X153.378 Y85.953 E.05167
G1 X154.084 Y86.147 E.03848
G1 X155.064 Y86.465 E.05415
G1 X156.025 Y86.834 E.0541
G1 X156.965 Y87.253 E.05409
G1 X157.882 Y87.72 E.05409
G1 X158.774 Y88.235 E.05413
G1 X159.598 Y88.77 E.05164
G1 X160.195 Y89.194 E.03849
G1 X161.007 Y89.828 E.05414
G1 X161.784 Y90.504 E.05413
G1 X162.524 Y91.219 E.05408
G1 X163.226 Y91.972 E.05411
G1 X163.888 Y92.76 E.05409
G1 X164.508 Y93.582 E.05411
G1 X165.083 Y94.436 E.05411
G1 X165.613 Y95.318 E.05408
G1 X166.075 Y96.185 E.05163
G1 X166.392 Y96.845 E.03848
G1 X166.795 Y97.795 E.05424
G1 X167.034 Y98.435 E.03591
G1 X167.353 Y99.416 E.05422
G1 X167.619 Y100.41 E.05408
G1 X167.833 Y101.417 E.05411
G1 X167.994 Y102.434 E.05412
G1 X168.06 Y103.057 E.03293
G1 X168.12 Y103.765 E.03734
G1 X168.15 Y104.518 E.03961
G1 X168.162 Y105.173 E.03443
G1 X168.144 Y105.856 E.03591
G1 X168.072 Y106.885 E.05421
G1 X167.946 Y107.907 E.05412
G1 X167.768 Y108.92 E.05406
M73 P78 R2
G1 X167.536 Y109.923 E.05411
G1 X167.266 Y110.868 E.05165
G1 X167.035 Y111.563 E.03849
G1 X166.665 Y112.526 E.05422
G1 X166.393 Y113.153 E.03592
G1 X165.941 Y114.079 E.05416
G1 X165.442 Y114.98 E.05413
G1 X164.896 Y115.853 E.05412
G1 X164.306 Y116.696 E.05408
G1 X163.672 Y117.507 E.0541
G1 X162.996 Y118.284 E.05413
G1 X162.28 Y119.025 E.05416
G1 X161.785 Y119.496 E.03591
G1 X161.007 Y120.172 E.05417
G1 X160.195 Y120.806 E.05414
G1 X159.352 Y121.396 E.05408
G1 X158.479 Y121.942 E.05412
G1 X157.578 Y122.442 E.05416
G1 X156.966 Y122.747 E.03594
G1 X156.024 Y123.166 E.05419
G1 X155.063 Y123.535 E.0541
G1 X154.084 Y123.853 E.0541
G1 X153.09 Y124.119 E.05408
G1 X152.129 Y124.324 E.05164
G1 X151.407 Y124.446 E.03848
G1 X150.384 Y124.572 E.05417
G1 X149.357 Y124.644 E.05411
G1 X148.328 Y124.662 E.05409
G1 X147.299 Y124.626 E.05411
G1 X146.274 Y124.536 E.05408
G1 X145.254 Y124.393 E.05413
G1 X144.243 Y124.196 E.05414
G1 X143.578 Y124.036 E.03595
G1 X142.587 Y123.752 E.05418
G1 X141.614 Y123.417 E.05408
G1 X140.659 Y123.031 E.05414
G1 X139.726 Y122.596 E.0541
G1 X138.817 Y122.113 E.0541
G1 X137.975 Y121.608 E.0516
G1 X137.363 Y121.204 E.03854
G1 X136.805 Y120.806 E.03602
G1 X135.993 Y120.172 E.05414
G1 X135.216 Y119.496 E.05413
G1 X134.476 Y118.781 E.05408
G1 X133.774 Y118.028 E.05411
G1 X133.111 Y117.239 E.05416
G1 X132.695 Y116.697 E.03591
G1 X132.104 Y115.852 E.0542
G1 X131.558 Y114.979 E.05412
G1 X131.059 Y114.079 E.05409
G1 X130.608 Y113.153 E.05413
G1 X130.223 Y112.25 E.05159
G1 X129.966 Y111.564 E.0385
G1 X129.647 Y110.584 E.05417
G1 X129.381 Y109.59 E.05408
G1 X129.167 Y108.583 E.05411
G1 X129.006 Y107.566 E.05412
G1 X128.902 Y106.589 E.05164
G1 X128.856 Y105.859 E.03844
G1 X128.838 Y104.827 E.05425
G1 X128.856 Y104.144 E.03591
G1 X128.928 Y103.115 E.05421
G1 X129.054 Y102.093 E.05412
G1 X129.233 Y101.078 E.05417
G1 X129.381 Y100.411 E.03591
G1 X129.647 Y99.415 E.05418
G1 X129.966 Y98.436 E.05412
G1 X130.334 Y97.475 E.05408
G1 X130.753 Y96.535 E.05409
G1 X131.198 Y95.659 E.05164
G1 X131.558 Y95.021 E.0385
G1 X132.104 Y94.147 E.05416
G1 X132.694 Y93.304 E.05408
G1 X133.328 Y92.493 E.0541
G1 X134.004 Y91.716 E.05413
G1 X134.72 Y90.975 E.05416
G1 X135.215 Y90.504 E.03591
G1 X135.993 Y89.828 E.05417
G1 X136.805 Y89.194 E.05414
G1 X137.648 Y88.604 E.05408
G1 X138.521 Y88.058 E.05412
G1 X139.38 Y87.581 E.05164
G1 X140.034 Y87.253 E.03845
G1 X140.976 Y86.834 E.05419
G1 X141.937 Y86.465 E.0541
G1 X142.871 Y86.161 E.05162
G1 X143.576 Y85.964 E.03847
G1 X144.58 Y85.732 E.05416
G1 X145.594 Y85.554 E.05411
G1 X146.616 Y85.428 E.05412
G1 X147.643 Y85.356 E.05411
G1 X148.625 Y85.338 E.05162
G1 X148.64 Y85.339 E.00079
G1 X149.239 Y85.353 F12000
G1 X148.657 Y86.134
;TYPE:Perimeter
T1
;WIDTH:0.999999
G1 F3134.537
G1 X149.319 Y86.15 E.0527
G1 X150.309 Y86.219 E.07898
G1 X151.289 Y86.34 E.07858
G1 X152.262 Y86.511 E.07862
G1 X153.183 Y86.723 E.07521
G1 X153.855 Y86.908 E.05547
G1 X154.798 Y87.215 E.07892
G1 X155.721 Y87.569 E.07867
G1 X156.623 Y87.971 E.07859
G1 X157.503 Y88.419 E.07858
G1 X158.359 Y88.913 E.07865
G1 X159.152 Y89.427 E.07521
G1 X159.72 Y89.831 E.05547
G1 X160.501 Y90.442 E.07891
G1 X161.247 Y91.09 E.07864
G1 X161.957 Y91.776 E.07857
G1 X162.631 Y92.498 E.0786
G1 X163.266 Y93.255 E.07863
G1 X163.86 Y94.044 E.07859
G1 X164.413 Y94.863 E.07864
G1 X164.922 Y95.71 E.07864
G1 X165.366 Y96.544 E.07519
G1 X165.667 Y97.172 E.05542
G1 X166.057 Y98.09 E.07938
G1 X166.284 Y98.697 E.05157
G1 X166.591 Y99.642 E.07907
G1 X166.846 Y100.596 E.07859
G1 X167.052 Y101.562 E.0786
G1 X167.206 Y102.538 E.07863
G1 X167.27 Y103.141 E.04826
G1 X167.327 Y103.815 E.05383
G1 X167.356 Y104.532 E.05711
G1 X167.367 Y105.17 E.05078
G1 X167.35 Y105.818 E.05159
G1 X167.281 Y106.809 E.07906
G1 X167.16 Y107.789 E.07858
G1 X166.989 Y108.762 E.07862
G1 X166.766 Y109.725 E.07866
G1 X166.507 Y110.633 E.07514
G1 X166.287 Y111.295 E.05552
G1 X165.929 Y112.225 E.0793
G1 X165.671 Y112.82 E.05161
G1 X165.236 Y113.712 E.07898
G1 X164.757 Y114.576 E.07862
G1 X164.233 Y115.414 E.07865
G1 X163.667 Y116.223 E.07857
G1 X163.059 Y117.001 E.07858
G1 X162.41 Y117.747 E.07869
G1 X161.721 Y118.461 E.07896
G1 X161.25 Y118.908 E.05168
G1 X160.501 Y119.559 E.07897
G1 X159.723 Y120.167 E.07858
G1 X158.913 Y120.734 E.07868
G1 X158.076 Y121.257 E.07854
G1 X157.208 Y121.738 E.07897
G1 X156.627 Y122.028 E.05168
G1 X155.72 Y122.431 E.07898
G1 X154.798 Y122.785 E.0786
G1 X153.858 Y123.091 E.07867
G1 X152.904 Y123.346 E.07859
G1 X151.98 Y123.544 E.0752
G1 X151.292 Y123.66 E.05552
G1 X150.308 Y123.781 E.0789
G1 X149.323 Y123.85 E.07858
G1 X148.335 Y123.867 E.07864
G1 X147.348 Y123.832 E.0786
G1 X146.364 Y123.746 E.07861
G1 X145.386 Y123.609 E.07859
G1 X144.411 Y123.419 E.07905
G1 X143.78 Y123.268 E.05163
G1 X142.826 Y122.994 E.07899
G1 X141.892 Y122.673 E.0786
G1 X140.976 Y122.303 E.07862
G1 X140.081 Y121.885 E.07861
G1 X139.209 Y121.421 E.07861
G1 X138.398 Y120.935 E.07524
G1 X137.281 Y120.17 E.10774
G1 X136.499 Y119.558 E.07903
G1 X135.753 Y118.91 E.07864
G1 X135.043 Y118.224 E.07857
G1 X134.369 Y117.502 E.0786
G1 X133.731 Y116.741 E.07903
G1 X133.336 Y116.227 E.05159
G1 X132.766 Y115.413 E.07908
G1 X132.243 Y114.576 E.07854
G1 X131.764 Y113.712 E.07862
G1 X131.331 Y112.824 E.07862
G1 X130.961 Y111.954 E.07524
G1 X130.716 Y111.302 E.05543
G1 X130.409 Y110.358 E.079
G1 X130.154 Y109.404 E.07859
G1 X129.948 Y108.438 E.0786
G1 X129.794 Y107.462 E.07863
G1 X129.694 Y106.522 E.07523
G1 X129.65 Y105.827 E.05542
G1 X129.633 Y104.83 E.07935
G1 X129.65 Y104.182 E.05159
G1 X129.719 Y103.191 E.07906
G1 X129.84 Y102.211 E.07858
G1 X130.012 Y101.233 E.07903
G1 X130.153 Y100.6 E.05161
G1 X130.41 Y99.641 E.07901
G1 X130.715 Y98.702 E.07857
G1 X131.069 Y97.779 E.07867
G1 X131.471 Y96.877 E.07859
G1 X131.899 Y96.034 E.07524
G1 X132.241 Y95.427 E.05545
G1 X132.767 Y94.586 E.07894
G1 X133.333 Y93.777 E.07857
G1 X133.942 Y92.999 E.07863
G1 X134.59 Y92.253 E.07864
G1 X135.279 Y91.539 E.07896
G1 X135.75 Y91.092 E.05168
G1 X136.499 Y90.441 E.07897
G1 X137.277 Y89.833 E.07858
G1 X138.087 Y89.266 E.07868
G1 X138.925 Y88.743 E.07861
G1 X139.751 Y88.284 E.0752
G1 X140.374 Y87.972 E.05545
G1 X141.28 Y87.569 E.07891
G1 X142.203 Y87.214 E.0787
G1 X143.101 Y86.922 E.07515
G1 X143.772 Y86.734 E.05546
G1 X144.739 Y86.511 E.07898
G1 X145.711 Y86.34 E.07854
G1 X146.692 Y86.219 E.07866
G1 X147.678 Y86.15 E.07866
G1 X148.622 Y86.133 E.07514
G1 X148.627 Y86.133 E.0004
G1 X148.643 Y87.091 F12000
G1 F3134.537
G1 X149.274 Y87.106 E.05023
G1 X150.217 Y87.172 E.07523
G1 X151.148 Y87.287 E.07465
G1 X152.072 Y87.45 E.07467
G1 X152.949 Y87.651 E.0716
G1 X153.58 Y87.825 E.05209
G1 X154.479 Y88.117 E.07522
G1 X155.354 Y88.453 E.07459
G1 X156.211 Y88.835 E.07467
G1 X157.046 Y89.26 E.07456
G1 X157.859 Y89.73 E.07473
G1 X158.614 Y90.219 E.07159
G1 X159.148 Y90.598 E.05211
G1 X159.892 Y91.18 E.07517
G1 X160.6 Y91.795 E.07463
G1 X161.275 Y92.447 E.07468
G1 X161.914 Y93.133 E.07461
G1 X162.517 Y93.851 E.07462
G1 X163.081 Y94.6 E.07462
G1 X163.605 Y95.377 E.07458
G1 X164.089 Y96.182 E.07475
G1 X164.512 Y96.976 E.0716
G1 X164.795 Y97.566 E.05208
G1 X165.168 Y98.444 E.07592
G1 X165.38 Y99.013 E.04832
G1 X165.673 Y99.913 E.07532
G1 X165.915 Y100.819 E.07463
G1 X166.11 Y101.736 E.07461
G1 X166.257 Y102.663 E.07469
G1 X166.318 Y103.242 E.04633
G1 X166.372 Y103.875 E.05056
G1 X166.399 Y104.549 E.05368
G1 X166.41 Y105.166 E.04911
G1 X166.394 Y105.772 E.04824
G1 X166.328 Y106.717 E.07539
G1 X166.213 Y107.648 E.07465
G1 X166.051 Y108.571 E.07458
G1 X165.839 Y109.485 E.07467
G1 X165.592 Y110.351 E.07167
G1 X165.385 Y110.972 E.05209
G1 X165.043 Y111.863 E.07595
G1 X164.801 Y112.419 E.04826
G1 X164.386 Y113.27 E.07535
G1 X163.932 Y114.09 E.07459
G1 X163.435 Y114.886 E.07468
G1 X162.897 Y115.654 E.07462
G1 X162.32 Y116.392 E.07455
G1 X161.705 Y117.1 E.07463
G1 X161.047 Y117.781 E.07536
G1 X160.607 Y118.199 E.0483
G1 X159.892 Y118.82 E.07537
G1 X159.153 Y119.397 E.07461
G1 X158.385 Y119.935 E.07462
G1 X157.59 Y120.432 E.07461
G1 X156.762 Y120.891 E.07534
G1 X156.219 Y121.162 E.0483
G1 X155.354 Y121.547 E.07535
G1 X154.478 Y121.883 E.07467
G1 X153.587 Y122.173 E.07457
G1 X152.68 Y122.416 E.07473
G1 X151.8 Y122.603 E.0716
G1 X151.154 Y122.713 E.05215
G1 X150.216 Y122.828 E.07521
G1 X149.281 Y122.893 E.07459
G1 X148.343 Y122.909 E.07466
G1 X147.406 Y122.877 E.07461
G1 X146.472 Y122.795 E.07461
G1 X145.544 Y122.664 E.07458
G1 X144.614 Y122.484 E.07538
G1 X144.024 Y122.342 E.04829
G1 X143.114 Y122.081 E.07534
G1 X142.228 Y121.776 E.07457
G1 X141.358 Y121.425 E.07466
G1 X140.508 Y121.028 E.07466
G1 X139.68 Y120.588 E.07462
G1 X138.908 Y120.125 E.07164
G1 X137.854 Y119.403 E.10167
G1 X137.108 Y118.82 E.07535
G1 X136.4 Y118.205 E.07463
G1 X135.725 Y117.553 E.07468
G1 X135.086 Y116.867 E.07461
G1 X134.477 Y116.142 E.07535
G1 X134.108 Y115.661 E.04825
G1 X133.565 Y114.885 E.07537
G1 X133.068 Y114.09 E.07461
G1 X132.613 Y113.27 E.07463
G1 X132.202 Y112.426 E.07471
G1 X131.85 Y111.598 E.0716
G1 X131.619 Y110.985 E.05213
G1 X131.327 Y110.087 E.07515
G1 X131.085 Y109.181 E.07463
G1 X130.89 Y108.264 E.07461
G1 X130.743 Y107.337 E.07469
G1 X130.648 Y106.442 E.07163
G1 X130.607 Y105.788 E.05215
G1 X130.59 Y104.834 E.07593
G1 X130.606 Y104.228 E.04824
G1 X130.672 Y103.283 E.07539
G1 X130.787 Y102.352 E.07465
G1 X130.951 Y101.42 E.07531
G1 X131.082 Y100.828 E.04825
G1 X131.328 Y99.913 E.0754
G1 X131.617 Y99.021 E.07462
G1 X131.953 Y98.146 E.07459
G1 X132.335 Y97.288 E.07474
G1 X132.743 Y96.486 E.07161
G1 X133.064 Y95.916 E.05206
G1 X133.565 Y95.114 E.07525
G1 X134.103 Y94.346 E.07462
G1 X134.68 Y93.608 E.07455
G1 X135.295 Y92.9 E.07463
G1 X135.953 Y92.219 E.07536
G1 X136.393 Y91.801 E.0483
G1 X137.108 Y91.18 E.07537
G1 X137.847 Y90.603 E.07461
G1 X138.615 Y90.065 E.07462
G1 X139.411 Y89.568 E.07468
G1 X140.197 Y89.131 E.07157
G1 X140.783 Y88.837 E.05217
G1 X141.646 Y88.453 E.07517
G1 X142.523 Y88.117 E.07474
G1 X143.378 Y87.838 E.07157
G1 X144.009 Y87.662 E.05213
G1 X144.93 Y87.449 E.07523
G1 X145.853 Y87.287 E.07458
G1 X146.784 Y87.172 E.07465
G1 X147.72 Y87.107 E.07467
G1 X148.613 Y87.091 E.07108
G1 X148.628 Y88.048 F12000
G1 F3134.537
G1 X149.229 Y88.063 E.04784
G1 X150.125 Y88.125 E.07148
G1 X151.006 Y88.234 E.07065
G1 X151.881 Y88.388 E.0707
G1 X152.714 Y88.579 E.06801
G1 X153.305 Y88.742 E.04879
G1 X154.159 Y89.02 E.07147
G1 X154.988 Y89.338 E.07066
G1 X155.799 Y89.699 E.07065
G1 X156.589 Y90.102 E.07058
G1 X157.359 Y90.546 E.07074
G1 X158.076 Y91.011 E.06801
G1 X158.576 Y91.366 E.0488
G1 X159.283 Y91.919 E.07143
G1 X159.953 Y92.501 E.07063
G1 X160.592 Y93.118 E.07069
G1 X161.197 Y93.767 E.07061
G1 X161.768 Y94.447 E.07066
G1 X162.302 Y95.156 E.07064
G1 X162.798 Y95.892 E.07063
G1 X163.256 Y96.653 E.07068
G1 X163.658 Y97.408 E.06807
G1 X163.922 Y97.96 E.04869
G1 X164.278 Y98.799 E.07253
G1 X164.476 Y99.329 E.04503
G1 X164.755 Y100.185 E.07165
G1 X164.984 Y101.043 E.07067
M73 P79 R2
G1 X165.169 Y101.911 E.07063
G1 X165.308 Y102.789 E.07074
G1 X165.367 Y103.343 E.04434
G1 X165.417 Y103.935 E.04728
G1 X165.442 Y104.565 E.05018
G1 X165.452 Y105.161 E.04744
G1 X165.438 Y105.726 E.04498
G1 X165.375 Y106.625 E.07172
G1 X165.266 Y107.506 E.07065
G1 X165.112 Y108.38 E.07063
G1 X164.912 Y109.246 E.07073
G1 X164.678 Y110.068 E.06801
G1 X164.484 Y110.649 E.04875
G1 X164.157 Y111.5 E.07255
G1 X163.932 Y112.018 E.04494
G1 X163.537 Y112.828 E.07172
G1 X163.107 Y113.604 E.0706
G1 X162.636 Y114.357 E.07068
G1 X162.127 Y115.084 E.07063
G1 X161.581 Y115.783 E.07059
G1 X160.999 Y116.453 E.07063
G1 X160.373 Y117.101 E.0717
G1 X159.963 Y117.49 E.04498
G1 X159.283 Y118.081 E.0717
G1 X158.584 Y118.628 E.07064
G1 X157.857 Y119.137 E.07063
G1 X157.104 Y119.607 E.07064
G1 X156.316 Y120.044 E.07171
G1 X155.81 Y120.296 E.04499
G1 X154.987 Y120.662 E.07168
G1 X154.159 Y120.98 E.07059
G1 X153.315 Y121.255 E.07064
G1 X152.456 Y121.485 E.07077
G1 X151.62 Y121.663 E.06802
G1 X151.016 Y121.765 E.04875
G1 X150.125 Y121.875 E.07145
G1 X149.239 Y121.937 E.07068
G1 X148.352 Y121.952 E.0706
G1 X147.465 Y121.921 E.07063
G1 X146.581 Y121.844 E.07062
G1 X145.702 Y121.72 E.07064
G1 X144.818 Y121.548 E.07167
G1 X144.268 Y121.416 E.04501
G1 X143.402 Y121.168 E.07169
G1 X142.563 Y120.879 E.07062
G1 X141.74 Y120.547 E.07062
G1 X140.935 Y120.171 E.07071
G1 X140.151 Y119.754 E.07067
G1 X139.418 Y119.315 E.06799
G1 X138.426 Y118.636 E.09567
G1 X137.717 Y118.081 E.07165
G1 X137.047 Y117.499 E.07063
G1 X136.408 Y116.882 E.07069
G1 X135.803 Y116.233 E.07061
G1 X135.224 Y115.543 E.07168
G1 X134.88 Y115.095 E.04495
G1 X134.363 Y114.357 E.07171
G1 X133.893 Y113.604 E.07064
G1 X133.463 Y112.828 E.0706
G1 X133.073 Y112.029 E.07076
G1 X132.738 Y111.242 E.06807
G1 X132.523 Y110.669 E.0487
G1 X132.245 Y109.815 E.07147
G1 X132.016 Y108.957 E.07067
G1 X131.831 Y108.089 E.07063
G1 X131.692 Y107.211 E.07074
G1 X131.602 Y106.361 E.06802
G1 X131.564 Y105.75 E.04872
G1 X131.548 Y104.839 E.07251
G1 X131.563 Y104.274 E.04498
G1 X131.625 Y103.375 E.07171
G1 X131.734 Y102.494 E.07065
G1 X131.89 Y101.607 E.07167
G1 X132.012 Y101.055 E.04499
G1 X132.245 Y100.185 E.07168
G1 X132.52 Y99.341 E.07064
G1 X132.838 Y98.512 E.07066
G1 X133.199 Y97.7 E.07072
G1 X133.587 Y96.938 E.06805
G1 X133.887 Y96.405 E.04867
G1 X134.364 Y95.643 E.07154
G1 X134.873 Y94.916 E.07063
G1 X135.419 Y94.217 E.07059
G1 X136.001 Y93.547 E.07063
G1 X136.627 Y92.899 E.0717
G1 X137.037 Y92.51 E.04498
G1 X137.717 Y91.919 E.0717
G1 X138.416 Y91.372 E.07064
G1 X139.143 Y90.863 E.07063
G1 X139.897 Y90.392 E.07075
G1 X140.644 Y89.977 E.06801
G1 X141.192 Y89.703 E.04876
G1 X142.013 Y89.338 E.0715
G1 X142.842 Y89.019 E.07069
G1 X143.655 Y88.754 E.06805
G1 X144.245 Y88.59 E.04873
G1 X145.12 Y88.388 E.07147
G1 X145.994 Y88.233 E.07064
G1 X146.875 Y88.125 E.07064
G1 X147.762 Y88.063 E.07076
G1 X148.598 Y88.048 E.06654
G1 E-3 F7200
G1 Z4.6 F3000
G1 X137.299 Y92.799 F12000
G1 Z4.4 F3000
G1 E3 F7200
;TYPE:Solid infill
T0
;WIDTH:0.55292
G1 F5882.353
G1 X136.289 Y93.81 E.0606
G1 X137.073 Y93.019 E.04723
G1 E-3 F7200
G1 Z4.6 F3000
G1 X139.898 Y90.995 F12000
G1 Z4.4 F3000
G1 E3 F7200
G1 F5882.353
G1 X139.853 Y90.949 E.00273
G1 X139.791 Y90.966 E.00273
G1 X139.774 Y91.028 E.00273
G1 X139.82 Y91.073 E.00273
G1 X139.881 Y91.056 E.00269
;WIDTH:0.593613
G1 F5447.682
G1 X139.717 Y91.16 E.00889
;WIDTH:0.634306
G1 F5072.829
G1 X139.553 Y91.265 E.00958
;WIDTH:0.674999
G1 F4746.242
G1 X139.389 Y91.369 E.01021
G1 X134.869 Y95.889 E.33596
G1 X134.765 Y96.053 E.01021
;WIDTH:0.634306
G1 F5072.829
G1 X134.66 Y96.217 E.00958
;WIDTH:0.593613
G1 F5447.682
G1 X134.556 Y96.381 E.00889
;WIDTH:0.55292
G1 F5882.353
G1 X134.495 Y96.398 E.00269
G1 X134.449 Y96.353 E.00273
G1 X134.466 Y96.291 E.00273
G1 X134.528 Y96.275 E.00272
G1 X134.573 Y96.32 E.0027
G1 E-3 F7200
G1 Z4.6 F3000
G1 X133.446 Y98.391 F12000
G1 Z4.4 F3000
G1 E3 F7200
G1 F5882.353
G1 X133.4 Y98.346 E.00273
G1 X133.339 Y98.363 E.00269
G1 X133.322 Y98.424 E.00269
G1 X133.367 Y98.469 E.0027
G1 X133.429 Y98.453 E.00272
;WIDTH:0.593613
G1 F5447.682
G1 X133.516 Y98.289 E.0085
;WIDTH:0.634306
G1 F5072.829
G1 X133.604 Y98.125 E.00915
;WIDTH:0.674999
G1 F4746.242
G1 X133.691 Y97.961 E.00976
G1 X141.461 Y90.191 E.57753
G1 E-3 F7200
G1 Z4.6 F3000
G1 X143.494 Y89.266 F12000
G1 Z4.4 F3000
G1 E3 F7200
;WIDTH:0.55292
G1 F5882.353
G1 X143.449 Y89.22 E.00273
G1 X143.387 Y89.237 E.00273
G1 X143.37 Y89.298 E.00269
G1 X143.416 Y89.344 E.00276
G1 X143.477 Y89.327 E.00269
;WIDTH:0.593613
G1 F5447.682
G1 X143.314 Y89.404 E.00825
;WIDTH:0.634306
G1 F5072.829
G1 X143.151 Y89.481 E.00886
;WIDTH:0.674999
G1 F4746.242
G1 X142.988 Y89.558 E.00947
G1 X133.058 Y99.488 E.73807
G1 X132.987 Y99.631 E.00839
;WIDTH:0.634306
G1 F5072.829
G1 X132.916 Y99.775 E.00789
;WIDTH:0.593613
G1 F5447.682
G1 X132.845 Y99.918 E.00731
;WIDTH:0.55292
G1 F5882.353
G1 X132.799 Y99.873 E.00273
G1 X132.738 Y99.89 E.00269
G1 X132.721 Y99.951 E.00269
G1 X132.766 Y99.996 E.0027
G1 X132.828 Y99.98 E.00272
G1 E-3 F7200
G1 Z4.6 F3000
G1 X132.167 Y101.847 F12000
G1 Z4.4 F3000
G1 E3 F7200
G1 F5882.353
G1 X132.35 Y101.027 E.03563
;WIDTH:0.593613
G1 F5447.682
G1 X132.454 Y100.944 E.00609
;WIDTH:0.634306
G1 F5072.829
G1 X132.558 Y100.861 E.00654
;WIDTH:0.674999
G1 F4746.242
G1 X132.661 Y100.779 E.00692
G1 X144.285 Y89.155 E.86398
G1 X144.533 Y88.848 E.02074
;WIDTH:0.55292
G1 F5882.353
G1 X145.323 Y88.671 E.03433
;WIDTH:0.593613
G1 F5447.682
G1 X145.361 Y88.746 E.00385
;WIDTH:0.634306
G1 F5072.829
G1 X145.4 Y88.821 E.00416
;WIDTH:0.674999
G1 F4746.242
G1 X145.438 Y88.895 E.00437
G1 X132.395 Y101.938 E.96946
G1 X132.231 Y102.996 E.05627
G1 X146.496 Y88.731 E1.06028
G1 X147.482 Y88.64 E.05204
G1 X132.14 Y103.982 E1.14033
G1 X132.104 Y104.911 E.04886
G1 X148.402 Y88.614 E1.21135
G1 X149.277 Y88.632 E.046
M73 P80 R2
G1 X132.122 Y105.787 E1.27509
G1 X132.187 Y106.616 E.0437
G1 X150.119 Y88.684 E1.33284
G1 X150.915 Y88.782 E.04215
G1 X132.286 Y107.411 E1.38465
G1 X132.417 Y108.174 E.04069
G1 X151.676 Y88.915 E1.43148
G1 X152.406 Y89.078 E.03931
G1 X132.577 Y108.908 E1.47388
G1 X132.766 Y109.613 E.03836
G1 X153.113 Y89.265 E1.51238
G1 X153.789 Y89.483 E.03733
G1 X132.983 Y110.289 E1.54646
G1 X133.22 Y110.946 E.03671
G1 X154.443 Y89.724 E1.57742
G1 X155.076 Y89.985 E.03599
G1 X133.484 Y111.576 E1.60485
G1 X133.768 Y112.187 E.03541
G1 X155.688 Y90.266 E1.6293
G1 X156.281 Y90.568 E.03498
G1 X134.07 Y112.778 E1.65085
G1 X134.39 Y113.352 E.03454
G1 X156.849 Y90.893 E1.66932
G1 X157.401 Y91.235 E.03413
G1 X134.734 Y113.902 E1.68478
G1 X135.096 Y114.434 E.03382
G1 X157.937 Y91.593 E1.69772
G1 X158.451 Y91.973 E.0336
M73 P81 R2
G1 X135.471 Y114.953 E1.70805
G1 X135.869 Y115.448 E.03338
M73 P81 R1
G1 X158.952 Y92.366 E1.71567
G1 X159.43 Y92.782 E.0333
G1 X136.281 Y115.931 E1.72061
G1 X136.712 Y116.394 E.03325
G1 X159.892 Y93.214 E1.72291
G1 X160.339 Y93.661 E.03322
G1 X137.162 Y116.838 E1.72269
G1 X137.626 Y117.267 E.03321
G1 X160.77 Y94.123 E1.72024
G1 X161.178 Y94.609 E.03335
G1 X138.106 Y117.681 E1.71489
G1 X138.608 Y118.073 E.03348
G1 X161.572 Y95.11 E1.70682
G1 X161.949 Y95.626 E.03359
G1 X139.124 Y118.451 E1.69653
G1 X139.66 Y118.809 E.03388
G1 X162.309 Y96.16 E1.68345
G1 X162.646 Y96.717 E.03422
G1 X140.217 Y119.146 E1.66709
G1 X140.791 Y119.466 E.03454
G1 X162.966 Y97.291 E1.64822
G1 X163.269 Y97.882 E.03491
M73 P82 R1
G1 X141.383 Y119.767 E1.6267
G1 X141.994 Y120.05 E.03539
G1 X163.547 Y98.497 E1.60198
G1 X163.809 Y99.129 E.03596
G1 X142.631 Y120.308 E1.57415
G1 X143.29 Y120.542 E.03675
G1 X164.042 Y99.79 E1.54245
G1 X164.256 Y100.47 E.03747
G1 X143.972 Y120.754 E1.50766
G1 X144.677 Y120.943 E.03836
G1 X164.445 Y101.175 E1.46931
G1 X164.602 Y101.912 E.0396
G1 X145.415 Y121.099 E1.42612
G1 X146.181 Y121.227 E.04082
G1 X164.728 Y102.679 E1.37859
G1 X164.823 Y103.479 E.04234
G1 X146.98 Y121.321 E1.32619
G1 X147.818 Y121.378 E.04415
G1 X164.882 Y104.314 E1.26833
G1 X164.896 Y105.194 E.04626
G1 X148.699 Y121.391 E1.20388
G1 X149.631 Y121.353 E.04902
G1 X164.853 Y106.131 E1.13142
G1 X164.754 Y107.123 E.0524
G1 X150.623 Y121.254 E1.05032
G1 E-3 F7200
G1 Z4.6 F3000
G1 X164.612 Y109.116 F12000
G1 Z4.4 F3000
M73 P83 R1
G1 E3 F7200
;WIDTH:0.55292
G1 F5882.353
G1 X164.819 Y108.235 E.03838
;WIDTH:0.674999
G1 F4746.242
G1 X164.582 Y108.189 E.01269
G1 X151.691 Y121.08 E.95816
G1 X151.819 Y121.132 E.00726
;WIDTH:0.634306
G1 F5072.829
G1 X151.947 Y121.184 E.00679
;WIDTH:0.593613
G1 F5447.682
G1 X152.075 Y121.236 E.00633
;WIDTH:0.55292
G1 F5882.353
G1 X152.617 Y121.109 E.02361
;WIDTH:0.674999
G1 F4746.242
G1 X152.865 Y120.8 E.02082
G1 X164.301 Y109.364 E.85001
G1 X164.217 Y110.219 E.04515
;WIDTH:0.55292
G1 F5882.353
G1 X164.172 Y110.174 E.0027
G1 X164.111 Y110.191 E.00269
G1 X164.094 Y110.252 E.00269
G1 X164.139 Y110.297 E.0027
G1 X164.201 Y110.281 E.00272
;WIDTH:0.593613
G1 F5447.682
G1 X164.093 Y110.415 E.00788
;WIDTH:0.634306
G1 F5072.829
G1 X163.985 Y110.549 E.00846
;WIDTH:0.674999
G1 F4746.242
G1 X163.876 Y110.683 E.00908
G1 X154.183 Y120.376 E.72046
G1 X154.049 Y120.485 E.00908
;WIDTH:0.634306
G1 F5072.829
G1 X153.915 Y120.593 E.00846
;WIDTH:0.593613
G1 F5447.682
G1 X153.781 Y120.702 E.00791
;WIDTH:0.55292
G1 F5882.353
G1 X153.719 Y120.718 E.00272
G1 X153.674 Y120.673 E.0027
G1 X153.691 Y120.612 E.00269
G1 X153.752 Y120.595 E.00269
G1 X153.797 Y120.64 E.0027
G1 E-3 F7200
G1 Z4.6 F3000
G1 X155.343 Y120.066 F12000
G1 Z4.4 F3000
G1 E3 F7200
G1 F5882.353
G1 X155.281 Y120.082 E.00272
G1 X155.236 Y120.037 E.0027
G1 X155.253 Y119.975 E.00273
G1 X155.314 Y119.959 E.00267
G1 X155.359 Y120.004 E.0027
;WIDTH:0.593613
G1 F5447.682
G1 X155.488 Y119.905 E.00745
;WIDTH:0.634306
G1 F5072.829
G1 X155.616 Y119.807 E.00793
;WIDTH:0.674999
G1 F4746.242
G1 X155.745 Y119.708 E.00855
G1 X163.321 Y112.119 E.56359
;WIDTH:0.634306
G1 F5072.829
G1 X163.442 Y111.985 E.00888
;WIDTH:0.593613
G1 F5447.682
G1 X163.563 Y111.851 E.00827
;WIDTH:0.55292
G1 F5882.353
G1 X163.501 Y111.868 E.00273
G1 X163.456 Y111.823 E.0027
G1 X163.473 Y111.761 E.00273
G1 X163.534 Y111.745 E.00267
G1 X163.58 Y111.79 E.00273
G1 E-3 F7200
G1 Z4.6 F3000
G1 X162.258 Y114.014 F12000
G1 Z4.4 F3000
G1 E3 F7200
;WIDTH:0.56955
G1 F5696.599
G1 X162.216 Y114.312 E.01318
;WIDTH:0.55292
G1 F5882.353
G1 X161.21 Y115.478 E.06531
;WIDTH:0.585408
G1 F5530.076
G1 X160.622 Y116.108 E.03887
;WIDTH:0.60069
G1 F5378.561
G1 X159.619 Y117.112 E.06582
;WIDTH:0.586476
G1 F5519.211
G1 X158.977 Y117.71 E.03965
;WIDTH:0.55292
G1 F5882.353
G1 X157.831 Y118.702 E.06428
G1 X157.581 Y118.766 E.01094
;WIDTH:0.569554
G1 F5696.556
G1 X157.514 Y118.758 E.00295
;WIDTH:0.604703
G1 F5340.147
G1 X157.663 Y118.634 E.00906
;WIDTH:0.639851
G1 F5025.709
G1 X157.812 Y118.51 E.00962
;WIDTH:0.674999
G1 F4746.242
G1 X157.961 Y118.386 E.01019
G1 X161.886 Y114.461 E.29174
;LAYER_CHANGE
;Z:4.6
;HEIGHT:0.2

G1 E-3 F7200
G1 Z4.6 F3000
;AFTER_LAYER_CHANGE
;4.6
G92 E0
_ON_LAYER_CHANGE LAYER=23
G1 Z4.8
G1 X148.669 Y85.339 F12000
G1 Z4.6 F3000
G1 E3 F7200
;TYPE:External perimeter
G1 F4746.242
G1 X149.357 Y85.356 E.03617
G1 X150.385 Y85.428 E.05416
G1 X151.407 Y85.554 E.05412
G1 X152.42 Y85.732 E.05406
G1 X153.391 Y85.956 E.05237
G1 X154.084 Y86.147 E.03778
G1 X155.064 Y86.465 E.05415
G1 X156.026 Y86.835 E.05417
G1 X156.653 Y87.107 E.03592
G1 X157.579 Y87.559 E.05416
G1 X158.48 Y88.058 E.05413
G1 X159.353 Y88.604 E.05412
G1 X160.196 Y89.194 E.05408
G1 X161.007 Y89.828 E.0541
G1 X161.784 Y90.504 E.05413
G1 X162.525 Y91.22 E.05416
G1 X162.996 Y91.715 E.03591
G1 X163.672 Y92.493 E.05417
G1 X164.306 Y93.305 E.05414
G1 X164.896 Y94.148 E.05408
G1 X165.442 Y95.021 E.05412
G1 X165.941 Y95.921 E.05409
G1 X166.392 Y96.846 E.05409
G1 X166.795 Y97.795 E.05419
G1 X167.034 Y98.435 E.03591
G1 X167.353 Y99.416 E.05422
G1 X167.619 Y100.41 E.05408
G1 X167.833 Y101.417 E.05411
G1 X167.994 Y102.434 E.05412
G1 X168.062 Y103.075 E.03388
G1 X168.121 Y103.775 E.03692
G1 X168.15 Y104.508 E.03855
G1 X168.162 Y105.173 E.03496
G1 X168.144 Y105.856 E.03591
G1 X168.072 Y106.885 E.05421
G1 X167.946 Y107.907 E.05412
G1 X167.768 Y108.92 E.05406
G1 X167.536 Y109.923 E.05411
G1 X167.252 Y110.913 E.05413
G1 X166.928 Y111.855 E.05236
G1 X166.666 Y112.524 E.03776
G1 X166.247 Y113.465 E.05414
G1 X165.779 Y114.382 E.05411
G1 X165.265 Y115.274 E.05411
G1 X164.704 Y116.137 E.0541
G1 X164.098 Y116.971 E.05418
G1 X163.673 Y117.506 E.03591
G1 X162.996 Y118.284 E.0542
G1 X162.28 Y119.025 E.05416
G1 X161.785 Y119.496 E.03591
G1 X161.007 Y120.172 E.05417
G1 X160.195 Y120.806 E.05414
G1 X159.352 Y121.396 E.05408
G1 X158.479 Y121.942 E.05412
G1 X157.608 Y122.425 E.05235
G1 X156.966 Y122.747 E.03775
G1 X156.024 Y123.166 E.05419
G1 X155.063 Y123.535 E.0541
G1 X154.084 Y123.853 E.0541
G1 X153.09 Y124.119 E.05408
G1 X152.115 Y124.327 E.0524
G1 X151.407 Y124.446 E.03773
G1 X150.384 Y124.572 E.05417
G1 X149.357 Y124.644 E.05411
G1 X148.327 Y124.662 E.05414
G1 X147.644 Y124.644 E.03591
G1 X146.615 Y124.572 E.05421
G1 X145.593 Y124.446 E.05412
G1 X144.578 Y124.267 E.05417
G1 X143.911 Y124.119 E.03591
G1 X142.915 Y123.853 E.05418
G1 X141.936 Y123.534 E.05412
G1 X140.974 Y123.165 E.05415
G1 X140.347 Y122.893 E.03592
G1 X139.421 Y122.441 E.05416
G1 X138.52 Y121.942 E.05413
G1 X137.647 Y121.396 E.05412
G1 X136.804 Y120.806 E.05408
G1 X135.993 Y120.172 E.0541
G1 X135.216 Y119.496 E.05413
G1 X134.476 Y118.781 E.05408
G1 X133.774 Y118.028 E.05411
G1 X133.112 Y117.24 E.05409
G1 X132.512 Y116.445 E.05235
G1 X132.104 Y115.853 E.03779
G1 X131.558 Y114.979 E.05416
G1 X131.059 Y114.079 E.05409
G1 X130.608 Y113.154 E.05409
G1 X130.218 Y112.237 E.05237
G1 X129.966 Y111.564 E.03777
G1 X129.647 Y110.584 E.05417
G1 X129.381 Y109.59 E.05408
G1 X129.167 Y108.583 E.05411
G1 X129.006 Y107.566 E.05412
G1 X128.901 Y106.575 E.05238
G1 X128.856 Y105.859 E.03771
G1 X128.838 Y104.827 E.05425
G1 X128.856 Y104.144 E.03591
G1 X128.928 Y103.115 E.05421
G1 X129.054 Y102.093 E.05412
G1 X129.232 Y101.08 E.05406
G1 X129.464 Y100.077 E.05411
G1 X129.748 Y99.087 E.05413
G1 X130.083 Y98.114 E.05408
G1 X130.456 Y97.19 E.05237
G1 X130.753 Y96.536 E.03775
G1 X131.221 Y95.618 E.05416
G1 X131.735 Y94.726 E.05411
G1 X132.296 Y93.863 E.0541
G1 X132.901 Y93.03 E.05411
G1 X133.527 Y92.255 E.05236
G1 X134.003 Y91.717 E.03775
G1 X134.719 Y90.976 E.05416
G1 X135.472 Y90.274 E.05411
G1 X136.234 Y89.633 E.05233
G1 X136.804 Y89.195 E.03778
G1 X137.648 Y88.604 E.05415
G1 X138.521 Y88.058 E.05412
G1 X139.392 Y87.575 E.05235
G1 X140.034 Y87.253 E.03775
G1 X140.976 Y86.834 E.05419
G1 X141.937 Y86.465 E.0541
G1 X142.884 Y86.157 E.05234
G1 X143.576 Y85.964 E.03776
G1 X144.58 Y85.732 E.05416
G1 X145.594 Y85.554 E.05411
G1 X146.616 Y85.428 E.05412
G1 X147.643 Y85.356 E.05411
G1 X148.639 Y85.338 E.05236
G1 X149.239 Y85.353 F12000
G1 X148.657 Y86.134
;TYPE:Perimeter
T1
;WIDTH:0.999999
G1 F3134.537
G1 X149.319 Y86.15 E.0527
G1 X150.309 Y86.219 E.07898
G1 X151.289 Y86.34 E.07858
G1 X152.262 Y86.511 E.07862
G1 X153.196 Y86.726 E.07627
G1 X153.855 Y86.908 E.05441
G1 X154.798 Y87.215 E.07892
G1 X155.725 Y87.571 E.07903
G1 X156.32 Y87.829 E.05161
G1 X157.212 Y88.264 E.07898
G1 X158.076 Y88.743 E.07862
G1 X158.914 Y89.267 E.07865
G1 X159.723 Y89.833 E.07857
G1 X160.501 Y90.441 E.07858
G1 X161.247 Y91.09 E.07869
G1 X161.961 Y91.779 E.07896
G1 X162.408 Y92.25 E.05168
G1 X163.059 Y92.999 E.07897
G1 X163.667 Y93.777 E.07858
G1 X164.234 Y94.587 E.07868
G1 X164.757 Y95.424 E.07854
G1 X165.236 Y96.288 E.07862
G1 X165.669 Y97.176 E.07862
G1 X166.057 Y98.09 E.07902
G1 X166.284 Y98.697 E.05157
G1 X166.591 Y99.642 E.07907
G1 X166.846 Y100.596 E.07859
G1 X167.052 Y101.562 E.0786
G1 X167.206 Y102.538 E.07863
G1 X167.272 Y103.159 E.0497
G1 X167.328 Y103.825 E.05319
G1 X167.356 Y104.522 E.05551
G1 X167.367 Y105.17 E.05158
G1 X167.35 Y105.818 E.05159
G1 X167.281 Y106.809 E.07906
G1 X167.16 Y107.789 E.07858
G1 X166.989 Y108.762 E.07862
G1 X166.767 Y109.724 E.07857
G1 X166.494 Y110.674 E.07866
G1 X166.183 Y111.581 E.07631
G1 X165.933 Y112.217 E.05438
G1 X165.529 Y113.123 E.07894
G1 X165.081 Y114.003 E.07858
G1 X164.587 Y114.858 E.07858
G1 X164.049 Y115.687 E.07865
G1 X163.466 Y116.49 E.07897
G1 X163.062 Y116.998 E.05165
G1 X162.41 Y117.747 E.07903
G1 X161.721 Y118.461 E.07896
G1 X161.25 Y118.908 E.05168
G1 X160.501 Y119.559 E.07897
G1 X159.723 Y120.167 E.07858
G1 X158.913 Y120.734 E.07868
G1 X158.075 Y121.257 E.07861
G1 X157.237 Y121.722 E.07627
G1 X156.626 Y122.028 E.05438
G1 X155.72 Y122.431 E.07891
G1 X154.798 Y122.785 E.0786
G1 X153.858 Y123.091 E.07867
G1 X152.904 Y123.346 E.07859
G1 X151.967 Y123.546 E.07625
G1 X151.293 Y123.66 E.0544
G1 X150.308 Y123.781 E.07898
G1 X149.323 Y123.85 E.07858
G1 X148.33 Y123.867 E.07904
G1 X147.682 Y123.85 E.05159
G1 X146.691 Y123.781 E.07906
G1 X145.711 Y123.66 E.07858
G1 X144.733 Y123.488 E.07903
G1 X144.1 Y123.347 E.05161
G1 X143.141 Y123.09 E.07901
G1 X142.202 Y122.785 E.07857
G1 X141.275 Y122.429 E.07903
G1 X140.68 Y122.171 E.05161
G1 X139.788 Y121.736 E.07898
G1 X138.924 Y121.257 E.07862
M73 P84 R1
G1 X138.086 Y120.733 E.07865
G1 X137.277 Y120.167 E.07857
G1 X136.499 Y119.558 E.07863
G1 X135.753 Y118.91 E.07864
G1 X135.043 Y118.224 E.07857
G1 X134.369 Y117.502 E.0786
G1 X133.734 Y116.745 E.07863
G1 X133.156 Y115.98 E.0763
G1 X132.769 Y115.417 E.05437
G1 X132.243 Y114.576 E.07894
G1 X131.764 Y113.712 E.07862
G1 X131.331 Y112.824 E.07862
G1 X130.956 Y111.942 E.07627
G1 X130.716 Y111.302 E.0544
G1 X130.409 Y110.358 E.079
G1 X130.154 Y109.404 E.07859
G1 X129.948 Y108.438 E.0786
G1 X129.794 Y107.462 E.07863
G1 X129.693 Y106.509 E.07627
G1 X129.65 Y105.827 E.05438
G1 X129.633 Y104.83 E.07935
G1 X129.65 Y104.182 E.05159
G1 X129.719 Y103.191 E.07906
G1 X129.84 Y102.211 E.07858
G1 X130.011 Y101.238 E.07862
G1 X130.234 Y100.276 E.07859
G1 X130.506 Y99.326 E.07864
G1 X130.828 Y98.392 E.07862
G1 X131.186 Y97.503 E.07627
G1 X131.469 Y96.881 E.05438
G1 X131.919 Y95.997 E.07894
G1 X132.413 Y95.142 E.07858
G1 X132.951 Y94.313 E.07865
G1 X133.532 Y93.514 E.07862
G1 X134.135 Y92.768 E.07634
G1 X134.587 Y92.256 E.05435
G1 X135.276 Y91.543 E.07891
G1 X135.998 Y90.869 E.0786
G1 X136.732 Y90.252 E.07631
G1 X137.274 Y89.835 E.05442
G1 X138.087 Y89.266 E.07897
G1 X138.924 Y88.743 E.07854
G1 X139.763 Y88.278 E.07634
G1 X140.374 Y87.972 E.05438
G1 X141.28 Y87.569 E.07891
G1 X142.202 Y87.214 E.07863
G1 X143.114 Y86.918 E.07631
G1 X143.772 Y86.734 E.05437
G1 X144.739 Y86.511 E.07898
G1 X145.711 Y86.34 E.07854
G1 X146.692 Y86.219 E.07866
G1 X147.678 Y86.15 E.07866
G1 X148.627 Y86.133 E.07553
G1 X148.642 Y87.091 F12000
G1 F3134.537
G1 X149.274 Y87.106 E.05031
G1 X150.217 Y87.172 E.07523
G1 X151.148 Y87.287 E.07465
G1 X152.072 Y87.45 E.07467
G1 X152.961 Y87.654 E.07259
G1 X153.58 Y87.825 E.05111
G1 X154.479 Y88.117 E.07522
G1 X155.363 Y88.457 E.07537
G1 X155.919 Y88.699 E.04826
G1 X156.77 Y89.114 E.07535
G1 X157.59 Y89.568 E.07459
G1 X158.386 Y90.065 E.07468
G1 X159.154 Y90.603 E.07462
G1 X159.892 Y91.18 E.07455
G1 X160.6 Y91.795 E.07463
G1 X161.281 Y92.453 E.07536
G1 X161.699 Y92.893 E.0483
G1 X162.32 Y93.608 E.07537
G1 X162.897 Y94.347 E.07461
G1 X163.435 Y95.115 E.07462
G1 X163.932 Y95.91 E.07461
G1 X164.387 Y96.73 E.07463
G1 X164.798 Y97.573 E.07464
G1 X165.168 Y98.444 E.07531
G1 X165.38 Y99.013 E.04832
G1 X165.673 Y99.913 E.07532
G1 X165.915 Y100.819 E.07463
G1 X166.11 Y101.736 E.07461
G1 X166.257 Y102.663 E.07469
G1 X166.32 Y103.259 E.04769
G1 X166.373 Y103.884 E.04992
G1 X166.399 Y104.539 E.05217
G1 X166.41 Y105.166 E.04991
G1 X166.394 Y105.772 E.04824
G1 X166.328 Y106.717 E.07539
G1 X166.213 Y107.647 E.07457
G1 X166.051 Y108.571 E.07465
G1 X165.84 Y109.485 E.07465
G1 X165.581 Y110.387 E.07468
G1 X165.284 Y111.25 E.07263
G1 X165.05 Y111.847 E.05103
G1 X164.665 Y112.711 E.07528
G1 X164.24 Y113.546 E.07456
G1 X163.771 Y114.358 E.07462
G1 X163.26 Y115.145 E.07467
G1 X162.704 Y115.911 E.07533
G1 X162.326 Y116.386 E.04831
G1 X161.705 Y117.1 E.07531
G1 X161.047 Y117.781 E.07536
G1 X160.607 Y118.199 E.0483
G1 X159.892 Y118.82 E.07537
G1 X159.153 Y119.397 E.07461
G1 X158.385 Y119.935 E.07462
G1 X157.589 Y120.432 E.07468
G1 X156.791 Y120.876 E.07267
G1 X156.217 Y121.162 E.05104
G1 X155.354 Y121.547 E.0752
G1 X154.478 Y121.883 E.07467
G1 X153.587 Y122.173 E.07457
G1 X152.68 Y122.415 E.07471
G1 X151.787 Y122.606 E.07267
G1 X151.155 Y122.712 E.051
G1 X150.216 Y122.828 E.0753
G1 X149.281 Y122.893 E.07459
G1 X148.334 Y122.91 E.07538
G1 X147.728 Y122.894 E.04824
G1 X146.783 Y122.828 E.07539
G1 X145.852 Y122.713 E.07465
G1 X144.92 Y122.549 E.07531
G1 X144.328 Y122.418 E.04825
G1 X143.413 Y122.173 E.07538
G1 X142.521 Y121.883 E.07464
G1 X141.637 Y121.543 E.07537
G1 X141.081 Y121.301 E.04826
G1 X140.23 Y120.886 E.07535
G1 X139.41 Y120.432 E.07459
G1 X138.614 Y119.935 E.07468
G1 X137.846 Y119.397 E.07462
G1 X137.108 Y118.82 E.07455
G1 X136.4 Y118.205 E.07463
G1 X135.725 Y117.553 E.07468
G1 X135.086 Y116.867 E.07461
G1 X134.483 Y116.149 E.07462
G1 X133.933 Y115.42 E.07267
G1 X133.569 Y114.892 E.05104
G1 X133.068 Y114.09 E.07525
G1 X132.613 Y113.27 E.07463
G1 X132.202 Y112.426 E.07471
G1 X131.845 Y111.586 E.07264
G1 X131.62 Y110.986 E.051
G1 X131.327 Y110.087 E.07525
G1 X131.085 Y109.181 E.07463
G1 X130.89 Y108.264 E.07461
G1 X130.743 Y107.337 E.07469
G1 X130.647 Y106.429 E.07266
G1 X130.607 Y105.789 E.05103
G1 X130.59 Y104.834 E.07601
G1 X130.606 Y104.228 E.04824
G1 X130.672 Y103.283 E.07539
G1 X130.787 Y102.352 E.07465
G1 X130.949 Y101.429 E.07458
G1 X131.16 Y100.515 E.07465
G1 X131.419 Y99.614 E.07461
G1 X131.724 Y98.727 E.07465
G1 X132.066 Y97.88 E.07269
G1 X132.331 Y97.296 E.05104
G1 X132.76 Y96.454 E.0752
G1 X133.229 Y95.642 E.07462
G1 X133.74 Y94.855 E.07467
G1 X134.291 Y94.096 E.07464
G1 X134.866 Y93.386 E.07271
G1 X135.29 Y92.906 E.05097
G1 X135.947 Y92.225 E.0753
G1 X136.633 Y91.586 E.07461
G1 X137.332 Y90.998 E.07269
G1 X137.84 Y90.607 E.05102
G1 X138.615 Y90.065 E.07526
G1 X139.411 Y89.568 E.07468
G1 X140.209 Y89.124 E.07267
G1 X140.783 Y88.838 E.05104
G1 X141.646 Y88.453 E.0752
G1 X142.522 Y88.117 E.07467
G1 X143.391 Y87.834 E.07273
G1 X144.008 Y87.662 E.05097
G1 X144.93 Y87.449 E.07531
G1 X145.853 Y87.287 E.07458
G1 X146.784 Y87.172 E.07465
G1 X147.72 Y87.107 E.07467
G1 X148.612 Y87.091 E.071
G1 X148.626 Y88.048 F12000
G1 F3134.537
G1 X148.629 Y88.048 E.00024
G1 X149.228 Y88.063 E.04768
G1 X150.125 Y88.125 E.07155
G1 X151.006 Y88.234 E.07065
G1 X151.881 Y88.388 E.0707
G1 X152.727 Y88.583 E.06909
G1 X153.304 Y88.742 E.04763
G1 X154.159 Y89.02 E.07155
G1 X155 Y89.343 E.07169
G1 X155.518 Y89.568 E.04494
G1 X156.328 Y89.963 E.07172
G1 X157.104 Y90.393 E.0706
G1 X157.857 Y90.864 E.07068
G1 X158.584 Y91.373 E.07063
G1 X159.283 Y91.919 E.07059
G1 X159.953 Y92.501 E.07063
G1 X160.601 Y93.127 E.0717
G1 X160.99 Y93.537 E.04498
G1 X161.581 Y94.217 E.0717
G1 X162.128 Y94.916 E.07064
G1 X162.637 Y95.643 E.07063
G1 X163.107 Y96.396 E.07064
G1 X163.537 Y97.172 E.0706
G1 X163.926 Y97.97 E.07065
G1 X164.278 Y98.799 E.07167
G1 X164.476 Y99.329 E.04503
G1 X164.755 Y100.185 E.07165
G1 X164.984 Y101.043 E.07067
G1 X165.169 Y101.911 E.07063
G1 X165.308 Y102.788 E.07066
G1 X165.368 Y103.36 E.04577
G1 X165.417 Y103.944 E.04664
G1 X165.442 Y104.555 E.04866
G1 X165.452 Y105.161 E.04823
G1 X165.438 Y105.726 E.04498
G1 X165.375 Y106.625 E.07172
G1 X165.266 Y107.506 E.07065
G1 X165.112 Y108.38 E.07063
G1 X164.913 Y109.245 E.07064
G1 X164.668 Y110.099 E.0707
G1 X164.386 Y110.92 E.06908
G1 X164.167 Y111.477 E.04763
G1 X163.801 Y112.299 E.07161
G1 X163.398 Y113.089 E.07058
G1 X162.954 Y113.858 E.07067
G1 X162.471 Y114.602 E.07059
G1 X161.942 Y115.331 E.07168
G1 X161.59 Y115.773 E.04497
G1 X160.999 Y116.453 E.0717
G1 X160.373 Y117.101 E.0717
G1 X159.963 Y117.49 E.04498
G1 X159.283 Y118.081 E.0717
G1 X158.584 Y118.628 E.07064
G1 X157.857 Y119.137 E.07063
G1 X157.103 Y119.608 E.07075
G1 X156.344 Y120.029 E.06907
G1 X155.808 Y120.297 E.04769
G1 X154.987 Y120.662 E.0715
G1 X154.159 Y120.98 E.07059
G1 X153.315 Y121.255 E.07064
G1 X152.456 Y121.485 E.07077
G1 X151.608 Y121.666 E.06901
G1 X151.017 Y121.765 E.04769
G1 X150.125 Y121.875 E.07152
G1 X149.239 Y121.937 E.07068
G1 X148.339 Y121.952 E.07163
G1 X147.774 Y121.937 E.04498
G1 X146.875 Y121.875 E.07171
G1 X145.994 Y121.766 E.07065
G1 X145.107 Y121.61 E.07167
G1 X144.555 Y121.488 E.04499
G1 X143.685 Y121.255 E.07168
G1 X142.841 Y120.98 E.07064
G1 X142 Y120.657 E.07169
G1 X141.482 Y120.432 E.04494
G1 X140.672 Y120.037 E.07172
G1 X139.896 Y119.607 E.0706
G1 X139.143 Y119.136 E.07068
G1 X138.416 Y118.627 E.07063
G1 X137.717 Y118.081 E.07059
G1 X137.047 Y117.499 E.07063
G1 X136.408 Y116.882 E.07069
G1 X135.803 Y116.233 E.07061
G1 X135.232 Y115.552 E.07072
G1 X134.709 Y114.86 E.06903
G1 X134.369 Y114.366 E.04772
G1 X133.893 Y113.604 E.0715
G1 X133.463 Y112.828 E.0706
G1 X133.073 Y112.029 E.07076
G1 X132.734 Y111.23 E.06907
G1 X132.523 Y110.67 E.04762
G1 X132.245 Y109.815 E.07155
G1 X132.016 Y108.957 E.07067
G1 X131.831 Y108.089 E.07063
G1 X131.692 Y107.212 E.07066
G1 X131.601 Y106.349 E.06906
G1 X131.564 Y105.751 E.04768
G1 X131.548 Y104.839 E.07259
G1 X131.563 Y104.274 E.04498
G1 X131.625 Y103.375 E.07171
G1 X131.734 Y102.494 E.07065
G1 X131.888 Y101.62 E.07063
G1 X132.087 Y100.755 E.07064
G1 X132.332 Y99.902 E.07063
G1 X132.621 Y99.062 E.07069
G1 X132.946 Y98.257 E.06909
G1 X133.194 Y97.712 E.04765
G1 X133.602 Y96.911 E.07154
G1 X134.046 Y96.142 E.07067
G1 X134.529 Y95.398 E.07059
G1 X135.051 Y94.679 E.07071
G1 X135.597 Y94.004 E.06909
G1 X135.993 Y93.555 E.04764
G1 X136.618 Y92.908 E.07159
G1 X137.268 Y92.302 E.07072
G1 X137.932 Y91.744 E.06902
G1 X138.407 Y91.379 E.04767
G1 X139.143 Y90.863 E.07153
G1 X139.897 Y90.392 E.07075
G1 X140.656 Y89.971 E.06907
G1 X141.191 Y89.703 E.04762
G1 X142.013 Y89.338 E.07158
G1 X142.842 Y89.019 E.07069
G1 X143.667 Y88.751 E.06903
G1 X144.244 Y88.59 E.04767
G1 X145.12 Y88.388 E.07154
G1 X145.994 Y88.233 E.07064
G1 X146.875 Y88.125 E.07064
G1 X147.762 Y88.063 E.07076
G1 X148.596 Y88.048 E.06638
G1 E-3 F7200
G1 Z4.8 F3000
G1 X136.089 Y115.98 F12000
G1 Z4.6 F3000
G1 E3 F7200
;TYPE:Solid infill
T0
;WIDTH:0.55292
G1 F5882.353
G1 X137.31 Y117.211 E.07353
G1 X136.309 Y116.207 E.06012
G1 E-3 F7200
G1 Z4.8 F3000
G1 X134.49 Y113.597 F12000
G1 Z4.6 F3000
M73 P85 R1
G1 E3 F7200
G1 F5882.353
G1 X134.445 Y113.642 E.0027
G1 X134.462 Y113.703 E.00269
G1 X134.523 Y113.72 E.00269
G1 X134.568 Y113.675 E.0027
G1 X134.552 Y113.613 E.00272
;WIDTH:0.593613
G1 F5447.682
G1 X134.656 Y113.777 E.00889
;WIDTH:0.634306
G1 F5072.829
G1 X134.76 Y113.941 E.00955
;WIDTH:0.674999
G1 F4746.242
G1 X134.864 Y114.105 E.01021
G1 X139.39 Y118.632 E.33644
G1 X139.534 Y118.731 E.00918
;WIDTH:0.634306
G1 F5072.829
G1 X139.677 Y118.829 E.00852
;WIDTH:0.593613
G1 F5447.682
G1 X139.821 Y118.928 E.008
;WIDTH:0.55292
G1 F5882.353
G1 X139.776 Y118.973 E.0027
G1 X139.792 Y119.035 E.00272
G1 X139.854 Y119.051 E.00272
G1 X139.899 Y119.006 E.0027
G1 X139.882 Y118.945 E.00269
G1 E-3 F7200
G1 Z4.8 F3000
G1 X141.883 Y120.05 F12000
G1 Z4.6 F3000
G1 E3 F7200
G1 F5882.353
G1 X141.838 Y120.095 E.0027
G1 X141.854 Y120.156 E.00267
G1 X141.916 Y120.173 E.00273
G1 X141.961 Y120.128 E.0027
G1 X141.944 Y120.066 E.00273
;WIDTH:0.593613
G1 F5447.682
G1 X141.78 Y119.977 E.00854
;WIDTH:0.634306
G1 F5072.829
G1 X141.616 Y119.889 E.00915
;WIDTH:0.674999
G1 F4746.242
G1 X141.452 Y119.8 E.00981
G1 X133.7 Y112.048 E.57619
G1 E-3 F7200
G1 Z4.8 F3000
G1 X132.765 Y110.004 F12000
G1 Z4.6 F3000
G1 E3 F7200
;WIDTH:0.55292
G1 F5882.353
G1 X132.72 Y110.049 E.0027
G1 X132.736 Y110.111 E.00272
G1 X132.798 Y110.127 E.00272
G1 X132.843 Y110.082 E.0027
G1 X132.826 Y110.021 E.00269
;WIDTH:0.593613
G1 F5447.682
G1 X132.903 Y110.184 E.00825
;WIDTH:0.634306
G1 F5072.829
G1 X132.98 Y110.347 E.00886
;WIDTH:0.674999
G1 F4746.242
G1 X133.056 Y110.51 E.00945
G1 X142.988 Y120.442 E.73822
G1 X143.132 Y120.513 E.00844
;WIDTH:0.634306
G1 F5072.829
G1 X143.275 Y120.584 E.00785
;WIDTH:0.593613
G1 F5447.682
G1 X143.419 Y120.656 E.00737
;WIDTH:0.55292
G1 F5882.353
G1 X143.374 Y120.701 E.0027
G1 X143.39 Y120.762 E.00267
G1 X143.452 Y120.779 E.00273
G1 X143.497 Y120.734 E.0027
G1 X143.48 Y120.672 E.00273
G1 E-3 F7200
G1 Z4.8 F3000
G1 X145.347 Y121.333 F12000
G1 Z4.6 F3000
G1 E3 F7200
G1 F5882.353
G1 X144.528 Y121.15 E.03559
;WIDTH:0.593613
G1 F5447.682
G1 X144.445 Y121.046 E.00609
;WIDTH:0.634306
G1 F5072.829
G1 X144.362 Y120.943 E.0065
;WIDTH:0.674999
G1 F4746.242
G1 X144.279 Y120.839 E.00699
G1 X132.661 Y109.221 E.86354
G1 X132.353 Y108.973 E.02078
;WIDTH:0.55292
G1 F5882.353
G1 X132.231 Y108.438 E.02327
;WIDTH:0.593613
G1 F5447.682
G1 X132.285 Y108.311 E.00632
;WIDTH:0.634306
G1 F5072.829
G1 X132.339 Y108.185 E.00674
;WIDTH:0.674999
G1 F4746.242
G1 X132.392 Y108.058 E.00723
G1 X145.439 Y121.105 E.96975
G1 X146.497 Y121.269 E.05627
G1 X132.228 Y107 E1.06058
G1 X132.136 Y106.015 E.05199
G1 X147.482 Y121.36 E1.14059
G1 X148.411 Y121.396 E.04886
G1 X132.108 Y105.092 E1.2118
G1 X132.123 Y104.214 E.04615
G1 X149.286 Y121.377 E1.27569
G1 X150.119 Y121.316 E.0439
G1 X132.184 Y103.381 E1.33307
G1 X132.282 Y102.584 E.0422
G1 X150.916 Y121.218 E1.38502
G1 X151.675 Y121.083 E.04052
G1 X132.416 Y101.824 E1.43148
G1 X132.579 Y101.094 E.03931
G1 X152.408 Y120.923 E1.47384
G1 X153.113 Y120.734 E.03836
G1 X132.77 Y100.39 E1.51208
G1 X132.985 Y99.712 E.03738
M73 P86 R1
G1 X153.79 Y120.516 E1.54635
G1 X154.443 Y120.276 E.03656
G1 X133.223 Y99.056 E1.57723
G1 X133.482 Y98.421 E.03604
G1 X155.076 Y120.015 E1.60503
G1 X155.69 Y119.735 E.03547
G1 X133.766 Y97.811 E1.62956
G1 X134.068 Y97.219 E.03493
G1 X156.279 Y119.43 E1.65089
G1 X156.852 Y119.11 E.03449
G1 X134.393 Y96.651 E1.66932
G1 X134.736 Y96.099 E.03416
G1 X157.402 Y118.766 E1.68475
G1 X157.935 Y118.404 E.03386
G1 X135.094 Y95.564 E1.69768
G1 X135.471 Y95.046 E.03367
G1 X158.451 Y118.027 E1.70809
G1 X158.952 Y117.634 E.03347
G1 X135.869 Y94.551 E1.71571
G1 X136.281 Y94.069 E.03333
G1 X159.43 Y117.218 E1.72061
G1 X159.895 Y116.789 E.03325
G1 X136.714 Y93.608 E1.72299
G1 X137.161 Y93.161 E.03322
M73 P87 R1
G1 X160.338 Y116.338 E1.72269
G1 X160.767 Y115.873 E.03325
G1 X137.624 Y92.73 E1.72016
G1 X138.109 Y92.321 E.03334
G1 X161.182 Y115.394 E1.71496
G1 X161.574 Y114.892 E.03348
G1 X138.607 Y91.926 E1.70705
G1 X139.128 Y91.552 E.03371
G1 X161.95 Y114.375 E1.69634
G1 X162.306 Y113.837 E.03391
G1 X139.663 Y91.193 E1.68304
G1 X140.214 Y90.851 E.03408
G1 X162.646 Y113.282 E1.66728
G1 X162.968 Y112.711 E.03445
G1 X140.789 Y90.532 E1.64851
G1 X141.381 Y90.23 E.03493
G1 X163.27 Y112.119 E1.62696
G1 X163.548 Y111.503 E.03552
G1 X141.997 Y89.952 E1.60184
G1 X142.633 Y89.694 E.03607
G1 X163.809 Y110.87 E1.57396
G1 X164.042 Y110.21 E.03679
G1 X143.29 Y89.457 E1.54248
G1 X143.969 Y89.243 E.03742
G1 X164.254 Y109.527 E1.5077
G1 X164.441 Y108.82 E.03844
M73 P88 R1
G1 X144.68 Y89.059 E1.46879
G1 X145.414 Y88.9 E.03947
G1 X164.6 Y108.086 E1.42605
G1 X164.73 Y107.321 E.04078
G1 X146.179 Y88.77 E1.37885
G1 X146.977 Y88.675 E.04224
G1 X164.825 Y106.523 E1.3266
G1 X164.883 Y105.687 E.04404
G1 X147.814 Y88.618 E1.2687
G1 X148.702 Y88.612 E.04667
G1 X164.891 Y104.801 E1.20329
G1 X164.857 Y103.873 E.04881
G1 X149.637 Y88.653 E1.13127
G1 X150.624 Y88.746 E.0521
G1 X164.759 Y102.882 E1.05066
G1 E-3 F7200
G1 Z4.8 F3000
G1 X152.613 Y88.886 F12000
G1 Z4.6 F3000
G1 E3 F7200
;WIDTH:0.55292
G1 F5882.353
G1 X151.743 Y88.683 E.03788
;WIDTH:0.674999
G1 F4746.242
G1 X151.69 Y88.918 E.01266
G1 X164.579 Y101.808 E.95805
G1 X164.627 Y101.663 E.00803
;WIDTH:0.634306
G1 F5072.829
G1 X164.675 Y101.519 E.00746
;WIDTH:0.593613
G1 F5447.682
G1 X164.724 Y101.374 E.00701
;WIDTH:0.55292
G1 F5882.353
G1 X164.609 Y100.882 E.02143
;WIDTH:0.674999
G1 F4746.242
G1 X164.3 Y100.635 E.02079
G1 X152.861 Y89.196 E.85023
G1 X153.72 Y89.283 E.04538
;WIDTH:0.55292
G1 F5882.353
G1 X153.675 Y89.328 E.0027
G1 X153.691 Y89.389 E.00267
G1 X153.753 Y89.406 E.00273
G1 X153.798 Y89.361 E.0027
G1 X153.781 Y89.299 E.00273
;WIDTH:0.593613
G1 F5447.682
G1 X153.915 Y89.407 E.00788
;WIDTH:0.634306
G1 F5072.829
G1 X154.049 Y89.516 E.00849
;WIDTH:0.674999
G1 F4746.242
G1 X154.183 Y89.624 E.00905
G1 X163.881 Y99.321 E.72079
G1 X163.968 Y99.45 E.00818
;WIDTH:0.634306
G1 F5072.829
G1 X164.056 Y99.578 E.00764
;WIDTH:0.593613
G1 F5447.682
G1 X164.143 Y99.707 E.00712
;WIDTH:0.55292
G1 F5882.353
G1 X164.098 Y99.752 E.0027
G1 X164.115 Y99.813 E.00269
G1 X164.176 Y99.83 E.00269
G1 X164.222 Y99.785 E.00273
G1 X164.205 Y99.723 E.00273
G1 E-3 F7200
G1 Z4.8 F3000
G1 X163.555 Y98.148 F12000
G1 Z4.6 F3000
G1 E3 F7200
G1 F5882.353
G1 X163.572 Y98.21 E.00273
G1 X163.527 Y98.255 E.0027
G1 X163.465 Y98.238 E.00273
G1 X163.449 Y98.177 E.00267
G1 X163.494 Y98.131 E.00273
;WIDTH:0.593613
G1 F5447.682
G1 X163.396 Y98.003 E.00738
;WIDTH:0.634306
G1 F5072.829
G1 X163.298 Y97.875 E.00793
;WIDTH:0.674999
G1 F4746.242
G1 X163.199 Y97.746 E.00855
G1 X155.62 Y90.18 E.56285
;WIDTH:0.634306
G1 F5072.829
G1 X155.486 Y90.058 E.00891
;WIDTH:0.593613
G1 F5447.682
G1 X155.352 Y89.937 E.00827
;WIDTH:0.55292
G1 F5882.353
G1 X155.369 Y89.999 E.00273
G1 X155.323 Y90.044 E.00273
G1 X155.262 Y90.027 E.00269
G1 X155.245 Y89.966 E.00269
G1 X155.29 Y89.921 E.0027
G1 E-3 F7200
G1 Z4.8 F3000
G1 X157.515 Y91.243 F12000
G1 Z4.6 F3000
G1 E3 F7200
;WIDTH:0.569614
G1 F5695.907
G1 X157.814 Y91.285 E.01322
;WIDTH:0.55292
G1 F5882.353
G1 X158.978 Y92.29 E.06521
;WIDTH:0.58516
G1 F5532.605
G1 X159.608 Y92.878 E.03885
;WIDTH:0.60044
G1 F5380.973
G1 X160.612 Y93.881 E.06579
;WIDTH:0.586224
G1 F5521.77
G1 X161.211 Y94.523 E.03967
;WIDTH:0.55292
G1 F5882.353
G1 X162.201 Y95.668 E.06419
G1 X162.265 Y95.918 E.01094
M73 P89 R1
;WIDTH:0.569626
G1 F5695.777
G1 X162.257 Y95.985 E.00296
;WIDTH:0.604751
G1 F5339.691
G1 X162.133 Y95.836 E.00906
;WIDTH:0.639875
G1 F5025.507
G1 X162.009 Y95.687 E.00962
;WIDTH:0.674999
G1 F4746.242
G1 X161.885 Y95.538 E.01019
G1 X157.962 Y91.615 E.29159
;LAYER_CHANGE
;Z:4.8
;HEIGHT:0.2

G1 E-3 F7200
G1 Z4.8 F3000
;AFTER_LAYER_CHANGE
;4.8
G92 E0
_ON_LAYER_CHANGE LAYER=24
G1 Z5
G1 X148.669 Y85.339 F12000
G1 Z4.8 F3000
G1 E3 F7200
;TYPE:External perimeter
G1 F4746.242
G1 X149.357 Y85.356 E.03617
G1 X150.385 Y85.428 E.05416
G1 X151.407 Y85.554 E.05412
G1 X152.42 Y85.732 E.05406
G1 X153.405 Y85.959 E.05313
G1 X154.083 Y86.147 E.03698
G1 X155.064 Y86.465 E.0542
G1 X156.026 Y86.835 E.05417
G1 X156.653 Y87.107 E.03592
G1 X157.579 Y87.559 E.05416
G1 X158.48 Y88.058 E.05413
G1 X159.353 Y88.604 E.05412
G1 X160.196 Y89.194 E.05408
G1 X161.007 Y89.828 E.0541
G1 X161.784 Y90.504 E.05413
G1 X162.524 Y91.219 E.05408
G1 X163.226 Y91.972 E.05411
G1 X163.888 Y92.76 E.05409
G1 X164.508 Y93.582 E.05411
G1 X165.073 Y94.419 E.05308
G1 X165.441 Y95.02 E.03704
G1 X165.941 Y95.921 E.05416
G1 X166.392 Y96.846 E.05409
G1 X166.795 Y97.795 E.05419
G1 X167.034 Y98.435 E.03591
G1 X167.353 Y99.416 E.05422
G1 X167.619 Y100.41 E.05408
G1 X167.833 Y101.417 E.05411
G1 X167.994 Y102.434 E.05412
G1 X168.066 Y103.119 E.0362
G1 X168.123 Y103.8 E.03592
G1 X168.15 Y104.483 E.03592
G1 X168.162 Y105.173 E.03627
G1 X168.144 Y105.856 E.03591
G1 X168.072 Y106.885 E.05421
G1 X167.946 Y107.907 E.05412
G1 X167.768 Y108.92 E.05406
G1 X167.536 Y109.923 E.05411
G1 X167.252 Y110.913 E.05413
G1 X166.917 Y111.888 E.05418
G1 X166.666 Y112.523 E.03589
G1 X166.247 Y113.465 E.05419
G1 X165.78 Y114.382 E.05409
G1 X165.265 Y115.274 E.05413
G1 X164.704 Y116.137 E.0541
G1 X164.098 Y116.971 E.05418
G1 X163.673 Y117.506 E.03591
G1 X162.996 Y118.284 E.0542
G1 X162.28 Y119.025 E.05416
G1 X161.785 Y119.496 E.03591
G1 X161.007 Y120.172 E.05417
G1 X160.195 Y120.806 E.05414
G1 X159.352 Y121.396 E.05408
G1 X158.479 Y121.942 E.05412
G1 X157.578 Y122.442 E.05416
G1 X156.966 Y122.747 E.03594
G1 X156.024 Y123.166 E.05419
G1 X155.063 Y123.535 E.0541
G1 X154.084 Y123.853 E.0541
G1 X153.109 Y124.115 E.05306
G1 X152.421 Y124.267 E.03703
G1 X151.406 Y124.446 E.05417
G1 X150.384 Y124.572 E.05412
G1 X149.357 Y124.644 E.05411
G1 X148.327 Y124.662 E.05414
G1 X147.644 Y124.644 E.03591
G1 X146.615 Y124.572 E.05421
G1 X145.593 Y124.446 E.05412
G1 X144.578 Y124.267 E.05417
G1 X143.911 Y124.119 E.03591
G1 X142.915 Y123.853 E.05418
G1 X141.936 Y123.534 E.05412
G1 X140.974 Y123.165 E.05415
G1 X140.347 Y122.893 E.03592
G1 X139.421 Y122.441 E.05416
G1 X138.52 Y121.942 E.05413
G1 X137.647 Y121.396 E.05412
G1 X136.804 Y120.806 E.05408
G1 X135.993 Y120.172 E.0541
G1 X135.216 Y119.496 E.05413
G1 X134.476 Y118.781 E.05408
G1 X133.774 Y118.028 E.05411
G1 X133.111 Y117.239 E.05416
G1 X132.695 Y116.697 E.03591
G1 X132.104 Y115.852 E.0542
G1 X131.558 Y114.979 E.05412
G1 X131.059 Y114.079 E.05409
G1 X130.608 Y113.154 E.05409
G1 X130.213 Y112.224 E.0531
G1 X129.966 Y111.564 E.03704
G1 X129.647 Y110.584 E.05417
G1 X129.381 Y109.59 E.05408
G1 X129.167 Y108.583 E.05411
G1 X129.006 Y107.566 E.05412
G1 X128.9 Y106.562 E.05306
G1 X128.856 Y105.859 E.03702
G1 X128.838 Y104.827 E.05425
G1 X128.856 Y104.144 E.03591
G1 X128.928 Y103.115 E.05421
G1 X129.054 Y102.093 E.05412
G1 X129.232 Y101.08 E.05406
G1 X129.459 Y100.095 E.05313
G1 X129.647 Y99.417 E.03698
G1 X129.966 Y98.436 E.05422
G1 X130.334 Y97.475 E.05408
G1 X130.753 Y96.535 E.05409
G1 X131.211 Y95.635 E.05307
G1 X131.558 Y95.022 E.03702
G1 X132.104 Y94.147 E.05421
G1 X132.694 Y93.304 E.05408
G1 X133.328 Y92.493 E.0541
G1 X134.004 Y91.716 E.05413
G1 X134.72 Y90.975 E.05416
G1 X135.215 Y90.504 E.03591
G1 X135.993 Y89.828 E.05417
G1 X136.805 Y89.194 E.05414
G1 X137.648 Y88.604 E.05408
G1 X138.521 Y88.058 E.05412
G1 X139.404 Y87.568 E.05308
G1 X140.034 Y87.253 E.03702
G1 X140.976 Y86.834 E.05419
G1 X141.937 Y86.465 E.0541
G1 X142.897 Y86.153 E.05305
G1 X143.576 Y85.964 E.03704
G1 X144.58 Y85.732 E.05416
G1 X145.594 Y85.554 E.05411
G1 X146.616 Y85.428 E.05412
G1 X147.643 Y85.356 E.05411
G1 X148.639 Y85.339 E.05235
G1 X149.239 Y85.353 F12000
G1 X148.656 Y86.133
;TYPE:Perimeter
T1
;WIDTH:0.999999
G1 F3134.537
G1 X149.319 Y86.15 E.05278
G1 X150.309 Y86.219 E.07898
G1 X151.289 Y86.34 E.07858
G1 X152.262 Y86.511 E.07862
G1 X153.209 Y86.73 E.07735
G1 X153.855 Y86.908 E.05333
G1 X154.798 Y87.215 E.07892
G1 X155.725 Y87.571 E.07903
G1 X156.32 Y87.829 E.05161
G1 X157.212 Y88.264 E.07898
G1 X158.076 Y88.743 E.07862
G1 X158.914 Y89.267 E.07865
G1 X159.723 Y89.833 E.07857
G1 X160.501 Y90.442 E.07863
G1 X161.247 Y91.09 E.07864
G1 X161.957 Y91.776 E.07857
G1 X162.631 Y92.498 E.0786
G1 X163.266 Y93.255 E.07863
G1 X163.861 Y94.044 E.07864
G1 X164.405 Y94.85 E.07739
G1 X164.755 Y95.42 E.05323
G1 X165.236 Y96.288 E.07897
G1 X165.669 Y97.176 E.07862
G1 X166.057 Y98.09 E.07902
G1 X166.284 Y98.697 E.05157
G1 X166.591 Y99.642 E.07907
G1 X166.846 Y100.596 E.07859
G1 X167.052 Y101.562 E.0786
G1 X167.206 Y102.538 E.07863
G1 X167.276 Y103.202 E.05313
G1 X167.33 Y103.849 E.05167
G1 X167.355 Y104.497 E.05161
G1 X167.367 Y105.17 E.05357
G1 X167.35 Y105.818 E.05159
G1 X167.281 Y106.809 E.07906
G1 X167.16 Y107.789 E.07858
G1 X166.989 Y108.762 E.07862
G1 X166.766 Y109.724 E.07859
G1 X166.494 Y110.674 E.07864
G1 X166.171 Y111.612 E.07895
G1 X165.933 Y112.216 E.05166
G1 X165.529 Y113.123 E.07902
G1 X165.081 Y114.003 E.07858
G1 X164.587 Y114.858 E.07858
G1 X164.049 Y115.687 E.07865
G1 X163.466 Y116.49 E.07897
G1 X163.062 Y116.998 E.05165
G1 X162.41 Y117.747 E.07903
G1 X161.721 Y118.461 E.07896
G1 X161.25 Y118.908 E.05168
G1 X160.501 Y119.559 E.07897
G1 X159.723 Y120.167 E.07858
G1 X158.913 Y120.734 E.07868
G1 X158.076 Y121.257 E.07854
G1 X157.208 Y121.738 E.07897
G1 X156.627 Y122.028 E.05168
G1 X155.72 Y122.431 E.07898
G1 X154.798 Y122.785 E.0786
G1 X153.858 Y123.091 E.07867
G1 X152.919 Y123.343 E.07737
G1 X152.266 Y123.488 E.05323
G1 X151.289 Y123.66 E.07895
G1 X150.308 Y123.781 E.07866
G1 X149.323 Y123.85 E.07858
G1 X148.33 Y123.867 E.07904
G1 X147.682 Y123.85 E.05159
G1 X146.691 Y123.781 E.07906
G1 X145.711 Y123.66 E.07858
G1 X144.733 Y123.488 E.07903
G1 X144.1 Y123.347 E.05161
G1 X143.141 Y123.09 E.07901
G1 X142.202 Y122.785 E.07857
G1 X141.275 Y122.429 E.07903
G1 X140.68 Y122.171 E.05161
G1 X139.788 Y121.736 E.07898
G1 X138.924 Y121.257 E.07862
G1 X138.086 Y120.733 E.07865
G1 X137.277 Y120.167 E.07857
G1 X136.499 Y119.558 E.07863
G1 X135.753 Y118.91 E.07864
G1 X135.043 Y118.224 E.07857
G1 X134.369 Y117.502 E.0786
G1 X133.731 Y116.741 E.07903
G1 X133.336 Y116.227 E.05159
G1 X132.766 Y115.413 E.07908
G1 X132.243 Y114.576 E.07854
G1 X131.764 Y113.712 E.07862
G1 X131.331 Y112.824 E.07862
G1 X130.951 Y111.929 E.07738
G1 X130.716 Y111.302 E.05329
G1 X130.409 Y110.358 E.079
G1 X130.154 Y109.404 E.07859
G1 X129.948 Y108.438 E.0786
G1 X129.794 Y107.462 E.07863
G1 X129.692 Y106.495 E.07738
G1 X129.651 Y105.827 E.05326
G1 X129.633 Y104.83 E.07936
G1 X129.65 Y104.182 E.05159
G1 X129.719 Y103.191 E.07906
G1 X129.84 Y102.211 E.07858
G1 X130.011 Y101.238 E.07862
G1 X130.23 Y100.291 E.07735
G1 X130.408 Y99.645 E.05333
G1 X130.715 Y98.702 E.07892
G1 X131.069 Y97.779 E.07867
G1 X131.471 Y96.877 E.07859
G1 X131.912 Y96.01 E.07741
G1 X132.241 Y95.428 E.0532
G1 X132.767 Y94.586 E.07901
G1 X133.333 Y93.777 E.07857
G1 X133.942 Y92.999 E.07863
G1 X134.59 Y92.253 E.07864
G1 X135.279 Y91.539 E.07896
G1 X135.75 Y91.092 E.05168
G1 X136.499 Y90.441 E.07897
G1 X137.277 Y89.833 E.07858
G1 X138.087 Y89.266 E.07868
G1 X138.924 Y88.743 E.07854
G1 X139.775 Y88.271 E.07744
G1 X140.374 Y87.972 E.05328
G1 X141.28 Y87.569 E.07891
G1 X142.202 Y87.215 E.0786
G1 X143.127 Y86.914 E.07741
G1 X143.772 Y86.734 E.05329
G1 X144.739 Y86.511 E.07898
G1 X145.711 Y86.34 E.07854
G1 X146.692 Y86.219 E.07866
G1 X147.678 Y86.15 E.07866
G1 X148.626 Y86.134 E.07545
G1 X148.64 Y87.09 F12000
G1 F3134.537
G1 X148.646 Y87.09 E.00048
G1 X149.273 Y87.106 E.04991
G1 X150.217 Y87.172 E.07531
G1 X151.148 Y87.287 E.07465
G1 X152.071 Y87.45 E.07459
G1 X152.974 Y87.658 E.07374
G1 X153.579 Y87.825 E.04995
G1 X154.479 Y88.117 E.0753
G1 X155.363 Y88.457 E.07537
G1 X155.919 Y88.699 E.04826
G1 X156.77 Y89.114 E.07535
G1 X157.59 Y89.568 E.07459
G1 X158.386 Y90.065 E.07468
G1 X159.154 Y90.603 E.07462
G1 X159.892 Y91.18 E.07455
G1 X160.6 Y91.795 E.07463
G1 X161.275 Y92.447 E.07468
G1 X161.914 Y93.133 E.07461
G1 X162.517 Y93.851 E.07462
G1 X163.081 Y94.6 E.07462
G1 X163.6 Y95.368 E.07377
G1 X163.928 Y95.903 E.04994
G1 X164.387 Y96.73 E.07527
G1 X164.798 Y97.573 E.07464
G1 X165.168 Y98.444 E.07531
G1 X165.38 Y99.013 E.04832
G1 X165.673 Y99.913 E.07532
G1 X165.915 Y100.819 E.07463
G1 X166.11 Y101.736 E.07461
G1 X166.257 Y102.662 E.07462
G1 X166.324 Y103.302 E.05121
G1 X166.374 Y103.907 E.04831
G1 X166.398 Y104.513 E.04826
G1 X166.41 Y105.166 E.05198
G1 X166.394 Y105.772 E.04824
G1 X166.328 Y106.717 E.07539
G1 X166.213 Y107.647 E.07457
G1 X166.051 Y108.571 E.07465
G1 X165.84 Y109.485 E.07465
G1 X165.581 Y110.386 E.07461
G1 X165.273 Y111.281 E.07532
G1 X165.05 Y111.846 E.04834
G1 X164.665 Y112.711 E.07535
G1 X164.24 Y113.546 E.07456
G1 X163.771 Y114.358 E.07462
G1 X163.26 Y115.145 E.07467
G1 X162.704 Y115.911 E.07533
G1 X162.326 Y116.386 E.04831
G1 X161.705 Y117.1 E.07531
G1 X161.047 Y117.781 E.07536
G1 X160.607 Y118.199 E.0483
G1 X159.892 Y118.82 E.07537
G1 X159.153 Y119.397 E.07461
G1 X158.385 Y119.935 E.07462
G1 X157.59 Y120.432 E.07461
G1 X156.762 Y120.891 E.07534
G1 X156.219 Y121.162 E.0483
G1 X155.354 Y121.547 E.07535
G1 X154.478 Y121.883 E.07467
G1 X153.586 Y122.173 E.07464
G1 X152.691 Y122.413 E.07374
G1 X152.079 Y122.549 E.04989
G1 X151.147 Y122.713 E.07531
G1 X150.216 Y122.828 E.07465
G1 X149.281 Y122.893 E.07459
G1 X148.334 Y122.91 E.07538
G1 X147.728 Y122.894 E.04824
G1 X146.783 Y122.828 E.07539
G1 X145.852 Y122.713 E.07465
G1 X144.92 Y122.549 E.07531
G1 X144.328 Y122.418 E.04825
G1 X143.413 Y122.173 E.07538
G1 X142.521 Y121.883 E.07464
G1 X141.637 Y121.543 E.07537
G1 X141.081 Y121.301 E.04826
G1 X140.23 Y120.886 E.07535
G1 X139.41 Y120.432 E.07459
G1 X138.614 Y119.935 E.07468
G1 X137.846 Y119.397 E.07462
G1 X137.108 Y118.82 E.07455
G1 X136.4 Y118.205 E.07463
G1 X135.725 Y117.553 E.07468
G1 X135.086 Y116.867 E.07461
G1 X134.477 Y116.142 E.07535
G1 X134.108 Y115.661 E.04825
G1 X133.565 Y114.885 E.07537
G1 X133.068 Y114.09 E.07461
G1 X132.613 Y113.27 E.07463
G1 X132.202 Y112.427 E.07464
G1 X131.84 Y111.574 E.07374
G1 X131.62 Y110.986 E.04996
G1 X131.327 Y110.087 E.07525
G1 X131.085 Y109.181 E.07463
G1 X130.89 Y108.264 E.07461
G1 X130.743 Y107.337 E.07469
M73 P90 R1
G1 X130.646 Y106.416 E.0737
G1 X130.607 Y105.789 E.04999
G1 X130.59 Y104.834 E.07601
G1 X130.606 Y104.228 E.04824
G1 X130.672 Y103.283 E.07539
G1 X130.787 Y102.352 E.07465
G1 X130.95 Y101.429 E.07459
G1 X131.158 Y100.526 E.07374
G1 X131.325 Y99.921 E.04995
G1 X131.617 Y99.021 E.0753
G1 X131.953 Y98.146 E.07459
G1 X132.335 Y97.289 E.07467
G1 X132.755 Y96.463 E.07374
G1 X133.064 Y95.917 E.04993
G1 X133.565 Y95.114 E.07532
G1 X134.103 Y94.346 E.07462
G1 X134.68 Y93.608 E.07455
G1 X135.295 Y92.9 E.07463
G1 X135.953 Y92.219 E.07536
G1 X136.393 Y91.801 E.0483
G1 X137.108 Y91.18 E.07537
G1 X137.847 Y90.603 E.07461
G1 X138.615 Y90.065 E.07462
G1 X139.41 Y89.568 E.07461
G1 X140.221 Y89.118 E.07381
G1 X140.782 Y88.838 E.0499
G1 X141.646 Y88.453 E.07528
G1 X142.522 Y88.117 E.07467
G1 X143.403 Y87.83 E.07374
G1 X144.008 Y87.662 E.04997
G1 X144.93 Y87.449 E.07531
G1 X145.853 Y87.287 E.07458
G1 X146.784 Y87.172 E.07465
G1 X147.719 Y87.107 E.07459
G1 X148.61 Y87.091 E.07092
G1 X148.625 Y88.048 F12000
G1 F3134.537
G1 X148.642 Y88.048 E.00135
G1 X149.228 Y88.063 E.04665
G1 X150.125 Y88.125 E.07155
G1 X151.006 Y88.234 E.07065
G1 X151.881 Y88.388 E.0707
G1 X152.739 Y88.586 E.07008
G1 X153.304 Y88.742 E.04665
G1 X154.159 Y89.02 E.07155
G1 X155 Y89.343 E.07169
G1 X155.518 Y89.568 E.04494
G1 X156.328 Y89.963 E.07172
G1 X157.104 Y90.393 E.0706
G1 X157.857 Y90.864 E.07068
G1 X158.584 Y91.373 E.07063
G1 X159.283 Y91.919 E.07059
G1 X159.953 Y92.501 E.07063
G1 X160.592 Y93.118 E.07069
G1 X161.197 Y93.767 E.07061
G1 X161.768 Y94.447 E.07066
G1 X162.302 Y95.156 E.07064
G1 X162.795 Y95.886 E.0701
G1 X163.101 Y96.385 E.04658
G1 X163.537 Y97.172 E.0716
G1 X163.926 Y97.97 E.07065
G1 X164.278 Y98.799 E.07167
G1 X164.476 Y99.329 E.04503
G1 X164.755 Y100.185 E.07165
G1 X164.984 Y101.043 E.07067
G1 X165.169 Y101.911 E.07063
G1 X165.308 Y102.787 E.07059
G1 X165.372 Y103.402 E.04921
G1 X165.441 Y104.53 E.08994
G1 X165.452 Y105.161 E.05022
G1 X165.438 Y105.726 E.04498
G1 X165.375 Y106.625 E.07172
G1 X165.266 Y107.506 E.07065
G1 X165.112 Y108.38 E.07063
G1 X164.913 Y109.245 E.07064
G1 X164.668 Y110.098 E.07063
G1 X164.375 Y110.95 E.0717
G1 X164.168 Y111.476 E.04498
G1 X163.801 Y112.299 E.07171
G1 X163.398 Y113.089 E.07058
G1 X162.954 Y113.858 E.07067
G1 X162.471 Y114.602 E.07059
G1 X161.942 Y115.331 E.07168
G1 X161.59 Y115.773 E.04497
G1 X160.999 Y116.453 E.0717
G1 X160.373 Y117.101 E.0717
G1 X159.963 Y117.49 E.04498
G1 X159.283 Y118.081 E.0717
G1 X158.584 Y118.628 E.07064
G1 X157.857 Y119.137 E.07063
G1 X157.104 Y119.607 E.07064
G1 X156.316 Y120.044 E.07171
G1 X155.81 Y120.296 E.04499
G1 X154.987 Y120.662 E.07168
G1 X154.159 Y120.98 E.07059
G1 X153.314 Y121.255 E.07072
G1 X152.463 Y121.483 E.07011
G1 X151.892 Y121.61 E.04655
G1 X151.006 Y121.767 E.07161
G1 X150.125 Y121.875 E.07064
G1 X149.239 Y121.937 E.07068
G1 X148.339 Y121.952 E.07163
G1 X147.774 Y121.937 E.04498
G1 X146.875 Y121.875 E.07171
G1 X145.994 Y121.766 E.07065
G1 X145.107 Y121.61 E.07167
G1 X144.555 Y121.488 E.04499
G1 X143.685 Y121.255 E.07168
G1 X142.841 Y120.98 E.07064
G1 X142 Y120.657 E.07169
G1 X141.482 Y120.432 E.04494
G1 X140.672 Y120.037 E.07172
G1 X139.896 Y119.607 E.0706
G1 X139.143 Y119.136 E.07068
G1 X138.416 Y118.627 E.07063
G1 X137.717 Y118.081 E.07059
G1 X137.047 Y117.499 E.07063
G1 X136.408 Y116.882 E.07069
G1 X135.803 Y116.233 E.07061
G1 X135.224 Y115.543 E.07168
G1 X134.88 Y115.095 E.04495
G1 X134.363 Y114.357 E.07171
G1 X133.893 Y113.604 E.07064
G1 X133.463 Y112.828 E.0706
G1 X133.073 Y112.029 E.07076
G1 X132.729 Y111.219 E.07003
G1 X132.523 Y110.67 E.04666
G1 X132.245 Y109.815 E.07155
G1 X132.016 Y108.957 E.07067
G1 X131.831 Y108.089 E.07063
G1 X131.692 Y107.212 E.07066
G1 X131.6 Y106.336 E.0701
G1 X131.564 Y105.751 E.04664
G1 X131.548 Y104.839 E.07259
G1 X131.563 Y104.274 E.04498
G1 X131.625 Y103.375 E.07171
G1 X131.734 Y102.494 E.07065
G1 X131.888 Y101.619 E.0707
G1 X132.086 Y100.761 E.07008
G1 X132.242 Y100.197 E.04657
G1 X132.52 Y99.341 E.07162
G1 X132.838 Y98.512 E.07066
G1 X133.199 Y97.701 E.07065
G1 X133.599 Y96.916 E.07011
G1 X133.887 Y96.406 E.04661
G1 X134.364 Y95.643 E.07161
G1 X134.873 Y94.916 E.07063
G1 X135.419 Y94.217 E.07059
G1 X136.001 Y93.547 E.07063
G1 X136.627 Y92.899 E.0717
G1 X137.037 Y92.51 E.04498
G1 X137.717 Y91.919 E.0717
G1 X138.416 Y91.372 E.07064
G1 X139.143 Y90.863 E.07063
G1 X139.897 Y90.393 E.07071
G1 X140.667 Y89.965 E.07011
G1 X141.191 Y89.704 E.04659
G1 X142.013 Y89.338 E.07161
G1 X142.842 Y89.019 E.07069
G1 X143.68 Y88.747 E.07011
G1 X144.244 Y88.59 E.04659
G1 X145.12 Y88.388 E.07154
G1 X145.994 Y88.233 E.07064
G1 X146.875 Y88.125 E.07064
G1 X147.761 Y88.063 E.07068
G1 X148.595 Y88.049 E.06638
G1 E-3 F7200
G1 Z5 F3000
G1 X137.299 Y92.799 F12000
G1 Z4.8 F3000
G1 E3 F7200
;TYPE:Solid infill
T0
;WIDTH:0.55292
G1 F5882.353
G1 X136.289 Y93.81 E.0606
G1 X137.073 Y93.019 E.04723
G1 E-3 F7200
G1 Z5 F3000
G1 X139.898 Y90.995 F12000
G1 Z4.8 F3000
G1 E3 F7200
G1 F5882.353
M73 P90 R0
G1 X139.853 Y90.949 E.00273
G1 X139.791 Y90.966 E.00273
G1 X139.774 Y91.028 E.00273
G1 X139.82 Y91.073 E.00273
G1 X139.881 Y91.056 E.00269
;WIDTH:0.593613
G1 F5447.682
G1 X139.717 Y91.16 E.00889
;WIDTH:0.634306
G1 F5072.829
G1 X139.553 Y91.265 E.00958
;WIDTH:0.674999
G1 F4746.242
G1 X139.389 Y91.369 E.01021
G1 X134.869 Y95.889 E.33596
G1 X134.765 Y96.053 E.01021
;WIDTH:0.634306
G1 F5072.829
G1 X134.66 Y96.217 E.00958
;WIDTH:0.593613
G1 F5447.682
G1 X134.556 Y96.381 E.00889
;WIDTH:0.55292
G1 F5882.353
G1 X134.495 Y96.398 E.00269
G1 X134.449 Y96.353 E.00273
G1 X134.466 Y96.291 E.00273
G1 X134.528 Y96.275 E.00272
G1 X134.573 Y96.32 E.0027
G1 E-3 F7200
G1 Z5 F3000
G1 X133.446 Y98.391 F12000
G1 Z4.8 F3000
G1 E3 F7200
G1 F5882.353
G1 X133.401 Y98.346 E.0027
G1 X133.339 Y98.363 E.00273
G1 X133.322 Y98.424 E.00269
G1 X133.368 Y98.469 E.00273
G1 X133.429 Y98.453 E.00267
;WIDTH:0.593613
G1 F5447.682
G1 X133.516 Y98.289 E.0085
;WIDTH:0.634306
G1 F5072.829
G1 X133.604 Y98.125 E.00915
;WIDTH:0.674999
G1 F4746.242
G1 X133.691 Y97.961 E.00976
G1 X141.461 Y90.191 E.57753
G1 E-3 F7200
G1 Z5 F3000
G1 X143.494 Y89.266 F12000
G1 Z4.8 F3000
G1 E3 F7200
;WIDTH:0.55292
G1 F5882.353
G1 X143.449 Y89.221 E.0027
G1 X143.387 Y89.237 E.00272
G1 X143.37 Y89.299 E.00273
G1 X143.416 Y89.344 E.00273
G1 X143.477 Y89.327 E.00269
;WIDTH:0.593613
G1 F5447.682
G1 X143.314 Y89.404 E.00825
;WIDTH:0.634306
G1 F5072.829
G1 X143.151 Y89.481 E.00886
;WIDTH:0.674999
G1 F4746.242
G1 X142.988 Y89.558 E.00947
G1 X133.058 Y99.488 E.73807
G1 X132.987 Y99.631 E.00839
;WIDTH:0.634306
G1 F5072.829
G1 X132.916 Y99.775 E.00789
;WIDTH:0.593613
G1 F5447.682
G1 X132.845 Y99.918 E.00731
;WIDTH:0.55292
G1 F5882.353
G1 X132.799 Y99.873 E.00273
G1 X132.738 Y99.89 E.00269
G1 X132.721 Y99.951 E.00269
G1 X132.766 Y99.996 E.0027
G1 X132.828 Y99.98 E.00272
G1 E-3 F7200
G1 Z5 F3000
G1 X132.171 Y101.823 F12000
G1 Z4.8 F3000
G1 E3 F7200
G1 F5882.353
G1 X132.347 Y101.033 E.03432
;WIDTH:0.593613
G1 F5447.682
G1 X132.45 Y100.95 E.00606
;WIDTH:0.634306
G1 F5072.829
G1 X132.553 Y100.867 E.0065
;WIDTH:0.674999
G1 F4746.242
G1 X132.655 Y100.785 E.00688
G1 X144.285 Y89.155 E.86443
G1 X144.533 Y88.847 E.02078
;WIDTH:0.55292
G1 F5882.353
G1 X145.322 Y88.671 E.03428
;WIDTH:0.593613
G1 F5447.682
G1 X145.361 Y88.746 E.00387
;WIDTH:0.634306
G1 F5072.829
G1 X145.399 Y88.821 E.00413
;WIDTH:0.674999
G1 F4746.242
G1 X145.438 Y88.895 E.0044
G1 X132.395 Y101.938 E.96946
G1 X132.231 Y102.996 E.05627
G1 X146.496 Y88.731 E1.06028
M73 P91 R0
G1 X147.482 Y88.64 E.05204
G1 X132.14 Y103.982 E1.14033
G1 X132.104 Y104.911 E.04886
G1 X148.402 Y88.614 E1.21135
G1 X149.278 Y88.631 E.04605
G1 X132.122 Y105.787 E1.27517
G1 X132.188 Y106.616 E.04371
G1 X150.119 Y88.684 E1.33281
G1 X150.915 Y88.782 E.04215
G1 X132.286 Y107.411 E1.38465
G1 X132.417 Y108.174 E.04069
G1 X151.676 Y88.915 E1.43148
G1 X152.406 Y89.079 E.03932
G1 X132.577 Y108.908 E1.47384
G1 X132.766 Y109.613 E.03836
G1 X153.114 Y89.265 E1.51242
G1 X153.789 Y89.483 E.03728
G1 X132.983 Y110.289 E1.54646
G1 X133.22 Y110.947 E.03676
G1 X154.443 Y89.724 E1.57746
G1 X155.078 Y89.982 E.03602
G1 X133.484 Y111.576 E1.60503
G1 X133.768 Y112.187 E.03541
G1 X155.687 Y90.268 E1.62919
G1 X156.278 Y90.57 E.03488
G1 X134.07 Y112.778 E1.65067
G1 X134.39 Y113.352 E.03454
G1 X156.852 Y90.89 E1.66955
M73 P92 R0
G1 X157.402 Y91.234 E.0341
G1 X134.734 Y113.902 E1.68486
G1 X135.096 Y114.434 E.03382
G1 X157.934 Y91.596 E1.69749
G1 X158.451 Y91.973 E.03363
G1 X135.471 Y114.953 E1.70805
G1 X135.869 Y115.448 E.03338
G1 X158.952 Y92.366 E1.71567
G1 X159.43 Y92.782 E.0333
G1 X136.281 Y115.931 E1.72061
G1 X136.712 Y116.394 E.03325
G1 X159.892 Y93.214 E1.72291
G1 X160.339 Y93.661 E.03322
G1 X137.162 Y116.838 E1.72269
G1 X137.626 Y117.267 E.03321
G1 X160.77 Y94.123 E1.72024
G1 X161.178 Y94.609 E.03335
G1 X138.106 Y117.681 E1.71489
G1 X138.608 Y118.073 E.03348
G1 X161.572 Y95.11 E1.70682
G1 X161.949 Y95.626 E.03359
G1 X139.127 Y118.448 E1.69631
G1 X139.663 Y118.806 E.03388
G1 X162.309 Y96.16 E1.68322
G1 X162.649 Y96.714 E.03416
M73 P93 R0
G1 X140.214 Y119.149 E1.66754
G1 X140.789 Y119.467 E.03453
G1 X162.967 Y97.289 E1.64844
G1 X163.267 Y97.884 E.03502
G1 X141.384 Y119.767 E1.62651
G1 X141.995 Y120.05 E.03539
G1 X163.547 Y98.497 E1.60195
G1 X163.809 Y99.129 E.03596
G1 X142.633 Y120.306 E1.574
G1 X143.29 Y120.542 E.03669
G1 X164.042 Y99.79 E1.54245
G1 X164.256 Y100.47 E.03747
G1 X143.97 Y120.756 E1.50781
G1 X144.675 Y120.945 E.03836
G1 X164.445 Y101.175 E1.46946
G1 X164.602 Y101.912 E.0396
G1 X145.414 Y121.1 E1.4262
G1 X146.178 Y121.23 E.04073
G1 X164.728 Y102.679 E1.37882
G1 X164.822 Y103.48 E.04239
G1 X146.977 Y121.325 E1.32638
G1 X147.813 Y121.383 E.04404
G1 X164.882 Y104.314 E1.2687
G1 X164.896 Y105.194 E.04626
G1 X148.699 Y121.391 E1.20388
G1 X149.631 Y121.353 E.04902
M73 P94 R0
G1 X164.853 Y106.131 E1.13142
G1 X164.754 Y107.123 E.0524
G1 X150.623 Y121.254 E1.05032
G1 E-3 F7200
G1 Z5 F3000
G1 X152.617 Y121.11 F12000
G1 Z4.8 F3000
G1 E3 F7200
;WIDTH:0.55292
G1 F5882.353
G1 X151.733 Y121.319 E.03852
;WIDTH:0.593613
G1 F5447.682
G1 X151.718 Y121.24 E.00368
;WIDTH:0.634306
G1 F5072.829
G1 X151.704 Y121.161 E.00395
;WIDTH:0.674999
G1 F4746.242
G1 X151.689 Y121.082 E.00423
G1 X164.582 Y108.189 E.95831
G1 X164.819 Y108.234 E.01268
;WIDTH:0.55292
G1 F5882.353
G1 X164.611 Y109.116 E.03843
;WIDTH:0.674999
G1 F4746.242
G1 X164.301 Y109.364 E.02087
G1 X152.865 Y120.8 E.85001
G1 X153.797 Y120.64 E.0497
;WIDTH:0.55292
G1 F5882.353
G1 X153.752 Y120.595 E.0027
G1 X153.691 Y120.612 E.00269
G1 X153.674 Y120.673 E.00269
G1 X153.719 Y120.718 E.0027
G1 X153.781 Y120.702 E.00272
;WIDTH:0.593613
G1 F5447.682
G1 X153.915 Y120.593 E.00791
;WIDTH:0.634306
G1 F5072.829
G1 X154.049 Y120.485 E.00846
;WIDTH:0.674999
G1 F4746.242
G1 X154.183 Y120.376 E.00908
G1 X163.881 Y110.678 E.72083
G1 X163.988 Y110.544 E.00901
;WIDTH:0.634306
G1 F5072.829
G1 X164.094 Y110.41 E.0084
;WIDTH:0.593613
G1 F5447.682
G1 X164.201 Y110.276 E.00785
;WIDTH:0.55292
G1 F5882.353
G1 X164.139 Y110.293 E.00273
G1 X164.094 Y110.248 E.0027
G1 X164.111 Y110.186 E.00273
G1 X164.172 Y110.17 E.00267
G1 X164.217 Y110.215 E.0027
G1 E-3 F7200
G1 Z5 F3000
G1 X163.578 Y111.787 F12000
G1 Z4.8 F3000
G1 E3 F7200
G1 F5882.353
G1 X163.533 Y111.742 E.0027
G1 X163.471 Y111.758 E.00272
G1 X163.455 Y111.82 E.00272
G1 X163.5 Y111.865 E.0027
G1 X163.562 Y111.849 E.00272
;WIDTH:0.593613
G1 F5447.682
G1 X163.442 Y111.983 E.00824
;WIDTH:0.634306
G1 F5072.829
G1 X163.322 Y112.117 E.00885
;WIDTH:0.674999
G1 F4746.242
G1 X155.745 Y119.708 E.5637
G1 X155.616 Y119.807 E.00855
;WIDTH:0.634306
G1 F5072.829
G1 X155.488 Y119.905 E.00793
;WIDTH:0.593613
G1 F5447.682
G1 X155.359 Y120.004 E.00745
;WIDTH:0.55292
G1 F5882.353
G1 X155.314 Y119.959 E.0027
G1 X155.253 Y119.975 E.00267
G1 X155.236 Y120.037 E.00273
G1 X155.281 Y120.082 E.0027
G1 X155.343 Y120.066 E.00272
G1 E-3 F7200
G1 Z5 F3000
G1 X161.891 Y114.455 F12000
G1 Z4.8 F3000
G1 E3 F7200
;WIDTH:0.674999
G1 F4746.242
G1 X157.961 Y118.386 E.29214
G1 X157.812 Y118.51 E.01019
;WIDTH:0.639852
G1 F5025.698
G1 X157.663 Y118.634 E.00962
;WIDTH:0.604705
G1 F5340.121
G1 X157.514 Y118.758 E.00906
;WIDTH:0.569558
G1 F5696.513
G1 X157.581 Y118.766 E.00295
;WIDTH:0.55292
G1 F5882.353
G1 X157.831 Y118.702 E.01094
G1 X158.977 Y117.71 E.06428
;WIDTH:0.586474
G1 F5519.231
G1 X159.619 Y117.112 E.03965
;WIDTH:0.600688
G1 F5378.581
G1 X160.622 Y116.108 E.06582
;WIDTH:0.585406
G1 F5530.097
G1 X161.221 Y115.466 E.03961
;WIDTH:0.55292
G1 F5882.353
G1 X162.224 Y114.303 E.06513
;WIDTH:0.564696
G1 F5749.594
G1 X162.26 Y114.009 E.01285
;LAYER_CHANGE
;Z:5
;HEIGHT:0.2

G1 E-3 F7200
G1 Z5 F3000
;AFTER_LAYER_CHANGE
;5
G92 E0
_ON_LAYER_CHANGE LAYER=25
G1 Z5.2
G1 X148.669 Y85.338 F12000
G1 Z5 F3000
G1 E3 F7200
;TYPE:External perimeter
;WIDTH:0.674999
G1 F4746.242
G1 X149.356 Y85.356 E.03612
G1 X150.385 Y85.428 E.05421
G1 X151.407 Y85.554 E.05412
G1 X152.422 Y85.733 E.05417
G1 X153.089 Y85.881 E.03591
G1 X154.085 Y86.147 E.05418
G1 X155.064 Y86.466 E.05412
G1 X156.025 Y86.834 E.05408
G1 X156.965 Y87.253 E.05409
G1 X157.882 Y87.721 E.05411
G1 X158.774 Y88.235 E.05411
G1 X159.637 Y88.796 E.0541
G1 X160.47 Y89.401 E.05411
G1 X161.266 Y90.045 E.05381
G1 X161.783 Y90.503 E.0363
G1 X162.524 Y91.219 E.05416
G1 X163.227 Y91.973 E.05418
G1 X163.671 Y92.492 E.0359
G1 X164.306 Y93.305 E.05422
G1 X164.896 Y94.148 E.05408
G1 X165.443 Y95.022 E.05419
G1 X165.779 Y95.617 E.03591
G1 X166.247 Y96.535 E.05416
G1 X166.666 Y97.476 E.05414
G1 X167.035 Y98.437 E.0541
G1 X167.353 Y99.417 E.05415
G1 X167.536 Y100.076 E.03595
G1 X167.768 Y101.08 E.05416
G1 X167.946 Y102.094 E.05411
G1 X168.072 Y103.116 E.05412
G1 X168.144 Y104.143 E.05411
G1 X168.162 Y105.173 E.05414
G1 X168.144 Y105.856 E.03591
G1 X168.072 Y106.885 E.05421
G1 X167.946 Y107.907 E.05412
G1 X167.768 Y108.92 E.05406
G1 X167.536 Y109.923 E.05411
G1 X167.254 Y110.908 E.05385
G1 X167.035 Y111.562 E.03625
G1 X166.666 Y112.525 E.0542
G1 X166.247 Y113.465 E.05409
G1 X165.779 Y114.382 E.05411
G1 X165.265 Y115.274 E.05411
G1 X164.704 Y116.137 E.0541
G1 X164.099 Y116.97 E.05411
G1 X163.45 Y117.771 E.05418
G1 X162.998 Y118.283 E.0359
G1 X162.281 Y119.024 E.05419
G1 X161.528 Y119.726 E.05411
G1 X160.74 Y120.388 E.05409
G1 X159.918 Y121.008 E.05411
G1 X159.064 Y121.583 E.05411
G1 X158.181 Y122.114 E.05415
G1 X157.58 Y122.44 E.03593
G1 X156.654 Y122.892 E.05416
G1 X155.705 Y123.295 E.05419
G1 X155.065 Y123.534 E.03591
G1 X154.084 Y123.853 E.05422
G1 X153.09 Y124.119 E.05408
G1 X152.083 Y124.333 E.05411
G1 X151.066 Y124.494 E.05412
G1 X150.048 Y124.601 E.0538
G1 X149.359 Y124.644 E.03628
G1 X148.327 Y124.662 E.05425
G1 X147.644 Y124.644 E.03591
G1 X146.615 Y124.572 E.05421
G1 X145.593 Y124.446 E.05412
G1 X144.58 Y124.268 E.05406
G1 X143.575 Y124.036 E.05421
G1 X142.917 Y123.853 E.0359
G1 X141.936 Y123.534 E.05422
G1 X140.975 Y123.166 E.05408
G1 X140.035 Y122.747 E.05409
G1 X139.123 Y122.282 E.0538
G1 X138.522 Y121.942 E.03629
G1 X137.647 Y121.396 E.05421
G1 X136.804 Y120.806 E.05408
G1 X135.993 Y120.172 E.0541
G1 X135.216 Y119.496 E.05413
G1 X134.476 Y118.781 E.05408
G1 X133.774 Y118.028 E.05411
G1 X133.111 Y117.239 E.05416
G1 X132.695 Y116.697 E.03591
G1 X132.103 Y115.851 E.05427
G1 X131.736 Y115.275 E.0359
G1 X131.22 Y114.382 E.05421
G1 X130.753 Y113.465 E.05409
G1 X130.334 Y112.524 E.05414
G1 X129.965 Y111.563 E.0541
G1 X129.647 Y110.584 E.0541
G1 X129.381 Y109.59 E.05408
G1 X129.168 Y108.588 E.05384
G1 X129.054 Y107.907 E.03629
G1 X128.928 Y106.884 E.05417
G1 X128.856 Y105.857 E.05411
G1 X128.838 Y104.828 E.05409
G1 X128.874 Y103.805 E.0538
G1 X128.928 Y103.117 E.03627
G1 X129.054 Y102.093 E.05422
G1 X129.233 Y101.078 E.05417
G1 X129.381 Y100.411 E.03591
G1 X129.647 Y99.415 E.05418
G1 X129.966 Y98.436 E.05412
G1 X130.335 Y97.474 E.05415
G1 X130.607 Y96.847 E.03592
G1 X131.059 Y95.921 E.05416
G1 X131.558 Y95.02 E.05413
G1 X132.104 Y94.147 E.05412
G1 X132.694 Y93.304 E.05408
G1 X133.328 Y92.493 E.0541
G1 X134.004 Y91.716 E.05413
G1 X134.72 Y90.975 E.05416
G1 X135.215 Y90.504 E.03591
G1 X135.993 Y89.828 E.05417
G1 X136.805 Y89.194 E.05414
G1 X137.648 Y88.604 E.05408
G1 X138.521 Y88.058 E.05412
G1 X139.416 Y87.562 E.05378
G1 X140.034 Y87.253 E.03631
G1 X140.976 Y86.834 E.05419
G1 X141.937 Y86.465 E.0541
G1 X142.911 Y86.149 E.05382
G1 X143.576 Y85.964 E.03628
G1 X144.58 Y85.732 E.05416
G1 X145.594 Y85.554 E.05411
G1 X146.616 Y85.428 E.05412
G1 X147.643 Y85.356 E.05411
G1 X148.639 Y85.339 E.05235
G1 X149.239 Y85.353 F12000
G1 E-3 F7200
G1 Z5.2 F3000
G1 X159.917 Y89.229 F12000
G1 Z5 F3000
G1 E3 F7200
M73 P95 R0
;TYPE:Top solid infill
;WIDTH:0.600164
G1 F5383.638
G1 X162.214 Y91.526 E.15052
G1 X162.902 Y92.263 E.04672
G1 X163.333 Y92.768 E.03076
G1 X163.955 Y93.564 E.04681
G1 X164.532 Y94.389 E.04665
G1 X164.937 Y95.037 E.03541
G1 X158.456 Y88.556 E.42468
G1 X157.674 Y88.104 E.04185
G1 X156.745 Y87.633 E.04826
G1 X165.867 Y96.755 E.59774
G1 X166.262 Y97.643 E.04503
G1 X166.446 Y98.122 E.02378
G1 X155.378 Y87.054 E.72526
G1 X154.918 Y86.877 E.02284
G1 X154.17 Y86.634 E.03644
G1 X166.866 Y99.33 E.83194
G1 X167.167 Y100.419 E.05235
G1 X153.077 Y86.329 E.92328
G1 X152.074 Y86.115 E.04752
G1 X167.385 Y101.426 E1.00329
G1 X167.54 Y102.369 E.04428
G1 X151.131 Y85.96 E1.07524
G1 X150.24 Y85.857 E.04156
G1 X167.644 Y103.261 E1.14044
G1 X167.704 Y104.108 E.03934
G1 X149.403 Y85.808 E1.19919
G1 X148.999 Y85.784 E.01875
G1 X148.594 Y85.786 E.01877
G1 X167.721 Y104.913 E1.25335
G1 X167.711 Y105.692 E.0361
G1 X147.811 Y85.792 E1.304
G1 X147.066 Y85.834 E.03457
G1 X167.666 Y106.434 E1.34987
G1 X167.599 Y107.155 E.03355
G1 X146.345 Y85.901 E1.39272
G1 X145.643 Y85.988 E.03278
G1 X167.512 Y107.857 E1.43302
G1 X167.394 Y108.527 E.03152
G1 X144.973 Y86.106 E1.46919
G1 X144.32 Y86.24 E.03089
G1 X167.26 Y109.18 E1.5032
G1 X167.111 Y109.82 E.03045
M73 P96 R0
G1 X143.68 Y86.388 E1.53541
G1 X143.063 Y86.56 E.02968
G1 X166.936 Y110.433 E1.56434
G1 X166.751 Y111.036 E.02923
G1 X142.467 Y86.752 E1.59127
G1 X141.881 Y86.954 E.02872
G1 X166.546 Y111.619 E1.61624
G1 X166.327 Y112.188 E.02825
G1 X141.312 Y87.173 E1.63917
G1 X140.759 Y87.408 E.02784
G1 X166.092 Y112.741 E1.66001
G1 X165.848 Y113.286 E.02767
G1 X140.214 Y87.652 E1.67974
G1 X139.688 Y87.914 E.02723
G1 X165.582 Y113.808 E1.69677
G1 X165.31 Y114.323 E.02699
G1 X139.179 Y88.192 E1.7123
G1 X138.675 Y88.477 E.02683
G1 X165.021 Y114.823 E1.72639
G1 X164.721 Y115.31 E.0265
G1 X138.19 Y88.78 E1.73848
G1 X137.713 Y89.091 E.02638
G1 X164.41 Y115.788 E1.74939
G1 X164.083 Y116.249 E.02619
G1 X137.25 Y89.415 E1.75834
M73 P97 R0
G1 X136.799 Y89.753 E.02611
G1 X163.752 Y116.705 E1.76613
G1 X163.399 Y117.141 E.02599
G1 X136.356 Y90.098 E1.77206
G1 X135.931 Y90.461 E.0259
G1 X163.043 Y117.573 E1.77658
G1 X162.673 Y117.991 E.02587
G1 X135.509 Y90.827 E1.77999
G1 X135.105 Y91.211 E.02583
G1 X162.286 Y118.392 E1.78111
G1 X161.894 Y118.788 E.02582
G1 X134.714 Y91.608 E1.78104
G1 X134.327 Y92.009 E.02582
G1 X161.487 Y119.169 E1.77973
G1 X161.071 Y119.541 E.02586
G1 X133.961 Y92.431 E1.77645
G1 X133.598 Y92.856 E.0259
G1 X160.642 Y119.9 E1.77213
G1 X160.201 Y120.247 E.026
G1 X133.253 Y93.299 E1.76584
G1 X132.915 Y93.75 E.02611
G1 X159.752 Y120.586 E1.75853
G1 X159.285 Y120.908 E.02628
M73 P98 R0
G1 X132.591 Y94.213 E1.74923
G1 X132.468 Y94.388 E.00991
G1 X132.28 Y94.69 E.01648
G1 X158.814 Y121.224 E1.73871
G1 X158.322 Y121.52 E.0266
G1 X131.977 Y95.175 E1.72633
G1 X131.692 Y95.679 E.02683
G1 X157.824 Y121.811 E1.71237
G1 X157.311 Y122.086 E.02697
G1 X131.414 Y96.189 E1.69697
G1 X131.156 Y96.719 E.02731
G1 X156.781 Y122.344 E1.67915
G1 X156.242 Y122.593 E.02751
G1 X130.906 Y97.256 E1.66024
G1 X130.673 Y97.812 E.02793
G1 X155.689 Y122.827 E1.63921
G1 X155.12 Y123.047 E.02827
G1 X130.454 Y98.381 E1.6163
G1 X130.252 Y98.967 E.02872
G1 X154.533 Y123.248 E1.59108
G1 X153.937 Y123.44 E.02901
G1 X130.06 Y99.563 E1.5646
G1 X129.893 Y100.184 E.0298
G1 X153.316 Y123.607 E1.53485
G1 X152.681 Y123.76 E.03026
G1 X129.738 Y100.817 E1.5034
M73 P99 R0
G1 X129.606 Y101.473 E.03101
G1 X152.031 Y123.898 E1.46946
G1 X151.352 Y124.007 E.03186
G1 X129.488 Y102.143 E1.4327
G1 X129.401 Y102.845 E.03278
G1 X150.655 Y124.098 E1.39269
G1 X149.939 Y124.171 E.03335
G1 X129.331 Y103.562 E1.35043
G1 X129.293 Y104.313 E.03484
G1 X149.19 Y124.21 E1.3038
G1 X148.416 Y124.223 E.03587
G1 X129.28 Y105.087 E1.25394
G1 X129.296 Y105.892 E.03731
G1 X147.608 Y124.204 E1.19994
G1 X146.761 Y124.144 E.03934
G1 X129.356 Y106.739 E1.14051
G1 X129.46 Y107.631 E.04161
G1 X145.869 Y124.04 E1.07524
G1 X144.925 Y123.885 E.04433
G1 X129.61 Y108.57 E1.00356
G1 X129.829 Y109.577 E.04775
G1 X143.919 Y123.667 E.92328
G1 X142.83 Y123.366 E.05235
G1 X130.134 Y110.67 E.83194
G1 X130.377 Y111.417 E.0364
G1 X130.554 Y111.878 E.02288
G1 X141.622 Y122.946 E.72526
G1 X141.142 Y122.762 E.02382
G1 X140.255 Y122.367 E.04499
G1 X131.133 Y113.245 E.59774
G1 X131.604 Y114.173 E.04822
G1 X132.056 Y114.956 E.04189
G1 X139.226 Y122.126 E.46983
G1 E-3 F7200
M107
;TYPE:Custom
; Filament-specific end gcode
END_PRINT
M73 P100 R0
; objects_info = {"objects":[]}
; filament used [mm] = 1802.01
; filament used [cm3] = 4.33
; filament used [g] = 5.37
; filament cost = 0.20
; total filament used [g] = 5.37
; total filament cost = 0.20
; total filament used for wipe tower [g] = 0.00
; estimated printing time (normal mode) = 10m 31s
; estimated first layer printing time (normal mode) = 42s

; prusaslicer_config = begin
; arc_fitting = disabled
; autoemit_temperature_commands = 0
; automatic_extrusion_widths = 0
; automatic_infill_combination = 0
; automatic_infill_combination_max_layer_height = 100%
; avoid_crossing_curled_overhangs = 1
; avoid_crossing_perimeters = 0
; avoid_crossing_perimeters_max_detour = 300%
; bed_custom_model = 
; bed_custom_texture = 
; bed_shape = 0x0,297x0,297x210,0x210
; bed_temperature = 60
; bed_temperature_extruder = 0
; before_layer_gcode = \n
; between_objects_gcode = G92 E0
; binary_gcode = 0
; bottom_fill_pattern = monotonic
; bottom_solid_layers = 5
; bottom_solid_min_thickness = 1
; bridge_acceleration = 1000
; bridge_angle = 0
; bridge_fan_speed = 100
; bridge_flow_ratio = 0.7
; bridge_speed = 0
; brim_separation = 0
; brim_type = outer_only
; brim_width = 0
; chamber_minimal_temperature = 0
; chamber_temperature = 0
; color_change_gcode = M600
; colorprint_heights = 
; compatible_printers_condition_cummulative = ;"printer_notes!~/.*NO_TEMPLATES.*/ and printer_notes!~/.*PRINTER_VENDOR_TRILAB.*/ and printer_notes!~/.*PRINTER_MODEL_MK4IS.*/ and ! (printer_notes=~/.*PRINTER_VENDOR_PRUSA3D.*/ and num_extruders>1)"
; complete_objects = 0
; cooling = 1
; cooling_perimeter_transition_distance = 0
; cooling_slowdown_logic = uniform_cooling
; cooling_tube_length = 5
; cooling_tube_retraction = 91.5
; custom_parameters_filament = ""
; custom_parameters_print = 
; custom_parameters_printer = 
; default_acceleration = 1000
; default_filament_profile = "PunkFil PETG @RatRig"
; default_print_profile = QUALITY_0.20mm_Nozzle_0.6_VC4_IDEX
; deretract_speed = 120
; disable_fan_first_layers = 1
; dont_support_bridges = 0
; draft_shield = disabled
; duplicate_distance = 6
; elefant_foot_compensation = 0
; enable_dynamic_fan_speeds = 0
; enable_dynamic_overhang_speeds = 1
; end_filament_gcode = "; Filament-specific end gcode"
; end_gcode = END_PRINT\n
; ensure_vertical_shell_thickness = enabled
; external_perimeter_acceleration = 1000
; external_perimeter_extrusion_width = 0
; external_perimeter_speed = 50%
; external_perimeters_first = 1
; extra_loading_move = -2
; extra_perimeters = 1
; extra_perimeters_on_overhangs = 0
; extruder_clearance_height = 25
; extruder_clearance_radius = 45
; extruder_colour = #0080FF
; extruder_offset = 0x0
; extrusion_axis = E
; extrusion_multiplier = 1
; extrusion_width = 0
; fan_always_on = 1
; fan_below_layer_time = 100
; filament_abrasive = 0
; filament_colour = #FF8000
; filament_cooling_final_speed = 2
; filament_cooling_initial_speed = 3
; filament_cooling_moves = 1
; filament_cost = 36.29
; filament_density = 1.24
; filament_deretract_speed = nil
; filament_diameter = 1.75
; filament_infill_max_crossing_speed = 0
; filament_infill_max_speed = 0
; filament_load_time = 0
; filament_loading_speed = 14
; filament_loading_speed_start = 19
; filament_max_volumetric_speed = 10
; filament_minimal_purge_on_wipe_tower = 0
; filament_multitool_ramming = 0
; filament_multitool_ramming_flow = 10
; filament_multitool_ramming_volume = 10
; filament_notes = "Affordable filament for everyday printing in premium quality manufactured in-house by Josef Prusa"
; filament_purge_multiplier = 100%
; filament_ramming_parameters = "130 120 2.70968 2.93548 3.32258 3.83871 4.58065 5.54839 6.51613 7.35484 7.93548 8.16129| 0.05 2.66451 0.45 3.05805 0.95 4.05807 1.45 5.97742 1.95 7.69999 2.45 8.1936 2.95 11.342 3.45 11.4065 3.95 7.6 4.45 7.6 4.95 7.6"
; filament_retract_before_travel = nil
; filament_retract_before_wipe = nil
; filament_retract_layer_change = nil
; filament_retract_length = nil
; filament_retract_length_toolchange = nil
; filament_retract_lift = nil
; filament_retract_lift_above = nil
; filament_retract_lift_below = nil
; filament_retract_restart_extra = nil
; filament_retract_restart_extra_toolchange = nil
; filament_retract_speed = nil
; filament_seam_gap_distance = nil
; filament_settings_id = "Prusament PLA @Template"
; filament_shrinkage_compensation_xy = 0%
; filament_shrinkage_compensation_z = 0%
; filament_soluble = 0
; filament_spool_weight = 201
; filament_stamping_distance = 0
; filament_stamping_loading_speed = 20
; filament_toolchange_delay = 0
; filament_travel_lift_before_obstacle = nil
; filament_travel_max_lift = nil
; filament_travel_ramping_lift = nil
; filament_travel_slope = nil
; filament_type = PLA
; filament_unload_time = 0
; filament_unloading_speed = 20
; filament_unloading_speed_start = 100
; filament_vendor = Prusa Polymers
; filament_wipe = nil
; fill_angle = 45
; fill_density = 15%
; fill_pattern = gyroid
; first_layer_acceleration = 1000
; first_layer_acceleration_over_raft = 0
; first_layer_bed_temperature = 60
; first_layer_extrusion_width = 0
; first_layer_height = 0.2
; first_layer_infill_speed = 0
; first_layer_speed = 70%
; first_layer_speed_over_raft = 30
; first_layer_temperature = 215
; full_fan_speed_layer = 3
; fuzzy_skin = none
; fuzzy_skin_point_dist = 0.8
; fuzzy_skin_thickness = 0.3
; gap_fill_enabled = 0
; gap_fill_speed = 100
; gcode_comments = 0
; gcode_flavor = klipper
; gcode_label_objects = disabled
; gcode_resolution = 0.0125
; gcode_substitutions = 
; high_current_on_filament_swap = 0
; host_type = prusalink
; idle_temperature = nil
; infill_acceleration = 1000
; infill_anchor = 300%
; infill_anchor_max = 5
; infill_every_layers = 1
; infill_extruder = 1
; infill_extrusion_width = 0
; infill_first = 0
; infill_overlap = 25%
; infill_speed = 0
; interface_shells = 0
; interlocking_beam = 0
; interlocking_beam_layer_count = 2
; interlocking_beam_width = 0.8
; interlocking_boundary_avoidance = 2
; interlocking_depth = 2
; interlocking_orientation = 22.5
; ironing = 0
; ironing_flowrate = 15%
; ironing_spacing = 0.3
; ironing_speed = 200
; ironing_type = top
; layer_gcode = ;AFTER_LAYER_CHANGE\n;[layer_z]\nG92 E0\n_ON_LAYER_CHANGE LAYER={layer_num + 1}
; layer_height = 0.2
; machine_limits_usage = time_estimate_only
; machine_max_acceleration_e = 1000
; machine_max_acceleration_extruding = 1000
; machine_max_acceleration_retracting = 1000
; machine_max_acceleration_travel = 9000,1250
; machine_max_acceleration_x = 1000
; machine_max_acceleration_y = 1000
; machine_max_acceleration_z = 1000
; machine_max_feedrate_e = 120
; machine_max_feedrate_x = 200
; machine_max_feedrate_y = 200
; machine_max_feedrate_z = 50
; machine_max_jerk_e = 5
; machine_max_jerk_x = 5
; machine_max_jerk_y = 5
; machine_max_jerk_z = 0.4
; machine_max_junction_deviation = 0,0
; machine_min_extruding_rate = 0
; machine_min_travel_rate = 0
; max_fan_speed = 100
; max_layer_height = 0.32
; max_print_height = 140
; max_print_speed = 100
; max_volumetric_extrusion_rate_slope_negative = 0
; max_volumetric_extrusion_rate_slope_positive = 0
; max_volumetric_speed = 10
; min_bead_width = 85%
; min_fan_speed = 100
; min_feature_size = 25%
; min_layer_height = 0.08
; min_print_speed = 10
; min_skirt_length = 4
; mmu_segmented_region_interlocking_depth = 0
; mmu_segmented_region_max_width = 0
; multimaterial_purging = 140
; notes = BE CAREFULL, THIS IS A HIGH SPEED PROFILE, DO NOT USE IT UNLESS YOU ARE SURE YOUR MACHINE IS MECHANICALLY WELL TUNED!
; nozzle_diameter = 0.6
; nozzle_high_flow = 0
; only_one_perimeter_first_layer = 1
; only_retract_when_crossing_perimeters = 0
; ooze_prevention = 0
; output_filename_format = {input_filename_base}_{filament_type[0]}_{print_settings_id}_{print_time}.gcode
; over_bridge_speed = 0
; overhang_fan_speed_0 = 0
; overhang_fan_speed_1 = 0
; overhang_fan_speed_2 = 0
; overhang_fan_speed_3 = 0
; overhang_speed_0 = 20%
; overhang_speed_1 = 40%
; overhang_speed_2 = 60%
; overhang_speed_3 = 80%
; overhangs = 1
; parking_pos_retraction = 92
; pause_print_gcode = M601
; perimeter_acceleration = 1000
; perimeter_extruder = 1
; perimeter_extrusion_width = 1
; perimeter_generator = arachne
; perimeter_speed = 0
; perimeters = 4
; physical_printer_settings_id = Anisoprint
; post_process = "\"C:\\Users\\dhilu\\AppData\\Local\\Programs\\Python\\Python313\\python.exe\" \"C:\\Users\\dhilu\\Documents\\Anisoprint\\process.py\""
; prefer_clockwise_movements = 0
; print_settings_id = Anisoprint
; printer_model = VC4_500 IDEX
; printer_notes = 
; printer_settings_id = Anisoprint
; printer_technology = FFF
; printer_variant = 0.6
; printer_vendor = 
; raft_contact_distance = 0.1
; raft_expansion = 1.5
; raft_first_layer_density = 90%
; raft_first_layer_expansion = 4
; raft_layers = 0
; remaining_times = 1
; resolution = 0
; retract_before_travel = 1
; retract_before_wipe = 0%
; retract_layer_change = 0
; retract_length = 3
; retract_length_toolchange = 1
; retract_lift = 0.2
; retract_lift_above = 0.2
; retract_lift_below = 0
; retract_restart_extra = 0
; retract_restart_extra_toolchange = 0
; retract_speed = 120
; scarf_seam_entire_loop = 0
; scarf_seam_length = 10
; scarf_seam_max_segment_length = 1
; scarf_seam_on_inner_perimeters = 0
; scarf_seam_only_on_smooth = 1
; scarf_seam_placement = nowhere
; scarf_seam_start_height = 20%
; seam_gap_distance = 5%
; seam_position = aligned
; silent_mode = 0
; single_extruder_multi_material = 0
; single_extruder_multi_material_priming = 1
; skirt_distance = 10
; skirt_height = 1
; skirts = 0
; slice_closing_radius = 0.049
; slicing_mode = regular
; slowdown_below_layer_time = 10
; small_perimeter_speed = 80%
; solid_infill_acceleration = 1000
; solid_infill_below_area = 0
; solid_infill_every_layers = 0
; solid_infill_extruder = 1
; solid_infill_extrusion_width = 0
; solid_infill_speed = 80%
; spiral_vase = 0
; staggered_inner_seams = 0
; standby_temperature_delta = -5
; start_filament_gcode = "; Filament gcode\n"
; start_gcode = PRINT_START BED_TEMP={first_layer_bed_temperature[0]} EXTRUDER_TEMP={first_layer_temperature[0]}
; support_material = 1
; support_material_angle = 0
; support_material_auto = 0
; support_material_bottom_contact_distance = 0
; support_material_bottom_interface_layers = 1
; support_material_buildplate_only = 0
; support_material_closing_radius = 2
; support_material_contact_distance = 0.25
; support_material_enforce_layers = 0
; support_material_extruder = 1
; support_material_extrusion_width = 0
; support_material_interface_contact_loops = 0
; support_material_interface_extruder = 1
; support_material_interface_layers = 3
; support_material_interface_pattern = rectilinear
; support_material_interface_spacing = 0.05
; support_material_interface_speed = 65%
; support_material_pattern = rectilinear
; support_material_spacing = 3
; support_material_speed = 150
; support_material_style = organic
; support_material_synchronize_layers = 0
; support_material_threshold = 40
; support_material_with_sheath = 0
; support_material_xy_spacing = 0.5
; support_tree_angle = 40
; support_tree_angle_slow = 25
; support_tree_branch_diameter = 3
; support_tree_branch_diameter_angle = 5
; support_tree_branch_diameter_double_wall = 3
; support_tree_branch_distance = 0.5
; support_tree_tip_diameter = 1.2
; support_tree_top_rate = 15%
; temperature = 215
; template_custom_gcode = 
; thick_bridges = 1
; thin_walls = 1
; thumbnails = 
; thumbnails_format = PNG
; toolchange_gcode = T[next_extruder]
; top_fill_pattern = monotonic
; top_infill_extrusion_width = 0
; top_one_perimeter_type = topmost
; top_solid_infill_acceleration = 1000
; top_solid_infill_speed = 70%
; top_solid_layers = 5
; top_solid_min_thickness = 1
; travel_acceleration = 1000
; travel_lift_before_obstacle = 0
; travel_max_lift = 0
; travel_ramping_lift = 0
; travel_short_distance_acceleration = 0
; travel_slope = 0
; travel_speed = 200
; travel_speed_z = 50
; use_firmware_retraction = 0
; use_relative_e_distances = 1
; use_volumetric_e = 0
; variable_layer_height = 1
; wall_distribution_count = 1
; wall_transition_angle = 10
; wall_transition_filter_deviation = 25%
; wall_transition_length = 100%
; wipe = 0
; wipe_into_infill = 0
; wipe_into_objects = 0
; wipe_tower = 0
; wipe_tower_acceleration = 0
; wipe_tower_bridging = 10
; wipe_tower_brim_width = 2
; wipe_tower_cone_angle = 0
; wipe_tower_extra_flow = 100%
; wipe_tower_extra_spacing = 100%
; wipe_tower_extruder = 0
; wipe_tower_no_sparse_layers = 0
; wipe_tower_width = 60
; wiping_volumes_matrix = 0
; wiping_volumes_use_custom_matrix = 0
; xy_size_compensation = 0
; z_offset = 0
; prusaslicer_config = end
