; generated by PrusaSlicer 2.9.4 on 2026-05-15 at 03:03:14 UTC

; BE CAREFULL, THIS IS A HIGH SPEED PROFILE, DO NOT USE IT UNLESS YOU ARE SURE YOUR MACHINE IS MECHANICALLY WELL TUNED!

; external perimeters extrusion width = 0.68mm
; perimeters extrusion width = 0.80mm
; infill extrusion width = 0.68mm
; solid infill extrusion width = 0.68mm
; top infill extrusion width = 0.60mm
; support material extrusion width = 0.60mm

M73 P0 R19
;TYPE:Custom
PRINT_START BED_TEMP=60 EXTRUDER_TEMP=215 EXTRUDER1_TEMP=215
G21 ; set units to millimeters
G90 ; use absolute coordinates
M83 ; use relative distances for extrusion
; Filament gcode
M107
;LAYER_CHANGE
;Z:0.32
;HEIGHT:0.32
G1 E-8 F1500
G1 Z.52 F3000
G1 X123.377 Y87.945 F12000
G1 Z.32 F3000
G1 E10 F1500
M204 S1000
;TYPE:Skirt/Brim
;WIDTH:0.8
G1 F1281.916
G1 X125.181 Y85.551 E.23332
G1 X127.341 Y83.22 E.24736
G1 X129.461 Y81.345 E.22029
G1 X131.886 Y79.583 E.23332
G1 X134.324 Y78.147 E.22024
G1 X137.209 Y76.812 E.24744
G1 X140.043 Y75.836 E.2333
G1 X142.795 Y75.175 E.2203
G1 X145.763 Y74.758 E.23329
G1 X148.939 Y74.638 E.24739
G1 X151.764 Y74.811 E.2203
G1 X154.902 Y75.317 E.24741
G1 X157.797 Y76.093 E.23329
G1 X160.448 Y77.084 E.22029
G1 X163.142 Y78.398 E.23331
G1 X165.555 Y79.877 E.22029
G1 X167.949 Y81.681 E.23332
G1 X170.28 Y83.841 E.24736
G1 X172.155 Y85.961 E.22029
G1 X174.016 Y88.538 E.24742
M73 P0 R18
G1 X175.515 Y91.134 E.23333
G1 X176.688 Y93.709 E.22025
G1 X177.664 Y96.543 E.2333
G1 X178.325 Y99.295 E.2203
G1 X178.742 Y102.263 E.23329
G1 X178.862 Y105.439 E.24739
G1 X178.689 Y108.264 E.2203
G1 X178.221 Y111.225 E.23334
G1 X177.512 Y113.964 E.22022
G1 X176.416 Y116.948 E.24744
G1 X175.102 Y119.642 E.23331
G1 X173.623 Y122.055 E.22029
G1 X171.819 Y124.449 E.23332
G1 X169.659 Y126.78 E.24736
G1 X167.539 Y128.655 E.22029
G1 X164.962 Y130.516 E.24742
G1 X162.366 Y132.015 E.23333
G1 X159.791 Y133.188 E.22025
G1 X156.957 Y134.164 E.2333
G1 X154.205 Y134.825 E.2203
G1 X151.237 Y135.242 E.23329
G1 X148.061 Y135.362 E.24739
G1 X145.236 Y135.189 E.2203
G1 X142.098 Y134.683 E.24741
G1 X139.203 Y133.907 E.23329
G1 X136.552 Y132.916 E.22029
G1 X133.858 Y131.602 E.23331
G1 X131.157 Y129.926 E.24742
G1 X128.912 Y128.203 E.22028
G1 X126.72 Y126.159 E.23329
G1 X124.845 Y124.039 E.22029
G1 X122.984 Y121.462 E.24742
G1 X121.485 Y118.866 E.23333
G1 X120.312 Y116.291 E.22025
G1 X119.336 Y113.457 E.2333
G1 X118.612 Y110.362 E.24741
G1 X118.242 Y107.556 E.2203
G1 X118.138 Y104.561 E.23326
G1 X118.311 Y101.736 E.2203
G1 X118.817 Y98.598 E.24741
G1 X119.593 Y95.703 E.23329
G1 X120.584 Y93.052 E.22029
G1 X121.898 Y90.358 E.23331
G1 X123.361 Y87.971 E.21792
G1 E-8 F1500
G1 Z.52 F3000
G1 X148.51 Y85.338 F12000
G1 Z.32 F3000
M73 P1 R18
G1 E10 F1500
;TYPE:External perimeter
;WIDTH:0.675
G1 F1546.195
G1 X149.529 Y85.365 E.06578
G1 X150.555 Y85.445 E.06641
G1 X151.576 Y85.58 E.06646
G1 X152.588 Y85.767 E.06641
G1 X153.59 Y86.008 E.06651
G1 X154.258 Y86.2 E.04485
G1 X155.225 Y86.523 E.06579
G1 X156.183 Y86.901 E.06646
G1 X157.121 Y87.328 E.06651
G1 X157.73 Y87.638 E.0441
G1 X158.627 Y88.146 E.06652
G1 X159.496 Y88.7 E.06651
G1 X160.065 Y89.098 E.04481
G1 X160.874 Y89.719 E.06581
G1 X161.657 Y90.388 E.06646
G1 X162.404 Y91.098 E.06651
G1 X162.887 Y91.597 E.04482
G1 X163.562 Y92.361 E.06579
G1 X164.203 Y93.167 E.06646
G1 X164.801 Y94.005 E.06644
G1 X165.354 Y94.873 E.06642
G1 X165.861 Y95.769 E.06644
G1 X166.321 Y96.692 E.06655
G1 X166.603 Y97.326 E.04478
G1 X166.977 Y98.275 E.06583
G1 X167.303 Y99.251 E.0664
G1 X167.578 Y100.243 E.06643
G1 X167.801 Y101.25 E.06656
G1 X167.922 Y101.934 E.04483
G1 X168.055 Y102.945 E.0658
G1 X168.135 Y103.971 E.06641
G1 X168.162 Y105 E.06643
G1 X168.135 Y106.03 E.06649
G1 X168.088 Y106.712 E.04412
G1 X167.971 Y107.736 E.06651
G1 X167.801 Y108.752 E.06648
G1 X167.578 Y109.757 E.06643
G1 X167.303 Y110.749 E.06643
G1 X166.976 Y111.726 E.06649
G1 X166.727 Y112.375 E.04486
G1 X166.32 Y113.31 E.06581
G1 X165.861 Y114.231 E.06641
G1 X165.354 Y115.127 E.06644
G1 X164.8 Y115.996 E.06651
G1 X164.408 Y116.556 E.04411
G1 X163.781 Y117.374 E.06651
G1 X163.112 Y118.157 E.06646
G1 X162.402 Y118.904 E.06651
G1 X161.911 Y119.379 E.04409
G1 X161.139 Y120.062 E.06652
G1 X160.333 Y120.703 E.06646
G1 X159.495 Y121.301 E.06644
G1 X158.627 Y121.854 E.06642
G1 X157.731 Y122.361 E.06644
G1 X156.808 Y122.821 E.06655
G1 X156.174 Y123.103 E.04478
G1 X155.225 Y123.477 E.06583
G1 X154.249 Y123.803 E.0664
G1 X153.257 Y124.078 E.06643
G1 X152.252 Y124.301 E.06643
G1 X151.235 Y124.471 E.06654
G1 X150.557 Y124.555 E.04409
G1 X149.529 Y124.635 E.06654
G1 X148.5 Y124.662 E.06643
G1 X147.47 Y124.635 E.06649
G1 X146.788 Y124.588 E.04412
G1 X145.764 Y124.471 E.06651
G1 X144.748 Y124.301 E.06648
G1 X143.743 Y124.078 E.06643
G1 X142.751 Y123.803 E.06643
G1 X141.774 Y123.476 E.06649
G1 X141.125 Y123.227 E.04486
G1 X140.19 Y122.82 E.06581
G1 X139.269 Y122.361 E.06641
G1 X138.373 Y121.854 E.06644
G1 X137.504 Y121.3 E.06651
G1 X136.944 Y120.908 E.04411
G1 X136.126 Y120.281 E.06651
G1 X135.343 Y119.612 E.06646
G1 X134.596 Y118.902 E.06651
G1 X134.113 Y118.403 E.04482
G1 X133.438 Y117.639 E.06579
G1 X132.797 Y116.833 E.06646
G1 X132.199 Y115.995 E.06644
G1 X131.646 Y115.127 E.06642
G1 X131.139 Y114.231 E.06644
G1 X130.679 Y113.308 E.06655
G1 X130.397 Y112.674 E.04478
G1 X130.023 Y111.725 E.06583
G1 X129.697 Y110.749 E.0664
G1 X129.422 Y109.757 E.06643
G1 X129.199 Y108.752 E.06643
G1 X129.029 Y107.736 E.06648
G1 X128.912 Y106.712 E.06651
G1 X128.865 Y106.03 E.04412
G1 X128.838 Y105 E.06649
G1 X128.865 Y103.97 E.06649
G1 X128.913 Y103.277 E.04483
G1 X129.029 Y102.264 E.0658
G1 X129.199 Y101.248 E.06648
G1 X129.422 Y100.243 E.06643
G1 X129.697 Y99.251 E.06643
G1 X130.024 Y98.274 E.06649
G1 X130.273 Y97.625 E.04486
G1 X130.68 Y96.69 E.06581
G1 X131.139 Y95.769 E.06641
G1 X131.646 Y94.873 E.06644
G1 X132.199 Y94.005 E.06642
G1 X132.798 Y93.166 E.06653
G1 X133.219 Y92.627 E.04414
G1 X133.888 Y91.843 E.06651
G1 X134.597 Y91.097 E.06642
G1 X135.343 Y90.388 E.06642
G1 X136.126 Y89.719 E.06646
G1 X136.944 Y89.092 E.06651
G1 X137.513 Y88.694 E.04481
G1 X138.373 Y88.146 E.06581
G1 X139.269 Y87.639 E.06644
G1 X140.19 Y87.18 E.06641
G1 X141.134 Y86.769 E.06644
G1 X142.1 Y86.408 E.06655
G1 X142.76 Y86.194 E.04477
G1 X143.743 Y85.922 E.06582
G1 X144.748 Y85.699 E.06643
G1 X145.764 Y85.529 E.06648
G1 X146.786 Y85.412 E.06638
G1 X147.815 Y85.35 E.06652
G1 X148.48 Y85.338 E.04292
G1 X149.079 Y85.353 F12000
G1 E-8 F1500
G1 Z.52 F3000
G1 X159.787 Y89.126 F12000
G1 Z.32 F3000
G1 E10 F1500
;TYPE:Solid infill
;WIDTH:0.678385
G1 F1537.611
G1 X162.149 Y91.488 E.21677
G1 X162.553 Y91.906 E.03772
G1 X163.214 Y92.654 E.06478
G1 X163.84 Y93.441 E.06526
G1 X164.424 Y94.259 E.06522
G1 X165.039 Y95.24 E.07514
G1 X158.26 Y88.461 E.62213
G1 X157.514 Y88.039 E.05562
G1 X156.466 Y87.53 E.0756
G1 X165.979 Y97.042 E.87299
G1 X166.184 Y97.502 E.03268
G1 X166.571 Y98.497 E.06928
G1 X155.003 Y86.929 E1.06163
G1 X153.735 Y86.522 E.08642
G1 X166.972 Y99.76 E1.21484
G1 X167.137 Y100.353 E.03994
G1 X167.26 Y100.911 E.03708
G1 X152.584 Y86.234 E1.3469
G1 X151.519 Y86.032 E.07034
G1 X167.468 Y101.981 E1.46368
G1 X167.6 Y102.975 E.06507
G1 X150.525 Y85.9 E1.56702
G1 X149.589 Y85.825 E.06093
M73 P2 R18
G1 X167.675 Y103.911 E1.6598
G1 X167.702 Y104.801 E.05778
G1 X148.703 Y85.802 E1.74359
G1 X147.843 Y85.804 E.05581
G1 X167.69 Y105.652 E1.82146
G1 X167.649 Y106.472 E.05328
G1 X147.03 Y85.853 E1.89226
G1 X146.246 Y85.932 E.05113
G1 X167.568 Y107.254 E1.95678
G1 X167.464 Y108.012 E.04965
G1 X145.488 Y86.036 E2.0168
G1 X144.753 Y86.164 E.04841
G1 X167.336 Y108.747 E2.0725
G1 X167.18 Y109.453 E.04692
G1 X144.047 Y86.32 E2.12298
G1 X143.364 Y86.499 E.04582
G1 X167.001 Y110.136 E2.16923
G1 X166.806 Y110.803 E.0451
M73 P3 R18
G1 X142.696 Y86.693 E2.21264
G1 X142.052 Y86.912 E.04414
G1 X166.589 Y111.449 E2.25183
G1 X166.354 Y112.076 E.04345
G1 X141.425 Y87.146 E2.28785
G1 X140.819 Y87.403 E.04272
G1 X166.098 Y112.682 E2.31992
G1 X165.829 Y113.275 E.04226
G1 X140.225 Y87.671 E2.34975
G1 X139.649 Y87.958 E.04176
G1 X165.542 Y113.851 E2.37627
G1 X165.238 Y114.409 E.04124
G1 X139.091 Y88.262 E2.39958
G1 X138.544 Y88.577 E.04096
G1 X164.923 Y114.956 E2.42087
G1 X164.588 Y115.483 E.04052
M73 P4 R18
G1 X138.017 Y88.912 E2.43849
G1 X137.5 Y89.258 E.04037
G1 X164.242 Y116 E2.45419
G1 X163.879 Y116.499 E.04004
G1 X137.001 Y89.621 E2.46667
G1 X136.513 Y89.995 E.0399
G1 X163.505 Y116.987 E2.47713
G1 X163.112 Y117.456 E.03971
G1 X136.044 Y90.388 E2.4841
G1 X135.582 Y90.789 E.0397
G1 X162.711 Y117.918 E2.4897
G1 X162.292 Y118.361 E.03957
G1 X135.139 Y91.208 E2.49191
G1 X134.708 Y91.639 E.03955
G1 X161.863 Y118.794 E2.49209
G1 X161.416 Y119.21 E.03963
M73 P5 R18
G1 X134.288 Y92.082 E2.48961
G1 X133.888 Y92.544 E.03966
G1 X160.959 Y119.614 E2.48433
G1 X160.484 Y120.002 E.0398
G1 X133.495 Y93.012 E2.4769
G1 X133.119 Y93.499 E.03993
G1 X160.001 Y120.381 E2.46704
G1 X159.498 Y120.74 E.0401
M73 P5 R17
G1 X132.76 Y94.002 E2.45382
G1 X132.412 Y94.517 E.04033
G1 X158.983 Y121.088 E2.43849
G1 X158.456 Y121.423 E.04052
G1 X132.077 Y95.044 E2.42087
G1 X131.762 Y95.591 E.04096
M73 P6 R17
G1 X157.909 Y121.738 E2.39958
G1 X157.351 Y122.042 E.04124
G1 X131.458 Y96.149 E2.37627
G1 X131.171 Y96.725 E.04176
G1 X156.775 Y122.329 E2.34975
G1 X156.185 Y122.601 E.04216
G1 X130.902 Y97.319 E2.32024
G1 X130.646 Y97.924 E.04263
G1 X155.573 Y122.851 E2.28762
G1 X154.949 Y123.089 E.04334
G1 X130.411 Y98.551 E2.25192
G1 X130.194 Y99.197 E.04422
G1 X154.303 Y123.306 E2.21255
G1 X153.636 Y123.501 E.0451
G1 X129.999 Y99.864 E2.16923
G1 X129.82 Y100.547 E.04582
M73 P7 R17
G1 X152.953 Y123.68 E2.12298
G1 X152.247 Y123.836 E.04692
G1 X129.664 Y101.253 E2.0725
G1 X129.536 Y101.988 E.04841
G1 X151.512 Y123.964 E2.0168
G1 X150.758 Y124.072 E.04943
G1 X129.432 Y102.746 E1.95715
G1 X129.352 Y103.528 E.05101
G1 X149.968 Y124.145 E1.89203
G1 X149.152 Y124.19 E.05303
G1 X129.31 Y104.348 E1.82095
G1 X129.298 Y105.199 E.05523
G1 X148.301 Y124.202 E1.74396
G1 X147.412 Y124.176 E.05771
G1 X129.324 Y106.088 E1.65999
G1 X129.406 Y107.032 E.06149
G1 X146.468 Y124.094 E1.56583
G1 X145.474 Y123.961 E.06508
G1 X129.539 Y108.026 E1.4624
G1 X129.645 Y108.665 E.04203
M73 P8 R17
G1 X129.74 Y109.09 E.02826
G1 X144.41 Y123.76 E1.34631
G1 X143.853 Y123.637 E.03702
G1 X143.26 Y123.472 E.03994
G1 X130.028 Y110.24 E1.21434
G1 X130.132 Y110.616 E.02532
G1 X130.429 Y111.503 E.0607
G1 X141.997 Y123.071 E1.06163
G1 X141.298 Y122.806 E.04851
G1 X140.539 Y122.476 E.05371
G1 X131.021 Y112.958 E.87349
G1 X131.541 Y114.017 E.07656
G1 X131.961 Y114.76 E.05539
G1 X138.74 Y121.539 E.62213
G1 X137.756 Y120.922 E.07537
G1 X137.213 Y120.541 E.04305
G1 X136.412 Y119.927 E.06549
G1 X135.648 Y119.274 E.06522
G1 X134.961 Y118.622 E.06146
G1 X132.644 Y116.305 E.21264
M106 S127.5
;LAYER_CHANGE
;Z:0.64
;HEIGHT:0.32

G1 E-8 F1500
G1 Z.64 F3000
;AFTER_LAYER_CHANGE
;0.64
G92 E0
_ON_LAYER_CHANGE LAYER=2
G1 Z.84
G1 X148.508 Y85.338 F12000
G1 Z.64 F3000
G1 E10 F1500
;TYPE:External perimeter
;WIDTH:0.675
G1 F1546.195
G1 X148.532 Y85.338 E.00155
G1 X149.529 Y85.365 E.06436
G1 X150.555 Y85.445 E.06641
G1 X151.576 Y85.58 E.06646
G1 X152.589 Y85.768 E.06649
G1 X153.288 Y85.93 E.0463
G1 X154.249 Y86.197 E.06437
G1 X155.225 Y86.523 E.0664
G1 X156.183 Y86.901 E.06646
G1 X157.119 Y87.328 E.06639
G1 X158.033 Y87.803 E.06647
G1 X158.921 Y88.326 E.06651
G1 X159.494 Y88.698 E.04409
G1 X160.333 Y89.297 E.06653
G1 X161.14 Y89.939 E.06655
G1 X161.656 Y90.387 E.0441
G1 X162.403 Y91.097 E.06651
G1 X163.112 Y91.843 E.06642
G1 X163.781 Y92.626 E.06646
G1 X164.407 Y93.443 E.06642
G1 X164.99 Y94.291 E.06641
G1 X165.528 Y95.169 E.06645
G1 X166.02 Y96.075 E.06653
G1 X166.32 Y96.689 E.0441
G1 X166.731 Y97.636 E.06662
G1 X166.976 Y98.274 E.0441
G1 X167.303 Y99.251 E.06649
G1 X167.578 Y100.243 E.06643
G1 X167.801 Y101.248 E.06643
G1 X167.971 Y102.265 E.06654
G1 X168.055 Y102.943 E.04409
G1 X168.135 Y103.971 E.06654
G1 X168.162 Y105 E.06643
G1 X168.135 Y106.03 E.06649
G1 X168.088 Y106.712 E.04412
G1 X167.971 Y107.736 E.06651
G1 X167.801 Y108.752 E.06648
G1 X167.578 Y109.757 E.06643
G1 X167.303 Y110.749 E.06643
G1 X166.977 Y111.725 E.0664
G1 X166.599 Y112.684 E.06652
G1 X166.321 Y113.308 E.04408
G1 X165.861 Y114.231 E.06655
G1 X165.354 Y115.127 E.06644
G1 X164.801 Y115.995 E.06642
G1 X164.202 Y116.834 E.06653
G1 X163.782 Y117.373 E.0441
G1 X163.112 Y118.157 E.06655
G1 X162.402 Y118.904 E.06651
G1 X161.911 Y119.379 E.04409
G1 X161.139 Y120.062 E.06652
G1 X160.333 Y120.703 E.06646
G1 X159.494 Y121.302 E.06653
G1 X158.921 Y121.674 E.04409
G1 X158.032 Y122.197 E.06656
G1 X157.119 Y122.672 E.06642
G1 X156.183 Y123.099 E.06639
G1 X155.225 Y123.477 E.06646
G1 X154.247 Y123.804 E.06655
G1 X153.59 Y123.992 E.0441
G1 X152.588 Y124.233 E.06651
G1 X151.576 Y124.42 E.06641
G1 X150.555 Y124.555 E.06646
G1 X149.529 Y124.635 E.06641
G1 X148.5 Y124.662 E.06643
G1 X147.471 Y124.635 E.06643
G1 X146.445 Y124.555 E.06641
G1 X145.424 Y124.42 E.06646
G1 X144.412 Y124.233 E.06641
G1 X143.41 Y123.992 E.06651
G1 X142.753 Y123.804 E.0441
G1 X141.775 Y123.477 E.06655
G1 X140.817 Y123.099 E.06646
G1 X139.879 Y122.672 E.06651
G1 X139.27 Y122.362 E.0441
G1 X138.373 Y121.854 E.06652
G1 X137.505 Y121.301 E.06642
G1 X136.667 Y120.703 E.06644
G1 X135.861 Y120.062 E.06646
G1 X135.089 Y119.379 E.06652
G1 X134.598 Y118.904 E.04409
G1 X133.888 Y118.157 E.06651
G1 X133.219 Y117.373 E.06651
G1 X132.798 Y116.834 E.04414
G1 X132.199 Y115.995 E.06653
G1 X131.646 Y115.127 E.06642
G1 X131.139 Y114.231 E.06644
G1 X130.679 Y113.309 E.06649
G1 X130.389 Y112.653 E.04629
G1 X130.023 Y111.725 E.06438
G1 X129.697 Y110.749 E.0664
G1 X129.422 Y109.757 E.06643
G1 X129.199 Y108.751 E.0665
G1 X129.075 Y108.044 E.04632
G1 X128.945 Y107.055 E.06437
G1 X128.865 Y106.029 E.06641
G1 X128.838 Y105 E.06643
G1 X128.865 Y103.97 E.06649
G1 X128.915 Y103.255 E.04625
G1 X129.029 Y102.264 E.06437
G1 X129.199 Y101.248 E.06648
G1 X129.422 Y100.243 E.06643
G1 X129.697 Y99.251 E.06643
G1 X130.024 Y98.274 E.06649
G1 X130.281 Y97.605 E.04625
G1 X130.68 Y96.69 E.06442
G1 X131.139 Y95.769 E.06641
G1 X131.646 Y94.873 E.06644
G1 X132.199 Y94.005 E.06642
G1 X132.797 Y93.167 E.06644
G1 X133.439 Y92.36 E.06655
G1 X133.887 Y91.844 E.0441
G1 X134.597 Y91.096 E.06655
G1 X135.114 Y90.598 E.04632
G1 X135.861 Y89.938 E.06433
G1 X136.667 Y89.297 E.06646
G1 X137.505 Y88.699 E.06644
G1 X138.373 Y88.146 E.06642
G1 X139.269 Y87.639 E.06644
G1 X140.19 Y87.18 E.06641
G1 X141.136 Y86.769 E.06656
G1 X141.774 Y86.524 E.0441
G1 X142.751 Y86.197 E.06649
G1 X143.743 Y85.922 E.06643
G1 X144.748 Y85.699 E.06643
G1 X145.764 Y85.529 E.06648
G1 X146.786 Y85.412 E.06638
G1 X147.815 Y85.35 E.06652
G1 X148.478 Y85.339 E.04279
G1 X149.078 Y85.353 F12000
G1 X148.502 Y86.007
;TYPE:Perimeter
G1 E-20 F1500
G1 Z5.64 F300.0
G1 F12000.0
T1
G1 Z0.64 F300.0
G1 E40.0 F1500
G1 F12000.0
;WIDTH:0.8
G1 F1281.916
G1 X148.528 Y86.007 E.00202
G1 X149.494 Y86.033 E.07522
G1 X150.485 Y86.111 E.07737
G1 X151.471 Y86.241 E.07741
G1 X152.453 Y86.422 E.07772
G1 X153.122 Y86.578 E.05347
G1 X154.053 Y86.836 E.0752
G1 X154.996 Y87.152 E.07741
G1 X155.921 Y87.517 E.0774
G1 X156.826 Y87.929 E.0774
G1 X157.708 Y88.388 E.07739
G1 X158.569 Y88.895 E.07777
G1 X159.117 Y89.251 E.05087
G1 X159.93 Y89.831 E.07773
G1 X160.712 Y90.453 E.07777
G1 X161.206 Y90.882 E.05093
M73 P9 R17
G1 X161.93 Y91.57 E.07774
G1 X162.615 Y92.291 E.07741
G1 X163.261 Y93.047 E.0774
G1 X163.866 Y93.836 E.07739
G1 X164.429 Y94.655 E.07736
G1 X164.949 Y95.503 E.07743
G1 X165.425 Y96.381 E.07774
G1 X165.712 Y96.969 E.05093
G1 X166.112 Y97.889 E.07809
G1 X166.346 Y98.5 E.05093
G1 X166.663 Y99.447 E.07773
G1 X166.929 Y100.405 E.07739
G1 X167.144 Y101.376 E.07741
G1 X167.309 Y102.361 E.07774
G1 X167.389 Y103.01 E.0509
G1 X167.428 Y103.51 E.03904
G1 X167.493 Y105 E.11609
G1 X167.467 Y105.998 E.07771
G1 X167.422 Y106.651 E.05095
G1 X167.308 Y107.643 E.07772
G1 X167.144 Y108.624 E.07742
G1 X166.929 Y109.595 E.07741
G1 X166.663 Y110.553 E.07739
G1 X166.348 Y111.496 E.07739
G1 X165.982 Y112.425 E.07772
G1 X165.716 Y113.023 E.05094
G1 X165.27 Y113.917 E.07776
G1 X164.78 Y114.782 E.07738
G1 X164.246 Y115.621 E.07741
G1 X163.666 Y116.434 E.07773
G1 X163.263 Y116.95 E.05096
G1 X162.615 Y117.709 E.07768
G1 X161.927 Y118.433 E.07774
G1 X161.457 Y118.888 E.05092
G1 X160.709 Y119.55 E.07775
G1 X159.93 Y120.169 E.07745
G1 X159.117 Y120.749 E.07773
G1 X158.569 Y121.105 E.05087
G1 X157.708 Y121.612 E.07777
G1 X156.826 Y122.071 E.07739
G1 X155.921 Y122.483 E.0774
G1 X154.996 Y122.848 E.0774
G1 X154.049 Y123.165 E.07773
G1 X153.42 Y123.345 E.05092
G1 X152.449 Y123.578 E.07773
G1 X151.471 Y123.759 E.07742
G1 X150.485 Y123.889 E.07741
G1 X149.494 Y123.967 E.07737
G1 X148.5 Y123.993 E.0774
G1 X147.506 Y123.967 E.0774
G1 X146.515 Y123.889 E.07737
G1 X145.529 Y123.759 E.07741
G1 X144.551 Y123.578 E.07742
G1 X143.58 Y123.345 E.07773
G1 X142.951 Y123.165 E.05092
G1 X142.004 Y122.848 E.07773
G1 X141.079 Y122.483 E.0774
G1 X140.17 Y122.069 E.07775
G1 X139.587 Y121.772 E.05093
G1 X138.718 Y121.28 E.07773
G1 X137.879 Y120.746 E.07741
G1 X137.07 Y120.169 E.07735
G1 X136.291 Y119.55 E.07745
G1 X135.543 Y118.888 E.07775
G1 X135.073 Y118.433 E.05092
G1 X134.385 Y117.709 E.07774
G1 X133.737 Y116.95 E.07768
G1 X133.334 Y116.434 E.05096
G1 X132.754 Y115.621 E.07773
G1 X132.22 Y114.782 E.07741
G1 X131.73 Y113.917 E.07738
G1 X131.284 Y113.024 E.0777
G1 X131.006 Y112.395 E.05353
G1 X130.652 Y111.496 E.07521
G1 X130.337 Y110.553 E.07739
G1 X130.071 Y109.595 E.07739
G1 X129.855 Y108.62 E.07773
G1 X129.736 Y107.943 E.0535
G1 X129.611 Y106.986 E.07512
G1 X129.533 Y105.994 E.07745
G1 X129.507 Y105 E.0774
G1 X129.533 Y104.002 E.07771
G1 X129.582 Y103.317 E.05345
G1 X129.691 Y102.357 E.0752
G1 X129.856 Y101.376 E.07743
G1 X130.071 Y100.405 E.07741
G1 X130.337 Y99.447 E.07739
G1 X130.653 Y98.5 E.07771
G1 X130.9 Y97.859 E.05347
G1 X131.286 Y96.973 E.07522
G1 X131.73 Y96.083 E.07742
G1 X132.22 Y95.218 E.07738
G1 X132.754 Y94.379 E.07741
G1 X133.331 Y93.57 E.07735
G1 X133.953 Y92.788 E.07777
G1 X134.382 Y92.294 E.05093
G1 X135.072 Y91.567 E.07802
G1 X135.567 Y91.09 E.05351
G1 X136.291 Y90.45 E.07522
G1 X137.07 Y89.831 E.07745
G1 X137.879 Y89.254 E.07735
G1 X138.718 Y88.72 E.07741
G1 X139.583 Y88.23 E.07738
G1 X140.473 Y87.786 E.07742
G1 X141.389 Y87.388 E.07774
G1 X142 Y87.154 E.05093
G1 X142.947 Y86.837 E.07773
G1 X143.905 Y86.571 E.07739
G1 X144.876 Y86.356 E.07741
G1 X145.857 Y86.192 E.07742
G1 X146.845 Y86.079 E.0774
G1 X147.841 Y86.018 E.07767
G1 X148.472 Y86.008 E.04912
G1 X148.496 Y86.739 F12000
G1 F1281.916
G1 X148.524 Y86.738 E.00218
G1 X149.455 Y86.763 E.07249
G1 X150.409 Y86.838 E.07449
G1 X151.357 Y86.963 E.07443
G1 X152.303 Y87.139 E.0749
G1 X152.942 Y87.287 E.05105
G1 X153.839 Y87.536 E.07246
G1 X154.746 Y87.84 E.07446
G1 X155.635 Y88.19 E.07437
G1 X156.505 Y88.586 E.0744
G1 X157.353 Y89.028 E.07443
G1 X158.184 Y89.517 E.07505
G1 X158.706 Y89.856 E.04845
G1 X159.49 Y90.416 E.07499
G1 X160.244 Y91.015 E.07495
G1 X160.714 Y91.424 E.0485
G1 X161.413 Y92.087 E.07499
G1 X162.071 Y92.781 E.07444
G1 X162.692 Y93.508 E.07442
G1 X163.274 Y94.266 E.07439
G1 X163.816 Y95.054 E.07444
G1 X164.315 Y95.869 E.07438
G1 X164.775 Y96.716 E.07502
G1 X165.048 Y97.275 E.04842
G1 X165.435 Y98.166 E.07561
G1 X165.658 Y98.747 E.04844
G1 X165.964 Y99.661 E.07502
G1 X166.219 Y100.582 E.07438
G1 X166.426 Y101.515 E.07439
G1 X166.534 Y102.159 E.05083
G1 X166.623 Y102.775 E.04845
G1 X166.699 Y103.568 E.06201
G1 X166.762 Y105 E.11157
G1 X166.737 Y105.963 E.07498
G1 X166.693 Y106.584 E.04846
G1 X166.584 Y107.542 E.07505
G1 X166.426 Y108.485 E.07442
G1 X166.219 Y109.418 E.07439
G1 X165.964 Y110.339 E.07438
G1 X165.66 Y111.246 E.07446
G1 X165.307 Y112.142 E.07496
G1 X165.054 Y112.711 E.04847
G1 X164.624 Y113.573 E.07498
G1 X164.153 Y114.405 E.07442
G1 X163.64 Y115.212 E.07443
G1 X163.08 Y115.996 E.07499
G1 X162.697 Y116.487 E.04847
G1 X162.071 Y117.22 E.07503
G1 X161.408 Y117.918 E.07493
G1 X160.96 Y118.351 E.0485
G1 X160.238 Y118.989 E.075
G1 X159.49 Y119.584 E.0744
G1 X158.706 Y120.144 E.07499
G1 X158.184 Y120.483 E.04845
G1 X157.353 Y120.972 E.07505
G1 X156.505 Y121.414 E.07443
G1 X155.635 Y121.81 E.0744
G1 X154.746 Y122.16 E.07437
G1 X153.832 Y122.466 E.07502
G1 X153.234 Y122.638 E.04843
G1 X152.297 Y122.863 E.07501
G1 X151.357 Y123.037 E.07441
G1 X150.409 Y123.162 E.07443
G1 X149.456 Y123.237 E.07441
G1 X148.5 Y123.262 E.07444
G1 X147.544 Y123.237 E.07444
G1 X146.591 Y123.162 E.07441
G1 X145.643 Y123.037 E.07443
G1 X144.703 Y122.863 E.07441
G1 X143.766 Y122.638 E.07501
G1 X143.168 Y122.466 E.04843
G1 X142.254 Y122.16 E.07502
G1 X141.365 Y121.81 E.07437
G1 X140.488 Y121.41 E.07503
G1 X139.933 Y121.128 E.04846
G1 X139.094 Y120.653 E.07504
G1 X138.288 Y120.14 E.07437
G1 X137.51 Y119.584 E.07443
G1 X136.762 Y118.989 E.0744
G1 X136.04 Y118.351 E.075
G1 X135.592 Y117.918 E.0485
G1 X134.929 Y117.219 E.07499
G1 X134.303 Y116.487 E.07497
G1 X133.92 Y115.996 E.04847
G1 X133.36 Y115.212 E.07499
G1 X132.847 Y114.405 E.07443
G1 X132.376 Y113.573 E.07442
G1 X131.946 Y112.712 E.07491
G1 X131.681 Y112.113 E.05098
G1 X131.34 Y111.246 E.07252
G1 X131.036 Y110.339 E.07446
G1 X130.781 Y109.418 E.07438
G1 X130.572 Y108.478 E.07495
G1 X130.459 Y107.833 E.05097
G1 X130.338 Y106.909 E.07254
G1 X130.263 Y105.956 E.07441
G1 X130.238 Y105 E.07444
G1 X130.263 Y104.038 E.0749
G1 X130.31 Y103.384 E.05104
G1 X130.416 Y102.459 E.07247
G1 X130.574 Y101.516 E.07442
G1 X130.781 Y100.582 E.07446
G1 X131.036 Y99.661 E.07438
G1 X131.342 Y98.748 E.07495
G1 X131.577 Y98.136 E.05103
G1 X131.949 Y97.283 E.07243
G1 X132.376 Y96.427 E.07446
G1 X132.847 Y95.594 E.07449
G1 X133.36 Y94.788 E.07437
G1 X133.916 Y94.01 E.07443
G1 X134.515 Y93.256 E.07495
G1 X134.924 Y92.786 E.0485
G1 X135.592 Y92.082 E.07554
G1 X136.063 Y91.628 E.05092
G1 X136.761 Y91.011 E.07251
G1 X137.51 Y90.415 E.0745
G1 X138.288 Y89.86 E.07439
G1 X139.095 Y89.347 E.07443
G1 X139.927 Y88.876 E.07442
G1 X140.782 Y88.449 E.07439
G1 X141.666 Y88.065 E.07502
G1 X142.247 Y87.842 E.04844
G1 X143.161 Y87.536 E.07502
G1 X144.082 Y87.281 E.07438
G1 X145.016 Y87.074 E.07446
G1 X145.958 Y86.916 E.07435
G1 X146.908 Y86.808 E.07442
G1 X147.869 Y86.749 E.07494
G1 X148.466 Y86.739 E.04648
G1 X148.49 Y87.47 F12000
G1 F1281.916
G1 X148.521 Y87.47 E.00241
G1 X149.417 Y87.494 E.06977
G1 X150.332 Y87.566 E.07144
G1 X151.242 Y87.686 E.07144
G1 X152.154 Y87.855 E.0722
G1 X152.761 Y87.996 E.0485
G1 X153.625 Y88.236 E.0698
G1 X154.496 Y88.527 E.07148
G1 X155.35 Y88.863 E.07143
G1 X156.185 Y89.244 E.07144
G1 X156.999 Y89.668 E.07144
G1 X157.799 Y90.139 E.07226
G1 X158.294 Y90.461 E.04596
G1 X159.05 Y91 E.07227
G1 X159.777 Y91.578 E.07229
G1 X160.222 Y91.965 E.0459
G1 X160.896 Y92.604 E.07229
G1 X161.527 Y93.27 E.07141
G1 X162.124 Y93.968 E.07149
G1 X162.682 Y94.696 E.0714
G1 X163.202 Y95.452 E.07142
G1 X163.682 Y96.235 E.07149
G1 X164.125 Y97.051 E.07227
G1 X164.383 Y97.582 E.04595
G1 X164.758 Y98.443 E.0731
G1 X164.97 Y98.994 E.04595
M73 P10 R17
G1 X165.264 Y99.875 E.07229
G1 X165.509 Y100.759 E.0714
G1 X165.708 Y101.655 E.07144
G1 X165.813 Y102.28 E.04933
G1 X165.897 Y102.864 E.04592
G1 X165.97 Y103.625 E.05951
G1 X166.03 Y105 E.10713
G1 X166.006 Y105.928 E.07226
G1 X165.965 Y106.517 E.04596
G1 X165.86 Y107.44 E.07231
G1 X165.708 Y108.345 E.07143
G1 X165.509 Y109.241 E.07144
G1 X165.264 Y110.125 E.0714
G1 X164.973 Y110.996 E.07148
G1 X164.633 Y111.86 E.07227
G1 X164.393 Y112.399 E.04593
G1 X163.978 Y113.23 E.0723
G1 X163.526 Y114.029 E.07145
G1 X163.033 Y114.803 E.07143
G1 X162.494 Y115.559 E.07227
G1 X162.131 Y116.024 E.04592
G1 X161.527 Y116.73 E.07232
G1 X160.888 Y117.403 E.07224
G1 X160.464 Y117.814 E.04596
G1 X159.768 Y118.429 E.07229
G1 X159.05 Y119 E.07141
G1 X158.294 Y119.539 E.07227
G1 X157.799 Y119.861 E.04596
G1 X156.999 Y120.332 E.07226
G1 X156.185 Y120.756 E.07144
G1 X155.35 Y121.137 E.07144
G1 X154.496 Y121.473 E.07143
G1 X153.615 Y121.768 E.07232
G1 X153.048 Y121.93 E.0459
G1 X152.145 Y122.147 E.07229
G1 X151.242 Y122.314 E.07148
G1 X150.332 Y122.434 E.07144
G1 X149.417 Y122.506 E.07144
G1 X148.5 Y122.53 E.0714
G1 X147.583 Y122.506 E.0714
G1 X146.668 Y122.434 E.07144
G1 X145.758 Y122.314 E.07144
G1 X144.855 Y122.147 E.07148
G1 X143.952 Y121.93 E.07229
G1 X143.385 Y121.768 E.0459
G1 X142.504 Y121.473 E.07232
G1 X141.65 Y121.137 E.07143
G1 X140.805 Y120.752 E.07228
G1 X140.279 Y120.484 E.04595
G1 X139.471 Y120.026 E.07229
G1 X138.697 Y119.533 E.07143
G1 X137.95 Y119 E.07143
G1 X137.232 Y118.429 E.07141
G1 X136.536 Y117.814 E.07229
G1 X136.112 Y117.403 E.04596
G1 X135.473 Y116.73 E.07224
G1 X134.87 Y116.024 E.07227
G1 X134.506 Y115.559 E.04596
G1 X133.967 Y114.803 E.07227
G1 X133.474 Y114.029 E.07143
G1 X133.022 Y113.23 E.07145
G1 X132.608 Y112.4 E.0722
G1 X132.355 Y111.831 E.04847
G1 X132.027 Y110.996 E.06983
G1 X131.736 Y110.125 E.07148
G1 X131.491 Y109.241 E.0714
G1 X131.29 Y108.336 E.07216
G1 X131.182 Y107.722 E.04853
G1 X131.066 Y106.833 E.06978
G1 X130.994 Y105.917 E.07152
G1 X130.97 Y105 E.0714
G1 X130.994 Y104.073 E.07218
G1 X131.038 Y103.452 E.04846
G1 X131.14 Y102.561 E.06981
G1 X131.292 Y101.655 E.07151
G1 X131.491 Y100.759 E.07144
G1 X131.736 Y99.875 E.0714
G1 X132.03 Y98.996 E.07214
G1 X132.254 Y98.414 E.04854
G1 X132.612 Y97.592 E.06979
G1 X133.022 Y96.77 E.0715
G1 X133.474 Y95.971 E.07145
G1 X133.967 Y95.197 E.07143
G1 X134.5 Y94.45 E.07143
G1 X135.078 Y93.723 E.07229
G1 X135.465 Y93.278 E.0459
G1 X136.111 Y92.598 E.07301
G1 X136.559 Y92.165 E.0485
G1 X137.231 Y91.572 E.06976
G1 X137.95 Y91 E.07151
G1 X138.697 Y90.467 E.07143
G1 X139.471 Y89.974 E.07143
G1 X140.27 Y89.522 E.07145
G1 X141.091 Y89.112 E.07143
G1 X141.943 Y88.742 E.0723
G1 X142.494 Y88.53 E.04595
G1 X143.375 Y88.236 E.07229
G1 X144.259 Y87.991 E.0714
G1 X145.155 Y87.792 E.07144
G1 X146.06 Y87.64 E.07143
G1 X146.972 Y87.537 E.07144
G1 X147.897 Y87.48 E.07214
G1 X148.46 Y87.471 E.04383
G1 E-8 F1500
G1 Z.84 F3000
G1 X136.782 Y92.407 F12000
G1 Z.64 F3000
G1 E10 F1500
;TYPE:Solid infill
G1 E-20 F1500
G1 Z5.64 F300.0
G1 F12000.0
T0
G1 Z0.64 F300.0
G1 E22.0 F1500
G1 F12000.0
;WIDTH:0.578673
G1 F1838.235
G1 X135.704 Y93.495 E.08314
G1 X136.566 Y92.619 E.06671
G1 E-8 F1500
G1 Z.84 F3000
G1 X139.408 Y90.544 F12000
G1 Z.64 F3000
G1 E10 F1500
G1 F1838.235
G1 X139.363 Y90.498 E.00349
G1 X139.302 Y90.515 E.00344
G1 X139.285 Y90.577 E.00349
G1 X139.33 Y90.622 E.00345
G1 X139.392 Y90.605 E.00349
;WIDTH:0.626836
G1 F1679.615
G1 X139.155 Y90.756 E.01669
;WIDTH:0.675
G1 F1546.195
G1 X138.918 Y90.906 E.0181
G1 X134.406 Y95.418 E.41178
G1 X134.256 Y95.655 E.0181
;WIDTH:0.626836
G1 F1679.615
G1 X134.105 Y95.892 E.01669
;WIDTH:0.578673
G1 F1838.235
G1 X134.044 Y95.908 E.00342
G1 X133.998 Y95.863 E.00349
G1 X134.015 Y95.802 E.00344
G1 X134.077 Y95.785 E.00349
G1 X134.122 Y95.83 E.00345
G1 E-8 F1500
G1 Z.84 F3000
G1 X132.977 Y97.874 F12000
G1 Z.64 F3000
G1 E10 F1500
G1 F1838.235
G1 X132.932 Y97.829 E.00345
G1 X132.871 Y97.846 E.00344
G1 X132.854 Y97.907 E.00344
G1 X132.899 Y97.952 E.00345
G1 X132.961 Y97.936 E.00348
;WIDTH:0.626836
G1 F1679.615
G1 X133.09 Y97.699 E.01603
;WIDTH:0.675
G1 F1546.195
G1 X133.22 Y97.462 E.01744
G1 X140.962 Y89.72 E.70656
G1 E-8 F1500
G1 Z.84 F3000
G1 X142.972 Y88.767 F12000
G1 Z.64 F3000
G1 E10 F1500
;WIDTH:0.578673
G1 F1838.235
G1 X142.927 Y88.722 E.00345
G1 X142.866 Y88.739 E.00344
G1 X142.849 Y88.8 E.00344
G1 X142.894 Y88.845 E.00345
G1 X142.956 Y88.829 E.00348
;WIDTH:0.626836
G1 F1679.615
G1 X142.72 Y88.942 E.01554
;WIDTH:0.675
G1 F1546.195
G1 X142.485 Y89.055 E.01683
G1 X132.555 Y98.984 E.9062
G1 X132.443 Y99.221 E.01692
;WIDTH:0.626836
G1 F1679.615
G1 X132.33 Y99.458 E.0156
;WIDTH:0.578673
G1 F1838.235
G1 X132.268 Y99.474 E.00348
G1 X132.223 Y99.429 E.00345
G1 X132.24 Y99.368 E.00344
G1 X132.301 Y99.351 E.00344
G1 X132.346 Y99.396 E.00345
G1 E-8 F1500
G1 Z.84 F3000
M73 P10 R16
G1 X131.643 Y101.264 F12000
G1 Z.64 F3000
G1 E10 F1500
G1 F1838.235
G1 X131.832 Y100.503 E.04256
;WIDTH:0.626836
G1 F1679.615
G1 X131.982 Y100.384 E.01137
;WIDTH:0.675
G1 F1546.195
G1 X132.132 Y100.265 E.01236
G1 X143.765 Y88.632 E1.06167
G1 X144.91 Y88.344 E.07619
G1 X131.844 Y101.41 E1.19245
M73 P11 R16
G1 X131.65 Y102.462 E.06903
G1 X145.962 Y88.15 E1.30616
G1 X146.94 Y88.029 E.06359
G1 X131.529 Y103.44 E1.40646
G1 X131.473 Y104.354 E.05909
G1 X147.857 Y87.969 E1.4953
G1 X148.72 Y87.964 E.05569
G1 X131.462 Y105.222 E1.57502
G1 X131.492 Y106.05 E.05347
G1 X149.55 Y87.992 E1.64803
G1 X150.342 Y88.057 E.05128
G1 X131.557 Y106.842 E1.71438
G1 X131.657 Y107.6 E.04934
G1 X151.1 Y88.157 E1.77443
G1 X151.826 Y88.288 E.04761
G1 X131.786 Y108.328 E1.82892
G1 X131.942 Y109.03 E.04641
G1 X152.531 Y88.441 E1.87902
G1 X153.206 Y88.624 E.04513
G1 X132.124 Y109.705 E1.92397
G1 X132.327 Y110.36 E.04425
G1 X153.86 Y88.827 E1.96517
G1 X154.495 Y89.049 E.04341
M73 P12 R16
G1 X132.549 Y110.995 E2.00286
G1 X132.791 Y111.61 E.04265
G1 X155.11 Y89.291 E2.0369
G1 X155.701 Y89.558 E.04185
G1 X133.054 Y112.205 E2.06684
G1 X133.339 Y112.777 E.04124
G1 X156.277 Y89.84 E2.09335
G1 X156.837 Y90.137 E.04091
G1 X133.639 Y113.335 E2.11712
G1 X133.954 Y113.878 E.04051
G1 X157.377 Y90.455 E2.13766
G1 X157.903 Y90.786 E.04011
G1 X134.287 Y114.401 E2.15523
G1 X134.639 Y114.908 E.03983
G1 X158.408 Y91.139 E2.16924
G1 X158.901 Y91.503 E.03955
M73 P13 R16
G1 X135.001 Y115.403 E2.18119
G1 X135.384 Y115.878 E.03938
G1 X159.379 Y91.882 E2.18991
G1 X159.841 Y92.278 E.03927
G1 X135.779 Y116.34 E2.19598
G1 X136.193 Y116.783 E.03913
G1 X160.283 Y92.693 E2.19853
G1 X160.714 Y93.119 E.03911
G1 X136.617 Y117.216 E2.19917
G1 X137.062 Y117.629 E.03918
G1 X161.132 Y93.559 E2.19671
G1 X161.529 Y94.02 E.03926
G1 X137.517 Y118.032 E2.19141
G1 X137.993 Y118.413 E.03935
G1 X161.914 Y94.493 E2.18306
G1 X162.286 Y94.978 E.03944
G1 X138.481 Y118.782 E2.17248
G1 X138.982 Y119.139 E.0397
M73 P14 R16
G1 X162.635 Y95.486 E2.15865
G1 X162.972 Y96.007 E.04004
G1 X139.506 Y119.472 E2.14154
G1 X140.044 Y119.792 E.0404
G1 X163.295 Y96.541 E2.12196
G1 X163.597 Y97.097 E.04083
G1 X140.595 Y120.099 E2.09924
G1 X141.168 Y120.383 E.04127
G1 X163.884 Y97.667 E2.07314
G1 X164.148 Y98.26 E.04189
G1 X141.757 Y120.651 E2.04348
G1 X142.369 Y120.897 E.04257
G1 X164.4 Y98.866 E2.01062
G1 X164.626 Y99.498 E.04331
G1 X142.998 Y121.126 E1.97384
G1 X143.644 Y121.336 E.04384
M73 P15 R16
G1 X164.835 Y100.146 E1.93391
G1 X165.021 Y100.817 E.04493
G1 X144.32 Y121.519 E1.88929
G1 X145.014 Y121.682 E.046
G1 X165.18 Y101.516 E1.84041
G1 X165.313 Y102.24 E.0475
G1 X145.737 Y121.816 E1.78657
G1 X146.49 Y121.921 E.04906
G1 X165.423 Y102.988 E1.72789
G1 X165.494 Y103.774 E.05093
G1 X147.274 Y121.994 E1.66282
G1 X148.092 Y122.033 E.05285
G1 X165.533 Y104.592 E1.59172
G1 X165.532 Y105.451 E.05543
G1 X148.951 Y122.032 E1.51324
G1 X149.857 Y121.984 E.05855
G1 X165.489 Y106.352 E1.42663
G1 X165.385 Y107.313 E.06238
G1 X150.818 Y121.88 E1.32943
G1 X151.848 Y121.708 E.06739
G1 X165.21 Y108.345 E1.21951
G1 X164.941 Y109.472 E.07477
M73 P16 R16
G1 X152.965 Y121.449 E1.09301
G1 X153.85 Y121.303 E.05788
;WIDTH:0.578673
G1 F1838.235
G1 X153.805 Y121.258 E.00345
G1 X153.743 Y121.274 E.00348
G1 X153.726 Y121.336 E.00349
G1 X153.772 Y121.381 E.00349
G1 X153.833 Y121.364 E.00344
;WIDTH:0.626836
G1 F1679.615
G1 X154.025 Y121.209 E.01466
;WIDTH:0.675
G1 F1546.195
G1 X154.217 Y121.054 E.01592
G1 X164.554 Y110.717 E.94339
G1 X164.707 Y110.525 E.01584
M73 P16 R15
;WIDTH:0.626836
G1 F1679.615
G1 X164.86 Y110.333 E.01458
;WIDTH:0.578673
G1 F1838.235
G1 X164.799 Y110.35 E.00344
G1 X164.754 Y110.305 E.00345
G1 X164.77 Y110.243 E.00348
G1 X164.832 Y110.226 E.00349
G1 X164.877 Y110.272 E.00349
G1 E-8 F1500
G1 Z.84 F3000
G1 X164.322 Y111.717 F12000
G1 Z.64 F3000
G1 E10 F1500
G1 F1838.235
G1 X164.277 Y111.672 E.00345
G1 X164.216 Y111.688 E.00342
G1 X164.199 Y111.75 E.00349
G1 X164.244 Y111.795 E.00345
G1 X164.306 Y111.778 E.00349
;WIDTH:0.626836
G1 F1679.615
G1 X164.136 Y111.97 E.01523
;WIDTH:0.675
G1 F1546.195
G1 X163.966 Y112.162 E.01655
G1 X155.673 Y120.455 E.75685
G1 X155.489 Y120.592 E.0148
;WIDTH:0.626836
G1 F1679.615
G1 X155.306 Y120.729 E.01358
;WIDTH:0.578673
G1 F1838.235
G1 X155.261 Y120.684 E.00345
G1 X155.199 Y120.701 E.00349
G1 X155.183 Y120.762 E.00342
G1 X155.228 Y120.807 E.00345
G1 X155.289 Y120.791 E.00342
G1 E-8 F1500
G1 Z.84 F3000
G1 X157.147 Y119.832 F12000
G1 Z.64 F3000
G1 E10 F1500
G1 F1838.235
G1 X157.085 Y119.848 E.00348
G1 X157.04 Y119.803 E.00345
G1 X157.057 Y119.742 E.00344
G1 X157.118 Y119.725 E.00344
G1 X157.163 Y119.77 E.00345
;WIDTH:0.626836
G1 F1679.615
G1 X157.347 Y119.613 E.01437
;WIDTH:0.675
G1 F1546.195
G1 X157.531 Y119.455 E.01565
G1 X163.128 Y113.856 E.51089
;WIDTH:0.626836
G1 F1679.615
G1 X163.318 Y113.664 E.01605
;WIDTH:0.578673
G1 F1838.235
G1 X163.256 Y113.68 E.00348
G1 X163.211 Y113.635 E.00345
G1 X163.228 Y113.574 E.00344
G1 X163.289 Y113.557 E.00344
G1 X163.334 Y113.602 E.00345
G1 E-8 F1500
G1 Z.84 F3000
G1 X162.238 Y115.369 F12000
G1 Z.64 F3000
G1 E10 F1500
G1 F1838.235
G1 X161.238 Y116.469 E.08069
G1 X160.194 Y117.522 E.08049
G1 X159.531 Y118.146 E.04942
G1 X158.312 Y119.209 E.08779
M106 S255
;LAYER_CHANGE
;Z:0.96
;HEIGHT:0.32

G1 E-8 F1500
G1 Z.96 F3000
;AFTER_LAYER_CHANGE
;0.96
G92 E0
_ON_LAYER_CHANGE LAYER=3
G1 Z1.16
G1 X148.508 Y85.339 F12000
G1 Z.96 F3000
G1 E10 F1500
;TYPE:External perimeter
;WIDTH:0.675
G1 F1546.195
G1 X148.554 Y85.338 E.00297
G1 X149.529 Y85.365 E.06294
G1 X150.555 Y85.445 E.06641
G1 X151.576 Y85.58 E.06646
G1 X152.589 Y85.768 E.06649
G1 X153.255 Y85.921 E.0441
G1 X154.249 Y86.197 E.06657
G1 X155.225 Y86.523 E.0664
G1 X156.183 Y86.901 E.06646
G1 X157.119 Y87.328 E.06639
G1 X158.033 Y87.803 E.06647
G1 X158.921 Y88.326 E.06651
G1 X159.495 Y88.699 E.04418
G1 X160.056 Y89.092 E.0442
G1 X160.874 Y89.719 E.06651
G1 X161.657 Y90.388 E.06646
G1 X162.404 Y91.098 E.06651
G1 X162.879 Y91.589 E.04409
G1 X163.562 Y92.361 E.06652
G1 X164.203 Y93.167 E.06646
G1 X164.801 Y94.005 E.06644
G1 X165.354 Y94.873 E.06642
G1 X165.861 Y95.769 E.06644
G1 X166.32 Y96.69 E.06641
G1 X166.731 Y97.636 E.06656
G1 X166.976 Y98.274 E.0441
G1 X167.303 Y99.251 E.06649
G1 X167.578 Y100.243 E.06643
G1 X167.801 Y101.248 E.06643
G1 X167.971 Y102.265 E.06654
G1 X168.055 Y102.943 E.04409
G1 X168.135 Y103.971 E.06654
G1 X168.162 Y105 E.06643
G1 X168.135 Y106.03 E.06649
G1 X168.088 Y106.712 E.04412
G1 X167.971 Y107.736 E.06651
G1 X167.801 Y108.752 E.06648
G1 X167.578 Y109.757 E.06643
G1 X167.303 Y110.749 E.06643
G1 X166.977 Y111.725 E.0664
G1 X166.599 Y112.684 E.06652
G1 X166.321 Y113.308 E.04408
G1 X165.861 Y114.231 E.06655
G1 X165.354 Y115.127 E.06644
G1 X164.801 Y115.995 E.06642
G1 X164.202 Y116.834 E.06653
G1 X163.781 Y117.373 E.04414
G1 X163.112 Y118.157 E.06651
G1 X162.403 Y118.903 E.06642
G1 X161.657 Y119.612 E.06642
G1 X160.874 Y120.281 E.06646
G1 X160.057 Y120.907 E.06642
G1 X159.209 Y121.49 E.06641
G1 X158.33 Y122.029 E.06654
G1 X157.732 Y122.36 E.04411
G1 X156.81 Y122.82 E.06649
G1 X155.864 Y123.231 E.06656
G1 X155.226 Y123.476 E.0441
G1 X154.249 Y123.803 E.06649
G1 X153.257 Y124.078 E.06643
G1 X152.252 Y124.301 E.06643
G1 X151.235 Y124.471 E.06654
G1 X150.557 Y124.555 E.04409
G1 X149.529 Y124.635 E.06654
G1 X148.5 Y124.662 E.06643
G1 X147.47 Y124.635 E.06649
G1 X146.788 Y124.588 E.04412
G1 X145.764 Y124.471 E.06651
G1 X144.748 Y124.301 E.06648
G1 X143.743 Y124.078 E.06643
G1 X142.751 Y123.803 E.06643
G1 X141.774 Y123.476 E.06649
G1 X141.136 Y123.231 E.0441
G1 X140.19 Y122.82 E.06656
G1 X139.269 Y122.361 E.06641
G1 X138.373 Y121.854 E.06644
G1 X137.505 Y121.301 E.06642
G1 X136.666 Y120.702 E.06653
G1 X136.127 Y120.281 E.04414
G1 X135.343 Y119.612 E.06651
G1 X134.597 Y118.903 E.06642
G1 X133.888 Y118.157 E.06642
G1 X133.218 Y117.373 E.06655
G1 X132.798 Y116.834 E.0441
G1 X132.199 Y115.995 E.06653
G1 X131.646 Y115.127 E.06642
G1 X131.139 Y114.231 E.06644
G1 X130.68 Y113.31 E.06641
G1 X130.269 Y112.366 E.06644
G1 X129.908 Y111.4 E.06655
G1 X129.681 Y110.697 E.04767
G1 X129.422 Y109.757 E.06292
G1 X129.199 Y108.75 E.06656
G1 X129.08 Y108.077 E.0441
G1 X128.945 Y107.055 E.06653
G1 X128.865 Y106.029 E.06641
G1 X128.838 Y105 E.06643
G1 X128.865 Y103.97 E.06649
G1 X128.918 Y103.233 E.04768
G1 X129.029 Y102.264 E.06294
G1 X129.199 Y101.248 E.06648
G1 X129.422 Y100.243 E.06643
G1 X129.697 Y99.251 E.06643
G1 X130.024 Y98.274 E.06649
G1 X130.29 Y97.585 E.04766
G1 X130.68 Y96.691 E.06294
G1 X131.139 Y95.769 E.06646
G1 X131.646 Y94.873 E.06644
G1 X132.199 Y94.005 E.06642
G1 X132.798 Y93.166 E.06653
G1 X133.218 Y92.627 E.0441
G1 X133.888 Y91.843 E.06655
G1 X134.597 Y91.097 E.06642
G1 X135.343 Y90.388 E.06642
G1 X136.126 Y89.72 E.06642
G1 X136.944 Y89.092 E.06655
G1 X137.55 Y88.669 E.04769
G1 X138.373 Y88.146 E.06293
G1 X139.269 Y87.639 E.06644
G1 X140.19 Y87.18 E.06641
G1 X141.134 Y86.769 E.06644
G1 X142.1 Y86.408 E.06655
G1 X142.803 Y86.181 E.04767
G1 X143.743 Y85.922 E.06292
G1 X144.748 Y85.699 E.06643
M73 P17 R15
G1 X145.764 Y85.529 E.06648
G1 X146.786 Y85.412 E.06638
G1 X147.815 Y85.35 E.06652
G1 X148.478 Y85.339 E.04279
G1 X149.078 Y85.352 F12000
G1 X148.502 Y86.008
;TYPE:Perimeter
G1 E-20 F1500
G1 Z5.96 F300.0
G1 F12000.0
T1
G1 Z0.96 F300.0
G1 E40.0 F1500
G1 F12000.0
;WIDTH:0.8
G1 F1281.916
G1 X148.55 Y86.007 E.00374
G1 X149.493 Y86.033 E.07343
G1 X150.485 Y86.111 E.07745
G1 X151.471 Y86.241 E.07741
G1 X152.453 Y86.423 E.07774
G1 X153.091 Y86.57 E.05096
G1 X154.053 Y86.837 E.07771
G1 X154.996 Y87.152 E.07739
G1 X155.921 Y87.517 E.0774
G1 X156.826 Y87.929 E.0774
G1 X157.708 Y88.388 E.07739
G1 X158.569 Y88.895 E.07777
G1 X159.121 Y89.254 E.05125
G1 X159.661 Y89.631 E.05126
G1 X160.453 Y90.239 E.07772
G1 X161.209 Y90.885 E.0774
G1 X161.934 Y91.573 E.0778
G1 X162.388 Y92.043 E.05086
G1 X163.05 Y92.791 E.07775
G1 X163.669 Y93.57 E.07745
G1 X164.246 Y94.379 E.07735
G1 X164.78 Y95.218 E.07741
G1 X165.27 Y96.083 E.07738
G1 X165.714 Y96.973 E.07742
G1 X166.112 Y97.889 E.07774
G1 X166.346 Y98.5 E.05093
G1 X166.663 Y99.447 E.07773
G1 X166.929 Y100.405 E.07739
G1 X167.144 Y101.376 E.07741
G1 X167.309 Y102.361 E.07774
G1 X167.389 Y103.01 E.0509
G1 X167.428 Y103.51 E.03904
G1 X167.493 Y105 E.11609
G1 X167.467 Y105.998 E.07771
G1 X167.422 Y106.651 E.05095
G1 X167.308 Y107.643 E.07772
G1 X167.144 Y108.624 E.07742
G1 X166.929 Y109.595 E.07741
G1 X166.663 Y110.553 E.07739
G1 X166.348 Y111.496 E.07739
G1 X165.982 Y112.425 E.07772
G1 X165.716 Y113.023 E.05094
G1 X165.27 Y113.917 E.07776
G1 X164.78 Y114.782 E.07738
G1 X164.246 Y115.621 E.07741
G1 X163.666 Y116.434 E.07773
G1 X163.263 Y116.95 E.05096
G1 X162.615 Y117.709 E.07768
G1 X161.93 Y118.43 E.07741
G1 X161.209 Y119.115 E.07741
G1 X160.453 Y119.761 E.0774
G1 X159.664 Y120.366 E.07739
G1 X158.845 Y120.929 E.07736
G1 X157.993 Y121.451 E.07777
G1 X157.421 Y121.768 E.0509
G1 X156.527 Y122.214 E.07776
G1 X155.611 Y122.612 E.07774
G1 X155 Y122.846 E.05093
G1 X154.053 Y123.163 E.07773
G1 X153.095 Y123.429 E.07739
G1 X152.124 Y123.644 E.07741
G1 X151.139 Y123.809 E.07774
G1 X150.49 Y123.889 E.0509
G1 X149.494 Y123.967 E.07776
G1 X148.5 Y123.993 E.0774
G1 X147.502 Y123.967 E.07771
G1 X146.849 Y123.922 E.05095
G1 X145.857 Y123.808 E.07772
G1 X144.876 Y123.644 E.07742
G1 X143.905 Y123.429 E.07741
G1 X142.947 Y123.163 E.07739
G1 X142 Y122.847 E.07771
G1 X141.389 Y122.612 E.05095
G1 X140.473 Y122.214 E.07774
G1 X139.583 Y121.77 E.07742
G1 X138.718 Y121.28 E.07738
G1 X137.879 Y120.746 E.07741
G1 X137.066 Y120.166 E.07773
G1 X136.55 Y119.763 E.05096
G1 X135.791 Y119.115 E.07768
G1 X135.07 Y118.43 E.07741
G1 X134.385 Y117.709 E.07741
G1 X133.737 Y116.95 E.07768
G1 X133.334 Y116.434 E.05096
G1 X132.754 Y115.621 E.07773
G1 X132.22 Y114.782 E.07741
G1 X131.73 Y113.917 E.07738
G1 X131.286 Y113.027 E.07742
G1 X130.89 Y112.115 E.07739
G1 X130.54 Y111.18 E.07771
G1 X130.322 Y110.505 E.05521
G1 X130.071 Y109.595 E.07348
G1 X129.855 Y108.62 E.07773
G1 X129.741 Y107.976 E.05091
G1 X129.611 Y106.985 E.0778
G1 X129.533 Y105.994 E.07737
G1 X129.507 Y105 E.0774
G1 X129.533 Y104.003 E.07763
G1 X129.584 Y103.295 E.05525
G1 X129.691 Y102.357 E.07348
G1 X129.856 Y101.376 E.07743
G1 X130.071 Y100.405 E.07741
G1 X130.337 Y99.447 E.07739
G1 X130.653 Y98.501 E.07763
G1 X130.909 Y97.839 E.05525
G1 X131.286 Y96.974 E.07345
G1 X131.73 Y96.083 E.07749
G1 X132.22 Y95.218 E.07738
G1 X132.754 Y94.379 E.07741
G1 X133.334 Y93.566 E.07773
G1 X133.737 Y93.05 E.05096
G1 X134.385 Y92.291 E.07768
G1 X135.07 Y91.57 E.07741
G1 X135.791 Y90.885 E.07741
G1 X136.547 Y90.239 E.0774
G1 X137.339 Y89.632 E.07767
G1 X137.921 Y89.226 E.05523
G1 X138.717 Y88.72 E.07342
G1 X139.583 Y88.23 E.07745
G1 X140.473 Y87.786 E.07742
G1 X141.385 Y87.39 E.07739
G1 X142.32 Y87.04 E.07771
G1 X142.995 Y86.822 E.05521
G1 X143.905 Y86.571 E.07348
G1 X144.876 Y86.356 E.07741
G1 X145.857 Y86.192 E.07742
G1 X146.845 Y86.079 E.0774
G1 X147.841 Y86.018 E.07767
G1 X148.472 Y86.008 E.04912
G1 X148.496 Y86.739 F12000
G1 F1281.916
G1 X148.546 Y86.739 E.00389
G1 X149.455 Y86.763 E.07078
G1 X150.409 Y86.838 E.07449
G1 X151.357 Y86.963 E.07443
G1 X152.304 Y87.139 E.07497
G1 X152.911 Y87.279 E.04849
G1 X153.839 Y87.536 E.07495
G1 X154.746 Y87.84 E.07446
G1 X155.635 Y88.19 E.07437
G1 X156.505 Y88.586 E.0744
G1 X157.353 Y89.028 E.07443
G1 X158.184 Y89.517 E.07505
G1 X159.228 Y90.221 E.09801
G1 X159.992 Y90.808 E.07499
G1 X160.719 Y91.429 E.07442
G1 X161.419 Y92.092 E.07505
G1 X161.851 Y92.54 E.04844
G1 X162.489 Y93.262 E.075
G1 X163.084 Y94.01 E.0744
G1 X163.64 Y94.788 E.07443
G1 X164.153 Y95.595 E.07443
G1 X164.624 Y96.427 E.07442
G1 X165.051 Y97.282 E.07439
G1 X165.435 Y98.166 E.07502
G1 X165.658 Y98.747 E.04844
G1 X165.964 Y99.661 E.07502
G1 X166.219 Y100.582 E.07438
G1 X166.426 Y101.515 E.07439
G1 X166.534 Y102.159 E.05083
G1 X166.623 Y102.775 E.04845
G1 X166.699 Y103.568 E.06201
G1 X166.762 Y105 E.11157
G1 X166.737 Y105.963 E.07498
G1 X166.693 Y106.584 E.04846
G1 X166.584 Y107.542 E.07505
G1 X166.426 Y108.484 E.07435
G1 X166.219 Y109.418 E.07446
G1 X165.964 Y110.339 E.07438
G1 X165.66 Y111.246 E.07446
G1 X165.307 Y112.142 E.07496
G1 X165.054 Y112.711 E.04847
G1 X164.624 Y113.573 E.07498
G1 X164.153 Y114.406 E.07449
G1 X163.64 Y115.212 E.07437
G1 X163.08 Y115.996 E.07499
G1 X162.697 Y116.487 E.04847
G1 X162.071 Y117.219 E.07497
G1 X161.413 Y117.913 E.07444
G1 X160.719 Y118.571 E.07444
G1 X159.993 Y119.192 E.07436
G1 X159.234 Y119.774 E.07445
G1 X158.446 Y120.316 E.07444
G1 X157.624 Y120.819 E.07501
G1 X157.08 Y121.121 E.04843
G1 X156.218 Y121.551 E.07498
G1 X155.334 Y121.935 E.07502
G1 X154.753 Y122.158 E.04844
G1 X153.839 Y122.464 E.07502
G1 X152.918 Y122.719 E.07438
G1 X151.985 Y122.926 E.07439
G1 X151.034 Y123.085 E.07505
G1 X150.416 Y123.161 E.04847
G1 X149.456 Y123.237 E.07496
G1 X148.5 Y123.262 E.07444
G1 X147.537 Y123.237 E.07498
G1 X146.916 Y123.193 E.04846
G1 X145.958 Y123.084 E.07505
G1 X145.016 Y122.926 E.07435
G1 X144.082 Y122.719 E.07446
G1 X143.161 Y122.464 E.07438
G1 X142.247 Y122.158 E.07502
G1 X141.666 Y121.935 E.04844
G1 X140.782 Y121.551 E.07502
G1 X139.927 Y121.124 E.07439
G1 X139.094 Y120.653 E.07449
G1 X138.288 Y120.14 E.07437
G1 X137.504 Y119.58 E.07499
G1 X137.013 Y119.197 E.04847
G1 X136.281 Y118.571 E.07497
G1 X135.587 Y117.913 E.07444
G1 X134.929 Y117.219 E.07444
G1 X134.303 Y116.487 E.07497
G1 X133.92 Y115.996 E.04847
G1 X133.36 Y115.212 E.07499
G1 X132.847 Y114.405 E.07443
G1 X132.376 Y113.573 E.07442
G1 X131.949 Y112.718 E.07439
G1 X131.568 Y111.841 E.07443
G1 X131.231 Y110.94 E.07488
G1 X131.023 Y110.295 E.05275
G1 X130.781 Y109.419 E.07074
G1 X130.572 Y108.477 E.07511
G1 X130.464 Y107.864 E.04845
G1 X130.338 Y106.909 E.07498
G1 X130.263 Y105.956 E.07441
G1 X130.238 Y105 E.07444
G1 X130.263 Y104.038 E.0749
G1 X130.312 Y103.363 E.05268
G1 X130.416 Y102.459 E.07083
G1 X130.574 Y101.515 E.0745
G1 X130.781 Y100.582 E.07439
G1 X131.036 Y99.661 E.07438
G1 X131.341 Y98.749 E.07485
G1 X131.585 Y98.117 E.05273
G1 X131.949 Y97.283 E.07083
G1 X132.376 Y96.427 E.07446
G1 X132.847 Y95.595 E.07442
G1 X133.36 Y94.788 E.07443
G1 X133.92 Y94.004 E.07499
G1 X134.303 Y93.513 E.04847
G1 X134.929 Y92.781 E.07497
G1 X135.587 Y92.087 E.07444
G1 X136.28 Y91.429 E.07438
G1 X137.007 Y90.808 E.07442
G1 X137.771 Y90.222 E.07495
G1 X138.326 Y89.835 E.05266
G1 X139.094 Y89.347 E.07083
G1 X139.927 Y88.876 E.07449
G1 X140.782 Y88.449 E.07439
G1 X141.659 Y88.068 E.07443
G1 X142.56 Y87.731 E.07488
G1 X143.205 Y87.523 E.05275
G1 X144.081 Y87.281 E.07074
G1 X145.015 Y87.074 E.07446
G1 X145.958 Y86.916 E.07442
G1 X146.908 Y86.808 E.07442
G1 X147.869 Y86.749 E.07494
G1 X148.466 Y86.74 E.04647
G1 X148.49 Y87.471 F12000
G1 F1281.916
G1 X148.541 Y87.47 E.00397
G1 X149.416 Y87.494 E.06813
G1 X150.332 Y87.566 E.07152
G1 X151.242 Y87.686 E.07144
M73 P18 R15
G1 X152.155 Y87.855 E.07227
G1 X152.731 Y87.988 E.04601
G1 X153.625 Y88.236 E.07221
G1 X154.496 Y88.527 E.07148
G1 X155.35 Y88.863 E.07143
G1 X156.185 Y89.244 E.07144
G1 X156.999 Y89.668 E.07144
G1 X157.799 Y90.139 E.07226
G1 X158.795 Y90.811 E.09352
G1 X159.532 Y91.376 E.07228
G1 X160.23 Y91.973 E.07149
G1 X160.904 Y92.612 E.07229
G1 X161.314 Y93.036 E.04591
G1 X161.929 Y93.732 E.07229
G1 X162.5 Y94.45 E.07141
G1 X163.033 Y95.197 E.07143
G1 X163.526 Y95.971 E.07143
G1 X163.978 Y96.77 E.07145
G1 X164.388 Y97.591 E.07143
G1 X164.758 Y98.443 E.0723
G1 X164.97 Y98.994 E.04595
G1 X165.264 Y99.875 E.07229
G1 X165.509 Y100.759 E.0714
G1 X165.708 Y101.655 E.07144
G1 X165.813 Y102.28 E.04933
G1 X165.897 Y102.864 E.04592
G1 X165.97 Y103.625 E.05951
G1 X166.03 Y105 E.10713
G1 X166.006 Y105.928 E.07226
G1 X165.965 Y106.517 E.04596
G1 X165.86 Y107.44 E.07231
G1 X165.708 Y108.345 E.07143
G1 X165.509 Y109.241 E.07144
G1 X165.264 Y110.125 E.0714
G1 X164.973 Y110.996 E.07148
G1 X164.633 Y111.86 E.07227
G1 X164.393 Y112.399 E.04593
G1 X163.978 Y113.23 E.0723
G1 X163.526 Y114.029 E.07145
G1 X163.033 Y114.803 E.07143
G1 X162.494 Y115.559 E.07227
G1 X162.13 Y116.024 E.04596
G1 X161.527 Y116.73 E.07227
G1 X160.896 Y117.396 E.07141
G1 X160.23 Y118.027 E.07141
G1 X159.532 Y118.623 E.07144
G1 X158.804 Y119.182 E.07144
G1 X158.048 Y119.702 E.07142
G1 X157.256 Y120.187 E.07229
G1 X156.74 Y120.473 E.04592
G1 X155.909 Y120.888 E.0723
G1 X155.057 Y121.258 E.0723
G1 X154.506 Y121.47 E.04595
G1 X153.625 Y121.764 E.07229
G1 X152.741 Y122.009 E.0714
G1 X151.845 Y122.208 E.07144
G1 X150.929 Y122.361 E.07229
G1 X150.343 Y122.433 E.04596
G1 X149.417 Y122.506 E.0723
G1 X148.5 Y122.53 E.0714
G1 X147.572 Y122.506 E.07226
G1 X146.983 Y122.465 E.04596
G1 X146.06 Y122.36 E.07231
G1 X145.155 Y122.208 E.07143
G1 X144.259 Y122.009 E.07144
G1 X143.375 Y121.764 E.0714
G1 X142.494 Y121.47 E.07229
G1 X141.943 Y121.258 E.04595
G1 X141.091 Y120.888 E.0723
G1 X140.27 Y120.478 E.07143
G1 X139.471 Y120.026 E.07145
G1 X138.697 Y119.533 E.07143
G1 X137.941 Y118.994 E.07227
G1 X137.476 Y118.63 E.04596
G1 X136.77 Y118.027 E.07227
G1 X136.104 Y117.396 E.07141
G1 X135.473 Y116.73 E.07141
G1 X134.869 Y116.024 E.07232
G1 X134.506 Y115.559 E.04592
G1 X133.967 Y114.803 E.07227
G1 X133.474 Y114.029 E.07143
G1 X133.022 Y113.23 E.07145
G1 X132.612 Y112.409 E.07143
G1 X132.246 Y111.567 E.07146
G1 X131.922 Y110.699 E.07212
G1 X131.724 Y110.086 E.05014
G1 X131.491 Y109.242 E.06815
G1 X131.29 Y108.334 E.07239
G1 X131.187 Y107.753 E.04593
G1 X131.066 Y106.832 E.0723
G1 X130.994 Y105.917 E.07144
G1 X130.97 Y105 E.0714
G1 X130.994 Y104.074 E.0721
G1 X131.04 Y103.431 E.05018
G1 X131.14 Y102.562 E.06809
G1 X131.292 Y101.655 E.07158
G1 X131.491 Y100.759 E.07144
G1 X131.736 Y99.875 E.0714
G1 X132.03 Y98.996 E.07214
G1 X132.262 Y98.395 E.05014
G1 X132.612 Y97.593 E.06811
G1 X133.022 Y96.77 E.07157
G1 X133.474 Y95.971 E.07145
G1 X133.967 Y95.197 E.07143
G1 X134.506 Y94.441 E.07227
G1 X134.869 Y93.976 E.04592
G1 X135.473 Y93.27 E.07232
G1 X136.104 Y92.604 E.07141
G1 X136.77 Y91.973 E.07141
G1 X137.468 Y91.377 E.07144
G1 X138.203 Y90.813 E.07211
G1 X138.732 Y90.444 E.0502
G1 X139.47 Y89.974 E.0681
G1 X140.27 Y89.522 E.07152
G1 X141.091 Y89.112 E.07143
G1 X141.933 Y88.746 E.07146
G1 X142.801 Y88.422 E.07212
G1 X143.414 Y88.224 E.05014
G1 X144.258 Y87.991 E.06815
G1 X145.155 Y87.792 E.07152
G1 X146.06 Y87.64 E.07143
G1 X146.972 Y87.537 E.07144
G1 X147.897 Y87.48 E.07214
G1 X148.46 Y87.471 E.04383
G1 E-8 F1500
G1 Z1.16 F3000
G1 X135.712 Y116.514 F12000
G1 Z.96 F3000
G1 E10 F1500
;TYPE:Solid infill
G1 E-20 F1500
G1 Z5.96 F300.0
G1 F12000.0
T0
G1 Z0.96 F300.0
G1 E22.0 F1500
G1 F12000.0
;WIDTH:0.578673
G1 F1838.235
G1 X136.986 Y117.788 E.0978
G1 X135.924 Y116.731 E.08133
G1 E-8 F1500
G1 Z1.16 F3000
G1 X134.043 Y114.09 F12000
G1 Z.96 F3000
G1 E10 F1500
G1 F1838.235
G1 X133.998 Y114.135 E.00345
G1 X134.014 Y114.197 E.00348
G1 X134.076 Y114.213 E.00348
G1 X134.121 Y114.168 E.00345
G1 X134.104 Y114.107 E.00344
;WIDTH:0.626836
G1 F1679.615
G1 X134.255 Y114.344 E.01669
;WIDTH:0.675
G1 F1546.195
G1 X134.405 Y114.581 E.0181
G1 X138.919 Y119.095 E.41196
G1 X139.156 Y119.245 E.0181
;WIDTH:0.626836
G1 F1679.615
G1 X139.393 Y119.396 E.01669
;WIDTH:0.578673
G1 F1838.235
G1 X139.41 Y119.457 E.00344
G1 X139.365 Y119.502 E.00345
G1 X139.303 Y119.486 E.00348
G1 X139.287 Y119.424 E.00348
G1 X139.332 Y119.379 E.00345
G1 E-8 F1500
G1 Z1.16 F3000
G1 X141.437 Y120.539 F12000
G1 Z.96 F3000
G1 E10 F1500
G1 F1838.235
G1 X141.453 Y120.601 E.00348
G1 X141.408 Y120.646 E.00345
G1 X141.346 Y120.63 E.00348
G1 X141.33 Y120.568 E.00348
G1 X141.375 Y120.523 E.00345
;WIDTH:0.626836
G1 F1679.615
G1 X141.169 Y120.402 E.01419
;WIDTH:0.675
G1 F1546.195
G1 X140.963 Y120.28 E.01545
G1 X133.22 Y112.537 E.70665
G1 X133.092 Y112.3 E.01738
;WIDTH:0.626836
G1 F1679.615
G1 X132.964 Y112.063 E.016
;WIDTH:0.578673
G1 F1838.235
G1 X132.981 Y112.125 E.00349
G1 X132.936 Y112.17 E.00345
G1 X132.874 Y112.154 E.00348
G1 X132.858 Y112.092 E.00348
G1 X132.903 Y112.047 E.00345
;WIDTH:0.675
G1 F1546.195
G1 X132.561 Y111.022 E.06973
G1 X142.485 Y120.946 E.9057
G1 X142.691 Y121.05 E.01489
;WIDTH:0.626836
G1 F1679.615
G1 X142.898 Y121.154 E.01376
;WIDTH:0.578673
G1 F1838.235
G1 X142.852 Y121.199 E.00349
G1 X142.869 Y121.261 E.00349
G1 X142.931 Y121.277 E.00348
G1 X142.976 Y121.232 E.00345
G1 X142.959 Y121.171 E.00344
G1 E-8 F1500
G1 Z1.16 F3000
G1 X144.765 Y121.857 F12000
G1 Z.96 F3000
G1 E10 F1500
G1 F1838.235
G1 X144.003 Y121.668 E.04262
;WIDTH:0.626836
G1 F1679.615
G1 X143.884 Y121.518 E.01137
;WIDTH:0.675
G1 F1546.195
G1 X143.765 Y121.368 E.01236
G1 X132.131 Y109.734 E1.06176
G1 X131.844 Y108.589 E.07618
M73 P19 R15
G1 X144.911 Y121.656 E1.19254
G1 X145.963 Y121.85 E.06903
G1 X131.649 Y107.537 E1.3063
G1 X131.532 Y106.563 E.06331
G1 X146.94 Y121.971 E1.40618
G1 X147.854 Y122.027 E.05909
G1 X131.473 Y105.646 E1.49498
G1 X131.462 Y104.777 E.05608
G1 X148.723 Y122.038 E1.57529
G1 X149.55 Y122.008 E.0534
G1 X131.49 Y103.948 E1.64821
G1 X131.561 Y103.161 E.05099
G1 X150.343 Y121.944 E1.71415
G1 X151.097 Y121.84 E.04912
G1 X131.66 Y102.403 E1.77388
G1 X131.786 Y101.672 E.04787
G1 X151.828 Y121.714 E1.8291
G1 X152.53 Y121.558 E.04641
G1 X131.942 Y100.97 E1.87893
G1 X132.124 Y100.294 E.04518
G1 X153.206 Y121.376 E1.92401
G1 X153.86 Y121.173 E.04419
M73 P20 R15
G1 X132.327 Y99.64 E1.96517
G1 X132.548 Y99.004 E.04345
G1 X154.497 Y120.952 E2.00309
G1 X155.108 Y120.706 E.04251
G1 X132.793 Y98.392 E2.03649
G1 X133.054 Y97.795 E.04205
G1 X155.705 Y120.446 E2.0672
G1 X156.278 Y120.161 E.0413
G1 X133.339 Y97.222 E2.09349
G1 X133.639 Y96.665 E.04083
G1 X156.838 Y119.863 E2.11717
G1 X157.376 Y119.544 E.04036
G1 X133.954 Y96.122 E2.13757
G1 X134.288 Y95.598 E.0401
G1 X157.902 Y119.213 E2.15514
G1 X158.41 Y118.863 E.03981
G1 X134.639 Y95.092 E2.16942
G1 X135.001 Y94.597 E.03957
M73 P21 R15
G1 X158.9 Y118.496 E2.1811
G1 X159.378 Y118.116 E.03941
G1 X135.384 Y94.122 E2.18977
G1 X135.779 Y93.66 E.03923
G1 X159.84 Y117.721 E2.19588
G1 X160.283 Y117.307 E.03913
M73 P21 R14
G1 X136.193 Y93.217 E2.19853
G1 X136.619 Y92.785 E.03915
G1 X160.715 Y116.881 E2.19908
G1 X161.132 Y116.441 E.03912
G1 X137.059 Y92.368 E2.19698
G1 X137.52 Y91.971 E.03926
G1 X161.529 Y115.98 E2.19114
G1 X161.916 Y115.509 E.03934
G1 X137.993 Y91.586 E2.18329
G1 X138.478 Y91.214 E.03944
G1 X162.282 Y115.018 E2.17243
G1 X162.639 Y114.517 E.0397
M73 P22 R14
G1 X138.983 Y90.861 E2.15892
G1 X139.506 Y90.527 E.04005
G1 X162.972 Y113.994 E2.14163
G1 X163.292 Y113.456 E.0404
G1 X140.044 Y90.208 E2.12169
G1 X140.596 Y89.902 E.04073
G1 X163.598 Y112.904 E2.09924
G1 X163.883 Y112.332 E.04124
G1 X141.168 Y89.617 E2.07304
G1 X141.76 Y89.351 E.04188
G1 X164.152 Y111.744 E2.04361
G1 X164.397 Y111.131 E.0426
G1 X142.369 Y89.102 E2.01039
G1 X142.994 Y88.87 E.04302
G1 X164.626 Y110.502 E1.97421
G1 X164.835 Y109.854 E.04394
M73 P23 R14
G1 X143.645 Y88.664 E1.93387
G1 X144.317 Y88.479 E.04498
G1 X165.021 Y109.183 E1.88951
G1 X165.18 Y108.483 E.04632
G1 X145.017 Y88.32 E1.84014
G1 X145.74 Y88.187 E.04744
G1 X165.313 Y107.76 E1.7863
G1 X165.42 Y107.008 E.04902
G1 X146.492 Y88.08 E1.72743
G1 X147.274 Y88.005 E.0507
G1 X165.498 Y106.229 E1.66318
G1 X165.533 Y105.407 E.05309
G1 X148.092 Y87.966 E1.59172
G1 X148.951 Y87.967 E.05543
G1 X165.532 Y104.549 E1.51328
G1 X165.484 Y103.643 E.05855
G1 X149.857 Y88.016 E1.42617
G1 X150.819 Y88.12 E.06244
G1 X165.386 Y102.688 E1.32948
G1 X165.21 Y101.654 E.06769
G1 X151.848 Y88.292 E1.21946
G1 X152.019 Y88.092 E.01698
M73 P24 R14
;WIDTH:0.578673
G1 F1838.235
G1 X152.734 Y88.259 E.03986
;WIDTH:0.675
G1 F1546.195
G1 X152.973 Y88.559 E.02475
G1 X164.941 Y100.527 E1.09224
G1 X164.802 Y99.65 E.0573
;WIDTH:0.578673
G1 F1838.235
G1 X164.757 Y99.695 E.00345
G1 X164.774 Y99.757 E.00349
G1 X164.835 Y99.773 E.00342
G1 X164.881 Y99.728 E.00349
G1 X164.864 Y99.666 E.00349
;WIDTH:0.626836
G1 F1679.615
G1 X164.709 Y99.475 E.01461
;WIDTH:0.675
G1 F1546.195
G1 X164.554 Y99.283 E.01592
G1 X154.217 Y88.946 E.94339
G1 X154.025 Y88.793 E.01584
;WIDTH:0.626836
G1 F1679.615
G1 X153.834 Y88.64 E.01454
;WIDTH:0.578673
G1 F1838.235
G1 X153.85 Y88.702 E.00348
G1 X153.805 Y88.747 E.00345
G1 X153.743 Y88.73 E.00349
G1 X153.727 Y88.669 E.00342
G1 X153.772 Y88.623 E.00349
G1 E-8 F1500
G1 Z1.16 F3000
G1 X155.228 Y89.186 F12000
G1 Z.96 F3000
G1 E10 F1500
G1 F1838.235
G1 X155.183 Y89.231 E.00345
G1 X155.2 Y89.293 E.00349
G1 X155.261 Y89.309 E.00342
G1 X155.306 Y89.264 E.00345
G1 X155.29 Y89.203 E.00342
;WIDTH:0.626836
G1 F1679.615
G1 X155.482 Y89.374 E.01527
;WIDTH:0.675
G1 F1546.195
G1 X155.674 Y89.545 E.01659
G1 X163.964 Y97.835 E.75657
G1 X164.102 Y98.019 E.01484
;WIDTH:0.626836
G1 F1679.615
G1 X164.239 Y98.203 E.01363
;WIDTH:0.578673
G1 F1838.235
G1 X164.194 Y98.248 E.00345
G1 X164.211 Y98.309 E.00344
G1 X164.272 Y98.326 E.00344
G1 X164.317 Y98.281 E.00345
G1 X164.301 Y98.219 E.00348
G1 E-8 F1500
G1 Z1.16 F3000
G1 X163.256 Y96.319 F12000
G1 Z.96 F3000
G1 E10 F1500
G1 F1838.235
G1 X163.211 Y96.364 E.00345
G1 X163.227 Y96.425 E.00342
G1 X163.289 Y96.442 E.00349
G1 X163.334 Y96.397 E.00345
G1 X163.317 Y96.335 E.00349
;WIDTH:0.626836
G1 F1679.615
G1 X163.127 Y96.143 E.01605
;WIDTH:0.675
G1 F1546.195
G1 X157.34 Y90.357 E.52809
;WIDTH:0.626836
G1 F1679.615
G1 X157.148 Y90.169 E.01596
;WIDTH:0.578673
G1 F1838.235
G1 X157.164 Y90.23 E.00342
G1 X157.119 Y90.275 E.00345
G1 X157.058 Y90.259 E.00342
G1 X157.041 Y90.197 E.00349
G1 X157.086 Y90.152 E.00345
G1 E-8 F1500
G1 Z1.16 F3000
G1 X158.622 Y91.049 F12000
G1 Z.96 F3000
G1 E10 F1500
G1 F1838.235
G1 X159.309 Y91.652 E.04962
G1 X160.621 Y92.897 E.09818
G1 X161.646 Y93.969 E.08051
G1 X162.708 Y95.186 E.08767
;LAYER_CHANGE
;Z:1.28
;HEIGHT:0.32

G1 E-8 F1500
G1 Z1.28 F3000
;AFTER_LAYER_CHANGE
;1.28
G92 E0
_ON_LAYER_CHANGE LAYER=4
G1 Z1.48
G1 X148.508 Y85.339 F12000
G1 Z1.28 F3000
G1 E10 F1500
;TYPE:External perimeter
;WIDTH:0.675
G1 F1546.195
G1 X148.576 Y85.338 E.00439
G1 X149.529 Y85.365 E.06152
G1 X150.555 Y85.445 E.06641
G1 X151.576 Y85.58 E.06646
G1 X152.588 Y85.767 E.06641
G1 X153.59 Y86.008 E.06651
G1 X154.247 Y86.196 E.0441
G1 X155.225 Y86.523 E.06655
G1 X156.183 Y86.901 E.06646
G1 X157.119 Y87.328 E.06639
G1 X158.033 Y87.803 E.06647
G1 X158.921 Y88.326 E.06651
G1 X160.056 Y89.092 E.08836
G1 X160.874 Y89.719 E.06651
G1 X161.657 Y90.388 E.06646
G1 X162.404 Y91.098 E.06651
G1 X162.879 Y91.589 E.04409
G1 X163.562 Y92.361 E.06652
G1 X164.203 Y93.167 E.06646
G1 X164.801 Y94.005 E.06644
G1 X165.354 Y94.873 E.06642
G1 X165.862 Y95.77 E.06652
G1 X166.172 Y96.379 E.0441
G1 X166.6 Y97.319 E.06665
G1 X166.856 Y97.952 E.04406
G1 X167.2 Y98.924 E.06654
G1 X167.492 Y99.911 E.06642
G1 X167.733 Y100.912 E.06644
G1 X167.92 Y101.924 E.06641
G1 X168.055 Y102.945 E.06646
G1 X168.135 Y103.971 E.06641
G1 X168.15 Y105.685 E.11061
G1 X168.088 Y106.714 E.06652
G1 X167.971 Y107.736 E.06638
G1 X167.801 Y108.752 E.06648
G1 X167.578 Y109.757 E.06643
G1 X167.303 Y110.749 E.06643
G1 X166.977 Y111.725 E.0664
G1 X166.599 Y112.684 E.06652
G1 X166.321 Y113.308 E.04408
G1 X165.861 Y114.231 E.06655
G1 X165.354 Y115.127 E.06644
G1 X164.801 Y115.995 E.06642
G1 X164.202 Y116.834 E.06653
G1 X163.732 Y117.433 E.04913
G1 X163.112 Y118.157 E.06151
G1 X162.402 Y118.904 E.06651
G1 X161.911 Y119.379 E.04409
G1 X161.139 Y120.062 E.06652
G1 X160.333 Y120.703 E.06646
G1 X159.494 Y121.302 E.06653
G1 X158.921 Y121.674 E.04409
G1 X158.032 Y122.197 E.06656
G1 X157.119 Y122.672 E.06642
G1 X156.183 Y123.099 E.06639
G1 X155.225 Y123.477 E.06646
G1 X154.247 Y123.804 E.06655
G1 X153.59 Y123.992 E.0441
G1 X152.588 Y124.233 E.06651
G1 X151.576 Y124.42 E.06641
G1 X150.555 Y124.555 E.06646
G1 X149.529 Y124.635 E.06641
G1 X148.5 Y124.662 E.06643
G1 X147.471 Y124.635 E.06643
G1 X146.445 Y124.555 E.06641
G1 X145.424 Y124.42 E.06646
G1 X144.412 Y124.233 E.06641
G1 X143.41 Y123.992 E.06651
G1 X142.753 Y123.804 E.0441
G1 X141.775 Y123.477 E.06655
G1 X140.816 Y123.099 E.06652
G1 X140.192 Y122.821 E.04408
G1 X139.269 Y122.361 E.06655
G1 X138.373 Y121.854 E.06644
G1 X137.505 Y121.301 E.06642
G1 X136.666 Y120.702 E.06653
G1 X136.067 Y120.232 E.04913
G1 X135.343 Y119.612 E.06151
G1 X134.597 Y118.903 E.06642
G1 X133.888 Y118.157 E.06642
G1 X133.219 Y117.374 E.06646
G1 X132.592 Y116.556 E.06651
G1 X132.157 Y115.932 E.04909
G1 X131.646 Y115.127 E.06153
G1 X131.139 Y114.231 E.06644
G1 X130.68 Y113.31 E.06641
G1 X130.269 Y112.364 E.06656
G1 X130.024 Y111.726 E.0441
G1 X129.697 Y110.749 E.06649
G1 X129.422 Y109.757 E.06643
G1 X129.199 Y108.751 E.0665
G1 X129.068 Y108.001 E.04913
G1 X128.945 Y107.056 E.0615
G1 X128.865 Y106.029 E.06648
G1 X128.838 Y104.998 E.06656
G1 X128.85 Y104.315 E.04408
G1 X128.912 Y103.286 E.06652
G1 X129.029 Y102.264 E.06638
G1 X129.199 Y101.248 E.06648
G1 X129.422 Y100.243 E.06643
G1 X129.697 Y99.251 E.06643
G1 X130.024 Y98.274 E.06649
G1 X130.298 Y97.564 E.04911
G1 X130.68 Y96.691 E.06149
G1 X131.139 Y95.769 E.06646
G1 X131.646 Y94.873 E.06644
G1 X132.199 Y94.005 E.06642
G1 X132.798 Y93.166 E.06653
G1 X133.268 Y92.567 E.04913
G1 X133.888 Y91.843 E.06151
G1 X134.597 Y91.097 E.06642
G1 X135.344 Y90.387 E.06651
G1 X135.92 Y89.889 E.04914
G1 X136.667 Y89.297 E.06151
G1 X137.505 Y88.699 E.06644
G1 X138.373 Y88.146 E.06642
G1 X139.269 Y87.639 E.06644
G1 X140.19 Y87.18 E.06641
G1 X141.136 Y86.769 E.06656
G1 X141.774 Y86.524 E.0441
G1 X142.751 Y86.197 E.06649
M73 P25 R14
G1 X143.743 Y85.922 E.06643
G1 X144.748 Y85.699 E.06643
G1 X145.764 Y85.529 E.06648
G1 X146.786 Y85.412 E.06638
G1 X147.815 Y85.35 E.06652
G1 X148.478 Y85.34 E.04279
G1 X149.078 Y85.352 F12000
G1 X148.502 Y86.008
;TYPE:Perimeter
G1 E-20 F1500
G1 Z6.28 F300.0
G1 F12000.0
T1
G1 Z1.28 F300.0
G1 E40.0 F1500
G1 F12000.0
;WIDTH:0.8
G1 F1281.916
G1 X148.572 Y86.007 E.00545
G1 X149.493 Y86.033 E.07172
G1 X150.485 Y86.111 E.07745
G1 X151.471 Y86.241 E.07741
G1 X152.449 Y86.422 E.07742
G1 X153.42 Y86.655 E.07773
G1 X154.049 Y86.835 E.05092
G1 X154.996 Y87.152 E.07773
G1 X155.921 Y87.517 E.0774
G1 X156.826 Y87.929 E.0774
G1 X157.708 Y88.388 E.07739
G1 X158.569 Y88.895 E.07777
G1 X159.661 Y89.631 E.1025
G1 X160.453 Y90.239 E.07772
G1 X161.209 Y90.885 E.0774
G1 X161.933 Y91.573 E.07774
G1 X162.388 Y92.043 E.05092
G1 X163.05 Y92.791 E.07775
G1 X163.669 Y93.57 E.07745
G1 X164.246 Y94.379 E.07735
G1 X164.78 Y95.218 E.07741
G1 X165.272 Y96.087 E.07773
G1 X165.569 Y96.67 E.05093
G1 X165.985 Y97.583 E.07809
G1 X166.23 Y98.189 E.05088
G1 X166.564 Y99.131 E.07779
G1 X166.846 Y100.084 E.07736
G1 X167.078 Y101.051 E.0774
G1 X167.259 Y102.029 E.07742
G1 X167.389 Y103.015 E.07741
G1 X167.467 Y104.006 E.07737
G1 X167.482 Y105.658 E.12859
G1 X167.421 Y106.655 E.07775
G1 X167.308 Y107.643 E.0774
G1 X167.144 Y108.624 E.07742
G1 X166.929 Y109.595 E.07741
G1 X166.663 Y110.553 E.07739
G1 X166.348 Y111.496 E.07739
G1 X165.982 Y112.425 E.07772
G1 X165.716 Y113.023 E.05094
G1 X165.27 Y113.917 E.07776
G1 X164.78 Y114.782 E.07738
G1 X164.246 Y115.621 E.07741
G1 X163.667 Y116.433 E.07763
G1 X163.215 Y117.008 E.05693
G1 X162.615 Y117.709 E.07182
G1 X161.927 Y118.433 E.07774
G1 X161.457 Y118.888 E.05092
G1 X160.709 Y119.55 E.07775
G1 X159.93 Y120.169 E.07745
G1 X159.117 Y120.749 E.07773
G1 X158.569 Y121.105 E.05087
G1 X157.708 Y121.612 E.07777
G1 X156.826 Y122.071 E.07739
G1 X155.921 Y122.483 E.0774
G1 X154.996 Y122.848 E.0774
G1 X154.049 Y123.165 E.07773
G1 X153.42 Y123.345 E.05092
G1 X152.449 Y123.578 E.07773
G1 X151.471 Y123.759 E.07742
G1 X150.485 Y123.889 E.07741
G1 X149.494 Y123.967 E.07737
G1 X148.5 Y123.993 E.0774
G1 X147.506 Y123.967 E.0774
G1 X146.515 Y123.889 E.07737
G1 X145.529 Y123.759 E.07741
G1 X144.551 Y123.578 E.07742
G1 X143.58 Y123.345 E.07773
G1 X142.951 Y123.165 E.05092
G1 X142.004 Y122.848 E.07773
G1 X141.075 Y122.482 E.07772
G1 X140.477 Y122.216 E.05094
G1 X139.583 Y121.77 E.07776
G1 X138.718 Y121.28 E.07738
G1 X137.879 Y120.746 E.07741
G1 X137.067 Y120.167 E.07763
G1 X136.492 Y119.715 E.05693
G1 X135.791 Y119.115 E.07182
G1 X135.07 Y118.43 E.07741
G1 X134.385 Y117.709 E.07741
G1 X133.739 Y116.953 E.0774
G1 X133.132 Y116.162 E.07761
G1 X132.714 Y115.561 E.05698
G1 X132.22 Y114.783 E.07173
G1 X131.73 Y113.917 E.07745
G1 X131.286 Y113.027 E.07742
G1 X130.888 Y112.111 E.07774
G1 X130.654 Y111.5 E.05093
G1 X130.337 Y110.553 E.07773
G1 X130.071 Y109.595 E.07739
G1 X129.855 Y108.621 E.07766
G1 X129.73 Y107.9 E.05696
G1 X129.611 Y106.986 E.07174
G1 X129.533 Y105.994 E.07745
G1 X129.507 Y104.996 E.07771
G1 X129.518 Y104.342 E.05091
G1 X129.579 Y103.345 E.07775
G1 X129.692 Y102.357 E.0774
G1 X129.856 Y101.376 E.07742
G1 X130.071 Y100.405 E.07741
G1 X130.337 Y99.447 E.07739
G1 X130.653 Y98.501 E.07763
G1 X130.917 Y97.819 E.05692
G1 X131.286 Y96.974 E.07177
G1 X131.73 Y96.083 E.07749
G1 X132.22 Y95.218 E.07738
G1 X132.754 Y94.379 E.07741
G1 X133.333 Y93.567 E.07763
G1 X133.785 Y92.992 E.05693
G1 X134.385 Y92.292 E.07176
G1 X135.07 Y91.57 E.07747
G1 X135.793 Y90.883 E.07763
G1 X136.347 Y90.405 E.05695
G1 X137.069 Y89.832 E.07175
G1 X137.879 Y89.254 E.07745
G1 X138.718 Y88.72 E.07741
G1 X139.583 Y88.23 E.07738
G1 X140.473 Y87.786 E.07742
G1 X141.389 Y87.388 E.07774
G1 X142 Y87.154 E.05093
G1 X142.947 Y86.837 E.07773
G1 X143.905 Y86.571 E.07739
G1 X144.876 Y86.356 E.07741
G1 X145.857 Y86.192 E.07742
G1 X146.845 Y86.079 E.0774
G1 X147.84 Y86.018 E.07759
G1 X148.472 Y86.009 E.0492
G1 X148.496 Y86.74 F12000
G1 F1281.916
G1 X148.567 Y86.739 E.00553
G1 X149.454 Y86.763 E.06907
G1 X150.409 Y86.838 E.07456
G1 X151.357 Y86.963 E.07443
G1 X152.297 Y87.137 E.07441
G1 X153.234 Y87.362 E.07501
G1 X153.832 Y87.534 E.04843
G1 X154.746 Y87.84 E.07502
G1 X155.635 Y88.19 E.07437
G1 X156.505 Y88.586 E.0744
G1 X157.353 Y89.028 E.07443
G1 X158.184 Y89.517 E.07505
G1 X159.228 Y90.221 E.09801
G1 X159.992 Y90.808 E.07499
G1 X160.719 Y91.429 E.07442
G1 X161.419 Y92.092 E.07505
G1 X161.851 Y92.54 E.04844
G1 X162.489 Y93.262 E.075
G1 X163.084 Y94.01 E.0744
G1 X163.64 Y94.788 E.07443
G1 X164.153 Y95.595 E.07443
G1 X164.628 Y96.433 E.07498
G1 X164.91 Y96.988 E.04846
G1 X165.313 Y97.872 E.07562
G1 X165.546 Y98.448 E.04836
G1 X165.868 Y99.357 E.07506
G1 X166.139 Y100.274 E.07443
G1 X166.363 Y101.203 E.07438
G1 X166.537 Y102.143 E.07441
G1 X166.662 Y103.091 E.07443
G1 X166.737 Y104.044 E.07441
G1 X166.751 Y105.63 E.12345
G1 X166.692 Y106.592 E.07502
G1 X166.584 Y107.542 E.07442
G1 X166.426 Y108.484 E.07435
G1 X166.219 Y109.418 E.07446
G1 X165.964 Y110.339 E.07438
G1 X165.66 Y111.246 E.07446
G1 X165.307 Y112.142 E.07496
G1 X165.054 Y112.711 E.04847
G1 X164.624 Y113.573 E.07498
G1 X164.153 Y114.406 E.07449
G1 X163.64 Y115.212 E.07437
G1 X163.081 Y115.994 E.07482
G1 X162.649 Y116.544 E.05444
G1 X162.072 Y117.219 E.06912
G1 X161.408 Y117.918 E.07504
G1 X160.96 Y118.351 E.0485
G1 X160.238 Y118.989 E.075
G1 X159.49 Y119.584 E.0744
G1 X158.706 Y120.144 E.07499
G1 X158.184 Y120.483 E.04845
G1 X157.353 Y120.972 E.07505
G1 X156.505 Y121.414 E.07443
G1 X155.635 Y121.81 E.0744
G1 X154.746 Y122.16 E.07437
G1 X153.832 Y122.466 E.07502
G1 X153.234 Y122.638 E.04843
G1 X152.297 Y122.863 E.07501
G1 X151.357 Y123.037 E.07441
G1 X150.409 Y123.162 E.07443
G1 X149.456 Y123.237 E.07441
G1 X148.5 Y123.262 E.07444
G1 X147.544 Y123.237 E.07444
G1 X146.591 Y123.162 E.07441
G1 X145.643 Y123.037 E.07443
G1 X144.703 Y122.863 E.07441
G1 X143.766 Y122.638 E.07501
G1 X143.168 Y122.466 E.04843
G1 X142.254 Y122.16 E.07502
G1 X141.358 Y121.807 E.07496
G1 X140.789 Y121.554 E.04847
G1 X139.927 Y121.124 E.07498
G1 X139.095 Y120.653 E.07442
G1 X138.288 Y120.14 E.07443
G1 X137.506 Y119.581 E.07482
G1 X136.956 Y119.149 E.05444
G1 X136.281 Y118.572 E.06912
G1 X135.587 Y117.913 E.07449
G1 X134.929 Y117.219 E.07444
G1 X134.308 Y116.492 E.07442
G1 X133.723 Y115.73 E.07477
G1 X133.323 Y115.156 E.05446
G1 X132.847 Y114.407 E.06908
G1 X132.376 Y113.573 E.07455
G1 X131.949 Y112.718 E.07439
G1 X131.565 Y111.834 E.07502
G1 X131.342 Y111.253 E.04844
G1 X131.036 Y110.339 E.07502
G1 X130.781 Y109.418 E.07438
G1 X130.573 Y108.479 E.07486
G1 X130.453 Y107.79 E.05444
G1 X130.338 Y106.91 E.06908
G1 X130.263 Y105.956 E.07449
G1 X130.238 Y104.992 E.07506
G1 X130.249 Y104.37 E.04842
G1 X130.308 Y103.408 E.07502
G1 X130.416 Y102.458 E.07442
G1 X130.574 Y101.516 E.07435
G1 X130.781 Y100.582 E.07446
G1 X131.036 Y99.661 E.07438
G1 X131.341 Y98.749 E.07485
G1 X131.594 Y98.097 E.05444
G1 X131.949 Y97.283 E.06912
G1 X132.376 Y96.427 E.07446
G1 X132.847 Y95.595 E.07442
G1 X133.36 Y94.788 E.07443
G1 X133.919 Y94.006 E.07482
G1 X134.351 Y93.456 E.05444
G1 X134.928 Y92.781 E.06912
G1 X135.587 Y92.087 E.07449
G1 X136.284 Y91.425 E.07482
G1 X136.813 Y90.968 E.05441
G1 X137.509 Y90.416 E.06914
G1 X138.288 Y89.86 E.0745
G1 X139.095 Y89.347 E.07443
G1 X139.927 Y88.876 E.07442
G1 X140.782 Y88.449 E.07439
G1 X141.666 Y88.065 E.07502
G1 X142.247 Y87.842 E.04844
G1 X143.161 Y87.536 E.07502
G1 X144.082 Y87.281 E.07438
G1 X145.015 Y87.074 E.07439
G1 X145.958 Y86.916 E.07442
G1 X146.908 Y86.808 E.07442
G1 X147.868 Y86.749 E.07486
G1 X148.466 Y86.74 E.04655
G1 X148.49 Y87.471 F12000
G1 F1281.916
M73 P26 R14
G1 X148.562 Y87.47 E.0056
G1 X149.416 Y87.494 E.0665
G1 X150.332 Y87.566 E.07152
G1 X151.242 Y87.686 E.07144
G1 X152.145 Y87.853 E.07148
G1 X153.048 Y88.07 E.07229
G1 X153.615 Y88.232 E.0459
G1 X154.496 Y88.527 E.07232
G1 X155.35 Y88.863 E.07143
G1 X156.185 Y89.244 E.07144
G1 X156.999 Y89.668 E.07144
G1 X157.799 Y90.139 E.07226
G1 X158.795 Y90.811 E.09352
G1 X159.532 Y91.376 E.07228
G1 X160.23 Y91.973 E.07149
G1 X160.904 Y92.612 E.07229
G1 X161.314 Y93.036 E.04591
G1 X161.929 Y93.732 E.07229
G1 X162.5 Y94.45 E.07141
G1 X163.033 Y95.197 E.07143
G1 X163.526 Y95.971 E.07143
G1 X163.984 Y96.779 E.07229
G1 X164.252 Y97.305 E.04595
G1 X164.641 Y98.16 E.07311
G1 X164.862 Y98.708 E.04599
G1 X165.172 Y99.583 E.07226
G1 X165.433 Y100.463 E.07145
G1 X165.647 Y101.355 E.0714
G1 X165.814 Y102.258 E.07148
G1 X165.934 Y103.168 E.07144
G1 X166.006 Y104.083 E.07144
G1 X166.02 Y105.601 E.11816
G1 X165.963 Y106.528 E.07229
G1 X165.86 Y107.44 E.07144
G1 X165.708 Y108.345 E.07143
G1 X165.509 Y109.241 E.07144
G1 X165.264 Y110.125 E.0714
G1 X164.973 Y110.996 E.07148
G1 X164.633 Y111.86 E.07227
G1 X164.393 Y112.399 E.04593
G1 X163.978 Y113.23 E.0723
G1 X163.526 Y114.029 E.07145
G1 X163.033 Y114.803 E.07143
G1 X162.496 Y115.556 E.07199
G1 X162.084 Y116.08 E.05188
G1 X161.529 Y116.729 E.06647
G1 X160.888 Y117.404 E.07246
G1 X160.464 Y117.814 E.04591
G1 X159.768 Y118.429 E.07229
G1 X159.05 Y119 E.07141
G1 X158.294 Y119.539 E.07227
G1 X157.799 Y119.861 E.04596
G1 X156.999 Y120.332 E.07226
G1 X156.185 Y120.756 E.07144
G1 X155.35 Y121.137 E.07144
G1 X154.496 Y121.473 E.07143
G1 X153.615 Y121.768 E.07232
G1 X153.048 Y121.93 E.0459
G1 X152.145 Y122.147 E.07229
G1 X151.242 Y122.314 E.07148
G1 X150.332 Y122.434 E.07144
G1 X149.417 Y122.506 E.07144
G1 X148.5 Y122.53 E.0714
G1 X147.583 Y122.506 E.0714
G1 X146.668 Y122.434 E.07144
G1 X145.758 Y122.314 E.07144
G1 X144.855 Y122.147 E.07148
G1 X143.952 Y121.93 E.07229
G1 X143.385 Y121.768 E.0459
G1 X142.504 Y121.473 E.07232
G1 X141.64 Y121.133 E.07227
G1 X141.101 Y120.893 E.04593
G1 X140.27 Y120.478 E.0723
G1 X139.471 Y120.026 E.07145
G1 X138.697 Y119.533 E.07143
G1 X137.944 Y118.996 E.07199
G1 X137.42 Y118.584 E.05188
G1 X136.771 Y118.029 E.06647
G1 X136.104 Y117.396 E.07158
G1 X135.473 Y116.73 E.07141
G1 X134.876 Y116.032 E.07149
G1 X134.313 Y115.298 E.072
G1 X133.932 Y114.751 E.05189
G1 X133.475 Y114.03 E.06644
G1 X133.022 Y113.23 E.07156
G1 X132.612 Y112.409 E.07143
G1 X132.242 Y111.557 E.0723
G1 X132.03 Y111.006 E.04595
G1 X131.736 Y110.125 E.07229
G1 X131.491 Y109.241 E.0714
G1 X131.29 Y108.338 E.07201
G1 X131.176 Y107.681 E.0519
G1 X131.066 Y106.834 E.06648
G1 X130.994 Y105.917 E.0716
G1 X130.97 Y104.989 E.07226
G1 X130.98 Y104.399 E.04593
G1 X131.037 Y103.472 E.07229
G1 X131.14 Y102.56 E.07144
G1 X131.292 Y101.655 E.07143
G1 X131.491 Y100.759 E.07144
G1 X131.736 Y99.875 E.0714
G1 X132.029 Y98.997 E.07205
G1 X132.27 Y98.375 E.05192
G1 X132.611 Y97.593 E.0664
G1 X133.022 Y96.77 E.0716
G1 X133.474 Y95.971 E.07145
G1 X133.967 Y95.197 E.07143
G1 X134.504 Y94.444 E.07199
G1 X134.916 Y93.92 E.05188
G1 X135.471 Y93.271 E.06647
G1 X136.104 Y92.604 E.07158
G1 X136.775 Y91.967 E.07202
G1 X137.28 Y91.531 E.05193
G1 X137.949 Y91.001 E.06643
G1 X138.697 Y90.467 E.07154
G1 X139.471 Y89.974 E.07143
G1 X140.27 Y89.522 E.07145
G1 X141.091 Y89.112 E.07143
G1 X141.943 Y88.742 E.0723
G1 X142.494 Y88.53 E.04595
G1 X143.375 Y88.236 E.07229
G1 X144.259 Y87.991 E.0714
G1 X145.155 Y87.792 E.07144
G1 X146.06 Y87.64 E.07143
G1 X146.972 Y87.537 E.07144
G1 X147.896 Y87.48 E.07206
G1 X148.46 Y87.472 E.0439
G1 E-8 F1500
G1 Z1.48 F3000
G1 X136.992 Y92.206 F12000
G1 Z1.28 F3000
G1 E10 F1500
;TYPE:Solid infill
G1 E-20 F1500
G1 Z6.28 F300.0
G1 F12000.0
T0
G1 Z1.28 F300.0
G1 E22.0 F1500
G1 F12000.0
;WIDTH:0.578673
G1 F1838.235
G1 X135.711 Y93.487 E.09834
G1 X136.775 Y92.418 E.08187
G1 E-8 F1500
G1 Z1.48 F3000
G1 X139.41 Y90.543 F12000
G1 Z1.28 F3000
G1 E10 F1500
G1 F1838.235
M73 P26 R13
G1 X139.365 Y90.498 E.00345
G1 X139.303 Y90.514 E.00348
G1 X139.287 Y90.576 E.00348
G1 X139.332 Y90.621 E.00345
G1 X139.393 Y90.604 E.00344
;WIDTH:0.626836
G1 F1679.615
G1 X139.156 Y90.755 E.01669
;WIDTH:0.675
G1 F1546.195
G1 X138.919 Y90.905 E.0181
G1 X134.405 Y95.419 E.41196
G1 X134.255 Y95.656 E.0181
;WIDTH:0.626836
G1 F1679.615
G1 X134.104 Y95.893 E.01669
;WIDTH:0.578673
G1 F1838.235
G1 X134.043 Y95.91 E.00344
G1 X133.998 Y95.865 E.00345
G1 X134.014 Y95.803 E.00348
G1 X134.076 Y95.787 E.00348
G1 X134.121 Y95.832 E.00345
G1 E-8 F1500
G1 Z1.48 F3000
G1 X132.977 Y97.875 F12000
G1 Z1.28 F3000
G1 E10 F1500
G1 F1838.235
G1 X132.932 Y97.83 E.00345
G1 X132.87 Y97.846 E.00348
G1 X132.854 Y97.908 E.00348
G1 X132.899 Y97.953 E.00345
G1 X132.96 Y97.937 E.00342
;WIDTH:0.626836
G1 F1679.615
G1 X133.09 Y97.7 E.01606
;WIDTH:0.675
G1 F1546.195
G1 X133.22 Y97.463 E.01744
G1 X140.963 Y89.72 E.70665
G1 E-8 F1500
G1 Z1.48 F3000
G1 X142.973 Y88.767 F12000
G1 Z1.28 F3000
G1 E10 F1500
;WIDTH:0.578673
G1 F1838.235
G1 X142.928 Y88.722 E.00345
G1 X142.866 Y88.739 E.00349
G1 X142.85 Y88.8 E.00342
G1 X142.895 Y88.845 E.00345
G1 X142.956 Y88.829 E.00342
;WIDTH:0.626836
G1 F1679.615
G1 X142.721 Y88.942 E.01549
;WIDTH:0.675
G1 F1546.195
G1 X142.485 Y89.054 E.01686
G1 X132.556 Y98.984 E.9062
G1 X132.443 Y99.221 E.01694
;WIDTH:0.626836
G1 F1679.615
G1 X132.33 Y99.458 E.0156
;WIDTH:0.578673
G1 F1838.235
G1 X132.268 Y99.474 E.00348
G1 X132.223 Y99.429 E.00345
G1 X132.24 Y99.368 E.00344
G1 X132.301 Y99.351 E.00344
G1 X132.347 Y99.396 E.00349
G1 E-8 F1500
G1 Z1.48 F3000
G1 X131.643 Y101.265 F12000
G1 Z1.28 F3000
G1 E10 F1500
G1 F1838.235
M73 P27 R13
G1 X131.832 Y100.503 E.04262
;WIDTH:0.626836
G1 F1679.615
G1 X131.982 Y100.384 E.01137
;WIDTH:0.675
G1 F1546.195
G1 X132.132 Y100.265 E.01236
G1 X143.765 Y88.632 E1.06167
G1 X144.911 Y88.344 E.07625
G1 X131.844 Y101.411 E1.19254
G1 X131.65 Y102.463 E.06903
G1 X145.963 Y88.15 E1.30625
G1 X146.94 Y88.029 E.06353
G1 X131.529 Y103.44 E1.40646
G1 X131.469 Y104.358 E.05937
G1 X147.858 Y87.969 E1.49571
G1 X148.72 Y87.965 E.05563
G1 X131.462 Y105.223 E1.57502
G1 X131.492 Y106.05 E.0534
G1 X149.55 Y87.992 E1.64803
G1 X150.342 Y88.057 E.05128
G1 X131.557 Y106.842 E1.71438
G1 X131.656 Y107.601 E.0494
G1 X151.1 Y88.157 E1.77452
G1 X151.826 Y88.288 E.04761
G1 X131.786 Y108.328 E1.82892
G1 X131.942 Y109.03 E.04641
G1 X152.527 Y88.445 E1.87865
G1 X153.208 Y88.621 E.04539
G1 X132.124 Y109.706 E1.92424
G1 X132.327 Y110.36 E.04419
M73 P28 R13
G1 X153.86 Y88.827 E1.96517
G1 X154.495 Y89.049 E.04341
G1 X132.548 Y110.997 E2.003
G1 X132.794 Y111.608 E.04251
G1 X155.11 Y89.291 E2.03668
G1 X155.701 Y89.558 E.04185
G1 X133.054 Y112.205 E2.06684
G1 X133.339 Y112.778 E.0413
G1 X156.277 Y89.84 E2.0934
G1 X156.837 Y90.137 E.04091
G1 X133.639 Y113.335 E2.11712
G1 X133.954 Y113.878 E.04051
G1 X157.377 Y90.455 E2.13766
G1 X157.903 Y90.786 E.04011
G1 X134.287 Y114.402 E2.15527
G1 X134.636 Y114.911 E.03983
G1 X158.411 Y91.135 E2.16983
G1 X158.9 Y91.504 E.03953
M73 P29 R13
G1 X135.004 Y115.4 E2.18083
G1 X135.384 Y115.878 E.03941
G1 X159.378 Y91.884 E2.18977
G1 X159.84 Y92.279 E.03923
G1 X135.779 Y116.34 E2.19588
G1 X136.193 Y116.783 E.03913
G1 X160.283 Y92.693 E2.19853
G1 X160.716 Y93.118 E.03915
G1 X136.619 Y117.215 E2.19917
G1 X137.059 Y117.632 E.03912
G1 X161.13 Y93.562 E2.19675
G1 X161.532 Y94.017 E.03918
G1 X137.519 Y118.03 E2.1915
G1 X137.991 Y118.415 E.03931
G1 X161.913 Y94.493 E2.1832
G1 X162.282 Y94.982 E.03953
M73 P30 R13
G1 X138.482 Y118.782 E2.17207
G1 X138.983 Y119.139 E.0397
G1 X162.639 Y95.483 E2.15892
G1 X162.972 Y96.006 E.04001
G1 X139.506 Y119.472 E2.14158
G1 X140.044 Y119.792 E.0404
G1 X163.292 Y96.544 E2.12169
G1 X163.599 Y97.095 E.0407
G1 X140.596 Y120.098 E2.09933
G1 X141.168 Y120.383 E.04124
G1 X163.883 Y97.668 E2.07304
G1 X164.151 Y98.257 E.04176
G1 X141.756 Y120.652 E2.04384
G1 X142.369 Y120.897 E.0426
G1 X164.402 Y98.865 E2.01076
G1 X164.626 Y99.497 E.04327
G1 X142.998 Y121.126 E1.97389
G1 X143.645 Y121.337 E.04392
M73 P31 R13
G1 X164.833 Y100.148 E1.93373
G1 X165.019 Y100.82 E.045
G1 X144.32 Y121.519 E1.88906
G1 X145.014 Y121.682 E.046
G1 X165.182 Y101.514 E1.8406
G1 X165.316 Y102.237 E.04745
G1 X145.737 Y121.816 E1.78684
G1 X146.491 Y121.921 E.04913
G1 X165.421 Y102.991 E1.72761
G1 X165.494 Y103.774 E.05075
G1 X147.274 Y121.994 E1.66282
G1 X148.093 Y122.033 E.05291
G1 X165.533 Y104.593 E1.59163
G1 X165.537 Y105.447 E.05511
G1 X148.951 Y122.032 E1.51365
G1 X149.857 Y121.984 E.05855
M73 P31 R12
G1 X165.487 Y106.354 E1.42644
G1 X165.385 Y107.314 E.0623
G1 X150.819 Y121.88 E1.32934
G1 X151.848 Y121.708 E.06733
M73 P32 R12
G1 X165.21 Y108.346 E1.21946
G1 X164.941 Y109.473 E.07477
G1 X152.965 Y121.448 E1.09292
G1 X153.85 Y121.302 E.05788
;WIDTH:0.578673
G1 F1838.235
G1 X153.805 Y121.257 E.00345
G1 X153.743 Y121.274 E.00349
G1 X153.727 Y121.335 E.00342
G1 X153.772 Y121.381 E.00349
G1 X153.834 Y121.364 E.00349
;WIDTH:0.626836
G1 F1679.615
G1 X154.025 Y121.209 E.01461
;WIDTH:0.675
G1 F1546.195
G1 X154.217 Y121.054 E.01592
G1 X164.554 Y110.717 E.94339
G1 X164.707 Y110.525 E.01584
;WIDTH:0.626836
G1 F1679.615
G1 X164.86 Y110.334 E.01454
;WIDTH:0.578673
G1 F1838.235
G1 X164.798 Y110.35 E.00348
G1 X164.753 Y110.305 E.00345
G1 X164.77 Y110.244 E.00344
G1 X164.831 Y110.227 E.00344
G1 X164.877 Y110.272 E.00349
G1 E-8 F1500
G1 Z1.48 F3000
G1 X164.322 Y111.717 F12000
G1 Z1.28 F3000
G1 E10 F1500
G1 F1838.235
G1 X164.277 Y111.672 E.00345
G1 X164.215 Y111.689 E.00349
G1 X164.199 Y111.75 E.00342
G1 X164.244 Y111.796 E.00349
G1 X164.305 Y111.779 E.00344
;WIDTH:0.626836
G1 F1679.615
G1 X164.136 Y111.971 E.0152
;WIDTH:0.675
G1 F1546.195
G1 X163.966 Y112.163 E.01655
G1 X155.674 Y120.455 E.75675
G1 X155.49 Y120.592 E.0148
;WIDTH:0.626836
G1 F1679.615
G1 X155.306 Y120.729 E.01363
;WIDTH:0.578673
G1 F1838.235
G1 X155.261 Y120.684 E.00345
G1 X155.2 Y120.7 E.00342
G1 X155.183 Y120.762 E.00349
G1 X155.228 Y120.807 E.00345
G1 X155.29 Y120.79 E.00349
G1 E-8 F1500
G1 Z1.48 F3000
G1 X157.148 Y119.831 F12000
G1 Z1.28 F3000
G1 E10 F1500
G1 F1838.235
G1 X157.086 Y119.848 E.00349
G1 X157.041 Y119.803 E.00345
G1 X157.058 Y119.741 E.00349
G1 X157.119 Y119.725 E.00342
G1 X157.164 Y119.77 E.00345
;WIDTH:0.626836
G1 F1679.615
G1 X157.348 Y119.612 E.01441
;WIDTH:0.675
G1 F1546.195
G1 X157.531 Y119.454 E.0156
G1 X163.127 Y113.857 E.51075
;WIDTH:0.626836
G1 F1679.615
G1 X163.317 Y113.665 E.01605
;WIDTH:0.578673
G1 F1838.235
G1 X163.256 Y113.681 E.00342
G1 X163.211 Y113.636 E.00345
G1 X163.227 Y113.575 E.00342
G1 X163.289 Y113.558 E.00349
G1 X163.334 Y113.603 E.00345
G1 E-8 F1500
G1 Z1.48 F3000
G1 X162.24 Y115.366 F12000
G1 Z1.28 F3000
G1 E10 F1500
G1 F1838.235
G1 X161.239 Y116.468 E.08081
G1 X160.194 Y117.522 E.08056
G1 X159.531 Y118.146 E.04942
G1 X158.314 Y119.208 E.08767
;LAYER_CHANGE
;Z:1.6
;HEIGHT:0.32

G1 E-8 F1500
G1 Z1.6 F3000
;AFTER_LAYER_CHANGE
;1.6
G92 E0
_ON_LAYER_CHANGE LAYER=5
G1 Z1.8
G1 X148.508 Y85.34 F12000
G1 Z1.6 F3000
G1 E10 F1500
;TYPE:External perimeter
;WIDTH:0.675
G1 F1546.195
G1 X148.598 Y85.338 E.00581
G1 X149.529 Y85.365 E.06011
G1 X150.555 Y85.445 E.06641
G1 X151.576 Y85.58 E.06646
G1 X152.589 Y85.768 E.06649
G1 X153.255 Y85.921 E.0441
G1 X154.249 Y86.197 E.06657
G1 X155.225 Y86.523 E.0664
G1 X156.183 Y86.901 E.06646
G1 X157.12 Y87.328 E.06645
G1 X157.817 Y87.686 E.05057
G1 X158.627 Y88.146 E.06011
G1 X159.496 Y88.7 E.06651
G1 X160.056 Y89.092 E.04411
G1 X160.874 Y89.719 E.06651
G1 X161.657 Y90.388 E.06646
G1 X162.403 Y91.097 E.06642
G1 X163.112 Y91.843 E.06642
G1 X163.781 Y92.626 E.06646
G1 X164.408 Y93.443 E.06646
G1 X164.855 Y94.087 E.05059
G1 X165.354 Y94.873 E.06008
G1 X165.861 Y95.769 E.06644
G1 X166.32 Y96.69 E.06641
G1 X166.731 Y97.636 E.06656
G1 X166.976 Y98.274 E.0441
G1 X167.303 Y99.251 E.06649
G1 X167.578 Y100.243 E.06643
G1 X167.801 Y101.248 E.06643
G1 X167.971 Y102.265 E.06654
G1 X168.055 Y102.943 E.04409
G1 X168.135 Y103.971 E.06654
G1 X168.162 Y105 E.06643
G1 X168.135 Y106.03 E.06649
G1 X168.088 Y106.712 E.04412
G1 X167.971 Y107.736 E.06651
G1 X167.801 Y108.752 E.06648
G1 X167.578 Y109.757 E.06643
G1 X167.303 Y110.749 E.06643
G1 X166.977 Y111.725 E.0664
G1 X166.599 Y112.684 E.06652
G1 X166.321 Y113.308 E.04408
G1 X165.861 Y114.231 E.06655
G1 X165.354 Y115.127 E.06644
G1 X164.8 Y115.996 E.06651
G1 X164.408 Y116.556 E.04411
G1 X163.781 Y117.374 E.06651
G1 X163.112 Y118.157 E.06646
G1 X162.402 Y118.904 E.06651
G1 X161.911 Y119.379 E.04409
G1 X161.139 Y120.062 E.06652
G1 X160.333 Y120.703 E.06646
G1 X159.495 Y121.301 E.06644
G1 X158.627 Y121.854 E.06642
G1 X157.731 Y122.361 E.06644
G1 X156.81 Y122.82 E.06641
G1 X155.864 Y123.231 E.06656
G1 X155.226 Y123.476 E.0441
G1 X154.249 Y123.803 E.06649
G1 X153.257 Y124.078 E.06643
G1 X152.252 Y124.301 E.06643
G1 X151.235 Y124.471 E.06654
G1 X150.557 Y124.555 E.04409
G1 X149.529 Y124.635 E.06654
G1 X148.499 Y124.662 E.06649
G1 X147.815 Y124.65 E.04415
G1 X146.786 Y124.588 E.06652
G1 X145.764 Y124.471 E.06638
G1 X144.747 Y124.301 E.06654
G1 X144.078 Y124.159 E.04413
G1 X143.08 Y123.901 E.06652
G1 X142.099 Y123.591 E.06639
G1 X141.134 Y123.231 E.06647
G1 X140.19 Y122.82 E.06644
G1 X139.269 Y122.361 E.06641
G1 X138.372 Y121.853 E.06652
G1 X137.709 Y121.436 E.05054
G1 X136.943 Y120.907 E.06007
G1 X136.126 Y120.281 E.06642
G1 X135.343 Y119.612 E.06646
G1 X134.597 Y118.903 E.06642
G1 X133.888 Y118.157 E.06642
G1 X133.218 Y117.373 E.06655
G1 X132.798 Y116.834 E.0441
G1 X132.199 Y115.995 E.06653
G1 X131.646 Y115.127 E.06642
G1 X131.139 Y114.231 E.06644
G1 X130.679 Y113.309 E.06649
G1 X130.363 Y112.592 E.05056
G1 X130.023 Y111.725 E.0601
G1 X129.697 Y110.749 E.0664
G1 X129.422 Y109.757 E.06643
G1 X129.199 Y108.752 E.06643
G1 X129.029 Y107.736 E.06648
G1 X128.936 Y106.958 E.05056
G1 X128.865 Y106.029 E.06013
G1 X128.838 Y105 E.06643
G1 X128.865 Y103.971 E.06643
G1 X128.945 Y102.945 E.06641
M73 P33 R12
G1 X129.08 Y101.924 E.06646
G1 X129.268 Y100.911 E.06649
G1 X129.421 Y100.245 E.0441
G1 X129.697 Y99.251 E.06657
G1 X130.023 Y98.275 E.0664
G1 X130.401 Y97.316 E.06652
G1 X130.722 Y96.602 E.05052
G1 X131.139 Y95.769 E.06012
G1 X131.646 Y94.873 E.06644
G1 X132.199 Y94.005 E.06642
G1 X132.798 Y93.166 E.06653
G1 X133.218 Y92.627 E.0441
G1 X133.888 Y91.843 E.06655
G1 X134.597 Y91.097 E.06642
G1 X135.343 Y90.388 E.06642
G1 X136.126 Y89.719 E.06646
G1 X136.944 Y89.092 E.06651
G1 X137.587 Y88.645 E.05054
G1 X138.373 Y88.146 E.06008
G1 X139.269 Y87.639 E.06644
G1 X140.19 Y87.18 E.06641
G1 X141.136 Y86.769 E.06656
G1 X141.774 Y86.524 E.0441
G1 X142.751 Y86.197 E.06649
G1 X143.743 Y85.922 E.06643
G1 X144.748 Y85.699 E.06643
G1 X145.764 Y85.529 E.06648
G1 X146.786 Y85.412 E.06638
G1 X147.815 Y85.35 E.06652
G1 X148.478 Y85.34 E.04279
G1 X149.078 Y85.352 F12000
G1 X148.502 Y86.009
;TYPE:Perimeter
G1 E-20 F1500
G1 Z6.6 F300.0
G1 F12000.0
T1
G1 Z1.6 F300.0
G1 E40.0 F1500
G1 F12000.0
;WIDTH:0.8
G1 F1281.916
G1 X148.594 Y86.007 E.00716
G1 X149.493 Y86.033 E.07
G1 X150.485 Y86.111 E.07745
G1 X151.471 Y86.241 E.07741
G1 X152.453 Y86.423 E.07774
G1 X153.091 Y86.57 E.05096
G1 X154.053 Y86.837 E.07771
G1 X154.996 Y87.152 E.07739
G1 X155.921 Y87.517 E.0774
G1 X156.829 Y87.93 E.07764
G1 X157.499 Y88.274 E.05862
G1 X158.281 Y88.719 E.07003
G1 X159.125 Y89.256 E.07786
G1 X159.661 Y89.631 E.05092
G1 X160.453 Y90.239 E.07772
G1 X161.209 Y90.885 E.0774
G1 X161.93 Y91.57 E.07741
G1 X162.615 Y92.291 E.07741
G1 X163.261 Y93.047 E.0774
G1 X163.868 Y93.838 E.07761
G1 X164.298 Y94.457 E.05867
G1 X164.78 Y95.217 E.07005
G1 X165.27 Y96.083 E.07745
G1 X165.714 Y96.973 E.07742
G1 X166.112 Y97.889 E.07774
G1 X166.346 Y98.5 E.05093
G1 X166.663 Y99.447 E.07773
G1 X166.929 Y100.405 E.07739
G1 X167.144 Y101.376 E.07741
G1 X167.309 Y102.361 E.07774
G1 X167.389 Y103.01 E.0509
G1 X167.428 Y103.51 E.03904
G1 X167.493 Y105 E.11609
G1 X167.467 Y105.998 E.07771
G1 X167.422 Y106.651 E.05095
G1 X167.308 Y107.643 E.07772
G1 X167.144 Y108.624 E.07742
G1 X166.929 Y109.595 E.07741
G1 X166.663 Y110.553 E.07739
G1 X166.348 Y111.496 E.07739
G1 X165.982 Y112.425 E.07772
G1 X165.716 Y113.023 E.05094
G1 X165.27 Y113.917 E.07776
G1 X164.78 Y114.782 E.07738
G1 X164.244 Y115.625 E.07776
G1 X163.869 Y116.161 E.05092
G1 X163.261 Y116.953 E.07772
G1 X162.615 Y117.709 E.0774
G1 X161.927 Y118.433 E.07774
G1 X161.457 Y118.888 E.05092
G1 X160.709 Y119.55 E.07775
G1 X159.931 Y120.169 E.07739
G1 X159.121 Y120.746 E.07741
G1 X158.282 Y121.28 E.07741
G1 X157.417 Y121.77 E.07738
G1 X156.527 Y122.214 E.07742
G1 X155.611 Y122.612 E.07774
G1 X155 Y122.846 E.05093
G1 X154.053 Y123.163 E.07773
G1 X153.095 Y123.429 E.07739
G1 X152.124 Y123.644 E.07741
G1 X151.139 Y123.809 E.07774
G1 X150.49 Y123.889 E.0509
G1 X149.494 Y123.967 E.07776
G1 X148.496 Y123.993 E.07771
G1 X147.842 Y123.982 E.05091
G1 X146.845 Y123.921 E.07775
G1 X145.857 Y123.808 E.0774
G1 X144.872 Y123.644 E.07772
G1 X144.232 Y123.508 E.05093
G1 X143.265 Y123.258 E.07774
G1 X142.316 Y122.959 E.07745
G1 X141.385 Y122.61 E.07739
G1 X140.473 Y122.214 E.07739
G1 X139.583 Y121.77 E.07742
G1 X138.715 Y121.279 E.07762
G1 X138.077 Y120.878 E.05865
G1 X137.337 Y120.366 E.07004
G1 X136.547 Y119.761 E.07745
G1 X135.791 Y119.115 E.0774
G1 X135.07 Y118.43 E.07741
G1 X134.385 Y117.709 E.07741
G1 X133.737 Y116.95 E.07768
G1 X133.334 Y116.434 E.05096
G1 X132.754 Y115.621 E.07773
G1 X132.22 Y114.782 E.07741
G1 X131.73 Y113.917 E.07738
G1 X131.285 Y113.024 E.07766
G1 X130.981 Y112.335 E.05862
G1 X130.652 Y111.497 E.07007
G1 X130.337 Y110.553 E.07746
G1 X130.071 Y109.595 E.07739
G1 X129.856 Y108.624 E.07741
G1 X129.691 Y107.641 E.07758
G1 X129.602 Y106.892 E.05871
G1 X129.533 Y105.995 E.07003
G1 X129.507 Y105 E.07747
G1 X129.533 Y104.006 E.0774
G1 X129.611 Y103.015 E.07737
G1 X129.741 Y102.029 E.07741
G1 X129.923 Y101.047 E.07774
G1 X130.07 Y100.409 E.05096
G1 X130.337 Y99.447 E.07771
G1 X130.652 Y98.504 E.07739
G1 X131.018 Y97.576 E.07765
G1 X131.326 Y96.889 E.0586
G1 X131.729 Y96.084 E.07007
G1 X132.22 Y95.218 E.07749
G1 X132.754 Y94.379 E.07741
G1 X133.334 Y93.566 E.07773
G1 X133.737 Y93.05 E.05096
G1 X134.385 Y92.291 E.07768
G1 X135.07 Y91.57 E.07741
G1 X135.791 Y90.885 E.07741
G1 X136.547 Y90.239 E.0774
G1 X137.338 Y89.632 E.07761
G1 X137.957 Y89.202 E.05867
G1 X138.717 Y88.72 E.07005
G1 X139.583 Y88.23 E.07745
G1 X140.473 Y87.786 E.07742
G1 X141.389 Y87.388 E.07774
G1 X142 Y87.153 E.05095
G1 X142.947 Y86.837 E.07771
G1 X143.905 Y86.571 E.07739
G1 X144.876 Y86.356 E.07741
G1 X145.857 Y86.192 E.07742
G1 X146.845 Y86.079 E.0774
G1 X147.84 Y86.018 E.07759
G1 X148.472 Y86.009 E.0492
G1 X148.496 Y86.74 F12000
G1 F1281.916
G1 X148.588 Y86.739 E.00716
G1 X149.454 Y86.763 E.06743
G1 X150.409 Y86.838 E.07456
G1 X151.357 Y86.963 E.07443
G1 X152.304 Y87.139 E.07497
G1 X152.911 Y87.279 E.04849
G1 X153.839 Y87.536 E.07495
G1 X154.746 Y87.84 E.07446
G1 X155.635 Y88.19 E.07437
G1 X156.51 Y88.588 E.07482
G1 X157.151 Y88.918 E.05612
G1 X157.904 Y89.346 E.06742
G1 X158.718 Y89.864 E.0751
G1 X159.228 Y90.221 E.04846
G1 X159.992 Y90.808 E.07499
G1 X160.719 Y91.429 E.07442
G1 X161.413 Y92.087 E.07444
G1 X162.071 Y92.781 E.07444
G1 X162.692 Y93.508 E.07442
G1 X163.277 Y94.27 E.07477
G1 X163.689 Y94.862 E.05614
G1 X164.153 Y95.593 E.06739
G1 X164.624 Y96.427 E.07455
G1 X165.051 Y97.282 E.07439
G1 X165.435 Y98.166 E.07502
G1 X165.658 Y98.747 E.04844
G1 X165.964 Y99.661 E.07502
G1 X166.219 Y100.582 E.07438
G1 X166.426 Y101.515 E.07439
G1 X166.534 Y102.159 E.05083
G1 X166.623 Y102.775 E.04845
G1 X166.699 Y103.568 E.06201
G1 X166.762 Y105 E.11157
G1 X166.737 Y105.963 E.07498
G1 X166.693 Y106.584 E.04846
G1 X166.584 Y107.542 E.07505
G1 X166.426 Y108.484 E.07435
G1 X166.219 Y109.418 E.07446
G1 X165.964 Y110.339 E.07438
G1 X165.66 Y111.246 E.07446
G1 X165.307 Y112.142 E.07496
G1 X165.054 Y112.711 E.04847
G1 X164.624 Y113.573 E.07498
G1 X164.153 Y114.406 E.07449
G1 X163.636 Y115.218 E.07493
G1 X163.279 Y115.728 E.04846
G1 X162.692 Y116.493 E.07505
G1 X162.071 Y117.22 E.07442
G1 X161.408 Y117.918 E.07493
G1 X160.96 Y118.351 E.0485
G1 X160.238 Y118.989 E.075
G1 X159.49 Y119.584 E.0744
G1 X158.712 Y120.14 E.07443
G1 X157.906 Y120.653 E.07437
G1 X157.073 Y121.124 E.07449
G1 X156.218 Y121.551 E.07439
G1 X155.334 Y121.935 E.07502
G1 X154.753 Y122.158 E.04844
G1 X153.839 Y122.464 E.07502
G1 X152.918 Y122.719 E.07438
G1 X151.985 Y122.926 E.07439
G1 X151.034 Y123.085 E.07505
G1 X150.416 Y123.161 E.04847
G1 X149.456 Y123.237 E.07496
G1 X148.492 Y123.262 E.07506
G1 X147.87 Y123.251 E.04842
G1 X146.908 Y123.192 E.07502
G1 X145.958 Y123.084 E.07442
G1 X145.008 Y122.925 E.07497
G1 X144.399 Y122.796 E.04845
G1 X143.466 Y122.554 E.07502
G1 X142.555 Y122.267 E.07435
G1 X141.659 Y121.932 E.07446
G1 X140.782 Y121.551 E.07443
G1 X139.927 Y121.124 E.07439
G1 X139.09 Y120.651 E.07483
G1 X138.48 Y120.267 E.05611
G1 X137.767 Y119.775 E.06743
G1 X137.008 Y119.192 E.07449
G1 X136.281 Y118.571 E.07442
G1 X135.587 Y117.913 E.07444
G1 X134.929 Y117.219 E.07444
G1 X134.303 Y116.487 E.07497
G1 X133.92 Y115.996 E.04847
G1 X133.36 Y115.212 E.07499
G1 X132.847 Y114.405 E.07443
G1 X132.376 Y113.573 E.07442
G1 X131.947 Y112.713 E.07481
G1 X131.656 Y112.054 E.05607
G1 X131.34 Y111.247 E.06746
G1 X131.036 Y110.339 E.07453
G1 X130.781 Y109.418 E.07438
G1 X130.574 Y108.485 E.07439
G1 X130.415 Y107.537 E.07482
G1 X130.33 Y106.821 E.05612
G1 X130.263 Y105.957 E.06745
G1 X130.238 Y105 E.07452
G1 X130.263 Y104.044 E.07444
G1 X130.338 Y103.091 E.07441
G1 X130.463 Y102.143 E.07443
G1 X130.639 Y101.196 E.07497
G1 X130.779 Y100.589 E.04849
G1 X131.036 Y99.661 E.07495
G1 X131.34 Y98.754 E.07446
G1 X131.692 Y97.86 E.07479
G1 X131.987 Y97.202 E.05613
G1 X132.375 Y96.428 E.06739
G1 X132.847 Y95.595 E.07452
G1 X133.36 Y94.788 E.07443
G1 X133.92 Y94.004 E.07499
M73 P34 R12
G1 X134.303 Y93.513 E.04847
G1 X134.929 Y92.781 E.07497
G1 X135.587 Y92.087 E.07444
G1 X136.281 Y91.429 E.07444
G1 X137.007 Y90.808 E.07436
G1 X137.77 Y90.223 E.07484
G1 X138.362 Y89.811 E.05614
G1 X139.093 Y89.347 E.06739
G1 X139.927 Y88.876 E.07455
G1 X140.782 Y88.449 E.07439
G1 X141.666 Y88.065 E.07502
G1 X142.247 Y87.842 E.04844
G1 X143.161 Y87.536 E.07502
G1 X144.082 Y87.281 E.07438
G1 X145.015 Y87.074 E.07439
G1 X145.958 Y86.916 E.07442
G1 X146.908 Y86.808 E.07442
G1 X147.867 Y86.749 E.07479
G1 X148.466 Y86.741 E.04663
G1 X148.49 Y87.472 F12000
G1 F1281.916
G1 X148.583 Y87.47 E.00724
G1 X149.415 Y87.494 E.06479
G1 X150.332 Y87.566 E.0716
G1 X151.242 Y87.686 E.07144
G1 X152.155 Y87.855 E.07227
G1 X152.731 Y87.988 E.04601
G1 X153.625 Y88.236 E.07221
G1 X154.496 Y88.527 E.07148
G1 X155.35 Y88.863 E.07143
G1 X156.191 Y89.247 E.07196
G1 X156.803 Y89.561 E.05354
G1 X157.527 Y89.972 E.0648
G1 X158.312 Y90.473 E.07249
G1 X158.795 Y90.811 E.04589
G1 X159.532 Y91.376 E.07228
G1 X160.23 Y91.973 E.07149
G1 X160.896 Y92.604 E.07141
G1 X161.527 Y93.27 E.07141
G1 X162.124 Y93.968 E.07149
G1 X162.686 Y94.701 E.07189
G1 X163.079 Y95.267 E.05363
G1 X163.525 Y95.969 E.06474
G1 X163.978 Y96.77 E.07163
G1 X164.388 Y97.591 E.07143
G1 X164.758 Y98.443 E.0723
G1 X164.97 Y98.994 E.04595
G1 X165.264 Y99.875 E.07229
G1 X165.509 Y100.759 E.0714
G1 X165.708 Y101.655 E.07144
G1 X165.813 Y102.28 E.04933
G1 X165.897 Y102.864 E.04592
G1 X165.97 Y103.625 E.05951
G1 X166.03 Y105 E.10713
G1 X166.006 Y105.928 E.07226
G1 X165.965 Y106.517 E.04596
G1 X165.86 Y107.44 E.07231
G1 X165.708 Y108.345 E.07143
G1 X165.509 Y109.241 E.07144
G1 X165.264 Y110.125 E.0714
G1 X164.973 Y110.996 E.07148
G1 X164.633 Y111.86 E.07227
G1 X164.393 Y112.399 E.04593
G1 X163.978 Y113.23 E.0723
G1 X163.526 Y114.029 E.07145
G1 X163.027 Y114.812 E.07227
G1 X162.689 Y115.295 E.04589
G1 X162.123 Y116.032 E.07233
G1 X161.527 Y116.73 E.07144
G1 X160.888 Y117.404 E.07229
G1 X160.464 Y117.814 E.04591
G1 X159.768 Y118.429 E.07229
G1 X159.05 Y119 E.07141
G1 X158.303 Y119.533 E.07143
G1 X157.529 Y120.026 E.07143
G1 X156.73 Y120.478 E.07145
G1 X155.909 Y120.888 E.07143
G1 X155.057 Y121.258 E.0723
G1 X154.506 Y121.47 E.04595
G1 X153.625 Y121.764 E.07229
G1 X152.741 Y122.009 E.0714
G1 X151.845 Y122.208 E.07144
G1 X150.929 Y122.361 E.07229
G1 X150.343 Y122.433 E.04596
G1 X149.417 Y122.506 E.0723
G1 X148.489 Y122.53 E.07226
G1 X147.899 Y122.52 E.04593
G1 X146.972 Y122.463 E.07229
G1 X146.06 Y122.36 E.07144
G1 X145.144 Y122.206 E.0723
G1 X144.567 Y122.084 E.0459
G1 X143.668 Y121.851 E.07229
G1 X142.793 Y121.575 E.07142
G1 X141.933 Y121.254 E.07145
G1 X141.091 Y120.888 E.07146
G1 X140.27 Y120.478 E.07143
G1 X139.465 Y120.023 E.07197
G1 X138.883 Y119.656 E.05356
G1 X138.198 Y119.184 E.06475
G1 X137.468 Y118.624 E.07161
G1 X136.77 Y118.027 E.07149
G1 X136.104 Y117.396 E.07141
G1 X135.473 Y116.73 E.07141
G1 X134.869 Y116.024 E.07232
G1 X134.506 Y115.559 E.04592
G1 X133.967 Y114.803 E.07227
G1 X133.474 Y114.029 E.07143
G1 X133.022 Y113.23 E.07145
G1 X132.609 Y112.403 E.07195
G1 X132.331 Y111.773 E.0536
G1 X132.028 Y110.998 E.06477
G1 X131.736 Y110.125 E.07165
G1 X131.491 Y109.241 E.0714
G1 X131.292 Y108.345 E.07144
G1 X131.139 Y107.433 E.07198
G1 X131.058 Y106.749 E.05361
G1 X130.994 Y105.92 E.06472
G1 X130.97 Y105 E.07163
G1 X130.994 Y104.083 E.0714
G1 X131.066 Y103.168 E.07144
G1 X131.186 Y102.258 E.07144
G1 X131.355 Y101.345 E.07227
G1 X131.488 Y100.769 E.04601
G1 X131.736 Y99.875 E.07221
G1 X132.027 Y99.004 E.07148
G1 X132.366 Y98.144 E.07195
G1 X132.648 Y97.516 E.05358
G1 X133.021 Y96.772 E.06478
G1 X133.474 Y95.971 E.07163
G1 X133.967 Y95.197 E.07143
G1 X134.506 Y94.441 E.07227
G1 X134.869 Y93.976 E.04592
G1 X135.473 Y93.27 E.07232
G1 X136.104 Y92.604 E.07141
G1 X136.77 Y91.973 E.07141
G1 X137.468 Y91.377 E.07144
G1 X138.201 Y90.814 E.07194
G1 X138.767 Y90.421 E.05363
G1 X139.469 Y89.975 E.06474
G1 X140.27 Y89.522 E.07163
G1 X141.091 Y89.112 E.07143
G1 X141.943 Y88.742 E.0723
G1 X142.494 Y88.53 E.04595
G1 X143.375 Y88.236 E.07229
G1 X144.259 Y87.991 E.0714
G1 X145.155 Y87.792 E.07144
G1 X146.06 Y87.64 E.07143
G1 X146.972 Y87.537 E.07144
G1 X147.895 Y87.48 E.07198
G1 X148.46 Y87.472 E.04398
G1 E-8 F1500
G1 Z1.8 F3000
G1 X135.712 Y116.514 F12000
G1 Z1.6 F3000
G1 E10 F1500
;TYPE:Solid infill
G1 E-20 F1500
G1 Z6.6 F300.0
G1 F12000.0
T0
G1 Z1.6 F300.0
G1 E22.0 F1500
G1 F12000.0
;WIDTH:0.578673
G1 F1838.235
G1 X136.986 Y117.788 E.0978
G1 X135.924 Y116.731 E.08133
G1 E-8 F1500
G1 Z1.8 F3000
G1 X134.043 Y114.09 F12000
G1 Z1.6 F3000
G1 E10 F1500
G1 F1838.235
G1 X133.998 Y114.135 E.00345
G1 X134.014 Y114.197 E.00348
G1 X134.076 Y114.213 E.00348
G1 X134.121 Y114.168 E.00345
G1 X134.104 Y114.107 E.00344
;WIDTH:0.626836
G1 F1679.615
G1 X134.255 Y114.344 E.01669
;WIDTH:0.675
G1 F1546.195
G1 X134.405 Y114.581 E.0181
G1 X138.908 Y119.083 E.41091
G1 X139.114 Y119.227 E.01622
;WIDTH:0.626836
G1 F1679.615
G1 X139.32 Y119.371 E.01493
;WIDTH:0.578673
G1 F1838.235
G1 X139.275 Y119.416 E.00345
G1 X139.291 Y119.477 E.00342
G1 X139.353 Y119.494 E.00349
G1 X139.398 Y119.449 E.00345
G1 X139.381 Y119.387 E.00349
G1 E-8 F1500
G1 Z1.8 F3000
G1 X141.437 Y120.539 F12000
G1 Z1.6 F3000
G1 E10 F1500
G1 F1838.235
G1 X141.453 Y120.601 E.00348
G1 X141.408 Y120.646 E.00345
G1 X141.346 Y120.63 E.00348
G1 X141.33 Y120.568 E.00348
G1 X141.375 Y120.523 E.00345
;WIDTH:0.626836
G1 F1679.615
G1 X141.169 Y120.402 E.01419
;WIDTH:0.675
G1 F1546.195
G1 X140.963 Y120.28 E.01545
G1 X133.22 Y112.537 E.70665
G1 X133.091 Y112.3 E.01741
;WIDTH:0.626836
G1 F1679.615
G1 X132.963 Y112.063 E.016
;WIDTH:0.578673
G1 F1838.235
G1 X132.98 Y112.125 E.00349
G1 X132.934 Y112.17 E.00349
G1 X132.873 Y112.154 E.00342
G1 X132.856 Y112.092 E.00349
G1 X132.901 Y112.047 E.00345
;WIDTH:0.675
G1 F1546.195
G1 X132.558 Y111.018 E.07
G1 X142.478 Y120.939 E.90538
G1 X142.685 Y121.046 E.01504
;WIDTH:0.626836
G1 F1679.615
G1 X142.891 Y121.153 E.01379
;WIDTH:0.578673
G1 F1838.235
G1 X142.846 Y121.198 E.00345
G1 X142.862 Y121.26 E.00348
G1 X142.924 Y121.276 E.00348
G1 X142.969 Y121.231 E.00345
G1 X142.952 Y121.169 E.00349
G1 E-8 F1500
G1 Z1.8 F3000
G1 X144.784 Y121.866 F12000
G1 Z1.6 F3000
G1 E10 F1500
M73 P35 R12
G1 F1838.235
G1 X144.009 Y121.672 E.04337
;WIDTH:0.626836
G1 F1679.615
G1 X143.89 Y121.523 E.01133
;WIDTH:0.675
G1 F1546.195
G1 X143.771 Y121.374 E.01231
G1 X132.132 Y109.735 E1.06221
G1 X131.844 Y108.589 E.07625
G1 X144.915 Y121.661 E1.19295
G1 X145.963 Y121.85 E.06872
G1 X131.65 Y107.537 E1.30625
G1 X131.531 Y106.561 E.06345
G1 X146.94 Y121.971 E1.40632
G1 X147.858 Y122.031 E.05937
G1 X131.473 Y105.646 E1.49535
G1 X131.462 Y104.777 E.05608
G1 X148.723 Y122.038 E1.57529
G1 X149.55 Y122.008 E.0534
G1 X131.492 Y103.95 E1.64803
G1 X131.557 Y103.158 E.05128
G1 X150.343 Y121.944 E1.71447
G1 X151.097 Y121.84 E.04912
G1 X131.657 Y102.4 E1.77416
G1 X131.788 Y101.674 E.04761
G1 X151.828 Y121.714 E1.82892
G1 X152.53 Y121.558 E.04641
G1 X131.94 Y100.969 E1.87906
G1 X132.124 Y100.294 E.04515
G1 X153.206 Y121.376 E1.92401
G1 X153.86 Y121.173 E.04419
M73 P36 R12
G1 X132.327 Y99.64 E1.96517
G1 X132.549 Y99.005 E.04341
G1 X154.497 Y120.952 E2.003
G1 X155.108 Y120.706 E.04251
G1 X132.791 Y98.39 E2.03668
G1 X133.055 Y97.796 E.04195
G1 X155.705 Y120.446 E2.06711
G1 X156.278 Y120.161 E.0413
G1 X133.339 Y97.222 E2.09349
G1 X133.639 Y96.665 E.04083
G1 X156.835 Y119.861 E2.11694
G1 X157.378 Y119.546 E.04051
G1 X133.954 Y96.122 E2.13775
G1 X134.288 Y95.598 E.0401
G1 X157.902 Y119.212 E2.15509
G1 X158.408 Y118.861 E.03974
M73 P37 R12
G1 X134.639 Y95.092 E2.16924
G1 X135.001 Y94.597 E.03957
M73 P37 R11
G1 X158.901 Y118.497 E2.18119
G1 X159.379 Y118.117 E.03941
G1 X135.384 Y94.122 E2.18986
G1 X135.779 Y93.66 E.03923
G1 X159.838 Y117.719 E2.1957
G1 X160.286 Y117.309 E.03919
G1 X136.193 Y93.217 E2.19876
G1 X136.619 Y92.785 E.03915
G1 X160.715 Y116.881 E2.19908
G1 X161.132 Y116.441 E.03912
G1 X137.059 Y92.368 E2.19698
G1 X137.52 Y91.971 E.03926
G1 X161.529 Y115.98 E2.19114
G1 X161.914 Y115.507 E.03936
G1 X137.993 Y91.586 E2.18311
G1 X138.478 Y91.214 E.03944
M73 P38 R11
G1 X162.286 Y115.022 E2.1728
G1 X162.639 Y114.517 E.03976
G1 X138.983 Y90.862 E2.15888
G1 X139.506 Y90.527 E.04008
G1 X162.972 Y113.994 E2.14163
G1 X163.292 Y113.456 E.0404
G1 X140.044 Y90.208 E2.12169
G1 X140.596 Y89.902 E.04073
G1 X163.598 Y112.904 E2.09924
G1 X163.883 Y112.332 E.04124
G1 X141.168 Y89.617 E2.07304
G1 X141.76 Y89.351 E.04188
G1 X164.152 Y111.744 E2.04361
G1 X164.397 Y111.131 E.0426
G1 X142.366 Y89.1 E2.01062
G1 X142.998 Y88.874 E.04331
M73 P39 R11
G1 X164.626 Y110.502 E1.97384
G1 X164.835 Y109.854 E.04394
G1 X143.646 Y88.665 E1.93378
G1 X144.317 Y88.479 E.04493
G1 X165.021 Y109.183 E1.88951
G1 X165.18 Y108.483 E.04632
G1 X145.017 Y88.32 E1.84014
G1 X145.74 Y88.187 E.04744
G1 X165.313 Y107.76 E1.7863
G1 X165.42 Y107.008 E.04902
G1 X146.492 Y88.08 E1.72743
G1 X147.274 Y88.005 E.0507
G1 X165.498 Y106.229 E1.66318
G1 X165.533 Y105.407 E.05309
G1 X148.092 Y87.966 E1.59172
G1 X148.95 Y87.967 E.05537
G1 X165.532 Y104.549 E1.51333
G1 X165.484 Y103.643 E.05855
G1 X149.857 Y88.016 E1.42617
G1 X150.819 Y88.12 E.06244
G1 X165.386 Y102.688 E1.32948
G1 X165.21 Y101.654 E.06769
M73 P40 R11
G1 X151.848 Y88.292 E1.21946
G1 X152.019 Y88.092 E.01698
;WIDTH:0.578673
G1 F1838.235
G1 X152.734 Y88.259 E.03986
;WIDTH:0.675
G1 F1546.195
G1 X152.973 Y88.559 E.02475
G1 X164.941 Y100.527 E1.09224
G1 X164.802 Y99.65 E.0573
;WIDTH:0.578673
G1 F1838.235
G1 X164.757 Y99.695 E.00345
G1 X164.774 Y99.757 E.00349
G1 X164.835 Y99.773 E.00342
G1 X164.881 Y99.728 E.00349
G1 X164.864 Y99.666 E.00349
;WIDTH:0.626836
G1 F1679.615
G1 X164.709 Y99.475 E.01461
;WIDTH:0.675
G1 F1546.195
G1 X164.554 Y99.283 E.01592
G1 X154.217 Y88.946 E.94339
G1 X154.025 Y88.793 E.01584
;WIDTH:0.626836
G1 F1679.615
G1 X153.834 Y88.64 E.01454
;WIDTH:0.578673
G1 F1838.235
G1 X153.85 Y88.702 E.00348
G1 X153.805 Y88.747 E.00345
G1 X153.743 Y88.73 E.00349
G1 X153.727 Y88.669 E.00342
G1 X153.772 Y88.623 E.00349
G1 E-8 F1500
G1 Z1.8 F3000
G1 X155.228 Y89.186 F12000
G1 Z1.6 F3000
G1 E10 F1500
G1 F1838.235
G1 X155.183 Y89.231 E.00345
G1 X155.2 Y89.293 E.00349
G1 X155.261 Y89.309 E.00342
G1 X155.306 Y89.264 E.00345
G1 X155.29 Y89.203 E.00342
;WIDTH:0.626836
G1 F1679.615
G1 X155.482 Y89.374 E.01527
;WIDTH:0.675
G1 F1546.195
G1 X155.674 Y89.545 E.01659
G1 X163.964 Y97.835 E.75657
G1 X164.102 Y98.019 E.01484
;WIDTH:0.626836
G1 F1679.615
G1 X164.239 Y98.203 E.01363
;WIDTH:0.578673
G1 F1838.235
G1 X164.194 Y98.248 E.00345
G1 X164.211 Y98.309 E.00344
G1 X164.272 Y98.326 E.00344
G1 X164.317 Y98.281 E.00345
G1 X164.301 Y98.219 E.00348
G1 E-8 F1500
G1 Z1.8 F3000
G1 X163.319 Y96.338 F12000
G1 Z1.6 F3000
G1 E10 F1500
G1 F1838.235
G1 X163.336 Y96.399 E.00344
G1 X163.291 Y96.444 E.00345
G1 X163.229 Y96.428 E.00348
G1 X163.213 Y96.366 E.00348
G1 X163.258 Y96.321 E.00345
;WIDTH:0.626836
G1 F1679.615
G1 X163.099 Y96.138 E.0144
;WIDTH:0.675
G1 F1546.195
G1 X162.94 Y95.954 E.01569
G1 X157.357 Y90.372 E.50948
;WIDTH:0.626836
G1 F1679.615
G1 X157.165 Y90.182 E.01605
;WIDTH:0.578673
G1 F1838.235
G1 X157.181 Y90.244 E.00348
G1 X157.136 Y90.289 E.00345
G1 X157.075 Y90.272 E.00344
G1 X157.058 Y90.211 E.00344
G1 X157.103 Y90.166 E.00345
G1 E-8 F1500
G1 Z1.8 F3000
G1 X158.622 Y91.049 F12000
G1 Z1.6 F3000
G1 E10 F1500
G1 F1838.235
G1 X159.309 Y91.652 E.04962
G1 X160.612 Y92.888 E.09749
G1 X161.848 Y94.191 E.09749
G1 X162.448 Y94.875 E.04939
;LAYER_CHANGE
;Z:1.92
;HEIGHT:0.32

G1 E-8 F1500
G1 Z1.92 F3000
;AFTER_LAYER_CHANGE
;1.92
G92 E0
_ON_LAYER_CHANGE LAYER=6
G1 Z2.12
G1 X148.508 Y85.34 F12000
G1 Z1.92 F3000
G1 E10 F1500
;TYPE:External perimeter
;WIDTH:0.675
G1 F1546.195
G1 X148.62 Y85.339 E.00723
G1 X149.529 Y85.365 E.05868
G1 X150.555 Y85.445 E.06641
G1 X151.576 Y85.58 E.06646
G1 X152.589 Y85.767 E.06648
G1 X153.373 Y85.952 E.05198
G1 X154.248 Y86.197 E.05864
G1 X155.225 Y86.523 E.06647
G1 X156.183 Y86.901 E.06646
G1 X157.119 Y87.328 E.06639
G1 X158.033 Y87.803 E.06647
G1 X158.921 Y88.326 E.06651
G1 X160.056 Y89.092 E.08836
G1 X160.874 Y89.719 E.06651
G1 X161.657 Y90.388 E.06646
G1 X162.404 Y91.098 E.06651
G1 X162.879 Y91.589 E.04409
G1 X163.562 Y92.361 E.06652
G1 X164.203 Y93.167 E.06646
G1 X164.801 Y94.005 E.06644
G1 X165.354 Y94.873 E.06642
G1 X165.861 Y95.769 E.06644
G1 X166.32 Y96.69 E.06641
G1 X166.731 Y97.636 E.06656
G1 X166.976 Y98.274 E.0441
G1 X167.303 Y99.251 E.06649
G1 X167.578 Y100.243 E.06643
G1 X167.801 Y101.248 E.06643
G1 X167.971 Y102.265 E.06654
G1 X168.055 Y102.943 E.04409
G1 X168.135 Y103.971 E.06654
G1 X168.15 Y105.685 E.11061
G1 X168.088 Y106.714 E.06652
G1 X167.971 Y107.736 E.06638
G1 X167.801 Y108.752 E.06648
G1 X167.578 Y109.757 E.06643
G1 X167.303 Y110.749 E.06643
G1 X166.977 Y111.725 E.0664
G1 X166.599 Y112.684 E.06652
G1 X166.321 Y113.308 E.04408
G1 X165.861 Y114.231 E.06655
G1 X165.354 Y115.127 E.06644
G1 X164.801 Y115.995 E.06642
G1 X164.202 Y116.834 E.06653
G1 X163.781 Y117.373 E.04414
G1 X163.112 Y118.157 E.06651
G1 X162.402 Y118.904 E.06651
G1 X161.911 Y119.379 E.04409
G1 X161.139 Y120.062 E.06652
G1 X160.333 Y120.703 E.06646
G1 X159.494 Y121.302 E.06653
G1 X158.921 Y121.674 E.04409
G1 X158.032 Y122.197 E.06656
G1 X157.119 Y122.672 E.06642
G1 X156.183 Y123.099 E.06639
G1 X155.225 Y123.477 E.06646
G1 X154.249 Y123.803 E.0664
G1 X153.257 Y124.078 E.06643
G1 X152.252 Y124.301 E.06643
G1 X151.235 Y124.471 E.06654
G1 X150.557 Y124.555 E.04409
G1 X149.529 Y124.635 E.06654
G1 X148.499 Y124.662 E.06649
G1 X147.815 Y124.65 E.04415
G1 X146.786 Y124.588 E.06652
G1 X145.764 Y124.471 E.06638
G1 X144.747 Y124.301 E.06654
G1 X144.078 Y124.159 E.04413
G1 X143.08 Y123.901 E.06652
G1 X142.099 Y123.591 E.06639
G1 X141.134 Y123.231 E.06647
G1 X140.19 Y122.82 E.06644
G1 X139.269 Y122.361 E.06641
G1 X138.372 Y121.854 E.06649
G1 X137.691 Y121.424 E.05197
G1 X136.943 Y120.907 E.05868
G1 X136.126 Y120.281 E.06642
G1 X135.343 Y119.612 E.06646
G1 X134.597 Y118.903 E.06642
G1 X133.888 Y118.157 E.06642
G1 X133.218 Y117.373 E.06655
G1 X132.798 Y116.834 E.0441
G1 X132.199 Y115.995 E.06653
G1 X131.646 Y115.127 E.06642
G1 X131.139 Y114.231 E.06644
G1 X130.679 Y113.309 E.06649
G1 X130.355 Y112.572 E.05195
G1 X130.024 Y111.725 E.05868
G1 X129.697 Y110.749 E.06643
G1 X129.422 Y109.757 E.06643
G1 X129.199 Y108.752 E.06643
G1 X129.029 Y107.736 E.06648
G1 X128.912 Y106.712 E.06651
G1 X128.865 Y106.03 E.04412
G1 X128.838 Y104.998 E.06662
M73 P41 R11
G1 X128.85 Y104.315 E.04408
G1 X128.912 Y103.286 E.06652
G1 X129.029 Y102.264 E.06638
G1 X129.199 Y101.248 E.06648
G1 X129.422 Y100.242 E.0665
G1 X129.633 Y99.465 E.05196
G1 X129.909 Y98.599 E.05866
G1 X130.269 Y97.634 E.06647
G1 X130.68 Y96.69 E.06644
G1 X131.036 Y95.967 E.05201
G1 X131.472 Y95.169 E.05868
G1 X132.01 Y94.291 E.06645
G1 X132.593 Y93.443 E.06641
G1 X133.219 Y92.626 E.06642
G1 X133.888 Y91.843 E.06646
G1 X134.597 Y91.096 E.06646
G1 X135.179 Y90.539 E.05199
G1 X135.861 Y89.938 E.05866
G1 X136.667 Y89.297 E.06646
G1 X137.505 Y88.699 E.06644
G1 X138.373 Y88.146 E.06642
G1 X139.269 Y87.639 E.06644
G1 X140.19 Y87.18 E.06641
G1 X141.134 Y86.769 E.06644
G1 X142.098 Y86.409 E.06641
G1 X143.08 Y86.099 E.06645
G1 X144.078 Y85.841 E.06652
G1 X144.747 Y85.699 E.04413
G1 X145.764 Y85.529 E.06654
G1 X146.786 Y85.412 E.06638
G1 X147.815 Y85.35 E.06652
G1 X148.478 Y85.341 E.04279
G1 X149.078 Y85.352 F12000
G1 X148.502 Y86.009
;TYPE:Perimeter
G1 E-20 F1500
G1 Z6.92 F300.0
G1 F12000.0
T1
G1 Z1.92 F300.0
G1 E40.0 F1500
G1 F12000.0
;WIDTH:0.8
G1 F1281.916
G1 X148.615 Y86.008 E.0088
G1 X149.493 Y86.033 E.06837
G1 X150.485 Y86.111 E.07745
G1 X151.471 Y86.241 E.07741
G1 X152.451 Y86.422 E.07757
G1 X153.207 Y86.6 E.06045
G1 X154.052 Y86.836 E.06829
G1 X154.996 Y87.152 E.07749
G1 X155.921 Y87.517 E.0774
G1 X156.826 Y87.929 E.0774
G1 X157.708 Y88.388 E.07739
G1 X158.569 Y88.895 E.07777
G1 X159.661 Y89.631 E.1025
G1 X160.453 Y90.239 E.07772
G1 X161.209 Y90.885 E.0774
G1 X161.934 Y91.573 E.0778
G1 X162.388 Y92.043 E.05086
G1 X163.05 Y92.791 E.07775
G1 X163.669 Y93.57 E.07745
G1 X164.246 Y94.379 E.07735
G1 X164.78 Y95.218 E.07741
G1 X165.27 Y96.083 E.07738
G1 X165.714 Y96.973 E.07742
G1 X166.112 Y97.889 E.07774
G1 X166.346 Y98.5 E.05093
G1 X166.663 Y99.447 E.07773
G1 X166.929 Y100.405 E.07739
G1 X167.144 Y101.376 E.07741
G1 X167.309 Y102.361 E.07774
G1 X167.389 Y103.01 E.0509
G1 X167.467 Y104.006 E.07776
G1 X167.482 Y105.658 E.12859
G1 X167.421 Y106.655 E.07775
G1 X167.308 Y107.643 E.0774
G1 X167.144 Y108.624 E.07742
G1 X166.929 Y109.595 E.07741
G1 X166.663 Y110.553 E.07739
G1 X166.348 Y111.496 E.07739
G1 X165.982 Y112.425 E.07772
G1 X165.716 Y113.023 E.05094
G1 X165.27 Y113.917 E.07776
G1 X164.78 Y114.782 E.07738
G1 X164.246 Y115.621 E.07741
G1 X163.666 Y116.434 E.07773
G1 X163.263 Y116.95 E.05096
G1 X162.615 Y117.709 E.07768
G1 X161.927 Y118.433 E.07774
G1 X161.457 Y118.888 E.05092
G1 X160.709 Y119.55 E.07775
G1 X159.93 Y120.169 E.07745
G1 X159.117 Y120.749 E.07773
G1 X158.569 Y121.105 E.05087
G1 X157.708 Y121.612 E.07777
G1 X156.826 Y122.071 E.07739
G1 X155.921 Y122.483 E.0774
G1 X154.996 Y122.848 E.0774
G1 X154.053 Y123.163 E.07739
G1 X153.095 Y123.429 E.07739
G1 X152.124 Y123.644 E.07741
G1 X151.139 Y123.809 E.07774
G1 X150.49 Y123.889 E.0509
G1 X149.494 Y123.967 E.07776
G1 X148.496 Y123.993 E.07771
G1 X147.842 Y123.982 E.05091
G1 X146.845 Y123.921 E.07775
G1 X145.857 Y123.808 E.0774
G1 X144.872 Y123.644 E.07772
G1 X144.232 Y123.508 E.05093
G1 X143.265 Y123.258 E.07774
G1 X142.316 Y122.959 E.07745
G1 X141.385 Y122.61 E.07739
G1 X140.473 Y122.214 E.07739
G1 X139.583 Y121.77 E.07742
G1 X138.716 Y121.279 E.07756
G1 X138.059 Y120.866 E.0604
G1 X137.337 Y120.367 E.06831
G1 X136.547 Y119.761 E.0775
G1 X135.791 Y119.115 E.0774
G1 X135.07 Y118.43 E.07741
G1 X134.385 Y117.709 E.07741
G1 X133.737 Y116.95 E.07768
G1 X133.334 Y116.434 E.05096
G1 X132.754 Y115.621 E.07773
G1 X132.22 Y114.782 E.07741
G1 X131.73 Y113.917 E.07738
G1 X131.285 Y113.025 E.07759
G1 X130.972 Y112.315 E.0604
G1 X130.652 Y111.497 E.06837
G1 X130.337 Y110.553 E.07746
G1 X130.071 Y109.595 E.07739
G1 X129.856 Y108.624 E.07741
G1 X129.692 Y107.643 E.07742
G1 X129.578 Y106.651 E.07772
G1 X129.533 Y105.998 E.05095
G1 X129.507 Y104.996 E.07802
G1 X129.518 Y104.342 E.05091
G1 X129.579 Y103.345 E.07775
G1 X129.692 Y102.357 E.0774
G1 X129.856 Y101.376 E.07742
G1 X130.071 Y100.403 E.07756
G1 X130.275 Y99.654 E.06042
G1 X130.541 Y98.817 E.06836
G1 X130.89 Y97.885 E.07746
G1 X131.287 Y96.971 E.07756
G1 X131.63 Y96.275 E.0604
G1 X132.051 Y95.504 E.06838
G1 X132.571 Y94.656 E.07743
G1 X133.134 Y93.836 E.07742
G1 X133.739 Y93.047 E.07739
G1 X134.385 Y92.291 E.0774
G1 X135.071 Y91.568 E.07758
G1 X135.632 Y91.031 E.06045
G1 X136.29 Y90.451 E.06827
G1 X137.07 Y89.831 E.07756
G1 X137.879 Y89.254 E.07735
G1 X138.718 Y88.72 E.07741
G1 X139.583 Y88.23 E.07738
G1 X140.473 Y87.786 E.07742
G1 X141.385 Y87.39 E.07739
G1 X142.316 Y87.041 E.07739
G1 X143.265 Y86.742 E.07745
G1 X144.232 Y86.492 E.07774
G1 X144.872 Y86.356 E.05093
G1 X145.857 Y86.192 E.07772
G1 X146.845 Y86.079 E.0774
G1 X147.84 Y86.018 E.07759
G1 X148.472 Y86.01 E.0492
G1 X148.496 Y86.741 F12000
G1 F1281.916
G1 X148.61 Y86.739 E.00887
G1 X149.454 Y86.763 E.06572
G1 X150.409 Y86.838 E.07456
G1 X151.357 Y86.963 E.07443
G1 X152.301 Y87.138 E.07473
G1 X153.024 Y87.308 E.05781
G1 X153.837 Y87.536 E.06572
G1 X154.746 Y87.84 E.07461
G1 X155.635 Y88.19 E.07437
G1 X156.505 Y88.586 E.0744
G1 X157.353 Y89.028 E.07443
G1 X158.184 Y89.517 E.07505
G1 X159.228 Y90.221 E.09801
G1 X159.992 Y90.808 E.07499
G1 X160.719 Y91.429 E.07442
G1 X161.419 Y92.092 E.07505
G1 X161.851 Y92.54 E.04844
G1 X162.489 Y93.262 E.075
G1 X163.084 Y94.01 E.0744
G1 X163.64 Y94.788 E.07443
G1 X164.153 Y95.595 E.07443
G1 X164.624 Y96.427 E.07442
G1 X165.051 Y97.282 E.07439
G1 X165.435 Y98.166 E.07502
G1 X165.658 Y98.747 E.04844
G1 X165.964 Y99.661 E.07502
G1 X166.219 Y100.582 E.07438
G1 X166.426 Y101.515 E.07439
G1 X166.585 Y102.466 E.07505
G1 X166.661 Y103.084 E.04847
G1 X166.737 Y104.044 E.07496
G1 X166.751 Y105.63 E.12345
G1 X166.692 Y106.592 E.07502
G1 X166.584 Y107.542 E.07442
G1 X166.426 Y108.484 E.07435
G1 X166.219 Y109.418 E.07446
G1 X165.964 Y110.339 E.07438
G1 X165.66 Y111.246 E.07446
G1 X165.307 Y112.142 E.07496
G1 X165.054 Y112.711 E.04847
G1 X164.624 Y113.573 E.07498
G1 X164.153 Y114.405 E.07442
G1 X163.64 Y115.212 E.07443
G1 X163.08 Y115.996 E.07499
G1 X162.697 Y116.487 E.04847
G1 X162.071 Y117.22 E.07503
G1 X161.408 Y117.918 E.07493
G1 X160.96 Y118.351 E.0485
G1 X160.238 Y118.989 E.075
G1 X159.49 Y119.584 E.0744
G1 X158.706 Y120.144 E.07499
G1 X158.184 Y120.483 E.04845
G1 X157.353 Y120.972 E.07505
G1 X156.505 Y121.414 E.07443
G1 X155.635 Y121.81 E.0744
G1 X154.746 Y122.16 E.07437
G1 X153.839 Y122.464 E.07446
G1 X152.918 Y122.719 E.07438
G1 X151.985 Y122.926 E.07439
G1 X151.034 Y123.085 E.07505
G1 X150.416 Y123.161 E.04847
G1 X149.456 Y123.237 E.07496
G1 X148.492 Y123.262 E.07506
G1 X147.87 Y123.251 E.04842
G1 X146.908 Y123.192 E.07502
G1 X145.958 Y123.084 E.07442
G1 X145.008 Y122.925 E.07497
G1 X144.399 Y122.796 E.04845
G1 X143.466 Y122.554 E.07502
G1 X142.555 Y122.267 E.07435
G1 X141.659 Y121.932 E.07446
G1 X140.782 Y121.551 E.07443
G1 X139.927 Y121.124 E.07439
G1 X139.091 Y120.651 E.07476
G1 X138.462 Y120.255 E.05785
G1 X137.768 Y119.775 E.06568
G1 X137.008 Y119.192 E.07456
G1 X136.281 Y118.571 E.07442
G1 X135.587 Y117.913 E.07444
G1 X134.929 Y117.219 E.07444
G1 X134.303 Y116.487 E.07497
G1 X133.92 Y115.996 E.04847
G1 X133.36 Y115.212 E.07499
G1 X132.847 Y114.405 E.07443
G1 X132.376 Y113.573 E.07442
G1 X131.947 Y112.714 E.07474
G1 X131.648 Y112.034 E.05782
G1 X131.34 Y111.248 E.06571
G1 X131.036 Y110.339 E.07461
G1 X130.781 Y109.418 E.07438
G1 X130.574 Y108.485 E.07439
G1 X130.416 Y107.542 E.07442
G1 X130.307 Y106.584 E.07505
G1 X130.263 Y105.963 E.04846
G1 X130.238 Y104.992 E.0756
G1 X130.249 Y104.37 E.04842
G1 X130.308 Y103.408 E.07502
G1 X130.416 Y102.458 E.07442
G1 X130.574 Y101.515 E.07442
G1 X130.782 Y100.578 E.07471
G1 X130.977 Y99.861 E.05784
G1 X131.232 Y99.056 E.06573
G1 X131.568 Y98.159 E.07456
G1 X131.951 Y97.278 E.07477
G1 X132.279 Y96.612 E.05779
G1 X132.684 Y95.871 E.06573
G1 X133.184 Y95.054 E.07456
M73 P42 R11
G1 X133.726 Y94.266 E.07444
G1 X134.308 Y93.508 E.07439
G1 X134.929 Y92.781 E.07442
G1 X135.59 Y92.084 E.07477
G1 X136.126 Y91.57 E.0578
G1 X136.76 Y91.012 E.06574
G1 X137.51 Y90.416 E.07457
G1 X138.288 Y89.86 E.07443
G1 X139.094 Y89.347 E.07437
G1 X139.927 Y88.876 E.07449
G1 X140.782 Y88.449 E.07439
G1 X141.659 Y88.068 E.07443
G1 X142.555 Y87.733 E.07446
G1 X143.466 Y87.446 E.07435
G1 X144.399 Y87.204 E.07502
G1 X145.008 Y87.075 E.04845
G1 X145.958 Y86.916 E.07497
G1 X146.908 Y86.808 E.07442
G1 X147.867 Y86.749 E.07479
G1 X148.466 Y86.741 E.04663
G1 X148.49 Y87.472 F12000
G1 F1281.916
G1 X148.604 Y87.471 E.00887
G1 X149.415 Y87.494 E.06315
G1 X150.332 Y87.566 E.0716
G1 X151.242 Y87.686 E.07144
G1 X152.151 Y87.854 E.07195
G1 X152.842 Y88.016 E.05524
G1 X153.623 Y88.235 E.06314
G1 X154.496 Y88.527 E.07165
G1 X155.35 Y88.863 E.07143
G1 X156.185 Y89.244 E.07144
G1 X156.999 Y89.668 E.07144
G1 X157.799 Y90.139 E.07226
G1 X158.795 Y90.811 E.09352
G1 X159.532 Y91.376 E.07228
G1 X160.23 Y91.973 E.07149
G1 X160.904 Y92.612 E.07229
G1 X161.314 Y93.036 E.04591
G1 X161.929 Y93.732 E.07229
G1 X162.5 Y94.45 E.07141
G1 X163.033 Y95.197 E.07143
G1 X163.526 Y95.971 E.07143
G1 X163.978 Y96.77 E.07145
G1 X164.388 Y97.591 E.07143
G1 X164.758 Y98.443 E.0723
G1 X164.97 Y98.994 E.04595
G1 X165.264 Y99.875 E.07229
G1 X165.509 Y100.759 E.0714
G1 X165.708 Y101.655 E.07144
G1 X165.861 Y102.571 E.07229
G1 X165.933 Y103.157 E.04596
G1 X166.006 Y104.083 E.0723
G1 X166.02 Y105.601 E.11816
G1 X165.963 Y106.528 E.07229
G1 X165.86 Y107.44 E.07144
G1 X165.708 Y108.345 E.07143
G1 X165.509 Y109.241 E.07144
G1 X165.264 Y110.125 E.0714
G1 X164.973 Y110.996 E.07148
G1 X164.633 Y111.86 E.07227
G1 X164.393 Y112.399 E.04593
G1 X163.978 Y113.23 E.0723
G1 X163.526 Y114.029 E.07145
G1 X163.033 Y114.803 E.07143
G1 X162.494 Y115.559 E.07227
G1 X162.13 Y116.024 E.04596
G1 X161.527 Y116.73 E.07227
G1 X160.888 Y117.404 E.07229
G1 X160.464 Y117.814 E.04591
G1 X159.768 Y118.429 E.07229
G1 X159.05 Y119 E.07141
G1 X158.294 Y119.539 E.07227
G1 X157.799 Y119.861 E.04596
G1 X156.999 Y120.332 E.07226
G1 X156.185 Y120.756 E.07144
G1 X155.35 Y121.137 E.07144
G1 X154.496 Y121.473 E.07143
G1 X153.625 Y121.764 E.07148
G1 X152.741 Y122.009 E.0714
G1 X151.845 Y122.208 E.07144
G1 X150.929 Y122.361 E.07229
G1 X150.343 Y122.433 E.04596
G1 X149.417 Y122.506 E.0723
G1 X148.489 Y122.53 E.07226
G1 X147.899 Y122.52 E.04593
G1 X146.972 Y122.463 E.07229
G1 X146.06 Y122.36 E.07144
G1 X145.144 Y122.206 E.0723
G1 X144.567 Y122.084 E.0459
G1 X143.668 Y121.851 E.07229
G1 X142.793 Y121.575 E.07142
G1 X141.933 Y121.254 E.07145
G1 X141.091 Y120.888 E.07146
G1 X140.27 Y120.478 E.07143
G1 X139.466 Y120.023 E.07191
M73 P42 R10
G1 X138.865 Y119.645 E.05526
G1 X138.198 Y119.184 E.06311
G1 X137.468 Y118.624 E.07161
G1 X136.77 Y118.027 E.07149
G1 X136.104 Y117.396 E.07141
G1 X135.473 Y116.73 E.07141
G1 X134.869 Y116.024 E.07232
G1 X134.506 Y115.559 E.04592
G1 X133.967 Y114.803 E.07227
G1 X133.474 Y114.029 E.07143
G1 X133.022 Y113.23 E.07145
G1 X132.61 Y112.403 E.07192
G1 X132.323 Y111.753 E.05531
G1 X132.028 Y110.998 E.06309
G1 X131.736 Y110.125 E.07165
G1 X131.491 Y109.241 E.0714
G1 X131.292 Y108.345 E.07144
G1 X131.14 Y107.44 E.07143
G1 X131.035 Y106.517 E.07231
G1 X130.994 Y105.928 E.04596
G1 X130.97 Y104.989 E.07311
G1 X130.98 Y104.399 E.04593
G1 X131.037 Y103.472 E.07229
G1 X131.14 Y102.56 E.07144
G1 X131.292 Y101.655 E.07143
G1 X131.492 Y100.753 E.07191
G1 X131.678 Y100.068 E.05525
G1 X131.924 Y99.295 E.06314
G1 X132.246 Y98.433 E.07162
G1 X132.615 Y97.586 E.07191
G1 X132.929 Y96.949 E.05528
G1 X133.317 Y96.237 E.06311
G1 X133.798 Y95.452 E.07166
G1 X134.318 Y94.696 E.07142
G1 X134.876 Y93.968 E.0714
G1 X135.473 Y93.27 E.07149
G1 X136.108 Y92.6 E.07185
G1 X136.621 Y92.109 E.05527
G1 X137.23 Y91.573 E.06315
G1 X137.95 Y91 E.07162
G1 X138.697 Y90.467 E.07143
G1 X139.471 Y89.974 E.07143
G1 X140.27 Y89.522 E.07145
G1 X141.091 Y89.112 E.07143
G1 X141.933 Y88.746 E.07146
G1 X142.793 Y88.425 E.07145
G1 X143.668 Y88.149 E.07142
G1 X144.567 Y87.916 E.07229
G1 X145.144 Y87.794 E.0459
G1 X146.06 Y87.64 E.0723
G1 X146.972 Y87.537 E.07144
G1 X147.894 Y87.48 E.0719
G1 X148.46 Y87.472 E.04406
G1 E-8 F1500
G1 Z2.12 F3000
G1 X146.21 Y88.113 F12000
G1 Z1.92 F3000
G1 E10 F1500
;TYPE:Internal infill
G1 E-20 F1500
G1 Z6.92 F300.0
G1 F12000.0
T0
G1 Z1.92 F300.0
G1 E22.0 F1500
G1 F12000.0
;WIDTH:0.675
G1 F1546.194
G1 X148.022 Y87.966 E.11732
G1 X148.5 Y88.158 E.03324
G1 X149.151 Y88.288 E.04284
G1 X149.801 Y88.282 E.04195
G1 X150.452 Y88.072 E.04414
G1 X152.244 Y88.375 E.11728
G1 E-8 F1500
G1 Z2.12 F3000
G1 X158.85 Y91.466 F12000
G1 Z1.92 F3000
G1 E10 F1500
G1 F1546.194
G1 X160.233 Y92.645 E.11728
G1 X159.559 Y93.101 E.05251
G1 X158.909 Y93.362 E.0452
G1 X158.258 Y93.492 E.04284
G1 X157.608 Y93.487 E.04195
G1 X156.957 Y93.276 E.04416
G1 X156.307 Y92.738 E.05445
G1 X155.656 Y91.966 E.06517
G1 X155.006 Y91.309 E.05964
G1 X154.355 Y90.876 E.05046
G1 X153.704 Y90.616 E.04524
G1 X153.054 Y90.486 E.04278
G1 X152.403 Y90.491 E.04201
G1 X151.753 Y90.701 E.04408
G1 X151.102 Y91.24 E.05454
G1 X150.452 Y92.012 E.06513
G1 X149.801 Y92.668 E.05964
G1 X149.151 Y93.101 E.0504
G1 X148.5 Y93.362 E.04526
G1 X147.849 Y93.492 E.04284
G1 X147.199 Y93.487 E.04195
G1 X146.548 Y93.276 E.04416
G1 X145.898 Y92.738 E.05445
G1 X145.247 Y91.966 E.06517
G1 X144.597 Y91.309 E.05964
G1 X143.946 Y90.876 E.05046
G1 X143.296 Y90.616 E.04518
G1 X142.645 Y90.486 E.04284
G1 X141.994 Y90.491 E.04201
G1 X141.344 Y90.701 E.04408
G1 X140.693 Y91.24 E.05454
G1 X140.043 Y92.012 E.06513
G1 X139.392 Y92.668 E.05964
G1 X138.742 Y93.101 E.0504
G1 X138.091 Y93.362 E.04526
G1 X137.441 Y93.492 E.04278
G1 X136.79 Y93.487 E.04201
G1 X136.138 Y93.275 E.04424
G1 X135.254 Y94.274 E.08608
G1 X134.215 Y95.704 E.11407
G1 X134.838 Y95.906 E.04226
G1 X135.489 Y96.444 E.0545
G1 X136.139 Y97.217 E.06518
G1 X136.79 Y97.873 E.05964
G1 X137.441 Y98.306 E.05046
G1 X138.091 Y98.567 E.0452
G1 X138.742 Y98.697 E.04284
G1 X139.392 Y98.691 E.04195
G1 X140.043 Y98.481 E.04414
G1 X140.693 Y97.942 E.05449
G1 X141.344 Y97.17 E.06517
G1 X141.994 Y96.514 E.0596
G1 X142.645 Y96.081 E.05046
G1 X143.296 Y95.82 E.04526
G1 X143.946 Y95.69 E.04278
G1 X144.597 Y95.695 E.04201
G1 X145.247 Y95.906 E.0441
G1 X145.898 Y96.444 E.0545
G1 X146.548 Y97.217 E.06518
G1 X147.199 Y97.873 E.05964
G1 X147.849 Y98.306 E.0504
G1 X148.5 Y98.567 E.04526
G1 X149.151 Y98.697 E.04284
G1 X149.801 Y98.691 E.04195
G1 X150.452 Y98.481 E.04414
G1 X151.102 Y97.942 E.05449
G1 X151.753 Y97.17 E.06517
G1 X152.403 Y96.514 E.0596
G1 X153.054 Y96.081 E.05046
G1 X153.704 Y95.82 E.0452
G1 X154.355 Y95.69 E.04284
G1 X155.006 Y95.695 E.04201
G1 X155.656 Y95.906 E.0441
G1 X156.307 Y96.444 E.0545
G1 X156.957 Y97.217 E.06518
G1 X157.608 Y97.873 E.05964
G1 X158.258 Y98.306 E.0504
G1 X158.909 Y98.567 E.04526
G1 X159.559 Y98.697 E.04278
G1 X160.21 Y98.691 E.04201
G1 X160.861 Y98.481 E.04414
G1 X161.511 Y97.942 E.05449
G1 X162.162 Y97.17 E.06517
G1 X162.812 Y96.514 E.0596
G1 X163.148 Y96.29 E.02606
G1 X163.992 Y97.901 E.11737
G1 E-8 F1500
G1 Z2.12 F3000
M73 P43 R10
G1 X141.098 Y120.348 F12000
G1 Z1.92 F3000
G1 E10 F1500
G1 F1546.194
G1 X139.504 Y119.473 E.11734
G1 X140.043 Y119.299 E.03655
G1 X140.693 Y118.76 E.05449
G1 X141.344 Y117.988 E.06517
G1 X141.994 Y117.332 E.0596
G1 X142.645 Y116.899 E.05046
G1 X143.296 Y116.638 E.04526
G1 X143.946 Y116.508 E.04278
G1 X144.597 Y116.513 E.04201
G1 X145.247 Y116.724 E.0441
G1 X145.898 Y117.262 E.0545
G1 X146.548 Y118.034 E.06513
G1 X147.199 Y118.691 E.05969
G1 X147.849 Y119.124 E.0504
G1 X148.5 Y119.385 E.04526
G1 X149.151 Y119.514 E.04283
G1 X149.801 Y119.509 E.04195
G1 X150.452 Y119.299 E.04414
G1 X151.102 Y118.76 E.05449
G1 X151.753 Y117.988 E.06517
G1 X152.403 Y117.332 E.0596
G1 X153.054 Y116.899 E.05046
G1 X153.704 Y116.638 E.0452
G1 X154.355 Y116.508 E.04284
G1 X155.006 Y116.513 E.04201
G1 X155.656 Y116.724 E.0441
G1 X156.307 Y117.262 E.0545
G1 X156.957 Y118.034 E.06513
G1 X157.608 Y118.691 E.05969
G1 X158.145 Y119.048 E.04161
G1 X159.587 Y117.94 E.11735
G1 E-8 F1500
G1 Z2.12 F3000
G1 X163.475 Y113.132 F12000
G1 Z1.92 F3000
G1 E10 F1500
G1 F1546.194
G1 X164.256 Y111.49 E.11734
G1 X163.463 Y111.303 E.05258
G1 X162.812 Y111.309 E.04201
G1 X162.162 Y111.519 E.04408
G1 X161.511 Y112.058 E.05454
G1 X160.861 Y112.83 E.06513
G1 X160.21 Y113.486 E.05964
G1 X159.559 Y113.919 E.05046
G1 X158.909 Y114.18 E.0452
G1 X158.258 Y114.31 E.04284
G1 X157.608 Y114.305 E.04195
G1 X156.957 Y114.094 E.04416
G1 X156.307 Y113.556 E.05445
G1 X155.656 Y112.783 E.06522
G1 X155.006 Y112.127 E.0596
G1 X154.355 Y111.694 E.05046
G1 X153.704 Y111.433 E.04526
G1 X153.054 Y111.303 E.04278
G1 X152.403 Y111.309 E.04201
G1 X151.753 Y111.519 E.04408
G1 X151.102 Y112.058 E.05454
G1 X150.452 Y112.83 E.06513
G1 X149.801 Y113.486 E.05964
G1 X149.151 Y113.919 E.0504
G1 X148.5 Y114.18 E.04526
G1 X147.849 Y114.31 E.04284
G1 X147.199 Y114.305 E.04195
G1 X146.548 Y114.094 E.04416
G1 X145.898 Y113.556 E.05445
G1 X145.247 Y112.783 E.06522
G1 X144.597 Y112.127 E.0596
G1 X143.946 Y111.694 E.05046
G1 X143.296 Y111.433 E.0452
G1 X142.645 Y111.303 E.04284
G1 X141.994 Y111.309 E.04201
G1 X141.344 Y111.519 E.04408
G1 X140.693 Y112.058 E.05454
G1 X140.043 Y112.83 E.06513
G1 X139.392 Y113.486 E.05964
G1 X138.742 Y113.919 E.0504
G1 X138.091 Y114.18 E.04526
G1 X137.441 Y114.31 E.04278
G1 X136.79 Y114.305 E.04201
G1 X136.139 Y114.094 E.04416
G1 X135.489 Y113.556 E.05445
G1 X134.838 Y112.783 E.06522
G1 X134.188 Y112.127 E.0596
G1 X133.537 Y111.694 E.05046
G1 X132.706 Y111.397 E.05695
G1 X132.201 Y109.983 E.09689
G1 X131.962 Y109.123 E.0576
G1 X131.572 Y106.936 E.14336
G1 X132.236 Y106.49 E.05162
G1 X132.887 Y106.229 E.04526
G1 X133.537 Y106.099 E.04278
G1 X134.188 Y106.104 E.04201
G1 X134.838 Y106.315 E.0441
G1 X135.489 Y106.853 E.0545
G1 X136.139 Y107.625 E.06513
G1 X136.79 Y108.282 E.05969
G1 X137.441 Y108.715 E.05046
G1 X138.091 Y108.976 E.0452
G1 X138.742 Y109.106 E.04284
G1 X139.392 Y109.1 E.04195
G1 X140.043 Y108.89 E.04414
G1 X140.693 Y108.351 E.05449
G1 X141.344 Y107.579 E.06517
G1 X141.994 Y106.923 E.0596
G1 X142.645 Y106.49 E.05046
G1 X143.296 Y106.229 E.04526
G1 X143.946 Y106.099 E.04278
G1 X144.597 Y106.104 E.04201
G1 X145.247 Y106.315 E.0441
G1 X145.898 Y106.853 E.0545
G1 X146.548 Y107.625 E.06513
G1 X147.199 Y108.282 E.05969
G1 X147.849 Y108.715 E.0504
G1 X148.5 Y108.976 E.04526
G1 X149.151 Y109.106 E.04284
G1 X149.801 Y109.1 E.04195
G1 X150.452 Y108.89 E.04414
G1 X151.102 Y108.351 E.05449
G1 X151.753 Y107.579 E.06517
G1 X152.403 Y106.923 E.0596
G1 X153.054 Y106.49 E.05046
G1 X153.704 Y106.229 E.0452
G1 X154.355 Y106.099 E.04284
G1 X155.006 Y106.104 E.04201
G1 X155.656 Y106.315 E.0441
G1 X156.307 Y106.853 E.0545
G1 X156.957 Y107.625 E.06513
G1 X157.608 Y108.282 E.05969
G1 X158.258 Y108.715 E.0504
G1 X158.909 Y108.976 E.04526
G1 X159.559 Y109.106 E.04278
G1 X160.21 Y109.1 E.04201
G1 X160.861 Y108.89 E.04414
G1 X161.511 Y108.351 E.05449
G1 X162.162 Y107.579 E.06517
G1 X162.812 Y106.923 E.0596
G1 X163.463 Y106.49 E.05046
G1 X164.113 Y106.229 E.0452
G1 X164.764 Y106.099 E.04284
G1 X165.501 Y106.132 E.04761
G1 X165.521 Y104.108 E.13062
G1 X165.38 Y102.641 E.09511
G1 X165.191 Y101.57 E.07018
G1 X164.764 Y101.285 E.03313
G1 X164.113 Y101.024 E.04526
G1 X163.463 Y100.894 E.04278
G1 X162.812 Y100.9 E.04201
G1 X162.162 Y101.11 E.04408
G1 X161.511 Y101.649 E.05454
G1 X160.861 Y102.421 E.06513
G1 X160.21 Y103.077 E.05964
G1 X159.559 Y103.51 E.05046
G1 X158.909 Y103.771 E.0452
G1 X158.258 Y103.901 E.04284
G1 X157.608 Y103.896 E.04195
G1 X156.957 Y103.685 E.04416
G1 X156.307 Y103.147 E.05445
G1 X155.656 Y102.375 E.06517
G1 X155.006 Y101.718 E.05964
G1 X154.355 Y101.285 E.05046
G1 X153.704 Y101.024 E.04526
G1 X153.054 Y100.894 E.04278
G1 X152.403 Y100.9 E.04201
G1 X151.753 Y101.11 E.04408
G1 X151.102 Y101.649 E.05454
G1 X150.452 Y102.421 E.06513
G1 X149.801 Y103.077 E.05964
G1 X149.151 Y103.51 E.0504
G1 X148.5 Y103.771 E.04526
G1 X147.849 Y103.901 E.04284
G1 X147.199 Y103.896 E.04195
G1 X146.548 Y103.685 E.04416
G1 X145.898 Y103.147 E.05445
G1 X145.247 Y102.375 E.06517
G1 X144.597 Y101.718 E.05964
G1 X143.946 Y101.285 E.05046
G1 X143.296 Y101.024 E.0452
G1 X142.645 Y100.894 E.04284
G1 X141.994 Y100.9 E.04201
G1 X141.344 Y101.11 E.04408
G1 X140.693 Y101.649 E.05454
G1 X140.043 Y102.421 E.06513
G1 X139.392 Y103.077 E.05964
G1 X138.742 Y103.51 E.0504
G1 X138.091 Y103.771 E.04526
G1 X137.441 Y103.901 E.04278
G1 X136.79 Y103.896 E.04201
G1 X136.139 Y103.685 E.04416
G1 X135.489 Y103.147 E.05445
G1 X134.838 Y102.375 E.06517
G1 X134.188 Y101.718 E.05964
G1 X133.537 Y101.285 E.05046
G1 X132.887 Y101.024 E.0452
G1 X132.236 Y100.894 E.04284
G1 X131.958 Y100.897 E.01794
G1 X131.616 Y102.682 E.11729
;LAYER_CHANGE
;Z:2.24
;HEIGHT:0.32

G1 E-8 F1500
G1 Z2.24 F3000
;AFTER_LAYER_CHANGE
;2.24
G92 E0
_ON_LAYER_CHANGE LAYER=7
G1 Z2.44
G1 X148.508 Y85.341 F12000
G1 Z2.24 F3000
G1 E10 F1500
;TYPE:External perimeter
;WIDTH:0.675
G1 F1546.195
G1 X148.643 Y85.339 E.00871
G1 X149.529 Y85.365 E.0572
G1 X150.555 Y85.445 E.06641
G1 X151.576 Y85.58 E.06646
G1 X152.589 Y85.768 E.06649
G1 X153.255 Y85.921 E.0441
G1 X154.249 Y86.197 E.06657
G1 X155.225 Y86.523 E.0664
G1 X156.183 Y86.901 E.06646
G1 X157.119 Y87.328 E.06639
G1 X158.033 Y87.803 E.06647
G1 X158.748 Y88.22 E.05341
G1 X159.496 Y88.7 E.05735
G1 X160.056 Y89.092 E.04411
G1 X160.874 Y89.719 E.06651
G1 X161.657 Y90.388 E.06646
G1 X162.404 Y91.098 E.06651
G1 X162.879 Y91.589 E.04409
G1 X163.562 Y92.361 E.06652
G1 X164.203 Y93.167 E.06646
G1 X164.801 Y94.005 E.06644
G1 X165.354 Y94.873 E.06642
G1 X165.861 Y95.769 E.06644
G1 X166.32 Y96.69 E.06641
G1 X166.731 Y97.636 E.06656
G1 X166.976 Y98.274 E.0441
G1 X167.303 Y99.251 E.06649
G1 X167.578 Y100.243 E.06643
G1 X167.801 Y101.248 E.06643
G1 X167.971 Y102.265 E.06654
G1 X168.055 Y102.943 E.04409
G1 X168.135 Y103.971 E.06654
G1 X168.15 Y105.685 E.11061
G1 X168.088 Y106.714 E.06652
G1 X167.971 Y107.736 E.06638
G1 X167.801 Y108.752 E.06648
G1 X167.578 Y109.757 E.06643
G1 X167.303 Y110.749 E.06643
G1 X166.977 Y111.725 E.0664
G1 X166.599 Y112.684 E.06652
G1 X166.321 Y113.308 E.04408
G1 X165.861 Y114.231 E.06655
G1 X165.354 Y115.127 E.06644
G1 X164.801 Y115.995 E.06642
G1 X164.202 Y116.834 E.06653
G1 X163.781 Y117.373 E.04414
G1 X163.112 Y118.157 E.06651
G1 X162.403 Y118.903 E.06642
G1 X161.657 Y119.612 E.06642
M73 P44 R10
G1 X160.874 Y120.281 E.06646
G1 X160.057 Y120.907 E.06642
G1 X159.209 Y121.49 E.06641
G1 X158.33 Y122.029 E.06654
G1 X157.732 Y122.36 E.04411
G1 X156.81 Y122.82 E.06649
G1 X155.864 Y123.231 E.06656
G1 X155.226 Y123.476 E.0441
G1 X154.249 Y123.803 E.06649
G1 X153.257 Y124.078 E.06643
G1 X152.252 Y124.301 E.06643
G1 X151.235 Y124.471 E.06654
G1 X150.557 Y124.555 E.04409
G1 X149.529 Y124.635 E.06654
G1 X148.498 Y124.662 E.06656
G1 X147.815 Y124.65 E.04408
G1 X146.786 Y124.588 E.06652
G1 X145.764 Y124.471 E.06638
G1 X144.747 Y124.301 E.06654
G1 X144.078 Y124.159 E.04413
G1 X143.08 Y123.901 E.06652
G1 X142.099 Y123.591 E.06639
G1 X141.134 Y123.231 E.06647
G1 X140.19 Y122.82 E.06644
G1 X139.269 Y122.361 E.06641
G1 X138.373 Y121.854 E.06644
G1 X137.504 Y121.3 E.06651
G1 X136.944 Y120.908 E.04411
G1 X136.126 Y120.281 E.06651
G1 X135.343 Y119.612 E.06646
G1 X134.597 Y118.903 E.06642
G1 X133.888 Y118.157 E.06642
G1 X133.218 Y117.373 E.06655
G1 X132.798 Y116.834 E.0441
G1 X132.199 Y115.995 E.06653
G1 X131.646 Y115.127 E.06642
G1 X131.139 Y114.231 E.06644
G1 X130.679 Y113.309 E.06649
G1 X130.346 Y112.551 E.05343
G1 X130.024 Y111.725 E.05721
G1 X129.697 Y110.749 E.06643
G1 X129.422 Y109.757 E.06643
G1 X129.199 Y108.751 E.0665
G1 X129.059 Y107.935 E.05343
G1 X128.945 Y107.056 E.0572
G1 X128.865 Y106.029 E.06648
G1 X128.838 Y105 E.06643
G1 X128.865 Y103.97 E.06649
G1 X128.926 Y103.145 E.05338
G1 X129.029 Y102.264 E.05724
G1 X129.199 Y101.248 E.06648
G1 X129.422 Y100.243 E.06643
G1 X129.697 Y99.251 E.06643
G1 X129.956 Y98.464 E.05347
G1 X130.269 Y97.635 E.05718
G1 X130.68 Y96.69 E.0665
G1 X131.046 Y95.947 E.05345
G1 X131.472 Y95.169 E.05724
G1 X132.01 Y94.291 E.06645
G1 X132.593 Y93.443 E.06641
G1 X133.219 Y92.626 E.06642
G1 X133.888 Y91.843 E.06646
G1 X134.597 Y91.097 E.06642
G1 X135.343 Y90.388 E.06642
G1 X136.126 Y89.719 E.06646
G1 X136.943 Y89.092 E.06646
G1 X137.624 Y88.62 E.05347
G1 X138.373 Y88.146 E.0572
G1 X139.269 Y87.639 E.06644
G1 X140.19 Y87.18 E.06641
G1 X141.134 Y86.769 E.06644
G1 X142.099 Y86.409 E.06647
G1 X142.888 Y86.156 E.05347
G1 X143.743 Y85.922 E.0572
G1 X144.748 Y85.699 E.06643
G1 X145.764 Y85.529 E.06648
G1 X146.786 Y85.412 E.06638
G1 X147.814 Y85.35 E.06646
G1 X148.478 Y85.341 E.04285
G1 X149.078 Y85.352 F12000
G1 X148.502 Y86.01
;TYPE:Perimeter
G1 E-20 F1500
G1 Z7.24 F300.0
G1 F12000.0
T1
G1 Z2.24 F300.0
G1 E40.0 F1500
G1 F12000.0
;WIDTH:0.8
G1 F1281.916
G1 X148.637 Y86.008 E.01051
G1 X149.493 Y86.033 E.06666
G1 X150.485 Y86.111 E.07745
G1 X151.471 Y86.241 E.07741
G1 X152.453 Y86.423 E.07774
G1 X153.091 Y86.57 E.05096
G1 X154.053 Y86.837 E.07771
G1 X154.996 Y87.152 E.07739
G1 X155.921 Y87.517 E.0774
G1 X156.826 Y87.929 E.0774
G1 X157.71 Y88.389 E.07757
G1 X158.399 Y88.791 E.06209
G1 X159.123 Y89.255 E.06693
G1 X159.661 Y89.631 E.05109
G1 X160.453 Y90.239 E.07772
G1 X161.209 Y90.885 E.0774
G1 X161.933 Y91.573 E.07774
G1 X162.388 Y92.043 E.05092
G1 X163.05 Y92.791 E.07775
G1 X163.669 Y93.57 E.07745
G1 X164.246 Y94.379 E.07735
G1 X164.78 Y95.218 E.07741
G1 X165.27 Y96.083 E.07738
G1 X165.714 Y96.973 E.07742
G1 X166.112 Y97.889 E.07774
G1 X166.346 Y98.5 E.05093
G1 X166.663 Y99.447 E.07773
G1 X166.929 Y100.405 E.07739
G1 X167.144 Y101.376 E.07741
G1 X167.309 Y102.361 E.07774
G1 X167.389 Y103.01 E.0509
G1 X167.467 Y104.006 E.07776
G1 X167.482 Y105.658 E.12859
G1 X167.421 Y106.655 E.07775
G1 X167.308 Y107.643 E.0774
G1 X167.144 Y108.624 E.07742
G1 X166.929 Y109.595 E.07741
G1 X166.663 Y110.553 E.07739
G1 X166.348 Y111.496 E.07739
G1 X165.982 Y112.425 E.07772
G1 X165.716 Y113.023 E.05094
G1 X165.27 Y113.917 E.07776
G1 X164.78 Y114.782 E.07738
G1 X164.246 Y115.621 E.07741
G1 X163.666 Y116.434 E.07773
G1 X163.263 Y116.95 E.05096
G1 X162.615 Y117.709 E.07768
G1 X161.93 Y118.43 E.07741
G1 X161.209 Y119.115 E.07741
G1 X160.453 Y119.761 E.0774
G1 X159.664 Y120.366 E.07739
G1 X158.844 Y120.929 E.07742
G1 X157.993 Y121.451 E.07771
G1 X157.421 Y121.768 E.0509
G1 X156.527 Y122.214 E.07776
G1 X155.611 Y122.612 E.07774
G1 X155 Y122.846 E.05093
G1 X154.053 Y123.163 E.07773
G1 X153.095 Y123.429 E.07739
G1 X152.124 Y123.644 E.07741
G1 X151.139 Y123.809 E.07774
G1 X150.49 Y123.889 E.0509
G1 X149.494 Y123.967 E.07776
G1 X148.496 Y123.993 E.07771
G1 X147.842 Y123.982 E.05091
G1 X146.845 Y123.921 E.07775
G1 X145.857 Y123.808 E.0774
G1 X144.872 Y123.644 E.07772
G1 X144.232 Y123.508 E.05093
G1 X143.265 Y123.258 E.07774
G1 X142.316 Y122.959 E.07745
G1 X141.385 Y122.61 E.07739
G1 X140.473 Y122.214 E.07739
G1 X139.583 Y121.77 E.07742
G1 X138.718 Y121.28 E.07738
G1 X137.875 Y120.744 E.07776
G1 X137.339 Y120.369 E.05092
G1 X136.547 Y119.761 E.07772
G1 X135.791 Y119.115 E.0774
G1 X135.07 Y118.43 E.07741
G1 X134.385 Y117.709 E.07741
G1 X133.737 Y116.95 E.07768
G1 X133.334 Y116.434 E.05096
G1 X132.754 Y115.621 E.07773
G1 X132.22 Y114.782 E.07741
G1 X131.73 Y113.917 E.07738
G1 X131.285 Y113.025 E.07759
G1 X130.964 Y112.295 E.06207
G1 X130.653 Y111.497 E.06666
G1 X130.337 Y110.553 E.07749
G1 X130.071 Y109.595 E.07739
G1 X129.855 Y108.622 E.07758
G1 X129.72 Y107.836 E.06208
G1 X129.611 Y106.987 E.06663
G1 X129.533 Y105.994 E.07753
G1 X129.507 Y105 E.0774
G1 X129.533 Y104.004 E.07755
G1 X129.592 Y103.208 E.06213
G1 X129.691 Y102.358 E.06661
G1 X129.856 Y101.376 E.07751
G1 X130.071 Y100.405 E.07741
G1 X130.337 Y99.445 E.07754
G1 X130.587 Y98.687 E.06213
G1 X130.889 Y97.886 E.06663
G1 X131.287 Y96.971 E.07767
G1 X131.64 Y96.256 E.06207
G1 X132.051 Y95.505 E.06664
G1 X132.571 Y94.655 E.07756
G1 X133.134 Y93.836 E.07736
G1 X133.739 Y93.047 E.07739
G1 X134.385 Y92.291 E.0774
G1 X135.07 Y91.57 E.07741
G1 X135.791 Y90.885 E.07741
G1 X136.547 Y90.239 E.0774
G1 X137.338 Y89.633 E.07756
G1 X137.993 Y89.178 E.06208
G1 X138.716 Y88.72 E.06662
G1 X139.583 Y88.23 E.07752
G1 X140.473 Y87.786 E.07742
G1 X141.385 Y87.39 E.07739
G1 X142.318 Y87.041 E.07754
G1 X143.078 Y86.798 E.06211
G1 X143.904 Y86.571 E.06668
G1 X144.876 Y86.356 E.07749
G1 X145.857 Y86.192 E.07742
G1 X146.845 Y86.079 E.0774
G1 X147.839 Y86.018 E.07752
G1 X148.472 Y86.01 E.04927
G1 X148.496 Y86.741 F12000
G1 F1281.916
G1 X148.631 Y86.739 E.01051
G1 X149.453 Y86.763 E.06401
G1 X150.409 Y86.838 E.07464
G1 X151.357 Y86.963 E.07443
G1 X152.304 Y87.139 E.07497
G1 X152.911 Y87.279 E.04849
G1 X153.839 Y87.536 E.07495
G1 X154.746 Y87.84 E.07446
G1 X155.635 Y88.19 E.07437
G1 X156.505 Y88.586 E.0744
G1 X157.357 Y89.03 E.07478
G1 X158.017 Y89.415 E.05947
G1 X158.716 Y89.863 E.06462
G1 X159.228 Y90.221 E.04863
G1 X159.992 Y90.808 E.07499
G1 X160.719 Y91.429 E.07442
G1 X161.419 Y92.092 E.07505
G1 X161.851 Y92.54 E.04844
G1 X162.489 Y93.262 E.075
G1 X163.084 Y94.01 E.0744
G1 X163.64 Y94.788 E.07443
G1 X164.153 Y95.595 E.07443
G1 X164.624 Y96.427 E.07442
G1 X165.051 Y97.282 E.07439
G1 X165.435 Y98.166 E.07502
G1 X165.658 Y98.747 E.04844
G1 X165.964 Y99.661 E.07502
G1 X166.219 Y100.582 E.07438
G1 X166.426 Y101.515 E.07439
G1 X166.585 Y102.466 E.07505
G1 X166.661 Y103.084 E.04847
G1 X166.737 Y104.044 E.07496
G1 X166.751 Y105.63 E.12345
G1 X166.692 Y106.592 E.07502
G1 X166.584 Y107.542 E.07442
G1 X166.426 Y108.484 E.07435
G1 X166.219 Y109.418 E.07446
G1 X165.964 Y110.339 E.07438
G1 X165.66 Y111.246 E.07446
G1 X165.307 Y112.142 E.07496
G1 X165.054 Y112.711 E.04847
G1 X164.624 Y113.573 E.07498
G1 X164.153 Y114.405 E.07442
G1 X163.64 Y115.212 E.07443
G1 X163.08 Y115.996 E.07499
G1 X162.697 Y116.487 E.04847
G1 X162.071 Y117.22 E.07503
G1 X161.413 Y117.913 E.07438
G1 X160.719 Y118.571 E.07444
G1 X159.993 Y119.192 E.07436
G1 X159.234 Y119.774 E.07445
G1 X158.446 Y120.316 E.07444
G1 X157.624 Y120.819 E.07501
G1 X157.08 Y121.121 E.04843
G1 X156.218 Y121.551 E.07498
G1 X155.334 Y121.935 E.07502
G1 X154.753 Y122.158 E.04844
G1 X153.839 Y122.464 E.07502
G1 X152.918 Y122.719 E.07438
G1 X151.985 Y122.926 E.07439
G1 X151.034 Y123.085 E.07505
G1 X150.416 Y123.161 E.04847
G1 X149.456 Y123.237 E.07496
G1 X148.492 Y123.262 E.07506
G1 X147.87 Y123.251 E.04842
M73 P45 R10
G1 X146.908 Y123.192 E.07502
G1 X145.958 Y123.084 E.07442
G1 X145.008 Y122.925 E.07497
G1 X144.399 Y122.796 E.04845
G1 X143.466 Y122.554 E.07502
G1 X142.555 Y122.267 E.07435
G1 X141.659 Y121.932 E.07446
G1 X140.782 Y121.551 E.07443
G1 X139.927 Y121.124 E.07439
G1 X139.094 Y120.653 E.07449
G1 X138.282 Y120.136 E.07493
G1 X137.772 Y119.779 E.04846
G1 X137.008 Y119.192 E.07499
G1 X136.281 Y118.571 E.07442
G1 X135.587 Y117.913 E.07444
G1 X134.929 Y117.219 E.07444
G1 X134.303 Y116.487 E.07497
G1 X133.92 Y115.996 E.04847
G1 X133.36 Y115.212 E.07499
G1 X132.847 Y114.406 E.07437
G1 X132.376 Y113.573 E.07449
G1 X131.948 Y112.714 E.0747
G1 X131.64 Y112.014 E.05953
G1 X131.34 Y111.248 E.06403
G1 X131.036 Y110.339 E.07461
G1 X130.781 Y109.418 E.07438
G1 X130.573 Y108.481 E.07471
G1 X130.444 Y107.727 E.05954
G1 X130.338 Y106.911 E.06405
G1 X130.263 Y105.956 E.07456
G1 X130.238 Y105 E.07444
G1 X130.263 Y104.041 E.07467
G1 X130.32 Y103.278 E.05956
G1 X130.416 Y102.461 E.06403
G1 X130.574 Y101.515 E.07465
G1 X130.781 Y100.582 E.07439
G1 X131.037 Y99.657 E.07471
G1 X131.277 Y98.931 E.05952
G1 X131.567 Y98.161 E.06404
G1 X131.951 Y97.279 E.07488
G1 X132.289 Y96.593 E.05953
G1 X132.684 Y95.871 E.06406
G1 X133.184 Y95.054 E.07456
G1 X133.726 Y94.266 E.07444
G1 X134.308 Y93.508 E.07439
G1 X134.929 Y92.781 E.07442
G1 X135.587 Y92.087 E.07444
G1 X136.281 Y91.429 E.07444
G1 X137.007 Y90.808 E.07436
G1 X137.769 Y90.224 E.07473
G1 X138.398 Y89.788 E.05957
G1 X139.092 Y89.348 E.06396
G1 X139.927 Y88.876 E.07466
G1 X140.782 Y88.449 E.07439
G1 X141.659 Y88.068 E.07443
G1 X142.558 Y87.732 E.0747
G1 X143.287 Y87.499 E.05957
G1 X144.08 Y87.281 E.06401
G1 X145.015 Y87.074 E.07454
G1 X145.958 Y86.916 E.07442
G1 X146.908 Y86.808 E.07442
G1 X147.866 Y86.749 E.07471
G1 X148.466 Y86.741 E.04671
G1 X148.49 Y87.472 F12000
G1 F1281.916
G1 X148.625 Y87.471 E.01051
G1 X149.414 Y87.494 E.06144
G1 X150.332 Y87.566 E.07167
G1 X151.242 Y87.686 E.07144
G1 X152.155 Y87.855 E.07227
G1 X152.731 Y87.988 E.04601
G1 X153.625 Y88.236 E.07221
G1 X154.496 Y88.527 E.07148
G1 X155.35 Y88.863 E.07143
G1 X156.185 Y89.244 E.07144
G1 X157.003 Y89.67 E.07179
G1 X157.636 Y90.039 E.05703
G1 X158.309 Y90.471 E.06225
G1 X158.795 Y90.811 E.04617
G1 X159.532 Y91.376 E.07228
G1 X160.23 Y91.973 E.07149
G1 X160.904 Y92.612 E.07229
G1 X161.314 Y93.036 E.04591
G1 X161.929 Y93.732 E.07229
G1 X162.5 Y94.45 E.07141
G1 X163.033 Y95.197 E.07143
G1 X163.526 Y95.971 E.07143
G1 X163.978 Y96.77 E.07145
G1 X164.388 Y97.591 E.07143
G1 X164.758 Y98.443 E.0723
G1 X164.97 Y98.994 E.04595
G1 X165.264 Y99.875 E.07229
G1 X165.509 Y100.759 E.0714
G1 X165.708 Y101.655 E.07144
G1 X165.861 Y102.571 E.07229
G1 X165.933 Y103.157 E.04596
G1 X166.006 Y104.083 E.0723
G1 X166.02 Y105.601 E.11816
G1 X165.963 Y106.528 E.07229
G1 X165.86 Y107.44 E.07144
G1 X165.708 Y108.345 E.07143
G1 X165.509 Y109.241 E.07144
G1 X165.264 Y110.125 E.0714
G1 X164.973 Y110.996 E.07148
G1 X164.633 Y111.86 E.07227
G1 X164.393 Y112.399 E.04593
G1 X163.978 Y113.23 E.0723
G1 X163.526 Y114.029 E.07145
G1 X163.033 Y114.803 E.07143
G1 X162.494 Y115.559 E.07227
G1 X162.13 Y116.024 E.04596
G1 X161.527 Y116.73 E.07227
G1 X160.896 Y117.396 E.07141
G1 X160.23 Y118.027 E.07141
G1 X159.532 Y118.623 E.07144
G1 X158.804 Y119.182 E.07144
G1 X158.048 Y119.702 E.07142
G1 X157.256 Y120.187 E.07229
G1 X156.74 Y120.473 E.04592
G1 X155.909 Y120.888 E.0723
G1 X155.057 Y121.258 E.0723
G1 X154.506 Y121.47 E.04595
G1 X153.625 Y121.764 E.07229
G1 X152.741 Y122.009 E.0714
G1 X151.845 Y122.208 E.07144
G1 X150.929 Y122.361 E.07229
G1 X150.343 Y122.433 E.04596
G1 X149.417 Y122.506 E.0723
G1 X148.489 Y122.53 E.07226
G1 X147.899 Y122.52 E.04593
G1 X146.972 Y122.463 E.07229
G1 X146.06 Y122.36 E.07144
G1 X145.144 Y122.206 E.0723
G1 X144.567 Y122.084 E.0459
G1 X143.668 Y121.851 E.07229
G1 X142.793 Y121.575 E.07142
G1 X141.933 Y121.254 E.07145
G1 X141.091 Y120.888 E.07146
G1 X140.27 Y120.478 E.07143
G1 X139.471 Y120.026 E.07145
G1 X138.688 Y119.527 E.07227
G1 X138.205 Y119.189 E.04589
G1 X137.468 Y118.624 E.07228
G1 X136.77 Y118.027 E.07149
G1 X136.104 Y117.396 E.07141
G1 X135.473 Y116.73 E.07141
G1 X134.869 Y116.024 E.07232
G1 X134.506 Y115.559 E.04592
G1 X133.967 Y114.803 E.07227
G1 X133.474 Y114.029 E.07143
G1 X133.022 Y113.23 E.07145
G1 X132.61 Y112.404 E.07185
G1 X132.315 Y111.734 E.05698
G1 X132.028 Y110.999 E.06142
G1 X131.736 Y110.125 E.07173
G1 X131.491 Y109.241 E.0714
G1 X131.291 Y108.34 E.07184
G1 X131.167 Y107.618 E.05702
G1 X131.066 Y106.836 E.06137
G1 X130.994 Y105.917 E.07175
G1 X130.97 Y105 E.0714
G1 X130.994 Y104.077 E.07187
G1 X131.048 Y103.347 E.05698
G1 X131.14 Y102.564 E.06137
G1 X131.292 Y101.655 E.07174
G1 X131.491 Y100.759 E.07144
G1 X131.737 Y99.87 E.0718
G1 X131.967 Y99.174 E.05706
G1 X132.245 Y98.436 E.06138
G1 X132.614 Y97.587 E.07206
G1 X132.938 Y96.93 E.05702
G1 X133.317 Y96.238 E.06141
G1 X133.798 Y95.452 E.07173
G1 X134.318 Y94.696 E.07142
G1 X134.876 Y93.968 E.0714
G1 X135.473 Y93.27 E.07149
G1 X136.104 Y92.604 E.07141
G1 X136.77 Y91.973 E.07141
G1 X137.468 Y91.377 E.07144
G1 X138.2 Y90.815 E.07183
G1 X138.802 Y90.397 E.05705
G1 X139.468 Y89.975 E.06137
G1 X140.27 Y89.522 E.0717
G1 X141.091 Y89.112 E.07143
G1 X141.933 Y88.746 E.07146
G1 X142.798 Y88.423 E.07187
G1 X143.495 Y88.2 E.05696
G1 X144.256 Y87.991 E.06143
G1 X145.155 Y87.792 E.07167
G1 X146.06 Y87.64 E.07143
G1 X146.972 Y87.537 E.07144
G1 X147.893 Y87.48 E.07182
G1 X148.46 Y87.473 E.04414
G1 E-8 F1500
G1 Z2.44 F3000
G1 X146.148 Y88.12 F12000
G1 Z2.24 F3000
G1 E10 F1500
;TYPE:Internal infill
G1 E-20 F1500
G1 Z7.24 F300.0
G1 F12000.0
T0
G1 Z2.24 F300.0
G1 E22.0 F1500
G1 F12000.0
;WIDTH:0.675
G1 F1546.194
G1 X147.96 Y87.966 E.11736
G1 X148.5 Y88.105 E.03598
G1 X149.151 Y88.142 E.04208
G1 X149.842 Y88.015 E.04534
G1 X151.644 Y88.254 E.11731
G1 E-8 F1500
G1 Z2.44 F3000
G1 X158.945 Y91.538 F12000
G1 Z2.24 F3000
G1 E10 F1500
G1 F1546.194
G1 X160.319 Y92.727 E.11726
G1 X159.559 Y93.142 E.05588
G1 X158.909 Y93.31 E.04332
G1 X158.258 Y93.347 E.04208
G1 X157.608 Y93.239 E.04252
G1 X156.957 Y92.926 E.04661
G1 X156.307 Y92.36 E.05562
G1 X155.656 Y91.689 E.06033
G1 X155.006 Y91.162 E.054
G1 X154.355 Y90.836 E.04698
G1 X153.704 Y90.668 E.04339
G1 X153.054 Y90.631 E.04201
G1 X152.403 Y90.739 E.04259
G1 X151.753 Y91.051 E.04653
G1 X151.102 Y91.618 E.05571
G1 X150.452 Y92.289 E.06029
G1 X149.801 Y92.816 E.05405
G1 X149.151 Y93.142 E.04693
G1 X148.5 Y93.31 E.04339
G1 X147.849 Y93.347 E.04208
G1 X147.199 Y93.239 E.04252
G1 X146.548 Y92.926 E.04661
G1 X145.898 Y92.36 E.05562
G1 X145.247 Y91.689 E.06033
G1 X144.597 Y91.162 E.054
G1 X143.946 Y90.836 E.04698
G1 X143.296 Y90.668 E.04332
G1 X142.645 Y90.631 E.04208
G1 X141.994 Y90.739 E.04259
G1 X141.344 Y91.051 E.04653
G1 X140.693 Y91.618 E.05571
G1 X140.043 Y92.289 E.06029
G1 X139.392 Y92.816 E.05405
G1 X138.742 Y93.142 E.04693
G1 X138.091 Y93.31 E.04339
G1 X137.441 Y93.347 E.04201
G1 X136.79 Y93.239 E.04259
G1 X136.366 Y93.035 E.03036
G1 X135.254 Y94.274 E.10744
G1 X134.078 Y95.925 E.13081
G1 X134.838 Y96.256 E.05349
G1 X135.489 Y96.822 E.05567
M73 P46 R10
G1 X136.139 Y97.494 E.06033
G1 X136.79 Y98.02 E.05401
G1 X137.441 Y98.346 E.04698
G1 X138.091 Y98.514 E.04332
G1 X138.742 Y98.551 E.04208
G1 X139.392 Y98.443 E.04252
G1 X140.043 Y98.131 E.04659
G1 X140.693 Y97.565 E.05562
G1 X141.344 Y96.893 E.06038
G1 X141.994 Y96.366 E.054
G1 X142.645 Y96.04 E.04698
G1 X143.296 Y95.872 E.04339
G1 X143.946 Y95.835 E.04201
G1 X144.597 Y95.943 E.04259
G1 X145.247 Y96.256 E.04656
G1 X145.898 Y96.822 E.05567
G1 X146.548 Y97.494 E.06033
G1 X147.199 Y98.02 E.05401
G1 X147.849 Y98.346 E.04693
G1 X148.5 Y98.514 E.04339
G1 X149.151 Y98.551 E.04208
G1 X149.801 Y98.443 E.04252
G1 X150.452 Y98.131 E.04659
G1 X151.102 Y97.565 E.05562
G1 X151.753 Y96.893 E.06038
G1 X152.403 Y96.366 E.054
G1 X153.054 Y96.04 E.04698
G1 X153.704 Y95.872 E.04332
G1 X154.355 Y95.835 E.04208
G1 X155.006 Y95.943 E.04259
G1 X155.656 Y96.256 E.04656
G1 X156.307 Y96.822 E.05567
G1 X156.957 Y97.494 E.06033
G1 X157.608 Y98.02 E.05401
G1 X158.258 Y98.346 E.04693
G1 X158.909 Y98.514 E.04339
G1 X159.559 Y98.551 E.04201
G1 X160.21 Y98.443 E.04259
G1 X160.861 Y98.131 E.04659
G1 X161.511 Y97.565 E.05562
G1 X162.162 Y96.893 E.06038
G1 X162.812 Y96.366 E.054
G1 X163.107 Y96.218 E.0213
G1 X163.959 Y97.825 E.11738
G1 E-8 F1500
G1 Z2.44 F3000
G1 X140.795 Y120.197 F12000
G1 Z2.24 F3000
G1 E10 F1500
G1 F1546.194
G1 X139.22 Y119.29 E.11729
G1 X139.392 Y119.261 E.01126
G1 X140.043 Y118.949 E.04659
G1 X140.693 Y118.382 E.05566
G1 X141.344 Y117.711 E.06033
G1 X141.994 Y117.184 E.054
G1 X142.645 Y116.858 E.04698
G1 X143.296 Y116.69 E.04339
G1 X143.946 Y116.653 E.04201
G1 X144.597 Y116.761 E.04259
G1 X145.247 Y117.074 E.04656
G1 X145.898 Y117.64 E.05567
G1 X146.548 Y118.311 E.06029
G1 X147.199 Y118.838 E.05405
G1 X147.849 Y119.164 E.04693
G1 X148.5 Y119.332 E.04339
G1 X149.151 Y119.369 E.04208
G1 X149.801 Y119.261 E.04252
G1 X150.452 Y118.949 E.04659
G1 X151.102 Y118.382 E.05566
G1 X151.753 Y117.711 E.06033
G1 X152.403 Y117.184 E.054
G1 X153.054 Y116.858 E.04698
G1 X153.704 Y116.69 E.04332
G1 X154.355 Y116.653 E.04208
G1 X155.006 Y116.761 E.04259
G1 X155.656 Y117.074 E.04656
G1 X156.307 Y117.64 E.05567
G1 X156.957 Y118.311 E.06029
G1 X157.608 Y118.838 E.05405
G1 X158.093 Y119.081 E.03501
G1 X159.538 Y117.979 E.11727
G1 E-8 F1500
G1 Z2.44 F3000
G1 X163.46 Y113.159 F12000
G1 Z2.24 F3000
G1 E10 F1500
G1 F1546.194
G1 X164.244 Y111.519 E.11731
G1 X163.463 Y111.449 E.0506
G1 X162.812 Y111.557 E.04259
G1 X162.162 Y111.869 E.04653
G1 X161.511 Y112.435 E.05567
G1 X160.861 Y113.107 E.06033
G1 X160.21 Y113.634 E.05405
G1 X159.559 Y113.96 E.04698
G1 X158.909 Y114.128 E.04332
G1 X158.258 Y114.165 E.04208
G1 X157.608 Y114.057 E.04252
G1 X156.957 Y113.744 E.04661
G1 X156.307 Y113.178 E.05562
G1 X155.656 Y112.506 E.06038
G1 X155.006 Y111.98 E.05396
G1 X154.355 Y111.654 E.04698
G1 X153.704 Y111.486 E.04339
G1 X153.054 Y111.449 E.04201
G1 X152.403 Y111.557 E.04259
G1 X151.753 Y111.869 E.04653
G1 X151.102 Y112.435 E.05567
G1 X150.452 Y113.107 E.06033
G1 X149.801 Y113.634 E.05405
G1 X149.151 Y113.96 E.04693
G1 X148.5 Y114.128 E.04339
G1 X147.849 Y114.165 E.04208
G1 X147.199 Y114.057 E.04252
G1 X146.548 Y113.744 E.04661
G1 X145.898 Y113.178 E.05562
G1 X145.247 Y112.506 E.06038
G1 X144.597 Y111.98 E.05396
G1 X143.946 Y111.654 E.04698
G1 X143.296 Y111.486 E.04332
G1 X142.645 Y111.449 E.04208
G1 X141.994 Y111.557 E.04259
G1 X141.344 Y111.869 E.04653
G1 X140.693 Y112.435 E.05567
G1 X140.043 Y113.107 E.06033
G1 X139.392 Y113.634 E.05405
G1 X138.742 Y113.96 E.04693
G1 X138.091 Y114.128 E.04339
G1 X137.441 Y114.165 E.04201
G1 X136.79 Y114.057 E.04259
G1 X136.139 Y113.744 E.04661
G1 X135.489 Y113.178 E.05562
G1 X134.838 Y112.506 E.06038
G1 X134.188 Y111.98 E.05396
G1 X133.537 Y111.654 E.04698
G1 X132.737 Y111.477 E.05287
G1 X132.201 Y109.983 E.10243
G1 X131.962 Y109.123 E.0576
G1 X131.768 Y108.246 E.05796
G1 X131.552 Y106.802 E.09422
G1 X132.236 Y106.449 E.04967
G1 X132.887 Y106.281 E.04339
G1 X133.537 Y106.244 E.04201
G1 X134.188 Y106.352 E.04259
G1 X134.838 Y106.665 E.04656
G1 X135.489 Y107.231 E.05567
G1 X136.139 Y107.903 E.06033
G1 X136.79 Y108.429 E.05401
G1 X137.441 Y108.755 E.04698
G1 X138.091 Y108.923 E.04332
G1 X138.742 Y108.96 E.04208
G1 X139.392 Y108.852 E.04252
G1 X140.043 Y108.54 E.04659
G1 X140.693 Y107.973 E.05566
G1 X141.344 Y107.302 E.06033
G1 X141.994 Y106.775 E.054
G1 X142.645 Y106.449 E.04698
G1 X143.296 Y106.281 E.04339
G1 X143.946 Y106.244 E.04201
G1 X144.597 Y106.352 E.04259
G1 X145.247 Y106.665 E.04656
G1 X145.898 Y107.231 E.05567
G1 X146.548 Y107.903 E.06033
G1 X147.199 Y108.429 E.05401
G1 X147.849 Y108.755 E.04693
G1 X148.5 Y108.923 E.04339
G1 X149.151 Y108.96 E.04208
G1 X149.801 Y108.852 E.04252
G1 X150.452 Y108.54 E.04659
G1 X151.102 Y107.973 E.05566
G1 X151.753 Y107.302 E.06033
G1 X152.403 Y106.775 E.054
G1 X153.054 Y106.449 E.04698
G1 X153.704 Y106.281 E.04332
G1 X154.355 Y106.244 E.04208
G1 X155.006 Y106.352 E.04259
G1 X155.656 Y106.665 E.04656
G1 X156.307 Y107.231 E.05567
G1 X156.957 Y107.903 E.06033
G1 X157.608 Y108.429 E.05401
G1 X158.258 Y108.755 E.04693
G1 X158.909 Y108.923 E.04339
G1 X159.559 Y108.96 E.04201
G1 X160.21 Y108.852 E.04259
G1 X160.861 Y108.54 E.04659
G1 X161.511 Y107.973 E.05566
G1 X162.162 Y107.302 E.06033
G1 X162.812 Y106.775 E.054
G1 X163.463 Y106.449 E.04698
G1 X164.113 Y106.281 E.04332
G1 X164.764 Y106.244 E.04208
G1 X165.485 Y106.386 E.04742
G1 X165.544 Y105.013 E.08869
G1 X165.521 Y104.108 E.05842
G1 X165.38 Y102.641 E.09511
G1 X165.164 Y101.445 E.07843
G1 X164.764 Y101.245 E.02886
G1 X164.113 Y101.077 E.04339
G1 X163.463 Y101.04 E.04201
G1 X162.812 Y101.148 E.04259
G1 X162.162 Y101.46 E.04653
G1 X161.511 Y102.027 E.05571
G1 X160.861 Y102.698 E.06029
G1 X160.21 Y103.225 E.05405
G1 X159.559 Y103.551 E.04698
G1 X158.909 Y103.719 E.04332
G1 X158.258 Y103.756 E.04208
G1 X157.608 Y103.648 E.04252
G1 X156.957 Y103.335 E.04661
G1 X156.307 Y102.769 E.05562
G1 X155.656 Y102.097 E.06038
G1 X155.006 Y101.571 E.05396
G1 X154.355 Y101.245 E.04698
G1 X153.704 Y101.077 E.04339
G1 X153.054 Y101.04 E.04201
G1 X152.403 Y101.148 E.04259
G1 X151.753 Y101.46 E.04653
G1 X151.102 Y102.027 E.05571
G1 X150.452 Y102.698 E.06029
G1 X149.801 Y103.225 E.05405
G1 X149.151 Y103.551 E.04693
G1 X148.5 Y103.719 E.04339
G1 X147.849 Y103.756 E.04208
G1 X147.199 Y103.648 E.04252
G1 X146.548 Y103.335 E.04661
G1 X145.898 Y102.769 E.05562
G1 X145.247 Y102.097 E.06038
G1 X144.597 Y101.571 E.05396
G1 X143.946 Y101.245 E.04698
G1 X143.296 Y101.077 E.04332
G1 X142.645 Y101.04 E.04208
G1 X141.994 Y101.148 E.04259
G1 X141.344 Y101.46 E.04653
G1 X140.693 Y102.027 E.05571
G1 X140.043 Y102.698 E.06029
G1 X139.392 Y103.225 E.05405
G1 X138.742 Y103.551 E.04693
G1 X138.091 Y103.719 E.04339
G1 X137.441 Y103.756 E.04201
G1 X136.79 Y103.648 E.04259
G1 X136.139 Y103.335 E.04661
G1 X135.489 Y102.769 E.05562
G1 X134.838 Y102.097 E.06038
G1 X134.188 Y101.571 E.05396
G1 X133.537 Y101.245 E.04698
G1 X132.887 Y101.077 E.04332
G1 X132.236 Y101.04 E.04208
G1 X131.914 Y101.093 E.02106
G1 X131.592 Y102.882 E.1173
;LAYER_CHANGE
;Z:2.56
;HEIGHT:0.32

G1 E-8 F1500
G1 Z2.56 F3000
;AFTER_LAYER_CHANGE
;2.56
G92 E0
_ON_LAYER_CHANGE LAYER=8
G1 Z2.76
G1 X148.508 Y85.341 F12000
G1 Z2.56 F3000
G1 E10 F1500
;TYPE:External perimeter
;WIDTH:0.675
G1 F1546.195
G1 X148.665 Y85.339 E.01013
G1 X149.528 Y85.365 E.05572
G1 X150.555 Y85.445 E.06648
G1 X151.576 Y85.58 E.06646
G1 X152.589 Y85.767 E.06648
G1 X153.416 Y85.963 E.05485
G1 X154.248 Y86.197 E.05577
G1 X155.225 Y86.523 E.06647
G1 X156.183 Y86.901 E.06646
G1 X157.119 Y87.328 E.06639
G1 X158.033 Y87.803 E.06647
G1 X158.921 Y88.326 E.06651
G1 X159.494 Y88.698 E.04409
M73 P47 R10
G1 X160.334 Y89.297 E.06658
G1 X161.001 Y89.824 E.05486
G1 X161.656 Y90.388 E.05578
G1 X162.404 Y91.098 E.06655
G1 X162.879 Y91.589 E.04409
G1 X163.562 Y92.361 E.06652
G1 X164.203 Y93.167 E.06646
G1 X164.801 Y94.005 E.06644
G1 X165.354 Y94.873 E.06642
G1 X165.861 Y95.769 E.06644
G1 X166.32 Y96.69 E.06641
G1 X166.731 Y97.636 E.06656
G1 X166.976 Y98.274 E.0441
G1 X167.303 Y99.251 E.06649
G1 X167.578 Y100.243 E.06643
G1 X167.801 Y101.249 E.0665
G1 X167.945 Y102.087 E.05487
G1 X168.055 Y102.944 E.05576
G1 X168.135 Y103.971 E.06648
G1 X168.162 Y105 E.06643
G1 X168.135 Y106.03 E.06649
G1 X168.088 Y106.712 E.04412
G1 X167.971 Y107.736 E.06651
G1 X167.801 Y108.752 E.06648
G1 X167.578 Y109.757 E.06643
G1 X167.303 Y110.749 E.06643
G1 X166.977 Y111.725 E.0664
G1 X166.599 Y112.683 E.06646
G1 X166.172 Y113.621 E.06651
G1 X165.862 Y114.23 E.0441
G1 X165.354 Y115.127 E.06652
G1 X164.801 Y115.995 E.06642
G1 X164.202 Y116.834 E.06653
G1 X163.781 Y117.373 E.04414
G1 X163.112 Y118.157 E.06651
G1 X162.403 Y118.903 E.06642
G1 X161.656 Y119.613 E.06651
G1 X161.14 Y120.061 E.0441
G1 X160.333 Y120.703 E.06655
G1 X159.495 Y121.301 E.06644
G1 X158.627 Y121.854 E.06642
G1 X157.731 Y122.361 E.06644
G1 X156.81 Y122.82 E.06641
G1 X155.864 Y123.231 E.06656
G1 X155.226 Y123.476 E.0441
G1 X154.249 Y123.803 E.06649
G1 X153.257 Y124.078 E.06643
G1 X152.251 Y124.301 E.0665
G1 X151.413 Y124.445 E.05487
G1 X150.556 Y124.555 E.05576
G1 X149.529 Y124.635 E.06648
G1 X148.499 Y124.662 E.06649
G1 X147.815 Y124.65 E.04415
G1 X146.786 Y124.588 E.06652
G1 X145.764 Y124.471 E.06638
G1 X144.747 Y124.301 E.06654
G1 X144.078 Y124.159 E.04413
G1 X143.08 Y123.901 E.06652
G1 X142.099 Y123.591 E.06639
G1 X141.134 Y123.231 E.06647
G1 X140.19 Y122.82 E.06644
G1 X139.269 Y122.361 E.06641
G1 X138.373 Y121.854 E.06644
G1 X137.504 Y121.3 E.06651
G1 X136.944 Y120.908 E.04411
G1 X136.126 Y120.281 E.06651
G1 X135.343 Y119.612 E.06646
G1 X134.597 Y118.903 E.06642
G1 X133.888 Y118.157 E.06642
G1 X133.219 Y117.374 E.06646
G1 X132.592 Y116.557 E.06646
G1 X132.108 Y115.858 E.05487
G1 X131.646 Y115.127 E.05581
G1 X131.139 Y114.231 E.06644
G1 X130.68 Y113.31 E.06641
G1 X130.269 Y112.364 E.06656
G1 X130.024 Y111.726 E.0441
G1 X129.697 Y110.749 E.06649
G1 X129.422 Y109.757 E.06643
G1 X129.199 Y108.752 E.06643
G1 X129.029 Y107.736 E.06648
G1 X128.912 Y106.712 E.06651
G1 X128.865 Y106.03 E.04412
G1 X128.838 Y105 E.06649
G1 X128.865 Y103.97 E.06649
G1 X128.928 Y103.122 E.05487
G1 X129.029 Y102.264 E.05575
G1 X129.199 Y101.248 E.06648
G1 X129.422 Y100.243 E.06643
G1 X129.697 Y99.251 E.06643
G1 X129.964 Y98.443 E.05492
G1 X130.269 Y97.635 E.05573
G1 X130.68 Y96.69 E.0665
G1 X131.057 Y95.927 E.05492
G1 X131.472 Y95.169 E.05577
G1 X132.01 Y94.291 E.06645
G1 X132.593 Y93.443 E.06641
G1 X133.219 Y92.626 E.06642
G1 X133.888 Y91.843 E.06646
G1 X134.597 Y91.097 E.06642
G1 X135.344 Y90.388 E.06646
G1 X135.988 Y89.833 E.05486
G1 X136.666 Y89.297 E.05577
G1 X137.505 Y88.699 E.06649
G1 X138.373 Y88.146 E.06642
G1 X139.269 Y87.639 E.06644
G1 X140.19 Y87.18 E.06641
G1 X141.136 Y86.769 E.06656
G1 X141.774 Y86.524 E.0441
G1 X142.751 Y86.197 E.06649
G1 X143.743 Y85.922 E.06643
G1 X144.748 Y85.699 E.06643
G1 X145.764 Y85.529 E.06648
G1 X146.786 Y85.412 E.06638
G1 X147.814 Y85.35 E.06646
G1 X148.478 Y85.341 E.04285
G1 X149.078 Y85.352 F12000
G1 X148.502 Y86.01
;TYPE:Perimeter
G1 E-20 F1500
G1 Z7.5600000000000005 F300.0
G1 F12000.0
T1
G1 Z2.56 F300.0
G1 E40.0 F1500
G1 F12000.0
;WIDTH:0.8
G1 F1281.916
G1 X148.659 Y86.008 E.01222
G1 X149.492 Y86.033 E.06487
G1 X150.485 Y86.111 E.07753
G1 X151.471 Y86.241 E.07741
G1 X152.451 Y86.422 E.07757
G1 X153.249 Y86.611 E.06383
G1 X154.052 Y86.836 E.06491
G1 X154.996 Y87.152 E.07749
G1 X155.921 Y87.517 E.0774
G1 X156.826 Y87.929 E.0774
G1 X157.708 Y88.388 E.07739
G1 X158.569 Y88.895 E.07777
G1 X159.117 Y89.251 E.05087
G1 X159.932 Y89.832 E.07791
G1 X160.576 Y90.34 E.06385
G1 X161.208 Y90.884 E.06491
G1 X161.933 Y91.573 E.07785
G1 X162.388 Y92.043 E.05092
G1 X163.05 Y92.791 E.07775
G1 X163.669 Y93.57 E.07745
G1 X164.246 Y94.379 E.07735
G1 X164.78 Y95.218 E.07741
G1 X165.27 Y96.083 E.07738
G1 X165.714 Y96.973 E.07742
G1 X166.112 Y97.889 E.07774
G1 X166.346 Y98.5 E.05093
G1 X166.663 Y99.447 E.07773
G1 X166.929 Y100.405 E.07739
G1 X167.049 Y100.947 E.04321
G1 X167.219 Y101.812 E.06862
G1 X167.332 Y102.569 E.05958
G1 X167.428 Y103.51 E.07362
G1 X167.493 Y105 E.11609
G1 X167.467 Y105.998 E.07771
G1 X167.422 Y106.651 E.05095
G1 X167.308 Y107.643 E.07772
G1 X167.144 Y108.624 E.07742
G1 X166.929 Y109.595 E.07741
G1 X166.663 Y110.553 E.07739
G1 X166.348 Y111.496 E.07739
G1 X165.983 Y112.421 E.0774
G1 X165.569 Y113.33 E.07775
G1 X165.272 Y113.913 E.05093
G1 X164.78 Y114.782 E.07773
G1 X164.246 Y115.621 E.07741
G1 X163.666 Y116.434 E.07773
G1 X163.263 Y116.95 E.05096
G1 X162.615 Y117.709 E.07768
G1 X161.93 Y118.43 E.07741
G1 X161.206 Y119.118 E.07774
G1 X160.712 Y119.547 E.05093
G1 X159.93 Y120.169 E.07777
G1 X159.121 Y120.746 E.07735
G1 X158.282 Y121.28 E.07741
M73 P47 R9
G1 X157.417 Y121.77 E.07738
G1 X156.527 Y122.214 E.07742
G1 X155.611 Y122.612 E.07774
G1 X155 Y122.846 E.05093
G1 X154.053 Y123.163 E.07773
G1 X153.095 Y123.429 E.07739
G1 X152.122 Y123.645 E.07758
G1 X151.314 Y123.783 E.0638
G1 X150.487 Y123.889 E.0649
G1 X149.494 Y123.967 E.07753
G1 X148.496 Y123.993 E.07771
G1 X147.842 Y123.982 E.05091
G1 X146.845 Y123.921 E.07775
G1 X145.857 Y123.808 E.0774
G1 X144.872 Y123.644 E.07772
G1 X144.232 Y123.508 E.05093
G1 X143.265 Y123.258 E.07774
G1 X142.316 Y122.959 E.07745
G1 X141.385 Y122.61 E.07739
G1 X140.473 Y122.214 E.07739
G1 X139.583 Y121.77 E.07742
G1 X138.718 Y121.28 E.07738
G1 X137.875 Y120.744 E.07776
G1 X137.339 Y120.369 E.05092
G1 X136.547 Y119.761 E.07772
G1 X135.791 Y119.115 E.0774
G1 X135.07 Y118.43 E.07741
G1 X134.385 Y117.709 E.07741
G1 X133.739 Y116.953 E.0774
G1 X133.133 Y116.163 E.0775
G1 X132.666 Y115.488 E.06389
G1 X132.22 Y114.784 E.06487
G1 X131.73 Y113.917 E.07752
G1 X131.286 Y113.027 E.07742
G1 X130.888 Y112.111 E.07774
G1 X130.654 Y111.5 E.05093
G1 X130.337 Y110.553 E.07773
G1 X130.071 Y109.595 E.07739
G1 X129.856 Y108.624 E.07741
G1 X129.692 Y107.643 E.07742
G1 X129.578 Y106.651 E.07772
G1 X129.533 Y105.998 E.05095
G1 X129.507 Y105 E.07771
G1 X129.533 Y104.004 E.07755
G1 X129.594 Y103.186 E.06385
G1 X129.691 Y102.358 E.06489
G1 X129.856 Y101.376 E.07751
G1 X130.071 Y100.405 E.07741
G1 X130.337 Y99.445 E.07754
G1 X130.594 Y98.667 E.06378
G1 X130.889 Y97.886 E.06498
G1 X131.287 Y96.971 E.07767
G1 X131.65 Y96.236 E.06381
G1 X132.05 Y95.505 E.06486
G1 X132.571 Y94.655 E.0776
G1 X133.134 Y93.836 E.07736
G1 X133.739 Y93.047 E.07739
G1 X134.385 Y92.291 E.0774
G1 X135.07 Y91.57 E.07741
G1 X135.792 Y90.884 E.07752
G1 X136.414 Y90.349 E.06386
G1 X137.068 Y89.832 E.06489
G1 X137.879 Y89.254 E.07752
G1 X138.718 Y88.72 E.07741
G1 X139.583 Y88.23 E.07738
G1 X140.473 Y87.786 E.07742
G1 X141.389 Y87.388 E.07774
G1 X142 Y87.153 E.05095
G1 X142.947 Y86.837 E.07771
G1 X143.905 Y86.571 E.07739
G1 X144.876 Y86.356 E.07741
G1 X145.857 Y86.192 E.07742
G1 X146.845 Y86.079 E.0774
G1 X147.839 Y86.018 E.07752
G1 X148.472 Y86.01 E.04927
G1 X148.496 Y86.741 F12000
G1 F1281.916
G1 X148.653 Y86.739 E.01222
G1 X149.453 Y86.763 E.0623
G1 X150.409 Y86.838 E.07464
G1 X151.357 Y86.963 E.07443
G1 X152.3 Y87.138 E.07465
G1 X153.066 Y87.319 E.06126
G1 X153.836 Y87.535 E.06225
G1 X154.746 Y87.84 E.0747
G1 X155.635 Y88.19 E.07437
G1 X156.505 Y88.586 E.0744
G1 X157.353 Y89.028 E.07443
G1 X158.184 Y89.517 E.07505
G1 X158.706 Y89.856 E.04845
G1 X159.493 Y90.417 E.07523
G1 X160.11 Y90.905 E.06123
G1 X160.717 Y91.427 E.06231
G1 X161.418 Y92.092 E.07521
G1 X161.851 Y92.54 E.0485
G1 X162.489 Y93.262 E.075
G1 X163.084 Y94.01 E.0744
G1 X163.64 Y94.788 E.07443
G1 X164.153 Y95.594 E.07437
G1 X164.624 Y96.427 E.07449
G1 X165.051 Y97.282 E.07439
G1 X165.435 Y98.166 E.07502
G1 X165.658 Y98.747 E.04844
G1 X165.964 Y99.661 E.07502
G1 X166.219 Y100.582 E.07438
G1 X166.335 Y101.106 E.04177
G1 X166.498 Y101.936 E.06584
G1 X166.607 Y102.662 E.05714
G1 X166.699 Y103.568 E.07088
G1 X166.762 Y105 E.11157
G1 X166.737 Y105.963 E.07498
M73 P48 R9
G1 X166.693 Y106.584 E.04846
G1 X166.584 Y107.542 E.07505
G1 X166.426 Y108.484 E.07435
G1 X166.219 Y109.418 E.07446
G1 X165.964 Y110.339 E.07438
G1 X165.66 Y111.246 E.07446
G1 X165.31 Y112.135 E.07437
G1 X164.91 Y113.012 E.07503
G1 X164.628 Y113.567 E.04846
G1 X164.153 Y114.405 E.07498
G1 X163.64 Y115.212 E.07443
G1 X163.08 Y115.996 E.07499
G1 X162.697 Y116.487 E.04847
G1 X162.071 Y117.22 E.07503
G1 X161.413 Y117.913 E.07438
G1 X160.714 Y118.576 E.07499
G1 X160.244 Y118.985 E.0485
G1 X159.49 Y119.584 E.07495
G1 X158.712 Y120.14 E.07443
G1 X157.905 Y120.653 E.07443
G1 X157.073 Y121.124 E.07442
G1 X156.218 Y121.551 E.07439
G1 X155.334 Y121.935 E.07502
G1 X154.753 Y122.158 E.04844
G1 X153.839 Y122.464 E.07502
G1 X152.918 Y122.719 E.07438
G1 X151.981 Y122.927 E.07471
G1 X151.206 Y123.06 E.06121
G1 X150.412 Y123.161 E.0623
G1 X149.456 Y123.237 E.07465
G1 X148.492 Y123.262 E.07506
G1 X147.87 Y123.251 E.04842
G1 X146.908 Y123.192 E.07502
G1 X145.958 Y123.084 E.07442
G1 X145.008 Y122.925 E.07497
G1 X144.399 Y122.796 E.04845
G1 X143.466 Y122.554 E.07502
G1 X142.555 Y122.267 E.07435
G1 X141.659 Y121.932 E.07446
G1 X140.782 Y121.551 E.07443
G1 X139.927 Y121.124 E.07439
G1 X139.095 Y120.653 E.07442
G1 X138.282 Y120.136 E.07499
G1 X137.772 Y119.779 E.04846
G1 X137.008 Y119.192 E.07499
G1 X136.281 Y118.571 E.07442
G1 X135.587 Y117.913 E.07444
G1 X134.929 Y117.219 E.07444
G1 X134.308 Y116.492 E.07442
G1 X133.724 Y115.731 E.07467
G1 X133.276 Y115.085 E.06119
G1 X132.848 Y114.408 E.06234
G1 X132.376 Y113.573 E.07466
G1 X131.949 Y112.718 E.07439
G1 X131.565 Y111.834 E.07502
G1 X131.342 Y111.253 E.04844
G1 X131.036 Y110.339 E.07502
G1 X130.781 Y109.418 E.07438
G1 X130.574 Y108.484 E.07446
G1 X130.416 Y107.542 E.07435
G1 X130.307 Y106.584 E.07505
G1 X130.263 Y105.963 E.04846
G1 X130.238 Y105 E.07498
G1 X130.263 Y104.041 E.07467
G1 X130.322 Y103.256 E.06127
G1 X130.415 Y102.461 E.0623
G1 X130.574 Y101.515 E.07467
G1 X130.781 Y100.582 E.07439
G1 X131.037 Y99.658 E.07463
G1 X131.284 Y98.911 E.06124
G1 X131.567 Y98.162 E.06232
G1 X131.95 Y97.279 E.07492
G1 X132.299 Y96.574 E.06123
G1 X132.683 Y95.872 E.06228
G1 X133.184 Y95.054 E.07466
G1 X133.726 Y94.266 E.07444
G1 X134.308 Y93.508 E.07439
G1 X134.929 Y92.781 E.07442
G1 X135.587 Y92.087 E.07444
G1 X136.283 Y91.427 E.07466
G1 X136.879 Y90.913 E.06126
G1 X137.507 Y90.417 E.06229
G1 X138.288 Y89.86 E.07467
G1 X139.094 Y89.347 E.07437
G1 X139.927 Y88.876 E.07449
G1 X140.782 Y88.449 E.07439
G1 X141.666 Y88.065 E.07502
G1 X142.247 Y87.842 E.04844
G1 X143.161 Y87.536 E.07502
G1 X144.082 Y87.281 E.07438
G1 X145.016 Y87.074 E.07446
G1 X145.958 Y86.916 E.07435
G1 X146.908 Y86.808 E.07442
G1 X147.866 Y86.749 E.07471
G1 X148.466 Y86.742 E.04671
G1 X148.49 Y87.473 F12000
G1 F1281.916
G1 X148.646 Y87.471 E.01214
G1 X149.413 Y87.494 E.05973
G1 X150.332 Y87.566 E.07175
G1 X151.242 Y87.686 E.07144
G1 X152.149 Y87.854 E.0718
G1 X152.883 Y88.027 E.0587
G1 X153.621 Y88.235 E.05968
G1 X154.496 Y88.527 E.0718
G1 X155.35 Y88.863 E.07143
G1 X156.185 Y89.244 E.07144
G1 X156.999 Y89.668 E.07144
G1 X157.799 Y90.139 E.07226
G1 X158.294 Y90.461 E.04596
G1 X159.054 Y91.002 E.07261
G1 X159.645 Y91.469 E.05863
G1 X160.227 Y91.97 E.05977
G1 X160.904 Y92.612 E.07262
G1 X161.314 Y93.036 E.04591
G1 X161.929 Y93.732 E.07229
G1 X162.5 Y94.45 E.07141
G1 X163.033 Y95.197 E.07143
G1 X163.526 Y95.971 E.07143
G1 X163.978 Y96.77 E.07145
G1 X164.388 Y97.591 E.07143
G1 X164.758 Y98.443 E.0723
G1 X164.97 Y98.994 E.04595
G1 X165.264 Y99.875 E.07229
G1 X165.509 Y100.759 E.0714
G1 X165.621 Y101.264 E.04026
G1 X165.777 Y102.059 E.06306
G1 X165.881 Y102.755 E.05478
G1 X165.97 Y103.625 E.06807
G1 X166.03 Y105 E.10713
G1 X166.006 Y105.928 E.07226
G1 X165.965 Y106.517 E.04596
G1 X165.86 Y107.44 E.07231
G1 X165.708 Y108.345 E.07143
G1 X165.509 Y109.241 E.07144
G1 X165.264 Y110.125 E.0714
G1 X164.973 Y110.996 E.07148
G1 X164.637 Y111.85 E.07143
G1 X164.252 Y112.695 E.07228
G1 X163.984 Y113.221 E.04595
G1 X163.526 Y114.029 E.07229
G1 X163.033 Y114.803 E.07143
G1 X162.494 Y115.559 E.07227
G1 X162.13 Y116.024 E.04596
G1 X161.527 Y116.73 E.07227
G1 X160.896 Y117.396 E.07141
G1 X160.222 Y118.035 E.07229
G1 X159.777 Y118.422 E.0459
G1 X159.05 Y119 E.07229
G1 X158.303 Y119.533 E.07143
G1 X157.529 Y120.026 E.07143
G1 X156.73 Y120.478 E.07145
G1 X155.909 Y120.888 E.07143
G1 X155.057 Y121.258 E.0723
G1 X154.506 Y121.47 E.04595
G1 X153.625 Y121.764 E.07229
G1 X152.741 Y122.009 E.0714
G1 X151.841 Y122.209 E.07176
G1 X151.098 Y122.336 E.05867
G1 X150.336 Y122.434 E.0598
G1 X149.417 Y122.506 E.07175
G1 X148.489 Y122.53 E.07226
G1 X147.899 Y122.52 E.04593
G1 X146.972 Y122.463 E.07229
G1 X146.06 Y122.36 E.07144
G1 X145.144 Y122.206 E.0723
G1 X144.567 Y122.084 E.0459
G1 X143.668 Y121.851 E.07229
G1 X142.793 Y121.575 E.07142
G1 X141.933 Y121.254 E.07145
G1 X141.091 Y120.888 E.07146
G1 X140.27 Y120.478 E.07143
G1 X139.471 Y120.026 E.07145
G1 X138.688 Y119.527 E.07227
G1 X138.205 Y119.189 E.04589
G1 X137.468 Y118.624 E.07228
G1 X136.77 Y118.027 E.07149
G1 X136.104 Y117.396 E.07141
G1 X135.473 Y116.73 E.07141
G1 X134.876 Y116.032 E.07149
G1 X134.315 Y115.3 E.07179
G1 X133.886 Y114.681 E.05862
G1 X133.476 Y114.032 E.05975
G1 X133.022 Y113.23 E.07173
G1 X132.612 Y112.409 E.07143
G1 X132.242 Y111.557 E.0723
G1 X132.03 Y111.006 E.04595
G1 X131.736 Y110.125 E.07229
G1 X131.491 Y109.241 E.0714
G1 X131.292 Y108.345 E.07144
G1 X131.14 Y107.44 E.07143
G1 X131.035 Y106.517 E.07231
G1 X130.994 Y105.928 E.04596
G1 X130.97 Y105 E.07226
G1 X130.994 Y104.078 E.07179
G1 X131.05 Y103.326 E.0587
G1 X131.14 Y102.564 E.05972
G1 X131.292 Y101.655 E.07174
G1 X131.491 Y100.759 E.07144
G1 X131.737 Y99.87 E.0718
G1 X131.974 Y99.155 E.05863
G1 X132.245 Y98.437 E.05974
G1 X132.614 Y97.587 E.07213
G1 X132.948 Y96.911 E.05869
G1 X133.316 Y96.238 E.0597
G1 X133.798 Y95.452 E.07177
G1 X134.318 Y94.696 E.07142
G1 X134.876 Y93.968 E.0714
G1 X135.473 Y93.27 E.07149
G1 X136.104 Y92.604 E.07141
G1 X136.773 Y91.969 E.0718
G1 X137.345 Y91.478 E.05868
G1 X137.947 Y91.002 E.05974
G1 X138.697 Y90.467 E.07171
G1 X139.471 Y89.974 E.07143
G1 X140.27 Y89.522 E.07145
G1 X141.091 Y89.112 E.07143
G1 X141.943 Y88.742 E.0723
G1 X142.494 Y88.53 E.04595
G1 X143.375 Y88.236 E.07229
G1 X144.259 Y87.991 E.0714
G1 X145.155 Y87.792 E.07144
G1 X146.06 Y87.64 E.07143
G1 X146.972 Y87.537 E.07144
G1 X147.893 Y87.48 E.07182
G1 X148.46 Y87.473 E.04414
G1 E-8 F1500
G1 Z2.76 F3000
G1 X145.947 Y88.152 F12000
G1 Z2.56 F3000
G1 E10 F1500
;TYPE:Internal infill
G1 E-20 F1500
G1 Z7.5600000000000005 F300.0
G1 F12000.0
T0
G1 Z2.56 F300.0
G1 E22.0 F1500
G1 F12000.0
;WIDTH:0.675
G1 F1546.194
G1 X147.756 Y87.976 E.11729
G1 X148.5 Y88.086 E.04853
G1 X149.326 Y87.977 E.05377
G1 X151.135 Y88.162 E.11735
G1 E-8 F1500
G1 Z2.76 F3000
G1 X159.071 Y91.635 F12000
G1 Z2.56 F3000
G1 E10 F1500
G1 F1546.194
M73 P49 R9
G1 X160.435 Y92.837 E.11732
G1 X160.21 Y92.984 E.01734
G1 X159.559 Y93.213 E.04453
G1 X158.909 Y93.29 E.04224
G1 X158.258 Y93.237 E.04215
G1 X157.608 Y93.033 E.04396
G1 X156.957 Y92.631 E.04938
G1 X155.656 Y91.42 E.1147
G1 X155.006 Y90.993 E.05019
G1 X154.355 Y90.765 E.04451
G1 X153.704 Y90.687 E.04231
G1 X153.054 Y90.741 E.04209
G1 X152.403 Y90.945 E.04403
G1 X151.753 Y91.347 E.04932
G1 X150.452 Y92.558 E.1147
G1 X149.801 Y92.984 E.05021
G1 X149.151 Y93.213 E.04447
G1 X148.5 Y93.29 E.0423
G1 X147.849 Y93.237 E.04215
G1 X147.199 Y93.033 E.04396
G1 X146.548 Y92.631 E.04938
G1 X145.247 Y91.42 E.1147
G1 X144.597 Y90.993 E.05019
G1 X143.946 Y90.765 E.04451
G1 X143.296 Y90.687 E.04225
G1 X142.645 Y90.741 E.04216
G1 X141.994 Y90.945 E.04403
G1 X141.344 Y91.347 E.04932
G1 X140.043 Y92.558 E.1147
G1 X139.392 Y92.984 E.05021
G1 X138.742 Y93.213 E.04447
G1 X138.091 Y93.29 E.0423
G1 X137.441 Y93.237 E.04209
G1 X136.79 Y93.033 E.04403
G1 X136.529 Y92.872 E.01979
G1 X135.254 Y94.274 E.12229
G1 X133.981 Y96.084 E.1428
G1 X134.188 Y96.149 E.014
G1 X134.838 Y96.551 E.04932
G1 X136.139 Y97.763 E.11474
G1 X136.79 Y98.189 E.05021
G1 X137.441 Y98.417 E.04451
G1 X138.091 Y98.495 E.04225
G1 X138.742 Y98.441 E.04216
G1 X139.392 Y98.238 E.04394
G1 X140.043 Y97.835 E.04941
G1 X141.344 Y96.624 E.1147
G1 X141.994 Y96.198 E.05015
G1 X142.645 Y95.969 E.04453
G1 X143.296 Y95.892 E.0423
G1 X143.946 Y95.946 E.04209
G1 X144.597 Y96.149 E.04401
G1 X145.247 Y96.551 E.04932
G1 X146.548 Y97.763 E.11474
G1 X147.199 Y98.189 E.05021
G1 X147.849 Y98.417 E.04445
G1 X148.5 Y98.495 E.04231
G1 X149.151 Y98.441 E.04216
G1 X149.801 Y98.238 E.04394
G1 X150.452 Y97.835 E.04941
G1 X151.753 Y96.624 E.1147
G1 X152.403 Y96.198 E.05015
G1 X153.054 Y95.969 E.04453
G1 X153.704 Y95.892 E.04224
G1 X154.355 Y95.946 E.04216
G1 X155.006 Y96.149 E.04401
G1 X155.656 Y96.551 E.04932
G1 X156.957 Y97.763 E.11474
G1 X157.608 Y98.189 E.05021
G1 X158.258 Y98.417 E.04445
G1 X158.909 Y98.495 E.04231
G1 X159.559 Y98.441 E.04209
G1 X160.21 Y98.238 E.04401
G1 X160.861 Y97.835 E.04941
G1 X162.162 Y96.624 E.1147
G1 X162.812 Y96.198 E.05015
G1 X163.043 Y96.117 E.0158
G1 X163.907 Y97.716 E.11729
G1 E-8 F1500
G1 Z2.76 F3000
G1 X164.644 Y99.552 F12000
G1 Z2.56 F3000
G1 E10 F1500
G1 F1546.194
G1 X165.132 Y101.303 E.1173
G1 X164.764 Y101.174 E.02516
G1 X164.113 Y101.096 E.04231
G1 X163.463 Y101.15 E.04209
G1 X162.812 Y101.354 E.04403
G1 X162.162 Y101.756 E.04932
G1 X160.861 Y102.967 E.1147
G1 X160.21 Y103.393 E.05021
G1 X159.559 Y103.622 E.04453
G1 X158.909 Y103.699 E.04224
G1 X158.258 Y103.646 E.04215
G1 X157.608 Y103.442 E.04396
G1 X156.957 Y103.04 E.04938
G1 X155.656 Y101.829 E.1147
G1 X155.006 Y101.402 E.05019
G1 X154.355 Y101.174 E.04451
G1 X153.704 Y101.096 E.04231
G1 X153.054 Y101.15 E.04209
G1 X152.403 Y101.354 E.04403
G1 X151.753 Y101.756 E.04932
G1 X150.452 Y102.967 E.1147
G1 X149.801 Y103.393 E.05021
G1 X149.151 Y103.622 E.04447
G1 X148.5 Y103.699 E.0423
G1 X147.849 Y103.646 E.04215
G1 X147.199 Y103.442 E.04396
G1 X146.548 Y103.04 E.04938
G1 X145.247 Y101.829 E.1147
G1 X144.597 Y101.402 E.05019
G1 X143.946 Y101.174 E.04451
G1 X143.296 Y101.096 E.04225
G1 X142.645 Y101.15 E.04216
G1 X141.994 Y101.354 E.04403
G1 X141.344 Y101.756 E.04932
G1 X140.043 Y102.967 E.1147
G1 X139.392 Y103.393 E.05021
G1 X138.742 Y103.622 E.04447
G1 X138.091 Y103.699 E.0423
G1 X137.441 Y103.646 E.04209
G1 X136.79 Y103.442 E.04403
G1 X136.139 Y103.04 E.04938
G1 X134.838 Y101.829 E.1147
G1 X134.188 Y101.402 E.05019
G1 X133.537 Y101.174 E.04451
G1 X132.887 Y101.096 E.04225
G1 X132.236 Y101.15 E.04216
G1 X131.877 Y101.262 E.02427
G1 X132.367 Y99.512 E.11728
G1 E-8 F1500
G1 Z2.76 F3000
G1 X140.593 Y120.096 F12000
G1 Z2.56 F3000
G1 E10 F1500
G1 F1546.194
G1 X139.03 Y119.169 E.11727
G1 X139.392 Y119.055 E.02449
G1 X140.043 Y118.653 E.04938
G1 X141.344 Y117.442 E.1147
G1 X141.994 Y117.016 E.05015
G1 X142.645 Y116.787 E.04453
G1 X143.296 Y116.71 E.0423
G1 X143.946 Y116.763 E.04209
G1 X144.597 Y116.967 E.04403
G1 X145.247 Y117.369 E.04932
G1 X146.548 Y118.58 E.1147
G1 X147.199 Y119.007 E.05024
G1 X147.849 Y119.235 E.04445
G1 X148.5 Y119.313 E.04231
G1 X149.151 Y119.259 E.04216
G1 X149.801 Y119.055 E.04396
G1 X150.452 Y118.653 E.04938
G1 X151.753 Y117.442 E.1147
G1 X152.403 Y117.016 E.05015
G1 X153.054 Y116.787 E.04453
G1 X153.704 Y116.71 E.04224
G1 X154.355 Y116.763 E.04215
G1 X155.006 Y116.967 E.04403
G1 X155.656 Y117.369 E.04932
G1 X156.957 Y118.58 E.1147
G1 X157.608 Y119.007 E.05024
G1 X158.005 Y119.146 E.02714
G1 X156.444 Y120.078 E.11732
G1 E-8 F1500
G1 Z2.76 F3000
G1 X164.848 Y109.806 F12000
G1 Z2.56 F3000
G1 E10 F1500
G1 F1546.194
G1 X164.244 Y111.521 E.11734
G1 X163.463 Y111.559 E.05046
G1 X162.812 Y111.762 E.04401
G1 X162.162 Y112.165 E.04935
G1 X160.861 Y113.376 E.1147
G1 X160.21 Y113.802 E.05021
G1 X159.559 Y114.031 E.04453
G1 X158.909 Y114.108 E.04224
G1 X158.258 Y114.054 E.04216
G1 X157.608 Y113.851 E.04394
G1 X156.957 Y113.449 E.04938
G1 X155.656 Y112.237 E.11474
G1 X155.006 Y111.811 E.05015
G1 X154.355 Y111.583 E.04451
G1 X153.704 Y111.505 E.04231
G1 X153.054 Y111.559 E.04209
G1 X152.403 Y111.762 E.04401
G1 X151.753 Y112.165 E.04935
G1 X150.452 Y113.376 E.1147
G1 X149.801 Y113.802 E.05021
G1 X149.151 Y114.031 E.04447
G1 X148.5 Y114.108 E.0423
G1 X147.849 Y114.054 E.04216
G1 X147.199 Y113.851 E.04394
G1 X146.548 Y113.449 E.04938
G1 X145.247 Y112.237 E.11474
G1 X144.597 Y111.811 E.05015
G1 X143.946 Y111.583 E.04451
G1 X143.296 Y111.505 E.04225
G1 X142.645 Y111.559 E.04216
G1 X141.994 Y111.762 E.04401
G1 X141.344 Y112.165 E.04935
G1 X140.043 Y113.376 E.1147
G1 X139.392 Y113.802 E.05021
G1 X138.742 Y114.031 E.04447
G1 X138.091 Y114.108 E.0423
G1 X137.441 Y114.054 E.04209
G1 X136.79 Y113.851 E.04401
G1 X136.139 Y113.449 E.04938
G1 X134.838 Y112.237 E.11474
G1 X134.188 Y111.811 E.05015
G1 X133.537 Y111.583 E.04451
G1 X132.754 Y111.516 E.05071
G1 X132.15 Y109.802 E.11728
G1 E-8 F1500
G1 Z2.76 F3000
G1 X131.81 Y108.435 F12000
G1 Z2.56 F3000
G1 E10 F1500
G1 F1546.194
G1 X131.538 Y106.638 E.11729
G1 X132.236 Y106.378 E.04807
G1 X132.887 Y106.301 E.0423
G1 X133.537 Y106.354 E.04209
G1 X134.188 Y106.558 E.04403
G1 X134.838 Y106.96 E.04932
G1 X136.139 Y108.171 E.1147
G1 X136.79 Y108.598 E.05024
M73 P50 R9
G1 X137.441 Y108.826 E.04451
G1 X138.091 Y108.904 E.04225
G1 X138.742 Y108.85 E.04216
G1 X139.392 Y108.646 E.04396
G1 X140.043 Y108.244 E.04938
G1 X141.344 Y107.033 E.1147
G1 X141.994 Y106.607 E.05015
G1 X142.645 Y106.378 E.04453
G1 X143.296 Y106.301 E.0423
G1 X143.946 Y106.354 E.04209
G1 X144.597 Y106.558 E.04403
G1 X145.247 Y106.96 E.04932
G1 X146.548 Y108.171 E.1147
G1 X147.199 Y108.598 E.05024
G1 X147.849 Y108.826 E.04445
G1 X148.5 Y108.904 E.04231
G1 X149.151 Y108.85 E.04216
G1 X149.801 Y108.646 E.04396
G1 X150.452 Y108.244 E.04938
G1 X151.753 Y107.033 E.1147
G1 X152.403 Y106.607 E.05015
G1 X153.054 Y106.378 E.04453
G1 X153.704 Y106.301 E.04224
G1 X154.355 Y106.354 E.04215
G1 X155.006 Y106.558 E.04403
G1 X155.656 Y106.96 E.04932
G1 X156.957 Y108.171 E.1147
G1 X157.608 Y108.598 E.05024
G1 X158.258 Y108.826 E.04445
G1 X158.909 Y108.904 E.04231
G1 X159.559 Y108.85 E.04209
G1 X160.21 Y108.646 E.04403
G1 X160.861 Y108.244 E.04938
G1 X162.162 Y107.033 E.1147
G1 X162.812 Y106.607 E.05015
G1 X163.463 Y106.378 E.04453
G1 X164.113 Y106.301 E.04224
G1 X164.764 Y106.354 E.04215
G1 X165.467 Y106.591 E.04788
G1 X165.201 Y108.389 E.11729
;LAYER_CHANGE
;Z:2.88
;HEIGHT:0.32

G1 E-8 F1500
G1 Z2.88 F3000
;AFTER_LAYER_CHANGE
;2.88
G92 E0
_ON_LAYER_CHANGE LAYER=9
G1 Z3.08
G1 X148.508 Y85.341 F12000
G1 Z2.88 F3000
G1 E10 F1500
;TYPE:External perimeter
;WIDTH:0.675
G1 F1546.195
G1 X148.687 Y85.339 E.01155
G1 X149.528 Y85.365 E.0543
G1 X150.555 Y85.445 E.06648
G1 X151.576 Y85.58 E.06646
G1 X152.589 Y85.768 E.06649
G1 X153.255 Y85.921 E.0441
G1 X154.249 Y86.197 E.06657
G1 X155.225 Y86.523 E.0664
G1 X156.183 Y86.901 E.06646
G1 X157.12 Y87.328 E.06645
G1 X157.895 Y87.728 E.05628
G1 X158.626 Y88.146 E.05434
G1 X159.495 Y88.699 E.06647
G1 X160.333 Y89.297 E.06644
G1 X161.139 Y89.938 E.06646
G1 X161.91 Y90.62 E.06643
G1 X162.644 Y91.341 E.0664
G1 X163.34 Y92.101 E.0665
G1 X163.78 Y92.625 E.04416
G1 X164.407 Y93.443 E.06651
G1 X164.99 Y94.291 E.06641
G1 X165.528 Y95.169 E.06645
G1 X165.947 Y95.935 E.05634
G1 X166.32 Y96.69 E.05434
G1 X166.731 Y97.636 E.06656
G1 X166.976 Y98.274 E.0441
G1 X167.303 Y99.251 E.06649
G1 X167.578 Y100.243 E.06643
G1 X167.801 Y101.248 E.06643
G1 X167.971 Y102.264 E.06648
G1 X168.088 Y103.286 E.06638
G1 X168.15 Y104.314 E.06646
G1 X168.159 Y105.343 E.06641
G1 X168.114 Y106.372 E.06647
G1 X168.016 Y107.398 E.06651
G1 X167.921 Y108.074 E.04405
G1 X167.732 Y109.09 E.06669
G1 X167.579 Y109.755 E.04404
G1 X167.303 Y110.749 E.06657
G1 X166.977 Y111.725 E.0664
G1 X166.599 Y112.684 E.06652
G1 X166.321 Y113.308 E.04408
G1 X165.861 Y114.231 E.06655
G1 X165.354 Y115.127 E.06644
G1 X164.801 Y115.995 E.06642
G1 X164.203 Y116.833 E.06644
G1 X163.562 Y117.639 E.06646
G1 X162.88 Y118.41 E.06643
G1 X162.158 Y119.145 E.06649
G1 X161.658 Y119.611 E.04411
G1 X160.874 Y120.281 E.06655
G1 X160.057 Y120.907 E.06642
G1 X159.209 Y121.49 E.06641
G1 X158.33 Y122.029 E.06654
G1 X157.732 Y122.36 E.04411
G1 X156.81 Y122.82 E.06649
G1 X155.864 Y123.231 E.06656
G1 X155.226 Y123.476 E.0441
G1 X154.249 Y123.803 E.06649
G1 X153.257 Y124.078 E.06643
G1 X152.252 Y124.301 E.06643
G1 X151.236 Y124.471 E.06648
G1 X150.214 Y124.588 E.06638
G1 X149.186 Y124.65 E.06646
G1 X148.156 Y124.659 E.06647
G1 X147.284 Y124.624 E.05632
G1 X146.445 Y124.555 E.05433
G1 X145.424 Y124.42 E.06646
G1 X144.412 Y124.233 E.06641
G1 X143.41 Y123.992 E.06651
G1 X142.753 Y123.804 E.0441
G1 X141.775 Y123.477 E.06655
G1 X140.817 Y123.099 E.06646
G1 X139.879 Y122.672 E.06651
G1 X139.27 Y122.362 E.0441
G1 X138.373 Y121.854 E.06652
G1 X137.505 Y121.301 E.06642
G1 X136.667 Y120.703 E.06644
G1 X135.861 Y120.062 E.06646
G1 X135.09 Y119.38 E.06643
G1 X134.355 Y118.658 E.06649
G1 X133.889 Y118.158 E.04411
G1 X133.219 Y117.374 E.06655
G1 X132.593 Y116.557 E.06642
G1 X132.009 Y115.708 E.0665
G1 X131.647 Y115.128 E.04412
G1 X131.139 Y114.231 E.06652
G1 X130.68 Y113.31 E.06641
G1 X130.269 Y112.366 E.06644
G1 X129.909 Y111.401 E.06647
G1 X129.644 Y110.57 E.05629
G1 X129.422 Y109.757 E.05439
G1 X129.199 Y108.752 E.06643
G1 X129.029 Y107.736 E.06648
G1 X128.912 Y106.714 E.06638
G1 X128.85 Y105.686 E.06646
G1 X128.841 Y104.657 E.06641
G1 X128.886 Y103.628 E.06647
G1 X128.966 Y102.759 E.05632
G1 X129.08 Y101.925 E.05432
G1 X129.267 Y100.912 E.06648
G1 X129.508 Y99.911 E.06644
G1 X129.8 Y98.924 E.06642
G1 X130.144 Y97.953 E.06648
G1 X130.475 Y97.146 E.05629
G1 X130.827 Y96.381 E.05434
G1 X131.303 Y95.468 E.06645
G1 X131.825 Y94.581 E.06642
G1 X132.394 Y93.721 E.06655
G1 X132.796 Y93.168 E.04412
G1 X133.438 Y92.361 E.06655
G1 X134.12 Y91.59 E.06643
G1 X134.842 Y90.856 E.06644
G1 X135.483 Y90.264 E.05631
G1 X136.126 Y89.72 E.05435
G1 X136.943 Y89.093 E.06646
G1 X137.792 Y88.509 E.0665
G1 X138.534 Y88.051 E.05627
G1 X139.268 Y87.639 E.05432
G1 X140.19 Y87.18 E.06646
G1 X141.136 Y86.769 E.06656
G1 X141.774 Y86.524 E.0441
G1 X142.751 Y86.197 E.06649
G1 X143.743 Y85.922 E.06643
G1 X144.748 Y85.699 E.06643
G1 X145.764 Y85.529 E.06648
G1 X146.786 Y85.412 E.06638
G1 X147.814 Y85.35 E.06646
G1 X148.478 Y85.342 E.04285
G1 X149.078 Y85.351 F12000
G1 X148.502 Y86.01
;TYPE:Perimeter
G1 E-20 F1500
G1 Z7.88 F300.0
G1 F12000.0
T1
G1 Z2.88 F300.0
G1 E40.0 F1500
G1 F12000.0
;WIDTH:0.8
G1 F1281.916
G1 X148.681 Y86.008 E.01393
G1 X149.492 Y86.033 E.06316
G1 X150.485 Y86.111 E.07753
G1 X151.471 Y86.241 E.07741
G1 X152.453 Y86.423 E.07774
G1 X153.091 Y86.57 E.05096
G1 X154.053 Y86.837 E.07771
G1 X154.996 Y87.152 E.07739
G1 X155.921 Y87.517 E.0774
G1 X156.828 Y87.93 E.07757
G1 X157.576 Y88.316 E.06552
G1 X158.281 Y88.718 E.06317
G1 X159.121 Y89.254 E.07756
G1 X159.93 Y89.831 E.07735
G1 X160.709 Y90.45 E.07745
G1 X161.453 Y91.109 E.07736
G1 X162.163 Y91.806 E.07744
G1 X162.837 Y92.542 E.07768
G1 X163.258 Y93.044 E.051
G1 X163.866 Y93.836 E.07772
G1 X164.429 Y94.655 E.07736
G1 X164.95 Y95.505 E.0776
G1 X165.354 Y96.243 E.06549
G1 X165.713 Y96.971 E.06318
G1 X166.112 Y97.889 E.07791
G1 X166.506 Y98.975 E.08992
G1 X166.796 Y99.926 E.07739
G1 X167.037 Y100.89 E.07734
G1 X167.226 Y101.866 E.07738
G1 X167.365 Y102.851 E.07743
G1 X167.451 Y103.841 E.07735
G1 X167.49 Y105.331 E.11602
G1 X167.447 Y106.325 E.07744
G1 X167.351 Y107.319 E.07773
G1 X167.26 Y107.967 E.05093
G1 X167.077 Y108.953 E.07806
G1 X166.93 Y109.591 E.05096
G1 X166.663 Y110.553 E.07771
G1 X166.348 Y111.496 E.07739
G1 X165.982 Y112.425 E.07772
G1 X165.716 Y113.023 E.05094
G1 X165.27 Y113.917 E.07776
G1 X164.78 Y114.782 E.07738
G1 X164.246 Y115.621 E.07741
G1 X163.669 Y116.43 E.07735
G1 X163.05 Y117.209 E.07745
G1 X162.391 Y117.953 E.07736
G1 X161.691 Y118.666 E.07777
G1 X161.212 Y119.112 E.05094
G1 X160.453 Y119.761 E.07773
G1 X159.664 Y120.366 E.07739
G1 X158.845 Y120.929 E.07736
G1 X157.993 Y121.451 E.07777
G1 X157.421 Y121.768 E.0509
G1 X156.527 Y122.214 E.07776
G1 X155.611 Y122.612 E.07774
G1 X155 Y122.846 E.05093
G1 X154.053 Y123.163 E.07773
G1 X153.095 Y123.429 E.07739
G1 X152.124 Y123.644 E.07741
G1 X151.143 Y123.808 E.07742
G1 X150.155 Y123.921 E.0774
G1 X149.163 Y123.982 E.07736
G1 X148.167 Y123.99 E.07753
G1 X147.326 Y123.956 E.06551
G1 X146.517 Y123.89 E.06318
G1 X145.529 Y123.759 E.07758
G1 X144.551 Y123.578 E.07742
G1 X143.58 Y123.345 E.07773
G1 X142.951 Y123.165 E.05092
G1 X142.004 Y122.848 E.07773
G1 X141.079 Y122.483 E.0774
G1 X140.17 Y122.069 E.07775
G1 X139.587 Y121.772 E.05093
G1 X138.718 Y121.28 E.07773
G1 X137.879 Y120.746 E.07741
G1 X137.07 Y120.169 E.07735
G1 X136.291 Y119.55 E.07745
G1 X135.547 Y118.891 E.07736
G1 X134.834 Y118.191 E.07777
G1 X134.388 Y117.712 E.05094
G1 X133.739 Y116.953 E.07773
G1 X133.134 Y116.164 E.07739
G1 X132.568 Y115.341 E.07775
G1 X132.222 Y114.786 E.05091
G1 X131.73 Y113.917 E.07773
G1 X131.286 Y113.027 E.07742
G1 X130.89 Y112.115 E.07739
G1 X130.541 Y111.182 E.07754
M73 P51 R9
G1 X130.285 Y110.38 E.06553
G1 X130.071 Y109.597 E.06318
G1 X129.856 Y108.624 E.07756
G1 X129.692 Y107.643 E.07742
G1 X129.579 Y106.655 E.0774
G1 X129.518 Y105.663 E.07736
G1 X129.51 Y104.669 E.07737
G1 X129.553 Y103.674 E.07752
G1 X129.631 Y102.835 E.06559
G1 X129.74 Y102.031 E.06315
G1 X129.922 Y101.051 E.07758
G1 X130.154 Y100.084 E.0774
G1 X130.436 Y99.131 E.07736
G1 X130.769 Y98.192 E.07755
G1 X131.089 Y97.413 E.06555
G1 X131.428 Y96.676 E.06314
G1 X131.888 Y95.792 E.07757
G1 X132.393 Y94.935 E.07743
G1 X132.944 Y94.102 E.07774
G1 X133.329 Y93.573 E.05093
G1 X133.95 Y92.791 E.07773
G1 X134.609 Y92.047 E.07736
G1 X135.307 Y91.336 E.07755
G1 X135.926 Y90.765 E.06555
G1 X136.546 Y90.241 E.06319
G1 X137.336 Y89.634 E.07755
G1 X138.157 Y89.07 E.07753
G1 X138.873 Y88.628 E.0655
G1 X139.581 Y88.231 E.06318
G1 X140.473 Y87.786 E.07759
G1 X141.389 Y87.388 E.07774
G1 X142 Y87.153 E.05095
G1 X142.947 Y86.837 E.07771
G1 X143.905 Y86.571 E.07739
G1 X144.876 Y86.356 E.07741
G1 X145.857 Y86.192 E.07742
G1 X146.845 Y86.079 E.0774
G1 X147.839 Y86.018 E.07752
G1 X148.472 Y86.011 E.04927
G1 X148.496 Y86.742 F12000
G1 F1281.916
G1 X148.674 Y86.74 E.01386
G1 X149.452 Y86.763 E.06058
G1 X150.409 Y86.838 E.07472
G1 X151.357 Y86.963 E.07443
G1 X152.304 Y87.139 E.07497
G1 X152.911 Y87.279 E.04849
G1 X153.839 Y87.536 E.07495
G1 X154.746 Y87.84 E.07446
G1 X155.635 Y88.19 E.07437
G1 X156.508 Y88.588 E.07468
G1 X157.226 Y88.959 E.06291
G1 X157.903 Y89.345 E.06066
G1 X158.712 Y89.86 E.07465
G1 X159.49 Y90.416 E.07443
G1 X160.238 Y91.011 E.0744
G1 X160.954 Y91.644 E.07439
G1 X161.636 Y92.314 E.07442
G1 X162.287 Y93.025 E.07504
G1 X162.687 Y93.502 E.04845
G1 X163.274 Y94.266 E.07499
G1 X163.816 Y95.054 E.07444
G1 X164.317 Y95.871 E.0746
G1 X164.705 Y96.581 E.06298
G1 X165.049 Y97.279 E.06057
G1 X165.311 Y97.881 E.0511
G1 X165.547 Y98.456 E.04838
G1 X165.812 Y99.207 E.06199
G1 X166.092 Y100.121 E.07441
G1 X166.323 Y101.049 E.07444
G1 X166.505 Y101.987 E.07437
G1 X166.638 Y102.933 E.07436
G1 X166.721 Y103.886 E.07446
G1 X166.759 Y105.319 E.11158
G1 X166.717 Y106.274 E.07441
G1 X166.625 Y107.233 E.07499
G1 X166.538 Y107.849 E.04842
G1 X166.361 Y108.804 E.0756
G1 X166.221 Y109.411 E.04849
G1 X165.964 Y110.339 E.07495
G1 X165.66 Y111.246 E.07446
G1 X165.307 Y112.142 E.07496
G1 X165.054 Y112.711 E.04847
G1 X164.624 Y113.573 E.07498
G1 X164.153 Y114.406 E.07449
G1 X163.64 Y115.212 E.07437
G1 X163.084 Y115.99 E.07443
G1 X162.489 Y116.738 E.0744
G1 X161.856 Y117.454 E.07439
G1 X161.18 Y118.142 E.07508
G1 X160.725 Y118.566 E.04841
G1 X159.992 Y119.192 E.07503
G1 X159.234 Y119.774 E.07439
G1 X158.446 Y120.316 E.07444
G1 X157.624 Y120.819 E.07501
G1 X157.08 Y121.121 E.04843
G1 X156.218 Y121.551 E.07498
G1 X155.334 Y121.935 E.07502
G1 X154.753 Y122.158 E.04844
G1 X153.839 Y122.464 E.07502
G1 X152.918 Y122.719 E.07438
G1 X151.985 Y122.926 E.07439
G1 X151.042 Y123.084 E.07442
G1 X150.092 Y123.192 E.07442
G1 X149.137 Y123.251 E.07448
G1 X148.179 Y123.259 E.07457
G1 X147.371 Y123.226 E.06294
G1 X146.594 Y123.162 E.06068
G1 X145.643 Y123.037 E.07466
G1 X144.703 Y122.863 E.07441
G1 X143.766 Y122.638 E.07501
G1 X143.168 Y122.466 E.04843
G1 X142.254 Y122.16 E.07502
G1 X141.365 Y121.81 E.07437
G1 X140.488 Y121.41 E.07503
G1 X139.933 Y121.128 E.04846
G1 X139.094 Y120.653 E.07504
G1 X138.288 Y120.14 E.07437
G1 X137.51 Y119.584 E.07443
G1 X136.762 Y118.989 E.0744
G1 X136.046 Y118.356 E.07439
G1 X135.358 Y117.68 E.07508
G1 X134.934 Y117.225 E.04841
G1 X134.308 Y116.492 E.07503
G1 X133.726 Y115.734 E.07439
G1 X133.18 Y114.94 E.075
G1 X132.85 Y114.412 E.04846
G1 X132.376 Y113.573 E.07501
G1 X131.949 Y112.718 E.07439
G1 X131.568 Y111.841 E.07443
G1 X131.232 Y110.943 E.07463
G1 X130.987 Y110.172 E.06297
G1 X130.781 Y109.421 E.06061
G1 X130.574 Y108.485 E.07462
G1 X130.416 Y107.542 E.07442
G1 X130.308 Y106.592 E.07442
G1 X130.249 Y105.637 E.07448
G1 X130.241 Y104.681 E.07441
G1 X130.283 Y103.723 E.07464
G1 X130.358 Y102.918 E.06293
G1 X130.462 Y102.147 E.06056
G1 X130.637 Y101.203 E.07473
G1 X130.861 Y100.273 E.07446
G1 X131.132 Y99.357 E.07435
G1 X131.452 Y98.453 E.07464
G1 X131.759 Y97.705 E.06294
G1 X132.085 Y96.998 E.0606
G1 X132.528 Y96.147 E.07468
G1 X133.013 Y95.323 E.07442
G1 X133.545 Y94.519 E.07504
G1 X133.911 Y94.016 E.04842
G1 X134.511 Y93.262 E.075
G1 X135.144 Y92.546 E.07439
G1 X135.816 Y91.862 E.07464
G1 X136.411 Y91.313 E.06302
G1 X137.005 Y90.81 E.06059
G1 X137.766 Y90.226 E.07467
G1 X138.556 Y89.683 E.07462
G1 X139.244 Y89.258 E.06295
G1 X139.924 Y88.877 E.06067
G1 X140.782 Y88.449 E.07463
G1 X141.666 Y88.065 E.07502
G1 X142.247 Y87.842 E.04844
G1 X143.161 Y87.536 E.07502
G1 X144.082 Y87.281 E.07438
G1 X145.015 Y87.074 E.07439
G1 X145.958 Y86.916 E.07442
G1 X146.908 Y86.808 E.07442
G1 X147.865 Y86.749 E.07463
G1 X148.466 Y86.742 E.04678
G1 X148.49 Y87.473 F12000
G1 F1281.916
G1 X148.667 Y87.471 E.01378
G1 X149.413 Y87.493 E.05809
G1 X150.332 Y87.566 E.07176
G1 X151.242 Y87.686 E.07144
G1 X152.155 Y87.855 E.07227
G1 X152.731 Y87.988 E.04601
G1 X153.625 Y88.236 E.07221
G1 X154.496 Y88.527 E.07148
G1 X155.35 Y88.863 E.07143
G1 X156.188 Y89.246 E.07172
G1 X156.877 Y89.601 E.06033
G1 X157.525 Y89.971 E.05808
G1 X158.303 Y90.467 E.07182
G1 X159.05 Y91 E.07143
G1 X159.768 Y91.571 E.07141
G1 X160.456 Y92.179 E.07147
G1 X161.11 Y92.823 E.07144
G1 X161.737 Y93.507 E.07222
G1 X162.117 Y93.959 E.04596
G1 X162.682 Y94.696 E.07228
G1 X163.202 Y95.452 E.07142
G1 X163.684 Y96.238 E.07177
G1 X164.056 Y96.918 E.06033
G1 X164.386 Y97.587 E.05806
G1 X164.64 Y98.172 E.04964
G1 X164.864 Y98.719 E.04601
G1 X165.119 Y99.44 E.05953
G1 X165.387 Y100.317 E.07138
G1 X165.609 Y101.207 E.0714
G1 X165.784 Y102.108 E.07144
G1 X165.912 Y103.016 E.07137
G1 X165.991 Y103.93 E.07141
G1 X166.028 Y105.306 E.10714
G1 X165.987 Y106.223 E.07145
G1 X165.898 Y107.147 E.07225
G1 X165.816 Y107.732 E.04598
G1 X165.645 Y108.655 E.07307
G1 X165.512 Y109.231 E.04601
G1 X165.264 Y110.125 E.07221
G1 X164.973 Y110.996 E.07148
G1 X164.633 Y111.86 E.07227
G1 X164.393 Y112.399 E.04593
G1 X163.978 Y113.23 E.0723
G1 X163.526 Y114.029 E.07145
G1 X163.033 Y114.803 E.07143
G1 X162.5 Y115.55 E.07143
G1 X161.929 Y116.268 E.07141
G1 X161.321 Y116.956 E.07147
G1 X160.67 Y117.618 E.07227
G1 X160.238 Y118.02 E.04593
G1 X159.532 Y118.624 E.07232
G1 X158.804 Y119.182 E.0714
G1 X158.048 Y119.702 E.07142
G1 X157.256 Y120.187 E.07229
G1 X156.74 Y120.473 E.04592
G1 X155.909 Y120.888 E.0723
G1 X155.057 Y121.258 E.0723
G1 X154.506 Y121.47 E.04595
G1 X153.625 Y121.764 E.07229
G1 X152.741 Y122.009 E.0714
G1 X151.845 Y122.208 E.07144
G1 X150.94 Y122.36 E.07143
G1 X150.028 Y122.463 E.07144
G1 X149.112 Y122.519 E.07143
G1 X148.19 Y122.528 E.07177
G1 X147.415 Y122.496 E.06038
G1 X146.672 Y122.435 E.05803
G1 X145.758 Y122.314 E.07176
G1 X144.855 Y122.147 E.07148
G1 X143.952 Y121.93 E.07229
G1 X143.385 Y121.768 E.0459
G1 X142.504 Y121.473 E.07232
G1 X141.65 Y121.137 E.07143
G1 X140.805 Y120.752 E.07228
G1 X140.279 Y120.484 E.04595
G1 X139.471 Y120.026 E.07229
G1 X138.697 Y119.533 E.07143
G1 X137.95 Y119 E.07143
G1 X137.232 Y118.429 E.07141
G1 X136.544 Y117.821 E.07147
G1 X135.882 Y117.17 E.07227
G1 X135.48 Y116.738 E.04593
G1 X134.876 Y116.032 E.07232
G1 X134.318 Y115.304 E.0714
G1 X133.792 Y114.539 E.07226
G1 X133.479 Y114.038 E.04598
G1 X133.022 Y113.23 E.07225
G1 X132.612 Y112.409 E.07143
G1 X132.246 Y111.567 E.07146
G1 X131.924 Y110.704 E.0717
G1 X131.688 Y109.965 E.06038
G1 X131.492 Y109.246 E.05801
G1 X131.292 Y108.345 E.07184
G1 X131.14 Y107.44 E.07143
G1 X131.037 Y106.528 E.07144
G1 X130.981 Y105.612 E.07143
G1 X130.972 Y104.694 E.07146
G1 X131.013 Y103.773 E.07176
G1 X131.085 Y103.001 E.06035
G1 X131.185 Y102.262 E.05805
G1 X131.353 Y101.355 E.0718
G1 X131.567 Y100.463 E.0714
G1 X131.828 Y99.583 E.07145
G1 X132.135 Y98.714 E.07174
G1 X132.43 Y97.997 E.06035
G1 X132.742 Y97.32 E.05802
G1 X133.168 Y96.501 E.07186
M73 P52 R9
G1 X133.634 Y95.71 E.07146
G1 X134.146 Y94.936 E.07223
G1 X134.493 Y94.459 E.04591
G1 X135.071 Y93.732 E.07229
G1 X135.679 Y93.044 E.07147
G1 X136.325 Y92.387 E.07172
G1 X136.895 Y91.861 E.06037
G1 X137.464 Y91.379 E.05804
G1 X138.196 Y90.818 E.07179
G1 X138.956 Y90.296 E.07177
G1 X139.615 Y89.889 E.06029
G1 X140.266 Y89.524 E.05809
G1 X141.091 Y89.112 E.07178
G1 X141.943 Y88.742 E.0723
G1 X142.494 Y88.53 E.04595
G1 X143.375 Y88.236 E.07229
G1 X144.259 Y87.991 E.0714
G1 X145.155 Y87.792 E.07144
G1 X146.06 Y87.64 E.07143
G1 X146.972 Y87.537 E.07144
G1 X147.892 Y87.48 E.07175
G1 X148.46 Y87.474 E.04421
G1 E-8 F1500
G1 Z3.08 F3000
G1 X150.888 Y88.129 F12000
G1 Z2.88 F3000
G1 E10 F1500
;TYPE:Internal infill
G1 E-20 F1500
G1 Z7.88 F300.0
G1 F12000.0
T0
G1 Z2.88 F300.0
G1 E22.0 F1500
G1 F12000.0
;WIDTH:0.675
G1 F1546.194
G1 X149.077 Y87.97 E.11732
G1 X148.5 Y88.097 E.03813
G1 X147.849 Y88.11 E.04202
G1 X147.323 Y88.002 E.03465
G1 X147.015 Y88.021 E.01991
G1 X145.519 Y88.224 E.09743
G1 E-8 F1500
G1 Z3.08 F3000
G1 X138.025 Y91.562 F12000
G1 Z2.88 F3000
G1 E10 F1500
G1 F1546.194
G1 X136.649 Y92.751 E.11736
G1 X137.441 Y93.158 E.05746
G1 X138.091 Y93.302 E.04296
G1 X138.742 Y93.314 E.04202
G1 X139.392 Y93.181 E.04282
G1 X140.043 Y92.845 E.04728
G1 X141.344 Y91.618 E.11541
G1 X141.994 Y91.12 E.05284
G1 X142.645 Y90.82 E.04626
G1 X143.296 Y90.676 E.04303
G1 X143.946 Y90.663 E.04195
G1 X144.597 Y90.797 E.04289
G1 X145.247 Y91.133 E.04722
G1 X146.548 Y92.36 E.11541
G1 X147.199 Y92.858 E.05289
G1 X147.849 Y93.158 E.0462
G1 X148.5 Y93.302 E.04303
G1 X149.151 Y93.314 E.04202
G1 X149.801 Y93.181 E.04282
G1 X150.452 Y92.845 E.04728
G1 X151.753 Y91.618 E.11541
G1 X152.403 Y91.12 E.05284
G1 X153.054 Y90.82 E.04626
G1 X153.704 Y90.676 E.04296
G1 X154.355 Y90.663 E.04202
G1 X155.006 Y90.797 E.04289
G1 X155.656 Y91.133 E.04722
G1 X156.957 Y92.36 E.11541
G1 X157.608 Y92.858 E.05289
G1 X158.258 Y93.158 E.0462
G1 X158.909 Y93.302 E.04303
G1 X159.559 Y93.314 E.04195
G1 X160.21 Y93.181 E.04288
G1 X160.584 Y92.987 E.02719
G1 X161.738 Y94.264 E.11107
G1 X162.951 Y95.973 E.13524
G1 X162.162 Y96.338 E.0561
G1 X160.861 Y97.564 E.11536
G1 X160.21 Y98.063 E.05293
G1 X159.559 Y98.362 E.04623
G1 X158.909 Y98.506 E.04296
G1 X158.258 Y98.519 E.04202
G1 X157.608 Y98.385 E.04283
G1 X156.957 Y98.049 E.04728
G1 X155.656 Y96.822 E.11541
G1 X155.006 Y96.324 E.05284
G1 X154.355 Y96.024 E.04626
G1 X153.704 Y95.88 E.04303
G1 X153.054 Y95.868 E.04195
G1 X152.403 Y96.001 E.04288
G1 X151.753 Y96.338 E.04725
G1 X150.452 Y97.564 E.11536
G1 X149.801 Y98.063 E.05293
G1 X149.151 Y98.362 E.04617
G1 X148.5 Y98.506 E.04303
G1 X147.849 Y98.519 E.04202
G1 X147.199 Y98.385 E.04283
G1 X146.548 Y98.049 E.04728
G1 X145.247 Y96.822 E.11541
G1 X144.597 Y96.324 E.05284
G1 X143.946 Y96.024 E.04626
G1 X143.296 Y95.88 E.04296
G1 X142.645 Y95.868 E.04202
G1 X141.994 Y96.001 E.04288
G1 X141.344 Y96.338 E.04725
G1 X140.043 Y97.564 E.11536
G1 X139.392 Y98.063 E.05293
G1 X138.742 Y98.362 E.04617
G1 X138.091 Y98.506 E.04303
G1 X137.441 Y98.519 E.04195
G1 X136.79 Y98.385 E.04289
G1 X136.139 Y98.049 E.04728
G1 X134.838 Y96.822 E.11541
G1 X134.188 Y96.324 E.05284
G1 X133.911 Y96.197 E.01966
G1 X133.055 Y97.8 E.11727
G1 E-8 F1500
G1 Z3.08 F3000
G1 X156.272 Y120.164 F12000
G1 Z2.88 F3000
G1 E10 F1500
G1 F1546.194
G1 X157.845 Y119.252 E.11734
G1 X157.608 Y119.203 E.01562
G1 X156.957 Y118.867 E.04728
G1 X155.656 Y117.64 E.11541
G1 X155.006 Y117.142 E.05284
G1 X154.355 Y116.842 E.04626
G1 X153.704 Y116.698 E.04303
G1 X153.054 Y116.686 E.04195
G1 X152.403 Y116.819 E.04288
G1 X151.753 Y117.155 E.04722
G1 X150.452 Y118.382 E.11541
G1 X149.801 Y118.88 E.05289
G1 X149.151 Y119.18 E.0462
G1 X148.5 Y119.324 E.04303
G1 X147.849 Y119.337 E.04202
G1 X147.199 Y119.203 E.04283
G1 X146.548 Y118.867 E.04728
G1 X145.247 Y117.64 E.11541
G1 X144.597 Y117.142 E.05284
G1 X143.946 Y116.842 E.04626
G1 X143.296 Y116.698 E.04296
G1 X142.645 Y116.686 E.04202
G1 X141.994 Y116.819 E.04288
G1 X141.344 Y117.155 E.04722
G1 X140.043 Y118.382 E.11541
G1 X139.392 Y118.88 E.05289
G1 X138.922 Y119.097 E.03341
G1 X137.476 Y117.996 E.11729
G1 E-8 F1500
G1 Z3.08 F3000
G1 X133.542 Y113.162 F12000
G1 Z2.88 F3000
G1 E10 F1500
G1 F1546.194
G1 X132.757 Y111.523 E.11728
G1 X133.537 Y111.481 E.05041
G1 X134.188 Y111.615 E.04289
G1 X134.838 Y111.951 E.04722
G1 X136.139 Y113.178 E.11541
G1 X136.79 Y113.676 E.05289
G1 X137.441 Y113.976 E.04626
G1 X138.091 Y114.12 E.04296
G1 X138.742 Y114.132 E.04202
G1 X139.392 Y113.999 E.04282
G1 X140.043 Y113.662 E.04731
G1 X141.344 Y112.436 E.11536
M73 P52 R8
G1 X141.994 Y111.937 E.05288
G1 X142.645 Y111.638 E.04623
G1 X143.296 Y111.494 E.04303
G1 X143.946 Y111.481 E.04195
G1 X144.597 Y111.615 E.04289
G1 X145.247 Y111.951 E.04722
G1 X146.548 Y113.178 E.11541
G1 X147.199 Y113.676 E.05289
G1 X147.849 Y113.976 E.0462
G1 X148.5 Y114.12 E.04303
G1 X149.151 Y114.132 E.04202
G1 X149.801 Y113.999 E.04282
G1 X150.452 Y113.662 E.04731
G1 X151.753 Y112.436 E.11536
G1 X152.403 Y111.937 E.05288
G1 X153.054 Y111.638 E.04623
G1 X153.704 Y111.494 E.04296
G1 X154.355 Y111.481 E.04202
G1 X155.006 Y111.615 E.04289
G1 X155.656 Y111.951 E.04722
G1 X156.957 Y113.178 E.11541
G1 X157.608 Y113.676 E.05289
G1 X158.258 Y113.976 E.0462
G1 X158.909 Y114.12 E.04303
G1 X159.559 Y114.132 E.04195
G1 X160.21 Y113.999 E.04288
G1 X160.861 Y113.662 E.04731
G1 X162.162 Y112.436 E.11536
G1 X162.812 Y111.937 E.05288
G1 X163.463 Y111.638 E.04623
G1 X164.255 Y111.491 E.05198
G1 X164.799 Y109.983 E.10345
G1 X165.041 Y109.111 E.0584
G1 X165.337 Y107.654 E.09595
G1 X165.448 Y106.758 E.05826
G1 X164.764 Y106.433 E.04887
G1 X164.113 Y106.289 E.04303
G1 X163.463 Y106.277 E.04195
G1 X162.812 Y106.41 E.04288
G1 X162.162 Y106.747 E.04725
G1 X160.861 Y107.973 E.11536
G1 X160.21 Y108.472 E.05293
G1 X159.559 Y108.771 E.04623
G1 X158.909 Y108.915 E.04296
G1 X158.258 Y108.928 E.04202
G1 X157.608 Y108.794 E.04283
G1 X156.957 Y108.458 E.04728
G1 X155.656 Y107.231 E.11541
G1 X155.006 Y106.733 E.05284
G1 X154.355 Y106.433 E.04626
G1 X153.704 Y106.289 E.04303
G1 X153.054 Y106.277 E.04195
M73 P53 R8
G1 X152.403 Y106.41 E.04288
G1 X151.753 Y106.747 E.04725
G1 X150.452 Y107.973 E.11536
G1 X149.801 Y108.472 E.05293
G1 X149.151 Y108.771 E.04617
G1 X148.5 Y108.915 E.04303
G1 X147.849 Y108.928 E.04202
G1 X147.199 Y108.794 E.04283
G1 X146.548 Y108.458 E.04728
G1 X145.247 Y107.231 E.11541
G1 X144.597 Y106.733 E.05284
G1 X143.946 Y106.433 E.04626
G1 X143.296 Y106.289 E.04296
G1 X142.645 Y106.277 E.04202
G1 X141.994 Y106.41 E.04288
G1 X141.344 Y106.747 E.04725
G1 X140.043 Y107.973 E.11536
G1 X139.392 Y108.472 E.05293
G1 X138.742 Y108.771 E.04617
G1 X138.091 Y108.915 E.04303
G1 X137.441 Y108.928 E.04195
G1 X136.79 Y108.794 E.04289
G1 X136.139 Y108.458 E.04728
G1 X134.838 Y107.231 E.11541
G1 X134.188 Y106.733 E.05284
G1 X133.537 Y106.433 E.04626
G1 X132.887 Y106.289 E.04296
G1 X132.236 Y106.277 E.04202
G1 X131.518 Y106.445 E.04759
G1 X131.462 Y104.628 E.11731
G1 E-8 F1500
G1 Z3.08 F3000
G1 X131.554 Y103.207 F12000
G1 Z2.88 F3000
G1 E10 F1500
G1 F1546.194
G1 X131.839 Y101.412 E.11729
G1 X132.236 Y101.229 E.02821
G1 X132.887 Y101.085 E.04303
G1 X133.537 Y101.072 E.04195
G1 X134.188 Y101.206 E.04289
G1 X134.838 Y101.542 E.04722
G1 X136.139 Y102.769 E.11541
G1 X136.79 Y103.267 E.05289
G1 X137.441 Y103.567 E.04626
G1 X138.091 Y103.711 E.04296
G1 X138.742 Y103.723 E.04202
G1 X139.392 Y103.59 E.04282
G1 X140.043 Y103.253 E.04731
G1 X141.344 Y102.027 E.11536
G1 X141.994 Y101.528 E.05288
G1 X142.645 Y101.229 E.04623
G1 X143.296 Y101.085 E.04303
G1 X143.946 Y101.072 E.04195
G1 X144.597 Y101.206 E.04289
G1 X145.247 Y101.542 E.04722
G1 X146.548 Y102.769 E.11541
G1 X147.199 Y103.267 E.05289
G1 X147.849 Y103.567 E.0462
G1 X148.5 Y103.711 E.04303
G1 X149.151 Y103.723 E.04202
G1 X149.801 Y103.59 E.04282
G1 X150.452 Y103.253 E.04731
G1 X151.753 Y102.027 E.11536
G1 X152.403 Y101.528 E.05288
G1 X153.054 Y101.229 E.04623
G1 X153.704 Y101.085 E.04296
G1 X154.355 Y101.072 E.04202
G1 X155.006 Y101.206 E.04289
G1 X155.656 Y101.542 E.04722
G1 X156.957 Y102.769 E.11541
G1 X157.608 Y103.267 E.05289
G1 X158.258 Y103.567 E.0462
G1 X158.909 Y103.711 E.04303
G1 X159.559 Y103.723 E.04195
G1 X160.21 Y103.59 E.04288
G1 X160.861 Y103.253 E.04731
G1 X162.162 Y102.027 E.11536
G1 X162.812 Y101.528 E.05288
G1 X163.463 Y101.229 E.04623
G1 X164.113 Y101.085 E.04296
G1 X164.764 Y101.072 E.04202
G1 X165.096 Y101.14 E.02187
G1 X165.413 Y102.93 E.11731
;LAYER_CHANGE
;Z:3.2
;HEIGHT:0.32

G1 E-8 F1500
G1 Z3.2 F3000
;AFTER_LAYER_CHANGE
;3.2
G92 E0
_ON_LAYER_CHANGE LAYER=10
G1 Z3.4
G1 X148.508 Y85.342 F12000
G1 Z3.2 F3000
G1 E10 F1500
;TYPE:External perimeter
;WIDTH:0.675
G1 F1546.195
G1 X148.709 Y85.339 E.01297
G1 X149.528 Y85.365 E.05288
G1 X150.555 Y85.445 E.06648
G1 X151.576 Y85.58 E.06646
G1 X152.589 Y85.768 E.06649
G1 X153.255 Y85.921 E.0441
G1 X154.249 Y86.197 E.06657
G1 X155.225 Y86.523 E.0664
G1 X156.183 Y86.901 E.06646
G1 X157.12 Y87.328 E.06645
G1 X157.915 Y87.739 E.05775
G1 X158.626 Y88.146 E.05287
G1 X159.495 Y88.699 E.06647
G1 X160.333 Y89.297 E.06644
G1 X161.139 Y89.938 E.06646
G1 X161.91 Y90.62 E.06643
G1 X162.645 Y91.342 E.06649
G1 X163.111 Y91.842 E.04411
G1 X163.781 Y92.626 E.06655
G1 X164.407 Y93.443 E.06642
G1 X164.991 Y94.292 E.0665
G1 X165.353 Y94.872 E.04412
G1 X165.861 Y95.769 E.06652
G1 X166.32 Y96.69 E.06641
G1 X166.731 Y97.636 E.06656
G1 X166.976 Y98.274 E.0441
G1 X167.303 Y99.251 E.06649
G1 X167.578 Y100.243 E.06643
G1 X167.801 Y101.248 E.06643
G1 X167.971 Y102.264 E.06648
G1 X168.088 Y103.286 E.06638
G1 X168.15 Y104.314 E.06646
G1 X168.159 Y105.343 E.06641
G1 X168.114 Y106.372 E.06647
G1 X168.016 Y107.398 E.06651
G1 X167.921 Y108.074 E.04405
G1 X167.732 Y109.09 E.06669
G1 X167.579 Y109.755 E.04404
G1 X167.303 Y110.749 E.06657
G1 X166.977 Y111.725 E.0664
G1 X166.599 Y112.684 E.06652
G1 X166.321 Y113.308 E.04408
G1 X165.861 Y114.231 E.06655
G1 X165.354 Y115.127 E.06644
G1 X164.801 Y115.995 E.06642
G1 X164.203 Y116.833 E.06644
G1 X163.562 Y117.639 E.06646
G1 X162.88 Y118.41 E.06643
G1 X162.158 Y119.145 E.06649
G1 X161.658 Y119.611 E.04411
G1 X160.874 Y120.281 E.06655
G1 X160.057 Y120.907 E.06642
G1 X159.209 Y121.49 E.06641
G1 X158.33 Y122.029 E.06654
G1 X157.732 Y122.36 E.04411
G1 X156.81 Y122.82 E.06649
G1 X155.864 Y123.231 E.06656
G1 X155.226 Y123.476 E.0441
G1 X154.249 Y123.803 E.06649
G1 X153.257 Y124.078 E.06643
G1 X152.252 Y124.301 E.06643
G1 X151.236 Y124.471 E.06648
G1 X150.214 Y124.588 E.06638
G1 X149.186 Y124.65 E.06646
G1 X148.157 Y124.659 E.06641
G1 X147.127 Y124.614 E.06653
G1 X146.446 Y124.555 E.04411
G1 X145.424 Y124.42 E.06653
G1 X144.411 Y124.232 E.06649
G1 X143.745 Y124.079 E.0441
G1 X142.751 Y123.803 E.06657
G1 X141.775 Y123.477 E.0664
G1 X140.817 Y123.099 E.06646
G1 X139.879 Y122.672 E.06651
G1 X139.27 Y122.362 E.0441
G1 X138.373 Y121.854 E.06652
G1 X137.505 Y121.301 E.06642
G1 X136.667 Y120.703 E.06644
G1 X135.861 Y120.062 E.06646
G1 X135.09 Y119.38 E.06643
G1 X134.355 Y118.658 E.06649
G1 X133.889 Y118.158 E.04411
G1 X133.219 Y117.374 E.06655
G1 X132.593 Y116.557 E.06642
G1 X132.009 Y115.708 E.0665
G1 X131.647 Y115.128 E.04412
G1 X131.139 Y114.231 E.06652
G1 X130.68 Y113.31 E.06641
G1 X130.269 Y112.366 E.06644
G1 X129.909 Y111.401 E.06647
G1 X129.599 Y110.42 E.06639
G1 X129.341 Y109.423 E.06646
G1 X129.161 Y108.546 E.05778
G1 X129.029 Y107.737 E.0529
G1 X128.912 Y106.714 E.06645
G1 X128.85 Y105.686 E.06646
G1 X128.841 Y104.657 E.06641
G1 X128.886 Y103.628 E.06647
G1 X128.969 Y102.737 E.05775
G1 X129.08 Y101.925 E.05289
G1 X129.267 Y100.912 E.06648
G1 X129.508 Y99.911 E.06644
G1 X129.8 Y98.924 E.06642
G1 X130.144 Y97.953 E.06648
G1 X130.484 Y97.126 E.0577
G1 X130.827 Y96.381 E.05293
G1 X131.303 Y95.468 E.06645
G1 X131.825 Y94.581 E.06642
G1 X132.394 Y93.722 E.06649
G1 X133.006 Y92.894 E.06644
G1 X133.573 Y92.202 E.05773
G1 X134.119 Y91.591 E.05288
G1 X134.842 Y90.856 E.06653
G1 X135.5 Y90.249 E.05777
G1 X136.125 Y89.72 E.05284
G1 X136.943 Y89.093 E.06651
G1 X137.791 Y88.509 E.06645
G1 X138.553 Y88.04 E.05774
G1 X139.268 Y87.639 E.0529
G1 X140.19 Y87.18 E.06646
G1 X141.134 Y86.769 E.06644
G1 X142.098 Y86.409 E.06641
G1 X143.081 Y86.099 E.06652
G1 X143.946 Y85.873 E.05769
G1 X144.747 Y85.699 E.0529
G1 X145.764 Y85.529 E.06654
G1 X146.786 Y85.412 E.06638
G1 X147.814 Y85.35 E.06646
G1 X148.478 Y85.342 E.04285
G1 X149.078 Y85.351 F12000
G1 X148.502 Y86.011
;TYPE:Perimeter
G1 E-20 F1500
G1 Z8.2 F300.0
G1 F12000.0
T1
G1 Z3.2 F300.0
G1 E40.0 F1500
G1 F12000.0
;WIDTH:0.8
G1 F1281.916
G1 X148.703 Y86.008 E.01565
G1 X149.492 Y86.033 E.06144
G1 X150.485 Y86.111 E.07753
G1 X151.471 Y86.241 E.07741
G1 X152.453 Y86.423 E.07774
G1 X153.091 Y86.57 E.05096
G1 X154.053 Y86.837 E.07771
G1 X154.996 Y87.152 E.07739
G1 X155.921 Y87.517 E.0774
G1 X156.827 Y87.929 E.07747
G1 X157.595 Y88.326 E.06729
G1 X158.28 Y88.718 E.06143
G1 X159.121 Y89.254 E.07763
G1 X159.93 Y89.831 E.07735
G1 X160.709 Y90.45 E.07745
G1 X161.453 Y91.109 E.07736
G1 X162.166 Y91.809 E.07777
G1 X162.612 Y92.288 E.05094
G1 X163.261 Y93.047 E.07773
G1 X163.866 Y93.836 E.07739
G1 X164.432 Y94.659 E.07775
G1 X164.778 Y95.214 E.05091
G1 X165.27 Y96.083 E.07773
G1 X165.714 Y96.973 E.07742
G1 X166.112 Y97.889 E.07774
G1 X166.506 Y98.975 E.08992
G1 X166.796 Y99.926 E.07739
G1 X167.037 Y100.89 E.07734
G1 X167.226 Y101.866 E.07738
G1 X167.365 Y102.851 E.07743
G1 X167.451 Y103.841 E.07735
G1 X167.49 Y105.331 E.11602
G1 X167.447 Y106.325 E.07744
G1 X167.351 Y107.319 E.07773
G1 X167.26 Y107.967 E.05093
G1 X167.077 Y108.953 E.07806
G1 X166.93 Y109.591 E.05096
G1 X166.663 Y110.553 E.07771
M73 P54 R8
G1 X166.348 Y111.496 E.07739
G1 X165.982 Y112.425 E.07772
G1 X165.716 Y113.023 E.05094
G1 X165.27 Y113.917 E.07776
G1 X164.78 Y114.782 E.07738
G1 X164.246 Y115.621 E.07741
G1 X163.669 Y116.43 E.07735
G1 X163.05 Y117.209 E.07745
G1 X162.391 Y117.953 E.07736
G1 X161.691 Y118.666 E.07777
G1 X161.212 Y119.112 E.05094
G1 X160.453 Y119.761 E.07773
G1 X159.664 Y120.366 E.07739
G1 X158.845 Y120.929 E.07736
G1 X157.993 Y121.451 E.07777
G1 X157.421 Y121.768 E.0509
G1 X156.527 Y122.214 E.07776
G1 X155.611 Y122.612 E.07774
G1 X155 Y122.846 E.05093
G1 X154.053 Y123.163 E.07773
G1 X153.095 Y123.429 E.07739
G1 X152.124 Y123.644 E.07741
G1 X151.143 Y123.808 E.07742
G1 X150.155 Y123.921 E.0774
G1 X149.163 Y123.982 E.07736
G1 X148.169 Y123.99 E.07737
G1 X147.171 Y123.947 E.07775
G1 X146.519 Y123.89 E.05094
G1 X145.529 Y123.759 E.07773
G1 X144.547 Y123.577 E.07774
G1 X143.909 Y123.43 E.05096
G1 X142.947 Y123.163 E.07771
G1 X142.004 Y122.848 E.07739
G1 X141.079 Y122.483 E.0774
G1 X140.17 Y122.069 E.07775
G1 X139.587 Y121.772 E.05093
G1 X138.718 Y121.28 E.07773
G1 X137.879 Y120.746 E.07741
G1 X137.07 Y120.169 E.07735
G1 X136.291 Y119.55 E.07745
G1 X135.547 Y118.891 E.07736
G1 X134.834 Y118.191 E.07777
G1 X134.388 Y117.712 E.05094
G1 X133.739 Y116.953 E.07773
G1 X133.134 Y116.164 E.07739
G1 X132.568 Y115.341 E.07775
G1 X132.222 Y114.786 E.05091
G1 X131.73 Y113.917 E.07773
G1 X131.286 Y113.027 E.07742
G1 X130.89 Y112.115 E.07739
G1 X130.541 Y111.184 E.07739
G1 X130.242 Y110.235 E.07745
G1 X129.993 Y109.271 E.0775
G1 X129.819 Y108.425 E.06723
G1 X129.692 Y107.646 E.06144
G1 X129.579 Y106.655 E.07764
G1 X129.518 Y105.663 E.07736
G1 X129.51 Y104.669 E.07737
G1 X129.553 Y103.674 E.07752
G1 X129.634 Y102.813 E.06731
G1 X129.74 Y102.031 E.06143
G1 X129.922 Y101.051 E.07758
G1 X130.154 Y100.084 E.0774
G1 X130.436 Y99.131 E.07736
G1 X130.769 Y98.192 E.07755
G1 X131.097 Y97.393 E.06723
G1 X131.428 Y96.676 E.06147
G1 X131.888 Y95.792 E.07757
G1 X132.393 Y94.935 E.07743
G1 X132.942 Y94.106 E.07739
G1 X133.534 Y93.305 E.07753
G1 X134.082 Y92.637 E.06725
G1 X134.608 Y92.048 E.06147
G1 X135.307 Y91.336 E.07766
G1 X135.943 Y90.751 E.06726
G1 X136.545 Y90.241 E.06141
G1 X137.336 Y89.634 E.07761
G1 X138.157 Y89.07 E.07753
G1 X138.892 Y88.617 E.0672
G1 X139.581 Y88.231 E.06147
G1 X140.473 Y87.786 E.07759
G1 X141.385 Y87.39 E.07739
G1 X142.316 Y87.041 E.07739
G1 X143.266 Y86.742 E.07752
G1 X144.102 Y86.523 E.06727
G1 X144.874 Y86.356 E.06148
G1 X145.857 Y86.192 E.07757
G1 X146.845 Y86.079 E.0774
G1 X147.838 Y86.018 E.07744
G1 X148.472 Y86.011 E.04935
G1 X148.496 Y86.742 F12000
G1 F1281.916
G1 X148.695 Y86.74 E.01549
G1 X149.452 Y86.763 E.05895
G1 X150.409 Y86.838 E.07472
G1 X151.357 Y86.963 E.07443
G1 X152.304 Y87.139 E.07497
G1 X152.911 Y87.279 E.04849
G1 X153.839 Y87.536 E.07495
G1 X154.746 Y87.84 E.07446
G1 X155.635 Y88.19 E.07437
G1 X156.508 Y88.587 E.07465
G1 X157.245 Y88.969 E.06461
G1 X157.902 Y89.345 E.05892
G1 X158.712 Y89.86 E.07471
G1 X159.49 Y90.416 E.07443
G1 X160.238 Y91.011 E.0744
G1 X160.954 Y91.644 E.07439
G1 X161.642 Y92.32 E.07508
G1 X162.066 Y92.775 E.04841
G1 X162.692 Y93.508 E.07503
G1 X163.274 Y94.266 E.07439
G1 X163.82 Y95.06 E.075
G1 X164.15 Y95.588 E.04846
G1 X164.624 Y96.427 E.07501
G1 X165.051 Y97.282 E.07439
G1 X165.311 Y97.881 E.05083
G1 X165.547 Y98.456 E.04838
G1 X165.812 Y99.207 E.06199
G1 X166.092 Y100.121 E.07441
G1 X166.323 Y101.049 E.07444
G1 X166.505 Y101.987 E.07437
G1 X166.638 Y102.933 E.07436
G1 X166.721 Y103.886 E.07446
G1 X166.759 Y105.319 E.11158
G1 X166.717 Y106.274 E.07441
G1 X166.625 Y107.233 E.07499
G1 X166.538 Y107.849 E.04842
G1 X166.361 Y108.804 E.0756
G1 X166.221 Y109.411 E.04849
G1 X165.964 Y110.339 E.07495
G1 X165.66 Y111.246 E.07446
G1 X165.307 Y112.142 E.07496
G1 X165.054 Y112.711 E.04847
G1 X164.624 Y113.573 E.07498
G1 X164.153 Y114.405 E.07442
G1 X163.64 Y115.212 E.07443
G1 X163.084 Y115.99 E.07443
G1 X162.489 Y116.738 E.0744
G1 X161.856 Y117.454 E.07439
G1 X161.18 Y118.142 E.07508
G1 X160.725 Y118.566 E.04841
G1 X159.992 Y119.192 E.07503
G1 X159.234 Y119.774 E.07439
G1 X158.446 Y120.316 E.07444
G1 X157.624 Y120.819 E.07501
G1 X157.08 Y121.121 E.04843
G1 X156.218 Y121.551 E.07498
G1 X155.334 Y121.935 E.07502
G1 X154.753 Y122.158 E.04844
G1 X153.839 Y122.464 E.07502
G1 X152.918 Y122.719 E.07438
G1 X151.985 Y122.926 E.07439
G1 X151.042 Y123.084 E.07442
G1 X150.092 Y123.192 E.07442
G1 X149.137 Y123.251 E.07448
G1 X148.181 Y123.259 E.07441
G1 X147.219 Y123.217 E.07495
G1 X146.599 Y123.163 E.04844
G1 X145.643 Y123.037 E.07506
G1 X144.696 Y122.861 E.07497
G1 X144.089 Y122.721 E.04849
G1 X143.161 Y122.464 E.07495
G1 X142.254 Y122.16 E.07446
G1 X141.365 Y121.81 E.07437
G1 X140.488 Y121.41 E.07503
G1 X139.933 Y121.128 E.04846
G1 X139.095 Y120.653 E.07498
G1 X138.288 Y120.14 E.07443
G1 X137.51 Y119.584 E.07443
G1 X136.762 Y118.989 E.0744
G1 X136.046 Y118.356 E.07439
G1 X135.358 Y117.68 E.07508
G1 X134.934 Y117.225 E.04841
G1 X134.308 Y116.492 E.07503
G1 X133.726 Y115.734 E.07439
G1 X133.18 Y114.94 E.075
G1 X132.85 Y114.412 E.04846
G1 X132.376 Y113.573 E.07501
G1 X131.949 Y112.718 E.07439
G1 X131.568 Y111.841 E.07443
G1 X131.233 Y110.945 E.07446
G1 X130.946 Y110.034 E.07435
G1 X130.706 Y109.106 E.07461
G1 X130.538 Y108.292 E.06469
G1 X130.416 Y107.545 E.05891
G1 X130.308 Y106.592 E.07465
G1 X130.249 Y105.637 E.07448
G1 X130.241 Y104.681 E.07441
G1 X130.283 Y103.724 E.07456
G1 X130.36 Y102.897 E.06465
G1 X130.462 Y102.147 E.05892
G1 X130.637 Y101.203 E.07473
G1 X130.861 Y100.274 E.07438
G1 X131.132 Y99.357 E.07443
G1 X131.452 Y98.453 E.07464
G1 X131.768 Y97.685 E.06464
G1 X132.085 Y96.998 E.05889
G1 X132.528 Y96.147 E.07468
G1 X133.013 Y95.323 E.07442
G1 X133.541 Y94.525 E.07448
G1 X134.111 Y93.755 E.07457
G1 X134.638 Y93.113 E.06465
G1 X135.141 Y92.548 E.05888
G1 X135.816 Y91.862 E.07491
G1 X136.427 Y91.299 E.06467
G1 X137.004 Y90.81 E.05887
G1 X137.766 Y90.226 E.07473
G1 X138.556 Y89.683 E.07462
G1 X139.263 Y89.247 E.06465
G1 X139.923 Y88.878 E.05886
G1 X140.782 Y88.449 E.07474
G1 X141.659 Y88.068 E.07443
G1 X142.555 Y87.733 E.07446
G1 X143.469 Y87.445 E.07459
G1 X144.272 Y87.235 E.06461
G1 X145.012 Y87.074 E.05895
G1 X145.958 Y86.916 E.07465
G1 X146.908 Y86.808 E.07442
G1 X147.865 Y86.749 E.07463
G1 X148.466 Y86.742 E.04678
G1 X148.49 Y87.474 F12000
G1 F1281.916
G1 X148.688 Y87.471 E.01541
G1 X149.412 Y87.493 E.05638
G1 X150.332 Y87.566 E.07184
G1 X151.242 Y87.686 E.07144
G1 X152.155 Y87.855 E.07227
G1 X152.731 Y87.988 E.04601
G1 X153.625 Y88.236 E.07221
G1 X154.496 Y88.527 E.07148
G1 X155.35 Y88.863 E.07143
G1 X156.188 Y89.245 E.07168
G1 X156.896 Y89.612 E.06207
G1 X157.524 Y89.971 E.0563
G1 X158.303 Y90.467 E.07188
G1 X159.05 Y91 E.07143
G1 X159.768 Y91.571 E.07141
G1 X160.456 Y92.179 E.07147
G1 X161.118 Y92.83 E.07227
G1 X161.52 Y93.262 E.04593
G1 X162.124 Y93.968 E.07232
G1 X162.682 Y94.696 E.0714
G1 X163.208 Y95.461 E.07226
G1 X163.521 Y95.962 E.04598
G1 X163.978 Y96.77 E.07225
G1 X164.388 Y97.591 E.07143
G1 X164.64 Y98.172 E.04929
G1 X164.864 Y98.719 E.04601
G1 X165.119 Y99.44 E.05953
G1 X165.387 Y100.317 E.07138
G1 X165.609 Y101.207 E.0714
G1 X165.784 Y102.108 E.07144
G1 X165.912 Y103.016 E.07137
G1 X165.991 Y103.93 E.07141
G1 X166.028 Y105.306 E.10714
G1 X165.987 Y106.223 E.07145
G1 X165.898 Y107.147 E.07225
G1 X165.816 Y107.732 E.04598
G1 X165.645 Y108.655 E.07307
G1 X165.512 Y109.231 E.04601
G1 X165.264 Y110.125 E.07221
G1 X164.973 Y110.996 E.07148
G1 X164.633 Y111.86 E.07227
G1 X164.393 Y112.399 E.04593
G1 X163.978 Y113.23 E.0723
G1 X163.526 Y114.029 E.07145
G1 X163.033 Y114.803 E.07143
G1 X162.5 Y115.55 E.07143
G1 X161.929 Y116.268 E.07141
G1 X161.321 Y116.956 E.07147
G1 X160.67 Y117.618 E.07227
G1 X160.238 Y118.02 E.04593
G1 X159.532 Y118.624 E.07232
G1 X158.804 Y119.182 E.0714
M73 P55 R8
G1 X158.048 Y119.702 E.07142
G1 X157.256 Y120.187 E.07229
G1 X156.74 Y120.473 E.04592
G1 X155.909 Y120.888 E.0723
G1 X155.057 Y121.258 E.0723
G1 X154.506 Y121.47 E.04595
G1 X153.625 Y121.764 E.07229
G1 X152.741 Y122.009 E.0714
G1 X151.845 Y122.208 E.07144
G1 X150.94 Y122.36 E.07143
G1 X150.028 Y122.463 E.07144
G1 X149.112 Y122.519 E.07143
G1 X148.194 Y122.528 E.07146
G1 X147.266 Y122.487 E.0723
G1 X146.678 Y122.436 E.04594
G1 X145.758 Y122.314 E.07224
G1 X144.845 Y122.145 E.07227
G1 X144.269 Y122.012 E.04601
G1 X143.375 Y121.764 E.07221
G1 X142.504 Y121.473 E.07148
G1 X141.65 Y121.137 E.07143
G1 X140.805 Y120.752 E.07228
G1 X140.279 Y120.484 E.04595
G1 X139.471 Y120.026 E.07229
G1 X138.697 Y119.533 E.07143
G1 X137.95 Y119 E.07143
G1 X137.232 Y118.429 E.07141
G1 X136.544 Y117.821 E.07147
G1 X135.882 Y117.17 E.07227
G1 X135.48 Y116.738 E.04593
G1 X134.876 Y116.032 E.07232
G1 X134.318 Y115.304 E.0714
G1 X133.792 Y114.539 E.07226
G1 X133.479 Y114.038 E.04598
G1 X133.022 Y113.23 E.07225
G1 X132.612 Y112.409 E.07143
G1 X132.246 Y111.567 E.07146
G1 X131.925 Y110.707 E.07145
G1 X131.649 Y109.832 E.07142
G1 X131.418 Y108.94 E.07172
G1 X131.257 Y108.16 E.06199
G1 X131.141 Y107.445 E.05638
G1 X131.037 Y106.528 E.07183
G1 X130.981 Y105.612 E.07143
G1 X130.972 Y104.694 E.07146
G1 X131.013 Y103.774 E.07168
G1 X131.087 Y102.98 E.06207
G1 X131.185 Y102.263 E.05633
G1 X131.353 Y101.355 E.07188
G1 X131.567 Y100.463 E.0714
G1 X131.828 Y99.583 E.07145
G1 X132.135 Y98.715 E.07166
G1 X132.438 Y97.978 E.06202
G1 X132.741 Y97.32 E.05639
G1 X133.168 Y96.501 E.07189
G1 X133.634 Y95.71 E.07146
G1 X134.14 Y94.945 E.07139
G1 X134.688 Y94.205 E.07167
G1 X135.193 Y93.588 E.06206
G1 X135.675 Y93.048 E.05634
G1 X136.325 Y92.388 E.0721
G1 X136.911 Y91.848 E.06203
G1 X137.464 Y91.38 E.05639
G1 X138.196 Y90.818 E.07183
G1 X138.955 Y90.296 E.0717
G1 X139.634 Y89.878 E.06206
G1 X140.265 Y89.524 E.05632
G1 X141.091 Y89.112 E.07185
G1 X141.933 Y88.746 E.07146
G1 X142.793 Y88.425 E.07145
G1 X143.671 Y88.148 E.07166
G1 X144.442 Y87.946 E.06204
G1 X145.15 Y87.793 E.05638
G1 X146.06 Y87.64 E.07183
G1 X146.972 Y87.537 E.07144
G1 X147.891 Y87.48 E.07167
G1 X148.46 Y87.474 E.04429
G1 E-8 F1500
G1 Z3.4 F3000
G1 X150.789 Y88.116 F12000
G1 Z3.2 F3000
G1 E10 F1500
;TYPE:Internal infill
G1 E-20 F1500
G1 Z8.2 F300.0
G1 F12000.0
T0
G1 Z3.2 F300.0
G1 E22.0 F1500
G1 F12000.0
;WIDTH:0.675
G1 F1546.194
G1 X148.977 Y87.967 E.11733
G1 X148.5 Y88.141 E.03277
G1 X147.849 Y88.246 E.04255
G1 X147.199 Y88.212 E.042
G1 X146.76 Y88.05 E.0302
G1 X144.964 Y88.331 E.11731
G1 E-8 F1500
G1 Z3.4 F3000
G1 X138.128 Y91.483 F12000
G1 Z3.2 F3000
G1 E10 F1500
G1 F1546.194
G1 X136.744 Y92.662 E.11733
G1 X137.441 Y93.109 E.05343
G1 X138.091 Y93.345 E.04463
G1 X138.742 Y93.45 E.04255
G1 X139.392 Y93.416 E.042
G1 X140.043 Y93.176 E.04477
G1 X140.693 Y92.63 E.05478
G1 X141.344 Y91.89 E.0636
G1 X141.994 Y91.272 E.05788
G1 X142.645 Y90.869 E.04941
G1 X143.296 Y90.633 E.04469
G1 X143.946 Y90.528 E.04249
G1 X144.597 Y90.561 E.04206
G1 X145.247 Y90.801 E.04471
G1 X145.898 Y91.348 E.05487
G1 X146.548 Y92.088 E.06356
G1 X147.199 Y92.706 E.05793
G1 X147.849 Y93.109 E.04935
G1 X148.5 Y93.345 E.04469
G1 X149.151 Y93.45 E.04255
G1 X149.801 Y93.416 E.042
G1 X150.452 Y93.176 E.04477
G1 X151.102 Y92.63 E.05478
G1 X151.753 Y91.89 E.0636
G1 X152.403 Y91.272 E.05788
G1 X153.054 Y90.869 E.04941
G1 X153.704 Y90.633 E.04463
G1 X154.355 Y90.528 E.04255
G1 X155.006 Y90.561 E.04206
G1 X155.656 Y90.801 E.04471
G1 X156.307 Y91.348 E.05487
G1 X156.957 Y92.088 E.06356
G1 X157.608 Y92.706 E.05793
G1 X158.258 Y93.109 E.04935
G1 X158.909 Y93.345 E.04469
G1 X159.559 Y93.45 E.04249
G1 X160.21 Y93.416 E.04207
G1 X160.798 Y93.2 E.04042
G1 X161.746 Y94.274 E.09245
G1 X162.825 Y95.765 E.11877
G1 X162.162 Y96.006 E.04552
G1 X161.511 Y96.552 E.05483
G1 X160.861 Y97.292 E.06356
G1 X160.21 Y97.91 E.05793
G1 X159.559 Y98.313 E.04941
G1 X158.909 Y98.55 E.04465
G1 X158.258 Y98.655 E.04255
G1 X157.608 Y98.621 E.042
G1 X156.957 Y98.381 E.04477
G1 X156.307 Y97.834 E.05482
G1 X155.656 Y97.094 E.0636
G1 X155.006 Y96.477 E.05783
G1 X154.355 Y96.073 E.04944
G1 X153.704 Y95.837 E.04469
G1 X153.054 Y95.732 E.04249
G1 X152.403 Y95.766 E.04207
G1 X151.753 Y96.006 E.04471
G1 X151.102 Y96.552 E.05483
G1 X150.452 Y97.292 E.06356
G1 X149.801 Y97.91 E.05793
G1 X149.151 Y98.313 E.04935
G1 X148.5 Y98.55 E.04471
G1 X147.849 Y98.655 E.04255
G1 X147.199 Y98.621 E.042
G1 X146.548 Y98.381 E.04477
G1 X145.898 Y97.834 E.05482
G1 X145.247 Y97.094 E.0636
G1 X144.597 Y96.477 E.05783
G1 X143.946 Y96.073 E.04944
G1 X143.296 Y95.837 E.04463
G1 X142.645 Y95.732 E.04255
G1 X141.994 Y95.766 E.04207
G1 X141.344 Y96.006 E.04471
G1 X140.693 Y96.552 E.05483
G1 X140.043 Y97.292 E.06356
G1 X139.392 Y97.91 E.05793
G1 X138.742 Y98.313 E.04935
G1 X138.091 Y98.55 E.04471
G1 X137.441 Y98.655 E.04249
G1 X136.79 Y98.621 E.04207
G1 X136.139 Y98.381 E.04477
G1 X135.489 Y97.834 E.05482
G1 X134.838 Y97.094 E.0636
G1 X134.188 Y96.477 E.05783
G1 X133.864 Y96.276 E.02461
G1 X133.017 Y97.884 E.11728
G1 E-8 F1500
G1 Z3.4 F3000
G1 X155.981 Y120.308 F12000
G1 Z3.2 F3000
G1 E10 F1500
G1 F1546.194
G1 X157.57 Y119.425 E.11731
G1 X156.957 Y119.199 E.04216
G1 X156.307 Y118.652 E.05482
G1 X155.656 Y117.912 E.0636
G1 X155.006 Y117.294 E.05788
G1 X154.355 Y116.891 E.04941
G1 X153.704 Y116.655 E.04469
G1 X153.054 Y116.55 E.04249
G1 X152.403 Y116.584 E.04207
G1 X151.753 Y116.824 E.04471
G1 X151.102 Y117.37 E.05483
G1 X150.452 Y118.11 E.06356
G1 X149.801 Y118.728 E.05793
G1 X149.151 Y119.131 E.04935
G1 X148.5 Y119.367 E.04469
G1 X147.849 Y119.472 E.04255
G1 X147.199 Y119.439 E.042
G1 X146.548 Y119.199 E.04477
G1 X145.898 Y118.652 E.05482
G1 X145.247 Y117.912 E.0636
G1 X144.597 Y117.294 E.05788
G1 X143.946 Y116.891 E.04941
G1 X143.296 Y116.655 E.04463
G1 X142.645 Y116.55 E.04255
G1 X141.994 Y116.584 E.04207
G1 X141.344 Y116.824 E.04471
G1 X140.693 Y117.37 E.05483
G1 X140.043 Y118.11 E.06356
G1 X139.392 Y118.728 E.05793
G1 X138.864 Y119.055 E.04008
G1 X137.422 Y117.948 E.11732
G1 E-8 F1500
G1 Z3.4 F3000
G1 X133.53 Y113.142 F12000
G1 Z3.2 F3000
G1 E10 F1500
G1 F1546.194
M73 P56 R8
G1 X132.748 Y111.501 E.11731
G1 X133.537 Y111.346 E.05189
G1 X134.188 Y111.379 E.04206
G1 X134.838 Y111.619 E.04471
G1 X135.489 Y112.166 E.05487
G1 X136.139 Y112.906 E.06356
G1 X136.79 Y113.523 E.05788
G1 X137.441 Y113.927 E.04944
G1 X138.091 Y114.163 E.04463
G1 X138.742 Y114.268 E.04255
G1 X139.392 Y114.234 E.042
G1 X140.043 Y113.994 E.04477
G1 X140.693 Y113.448 E.05478
G1 X141.344 Y112.708 E.0636
G1 X141.994 Y112.09 E.05788
G1 X142.645 Y111.687 E.04941
G1 X143.296 Y111.45 E.04471
G1 X143.946 Y111.346 E.04248
G1 X144.597 Y111.379 E.04206
G1 X145.247 Y111.619 E.04471
G1 X145.898 Y112.166 E.05487
G1 X146.548 Y112.906 E.06356
G1 X147.199 Y113.523 E.05788
G1 X147.849 Y113.927 E.04939
G1 X148.5 Y114.163 E.04469
G1 X149.151 Y114.268 E.04255
G1 X149.801 Y114.234 E.042
G1 X150.452 Y113.994 E.04477
G1 X151.102 Y113.448 E.05478
G1 X151.753 Y112.708 E.0636
G1 X152.403 Y112.09 E.05788
G1 X153.054 Y111.687 E.04941
G1 X153.704 Y111.45 E.04465
G1 X154.355 Y111.346 E.04254
G1 X155.006 Y111.379 E.04206
G1 X155.656 Y111.619 E.04471
G1 X156.307 Y112.166 E.05487
G1 X156.957 Y112.906 E.06356
G1 X157.608 Y113.523 E.05788
G1 X158.258 Y113.927 E.04939
G1 X158.909 Y114.163 E.04469
G1 X159.559 Y114.268 E.04249
G1 X160.21 Y114.234 E.04207
G1 X160.861 Y113.994 E.04477
G1 X161.511 Y113.448 E.05478
G1 X162.162 Y112.708 E.0636
G1 X162.812 Y112.09 E.05788
G1 X163.463 Y111.687 E.04941
G1 X164.282 Y111.423 E.05553
G1 X164.799 Y109.983 E.09874
G1 X165.041 Y109.111 E.0584
G1 X165.434 Y106.904 E.14466
G1 X164.764 Y106.482 E.0511
G1 X164.113 Y106.246 E.04469
G1 X163.463 Y106.141 E.04249
G1 X162.812 Y106.175 E.04207
G1 X162.162 Y106.415 E.04471
G1 X161.511 Y106.961 E.05483
G1 X160.861 Y107.701 E.06356
G1 X160.21 Y108.319 E.05793
G1 X159.559 Y108.722 E.04941
G1 X158.909 Y108.958 E.04463
G1 X158.258 Y109.063 E.04255
G1 X157.608 Y109.03 E.042
G1 X156.957 Y108.79 E.04477
G1 X156.307 Y108.243 E.05482
G1 X155.656 Y107.503 E.0636
G1 X155.006 Y106.885 E.05788
G1 X154.355 Y106.482 E.04941
G1 X153.704 Y106.246 E.04469
G1 X153.054 Y106.141 E.04249
G1 X152.403 Y106.175 E.04207
G1 X151.753 Y106.415 E.04471
G1 X151.102 Y106.961 E.05483
G1 X150.452 Y107.701 E.06356
G1 X149.801 Y108.319 E.05793
G1 X149.151 Y108.722 E.04935
G1 X148.5 Y108.958 E.04469
G1 X147.849 Y109.063 E.04255
G1 X147.199 Y109.03 E.042
G1 X146.548 Y108.79 E.04477
G1 X145.898 Y108.243 E.05482
G1 X145.247 Y107.503 E.0636
G1 X144.597 Y106.885 E.05788
G1 X143.946 Y106.482 E.04941
G1 X143.296 Y106.246 E.04463
G1 X142.645 Y106.141 E.04255
G1 X141.994 Y106.175 E.04207
G1 X141.344 Y106.415 E.04471
G1 X140.693 Y106.961 E.05483
G1 X140.043 Y107.701 E.06356
G1 X139.392 Y108.319 E.05793
G1 X138.742 Y108.722 E.04935
G1 X138.091 Y108.958 E.04469
G1 X137.441 Y109.063 E.04249
G1 X136.79 Y109.03 E.04206
G1 X136.139 Y108.79 E.04477
G1 X135.489 Y108.243 E.05482
G1 X134.838 Y107.503 E.0636
G1 X134.188 Y106.885 E.05788
G1 X133.537 Y106.482 E.04941
G1 X132.887 Y106.246 E.04463
G1 X132.236 Y106.141 E.04255
G1 X131.504 Y106.205 E.04742
G1 X131.459 Y104.703 E.09697
G1 X131.498 Y103.807 E.05788
G1 X131.813 Y101.54 E.1477
G1 X132.236 Y101.278 E.03211
G1 X132.887 Y101.042 E.04469
G1 X133.537 Y100.937 E.04249
G1 X134.188 Y100.97 E.04206
G1 X134.838 Y101.21 E.04471
G1 X135.489 Y101.757 E.05487
G1 X136.139 Y102.497 E.06356
G1 X136.79 Y103.115 E.05793
G1 X137.441 Y103.518 E.04941
G1 X138.091 Y103.754 E.04463
G1 X138.742 Y103.859 E.04255
G1 X139.392 Y103.825 E.042
G1 X140.043 Y103.585 E.04477
G1 X140.693 Y103.039 E.05478
G1 X141.344 Y102.299 E.0636
G1 X141.994 Y101.681 E.05788
G1 X142.645 Y101.278 E.04941
G1 X143.296 Y101.042 E.04469
G1 X143.946 Y100.937 E.04249
G1 X144.597 Y100.97 E.04206
G1 X145.247 Y101.21 E.04471
G1 X145.898 Y101.757 E.05487
G1 X146.548 Y102.497 E.06356
G1 X147.199 Y103.115 E.05793
G1 X147.849 Y103.518 E.04935
G1 X148.5 Y103.754 E.04469
G1 X149.151 Y103.859 E.04255
G1 X149.801 Y103.825 E.042
G1 X150.452 Y103.585 E.04477
G1 X151.102 Y103.039 E.05478
G1 X151.753 Y102.299 E.0636
G1 X152.403 Y101.681 E.05788
G1 X153.054 Y101.278 E.04941
G1 X153.704 Y101.042 E.04463
G1 X154.355 Y100.937 E.04255
G1 X155.006 Y100.97 E.04206
G1 X155.656 Y101.21 E.04471
G1 X156.307 Y101.757 E.05487
G1 X156.957 Y102.497 E.06356
G1 X157.608 Y103.115 E.05793
G1 X158.258 Y103.518 E.04935
G1 X158.909 Y103.754 E.04469
G1 X159.559 Y103.859 E.04249
G1 X160.21 Y103.825 E.04207
G1 X160.861 Y103.585 E.04477
G1 X161.511 Y103.039 E.05478
G1 X162.162 Y102.299 E.0636
G1 X162.812 Y101.681 E.05788
G1 X163.463 Y101.278 E.04941
G1 X164.113 Y101.042 E.04463
G1 X164.764 Y100.937 E.04255
G1 X165.054 Y100.952 E.01874
G1 X165.391 Y102.738 E.11729
;LAYER_CHANGE
;Z:3.52
;HEIGHT:0.32

G1 E-8 F1500
G1 Z3.52 F3000
;AFTER_LAYER_CHANGE
;3.52
G92 E0
_ON_LAYER_CHANGE LAYER=11
G1 Z3.72
G1 X148.508 Y85.342 F12000
G1 Z3.52 F3000
G1 E10 F1500
;TYPE:External perimeter
;WIDTH:0.675
G1 F1546.195
G1 X148.731 Y85.34 E.01439
G1 X149.528 Y85.364 E.05146
G1 X150.555 Y85.445 E.06648
G1 X151.576 Y85.58 E.06646
G1 X152.588 Y85.767 E.06641
G1 X153.481 Y85.98 E.05924
G1 X154.248 Y86.196 E.05142
G1 X155.225 Y86.523 E.06649
G1 X156.183 Y86.901 E.06646
G1 X157.12 Y87.328 E.06645
G1 X157.934 Y87.749 E.05914
G1 X158.626 Y88.146 E.05148
G1 X159.495 Y88.699 E.06647
G1 X160.333 Y89.297 E.06644
G1 X161.139 Y89.938 E.06646
G1 X161.91 Y90.62 E.06643
G1 X162.645 Y91.342 E.06649
G1 X163.111 Y91.842 E.04411
G1 X163.781 Y92.626 E.06655
G1 X164.407 Y93.443 E.06642
G1 X164.99 Y94.291 E.06641
G1 X165.528 Y95.169 E.06645
G1 X166.02 Y96.075 E.06653
G1 X166.32 Y96.689 E.0441
G1 X166.731 Y97.636 E.06662
G1 X166.976 Y98.274 E.0441
G1 X167.303 Y99.251 E.06649
G1 X167.578 Y100.243 E.06643
G1 X167.801 Y101.248 E.06643
G1 X167.971 Y102.264 E.06648
G1 X168.088 Y103.286 E.06638
G1 X168.15 Y104.314 E.06646
G1 X168.159 Y105.343 E.06641
G1 X168.114 Y106.372 E.06647
G1 X168.016 Y107.398 E.06651
G1 X167.921 Y108.074 E.04405
G1 X167.732 Y109.089 E.06663
G1 X167.579 Y109.755 E.0441
G1 X167.303 Y110.749 E.06657
G1 X166.977 Y111.725 E.0664
G1 X166.599 Y112.684 E.06652
G1 X166.321 Y113.308 E.04408
G1 X165.861 Y114.231 E.06655
G1 X165.354 Y115.127 E.06644
G1 X164.801 Y115.995 E.06642
G1 X164.203 Y116.833 E.06644
G1 X163.562 Y117.639 E.06646
G1 X162.88 Y118.41 E.06643
G1 X162.158 Y119.145 E.06649
G1 X161.658 Y119.611 E.04411
G1 X160.874 Y120.281 E.06655
G1 X160.057 Y120.907 E.06642
G1 X159.209 Y121.49 E.06641
G1 X158.331 Y122.028 E.06645
G1 X157.425 Y122.52 E.06653
G1 X156.811 Y122.82 E.0441
G1 X155.864 Y123.231 E.06662
G1 X155.226 Y123.476 E.0441
G1 X154.249 Y123.803 E.06649
G1 X153.257 Y124.078 E.06643
G1 X152.252 Y124.301 E.06643
G1 X151.236 Y124.471 E.06648
G1 X150.214 Y124.588 E.06638
G1 X149.186 Y124.65 E.06646
G1 X148.157 Y124.659 E.06641
G1 X147.127 Y124.614 E.06653
G1 X146.446 Y124.555 E.04411
G1 X145.424 Y124.42 E.06653
G1 X144.411 Y124.232 E.06649
G1 X143.745 Y124.079 E.0441
G1 X142.751 Y123.803 E.06657
G1 X141.775 Y123.477 E.0664
G1 X140.817 Y123.099 E.06646
G1 X139.881 Y122.672 E.06639
G1 X138.967 Y122.197 E.06647
G1 X138.08 Y121.674 E.06645
G1 X137.314 Y121.17 E.05917
G1 X136.668 Y120.704 E.0514
G1 X135.861 Y120.062 E.06655
G1 X135.09 Y119.38 E.06643
G1 X134.355 Y118.658 E.06649
G1 X133.889 Y118.158 E.04411
G1 X133.219 Y117.374 E.06655
G1 X132.593 Y116.557 E.06642
G1 X132.009 Y115.708 E.0665
G1 X131.647 Y115.128 E.04412
G1 X131.139 Y114.231 E.06652
G1 X130.68 Y113.31 E.06641
G1 X130.269 Y112.366 E.06644
G1 X129.909 Y111.401 E.06647
G1 X129.599 Y110.42 E.06639
G1 X129.341 Y109.423 E.06646
G1 X129.157 Y108.525 E.05915
G1 X129.029 Y107.737 E.05152
G1 X128.912 Y106.714 E.06645
G1 X128.85 Y105.686 E.06646
G1 X128.841 Y104.657 E.06641
G1 X128.886 Y103.628 E.06647
G1 X128.971 Y102.715 E.05917
G1 X129.08 Y101.925 E.05146
G1 X129.268 Y100.911 E.06655
G1 X129.421 Y100.245 E.0441
G1 X129.697 Y99.251 E.06657
G1 X130.023 Y98.275 E.0664
G1 X130.401 Y97.317 E.06646
G1 X130.828 Y96.381 E.06639
G1 X131.303 Y95.467 E.06647
G1 X131.826 Y94.58 E.06645
G1 X132.33 Y93.814 E.05917
G1 X132.796 Y93.168 E.0514
G1 X133.438 Y92.361 E.06655
G1 X134.12 Y91.59 E.06643
G1 X134.842 Y90.856 E.06644
G1 X135.516 Y90.235 E.05914
G1 X136.125 Y89.72 E.05147
G1 X136.943 Y89.093 E.06651
G1 X137.791 Y88.51 E.06641
G1 X138.669 Y87.972 E.06645
G1 X139.474 Y87.532 E.0592
G1 X140.19 Y87.18 E.05149
G1 X141.134 Y86.769 E.06644
G1 X142.098 Y86.409 E.06641
G1 X143.081 Y86.099 E.06652
G1 X143.968 Y85.868 E.05915
G1 X144.747 Y85.699 E.05144
G1 X145.764 Y85.529 E.06654
G1 X146.786 Y85.412 E.06638
G1 X147.814 Y85.35 E.06646
G1 X148.478 Y85.342 E.04285
G1 X149.078 Y85.351 F12000
G1 X148.502 Y86.011
;TYPE:Perimeter
G1 E-20 F1500
G1 Z8.52 F300.0
G1 F12000.0
T1
G1 Z3.52 F300.0
G1 E40.0 F1500
G1 F12000.0
;WIDTH:0.8
G1 F1281.916
M73 P57 R8
G1 X148.724 Y86.009 E.01728
G1 X149.491 Y86.033 E.05973
G1 X150.485 Y86.111 E.07761
G1 X151.471 Y86.241 E.07741
G1 X152.45 Y86.422 E.07749
G1 X153.312 Y86.627 E.06897
G1 X154.051 Y86.836 E.05978
G1 X154.996 Y87.152 E.07756
G1 X155.921 Y87.517 E.0774
G1 X156.827 Y87.929 E.07747
G1 X157.614 Y88.337 E.069
G1 X158.28 Y88.718 E.05972
G1 X159.121 Y89.254 E.07763
G1 X159.93 Y89.831 E.07735
G1 X160.709 Y90.45 E.07745
G1 X161.453 Y91.109 E.07736
G1 X162.166 Y91.809 E.07777
G1 X162.612 Y92.288 E.05094
G1 X163.261 Y93.047 E.07773
G1 X163.866 Y93.836 E.07739
G1 X164.429 Y94.656 E.07742
G1 X164.949 Y95.503 E.07736
G1 X165.425 Y96.381 E.07774
G1 X165.712 Y96.969 E.05093
G1 X166.112 Y97.889 E.07809
G1 X166.506 Y98.975 E.08992
G1 X166.796 Y99.926 E.07739
G1 X167.037 Y100.89 E.07734
G1 X167.226 Y101.866 E.07738
G1 X167.365 Y102.851 E.07743
G1 X167.451 Y103.841 E.07735
G1 X167.49 Y105.331 E.11602
G1 X167.447 Y106.325 E.07744
G1 X167.351 Y107.319 E.07773
G1 X167.26 Y107.967 E.05093
G1 X167.077 Y108.953 E.07806
G1 X166.93 Y109.591 E.05096
G1 X166.663 Y110.553 E.07771
G1 X166.348 Y111.496 E.07739
G1 X165.982 Y112.425 E.07772
G1 X165.716 Y113.023 E.05094
G1 X165.27 Y113.917 E.07776
G1 X164.78 Y114.782 E.07738
G1 X164.246 Y115.621 E.07741
G1 X163.669 Y116.43 E.07735
G1 X163.05 Y117.209 E.07745
G1 X162.391 Y117.953 E.07736
G1 X161.691 Y118.666 E.07777
G1 X161.212 Y119.112 E.05094
G1 X160.453 Y119.761 E.07773
G1 X159.664 Y120.366 E.07739
G1 X158.844 Y120.929 E.07742
G1 X157.997 Y121.449 E.07736
G1 X157.119 Y121.925 E.07774
G1 X156.531 Y122.212 E.05093
G1 X155.611 Y122.612 E.07809
G1 X155 Y122.846 E.05093
G1 X154.053 Y123.163 E.07773
G1 X153.095 Y123.429 E.07739
G1 X152.124 Y123.644 E.07741
G1 X151.143 Y123.808 E.07742
G1 X150.155 Y123.921 E.0774
G1 X149.163 Y123.982 E.07736
G1 X148.169 Y123.99 E.07737
G1 X147.171 Y123.947 E.07775
G1 X146.519 Y123.89 E.05094
G1 X145.529 Y123.759 E.07773
G1 X144.547 Y123.577 E.07774
G1 X143.909 Y123.43 E.05096
G1 X142.947 Y123.163 E.07771
G1 X142.004 Y122.848 E.07739
G1 X141.079 Y122.483 E.0774
G1 X140.174 Y122.071 E.0774
G1 X139.292 Y121.612 E.07739
G1 X138.434 Y121.107 E.07749
G1 X137.694 Y120.619 E.069
G1 X137.072 Y120.17 E.05971
G1 X136.291 Y119.55 E.07762
G1 X135.547 Y118.891 E.07736
G1 X134.834 Y118.191 E.07777
G1 X134.388 Y117.712 E.05094
G1 X133.739 Y116.953 E.07773
G1 X133.134 Y116.164 E.07739
G1 X132.568 Y115.341 E.07775
G1 X132.222 Y114.786 E.05091
G1 X131.73 Y113.917 E.07773
G1 X131.286 Y113.027 E.07742
G1 X130.89 Y112.115 E.07739
G1 X130.541 Y111.184 E.07739
G1 X130.242 Y110.235 E.07745
G1 X129.993 Y109.272 E.07742
G1 X129.815 Y108.404 E.06897
G1 X129.692 Y107.646 E.05977
G1 X129.579 Y106.655 E.07764
G1 X129.518 Y105.663 E.07736
G1 X129.51 Y104.669 E.07737
G1 X129.553 Y103.674 E.07752
G1 X129.636 Y102.792 E.06896
G1 X129.74 Y102.031 E.05978
G1 X129.923 Y101.047 E.0779
G1 X130.07 Y100.409 E.05096
G1 X130.337 Y99.447 E.07771
G1 X130.652 Y98.504 E.07739
G1 X131.017 Y97.579 E.0774
G1 X131.429 Y96.674 E.0774
G1 X131.888 Y95.792 E.07739
G1 X132.393 Y94.934 E.07749
G1 X132.881 Y94.194 E.069
G1 X133.33 Y93.572 E.05971
G1 X133.95 Y92.791 E.07762
G1 X134.609 Y92.047 E.07736
G1 X135.307 Y91.337 E.0775
G1 X135.959 Y90.736 E.06902
G1 X136.545 Y90.241 E.05971
G1 X137.336 Y89.634 E.07761
G1 X138.155 Y89.071 E.07736
G1 X139.004 Y88.551 E.07749
G1 X139.782 Y88.126 E.069
G1 X140.471 Y87.787 E.05977
G1 X141.385 Y87.39 E.07756
G1 X142.316 Y87.041 E.07739
G1 X143.266 Y86.742 E.07752
G1 X144.123 Y86.518 E.06895
G1 X144.873 Y86.356 E.05972
G1 X145.857 Y86.192 E.07765
G1 X146.845 Y86.079 E.0774
G1 X147.838 Y86.018 E.07744
G1 X148.472 Y86.011 E.04935
G1 X148.496 Y86.742 F12000
G1 F1281.916
G1 X148.717 Y86.74 E.0172
G1 X149.451 Y86.763 E.05716
G1 X150.409 Y86.838 E.0748
G1 X151.357 Y86.963 E.07443
G1 X152.299 Y87.138 E.07458
G1 X153.128 Y87.335 E.06632
G1 X153.835 Y87.535 E.05719
G1 X154.746 Y87.84 E.07478
G1 X155.635 Y88.19 E.07437
G1 X156.507 Y88.587 E.07458
G1 X157.264 Y88.979 E.06635
G1 X157.902 Y89.344 E.05721
G1 X158.712 Y89.86 E.07475
G1 X159.49 Y90.416 E.07443
G1 X160.238 Y91.011 E.0744
G1 X160.954 Y91.644 E.07439
G1 X161.642 Y92.32 E.07508
G1 X162.066 Y92.775 E.04841
G1 X162.692 Y93.508 E.07503
G1 X163.274 Y94.266 E.07439
G1 X163.816 Y95.054 E.07444
G1 X164.315 Y95.869 E.07438
G1 X164.775 Y96.716 E.07502
G1 X165.048 Y97.275 E.04842
G1 X165.311 Y97.881 E.05142
G1 X165.547 Y98.456 E.04838
G1 X165.812 Y99.207 E.06199
G1 X166.092 Y100.121 E.07441
G1 X166.323 Y101.049 E.07444
G1 X166.505 Y101.987 E.07437
G1 X166.638 Y102.933 E.07436
G1 X166.721 Y103.886 E.07446
G1 X166.759 Y105.319 E.11158
G1 X166.717 Y106.274 E.07441
G1 X166.625 Y107.233 E.07499
G1 X166.538 Y107.849 E.04842
G1 X166.361 Y108.804 E.0756
G1 X166.221 Y109.411 E.04849
G1 X165.964 Y110.339 E.07495
G1 X165.66 Y111.246 E.07446
G1 X165.307 Y112.142 E.07496
G1 X165.054 Y112.711 E.04847
G1 X164.624 Y113.573 E.07498
G1 X164.153 Y114.405 E.07442
G1 X163.64 Y115.212 E.07443
G1 X163.084 Y115.99 E.07443
G1 X162.489 Y116.738 E.0744
G1 X161.856 Y117.454 E.07439
G1 X161.18 Y118.142 E.07508
G1 X160.725 Y118.566 E.04841
G1 X159.992 Y119.192 E.07503
G1 X159.234 Y119.774 E.07439
G1 X158.446 Y120.316 E.07444
G1 X157.631 Y120.815 E.07438
G1 X156.784 Y121.275 E.07502
G1 X156.225 Y121.548 E.04842
G1 X155.334 Y121.935 E.07561
G1 X154.753 Y122.158 E.04844
G1 X153.839 Y122.464 E.07502
G1 X152.918 Y122.719 E.07438
G1 X151.985 Y122.926 E.07439
G1 X151.042 Y123.084 E.07442
G1 X150.092 Y123.192 E.07442
G1 X149.137 Y123.251 E.07448
G1 X148.181 Y123.259 E.07441
G1 X147.219 Y123.217 E.07495
G1 X146.599 Y123.163 E.04844
G1 X145.643 Y123.037 E.07506
G1 X144.696 Y122.861 E.07497
G1 X144.089 Y122.721 E.04849
G1 X143.161 Y122.464 E.07495
G1 X142.254 Y122.16 E.07446
G1 X141.365 Y121.81 E.07437
G1 X140.495 Y121.414 E.0744
G1 X139.647 Y120.972 E.07443
G1 X138.821 Y120.486 E.0746
G1 X138.109 Y120.017 E.06636
G1 X137.513 Y119.587 E.0572
G1 X136.762 Y118.989 E.07472
G1 X136.045 Y118.356 E.07445
G1 X135.358 Y117.68 E.07502
G1 X134.934 Y117.225 E.04841
G1 X134.308 Y116.492 E.07503
G1 X133.726 Y115.734 E.07439
G1 X133.18 Y114.94 E.075
G1 X132.85 Y114.412 E.04846
G1 X132.376 Y113.573 E.07501
G1 X131.949 Y112.718 E.07439
G1 X131.568 Y111.841 E.07443
G1 X131.233 Y110.945 E.07446
G1 X130.946 Y110.034 E.07435
G1 X130.706 Y109.106 E.07461
G1 X130.534 Y108.271 E.06636
G1 X130.416 Y107.546 E.05717
G1 X130.308 Y106.592 E.07473
G1 X130.249 Y105.637 E.07448
G1 X130.241 Y104.681 E.07441
G1 X130.283 Y103.724 E.07456
G1 X130.363 Y102.876 E.0663
G1 X130.462 Y102.148 E.05719
G1 X130.639 Y101.196 E.07537
G1 X130.779 Y100.589 E.04849
G1 X131.036 Y99.661 E.07495
G1 X131.34 Y98.754 E.07446
G1 X131.69 Y97.865 E.07437
G1 X132.086 Y96.995 E.0744
G1 X132.528 Y96.147 E.07443
G1 X133.014 Y95.321 E.0746
G1 X133.483 Y94.609 E.06636
G1 X133.913 Y94.013 E.0572
G1 X134.511 Y93.262 E.07472
G1 X135.144 Y92.546 E.07439
G1 X135.816 Y91.862 E.07464
G1 X136.443 Y91.285 E.06632
G1 X137.004 Y90.811 E.05717
G1 X137.766 Y90.226 E.07477
G1 X138.554 Y89.684 E.07444
G1 X139.371 Y89.184 E.07456
G1 X140.119 Y88.776 E.06632
G1 X140.778 Y88.451 E.05719
G1 X141.659 Y88.068 E.07477
G1 X142.555 Y87.733 E.07446
G1 X143.468 Y87.445 E.07452
G1 X144.293 Y87.23 E.06636
G1 X145.011 Y87.074 E.05719
G1 X145.958 Y86.916 E.07473
G1 X146.908 Y86.808 E.07442
G1 X147.865 Y86.749 E.07463
G1 X148.466 Y86.743 E.04678
G1 X148.49 Y87.474 F12000
G1 F1281.916
G1 X148.709 Y87.471 E.01705
G1 X149.411 Y87.493 E.05467
G1 X150.332 Y87.566 E.07191
G1 X151.242 Y87.686 E.07144
G1 X152.147 Y87.853 E.07163
G1 X152.944 Y88.043 E.06377
G1 X153.619 Y88.234 E.0546
G1 X154.496 Y88.527 E.07197
G1 X155.35 Y88.863 E.07143
G1 X156.187 Y89.245 E.07161
G1 X156.914 Y89.622 E.06374
M73 P58 R8
G1 X157.523 Y89.97 E.0546
G1 X158.303 Y90.467 E.07199
G1 X159.05 Y91 E.07143
G1 X159.768 Y91.571 E.07141
G1 X160.456 Y92.179 E.07147
G1 X161.118 Y92.83 E.07227
G1 X161.52 Y93.262 E.04593
G1 X162.124 Y93.968 E.07232
G1 X162.682 Y94.696 E.0714
G1 X163.202 Y95.452 E.07142
G1 X163.682 Y96.235 E.07149
G1 X164.125 Y97.051 E.07227
G1 X164.383 Y97.582 E.04595
G1 X164.64 Y98.172 E.05009
G1 X164.864 Y98.719 E.04601
G1 X165.119 Y99.44 E.05953
G1 X165.387 Y100.317 E.07138
G1 X165.609 Y101.207 E.0714
G1 X165.784 Y102.108 E.07144
G1 X165.912 Y103.016 E.07137
G1 X165.991 Y103.93 E.07141
G1 X166.028 Y105.306 E.10714
G1 X165.987 Y106.223 E.07145
M73 P58 R7
G1 X165.898 Y107.147 E.07225
G1 X165.816 Y107.732 E.04598
G1 X165.645 Y108.655 E.07307
G1 X165.512 Y109.231 E.04601
G1 X165.264 Y110.125 E.07221
G1 X164.973 Y110.996 E.07148
G1 X164.633 Y111.86 E.07227
G1 X164.393 Y112.399 E.04593
G1 X163.978 Y113.23 E.0723
G1 X163.526 Y114.029 E.07145
G1 X163.033 Y114.803 E.07143
G1 X162.5 Y115.55 E.07143
G1 X161.929 Y116.268 E.07141
G1 X161.321 Y116.956 E.07147
G1 X160.67 Y117.618 E.07227
G1 X160.238 Y118.02 E.04593
G1 X159.532 Y118.624 E.07232
G1 X158.804 Y119.182 E.0714
G1 X158.048 Y119.702 E.07142
G1 X157.265 Y120.182 E.07149
G1 X156.449 Y120.625 E.07227
G1 X155.918 Y120.883 E.04595
G1 X155.057 Y121.258 E.0731
G1 X154.506 Y121.47 E.04595
G1 X153.625 Y121.764 E.07229
G1 X152.741 Y122.009 E.0714
G1 X151.845 Y122.208 E.07144
G1 X150.94 Y122.36 E.07143
G1 X150.028 Y122.463 E.07144
G1 X149.112 Y122.519 E.07143
G1 X148.194 Y122.528 E.07146
G1 X147.266 Y122.487 E.0723
G1 X146.678 Y122.436 E.04594
G1 X145.758 Y122.314 E.07224
G1 X144.845 Y122.145 E.07227
G1 X144.269 Y122.012 E.04601
G1 X143.375 Y121.764 E.07221
G1 X142.504 Y121.473 E.07148
G1 X141.65 Y121.137 E.07143
G1 X140.815 Y120.756 E.07144
G1 X140.001 Y120.332 E.07144
G1 X139.208 Y119.865 E.07163
G1 X138.525 Y119.415 E.06366
G1 X137.955 Y119.004 E.0547
G1 X137.232 Y118.429 E.0719
G1 X136.544 Y117.821 E.07147
G1 X135.882 Y117.17 E.07227
G1 X135.48 Y116.738 E.04593
G1 X134.876 Y116.032 E.07232
G1 X134.318 Y115.304 E.0714
G1 X133.792 Y114.539 E.07226
G1 X133.479 Y114.038 E.04598
G1 X133.022 Y113.23 E.07225
G1 X132.612 Y112.409 E.07143
G1 X132.246 Y111.567 E.07146
G1 X131.925 Y110.707 E.07145
G1 X131.649 Y109.832 E.07142
G1 X131.418 Y108.941 E.07165
G1 X131.254 Y108.139 E.06372
G1 X131.141 Y107.446 E.05465
G1 X131.037 Y106.528 E.07191
G1 X130.981 Y105.612 E.07143
G1 X130.972 Y104.694 E.07146
G1 X131.013 Y103.774 E.07168
G1 X131.089 Y102.96 E.06363
G1 X131.185 Y102.264 E.05469
G1 X131.355 Y101.345 E.07275
G1 X131.488 Y100.769 E.04601
G1 X131.736 Y99.875 E.07221
G1 X132.027 Y99.004 E.07148
G1 X132.363 Y98.15 E.07143
G1 X132.744 Y97.315 E.07144
G1 X133.168 Y96.501 E.07144
G1 X133.635 Y95.708 E.07163
G1 X134.085 Y95.025 E.06366
G1 X134.496 Y94.455 E.0547
G1 X135.071 Y93.732 E.0719
G1 X135.679 Y93.044 E.07147
G1 X136.324 Y92.388 E.07161
G1 X136.927 Y91.834 E.06374
G1 X137.463 Y91.38 E.05468
G1 X138.196 Y90.818 E.07189
G1 X138.952 Y90.298 E.07142
G1 X139.737 Y89.817 E.07166
G1 X140.456 Y89.425 E.06374
G1 X141.086 Y89.115 E.05465
G1 X141.933 Y88.746 E.07191
G1 X142.793 Y88.425 E.07145
G1 X143.671 Y88.148 E.07166
G1 X144.463 Y87.941 E.06372
G1 X145.149 Y87.793 E.05462
G1 X146.06 Y87.64 E.0719
G1 X146.972 Y87.537 E.07144
G1 X147.891 Y87.48 E.07167
G1 X148.46 Y87.474 E.04429
G1 E-8 F1500
G1 Z3.72 F3000
G1 X138.694 Y91.813 F12000
G1 Z3.52 F3000
G1 E10 F1500
;TYPE:Internal infill
G1 E-20 F1500
G1 Z8.52 F300.0
G1 F12000.0
T0
G1 Z3.52 F300.0
G1 E22.0 F1500
G1 F12000.0
;WIDTH:0.675
G1 F1546.194
G1 X137.297 Y92.977 E.11735
G1 X138.091 Y93.424 E.0588
G1 X138.742 Y93.625 E.04397
G1 X139.392 Y93.706 E.04227
G1 X140.043 Y93.598 E.04259
G1 X140.368 Y93.411 E.0242
G1 X140.693 Y93.094 E.0293
G1 X141.994 Y91.408 E.13743
G1 X142.645 Y90.886 E.05385
G1 X143.296 Y90.554 E.04716
G1 X143.946 Y90.352 E.04393
G1 X144.597 Y90.271 E.04233
G1 X145.247 Y90.38 E.04253
G1 X145.572 Y90.567 E.0242
G1 X145.898 Y90.884 E.02934
G1 X147.199 Y92.57 E.13743
G1 X147.849 Y93.092 E.0538
G1 X148.5 Y93.424 E.04716
G1 X149.151 Y93.625 E.04397
G1 X149.801 Y93.706 E.04227
G1 X150.452 Y93.598 E.04259
G1 X150.777 Y93.411 E.0242
G1 X151.102 Y93.094 E.0293
G1 X152.403 Y91.408 E.13743
G1 X153.054 Y90.886 E.05385
G1 X153.704 Y90.554 E.0471
G1 X154.355 Y90.352 E.04399
G1 X155.006 Y90.271 E.04233
G1 X155.656 Y90.38 E.04253
G1 X155.981 Y90.567 E.0242
G1 X156.307 Y90.884 E.02934
G1 X157.608 Y92.57 E.13743
G1 X158.258 Y93.092 E.0538
G1 X158.909 Y93.424 E.04716
G1 X159.559 Y93.625 E.04391
G1 X160.21 Y93.706 E.04233
G1 X160.41 Y93.673 E.01308
G1 X161.268 Y94.648 E.08381
G1 X162.022 Y95.665 E.0817
G1 X161.511 Y96.088 E.04281
G1 X160.21 Y97.774 E.13743
G1 X159.559 Y98.296 E.05385
G1 X158.909 Y98.628 E.0471
G1 X158.258 Y98.83 E.04399
G1 X157.608 Y98.911 E.04227
G1 X156.957 Y98.802 E.0426
G1 X156.632 Y98.615 E.0242
G1 X156.307 Y98.298 E.0293
G1 X155.006 Y96.612 E.13743
G1 X154.355 Y96.09 E.05385
G1 X153.704 Y95.759 E.04713
G1 X153.054 Y95.557 E.04393
G1 X152.403 Y95.476 E.04233
G1 X151.753 Y95.585 E.04253
G1 X151.428 Y95.771 E.02417
G1 X151.102 Y96.088 E.02934
G1 X149.801 Y97.774 E.13743
G1 X149.151 Y98.296 E.0538
G1 X148.5 Y98.628 E.04716
G1 X147.849 Y98.83 E.04399
G1 X147.199 Y98.911 E.04227
G1 X146.548 Y98.802 E.0426
G1 X146.223 Y98.615 E.0242
G1 X145.898 Y98.298 E.0293
G1 X144.597 Y96.612 E.13743
G1 X143.946 Y96.09 E.05385
G1 X143.296 Y95.759 E.04707
G1 X142.645 Y95.557 E.04399
G1 X141.994 Y95.476 E.04233
G1 X141.344 Y95.585 E.04253
G1 X141.019 Y95.771 E.02417
G1 X140.693 Y96.088 E.02934
G1 X139.392 Y97.774 E.13743
G1 X138.742 Y98.296 E.0538
G1 X138.091 Y98.628 E.04716
G1 X137.441 Y98.83 E.04393
G1 X136.79 Y98.911 E.04233
G1 X136.139 Y98.802 E.0426
G1 X135.814 Y98.615 E.0242
G1 X135.489 Y98.298 E.0293
G1 X134.293 Y96.741 E.1267
G1 X133.375 Y98.563 E.13166
G1 X132.781 Y100.194 E.11202
G1 X132.521 Y101.15 E.06393
G1 X132.887 Y100.963 E.02652
G1 X133.537 Y100.761 E.04393
G1 X134.188 Y100.68 E.04233
G1 X134.838 Y100.789 E.04253
G1 X135.164 Y100.976 E.02425
G1 X135.489 Y101.293 E.0293
G1 X136.79 Y102.979 E.13743
G1 X137.441 Y103.501 E.05385
G1 X138.091 Y103.833 E.0471
G1 X138.742 Y104.034 E.04397
G1 X139.392 Y104.115 E.04227
G1 X140.043 Y104.007 E.04259
G1 X140.368 Y103.82 E.0242
G1 X140.693 Y103.503 E.0293
G1 X141.994 Y101.817 E.13743
G1 X142.645 Y101.295 E.05385
G1 X143.296 Y100.963 E.04716
G1 X143.946 Y100.761 E.04393
G1 X144.597 Y100.68 E.04233
G1 X145.247 Y100.789 E.04253
G1 X145.572 Y100.976 E.0242
G1 X145.898 Y101.293 E.02934
G1 X147.199 Y102.979 E.13743
G1 X147.849 Y103.501 E.0538
G1 X148.5 Y103.833 E.04716
G1 X149.151 Y104.034 E.04397
G1 X149.801 Y104.115 E.04227
G1 X150.452 Y104.007 E.04259
G1 X150.777 Y103.82 E.0242
G1 X151.102 Y103.503 E.0293
G1 X152.403 Y101.817 E.13743
G1 X153.054 Y101.295 E.05385
G1 X153.704 Y100.963 E.0471
G1 X154.355 Y100.761 E.04399
G1 X155.006 Y100.68 E.04233
G1 X155.656 Y100.789 E.04253
G1 X155.981 Y100.976 E.0242
G1 X156.307 Y101.293 E.02934
G1 X157.608 Y102.979 E.13743
G1 X158.258 Y103.501 E.0538
G1 X158.909 Y103.833 E.04716
G1 X159.559 Y104.034 E.04391
G1 X160.21 Y104.115 E.04233
G1 X160.861 Y104.007 E.04259
G1 X161.186 Y103.82 E.0242
G1 X161.511 Y103.503 E.0293
G1 X162.812 Y101.817 E.13743
G1 X163.463 Y101.295 E.05385
G1 X164.407 Y100.872 E.06676
G1 X163.855 Y99.14 E.11731
G1 E-8 F1500
G1 Z3.72 F3000
G1 X160.13 Y92.54 F12000
G1 Z3.52 F3000
G1 E10 F1500
;TYPE:Solid infill
;WIDTH:0.675007
G1 F1546.178
M73 P59 R7
G1 X160.774 Y93.174 E.05832
G1 X161.239 Y93.68 E.04435
G1 X161.746 Y94.274 E.0504
G1 X162.293 Y94.988 E.05804
G1 X162.806 Y95.736 E.05853
;WIDTH:0.674283
G1 F1548.026
G1 X163.262 Y96.487 E.05663
;WIDTH:0.669423
G1 F1560.549
G1 X163.693 Y97.281 E.05777
;WIDTH:0.675011
G1 F1546.167
G1 X163.947 Y97.797 E.03712
G1 X164.31 Y98.633 E.05882
G1 X164.514 Y99.165 E.03677
G1 X164.801 Y100.024 E.05845
G1 X165.039 Y100.884 E.05759
G1 X165.232 Y101.756 E.05764
G1 X165.379 Y102.636 E.05758
G1 X165.48 Y103.522 E.05755
G1 X165.534 Y104.413 E.05761
G1 X165.541 Y105.305 E.05757
G1 X165.502 Y106.197 E.05762
G1 X165.415 Y107.097 E.05835
G1 X165.335 Y107.66 E.0367
G1 X165.168 Y108.563 E.05926
G1 X165.039 Y109.117 E.03671
G1 X164.797 Y109.991 E.05852
G1 X164.513 Y110.837 E.05759
G1 X164.182 Y111.678 E.05833
G1 X163.95 Y112.197 E.03669
G1 X163.545 Y113.009 E.05856
G1 X163.105 Y113.785 E.05757
G1 X162.626 Y114.537 E.05754
G1 X162.107 Y115.264 E.05764
G1 X161.551 Y115.962 E.05759
G1 X160.96 Y116.63 E.05756
G1 X160.326 Y117.274 E.05832
G1 X159.909 Y117.662 E.03676
G1 X159.22 Y118.251 E.0585
G1 X158.512 Y118.793 E.05754
G1 X157.764 Y119.306 E.05853
;WIDTH:0.674285
G1 F1548.021
G1 X157.013 Y119.761 E.0566
;WIDTH:0.669423
G1 F1560.549
G1 X156.219 Y120.193 E.0578
;WIDTH:0.675011
G1 F1546.167
G1 X155.703 Y120.447 E.03712
G1 X154.867 Y120.81 E.05882
G1 X154.335 Y121.014 E.03677
G1 X153.476 Y121.301 E.05845
G1 X152.616 Y121.539 E.05759
G1 X151.744 Y121.732 E.05764
G1 X150.864 Y121.879 E.05758
G1 X149.978 Y121.98 E.05755
G1 X149.087 Y122.034 E.05761
G1 X148.195 Y122.041 E.05757
G1 X147.292 Y122.001 E.05833
G1 X146.725 Y121.951 E.03673
G1 X145.826 Y121.833 E.05851
G1 X144.937 Y121.668 E.05835
G1 X144.383 Y121.539 E.03671
G1 X143.509 Y121.297 E.05852
G1 X142.663 Y121.013 E.05759
G1 X141.833 Y120.686 E.05757
G1 X141.021 Y120.315 E.05761
G1 X140.231 Y119.902 E.05753
;WIDTH:0.673207
G1 F1550.781
G1 X139.462 Y119.447 E.05749
;WIDTH:0.674969
G1 F1546.274
G1 X138.886 Y119.071 E.04439
G1 X138.243 Y118.612 E.05098
G1 X137.538 Y118.051 E.05814
G1 X136.87 Y117.46 E.05755
G1 X136.226 Y116.826 E.05832
G1 X135.838 Y116.409 E.03676
G1 X135.249 Y115.72 E.05849
G1 X134.707 Y115.012 E.05754
G1 X134.194 Y114.264 E.05853
;WIDTH:0.674267
G1 F1548.067
G1 X133.738 Y113.513 E.05663
;WIDTH:0.674963
G1 F1546.29
G1 X133.401 Y112.901 E.04508
G1 X133.053 Y112.203 E.05033
G1 X132.694 Y111.377 E.05812
G1 X132.382 Y110.541 E.05758
G1 X132.114 Y109.69 E.05757
G1 X131.891 Y108.824 E.05771
G1 X131.73 Y108.041 E.05158
G1 X131.622 Y107.373 E.04367
G1 X131.52 Y106.478 E.05813
G1 X131.466 Y105.587 E.0576
G1 X131.459 Y104.695 E.05756
G1 X131.498 Y103.8 E.05781
G1 X131.574 Y103.006 E.05147
G1 X131.666 Y102.335 E.0437
G1 X131.832 Y101.437 E.05893
G1 X131.961 Y100.883 E.03671
G1 X132.203 Y100.009 E.05852
G1 X132.487 Y99.163 E.05759
G1 X132.82 Y98.32 E.05849
;WIDTH:0.674283
G1 F1548.026
G1 X133.187 Y97.523 E.05656
;WIDTH:0.668537
G1 F1562.854
G1 X133.6 Y96.732 E.05697
;WIDTH:0.668769
G1 X134.053 Y95.962 E.05706
;WIDTH:0.674971
G1 F1546.269
G1 X134.429 Y95.386 E.04439
G1 X134.888 Y94.743 E.05098
G1 X135.449 Y94.038 E.05814
G1 X136.04 Y93.37 E.05755
G1 X136.668 Y92.732 E.05777
G1 X137.256 Y92.192 E.05152
G1 X137.773 Y91.755 E.04368
G1 X138.488 Y91.207 E.05813
G1 X139.223 Y90.702 E.05755
G1 X139.947 Y90.258 E.05481
G1 X140.589 Y89.906 E.04725
G1 X141.297 Y89.553 E.05105
G1 X142.136 Y89.189 E.05902
;WIDTH:0.674281
G1 F1548.031
G1 X142.959 Y88.885 E.05655
;WIDTH:0.668767
G1 F1562.255
G1 X143.811 Y88.617 E.05705
;WIDTH:0.674969
G1 F1546.274
G1 X144.477 Y88.44 E.04447
G1 X145.248 Y88.269 E.05096
G1 X146.136 Y88.121 E.05809
G1 X147.022 Y88.02 E.05754
G1 X147.917 Y87.966 E.05786
G1 X149.026 Y87.968 E.07156
G1 X150.28 Y88.049 E.08109
G1 X151.174 Y88.167 E.05819
G1 X152.052 Y88.33 E.05763
G1 X152.721 Y88.489 E.04437
G1 X153.483 Y88.701 E.05104
G1 X154.337 Y88.987 E.05812
G1 X155.167 Y89.314 E.05757
G1 X155.982 Y89.686 E.05781
;WIDTH:0.674825
G1 X156.769 Y90.098 E.05731
;WIDTH:0.672719
G1 F1552.034
G1 X157.537 Y90.553 E.05739
;WIDTH:0.674959
G1 F1546.3
G1 X158.123 Y90.935 E.04514
G1 X158.757 Y91.388 E.05028
G1 X159.462 Y91.949 E.05814
;WIDTH:0.675076
G1 X159.903 Y92.339 E.038
G1 E-8 F1500
G1 Z3.72 F3000
G1 X154.9 Y120.135 F12000
G1 Z3.52 F3000
G1 E10 F1500
;TYPE:Internal infill
;WIDTH:0.675
G1 F1546.194
G1 X156.533 Y119.336 E.11732
G1 X156.307 Y119.116 E.02035
G1 X155.006 Y117.43 E.13743
G1 X154.355 Y116.908 E.05385
G1 X153.704 Y116.576 E.04716
G1 X153.054 Y116.375 E.04391
G1 X152.403 Y116.294 E.04233
G1 X151.753 Y116.402 E.04252
G1 X151.428 Y116.589 E.0242
G1 X151.102 Y116.906 E.02934
G1 X149.801 Y118.592 E.13743
G1 X149.151 Y119.114 E.0538
G1 X148.5 Y119.446 E.04716
G1 X147.849 Y119.648 E.04399
G1 X147.199 Y119.729 E.04227
G1 X146.548 Y119.62 E.0426
G1 X146.223 Y119.433 E.0242
G1 X145.898 Y119.116 E.0293
G1 X144.597 Y117.43 E.13743
G1 X143.946 Y116.908 E.05385
G1 X143.296 Y116.576 E.0471
G1 X142.645 Y116.375 E.04397
G1 X141.994 Y116.294 E.04233
G1 X141.344 Y116.402 E.04252
G1 X141.019 Y116.589 E.0242
G1 X140.693 Y116.906 E.02934
G1 X140.043 Y117.803 E.07149
G1 X139.331 Y118.641 E.07096
G1 X140.895 Y119.567 E.11729
G1 E-8 F1500
G1 Z3.72 F3000
G1 X132.699 Y109.528 F12000
G1 Z3.52 F3000
G1 E10 F1500
G1 F1546.194
G1 X133.297 Y111.245 E.11733
G1 X134.188 Y111.089 E.05837
G1 X134.838 Y111.198 E.04253
G1 X135.164 Y111.385 E.02425
G1 X135.489 Y111.702 E.0293
G1 X136.79 Y113.388 E.13743
G1 X137.441 Y113.91 E.05385
G1 X138.091 Y114.241 E.04707
G1 X138.742 Y114.443 E.04399
G1 X139.392 Y114.524 E.04227
G1 X140.043 Y114.415 E.0426
G1 X140.368 Y114.229 E.02417
G1 X140.693 Y113.912 E.0293
G1 X141.994 Y112.226 E.13743
G1 X142.645 Y111.704 E.05385
G1 X143.296 Y111.372 E.04716
G1 X143.946 Y111.17 E.04393
G1 X144.597 Y111.089 E.04233
G1 X145.247 Y111.198 E.04253
G1 X145.572 Y111.385 E.0242
G1 X145.898 Y111.702 E.02934
G1 X147.199 Y113.388 E.13743
G1 X147.849 Y113.91 E.0538
G1 X148.5 Y114.241 E.04713
G1 X149.151 Y114.443 E.04399
G1 X149.801 Y114.524 E.04227
G1 X150.452 Y114.415 E.0426
G1 X150.777 Y114.229 E.02417
G1 X151.102 Y113.912 E.0293
G1 X152.403 Y112.226 E.13743
G1 X153.054 Y111.704 E.05385
G1 X153.704 Y111.372 E.0471
G1 X154.355 Y111.17 E.04399
G1 X155.006 Y111.089 E.04233
G1 X155.656 Y111.198 E.04253
G1 X155.981 Y111.385 E.0242
G1 X156.307 Y111.702 E.02934
G1 X157.608 Y113.388 E.13743
G1 X158.258 Y113.91 E.0538
G1 X158.909 Y114.241 E.04713
G1 X159.559 Y114.443 E.04393
G1 X160.21 Y114.524 E.04233
G1 X160.861 Y114.415 E.0426
G1 X161.186 Y114.229 E.02417
G1 X161.511 Y113.912 E.0293
G1 X162.812 Y112.226 E.13743
G1 X163.519 Y111.675 E.05784
G1 X164.163 Y109.975 E.11731
G1 E-8 F1500
G1 Z3.72 F3000
G1 X164.587 Y108.371 F12000
G1 Z3.52 F3000
G1 E10 F1500
G1 F1546.194
G1 X164.856 Y106.573 E.11732
G1 X164.113 Y106.168 E.05461
G1 X163.463 Y105.966 E.04393
G1 X162.812 Y105.885 E.04233
G1 X162.162 Y105.993 E.04252
G1 X161.836 Y106.18 E.02425
G1 X161.511 Y106.497 E.0293
G1 X160.21 Y108.183 E.13743
G1 X159.559 Y108.705 E.05385
G1 X158.909 Y109.037 E.0471
G1 X158.258 Y109.239 E.04399
G1 X157.608 Y109.32 E.04227
G1 X156.957 Y109.211 E.0426
G1 X156.632 Y109.024 E.0242
G1 X156.307 Y108.707 E.0293
G1 X155.006 Y107.021 E.13743
G1 X154.355 Y106.499 E.05385
G1 X153.704 Y106.168 E.04713
G1 X153.054 Y105.966 E.04393
G1 X152.403 Y105.885 E.04233
G1 X151.753 Y105.993 E.04252
G1 X151.428 Y106.18 E.0242
G1 X151.102 Y106.497 E.02934
G1 X149.801 Y108.183 E.13743
G1 X149.151 Y108.705 E.0538
G1 X148.5 Y109.037 E.04716
G1 X147.849 Y109.239 E.04399
G1 X147.199 Y109.32 E.04227
G1 X146.548 Y109.211 E.0426
G1 X146.223 Y109.024 E.0242
G1 X145.898 Y108.707 E.0293
G1 X144.597 Y107.021 E.13743
G1 X143.946 Y106.499 E.05385
G1 X143.296 Y106.168 E.04707
G1 X142.645 Y105.966 E.04399
G1 X141.994 Y105.885 E.04233
G1 X141.344 Y105.993 E.04252
G1 X141.019 Y106.18 E.0242
G1 X140.693 Y106.497 E.02934
G1 X139.392 Y108.183 E.13743
G1 X138.742 Y108.705 E.0538
M73 P60 R7
G1 X138.091 Y109.037 E.04716
G1 X137.441 Y109.239 E.04393
G1 X136.79 Y109.32 E.04233
G1 X136.139 Y109.211 E.0426
G1 X135.814 Y109.024 E.0242
G1 X135.489 Y108.707 E.0293
G1 X134.188 Y107.021 E.13743
G1 X133.537 Y106.499 E.05385
G1 X132.887 Y106.168 E.04707
G1 X132.095 Y105.948 E.05305
G1 X132.298 Y107.755 E.11734
;LAYER_CHANGE
;Z:3.84
;HEIGHT:0.32

G1 E-8 F1500
G1 Z3.84 F3000
;AFTER_LAYER_CHANGE
;3.84
G92 E0
_ON_LAYER_CHANGE LAYER=12
G1 Z4.04
G1 X148.508 Y85.342 F12000
G1 Z3.84 F3000
G1 E10 F1500
;TYPE:External perimeter
;WIDTH:0.675
G1 F1546.195
G1 X148.753 Y85.34 E.01581
G1 X149.528 Y85.364 E.05004
G1 X150.555 Y85.445 E.06648
G1 X151.576 Y85.58 E.06646
G1 X152.589 Y85.768 E.06649
G1 X153.255 Y85.921 E.0441
G1 X154.249 Y86.197 E.06657
G1 X155.225 Y86.523 E.0664
G1 X156.183 Y86.901 E.06646
G1 X157.119 Y87.328 E.06639
G1 X158.033 Y87.803 E.06647
G1 X158.92 Y88.326 E.06645
G1 X159.704 Y88.843 E.0606
G1 X160.332 Y89.296 E.04997
G1 X161.139 Y89.938 E.06655
G1 X161.91 Y90.62 E.06643
G1 X162.644 Y91.342 E.06644
G1 X163.28 Y92.033 E.06061
G1 X163.78 Y92.625 E.05001
G1 X164.407 Y93.443 E.06651
G1 X164.991 Y94.292 E.0665
G1 X165.353 Y94.872 E.04412
G1 X165.861 Y95.769 E.06652
G1 X166.32 Y96.69 E.06641
G1 X166.731 Y97.636 E.06656
G1 X166.976 Y98.274 E.0441
G1 X167.303 Y99.251 E.06649
G1 X167.578 Y100.243 E.06643
G1 X167.801 Y101.248 E.06643
G1 X167.971 Y102.264 E.06648
G1 X168.088 Y103.286 E.06638
G1 X168.15 Y104.314 E.06646
G1 X168.159 Y105.343 E.06641
G1 X168.114 Y106.372 E.06647
G1 X168.016 Y107.398 E.06651
G1 X167.921 Y108.074 E.04405
G1 X167.732 Y109.09 E.06669
G1 X167.579 Y109.755 E.04404
G1 X167.303 Y110.749 E.06657
G1 X166.977 Y111.725 E.0664
G1 X166.599 Y112.684 E.06652
G1 X166.321 Y113.308 E.04408
G1 X165.861 Y114.231 E.06655
G1 X165.354 Y115.127 E.06644
G1 X164.801 Y115.995 E.06642
G1 X164.203 Y116.833 E.06644
G1 X163.562 Y117.639 E.06646
G1 X162.88 Y118.41 E.06643
G1 X162.158 Y119.145 E.06649
G1 X161.658 Y119.611 E.04411
G1 X160.874 Y120.281 E.06655
G1 X160.057 Y120.907 E.06642
G1 X159.208 Y121.491 E.0665
G1 X158.628 Y121.853 E.04412
G1 X157.731 Y122.361 E.06652
G1 X156.81 Y122.82 E.06641
G1 X155.864 Y123.231 E.06656
G1 X155.226 Y123.476 E.0441
G1 X154.249 Y123.803 E.06649
G1 X153.257 Y124.078 E.06643
G1 X152.252 Y124.301 E.06643
G1 X151.236 Y124.471 E.06648
G1 X150.214 Y124.588 E.06638
G1 X149.186 Y124.65 E.06646
G1 X148.157 Y124.659 E.06641
G1 X147.127 Y124.614 E.06653
G1 X146.446 Y124.555 E.04411
G1 X145.424 Y124.42 E.06653
G1 X144.411 Y124.232 E.06649
G1 X143.745 Y124.079 E.0441
G1 X142.751 Y123.803 E.06657
G1 X141.775 Y123.477 E.0664
G1 X140.817 Y123.099 E.06646
G1 X139.88 Y122.672 E.06645
G1 X139.046 Y122.24 E.06061
G1 X138.374 Y121.854 E.05001
G1 X137.505 Y121.301 E.06647
G1 X136.667 Y120.703 E.06644
G1 X135.861 Y120.062 E.06646
G1 X135.09 Y119.38 E.06643
G1 X134.355 Y118.658 E.06649
G1 X133.889 Y118.158 E.04411
G1 X133.219 Y117.374 E.06655
G1 X132.593 Y116.557 E.06642
G1 X132.01 Y115.709 E.06641
G1 X131.472 Y114.831 E.06645
G1 X131.022 Y114.006 E.06064
G1 X130.68 Y113.311 E.04999
G1 X130.269 Y112.366 E.0665
G1 X129.909 Y111.401 E.06647
G1 X129.599 Y110.42 E.06639
G1 X129.342 Y109.423 E.06644
G1 X129.153 Y108.503 E.06061
G1 X129.029 Y107.737 E.05008
G1 X128.912 Y106.714 E.06645
G1 X128.85 Y105.686 E.06646
G1 X128.841 Y104.657 E.06641
G1 X128.886 Y103.628 E.06647
G1 X128.974 Y102.693 E.0606
G1 X129.08 Y101.925 E.05003
G1 X129.268 Y100.911 E.06655
G1 X129.421 Y100.245 E.0441
G1 X129.697 Y99.251 E.06657
G1 X130.023 Y98.275 E.0664
G1 X130.401 Y97.316 E.06652
G1 X130.679 Y96.692 E.04408
G1 X131.139 Y95.769 E.06655
G1 X131.646 Y94.873 E.06644
G1 X132.199 Y94.005 E.06642
G1 X132.797 Y93.167 E.06644
G1 X133.438 Y92.361 E.06646
G1 X134.12 Y91.59 E.06643
G1 X134.842 Y90.856 E.06644
G1 X135.533 Y90.22 E.06061
G1 X136.125 Y89.72 E.05001
G1 X136.943 Y89.093 E.06651
G1 X137.791 Y88.51 E.06641
G1 X138.591 Y88.017 E.06064
G1 X139.268 Y87.64 E.05001
G1 X140.19 Y87.18 E.06649
G1 X141.136 Y86.769 E.06656
G1 X141.774 Y86.524 E.0441
G1 X142.751 Y86.197 E.06649
G1 X143.743 Y85.922 E.06643
G1 X144.748 Y85.699 E.06643
G1 X145.764 Y85.529 E.06648
G1 X146.786 Y85.412 E.06638
G1 X147.814 Y85.35 E.06646
G1 X148.478 Y85.343 E.04285
G1 X149.078 Y85.351 F12000
G1 X148.502 Y86.011
;TYPE:Perimeter
G1 E-20 F1500
G1 Z8.84 F300.0
G1 F12000.0
T1
G1 Z3.84 F300.0
G1 E40.0 F1500
G1 F12000.0
;WIDTH:0.8
G1 F1281.916
G1 X148.746 Y86.009 E.01899
G1 X149.491 Y86.032 E.05802
G1 X150.485 Y86.111 E.07761
G1 X151.471 Y86.241 E.07741
G1 X152.453 Y86.423 E.07774
G1 X153.091 Y86.57 E.05096
G1 X154.053 Y86.837 E.07771
G1 X154.996 Y87.152 E.07739
G1 X155.921 Y87.517 E.0774
G1 X156.826 Y87.929 E.0774
G1 X157.708 Y88.388 E.07739
G1 X158.566 Y88.893 E.07749
G1 X159.324 Y89.393 E.07068
G1 X159.928 Y89.829 E.05798
G1 X160.709 Y90.45 E.07767
G1 X161.453 Y91.109 E.07736
G1 X162.163 Y91.807 E.0775
G1 X162.778 Y92.475 E.07068
G1 X163.259 Y93.045 E.05805
G1 X163.866 Y93.836 E.07761
G1 X164.432 Y94.659 E.07775
G1 X164.778 Y95.214 E.05091
G1 X165.27 Y96.083 E.07773
G1 X165.714 Y96.973 E.07742
G1 X166.112 Y97.889 E.07774
G1 X166.506 Y98.975 E.08992
G1 X166.796 Y99.926 E.07739
G1 X167.037 Y100.89 E.07734
G1 X167.226 Y101.866 E.07738
G1 X167.365 Y102.851 E.07743
G1 X167.451 Y103.841 E.07735
G1 X167.49 Y105.331 E.11602
G1 X167.447 Y106.325 E.07744
G1 X167.351 Y107.319 E.07773
G1 X167.26 Y107.967 E.05093
G1 X167.077 Y108.953 E.07806
G1 X166.93 Y109.591 E.05096
G1 X166.663 Y110.553 E.07771
G1 X166.348 Y111.496 E.07739
G1 X165.982 Y112.425 E.07772
G1 X165.716 Y113.023 E.05094
G1 X165.27 Y113.917 E.07776
G1 X164.78 Y114.782 E.07738
G1 X164.246 Y115.621 E.07741
G1 X163.669 Y116.43 E.07735
G1 X163.05 Y117.209 E.07745
G1 X162.391 Y117.953 E.07736
G1 X161.691 Y118.666 E.07777
G1 X161.212 Y119.112 E.05094
G1 X160.453 Y119.761 E.07773
G1 X159.664 Y120.366 E.07739
G1 X158.841 Y120.932 E.07775
G1 X158.286 Y121.278 E.05091
G1 X157.417 Y121.77 E.07773
G1 X156.527 Y122.214 E.07742
G1 X155.611 Y122.612 E.07774
G1 X155 Y122.846 E.05093
G1 X154.053 Y123.163 E.07773
G1 X153.095 Y123.429 E.07739
G1 X152.124 Y123.644 E.07741
G1 X151.143 Y123.808 E.07742
G1 X150.155 Y123.921 E.0774
G1 X149.163 Y123.982 E.07736
G1 X148.169 Y123.99 E.07737
G1 X147.171 Y123.947 E.07775
G1 X146.519 Y123.89 E.05094
G1 X145.529 Y123.759 E.07773
G1 X144.547 Y123.577 E.07774
G1 X143.909 Y123.43 E.05096
G1 X142.947 Y123.163 E.07771
G1 X142.004 Y122.848 E.07739
G1 X141.079 Y122.483 E.0774
G1 X140.173 Y122.071 E.07747
G1 X139.367 Y121.653 E.07067
G1 X138.72 Y121.282 E.05805
G1 X137.879 Y120.746 E.07763
G1 X137.07 Y120.169 E.07735
G1 X136.291 Y119.55 E.07745
G1 X135.547 Y118.891 E.07736
G1 X134.834 Y118.191 E.07777
G1 X134.388 Y117.712 E.05094
G1 X133.739 Y116.953 E.07773
G1 X133.134 Y116.164 E.07739
G1 X132.571 Y115.345 E.07736
G1 X132.051 Y114.496 E.07749
G1 X131.616 Y113.699 E.07067
G1 X131.287 Y113.03 E.05803
G1 X130.89 Y112.115 E.07764
G1 X130.541 Y111.184 E.07739
G1 X130.242 Y110.235 E.07745
G1 X129.993 Y109.272 E.07742
G1 X129.811 Y108.382 E.07071
G1 X129.692 Y107.646 E.05803
G1 X129.579 Y106.655 E.07764
G1 X129.518 Y105.663 E.07736
G1 X129.51 Y104.669 E.07737
G1 X129.553 Y103.674 E.07752
G1 X129.638 Y102.77 E.07067
G1 X129.74 Y102.032 E.05799
G1 X129.923 Y101.047 E.07798
G1 X130.07 Y100.409 E.05096
G1 X130.337 Y99.447 E.07771
G1 X130.652 Y98.504 E.07739
G1 X131.018 Y97.575 E.07772
G1 X131.284 Y96.977 E.05094
G1 X131.73 Y96.083 E.07776
G1 X132.22 Y95.218 E.07738
G1 X132.754 Y94.379 E.07741
G1 X133.331 Y93.57 E.07735
G1 X133.95 Y92.791 E.07745
G1 X134.609 Y92.047 E.07736
M73 P61 R7
G1 X135.307 Y91.337 E.0775
G1 X135.975 Y90.722 E.07068
G1 X136.545 Y90.241 E.05805
G1 X137.336 Y89.634 E.07761
G1 X138.156 Y89.07 E.07747
G1 X138.93 Y88.595 E.07069
G1 X139.581 Y88.231 E.05805
G1 X140.473 Y87.786 E.07759
G1 X141.389 Y87.388 E.07774
G1 X142 Y87.153 E.05095
G1 X142.947 Y86.837 E.07771
G1 X143.905 Y86.571 E.07739
G1 X144.876 Y86.356 E.07741
G1 X145.857 Y86.192 E.07742
G1 X146.845 Y86.079 E.0774
G1 X147.838 Y86.018 E.07744
G1 X148.472 Y86.012 E.04935
G1 X148.496 Y86.743 F12000
G1 F1281.916
G1 X148.738 Y86.74 E.01884
G1 X149.451 Y86.763 E.05553
G1 X150.409 Y86.838 E.0748
G1 X151.357 Y86.963 E.07443
G1 X152.304 Y87.139 E.07497
G1 X152.911 Y87.279 E.04849
G1 X153.839 Y87.536 E.07495
G1 X154.746 Y87.84 E.07446
G1 X155.635 Y88.19 E.07437
G1 X156.505 Y88.586 E.0744
G1 X157.354 Y89.028 E.0745
G1 X158.179 Y89.514 E.07453
G1 X158.908 Y89.995 E.06798
G1 X159.486 Y90.412 E.05548
G1 X160.238 Y91.011 E.07483
G1 X160.954 Y91.644 E.07439
G1 X161.637 Y92.315 E.07453
G1 X162.229 Y92.959 E.06809
G1 X162.689 Y93.504 E.05551
G1 X163.274 Y94.266 E.07477
G1 X163.82 Y95.06 E.075
G1 X164.15 Y95.588 E.04846
G1 X164.624 Y96.427 E.07501
G1 X165.051 Y97.282 E.07439
G1 X165.311 Y97.881 E.05083
G1 X165.547 Y98.456 E.04838
G1 X165.812 Y99.207 E.06199
G1 X166.092 Y100.121 E.07441
G1 X166.323 Y101.049 E.07444
G1 X166.505 Y101.987 E.07437
G1 X166.638 Y102.933 E.07436
G1 X166.721 Y103.886 E.07446
G1 X166.759 Y105.319 E.11158
G1 X166.717 Y106.274 E.07441
G1 X166.625 Y107.233 E.07499
G1 X166.538 Y107.849 E.04842
G1 X166.361 Y108.804 E.0756
G1 X166.221 Y109.411 E.04849
G1 X165.964 Y110.339 E.07495
G1 X165.66 Y111.246 E.07446
G1 X165.307 Y112.142 E.07496
G1 X165.054 Y112.711 E.04847
G1 X164.624 Y113.573 E.07498
G1 X164.153 Y114.405 E.07442
G1 X163.64 Y115.212 E.07443
G1 X163.084 Y115.99 E.07443
G1 X162.489 Y116.738 E.0744
G1 X161.856 Y117.454 E.07439
G1 X161.18 Y118.142 E.07508
G1 X160.725 Y118.566 E.04841
G1 X159.992 Y119.192 E.07503
G1 X159.234 Y119.774 E.07439
G1 X158.44 Y120.32 E.075
G1 X157.912 Y120.65 E.04846
G1 X157.073 Y121.124 E.07501
G1 X156.218 Y121.551 E.07439
G1 X155.334 Y121.935 E.07502
G1 X154.753 Y122.158 E.04844
G1 X153.839 Y122.464 E.07502
G1 X152.918 Y122.719 E.07438
G1 X151.985 Y122.926 E.07439
G1 X151.042 Y123.084 E.07442
G1 X150.092 Y123.192 E.07442
G1 X149.137 Y123.251 E.07448
G1 X148.181 Y123.259 E.07441
G1 X147.219 Y123.217 E.07495
G1 X146.599 Y123.163 E.04844
G1 X145.643 Y123.037 E.07506
G1 X144.696 Y122.861 E.07497
G1 X144.089 Y122.721 E.04849
G1 X143.161 Y122.464 E.07495
G1 X142.254 Y122.16 E.07446
G1 X141.365 Y121.81 E.07437
G1 X140.493 Y121.413 E.07458
G1 X139.717 Y121.011 E.06803
G1 X139.099 Y120.656 E.05547
G1 X138.288 Y120.14 E.07482
G1 X137.51 Y119.584 E.07443
G1 X136.762 Y118.989 E.0744
G1 X136.045 Y118.356 E.07445
G1 X135.358 Y117.68 E.07502
G1 X134.934 Y117.225 E.04841
G1 X134.308 Y116.492 E.07503
G1 X133.726 Y115.734 E.07439
G1 X133.184 Y114.946 E.07444
G1 X132.684 Y114.13 E.07449
G1 X132.266 Y113.362 E.06806
G1 X131.951 Y112.722 E.05552
G1 X131.568 Y111.841 E.07477
G1 X131.233 Y110.945 E.07446
G1 X130.946 Y110.034 E.07435
G1 X130.706 Y109.107 E.07453
G1 X130.53 Y108.25 E.0681
G1 X130.417 Y107.546 E.0555
G1 X130.308 Y106.592 E.07474
G1 X130.249 Y105.637 E.07448
G1 X130.241 Y104.681 E.07441
G1 X130.283 Y103.725 E.07448
G1 X130.365 Y102.854 E.0681
G1 X130.462 Y102.148 E.05547
G1 X130.639 Y101.196 E.07537
G1 X130.779 Y100.589 E.04849
G1 X131.036 Y99.661 E.07495
G1 X131.34 Y98.754 E.07446
G1 X131.693 Y97.858 E.07496
G1 X131.946 Y97.289 E.04847
G1 X132.376 Y96.427 E.07498
G1 X132.847 Y95.594 E.07449
G1 X133.36 Y94.788 E.07437
G1 X133.916 Y94.01 E.07443
G1 X134.511 Y93.262 E.0744
G1 X135.144 Y92.546 E.07439
G1 X135.815 Y91.863 E.07453
G1 X136.459 Y91.271 E.06809
G1 X137.004 Y90.811 E.05551
G1 X137.766 Y90.226 E.07477
G1 X138.555 Y89.684 E.07451
G1 X139.3 Y89.226 E.06807
G1 X139.922 Y88.878 E.05548
G1 X140.782 Y88.449 E.07481
G1 X141.666 Y88.065 E.07502
G1 X142.247 Y87.842 E.04844
G1 X143.161 Y87.536 E.07502
G1 X144.082 Y87.281 E.07438
G1 X145.015 Y87.074 E.07439
G1 X145.958 Y86.916 E.07442
G1 X146.908 Y86.808 E.07442
G1 X147.864 Y86.749 E.07455
G1 X148.466 Y86.743 E.04686
G1 X148.49 Y87.474 F12000
G1 F1281.916
G1 X148.73 Y87.472 E.01868
G1 X149.41 Y87.493 E.05295
G1 X150.332 Y87.566 E.07199
G1 X151.242 Y87.686 E.07144
G1 X152.155 Y87.855 E.07227
G1 X152.731 Y87.988 E.04601
G1 X153.625 Y88.236 E.07221
G1 X154.496 Y88.527 E.07148
G1 X155.35 Y88.863 E.07143
G1 X156.185 Y89.244 E.07144
G1 X156.999 Y89.668 E.07144
G1 X157.791 Y90.135 E.07157
G1 X158.493 Y90.597 E.06541
G1 X159.044 Y90.995 E.05291
G1 X159.768 Y91.571 E.07201
G1 X160.456 Y92.179 E.07147
G1 X161.112 Y92.824 E.07161
G1 X161.68 Y93.442 E.06533
G1 X162.119 Y93.962 E.05297
G1 X162.682 Y94.696 E.072
G1 X163.208 Y95.461 E.07226
G1 X163.521 Y95.962 E.04598
G1 X163.978 Y96.77 E.07225
G1 X164.388 Y97.591 E.07143
G1 X164.64 Y98.172 E.04929
G1 X164.864 Y98.719 E.04601
G1 X165.119 Y99.44 E.05953
G1 X165.387 Y100.317 E.07138
G1 X165.609 Y101.207 E.0714
G1 X165.784 Y102.108 E.07144
G1 X165.912 Y103.016 E.07137
G1 X165.991 Y103.93 E.07141
G1 X166.028 Y105.306 E.10714
G1 X165.987 Y106.223 E.07145
G1 X165.898 Y107.147 E.07225
G1 X165.816 Y107.732 E.04598
G1 X165.645 Y108.655 E.07307
G1 X165.512 Y109.231 E.04601
G1 X165.264 Y110.125 E.07221
G1 X164.973 Y110.996 E.07148
G1 X164.633 Y111.86 E.07227
G1 X164.393 Y112.399 E.04593
G1 X163.978 Y113.23 E.0723
G1 X163.526 Y114.029 E.07145
G1 X163.033 Y114.803 E.07143
G1 X162.5 Y115.55 E.07143
G1 X161.929 Y116.268 E.07141
G1 X161.321 Y116.956 E.07147
G1 X160.67 Y117.618 E.07227
G1 X160.238 Y118.02 E.04593
G1 X159.532 Y118.624 E.07232
G1 X158.804 Y119.182 E.0714
G1 X158.039 Y119.708 E.07226
G1 X157.538 Y120.021 E.04598
G1 X156.73 Y120.478 E.07225
G1 X155.909 Y120.888 E.07143
G1 X155.057 Y121.258 E.0723
G1 X154.506 Y121.47 E.04595
G1 X153.625 Y121.764 E.07229
G1 X152.741 Y122.009 E.0714
G1 X151.845 Y122.208 E.07144
G1 X150.94 Y122.36 E.07143
G1 X150.028 Y122.463 E.07144
G1 X149.112 Y122.519 E.07143
G1 X148.194 Y122.528 E.07146
G1 X147.266 Y122.487 E.0723
G1 X146.678 Y122.436 E.04594
G1 X145.758 Y122.314 E.07224
G1 X144.845 Y122.145 E.07227
G1 X144.269 Y122.012 E.04601
G1 X143.375 Y121.764 E.07221
G1 X142.504 Y121.473 E.07148
G1 X141.65 Y121.137 E.07143
G1 X140.813 Y120.755 E.07161
G1 X140.067 Y120.368 E.06541
G1 X139.477 Y120.03 E.05293
G1 X138.697 Y119.533 E.07199
G1 X137.95 Y119 E.07143
G1 X137.232 Y118.429 E.07141
G1 X136.544 Y117.821 E.07147
G1 X135.882 Y117.17 E.07227
G1 X135.48 Y116.738 E.04593
G1 X134.876 Y116.032 E.07232
G1 X134.318 Y115.304 E.0714
G1 X133.798 Y114.548 E.07142
G1 X133.317 Y113.763 E.07166
G1 X132.915 Y113.026 E.06534
G1 X132.615 Y112.415 E.05298
G1 X132.246 Y111.567 E.07198
G1 X131.925 Y110.707 E.07145
G1 X131.649 Y109.832 E.07142
G1 X131.419 Y108.941 E.07163
G1 X131.25 Y108.118 E.0654
G1 X131.141 Y107.447 E.05291
G1 X131.037 Y106.528 E.07199
G1 X130.981 Y105.612 E.07143
G1 X130.972 Y104.694 E.07146
G1 X131.013 Y103.775 E.0716
G1 X131.092 Y102.939 E.06536
G1 X131.184 Y102.265 E.05295
G1 X131.355 Y101.345 E.07284
G1 X131.488 Y100.769 E.04601
G1 X131.736 Y99.875 E.07221
G1 X132.027 Y99.004 E.07148
G1 X132.367 Y98.14 E.07227
G1 X132.607 Y97.601 E.04593
G1 X133.022 Y96.77 E.0723
G1 X133.474 Y95.971 E.07145
G1 X133.967 Y95.197 E.07143
G1 X134.5 Y94.45 E.07143
G1 X135.071 Y93.732 E.07141
G1 X135.679 Y93.044 E.07147
G1 X136.324 Y92.388 E.07161
G1 X136.942 Y91.82 E.06533
G1 X137.462 Y91.381 E.05297
G1 X138.196 Y90.818 E.072
G1 X138.954 Y90.297 E.07159
G1 X139.67 Y89.857 E.06541
G1 X140.264 Y89.525 E.05297
G1 X141.091 Y89.112 E.07195
G1 X141.943 Y88.742 E.0723
G1 X142.494 Y88.53 E.04595
G1 X143.375 Y88.236 E.07229
G1 X144.259 Y87.991 E.0714
G1 X145.155 Y87.792 E.07144
G1 X146.06 Y87.64 E.07143
G1 X146.972 Y87.537 E.07144
G1 X147.89 Y87.48 E.07159
G1 X148.46 Y87.474 E.04437
G1 E-8 F1500
G1 Z4.04 F3000
M73 P62 R7
G1 X131.753 Y109.394 F12000
G1 Z3.84 F3000
G1 E10 F1500
;TYPE:Bridge infill
G1 E-20 F1500
G1 Z8.84 F300.0
G1 F12000.0
T0
G1 Z3.84 F300.0
G1 E22.0 F1500
G1 F12000.0
;WIDTH:0.50956
;HEIGHT:0.501996
G1 F1471.095
G1 X133.085 Y112.331 E.21874
G1 X133.323 Y112.814 E.03652
G1 X133.715 Y113.533 E.05554
G1 X134.183 Y114.298 E.06083
G1 X134.689 Y115.034 E.06058
G1 X135.263 Y115.778 E.06374
G1 X131.673 Y107.863 E.58949
G1 X131.596 Y107.384 E.03291
G1 X131.494 Y106.488 E.06117
G1 X131.467 Y106.054 E.02949
G1 X136.486 Y117.12 E.82417
G1 X136.857 Y117.485 E.0353
G1 X137.539 Y118.087 E.0617
G1 X131.435 Y104.628 E1.00238
G1 X131.471 Y103.807 E.05574
G1 X131.506 Y103.43 E.02568
G1 X138.485 Y118.818 E1.14605
G1 X138.954 Y119.153 E.03909
G1 X139.372 Y119.419 E.03361
G1 X131.635 Y102.359 E1.27057
G1 X131.813 Y101.398 E.06629
G1 X140.215 Y119.924 E1.37976
G1 X141.021 Y120.345 E.06168
G1 X132.032 Y100.525 E1.47614
G1 X132.275 Y99.708 E.05781
G1 X141.795 Y120.698 E1.56328
G1 X142.544 Y120.996 E.05468
G1 X132.544 Y98.945 E1.64227
G1 X132.832 Y98.225 E.0526
G1 X143.272 Y121.246 E1.71452
G1 X143.982 Y121.457 E.05024
G1 X133.143 Y97.556 E1.78005
G1 X133.467 Y96.915 E.04872
G1 X144.678 Y121.636 E1.84113
G1 X145.355 Y121.773 E.04685
M73 P63 R7
G1 X133.808 Y96.313 E1.89619
G1 X134.164 Y95.742 E.04564
G1 X146.02 Y121.886 E1.9471
G1 X146.674 Y121.972 E.04474
G1 X134.531 Y95.197 E1.99411
G1 X134.908 Y94.674 E.04373
M73 P63 R6
G1 X147.314 Y122.03 E2.03737
G1 X147.941 Y122.057 E.04257
G1 X135.299 Y94.182 E2.07604
G1 X135.701 Y93.713 E.0419
G1 X148.559 Y122.065 E2.11156
G1 X149.17 Y122.056 E.04145
G1 X136.11 Y93.261 E2.14458
G1 X136.531 Y92.833 E.04072
G1 X149.767 Y122.02 E2.17373
G1 X150.357 Y121.964 E.0402
G1 X136.961 Y92.426 E2.19989
G1 X137.398 Y92.036 E.03973
M73 P64 R6
G1 X150.939 Y121.894 E2.22372
G1 X151.51 Y121.799 E.03926
G1 X137.845 Y91.666 E2.24418
G1 X138.3 Y91.316 E.03894
G1 X152.074 Y121.687 E2.26194
G1 X152.633 Y121.563 E.03884
G1 X138.764 Y90.984 E2.27745
G1 X139.233 Y90.664 E.03851
G1 X153.178 Y121.412 E2.29002
G1 X153.719 Y121.249 E.03832
G1 X139.714 Y90.368 E2.29991
G1 X140.2 Y90.086 E.03811
G1 X154.252 Y121.071 E2.30765
G1 X154.777 Y120.874 E.03803
G1 X140.695 Y89.823 E2.31257
G1 X141.196 Y89.573 E.03798
M73 P65 R6
G1 X155.293 Y120.655 E2.31491
G1 X155.715 Y120.472 E.0312
G1 X155.804 Y120.427 E.00676
G1 X141.707 Y89.345 E2.31491
G1 X142.223 Y89.126 E.03802
G1 X156.305 Y120.177 E2.31257
G1 X156.799 Y119.912 E.03802
G1 X142.748 Y88.929 E2.3075
G1 X143.281 Y88.751 E.03811
G1 X157.288 Y119.635 E2.30015
G1 X157.767 Y119.337 E.03826
G1 X143.822 Y88.588 E2.29008
G1 X144.367 Y88.437 E.03836
G1 X158.236 Y119.016 E2.27745
G1 X158.7 Y118.684 E.0387
G1 X144.926 Y88.313 E2.26194
G1 X145.489 Y88.201 E.03894
M73 P66 R6
G1 X159.155 Y118.334 E2.24421
G1 X159.601 Y117.961 E.03944
G1 X146.061 Y88.106 E2.22351
G1 X146.643 Y88.036 E.03976
G1 X160.041 Y117.577 E2.20013
G1 X160.469 Y117.167 E.0402
G1 X147.233 Y87.98 E2.17373
G1 X147.83 Y87.944 E.04057
G1 X160.89 Y116.739 E2.14458
G1 X161.299 Y116.287 E.04135
G1 X148.443 Y87.94 E2.11119
G1 X149.058 Y87.942 E.04171
G1 X161.701 Y115.818 E2.07613
G1 X162.092 Y115.326 E.04263
G1 X149.692 Y87.983 E2.0364
G1 X150.326 Y88.028 E.04311
M73 P67 R6
G1 X162.469 Y114.803 E1.99411
G1 X162.836 Y114.258 E.04457
G1 X150.98 Y88.114 E1.9471
G1 X151.645 Y88.227 E.04575
G1 X163.192 Y113.687 E1.89619
G1 X163.533 Y113.085 E.04693
G1 X152.322 Y88.364 E1.84113
G1 X153.018 Y88.543 E.04874
G1 X163.857 Y112.444 E1.78005
G1 X164.168 Y111.775 E.05004
G1 X153.728 Y88.754 E1.71452
G1 X154.456 Y89.004 E.05221
G1 X164.456 Y111.056 E1.64233
G1 X164.724 Y110.292 E.05492
G1 X155.205 Y89.302 E1.56326
G1 X155.979 Y89.655 E.0577
G1 X164.968 Y109.475 E1.47614
G1 X165.187 Y108.602 E.06105
G1 X156.784 Y90.074 E1.37991
G1 X157.626 Y90.575 E.06646
G1 X165.366 Y107.642 E1.27109
G1 X165.493 Y106.568 E.07335
M73 P68 R6
G1 X158.513 Y91.178 E1.14621
G1 X159.461 Y91.913 E.08136
G1 X165.565 Y105.372 E1.00238
G1 X165.561 Y104.404 E.06566
G1 X165.533 Y103.946 E.03112
G1 X160.514 Y92.88 E.82417
G1 X160.782 Y93.143 E.02547
G1 X161.336 Y93.746 E.05554
G1 X161.736 Y94.22 E.04207
G1 X165.322 Y102.125 E.58876
G1 X165.258 Y101.743 E.02627
G1 X165.064 Y100.87 E.06066
G1 X164.825 Y100.009 E.06061
G1 X164.538 Y99.149 E.06149
G1 X164.333 Y98.617 E.03867
G1 X164.066 Y98.001 E.04554
G1 X162.838 Y95.294 E.20162
;LAYER_CHANGE
;Z:4.16
;HEIGHT:0.32

G1 E-8 F1500
G1 Z4.16 F3000
;AFTER_LAYER_CHANGE
;4.16
G92 E0
_ON_LAYER_CHANGE LAYER=13
G1 Z4.36
G1 X148.508 Y85.343 F12000
G1 Z4.16 F3000
G1 E10 F1500
;TYPE:External perimeter
;WIDTH:0.675
G1 F1546.195
G1 X148.775 Y85.34 E.01723
G1 X149.528 Y85.364 E.04862
G1 X150.555 Y85.445 E.06648
G1 X151.576 Y85.58 E.06646
G1 X152.588 Y85.767 E.06641
G1 X153.523 Y85.991 E.06205
G1 X154.248 Y86.196 E.04862
G1 X155.225 Y86.523 E.06649
G1 X156.183 Y86.901 E.06646
G1 X157.12 Y87.328 E.06645
G1 X157.973 Y87.771 E.06203
G1 X158.626 Y88.145 E.04856
G1 X159.495 Y88.699 E.06651
G1 X160.333 Y89.297 E.06644
G1 X161.139 Y89.938 E.06646
G1 X161.91 Y90.62 E.06643
G1 X162.644 Y91.342 E.06644
G1 X163.295 Y92.05 E.06207
G1 X163.78 Y92.625 E.04854
G1 X164.407 Y93.443 E.06651
G1 X164.99 Y94.291 E.06641
G1 X165.528 Y95.169 E.06645
G1 X165.988 Y96.013 E.06203
G1 X166.32 Y96.689 E.0486
G1 X166.731 Y97.636 E.06662
G1 X166.976 Y98.274 E.0441
G1 X167.303 Y99.251 E.06649
G1 X167.578 Y100.243 E.06643
G1 X167.801 Y101.248 E.06643
G1 X167.971 Y102.264 E.06648
G1 X168.088 Y103.286 E.06638
G1 X168.15 Y104.314 E.06646
G1 X168.159 Y105.343 E.06641
G1 X168.114 Y106.372 E.06647
G1 X168.016 Y107.398 E.06651
G1 X167.921 Y108.074 E.04405
G1 X167.732 Y109.089 E.06663
G1 X167.579 Y109.755 E.0441
G1 X167.303 Y110.749 E.06657
G1 X166.977 Y111.725 E.0664
G1 X166.599 Y112.684 E.06652
G1 X166.321 Y113.308 E.04408
G1 X165.861 Y114.231 E.06655
G1 X165.354 Y115.127 E.06644
G1 X164.801 Y115.995 E.06642
G1 X164.203 Y116.833 E.06644
G1 X163.562 Y117.639 E.06646
G1 X162.88 Y118.41 E.06643
G1 X162.158 Y119.145 E.06649
G1 X161.658 Y119.611 E.04411
G1 X160.874 Y120.281 E.06655
G1 X160.057 Y120.907 E.06642
G1 X159.208 Y121.491 E.0665
G1 X158.628 Y121.853 E.04412
G1 X157.731 Y122.361 E.06652
G1 X156.81 Y122.82 E.06641
G1 X155.864 Y123.231 E.06656
G1 X155.226 Y123.476 E.0441
G1 X154.249 Y123.803 E.06649
G1 X153.257 Y124.078 E.06643
G1 X152.252 Y124.301 E.06643
G1 X151.236 Y124.471 E.06648
G1 X150.214 Y124.588 E.06638
M73 P68 R5
G1 X149.186 Y124.65 E.06646
G1 X148.155 Y124.659 E.06654
G1 X147.472 Y124.636 E.0441
G1 X146.445 Y124.555 E.06648
G1 X145.424 Y124.42 E.06646
G1 X144.411 Y124.232 E.06649
G1 X143.745 Y124.079 E.0441
G1 X142.751 Y123.803 E.06657
G1 X141.775 Y123.477 E.0664
G1 X140.817 Y123.099 E.06646
G1 X139.881 Y122.672 E.06639
G1 X138.966 Y122.196 E.06656
G1 X138.374 Y121.855 E.04409
G1 X137.505 Y121.301 E.06651
G1 X136.667 Y120.703 E.06644
G1 X135.861 Y120.062 E.06646
G1 X135.09 Y119.38 E.06643
G1 X134.355 Y118.658 E.06649
G1 X133.889 Y118.158 E.04411
G1 X133.219 Y117.374 E.06655
G1 X132.593 Y116.557 E.06642
G1 X132.009 Y115.708 E.0665
G1 X131.647 Y115.128 E.04412
G1 X131.139 Y114.231 E.06652
G1 X130.68 Y113.31 E.06641
G1 X130.269 Y112.364 E.06656
G1 X130.024 Y111.726 E.0441
G1 X129.697 Y110.749 E.06649
G1 X129.422 Y109.757 E.06643
G1 X129.199 Y108.752 E.06643
G1 X129.029 Y107.736 E.06648
G1 X128.912 Y106.714 E.06638
G1 X128.85 Y105.686 E.06646
G1 X128.841 Y104.657 E.06641
G1 X128.886 Y103.628 E.06647
G1 X128.976 Y102.671 E.06203
G1 X129.079 Y101.925 E.0486
G1 X129.268 Y100.911 E.06656
G1 X129.421 Y100.245 E.0441
G1 X129.697 Y99.251 E.06657
G1 X130.023 Y98.275 E.0664
G1 X130.401 Y97.317 E.06646
G1 X130.828 Y96.381 E.06639
G1 X131.303 Y95.468 E.06642
G1 X131.825 Y94.58 E.06647
G1 X132.355 Y93.778 E.06204
G1 X132.796 Y93.168 E.04857
G1 X133.438 Y92.361 E.06655
G1 X134.12 Y91.59 E.06643
G1 X134.842 Y90.856 E.06644
G1 X135.55 Y90.205 E.06207
G1 X136.125 Y89.72 E.04854
G1 X136.943 Y89.093 E.06651
G1 X137.791 Y88.51 E.06641
G1 X138.669 Y87.972 E.06645
G1 X139.513 Y87.512 E.06203
G1 X140.189 Y87.18 E.0486
G1 X141.136 Y86.769 E.06662
G1 X141.774 Y86.524 E.0441
G1 X142.751 Y86.197 E.06649
G1 X143.743 Y85.922 E.06643
G1 X144.748 Y85.699 E.06643
G1 X145.764 Y85.529 E.06648
G1 X146.786 Y85.412 E.06638
G1 X147.814 Y85.35 E.06646
G1 X148.478 Y85.343 E.04285
G1 X149.078 Y85.35 F12000
G1 X148.502 Y86.012
;TYPE:Perimeter
G1 E-20 F1500
G1 Z9.16 F300.0
G1 F12000.0
T1
G1 Z4.16 F300.0
G1 E40.0 F1500
G1 F12000.0
;WIDTH:0.8
G1 F1281.916
G1 X148.768 Y86.009 E.02071
G1 X149.491 Y86.032 E.0563
G1 X150.485 Y86.111 E.07761
G1 X151.471 Y86.241 E.07741
G1 X152.45 Y86.422 E.07749
G1 X153.354 Y86.638 E.07235
G1 X154.05 Y86.836 E.05632
G1 X154.996 Y87.152 E.07763
G1 X155.921 Y87.517 E.0774
G1 X156.827 Y87.929 E.07747
G1 X157.652 Y88.358 E.07238
G1 X158.28 Y88.718 E.05634
G1 X159.121 Y89.254 E.07763
G1 X159.93 Y89.831 E.07735
G1 X160.709 Y90.45 E.07745
G1 X161.453 Y91.109 E.07736
G1 X162.163 Y91.807 E.0775
G1 X162.792 Y92.492 E.07239
G1 X163.259 Y93.045 E.05634
G1 X163.866 Y93.836 E.07761
G1 X164.429 Y94.655 E.07736
G1 X164.949 Y95.504 E.07749
G1 X165.394 Y96.321 E.07241
G1 X165.713 Y96.97 E.05629
G1 X166.112 Y97.889 E.07798
G1 X166.506 Y98.975 E.08992
G1 X166.796 Y99.926 E.07739
G1 X167.037 Y100.89 E.07734
G1 X167.226 Y101.866 E.07738
G1 X167.365 Y102.851 E.07743
G1 X167.451 Y103.841 E.07735
G1 X167.49 Y105.331 E.11602
G1 X167.447 Y106.325 E.07744
G1 X167.351 Y107.319 E.07773
G1 X167.26 Y107.967 E.05093
G1 X167.077 Y108.953 E.07806
G1 X166.93 Y109.591 E.05096
G1 X166.663 Y110.553 E.07771
G1 X166.348 Y111.496 E.07739
G1 X165.982 Y112.425 E.07772
G1 X165.716 Y113.023 E.05094
G1 X165.27 Y113.917 E.07776
G1 X164.78 Y114.782 E.07738
G1 X164.246 Y115.621 E.07741
G1 X163.669 Y116.43 E.07735
G1 X163.05 Y117.209 E.07745
G1 X162.391 Y117.953 E.07736
G1 X161.691 Y118.666 E.07777
G1 X161.212 Y119.112 E.05094
G1 X160.453 Y119.761 E.07773
G1 X159.664 Y120.366 E.07739
G1 X158.841 Y120.932 E.07775
G1 X158.286 Y121.278 E.05091
G1 X157.417 Y121.77 E.07773
M73 P69 R5
G1 X156.527 Y122.214 E.07742
G1 X155.611 Y122.612 E.07774
G1 X155 Y122.846 E.05093
G1 X154.053 Y123.163 E.07773
G1 X153.095 Y123.429 E.07739
G1 X152.124 Y123.644 E.07741
G1 X151.143 Y123.808 E.07742
G1 X150.155 Y123.921 E.0774
G1 X149.163 Y123.982 E.07736
G1 X148.164 Y123.99 E.07776
G1 X147.51 Y123.968 E.05093
G1 X146.515 Y123.889 E.07769
G1 X145.529 Y123.759 E.07741
G1 X144.547 Y123.577 E.07774
G1 X143.909 Y123.43 E.05096
G1 X142.947 Y123.163 E.07771
G1 X142.004 Y122.848 E.07739
G1 X141.079 Y122.483 E.0774
G1 X140.174 Y122.071 E.0774
G1 X139.288 Y121.61 E.07774
G1 X138.721 Y121.283 E.05095
G1 X137.879 Y120.746 E.07773
G1 X137.07 Y120.169 E.07735
G1 X136.291 Y119.55 E.07745
G1 X135.547 Y118.891 E.07736
G1 X134.834 Y118.191 E.07777
G1 X134.388 Y117.712 E.05094
G1 X133.739 Y116.953 E.07773
G1 X133.134 Y116.164 E.07739
G1 X132.568 Y115.341 E.07775
G1 X132.222 Y114.786 E.05091
G1 X131.73 Y113.917 E.07773
G1 X131.286 Y113.027 E.07742
G1 X130.888 Y112.111 E.07774
G1 X130.654 Y111.5 E.05093
G1 X130.337 Y110.553 E.07773
G1 X130.071 Y109.595 E.07739
G1 X129.856 Y108.624 E.07741
G1 X129.692 Y107.643 E.07742
G1 X129.579 Y106.655 E.0774
G1 X129.518 Y105.663 E.07736
G1 X129.51 Y104.669 E.07737
G1 X129.553 Y103.674 E.07752
G1 X129.641 Y102.748 E.0724
G1 X129.74 Y102.032 E.05626
G1 X129.923 Y101.047 E.07798
G1 X130.07 Y100.409 E.05096
G1 X130.337 Y99.447 E.07771
G1 X130.652 Y98.504 E.07739
G1 X131.017 Y97.579 E.0774
G1 X131.429 Y96.674 E.0774
G1 X131.888 Y95.792 E.07739
G1 X132.393 Y94.935 E.07743
G1 X132.905 Y94.158 E.07243
G1 X133.329 Y93.572 E.0563
G1 X133.95 Y92.791 E.07767
G1 X134.609 Y92.047 E.07736
G1 X135.307 Y91.337 E.0775
G1 X135.992 Y90.708 E.07239
G1 X136.545 Y90.241 E.05634
G1 X137.336 Y89.634 E.07761
G1 X138.155 Y89.071 E.07736
G1 X139.004 Y88.551 E.07749
G1 X139.821 Y88.106 E.07241
G1 X140.47 Y87.787 E.05629
G1 X141.389 Y87.388 E.07798
G1 X142 Y87.153 E.05095
G1 X142.947 Y86.837 E.07771
G1 X143.905 Y86.571 E.07739
G1 X144.876 Y86.356 E.07741
G1 X145.857 Y86.192 E.07742
G1 X146.845 Y86.079 E.0774
G1 X147.838 Y86.018 E.07744
G1 X148.472 Y86.012 E.04935
G1 X148.496 Y86.743 F12000
G1 F1281.916
G1 X148.76 Y86.74 E.02055
G1 X149.45 Y86.763 E.05374
G1 X150.409 Y86.838 E.07487
G1 X151.357 Y86.963 E.07443
G1 X152.298 Y87.138 E.0745
G1 X153.169 Y87.346 E.0697
G1 X153.834 Y87.534 E.05379
G1 X154.746 Y87.84 E.07488
G1 X155.635 Y88.19 E.07437
G1 X156.506 Y88.587 E.07451
G1 X157.302 Y89 E.0698
G1 X157.901 Y89.344 E.05377
G1 X158.712 Y89.86 E.07482
G1 X159.49 Y90.416 E.07443
G1 X160.238 Y91.011 E.0744
G1 X160.954 Y91.644 E.07439
G1 X161.637 Y92.315 E.07453
G1 X162.243 Y92.975 E.06974
G1 X162.689 Y93.503 E.0538
G1 X163.274 Y94.266 E.07484
G1 X163.816 Y95.054 E.07444
G1 X164.316 Y95.87 E.07449
G1 X164.744 Y96.657 E.06973
G1 X165.049 Y97.277 E.05378
G1 X165.311 Y97.881 E.05125
G1 X165.547 Y98.456 E.04838
G1 X165.812 Y99.207 E.06199
G1 X166.092 Y100.121 E.07441
G1 X166.323 Y101.049 E.07444
G1 X166.505 Y101.987 E.07437
G1 X166.638 Y102.933 E.07436
G1 X166.721 Y103.886 E.07446
G1 X166.759 Y105.319 E.11158
G1 X166.717 Y106.274 E.07441
G1 X166.625 Y107.233 E.07499
G1 X166.538 Y107.849 E.04842
G1 X166.361 Y108.804 E.0756
G1 X166.221 Y109.411 E.04849
G1 X165.964 Y110.339 E.07495
G1 X165.66 Y111.246 E.07446
G1 X165.307 Y112.142 E.07496
G1 X165.054 Y112.711 E.04847
G1 X164.624 Y113.573 E.07498
G1 X164.153 Y114.405 E.07442
G1 X163.64 Y115.212 E.07443
G1 X163.084 Y115.99 E.07443
G1 X162.489 Y116.738 E.0744
G1 X161.856 Y117.454 E.07439
G1 X161.18 Y118.142 E.07508
G1 X160.725 Y118.566 E.04841
G1 X159.992 Y119.192 E.07503
G1 X159.234 Y119.774 E.07439
G1 X158.44 Y120.32 E.075
G1 X157.912 Y120.65 E.04846
G1 X157.073 Y121.124 E.07501
G1 X156.218 Y121.551 E.07439
G1 X155.334 Y121.935 E.07502
G1 X154.753 Y122.158 E.04844
G1 X153.839 Y122.464 E.07502
G1 X152.918 Y122.719 E.07438
G1 X151.985 Y122.926 E.07439
G1 X151.042 Y123.084 E.07442
G1 X150.092 Y123.192 E.07442
G1 X149.137 Y123.251 E.07448
G1 X148.174 Y123.259 E.07496
G1 X147.552 Y123.237 E.04844
G1 X146.591 Y123.162 E.07503
G1 X145.643 Y123.037 E.07443
G1 X144.696 Y122.861 E.07497
G1 X144.089 Y122.721 E.04849
G1 X143.161 Y122.464 E.07495
G1 X142.254 Y122.16 E.07446
G1 X141.365 Y121.81 E.07437
G1 X140.495 Y121.414 E.0744
G1 X139.64 Y120.969 E.07502
G1 X139.101 Y120.657 E.04848
G1 X138.288 Y120.14 E.07499
G1 X137.51 Y119.584 E.07443
G1 X136.762 Y118.989 E.0744
G1 X136.046 Y118.356 E.07439
G1 X135.358 Y117.68 E.07508
G1 X134.934 Y117.225 E.04841
G1 X134.308 Y116.492 E.07503
G1 X133.726 Y115.734 E.07439
G1 X133.18 Y114.94 E.075
G1 X132.85 Y114.412 E.04846
G1 X132.376 Y113.573 E.07501
G1 X131.949 Y112.718 E.07439
G1 X131.565 Y111.834 E.07502
G1 X131.342 Y111.253 E.04844
G1 X131.036 Y110.339 E.07502
G1 X130.781 Y109.418 E.07438
G1 X130.574 Y108.485 E.07439
G1 X130.416 Y107.542 E.07442
G1 X130.308 Y106.592 E.07442
G1 X130.249 Y105.637 E.07448
G1 X130.241 Y104.681 E.07441
G1 X130.283 Y103.725 E.07448
G1 X130.368 Y102.833 E.06975
G1 X130.462 Y102.149 E.05374
G1 X130.639 Y101.196 E.07545
G1 X130.779 Y100.589 E.04849
G1 X131.036 Y99.661 E.07495
G1 X131.34 Y98.754 E.07446
G1 X131.69 Y97.865 E.07437
G1 X132.086 Y96.995 E.0744
G1 X132.528 Y96.147 E.07443
G1 X133.014 Y95.322 E.07453
G1 X133.507 Y94.574 E.06973
G1 X133.912 Y94.014 E.05379
G1 X134.511 Y93.262 E.07483
G1 X135.144 Y92.546 E.07439
G1 X135.815 Y91.863 E.07453
G1 X136.475 Y91.257 E.06974
G1 X137.003 Y90.811 E.0538
G1 X137.766 Y90.226 E.07484
G1 X138.554 Y89.684 E.07444
G1 X139.37 Y89.184 E.07449
G1 X140.157 Y88.756 E.06973
G1 X140.777 Y88.451 E.05378
G1 X141.666 Y88.065 E.07544
G1 X142.247 Y87.842 E.04844
G1 X143.161 Y87.536 E.07502
G1 X144.082 Y87.281 E.07438
G1 X145.015 Y87.074 E.07439
G1 X145.958 Y86.916 E.07442
G1 X146.908 Y86.808 E.07442
G1 X147.864 Y86.749 E.07455
G1 X148.466 Y86.743 E.04686
G1 X148.49 Y87.474 F12000
G1 F1281.916
G1 X148.751 Y87.472 E.02032
G1 X149.41 Y87.493 E.05132
G1 X150.332 Y87.566 E.07199
G1 X151.242 Y87.686 E.07144
G1 X152.146 Y87.853 E.07156
G1 X152.984 Y88.053 E.06706
G1 X153.618 Y88.233 E.0513
G1 X154.496 Y88.527 E.07207
G1 X155.35 Y88.863 E.07143
G1 X156.186 Y89.245 E.07154
G1 X156.951 Y89.642 E.06709
G1 X157.522 Y89.97 E.05126
G1 X158.303 Y90.467 E.07206
G1 X159.05 Y91 E.07143
G1 X159.768 Y91.571 E.07141
G1 X160.456 Y92.179 E.07147
G1 X161.111 Y92.824 E.07155
G1 X161.694 Y93.458 E.06704
G1 X162.119 Y93.962 E.05132
G1 X162.682 Y94.696 E.072
G1 X163.202 Y95.452 E.07142
G1 X163.682 Y96.236 E.07155
G1 X164.094 Y96.993 E.06708
G1 X164.385 Y97.584 E.05128
G1 X164.64 Y98.172 E.04989
G1 X164.864 Y98.719 E.04601
G1 X165.119 Y99.44 E.05953
G1 X165.387 Y100.317 E.07138
G1 X165.609 Y101.207 E.0714
G1 X165.784 Y102.108 E.07144
G1 X165.912 Y103.016 E.07137
G1 X165.991 Y103.93 E.07141
G1 X166.028 Y105.306 E.10714
G1 X165.987 Y106.223 E.07145
G1 X165.898 Y107.147 E.07225
G1 X165.816 Y107.732 E.04598
G1 X165.645 Y108.655 E.07307
G1 X165.512 Y109.231 E.04601
G1 X165.264 Y110.125 E.07221
G1 X164.973 Y110.996 E.07148
G1 X164.633 Y111.86 E.07227
G1 X164.393 Y112.399 E.04593
G1 X163.978 Y113.23 E.0723
G1 X163.526 Y114.029 E.07145
G1 X163.033 Y114.803 E.07143
G1 X162.5 Y115.55 E.07143
G1 X161.929 Y116.268 E.07141
G1 X161.321 Y116.956 E.07147
G1 X160.67 Y117.618 E.07227
G1 X160.238 Y118.02 E.04593
G1 X159.532 Y118.624 E.07232
G1 X158.804 Y119.182 E.0714
G1 X158.039 Y119.708 E.07226
G1 X157.538 Y120.021 E.04598
G1 X156.73 Y120.478 E.07225
G1 X155.909 Y120.888 E.07143
G1 X155.057 Y121.258 E.0723
G1 X154.506 Y121.47 E.04595
G1 X153.625 Y121.764 E.07229
G1 X152.741 Y122.009 E.0714
G1 X151.845 Y122.208 E.07144
G1 X150.94 Y122.36 E.07143
G1 X150.028 Y122.463 E.07144
G1 X149.112 Y122.519 E.07143
G1 X148.183 Y122.528 E.07231
G1 X147.593 Y122.507 E.04595
G1 X146.668 Y122.434 E.07222
G1 X145.758 Y122.314 E.07144
M73 P70 R5
G1 X144.845 Y122.145 E.07227
G1 X144.269 Y122.012 E.04601
G1 X143.375 Y121.764 E.07221
G1 X142.504 Y121.473 E.07148
G1 X141.65 Y121.137 E.07143
G1 X140.815 Y120.756 E.07144
G1 X139.992 Y120.327 E.07224
G1 X139.48 Y120.032 E.04599
G1 X138.697 Y119.533 E.07227
G1 X137.95 Y119 E.07143
G1 X137.232 Y118.429 E.07141
G1 X136.544 Y117.821 E.07147
G1 X135.882 Y117.17 E.07227
G1 X135.48 Y116.738 E.04593
G1 X134.876 Y116.032 E.07232
G1 X134.318 Y115.304 E.0714
G1 X133.792 Y114.539 E.07226
G1 X133.479 Y114.038 E.04598
G1 X133.022 Y113.23 E.07225
G1 X132.612 Y112.409 E.07143
G1 X132.242 Y111.557 E.0723
G1 X132.03 Y111.006 E.04595
G1 X131.736 Y110.125 E.07229
G1 X131.491 Y109.241 E.0714
G1 X131.292 Y108.345 E.07144
G1 X131.14 Y107.44 E.07143
G1 X131.037 Y106.528 E.07144
G1 X130.981 Y105.612 E.07143
G1 X130.972 Y104.694 E.07146
G1 X131.013 Y103.776 E.07153
G1 X131.094 Y102.918 E.06708
G1 X131.184 Y102.265 E.05131
G1 X131.355 Y101.345 E.07284
G1 X131.488 Y100.769 E.04601
G1 X131.736 Y99.875 E.07221
G1 X132.027 Y99.004 E.07148
G1 X132.363 Y98.15 E.07143
G1 X132.744 Y97.315 E.07144
G1 X133.168 Y96.501 E.07144
G1 X133.634 Y95.709 E.07153
G1 X134.109 Y94.99 E.06707
G1 X134.495 Y94.456 E.05129
G1 X135.071 Y93.732 E.07201
G1 X135.679 Y93.044 E.07147
G1 X136.324 Y92.389 E.07155
G1 X136.958 Y91.806 E.06704
G1 X137.462 Y91.381 E.05132
G1 X138.196 Y90.818 E.072
G1 X138.952 Y90.298 E.07142
G1 X139.736 Y89.818 E.07155
G1 X140.493 Y89.406 E.06708
G1 X141.084 Y89.115 E.05128
G1 X141.943 Y88.742 E.07289
G1 X142.494 Y88.53 E.04595
G1 X143.375 Y88.236 E.07229
G1 X144.259 Y87.991 E.0714
G1 X145.155 Y87.792 E.07144
G1 X146.06 Y87.64 E.07143
G1 X146.972 Y87.537 E.07144
G1 X147.89 Y87.48 E.07159
G1 X148.46 Y87.475 E.04437
G1 E-8 F1500
G1 Z4.36 F3000
G1 X135.722 Y116.522 F12000
G1 Z4.16 F3000
G1 E10 F1500
;TYPE:Solid infill
G1 E-20 F1500
G1 Z9.16 F300.0
G1 F12000.0
T0
G1 Z4.16 F300.0
G1 E22.0 F1500
G1 F12000.0
;WIDTH:0.578673
G1 F1838.235
G1 X136.77 Y117.579 E.0808
G1 X135.932 Y116.74 E.06437
G1 E-8 F1500
G1 Z4.36 F3000
G1 X134.047 Y114.095 F12000
G1 Z4.16 F3000
G1 E10 F1500
G1 F1838.235
G1 X134.002 Y114.14 E.00345
G1 X134.019 Y114.202 E.00349
G1 X134.08 Y114.218 E.00342
G1 X134.126 Y114.173 E.00349
G1 X134.109 Y114.111 E.00349
;WIDTH:0.626836
G1 F1679.615
G1 X134.261 Y114.348 E.01673
;WIDTH:0.675
G1 F1546.195
G1 X134.413 Y114.585 E.01817
G1 X138.932 Y119.104 E.41242
G1 X139.169 Y119.254 E.0181
;WIDTH:0.626836
G1 F1679.615
G1 X139.406 Y119.404 E.01666
;WIDTH:0.578673
G1 F1838.235
G1 X139.422 Y119.466 E.00348
G1 X139.377 Y119.511 E.00345
G1 X139.316 Y119.494 E.00344
G1 X139.299 Y119.433 E.00344
G1 X139.344 Y119.388 E.00345
G1 E-8 F1500
G1 Z4.36 F3000
G1 X141.392 Y120.531 F12000
G1 Z4.16 F3000
G1 E10 F1500
G1 F1838.235
G1 X141.346 Y120.576 E.00349
G1 X141.363 Y120.638 E.00349
G1 X141.425 Y120.654 E.00348
G1 X141.47 Y120.609 E.00345
G1 X141.453 Y120.548 E.00344
;WIDTH:0.626836
G1 F1679.615
G1 X141.216 Y120.421 E.01597
;WIDTH:0.675
G1 F1546.195
G1 X140.979 Y120.293 E.01738
G1 X133.216 Y112.53 E.70848
G1 E-8 F1500
G1 Z4.36 F3000
G1 X132.265 Y110.521 F12000
G1 Z4.16 F3000
G1 E10 F1500
;WIDTH:0.578673
G1 F1838.235
G1 X132.22 Y110.566 E.00345
G1 X132.236 Y110.628 E.00348
G1 X132.298 Y110.644 E.00348
G1 X132.343 Y110.599 E.00345
G1 X132.327 Y110.538 E.00342
;WIDTH:0.626836
G1 F1679.615
G1 X132.439 Y110.773 E.01547
;WIDTH:0.675
G1 F1546.195
G1 X132.552 Y111.009 E.01689
G1 X142.487 Y120.944 E.9067
G1 X142.724 Y121.057 E.01694
;WIDTH:0.626836
G1 F1679.615
G1 X142.961 Y121.17 E.0156
;WIDTH:0.578673
G1 F1838.235
G1 X142.977 Y121.232 E.00348
G1 X142.932 Y121.277 E.00345
G1 X142.871 Y121.26 E.00344
G1 X142.854 Y121.199 E.00344
G1 X142.899 Y121.154 E.00345
G1 E-8 F1500
G1 Z4.36 F3000
G1 X144.803 Y121.871 F12000
G1 Z4.16 F3000
G1 E10 F1500
G1 F1838.235
G1 X144.008 Y121.67 E.04451
;WIDTH:0.626836
G1 F1679.615
G1 X143.889 Y121.52 E.01137
;WIDTH:0.675
G1 F1546.195
G1 X143.77 Y121.37 E.01236
G1 X132.13 Y109.73 E1.0623
G1 X131.843 Y108.585 E.07618
G1 X144.923 Y121.664 E1.19368
G1 X145.967 Y121.852 E.06846
G1 X131.649 Y107.533 E1.30675
G1 X131.529 Y106.556 E.06352
M73 P71 R5
G1 X146.941 Y121.968 E1.40655
G1 X147.861 Y122.03 E.0595
G1 X131.469 Y105.638 E1.49599
G1 X131.459 Y104.771 E.05595
G1 X148.725 Y122.037 E1.57575
G1 X149.551 Y122.006 E.05334
G1 X131.492 Y103.946 E1.64817
G1 X131.56 Y103.157 E.05111
G1 X150.342 Y121.939 E1.71411
G1 X151.1 Y121.84 E.04933
G1 X131.657 Y102.396 E1.77448
G1 X131.789 Y101.671 E.04756
G1 X151.831 Y121.713 E1.8291
G1 X152.533 Y121.558 E.04639
G1 X131.941 Y100.966 E1.87929
G1 X132.125 Y100.292 E.04509
G1 X153.208 Y121.375 E1.9241
G1 X153.863 Y121.172 E.04425
G1 X132.328 Y99.637 E1.96535
G1 X132.55 Y99.002 E.04341
G1 X154.499 Y120.951 E2.00314
G1 X155.11 Y120.705 E.04251
M73 P72 R5
G1 X132.793 Y98.387 E2.03677
G1 X133.059 Y97.796 E.04182
G1 X155.708 Y120.445 E2.06702
G1 X156.28 Y120.16 E.04124
G1 X133.341 Y97.221 E2.09349
G1 X133.638 Y96.66 E.04096
G1 X156.837 Y119.859 E2.11722
G1 X157.381 Y119.546 E.0405
G1 X133.956 Y96.121 E2.13784
G1 X134.29 Y95.598 E.04005
G1 X157.904 Y119.211 E2.15504
G1 X158.412 Y118.862 E.03977
G1 X134.638 Y95.088 E2.16969
G1 X135.004 Y94.597 E.03952
G1 X158.902 Y118.494 E2.18096
G1 X159.38 Y118.115 E.03937
M73 P73 R5
G1 X135.384 Y94.119 E2.18995
G1 X135.783 Y93.66 E.03925
G1 X159.842 Y117.72 E2.19575
G1 X160.289 Y117.309 E.03919
G1 X136.194 Y93.214 E2.19899
G1 X136.619 Y92.781 E.03915
G1 X160.716 Y116.878 E2.19917
G1 X161.131 Y116.436 E.03913
G1 X137.064 Y92.369 E2.19643
G1 X137.52 Y91.968 E.03919
G1 X161.534 Y115.981 E2.19155
G1 X161.915 Y115.505 E.03935
G1 X137.995 Y91.585 E2.18302
G1 X138.48 Y91.212 E.03948
M73 P73 R4
G1 X162.284 Y115.016 E2.17243
G1 X162.64 Y114.515 E.03966
G1 X138.988 Y90.863 E2.15856
G1 X139.509 Y90.527 E.04001
M73 P74 R4
G1 X162.974 Y113.991 E2.14145
G1 X163.293 Y113.453 E.04036
G1 X140.044 Y90.204 E2.12178
G1 X140.599 Y89.901 E.04081
G1 X163.599 Y112.901 E2.09905
G1 X163.884 Y112.329 E.04124
G1 X141.17 Y89.615 E2.07295
G1 X141.763 Y89.35 E.04192
G1 X164.153 Y111.741 E2.04343
G1 X164.398 Y111.128 E.0426
G1 X142.369 Y89.099 E2.01044
G1 X143.001 Y88.873 E.04331
G1 X164.627 Y110.499 E1.97366
G1 X164.836 Y109.851 E.04394
G1 X143.649 Y88.664 E1.93359
G1 X144.32 Y88.478 E.04493
G1 X165.022 Y109.18 E1.88933
G1 X165.183 Y108.483 E.04616
M73 P75 R4
G1 X145.02 Y88.32 E1.84014
G1 X145.743 Y88.186 E.04745
G1 X165.317 Y107.76 E1.78639
G1 X165.424 Y107.009 E.04895
G1 X146.495 Y88.08 E1.72752
G1 X147.277 Y88.005 E.0507
G1 X165.499 Y106.227 E1.663
G1 X165.537 Y105.407 E.05297
G1 X148.096 Y87.967 E1.59168
G1 X148.955 Y87.968 E.05543
G1 X165.535 Y104.548 E1.51314
G1 X165.487 Y103.642 E.05855
G1 X149.867 Y88.022 E1.42553
G1 X150.823 Y88.121 E.06202
G1 X165.384 Y102.682 E1.32888
G1 X165.209 Y101.649 E.06761
G1 X151.853 Y88.293 E1.21891
G1 X152.972 Y88.555 E.07417
G1 X164.939 Y100.522 E1.09215
G1 X164.801 Y99.644 E.05736
;WIDTH:0.578673
G1 F1838.235
G1 X164.756 Y99.69 E.00349
G1 X164.772 Y99.751 E.00342
G1 X164.834 Y99.768 E.00349
G1 X164.879 Y99.723 E.00345
G1 X164.862 Y99.661 E.00349
;WIDTH:0.626836
G1 F1679.615
G1 X164.707 Y99.469 E.01466
;WIDTH:0.675
G1 F1546.195
G1 X164.552 Y99.277 E.01592
G1 X154.223 Y88.948 E.94266
G1 X154.031 Y88.795 E.01584
;WIDTH:0.626836
G1 F1679.615
G1 X153.839 Y88.641 E.01462
;WIDTH:0.578673
G1 F1838.235
G1 X153.856 Y88.703 E.00349
G1 X153.81 Y88.748 E.00349
G1 X153.749 Y88.731 E.00344
G1 X153.732 Y88.67 E.00344
G1 X153.777 Y88.625 E.00345
G1 E-8 F1500
M73 P76 R4
G1 Z4.36 F3000
G1 X155.235 Y89.189 F12000
G1 Z4.16 F3000
G1 E10 F1500
G1 F1838.235
G1 X155.19 Y89.234 E.00345
G1 X155.206 Y89.296 E.00348
G1 X155.268 Y89.312 E.00348
G1 X155.313 Y89.267 E.00345
G1 X155.296 Y89.206 E.00344
;WIDTH:0.626836
G1 F1679.615
G1 X155.488 Y89.377 E.01527
;WIDTH:0.675
G1 F1546.195
G1 X155.68 Y89.548 E.01659
G1 X163.961 Y97.829 E.75575
G1 X164.099 Y98.013 E.01484
;WIDTH:0.626836
G1 F1679.615
G1 X164.237 Y98.196 E.01362
;WIDTH:0.578673
G1 F1838.235
G1 X164.191 Y98.241 E.00349
G1 X164.208 Y98.303 E.00349
G1 X164.27 Y98.319 E.00348
G1 X164.315 Y98.274 E.00345
G1 X164.298 Y98.213 E.00344
G1 E-8 F1500
G1 Z4.36 F3000
G1 X163.309 Y96.327 F12000
G1 Z4.16 F3000
G1 E10 F1500
G1 F1838.235
G1 X163.326 Y96.389 E.00349
G1 X163.281 Y96.434 E.00345
G1 X163.219 Y96.417 E.00349
G1 X163.203 Y96.356 E.00342
G1 X163.248 Y96.311 E.00345
;WIDTH:0.626836
G1 F1679.615
G1 X163.09 Y96.127 E.01441
;WIDTH:0.675
G1 F1546.195
G1 X162.933 Y95.944 E.01556
G1 X157.366 Y90.378 E.50802
;WIDTH:0.626836
G1 F1679.615
G1 X157.175 Y90.187 E.01605
;WIDTH:0.578673
G1 F1838.235
G1 X157.191 Y90.249 E.00348
G1 X157.146 Y90.294 E.00345
G1 X157.084 Y90.278 E.00348
G1 X157.068 Y90.216 E.00348
G1 X157.113 Y90.171 E.00345
G1 E-8 F1500
G1 Z4.36 F3000
G1 X158.86 Y91.253 F12000
G1 Z4.16 F3000
G1 E10 F1500
G1 F1838.235
G1 X159.532 Y91.853 E.0489
G1 X160.825 Y93.101 E.09754
G1 X161.843 Y94.183 E.08064
G1 X162.444 Y94.869 E.04951
;LAYER_CHANGE
;Z:4.48
;HEIGHT:0.32

G1 E-8 F1500
G1 Z4.48 F3000
;AFTER_LAYER_CHANGE
;4.48
G92 E0
_ON_LAYER_CHANGE LAYER=14
G1 Z4.68
G1 X148.508 Y85.343 F12000
G1 Z4.48 F3000
G1 E10 F1500
;TYPE:External perimeter
;WIDTH:0.675
G1 F1546.195
G1 X148.798 Y85.34 E.01872
G1 X149.528 Y85.364 E.04713
G1 X150.555 Y85.445 E.06648
G1 X151.576 Y85.58 E.06646
G1 X152.589 Y85.768 E.06649
G1 X153.255 Y85.921 E.0441
G1 X154.249 Y86.197 E.06657
G1 X155.225 Y86.523 E.0664
G1 X156.183 Y86.901 E.06646
G1 X157.119 Y87.328 E.06639
G1 X158.033 Y87.803 E.06647
G1 X158.92 Y88.325 E.06642
G1 X159.74 Y88.868 E.06347
G1 X160.332 Y89.296 E.04714
G1 X161.139 Y89.938 E.06655
G1 X161.91 Y90.62 E.06643
G1 X162.644 Y91.342 E.06644
G1 X163.309 Y92.066 E.06344
G1 X163.78 Y92.625 E.04717
G1 X164.407 Y93.443 E.06651
G1 X164.991 Y94.292 E.0665
G1 X165.353 Y94.872 E.04412
G1 X165.861 Y95.769 E.06652
G1 X166.32 Y96.69 E.06641
G1 X166.731 Y97.636 E.06656
G1 X166.976 Y98.274 E.0441
G1 X167.303 Y99.251 E.06649
G1 X167.578 Y100.243 E.06643
G1 X167.801 Y101.248 E.06643
G1 X167.971 Y102.264 E.06648
G1 X168.088 Y103.286 E.06638
G1 X168.15 Y104.314 E.06646
G1 X168.159 Y105.343 E.06641
G1 X168.114 Y106.372 E.06647
G1 X168.016 Y107.398 E.06651
G1 X167.921 Y108.074 E.04405
G1 X167.732 Y109.089 E.06663
G1 X167.579 Y109.755 E.0441
G1 X167.303 Y110.749 E.06657
G1 X166.977 Y111.725 E.0664
G1 X166.599 Y112.683 E.06646
G1 X166.172 Y113.621 E.06651
G1 X165.862 Y114.23 E.0441
G1 X165.354 Y115.127 E.06652
G1 X164.801 Y115.995 E.06642
G1 X164.203 Y116.833 E.06644
G1 X163.562 Y117.639 E.06646
G1 X162.88 Y118.41 E.06643
G1 X162.159 Y119.144 E.0664
G1 X161.4 Y119.839 E.06641
G1 X160.605 Y120.494 E.06647
G1 X159.777 Y121.107 E.06648
G1 X159.21 Y121.489 E.04412
G1 X158.33 Y122.029 E.06663
G1 X157.732 Y122.36 E.04411
G1 X156.81 Y122.82 E.06649
G1 X155.864 Y123.231 E.06656
G1 X155.226 Y123.476 E.0441
G1 X154.249 Y123.803 E.06649
G1 X153.257 Y124.078 E.06643
G1 X152.252 Y124.301 E.06643
G1 X151.236 Y124.471 E.06648
G1 X150.214 Y124.588 E.06638
G1 X149.186 Y124.65 E.06646
G1 X148.157 Y124.659 E.06641
G1 X147.128 Y124.614 E.06647
G1 X146.102 Y124.516 E.06651
G1 X145.426 Y124.421 E.04405
G1 X144.412 Y124.233 E.06655
G1 X143.41 Y123.992 E.06651
G1 X142.753 Y123.804 E.0441
G1 X141.775 Y123.477 E.06655
G1 X140.817 Y123.099 E.06646
G1 X139.922 Y122.692 E.06345
G1 X139.27 Y122.361 E.04719
G1 X138.373 Y121.854 E.06649
G1 X137.505 Y121.301 E.06642
G1 X136.667 Y120.703 E.06644
G1 X135.861 Y120.062 E.06646
G1 X135.09 Y119.38 E.06643
G1 X134.355 Y118.658 E.06649
G1 X133.889 Y118.158 E.04411
G1 X133.219 Y117.374 E.06655
G1 X132.593 Y116.557 E.06642
G1 X132.009 Y115.708 E.0665
G1 X131.647 Y115.128 E.04412
G1 X131.139 Y114.231 E.06652
G1 X130.68 Y113.31 E.06641
G1 X130.269 Y112.364 E.06656
G1 X130.024 Y111.726 E.0441
G1 X129.697 Y110.749 E.06649
G1 X129.422 Y109.757 E.06643
G1 X129.199 Y108.752 E.06643
G1 X129.029 Y107.736 E.06648
G1 X128.912 Y106.714 E.06638
G1 X128.85 Y105.686 E.06646
G1 X128.841 Y104.657 E.06641
G1 X128.883 Y103.674 E.06349
G1 X128.945 Y102.946 E.04715
G1 X129.08 Y101.924 E.06653
G1 X129.268 Y100.911 E.06649
G1 X129.421 Y100.245 E.0441
G1 X129.697 Y99.251 E.06657
G1 X130.023 Y98.275 E.0664
G1 X130.401 Y97.317 E.06646
G1 X130.828 Y96.381 E.06639
G1 X131.303 Y95.468 E.06642
G1 X131.825 Y94.58 E.06647
G1 X132.368 Y93.76 E.06347
G1 X132.796 Y93.168 E.04714
G1 X133.438 Y92.361 E.06655
G1 X134.12 Y91.59 E.06643
G1 X134.842 Y90.856 E.06644
G1 X135.566 Y90.191 E.06344
G1 X136.125 Y89.72 E.04717
G1 X136.943 Y89.093 E.06651
G1 X137.791 Y88.51 E.06641
G1 X138.63 Y87.995 E.06353
G1 X139.268 Y87.64 E.04712
G1 X140.19 Y87.18 E.06649
G1 X141.136 Y86.769 E.06656
G1 X141.774 Y86.524 E.0441
G1 X142.751 Y86.197 E.06649
G1 X143.743 Y85.922 E.06643
G1 X144.748 Y85.699 E.06643
G1 X145.764 Y85.529 E.06648
G1 X146.786 Y85.412 E.06638
G1 X147.814 Y85.35 E.06646
G1 X148.478 Y85.343 E.04285
G1 X149.078 Y85.35 F12000
G1 X148.502 Y86.012
;TYPE:Perimeter
G1 E-20 F1500
G1 Z9.48 F300.0
G1 F12000.0
T1
G1 Z4.48 F300.0
G1 E40.0 F1500
G1 F12000.0
;WIDTH:0.8
G1 F1281.916
G1 X148.79 Y86.009 E.02242
G1 X149.49 Y86.032 E.05452
G1 X150.485 Y86.111 E.07769
G1 X151.471 Y86.241 E.07741
G1 X152.453 Y86.423 E.07774
G1 X153.091 Y86.57 E.05096
G1 X154.053 Y86.837 E.07771
G1 X154.996 Y87.152 E.07739
G1 X155.921 Y87.517 E.0774
G1 X156.826 Y87.929 E.0774
G1 X157.708 Y88.388 E.07739
G1 X158.565 Y88.893 E.07743
G1 X159.36 Y89.418 E.07416
G1 X159.928 Y89.829 E.05457
G1 X160.709 Y90.45 E.07767
G1 X161.453 Y91.109 E.07736
G1 X162.163 Y91.806 E.07744
G1 X162.807 Y92.508 E.07415
G1 X163.258 Y93.044 E.05452
G1 X163.866 Y93.836 E.07772
G1 X164.432 Y94.659 E.07775
G1 X164.778 Y95.214 E.05091
G1 X165.27 Y96.083 E.07773
G1 X165.714 Y96.973 E.07742
G1 X166.112 Y97.889 E.07774
G1 X166.506 Y98.975 E.08992
G1 X166.796 Y99.926 E.07739
G1 X167.037 Y100.89 E.07734
G1 X167.226 Y101.866 E.07738
G1 X167.365 Y102.851 E.07743
G1 X167.451 Y103.841 E.07735
G1 X167.49 Y105.331 E.11602
G1 X167.447 Y106.325 E.07744
M73 P77 R4
G1 X167.351 Y107.319 E.07773
G1 X167.26 Y107.967 E.05093
G1 X167.077 Y108.953 E.07806
G1 X166.93 Y109.591 E.05096
G1 X166.663 Y110.553 E.07771
G1 X166.348 Y111.496 E.07739
G1 X165.983 Y112.421 E.0774
G1 X165.569 Y113.33 E.07775
G1 X165.272 Y113.913 E.05093
G1 X164.78 Y114.782 E.07773
G1 X164.246 Y115.621 E.07741
G1 X163.669 Y116.43 E.07735
G1 X163.05 Y117.209 E.07745
G1 X162.391 Y117.953 E.07736
G1 X161.694 Y118.663 E.07744
G1 X160.961 Y119.334 E.07735
G1 X160.193 Y119.967 E.07747
G1 X159.391 Y120.561 E.07768
G1 X158.848 Y120.927 E.05097
G1 X157.993 Y121.451 E.07805
G1 X157.421 Y121.768 E.0509
G1 X156.527 Y122.214 E.07776
G1 X155.611 Y122.612 E.07774
G1 X155 Y122.846 E.05093
G1 X154.053 Y123.163 E.07773
G1 X153.095 Y123.429 E.07739
G1 X152.124 Y123.644 E.07741
G1 X151.143 Y123.808 E.07742
G1 X150.155 Y123.921 E.0774
G1 X149.163 Y123.982 E.07736
G1 X148.169 Y123.99 E.07737
G1 X147.175 Y123.947 E.07744
G1 X146.181 Y123.851 E.07773
G1 X145.533 Y123.76 E.05093
G1 X144.551 Y123.578 E.07774
G1 X143.58 Y123.345 E.07773
G1 X142.951 Y123.165 E.05092
G1 X142.004 Y122.848 E.07773
G1 X141.078 Y122.483 E.07747
G1 X140.212 Y122.089 E.07406
G1 X139.586 Y121.772 E.05462
G1 X138.718 Y121.28 E.07766
G1 X137.879 Y120.746 E.07741
G1 X137.07 Y120.169 E.07735
G1 X136.291 Y119.55 E.07745
G1 X135.547 Y118.891 E.07736
G1 X134.834 Y118.191 E.07777
G1 X134.388 Y117.712 E.05094
G1 X133.739 Y116.953 E.07773
G1 X133.134 Y116.164 E.07739
G1 X132.568 Y115.341 E.07775
G1 X132.222 Y114.786 E.05091
G1 X131.73 Y113.917 E.07773
G1 X131.286 Y113.027 E.07742
G1 X130.888 Y112.111 E.07774
G1 X130.654 Y111.5 E.05093
G1 X130.337 Y110.553 E.07773
G1 X130.071 Y109.595 E.07739
G1 X129.856 Y108.624 E.07741
G1 X129.692 Y107.643 E.07742
G1 X129.579 Y106.655 E.0774
G1 X129.518 Y105.663 E.07736
G1 X129.51 Y104.668 E.07745
G1 X129.55 Y103.717 E.07409
G1 X129.61 Y103.018 E.05461
G1 X129.741 Y102.029 E.07765
G1 X129.923 Y101.047 E.07774
G1 X130.07 Y100.409 E.05096
G1 X130.337 Y99.447 E.07771
G1 X130.652 Y98.504 E.07739
G1 X131.017 Y97.579 E.0774
G1 X131.429 Y96.674 E.0774
G1 X131.888 Y95.792 E.07739
G1 X132.393 Y94.935 E.07743
G1 X132.918 Y94.14 E.07416
G1 X133.329 Y93.572 E.05457
G1 X133.95 Y92.791 E.07767
G1 X134.609 Y92.047 E.07736
G1 X135.306 Y91.337 E.07744
G1 X136.008 Y90.693 E.07415
G1 X136.544 Y90.242 E.05452
G1 X137.336 Y89.634 E.07772
G1 X138.156 Y89.071 E.07742
G1 X138.967 Y88.572 E.07412
G1 X139.58 Y88.231 E.0546
G1 X140.473 Y87.786 E.07766
G1 X141.389 Y87.388 E.07774
G1 X142 Y87.154 E.05093
G1 X142.947 Y86.837 E.07773
G1 X143.905 Y86.571 E.07739
G1 X144.876 Y86.356 E.07741
G1 X145.857 Y86.192 E.07742
G1 X146.845 Y86.079 E.0774
G1 X147.838 Y86.018 E.07744
G1 X148.472 Y86.012 E.04935
G1 X148.496 Y86.743 F12000
G1 F1281.916
G1 X148.781 Y86.741 E.02218
G1 X149.45 Y86.763 E.0521
G1 X150.409 Y86.838 E.07487
G1 X151.357 Y86.963 E.07443
G1 X152.304 Y87.139 E.07497
G1 X152.911 Y87.279 E.04849
G1 X153.839 Y87.536 E.07495
G1 X154.746 Y87.84 E.07446
G1 X155.635 Y88.19 E.07437
G1 X156.505 Y88.586 E.0744
G1 X157.354 Y89.028 E.0745
G1 X158.178 Y89.514 E.07446
G1 X158.943 Y90.019 E.07135
G1 X159.485 Y90.412 E.05211
G1 X160.238 Y91.011 E.07489
G1 X160.954 Y91.644 E.07439
G1 X161.637 Y92.315 E.07453
G1 X162.257 Y92.991 E.0714
G1 X162.688 Y93.503 E.05209
G1 X163.274 Y94.266 E.07488
G1 X163.82 Y95.06 E.075
G1 X164.15 Y95.588 E.04846
G1 X164.624 Y96.427 E.07501
G1 X165.051 Y97.282 E.07439
G1 X165.311 Y97.881 E.05083
G1 X165.547 Y98.456 E.04838
G1 X165.812 Y99.208 E.06206
G1 X166.092 Y100.121 E.07433
G1 X166.323 Y101.049 E.07444
G1 X166.505 Y101.987 E.07437
G1 X166.638 Y102.933 E.07436
G1 X166.721 Y103.886 E.07446
G1 X166.759 Y105.319 E.11158
G1 X166.717 Y106.274 E.07441
G1 X166.625 Y107.233 E.07499
G1 X166.538 Y107.849 E.04842
G1 X166.361 Y108.804 E.0756
G1 X166.221 Y109.411 E.04849
G1 X165.964 Y110.339 E.07495
G1 X165.66 Y111.246 E.07446
G1 X165.31 Y112.135 E.07437
G1 X164.91 Y113.012 E.07503
G1 X164.628 Y113.567 E.04846
G1 X164.153 Y114.405 E.07498
G1 X163.64 Y115.212 E.07443
G1 X163.084 Y115.99 E.07443
G1 X162.489 Y116.738 E.0744
G1 X161.856 Y117.454 E.07439
G1 X161.186 Y118.136 E.07442
G1 X160.481 Y118.782 E.07443
G1 X159.743 Y119.39 E.07443
G1 X158.968 Y119.964 E.07507
G1 X158.453 Y120.312 E.04838
G1 X157.624 Y120.819 E.07564
G1 X157.08 Y121.121 E.04843
G1 X156.218 Y121.551 E.07498
G1 X155.334 Y121.935 E.07502
G1 X154.753 Y122.158 E.04844
G1 X153.839 Y122.464 E.07502
G1 X152.918 Y122.719 E.07438
G1 X151.985 Y122.926 E.07439
G1 X151.042 Y123.084 E.07442
G1 X150.092 Y123.192 E.07442
G1 X149.137 Y123.251 E.07448
G1 X148.181 Y123.259 E.07441
G1 X147.226 Y123.217 E.07441
G1 X146.267 Y123.125 E.07499
G1 X145.651 Y123.038 E.04842
G1 X144.703 Y122.863 E.07504
G1 X143.766 Y122.638 E.07501
G1 X143.168 Y122.466 E.04843
G1 X142.254 Y122.16 E.07502
G1 X141.364 Y121.81 E.07444
G1 X140.529 Y121.43 E.07141
G1 X139.932 Y121.127 E.05211
G1 X139.094 Y120.653 E.07494
G1 X138.288 Y120.14 E.07437
G1 X137.51 Y119.584 E.07443
G1 X136.762 Y118.989 E.0744
G1 X136.046 Y118.356 E.07439
G1 X135.358 Y117.68 E.07508
G1 X134.934 Y117.225 E.04841
G1 X134.308 Y116.492 E.07503
G1 X133.726 Y115.734 E.07439
G1 X133.18 Y114.94 E.075
G1 X132.85 Y114.412 E.04846
G1 X132.376 Y113.573 E.07501
G1 X131.949 Y112.718 E.07439
G1 X131.565 Y111.834 E.07502
G1 X131.342 Y111.253 E.04844
G1 X131.036 Y110.339 E.07502
G1 X130.781 Y109.418 E.07438
G1 X130.574 Y108.485 E.07439
G1 X130.416 Y107.542 E.07442
G1 X130.308 Y106.592 E.07442
G1 X130.249 Y105.637 E.07448
G1 X130.241 Y104.681 E.07441
G1 X130.28 Y103.764 E.07144
G1 X130.337 Y103.097 E.05211
G1 X130.463 Y102.143 E.0749
G1 X130.639 Y101.196 E.07497
G1 X130.779 Y100.589 E.04849
G1 X131.036 Y99.661 E.07495
G1 X131.34 Y98.754 E.07446
G1 X131.69 Y97.865 E.07437
G1 X132.086 Y96.995 E.0744
G1 X132.528 Y96.147 E.07443
G1 X133.014 Y95.322 E.07453
G1 X133.519 Y94.557 E.07135
G1 X133.912 Y94.015 E.05211
G1 X134.511 Y93.262 E.07489
G1 X135.144 Y92.546 E.07439
G1 X135.815 Y91.863 E.07453
G1 X136.491 Y91.243 E.0714
G1 X137.003 Y90.812 E.05209
G1 X137.766 Y90.226 E.07488
G1 X138.555 Y89.684 E.07451
G1 X139.337 Y89.204 E.07142
G1 X139.921 Y88.879 E.05202
G1 X140.782 Y88.449 E.07491
G1 X141.666 Y88.065 E.07502
G1 X142.247 Y87.842 E.04844
G1 X143.161 Y87.536 E.07502
G1 X144.082 Y87.281 E.07438
G1 X145.015 Y87.074 E.07439
G1 X145.958 Y86.916 E.07442
G1 X146.908 Y86.808 E.07442
G1 X147.863 Y86.749 E.07448
G1 X148.466 Y86.744 E.04694
G1 X148.49 Y87.475 F12000
G1 F1281.916
G1 X148.772 Y87.472 E.02195
G1 X149.409 Y87.493 E.04961
G1 X150.332 Y87.566 E.07207
G1 X151.242 Y87.686 E.07144
G1 X152.155 Y87.855 E.07227
G1 X152.731 Y87.988 E.04601
G1 X153.625 Y88.236 E.07221
G1 X154.496 Y88.527 E.07148
G1 X155.35 Y88.863 E.07143
G1 X156.185 Y89.244 E.07144
G1 X156.999 Y89.668 E.07144
G1 X157.79 Y90.134 E.07146
G1 X158.527 Y90.621 E.06876
G1 X159.043 Y90.994 E.04956
G1 X159.768 Y91.571 E.07212
G1 X160.456 Y92.179 E.07147
G1 X161.111 Y92.823 E.0715
G1 X161.708 Y93.474 E.06875
G1 X162.118 Y93.961 E.04955
G1 X162.682 Y94.696 E.07211
G1 X163.208 Y95.461 E.07226
G1 X163.521 Y95.962 E.04598
G1 X163.978 Y96.77 E.07225
G1 X164.388 Y97.591 E.07143
G1 X164.64 Y98.172 E.04929
G1 X164.864 Y98.719 E.04601
G1 X165.119 Y99.44 E.05953
G1 X165.387 Y100.317 E.07138
G1 X165.609 Y101.207 E.0714
G1 X165.784 Y102.108 E.07144
G1 X165.912 Y103.016 E.07137
G1 X165.991 Y103.93 E.07141
G1 X166.028 Y105.306 E.10714
G1 X165.987 Y106.223 E.07145
G1 X165.898 Y107.147 E.07225
G1 X165.816 Y107.732 E.04598
G1 X165.645 Y108.655 E.07307
G1 X165.512 Y109.231 E.04601
G1 X165.264 Y110.125 E.07221
G1 X164.973 Y110.996 E.07148
G1 X164.637 Y111.85 E.07143
G1 X164.252 Y112.695 E.07228
G1 X163.984 Y113.221 E.04595
G1 X163.526 Y114.029 E.07229
G1 X163.033 Y114.803 E.07143
G1 X162.5 Y115.55 E.07143
M73 P78 R4
G1 X161.929 Y116.268 E.07141
G1 X161.321 Y116.956 E.07147
G1 X160.677 Y117.61 E.07144
G1 X160.001 Y118.23 E.0714
G1 X159.293 Y118.814 E.07144
G1 X158.546 Y119.366 E.0723
G1 X158.057 Y119.696 E.04592
G1 X157.256 Y120.187 E.07313
G1 X156.74 Y120.473 E.04592
G1 X155.909 Y120.888 E.0723
G1 X155.057 Y121.258 E.0723
G1 X154.506 Y121.47 E.04595
G1 X153.625 Y121.764 E.07229
G1 X152.741 Y122.009 E.0714
G1 X151.845 Y122.208 E.07144
G1 X150.94 Y122.36 E.07143
G1 X150.028 Y122.463 E.07144
G1 X149.112 Y122.519 E.07143
G1 X148.194 Y122.528 E.07146
G1 X147.277 Y122.487 E.07145
G1 X146.353 Y122.398 E.07225
G1 X145.768 Y122.316 E.04598
G1 X144.855 Y122.147 E.07227
G1 X143.952 Y121.93 E.07229
G1 X143.385 Y121.768 E.0459
G1 X142.504 Y121.473 E.07232
G1 X141.649 Y121.136 E.07153
G1 X140.846 Y120.771 E.06866
G1 X140.278 Y120.483 E.04957
G1 X139.471 Y120.026 E.07219
G1 X138.697 Y119.533 E.07143
G1 X137.95 Y119 E.07143
G1 X137.232 Y118.429 E.07141
G1 X136.544 Y117.821 E.07147
G1 X135.882 Y117.17 E.07227
G1 X135.48 Y116.738 E.04593
G1 X134.876 Y116.032 E.07232
G1 X134.318 Y115.304 E.0714
G1 X133.792 Y114.539 E.07226
G1 X133.479 Y114.038 E.04598
G1 X133.022 Y113.23 E.07225
G1 X132.612 Y112.409 E.07143
G1 X132.242 Y111.557 E.0723
G1 X132.03 Y111.006 E.04595
G1 X131.736 Y110.125 E.07229
G1 X131.491 Y109.241 E.0714
G1 X131.292 Y108.345 E.07144
G1 X131.14 Y107.44 E.07143
G1 X131.037 Y106.528 E.07144
G1 X130.981 Y105.612 E.07143
G1 X130.972 Y104.693 E.07154
G1 X131.01 Y103.811 E.06872
G1 X131.065 Y103.176 E.04961
G1 X131.186 Y102.258 E.07207
G1 X131.355 Y101.345 E.07227
G1 X131.488 Y100.769 E.04601
G1 X131.736 Y99.875 E.07221
G1 X132.027 Y99.004 E.07148
G1 X132.363 Y98.15 E.07143
G1 X132.744 Y97.315 E.07144
G1 X133.168 Y96.501 E.07144
G1 X133.634 Y95.71 E.07146
G1 X134.121 Y94.973 E.06876
G1 X134.494 Y94.457 E.04956
G1 X135.071 Y93.732 E.07212
G1 X135.679 Y93.044 E.07147
G1 X136.323 Y92.389 E.0715
G1 X136.974 Y91.792 E.06875
G1 X137.461 Y91.382 E.04955
G1 X138.196 Y90.818 E.07211
G1 X138.953 Y90.297 E.07153
G1 X139.706 Y89.835 E.06876
G1 X140.262 Y89.526 E.04951
G1 X141.091 Y89.112 E.07213
G1 X141.943 Y88.742 E.0723
G1 X142.494 Y88.53 E.04595
G1 X143.375 Y88.236 E.07229
G1 X144.259 Y87.991 E.0714
G1 X145.155 Y87.792 E.07144
G1 X146.06 Y87.64 E.07143
G1 X146.972 Y87.537 E.07144
G1 X147.889 Y87.48 E.07151
G1 X148.46 Y87.475 E.04445
G1 E-8 F1500
G1 Z4.68 F3000
G1 X137.182 Y92.029 F12000
G1 Z4.48 F3000
G1 E10 F1500
;TYPE:Solid infill
G1 E-20 F1500
G1 Z9.48 F300.0
G1 F12000.0
T0
G1 Z4.48 F300.0
G1 E22.0 F1500
G1 F12000.0
;WIDTH:0.578673
G1 F1838.235
G1 X135.921 Y93.27 E.09604
G1 X136.964 Y92.239 E.07961
G1 E-8 F1500
G1 Z4.68 F3000
G1 X139.406 Y90.549 F12000
G1 Z4.48 F3000
G1 E10 F1500
G1 F1838.235
G1 X139.361 Y90.504 E.00345
G1 X139.299 Y90.52 E.00348
G1 X139.282 Y90.582 E.00349
G1 X139.328 Y90.627 E.00349
G1 X139.389 Y90.611 E.00342
;WIDTH:0.626836
G1 F1679.615
G1 X139.152 Y90.762 E.01669
;WIDTH:0.675
G1 F1546.195
G1 X138.915 Y90.913 E.01813
G1 X134.407 Y95.422 E.41146
G1 X134.263 Y95.628 E.01622
;WIDTH:0.626836
G1 F1679.615
G1 X134.118 Y95.834 E.01497
;WIDTH:0.578673
G1 F1838.235
G1 X134.073 Y95.789 E.00345
G1 X134.012 Y95.805 E.00342
G1 X133.995 Y95.867 E.00349
G1 X134.04 Y95.912 E.00345
G1 X134.102 Y95.895 E.00349
G1 E-8 F1500
G1 Z4.68 F3000
G1 X132.952 Y97.953 F12000
G1 Z4.48 F3000
G1 E10 F1500
G1 F1838.235
G1 X132.891 Y97.97 E.00344
G1 X132.846 Y97.925 E.00345
G1 X132.862 Y97.863 E.00348
G1 X132.924 Y97.847 E.00348
G1 X132.969 Y97.892 E.00345
;WIDTH:0.626836
G1 F1679.615
G1 X133.088 Y97.686 E.01413
;WIDTH:0.675
G1 F1546.195
G1 X133.206 Y97.48 E.01532
G1 X140.97 Y89.716 E.70857
G1 X141.207 Y89.588 E.01738
;WIDTH:0.626836
G1 F1679.615
G1 X141.444 Y89.461 E.01597
;WIDTH:0.578673
G1 F1838.235
G1 X141.382 Y89.477 E.00348
G1 X141.337 Y89.432 E.00345
G1 X141.354 Y89.371 E.00344
G1 X141.415 Y89.354 E.00344
G1 X141.46 Y89.399 E.00345
;WIDTH:0.675
G1 F1546.195
G1 X142.491 Y89.052 E.0702
G1 X132.556 Y98.987 E.9067
G1 X132.451 Y99.193 E.01492
;WIDTH:0.626836
G1 F1679.615
G1 X132.346 Y99.4 E.01379
;WIDTH:0.578673
G1 F1838.235
G1 X132.301 Y99.354 E.00349
G1 X132.239 Y99.371 E.00349
G1 X132.223 Y99.433 E.00348
G1 X132.268 Y99.478 E.00345
G1 X132.33 Y99.461 E.00349
G1 E-8 F1500
G1 Z4.68 F3000
G1 X131.629 Y101.303 F12000
G1 Z4.48 F3000
G1 E10 F1500
G1 F1838.235
G1 X131.83 Y100.508 E.04451
;WIDTH:0.626836
G1 F1679.615
G1 X131.98 Y100.389 E.01137
;WIDTH:0.675
G1 F1546.195
G1 X132.13 Y100.27 E.01236
G1 X143.77 Y88.63 E1.0623
G1 X144.916 Y88.343 E.07624
G1 X131.836 Y101.423 E1.19372
G1 X131.648 Y102.468 E.06852
G1 X145.967 Y88.149 E1.3068
G1 X146.944 Y88.029 E.06352
G1 X131.53 Y103.444 E1.40678
M73 P79 R4
G1 X131.473 Y104.357 E.05903
M73 P79 R3
G1 X147.862 Y87.969 E1.49567
G1 X148.721 Y87.968 E.05543
G1 X131.463 Y105.225 E1.57498
G1 X131.494 Y106.051 E.05334
G1 X149.546 Y88 E1.64744
G1 X150.345 Y88.058 E.0517
G1 X131.561 Y106.842 E1.71429
G1 X131.66 Y107.601 E.0494
G1 X151.103 Y88.158 E1.77443
G1 X151.829 Y88.289 E.04761
G1 X131.787 Y108.331 E1.8291
G1 X131.942 Y109.033 E.04639
G1 X152.534 Y88.441 E1.87929
G1 X153.209 Y88.625 E.04515
G1 X132.125 Y109.709 E1.92419
G1 X132.328 Y110.363 E.04419
G1 X153.863 Y88.828 E1.96535
G1 X154.498 Y89.05 E.04341
G1 X132.549 Y110.999 E2.00314
G1 X132.795 Y111.61 E.04251
M73 P80 R3
G1 X155.113 Y89.293 E2.03677
G1 X155.704 Y89.559 E.04182
G1 X133.055 Y112.208 E2.06702
G1 X133.341 Y112.78 E.04127
G1 X156.279 Y89.841 E2.09344
G1 X156.84 Y90.138 E.04096
G1 X133.641 Y113.337 E2.11722
G1 X133.954 Y113.881 E.0405
G1 X157.379 Y90.456 E2.13784
G1 X157.902 Y90.791 E.04008
G1 X134.289 Y114.404 E2.155
G1 X134.638 Y114.912 E.03977
G1 X158.413 Y91.138 E2.16974
G1 X158.904 Y91.504 E.03952
G1 X135.006 Y115.402 E2.18101
G1 X135.386 Y115.88 E.03941
G1 X159.381 Y91.884 E2.18991
G1 X159.84 Y92.283 E.03925
M73 P81 R3
G1 X135.781 Y116.342 E2.1957
G1 X136.191 Y116.789 E.03914
G1 X160.286 Y92.694 E2.19899
G1 X160.719 Y93.119 E.03915
G1 X136.622 Y117.216 E2.19917
G1 X137.064 Y117.631 E.03913
G1 X161.131 Y93.564 E2.19643
G1 X161.533 Y94.02 E.03923
G1 X137.519 Y118.034 E2.1916
G1 X137.995 Y118.415 E.03935
G1 X161.915 Y94.495 E2.18302
G1 X162.288 Y94.98 E.03948
G1 X138.484 Y118.784 E2.17243
G1 X138.985 Y119.14 E.03966
G1 X162.637 Y95.488 E2.15856
G1 X162.976 Y96.007 E.04
M73 P82 R3
G1 X139.509 Y119.474 E2.14167
G1 X140.047 Y119.793 E.04036
G1 X163.293 Y96.547 E2.12151
G1 X163.599 Y97.099 E.04073
G1 X140.598 Y120.1 E2.09915
G1 X141.17 Y120.385 E.04124
G1 X163.884 Y97.671 E2.07295
G1 X164.15 Y98.263 E.04188
G1 X141.76 Y120.653 E2.04338
G1 X142.372 Y120.898 E.04254
G1 X164.401 Y98.869 E2.01044
G1 X164.627 Y99.501 E.04331
G1 X143.001 Y121.127 E1.97366
G1 X143.648 Y121.337 E.0439
G1 X164.836 Y100.149 E1.93369
G1 X165.022 Y100.82 E.04493
G1 X144.323 Y121.519 E1.88906
G1 X145.017 Y121.683 E.04602
M73 P83 R3
G1 X165.18 Y101.52 E1.84014
G1 X165.314 Y102.244 E.04752
G1 X145.74 Y121.817 E1.78634
G1 X146.491 Y121.924 E.04895
G1 X165.42 Y102.995 E1.72752
G1 X165.495 Y103.777 E.0507
G1 X147.273 Y121.999 E1.663
G1 X148.093 Y122.037 E.05297
G1 X165.535 Y104.595 E1.59181
G1 X165.535 Y105.453 E.05537
G1 X148.952 Y122.035 E1.51337
G1 X149.858 Y121.987 E.05855
G1 X165.486 Y106.359 E1.42626
G1 X165.384 Y107.319 E.0623
G1 X150.818 Y121.884 E1.32929
G1 X151.851 Y121.709 E.06761
G1 X165.207 Y108.353 E1.21891
G1 X165.408 Y108.521 E.01691
;WIDTH:0.578673
G1 F1838.235
G1 X165.24 Y109.239 E.04003
;WIDTH:0.675
G1 F1546.195
G1 X164.939 Y109.478 E.0248
G1 X152.978 Y121.439 E1.0916
G1 X153.856 Y121.301 E.05736
;WIDTH:0.578673
G1 F1838.235
G1 X153.811 Y121.256 E.00345
G1 X153.749 Y121.272 E.00348
G1 X153.733 Y121.334 E.00348
G1 X153.778 Y121.379 E.00345
G1 X153.839 Y121.362 E.00344
;WIDTH:0.626836
G1 F1679.615
G1 X154.031 Y121.207 E.01466
;WIDTH:0.675
G1 F1546.195
G1 X154.223 Y121.052 E.01592
G1 X164.552 Y110.723 E.94266
G1 X164.705 Y110.531 E.01584
;WIDTH:0.626836
G1 F1679.615
G1 X164.858 Y110.339 E.01458
;WIDTH:0.578673
G1 F1838.235
G1 X164.797 Y110.356 E.00344
G1 X164.752 Y110.311 E.00345
G1 X164.768 Y110.249 E.00348
G1 X164.83 Y110.233 E.00348
G1 X164.875 Y110.278 E.00345
G1 E-8 F1500
G1 Z4.68 F3000
M73 P84 R3
G1 X164.311 Y111.735 F12000
G1 Z4.48 F3000
G1 E10 F1500
G1 F1838.235
G1 X164.266 Y111.69 E.00345
G1 X164.204 Y111.707 E.00349
G1 X164.188 Y111.768 E.00342
G1 X164.233 Y111.813 E.00345
G1 X164.294 Y111.797 E.00342
;WIDTH:0.626836
G1 F1679.615
G1 X164.123 Y111.989 E.01527
;WIDTH:0.675
G1 F1546.195
G1 X163.952 Y112.18 E.01654
G1 X155.671 Y120.461 E.75575
G1 X155.488 Y120.599 E.01479
;WIDTH:0.626836
G1 F1679.615
G1 X155.304 Y120.736 E.01363
;WIDTH:0.578673
G1 F1838.235
G1 X155.259 Y120.691 E.00345
G1 X155.197 Y120.708 E.00349
G1 X155.181 Y120.769 E.00342
G1 X155.226 Y120.815 E.00349
G1 X155.287 Y120.798 E.00344
G1 E-8 F1500
G1 Z4.68 F3000
G1 X157.173 Y119.811 F12000
G1 Z4.48 F3000
G1 E10 F1500
G1 F1838.235
G1 X157.112 Y119.827 E.00342
G1 X157.066 Y119.782 E.00349
G1 X157.083 Y119.721 E.00344
G1 X157.145 Y119.704 E.00349
G1 X157.19 Y119.749 E.00345
;WIDTH:0.626836
G1 F1679.615
G1 X157.373 Y119.591 E.01436
;WIDTH:0.675
G1 F1546.195
G1 X157.557 Y119.433 E.01565
G1 X163.121 Y113.867 E.50788
;WIDTH:0.626836
G1 F1679.615
G1 X163.311 Y113.675 E.01605
;WIDTH:0.578673
G1 F1838.235
G1 X163.249 Y113.691 E.00348
G1 X163.204 Y113.646 E.00345
G1 X163.221 Y113.585 E.00344
G1 X163.282 Y113.568 E.00344
G1 X163.327 Y113.613 E.00345
G1 E-8 F1500
G1 Z4.68 F3000
G1 X162.247 Y115.36 F12000
G1 Z4.48 F3000
G1 E10 F1500
G1 F1838.235
M73 P84 R2
G1 X161.647 Y116.032 E.0489
G1 X160.4 Y117.323 E.09743
G1 X159.086 Y118.549 E.09755
G1 X158.391 Y119.147 E.04977
;LAYER_CHANGE
;Z:4.8
;HEIGHT:0.32

G1 E-8 F1500
G1 Z4.8 F3000
;AFTER_LAYER_CHANGE
;4.8
G92 E0
_ON_LAYER_CHANGE LAYER=15
G1 Z5
G1 X148.508 Y85.343 F12000
G1 Z4.8 F3000
G1 E10 F1500
;TYPE:External perimeter
;WIDTH:0.675
G1 F1546.195
G1 X148.82 Y85.34 E.02014
G1 X149.528 Y85.364 E.04572
G1 X150.555 Y85.445 E.06648
G1 X151.576 Y85.58 E.06646
G1 X152.588 Y85.767 E.06641
G1 X153.566 Y86.002 E.06491
G1 X154.247 Y86.196 E.0457
G1 X155.225 Y86.523 E.06655
G1 X156.183 Y86.901 E.06646
G1 X157.119 Y87.328 E.06639
G1 X158.012 Y87.792 E.06494
G1 X158.626 Y88.145 E.0457
G1 X159.495 Y88.699 E.06651
G1 X160.333 Y89.297 E.06644
G1 X161.139 Y89.938 E.06646
G1 X161.91 Y90.62 E.06643
G1 X162.644 Y91.341 E.0664
G1 X163.339 Y92.1 E.06641
G1 X163.995 Y92.896 E.06656
G1 X164.406 Y93.441 E.04405
G1 X164.99 Y94.291 E.06655
G1 X165.528 Y95.169 E.06645
G1 X166.009 Y96.053 E.06495
G1 X166.32 Y96.689 E.04569
G1 X166.731 Y97.636 E.06662
G1 X166.976 Y98.274 E.0441
G1 X167.303 Y99.251 E.06649
G1 X167.578 Y100.243 E.06643
G1 X167.801 Y101.248 E.06643
G1 X167.971 Y102.264 E.06648
G1 X168.088 Y103.286 E.06638
G1 X168.15 Y104.314 E.06646
G1 X168.159 Y105.343 E.06641
G1 X168.114 Y106.372 E.06647
G1 X168.019 Y107.373 E.06489
G1 X167.921 Y108.075 E.04574
G1 X167.732 Y109.09 E.06663
G1 X167.579 Y109.755 E.04404
G1 X167.303 Y110.749 E.06657
G1 X166.977 Y111.725 E.0664
G1 X166.599 Y112.684 E.06652
G1 X166.321 Y113.308 E.04408
G1 X165.861 Y114.231 E.06655
G1 X165.354 Y115.127 E.06644
G1 X164.801 Y115.995 E.06642
G1 X164.203 Y116.833 E.06644
G1 X163.562 Y117.639 E.06646
G1 X162.88 Y118.41 E.06643
G1 X162.159 Y119.144 E.0664
G1 X161.399 Y119.84 E.0665
G1 X160.875 Y120.28 E.04416
G1 X160.057 Y120.907 E.06651
G1 X159.209 Y121.49 E.06641
G1 X158.351 Y122.016 E.06495
G1 X157.732 Y122.36 E.0457
G1 X156.81 Y122.82 E.06649
G1 X155.864 Y123.231 E.06656
G1 X155.226 Y123.476 E.0441
G1 X154.249 Y123.803 E.06649
G1 X153.257 Y124.078 E.06643
G1 X152.252 Y124.301 E.06643
G1 X151.236 Y124.471 E.06648
G1 X150.214 Y124.588 E.06638
G1 X149.186 Y124.65 E.06646
G1 X148.157 Y124.659 E.06641
G1 X147.152 Y124.616 E.06491
G1 X146.446 Y124.555 E.04573
G1 X145.424 Y124.42 E.06653
G1 X144.41 Y124.232 E.06655
G1 X143.745 Y124.079 E.04404
G1 X142.751 Y123.803 E.06657
G1 X141.775 Y123.477 E.0664
G1 X140.817 Y123.099 E.06646
G1 X139.902 Y122.683 E.06486
G1 X139.27 Y122.362 E.04574
G1 X138.373 Y121.854 E.06652
G1 X137.505 Y121.301 E.06642
G1 X136.667 Y120.703 E.06644
G1 X135.861 Y120.062 E.06646
G1 X135.09 Y119.38 E.06643
G1 X134.355 Y118.658 E.06649
G1 X133.889 Y118.158 E.04411
G1 X133.219 Y117.374 E.06655
G1 X132.593 Y116.557 E.06642
G1 X132.01 Y115.709 E.06641
G1 X131.472 Y114.831 E.06645
G1 X130.991 Y113.947 E.06495
G1 X130.68 Y113.311 E.04569
G1 X130.269 Y112.364 E.06662
G1 X130.024 Y111.726 E.0441
G1 X129.697 Y110.749 E.06649
G1 X129.422 Y109.757 E.06643
G1 X129.199 Y108.752 E.06643
G1 X129.029 Y107.736 E.06648
G1 X128.912 Y106.714 E.06638
G1 X128.85 Y105.686 E.06646
G1 X128.841 Y104.657 E.06641
G1 X128.884 Y103.652 E.06491
G1 X128.945 Y102.946 E.04573
G1 X129.08 Y101.924 E.06653
G1 X129.268 Y100.911 E.06649
G1 X129.421 Y100.245 E.0441
G1 X129.697 Y99.251 E.06657
G1 X130.023 Y98.275 E.0664
G1 X130.401 Y97.317 E.06646
G1 X130.828 Y96.381 E.06639
G1 X131.303 Y95.468 E.06642
G1 X131.825 Y94.58 E.06647
G1 X132.38 Y93.741 E.06492
G1 X132.796 Y93.168 E.04569
G1 X133.438 Y92.361 E.06655
G1 X134.12 Y91.59 E.06643
G1 X134.841 Y90.856 E.0664
G1 X135.583 Y90.176 E.06495
G1 X136.125 Y89.72 E.04571
G1 X136.943 Y89.093 E.06651
G1 X137.791 Y88.51 E.06641
G1 X138.649 Y87.984 E.06495
G1 X139.268 Y87.64 E.0457
G1 X140.19 Y87.18 E.06649
G1 X141.134 Y86.769 E.06644
G1 X142.076 Y86.417 E.0649
G1 X142.75 Y86.197 E.04575
G1 X143.743 Y85.922 E.06649
G1 X144.748 Y85.699 E.06643
G1 X145.764 Y85.529 E.06648
G1 X146.786 Y85.412 E.06638
G1 X147.814 Y85.35 E.06646
G1 X148.478 Y85.344 E.04285
G1 X149.078 Y85.35 F12000
G1 X148.502 Y86.012
;TYPE:Perimeter
G1 E-20 F1500
G1 Z9.8 F300.0
G1 F12000.0
T1
G1 Z4.8 F300.0
G1 E40.0 F1500
G1 F12000.0
;WIDTH:0.8
G1 F1281.916
G1 X148.811 Y86.009 E.02405
G1 X149.49 Y86.032 E.05288
G1 X150.485 Y86.111 E.07769
G1 X151.471 Y86.241 E.07741
G1 X152.449 Y86.422 E.07742
G1 X153.396 Y86.649 E.0758
G1 X154.049 Y86.835 E.05285
G1 X154.996 Y87.152 E.07773
G1 X155.921 Y87.517 E.0774
G1 X156.826 Y87.929 E.0774
G1 X157.691 Y88.378 E.07586
G1 X158.279 Y88.717 E.05283
G1 X159.121 Y89.254 E.07773
G1 X159.93 Y89.831 E.07735
G1 X160.709 Y90.45 E.07745
G1 X161.453 Y91.109 E.07736
G1 X162.163 Y91.806 E.07744
G1 X162.834 Y92.539 E.07735
G1 X163.47 Y93.31 E.0778
G1 X163.863 Y93.832 E.05086
G1 X164.429 Y94.655 E.07775
G1 X164.949 Y95.504 E.07749
G1 X165.414 Y96.359 E.07576
G1 X165.712 Y96.969 E.05284
G1 X166.112 Y97.889 E.07809
G1 X166.506 Y98.975 E.08992
G1 X166.796 Y99.926 E.07739
G1 X167.037 Y100.891 E.07742
G1 X167.226 Y101.866 E.0773
G1 X167.365 Y102.851 E.07743
G1 X167.451 Y103.841 E.07735
G1 X167.49 Y105.331 E.11602
M73 P85 R2
G1 X167.447 Y106.325 E.07744
G1 X167.354 Y107.295 E.07585
G1 X167.26 Y107.967 E.05282
G1 X167.077 Y108.953 E.07806
G1 X166.93 Y109.591 E.05096
G1 X166.663 Y110.553 E.07771
G1 X166.348 Y111.496 E.07739
G1 X165.982 Y112.425 E.07772
G1 X165.716 Y113.023 E.05094
G1 X165.27 Y113.917 E.07776
G1 X164.78 Y114.782 E.07738
G1 X164.246 Y115.621 E.07741
G1 X163.669 Y116.43 E.07735
G1 X163.05 Y117.209 E.07745
G1 X162.391 Y117.953 E.07736
G1 X161.694 Y118.663 E.07744
G1 X160.958 Y119.337 E.07768
G1 X160.456 Y119.758 E.051
G1 X159.664 Y120.366 E.07772
G1 X158.844 Y120.929 E.07742
G1 X158.014 Y121.439 E.07583
G1 X157.42 Y121.768 E.05285
G1 X156.527 Y122.214 E.0777
G1 X155.611 Y122.612 E.07774
G1 X155 Y122.846 E.05093
G1 X154.053 Y123.163 E.07773
G1 X153.095 Y123.429 E.07739
G1 X152.124 Y123.644 E.07741
G1 X151.143 Y123.808 E.07742
G1 X150.155 Y123.921 E.0774
G1 X149.163 Y123.982 E.07736
G1 X148.168 Y123.99 E.07745
G1 X147.195 Y123.948 E.07581
G1 X146.519 Y123.89 E.05281
G1 X145.529 Y123.759 E.07773
G1 X144.547 Y123.577 E.07774
G1 X143.909 Y123.43 E.05096
G1 X142.947 Y123.163 E.07771
G1 X142.004 Y122.848 E.07739
G1 X141.079 Y122.483 E.0774
G1 X140.192 Y122.08 E.07583
G1 X139.587 Y121.772 E.05284
G1 X138.718 Y121.28 E.07773
G1 X137.879 Y120.746 E.07741
G1 X137.07 Y120.169 E.07735
G1 X136.291 Y119.55 E.07745
G1 X135.547 Y118.891 E.07736
G1 X134.834 Y118.191 E.07777
G1 X134.388 Y117.712 E.05094
G1 X133.739 Y116.953 E.07773
G1 X133.134 Y116.164 E.07739
G1 X132.571 Y115.345 E.07736
G1 X132.051 Y114.496 E.07749
G1 X131.586 Y113.641 E.07576
G1 X131.288 Y113.031 E.05284
G1 X130.888 Y112.111 E.07809
G1 X130.654 Y111.5 E.05093
G1 X130.337 Y110.553 E.07773
G1 X130.071 Y109.595 E.07739
G1 X129.856 Y108.624 E.07741
G1 X129.692 Y107.643 E.07742
G1 X129.579 Y106.655 E.0774
G1 X129.518 Y105.663 E.07736
G1 X129.51 Y104.668 E.07745
G1 X129.552 Y103.695 E.07581
G1 X129.61 Y103.019 E.05281
G1 X129.741 Y102.029 E.07773
G1 X129.923 Y101.047 E.07774
G1 X130.07 Y100.409 E.05096
G1 X130.337 Y99.447 E.07771
G1 X130.652 Y98.504 E.07739
G1 X131.017 Y97.579 E.0774
G1 X131.429 Y96.674 E.0774
G1 X131.888 Y95.792 E.07739
G1 X132.393 Y94.935 E.07743
G1 X132.93 Y94.122 E.07584
G1 X133.329 Y93.573 E.05283
G1 X133.95 Y92.791 E.07773
G1 X134.609 Y92.047 E.07736
G1 X135.306 Y91.337 E.07744
G1 X136.024 Y90.679 E.07581
G1 X136.544 Y90.242 E.05287
G1 X137.336 Y89.634 E.07772
G1 X138.156 Y89.071 E.07742
G1 X138.986 Y88.561 E.07583
G1 X139.58 Y88.232 E.05285
G1 X140.473 Y87.786 E.0777
G1 X141.385 Y87.39 E.07739
G1 X142.297 Y87.048 E.07581
G1 X142.943 Y86.838 E.05287
G1 X143.905 Y86.571 E.07771
G1 X144.876 Y86.356 E.07741
G1 X145.857 Y86.192 E.07742
G1 X146.845 Y86.079 E.0774
G1 X147.837 Y86.018 E.07736
G1 X148.472 Y86.012 E.04943
G1 X148.496 Y86.744 F12000
G1 F1281.916
G1 X148.802 Y86.741 E.02382
G1 X149.449 Y86.763 E.05039
G1 X150.409 Y86.838 E.07495
G1 X151.357 Y86.963 E.07443
G1 X152.297 Y87.137 E.07441
G1 X153.211 Y87.356 E.07316
G1 X153.833 Y87.534 E.05036
G1 X154.746 Y87.84 E.07495
G1 X155.635 Y88.19 E.07437
G1 X156.506 Y88.587 E.07451
G1 X157.339 Y89.02 E.07307
G1 X157.9 Y89.343 E.05039
G1 X158.712 Y89.86 E.07493
G1 X159.49 Y90.416 E.07443
G1 X160.238 Y91.011 E.0744
G1 X160.954 Y91.644 E.07439
G1 X161.636 Y92.314 E.07442
G1 X162.282 Y93.019 E.07443
G1 X162.895 Y93.763 E.07504
G1 X163.27 Y94.26 E.04846
G1 X163.816 Y95.054 E.075
G1 X164.315 Y95.869 E.07438
G1 X164.764 Y96.695 E.07318
G1 X165.048 Y97.276 E.05034
G1 X165.311 Y97.881 E.05135
G1 X165.547 Y98.456 E.04838
G1 X165.812 Y99.207 E.06199
G1 X166.092 Y100.121 E.07441
G1 X166.323 Y101.049 E.07444
G1 X166.505 Y101.987 E.07437
G1 X166.638 Y102.933 E.07436
G1 X166.721 Y103.886 E.07446
G1 X166.759 Y105.319 E.11158
G1 X166.717 Y106.274 E.07441
G1 X166.628 Y107.209 E.07311
G1 X166.538 Y107.85 E.05038
G1 X166.361 Y108.804 E.07552
G1 X166.221 Y109.411 E.04849
G1 X165.964 Y110.339 E.07495
G1 X165.66 Y111.246 E.07446
G1 X165.307 Y112.142 E.07496
G1 X165.054 Y112.711 E.04847
G1 X164.624 Y113.573 E.07498
G1 X164.153 Y114.405 E.07442
G1 X163.64 Y115.212 E.07443
G1 X163.084 Y115.99 E.07443
G1 X162.489 Y116.738 E.0744
G1 X161.856 Y117.454 E.07439
G1 X161.186 Y118.136 E.07442
G1 X160.475 Y118.787 E.07504
G1 X159.998 Y119.187 E.04845
G1 X159.234 Y119.774 E.07499
G1 X158.446 Y120.316 E.07444
G1 X157.645 Y120.807 E.07313
G1 X157.079 Y121.121 E.05038
G1 X156.218 Y121.551 E.07491
G1 X155.334 Y121.935 E.07502
G1 X154.753 Y122.158 E.04844
G1 X153.839 Y122.464 E.07502
G1 X152.918 Y122.719 E.07438
G1 X151.985 Y122.926 E.07439
G1 X151.042 Y123.084 E.07442
G1 X150.092 Y123.192 E.07442
G1 X149.137 Y123.251 E.07448
G1 X148.181 Y123.259 E.07441
G1 X147.242 Y123.218 E.07316
G1 X146.598 Y123.163 E.05031
G1 X145.643 Y123.037 E.07498
G1 X144.696 Y122.861 E.07497
G1 X144.089 Y122.721 E.04849
G1 X143.161 Y122.464 E.07495
G1 X142.254 Y122.16 E.07446
G1 X141.364 Y121.81 E.07444
G1 X140.509 Y121.421 E.07311
G1 X139.933 Y121.128 E.0503
G1 X139.094 Y120.653 E.07504
G1 X138.288 Y120.14 E.07437
G1 X137.51 Y119.584 E.07443
G1 X136.762 Y118.989 E.0744
G1 X136.045 Y118.356 E.07445
G1 X135.358 Y117.68 E.07502
G1 X134.934 Y117.225 E.04841
G1 X134.308 Y116.492 E.07503
G1 X133.726 Y115.734 E.07439
G1 X133.184 Y114.946 E.07444
G1 X132.685 Y114.131 E.07438
G1 X132.236 Y113.305 E.07318
G1 X131.952 Y112.724 E.05034
G1 X131.565 Y111.834 E.07554
G1 X131.342 Y111.253 E.04844
G1 X131.036 Y110.339 E.07502
G1 X130.781 Y109.418 E.07438
G1 X130.574 Y108.485 E.07439
G1 X130.416 Y107.542 E.07442
G1 X130.308 Y106.592 E.07442
G1 X130.249 Y105.637 E.07448
G1 X130.241 Y104.681 E.07441
G1 X130.282 Y103.742 E.07316
G1 X130.337 Y103.098 E.05031
G1 X130.463 Y102.143 E.07498
G1 X130.639 Y101.196 E.07497
G1 X130.779 Y100.589 E.04849
G1 X131.036 Y99.661 E.07495
G1 X131.34 Y98.754 E.07446
G1 X131.69 Y97.865 E.07437
G1 X132.086 Y96.995 E.0744
G1 X132.528 Y96.147 E.07443
G1 X133.013 Y95.322 E.07449
G1 X133.531 Y94.539 E.07308
G1 X133.911 Y94.015 E.05038
G1 X134.511 Y93.262 E.07494
G1 X135.144 Y92.546 E.07439
G1 X135.815 Y91.863 E.07453
G1 X136.507 Y91.228 E.0731
G1 X137.002 Y90.812 E.05033
G1 X137.766 Y90.226 E.07495
G1 X138.554 Y89.684 E.07444
G1 X139.355 Y89.193 E.07313
G1 X139.921 Y88.879 E.05038
G1 X140.782 Y88.449 E.07491
G1 X141.659 Y88.068 E.07443
G1 X142.539 Y87.739 E.07313
G1 X143.154 Y87.538 E.05036
G1 X144.082 Y87.281 E.07495
G1 X145.015 Y87.074 E.07439
G1 X145.958 Y86.916 E.07442
G1 X146.908 Y86.808 E.07442
G1 X147.863 Y86.749 E.07448
G1 X148.466 Y86.744 E.04694
G1 X148.49 Y87.475 F12000
G1 F1281.916
G1 X148.793 Y87.472 E.02359
G1 X149.408 Y87.493 E.0479
G1 X150.332 Y87.566 E.07215
G1 X151.242 Y87.686 E.07144
G1 X152.145 Y87.853 E.07148
G1 X153.025 Y88.064 E.07044
G1 X153.616 Y88.233 E.04785
G1 X154.496 Y88.527 E.07222
G1 X155.35 Y88.863 E.07143
G1 X156.185 Y89.244 E.07144
G1 X156.988 Y89.662 E.07046
G1 X157.521 Y89.969 E.04788
G1 X158.303 Y90.467 E.07216
G1 X159.05 Y91 E.07143
G1 X159.768 Y91.571 E.07141
G1 X160.456 Y92.179 E.07147
G1 X161.11 Y92.823 E.07144
G1 X161.73 Y93.499 E.0714
G1 X162.321 Y94.216 E.07232
G1 X162.676 Y94.687 E.04591
G1 X163.202 Y95.452 E.07226
G1 X163.682 Y96.235 E.07149
G1 X164.114 Y97.03 E.07043
G1 X164.384 Y97.583 E.0479
G1 X164.64 Y98.172 E.04999
G1 X164.864 Y98.719 E.04601
G1 X165.119 Y99.44 E.05953
G1 X165.387 Y100.317 E.07138
G1 X165.609 Y101.207 E.0714
G1 X165.784 Y102.108 E.07144
G1 X165.912 Y103.016 E.07137
G1 X165.991 Y103.93 E.07141
G1 X166.028 Y105.306 E.10714
G1 X165.987 Y106.223 E.07145
G1 X165.901 Y107.124 E.07045
G1 X165.816 Y107.733 E.04786
G1 X165.645 Y108.655 E.07299
G1 X165.512 Y109.231 E.04601
G1 X165.264 Y110.125 E.07221
G1 X164.973 Y110.996 E.07148
G1 X164.633 Y111.86 E.07227
G1 X164.393 Y112.399 E.04593
G1 X163.978 Y113.23 E.0723
G1 X163.526 Y114.029 E.07145
G1 X163.033 Y114.803 E.07143
M73 P86 R2
G1 X162.5 Y115.55 E.07143
G1 X161.929 Y116.268 E.07141
G1 X161.321 Y116.956 E.07147
G1 X160.677 Y117.61 E.07144
G1 X159.993 Y118.237 E.07222
G1 X159.541 Y118.617 E.04596
G1 X158.804 Y119.182 E.07228
G1 X158.047 Y119.702 E.07149
G1 X157.276 Y120.175 E.07041
G1 X156.739 Y120.474 E.04784
G1 X155.909 Y120.888 E.0722
G1 X155.057 Y121.258 E.0723
G1 X154.506 Y121.47 E.04595
G1 X153.625 Y121.764 E.07229
G1 X152.741 Y122.009 E.0714
G1 X151.845 Y122.208 E.07144
G1 X150.94 Y122.36 E.07143
G1 X150.028 Y122.463 E.07144
G1 X149.112 Y122.519 E.07143
G1 X148.193 Y122.528 E.07154
G1 X147.29 Y122.488 E.07036
G1 X146.677 Y122.435 E.04789
G1 X145.758 Y122.314 E.07215
G1 X144.845 Y122.145 E.07227
G1 X144.269 Y122.012 E.04601
G1 X143.375 Y121.764 E.07221
G1 X142.504 Y121.473 E.07148
G1 X141.65 Y121.136 E.07146
G1 X140.827 Y120.762 E.07036
G1 X140.278 Y120.483 E.04793
G1 X139.471 Y120.026 E.07219
G1 X138.697 Y119.533 E.07143
G1 X137.95 Y119 E.07143
G1 X137.232 Y118.429 E.07141
G1 X136.544 Y117.821 E.07147
G1 X135.882 Y117.17 E.07227
G1 X135.48 Y116.738 E.04593
G1 X134.876 Y116.032 E.07232
G1 X134.318 Y115.304 E.0714
G1 X133.798 Y114.548 E.07142
G1 X133.318 Y113.765 E.07149
G1 X132.886 Y112.97 E.07043
G1 X132.616 Y112.417 E.0479
G1 X132.242 Y111.557 E.073
G1 X132.03 Y111.006 E.04595
G1 X131.736 Y110.125 E.07229
G1 X131.491 Y109.241 E.0714
G1 X131.292 Y108.345 E.07144
G1 X131.14 Y107.44 E.07143
G1 X131.037 Y106.528 E.07144
G1 X130.981 Y105.612 E.07143
G1 X130.972 Y104.693 E.07154
G1 X131.012 Y103.79 E.07036
G1 X131.065 Y103.177 E.04789
G1 X131.186 Y102.258 E.07215
G1 X131.355 Y101.345 E.07227
G1 X131.488 Y100.769 E.04601
G1 X131.736 Y99.875 E.07221
G1 X132.027 Y99.004 E.07148
G1 X132.363 Y98.15 E.07143
G1 X132.744 Y97.315 E.07144
G1 X133.168 Y96.501 E.07144
G1 X133.634 Y95.71 E.07146
G1 X134.133 Y94.955 E.07044
G1 X134.494 Y94.458 E.04781
G1 X135.071 Y93.732 E.07218
G1 X135.679 Y93.044 E.07147
G1 X136.323 Y92.389 E.0715
G1 X136.99 Y91.778 E.07041
G1 X137.46 Y91.382 E.04784
G1 X138.196 Y90.818 E.07217
G1 X138.953 Y90.298 E.07149
G1 X139.724 Y89.825 E.07041
G1 X140.261 Y89.526 E.04784
G1 X141.091 Y89.112 E.0722
G1 X141.934 Y88.746 E.07153
G1 X142.781 Y88.429 E.07039
G1 X143.365 Y88.238 E.04783
G1 X144.259 Y87.991 E.07219
G1 X145.155 Y87.792 E.07144
G1 X146.06 Y87.64 E.07143
G1 X146.972 Y87.537 E.07144
G1 X147.889 Y87.48 E.07151
G1 X148.46 Y87.475 E.04445
G1 E-8 F1500
G1 Z5 F3000
G1 X135.722 Y116.522 F12000
G1 Z4.8 F3000
G1 E10 F1500
;TYPE:Solid infill
G1 E-20 F1500
G1 Z9.8 F300.0
G1 F12000.0
T0
G1 Z4.8 F300.0
G1 E22.0 F1500
G1 F12000.0
;WIDTH:0.578673
G1 F1838.235
G1 X136.77 Y117.579 E.0808
G1 X135.932 Y116.74 E.06437
G1 E-8 F1500
G1 Z5 F3000
G1 X134.05 Y114.095 F12000
G1 Z4.8 F3000
G1 E10 F1500
G1 F1838.235
G1 X134.004 Y114.14 E.00349
G1 X134.021 Y114.202 E.00349
G1 X134.083 Y114.218 E.00348
G1 X134.128 Y114.173 E.00345
G1 X134.111 Y114.111 E.00349
;WIDTH:0.626836
G1 F1679.615
G1 X134.262 Y114.348 E.01669
;WIDTH:0.675
G1 F1546.195
G1 X134.413 Y114.585 E.01813
G1 X138.932 Y119.104 E.41242
G1 X139.169 Y119.254 E.0181
;WIDTH:0.626836
G1 F1679.615
G1 X139.406 Y119.404 E.01666
;WIDTH:0.578673
G1 F1838.235
G1 X139.422 Y119.466 E.00348
G1 X139.377 Y119.511 E.00345
G1 X139.316 Y119.494 E.00344
G1 X139.299 Y119.433 E.00344
G1 X139.344 Y119.388 E.00345
G1 E-8 F1500
G1 Z5 F3000
G1 X141.393 Y120.532 F12000
G1 Z4.8 F3000
G1 E10 F1500
G1 F1838.235
G1 X141.348 Y120.577 E.00345
G1 X141.364 Y120.639 E.00348
G1 X141.426 Y120.655 E.00348
G1 X141.471 Y120.61 E.00345
G1 X141.454 Y120.549 E.00344
;WIDTH:0.626836
G1 F1679.615
G1 X141.217 Y120.422 E.01597
;WIDTH:0.675
G1 F1546.195
G1 X140.98 Y120.295 E.01735
G1 X133.209 Y112.523 E.70925
G1 E-8 F1500
G1 Z5 F3000
G1 X132.265 Y110.521 F12000
G1 Z4.8 F3000
G1 E10 F1500
;WIDTH:0.578673
G1 F1838.235
G1 X132.22 Y110.566 E.00345
G1 X132.236 Y110.628 E.00348
G1 X132.298 Y110.644 E.00348
G1 X132.343 Y110.599 E.00345
G1 X132.327 Y110.538 E.00342
;WIDTH:0.626836
G1 F1679.615
G1 X132.439 Y110.773 E.01547
;WIDTH:0.675
G1 F1546.195
G1 X132.552 Y111.009 E.01689
G1 X142.487 Y120.944 E.9067
G1 X142.724 Y121.057 E.01694
;WIDTH:0.626836
G1 F1679.615
G1 X142.961 Y121.17 E.0156
;WIDTH:0.578673
G1 F1838.235
G1 X142.977 Y121.232 E.00348
G1 X142.932 Y121.277 E.00345
G1 X142.871 Y121.26 E.00344
G1 X142.854 Y121.199 E.00344
G1 X142.899 Y121.154 E.00345
G1 E-8 F1500
G1 Z5 F3000
G1 X144.803 Y121.871 F12000
G1 Z4.8 F3000
G1 E10 F1500
G1 F1838.235
G1 X144.008 Y121.67 E.04451
;WIDTH:0.626836
G1 F1679.615
G1 X143.889 Y121.52 E.01137
;WIDTH:0.675
G1 F1546.195
G1 X143.77 Y121.37 E.01236
G1 X132.13 Y109.73 E1.0623
G1 X131.843 Y108.585 E.07618
G1 X144.923 Y121.664 E1.19368
G1 X145.967 Y121.852 E.06846
M73 P87 R2
G1 X131.649 Y107.533 E1.30675
G1 X131.529 Y106.556 E.06352
G1 X146.944 Y121.971 E1.40682
G1 X147.857 Y122.027 E.05903
G1 X131.469 Y105.638 E1.49567
G1 X131.459 Y104.771 E.05595
G1 X148.725 Y122.037 E1.57575
G1 X149.551 Y122.006 E.05334
G1 X131.491 Y103.946 E1.64821
G1 X131.558 Y103.155 E.05123
G1 X150.342 Y121.939 E1.71429
G1 X151.1 Y121.84 E.04933
G1 X131.658 Y102.397 E1.77439
G1 X131.789 Y101.671 E.04761
G1 X151.831 Y121.713 E1.8291
G1 X152.533 Y121.558 E.04639
G1 X131.941 Y100.966 E1.87929
G1 X132.125 Y100.292 E.04509
G1 X153.208 Y121.375 E1.9241
G1 X153.863 Y121.172 E.04425
G1 X132.328 Y99.637 E1.96535
G1 X132.55 Y99.002 E.04341
M73 P88 R2
G1 X154.499 Y120.951 E2.00314
G1 X155.11 Y120.705 E.04251
G1 X132.793 Y98.387 E2.03677
G1 X133.059 Y97.796 E.04182
G1 X155.708 Y120.445 E2.06702
G1 X156.28 Y120.16 E.04124
G1 X133.341 Y97.221 E2.09349
G1 X133.638 Y96.66 E.04096
G1 X156.84 Y119.862 E2.11749
G1 X157.378 Y119.543 E.04036
G1 X133.956 Y96.121 E2.13757
G1 X134.291 Y95.598 E.04008
G1 X157.904 Y119.211 E2.155
G1 X158.412 Y118.862 E.03977
G1 X134.638 Y95.087 E2.16974
G1 X135.004 Y94.597 E.03947
G1 X158.902 Y118.494 E2.18096
G1 X159.381 Y118.116 E.03938
M73 P89 R2
G1 X135.384 Y94.119 E2.19004
G1 X135.783 Y93.66 E.03925
G1 X159.841 Y117.718 E2.19561
G1 X160.288 Y117.308 E.03914
G1 X136.194 Y93.214 E2.1989
G1 X136.619 Y92.781 E.03915
G1 X160.716 Y116.878 E2.19917
G1 X161.131 Y116.436 E.03913
M73 P89 R1
G1 X137.064 Y92.369 E2.19643
G1 X137.52 Y91.967 E.03923
G1 X161.534 Y115.981 E2.1916
G1 X161.915 Y115.505 E.03935
G1 X137.995 Y91.585 E2.18302
G1 X138.48 Y91.212 E.03948
G1 X162.284 Y115.016 E2.17243
G1 X162.64 Y114.515 E.03966
M73 P90 R1
G1 X138.988 Y90.863 E2.15856
G1 X139.509 Y90.527 E.04001
G1 X162.974 Y113.991 E2.14145
G1 X163.293 Y113.453 E.04036
G1 X140.043 Y90.203 E2.12187
G1 X140.599 Y89.901 E.04083
G1 X163.599 Y112.901 E2.09905
G1 X163.884 Y112.329 E.04124
G1 X141.171 Y89.616 E2.07286
G1 X141.763 Y89.35 E.04188
G1 X164.153 Y111.741 E2.04343
G1 X164.398 Y111.128 E.0426
G1 X142.371 Y89.101 E2.01026
G1 X142.997 Y88.87 E.04306
G1 X164.627 Y110.499 E1.97398
G1 X164.836 Y109.851 E.04394
G1 X143.649 Y88.664 E1.93359
G1 X144.32 Y88.478 E.04493
M73 P91 R1
G1 X165.022 Y109.18 E1.88933
G1 X165.183 Y108.483 E.04616
G1 X145.02 Y88.32 E1.84014
G1 X145.743 Y88.186 E.04745
G1 X165.317 Y107.76 E1.78639
G1 X165.424 Y107.009 E.04895
G1 X146.495 Y88.08 E1.72752
G1 X147.277 Y88.005 E.0507
G1 X165.499 Y106.227 E1.663
G1 X165.537 Y105.407 E.05297
G1 X148.096 Y87.967 E1.59168
G1 X148.955 Y87.968 E.05543
G1 X165.535 Y104.548 E1.51314
G1 X165.487 Y103.642 E.05855
G1 X149.866 Y88.021 E1.42562
G1 X150.823 Y88.121 E.06209
G1 X165.384 Y102.682 E1.32888
G1 X165.209 Y101.649 E.06761
G1 X151.853 Y88.293 E1.21891
G1 X152.971 Y88.554 E.07409
G1 X164.939 Y100.522 E1.09224
G1 X164.801 Y99.644 E.05736
M73 P92 R1
;WIDTH:0.578673
G1 F1838.235
G1 X164.756 Y99.69 E.00349
G1 X164.772 Y99.751 E.00342
G1 X164.834 Y99.768 E.00349
G1 X164.879 Y99.723 E.00345
G1 X164.862 Y99.661 E.00349
;WIDTH:0.626836
G1 F1679.615
G1 X164.707 Y99.469 E.01466
;WIDTH:0.675
G1 F1546.195
G1 X164.552 Y99.277 E.01592
G1 X154.223 Y88.948 E.94266
G1 X154.031 Y88.795 E.01584
;WIDTH:0.626836
G1 F1679.615
G1 X153.839 Y88.641 E.01462
;WIDTH:0.578673
G1 F1838.235
G1 X153.856 Y88.703 E.00349
G1 X153.81 Y88.748 E.00349
G1 X153.749 Y88.731 E.00344
G1 X153.732 Y88.67 E.00344
G1 X153.777 Y88.625 E.00345
G1 E-8 F1500
G1 Z5 F3000
G1 X155.235 Y89.189 F12000
G1 Z4.8 F3000
G1 E10 F1500
G1 F1838.235
G1 X155.19 Y89.234 E.00345
G1 X155.206 Y89.296 E.00348
G1 X155.268 Y89.312 E.00348
G1 X155.313 Y89.267 E.00345
G1 X155.296 Y89.206 E.00344
;WIDTH:0.626836
G1 F1679.615
G1 X155.488 Y89.377 E.01527
;WIDTH:0.675
G1 F1546.195
G1 X155.68 Y89.548 E.01659
G1 X163.961 Y97.829 E.75575
G1 X164.099 Y98.013 E.01484
;WIDTH:0.626836
G1 F1679.615
G1 X164.237 Y98.196 E.01362
;WIDTH:0.578673
G1 F1838.235
G1 X164.191 Y98.241 E.00349
G1 X164.208 Y98.303 E.00349
G1 X164.27 Y98.319 E.00348
G1 X164.315 Y98.274 E.00345
G1 X164.298 Y98.213 E.00344
G1 E-8 F1500
G1 Z5 F3000
G1 X163.309 Y96.327 F12000
G1 Z4.8 F3000
G1 E10 F1500
G1 F1838.235
G1 X163.326 Y96.389 E.00349
G1 X163.281 Y96.434 E.00345
G1 X163.219 Y96.417 E.00349
G1 X163.202 Y96.356 E.00344
G1 X163.248 Y96.311 E.00349
;WIDTH:0.626836
G1 F1679.615
G1 X163.09 Y96.127 E.01441
;WIDTH:0.675
G1 F1546.195
G1 X162.933 Y95.944 E.01556
G1 X157.366 Y90.378 E.50802
;WIDTH:0.626836
G1 F1679.615
G1 X157.175 Y90.187 E.01605
;WIDTH:0.578673
G1 F1838.235
G1 X157.191 Y90.249 E.00348
G1 X157.146 Y90.294 E.00345
G1 X157.084 Y90.277 E.00349
G1 X157.068 Y90.216 E.00342
G1 X157.113 Y90.171 E.00345
G1 E-8 F1500
G1 Z5 F3000
G1 X158.86 Y91.253 F12000
G1 Z4.8 F3000
G1 E10 F1500
G1 F1838.235
G1 X159.532 Y91.853 E.0489
G1 X160.823 Y93.1 E.09743
G1 X161.444 Y93.748 E.04872
G1 X162.437 Y94.86 E.08092
;LAYER_CHANGE
;Z:5.12
;HEIGHT:0.32

G1 E-8 F1500
G1 Z5.12 F3000
;AFTER_LAYER_CHANGE
;5.12
G92 E0
_ON_LAYER_CHANGE LAYER=16
G1 Z5.32
G1 X148.508 Y85.344 F12000
G1 Z5.12 F3000
G1 E10 F1500
;TYPE:External perimeter
;WIDTH:0.675
G1 F1546.195
G1 X148.842 Y85.341 E.02155
G1 X149.528 Y85.364 E.04429
G1 X150.555 Y85.445 E.06648
G1 X151.576 Y85.58 E.06646
G1 X152.588 Y85.767 E.06641
G1 X153.588 Y86.007 E.06637
G1 X154.247 Y86.196 E.04424
G1 X155.225 Y86.523 E.06655
G1 X156.183 Y86.901 E.06646
G1 X157.119 Y87.328 E.06639
G1 X158.033 Y87.803 E.06647
G1 X158.919 Y88.325 E.06636
G1 X159.778 Y88.894 E.06649
G1 X160.607 Y89.507 E.06653
G1 X161.138 Y89.937 E.04409
G1 X161.91 Y90.62 E.06652
G1 X162.644 Y91.341 E.0664
G1 X163.339 Y92.1 E.06641
G1 X163.993 Y92.894 E.06638
G1 X164.406 Y93.442 E.04428
G1 X164.99 Y94.291 E.0665
G1 X165.528 Y95.169 E.06645
G1 X166.019 Y96.073 E.06639
G1 X166.462 Y97.003 E.06648
G1 X166.856 Y97.954 E.06643
G1 X167.2 Y98.924 E.06642
G1 X167.492 Y99.91 E.06636
G1 X167.658 Y100.575 E.04423
G1 X167.864 Y101.586 E.06658
G1 X168.016 Y102.604 E.06642
G1 X168.114 Y103.628 E.06638
G1 X168.159 Y105.342 E.11065
G1 X168.114 Y106.372 E.06653
G1 X168.016 Y107.395 E.06632
G1 X167.921 Y108.074 E.04424
G1 X167.732 Y109.09 E.06669
G1 X167.579 Y109.755 E.04404
G1 X167.303 Y110.749 E.06657
G1 X166.977 Y111.725 E.0664
G1 X166.599 Y112.683 E.06646
G1 X166.172 Y113.621 E.06651
G1 X165.862 Y114.23 E.0441
G1 X165.354 Y115.127 E.06652
G1 X164.801 Y115.995 E.06642
G1 X164.203 Y116.833 E.06644
G1 X163.562 Y117.639 E.06646
G1 X162.88 Y118.41 E.06643
G1 X162.159 Y119.144 E.0664
G1 X161.4 Y119.839 E.06641
G1 X160.605 Y120.494 E.06647
G1 X159.778 Y121.106 E.06639
G1 X158.919 Y121.675 E.06649
G1 X158.032 Y122.197 E.06642
G1 X157.121 Y122.672 E.0663
G1 X156.499 Y122.962 E.04429
G1 X155.546 Y123.356 E.06655
G1 X154.576 Y123.7 E.06642
G1 X153.588 Y123.993 E.0665
G1 X152.925 Y124.158 E.04409
G1 X151.914 Y124.364 E.06658
G1 X150.896 Y124.516 E.06642
G1 X149.872 Y124.614 E.06638
G1 X148.844 Y124.659 E.0664
G1 X148.158 Y124.659 E.04427
G1 X147.13 Y124.615 E.0664
G1 X146.446 Y124.555 E.04431
G1 X145.424 Y124.42 E.06653
G1 X144.41 Y124.232 E.06655
G1 X143.745 Y124.079 E.04404
G1 X142.751 Y123.803 E.06657
G1 X141.775 Y123.477 E.0664
G1 X140.817 Y123.099 E.06646
G1 X139.881 Y122.672 E.06639
G1 X138.967 Y122.197 E.06647
G1 X138.081 Y121.675 E.06636
G1 X137.221 Y121.106 E.06655
G1 X136.668 Y120.704 E.04412
G1 X135.861 Y120.062 E.06655
G1 X135.09 Y119.38 E.06643
G1 X134.355 Y118.658 E.06649
G1 X133.889 Y118.158 E.04411
G1 X133.219 Y117.374 E.06655
G1 X132.593 Y116.557 E.06642
G1 X132.009 Y115.708 E.0665
G1 X131.647 Y115.128 E.04412
G1 X131.139 Y114.231 E.06652
G1 X130.68 Y113.31 E.06641
G1 X130.269 Y112.366 E.06644
G1 X129.909 Y111.401 E.06647
G1 X129.599 Y110.42 E.06639
G1 X129.342 Y109.423 E.06644
G1 X129.137 Y108.416 E.06632
G1 X129.029 Y107.738 E.0443
G1 X128.912 Y106.714 E.06651
G1 X128.85 Y105.686 E.06646
G1 X128.841 Y104.657 E.06641
G1 X128.885 Y103.63 E.06634
G1 X128.945 Y102.946 E.04431
G1 X129.08 Y101.924 E.06653
G1 X129.268 Y100.911 E.06649
G1 X129.421 Y100.245 E.0441
G1 X129.697 Y99.251 E.06657
G1 X130.023 Y98.275 E.0664
G1 X130.401 Y97.317 E.06646
G1 X130.828 Y96.381 E.06639
G1 X131.303 Y95.468 E.06642
G1 X131.825 Y94.581 E.06642
G1 X132.394 Y93.721 E.06655
G1 X132.796 Y93.168 E.04412
G1 X133.438 Y92.361 E.06655
G1 X134.12 Y91.59 E.06643
G1 X134.842 Y90.855 E.06649
G1 X135.342 Y90.389 E.04411
G1 X136.126 Y89.719 E.06655
G1 X136.943 Y89.093 E.06642
G1 X137.791 Y88.51 E.06641
G1 X138.669 Y87.972 E.06645
G1 X139.572 Y87.481 E.06633
G1 X140.189 Y87.18 E.0443
G1 X141.136 Y86.769 E.06662
G1 X141.774 Y86.524 E.0441
G1 X142.751 Y86.197 E.06649
G1 X143.743 Y85.922 E.06643
G1 X144.748 Y85.699 E.06643
G1 X145.764 Y85.529 E.06648
G1 X146.786 Y85.412 E.06638
G1 X147.814 Y85.35 E.06646
G1 X148.478 Y85.344 E.04285
G1 X149.078 Y85.35 F12000
G1 E-8 F1500
G1 Z5.32 F3000
G1 X164.251 Y116.459 F12000
G1 Z5.12 F3000
M73 P93 R1
G1 E10 F1500
;TYPE:Top solid infill
;WIDTH:0.603132
G1 F1754.11
G1 X161.842 Y118.868 E.19379
G1 X161.126 Y119.524 E.05524
G1 X160.348 Y120.165 E.05734
G1 X159.538 Y120.765 E.05734
G1 X158.541 Y121.413 E.06764
G1 X164.915 Y115.039 E.51276
G1 X165.494 Y114.032 E.06608
G1 X165.827 Y113.372 E.04205
G1 X156.87 Y122.328 E.72051
G1 X156.331 Y122.58 E.03385
G1 X155.532 Y122.911 E.0492
G1 X166.405 Y112.038 E.87469
G1 X166.584 Y111.582 E.02787
G1 X166.826 Y110.861 E.04326
G1 X154.357 Y123.33 E1.00308
G1 X153.295 Y123.636 E.06287
G1 X167.134 Y109.797 E1.11329
G1 X167.359 Y108.816 E.05725
G1 X152.32 Y123.855 E1.20982
G1 X151.401 Y124.019 E.0531
G1 X167.524 Y107.895 E1.29707
G1 X167.632 Y107.032 E.04947
G1 X150.532 Y124.132 E1.37562
G1 X149.703 Y124.204 E.04733
G1 X167.704 Y106.203 E1.4481
G1 X167.739 Y105.413 E.04498
G1 X148.913 Y124.239 E1.51447
G1 X148.154 Y124.242 E.04318
G1 X167.742 Y104.654 E1.57577
G1 X167.71 Y103.93 E.04122
G1 X147.43 Y124.21 E1.63144
G1 X146.724 Y124.16 E.04026
G1 X167.657 Y103.228 E1.68393
G1 X167.585 Y102.543 E.03918
G1 X146.047 Y124.081 E1.73264
M73 P94 R1
G1 X145.384 Y123.989 E.03808
G1 X167.487 Y101.886 E1.77809
G1 X167.369 Y101.248 E.03691
G1 X144.746 Y123.87 E1.81989
G1 X144.123 Y123.738 E.03623
G1 X167.24 Y100.621 E1.85967
G1 X167.089 Y100.017 E.03542
G1 X143.521 Y123.584 E1.89591
G1 X142.93 Y123.42 E.03489
G1 X166.916 Y99.433 E1.92961
G1 X166.734 Y98.859 E.03425
G1 X142.361 Y123.233 E1.96075
G1 X141.8 Y123.038 E.03378
G1 X166.537 Y98.301 E1.98999
G1 X166.324 Y97.758 E.03318
M73 P94 R0
G1 X141.257 Y122.824 E2.01649
G1 X140.726 Y122.599 E.03281
G1 X166.102 Y97.224 E2.04135
G1 X165.86 Y96.71 E.03232
M73 P95 R0
G1 X140.207 Y122.363 E2.06368
G1 X139.704 Y122.11 E.03203
G1 X165.614 Y96.201 E2.08431
G1 X165.348 Y95.711 E.03172
G1 X139.207 Y121.851 E2.10289
G1 X138.73 Y121.573 E.03141
G1 X165.075 Y95.228 E2.11934
G1 X164.788 Y94.759 E.03128
G1 X138.256 Y121.291 E2.13439
G1 X137.801 Y120.989 E.03106
G1 X164.49 Y94.3 E2.14702
G1 X164.183 Y93.852 E.03089
G1 X137.351 Y120.684 E2.15852
G1 X136.913 Y120.366 E.03079
G1 X163.864 Y93.415 E2.16809
G1 X163.533 Y92.991 E.0306
G1 X136.492 Y120.031 E2.17529
G1 X136.074 Y119.693 E.03058
M73 P96 R0
G1 X163.191 Y92.576 E2.18145
G1 X162.839 Y92.172 E.03048
G1 X135.673 Y119.339 E2.18543
G1 X135.277 Y118.979 E.03044
G1 X162.478 Y91.778 E2.18821
G1 X162.104 Y91.396 E.03041
G1 X134.896 Y118.604 E2.18877
G1 X134.521 Y118.223 E.03041
G1 X161.723 Y91.021 E2.18829
G1 X161.327 Y90.661 E.03044
G1 X134.158 Y117.83 E2.18563
G1 X133.81 Y117.423 E.03046
G1 X160.926 Y90.307 E2.18137
G1 X160.511 Y89.966 E.03055
G1 X133.466 Y117.01 E2.17562
G1 X133.138 Y116.583 E.03063
M73 P97 R0
G1 X160.083 Y89.638 E2.16761
G1 X159.648 Y89.317 E.03075
G1 X132.817 Y116.147 E2.1584
G1 X132.51 Y115.7 E.03085
G1 X159.199 Y89.01 E2.14706
G1 X158.744 Y88.709 E.03103
G1 X132.21 Y115.243 E2.13455
G1 X131.925 Y114.772 E.03132
G1 X158.27 Y88.427 E2.11934
G1 X157.793 Y88.149 E.03141
G1 X131.652 Y114.29 E2.10293
G1 X131.389 Y113.797 E.03178
G1 X157.296 Y87.89 E2.08411
G1 X156.793 Y87.637 E.03203
G1 X131.137 Y113.292 E2.06388
G1 X130.901 Y112.773 E.03243
G1 X156.273 Y87.401 E2.04107
G1 X155.742 Y87.176 E.03281
M73 P98 R0
G1 X130.672 Y112.246 E2.01678
G1 X130.465 Y111.697 E.03338
G1 X155.2 Y86.962 E1.98983
G1 X154.639 Y86.767 E.03378
G1 X130.265 Y111.142 E1.96083
G1 X130.083 Y110.567 E.03431
G1 X154.071 Y86.58 E1.92969
G1 X153.483 Y86.411 E.0348
G1 X129.916 Y109.979 E1.89591
G1 X129.761 Y109.378 E.03531
G1 X152.874 Y86.265 E1.85934
G1 X152.254 Y86.13 E.03609
G1 X129.631 Y108.752 E1.81989
G1 X129.511 Y108.116 E.03682
G1 X151.616 Y86.011 E1.77825
G1 X150.953 Y85.919 E.03808
G1 X129.417 Y107.455 E1.73248
G1 X129.34 Y106.776 E.03887
M73 P99 R0
G1 X150.271 Y85.844 E1.68385
G1 X149.564 Y85.796 E.04031
G1 X129.291 Y106.069 E1.63088
G1 X129.264 Y105.34 E.0415
G1 X148.835 Y85.769 E1.5744
G1 X148.081 Y85.767 E.04289
G1 X129.261 Y104.587 E1.51399
G1 X129.296 Y103.797 E.04498
G1 X147.293 Y85.799 E1.44782
G1 X146.468 Y85.869 E.0471
G1 X129.362 Y102.974 E1.37607
G1 X129.477 Y102.104 E.04992
G1 X145.602 Y85.979 E1.29719
G1 X144.684 Y86.14 E.05302
G1 X129.641 Y101.183 E1.21015
G1 X129.866 Y100.203 E.0572
G1 X143.703 Y86.366 E1.11313
G1 X142.639 Y86.674 E.06301
G1 X130.174 Y99.139 E1.00276
G1 X130.416 Y98.418 E.04326
G1 X130.595 Y97.962 E.02787
G1 X141.47 Y87.087 E.87485
G1 X140.126 Y87.675 E.08345
G1 X131.173 Y96.628 E.72023
G1 X131.668 Y95.67 E.06134
G1 X132.087 Y94.959 E.04694
G1 X138.451 Y88.595 E.51196
G1 X138.018 Y88.86 E.02888
G1 X137.188 Y89.43 E.05727
G1 X136.389 Y90.044 E.05732
G1 X135.62 Y90.7 E.0575
G1 X135.166 Y91.124 E.03534
G1 X132.736 Y93.554 E.19548
G1 E-8 F1500
M107
;TYPE:Custom
; Filament-specific end gcode
; Filament-specific end gcode
END_PRINT
M73 P100 R0
; objects_info = {"objects":[]}
; filament used [mm] = 1888.27, 0.00
; filament used [cm3] = 4.54, 0.00
; filament used [g] = 5.63, 0.00
; filament cost = 0.20, 0.00
; total filament used [g] = 5.63
; total filament cost = 0.20
; total filament used for wipe tower [g] = 0.00
; estimated printing time (normal mode) = 19m 3s
; estimated first layer printing time (normal mode) = 1m 36s

; prusaslicer_config = begin
; arc_fitting = disabled
; autoemit_temperature_commands = 0
; automatic_extrusion_widths = 0
; automatic_infill_combination = 0
; automatic_infill_combination_max_layer_height = 100%
; avoid_crossing_curled_overhangs = 1
; avoid_crossing_perimeters = 0
; avoid_crossing_perimeters_max_detour = 300%
; bed_custom_model = 
; bed_custom_texture = 
; bed_shape = 0x0,297x0,297x210,0x210
; bed_temperature = 60,60
; bed_temperature_extruder = 0
; before_layer_gcode = \n
; between_objects_gcode = G92 E0
; binary_gcode = 0
; bottom_fill_pattern = monotonic
; bottom_solid_layers = 5
; bottom_solid_min_thickness = 1
; bridge_acceleration = 1000
; bridge_angle = 0
; bridge_fan_speed = 100,100
; bridge_flow_ratio = 0.7
; bridge_speed = 0
; brim_separation = 0
; brim_type = outer_only
; brim_width = 0
; chamber_minimal_temperature = 0,0
; chamber_temperature = 0,0
; color_change_gcode = M600
; colorprint_heights = 
; compatible_printers_condition_cummulative = ;"printer_notes!~/.*NO_TEMPLATES.*/ and printer_notes!~/.*PRINTER_VENDOR_TRILAB.*/ and printer_notes!~/.*PRINTER_MODEL_MK4IS.*/ and ! (printer_notes=~/.*PRINTER_VENDOR_PRUSA3D.*/ and num_extruders>1) and printer_model == \"VC4_500 IDEX\"";"printer_notes!~/.*NO_TEMPLATES.*/ and printer_notes!~/.*PRINTER_VENDOR_TRILAB.*/ and printer_notes!~/.*PRINTER_MODEL_MK4IS.*/ and ! (printer_notes=~/.*PRINTER_VENDOR_PRUSA3D.*/ and num_extruders>1) and printer_model == \"VC4_500 IDEX\""
; complete_objects = 0
; cooling = 1,1
; cooling_perimeter_transition_distance = 0,0
; cooling_slowdown_logic = uniform_cooling,uniform_cooling
; cooling_tube_length = 5
; cooling_tube_retraction = 91.5
; custom_parameters_filament = ;
; custom_parameters_print = 
; custom_parameters_printer = 
; default_acceleration = 1000
; default_filament_profile = "PunkFil PETG @RatRig"
; default_print_profile = QUALITY_0.20mm_Nozzle_0.6_VC4_IDEX
; deretract_speed = 25,120
; disable_fan_first_layers = 1,1
; dont_support_bridges = 0
; draft_shield = disabled
; duplicate_distance = 6
; elefant_foot_compensation = 0
; enable_dynamic_fan_speeds = 0,0
; enable_dynamic_overhang_speeds = 1
; end_filament_gcode = "; Filament-specific end gcode";"; Filament-specific end gcode"
; end_gcode = END_PRINT\n
; ensure_vertical_shell_thickness = enabled
; external_perimeter_acceleration = 1000
; external_perimeter_extrusion_width = 0
; external_perimeter_speed = 50%
; external_perimeters_first = 1
; extra_loading_move = -2
; extra_perimeters = 1
; extra_perimeters_on_overhangs = 0
; extruder_clearance_height = 25
; extruder_clearance_radius = 45
; extruder_colour = #0080FF;#FF8000
; extruder_offset = 0x0,0x0
; extrusion_axis = E
; extrusion_multiplier = 0.8,0.8
; extrusion_width = 0
; fan_always_on = 1,1
; fan_below_layer_time = 100,100
; filament_abrasive = 0,0
; filament_colour = #FF8000;#FF8000
; filament_cooling_final_speed = 2,2
; filament_cooling_initial_speed = 3,3
; filament_cooling_moves = 1,1
; filament_cost = 36.29,36.29
; filament_density = 1.24,1.24
; filament_deretract_speed = nil,nil
; filament_diameter = 1.75,1.75
; filament_infill_max_crossing_speed = 0,0
; filament_infill_max_speed = 0,0
; filament_load_time = 0,0
; filament_loading_speed = 14,14
; filament_loading_speed_start = 19,19
; filament_max_volumetric_speed = 5,5
; filament_minimal_purge_on_wipe_tower = 0,0
; filament_multitool_ramming = 0,0
; filament_multitool_ramming_flow = 10,10
; filament_multitool_ramming_volume = 10,10
; filament_notes = "Affordable filament for everyday printing in premium quality manufactured in-house by Josef Prusa";"Affordable filament for everyday printing in premium quality manufactured in-house by Josef Prusa"
; filament_purge_multiplier = 100%,100%
; filament_ramming_parameters = "130 120 2.70968 2.93548 3.32258 3.83871 4.58065 5.54839 6.51613 7.35484 7.93548 8.16129| 0.05 2.66451 0.45 3.05805 0.95 4.05807 1.45 5.97742 1.95 7.69999 2.45 8.1936 2.95 11.342 3.45 11.4065 3.95 7.6 4.45 7.6 4.95 7.6";"130 120 2.70968 2.93548 3.32258 3.83871 4.58065 5.54839 6.51613 7.35484 7.93548 8.16129| 0.05 2.66451 0.45 3.05805 0.95 4.05807 1.45 5.97742 1.95 7.69999 2.45 8.1936 2.95 11.342 3.45 11.4065 3.95 7.6 4.45 7.6 4.95 7.6"
; filament_retract_before_travel = nil,nil
; filament_retract_before_wipe = nil,nil
; filament_retract_layer_change = nil,nil
; filament_retract_length = nil,nil
; filament_retract_length_toolchange = nil,nil
; filament_retract_lift = nil,nil
; filament_retract_lift_above = nil,nil
; filament_retract_lift_below = nil,nil
; filament_retract_restart_extra = nil,nil
; filament_retract_restart_extra_toolchange = nil,nil
; filament_retract_speed = nil,nil
; filament_seam_gap_distance = nil,nil
; filament_settings_id = "PLA CCF Temp thingy";"PLA CCF Temp thingy"
; filament_shrinkage_compensation_xy = 0%,0%
; filament_shrinkage_compensation_z = 0%,0%
; filament_soluble = 0,0
; filament_spool_weight = 201,201
; filament_stamping_distance = 0,0
; filament_stamping_loading_speed = 20,20
; filament_toolchange_delay = 0,0
; filament_travel_lift_before_obstacle = nil,nil
; filament_travel_max_lift = nil,nil
; filament_travel_ramping_lift = nil,nil
; filament_travel_slope = nil,nil
; filament_type = PLA;PLA
; filament_unload_time = 0,0
; filament_unloading_speed = 20,20
; filament_unloading_speed_start = 100,100
; filament_vendor = Prusa Polymers
; filament_wipe = nil,nil
; fill_angle = 45
; fill_density = 15%
; fill_pattern = gyroid
; first_layer_acceleration = 1000
; first_layer_acceleration_over_raft = 0
; first_layer_bed_temperature = 60,60
; first_layer_extrusion_width = 0
; first_layer_height = 0.32
; first_layer_infill_speed = 0
; first_layer_speed = 70%
; first_layer_speed_over_raft = 30
; first_layer_temperature = 215,215
; full_fan_speed_layer = 3,3
; fuzzy_skin = none
; fuzzy_skin_point_dist = 0.8
; fuzzy_skin_thickness = 0.3
; gap_fill_enabled = 0
; gap_fill_speed = 100
; gcode_comments = 0
; gcode_flavor = klipper
; gcode_label_objects = disabled
; gcode_resolution = 0.0125
; gcode_substitutions = 
; high_current_on_filament_swap = 0
; host_type = prusalink
; idle_temperature = 180,180
; infill_acceleration = 1000
; infill_anchor = 300%
; infill_anchor_max = 5
; infill_every_layers = 1
; infill_extruder = 1
; infill_extrusion_width = 0
; infill_first = 0
; infill_overlap = 25%
; infill_speed = 0
; inherits_cummulative = ;"Prusament PLA @Template";"Prusament PLA @Template";
; interface_shells = 0
; interlocking_beam = 0
; interlocking_beam_layer_count = 2
; interlocking_beam_width = 0.8
; interlocking_boundary_avoidance = 2
; interlocking_depth = 2
; interlocking_orientation = 22.5
; ironing = 0
; ironing_flowrate = 15%
; ironing_spacing = 0.3
; ironing_speed = 200
; ironing_type = top
; layer_gcode = ;AFTER_LAYER_CHANGE\n;[layer_z]\nG92 E0\n_ON_LAYER_CHANGE LAYER={layer_num + 1}
; layer_height = 0.32
; machine_limits_usage = time_estimate_only
; machine_max_acceleration_e = 1000
; machine_max_acceleration_extruding = 1000
; machine_max_acceleration_retracting = 1000
; machine_max_acceleration_travel = 9000,1250
; machine_max_acceleration_x = 1000
; machine_max_acceleration_y = 1000
; machine_max_acceleration_z = 1000
; machine_max_feedrate_e = 120
; machine_max_feedrate_x = 200
; machine_max_feedrate_y = 200
; machine_max_feedrate_z = 5
; machine_max_jerk_e = 5
; machine_max_jerk_x = 5
; machine_max_jerk_y = 5
; machine_max_jerk_z = 0.4
; machine_max_junction_deviation = 0,0
; machine_min_extruding_rate = 0
; machine_min_travel_rate = 0
; max_fan_speed = 100,100
; max_layer_height = 0.32,0.32
; max_print_height = 140
; max_print_speed = 100
; max_volumetric_extrusion_rate_slope_negative = 0
; max_volumetric_extrusion_rate_slope_positive = 0
; max_volumetric_speed = 10
; min_bead_width = 85%
; min_fan_speed = 100,100
; min_feature_size = 25%
; min_layer_height = 0.08,0.08
; min_print_speed = 10,10
; min_skirt_length = 4
; mmu_segmented_region_interlocking_depth = 0
; mmu_segmented_region_max_width = 0
; multimaterial_purging = 140
; notes = BE CAREFULL, THIS IS A HIGH SPEED PROFILE, DO NOT USE IT UNLESS YOU ARE SURE YOUR MACHINE IS MECHANICALLY WELL TUNED!
; nozzle_diameter = 0.6,1
; nozzle_high_flow = 0,0
; only_one_perimeter_first_layer = 1
; only_retract_when_crossing_perimeters = 0
; ooze_prevention = 0
; output_filename_format = {input_filename_base}_{filament_type[0]}_{print_settings_id}_{print_time}.gcode
; over_bridge_speed = 0
; overhang_fan_speed_0 = 0,0
; overhang_fan_speed_1 = 0,0
; overhang_fan_speed_2 = 0,0
; overhang_fan_speed_3 = 0,0
; overhang_speed_0 = 20%
; overhang_speed_1 = 40%
; overhang_speed_2 = 60%
; overhang_speed_3 = 80%
; overhangs = 1
; parking_pos_retraction = 92
; pause_print_gcode = M601
; perimeter_acceleration = 1000
; perimeter_extruder = 1
; perimeter_extrusion_width = 0.8
; perimeter_generator = arachne
; perimeter_speed = 0
; perimeters = 4
; physical_printer_settings_id = Anisoprint
; post_process = "\"C:\\Users\\dhilu\\AppData\\Local\\Programs\\Python\\Python313\\python.exe\" \"C:\\Users\\dhilu\\Documents\\Anisoprint\\process.py\""
; prefer_clockwise_movements = 0
; print_settings_id = Anisoprint
; printer_model = VC4_500 IDEX
; printer_notes = 
; printer_settings_id = Anisoprint
; printer_technology = FFF
; printer_variant = 0.6
; printer_vendor = 
; raft_contact_distance = 0.1
; raft_expansion = 1.5
; raft_first_layer_density = 90%
; raft_first_layer_expansion = 4
; raft_layers = 0
; remaining_times = 1
; resolution = 0
; retract_before_travel = 1,1
; retract_before_wipe = 0%,0%
; retract_layer_change = 0,0
; retract_length = 8,8
; retract_length_toolchange = 1,1
; retract_lift = 0.2,0.2
; retract_lift_above = 0.2,0.2
; retract_lift_below = 0,0
; retract_restart_extra = 2,20
; retract_restart_extra_toolchange = 0,0
; retract_speed = 25,120
; scarf_seam_entire_loop = 0
; scarf_seam_length = 10
; scarf_seam_max_segment_length = 1
; scarf_seam_on_inner_perimeters = 0
; scarf_seam_only_on_smooth = 1
; scarf_seam_placement = nowhere
; scarf_seam_start_height = 20%
; seam_gap_distance = 5%
; seam_position = aligned
; silent_mode = 0
; single_extruder_multi_material = 0
; single_extruder_multi_material_priming = 1
; skirt_distance = 10
; skirt_height = 1
; skirts = 1
; slice_closing_radius = 0.049
; slicing_mode = regular
; slowdown_below_layer_time = 10,10
; small_perimeter_speed = 80%
; solid_infill_acceleration = 1000
; solid_infill_below_area = 0
; solid_infill_every_layers = 0
; solid_infill_extruder = 1
; solid_infill_extrusion_width = 0
; solid_infill_speed = 80%
; spiral_vase = 0
; staggered_inner_seams = 0
; standby_temperature_delta = -5
; start_filament_gcode = "; Filament gcode\n";"; Filament gcode\n"
; start_gcode = PRINT_START BED_TEMP={first_layer_bed_temperature[0]} EXTRUDER_TEMP={first_layer_temperature[0]} EXTRUDER1_TEMP={first_layer_temperature[1]}
; support_material = 1
; support_material_angle = 0
; support_material_auto = 0
; support_material_bottom_contact_distance = 0
; support_material_bottom_interface_layers = 1
; support_material_buildplate_only = 0
; support_material_closing_radius = 2
; support_material_contact_distance = 0.25
; support_material_enforce_layers = 0
; support_material_extruder = 1
; support_material_extrusion_width = 0
; support_material_interface_contact_loops = 0
; support_material_interface_extruder = 1
; support_material_interface_layers = 3
; support_material_interface_pattern = rectilinear
; support_material_interface_spacing = 0.05
; support_material_interface_speed = 65%
; support_material_pattern = rectilinear
; support_material_spacing = 3
; support_material_speed = 150
; support_material_style = organic
; support_material_synchronize_layers = 0
; support_material_threshold = 40
; support_material_with_sheath = 0
; support_material_xy_spacing = 0.5
; support_tree_angle = 40
; support_tree_angle_slow = 25
; support_tree_branch_diameter = 3
; support_tree_branch_diameter_angle = 5
; support_tree_branch_diameter_double_wall = 3
; support_tree_branch_distance = 0.5
; support_tree_tip_diameter = 1.2
; support_tree_top_rate = 15%
; temperature = 215,215
; template_custom_gcode = 
; thick_bridges = 1
; thin_walls = 1
; thumbnails = 
; thumbnails_format = PNG
; toolchange_gcode = T[next_extruder]
; top_fill_pattern = monotonic
; top_infill_extrusion_width = 0
; top_one_perimeter_type = topmost
; top_solid_infill_acceleration = 1000
; top_solid_infill_speed = 70%
; top_solid_layers = 5
; top_solid_min_thickness = 1
; travel_acceleration = 1000
; travel_lift_before_obstacle = 0,0
; travel_max_lift = 0,0
; travel_ramping_lift = 0,0
; travel_short_distance_acceleration = 0
; travel_slope = 0,0
; travel_speed = 200
; travel_speed_z = 50
; use_firmware_retraction = 0
; use_relative_e_distances = 1
; use_volumetric_e = 0
; variable_layer_height = 1
; wall_distribution_count = 1
; wall_transition_angle = 10
; wall_transition_filter_deviation = 25%
; wall_transition_length = 100%
; wipe = 0,0
; wipe_into_infill = 0
; wipe_into_objects = 0
; wipe_tower = 0
; wipe_tower_acceleration = 0
; wipe_tower_bridging = 10
; wipe_tower_brim_width = 2
; wipe_tower_cone_angle = 0
; wipe_tower_extra_flow = 100%
; wipe_tower_extra_spacing = 100%
; wipe_tower_extruder = 0
; wipe_tower_no_sparse_layers = 0
; wipe_tower_width = 60
; wiping_volumes_matrix = 0,140,140,0
; wiping_volumes_use_custom_matrix = 0
; xy_size_compensation = 0
; z_offset = 0
; prusaslicer_config = end
