===== Config file =====
[virtual_sdcard]
path = ~/printer_data/gcodes
on_error_gcode = CANCEL_PRINT

[pause_resume]

[display_status]

[respond]

[gcode_macro CANCEL_PRINT]
description = Cancel the actual running print
rename_existing = CANCEL_PRINT_BASE
gcode = 
	
	{% set client = printer['gcode_macro _CLIENT_VARIABLE'] | default({}) %}
	{% set allow_park = client.park_at_cancel | default(false) | lower == 'true' %}
	{% set retract = client.cancel_retract | default(5.0) | abs %}
	
	{% set park_x = "" if (client.park_at_cancel_x | default(none) is none)
	else "X=" ~ client.park_at_cancel_x %}
	{% set park_y = "" if (client.park_at_cancel_y | default(none) is none)
	else "Y=" ~ client.park_at_cancel_y %}
	{% set custom_park = park_x | length > 0 or park_y | length > 0 %}
	
	
	{% if printer['gcode_macro RESUME'].restore_idle_timeout > 0 %}
	SET_IDLE_TIMEOUT TIMEOUT={printer['gcode_macro RESUME'].restore_idle_timeout}
	{% endif %}
	{% if (custom_park or not printer.pause_resume.is_paused) and allow_park %} _TOOLHEAD_PARK_PAUSE_CANCEL {park_x} {park_y} {% endif %}
	_CLIENT_RETRACT LENGTH={retract}
	TURN_OFF_HEATERS
	M106 S0
	{client.user_cancel_macro | default("")}
	SET_GCODE_VARIABLE MACRO=RESUME VARIABLE=idle_state VALUE=False
	
	SET_PAUSE_NEXT_LAYER ENABLE=0
	SET_PAUSE_AT_LAYER ENABLE=0 LAYER=0
	CANCEL_PRINT_BASE

[gcode_macro PAUSE]
description = Pause the actual running print
rename_existing = PAUSE_BASE
gcode = 
	
	{% set client = printer['gcode_macro _CLIENT_VARIABLE'] | default({}) %}
	{% set idle_timeout = client.idle_timeout | default(0) %}
	{% set temp = printer[printer.toolhead.extruder].target if printer.toolhead.extruder != '' else 0 %}
	{% set restore = False if printer.toolhead.extruder == ''
	else True  if params.RESTORE | default(1) | int == 1 else False %}
	
	SET_GCODE_VARIABLE MACRO=RESUME VARIABLE=last_extruder_temp VALUE="{{'restore': restore, 'temp': temp}}"
	
	{% if idle_timeout > 0 %}
	SET_GCODE_VARIABLE MACRO=RESUME VARIABLE=restore_idle_timeout VALUE={printer.configfile.settings.idle_timeout.timeout}
	SET_IDLE_TIMEOUT TIMEOUT={idle_timeout}
	{% endif %}
	PAUSE_BASE
	{client.user_pause_macro | default("")}
	_TOOLHEAD_PARK_PAUSE_CANCEL {rawparams}

[gcode_macro RESUME]
description = Resume the actual running print
rename_existing = RESUME_BASE
variable_last_extruder_temp = {'restore': False, 'temp': 0}
variable_restore_idle_timeout = 0
variable_idle_state = False
gcode = 
	
	{% set client = printer['gcode_macro _CLIENT_VARIABLE'] | default({}) %}
	{% set velocity = printer.configfile.settings.pause_resume.recover_velocity %}
	{% set sp_move = client.speed_move | default(velocity) %}
	{% set runout_resume = True if client.runout_sensor | default("") == ""
	else True if not printer[client.runout_sensor].enabled
	else printer[client.runout_sensor].filament_detected %}
	{% set can_extrude = True if printer.toolhead.extruder == ''
	else printer[printer.toolhead.extruder].can_extrude %}
	{% set do_resume = False %}
	{% set prompt_txt = [] %}
	
	
	{% if printer.idle_timeout.state | upper == "IDLE" or idle_state %}
	SET_GCODE_VARIABLE MACRO=RESUME VARIABLE=idle_state VALUE=False
	{% if last_extruder_temp.restore %}
	
	RESPOND TYPE=echo MSG='{"Restoring \"%s\" temperature to %3.1f\u00B0C, this may take some time" % (printer.toolhead.extruder, last_extruder_temp.temp) }'
	M109 S{last_extruder_temp.temp}
	{% set do_resume = True %}
	{% elif can_extrude %}
	{% set do_resume = True %}
	{% else %}
	RESPOND TYPE=error MSG='{"Resume aborted !!! \"%s\" not hot enough, please heat up again and press RESUME" % printer.toolhead.extruder}'
	{% set _d = prompt_txt.append("\"%s\" not hot enough, please heat up again and press RESUME" % printer.toolhead.extruder) %}
	{% endif %}
	
	{% elif can_extrude %}
	{% set do_resume = True %}
	{% else %}
	RESPOND TYPE=error MSG='{"Resume aborted !!! \"%s\" not hot enough, please heat up again and press RESUME" % printer.toolhead.extruder}'
	{% set _d = prompt_txt.append("\"%s\" not hot enough, please heat up again and press RESUME" % printer.toolhead.extruder) %}
	{% endif %}
	{% if runout_resume %}
	{% if do_resume %}
	{% if restore_idle_timeout > 0 %} SET_IDLE_TIMEOUT TIMEOUT={restore_idle_timeout} {% endif %}
	{client.user_resume_macro | default("")}
	_CLIENT_EXTRUDE
	RESUME_BASE VELOCITY={params.VELOCITY | default(sp_move)}
	{% endif %}
	{% else %}
	RESPOND TYPE=error MSG='{"Resume aborted !!! \"%s\" detects no filament, please load filament and press RESUME" % (client.runout_sensor.split(" "))[1]}'
	{% set _d = prompt_txt.append("\"%s\" detects no filament, please load filament and press RESUME" % (client.runout_sensor.split(" "))[1]) %}
	{% endif %}
	
	{% if not (runout_resume and do_resume) %}
	RESPOND TYPE=command MSG="action:prompt_begin RESUME aborted !!!"
	{% for element in prompt_txt %}
	RESPOND TYPE=command MSG='{"action:prompt_text %s" % element}'
	{% endfor %}
	RESPOND TYPE=command MSG="action:prompt_footer_button Ok|RESPOND TYPE=command MSG=action:prompt_end|info"
	RESPOND TYPE=command MSG="action:prompt_show"
	{% endif %}

[gcode_macro SET_PAUSE_NEXT_LAYER]
description = Enable a pause if the next layer is reached
gcode = 
	{% set pause_next_layer = printer['gcode_macro SET_PRINT_STATS_INFO'].pause_next_layer %}
	{% set ENABLE = params.ENABLE | default(1)|int != 0 %}
	{% set MACRO = params.MACRO | default(pause_next_layer.call, True) %}
	SET_GCODE_VARIABLE MACRO=SET_PRINT_STATS_INFO VARIABLE=pause_next_layer VALUE="{{ 'enable': ENABLE, 'call': MACRO }}"

[gcode_macro SET_PAUSE_AT_LAYER]
description = Enable/disable a pause if a given layer number is reached
gcode = 
	{% set pause_at_layer = printer['gcode_macro SET_PRINT_STATS_INFO'].pause_at_layer %}
	{% set ENABLE = params.ENABLE | int != 0 if params.ENABLE is defined
	else params.LAYER is defined %}
	{% set LAYER = params.LAYER | default(pause_at_layer.layer) | int %}
	{% set MACRO = params.MACRO | default(pause_at_layer.call, True) %}
	SET_GCODE_VARIABLE MACRO=SET_PRINT_STATS_INFO VARIABLE=pause_at_layer VALUE="{{ 'enable': ENABLE, 'layer': LAYER, 'call': MACRO }}"

[gcode_macro SET_PRINT_STATS_INFO]
rename_existing = SET_PRINT_STATS_INFO_BASE
description = Overwrite, to get pause_next_layer and pause_at_layer feature
variable_pause_next_layer = { 'enable': False, 'call': "PAUSE" }
variable_pause_at_layer = { 'enable': False, 'layer': 0, 'call': "PAUSE" }
gcode = 
	{% if pause_next_layer.enable %}
	RESPOND TYPE=echo MSG='{"%s, forced by pause_next_layer" % pause_next_layer.call}'
	{pause_next_layer.call}
	SET_PAUSE_NEXT_LAYER ENABLE=0
	{% elif pause_at_layer.enable and params.CURRENT_LAYER is defined and params.CURRENT_LAYER | int == pause_at_layer.layer %}
	RESPOND TYPE=echo MSG='{"%s, forced by pause_at_layer [%d]" % (pause_at_layer.call, pause_at_layer.layer)}'
	{pause_at_layer.call}
	SET_PAUSE_AT_LAYER ENABLE=0
	{% endif %}
	SET_PRINT_STATS_INFO_BASE {rawparams}

[gcode_macro _TOOLHEAD_PARK_PAUSE_CANCEL]
description = Helper: park toolhead used in PAUSE and CANCEL_PRINT
gcode = 
	
	{% set client = printer['gcode_macro _CLIENT_VARIABLE'] | default({}) %}
	{% set velocity = printer.configfile.settings.pause_resume.recover_velocity %}
	{% set use_custom     = client.use_custom_pos | default(false) | lower == 'true' %}
	{% set custom_park_x  = client.custom_park_x | default(0.0) %}
	{% set custom_park_y  = client.custom_park_y | default(0.0) %}
	{% set park_dz        = client.custom_park_dz | default(2.0) | abs %}
	{% set sp_hop         = client.speed_hop | default(15) * 60 %}
	{% set sp_move        = client.speed_move | default(velocity) * 60 %}
	
	{% set origin    = printer.gcode_move.homing_origin %}
	{% set act       = printer.gcode_move.gcode_position %}
	{% set max       = printer.toolhead.axis_maximum %}
	{% set cone      = printer.toolhead.cone_start_z | default(max.z) %}
	{% set round_bed = True if printer.configfile.settings.printer.kinematics is in ['delta','polar','rotary_delta','winch']
	else False %}
	
	{% set z_min = params.Z_MIN | default(0) | float %}
	{% set z_park = [[(act.z + park_dz), z_min]|max, (max.z - origin.z)] | min %}
	{% set x_park = params.X       if params.X is defined
	else custom_park_x  if use_custom
	else 0.0            if round_bed
	else (max.x - 5.0) %}
	{% set y_park = params.Y       if params.Y is defined
	else custom_park_y  if use_custom
	else (max.y - 5.0)  if round_bed and z_park < cone
	else 0.0            if round_bed
	else (max.y - 5.0) %}
	
	_CLIENT_RETRACT
	{% if "xyz" in printer.toolhead.homed_axes %}
	G90
	G1 Z{z_park} F{sp_hop}
	G1 X{x_park} Y{y_park} F{sp_move}
	{% if not printer.gcode_move.absolute_coordinates %} G91 {% endif %}
	{% else %}
	RESPOND TYPE=echo MSG='Printer not homed'
	{% endif %}

[gcode_macro _CLIENT_EXTRUDE]
description = Extrudes, if the extruder is hot enough
gcode = 
	
	{% set client = printer['gcode_macro _CLIENT_VARIABLE'] | default({}) %}
	{% set use_fw_retract = (client.use_fw_retract | default(false) | lower == 'true') and (printer.firmware_retraction is defined) %}
	{% set length = params.LENGTH | default(client.unretract) | default(1.0) | float %}
	{% set speed = params.SPEED | default(client.speed_unretract) | default(35) %}
	{% set absolute_extrude = printer.gcode_move.absolute_extrude %}
	
	{% if printer.toolhead.extruder != '' %}
	{% if printer[printer.toolhead.extruder].can_extrude %}
	{% if use_fw_retract %}
	{% if length < 0 %}
	G10
	{% else %}
	G11
	{% endif %}
	{% else %}
	M83
	G1 E{length} F{(speed | float | abs) * 60}
	{% if absolute_extrude %}
	M82
	{% endif %}
	{% endif %}
	{% else %}
	RESPOND TYPE=echo MSG='{"\"%s\" not hot enough" % printer.toolhead.extruder}'
	{% endif %}
	{% endif %}

[gcode_macro _CLIENT_RETRACT]
description = Retracts, if the extruder is hot enough
gcode = 
	{% set client = printer['gcode_macro _CLIENT_VARIABLE'] | default({}) %}
	{% set length = params.LENGTH | default(client.retract) | default(1.0) | float %}
	{% set speed = params.SPEED | default(client.speed_retract) | default(35) %}
	
	_CLIENT_EXTRUDE LENGTH=-{length | float | abs} SPEED={speed | float | abs}

[gcode_macro _CLIENT_LINEAR_MOVE]
description = Linear move with save and restore of the gcode state
gcode = 
	{% set x_move = "X" ~ params.X if params.X is defined else "" %}
	{% set y_move = "Y" ~ params.Y if params.Y is defined else "" %}
	{% set z_move = "Z" ~ params.Z if params.Z is defined else "" %}
	{% set e_move = "E" ~ params.E if params.E is defined else "" %}
	{% set rate = "F" ~ params.F if params.F is defined else "" %}
	{% set ABSOLUTE = params.ABSOLUTE | default(0) | int != 0 %}
	{% set ABSOLUTE_E = params.ABSOLUTE_E | default(0) | int != 0 %}
	SAVE_GCODE_STATE NAME=_client_movement
	{% if x_move or y_move or z_move %}
	G9{ 0 if ABSOLUTE else 1 }
	{% endif %}
	{% if e_move %}
	M8{ 2 if ABSOLUTE_E else 3 }
	{% endif %}
	G1 { x_move } { y_move } { z_move } { e_move } { rate }
	RESTORE_GCODE_STATE NAME=_client_movement

[toolchanger]
initialize_on = first-use
verify_tool_pickup = False
require_tool_present = False
uses_axis = xyz
on_axis_not_homed = home
transfer_fan_speed = True

[tool T0]
tool_number = 0
extruder = extruder
gcode_x_offset = 0
gcode_y_offset = 0
gcode_z_offset = 0
pickup_gcode = 
	G90
	
	G1 Y10 F8000
	G1 X284
	G1 Y0
	G1 X305 F2000
	G1 Y10 F8000
	G1 X317
	G1 Y60

[tool T1]
tool_number = 1
extruder = extruder1
gcode_x_offset = -17.5
gcode_y_offset = 1.1
gcode_z_offset = -1.55
pickup_gcode = 
	G90
	
	G1 Y10 F8000
	G1 X322
	G1 Y0
	G1 X302 F2000
	G1 Y10 F8000
	G1 X315
	G1 Y60

[gcode_macro PRINT_START]
gcode = 
	{% set BED_TEMP = params.BED_TEMP|default(60)|float %}
	{% set EXTRUDER_TEMP = params.EXTRUDER_TEMP|default(220)|float %}
	{% set EXTRUDER1_TEMP = params.EXTRUDER1_TEMP|default(220)|float %}
	
	M140 S{BED_TEMP}
	M104 T0 S180
	M104 T1 S180
	
	G90
	
	
	G28
	G1 Y10 F8000
	G1 X316
	
	T0
	
	G1 Z10 F500
	
	M190 S{BED_TEMP}
	
	M104 T1 S{EXTRUDER1_TEMP}
	M109 T0 S{EXTRUDER_TEMP}
	M109 T1 S{EXTRUDER1_TEMP}
	
	
	G1 X325 F8000
	G1 Y60
	G1 X270
	G1 Y0
	G1 Z0.2 F1000
	G1 X300 E20
	G1 Z1

[gcode_macro END_PRINT]
gcode = 
	
	M140 S0
	M104 S0
	M106 S0
	
	G90
	G1 Z145 F8000
	
	G1 Y10
	G1 X316
	G90
	
	M84

[gcode_macro PURGE]
gcode = 
	G90
	G1 Y10 F6000
	G1 X325 F6000
	M83
	G1 E40 F500
	G1 Y60 F6000

[gcode_macro SET_AUTO_LIGHTS]
variable_value = 1
gcode = 
	{% if 'VALUE' not in params %}
	{action_raise_error("Parameter 'VALUE' missing from 'SET_AUTO_LIGHTS'")}
	{% endif %}
	{% set state = params.VALUE|int %}
	{% if state %}
	
	SET_LED LED=chamber WHITE=1
	{% else %}
	
	SET_LED LED=chamber WHITE=0
	{% endif %}
	
	
	SET_GCODE_VARIABLE MACRO=SET_AUTO_LIGHTS VARIABLE=value value={state}

[manual_stepper fibre_extruder]
step_pin = PC13
dir_pin = PF0
enable_pin = !PF1
microsteps = 16
rotation_distance = 64.7

[delayed_gcode setdisplayneopixel]
initial_duration = 1
gcode = 
	MANUAL_STEPPER STEPPER=fibre_extruder GCODE_AXIS=U

[gcode_macro CUT]
gcode = 
	SET_SERVO SERVO=cutter angle=0
	G4 P400
	SET_SERVO SERVO=cutter angle=90

[gcode_macro PRIME_FIBRE]
gcode = 
	MANUAL_STEPPER STEPPER=fibre_extruder GCODE_AXIS=
	MANUAL_STEPPER STEPPER=fibre_extruder SET_POSITION=0
	MANUAL_STEPPER STEPPER=fibre_extruder GCODE_AXIS=U
	G1 U47 F500
	MANUAL_STEPPER STEPPER=fibre_extruder GCODE_AXIS=
	MANUAL_STEPPER STEPPER=fibre_extruder SET_POSITION=0
	MANUAL_STEPPER STEPPER=fibre_extruder GCODE_AXIS=U

[mcu]
serial = /dev/serial/by-id/usb-Klipper_stm32h723xx_410014001251313531383332-if00

[force_move]
enable_force_move = true

[printer]
kinematics = corexy
max_velocity = 300
max_accel = 1000

[stepper_x]
step_pin = PF13
dir_pin = !PF12
enable_pin = !PF14
microsteps = 16
rotation_distance = 32
endstop_pin = tmc2209_stepper_x:virtual_endstop
position_endstop = -28
position_min = -28
position_max = 325
homing_speed = 80
homing_retract_dist = 0

[tmc2209 stepper_x]
uart_pin = PC4
diag_pin = ^PG6
run_current = 0.800
driver_sgthrs = 120
stealthchop_threshold = 999999

[stepper_y]
step_pin = PG0
dir_pin = !PG1
enable_pin = !PF15
microsteps = 16
rotation_distance = 32
endstop_pin = PG13
position_endstop = 0
position_max = 210
homing_speed = 50
homing_retract_dist = 0

[tmc2209 stepper_y]
uart_pin = PD11
run_current = 0.800
stealthchop_threshold = 999999

[stepper_z]
step_pin = PF11
dir_pin = PG3
enable_pin = !PG5
microsteps = 16
rotation_distance = 8
endstop_pin = PG12
position_max = 147
position_min = -5
homing_speed = 40
homing_retract_dist = 2
second_homing_speed = 2
position_endstop = 144.935

[tmc2209 stepper_z]
uart_pin = PC6
run_current = 0.650
stealthchop_threshold = 999999

[extruder]
step_pin = PG4
dir_pin = PC1
enable_pin = !PA2
microsteps = 16
rotation_distance = 15.78
nozzle_diameter = 0.6
filament_diameter = 1.75
pressure_advance = 0.3
heater_pin = PA3
sensor_type = PT1000
sensor_pin = PF4
control = pid
pid_kp = 18.702
pid_ki = 0.826
pid_kd = 105.899
min_extrude_temp = 0
min_temp = 0
max_temp = 310
max_extrude_cross_section = 10

[heater_fan heatbreak_0]
pin = PE5
max_power = 1
shutdown_speed = 1
heater = extruder
heater_temp = 50.0
fan_speed = 1.0

[extruder1]
step_pin = PF9
dir_pin = PF10
enable_pin = !PG2
microsteps = 16
rotation_distance = 15.78
nozzle_diameter = 1
filament_diameter = 1.75
pressure_advance = 0.00
heater_pin = PA0
sensor_type = PT1000
sensor_pin = PF5
control = pid
pid_kp = 21.241
pid_ki = 0.782
pid_kd = 144.175
min_extrude_temp = 0
min_temp = 0
max_temp = 310
max_extrude_cross_section = 10

[heater_fan heatbreak_1]
pin = PD12
max_power = 1
shutdown_speed = 1
heater = extruder1
heater_temp = 50.0
fan_speed = 1.0

[multi_pin part_fan]
pins = PD13, PD14

[fan]
pin = multi_pin:part_fan

[heater_bed]
heater_pin = PB11
sensor_type = Generic 3950
sensor_pin = PF3
control = pid
pid_kp = 56.299
pid_ki = 2.145
pid_kd = 369.459
min_temp = 10
max_temp = 120

[fan_generic exhaust]
pin = PB0

[multi_pin control_fan]
pins = PA8, PD15

[controller_fan controller_fan]
pin = multi_pin:control_fan
stepper = stepper_x

[servo cutter]
pin = PB6
maximum_servo_angle = 180
initial_angle = 90

[led chamber]
white_pin = PA1
initial_white = 1.0
=======================
Loaded MCU 'mcu' 135 commands (v0.13.0-641-g2239041d / gcc: (15:14.2.rel1-1) 14.2.1 20241119 binutils: (2.44-3+23+b2) 2.44)
MCU 'mcu' config: ADC_MAX=4095 BUS_PINS_i2c1_PB6_PB7=PB6,PB7 BUS_PINS_i2c1_PB8_PB9=PB8,PB9 BUS_PINS_i2c2_PB10_PB11=PB10,PB11 BUS_PINS_i2c3_PA8_PC9=PA8,PC9 BUS_PINS_spi1=PA6,PA7,PA5 BUS_PINS_spi1a=PB4,PB5,PB3 BUS_PINS_spi2=PB14,PB15,PB13 BUS_PINS_spi2a=PC2,PC3,PB10 BUS_PINS_spi2b=PI2,PI3,PI1 BUS_PINS_spi3a=PC11,PC12,PC10 BUS_PINS_spi4=PE13,PE14,PE12 BUS_PINS_spi5=PF8,PF9,PF7 BUS_PINS_spi5a=PH7,PF11,PH6 BUS_PINS_spi6=PG12,PG14,PG13 CLOCK_FREQ=520000000 MCU=stm32h723xx PWM_MAX=32768 RESERVE_PINS_USB=PA11,PA12 RESERVE_PINS_crystal=PH0,PH1 STATS_SUMSQ_BASE=256 STEPPER_STEP_BOTH_EDGE=1
Configured MCU 'mcu' (1024 moves)
Args: ['/home/pi/klipper/klippy/klippy.py', '/home/pi/printer_data/config/printer.cfg', '-I', '/home/pi/printer_data/comms/klippy.serial', '-l', '/home/pi/printer_data/logs/klippy.log', '-a', '/home/pi/printer_data/comms/klippy.sock']
Git version: 'v0.13.0-641-g2239041d-dirty'
Untracked files: klippy/extras/bed_thermal_adjust.py, klippy/extras/manual_rail.py, klippy/extras/multi_fan.py, klippy/extras/rounded_path.py, klippy/extras/tool.py, klippy/extras/tool_probe.py, klippy/extras/tool_probe_endstop.py, klippy/extras/toolchanger.py, klippy/extras/tools_calibrate.py
Branch: master
Remote: origin
Tracked URL: https://github.com/Klipper3d/klipper
CPU: 4 core ?
Device: Raspberry Pi 3 Model B Rev 1.2
Linux: Linux version 6.12.75+rpt-rpi-v8 (serge@raspberrypi.com) (aarch64-linux-gnu-gcc-14 (Debian 14.2.0-19) 14.2.0, GNU ld (GNU Binutils for Debian) 2.44) #1 SMP PREEMPT Debian 1:6.12.75-1+rpt1 (2026-03-11)
Python: '3.13.5 (main, Jun 25 2025, 18:55:22) [GCC 14.2.0]'
webhooks client 547917982960: {'program': 'Moonraker', 'version': 'v0.10.0-19-g1ed102e'}
=============== Log rollover at Wed May 20 10:46:36 2026 ===============
webhooks client 547917982960: Client info {'program': 'Moonraker', 'version': 'v0.10.0-19-g1ed102e'}
Stats 42.7: gcodein=0 mcu: mcu_awake=0.001 mcu_task_avg=0.000002 mcu_task_stddev=0.000002 bytes_write=2791 bytes_read=7482 bytes_retransmit=9 bytes_invalid=0 send_seq=252 receive_seq=252 retransmit_seq=2 srtt=0.001 rttvar=0.000 rto=0.025 ready_bytes=0 upcoming_bytes=0 freq=520020613 heater_bed: target=0 temp=20.7 pwm=0.000 print_time=44.087 buffer_time=0.000 print_stall=0 extruder: target=0 temp=23.4 pwm=0.000 extruder1: target=0 temp=23.4 pwm=0.000 sysload=2.05 cputime=3.097 memavail=608132
webhooks: registering remote method 'shutdown_machine' for connection id: 547917982960
webhooks: registering remote method 'reboot_machine' for connection id: 547917982960
webhooks: registering remote method 'pause_job_queue' for connection id: 547917982960
webhooks: registering remote method 'start_job_queue' for connection id: 547917982960
webhooks: registering remote method 'set_device_power' for connection id: 547917982960
Stats 43.7: gcodein=0 mcu: mcu_awake=0.001 mcu_task_avg=0.000002 mcu_task_stddev=0.000002 bytes_write=2797 bytes_read=7643 bytes_retransmit=9 bytes_invalid=0 send_seq=253 receive_seq=253 retransmit_seq=2 srtt=0.001 rttvar=0.000 rto=0.025 ready_bytes=0 upcoming_bytes=0 freq=520021054 heater_bed: target=0 temp=20.9 pwm=0.000 print_time=44.087 buffer_time=0.000 print_stall=0 extruder: target=0 temp=23.4 pwm=0.000 extruder1: target=0 temp=23.3 pwm=0.000 sysload=2.05 cputime=3.117 memavail=600856
Stats 44.7: gcodein=0 mcu: mcu_awake=0.000 mcu_task_avg=0.000001 mcu_task_stddev=0.000001 bytes_write=2803 bytes_read=7838 bytes_retransmit=9 bytes_invalid=0 send_seq=254 receive_seq=254 retransmit_seq=2 srtt=0.001 rttvar=0.000 rto=0.025 ready_bytes=0 upcoming_bytes=0 freq=520021176 heater_bed: target=0 temp=21.0 pwm=0.000 print_time=44.087 buffer_time=0.000 print_stall=0 extruder: target=0 temp=23.4 pwm=0.000 extruder1: target=0 temp=23.5 pwm=0.000 sysload=2.05 cputime=3.127 memavail=597136
Stats 45.7: gcodein=0 mcu: mcu_awake=0.000 mcu_task_avg=0.000001 mcu_task_stddev=0.000001 bytes_write=2809 bytes_read=7989 bytes_retransmit=9 bytes_invalid=0 send_seq=255 receive_seq=255 retransmit_seq=2 srtt=0.001 rttvar=0.000 rto=0.025 ready_bytes=0 upcoming_bytes=0 freq=520021082 heater_bed: target=0 temp=21.1 pwm=0.000 print_time=44.087 buffer_time=0.000 print_stall=0 extruder: target=0 temp=23.2 pwm=0.000 extruder1: target=0 temp=23.1 pwm=0.000 sysload=1.96 cputime=3.136 memavail=596460
Stats 46.7: gcodein=0 mcu: mcu_awake=0.000 mcu_task_avg=0.000001 mcu_task_stddev=0.000001 bytes_write=2815 bytes_read=8155 bytes_retransmit=9 bytes_invalid=0 send_seq=256 receive_seq=256 retransmit_seq=2 srtt=0.001 rttvar=0.000 rto=0.025 ready_bytes=0 upcoming_bytes=0 freq=520021356 heater_bed: target=0 temp=21.2 pwm=0.000 print_time=44.087 buffer_time=0.000 print_stall=0 extruder: target=0 temp=23.3 pwm=0.000 extruder1: target=0 temp=23.4 pwm=0.000 sysload=1.96 cputime=3.145 memavail=592152
Stats 47.7: gcodein=0 mcu: mcu_awake=0.000 mcu_task_avg=0.000001 mcu_task_stddev=0.000001 bytes_write=2821 bytes_read=8336 bytes_retransmit=9 bytes_invalid=0 send_seq=257 receive_seq=257 retransmit_seq=2 srtt=0.001 rttvar=0.000 rto=0.025 ready_bytes=0 upcoming_bytes=0 freq=520021189 heater_bed: target=0 temp=21.4 pwm=0.000 print_time=44.087 buffer_time=0.000 print_stall=0 extruder: target=0 temp=23.3 pwm=0.000 extruder1: target=0 temp=23.3 pwm=0.000 sysload=1.96 cputime=3.152 memavail=592152
Stats 48.7: gcodein=0 mcu: mcu_awake=0.000 mcu_task_avg=0.000001 mcu_task_stddev=0.000001 bytes_write=2827 bytes_read=8487 bytes_retransmit=9 bytes_invalid=0 send_seq=258 receive_seq=258 retransmit_seq=2 srtt=0.001 rttvar=0.000 rto=0.025 ready_bytes=0 upcoming_bytes=0 freq=520021200 heater_bed: target=0 temp=21.4 pwm=0.000 print_time=44.087 buffer_time=0.000 print_stall=0 extruder: target=0 temp=23.3 pwm=0.000 extruder1: target=0 temp=23.3 pwm=0.000 sysload=1.96 cputime=3.159 memavail=592168
Stats 49.7: gcodein=0 mcu: mcu_awake=0.000 mcu_task_avg=0.000001 mcu_task_stddev=0.000001 bytes_write=2833 bytes_read=8667 bytes_retransmit=9 bytes_invalid=0 send_seq=259 receive_seq=259 retransmit_seq=2 srtt=0.001 rttvar=0.000 rto=0.025 ready_bytes=0 upcoming_bytes=0 freq=520021225 heater_bed: target=0 temp=21.5 pwm=0.000 print_time=44.087 buffer_time=0.000 print_stall=0 extruder: target=0 temp=23.3 pwm=0.000 extruder1: target=0 temp=23.3 pwm=0.000 sysload=1.96 cputime=3.166 memavail=593396
Stats 50.7: gcodein=0 mcu: mcu_awake=0.000 mcu_task_avg=0.000001 mcu_task_stddev=0.000001 bytes_write=2839 bytes_read=8848 bytes_retransmit=9 bytes_invalid=0 send_seq=260 receive_seq=260 retransmit_seq=2 srtt=0.001 rttvar=0.000 rto=0.025 ready_bytes=0 upcoming_bytes=0 freq=520021344 heater_bed: target=0 temp=21.7 pwm=0.000 print_time=44.087 buffer_time=0.000 print_stall=0 extruder: target=0 temp=23.2 pwm=0.000 extruder1: target=0 temp=23.3 pwm=0.000 sysload=1.89 cputime=3.186 memavail=594640
Stats 51.7: gcodein=0 mcu: mcu_awake=0.000 mcu_task_avg=0.000001 mcu_task_stddev=0.000001 bytes_write=2845 bytes_read=8993 bytes_retransmit=9 bytes_invalid=0 send_seq=261 receive_seq=261 retransmit_seq=2 srtt=0.001 rttvar=0.000 rto=0.025 ready_bytes=0 upcoming_bytes=0 freq=520021480 heater_bed: target=0 temp=21.8 pwm=0.000 print_time=44.087 buffer_time=0.000 print_stall=0 extruder: target=0 temp=23.3 pwm=0.000 extruder1: target=0 temp=23.2 pwm=0.000 sysload=1.89 cputime=3.197 memavail=592688
Stats 52.7: gcodein=0 mcu: mcu_awake=0.000 mcu_task_avg=0.000001 mcu_task_stddev=0.000001 bytes_write=2851 bytes_read=9159 bytes_retransmit=9 bytes_invalid=0 send_seq=262 receive_seq=262 retransmit_seq=2 srtt=0.001 rttvar=0.000 rto=0.025 ready_bytes=0 upcoming_bytes=0 freq=520021531 heater_bed: target=0 temp=21.9 pwm=0.000 print_time=44.087 buffer_time=0.000 print_stall=0 extruder: target=0 temp=23.3 pwm=0.000 extruder1: target=0 temp=23.3 pwm=0.000 sysload=1.89 cputime=3.207 memavail=592900
Stats 53.7: gcodein=0 mcu: mcu_awake=0.000 mcu_task_avg=0.000001 mcu_task_stddev=0.000001 bytes_write=2857 bytes_read=9340 bytes_retransmit=9 bytes_invalid=0 send_seq=263 receive_seq=263 retransmit_seq=2 srtt=0.001 rttvar=0.000 rto=0.025 ready_bytes=0 upcoming_bytes=0 freq=520021478 heater_bed: target=0 temp=21.9 pwm=0.000 print_time=44.087 buffer_time=0.000 print_stall=0 extruder: target=0 temp=23.3 pwm=0.000 extruder1: target=0 temp=23.4 pwm=0.000 sysload=1.89 cputime=3.216 memavail=594596
Stats 54.7: gcodein=0 mcu: mcu_awake=0.000 mcu_task_avg=0.000001 mcu_task_stddev=0.000001 bytes_write=2863 bytes_read=9505 bytes_retransmit=9 bytes_invalid=0 send_seq=264 receive_seq=264 retransmit_seq=2 srtt=0.001 rttvar=0.000 rto=0.025 ready_bytes=0 upcoming_bytes=0 freq=520021490 heater_bed: target=0 temp=22.0 pwm=0.000 print_time=44.087 buffer_time=0.000 print_stall=0 extruder: target=0 temp=23.3 pwm=0.000 extruder1: target=0 temp=23.2 pwm=0.000 sysload=1.89 cputime=3.226 memavail=596636
Stats 55.7: gcodein=0 mcu: mcu_awake=0.000 mcu_task_avg=0.000001 mcu_task_stddev=0.000001 bytes_write=2869 bytes_read=9671 bytes_retransmit=9 bytes_invalid=0 send_seq=265 receive_seq=265 retransmit_seq=2 srtt=0.001 rttvar=0.000 rto=0.025 ready_bytes=0 upcoming_bytes=0 freq=520021461 heater_bed: target=0 temp=22.0 pwm=0.000 print_time=44.087 buffer_time=0.000 print_stall=0 extruder: target=0 temp=23.3 pwm=0.000 extruder1: target=0 temp=23.4 pwm=0.000 sysload=1.73 cputime=3.235 memavail=598464
Stats 56.7: gcodein=0 mcu: mcu_awake=0.000 mcu_task_avg=0.000001 mcu_task_stddev=0.000001 bytes_write=2875 bytes_read=9852 bytes_retransmit=9 bytes_invalid=0 send_seq=266 receive_seq=266 retransmit_seq=2 srtt=0.001 rttvar=0.000 rto=0.025 ready_bytes=0 upcoming_bytes=0 freq=520021516 heater_bed: target=0 temp=22.0 pwm=0.000 print_time=44.087 buffer_time=0.000 print_stall=0 extruder: target=0 temp=23.3 pwm=0.000 extruder1: target=0 temp=23.3 pwm=0.000 sysload=1.73 cputime=3.244 memavail=600284
Stats 57.7: gcodein=0 mcu: mcu_awake=0.000 mcu_task_avg=0.000001 mcu_task_stddev=0.000001 bytes_write=2881 bytes_read=10003 bytes_retransmit=9 bytes_invalid=0 send_seq=267 receive_seq=267 retransmit_seq=2 srtt=0.001 rttvar=0.000 rto=0.025 ready_bytes=0 upcoming_bytes=0 freq=520021542 heater_bed: target=0 temp=22.0 pwm=0.000 print_time=44.087 buffer_time=0.000 print_stall=0 extruder: target=0 temp=23.3 pwm=0.000 extruder1: target=0 temp=23.3 pwm=0.000 sysload=1.73 cputime=3.253 memavail=601748
Stats 58.7: gcodein=0 mcu: mcu_awake=0.000 mcu_task_avg=0.000001 mcu_task_stddev=0.000001 bytes_write=2887 bytes_read=10169 bytes_retransmit=9 bytes_invalid=0 send_seq=268 receive_seq=268 retransmit_seq=2 srtt=0.001 rttvar=0.000 rto=0.025 ready_bytes=0 upcoming_bytes=0 freq=520021552 heater_bed: target=0 temp=22.0 pwm=0.000 print_time=44.087 buffer_time=0.000 print_stall=0 extruder: target=0 temp=23.2 pwm=0.000 extruder1: target=0 temp=23.3 pwm=0.000 sysload=1.73 cputime=3.263 memavail=602708
Stats 59.7: gcodein=0 mcu: mcu_awake=0.000 mcu_task_avg=0.000001 mcu_task_stddev=0.000001 bytes_write=2893 bytes_read=10361 bytes_retransmit=9 bytes_invalid=0 send_seq=269 receive_seq=269 retransmit_seq=2 srtt=0.001 rttvar=0.000 rto=0.025 ready_bytes=0 upcoming_bytes=0 freq=520021625 heater_bed: target=0 temp=22.0 pwm=0.000 print_time=44.087 buffer_time=0.000 print_stall=0 extruder: target=0 temp=23.4 pwm=0.000 extruder1: target=0 temp=23.3 pwm=0.000 sysload=1.73 cputime=3.272 memavail=603012
Stats 60.7: gcodein=0 mcu: mcu_awake=0.000 mcu_task_avg=0.000001 mcu_task_stddev=0.000001 bytes_write=2899 bytes_read=10510 bytes_retransmit=9 bytes_invalid=0 send_seq=270 receive_seq=270 retransmit_seq=2 srtt=0.001 rttvar=0.000 rto=0.025 ready_bytes=0 upcoming_bytes=0 freq=520021609 heater_bed: target=0 temp=22.0 pwm=0.000 print_time=44.087 buffer_time=0.000 print_stall=0 extruder: target=0 temp=23.4 pwm=0.000 extruder1: target=0 temp=23.3 pwm=0.000 sysload=1.59 cputime=3.281 memavail=603056
Stats 61.7: gcodein=0 mcu: mcu_awake=0.000 mcu_task_avg=0.000001 mcu_task_stddev=0.000001 bytes_write=2905 bytes_read=10676 bytes_retransmit=9 bytes_invalid=0 send_seq=271 receive_seq=271 retransmit_seq=2 srtt=0.001 rttvar=0.000 rto=0.025 ready_bytes=0 upcoming_bytes=0 freq=520021673 heater_bed: target=0 temp=21.9 pwm=0.000 print_time=44.087 buffer_time=0.000 print_stall=0 extruder: target=0 temp=23.2 pwm=0.000 extruder1: target=0 temp=23.3 pwm=0.000 sysload=1.59 cputime=3.292 memavail=602956
Stats 62.7: gcodein=0 mcu: mcu_awake=0.000 mcu_task_avg=0.000001 mcu_task_stddev=0.000001 bytes_write=2911 bytes_read=10857 bytes_retransmit=9 bytes_invalid=0 send_seq=272 receive_seq=272 retransmit_seq=2 srtt=0.001 rttvar=0.000 rto=0.025 ready_bytes=0 upcoming_bytes=0 freq=520021643 heater_bed: target=0 temp=21.8 pwm=0.000 print_time=44.087 buffer_time=0.000 print_stall=0 extruder: target=0 temp=23.4 pwm=0.000 extruder1: target=0 temp=23.3 pwm=0.000 sysload=1.59 cputime=3.302 memavail=602736
Stats 63.7: gcodein=0 mcu: mcu_awake=0.000 mcu_task_avg=0.000001 mcu_task_stddev=0.000001 bytes_write=2917 bytes_read=11008 bytes_retransmit=9 bytes_invalid=0 send_seq=273 receive_seq=273 retransmit_seq=2 srtt=0.001 rttvar=0.000 rto=0.025 ready_bytes=0 upcoming_bytes=0 freq=520021702 heater_bed: target=0 temp=21.8 pwm=0.000 print_time=44.087 buffer_time=0.000 print_stall=0 extruder: target=0 temp=23.4 pwm=0.000 extruder1: target=0 temp=23.3 pwm=0.000 sysload=1.59 cputime=3.311 memavail=603348
Stats 64.7: gcodein=0 mcu: mcu_awake=0.000 mcu_task_avg=0.000001 mcu_task_stddev=0.000001 bytes_write=2923 bytes_read=11188 bytes_retransmit=9 bytes_invalid=0 send_seq=274 receive_seq=274 retransmit_seq=2 srtt=0.001 rttvar=0.000 rto=0.025 ready_bytes=0 upcoming_bytes=0 freq=520021680 heater_bed: target=0 temp=21.6 pwm=0.000 print_time=44.087 buffer_time=0.000 print_stall=0 extruder: target=0 temp=23.3 pwm=0.000 extruder1: target=0 temp=23.4 pwm=0.000 sysload=1.59 cputime=3.320 memavail=604200
Stats 65.7: gcodein=0 mcu: mcu_awake=0.000 mcu_task_avg=0.000001 mcu_task_stddev=0.000001 bytes_write=2929 bytes_read=11369 bytes_retransmit=9 bytes_invalid=0 send_seq=275 receive_seq=275 retransmit_seq=2 srtt=0.001 rttvar=0.000 rto=0.025 ready_bytes=0 upcoming_bytes=0 freq=520021672 heater_bed: target=0 temp=21.6 pwm=0.000 print_time=44.087 buffer_time=0.000 print_stall=0 extruder: target=0 temp=23.3 pwm=0.000 extruder1: target=0 temp=23.2 pwm=0.000 sysload=1.47 cputime=3.329 memavail=604944
Stats 66.7: gcodein=0 mcu: mcu_awake=0.000 mcu_task_avg=0.000001 mcu_task_stddev=0.000001 bytes_write=2935 bytes_read=11520 bytes_retransmit=9 bytes_invalid=0 send_seq=276 receive_seq=276 retransmit_seq=2 srtt=0.001 rttvar=0.000 rto=0.025 ready_bytes=0 upcoming_bytes=1 freq=520021686 heater_bed: target=0 temp=21.4 pwm=0.000 print_time=44.087 buffer_time=0.000 print_stall=0 extruder: target=0 temp=23.2 pwm=0.000 extruder1: target=0 temp=23.3 pwm=0.000 sysload=1.47 cputime=3.342 memavail=604596
Stats 67.7: gcodein=0 mcu: mcu_awake=0.000 mcu_task_avg=0.000001 mcu_task_stddev=0.000001 bytes_write=2947 bytes_read=11702 bytes_retransmit=9 bytes_invalid=0 send_seq=278 receive_seq=278 retransmit_seq=2 srtt=0.001 rttvar=0.000 rto=0.025 ready_bytes=0 upcoming_bytes=0 freq=520021785 heater_bed: target=0 temp=21.4 pwm=0.000 print_time=44.087 buffer_time=0.000 print_stall=0 extruder: target=0 temp=23.4 pwm=0.000 extruder1: target=0 temp=23.3 pwm=0.000 sysload=1.47 cputime=3.357 memavail=604128
Stats 68.7: gcodein=0 mcu: mcu_awake=0.000 mcu_task_avg=0.000001 mcu_task_stddev=0.000001 bytes_write=2953 bytes_read=11878 bytes_retransmit=9 bytes_invalid=0 send_seq=279 receive_seq=279 retransmit_seq=2 srtt=0.001 rttvar=0.000 rto=0.025 ready_bytes=0 upcoming_bytes=0 freq=520021804 heater_bed: target=0 temp=21.2 pwm=0.000 print_time=44.087 buffer_time=0.000 print_stall=0 extruder: target=0 temp=23.4 pwm=0.000 extruder1: target=0 temp=23.3 pwm=0.000 sysload=1.47 cputime=3.371 memavail=604084
Stats 69.7: gcodein=0 mcu: mcu_awake=0.000 mcu_task_avg=0.000001 mcu_task_stddev=0.000001 bytes_write=2959 bytes_read=12043 bytes_retransmit=9 bytes_invalid=0 send_seq=280 receive_seq=280 retransmit_seq=2 srtt=0.001 rttvar=0.000 rto=0.025 ready_bytes=0 upcoming_bytes=0 freq=520021855 heater_bed: target=0 temp=21.2 pwm=0.000 print_time=44.087 buffer_time=0.000 print_stall=0 extruder: target=0 temp=23.2 pwm=0.000 extruder1: target=0 temp=23.3 pwm=0.000 sysload=1.47 cputime=3.385 memavail=604820
Stats 70.7: gcodein=0 mcu: mcu_awake=0.000 mcu_task_avg=0.000001 mcu_task_stddev=0.000001 bytes_write=2965 bytes_read=12209 bytes_retransmit=9 bytes_invalid=0 send_seq=281 receive_seq=281 retransmit_seq=2 srtt=0.001 rttvar=0.000 rto=0.025 ready_bytes=0 upcoming_bytes=0 freq=520021907 heater_bed: target=0 temp=21.1 pwm=0.000 print_time=44.087 buffer_time=0.000 print_stall=0 extruder: target=0 temp=23.2 pwm=0.000 extruder1: target=0 temp=23.3 pwm=0.000 sysload=1.35 cputime=3.399 memavail=604620
Stats 71.7: gcodein=0 mcu: mcu_awake=0.000 mcu_task_avg=0.000001 mcu_task_stddev=0.000001 bytes_write=2971 bytes_read=12390 bytes_retransmit=9 bytes_invalid=0 send_seq=282 receive_seq=282 retransmit_seq=2 srtt=0.001 rttvar=0.000 rto=0.025 ready_bytes=0 upcoming_bytes=0 freq=520021937 heater_bed: target=0 temp=21.0 pwm=0.000 print_time=44.087 buffer_time=0.000 print_stall=0 extruder: target=0 temp=23.2 pwm=0.000 extruder1: target=0 temp=23.2 pwm=0.000 sysload=1.35 cputime=3.411 memavail=603468
Stats 72.7: gcodein=0 mcu: mcu_awake=0.000 mcu_task_avg=0.000001 mcu_task_stddev=0.000001 bytes_write=2977 bytes_read=12556 bytes_retransmit=9 bytes_invalid=0 send_seq=283 receive_seq=283 retransmit_seq=2 srtt=0.001 rttvar=0.000 rto=0.025 ready_bytes=0 upcoming_bytes=0 freq=520021923 heater_bed: target=0 temp=20.8 pwm=0.000 print_time=44.087 buffer_time=0.000 print_stall=0 extruder: target=0 temp=23.3 pwm=0.000 extruder1: target=0 temp=23.4 pwm=0.000 sysload=1.35 cputime=3.421 memavail=604692
Stats 73.7: gcodein=0 mcu: mcu_awake=0.000 mcu_task_avg=0.000001 mcu_task_stddev=0.000001 bytes_write=2983 bytes_read=12722 bytes_retransmit=9 bytes_invalid=0 send_seq=284 receive_seq=284 retransmit_seq=2 srtt=0.001 rttvar=0.000 rto=0.025 ready_bytes=0 upcoming_bytes=0 freq=520021917 heater_bed: target=0 temp=20.7 pwm=0.000 print_time=44.087 buffer_time=0.000 print_stall=0 extruder: target=0 temp=23.4 pwm=0.000 extruder1: target=0 temp=23.2 pwm=0.000 sysload=1.35 cputime=3.430 memavail=604832
Stats 74.7: gcodein=0 mcu: mcu_awake=0.000 mcu_task_avg=0.000001 mcu_task_stddev=0.000001 bytes_write=2989 bytes_read=12902 bytes_retransmit=9 bytes_invalid=0 send_seq=285 receive_seq=285 retransmit_seq=2 srtt=0.001 rttvar=0.000 rto=0.025 ready_bytes=0 upcoming_bytes=0 freq=520021909 heater_bed: target=0 temp=20.6 pwm=0.000 print_time=44.087 buffer_time=0.000 print_stall=0 extruder: target=0 temp=23.2 pwm=0.000 extruder1: target=0 temp=23.4 pwm=0.000 sysload=1.35 cputime=3.439 memavail=605020
Stats 75.7: gcodein=0 mcu: mcu_awake=0.000 mcu_task_avg=0.000001 mcu_task_stddev=0.000001 bytes_write=2995 bytes_read=13068 bytes_retransmit=9 bytes_invalid=0 send_seq=286 receive_seq=286 retransmit_seq=2 srtt=0.001 rttvar=0.000 rto=0.025 ready_bytes=0 upcoming_bytes=0 freq=520021906 heater_bed: target=0 temp=20.6 pwm=0.000 print_time=44.087 buffer_time=0.000 print_stall=0 extruder: target=0 temp=23.2 pwm=0.000 extruder1: target=0 temp=23.3 pwm=0.000 sysload=1.24 cputime=3.449 memavail=605020
Stats 76.7: gcodein=0 mcu: mcu_awake=0.000 mcu_task_avg=0.000001 mcu_task_stddev=0.000001 bytes_write=3001 bytes_read=13229 bytes_retransmit=9 bytes_invalid=0 send_seq=287 receive_seq=287 retransmit_seq=2 srtt=0.001 rttvar=0.000 rto=0.025 ready_bytes=0 upcoming_bytes=0 freq=520021932 heater_bed: target=0 temp=20.5 pwm=0.000 print_time=44.087 buffer_time=0.000 print_stall=0 extruder: target=0 temp=23.3 pwm=0.000 extruder1: target=0 temp=23.4 pwm=0.000 sysload=1.24 cputime=3.462 memavail=605020
Stats 77.7: gcodein=0 mcu: mcu_awake=0.000 mcu_task_avg=0.000001 mcu_task_stddev=0.000001 bytes_write=3007 bytes_read=13395 bytes_retransmit=9 bytes_invalid=0 send_seq=288 receive_seq=288 retransmit_seq=2 srtt=0.001 rttvar=0.000 rto=0.025 ready_bytes=0 upcoming_bytes=0 freq=520021937 heater_bed: target=0 temp=20.5 pwm=0.000 print_time=44.087 buffer_time=0.000 print_stall=0 extruder: target=0 temp=23.2 pwm=0.000 extruder1: target=0 temp=23.3 pwm=0.000 sysload=1.24 cputime=3.476 memavail=605420
Stats 78.7: gcodein=0 mcu: mcu_awake=0.000 mcu_task_avg=0.000001 mcu_task_stddev=0.000001 bytes_write=3013 bytes_read=13561 bytes_retransmit=9 bytes_invalid=0 send_seq=289 receive_seq=289 retransmit_seq=2 srtt=0.001 rttvar=0.000 rto=0.025 ready_bytes=0 upcoming_bytes=0 freq=520021934 heater_bed: target=0 temp=20.4 pwm=0.000 print_time=44.087 buffer_time=0.000 print_stall=0 extruder: target=0 temp=23.2 pwm=0.000 extruder1: target=0 temp=23.4 pwm=0.000 sysload=1.24 cputime=3.491 memavail=605456
Stats 79.7: gcodein=0 mcu: mcu_awake=0.000 mcu_task_avg=0.000001 mcu_task_stddev=0.000001 bytes_write=3019 bytes_read=13741 bytes_retransmit=9 bytes_invalid=0 send_seq=290 receive_seq=290 retransmit_seq=2 srtt=0.001 rttvar=0.000 rto=0.025 ready_bytes=0 upcoming_bytes=0 freq=520021949 heater_bed: target=0 temp=20.4 pwm=0.000 print_time=44.087 buffer_time=0.000 print_stall=0 extruder: target=0 temp=23.2 pwm=0.000 extruder1: target=0 temp=23.3 pwm=0.000 sysload=1.24 cputime=3.505 memavail=605464
Stats 80.7: gcodein=0 mcu: mcu_awake=0.000 mcu_task_avg=0.000001 mcu_task_stddev=0.000001 bytes_write=3025 bytes_read=13907 bytes_retransmit=9 bytes_invalid=0 send_seq=291 receive_seq=291 retransmit_seq=2 srtt=0.001 rttvar=0.000 rto=0.025 ready_bytes=0 upcoming_bytes=0 freq=520021971 heater_bed: target=0 temp=20.3 pwm=0.000 print_time=44.087 buffer_time=0.000 print_stall=0 extruder: target=0 temp=23.2 pwm=0.000 extruder1: target=0 temp=23.3 pwm=0.000 sysload=1.14 cputime=3.519 memavail=605464
Stats 81.7: gcodein=0 mcu: mcu_awake=0.000 mcu_task_avg=0.000001 mcu_task_stddev=0.000001 bytes_write=3031 bytes_read=14073 bytes_retransmit=9 bytes_invalid=0 send_seq=292 receive_seq=292 retransmit_seq=2 srtt=0.001 rttvar=0.000 rto=0.025 ready_bytes=0 upcoming_bytes=0 freq=520022013 heater_bed: target=0 temp=20.3 pwm=0.000 print_time=44.087 buffer_time=0.000 print_stall=0 extruder: target=0 temp=23.3 pwm=0.000 extruder1: target=0 temp=23.4 pwm=0.000 sysload=1.14 cputime=3.534 memavail=607060
Stats 82.7: gcodein=0 mcu: mcu_awake=0.000 mcu_task_avg=0.000001 mcu_task_stddev=0.000001 bytes_write=3037 bytes_read=14239 bytes_retransmit=9 bytes_invalid=0 send_seq=293 receive_seq=293 retransmit_seq=2 srtt=0.001 rttvar=0.000 rto=0.025 ready_bytes=0 upcoming_bytes=0 freq=520022021 heater_bed: target=0 temp=20.4 pwm=0.000 print_time=44.087 buffer_time=0.000 print_stall=0 extruder: target=0 temp=23.3 pwm=0.000 extruder1: target=0 temp=23.3 pwm=0.000 sysload=1.14 cputime=3.549 memavail=607328
Stats 83.7: gcodein=0 mcu: mcu_awake=0.000 mcu_task_avg=0.000001 mcu_task_stddev=0.000001 bytes_write=3043 bytes_read=14405 bytes_retransmit=9 bytes_invalid=0 send_seq=294 receive_seq=294 retransmit_seq=2 srtt=0.001 rttvar=0.000 rto=0.025 ready_bytes=0 upcoming_bytes=0 freq=520022035 heater_bed: target=0 temp=20.4 pwm=0.000 print_time=44.087 buffer_time=0.000 print_stall=0 extruder: target=0 temp=23.4 pwm=0.000 extruder1: target=0 temp=23.2 pwm=0.000 sysload=1.14 cputime=3.563 memavail=607352
Stats 84.7: gcodein=0 mcu: mcu_awake=0.000 mcu_task_avg=0.000001 mcu_task_stddev=0.000001 bytes_write=3049 bytes_read=14579 bytes_retransmit=9 bytes_invalid=0 send_seq=295 receive_seq=295 retransmit_seq=2 srtt=0.001 rttvar=0.000 rto=0.025 ready_bytes=0 upcoming_bytes=0 freq=520022054 heater_bed: target=0 temp=20.4 pwm=0.000 print_time=44.087 buffer_time=0.000 print_stall=0 extruder: target=0 temp=23.3 pwm=0.000 extruder1: target=0 temp=23.4 pwm=0.000 sysload=1.14 cputime=3.577 memavail=607552
Stats 85.7: gcodein=0 mcu: mcu_awake=0.000 mcu_task_avg=0.000001 mcu_task_stddev=0.000001 bytes_write=3055 bytes_read=14745 bytes_retransmit=9 bytes_invalid=0 send_seq=296 receive_seq=296 retransmit_seq=2 srtt=0.001 rttvar=0.000 rto=0.025 ready_bytes=0 upcoming_bytes=0 freq=520022053 heater_bed: target=0 temp=20.5 pwm=0.000 print_time=44.087 buffer_time=0.000 print_stall=0 extruder: target=0 temp=23.2 pwm=0.000 extruder1: target=0 temp=23.3 pwm=0.000 sysload=1.05 cputime=3.592 memavail=607604
Stats 86.7: gcodein=0 mcu: mcu_awake=0.000 mcu_task_avg=0.000001 mcu_task_stddev=0.000001 bytes_write=3061 bytes_read=14911 bytes_retransmit=9 bytes_invalid=0 send_seq=297 receive_seq=297 retransmit_seq=2 srtt=0.001 rttvar=0.000 rto=0.025 ready_bytes=0 upcoming_bytes=0 freq=520022051 heater_bed: target=0 temp=20.5 pwm=0.000 print_time=44.087 buffer_time=0.000 print_stall=0 extruder: target=0 temp=23.3 pwm=0.000 extruder1: target=0 temp=23.3 pwm=0.000 sysload=1.05 cputime=3.605 memavail=607104
Stats 87.7: gcodein=0 mcu: mcu_awake=0.000 mcu_task_avg=0.000001 mcu_task_stddev=0.000001 bytes_write=3067 bytes_read=15077 bytes_retransmit=9 bytes_invalid=0 send_seq=298 receive_seq=298 retransmit_seq=2 srtt=0.001 rttvar=0.000 rto=0.025 ready_bytes=0 upcoming_bytes=0 freq=520022052 heater_bed: target=0 temp=20.6 pwm=0.000 print_time=44.087 buffer_time=0.000 print_stall=0 extruder: target=0 temp=23.2 pwm=0.000 extruder1: target=0 temp=23.2 pwm=0.000 sysload=1.05 cputime=3.619 memavail=606968
Stats 88.7: gcodein=0 mcu: mcu_awake=0.000 mcu_task_avg=0.000001 mcu_task_stddev=0.000001 bytes_write=3073 bytes_read=15243 bytes_retransmit=9 bytes_invalid=0 send_seq=299 receive_seq=299 retransmit_seq=2 srtt=0.001 rttvar=0.000 rto=0.025 ready_bytes=0 upcoming_bytes=0 freq=520022046 heater_bed: target=0 temp=20.6 pwm=0.000 print_time=44.087 buffer_time=0.000 print_stall=0 extruder: target=0 temp=23.4 pwm=0.000 extruder1: target=0 temp=23.3 pwm=0.000 sysload=1.05 cputime=3.633 memavail=606964
Stats 89.7: gcodein=0 mcu: mcu_awake=0.000 mcu_task_avg=0.000001 mcu_task_stddev=0.000001 bytes_write=3079 bytes_read=15409 bytes_retransmit=9 bytes_invalid=0 send_seq=300 receive_seq=300 retransmit_seq=2 srtt=0.001 rttvar=0.000 rto=0.025 ready_bytes=0 upcoming_bytes=0 freq=520022038 heater_bed: target=0 temp=20.7 pwm=0.000 print_time=44.087 buffer_time=0.000 print_stall=0 extruder: target=0 temp=23.2 pwm=0.000 extruder1: target=0 temp=23.3 pwm=0.000 sysload=1.05 cputime=3.647 memavail=606964
Stats 90.7: gcodein=0 mcu: mcu_awake=0.000 mcu_task_avg=0.000001 mcu_task_stddev=0.000001 bytes_write=3085 bytes_read=15589 bytes_retransmit=9 bytes_invalid=0 send_seq=301 receive_seq=301 retransmit_seq=2 srtt=0.001 rttvar=0.000 rto=0.025 ready_bytes=0 upcoming_bytes=0 freq=520022043 heater_bed: target=0 temp=20.8 pwm=0.000 print_time=44.087 buffer_time=0.000 print_stall=0 extruder: target=0 temp=23.3 pwm=0.000 extruder1: target=0 temp=23.3 pwm=0.000 sysload=0.96 cputime=3.662 memavail=606764
Stats 91.7: gcodein=0 mcu: mcu_awake=0.000 mcu_task_avg=0.000001 mcu_task_stddev=0.000001 bytes_write=3091 bytes_read=15755 bytes_retransmit=9 bytes_invalid=0 send_seq=302 receive_seq=302 retransmit_seq=2 srtt=0.001 rttvar=0.000 rto=0.025 ready_bytes=0 upcoming_bytes=0 freq=520022040 heater_bed: target=0 temp=20.9 pwm=0.000 print_time=44.087 buffer_time=0.000 print_stall=0 extruder: target=0 temp=23.4 pwm=0.000 extruder1: target=0 temp=23.4 pwm=0.000 sysload=0.96 cputime=3.677 memavail=605212
Stats 92.7: gcodein=0 mcu: mcu_awake=0.000 mcu_task_avg=0.000001 mcu_task_stddev=0.000001 bytes_write=3097 bytes_read=15918 bytes_retransmit=9 bytes_invalid=0 send_seq=303 receive_seq=303 retransmit_seq=2 srtt=0.001 rttvar=0.000 rto=0.025 ready_bytes=0 upcoming_bytes=0 freq=520022038 heater_bed: target=0 temp=21.0 pwm=0.000 print_time=44.087 buffer_time=0.000 print_stall=0 extruder: target=0 temp=23.3 pwm=0.000 extruder1: target=0 temp=23.2 pwm=0.000 sysload=0.96 cputime=3.691 memavail=605632
Stats 93.7: gcodein=0 mcu: mcu_awake=0.000 mcu_task_avg=0.000001 mcu_task_stddev=0.000001 bytes_write=3103 bytes_read=16082 bytes_retransmit=9 bytes_invalid=0 send_seq=304 receive_seq=304 retransmit_seq=2 srtt=0.001 rttvar=0.000 rto=0.025 ready_bytes=0 upcoming_bytes=0 freq=520022032 heater_bed: target=0 temp=21.1 pwm=0.000 print_time=44.087 buffer_time=0.000 print_stall=0 extruder: target=0 temp=23.3 pwm=0.000 extruder1: target=0 temp=23.3 pwm=0.000 sysload=0.96 cputime=3.705 memavail=606384
Stats 94.7: gcodein=0 mcu: mcu_awake=0.000 mcu_task_avg=0.000001 mcu_task_stddev=0.000001 bytes_write=3109 bytes_read=16248 bytes_retransmit=9 bytes_invalid=0 send_seq=305 receive_seq=305 retransmit_seq=2 srtt=0.001 rttvar=0.000 rto=0.025 ready_bytes=0 upcoming_bytes=0 freq=520022041 heater_bed: target=0 temp=21.2 pwm=0.000 print_time=44.087 buffer_time=0.000 print_stall=0 extruder: target=0 temp=23.3 pwm=0.000 extruder1: target=0 temp=23.2 pwm=0.000 sysload=0.96 cputime=3.718 memavail=607152
Stats 95.7: gcodein=0 mcu: mcu_awake=0.000 mcu_task_avg=0.000001 mcu_task_stddev=0.000001 bytes_write=3115 bytes_read=16428 bytes_retransmit=9 bytes_invalid=0 send_seq=306 receive_seq=306 retransmit_seq=2 srtt=0.001 rttvar=0.000 rto=0.025 ready_bytes=0 upcoming_bytes=0 freq=520022057 heater_bed: target=0 temp=21.3 pwm=0.000 print_time=44.087 buffer_time=0.000 print_stall=0 extruder: target=0 temp=23.3 pwm=0.000 extruder1: target=0 temp=23.3 pwm=0.000 sysload=0.89 cputime=3.733 memavail=607152
Stats 96.7: gcodein=0 mcu: mcu_awake=0.000 mcu_task_avg=0.000001 mcu_task_stddev=0.000001 bytes_write=3121 bytes_read=16594 bytes_retransmit=9 bytes_invalid=0 send_seq=307 receive_seq=307 retransmit_seq=2 srtt=0.001 rttvar=0.000 rto=0.025 ready_bytes=0 upcoming_bytes=0 freq=520022067 heater_bed: target=0 temp=21.4 pwm=0.000 print_time=44.087 buffer_time=0.000 print_stall=0 extruder: target=0 temp=23.4 pwm=0.000 extruder1: target=0 temp=23.4 pwm=0.000 sysload=0.89 cputime=3.748 memavail=607152
Stats 97.7: gcodein=0 mcu: mcu_awake=0.000 mcu_task_avg=0.000001 mcu_task_stddev=0.000001 bytes_write=3127 bytes_read=16760 bytes_retransmit=9 bytes_invalid=0 send_seq=308 receive_seq=308 retransmit_seq=2 srtt=0.001 rttvar=0.000 rto=0.025 ready_bytes=0 upcoming_bytes=0 freq=520022071 heater_bed: target=0 temp=21.5 pwm=0.000 print_time=44.087 buffer_time=0.000 print_stall=0 extruder: target=0 temp=23.3 pwm=0.000 extruder1: target=0 temp=23.3 pwm=0.000 sysload=0.89 cputime=3.762 memavail=606952
Stats 351.9: gcodein=0 mcu: mcu_awake=0.000 mcu_task_avg=0.000001 mcu_task_stddev=0.000001 bytes_write=4688 bytes_read=59545 bytes_retransmit=9 bytes_invalid=0 send_seq=567 receive_seq=567 retransmit_seq=2 srtt=0.001 rttvar=0.000 rto=0.025 ready_bytes=0 upcoming_bytes=0 freq=520021847 heater_bed: target=0 temp=21.2 pwm=0.000 print_time=357.508 buffer_time=0.000 print_stall=0 extruder: target=0 temp=23.4 pwm=0.000 extruder1: target=0 temp=23.5 pwm=0.000 sysload=0.11 cputime=6.815 memavail=601540
Stats 352.9: gcodein=0 mcu: mcu_awake=0.000 mcu_task_avg=0.000001 mcu_task_stddev=0.000001 bytes_write=4694 bytes_read=59711 bytes_retransmit=9 bytes_invalid=0 send_seq=568 receive_seq=568 retransmit_seq=2 srtt=0.001 rttvar=0.000 rto=0.025 ready_bytes=0 upcoming_bytes=0 freq=520021873 heater_bed: target=0 temp=21.3 pwm=0.000 print_time=357.508 buffer_time=0.000 print_stall=0 extruder: target=0 temp=23.5 pwm=0.000 extruder1: target=0 temp=23.5 pwm=0.000 sysload=0.11 cputime=6.834 memavail=601440
Stats 353.9: gcodein=0 mcu: mcu_awake=0.000 mcu_task_avg=0.000001 mcu_task_stddev=0.000001 bytes_write=4700 bytes_read=59891 bytes_retransmit=9 bytes_invalid=0 send_seq=569 receive_seq=569 retransmit_seq=2 srtt=0.001 rttvar=0.000 rto=0.025 ready_bytes=0 upcoming_bytes=0 freq=520021883 heater_bed: target=0 temp=21.4 pwm=0.000 print_time=357.508 buffer_time=0.000 print_stall=0 extruder: target=0 temp=23.4 pwm=0.000 extruder1: target=0 temp=23.4 pwm=0.000 sysload=0.11 cputime=6.853 memavail=601440
Stats 354.9: gcodein=0 mcu: mcu_awake=0.000 mcu_task_avg=0.000001 mcu_task_stddev=0.000001 bytes_write=4706 bytes_read=60057 bytes_retransmit=9 bytes_invalid=0 send_seq=570 receive_seq=570 retransmit_seq=2 srtt=0.001 rttvar=0.000 rto=0.025 ready_bytes=0 upcoming_bytes=0 freq=520021880 heater_bed: target=0 temp=21.5 pwm=0.000 print_time=357.508 buffer_time=0.000 print_stall=0 extruder: target=0 temp=23.4 pwm=0.000 extruder1: target=0 temp=23.5 pwm=0.000 sysload=0.11 cputime=6.872 memavail=601440
Stats 355.9: gcodein=0 mcu: mcu_awake=0.000 mcu_task_avg=0.000001 mcu_task_stddev=0.000001 bytes_write=4712 bytes_read=60223 bytes_retransmit=9 bytes_invalid=0 send_seq=571 receive_seq=571 retransmit_seq=2 srtt=0.001 rttvar=0.000 rto=0.025 ready_bytes=0 upcoming_bytes=0 freq=520021880 heater_bed: target=0 temp=21.7 pwm=0.000 print_time=357.508 buffer_time=0.000 print_stall=0 extruder: target=0 temp=23.5 pwm=0.000 extruder1: target=0 temp=23.6 pwm=0.000 sysload=0.10 cputime=6.891 memavail=601440
Stats 356.9: gcodein=0 mcu: mcu_awake=0.000 mcu_task_avg=0.000001 mcu_task_stddev=0.000001 bytes_write=4718 bytes_read=60387 bytes_retransmit=9 bytes_invalid=0 send_seq=572 receive_seq=572 retransmit_seq=2 srtt=0.001 rttvar=0.000 rto=0.025 ready_bytes=0 upcoming_bytes=0 freq=520021891 heater_bed: target=0 temp=21.7 pwm=0.000 print_time=357.508 buffer_time=0.000 print_stall=0 extruder: target=0 temp=23.5 pwm=0.000 extruder1: target=0 temp=23.5 pwm=0.000 sysload=0.10 cputime=6.910 memavail=601440
Stats 357.9: gcodein=0 mcu: mcu_awake=0.000 mcu_task_avg=0.000001 mcu_task_stddev=0.000001 bytes_write=4724 bytes_read=60549 bytes_retransmit=9 bytes_invalid=0 send_seq=573 receive_seq=573 retransmit_seq=2 srtt=0.001 rttvar=0.000 rto=0.025 ready_bytes=0 upcoming_bytes=0 freq=520021893 heater_bed: target=0 temp=21.9 pwm=0.000 print_time=357.508 buffer_time=0.000 print_stall=0 extruder: target=0 temp=23.5 pwm=0.000 extruder1: target=0 temp=23.5 pwm=0.000 sysload=0.10 cputime=6.929 memavail=601440
Stats 358.9: gcodein=0 mcu: mcu_awake=0.000 mcu_task_avg=0.000001 mcu_task_stddev=0.000001 bytes_write=4730 bytes_read=60729 bytes_retransmit=9 bytes_invalid=0 send_seq=574 receive_seq=574 retransmit_seq=2 srtt=0.001 rttvar=0.000 rto=0.025 ready_bytes=0 upcoming_bytes=0 freq=520021887 heater_bed: target=0 temp=22.1 pwm=0.000 print_time=357.508 buffer_time=0.000 print_stall=0 extruder: target=0 temp=23.4 pwm=0.000 extruder1: target=0 temp=23.3 pwm=0.000 sysload=0.10 cputime=6.948 memavail=601440
Stats 359.9: gcodein=0 mcu: mcu_awake=0.000 mcu_task_avg=0.000001 mcu_task_stddev=0.000001 bytes_write=4736 bytes_read=60895 bytes_retransmit=9 bytes_invalid=0 send_seq=575 receive_seq=575 retransmit_seq=2 srtt=0.001 rttvar=0.000 rto=0.025 ready_bytes=0 upcoming_bytes=0 freq=520021889 heater_bed: target=0 temp=22.1 pwm=0.000 print_time=357.508 buffer_time=0.000 print_stall=0 extruder: target=0 temp=23.3 pwm=0.000 extruder1: target=0 temp=23.5 pwm=0.000 sysload=0.10 cputime=6.967 memavail=601440
Stats 360.9: gcodein=0 mcu: mcu_awake=0.000 mcu_task_avg=0.000001 mcu_task_stddev=0.000001 bytes_write=4742 bytes_read=61061 bytes_retransmit=9 bytes_invalid=0 send_seq=576 receive_seq=576 retransmit_seq=2 srtt=0.001 rttvar=0.000 rto=0.025 ready_bytes=0 upcoming_bytes=0 freq=520021891 heater_bed: target=0 temp=22.1 pwm=0.000 print_time=357.508 buffer_time=0.000 print_stall=0 extruder: target=0 temp=23.4 pwm=0.000 extruder1: target=0 temp=23.6 pwm=0.000 sysload=0.09 cputime=6.986 memavail=601440
Stats 361.9: gcodein=0 mcu: mcu_awake=0.000 mcu_task_avg=0.000001 mcu_task_stddev=0.000001 bytes_write=4748 bytes_read=61227 bytes_retransmit=9 bytes_invalid=0 send_seq=577 receive_seq=577 retransmit_seq=2 srtt=0.001 rttvar=0.000 rto=0.025 ready_bytes=0 upcoming_bytes=0 freq=520021897 heater_bed: target=0 temp=22.2 pwm=0.000 print_time=357.508 buffer_time=0.000 print_stall=0 extruder: target=0 temp=23.5 pwm=0.000 extruder1: target=0 temp=23.4 pwm=0.000 sysload=0.09 cputime=7.006 memavail=601048
Stats 362.9: gcodein=0 mcu: mcu_awake=0.000 mcu_task_avg=0.000001 mcu_task_stddev=0.000001 bytes_write=4754 bytes_read=61408 bytes_retransmit=9 bytes_invalid=0 send_seq=578 receive_seq=578 retransmit_seq=2 srtt=0.001 rttvar=0.000 rto=0.025 ready_bytes=0 upcoming_bytes=0 freq=520021900 heater_bed: target=0 temp=22.2 pwm=0.000 print_time=357.508 buffer_time=0.000 print_stall=0 extruder: target=0 temp=23.3 pwm=0.000 extruder1: target=0 temp=23.5 pwm=0.000 sysload=0.09 cputime=7.025 memavail=601048
Stats 363.9: gcodein=0 mcu: mcu_awake=0.000 mcu_task_avg=0.000001 mcu_task_stddev=0.000001 bytes_write=4760 bytes_read=61573 bytes_retransmit=9 bytes_invalid=0 send_seq=579 receive_seq=579 retransmit_seq=2 srtt=0.001 rttvar=0.000 rto=0.025 ready_bytes=0 upcoming_bytes=0 freq=520021914 heater_bed: target=0 temp=22.1 pwm=0.000 print_time=357.508 buffer_time=0.000 print_stall=0 extruder: target=0 temp=23.5 pwm=0.000 extruder1: target=0 temp=23.4 pwm=0.000 sysload=0.09 cputime=7.044 memavail=601048
Stats 364.9: gcodein=0 mcu: mcu_awake=0.000 mcu_task_avg=0.000001 mcu_task_stddev=0.000001 bytes_write=4766 bytes_read=61739 bytes_retransmit=9 bytes_invalid=0 send_seq=580 receive_seq=580 retransmit_seq=2 srtt=0.001 rttvar=0.000 rto=0.025 ready_bytes=0 upcoming_bytes=0 freq=520021914 heater_bed: target=0 temp=22.1 pwm=0.000 print_time=357.508 buffer_time=0.000 print_stall=0 extruder: target=0 temp=23.4 pwm=0.000 extruder1: target=0 temp=23.4 pwm=0.000 sysload=0.09 cputime=7.063 memavail=601048
Stats 365.9: gcodein=0 mcu: mcu_awake=0.000 mcu_task_avg=0.000001 mcu_task_stddev=0.000001 bytes_write=4772 bytes_read=61915 bytes_retransmit=9 bytes_invalid=0 send_seq=581 receive_seq=581 retransmit_seq=2 srtt=0.001 rttvar=0.000 rto=0.025 ready_bytes=0 upcoming_bytes=0 freq=520021910 heater_bed: target=0 temp=22.0 pwm=0.000 print_time=357.508 buffer_time=0.000 print_stall=0 extruder: target=0 temp=23.5 pwm=0.000 extruder1: target=0 temp=23.4 pwm=0.000 sysload=0.08 cputime=7.082 memavail=601048
Stats 366.9: gcodein=0 mcu: mcu_awake=0.000 mcu_task_avg=0.000001 mcu_task_stddev=0.000001 bytes_write=4778 bytes_read=62066 bytes_retransmit=9 bytes_invalid=0 send_seq=582 receive_seq=582 retransmit_seq=2 srtt=0.001 rttvar=0.000 rto=0.025 ready_bytes=0 upcoming_bytes=0 freq=520021909 heater_bed: target=0 temp=22.0 pwm=0.000 print_time=357.508 buffer_time=0.000 print_stall=0 extruder: target=0 temp=23.4 pwm=0.000 extruder1: target=0 temp=23.5 pwm=0.000 sysload=0.08 cputime=7.102 memavail=601048
Stats 367.9: gcodein=0 mcu: mcu_awake=0.000 mcu_task_avg=0.000001 mcu_task_stddev=0.000001 bytes_write=4784 bytes_read=62232 bytes_retransmit=9 bytes_invalid=0 send_seq=583 receive_seq=583 retransmit_seq=2 srtt=0.001 rttvar=0.000 rto=0.025 ready_bytes=0 upcoming_bytes=0 freq=520021910 heater_bed: target=0 temp=21.8 pwm=0.000 print_time=357.508 buffer_time=0.000 print_stall=0 extruder: target=0 temp=23.8 pwm=0.000 extruder1: target=0 temp=23.4 pwm=0.000 sysload=0.08 cputime=7.122 memavail=601048
Stats 368.9: gcodein=0 mcu: mcu_awake=0.000 mcu_task_avg=0.000001 mcu_task_stddev=0.000001 bytes_write=4790 bytes_read=62427 bytes_retransmit=9 bytes_invalid=0 send_seq=584 receive_seq=584 retransmit_seq=2 srtt=0.001 rttvar=0.000 rto=0.025 ready_bytes=0 upcoming_bytes=0 freq=520021906 heater_bed: target=0 temp=21.7 pwm=0.000 print_time=357.508 buffer_time=0.000 print_stall=0 extruder: target=0 temp=23.5 pwm=0.000 extruder1: target=0 temp=23.5 pwm=0.000 sysload=0.08 cputime=7.143 memavail=601048
Stats 369.9: gcodein=0 mcu: mcu_awake=0.000 mcu_task_avg=0.000001 mcu_task_stddev=0.000001 bytes_write=4796 bytes_read=62578 bytes_retransmit=9 bytes_invalid=0 send_seq=585 receive_seq=585 retransmit_seq=2 srtt=0.001 rttvar=0.000 rto=0.025 ready_bytes=0 upcoming_bytes=0 freq=520021913 heater_bed: target=0 temp=21.5 pwm=0.000 print_time=357.508 buffer_time=0.000 print_stall=0 extruder: target=0 temp=23.5 pwm=0.000 extruder1: target=0 temp=23.5 pwm=0.000 sysload=0.08 cputime=7.162 memavail=601048
Stats 370.9: gcodein=0 mcu: mcu_awake=0.000 mcu_task_avg=0.000001 mcu_task_stddev=0.000001 bytes_write=4802 bytes_read=62744 bytes_retransmit=9 bytes_invalid=0 send_seq=586 receive_seq=586 retransmit_seq=2 srtt=0.001 rttvar=0.000 rto=0.025 ready_bytes=0 upcoming_bytes=0 freq=520021912 heater_bed: target=0 temp=21.4 pwm=0.000 print_time=357.508 buffer_time=0.000 print_stall=0 extruder: target=0 temp=23.3 pwm=0.000 extruder1: target=0 temp=23.3 pwm=0.000 sysload=0.08 cputime=7.183 memavail=601048
Stats 371.9: gcodein=0 mcu: mcu_awake=0.000 mcu_task_avg=0.000001 mcu_task_stddev=0.000001 bytes_write=4808 bytes_read=62925 bytes_retransmit=9 bytes_invalid=0 send_seq=587 receive_seq=587 retransmit_seq=2 srtt=0.001 rttvar=0.000 rto=0.025 ready_bytes=0 upcoming_bytes=0 freq=520021912 heater_bed: target=0 temp=21.2 pwm=0.000 print_time=357.508 buffer_time=0.000 print_stall=0 extruder: target=0 temp=23.5 pwm=0.000 extruder1: target=0 temp=23.4 pwm=0.000 sysload=0.08 cputime=7.200 memavail=600792
Stats 373.0: gcodein=0 mcu: mcu_awake=0.000 mcu_task_avg=0.000001 mcu_task_stddev=0.000001 bytes_write=4820 bytes_read=63092 bytes_retransmit=9 bytes_invalid=0 send_seq=589 receive_seq=589 retransmit_seq=2 srtt=0.001 rttvar=0.000 rto=0.025 ready_bytes=0 upcoming_bytes=0 freq=520021895 heater_bed: target=0 temp=21.1 pwm=0.000 print_time=357.508 buffer_time=0.000 print_stall=0 extruder: target=0 temp=23.6 pwm=0.000 extruder1: target=0 temp=23.5 pwm=0.000 sysload=0.08 cputime=7.213 memavail=606628
Stats 374.0: gcodein=0 mcu: mcu_awake=0.000 mcu_task_avg=0.000001 mcu_task_stddev=0.000001 bytes_write=4826 bytes_read=63266 bytes_retransmit=9 bytes_invalid=0 send_seq=590 receive_seq=590 retransmit_seq=2 srtt=0.001 rttvar=0.000 rto=0.025 ready_bytes=0 upcoming_bytes=0 freq=520021894 heater_bed: target=0 temp=20.9 pwm=0.000 print_time=357.508 buffer_time=0.000 print_stall=0 extruder: target=0 temp=23.4 pwm=0.000 extruder1: target=0 temp=23.5 pwm=0.000 sysload=0.08 cputime=7.225 memavail=606628
Stats 375.0: gcodein=0 mcu: mcu_awake=0.000 mcu_task_avg=0.000001 mcu_task_stddev=0.000001 bytes_write=4832 bytes_read=63447 bytes_retransmit=9 bytes_invalid=0 send_seq=591 receive_seq=591 retransmit_seq=2 srtt=0.001 rttvar=0.000 rto=0.025 ready_bytes=0 upcoming_bytes=0 freq=520021886 heater_bed: target=0 temp=20.8 pwm=0.000 print_time=357.508 buffer_time=0.000 print_stall=0 extruder: target=0 temp=23.4 pwm=0.000 extruder1: target=0 temp=23.5 pwm=0.000 sysload=0.08 cputime=7.238 memavail=606124
Stats 376.0: gcodein=0 mcu: mcu_awake=0.000 mcu_task_avg=0.000001 mcu_task_stddev=0.000001 bytes_write=4838 bytes_read=63598 bytes_retransmit=9 bytes_invalid=0 send_seq=592 receive_seq=592 retransmit_seq=2 srtt=0.001 rttvar=0.000 rto=0.025 ready_bytes=0 upcoming_bytes=0 freq=520021878 heater_bed: target=0 temp=20.7 pwm=0.000 print_time=357.508 buffer_time=0.000 print_stall=0 extruder: target=0 temp=23.5 pwm=0.000 extruder1: target=0 temp=23.6 pwm=0.000 sysload=0.07 cputime=7.251 memavail=606124
Stats 377.0: gcodein=0 mcu: mcu_awake=0.000 mcu_task_avg=0.000001 mcu_task_stddev=0.000001 bytes_write=4844 bytes_read=63764 bytes_retransmit=9 bytes_invalid=0 send_seq=593 receive_seq=593 retransmit_seq=2 srtt=0.001 rttvar=0.000 rto=0.025 ready_bytes=0 upcoming_bytes=0 freq=520021882 heater_bed: target=0 temp=20.7 pwm=0.000 print_time=357.508 buffer_time=0.000 print_stall=0 extruder: target=0 temp=23.5 pwm=0.000 extruder1: target=0 temp=23.4 pwm=0.000 sysload=0.07 cputime=7.267 memavail=606124
Stats 378.0: gcodein=0 mcu: mcu_awake=0.000 mcu_task_avg=0.000001 mcu_task_stddev=0.000001 bytes_write=4850 bytes_read=63945 bytes_retransmit=9 bytes_invalid=0 send_seq=594 receive_seq=594 retransmit_seq=2 srtt=0.001 rttvar=0.000 rto=0.025 ready_bytes=0 upcoming_bytes=0 freq=520021881 heater_bed: target=0 temp=20.6 pwm=0.000 print_time=357.508 buffer_time=0.000 print_stall=0 extruder: target=0 temp=23.5 pwm=0.000 extruder1: target=0 temp=23.1 pwm=0.000 sysload=0.07 cputime=7.287 memavail=606124
Stats 379.0: gcodein=0 mcu: mcu_awake=0.000 mcu_task_avg=0.000001 mcu_task_stddev=0.000001 bytes_write=4856 bytes_read=64096 bytes_retransmit=9 bytes_invalid=0 send_seq=595 receive_seq=595 retransmit_seq=2 srtt=0.001 rttvar=0.000 rto=0.025 ready_bytes=0 upcoming_bytes=0 freq=520021877 heater_bed: target=0 temp=20.5 pwm=0.000 print_time=357.508 buffer_time=0.000 print_stall=0 extruder: target=0 temp=23.5 pwm=0.000 extruder1: target=0 temp=23.6 pwm=0.000 sysload=0.07 cputime=7.307 memavail=605900
Stats 380.0: gcodein=0 mcu: mcu_awake=0.000 mcu_task_avg=0.000001 mcu_task_stddev=0.000001 bytes_write=4862 bytes_read=64276 bytes_retransmit=9 bytes_invalid=0 send_seq=596 receive_seq=596 retransmit_seq=2 srtt=0.001 rttvar=0.000 rto=0.025 ready_bytes=0 upcoming_bytes=0 freq=520021880 heater_bed: target=0 temp=20.5 pwm=0.000 print_time=357.508 buffer_time=0.000 print_stall=0 extruder: target=0 temp=23.4 pwm=0.000 extruder1: target=0 temp=23.4 pwm=0.000 sysload=0.07 cputime=7.327 memavail=605900
Stats 381.0: gcodein=0 mcu: mcu_awake=0.000 mcu_task_avg=0.000001 mcu_task_stddev=0.000001 bytes_write=4868 bytes_read=64457 bytes_retransmit=9 bytes_invalid=0 send_seq=597 receive_seq=597 retransmit_seq=2 srtt=0.001 rttvar=0.000 rto=0.025 ready_bytes=0 upcoming_bytes=0 freq=520021876 heater_bed: target=0 temp=20.5 pwm=0.000 print_time=357.508 buffer_time=0.000 print_stall=0 extruder: target=0 temp=23.5 pwm=0.000 extruder1: target=0 temp=23.5 pwm=0.000 sysload=0.07 cputime=7.347 memavail=605900
Stats 382.0: gcodein=0 mcu: mcu_awake=0.000 mcu_task_avg=0.000001 mcu_task_stddev=0.000001 bytes_write=4874 bytes_read=64602 bytes_retransmit=9 bytes_invalid=0 send_seq=598 receive_seq=598 retransmit_seq=2 srtt=0.001 rttvar=0.000 rto=0.025 ready_bytes=0 upcoming_bytes=0 freq=520021878 heater_bed: target=0 temp=20.5 pwm=0.000 print_time=357.508 buffer_time=0.000 print_stall=0 extruder: target=0 temp=23.4 pwm=0.000 extruder1: target=0 temp=23.4 pwm=0.000 sysload=0.07 cputime=7.366 memavail=603644
Stats 383.0: gcodein=0 mcu: mcu_awake=0.000 mcu_task_avg=0.000001 mcu_task_stddev=0.000001 bytes_write=4880 bytes_read=64768 bytes_retransmit=9 bytes_invalid=0 send_seq=599 receive_seq=599 retransmit_seq=2 srtt=0.001 rttvar=0.000 rto=0.025 ready_bytes=0 upcoming_bytes=0 freq=520021874 heater_bed: target=0 temp=20.5 pwm=0.000 print_time=357.508 buffer_time=0.000 print_stall=0 extruder: target=0 temp=23.5 pwm=0.000 extruder1: target=0 temp=23.5 pwm=0.000 sysload=0.07 cputime=7.385 memavail=603644
Stats 384.0: gcodein=0 mcu: mcu_awake=0.000 mcu_task_avg=0.000001 mcu_task_stddev=0.000001 bytes_write=4886 bytes_read=64949 bytes_retransmit=9 bytes_invalid=0 send_seq=600 receive_seq=600 retransmit_seq=2 srtt=0.001 rttvar=0.000 rto=0.025 ready_bytes=0 upcoming_bytes=0 freq=520021876 heater_bed: target=0 temp=20.6 pwm=0.000 print_time=357.508 buffer_time=0.000 print_stall=0 extruder: target=0 temp=23.5 pwm=0.000 extruder1: target=0 temp=23.4 pwm=0.000 sysload=0.07 cputime=7.404 memavail=603644
Stats 385.0: gcodein=0 mcu: mcu_awake=0.000 mcu_task_avg=0.000001 mcu_task_stddev=0.000001 bytes_write=4892 bytes_read=65114 bytes_retransmit=9 bytes_invalid=0 send_seq=601 receive_seq=601 retransmit_seq=2 srtt=0.001 rttvar=0.000 rto=0.025 ready_bytes=0 upcoming_bytes=0 freq=520021875 heater_bed: target=0 temp=20.7 pwm=0.000 print_time=357.508 buffer_time=0.000 print_stall=0 extruder: target=0 temp=23.4 pwm=0.000 extruder1: target=0 temp=23.4 pwm=0.000 sysload=0.07 cputime=7.423 memavail=603644
Stats 386.0: gcodein=0 mcu: mcu_awake=0.000 mcu_task_avg=0.000001 mcu_task_stddev=0.000001 bytes_write=4898 bytes_read=65280 bytes_retransmit=9 bytes_invalid=0 send_seq=602 receive_seq=602 retransmit_seq=2 srtt=0.001 rttvar=0.000 rto=0.025 ready_bytes=0 upcoming_bytes=0 freq=520021872 heater_bed: target=0 temp=20.7 pwm=0.000 print_time=357.508 buffer_time=0.000 print_stall=0 extruder: target=0 temp=23.4 pwm=0.000 extruder1: target=0 temp=23.4 pwm=0.000 sysload=0.06 cputime=7.443 memavail=603644
Stats 387.0: gcodein=0 mcu: mcu_awake=0.000 mcu_task_avg=0.000001 mcu_task_stddev=0.000001 bytes_write=4904 bytes_read=65461 bytes_retransmit=9 bytes_invalid=0 send_seq=603 receive_seq=603 retransmit_seq=2 srtt=0.001 rttvar=0.000 rto=0.025 ready_bytes=0 upcoming_bytes=0 freq=520021872 heater_bed: target=0 temp=20.8 pwm=0.000 print_time=357.508 buffer_time=0.000 print_stall=0 extruder: target=0 temp=23.5 pwm=0.000 extruder1: target=0 temp=23.4 pwm=0.000 sysload=0.06 cputime=7.464 memavail=603644
Stats 388.0: gcodein=0 mcu: mcu_awake=0.000 mcu_task_avg=0.000001 mcu_task_stddev=0.000001 bytes_write=4910 bytes_read=65612 bytes_retransmit=9 bytes_invalid=0 send_seq=604 receive_seq=604 retransmit_seq=2 srtt=0.001 rttvar=0.000 rto=0.025 ready_bytes=0 upcoming_bytes=0 freq=520021875 heater_bed: target=0 temp=20.9 pwm=0.000 print_time=357.508 buffer_time=0.000 print_stall=0 extruder: target=0 temp=23.4 pwm=0.000 extruder1: target=0 temp=23.5 pwm=0.000 sysload=0.06 cputime=7.483 memavail=603644
Stats 389.0: gcodein=0 mcu: mcu_awake=0.000 mcu_task_avg=0.000001 mcu_task_stddev=0.000001 bytes_write=4916 bytes_read=65778 bytes_retransmit=9 bytes_invalid=0 send_seq=605 receive_seq=605 retransmit_seq=2 srtt=0.001 rttvar=0.000 rto=0.025 ready_bytes=0 upcoming_bytes=0 freq=520021882 heater_bed: target=0 temp=21.0 pwm=0.000 print_time=357.508 buffer_time=0.000 print_stall=0 extruder: target=0 temp=23.6 pwm=0.000 extruder1: target=0 temp=23.5 pwm=0.000 sysload=0.06 cputime=7.503 memavail=603644
Stats 390.0: gcodein=0 mcu: mcu_awake=0.000 mcu_task_avg=0.000001 mcu_task_stddev=0.000001 bytes_write=4922 bytes_read=65970 bytes_retransmit=9 bytes_invalid=0 send_seq=606 receive_seq=606 retransmit_seq=2 srtt=0.001 rttvar=0.000 rto=0.025 ready_bytes=0 upcoming_bytes=0 freq=520021887 heater_bed: target=0 temp=21.1 pwm=0.000 print_time=357.508 buffer_time=0.000 print_stall=0 extruder: target=0 temp=23.5 pwm=0.000 extruder1: target=0 temp=23.5 pwm=0.000 sysload=0.06 cputime=7.523 memavail=603444
Stats 391.0: gcodein=0 mcu: mcu_awake=0.000 mcu_task_avg=0.000001 mcu_task_stddev=0.000001 bytes_write=4928 bytes_read=66118 bytes_retransmit=9 bytes_invalid=0 send_seq=607 receive_seq=607 retransmit_seq=2 srtt=0.001 rttvar=0.000 rto=0.025 ready_bytes=0 upcoming_bytes=0 freq=520021886 heater_bed: target=0 temp=21.2 pwm=0.000 print_time=357.508 buffer_time=0.000 print_stall=0 extruder: target=0 temp=23.5 pwm=0.000 extruder1: target=0 temp=23.5 pwm=0.000 sysload=0.06 cputime=7.542 memavail=603444
Stats 392.0: gcodein=0 mcu: mcu_awake=0.000 mcu_task_avg=0.000001 mcu_task_stddev=0.000001 bytes_write=4934 bytes_read=66284 bytes_retransmit=9 bytes_invalid=0 send_seq=608 receive_seq=608 retransmit_seq=2 srtt=0.001 rttvar=0.000 rto=0.025 ready_bytes=0 upcoming_bytes=0 freq=520021885 heater_bed: target=0 temp=21.4 pwm=0.000 print_time=357.508 buffer_time=0.000 print_stall=0 extruder: target=0 temp=23.5 pwm=0.000 extruder1: target=0 temp=23.4 pwm=0.000 sysload=0.06 cputime=7.562 memavail=603220
Stats 393.0: gcodein=0 mcu: mcu_awake=0.000 mcu_task_avg=0.000001 mcu_task_stddev=0.000001 bytes_write=4940 bytes_read=66465 bytes_retransmit=9 bytes_invalid=0 send_seq=609 receive_seq=609 retransmit_seq=2 srtt=0.001 rttvar=0.000 rto=0.025 ready_bytes=0 upcoming_bytes=0 freq=520021882 heater_bed: target=0 temp=21.5 pwm=0.000 print_time=357.508 buffer_time=0.000 print_stall=0 extruder: target=0 temp=23.5 pwm=0.000 extruder1: target=0 temp=23.5 pwm=0.000 sysload=0.06 cputime=7.581 memavail=603220
Stats 394.0: gcodein=0 mcu: mcu_awake=0.000 mcu_task_avg=0.000001 mcu_task_stddev=0.000001 bytes_write=4946 bytes_read=66616 bytes_retransmit=9 bytes_invalid=0 send_seq=610 receive_seq=610 retransmit_seq=2 srtt=0.001 rttvar=0.000 rto=0.025 ready_bytes=0 upcoming_bytes=0 freq=520021885 heater_bed: target=0 temp=21.6 pwm=0.000 print_time=357.508 buffer_time=0.000 print_stall=0 extruder: target=0 temp=23.4 pwm=0.000 extruder1: target=0 temp=23.5 pwm=0.000 sysload=0.06 cputime=7.600 memavail=603220
Stats 395.0: gcodein=0 mcu: mcu_awake=0.000 mcu_task_avg=0.000001 mcu_task_stddev=0.000001 bytes_write=4952 bytes_read=66796 bytes_retransmit=9 bytes_invalid=0 send_seq=611 receive_seq=611 retransmit_seq=2 srtt=0.001 rttvar=0.000 rto=0.025 ready_bytes=0 upcoming_bytes=0 freq=520021888 heater_bed: target=0 temp=21.8 pwm=0.000 print_time=357.508 buffer_time=0.000 print_stall=0 extruder: target=0 temp=23.5 pwm=0.000 extruder1: target=0 temp=23.6 pwm=0.000 sysload=0.06 cputime=7.622 memavail=603220
Stats 396.0: gcodein=0 mcu: mcu_awake=0.000 mcu_task_avg=0.000001 mcu_task_stddev=0.000001 bytes_write=4958 bytes_read=66977 bytes_retransmit=9 bytes_invalid=0 send_seq=612 receive_seq=612 retransmit_seq=2 srtt=0.001 rttvar=0.000 rto=0.025 ready_bytes=0 upcoming_bytes=0 freq=520021887 heater_bed: target=0 temp=21.9 pwm=0.000 print_time=357.508 buffer_time=0.000 print_stall=0 extruder: target=0 temp=23.6 pwm=0.000 extruder1: target=0 temp=23.5 pwm=0.000 sysload=0.05 cputime=7.642 memavail=603220
Stats 397.0: gcodein=0 mcu: mcu_awake=0.000 mcu_task_avg=0.000001 mcu_task_stddev=0.000001 bytes_write=4964 bytes_read=67128 bytes_retransmit=9 bytes_invalid=0 send_seq=613 receive_seq=613 retransmit_seq=2 srtt=0.001 rttvar=0.000 rto=0.025 ready_bytes=0 upcoming_bytes=0 freq=520021893 heater_bed: target=0 temp=22.0 pwm=0.000 print_time=357.508 buffer_time=0.000 print_stall=0 extruder: target=0 temp=23.5 pwm=0.000 extruder1: target=0 temp=23.5 pwm=0.000 sysload=0.05 cputime=7.661 memavail=603252
Stats 398.0: gcodein=0 mcu: mcu_awake=0.000 mcu_task_avg=0.000001 mcu_task_stddev=0.000001 bytes_write=4970 bytes_read=67294 bytes_retransmit=9 bytes_invalid=0 send_seq=614 receive_seq=614 retransmit_seq=2 srtt=0.001 rttvar=0.000 rto=0.025 ready_bytes=0 upcoming_bytes=0 freq=520021895 heater_bed: target=0 temp=22.1 pwm=0.000 print_time=357.508 buffer_time=0.000 print_stall=0 extruder: target=0 temp=23.4 pwm=0.000 extruder1: target=0 temp=23.5 pwm=0.000 sysload=0.05 cputime=7.681 memavail=603508
Stats 399.0: gcodein=0 mcu: mcu_awake=0.000 mcu_task_avg=0.000001 mcu_task_stddev=0.000001 bytes_write=4976 bytes_read=67468 bytes_retransmit=9 bytes_invalid=0 send_seq=615 receive_seq=615 retransmit_seq=2 srtt=0.001 rttvar=0.000 rto=0.025 ready_bytes=0 upcoming_bytes=0 freq=520021893 heater_bed: target=0 temp=22.1 pwm=0.000 print_time=357.508 buffer_time=0.000 print_stall=0 extruder: target=0 temp=23.4 pwm=0.000 extruder1: target=0 temp=23.4 pwm=0.000 sysload=0.05 cputime=7.701 memavail=603508
Stats 400.0: gcodein=0 mcu: mcu_awake=0.000 mcu_task_avg=0.000001 mcu_task_stddev=0.000001 bytes_write=4982 bytes_read=67633 bytes_retransmit=9 bytes_invalid=0 send_seq=616 receive_seq=616 retransmit_seq=2 srtt=0.001 rttvar=0.000 rto=0.025 ready_bytes=0 upcoming_bytes=0 freq=520021895 heater_bed: target=0 temp=22.2 pwm=0.000 print_time=357.508 buffer_time=0.000 print_stall=0 extruder: target=0 temp=23.5 pwm=0.000 extruder1: target=0 temp=23.5 pwm=0.000 sysload=0.05 cputime=7.721 memavail=603508
Stats 401.0: gcodein=0 mcu: mcu_awake=0.000 mcu_task_avg=0.000001 mcu_task_stddev=0.000001 bytes_write=4988 bytes_read=67799 bytes_retransmit=9 bytes_invalid=0 send_seq=617 receive_seq=617 retransmit_seq=2 srtt=0.001 rttvar=0.000 rto=0.025 ready_bytes=0 upcoming_bytes=0 freq=520021893 heater_bed: target=0 temp=22.2 pwm=0.000 print_time=357.508 buffer_time=0.000 print_stall=0 extruder: target=0 temp=23.5 pwm=0.000 extruder1: target=0 temp=23.5 pwm=0.000 sysload=0.05 cputime=7.741 memavail=603508
Stats 402.0: gcodein=0 mcu: mcu_awake=0.000 mcu_task_avg=0.000001 mcu_task_stddev=0.000001 bytes_write=4994 bytes_read=67980 bytes_retransmit=9 bytes_invalid=0 send_seq=618 receive_seq=618 retransmit_seq=2 srtt=0.001 rttvar=0.000 rto=0.025 ready_bytes=0 upcoming_bytes=0 freq=520021892 heater_bed: target=0 temp=22.2 pwm=0.000 print_time=357.508 buffer_time=0.000 print_stall=0 extruder: target=0 temp=23.5 pwm=0.000 extruder1: target=0 temp=23.5 pwm=0.000 sysload=0.05 cputime=7.761 memavail=608040
Stats 403.0: gcodein=0 mcu: mcu_awake=0.000 mcu_task_avg=0.000001 mcu_task_stddev=0.000001 bytes_write=5000 bytes_read=68131 bytes_retransmit=9 bytes_invalid=0 send_seq=619 receive_seq=619 retransmit_seq=2 srtt=0.001 rttvar=0.000 rto=0.025 ready_bytes=0 upcoming_bytes=0 freq=520021895 heater_bed: target=0 temp=22.2 pwm=0.000 print_time=357.508 buffer_time=0.000 print_stall=0 extruder: target=0 temp=23.4 pwm=0.000 extruder1: target=0 temp=23.4 pwm=0.000 sysload=0.05 cputime=7.780 memavail=607788
Stats 404.0: gcodein=0 mcu: mcu_awake=0.000 mcu_task_avg=0.000001 mcu_task_stddev=0.000001 bytes_write=5006 bytes_read=68297 bytes_retransmit=9 bytes_invalid=0 send_seq=620 receive_seq=620 retransmit_seq=2 srtt=0.001 rttvar=0.000 rto=0.025 ready_bytes=0 upcoming_bytes=0 freq=520021899 heater_bed: target=0 temp=22.1 pwm=0.000 print_time=357.508 buffer_time=0.000 print_stall=0 extruder: target=0 temp=23.5 pwm=0.000 extruder1: target=0 temp=23.5 pwm=0.000 sysload=0.05 cputime=7.797 memavail=607788
Stats 405.0: gcodein=0 mcu: mcu_awake=0.000 mcu_task_avg=0.000001 mcu_task_stddev=0.000001 bytes_write=5012 bytes_read=68492 bytes_retransmit=9 bytes_invalid=0 send_seq=621 receive_seq=621 retransmit_seq=2 srtt=0.001 rttvar=0.000 rto=0.025 ready_bytes=0 upcoming_bytes=0 freq=520021901 heater_bed: target=0 temp=22.1 pwm=0.000 print_time=357.508 buffer_time=0.000 print_stall=0 extruder: target=0 temp=23.5 pwm=0.000 extruder1: target=0 temp=23.5 pwm=0.000 sysload=0.05 cputime=7.817 memavail=607788
Stats 406.0: gcodein=0 mcu: mcu_awake=0.000 mcu_task_avg=0.000001 mcu_task_stddev=0.000001 bytes_write=5018 bytes_read=68643 bytes_retransmit=9 bytes_invalid=0 send_seq=622 receive_seq=622 retransmit_seq=2 srtt=0.001 rttvar=0.000 rto=0.025 ready_bytes=0 upcoming_bytes=0 freq=520021898 heater_bed: target=0 temp=22.1 pwm=0.000 print_time=357.508 buffer_time=0.000 print_stall=0 extruder: target=0 temp=23.5 pwm=0.000 extruder1: target=0 temp=23.5 pwm=0.000 sysload=0.04 cputime=7.836 memavail=607788
Stats 407.0: gcodein=0 mcu: mcu_awake=0.000 mcu_task_avg=0.000001 mcu_task_stddev=0.000001 bytes_write=5024 bytes_read=68803 bytes_retransmit=9 bytes_invalid=0 send_seq=623 receive_seq=623 retransmit_seq=2 srtt=0.001 rttvar=0.000 rto=0.025 ready_bytes=0 upcoming_bytes=0 freq=520021892 heater_bed: target=0 temp=22.0 pwm=0.000 print_time=357.508 buffer_time=0.000 print_stall=0 extruder: target=0 temp=23.4 pwm=0.000 extruder1: target=0 temp=23.5 pwm=0.000 sysload=0.04 cputime=7.855 memavail=607536
Stats 408.0: gcodein=0 mcu: mcu_awake=0.000 mcu_task_avg=0.000001 mcu_task_stddev=0.000001 bytes_write=5030 bytes_read=68984 bytes_retransmit=9 bytes_invalid=0 send_seq=624 receive_seq=624 retransmit_seq=2 srtt=0.001 rttvar=0.000 rto=0.025 ready_bytes=0 upcoming_bytes=0 freq=520021891 heater_bed: target=0 temp=21.9 pwm=0.000 print_time=357.508 buffer_time=0.000 print_stall=0 extruder: target=0 temp=23.4 pwm=0.000 extruder1: target=0 temp=23.5 pwm=0.000 sysload=0.04 cputime=7.875 memavail=607536
Stats 409.0: gcodein=0 mcu: mcu_awake=0.000 mcu_task_avg=0.000001 mcu_task_stddev=0.000001 bytes_write=5036 bytes_read=69135 bytes_retransmit=9 bytes_invalid=0 send_seq=625 receive_seq=625 retransmit_seq=2 srtt=0.001 rttvar=0.000 rto=0.025 ready_bytes=0 upcoming_bytes=0 freq=520021889 heater_bed: target=0 temp=21.9 pwm=0.000 print_time=357.508 buffer_time=0.000 print_stall=0 extruder: target=0 temp=23.4 pwm=0.000 extruder1: target=0 temp=23.5 pwm=0.000 sysload=0.04 cputime=7.894 memavail=607536
Stats 410.0: gcodein=0 mcu: mcu_awake=0.000 mcu_task_avg=0.000001 mcu_task_stddev=0.000001 bytes_write=5042 bytes_read=69315 bytes_retransmit=9 bytes_invalid=0 send_seq=626 receive_seq=626 retransmit_seq=2 srtt=0.001 rttvar=0.000 rto=0.025 ready_bytes=0 upcoming_bytes=0 freq=520021888 heater_bed: target=0 temp=21.9 pwm=0.000 print_time=357.508 buffer_time=0.000 print_stall=0 extruder: target=0 temp=23.5 pwm=0.000 extruder1: target=0 temp=23.6 pwm=0.000 sysload=0.04 cputime=7.914 memavail=607536
Stats 411.0: gcodein=0 mcu: mcu_awake=0.000 mcu_task_avg=0.000001 mcu_task_stddev=0.000001 bytes_write=5048 bytes_read=69496 bytes_retransmit=9 bytes_invalid=0 send_seq=627 receive_seq=627 retransmit_seq=2 srtt=0.001 rttvar=0.000 rto=0.025 ready_bytes=0 upcoming_bytes=0 freq=520021880 heater_bed: target=0 temp=21.8 pwm=0.000 print_time=357.508 buffer_time=0.000 print_stall=0 extruder: target=0 temp=23.5 pwm=0.000 extruder1: target=0 temp=23.5 pwm=0.000 sysload=0.04 cputime=7.933 memavail=607536
                                                                                                                                                                                                                                                                                                                                                                                                                                                                                                                                                                                                                                                                                                                                                                                                                                                                                                                                                                                                                                                                                                                                                                                                                                                                                                                                                                                                                                                                                                                                                Starting Klippy...
Args: ['/home/pi/klipper/klippy/klippy.py', '/home/pi/printer_data/config/printer.cfg', '-I', '/home/pi/printer_data/comms/klippy.serial', '-l', '/home/pi/printer_data/logs/klippy.log', '-a', '/home/pi/printer_data/comms/klippy.sock']
Git version: 'v0.13.0-641-g2239041d-dirty'
Untracked files: klippy/extras/bed_thermal_adjust.py, klippy/extras/manual_rail.py, klippy/extras/multi_fan.py, klippy/extras/rounded_path.py, klippy/extras/tool.py, klippy/extras/tool_probe.py, klippy/extras/tool_probe_endstop.py, klippy/extras/toolchanger.py, klippy/extras/tools_calibrate.py
Branch: master
Remote: origin
Tracked URL: https://github.com/Klipper3d/klipper
CPU: 4 core ?
Device: Raspberry Pi 3 Model B Rev 1.2
Linux: Linux version 6.12.75+rpt-rpi-v8 (serge@raspberrypi.com) (aarch64-linux-gnu-gcc-14 (Debian 14.2.0-19) 14.2.0, GNU ld (GNU Binutils for Debian) 2.44) #1 SMP PREEMPT Debian 1:6.12.75-1+rpt1 (2026-03-11)
Python: '3.13.5 (main, Jun 25 2025, 18:55:22) [GCC 14.2.0]'
Start printer at Wed May 20 10:57:06 2026 (1779238626.4 37.5)
===== Config file =====
[virtual_sdcard]
path = ~/printer_data/gcodes
on_error_gcode = CANCEL_PRINT

[pause_resume]

[display_status]

[respond]

[gcode_macro CANCEL_PRINT]
description = Cancel the actual running print
rename_existing = CANCEL_PRINT_BASE
gcode = 
	
	{% set client = printer['gcode_macro _CLIENT_VARIABLE'] | default({}) %}
	{% set allow_park = client.park_at_cancel | default(false) | lower == 'true' %}
	{% set retract = client.cancel_retract | default(5.0) | abs %}
	
	{% set park_x = "" if (client.park_at_cancel_x | default(none) is none)
	else "X=" ~ client.park_at_cancel_x %}
	{% set park_y = "" if (client.park_at_cancel_y | default(none) is none)
	else "Y=" ~ client.park_at_cancel_y %}
	{% set custom_park = park_x | length > 0 or park_y | length > 0 %}
	
	
	{% if printer['gcode_macro RESUME'].restore_idle_timeout > 0 %}
	SET_IDLE_TIMEOUT TIMEOUT={printer['gcode_macro RESUME'].restore_idle_timeout}
	{% endif %}
	{% if (custom_park or not printer.pause_resume.is_paused) and allow_park %} _TOOLHEAD_PARK_PAUSE_CANCEL {park_x} {park_y} {% endif %}
	_CLIENT_RETRACT LENGTH={retract}
	TURN_OFF_HEATERS
	M106 S0
	{client.user_cancel_macro | default("")}
	SET_GCODE_VARIABLE MACRO=RESUME VARIABLE=idle_state VALUE=False
	
	SET_PAUSE_NEXT_LAYER ENABLE=0
	SET_PAUSE_AT_LAYER ENABLE=0 LAYER=0
	CANCEL_PRINT_BASE

[gcode_macro PAUSE]
description = Pause the actual running print
rename_existing = PAUSE_BASE
gcode = 
	
	{% set client = printer['gcode_macro _CLIENT_VARIABLE'] | default({}) %}
	{% set idle_timeout = client.idle_timeout | default(0) %}
	{% set temp = printer[printer.toolhead.extruder].target if printer.toolhead.extruder != '' else 0 %}
	{% set restore = False if printer.toolhead.extruder == ''
	else True  if params.RESTORE | default(1) | int == 1 else False %}
	
	SET_GCODE_VARIABLE MACRO=RESUME VARIABLE=last_extruder_temp VALUE="{{'restore': restore, 'temp': temp}}"
	
	{% if idle_timeout > 0 %}
	SET_GCODE_VARIABLE MACRO=RESUME VARIABLE=restore_idle_timeout VALUE={printer.configfile.settings.idle_timeout.timeout}
	SET_IDLE_TIMEOUT TIMEOUT={idle_timeout}
	{% endif %}
	PAUSE_BASE
	{client.user_pause_macro | default("")}
	_TOOLHEAD_PARK_PAUSE_CANCEL {rawparams}

[gcode_macro RESUME]
description = Resume the actual running print
rename_existing = RESUME_BASE
variable_last_extruder_temp = {'restore': False, 'temp': 0}
variable_restore_idle_timeout = 0
variable_idle_state = False
gcode = 
	
	{% set client = printer['gcode_macro _CLIENT_VARIABLE'] | default({}) %}
	{% set velocity = printer.configfile.settings.pause_resume.recover_velocity %}
	{% set sp_move = client.speed_move | default(velocity) %}
	{% set runout_resume = True if client.runout_sensor | default("") == ""
	else True if not printer[client.runout_sensor].enabled
	else printer[client.runout_sensor].filament_detected %}
	{% set can_extrude = True if printer.toolhead.extruder == ''
	else printer[printer.toolhead.extruder].can_extrude %}
	{% set do_resume = False %}
	{% set prompt_txt = [] %}
	
	
	{% if printer.idle_timeout.state | upper == "IDLE" or idle_state %}
	SET_GCODE_VARIABLE MACRO=RESUME VARIABLE=idle_state VALUE=False
	{% if last_extruder_temp.restore %}
	
	RESPOND TYPE=echo MSG='{"Restoring \"%s\" temperature to %3.1f\u00B0C, this may take some time" % (printer.toolhead.extruder, last_extruder_temp.temp) }'
	M109 S{last_extruder_temp.temp}
	{% set do_resume = True %}
	{% elif can_extrude %}
	{% set do_resume = True %}
	{% else %}
	RESPOND TYPE=error MSG='{"Resume aborted !!! \"%s\" not hot enough, please heat up again and press RESUME" % printer.toolhead.extruder}'
	{% set _d = prompt_txt.append("\"%s\" not hot enough, please heat up again and press RESUME" % printer.toolhead.extruder) %}
	{% endif %}
	
	{% elif can_extrude %}
	{% set do_resume = True %}
	{% else %}
	RESPOND TYPE=error MSG='{"Resume aborted !!! \"%s\" not hot enough, please heat up again and press RESUME" % printer.toolhead.extruder}'
	{% set _d = prompt_txt.append("\"%s\" not hot enough, please heat up again and press RESUME" % printer.toolhead.extruder) %}
	{% endif %}
	{% if runout_resume %}
	{% if do_resume %}
	{% if restore_idle_timeout > 0 %} SET_IDLE_TIMEOUT TIMEOUT={restore_idle_timeout} {% endif %}
	{client.user_resume_macro | default("")}
	_CLIENT_EXTRUDE
	RESUME_BASE VELOCITY={params.VELOCITY | default(sp_move)}
	{% endif %}
	{% else %}
	RESPOND TYPE=error MSG='{"Resume aborted !!! \"%s\" detects no filament, please load filament and press RESUME" % (client.runout_sensor.split(" "))[1]}'
	{% set _d = prompt_txt.append("\"%s\" detects no filament, please load filament and press RESUME" % (client.runout_sensor.split(" "))[1]) %}
	{% endif %}
	
	{% if not (runout_resume and do_resume) %}
	RESPOND TYPE=command MSG="action:prompt_begin RESUME aborted !!!"
	{% for element in prompt_txt %}
	RESPOND TYPE=command MSG='{"action:prompt_text %s" % element}'
	{% endfor %}
	RESPOND TYPE=command MSG="action:prompt_footer_button Ok|RESPOND TYPE=command MSG=action:prompt_end|info"
	RESPOND TYPE=command MSG="action:prompt_show"
	{% endif %}

[gcode_macro SET_PAUSE_NEXT_LAYER]
description = Enable a pause if the next layer is reached
gcode = 
	{% set pause_next_layer = printer['gcode_macro SET_PRINT_STATS_INFO'].pause_next_layer %}
	{% set ENABLE = params.ENABLE | default(1)|int != 0 %}
	{% set MACRO = params.MACRO | default(pause_next_layer.call, True) %}
	SET_GCODE_VARIABLE MACRO=SET_PRINT_STATS_INFO VARIABLE=pause_next_layer VALUE="{{ 'enable': ENABLE, 'call': MACRO }}"

[gcode_macro SET_PAUSE_AT_LAYER]
description = Enable/disable a pause if a given layer number is reached
gcode = 
	{% set pause_at_layer = printer['gcode_macro SET_PRINT_STATS_INFO'].pause_at_layer %}
	{% set ENABLE = params.ENABLE | int != 0 if params.ENABLE is defined
	else params.LAYER is defined %}
	{% set LAYER = params.LAYER | default(pause_at_layer.layer) | int %}
	{% set MACRO = params.MACRO | default(pause_at_layer.call, True) %}
	SET_GCODE_VARIABLE MACRO=SET_PRINT_STATS_INFO VARIABLE=pause_at_layer VALUE="{{ 'enable': ENABLE, 'layer': LAYER, 'call': MACRO }}"

[gcode_macro SET_PRINT_STATS_INFO]
rename_existing = SET_PRINT_STATS_INFO_BASE
description = Overwrite, to get pause_next_layer and pause_at_layer feature
variable_pause_next_layer = { 'enable': False, 'call': "PAUSE" }
variable_pause_at_layer = { 'enable': False, 'layer': 0, 'call': "PAUSE" }
gcode = 
	{% if pause_next_layer.enable %}
	RESPOND TYPE=echo MSG='{"%s, forced by pause_next_layer" % pause_next_layer.call}'
	{pause_next_layer.call}
	SET_PAUSE_NEXT_LAYER ENABLE=0
	{% elif pause_at_layer.enable and params.CURRENT_LAYER is defined and params.CURRENT_LAYER | int == pause_at_layer.layer %}
	RESPOND TYPE=echo MSG='{"%s, forced by pause_at_layer [%d]" % (pause_at_layer.call, pause_at_layer.layer)}'
	{pause_at_layer.call}
	SET_PAUSE_AT_LAYER ENABLE=0
	{% endif %}
	SET_PRINT_STATS_INFO_BASE {rawparams}

[gcode_macro _TOOLHEAD_PARK_PAUSE_CANCEL]
description = Helper: park toolhead used in PAUSE and CANCEL_PRINT
gcode = 
	
	{% set client = printer['gcode_macro _CLIENT_VARIABLE'] | default({}) %}
	{% set velocity = printer.configfile.settings.pause_resume.recover_velocity %}
	{% set use_custom     = client.use_custom_pos | default(false) | lower == 'true' %}
	{% set custom_park_x  = client.custom_park_x | default(0.0) %}
	{% set custom_park_y  = client.custom_park_y | default(0.0) %}
	{% set park_dz        = client.custom_park_dz | default(2.0) | abs %}
	{% set sp_hop         = client.speed_hop | default(15) * 60 %}
	{% set sp_move        = client.speed_move | default(velocity) * 60 %}
	
	{% set origin    = printer.gcode_move.homing_origin %}
	{% set act       = printer.gcode_move.gcode_position %}
	{% set max       = printer.toolhead.axis_maximum %}
	{% set cone      = printer.toolhead.cone_start_z | default(max.z) %}
	{% set round_bed = True if printer.configfile.settings.printer.kinematics is in ['delta','polar','rotary_delta','winch']
	else False %}
	
	{% set z_min = params.Z_MIN | default(0) | float %}
	{% set z_park = [[(act.z + park_dz), z_min]|max, (max.z - origin.z)] | min %}
	{% set x_park = params.X       if params.X is defined
	else custom_park_x  if use_custom
	else 0.0            if round_bed
	else (max.x - 5.0) %}
	{% set y_park = params.Y       if params.Y is defined
	else custom_park_y  if use_custom
	else (max.y - 5.0)  if round_bed and z_park < cone
	else 0.0            if round_bed
	else (max.y - 5.0) %}
	
	_CLIENT_RETRACT
	{% if "xyz" in printer.toolhead.homed_axes %}
	G90
	G1 Z{z_park} F{sp_hop}
	G1 X{x_park} Y{y_park} F{sp_move}
	{% if not printer.gcode_move.absolute_coordinates %} G91 {% endif %}
	{% else %}
	RESPOND TYPE=echo MSG='Printer not homed'
	{% endif %}

[gcode_macro _CLIENT_EXTRUDE]
description = Extrudes, if the extruder is hot enough
gcode = 
	
	{% set client = printer['gcode_macro _CLIENT_VARIABLE'] | default({}) %}
	{% set use_fw_retract = (client.use_fw_retract | default(false) | lower == 'true') and (printer.firmware_retraction is defined) %}
	{% set length = params.LENGTH | default(client.unretract) | default(1.0) | float %}
	{% set speed = params.SPEED | default(client.speed_unretract) | default(35) %}
	{% set absolute_extrude = printer.gcode_move.absolute_extrude %}
	
	{% if printer.toolhead.extruder != '' %}
	{% if printer[printer.toolhead.extruder].can_extrude %}
	{% if use_fw_retract %}
	{% if length < 0 %}
	G10
	{% else %}
	G11
	{% endif %}
	{% else %}
	M83
	G1 E{length} F{(speed | float | abs) * 60}
	{% if absolute_extrude %}
	M82
	{% endif %}
	{% endif %}
	{% else %}
	RESPOND TYPE=echo MSG='{"\"%s\" not hot enough" % printer.toolhead.extruder}'
	{% endif %}
	{% endif %}

[gcode_macro _CLIENT_RETRACT]
description = Retracts, if the extruder is hot enough
gcode = 
	{% set client = printer['gcode_macro _CLIENT_VARIABLE'] | default({}) %}
	{% set length = params.LENGTH | default(client.retract) | default(1.0) | float %}
	{% set speed = params.SPEED | default(client.speed_retract) | default(35) %}
	
	_CLIENT_EXTRUDE LENGTH=-{length | float | abs} SPEED={speed | float | abs}

[gcode_macro _CLIENT_LINEAR_MOVE]
description = Linear move with save and restore of the gcode state
gcode = 
	{% set x_move = "X" ~ params.X if params.X is defined else "" %}
	{% set y_move = "Y" ~ params.Y if params.Y is defined else "" %}
	{% set z_move = "Z" ~ params.Z if params.Z is defined else "" %}
	{% set e_move = "E" ~ params.E if params.E is defined else "" %}
	{% set rate = "F" ~ params.F if params.F is defined else "" %}
	{% set ABSOLUTE = params.ABSOLUTE | default(0) | int != 0 %}
	{% set ABSOLUTE_E = params.ABSOLUTE_E | default(0) | int != 0 %}
	SAVE_GCODE_STATE NAME=_client_movement
	{% if x_move or y_move or z_move %}
	G9{ 0 if ABSOLUTE else 1 }
	{% endif %}
	{% if e_move %}
	M8{ 2 if ABSOLUTE_E else 3 }
	{% endif %}
	G1 { x_move } { y_move } { z_move } { e_move } { rate }
	RESTORE_GCODE_STATE NAME=_client_movement

[toolchanger]
initialize_on = first-use
verify_tool_pickup = False
require_tool_present = False
uses_axis = xyz
on_axis_not_homed = home
transfer_fan_speed = True

[tool T0]
tool_number = 0
extruder = extruder
gcode_x_offset = 0
gcode_y_offset = 0
gcode_z_offset = 0
pickup_gcode = 
	G90
	
	G1 Y10 F8000
	G1 X284
	G1 Y0
	G1 X305 F2000
	G1 Y10 F8000
	G1 X317
	G1 Y60

[tool T1]
tool_number = 1
extruder = extruder1
gcode_x_offset = -17.5
gcode_y_offset = 1.1
gcode_z_offset = -1.55
pickup_gcode = 
	G90
	
	G1 Y10 F8000
	G1 X322
	G1 Y0
	G1 X302 F2000
	G1 Y10 F8000
	G1 X315
	G1 Y60

[gcode_macro PRINT_START]
gcode = 
	{% set BED_TEMP = params.BED_TEMP|default(60)|float %}
	{% set EXTRUDER_TEMP = params.EXTRUDER_TEMP|default(220)|float %}
	{% set EXTRUDER1_TEMP = params.EXTRUDER1_TEMP|default(220)|float %}
	
	M140 S{BED_TEMP}
	M104 T0 S180
	M104 T1 S180
	
	G90
	
	
	G28
	G1 Y10 F8000
	G1 X316
	
	T0
	
	G1 Z10 F500
	
	M190 S{BED_TEMP}
	
	M104 T1 S{EXTRUDER1_TEMP}
	M109 T0 S{EXTRUDER_TEMP}
	M109 T1 S{EXTRUDER1_TEMP}
	
	
	G1 X325 F8000
	G1 Y60
	G1 X270
	G1 Y0
	G1 Z0.2 F1000
	G1 X300 E20
	G1 Z1

[gcode_macro END_PRINT]
gcode = 
	
	M140 S0
	M104 S0
	M106 S0
	
	G90
	G1 Z145 F8000
	
	G1 Y10
	G1 X316
	G90
	
	M84

[gcode_macro PURGE]
gcode = 
	G90
	G1 Y10 F6000
	G1 X325 F6000
	M83
	G1 E40 F500
	G1 Y60 F6000

[gcode_macro SET_AUTO_LIGHTS]
variable_value = 1
gcode = 
	{% if 'VALUE' not in params %}
	{action_raise_error("Parameter 'VALUE' missing from 'SET_AUTO_LIGHTS'")}
	{% endif %}
	{% set state = params.VALUE|int %}
	{% if state %}
	
	SET_LED LED=chamber WHITE=1
	{% else %}
	
	SET_LED LED=chamber WHITE=0
	{% endif %}
	
	
	SET_GCODE_VARIABLE MACRO=SET_AUTO_LIGHTS VARIABLE=value value={state}

[manual_stepper fibre_extruder]
step_pin = PC13
dir_pin = PF0
enable_pin = !PF1
microsteps = 16
rotation_distance = 64.7

[delayed_gcode setdisplayneopixel]
initial_duration = 1
gcode = 
	MANUAL_STEPPER STEPPER=fibre_extruder GCODE_AXIS=U

[gcode_macro CUT]
gcode = 
	SET_SERVO SERVO=cutter angle=0
	G4 P400
	SET_SERVO SERVO=cutter angle=90

[gcode_macro PRIME_FIBRE]
gcode = 
	MANUAL_STEPPER STEPPER=fibre_extruder GCODE_AXIS=
	MANUAL_STEPPER STEPPER=fibre_extruder SET_POSITION=0
	MANUAL_STEPPER STEPPER=fibre_extruder GCODE_AXIS=U
	G1 U47 F500
	MANUAL_STEPPER STEPPER=fibre_extruder GCODE_AXIS=
	MANUAL_STEPPER STEPPER=fibre_extruder SET_POSITION=0
	MANUAL_STEPPER STEPPER=fibre_extruder GCODE_AXIS=U

[mcu]
serial = /dev/serial/by-id/usb-Klipper_stm32h723xx_410014001251313531383332-if00

[force_move]
enable_force_move = true

[printer]
kinematics = corexy
max_velocity = 300
max_accel = 1000

[stepper_x]
step_pin = PF13
dir_pin = !PF12
enable_pin = !PF14
microsteps = 16
rotation_distance = 32
endstop_pin = tmc2209_stepper_x:virtual_endstop
position_endstop = -28
position_min = -28
position_max = 325
homing_speed = 80
homing_retract_dist = 0

[tmc2209 stepper_x]
uart_pin = PC4
diag_pin = ^PG6
run_current = 0.800
driver_sgthrs = 120
stealthchop_threshold = 999999

[stepper_y]
step_pin = PG0
dir_pin = !PG1
enable_pin = !PF15
microsteps = 16
rotation_distance = 32
endstop_pin = PG13
position_endstop = 0
position_max = 210
homing_speed = 50
homing_retract_dist = 0

[tmc2209 stepper_y]
uart_pin = PD11
run_current = 0.800
stealthchop_threshold = 999999

[stepper_z]
step_pin = PF11
dir_pin = PG3
enable_pin = !PG5
microsteps = 16
rotation_distance = 8
endstop_pin = PG12
position_max = 147
position_min = -5
homing_speed = 40
homing_retract_dist = 2
second_homing_speed = 2
position_endstop = 144.935

[tmc2209 stepper_z]
uart_pin = PC6
run_current = 0.650
stealthchop_threshold = 999999

[extruder]
step_pin = PG4
dir_pin = PC1
enable_pin = !PA2
microsteps = 16
rotation_distance = 15.78
nozzle_diameter = 0.6
filament_diameter = 1.75
pressure_advance = 0.3
heater_pin = PA3
sensor_type = PT1000
sensor_pin = PF4
control = pid
pid_kp = 18.702
pid_ki = 0.826
pid_kd = 105.899
min_extrude_temp = 0
min_temp = 0
max_temp = 310
max_extrude_cross_section = 10

[heater_fan heatbreak_0]
pin = PE5
max_power = 1
shutdown_speed = 1
heater = extruder
heater_temp = 50.0
fan_speed = 1.0

[extruder1]
step_pin = PF9
dir_pin = PF10
enable_pin = !PG2
microsteps = 16
rotation_distance = 15.78
nozzle_diameter = 1
filament_diameter = 1.75
pressure_advance = 0.00
heater_pin = PA0
sensor_type = PT1000
sensor_pin = PF5
control = pid
pid_kp = 21.241
pid_ki = 0.782
pid_kd = 144.175
min_extrude_temp = 0
min_temp = 0
max_temp = 310
max_extrude_cross_section = 10

[heater_fan heatbreak_1]
pin = PD12
max_power = 1
shutdown_speed = 1
heater = extruder1
heater_temp = 50.0
fan_speed = 1.0

[multi_pin part_fan]
pins = PD13, PD14

[fan]
pin = multi_pin:part_fan

[heater_bed]
heater_pin = PB11
sensor_type = Generic 3950
sensor_pin = PF3
control = pid
pid_kp = 56.299
pid_ki = 2.145
pid_kd = 369.459
min_temp = 10
max_temp = 120

[fan_generic exhaust]
pin = PB0

[multi_pin control_fan]
pins = PA8, PD15

[controller_fan controller_fan]
pin = multi_pin:control_fan
stepper = stepper_x

[servo cutter]
pin = PB6
maximum_servo_angle = 180
initial_angle = 90

[led chamber]
white_pin = PA1
initial_white = 1.0
=======================
Extruder max_extrude_ratio=4.157517
Extruder max_extrude_ratio=4.157517
mcu 'mcu': Starting serial connect
Loaded MCU 'mcu' 135 commands (v0.13.0-641-g2239041d / gcc: (15:14.2.rel1-1) 14.2.1 20241119 binutils: (2.44-3+23+b2) 2.44)
MCU 'mcu' config: ADC_MAX=4095 BUS_PINS_i2c1_PB6_PB7=PB6,PB7 BUS_PINS_i2c1_PB8_PB9=PB8,PB9 BUS_PINS_i2c2_PB10_PB11=PB10,PB11 BUS_PINS_i2c3_PA8_PC9=PA8,PC9 BUS_PINS_spi1=PA6,PA7,PA5 BUS_PINS_spi1a=PB4,PB5,PB3 BUS_PINS_spi2=PB14,PB15,PB13 BUS_PINS_spi2a=PC2,PC3,PB10 BUS_PINS_spi2b=PI2,PI3,PI1 BUS_PINS_spi3a=PC11,PC12,PC10 BUS_PINS_spi4=PE13,PE14,PE12 BUS_PINS_spi5=PF8,PF9,PF7 BUS_PINS_spi5a=PH7,PF11,PH6 BUS_PINS_spi6=PG12,PG14,PG13 CLOCK_FREQ=520000000 MCU=stm32h723xx PWM_MAX=32768 RESERVE_PINS_USB=PA11,PA12 RESERVE_PINS_crystal=PH0,PH1 STATS_SUMSQ_BASE=256 STEPPER_STEP_BOTH_EDGE=1
Sending MCU 'mcu' printer configuration...
Configured MCU 'mcu' (1024 moves)
Starting heater checks for heater_bed
Starting heater checks for extruder
Starting heater checks for extruder1
Stats 44.4: gcodein=0 mcu: mcu_awake=0.000 mcu_task_avg=0.000000 mcu_task_stddev=0.000000 bytes_write=2653 bytes_read=6576 bytes_retransmit=9 bytes_invalid=0 send_seq=227 receive_seq=227 retransmit_seq=17 srtt=0.001 rttvar=0.000 rto=0.025 ready_bytes=0 upcoming_bytes=0 freq=520051281 heater_bed: target=0 temp=0.0 pwm=0.000 print_time=107.604 buffer_time=0.033 print_stall=0 extruder: target=0 temp=0.0 pwm=0.000 extruder1: target=0 temp=0.0 pwm=0.000 sysload=2.67 cputime=5.178 memavail=687416
Stats 45.4: gcodein=0 mcu: mcu_awake=0.000 mcu_task_avg=0.000000 mcu_task_stddev=0.000000 bytes_write=2659 bytes_read=6652 bytes_retransmit=9 bytes_invalid=0 send_seq=228 receive_seq=228 retransmit_seq=17 srtt=0.001 rttvar=0.001 rto=0.025 ready_bytes=0 upcoming_bytes=0 freq=520023487 heater_bed: target=0 temp=22.1 pwm=0.000 print_time=107.604 buffer_time=0.000 print_stall=0 extruder: target=0 temp=23.8 pwm=0.000 extruder1: target=0 temp=23.8 pwm=0.000 sysload=2.61 cputime=5.187 memavail=660356
Stats 46.4: gcodein=0 mcu: mcu_awake=0.000 mcu_task_avg=0.000000 mcu_task_stddev=0.000000 bytes_write=2665 bytes_read=6833 bytes_retransmit=9 bytes_invalid=0 send_seq=229 receive_seq=229 retransmit_seq=17 srtt=0.001 rttvar=0.001 rto=0.025 ready_bytes=0 upcoming_bytes=0 freq=520016903 heater_bed: target=0 temp=21.9 pwm=0.000 print_time=107.604 buffer_time=0.000 print_stall=0 extruder: target=0 temp=23.7 pwm=0.000 extruder1: target=0 temp=23.8 pwm=0.000 sysload=2.61 cputime=5.194 memavail=647984
Stats 47.4: gcodein=0 mcu: mcu_awake=0.000 mcu_task_avg=0.000000 mcu_task_stddev=0.000000 bytes_write=2671 bytes_read=6984 bytes_retransmit=9 bytes_invalid=0 send_seq=230 receive_seq=230 retransmit_seq=17 srtt=0.001 rttvar=0.001 rto=0.025 ready_bytes=0 upcoming_bytes=0 freq=520015230 heater_bed: target=0 temp=21.8 pwm=0.000 print_time=107.604 buffer_time=0.000 print_stall=0 extruder: target=0 temp=23.7 pwm=0.000 extruder1: target=0 temp=23.6 pwm=0.000 sysload=2.61 cputime=5.199 memavail=647600
Stats 48.4: gcodein=0 mcu: mcu_awake=0.001 mcu_task_avg=0.000002 mcu_task_stddev=0.000002 bytes_write=2677 bytes_read=7165 bytes_retransmit=9 bytes_invalid=0 send_seq=231 receive_seq=231 retransmit_seq=17 srtt=0.001 rttvar=0.001 rto=0.025 ready_bytes=0 upcoming_bytes=0 freq=520017575 heater_bed: target=0 temp=21.6 pwm=0.000 print_time=107.604 buffer_time=0.000 print_stall=0 extruder: target=0 temp=23.7 pwm=0.000 extruder1: target=0 temp=23.8 pwm=0.000 sysload=2.61 cputime=5.207 memavail=639684
Stats 49.4: gcodein=0 mcu: mcu_awake=0.001 mcu_task_avg=0.000002 mcu_task_stddev=0.000002 bytes_write=2683 bytes_read=7346 bytes_retransmit=9 bytes_invalid=0 send_seq=232 receive_seq=232 retransmit_seq=17 srtt=0.001 rttvar=0.001 rto=0.025 ready_bytes=0 upcoming_bytes=0 freq=520018970 heater_bed: target=0 temp=21.4 pwm=0.000 print_time=107.604 buffer_time=0.000 print_stall=0 extruder: target=0 temp=23.7 pwm=0.000 extruder1: target=0 temp=23.8 pwm=0.000 sysload=2.61 cputime=5.220 memavail=634788
Stats 50.4: gcodein=0 mcu: mcu_awake=0.001 mcu_task_avg=0.000002 mcu_task_stddev=0.000002 bytes_write=2689 bytes_read=7497 bytes_retransmit=9 bytes_invalid=0 send_seq=233 receive_seq=233 retransmit_seq=17 srtt=0.001 rttvar=0.001 rto=0.025 ready_bytes=0 upcoming_bytes=0 freq=520020321 heater_bed: target=0 temp=21.3 pwm=0.000 print_time=107.604 buffer_time=0.000 print_stall=0 extruder: target=0 temp=23.7 pwm=0.000 extruder1: target=0 temp=23.7 pwm=0.000 sysload=2.56 cputime=5.232 memavail=627256
Stats 51.4: gcodein=0 mcu: mcu_awake=0.001 mcu_task_avg=0.000002 mcu_task_stddev=0.000002 bytes_write=2695 bytes_read=7663 bytes_retransmit=9 bytes_invalid=0 send_seq=234 receive_seq=234 retransmit_seq=17 srtt=0.001 rttvar=0.001 rto=0.025 ready_bytes=0 upcoming_bytes=0 freq=520020615 heater_bed: target=0 temp=21.2 pwm=0.000 print_time=107.604 buffer_time=0.000 print_stall=0 extruder: target=0 temp=23.7 pwm=0.000 extruder1: target=0 temp=23.8 pwm=0.000 sysload=2.56 cputime=5.244 memavail=619980
Stats 52.4: gcodein=0 mcu: mcu_awake=0.001 mcu_task_avg=0.000002 mcu_task_stddev=0.000002 bytes_write=2701 bytes_read=7840 bytes_retransmit=9 bytes_invalid=0 send_seq=235 receive_seq=235 retransmit_seq=17 srtt=0.001 rttvar=0.001 rto=0.025 ready_bytes=0 upcoming_bytes=0 freq=520021244 heater_bed: target=0 temp=21.0 pwm=0.000 print_time=107.604 buffer_time=0.000 print_stall=0 extruder: target=0 temp=23.7 pwm=0.000 extruder1: target=0 temp=23.7 pwm=0.000 sysload=2.56 cputime=5.255 memavail=618760
webhooks client 547943558384: New connection
webhooks client 547943558384: Client info {'program': 'Moonraker', 'version': 'v0.10.0-19-g1ed102e'}
Stats 53.4: gcodein=0 mcu: mcu_awake=0.000 mcu_task_avg=0.000001 mcu_task_stddev=0.000001 bytes_write=2707 bytes_read=8003 bytes_retransmit=9 bytes_invalid=0 send_seq=236 receive_seq=236 retransmit_seq=17 srtt=0.001 rttvar=0.000 rto=0.025 ready_bytes=0 upcoming_bytes=0 freq=520022023 heater_bed: target=0 temp=20.9 pwm=0.000 print_time=107.604 buffer_time=0.000 print_stall=0 extruder: target=0 temp=23.7 pwm=0.000 extruder1: target=0 temp=23.7 pwm=0.000 sysload=2.56 cputime=5.278 memavail=591464
webhooks: registering remote method 'shutdown_machine' for connection id: 547943558384
webhooks: registering remote method 'reboot_machine' for connection id: 547943558384
webhooks: registering remote method 'pause_job_queue' for connection id: 547943558384
webhooks: registering remote method 'start_job_queue' for connection id: 547943558384
webhooks: registering remote method 'set_device_power' for connection id: 547943558384
Stats 54.4: gcodein=0 mcu: mcu_awake=0.000 mcu_task_avg=0.000001 mcu_task_stddev=0.000001 bytes_write=2713 bytes_read=8169 bytes_retransmit=9 bytes_invalid=0 send_seq=237 receive_seq=237 retransmit_seq=17 srtt=0.001 rttvar=0.000 rto=0.025 ready_bytes=0 upcoming_bytes=0 freq=520022164 heater_bed: target=0 temp=20.9 pwm=0.000 print_time=107.604 buffer_time=0.000 print_stall=0 extruder: target=0 temp=23.8 pwm=0.000 extruder1: target=0 temp=23.9 pwm=0.000 sysload=2.56 cputime=5.316 memavail=577300
Stats 55.4: gcodein=0 mcu: mcu_awake=0.000 mcu_task_avg=0.000001 mcu_task_stddev=0.000001 bytes_write=2719 bytes_read=8350 bytes_retransmit=9 bytes_invalid=0 send_seq=238 receive_seq=238 retransmit_seq=17 srtt=0.001 rttvar=0.001 rto=0.025 ready_bytes=0 upcoming_bytes=0 freq=520022400 heater_bed: target=0 temp=20.8 pwm=0.000 print_time=107.604 buffer_time=0.000 print_stall=0 extruder: target=0 temp=23.7 pwm=0.000 extruder1: target=0 temp=23.7 pwm=0.000 sysload=2.52 cputime=5.335 memavail=571960
Stats 56.4: gcodein=0 mcu: mcu_awake=0.000 mcu_task_avg=0.000001 mcu_task_stddev=0.000001 bytes_write=2725 bytes_read=8501 bytes_retransmit=9 bytes_invalid=0 send_seq=239 receive_seq=239 retransmit_seq=17 srtt=0.001 rttvar=0.001 rto=0.025 ready_bytes=0 upcoming_bytes=0 freq=520022702 heater_bed: target=0 temp=20.7 pwm=0.000 print_time=107.604 buffer_time=0.000 print_stall=0 extruder: target=0 temp=23.7 pwm=0.000 extruder1: target=0 temp=23.8 pwm=0.000 sysload=2.52 cputime=5.351 memavail=583040
Stats 57.4: gcodein=0 mcu: mcu_awake=0.000 mcu_task_avg=0.000001 mcu_task_stddev=0.000001 bytes_write=2731 bytes_read=8667 bytes_retransmit=9 bytes_invalid=0 send_seq=240 receive_seq=240 retransmit_seq=17 srtt=0.001 rttvar=0.000 rto=0.025 ready_bytes=0 upcoming_bytes=0 freq=520022567 heater_bed: target=0 temp=20.8 pwm=0.000 print_time=107.604 buffer_time=0.000 print_stall=0 extruder: target=0 temp=23.8 pwm=0.000 extruder1: target=0 temp=23.8 pwm=0.000 sysload=2.52 cputime=5.365 memavail=573156
Stats 58.4: gcodein=0 mcu: mcu_awake=0.000 mcu_task_avg=0.000001 mcu_task_stddev=0.000001 bytes_write=2737 bytes_read=8862 bytes_retransmit=9 bytes_invalid=0 send_seq=241 receive_seq=241 retransmit_seq=17 srtt=0.001 rttvar=0.001 rto=0.025 ready_bytes=0 upcoming_bytes=0 freq=520022308 heater_bed: target=0 temp=20.8 pwm=0.000 print_time=107.604 buffer_time=0.000 print_stall=0 extruder: target=0 temp=23.7 pwm=0.000 extruder1: target=0 temp=23.9 pwm=0.000 sysload=2.52 cputime=5.381 memavail=583396
Stats 59.4: gcodein=0 mcu: mcu_awake=0.000 mcu_task_avg=0.000001 mcu_task_stddev=0.000001 bytes_write=2743 bytes_read=9013 bytes_retransmit=9 bytes_invalid=0 send_seq=242 receive_seq=242 retransmit_seq=17 srtt=0.001 rttvar=0.000 rto=0.025 ready_bytes=0 upcoming_bytes=0 freq=520022379 heater_bed: target=0 temp=20.9 pwm=0.000 print_time=107.604 buffer_time=0.000 print_stall=0 extruder: target=0 temp=23.8 pwm=0.000 extruder1: target=0 temp=23.8 pwm=0.000 sysload=2.52 cputime=5.396 memavail=579000
Stats 60.4: gcodein=0 mcu: mcu_awake=0.000 mcu_task_avg=0.000001 mcu_task_stddev=0.000001 bytes_write=2749 bytes_read=9178 bytes_retransmit=9 bytes_invalid=0 send_seq=243 receive_seq=243 retransmit_seq=17 srtt=0.001 rttvar=0.000 rto=0.025 ready_bytes=0 upcoming_bytes=0 freq=520022102 heater_bed: target=0 temp=21.0 pwm=0.000 print_time=107.604 buffer_time=0.000 print_stall=0 extruder: target=0 temp=23.7 pwm=0.000 extruder1: target=0 temp=23.8 pwm=0.000 sysload=2.56 cputime=5.411 memavail=587460
Stats 61.4: gcodein=0 mcu: mcu_awake=0.000 mcu_task_avg=0.000001 mcu_task_stddev=0.000001 bytes_write=2755 bytes_read=9354 bytes_retransmit=9 bytes_invalid=0 send_seq=244 receive_seq=244 retransmit_seq=17 srtt=0.001 rttvar=0.001 rto=0.025 ready_bytes=0 upcoming_bytes=0 freq=520022022 heater_bed: target=0 temp=21.0 pwm=0.000 print_time=107.604 buffer_time=0.000 print_stall=0 extruder: target=0 temp=23.7 pwm=0.000 extruder1: target=0 temp=23.6 pwm=0.000 sysload=2.56 cputime=5.452 memavail=581156
Stats 62.4: gcodein=0 mcu: mcu_awake=0.000 mcu_task_avg=0.000001 mcu_task_stddev=0.000001 bytes_write=2767 bytes_read=9521 bytes_retransmit=9 bytes_invalid=0 send_seq=246 receive_seq=246 retransmit_seq=17 srtt=0.002 rttvar=0.001 rto=0.025 ready_bytes=0 upcoming_bytes=0 freq=520021992 heater_bed: target=0 temp=21.1 pwm=0.000 print_time=107.604 buffer_time=0.000 print_stall=0 extruder: target=0 temp=23.7 pwm=0.000 extruder1: target=0 temp=23.7 pwm=0.000 sysload=2.56 cputime=5.472 memavail=586740
Stats 63.4: gcodein=0 mcu: mcu_awake=0.000 mcu_task_avg=0.000001 mcu_task_stddev=0.000001 bytes_write=2773 bytes_read=9701 bytes_retransmit=9 bytes_invalid=0 send_seq=247 receive_seq=247 retransmit_seq=17 srtt=0.002 rttvar=0.001 rto=0.025 ready_bytes=0 upcoming_bytes=0 freq=520022180 heater_bed: target=0 temp=21.2 pwm=0.000 print_time=107.604 buffer_time=0.000 print_stall=0 extruder: target=0 temp=23.9 pwm=0.000 extruder1: target=0 temp=23.8 pwm=0.000 sysload=2.56 cputime=5.491 memavail=573212
Stats 64.4: gcodein=0 mcu: mcu_awake=0.000 mcu_task_avg=0.000001 mcu_task_stddev=0.000001 bytes_write=2779 bytes_read=9882 bytes_retransmit=9 bytes_invalid=0 send_seq=248 receive_seq=248 retransmit_seq=17 srtt=0.002 rttvar=0.001 rto=0.025 ready_bytes=0 upcoming_bytes=0 freq=520022106 heater_bed: target=0 temp=21.3 pwm=0.000 print_time=107.604 buffer_time=0.000 print_stall=0 extruder: target=0 temp=23.8 pwm=0.000 extruder1: target=0 temp=23.8 pwm=0.000 sysload=2.56 cputime=5.505 memavail=573732
Stats 65.4: gcodein=0 mcu: mcu_awake=0.000 mcu_task_avg=0.000001 mcu_task_stddev=0.000001 bytes_write=2785 bytes_read=10033 bytes_retransmit=9 bytes_invalid=0 send_seq=249 receive_seq=249 retransmit_seq=17 srtt=0.001 rttvar=0.001 rto=0.025 ready_bytes=0 upcoming_bytes=0 freq=520021999 heater_bed: target=0 temp=21.4 pwm=0.000 print_time=107.604 buffer_time=0.000 print_stall=0 extruder: target=0 temp=23.7 pwm=0.000 extruder1: target=0 temp=23.8 pwm=0.000 sysload=2.43 cputime=5.517 memavail=594156
Stats 66.4: gcodein=0 mcu: mcu_awake=0.000 mcu_task_avg=0.000001 mcu_task_stddev=0.000001 bytes_write=2791 bytes_read=10199 bytes_retransmit=9 bytes_invalid=0 send_seq=250 receive_seq=250 retransmit_seq=17 srtt=0.001 rttvar=0.001 rto=0.025 ready_bytes=0 upcoming_bytes=0 freq=520021807 heater_bed: target=0 temp=21.5 pwm=0.000 print_time=107.604 buffer_time=0.000 print_stall=0 extruder: target=0 temp=23.7 pwm=0.000 extruder1: target=0 temp=23.8 pwm=0.000 sysload=2.43 cputime=5.527 memavail=595140
Stats 67.4: gcodein=0 mcu: mcu_awake=0.000 mcu_task_avg=0.000001 mcu_task_stddev=0.000001 bytes_write=2797 bytes_read=10380 bytes_retransmit=9 bytes_invalid=0 send_seq=251 receive_seq=251 retransmit_seq=17 srtt=0.001 rttvar=0.001 rto=0.025 ready_bytes=0 upcoming_bytes=0 freq=520021653 heater_bed: target=0 temp=21.7 pwm=0.000 print_time=107.604 buffer_time=0.000 print_stall=0 extruder: target=0 temp=23.7 pwm=0.000 extruder1: target=0 temp=23.7 pwm=0.000 sysload=2.43 cputime=5.537 memavail=595348
Stats 68.4: gcodein=0 mcu: mcu_awake=0.000 mcu_task_avg=0.000001 mcu_task_stddev=0.000001 bytes_write=2803 bytes_read=10545 bytes_retransmit=9 bytes_invalid=0 send_seq=252 receive_seq=252 retransmit_seq=17 srtt=0.001 rttvar=0.001 rto=0.025 ready_bytes=0 upcoming_bytes=0 freq=520021535 heater_bed: target=0 temp=21.8 pwm=0.000 print_time=107.604 buffer_time=0.000 print_stall=0 extruder: target=0 temp=23.7 pwm=0.000 extruder1: target=0 temp=23.8 pwm=0.000 sysload=2.43 cputime=5.547 memavail=596052
Stats 69.4: gcodein=0 mcu: mcu_awake=0.000 mcu_task_avg=0.000001 mcu_task_stddev=0.000001 bytes_write=2809 bytes_read=10705 bytes_retransmit=9 bytes_invalid=0 send_seq=253 receive_seq=253 retransmit_seq=17 srtt=0.001 rttvar=0.001 rto=0.025 ready_bytes=0 upcoming_bytes=0 freq=520021498 heater_bed: target=0 temp=21.9 pwm=0.000 print_time=107.604 buffer_time=0.000 print_stall=0 extruder: target=0 temp=23.7 pwm=0.000 extruder1: target=0 temp=23.7 pwm=0.000 sysload=2.43 cputime=5.560 memavail=598564
Stats 70.4: gcodein=0 mcu: mcu_awake=0.000 mcu_task_avg=0.000001 mcu_task_stddev=0.000001 bytes_write=2815 bytes_read=10886 bytes_retransmit=9 bytes_invalid=0 send_seq=254 receive_seq=254 retransmit_seq=17 srtt=0.001 rttvar=0.001 rto=0.025 ready_bytes=0 upcoming_bytes=0 freq=520021455 heater_bed: target=0 temp=21.9 pwm=0.000 print_time=107.604 buffer_time=0.000 print_stall=0 extruder: target=0 temp=23.7 pwm=0.000 extruder1: target=0 temp=23.8 pwm=0.000 sysload=2.24 cputime=5.576 memavail=599676
Stats 71.4: gcodein=0 mcu: mcu_awake=0.000 mcu_task_avg=0.000001 mcu_task_stddev=0.000001 bytes_write=2821 bytes_read=11037 bytes_retransmit=9 bytes_invalid=0 send_seq=255 receive_seq=255 retransmit_seq=17 srtt=0.001 rttvar=0.001 rto=0.025 ready_bytes=0 upcoming_bytes=0 freq=520021414 heater_bed: target=0 temp=22.1 pwm=0.000 print_time=107.604 buffer_time=0.000 print_stall=0 extruder: target=0 temp=23.8 pwm=0.000 extruder1: target=0 temp=23.8 pwm=0.000 sysload=2.24 cputime=5.591 memavail=607076
Stats 72.4: gcodein=0 mcu: mcu_awake=0.000 mcu_task_avg=0.000001 mcu_task_stddev=0.000001 bytes_write=2827 bytes_read=11203 bytes_retransmit=9 bytes_invalid=0 send_seq=256 receive_seq=256 retransmit_seq=17 srtt=0.001 rttvar=0.000 rto=0.025 ready_bytes=0 upcoming_bytes=0 freq=520021430 heater_bed: target=0 temp=22.2 pwm=0.000 print_time=107.604 buffer_time=0.000 print_stall=0 extruder: target=0 temp=23.8 pwm=0.000 extruder1: target=0 temp=23.8 pwm=0.000 sysload=2.24 cputime=5.605 memavail=607276
Stats 73.4: gcodein=0 mcu: mcu_awake=0.000 mcu_task_avg=0.000001 mcu_task_stddev=0.000001 bytes_write=2833 bytes_read=11398 bytes_retransmit=9 bytes_invalid=0 send_seq=257 receive_seq=257 retransmit_seq=17 srtt=0.001 rttvar=0.001 rto=0.025 ready_bytes=0 upcoming_bytes=0 freq=520021409 heater_bed: target=0 temp=22.3 pwm=0.000 print_time=107.604 buffer_time=0.000 print_stall=0 extruder: target=0 temp=23.8 pwm=0.000 extruder1: target=0 temp=24.0 pwm=0.000 sysload=2.24 cputime=5.621 memavail=607276
Stats 74.4: gcodein=0 mcu: mcu_awake=0.000 mcu_task_avg=0.000001 mcu_task_stddev=0.000001 bytes_write=2839 bytes_read=11549 bytes_retransmit=9 bytes_invalid=0 send_seq=258 receive_seq=258 retransmit_seq=17 srtt=0.001 rttvar=0.000 rto=0.025 ready_bytes=0 upcoming_bytes=0 freq=520021397 heater_bed: target=0 temp=22.4 pwm=0.000 print_time=107.604 buffer_time=0.000 print_stall=0 extruder: target=0 temp=23.7 pwm=0.000 extruder1: target=0 temp=23.9 pwm=0.000 sysload=2.24 cputime=5.634 memavail=607276
Stats 75.4: gcodein=0 mcu: mcu_awake=0.000 mcu_task_avg=0.000001 mcu_task_stddev=0.000001 bytes_write=2845 bytes_read=11715 bytes_retransmit=9 bytes_invalid=0 send_seq=259 receive_seq=259 retransmit_seq=17 srtt=0.001 rttvar=0.000 rto=0.025 ready_bytes=0 upcoming_bytes=0 freq=520021499 heater_bed: target=0 temp=22.4 pwm=0.000 print_time=107.604 buffer_time=0.000 print_stall=0 extruder: target=0 temp=23.7 pwm=0.000 extruder1: target=0 temp=23.7 pwm=0.000 sysload=2.06 cputime=5.648 memavail=607528
Stats 76.4: gcodein=0 mcu: mcu_awake=0.000 mcu_task_avg=0.000001 mcu_task_stddev=0.000001 bytes_write=2851 bytes_read=11896 bytes_retransmit=9 bytes_invalid=0 send_seq=260 receive_seq=260 retransmit_seq=17 srtt=0.001 rttvar=0.000 rto=0.025 ready_bytes=0 upcoming_bytes=0 freq=520021543 heater_bed: target=0 temp=22.4 pwm=0.000 print_time=107.604 buffer_time=0.000 print_stall=0 extruder: target=0 temp=23.7 pwm=0.000 extruder1: target=0 temp=23.8 pwm=0.000 sysload=2.06 cputime=5.664 memavail=607528
Stats 77.4: gcodein=0 mcu: mcu_awake=0.000 mcu_task_avg=0.000001 mcu_task_stddev=0.000001 bytes_write=2857 bytes_read=12040 bytes_retransmit=9 bytes_invalid=0 send_seq=261 receive_seq=261 retransmit_seq=17 srtt=0.001 rttvar=0.000 rto=0.025 ready_bytes=0 upcoming_bytes=0 freq=520021523 heater_bed: target=0 temp=22.4 pwm=0.000 print_time=107.604 buffer_time=0.000 print_stall=0 extruder: target=0 temp=23.7 pwm=0.000 extruder1: target=0 temp=23.8 pwm=0.000 sysload=2.06 cputime=5.679 memavail=607324
Stats 78.4: gcodein=0 mcu: mcu_awake=0.000 mcu_task_avg=0.000001 mcu_task_stddev=0.000001 bytes_write=2863 bytes_read=12235 bytes_retransmit=9 bytes_invalid=0 send_seq=262 receive_seq=262 retransmit_seq=17 srtt=0.001 rttvar=0.000 rto=0.025 ready_bytes=0 upcoming_bytes=0 freq=520021519 heater_bed: target=0 temp=22.5 pwm=0.000 print_time=107.604 buffer_time=0.000 print_stall=0 extruder: target=0 temp=23.7 pwm=0.000 extruder1: target=0 temp=23.7 pwm=0.000 sysload=2.06 cputime=5.695 memavail=607284
Stats 79.4: gcodein=0 mcu: mcu_awake=0.000 mcu_task_avg=0.000001 mcu_task_stddev=0.000001 bytes_write=2869 bytes_read=12401 bytes_retransmit=9 bytes_invalid=0 send_seq=263 receive_seq=263 retransmit_seq=17 srtt=0.001 rttvar=0.000 rto=0.025 ready_bytes=0 upcoming_bytes=0 freq=520021540 heater_bed: target=0 temp=22.4 pwm=0.000 print_time=107.604 buffer_time=0.000 print_stall=0 extruder: target=0 temp=23.8 pwm=0.000 extruder1: target=0 temp=23.7 pwm=0.000 sysload=2.06 cputime=5.710 memavail=607284
Stats 80.4: gcodein=0 mcu: mcu_awake=0.000 mcu_task_avg=0.000001 mcu_task_stddev=0.000001 bytes_write=2875 bytes_read=12567 bytes_retransmit=9 bytes_invalid=0 send_seq=264 receive_seq=264 retransmit_seq=17 srtt=0.001 rttvar=0.000 rto=0.025 ready_bytes=0 upcoming_bytes=0 freq=520021530 heater_bed: target=0 temp=22.5 pwm=0.000 print_time=107.604 buffer_time=0.000 print_stall=0 extruder: target=0 temp=23.7 pwm=0.000 extruder1: target=0 temp=23.7 pwm=0.000 sysload=1.89 cputime=5.724 memavail=607284
Stats 81.4: gcodein=0 mcu: mcu_awake=0.000 mcu_task_avg=0.000001 mcu_task_stddev=0.000001 bytes_write=2881 bytes_read=12733 bytes_retransmit=9 bytes_invalid=0 send_seq=265 receive_seq=265 retransmit_seq=17 srtt=0.001 rttvar=0.000 rto=0.025 ready_bytes=0 upcoming_bytes=0 freq=520021534 heater_bed: target=0 temp=22.4 pwm=0.000 print_time=107.604 buffer_time=0.000 print_stall=0 extruder: target=0 temp=23.7 pwm=0.000 extruder1: target=0 temp=23.8 pwm=0.000 sysload=1.89 cputime=5.740 memavail=602512
Stats 82.4: gcodein=0 mcu: mcu_awake=0.000 mcu_task_avg=0.000001 mcu_task_stddev=0.000001 bytes_write=2887 bytes_read=12899 bytes_retransmit=9 bytes_invalid=0 send_seq=266 receive_seq=266 retransmit_seq=17 srtt=0.001 rttvar=0.000 rto=0.025 ready_bytes=0 upcoming_bytes=0 freq=520021511 heater_bed: target=0 temp=22.4 pwm=0.000 print_time=107.604 buffer_time=0.000 print_stall=0 extruder: target=0 temp=23.8 pwm=0.000 extruder1: target=0 temp=23.8 pwm=0.000 sysload=1.89 cputime=5.753 memavail=602732
Stats 83.4: gcodein=0 mcu: mcu_awake=0.000 mcu_task_avg=0.000001 mcu_task_stddev=0.000001 bytes_write=2893 bytes_read=13079 bytes_retransmit=9 bytes_invalid=0 send_seq=267 receive_seq=267 retransmit_seq=17 srtt=0.001 rttvar=0.000 rto=0.025 ready_bytes=0 upcoming_bytes=0 freq=520021500 heater_bed: target=0 temp=22.4 pwm=0.000 print_time=107.604 buffer_time=0.000 print_stall=0 extruder: target=0 temp=23.7 pwm=0.000 extruder1: target=0 temp=23.8 pwm=0.000 sysload=1.89 cputime=5.762 memavail=602744
Stats 84.4: gcodein=0 mcu: mcu_awake=0.000 mcu_task_avg=0.000001 mcu_task_stddev=0.000001 bytes_write=2899 bytes_read=13245 bytes_retransmit=9 bytes_invalid=0 send_seq=268 receive_seq=268 retransmit_seq=17 srtt=0.001 rttvar=0.000 rto=0.025 ready_bytes=0 upcoming_bytes=0 freq=520021487 heater_bed: target=0 temp=22.3 pwm=0.000 print_time=107.604 buffer_time=0.000 print_stall=0 extruder: target=0 temp=23.8 pwm=0.000 extruder1: target=0 temp=23.9 pwm=0.000 sysload=1.89 cputime=5.772 memavail=601244
Stats 85.4: gcodein=0 mcu: mcu_awake=0.000 mcu_task_avg=0.000001 mcu_task_stddev=0.000001 bytes_write=2905 bytes_read=13408 bytes_retransmit=9 bytes_invalid=0 send_seq=269 receive_seq=269 retransmit_seq=17 srtt=0.001 rttvar=0.000 rto=0.025 ready_bytes=0 upcoming_bytes=0 freq=520021549 heater_bed: target=0 temp=22.2 pwm=0.000 print_time=107.604 buffer_time=0.000 print_stall=0 extruder: target=0 temp=23.7 pwm=0.000 extruder1: target=0 temp=23.9 pwm=0.000 sysload=1.82 cputime=5.789 memavail=564232
Stats 86.4: gcodein=0 mcu: mcu_awake=0.000 mcu_task_avg=0.000001 mcu_task_stddev=0.000001 bytes_write=2911 bytes_read=13573 bytes_retransmit=9 bytes_invalid=0 send_seq=270 receive_seq=270 retransmit_seq=17 srtt=0.001 rttvar=0.000 rto=0.025 ready_bytes=0 upcoming_bytes=0 freq=520021580 heater_bed: target=0 temp=22.1 pwm=0.000 print_time=107.604 buffer_time=0.000 print_stall=0 extruder: target=0 temp=23.7 pwm=0.000 extruder1: target=0 temp=23.8 pwm=0.000 sysload=1.82 cputime=5.807 memavail=564624
Stats 87.4: gcodein=0 mcu: mcu_awake=0.000 mcu_task_avg=0.000001 mcu_task_stddev=0.000001 bytes_write=2917 bytes_read=13739 bytes_retransmit=9 bytes_invalid=0 send_seq=271 receive_seq=271 retransmit_seq=17 srtt=0.001 rttvar=0.000 rto=0.025 ready_bytes=0 upcoming_bytes=0 freq=520021577 heater_bed: target=0 temp=22.1 pwm=0.000 print_time=107.604 buffer_time=0.000 print_stall=0 extruder: target=0 temp=23.7 pwm=0.000 extruder1: target=0 temp=23.9 pwm=0.000 sysload=1.82 cputime=5.824 memavail=569136
Stats 88.4: gcodein=0 mcu: mcu_awake=0.000 mcu_task_avg=0.000001 mcu_task_stddev=0.000001 bytes_write=2923 bytes_read=13905 bytes_retransmit=9 bytes_invalid=0 send_seq=272 receive_seq=272 retransmit_seq=17 srtt=0.001 rttvar=0.000 rto=0.025 ready_bytes=0 upcoming_bytes=0 freq=520021610 heater_bed: target=0 temp=22.0 pwm=0.000 print_time=107.604 buffer_time=0.000 print_stall=0 extruder: target=0 temp=23.7 pwm=0.000 extruder1: target=0 temp=23.8 pwm=0.000 sysload=1.82 cputime=5.840 memavail=555532
Stats 89.4: gcodein=0 mcu: mcu_awake=0.000 mcu_task_avg=0.000001 mcu_task_stddev=0.000001 bytes_write=2929 bytes_read=14085 bytes_retransmit=9 bytes_invalid=0 send_seq=273 receive_seq=273 retransmit_seq=17 srtt=0.001 rttvar=0.000 rto=0.025 ready_bytes=0 upcoming_bytes=0 freq=520021620 heater_bed: target=0 temp=21.8 pwm=0.000 print_time=107.604 buffer_time=0.000 print_stall=0 extruder: target=0 temp=23.7 pwm=0.000 extruder1: target=0 temp=23.8 pwm=0.000 sysload=1.82 cputime=5.851 memavail=558008
Stats 90.4: gcodein=0 mcu: mcu_awake=0.000 mcu_task_avg=0.000001 mcu_task_stddev=0.000001 bytes_write=2935 bytes_read=14251 bytes_retransmit=9 bytes_invalid=0 send_seq=274 receive_seq=274 retransmit_seq=17 srtt=0.001 rttvar=0.000 rto=0.025 ready_bytes=0 upcoming_bytes=0 freq=520021629 heater_bed: target=0 temp=21.7 pwm=0.000 print_time=107.604 buffer_time=0.000 print_stall=0 extruder: target=0 temp=23.7 pwm=0.000 extruder1: target=0 temp=23.8 pwm=0.000 sysload=1.68 cputime=5.862 memavail=562876
Stats 91.4: gcodein=0 mcu: mcu_awake=0.000 mcu_task_avg=0.000001 mcu_task_stddev=0.000001 bytes_write=2941 bytes_read=14417 bytes_retransmit=9 bytes_invalid=0 send_seq=275 receive_seq=275 retransmit_seq=17 srtt=0.001 rttvar=0.000 rto=0.025 ready_bytes=0 upcoming_bytes=0 freq=520021677 heater_bed: target=0 temp=21.5 pwm=0.000 print_time=107.604 buffer_time=0.000 print_stall=0 extruder: target=0 temp=23.7 pwm=0.000 extruder1: target=0 temp=24.0 pwm=0.000 sysload=1.68 cputime=5.880 memavail=574104
Stats 92.4: gcodein=0 mcu: mcu_awake=0.000 mcu_task_avg=0.000001 mcu_task_stddev=0.000001 bytes_write=2947 bytes_read=14583 bytes_retransmit=9 bytes_invalid=0 send_seq=276 receive_seq=276 retransmit_seq=17 srtt=0.001 rttvar=0.000 rto=0.025 ready_bytes=0 upcoming_bytes=0 freq=520021682 heater_bed: target=0 temp=21.4 pwm=0.000 print_time=107.604 buffer_time=0.000 print_stall=0 extruder: target=0 temp=23.7 pwm=0.000 extruder1: target=0 temp=23.7 pwm=0.000 sysload=1.68 cputime=5.897 memavail=576568
Stats 93.4: gcodein=0 mcu: mcu_awake=0.000 mcu_task_avg=0.000001 mcu_task_stddev=0.000001 bytes_write=2953 bytes_read=14748 bytes_retransmit=9 bytes_invalid=0 send_seq=277 receive_seq=277 retransmit_seq=17 srtt=0.001 rttvar=0.000 rto=0.025 ready_bytes=0 upcoming_bytes=0 freq=520021698 heater_bed: target=0 temp=21.3 pwm=0.000 print_time=107.604 buffer_time=0.000 print_stall=0 extruder: target=0 temp=23.7 pwm=0.000 extruder1: target=0 temp=23.6 pwm=0.000 sysload=1.68 cputime=5.915 memavail=579040
Stats 94.4: gcodein=0 mcu: mcu_awake=0.000 mcu_task_avg=0.000001 mcu_task_stddev=0.000001 bytes_write=2959 bytes_read=14923 bytes_retransmit=9 bytes_invalid=0 send_seq=278 receive_seq=278 retransmit_seq=17 srtt=0.001 rttvar=0.000 rto=0.025 ready_bytes=0 upcoming_bytes=0 freq=520021699 heater_bed: target=0 temp=21.1 pwm=0.000 print_time=107.604 buffer_time=0.000 print_stall=0 extruder: target=0 temp=23.8 pwm=0.000 extruder1: target=0 temp=23.7 pwm=0.000 sysload=1.68 cputime=5.931 memavail=582880
Stats 95.4: gcodein=0 mcu: mcu_awake=0.000 mcu_task_avg=0.000001 mcu_task_stddev=0.000001 bytes_write=2965 bytes_read=15089 bytes_retransmit=9 bytes_invalid=0 send_seq=279 receive_seq=279 retransmit_seq=17 srtt=0.001 rttvar=0.000 rto=0.025 ready_bytes=0 upcoming_bytes=0 freq=520021691 heater_bed: target=0 temp=21.0 pwm=0.000 print_time=107.604 buffer_time=0.000 print_stall=0 extruder: target=0 temp=23.7 pwm=0.000 extruder1: target=0 temp=23.8 pwm=0.000 sysload=1.70 cputime=5.947 memavail=584356
Stats 96.4: gcodein=0 mcu: mcu_awake=0.000 mcu_task_avg=0.000001 mcu_task_stddev=0.000001 bytes_write=2971 bytes_read=15255 bytes_retransmit=9 bytes_invalid=0 send_seq=280 receive_seq=280 retransmit_seq=17 srtt=0.001 rttvar=0.000 rto=0.025 ready_bytes=0 upcoming_bytes=0 freq=520021690 heater_bed: target=0 temp=20.9 pwm=0.000 print_time=107.604 buffer_time=0.000 print_stall=0 extruder: target=0 temp=23.7 pwm=0.000 extruder1: target=0 temp=23.7 pwm=0.000 sysload=1.70 cputime=5.964 memavail=585788
Stats 97.4: gcodein=0 mcu: mcu_awake=0.000 mcu_task_avg=0.000001 mcu_task_stddev=0.000001 bytes_write=2977 bytes_read=15421 bytes_retransmit=9 bytes_invalid=0 send_seq=281 receive_seq=281 retransmit_seq=17 srtt=0.001 rttvar=0.000 rto=0.025 ready_bytes=0 upcoming_bytes=0 freq=520021693 heater_bed: target=0 temp=20.8 pwm=0.000 print_time=107.604 buffer_time=0.000 print_stall=0 extruder: target=0 temp=23.8 pwm=0.000 extruder1: target=0 temp=23.8 pwm=0.000 sysload=1.70 cputime=5.981 memavail=586304
Stats 98.4: gcodein=0 mcu: mcu_awake=0.000 mcu_task_avg=0.000001 mcu_task_stddev=0.000001 bytes_write=2983 bytes_read=15587 bytes_retransmit=9 bytes_invalid=0 send_seq=282 receive_seq=282 retransmit_seq=17 srtt=0.001 rttvar=0.000 rto=0.025 ready_bytes=0 upcoming_bytes=0 freq=520021692 heater_bed: target=0 temp=20.8 pwm=0.000 print_time=107.604 buffer_time=0.000 print_stall=0 extruder: target=0 temp=23.7 pwm=0.000 extruder1: target=0 temp=24.3 pwm=0.000 sysload=1.70 cputime=5.997 memavail=587940
Stats 99.4: gcodein=0 mcu: mcu_awake=0.000 mcu_task_avg=0.000001 mcu_task_stddev=0.000001 bytes_write=2989 bytes_read=15767 bytes_retransmit=9 bytes_invalid=0 send_seq=283 receive_seq=283 retransmit_seq=17 srtt=0.001 rttvar=0.000 rto=0.025 ready_bytes=0 upcoming_bytes=0 freq=520021689 heater_bed: target=0 temp=20.8 pwm=0.000 print_time=107.604 buffer_time=0.000 print_stall=0 extruder: target=0 temp=23.8 pwm=0.000 extruder1: target=0 temp=23.8 pwm=0.000 sysload=1.70 cputime=6.014 memavail=588240
Stats 100.4: gcodein=0 mcu: mcu_awake=0.000 mcu_task_avg=0.000001 mcu_task_stddev=0.000001 bytes_write=2995 bytes_read=15933 bytes_retransmit=9 bytes_invalid=0 send_seq=284 receive_seq=284 retransmit_seq=17 srtt=0.001 rttvar=0.000 rto=0.025 ready_bytes=0 upcoming_bytes=0 freq=520021690 heater_bed: target=0 temp=20.8 pwm=0.000 print_time=107.604 buffer_time=0.000 print_stall=0 extruder: target=0 temp=24.1 pwm=0.000 extruder1: target=0 temp=23.8 pwm=0.000 sysload=1.57 cputime=6.030 memavail=588760
Stats 101.4: gcodein=0 mcu: mcu_awake=0.000 mcu_task_avg=0.000001 mcu_task_stddev=0.000001 bytes_write=3001 bytes_read=16099 bytes_retransmit=9 bytes_invalid=0 send_seq=285 receive_seq=285 retransmit_seq=17 srtt=0.001 rttvar=0.000 rto=0.025 ready_bytes=0 upcoming_bytes=0 freq=520021698 heater_bed: target=0 temp=20.9 pwm=0.000 print_time=107.604 buffer_time=0.000 print_stall=0 extruder: target=0 temp=23.8 pwm=0.000 extruder1: target=0 temp=23.7 pwm=0.000 sysload=1.57 cputime=6.046 memavail=594428
Stats 102.4: gcodein=0 mcu: mcu_awake=0.000 mcu_task_avg=0.000001 mcu_task_stddev=0.000001 bytes_write=3007 bytes_read=16261 bytes_retransmit=9 bytes_invalid=0 send_seq=286 receive_seq=286 retransmit_seq=17 srtt=0.001 rttvar=0.000 rto=0.025 ready_bytes=0 upcoming_bytes=0 freq=520021716 heater_bed: target=0 temp=21.0 pwm=0.000 print_time=107.604 buffer_time=0.000 print_stall=0 extruder: target=0 temp=23.5 pwm=0.000 extruder1: target=0 temp=23.9 pwm=0.000 sysload=1.57 cputime=6.060 memavail=594628
Stats 103.4: gcodein=0 mcu: mcu_awake=0.000 mcu_task_avg=0.000001 mcu_task_stddev=0.000001 bytes_write=3013 bytes_read=16427 bytes_retransmit=9 bytes_invalid=0 send_seq=287 receive_seq=287 retransmit_seq=17 srtt=0.001 rttvar=0.000 rto=0.025 ready_bytes=0 upcoming_bytes=0 freq=520021713 heater_bed: target=0 temp=21.1 pwm=0.000 print_time=107.604 buffer_time=0.000 print_stall=0 extruder: target=0 temp=23.8 pwm=0.000 extruder1: target=0 temp=23.8 pwm=0.000 sysload=1.57 cputime=6.071 memavail=594680
Stats 361.6: gcodein=0 mcu: mcu_awake=0.000 mcu_task_avg=0.000001 mcu_task_stddev=0.000001 bytes_write=4598 bytes_read=59891 bytes_retransmit=9 bytes_invalid=0 send_seq=550 receive_seq=550 retransmit_seq=17 srtt=0.001 rttvar=0.000 rto=0.025 ready_bytes=0 upcoming_bytes=0 freq=520021818 heater_bed: target=0 temp=21.5 pwm=0.000 print_time=424.483 buffer_time=0.000 print_stall=0 extruder: target=0 temp=23.9 pwm=0.000 extruder1: target=0 temp=23.9 pwm=0.000 sysload=0.28 cputime=9.293 memavail=607700
Stats 362.6: gcodein=0 mcu: mcu_awake=0.000 mcu_task_avg=0.000001 mcu_task_stddev=0.000001 bytes_write=4604 bytes_read=60071 bytes_retransmit=9 bytes_invalid=0 send_seq=551 receive_seq=551 retransmit_seq=17 srtt=0.001 rttvar=0.000 rto=0.025 ready_bytes=0 upcoming_bytes=0 freq=520021808 heater_bed: target=0 temp=21.6 pwm=0.000 print_time=424.483 buffer_time=0.000 print_stall=0 extruder: target=0 temp=23.9 pwm=0.000 extruder1: target=0 temp=23.9 pwm=0.000 sysload=0.28 cputime=9.303 memavail=607448
Stats 363.6: gcodein=0 mcu: mcu_awake=0.000 mcu_task_avg=0.000001 mcu_task_stddev=0.000001 bytes_write=4610 bytes_read=60237 bytes_retransmit=9 bytes_invalid=0 send_seq=552 receive_seq=552 retransmit_seq=17 srtt=0.001 rttvar=0.000 rto=0.025 ready_bytes=0 upcoming_bytes=0 freq=520021799 heater_bed: target=0 temp=21.7 pwm=0.000 print_time=424.483 buffer_time=0.000 print_stall=0 extruder: target=0 temp=23.8 pwm=0.000 extruder1: target=0 temp=23.8 pwm=0.000 sysload=0.28 cputime=9.312 memavail=607448
Stats 364.6: gcodein=0 mcu: mcu_awake=0.000 mcu_task_avg=0.000001 mcu_task_stddev=0.000001 bytes_write=4616 bytes_read=60403 bytes_retransmit=9 bytes_invalid=0 send_seq=553 receive_seq=553 retransmit_seq=17 srtt=0.001 rttvar=0.000 rto=0.025 ready_bytes=0 upcoming_bytes=0 freq=520021793 heater_bed: target=0 temp=21.8 pwm=0.000 print_time=424.483 buffer_time=0.000 print_stall=0 extruder: target=0 temp=23.9 pwm=0.000 extruder1: target=0 temp=23.9 pwm=0.000 sysload=0.28 cputime=9.321 memavail=607448
Stats 365.6: gcodein=0 mcu: mcu_awake=0.000 mcu_task_avg=0.000001 mcu_task_stddev=0.000001 bytes_write=4622 bytes_read=60569 bytes_retransmit=9 bytes_invalid=0 send_seq=554 receive_seq=554 retransmit_seq=17 srtt=0.001 rttvar=0.000 rto=0.025 ready_bytes=0 upcoming_bytes=0 freq=520021784 heater_bed: target=0 temp=21.8 pwm=0.000 print_time=424.483 buffer_time=0.000 print_stall=0 extruder: target=0 temp=23.7 pwm=0.000 extruder1: target=0 temp=23.8 pwm=0.000 sysload=0.26 cputime=9.330 memavail=607448
Stats 366.6: gcodein=0 mcu: mcu_awake=0.000 mcu_task_avg=0.000001 mcu_task_stddev=0.000001 bytes_write=4628 bytes_read=60731 bytes_retransmit=9 bytes_invalid=0 send_seq=555 receive_seq=555 retransmit_seq=17 srtt=0.001 rttvar=0.000 rto=0.025 ready_bytes=0 upcoming_bytes=0 freq=520021779 heater_bed: target=0 temp=21.8 pwm=0.000 print_time=424.483 buffer_time=0.000 print_stall=0 extruder: target=0 temp=23.8 pwm=0.000 extruder1: target=0 temp=23.8 pwm=0.000 sysload=0.26 cputime=9.343 memavail=607320
Stats 367.6: gcodein=0 mcu: mcu_awake=0.000 mcu_task_avg=0.000001 mcu_task_stddev=0.000001 bytes_write=4634 bytes_read=60910 bytes_retransmit=9 bytes_invalid=0 send_seq=556 receive_seq=556 retransmit_seq=17 srtt=0.001 rttvar=0.000 rto=0.025 ready_bytes=0 upcoming_bytes=0 freq=520021784 heater_bed: target=0 temp=21.9 pwm=0.000 print_time=424.483 buffer_time=0.000 print_stall=0 extruder: target=0 temp=23.9 pwm=0.000 extruder1: target=0 temp=23.9 pwm=0.000 sysload=0.26 cputime=9.357 memavail=607224
Stats 368.6: gcodein=0 mcu: mcu_awake=0.000 mcu_task_avg=0.000001 mcu_task_stddev=0.000001 bytes_write=4640 bytes_read=61076 bytes_retransmit=9 bytes_invalid=0 send_seq=557 receive_seq=557 retransmit_seq=17 srtt=0.001 rttvar=0.000 rto=0.025 ready_bytes=0 upcoming_bytes=0 freq=520021780 heater_bed: target=0 temp=21.9 pwm=0.000 print_time=424.483 buffer_time=0.000 print_stall=0 extruder: target=0 temp=24.0 pwm=0.000 extruder1: target=0 temp=23.8 pwm=0.000 sysload=0.26 cputime=9.372 memavail=607224
Stats 369.6: gcodein=0 mcu: mcu_awake=0.000 mcu_task_avg=0.000001 mcu_task_stddev=0.000001 bytes_write=4652 bytes_read=61258 bytes_retransmit=9 bytes_invalid=0 send_seq=559 receive_seq=559 retransmit_seq=17 srtt=0.001 rttvar=0.000 rto=0.025 ready_bytes=0 upcoming_bytes=0 freq=520021788 heater_bed: target=0 temp=22.0 pwm=0.000 print_time=424.483 buffer_time=0.000 print_stall=0 extruder: target=0 temp=23.8 pwm=0.000 extruder1: target=0 temp=23.9 pwm=0.000 sysload=0.26 cputime=9.387 memavail=607224
Stats 370.6: gcodein=0 mcu: mcu_awake=0.000 mcu_task_avg=0.000001 mcu_task_stddev=0.000001 bytes_write=4658 bytes_read=61424 bytes_retransmit=9 bytes_invalid=0 send_seq=560 receive_seq=560 retransmit_seq=17 srtt=0.001 rttvar=0.000 rto=0.025 ready_bytes=0 upcoming_bytes=0 freq=520021802 heater_bed: target=0 temp=22.0 pwm=0.000 print_time=424.483 buffer_time=0.000 print_stall=0 extruder: target=0 temp=23.8 pwm=0.000 extruder1: target=0 temp=23.8 pwm=0.000 sysload=0.24 cputime=9.402 memavail=607224
Stats 371.6: gcodein=0 mcu: mcu_awake=0.000 mcu_task_avg=0.000001 mcu_task_stddev=0.000001 bytes_write=4664 bytes_read=61590 bytes_retransmit=9 bytes_invalid=0 send_seq=561 receive_seq=561 retransmit_seq=17 srtt=0.001 rttvar=0.000 rto=0.025 ready_bytes=0 upcoming_bytes=0 freq=520021806 heater_bed: target=0 temp=22.2 pwm=0.000 print_time=424.483 buffer_time=0.000 print_stall=0 extruder: target=0 temp=23.8 pwm=0.000 extruder1: target=0 temp=23.8 pwm=0.000 sysload=0.24 cputime=9.417 memavail=610340
Stats 372.6: gcodein=0 mcu: mcu_awake=0.000 mcu_task_avg=0.000001 mcu_task_stddev=0.000001 bytes_write=4670 bytes_read=61770 bytes_retransmit=9 bytes_invalid=0 send_seq=562 receive_seq=562 retransmit_seq=17 srtt=0.001 rttvar=0.000 rto=0.025 ready_bytes=0 upcoming_bytes=0 freq=520021828 heater_bed: target=0 temp=22.1 pwm=0.000 print_time=424.483 buffer_time=0.000 print_stall=0 extruder: target=0 temp=23.9 pwm=0.000 extruder1: target=0 temp=23.8 pwm=0.000 sysload=0.24 cputime=9.432 memavail=610348
Stats 373.6: gcodein=0 mcu: mcu_awake=0.000 mcu_task_avg=0.000001 mcu_task_stddev=0.000001 bytes_write=4676 bytes_read=61936 bytes_retransmit=9 bytes_invalid=0 send_seq=563 receive_seq=563 retransmit_seq=17 srtt=0.001 rttvar=0.000 rto=0.025 ready_bytes=0 upcoming_bytes=0 freq=520021828 heater_bed: target=0 temp=22.2 pwm=0.000 print_time=424.483 buffer_time=0.000 print_stall=0 extruder: target=0 temp=23.8 pwm=0.000 extruder1: target=0 temp=24.1 pwm=0.000 sysload=0.24 cputime=9.447 memavail=610348
Stats 374.6: gcodein=0 mcu: mcu_awake=0.000 mcu_task_avg=0.000001 mcu_task_stddev=0.000001 bytes_write=4682 bytes_read=62096 bytes_retransmit=9 bytes_invalid=0 send_seq=564 receive_seq=564 retransmit_seq=17 srtt=0.001 rttvar=0.000 rto=0.025 ready_bytes=0 upcoming_bytes=0 freq=520021827 heater_bed: target=0 temp=22.2 pwm=0.000 print_time=424.483 buffer_time=0.000 print_stall=0 extruder: target=0 temp=23.9 pwm=0.000 extruder1: target=0 temp=23.7 pwm=0.000 sysload=0.24 cputime=9.461 memavail=610348
Stats 375.6: gcodein=0 mcu: mcu_awake=0.000 mcu_task_avg=0.000001 mcu_task_stddev=0.000001 bytes_write=4688 bytes_read=62262 bytes_retransmit=9 bytes_invalid=0 send_seq=565 receive_seq=565 retransmit_seq=17 srtt=0.001 rttvar=0.000 rto=0.025 ready_bytes=0 upcoming_bytes=0 freq=520021827 heater_bed: target=0 temp=22.3 pwm=0.000 print_time=424.483 buffer_time=0.000 print_stall=0 extruder: target=0 temp=23.8 pwm=0.000 extruder1: target=0 temp=23.7 pwm=0.000 sysload=0.22 cputime=9.476 memavail=610348
Stats 376.6: gcodein=0 mcu: mcu_awake=0.000 mcu_task_avg=0.000001 mcu_task_stddev=0.000001 bytes_write=4694 bytes_read=62428 bytes_retransmit=9 bytes_invalid=0 send_seq=566 receive_seq=566 retransmit_seq=17 srtt=0.001 rttvar=0.000 rto=0.025 ready_bytes=0 upcoming_bytes=0 freq=520021829 heater_bed: target=0 temp=22.3 pwm=0.000 print_time=424.483 buffer_time=0.000 print_stall=0 extruder: target=0 temp=23.7 pwm=0.000 extruder1: target=0 temp=23.7 pwm=0.000 sysload=0.22 cputime=9.490 memavail=610348
Stats 377.6: gcodein=0 mcu: mcu_awake=0.000 mcu_task_avg=0.000001 mcu_task_stddev=0.000001 bytes_write=4700 bytes_read=62608 bytes_retransmit=9 bytes_invalid=0 send_seq=567 receive_seq=567 retransmit_seq=17 srtt=0.001 rttvar=0.000 rto=0.025 ready_bytes=0 upcoming_bytes=0 freq=520021827 heater_bed: target=0 temp=22.3 pwm=0.000 print_time=424.483 buffer_time=0.000 print_stall=0 extruder: target=0 temp=23.8 pwm=0.000 extruder1: target=0 temp=23.8 pwm=0.000 sysload=0.22 cputime=9.505 memavail=610356
Stats 378.6: gcodein=0 mcu: mcu_awake=0.000 mcu_task_avg=0.000001 mcu_task_stddev=0.000001 bytes_write=4706 bytes_read=62774 bytes_retransmit=9 bytes_invalid=0 send_seq=568 receive_seq=568 retransmit_seq=17 srtt=0.001 rttvar=0.000 rto=0.025 ready_bytes=0 upcoming_bytes=0 freq=520021823 heater_bed: target=0 temp=22.3 pwm=0.000 print_time=424.483 buffer_time=0.000 print_stall=0 extruder: target=0 temp=23.7 pwm=0.000 extruder1: target=0 temp=23.8 pwm=0.000 sysload=0.22 cputime=9.519 memavail=610156
Stats 379.6: gcodein=0 mcu: mcu_awake=0.000 mcu_task_avg=0.000001 mcu_task_stddev=0.000001 bytes_write=4712 bytes_read=62940 bytes_retransmit=9 bytes_invalid=0 send_seq=569 receive_seq=569 retransmit_seq=17 srtt=0.001 rttvar=0.000 rto=0.025 ready_bytes=0 upcoming_bytes=0 freq=520021825 heater_bed: target=0 temp=22.3 pwm=0.000 print_time=424.483 buffer_time=0.000 print_stall=0 extruder: target=0 temp=23.9 pwm=0.000 extruder1: target=0 temp=23.8 pwm=0.000 sysload=0.22 cputime=9.532 memavail=610104
Stats 380.6: gcodein=0 mcu: mcu_awake=0.000 mcu_task_avg=0.000001 mcu_task_stddev=0.000001 bytes_write=4718 bytes_read=63106 bytes_retransmit=9 bytes_invalid=0 send_seq=570 receive_seq=570 retransmit_seq=17 srtt=0.001 rttvar=0.000 rto=0.025 ready_bytes=0 upcoming_bytes=0 freq=520021821 heater_bed: target=0 temp=22.2 pwm=0.000 print_time=424.483 buffer_time=0.000 print_stall=0 extruder: target=0 temp=23.8 pwm=0.000 extruder1: target=0 temp=23.8 pwm=0.000 sysload=0.20 cputime=9.547 memavail=608204
Stats 381.6: gcodein=0 mcu: mcu_awake=0.000 mcu_task_avg=0.000001 mcu_task_stddev=0.000001 bytes_write=4724 bytes_read=63272 bytes_retransmit=9 bytes_invalid=0 send_seq=571 receive_seq=571 retransmit_seq=17 srtt=0.001 rttvar=0.000 rto=0.025 ready_bytes=0 upcoming_bytes=0 freq=520021819 heater_bed: target=0 temp=22.3 pwm=0.000 print_time=424.483 buffer_time=0.000 print_stall=0 extruder: target=0 temp=23.8 pwm=0.000 extruder1: target=0 temp=23.8 pwm=0.000 sysload=0.20 cputime=9.561 memavail=608100
Stats 382.6: gcodein=0 mcu: mcu_awake=0.000 mcu_task_avg=0.000001 mcu_task_stddev=0.000001 bytes_write=4730 bytes_read=63450 bytes_retransmit=9 bytes_invalid=0 send_seq=572 receive_seq=572 retransmit_seq=17 srtt=0.001 rttvar=0.000 rto=0.025 ready_bytes=0 upcoming_bytes=0 freq=520021823 heater_bed: target=0 temp=22.2 pwm=0.000 print_time=424.483 buffer_time=0.000 print_stall=0 extruder: target=0 temp=23.9 pwm=0.000 extruder1: target=0 temp=23.8 pwm=0.000 sysload=0.20 cputime=9.576 memavail=607868
Stats 383.6: gcodein=0 mcu: mcu_awake=0.000 mcu_task_avg=0.000001 mcu_task_stddev=0.000001 bytes_write=4736 bytes_read=63613 bytes_retransmit=9 bytes_invalid=0 send_seq=573 receive_seq=573 retransmit_seq=17 srtt=0.001 rttvar=0.000 rto=0.025 ready_bytes=0 upcoming_bytes=0 freq=520021827 heater_bed: target=0 temp=22.1 pwm=0.000 print_time=424.483 buffer_time=0.000 print_stall=0 extruder: target=0 temp=23.8 pwm=0.000 extruder1: target=0 temp=23.7 pwm=0.000 sysload=0.20 cputime=9.590 memavail=607868
Stats 384.6: gcodein=0 mcu: mcu_awake=0.000 mcu_task_avg=0.000001 mcu_task_stddev=0.000001 bytes_write=4742 bytes_read=63779 bytes_retransmit=9 bytes_invalid=0 send_seq=574 receive_seq=574 retransmit_seq=17 srtt=0.001 rttvar=0.000 rto=0.025 ready_bytes=0 upcoming_bytes=0 freq=520021829 heater_bed: target=0 temp=22.0 pwm=0.000 print_time=424.483 buffer_time=0.000 print_stall=0 extruder: target=0 temp=23.8 pwm=0.000 extruder1: target=0 temp=23.8 pwm=0.000 sysload=0.20 cputime=9.604 memavail=607868
Stats 385.6: gcodein=0 mcu: mcu_awake=0.000 mcu_task_avg=0.000001 mcu_task_stddev=0.000001 bytes_write=4748 bytes_read=63945 bytes_retransmit=9 bytes_invalid=0 send_seq=575 receive_seq=575 retransmit_seq=17 srtt=0.001 rttvar=0.000 rto=0.025 ready_bytes=0 upcoming_bytes=0 freq=520021824 heater_bed: target=0 temp=21.9 pwm=0.000 print_time=424.483 buffer_time=0.000 print_stall=0 extruder: target=0 temp=23.8 pwm=0.000 extruder1: target=0 temp=24.1 pwm=0.000 sysload=0.18 cputime=9.618 memavail=607868
Stats 386.6: gcodein=0 mcu: mcu_awake=0.000 mcu_task_avg=0.000001 mcu_task_stddev=0.000001 bytes_write=4754 bytes_read=64111 bytes_retransmit=9 bytes_invalid=0 send_seq=576 receive_seq=576 retransmit_seq=17 srtt=0.001 rttvar=0.000 rto=0.025 ready_bytes=0 upcoming_bytes=0 freq=520021819 heater_bed: target=0 temp=21.9 pwm=0.000 print_time=424.483 buffer_time=0.000 print_stall=0 extruder: target=0 temp=23.8 pwm=0.000 extruder1: target=0 temp=23.8 pwm=0.000 sysload=0.18 cputime=9.633 memavail=607868
Stats 387.6: gcodein=0 mcu: mcu_awake=0.000 mcu_task_avg=0.000001 mcu_task_stddev=0.000001 bytes_write=4760 bytes_read=64291 bytes_retransmit=9 bytes_invalid=0 send_seq=577 receive_seq=577 retransmit_seq=17 srtt=0.001 rttvar=0.000 rto=0.025 ready_bytes=0 upcoming_bytes=0 freq=520021815 heater_bed: target=0 temp=21.8 pwm=0.000 print_time=424.483 buffer_time=0.000 print_stall=0 extruder: target=0 temp=23.7 pwm=0.000 extruder1: target=0 temp=23.8 pwm=0.000 sysload=0.18 cputime=9.648 memavail=607620
Stats 388.6: gcodein=0 mcu: mcu_awake=0.000 mcu_task_avg=0.000001 mcu_task_stddev=0.000001 bytes_write=4766 bytes_read=64472 bytes_retransmit=9 bytes_invalid=0 send_seq=578 receive_seq=578 retransmit_seq=17 srtt=0.001 rttvar=0.000 rto=0.025 ready_bytes=0 upcoming_bytes=0 freq=520021812 heater_bed: target=0 temp=21.6 pwm=0.000 print_time=424.483 buffer_time=0.000 print_stall=0 extruder: target=0 temp=23.7 pwm=0.000 extruder1: target=0 temp=23.9 pwm=0.000 sysload=0.18 cputime=9.662 memavail=607620
Stats 389.6: gcodein=0 mcu: mcu_awake=0.000 mcu_task_avg=0.000001 mcu_task_stddev=0.000001 bytes_write=4772 bytes_read=64623 bytes_retransmit=9 bytes_invalid=0 send_seq=579 receive_seq=579 retransmit_seq=17 srtt=0.001 rttvar=0.000 rto=0.025 ready_bytes=0 upcoming_bytes=0 freq=520021807 heater_bed: target=0 temp=21.6 pwm=0.000 print_time=424.483 buffer_time=0.000 print_stall=0 extruder: target=0 temp=23.7 pwm=0.000 extruder1: target=0 temp=23.8 pwm=0.000 sysload=0.18 cputime=9.676 memavail=607620
Stats 390.6: gcodein=0 mcu: mcu_awake=0.000 mcu_task_avg=0.000001 mcu_task_stddev=0.000001 bytes_write=4778 bytes_read=64789 bytes_retransmit=9 bytes_invalid=0 send_seq=580 receive_seq=580 retransmit_seq=17 srtt=0.001 rttvar=0.000 rto=0.025 ready_bytes=0 upcoming_bytes=0 freq=520021814 heater_bed: target=0 temp=21.4 pwm=0.000 print_time=424.483 buffer_time=0.000 print_stall=0 extruder: target=0 temp=23.8 pwm=0.000 extruder1: target=0 temp=23.9 pwm=0.000 sysload=0.17 cputime=9.691 memavail=608420
Stats 391.6: gcodein=0 mcu: mcu_awake=0.000 mcu_task_avg=0.000001 mcu_task_stddev=0.000001 bytes_write=4784 bytes_read=64964 bytes_retransmit=9 bytes_invalid=0 send_seq=581 receive_seq=581 retransmit_seq=17 srtt=0.001 rttvar=0.000 rto=0.025 ready_bytes=0 upcoming_bytes=0 freq=520021810 heater_bed: target=0 temp=21.3 pwm=0.000 print_time=424.483 buffer_time=0.000 print_stall=0 extruder: target=0 temp=23.7 pwm=0.000 extruder1: target=0 temp=23.9 pwm=0.000 sysload=0.17 cputime=9.705 memavail=608356
Stats 392.6: gcodein=0 mcu: mcu_awake=0.000 mcu_task_avg=0.000001 mcu_task_stddev=0.000001 bytes_write=4790 bytes_read=65115 bytes_retransmit=9 bytes_invalid=0 send_seq=582 receive_seq=582 retransmit_seq=17 srtt=0.001 rttvar=0.000 rto=0.025 ready_bytes=0 upcoming_bytes=0 freq=520021806 heater_bed: target=0 temp=21.3 pwm=0.000 print_time=424.483 buffer_time=0.000 print_stall=0 extruder: target=0 temp=23.8 pwm=0.000 extruder1: target=0 temp=24.3 pwm=0.000 sysload=0.17 cputime=9.719 memavail=608356
Stats 393.6: gcodein=0 mcu: mcu_awake=0.000 mcu_task_avg=0.000001 mcu_task_stddev=0.000001 bytes_write=4796 bytes_read=65295 bytes_retransmit=9 bytes_invalid=0 send_seq=583 receive_seq=583 retransmit_seq=17 srtt=0.001 rttvar=0.000 rto=0.025 ready_bytes=0 upcoming_bytes=0 freq=520021808 heater_bed: target=0 temp=21.2 pwm=0.000 print_time=424.483 buffer_time=0.000 print_stall=0 extruder: target=0 temp=23.7 pwm=0.000 extruder1: target=0 temp=24.0 pwm=0.000 sysload=0.17 cputime=9.733 memavail=608356
Stats 394.6: gcodein=0 mcu: mcu_awake=0.000 mcu_task_avg=0.000001 mcu_task_stddev=0.000001 bytes_write=4802 bytes_read=65476 bytes_retransmit=9 bytes_invalid=0 send_seq=584 receive_seq=584 retransmit_seq=17 srtt=0.001 rttvar=0.000 rto=0.025 ready_bytes=0 upcoming_bytes=0 freq=520021805 heater_bed: target=0 temp=21.3 pwm=0.000 print_time=424.483 buffer_time=0.000 print_stall=0 extruder: target=0 temp=23.8 pwm=0.000 extruder1: target=0 temp=23.9 pwm=0.000 sysload=0.17 cputime=9.748 memavail=608356
Stats 395.6: gcodein=0 mcu: mcu_awake=0.000 mcu_task_avg=0.000001 mcu_task_stddev=0.000001 bytes_write=4808 bytes_read=65627 bytes_retransmit=9 bytes_invalid=0 send_seq=585 receive_seq=585 retransmit_seq=17 srtt=0.001 rttvar=0.000 rto=0.025 ready_bytes=0 upcoming_bytes=0 freq=520021805 heater_bed: target=0 temp=21.3 pwm=0.000 print_time=424.483 buffer_time=0.000 print_stall=0 extruder: target=0 temp=23.9 pwm=0.000 extruder1: target=0 temp=23.9 pwm=0.000 sysload=0.15 cputime=9.762 memavail=608356
Stats 396.6: gcodein=0 mcu: mcu_awake=0.000 mcu_task_avg=0.000001 mcu_task_stddev=0.000001 bytes_write=4814 bytes_read=65793 bytes_retransmit=9 bytes_invalid=0 send_seq=586 receive_seq=586 retransmit_seq=17 srtt=0.001 rttvar=0.000 rto=0.025 ready_bytes=0 upcoming_bytes=0 freq=520021807 heater_bed: target=0 temp=21.3 pwm=0.000 print_time=424.483 buffer_time=0.000 print_stall=0 extruder: target=0 temp=23.8 pwm=0.000 extruder1: target=0 temp=23.9 pwm=0.000 sysload=0.15 cputime=9.776 memavail=608356
Stats 397.6: gcodein=0 mcu: mcu_awake=0.000 mcu_task_avg=0.000001 mcu_task_stddev=0.000001 bytes_write=4820 bytes_read=65974 bytes_retransmit=9 bytes_invalid=0 send_seq=587 receive_seq=587 retransmit_seq=17 srtt=0.001 rttvar=0.000 rto=0.025 ready_bytes=0 upcoming_bytes=0 freq=520021816 heater_bed: target=0 temp=21.3 pwm=0.000 print_time=424.483 buffer_time=0.000 print_stall=0 extruder: target=0 temp=23.7 pwm=0.000 extruder1: target=0 temp=23.8 pwm=0.000 sysload=0.15 cputime=9.790 memavail=608356
Stats 398.6: gcodein=0 mcu: mcu_awake=0.000 mcu_task_avg=0.000001 mcu_task_stddev=0.000001 bytes_write=4826 bytes_read=66139 bytes_retransmit=9 bytes_invalid=0 send_seq=588 receive_seq=588 retransmit_seq=17 srtt=0.001 rttvar=0.000 rto=0.025 ready_bytes=0 upcoming_bytes=0 freq=520021812 heater_bed: target=0 temp=21.4 pwm=0.000 print_time=424.483 buffer_time=0.000 print_stall=0 extruder: target=0 temp=23.8 pwm=0.000 extruder1: target=0 temp=23.8 pwm=0.000 sysload=0.15 cputime=9.804 memavail=608368
Stats 399.6: gcodein=0 mcu: mcu_awake=0.000 mcu_task_avg=0.000001 mcu_task_stddev=0.000001 bytes_write=4832 bytes_read=66300 bytes_retransmit=9 bytes_invalid=0 send_seq=589 receive_seq=589 retransmit_seq=17 srtt=0.001 rttvar=0.000 rto=0.025 ready_bytes=0 upcoming_bytes=0 freq=520021807 heater_bed: target=0 temp=21.4 pwm=0.000 print_time=424.483 buffer_time=0.000 print_stall=0 extruder: target=0 temp=23.7 pwm=0.000 extruder1: target=0 temp=23.9 pwm=0.000 sysload=0.15 cputime=9.818 memavail=608368
Stats 400.6: gcodein=0 mcu: mcu_awake=0.000 mcu_task_avg=0.000001 mcu_task_stddev=0.000001 bytes_write=4838 bytes_read=66481 bytes_retransmit=9 bytes_invalid=0 send_seq=590 receive_seq=590 retransmit_seq=17 srtt=0.001 rttvar=0.000 rto=0.025 ready_bytes=0 upcoming_bytes=0 freq=520021805 heater_bed: target=0 temp=21.5 pwm=0.000 print_time=424.483 buffer_time=0.000 print_stall=0 extruder: target=0 temp=23.7 pwm=0.000 extruder1: target=0 temp=23.7 pwm=0.000 sysload=0.14 cputime=9.833 memavail=608168
Stats 401.6: gcodein=0 mcu: mcu_awake=0.000 mcu_task_avg=0.000001 mcu_task_stddev=0.000001 bytes_write=4844 bytes_read=66632 bytes_retransmit=9 bytes_invalid=0 send_seq=591 receive_seq=591 retransmit_seq=17 srtt=0.001 rttvar=0.000 rto=0.025 ready_bytes=0 upcoming_bytes=0 freq=520021803 heater_bed: target=0 temp=21.4 pwm=0.000 print_time=424.483 buffer_time=0.000 print_stall=0 extruder: target=0 temp=23.7 pwm=0.000 extruder1: target=0 temp=23.8 pwm=0.000 sysload=0.14 cputime=9.847 memavail=608136
Stats 402.6: gcodein=0 mcu: mcu_awake=0.000 mcu_task_avg=0.000001 mcu_task_stddev=0.000001 bytes_write=4850 bytes_read=66798 bytes_retransmit=9 bytes_invalid=0 send_seq=592 receive_seq=592 retransmit_seq=17 srtt=0.001 rttvar=0.000 rto=0.025 ready_bytes=0 upcoming_bytes=0 freq=520021800 heater_bed: target=0 temp=21.4 pwm=0.000 print_time=424.483 buffer_time=0.000 print_stall=0 extruder: target=0 temp=23.8 pwm=0.000 extruder1: target=0 temp=23.8 pwm=0.000 sysload=0.14 cputime=9.861 memavail=607636
Stats 403.6: gcodein=0 mcu: mcu_awake=0.000 mcu_task_avg=0.000001 mcu_task_stddev=0.000001 bytes_write=4856 bytes_read=66993 bytes_retransmit=9 bytes_invalid=0 send_seq=593 receive_seq=593 retransmit_seq=17 srtt=0.001 rttvar=0.000 rto=0.025 ready_bytes=0 upcoming_bytes=0 freq=520021797 heater_bed: target=0 temp=21.4 pwm=0.000 print_time=424.483 buffer_time=0.000 print_stall=0 extruder: target=0 temp=23.9 pwm=0.000 extruder1: target=0 temp=23.9 pwm=0.000 sysload=0.14 cputime=9.876 memavail=606628
Stats 404.6: gcodein=0 mcu: mcu_awake=0.000 mcu_task_avg=0.000001 mcu_task_stddev=0.000001 bytes_write=4862 bytes_read=67144 bytes_retransmit=9 bytes_invalid=0 send_seq=594 receive_seq=594 retransmit_seq=17 srtt=0.001 rttvar=0.000 rto=0.025 ready_bytes=0 upcoming_bytes=0 freq=520021799 heater_bed: target=0 temp=21.5 pwm=0.000 print_time=424.483 buffer_time=0.000 print_stall=0 extruder: target=0 temp=23.8 pwm=0.000 extruder1: target=0 temp=23.9 pwm=0.000 sysload=0.14 cputime=9.890 memavail=606628
Stats 405.6: gcodein=0 mcu: mcu_awake=0.000 mcu_task_avg=0.000001 mcu_task_stddev=0.000001 bytes_write=4868 bytes_read=67310 bytes_retransmit=9 bytes_invalid=0 send_seq=595 receive_seq=595 retransmit_seq=17 srtt=0.001 rttvar=0.000 rto=0.025 ready_bytes=0 upcoming_bytes=0 freq=520021801 heater_bed: target=0 temp=21.6 pwm=0.000 print_time=424.483 buffer_time=0.000 print_stall=0 extruder: target=0 temp=23.7 pwm=0.000 extruder1: target=0 temp=23.9 pwm=0.000 sysload=0.13 cputime=9.904 memavail=606428
Stats 406.6: gcodein=0 mcu: mcu_awake=0.000 mcu_task_avg=0.000001 mcu_task_stddev=0.000001 bytes_write=4874 bytes_read=67491 bytes_retransmit=9 bytes_invalid=0 send_seq=596 receive_seq=596 retransmit_seq=17 srtt=0.001 rttvar=0.000 rto=0.025 ready_bytes=0 upcoming_bytes=0 freq=520021797 heater_bed: target=0 temp=21.6 pwm=0.000 print_time=424.483 buffer_time=0.000 print_stall=0 extruder: target=0 temp=23.8 pwm=0.000 extruder1: target=0 temp=23.8 pwm=0.000 sysload=0.13 cputime=9.918 memavail=606376
Stats 407.6: gcodein=0 mcu: mcu_awake=0.000 mcu_task_avg=0.000001 mcu_task_stddev=0.000001 bytes_write=4880 bytes_read=67637 bytes_retransmit=9 bytes_invalid=0 send_seq=597 receive_seq=597 retransmit_seq=17 srtt=0.001 rttvar=0.000 rto=0.025 ready_bytes=0 upcoming_bytes=0 freq=520021797 heater_bed: target=0 temp=21.7 pwm=0.000 print_time=424.483 buffer_time=0.000 print_stall=0 extruder: target=0 temp=23.8 pwm=0.000 extruder1: target=0 temp=23.8 pwm=0.000 sysload=0.13 cputime=9.932 memavail=606376
Stats 408.6: gcodein=0 mcu: mcu_awake=0.000 mcu_task_avg=0.000001 mcu_task_stddev=0.000001 bytes_write=4886 bytes_read=67817 bytes_retransmit=9 bytes_invalid=0 send_seq=598 receive_seq=598 retransmit_seq=17 srtt=0.001 rttvar=0.000 rto=0.025 ready_bytes=0 upcoming_bytes=0 freq=520021790 heater_bed: target=0 temp=21.8 pwm=0.000 print_time=424.483 buffer_time=0.000 print_stall=0 extruder: target=0 temp=23.8 pwm=0.000 extruder1: target=0 temp=23.7 pwm=0.000 sysload=0.13 cputime=9.947 memavail=606380
Stats 409.6: gcodein=0 mcu: mcu_awake=0.000 mcu_task_avg=0.000001 mcu_task_stddev=0.000001 bytes_write=4892 bytes_read=67998 bytes_retransmit=9 bytes_invalid=0 send_seq=599 receive_seq=599 retransmit_seq=17 srtt=0.001 rttvar=0.000 rto=0.025 ready_bytes=0 upcoming_bytes=0 freq=520021792 heater_bed: target=0 temp=21.8 pwm=0.000 print_time=424.483 buffer_time=0.000 print_stall=0 extruder: target=0 temp=23.8 pwm=0.000 extruder1: target=0 temp=23.8 pwm=0.000 sysload=0.13 cputime=9.961 memavail=606380
Stats 410.6: gcodein=0 mcu: mcu_awake=0.000 mcu_task_avg=0.000001 mcu_task_stddev=0.000001 bytes_write=4898 bytes_read=68149 bytes_retransmit=9 bytes_invalid=0 send_seq=600 receive_seq=600 retransmit_seq=17 srtt=0.001 rttvar=0.000 rto=0.025 ready_bytes=0 upcoming_bytes=0 freq=520021795 heater_bed: target=0 temp=21.9 pwm=0.000 print_time=424.483 buffer_time=0.000 print_stall=0 extruder: target=0 temp=23.8 pwm=0.000 extruder1: target=0 temp=23.7 pwm=0.000 sysload=0.12 cputime=9.975 memavail=609996
Stats 411.6: gcodein=0 mcu: mcu_awake=0.000 mcu_task_avg=0.000001 mcu_task_stddev=0.000001 bytes_write=4904 bytes_read=68315 bytes_retransmit=9 bytes_invalid=0 send_seq=601 receive_seq=601 retransmit_seq=17 srtt=0.001 rttvar=0.001 rto=0.025 ready_bytes=0 upcoming_bytes=0 freq=520021804 heater_bed: target=0 temp=22.0 pwm=0.000 print_time=424.483 buffer_time=0.000 print_stall=0 extruder: target=0 temp=23.8 pwm=0.000 extruder1: target=0 temp=23.8 pwm=0.000 sysload=0.12 cputime=9.989 memavail=609944
Stats 412.6: gcodein=0 mcu: mcu_awake=0.000 mcu_task_avg=0.000001 mcu_task_stddev=0.000001 bytes_write=4910 bytes_read=68496 bytes_retransmit=9 bytes_invalid=0 send_seq=602 receive_seq=602 retransmit_seq=17 srtt=0.001 rttvar=0.000 rto=0.025 ready_bytes=0 upcoming_bytes=0 freq=520021800 heater_bed: target=0 temp=22.1 pwm=0.000 print_time=424.483 buffer_time=0.000 print_stall=0 extruder: target=0 temp=23.8 pwm=0.000 extruder1: target=0 temp=23.9 pwm=0.000 sysload=0.12 cputime=10.004 memavail=609944
Stats 413.6: gcodein=0 mcu: mcu_awake=0.000 mcu_task_avg=0.000001 mcu_task_stddev=0.000001 bytes_write=4916 bytes_read=68661 bytes_retransmit=9 bytes_invalid=0 send_seq=603 receive_seq=603 retransmit_seq=17 srtt=0.001 rttvar=0.000 rto=0.025 ready_bytes=0 upcoming_bytes=0 freq=520021796 heater_bed: target=0 temp=22.1 pwm=0.000 print_time=424.483 buffer_time=0.000 print_stall=0 extruder: target=0 temp=23.9 pwm=0.000 extruder1: target=0 temp=23.8 pwm=0.000 sysload=0.12 cputime=10.018 memavail=609944
Stats 414.6: gcodein=0 mcu: mcu_awake=0.000 mcu_task_avg=0.000001 mcu_task_stddev=0.000001 bytes_write=4922 bytes_read=68827 bytes_retransmit=9 bytes_invalid=0 send_seq=604 receive_seq=604 retransmit_seq=17 srtt=0.001 rttvar=0.000 rto=0.025 ready_bytes=0 upcoming_bytes=0 freq=520021790 heater_bed: target=0 temp=22.2 pwm=0.000 print_time=424.483 buffer_time=0.000 print_stall=0 extruder: target=0 temp=23.7 pwm=0.000 extruder1: target=0 temp=23.8 pwm=0.000 sysload=0.12 cputime=10.032 memavail=609944
Stats 415.6: gcodein=0 mcu: mcu_awake=0.000 mcu_task_avg=0.000001 mcu_task_stddev=0.000001 bytes_write=4928 bytes_read=69005 bytes_retransmit=9 bytes_invalid=0 send_seq=605 receive_seq=605 retransmit_seq=17 srtt=0.001 rttvar=0.000 rto=0.025 ready_bytes=0 upcoming_bytes=0 freq=520021787 heater_bed: target=0 temp=22.3 pwm=0.000 print_time=424.483 buffer_time=0.000 print_stall=0 extruder: target=0 temp=23.8 pwm=0.000 extruder1: target=0 temp=23.8 pwm=0.000 sysload=0.11 cputime=10.047 memavail=609944
Stats 416.6: gcodein=0 mcu: mcu_awake=0.000 mcu_task_avg=0.000001 mcu_task_stddev=0.000001 bytes_write=4934 bytes_read=69152 bytes_retransmit=9 bytes_invalid=0 send_seq=606 receive_seq=606 retransmit_seq=17 srtt=0.001 rttvar=0.000 rto=0.025 ready_bytes=0 upcoming_bytes=0 freq=520021786 heater_bed: target=0 temp=22.4 pwm=0.000 print_time=424.483 buffer_time=0.000 print_stall=0 extruder: target=0 temp=23.9 pwm=0.000 extruder1: target=0 temp=23.8 pwm=0.000 sysload=0.11 cputime=10.061 memavail=609692
Stats 417.6: gcodein=0 mcu: mcu_awake=0.000 mcu_task_avg=0.000001 mcu_task_stddev=0.000001 bytes_write=4940 bytes_read=69318 bytes_retransmit=9 bytes_invalid=0 send_seq=607 receive_seq=607 retransmit_seq=17 srtt=0.001 rttvar=0.000 rto=0.025 ready_bytes=0 upcoming_bytes=0 freq=520021783 heater_bed: target=0 temp=22.5 pwm=0.000 print_time=424.483 buffer_time=0.000 print_stall=0 extruder: target=0 temp=23.7 pwm=0.000 extruder1: target=0 temp=23.7 pwm=0.000 sysload=0.11 cputime=10.075 memavail=609692
Stats 418.6: gcodein=0 mcu: mcu_awake=0.000 mcu_task_avg=0.000001 mcu_task_stddev=0.000001 bytes_write=4946 bytes_read=69513 bytes_retransmit=9 bytes_invalid=0 send_seq=608 receive_seq=608 retransmit_seq=17 srtt=0.001 rttvar=0.000 rto=0.025 ready_bytes=0 upcoming_bytes=0 freq=520021784 heater_bed: target=0 temp=22.5 pwm=0.000 print_time=424.483 buffer_time=0.000 print_stall=0 extruder: target=0 temp=23.8 pwm=0.000 extruder1: target=0 temp=23.8 pwm=0.000 sysload=0.11 cputime=10.089 memavail=609692
Stats 419.6: gcodein=0 mcu: mcu_awake=0.000 mcu_task_avg=0.000001 mcu_task_stddev=0.000001 bytes_write=4952 bytes_read=69664 bytes_retransmit=9 bytes_invalid=0 send_seq=609 receive_seq=609 retransmit_seq=17 srtt=0.001 rttvar=0.000 rto=0.025 ready_bytes=0 upcoming_bytes=0 freq=520021782 heater_bed: target=0 temp=22.6 pwm=0.000 print_time=424.483 buffer_time=0.000 print_stall=0 extruder: target=0 temp=23.8 pwm=0.000 extruder1: target=0 temp=23.9 pwm=0.000 sysload=0.11 cputime=10.103 memavail=609704
Stats 420.6: gcodein=0 mcu: mcu_awake=0.000 mcu_task_avg=0.000001 mcu_task_stddev=0.000001 bytes_write=4958 bytes_read=69830 bytes_retransmit=9 bytes_invalid=0 send_seq=610 receive_seq=610 retransmit_seq=17 srtt=0.001 rttvar=0.000 rto=0.025 ready_bytes=0 upcoming_bytes=0 freq=520021779 heater_bed: target=0 temp=22.6 pwm=0.000 print_time=424.483 buffer_time=0.000 print_stall=0 extruder: target=0 temp=23.7 pwm=0.000 extruder1: target=0 temp=23.9 pwm=0.000 sysload=0.10 cputime=10.117 memavail=605044
Stats 962.0: gcodein=0 mcu: mcu_awake=0.000 mcu_task_avg=0.000001 mcu_task_stddev=0.000001 bytes_write=8258 bytes_read=160957 bytes_retransmit=9 bytes_invalid=0 send_seq=1160 receive_seq=1160 retransmit_seq=17 srtt=0.001 rttvar=0.001 rto=0.025 ready_bytes=0 upcoming_bytes=0 freq=520021700 heater_bed: target=0 temp=22.3 pwm=0.000 print_time=1025.262 buffer_time=0.000 print_stall=0 extruder: target=0 temp=23.9 pwm=0.000 extruder1: target=0 temp=23.8 pwm=0.000 sysload=0.44 cputime=17.157 memavail=602360
Stats 963.0: gcodein=0 mcu: mcu_awake=0.000 mcu_task_avg=0.000001 mcu_task_stddev=0.000001 bytes_write=8264 bytes_read=161123 bytes_retransmit=9 bytes_invalid=0 send_seq=1161 receive_seq=1161 retransmit_seq=17 srtt=0.001 rttvar=0.001 rto=0.025 ready_bytes=0 upcoming_bytes=0 freq=520021704 heater_bed: target=0 temp=22.2 pwm=0.000 print_time=1025.262 buffer_time=0.000 print_stall=0 extruder: target=0 temp=23.9 pwm=0.000 extruder1: target=0 temp=23.8 pwm=0.000 sysload=0.44 cputime=17.172 memavail=601012
Stats 964.0: gcodein=0 mcu: mcu_awake=0.000 mcu_task_avg=0.000001 mcu_task_stddev=0.000001 bytes_write=8270 bytes_read=161304 bytes_retransmit=9 bytes_invalid=0 send_seq=1162 receive_seq=1162 retransmit_seq=17 srtt=0.001 rttvar=0.001 rto=0.025 ready_bytes=0 upcoming_bytes=0 freq=520021698 heater_bed: target=0 temp=22.1 pwm=0.000 print_time=1025.262 buffer_time=0.000 print_stall=0 extruder: target=0 temp=23.8 pwm=0.000 extruder1: target=0 temp=24.0 pwm=0.000 sysload=0.44 cputime=17.186 memavail=601768
Stats 965.0: gcodein=0 mcu: mcu_awake=0.000 mcu_task_avg=0.000001 mcu_task_stddev=0.000001 bytes_write=8276 bytes_read=161455 bytes_retransmit=9 bytes_invalid=0 send_seq=1163 receive_seq=1163 retransmit_seq=17 srtt=0.001 rttvar=0.001 rto=0.025 ready_bytes=0 upcoming_bytes=0 freq=520021695 heater_bed: target=0 temp=22.0 pwm=0.000 print_time=1025.262 buffer_time=0.000 print_stall=0 extruder: target=0 temp=23.9 pwm=0.000 extruder1: target=0 temp=24.0 pwm=0.000 sysload=0.44 cputime=17.200 memavail=601920
Stats 966.0: gcodein=0 mcu: mcu_awake=0.000 mcu_task_avg=0.000001 mcu_task_stddev=0.000001 bytes_write=8282 bytes_read=161635 bytes_retransmit=9 bytes_invalid=0 send_seq=1164 receive_seq=1164 retransmit_seq=17 srtt=0.001 rttvar=0.001 rto=0.025 ready_bytes=0 upcoming_bytes=0 freq=520021692 heater_bed: target=0 temp=21.9 pwm=0.000 print_time=1025.262 buffer_time=0.000 print_stall=0 extruder: target=0 temp=23.8 pwm=0.000 extruder1: target=0 temp=23.9 pwm=0.000 sysload=0.40 cputime=17.215 memavail=601720
Stats 967.0: gcodein=0 mcu: mcu_awake=0.000 mcu_task_avg=0.000001 mcu_task_stddev=0.000001 bytes_write=8288 bytes_read=161816 bytes_retransmit=9 bytes_invalid=0 send_seq=1165 receive_seq=1165 retransmit_seq=17 srtt=0.001 rttvar=0.000 rto=0.025 ready_bytes=0 upcoming_bytes=0 freq=520021688 heater_bed: target=0 temp=21.7 pwm=0.000 print_time=1025.262 buffer_time=0.000 print_stall=0 extruder: target=0 temp=23.9 pwm=0.000 extruder1: target=0 temp=23.9 pwm=0.000 sysload=0.40 cputime=17.230 memavail=601860
Stats 968.1: gcodein=0 mcu: mcu_awake=0.000 mcu_task_avg=0.000001 mcu_task_stddev=0.000001 bytes_write=8294 bytes_read=161967 bytes_retransmit=9 bytes_invalid=0 send_seq=1166 receive_seq=1166 retransmit_seq=17 srtt=0.001 rttvar=0.000 rto=0.025 ready_bytes=0 upcoming_bytes=0 freq=520021687 heater_bed: target=0 temp=21.7 pwm=0.000 print_time=1025.262 buffer_time=0.000 print_stall=0 extruder: target=0 temp=24.1 pwm=0.000 extruder1: target=0 temp=23.9 pwm=0.000 sysload=0.40 cputime=17.244 memavail=601864
Stats 969.1: gcodein=0 mcu: mcu_awake=0.000 mcu_task_avg=0.000001 mcu_task_stddev=0.000001 bytes_write=8300 bytes_read=162131 bytes_retransmit=9 bytes_invalid=0 send_seq=1167 receive_seq=1167 retransmit_seq=17 srtt=0.001 rttvar=0.000 rto=0.025 ready_bytes=0 upcoming_bytes=0 freq=520021684 heater_bed: target=0 temp=21.5 pwm=0.000 print_time=1025.262 buffer_time=0.000 print_stall=0 extruder: target=0 temp=24.0 pwm=0.000 extruder1: target=0 temp=24.0 pwm=0.000 sysload=0.40 cputime=17.259 memavail=601864
Stats 970.1: gcodein=0 mcu: mcu_awake=0.000 mcu_task_avg=0.000001 mcu_task_stddev=0.000001 bytes_write=8306 bytes_read=162308 bytes_retransmit=9 bytes_invalid=0 send_seq=1168 receive_seq=1168 retransmit_seq=17 srtt=0.001 rttvar=0.000 rto=0.025 ready_bytes=0 upcoming_bytes=0 freq=520021685 heater_bed: target=0 temp=21.4 pwm=0.000 print_time=1025.262 buffer_time=0.000 print_stall=0 extruder: target=0 temp=23.8 pwm=0.000 extruder1: target=0 temp=23.9 pwm=0.000 sysload=0.40 cputime=17.274 memavail=601920
Stats 971.1: gcodein=0 mcu: mcu_awake=0.000 mcu_task_avg=0.000001 mcu_task_stddev=0.000001 bytes_write=8312 bytes_read=162459 bytes_retransmit=9 bytes_invalid=0 send_seq=1169 receive_seq=1169 retransmit_seq=17 srtt=0.001 rttvar=0.000 rto=0.025 ready_bytes=0 upcoming_bytes=0 freq=520021682 heater_bed: target=0 temp=21.3 pwm=0.000 print_time=1025.262 buffer_time=0.000 print_stall=0 extruder: target=0 temp=23.9 pwm=0.000 extruder1: target=0 temp=24.0 pwm=0.000 sysload=0.37 cputime=17.288 memavail=601920
Stats 972.1: gcodein=0 mcu: mcu_awake=0.000 mcu_task_avg=0.000001 mcu_task_stddev=0.000001 bytes_write=8318 bytes_read=162639 bytes_retransmit=9 bytes_invalid=0 send_seq=1170 receive_seq=1170 retransmit_seq=17 srtt=0.001 rttvar=0.000 rto=0.025 ready_bytes=0 upcoming_bytes=0 freq=520021681 heater_bed: target=0 temp=21.2 pwm=0.000 print_time=1025.262 buffer_time=0.000 print_stall=0 extruder: target=0 temp=23.8 pwm=0.000 extruder1: target=0 temp=24.1 pwm=0.000 sysload=0.37 cputime=17.302 memavail=601920
Stats 973.1: gcodein=0 mcu: mcu_awake=0.000 mcu_task_avg=0.000001 mcu_task_stddev=0.000001 bytes_write=8324 bytes_read=162820 bytes_retransmit=9 bytes_invalid=0 send_seq=1171 receive_seq=1171 retransmit_seq=17 srtt=0.001 rttvar=0.000 rto=0.025 ready_bytes=0 upcoming_bytes=0 freq=520021683 heater_bed: target=0 temp=21.2 pwm=0.000 print_time=1025.262 buffer_time=0.000 print_stall=0 extruder: target=0 temp=23.9 pwm=0.000 extruder1: target=0 temp=23.8 pwm=0.000 sysload=0.37 cputime=17.317 memavail=601920
Stats 974.1: gcodein=0 mcu: mcu_awake=0.000 mcu_task_avg=0.000001 mcu_task_stddev=0.000001 bytes_write=8330 bytes_read=162971 bytes_retransmit=9 bytes_invalid=0 send_seq=1172 receive_seq=1172 retransmit_seq=17 srtt=0.001 rttvar=0.000 rto=0.025 ready_bytes=0 upcoming_bytes=0 freq=520021685 heater_bed: target=0 temp=21.2 pwm=0.000 print_time=1025.262 buffer_time=0.000 print_stall=0 extruder: target=0 temp=23.9 pwm=0.000 extruder1: target=0 temp=23.9 pwm=0.000 sysload=0.37 cputime=17.331 memavail=601924
Stats 975.1: gcodein=0 mcu: mcu_awake=0.000 mcu_task_avg=0.000001 mcu_task_stddev=0.000001 bytes_write=8336 bytes_read=163137 bytes_retransmit=9 bytes_invalid=0 send_seq=1173 receive_seq=1173 retransmit_seq=17 srtt=0.001 rttvar=0.000 rto=0.025 ready_bytes=0 upcoming_bytes=0 freq=520021693 heater_bed: target=0 temp=21.1 pwm=0.000 print_time=1025.262 buffer_time=0.000 print_stall=0 extruder: target=0 temp=23.9 pwm=0.000 extruder1: target=0 temp=23.7 pwm=0.000 sysload=0.37 cputime=17.346 memavail=601924
Stats 976.1: gcodein=0 mcu: mcu_awake=0.000 mcu_task_avg=0.000001 mcu_task_stddev=0.000001 bytes_write=8342 bytes_read=163318 bytes_retransmit=9 bytes_invalid=0 send_seq=1174 receive_seq=1174 retransmit_seq=17 srtt=0.001 rttvar=0.000 rto=0.025 ready_bytes=0 upcoming_bytes=0 freq=520021696 heater_bed: target=0 temp=21.1 pwm=0.000 print_time=1025.262 buffer_time=0.000 print_stall=0 extruder: target=0 temp=23.9 pwm=0.000 extruder1: target=0 temp=23.9 pwm=0.000 sysload=0.34 cputime=17.361 memavail=601924
Stats 977.1: gcodein=0 mcu: mcu_awake=0.000 mcu_task_avg=0.000001 mcu_task_stddev=0.000001 bytes_write=8348 bytes_read=163483 bytes_retransmit=9 bytes_invalid=0 send_seq=1175 receive_seq=1175 retransmit_seq=17 srtt=0.001 rttvar=0.000 rto=0.025 ready_bytes=0 upcoming_bytes=0 freq=520021696 heater_bed: target=0 temp=21.1 pwm=0.000 print_time=1025.262 buffer_time=0.000 print_stall=0 extruder: target=0 temp=23.9 pwm=0.000 extruder1: target=0 temp=24.0 pwm=0.000 sysload=0.34 cputime=17.375 memavail=601924
Stats 978.1: gcodein=0 mcu: mcu_awake=0.000 mcu_task_avg=0.000001 mcu_task_stddev=0.000001 bytes_write=8354 bytes_read=163643 bytes_retransmit=9 bytes_invalid=0 send_seq=1176 receive_seq=1176 retransmit_seq=17 srtt=0.001 rttvar=0.000 rto=0.025 ready_bytes=0 upcoming_bytes=0 freq=520021692 heater_bed: target=0 temp=21.1 pwm=0.000 print_time=1025.262 buffer_time=0.000 print_stall=0 extruder: target=0 temp=24.1 pwm=0.000 extruder1: target=0 temp=24.0 pwm=0.000 sysload=0.34 cputime=17.389 memavail=601924
Stats 979.1: gcodein=0 mcu: mcu_awake=0.000 mcu_task_avg=0.000001 mcu_task_stddev=0.000001 bytes_write=8366 bytes_read=163840 bytes_retransmit=9 bytes_invalid=0 send_seq=1178 receive_seq=1178 retransmit_seq=17 srtt=0.001 rttvar=0.000 rto=0.025 ready_bytes=0 upcoming_bytes=0 freq=520021682 heater_bed: target=0 temp=21.1 pwm=0.000 print_time=1025.262 buffer_time=0.000 print_stall=0 extruder: target=0 temp=23.9 pwm=0.000 extruder1: target=0 temp=23.9 pwm=0.000 sysload=0.34 cputime=17.405 memavail=601924
Stats 980.1: gcodein=0 mcu: mcu_awake=0.000 mcu_task_avg=0.000001 mcu_task_stddev=0.000001 bytes_write=8372 bytes_read=163991 bytes_retransmit=9 bytes_invalid=0 send_seq=1179 receive_seq=1179 retransmit_seq=17 srtt=0.001 rttvar=0.000 rto=0.025 ready_bytes=0 upcoming_bytes=0 freq=520021691 heater_bed: target=0 temp=21.1 pwm=0.000 print_time=1025.262 buffer_time=0.000 print_stall=0 extruder: target=0 temp=24.0 pwm=0.000 extruder1: target=0 temp=23.9 pwm=0.000 sysload=0.34 cputime=17.419 memavail=601924
Stats 981.1: gcodein=0 mcu: mcu_awake=0.000 mcu_task_avg=0.000001 mcu_task_stddev=0.000001 bytes_write=8378 bytes_read=164157 bytes_retransmit=9 bytes_invalid=0 send_seq=1180 receive_seq=1180 retransmit_seq=17 srtt=0.001 rttvar=0.000 rto=0.025 ready_bytes=0 upcoming_bytes=0 freq=520021713 heater_bed: target=0 temp=21.2 pwm=0.000 print_time=1025.262 buffer_time=0.000 print_stall=0 extruder: target=0 temp=23.9 pwm=0.000 extruder1: target=0 temp=23.9 pwm=0.000 sysload=0.31 cputime=17.433 memavail=601924
Stats 982.1: gcodein=0 mcu: mcu_awake=0.000 mcu_task_avg=0.000001 mcu_task_stddev=0.000001 bytes_write=8384 bytes_read=164352 bytes_retransmit=9 bytes_invalid=0 send_seq=1181 receive_seq=1181 retransmit_seq=17 srtt=0.001 rttvar=0.000 rto=0.025 ready_bytes=0 upcoming_bytes=0 freq=520021716 heater_bed: target=0 temp=21.3 pwm=0.000 print_time=1025.262 buffer_time=0.000 print_stall=0 extruder: target=0 temp=24.0 pwm=0.000 extruder1: target=0 temp=24.0 pwm=0.000 sysload=0.31 cputime=17.448 memavail=601924
Stats 983.1: gcodein=0 mcu: mcu_awake=0.000 mcu_task_avg=0.000001 mcu_task_stddev=0.000001 bytes_write=8390 bytes_read=164518 bytes_retransmit=9 bytes_invalid=0 send_seq=1182 receive_seq=1182 retransmit_seq=17 srtt=0.001 rttvar=0.000 rto=0.025 ready_bytes=0 upcoming_bytes=0 freq=520021723 heater_bed: target=0 temp=21.4 pwm=0.000 print_time=1025.262 buffer_time=0.000 print_stall=0 extruder: target=0 temp=23.9 pwm=0.000 extruder1: target=0 temp=23.9 pwm=0.000 sysload=0.31 cputime=17.463 memavail=607168
Stats 984.1: gcodein=0 mcu: mcu_awake=0.000 mcu_task_avg=0.000001 mcu_task_stddev=0.000001 bytes_write=8396 bytes_read=164684 bytes_retransmit=9 bytes_invalid=0 send_seq=1183 receive_seq=1183 retransmit_seq=17 srtt=0.001 rttvar=0.000 rto=0.025 ready_bytes=0 upcoming_bytes=0 freq=520021719 heater_bed: target=0 temp=21.5 pwm=0.000 print_time=1025.262 buffer_time=0.000 print_stall=0 extruder: target=0 temp=24.0 pwm=0.000 extruder1: target=0 temp=24.0 pwm=0.000 sysload=0.31 cputime=17.477 memavail=606768
Stats 985.1: gcodein=0 mcu: mcu_awake=0.000 mcu_task_avg=0.000001 mcu_task_stddev=0.000001 bytes_write=8402 bytes_read=164850 bytes_retransmit=9 bytes_invalid=0 send_seq=1184 receive_seq=1184 retransmit_seq=17 srtt=0.001 rttvar=0.000 rto=0.025 ready_bytes=0 upcoming_bytes=0 freq=520021716 heater_bed: target=0 temp=21.6 pwm=0.000 print_time=1025.262 buffer_time=0.000 print_stall=0 extruder: target=0 temp=24.0 pwm=0.000 extruder1: target=0 temp=23.8 pwm=0.000 sysload=0.31 cputime=17.493 memavail=605156
Stats 986.1: gcodein=0 mcu: mcu_awake=0.000 mcu_task_avg=0.000001 mcu_task_stddev=0.000001 bytes_write=8408 bytes_read=165011 bytes_retransmit=9 bytes_invalid=0 send_seq=1185 receive_seq=1185 retransmit_seq=17 srtt=0.001 rttvar=0.000 rto=0.025 ready_bytes=0 upcoming_bytes=0 freq=520021718 heater_bed: target=0 temp=21.7 pwm=0.000 print_time=1025.262 buffer_time=0.000 print_stall=0 extruder: target=0 temp=23.8 pwm=0.000 extruder1: target=0 temp=23.9 pwm=0.000 sysload=0.29 cputime=17.507 memavail=605156
Stats 987.1: gcodein=0 mcu: mcu_awake=0.000 mcu_task_avg=0.000001 mcu_task_stddev=0.000001 bytes_write=8414 bytes_read=165191 bytes_retransmit=9 bytes_invalid=0 send_seq=1186 receive_seq=1186 retransmit_seq=17 srtt=0.001 rttvar=0.000 rto=0.025 ready_bytes=0 upcoming_bytes=0 freq=520021716 heater_bed: target=0 temp=21.9 pwm=0.000 print_time=1025.262 buffer_time=0.000 print_stall=0 extruder: target=0 temp=23.9 pwm=0.000 extruder1: target=0 temp=23.9 pwm=0.000 sysload=0.29 cputime=17.521 memavail=605156
Stats 988.1: gcodein=0 mcu: mcu_awake=0.000 mcu_task_avg=0.000001 mcu_task_stddev=0.000001 bytes_write=8420 bytes_read=165357 bytes_retransmit=9 bytes_invalid=0 send_seq=1187 receive_seq=1187 retransmit_seq=17 srtt=0.001 rttvar=0.000 rto=0.025 ready_bytes=0 upcoming_bytes=0 freq=520021716 heater_bed: target=0 temp=21.9 pwm=0.000 print_time=1025.262 buffer_time=0.000 print_stall=0 extruder: target=0 temp=23.9 pwm=0.000 extruder1: target=0 temp=23.9 pwm=0.000 sysload=0.29 cputime=17.536 memavail=605156
Stats 989.1: gcodein=0 mcu: mcu_awake=0.000 mcu_task_avg=0.000001 mcu_task_stddev=0.000001 bytes_write=8426 bytes_read=165523 bytes_retransmit=9 bytes_invalid=0 send_seq=1188 receive_seq=1188 retransmit_seq=17 srtt=0.001 rttvar=0.000 rto=0.025 ready_bytes=0 upcoming_bytes=0 freq=520021710 heater_bed: target=0 temp=22.1 pwm=0.000 print_time=1025.262 buffer_time=0.000 print_stall=0 extruder: target=0 temp=23.9 pwm=0.000 extruder1: target=0 temp=24.0 pwm=0.000 sysload=0.29 cputime=17.550 memavail=605156
Stats 990.1: gcodein=0 mcu: mcu_awake=0.000 mcu_task_avg=0.000001 mcu_task_stddev=0.000001 bytes_write=8432 bytes_read=165689 bytes_retransmit=9 bytes_invalid=0 send_seq=1189 receive_seq=1189 retransmit_seq=17 srtt=0.001 rttvar=0.000 rto=0.025 ready_bytes=0 upcoming_bytes=0 freq=520021710 heater_bed: target=0 temp=22.2 pwm=0.000 print_time=1025.262 buffer_time=0.000 print_stall=0 extruder: target=0 temp=23.9 pwm=0.000 extruder1: target=0 temp=23.9 pwm=0.000 sysload=0.29 cputime=17.566 memavail=605176
Stats 991.1: gcodein=0 mcu: mcu_awake=0.000 mcu_task_avg=0.000001 mcu_task_stddev=0.000001 bytes_write=8438 bytes_read=165855 bytes_retransmit=9 bytes_invalid=0 send_seq=1190 receive_seq=1190 retransmit_seq=17 srtt=0.001 rttvar=0.000 rto=0.025 ready_bytes=0 upcoming_bytes=0 freq=520021712 heater_bed: target=0 temp=22.2 pwm=0.000 print_time=1025.262 buffer_time=0.000 print_stall=0 extruder: target=0 temp=23.9 pwm=0.000 extruder1: target=0 temp=23.9 pwm=0.000 sysload=0.26 cputime=17.580 memavail=605176
Stats 992.1: gcodein=0 mcu: mcu_awake=0.000 mcu_task_avg=0.000001 mcu_task_stddev=0.000001 bytes_write=8444 bytes_read=166035 bytes_retransmit=9 bytes_invalid=0 send_seq=1191 receive_seq=1191 retransmit_seq=17 srtt=0.001 rttvar=0.000 rto=0.025 ready_bytes=0 upcoming_bytes=0 freq=520021715 heater_bed: target=0 temp=22.4 pwm=0.000 print_time=1025.262 buffer_time=0.000 print_stall=0 extruder: target=0 temp=23.9 pwm=0.000 extruder1: target=0 temp=24.0 pwm=0.000 sysload=0.26 cputime=17.595 memavail=605176
Stats 993.1: gcodein=0 mcu: mcu_awake=0.000 mcu_task_avg=0.000001 mcu_task_stddev=0.000001 bytes_write=8450 bytes_read=166201 bytes_retransmit=9 bytes_invalid=0 send_seq=1192 receive_seq=1192 retransmit_seq=17 srtt=0.001 rttvar=0.000 rto=0.025 ready_bytes=0 upcoming_bytes=0 freq=520021711 heater_bed: target=0 temp=22.4 pwm=0.000 print_time=1025.262 buffer_time=0.000 print_stall=0 extruder: target=0 temp=23.9 pwm=0.000 extruder1: target=0 temp=24.1 pwm=0.000 sysload=0.26 cputime=17.609 memavail=608620
Stats 994.1: gcodein=0 mcu: mcu_awake=0.000 mcu_task_avg=0.000001 mcu_task_stddev=0.000001 bytes_write=8456 bytes_read=166361 bytes_retransmit=9 bytes_invalid=0 send_seq=1193 receive_seq=1193 retransmit_seq=17 srtt=0.001 rttvar=0.000 rto=0.025 ready_bytes=0 upcoming_bytes=0 freq=520021707 heater_bed: target=0 temp=22.5 pwm=0.000 print_time=1025.262 buffer_time=0.000 print_stall=0 extruder: target=0 temp=23.9 pwm=0.000 extruder1: target=0 temp=24.1 pwm=0.000 sysload=0.26 cputime=17.624 memavail=608620
Stats 995.1: gcodein=0 mcu: mcu_awake=0.000 mcu_task_avg=0.000001 mcu_task_stddev=0.000001 bytes_write=8462 bytes_read=166527 bytes_retransmit=9 bytes_invalid=0 send_seq=1194 receive_seq=1194 retransmit_seq=17 srtt=0.001 rttvar=0.000 rto=0.025 ready_bytes=0 upcoming_bytes=0 freq=520021705 heater_bed: target=0 temp=22.6 pwm=0.000 print_time=1025.262 buffer_time=0.000 print_stall=0 extruder: target=0 temp=23.9 pwm=0.000 extruder1: target=0 temp=24.0 pwm=0.000 sysload=0.26 cputime=17.638 memavail=608620
Stats 996.1: gcodein=0 mcu: mcu_awake=0.000 mcu_task_avg=0.000001 mcu_task_stddev=0.000001 bytes_write=8468 bytes_read=166693 bytes_retransmit=9 bytes_invalid=0 send_seq=1195 receive_seq=1195 retransmit_seq=17 srtt=0.001 rttvar=0.000 rto=0.025 ready_bytes=0 upcoming_bytes=0 freq=520021698 heater_bed: target=0 temp=22.6 pwm=0.000 print_time=1025.262 buffer_time=0.000 print_stall=0 extruder: target=0 temp=24.1 pwm=0.000 extruder1: target=0 temp=24.0 pwm=0.000 sysload=0.24 cputime=17.653 memavail=608620
Stats 997.1: gcodein=0 mcu: mcu_awake=0.000 mcu_task_avg=0.000001 mcu_task_stddev=0.000001 bytes_write=8474 bytes_read=166873 bytes_retransmit=9 bytes_invalid=0 send_seq=1196 receive_seq=1196 retransmit_seq=17 srtt=0.001 rttvar=0.000 rto=0.025 ready_bytes=0 upcoming_bytes=0 freq=520021698 heater_bed: target=0 temp=22.7 pwm=0.000 print_time=1025.262 buffer_time=0.000 print_stall=0 extruder: target=0 temp=23.9 pwm=0.000 extruder1: target=0 temp=24.0 pwm=0.000 sysload=0.24 cputime=17.667 memavail=608620
Stats 998.1: gcodein=0 mcu: mcu_awake=0.000 mcu_task_avg=0.000001 mcu_task_stddev=0.000001 bytes_write=8480 bytes_read=167039 bytes_retransmit=9 bytes_invalid=0 send_seq=1197 receive_seq=1197 retransmit_seq=17 srtt=0.001 rttvar=0.000 rto=0.025 ready_bytes=0 upcoming_bytes=0 freq=520021694 heater_bed: target=0 temp=22.8 pwm=0.000 print_time=1025.262 buffer_time=0.000 print_stall=0 extruder: target=0 temp=24.0 pwm=0.000 extruder1: target=0 temp=23.9 pwm=0.000 sysload=0.24 cputime=17.681 memavail=608620
Stats 999.1: gcodein=0 mcu: mcu_awake=0.000 mcu_task_avg=0.000001 mcu_task_stddev=0.000001 bytes_write=8486 bytes_read=167205 bytes_retransmit=9 bytes_invalid=0 send_seq=1198 receive_seq=1198 retransmit_seq=17 srtt=0.001 rttvar=0.000 rto=0.025 ready_bytes=0 upcoming_bytes=0 freq=520021690 heater_bed: target=0 temp=22.8 pwm=0.000 print_time=1025.262 buffer_time=0.000 print_stall=0 extruder: target=0 temp=23.9 pwm=0.000 extruder1: target=0 temp=24.0 pwm=0.000 sysload=0.24 cputime=17.695 memavail=608620
Stats 1000.1: gcodein=0 mcu: mcu_awake=0.000 mcu_task_avg=0.000001 mcu_task_stddev=0.000001 bytes_write=8492 bytes_read=167371 bytes_retransmit=9 bytes_invalid=0 send_seq=1199 receive_seq=1199 retransmit_seq=17 srtt=0.001 rttvar=0.000 rto=0.025 ready_bytes=0 upcoming_bytes=0 freq=520021691 heater_bed: target=0 temp=22.8 pwm=0.000 print_time=1025.262 buffer_time=0.000 print_stall=0 extruder: target=0 temp=23.9 pwm=0.000 extruder1: target=0 temp=23.9 pwm=0.000 sysload=0.24 cputime=17.709 memavail=608632
Stats 1001.1: gcodein=0 mcu: mcu_awake=0.000 mcu_task_avg=0.000001 mcu_task_stddev=0.000001 bytes_write=8498 bytes_read=167537 bytes_retransmit=9 bytes_invalid=0 send_seq=1200 receive_seq=1200 retransmit_seq=17 srtt=0.001 rttvar=0.000 rto=0.025 ready_bytes=0 upcoming_bytes=0 freq=520021688 heater_bed: target=0 temp=22.7 pwm=0.000 print_time=1025.262 buffer_time=0.000 print_stall=0 extruder: target=0 temp=23.9 pwm=0.000 extruder1: target=0 temp=23.9 pwm=0.000 sysload=0.22 cputime=17.723 memavail=608632
Stats 1002.1: gcodein=0 mcu: mcu_awake=0.000 mcu_task_avg=0.000001 mcu_task_stddev=0.000001 bytes_write=8504 bytes_read=167715 bytes_retransmit=9 bytes_invalid=0 send_seq=1201 receive_seq=1201 retransmit_seq=17 srtt=0.001 rttvar=0.000 rto=0.025 ready_bytes=0 upcoming_bytes=0 freq=520021695 heater_bed: target=0 temp=22.6 pwm=0.000 print_time=1025.262 buffer_time=0.000 print_stall=0 extruder: target=0 temp=23.9 pwm=0.000 extruder1: target=0 temp=24.0 pwm=0.000 sysload=0.22 cputime=17.738 memavail=608632
Stats 1003.1: gcodein=0 mcu: mcu_awake=0.000 mcu_task_avg=0.000001 mcu_task_stddev=0.000001 bytes_write=8510 bytes_read=167879 bytes_retransmit=9 bytes_invalid=0 send_seq=1202 receive_seq=1202 retransmit_seq=17 srtt=0.001 rttvar=0.000 rto=0.025 ready_bytes=0 upcoming_bytes=0 freq=520021690 heater_bed: target=0 temp=22.6 pwm=0.000 print_time=1025.262 buffer_time=0.000 print_stall=0 extruder: target=0 temp=24.0 pwm=0.000 extruder1: target=0 temp=23.9 pwm=0.000 sysload=0.22 cputime=17.752 memavail=604388
Stats 1004.1: gcodein=0 mcu: mcu_awake=0.000 mcu_task_avg=0.000001 mcu_task_stddev=0.000001 bytes_write=8516 bytes_read=168045 bytes_retransmit=9 bytes_invalid=0 send_seq=1203 receive_seq=1203 retransmit_seq=17 srtt=0.001 rttvar=0.000 rto=0.025 ready_bytes=0 upcoming_bytes=0 freq=520021686 heater_bed: target=0 temp=22.5 pwm=0.000 print_time=1025.262 buffer_time=0.000 print_stall=0 extruder: target=0 temp=24.0 pwm=0.000 extruder1: target=0 temp=23.7 pwm=0.000 sysload=0.22 cputime=17.767 memavail=604388
Stats 1005.1: gcodein=0 mcu: mcu_awake=0.000 mcu_task_avg=0.000001 mcu_task_stddev=0.000001 bytes_write=8522 bytes_read=168211 bytes_retransmit=9 bytes_invalid=0 send_seq=1204 receive_seq=1204 retransmit_seq=17 srtt=0.001 rttvar=0.000 rto=0.025 ready_bytes=0 upcoming_bytes=0 freq=520021682 heater_bed: target=0 temp=22.4 pwm=0.000 print_time=1025.262 buffer_time=0.000 print_stall=0 extruder: target=0 temp=23.9 pwm=0.000 extruder1: target=0 temp=23.9 pwm=0.000 sysload=0.22 cputime=17.781 memavail=604388
Stats 1006.1: gcodein=0 mcu: mcu_awake=0.000 mcu_task_avg=0.000001 mcu_task_stddev=0.000001 bytes_write=8528 bytes_read=168377 bytes_retransmit=9 bytes_invalid=0 send_seq=1205 receive_seq=1205 retransmit_seq=17 srtt=0.001 rttvar=0.000 rto=0.025 ready_bytes=0 upcoming_bytes=0 freq=520021679 heater_bed: target=0 temp=22.3 pwm=0.000 print_time=1025.262 buffer_time=0.000 print_stall=0 extruder: target=0 temp=24.1 pwm=0.000 extruder1: target=0 temp=23.8 pwm=0.000 sysload=0.21 cputime=17.796 memavail=604400
Stats 1007.1: gcodein=0 mcu: mcu_awake=0.000 mcu_task_avg=0.000001 mcu_task_stddev=0.000001 bytes_write=8534 bytes_read=168557 bytes_retransmit=9 bytes_invalid=0 send_seq=1206 receive_seq=1206 retransmit_seq=17 srtt=0.001 rttvar=0.000 rto=0.025 ready_bytes=0 upcoming_bytes=0 freq=520021675 heater_bed: target=0 temp=22.2 pwm=0.000 print_time=1025.262 buffer_time=0.000 print_stall=0 extruder: target=0 temp=24.0 pwm=0.000 extruder1: target=0 temp=23.9 pwm=0.000 sysload=0.21 cputime=17.811 memavail=604400
Stats 1008.1: gcodein=0 mcu: mcu_awake=0.000 mcu_task_avg=0.000001 mcu_task_stddev=0.000001 bytes_write=8540 bytes_read=168723 bytes_retransmit=9 bytes_invalid=0 send_seq=1207 receive_seq=1207 retransmit_seq=17 srtt=0.001 rttvar=0.000 rto=0.025 ready_bytes=0 upcoming_bytes=0 freq=520021683 heater_bed: target=0 temp=22.2 pwm=0.000 print_time=1025.262 buffer_time=0.000 print_stall=0 extruder: target=0 temp=23.9 pwm=0.000 extruder1: target=0 temp=24.0 pwm=0.000 sysload=0.21 cputime=17.825 memavail=603648
Stats 1009.1: gcodein=0 mcu: mcu_awake=0.000 mcu_task_avg=0.000001 mcu_task_stddev=0.000001 bytes_write=8546 bytes_read=168889 bytes_retransmit=9 bytes_invalid=0 send_seq=1208 receive_seq=1208 retransmit_seq=17 srtt=0.001 rttvar=0.000 rto=0.025 ready_bytes=0 upcoming_bytes=0 freq=520021677 heater_bed: target=0 temp=22.0 pwm=0.000 print_time=1025.262 buffer_time=0.000 print_stall=0 extruder: target=0 temp=23.9 pwm=0.000 extruder1: target=0 temp=23.9 pwm=0.000 sysload=0.21 cputime=17.840 memavail=603644
Stats 1010.1: gcodein=0 mcu: mcu_awake=0.000 mcu_task_avg=0.000001 mcu_task_stddev=0.000001 bytes_write=8552 bytes_read=169055 bytes_retransmit=9 bytes_invalid=0 send_seq=1209 receive_seq=1209 retransmit_seq=17 srtt=0.001 rttvar=0.000 rto=0.025 ready_bytes=0 upcoming_bytes=0 freq=520021669 heater_bed: target=0 temp=21.9 pwm=0.000 print_time=1025.262 buffer_time=0.000 print_stall=0 extruder: target=0 temp=23.9 pwm=0.000 extruder1: target=0 temp=23.9 pwm=0.000 sysload=0.21 cputime=17.854 memavail=603644
Stats 1011.1: gcodein=0 mcu: mcu_awake=0.000 mcu_task_avg=0.000001 mcu_task_stddev=0.000001 bytes_write=8558 bytes_read=169215 bytes_retransmit=9 bytes_invalid=0 send_seq=1210 receive_seq=1210 retransmit_seq=17 srtt=0.001 rttvar=0.000 rto=0.025 ready_bytes=0 upcoming_bytes=0 freq=520021667 heater_bed: target=0 temp=21.9 pwm=0.000 print_time=1025.262 buffer_time=0.000 print_stall=0 extruder: target=0 temp=23.9 pwm=0.000 extruder1: target=0 temp=23.9 pwm=0.000 sysload=0.19 cputime=17.868 memavail=603644
Stats 1012.1: gcodein=0 mcu: mcu_awake=0.000 mcu_task_avg=0.000001 mcu_task_stddev=0.000001 bytes_write=8564 bytes_read=169395 bytes_retransmit=9 bytes_invalid=0 send_seq=1211 receive_seq=1211 retransmit_seq=17 srtt=0.001 rttvar=0.000 rto=0.025 ready_bytes=0 upcoming_bytes=0 freq=520021670 heater_bed: target=0 temp=21.8 pwm=0.000 print_time=1025.262 buffer_time=0.000 print_stall=0 extruder: target=0 temp=23.9 pwm=0.000 extruder1: target=0 temp=23.9 pwm=0.000 sysload=0.19 cputime=17.883 memavail=603644
Stats 1013.1: gcodein=0 mcu: mcu_awake=0.000 mcu_task_avg=0.000001 mcu_task_stddev=0.000001 bytes_write=8570 bytes_read=169561 bytes_retransmit=9 bytes_invalid=0 send_seq=1212 receive_seq=1212 retransmit_seq=17 srtt=0.001 rttvar=0.000 rto=0.025 ready_bytes=0 upcoming_bytes=0 freq=520021668 heater_bed: target=0 temp=21.8 pwm=0.000 print_time=1025.262 buffer_time=0.000 print_stall=0 extruder: target=0 temp=23.8 pwm=0.000 extruder1: target=0 temp=23.9 pwm=0.000 sysload=0.19 cputime=17.897 memavail=605824
Stats 1014.1: gcodein=0 mcu: mcu_awake=0.000 mcu_task_avg=0.000001 mcu_task_stddev=0.000001 bytes_write=8576 bytes_read=169727 bytes_retransmit=9 bytes_invalid=0 send_seq=1213 receive_seq=1213 retransmit_seq=17 srtt=0.001 rttvar=0.000 rto=0.025 ready_bytes=0 upcoming_bytes=0 freq=520021665 heater_bed: target=0 temp=21.7 pwm=0.000 print_time=1025.262 buffer_time=0.000 print_stall=0 extruder: target=0 temp=23.9 pwm=0.000 extruder1: target=0 temp=23.9 pwm=0.000 sysload=0.19 cputime=17.912 memavail=605624
Stats 1015.1: gcodein=0 mcu: mcu_awake=0.000 mcu_task_avg=0.000001 mcu_task_stddev=0.000001 bytes_write=8582 bytes_read=169893 bytes_retransmit=9 bytes_invalid=0 send_seq=1214 receive_seq=1214 retransmit_seq=17 srtt=0.001 rttvar=0.000 rto=0.025 ready_bytes=0 upcoming_bytes=0 freq=520021664 heater_bed: target=0 temp=21.6 pwm=0.000 print_time=1025.262 buffer_time=0.000 print_stall=0 extruder: target=0 temp=23.9 pwm=0.000 extruder1: target=0 temp=24.0 pwm=0.000 sysload=0.19 cputime=17.926 memavail=605572
Stats 1016.1: gcodein=0 mcu: mcu_awake=0.000 mcu_task_avg=0.000001 mcu_task_stddev=0.000001 bytes_write=8588 bytes_read=170059 bytes_retransmit=9 bytes_invalid=0 send_seq=1215 receive_seq=1215 retransmit_seq=17 srtt=0.001 rttvar=0.000 rto=0.025 ready_bytes=0 upcoming_bytes=0 freq=520021658 heater_bed: target=0 temp=21.5 pwm=0.000 print_time=1025.262 buffer_time=0.000 print_stall=0 extruder: target=0 temp=23.9 pwm=0.000 extruder1: target=0 temp=24.3 pwm=0.000 sysload=0.17 cputime=17.941 memavail=605572
Stats 1017.1: gcodein=0 mcu: mcu_awake=0.000 mcu_task_avg=0.000001 mcu_task_stddev=0.000001 bytes_write=8594 bytes_read=170254 bytes_retransmit=9 bytes_invalid=0 send_seq=1216 receive_seq=1216 retransmit_seq=17 srtt=0.001 rttvar=0.000 rto=0.025 ready_bytes=0 upcoming_bytes=0 freq=520021653 heater_bed: target=0 temp=21.5 pwm=0.000 print_time=1025.262 buffer_time=0.000 print_stall=0 extruder: target=0 temp=23.9 pwm=0.000 extruder1: target=0 temp=24.0 pwm=0.000 sysload=0.17 cputime=17.956 memavail=605068
Stats 1018.1: gcodein=0 mcu: mcu_awake=0.000 mcu_task_avg=0.000001 mcu_task_stddev=0.000001 bytes_write=8600 bytes_read=170405 bytes_retransmit=9 bytes_invalid=0 send_seq=1217 receive_seq=1217 retransmit_seq=17 srtt=0.001 rttvar=0.000 rto=0.025 ready_bytes=0 upcoming_bytes=0 freq=520021652 heater_bed: target=0 temp=21.5 pwm=0.000 print_time=1025.262 buffer_time=0.000 print_stall=0 extruder: target=0 temp=23.8 pwm=0.000 extruder1: target=0 temp=24.0 pwm=0.000 sysload=0.17 cputime=17.969 memavail=605068
Stats 1019.1: gcodein=0 mcu: mcu_awake=0.000 mcu_task_avg=0.000001 mcu_task_stddev=0.000001 bytes_write=8606 bytes_read=170567 bytes_retransmit=9 bytes_invalid=0 send_seq=1218 receive_seq=1218 retransmit_seq=17 srtt=0.001 rttvar=0.000 rto=0.025 ready_bytes=0 upcoming_bytes=0 freq=520021653 heater_bed: target=0 temp=21.4 pwm=0.000 print_time=1025.262 buffer_time=0.000 print_stall=0 extruder: target=0 temp=23.9 pwm=0.000 extruder1: target=0 temp=24.0 pwm=0.000 sysload=0.17 cputime=17.984 memavail=605068
Stats 1020.1: gcodein=0 mcu: mcu_awake=0.000 mcu_task_avg=0.000001 mcu_task_stddev=0.000001 bytes_write=8612 bytes_read=170748 bytes_retransmit=9 bytes_invalid=0 send_seq=1219 receive_seq=1219 retransmit_seq=17 srtt=0.001 rttvar=0.000 rto=0.025 ready_bytes=0 upcoming_bytes=0 freq=520021657 heater_bed: target=0 temp=21.5 pwm=0.000 print_time=1025.262 buffer_time=0.000 print_stall=0 extruder: target=0 temp=23.8 pwm=0.000 extruder1: target=0 temp=23.8 pwm=0.000 sysload=0.17 cputime=17.999 memavail=605068
Stats 1021.1: gcodein=0 mcu: mcu_awake=0.000 mcu_task_avg=0.000001 mcu_task_stddev=0.000001 bytes_write=8618 bytes_read=170899 bytes_retransmit=9 bytes_invalid=0 send_seq=1220 receive_seq=1220 retransmit_seq=17 srtt=0.001 rttvar=0.000 rto=0.025 ready_bytes=0 upcoming_bytes=0 freq=520021656 heater_bed: target=0 temp=21.5 pwm=0.000 print_time=1025.262 buffer_time=0.000 print_stall=0 extruder: target=0 temp=23.8 pwm=0.000 extruder1: target=0 temp=23.9 pwm=0.000 sysload=0.16 cputime=18.013 memavail=605068
Starting Klippy...
Args: ['/home/pi/klipper/klippy/klippy.py', '/home/pi/printer_data/config/printer.cfg', '-I', '/home/pi/printer_data/comms/klippy.serial', '-l', '/home/pi/printer_data/logs/klippy.log', '-a', '/home/pi/printer_data/comms/klippy.sock']
Git version: 'v0.13.0-641-g2239041d-dirty'
Untracked files: klippy/extras/bed_thermal_adjust.py, klippy/extras/manual_rail.py, klippy/extras/multi_fan.py, klippy/extras/rounded_path.py, klippy/extras/tool.py, klippy/extras/tool_probe.py, klippy/extras/tool_probe_endstop.py, klippy/extras/toolchanger.py, klippy/extras/tools_calibrate.py
Branch: master
Remote: origin
Tracked URL: https://github.com/Klipper3d/klipper
CPU: 4 core ?
Device: Raspberry Pi 3 Model B Rev 1.2
Linux: Linux version 6.12.75+rpt-rpi-v8 (serge@raspberrypi.com) (aarch64-linux-gnu-gcc-14 (Debian 14.2.0-19) 14.2.0, GNU ld (GNU Binutils for Debian) 2.44) #1 SMP PREEMPT Debian 1:6.12.75-1+rpt1 (2026-03-11)
Python: '3.13.5 (main, Jun 25 2025, 18:55:22) [GCC 14.2.0]'
Start printer at Wed May 20 11:28:53 2026 (1779240533.4 34.8)
===== Config file =====
[virtual_sdcard]
path = ~/printer_data/gcodes
on_error_gcode = CANCEL_PRINT

[pause_resume]

[display_status]

[respond]

[gcode_macro CANCEL_PRINT]
description = Cancel the actual running print
rename_existing = CANCEL_PRINT_BASE
gcode = 
	
	{% set client = printer['gcode_macro _CLIENT_VARIABLE'] | default({}) %}
	{% set allow_park = client.park_at_cancel | default(false) | lower == 'true' %}
	{% set retract = client.cancel_retract | default(5.0) | abs %}
	
	{% set park_x = "" if (client.park_at_cancel_x | default(none) is none)
	else "X=" ~ client.park_at_cancel_x %}
	{% set park_y = "" if (client.park_at_cancel_y | default(none) is none)
	else "Y=" ~ client.park_at_cancel_y %}
	{% set custom_park = park_x | length > 0 or park_y | length > 0 %}
	
	
	{% if printer['gcode_macro RESUME'].restore_idle_timeout > 0 %}
	SET_IDLE_TIMEOUT TIMEOUT={printer['gcode_macro RESUME'].restore_idle_timeout}
	{% endif %}
	{% if (custom_park or not printer.pause_resume.is_paused) and allow_park %} _TOOLHEAD_PARK_PAUSE_CANCEL {park_x} {park_y} {% endif %}
	_CLIENT_RETRACT LENGTH={retract}
	TURN_OFF_HEATERS
	M106 S0
	{client.user_cancel_macro | default("")}
	SET_GCODE_VARIABLE MACRO=RESUME VARIABLE=idle_state VALUE=False
	
	SET_PAUSE_NEXT_LAYER ENABLE=0
	SET_PAUSE_AT_LAYER ENABLE=0 LAYER=0
	CANCEL_PRINT_BASE

[gcode_macro PAUSE]
description = Pause the actual running print
rename_existing = PAUSE_BASE
gcode = 
	
	{% set client = printer['gcode_macro _CLIENT_VARIABLE'] | default({}) %}
	{% set idle_timeout = client.idle_timeout | default(0) %}
	{% set temp = printer[printer.toolhead.extruder].target if printer.toolhead.extruder != '' else 0 %}
	{% set restore = False if printer.toolhead.extruder == ''
	else True  if params.RESTORE | default(1) | int == 1 else False %}
	
	SET_GCODE_VARIABLE MACRO=RESUME VARIABLE=last_extruder_temp VALUE="{{'restore': restore, 'temp': temp}}"
	
	{% if idle_timeout > 0 %}
	SET_GCODE_VARIABLE MACRO=RESUME VARIABLE=restore_idle_timeout VALUE={printer.configfile.settings.idle_timeout.timeout}
	SET_IDLE_TIMEOUT TIMEOUT={idle_timeout}
	{% endif %}
	PAUSE_BASE
	{client.user_pause_macro | default("")}
	_TOOLHEAD_PARK_PAUSE_CANCEL {rawparams}

[gcode_macro RESUME]
description = Resume the actual running print
rename_existing = RESUME_BASE
variable_last_extruder_temp = {'restore': False, 'temp': 0}
variable_restore_idle_timeout = 0
variable_idle_state = False
gcode = 
	
	{% set client = printer['gcode_macro _CLIENT_VARIABLE'] | default({}) %}
	{% set velocity = printer.configfile.settings.pause_resume.recover_velocity %}
	{% set sp_move = client.speed_move | default(velocity) %}
	{% set runout_resume = True if client.runout_sensor | default("") == ""
	else True if not printer[client.runout_sensor].enabled
	else printer[client.runout_sensor].filament_detected %}
	{% set can_extrude = True if printer.toolhead.extruder == ''
	else printer[printer.toolhead.extruder].can_extrude %}
	{% set do_resume = False %}
	{% set prompt_txt = [] %}
	
	
	{% if printer.idle_timeout.state | upper == "IDLE" or idle_state %}
	SET_GCODE_VARIABLE MACRO=RESUME VARIABLE=idle_state VALUE=False
	{% if last_extruder_temp.restore %}
	
	RESPOND TYPE=echo MSG='{"Restoring \"%s\" temperature to %3.1f\u00B0C, this may take some time" % (printer.toolhead.extruder, last_extruder_temp.temp) }'
	M109 S{last_extruder_temp.temp}
	{% set do_resume = True %}
	{% elif can_extrude %}
	{% set do_resume = True %}
	{% else %}
	RESPOND TYPE=error MSG='{"Resume aborted !!! \"%s\" not hot enough, please heat up again and press RESUME" % printer.toolhead.extruder}'
	{% set _d = prompt_txt.append("\"%s\" not hot enough, please heat up again and press RESUME" % printer.toolhead.extruder) %}
	{% endif %}
	
	{% elif can_extrude %}
	{% set do_resume = True %}
	{% else %}
	RESPOND TYPE=error MSG='{"Resume aborted !!! \"%s\" not hot enough, please heat up again and press RESUME" % printer.toolhead.extruder}'
	{% set _d = prompt_txt.append("\"%s\" not hot enough, please heat up again and press RESUME" % printer.toolhead.extruder) %}
	{% endif %}
	{% if runout_resume %}
	{% if do_resume %}
	{% if restore_idle_timeout > 0 %} SET_IDLE_TIMEOUT TIMEOUT={restore_idle_timeout} {% endif %}
	{client.user_resume_macro | default("")}
	_CLIENT_EXTRUDE
	RESUME_BASE VELOCITY={params.VELOCITY | default(sp_move)}
	{% endif %}
	{% else %}
	RESPOND TYPE=error MSG='{"Resume aborted !!! \"%s\" detects no filament, please load filament and press RESUME" % (client.runout_sensor.split(" "))[1]}'
	{% set _d = prompt_txt.append("\"%s\" detects no filament, please load filament and press RESUME" % (client.runout_sensor.split(" "))[1]) %}
	{% endif %}
	
	{% if not (runout_resume and do_resume) %}
	RESPOND TYPE=command MSG="action:prompt_begin RESUME aborted !!!"
	{% for element in prompt_txt %}
	RESPOND TYPE=command MSG='{"action:prompt_text %s" % element}'
	{% endfor %}
	RESPOND TYPE=command MSG="action:prompt_footer_button Ok|RESPOND TYPE=command MSG=action:prompt_end|info"
	RESPOND TYPE=command MSG="action:prompt_show"
	{% endif %}

[gcode_macro SET_PAUSE_NEXT_LAYER]
description = Enable a pause if the next layer is reached
gcode = 
	{% set pause_next_layer = printer['gcode_macro SET_PRINT_STATS_INFO'].pause_next_layer %}
	{% set ENABLE = params.ENABLE | default(1)|int != 0 %}
	{% set MACRO = params.MACRO | default(pause_next_layer.call, True) %}
	SET_GCODE_VARIABLE MACRO=SET_PRINT_STATS_INFO VARIABLE=pause_next_layer VALUE="{{ 'enable': ENABLE, 'call': MACRO }}"

[gcode_macro SET_PAUSE_AT_LAYER]
description = Enable/disable a pause if a given layer number is reached
gcode = 
	{% set pause_at_layer = printer['gcode_macro SET_PRINT_STATS_INFO'].pause_at_layer %}
	{% set ENABLE = params.ENABLE | int != 0 if params.ENABLE is defined
	else params.LAYER is defined %}
	{% set LAYER = params.LAYER | default(pause_at_layer.layer) | int %}
	{% set MACRO = params.MACRO | default(pause_at_layer.call, True) %}
	SET_GCODE_VARIABLE MACRO=SET_PRINT_STATS_INFO VARIABLE=pause_at_layer VALUE="{{ 'enable': ENABLE, 'layer': LAYER, 'call': MACRO }}"

[gcode_macro SET_PRINT_STATS_INFO]
rename_existing = SET_PRINT_STATS_INFO_BASE
description = Overwrite, to get pause_next_layer and pause_at_layer feature
variable_pause_next_layer = { 'enable': False, 'call': "PAUSE" }
variable_pause_at_layer = { 'enable': False, 'layer': 0, 'call': "PAUSE" }
gcode = 
	{% if pause_next_layer.enable %}
	RESPOND TYPE=echo MSG='{"%s, forced by pause_next_layer" % pause_next_layer.call}'
	{pause_next_layer.call}
	SET_PAUSE_NEXT_LAYER ENABLE=0
	{% elif pause_at_layer.enable and params.CURRENT_LAYER is defined and params.CURRENT_LAYER | int == pause_at_layer.layer %}
	RESPOND TYPE=echo MSG='{"%s, forced by pause_at_layer [%d]" % (pause_at_layer.call, pause_at_layer.layer)}'
	{pause_at_layer.call}
	SET_PAUSE_AT_LAYER ENABLE=0
	{% endif %}
	SET_PRINT_STATS_INFO_BASE {rawparams}

[gcode_macro _TOOLHEAD_PARK_PAUSE_CANCEL]
description = Helper: park toolhead used in PAUSE and CANCEL_PRINT
gcode = 
	
	{% set client = printer['gcode_macro _CLIENT_VARIABLE'] | default({}) %}
	{% set velocity = printer.configfile.settings.pause_resume.recover_velocity %}
	{% set use_custom     = client.use_custom_pos | default(false) | lower == 'true' %}
	{% set custom_park_x  = client.custom_park_x | default(0.0) %}
	{% set custom_park_y  = client.custom_park_y | default(0.0) %}
	{% set park_dz        = client.custom_park_dz | default(2.0) | abs %}
	{% set sp_hop         = client.speed_hop | default(15) * 60 %}
	{% set sp_move        = client.speed_move | default(velocity) * 60 %}
	
	{% set origin    = printer.gcode_move.homing_origin %}
	{% set act       = printer.gcode_move.gcode_position %}
	{% set max       = printer.toolhead.axis_maximum %}
	{% set cone      = printer.toolhead.cone_start_z | default(max.z) %}
	{% set round_bed = True if printer.configfile.settings.printer.kinematics is in ['delta','polar','rotary_delta','winch']
	else False %}
	
	{% set z_min = params.Z_MIN | default(0) | float %}
	{% set z_park = [[(act.z + park_dz), z_min]|max, (max.z - origin.z)] | min %}
	{% set x_park = params.X       if params.X is defined
	else custom_park_x  if use_custom
	else 0.0            if round_bed
	else (max.x - 5.0) %}
	{% set y_park = params.Y       if params.Y is defined
	else custom_park_y  if use_custom
	else (max.y - 5.0)  if round_bed and z_park < cone
	else 0.0            if round_bed
	else (max.y - 5.0) %}
	
	_CLIENT_RETRACT
	{% if "xyz" in printer.toolhead.homed_axes %}
	G90
	G1 Z{z_park} F{sp_hop}
	G1 X{x_park} Y{y_park} F{sp_move}
	{% if not printer.gcode_move.absolute_coordinates %} G91 {% endif %}
	{% else %}
	RESPOND TYPE=echo MSG='Printer not homed'
	{% endif %}

[gcode_macro _CLIENT_EXTRUDE]
description = Extrudes, if the extruder is hot enough
gcode = 
	
	{% set client = printer['gcode_macro _CLIENT_VARIABLE'] | default({}) %}
	{% set use_fw_retract = (client.use_fw_retract | default(false) | lower == 'true') and (printer.firmware_retraction is defined) %}
	{% set length = params.LENGTH | default(client.unretract) | default(1.0) | float %}
	{% set speed = params.SPEED | default(client.speed_unretract) | default(35) %}
	{% set absolute_extrude = printer.gcode_move.absolute_extrude %}
	
	{% if printer.toolhead.extruder != '' %}
	{% if printer[printer.toolhead.extruder].can_extrude %}
	{% if use_fw_retract %}
	{% if length < 0 %}
	G10
	{% else %}
	G11
	{% endif %}
	{% else %}
	M83
	G1 E{length} F{(speed | float | abs) * 60}
	{% if absolute_extrude %}
	M82
	{% endif %}
	{% endif %}
	{% else %}
	RESPOND TYPE=echo MSG='{"\"%s\" not hot enough" % printer.toolhead.extruder}'
	{% endif %}
	{% endif %}

[gcode_macro _CLIENT_RETRACT]
description = Retracts, if the extruder is hot enough
gcode = 
	{% set client = printer['gcode_macro _CLIENT_VARIABLE'] | default({}) %}
	{% set length = params.LENGTH | default(client.retract) | default(1.0) | float %}
	{% set speed = params.SPEED | default(client.speed_retract) | default(35) %}
	
	_CLIENT_EXTRUDE LENGTH=-{length | float | abs} SPEED={speed | float | abs}

[gcode_macro _CLIENT_LINEAR_MOVE]
description = Linear move with save and restore of the gcode state
gcode = 
	{% set x_move = "X" ~ params.X if params.X is defined else "" %}
	{% set y_move = "Y" ~ params.Y if params.Y is defined else "" %}
	{% set z_move = "Z" ~ params.Z if params.Z is defined else "" %}
	{% set e_move = "E" ~ params.E if params.E is defined else "" %}
	{% set rate = "F" ~ params.F if params.F is defined else "" %}
	{% set ABSOLUTE = params.ABSOLUTE | default(0) | int != 0 %}
	{% set ABSOLUTE_E = params.ABSOLUTE_E | default(0) | int != 0 %}
	SAVE_GCODE_STATE NAME=_client_movement
	{% if x_move or y_move or z_move %}
	G9{ 0 if ABSOLUTE else 1 }
	{% endif %}
	{% if e_move %}
	M8{ 2 if ABSOLUTE_E else 3 }
	{% endif %}
	G1 { x_move } { y_move } { z_move } { e_move } { rate }
	RESTORE_GCODE_STATE NAME=_client_movement

[toolchanger]
initialize_on = first-use
verify_tool_pickup = False
require_tool_present = False
uses_axis = xyz
on_axis_not_homed = home
transfer_fan_speed = True

[tool T0]
tool_number = 0
extruder = extruder
gcode_x_offset = 0
gcode_y_offset = 0
gcode_z_offset = 0
pickup_gcode = 
	G90
	
	G1 Y10 F8000
	G1 X284
	G1 Y0
	G1 X305 F2000
	G1 Y10 F8000
	G1 X317
	G1 Y60

[tool T1]
tool_number = 1
extruder = extruder1
gcode_x_offset = -17.5
gcode_y_offset = 1.1
gcode_z_offset = -1.55
pickup_gcode = 
	G90
	
	G1 Y10 F8000
	G1 X322
	G1 Y0
	G1 X302 F2000
	G1 Y10 F8000
	G1 X315
	G1 Y60

[gcode_macro PRINT_START]
gcode = 
	{% set BED_TEMP = params.BED_TEMP|default(60)|float %}
	{% set EXTRUDER_TEMP = params.EXTRUDER_TEMP|default(220)|float %}
	{% set EXTRUDER1_TEMP = params.EXTRUDER1_TEMP|default(220)|float %}
	
	M140 S{BED_TEMP}
	M104 T0 S180
	M104 T1 S180
	
	G90
	
	
	G28
	G1 Y10 F8000
	G1 X316
	
	T0
	
	G1 Z10 F500
	
	M190 S{BED_TEMP}
	
	M104 T1 S{EXTRUDER1_TEMP}
	M109 T0 S{EXTRUDER_TEMP}
	M109 T1 S{EXTRUDER1_TEMP}
	
	
	G1 X325 F8000
	G1 Y60
	G1 X270
	G1 Y0
	G1 Z0.2 F1000
	G1 X300 E20
	G1 Z1

[gcode_macro END_PRINT]
gcode = 
	
	M140 S0
	M104 S0
	M106 S0
	
	G90
	G1 Z145 F8000
	
	G1 Y10
	G1 X316
	G90
	
	M84

[gcode_macro PURGE]
gcode = 
	G90
	G1 Y10 F6000
	G1 X325 F6000
	M83
	G1 E40 F500
	G1 Y60 F6000

[gcode_macro SET_AUTO_LIGHTS]
variable_value = 1
gcode = 
	{% if 'VALUE' not in params %}
	{action_raise_error("Parameter 'VALUE' missing from 'SET_AUTO_LIGHTS'")}
	{% endif %}
	{% set state = params.VALUE|int %}
	{% if state %}
	
	SET_LED LED=chamber WHITE=1
	{% else %}
	
	SET_LED LED=chamber WHITE=0
	{% endif %}
	
	
	SET_GCODE_VARIABLE MACRO=SET_AUTO_LIGHTS VARIABLE=value value={state}

[manual_stepper fibre_extruder]
step_pin = PC13
dir_pin = PF0
enable_pin = !PF1
microsteps = 16
rotation_distance = 64.7

[delayed_gcode setdisplayneopixel]
initial_duration = 1
gcode = 
	MANUAL_STEPPER STEPPER=fibre_extruder GCODE_AXIS=U

[gcode_macro CUT]
gcode = 
	SET_SERVO SERVO=cutter angle=0
	G4 P400
	SET_SERVO SERVO=cutter angle=90

[gcode_macro PRIME_FIBRE]
gcode = 
	MANUAL_STEPPER STEPPER=fibre_extruder GCODE_AXIS=
	MANUAL_STEPPER STEPPER=fibre_extruder SET_POSITION=0
	MANUAL_STEPPER STEPPER=fibre_extruder GCODE_AXIS=U
	G1 U47 F500
	MANUAL_STEPPER STEPPER=fibre_extruder GCODE_AXIS=
	MANUAL_STEPPER STEPPER=fibre_extruder SET_POSITION=0
	MANUAL_STEPPER STEPPER=fibre_extruder GCODE_AXIS=U

[mcu]
serial = /dev/serial/by-id/usb-Klipper_stm32h723xx_410014001251313531383332-if00

[force_move]
enable_force_move = true

[printer]
kinematics = corexy
max_velocity = 300
max_accel = 1000

[stepper_x]
step_pin = PF13
dir_pin = !PF12
enable_pin = !PF14
microsteps = 16
rotation_distance = 32
endstop_pin = tmc2209_stepper_x:virtual_endstop
position_endstop = -28
position_min = -28
position_max = 325
homing_speed = 80
homing_retract_dist = 0

[tmc2209 stepper_x]
uart_pin = PC4
diag_pin = ^PG6
run_current = 0.800
driver_sgthrs = 120
stealthchop_threshold = 999999

[stepper_y]
step_pin = PG0
dir_pin = !PG1
enable_pin = !PF15
microsteps = 16
rotation_distance = 32
endstop_pin = PG13
position_endstop = 0
position_max = 210
homing_speed = 50
homing_retract_dist = 0

[tmc2209 stepper_y]
uart_pin = PD11
run_current = 0.800
stealthchop_threshold = 999999

[stepper_z]
step_pin = PF11
dir_pin = PG3
enable_pin = !PG5
microsteps = 16
rotation_distance = 8
endstop_pin = PG12
position_max = 147
position_min = -5
homing_speed = 40
homing_retract_dist = 2
second_homing_speed = 2
position_endstop = 144.935

[tmc2209 stepper_z]
uart_pin = PC6
run_current = 0.650
stealthchop_threshold = 999999

[extruder]
step_pin = PG4
dir_pin = PC1
enable_pin = !PA2
microsteps = 16
rotation_distance = 15.78
nozzle_diameter = 0.6
filament_diameter = 1.75
pressure_advance = 0.3
heater_pin = PA3
sensor_type = PT1000
sensor_pin = PF4
control = pid
pid_kp = 18.702
pid_ki = 0.826
pid_kd = 105.899
min_extrude_temp = 0
min_temp = 0
max_temp = 310
max_extrude_cross_section = 10

[heater_fan heatbreak_0]
pin = PE5
max_power = 1
shutdown_speed = 1
heater = extruder
heater_temp = 50.0
fan_speed = 1.0

[extruder1]
step_pin = PF9
dir_pin = PF10
enable_pin = !PG2
microsteps = 16
rotation_distance = 15.78
nozzle_diameter = 1
filament_diameter = 1.75
pressure_advance = 0.00
heater_pin = PA0
sensor_type = PT1000
sensor_pin = PF5
control = pid
pid_kp = 21.241
pid_ki = 0.782
pid_kd = 144.175
min_extrude_temp = 0
min_temp = 0
max_temp = 310
max_extrude_cross_section = 10

[heater_fan heatbreak_1]
pin = PD12
max_power = 1
shutdown_speed = 1
heater = extruder1
heater_temp = 50.0
fan_speed = 1.0

[multi_pin part_fan]
pins = PD13, PD14

[fan]
pin = multi_pin:part_fan

[heater_bed]
heater_pin = PB11
sensor_type = Generic 3950
sensor_pin = PF3
control = pid
pid_kp = 56.299
pid_ki = 2.145
pid_kd = 369.459
min_temp = 10
max_temp = 120

[fan_generic exhaust]
pin = PB0

[multi_pin control_fan]
pins = PA8, PD15

[controller_fan controller_fan]
pin = multi_pin:control_fan
stepper = stepper_x

[servo cutter]
pin = PB6
maximum_servo_angle = 180
initial_angle = 90

[led chamber]
white_pin = PA1
initial_white = 1.0
=======================
Extruder max_extrude_ratio=4.157517
Extruder max_extrude_ratio=4.157517
mcu 'mcu': Starting serial connect
Loaded MCU 'mcu' 135 commands (v0.13.0-641-g2239041d / gcc: (15:14.2.rel1-1) 14.2.1 20241119 binutils: (2.44-3+23+b2) 2.44)
MCU 'mcu' config: ADC_MAX=4095 BUS_PINS_i2c1_PB6_PB7=PB6,PB7 BUS_PINS_i2c1_PB8_PB9=PB8,PB9 BUS_PINS_i2c2_PB10_PB11=PB10,PB11 BUS_PINS_i2c3_PA8_PC9=PA8,PC9 BUS_PINS_spi1=PA6,PA7,PA5 BUS_PINS_spi1a=PB4,PB5,PB3 BUS_PINS_spi2=PB14,PB15,PB13 BUS_PINS_spi2a=PC2,PC3,PB10 BUS_PINS_spi2b=PI2,PI3,PI1 BUS_PINS_spi3a=PC11,PC12,PC10 BUS_PINS_spi4=PE13,PE14,PE12 BUS_PINS_spi5=PF8,PF9,PF7 BUS_PINS_spi5a=PH7,PF11,PH6 BUS_PINS_spi6=PG12,PG14,PG13 CLOCK_FREQ=520000000 MCU=stm32h723xx PWM_MAX=32768 RESERVE_PINS_USB=PA11,PA12 RESERVE_PINS_crystal=PH0,PH1 STATS_SUMSQ_BASE=256 STEPPER_STEP_BOTH_EDGE=1
Sending MCU 'mcu' printer configuration...
Configured MCU 'mcu' (1024 moves)
Starting heater checks for heater_bed
Starting heater checks for extruder
Starting heater checks for extruder1
Stats 40.3: gcodein=0 mcu: mcu_awake=0.000 mcu_task_avg=0.000000 mcu_task_stddev=0.000000 bytes_write=2576 bytes_read=6482 bytes_retransmit=9 bytes_invalid=0 send_seq=210 receive_seq=210 retransmit_seq=2 srtt=0.001 rttvar=0.001 rto=0.025 ready_bytes=0 upcoming_bytes=0 freq=519980147 heater_bed: target=0 temp=0.0 pwm=0.000 print_time=47.153 buffer_time=0.126 print_stall=0 extruder: target=0 temp=0.0 pwm=0.000 extruder1: target=0 temp=0.0 pwm=0.000 sysload=1.90 cputime=3.286 memavail=676248
Stats 41.3: gcodein=0 mcu: mcu_awake=0.000 mcu_task_avg=0.000000 mcu_task_stddev=0.000000 bytes_write=2582 bytes_read=6498 bytes_retransmit=9 bytes_invalid=0 send_seq=211 receive_seq=211 retransmit_seq=2 srtt=0.001 rttvar=0.000 rto=0.025 ready_bytes=0 upcoming_bytes=0 freq=520004355 heater_bed: target=0 temp=0.0 pwm=0.000 print_time=47.153 buffer_time=0.000 print_stall=0 extruder: target=0 temp=0.0 pwm=0.000 extruder1: target=0 temp=0.0 pwm=0.000 sysload=1.90 cputime=3.291 memavail=665392
Stats 42.3: gcodein=0 mcu: mcu_awake=0.000 mcu_task_avg=0.000000 mcu_task_stddev=0.000000 bytes_write=2588 bytes_read=6649 bytes_retransmit=9 bytes_invalid=0 send_seq=212 receive_seq=212 retransmit_seq=2 srtt=0.001 rttvar=0.000 rto=0.025 ready_bytes=0 upcoming_bytes=0 freq=520014962 heater_bed: target=0 temp=22.3 pwm=0.000 print_time=47.153 buffer_time=0.000 print_stall=0 extruder: target=0 temp=22.9 pwm=0.000 extruder1: target=0 temp=23.0 pwm=0.000 sysload=1.90 cputime=3.299 memavail=642972
Stats 43.3: gcodein=0 mcu: mcu_awake=0.000 mcu_task_avg=0.000000 mcu_task_stddev=0.000000 bytes_write=2594 bytes_read=6809 bytes_retransmit=9 bytes_invalid=0 send_seq=213 receive_seq=213 retransmit_seq=2 srtt=0.001 rttvar=0.001 rto=0.025 ready_bytes=0 upcoming_bytes=0 freq=520016877 heater_bed: target=0 temp=22.2 pwm=0.000 print_time=47.153 buffer_time=0.000 print_stall=0 extruder: target=0 temp=23.0 pwm=0.000 extruder1: target=0 temp=23.2 pwm=0.000 sysload=1.90 cputime=3.307 memavail=640540
webhooks client 547946425584: New connection
Stats 44.3: gcodein=0 mcu: mcu_awake=0.001 mcu_task_avg=0.000002 mcu_task_stddev=0.000002 bytes_write=2600 bytes_read=6990 bytes_retransmit=9 bytes_invalid=0 send_seq=214 receive_seq=214 retransmit_seq=2 srtt=0.001 rttvar=0.000 rto=0.025 ready_bytes=0 upcoming_bytes=0 freq=520017391 heater_bed: target=0 temp=22.1 pwm=0.000 print_time=47.153 buffer_time=0.000 print_stall=0 extruder: target=0 temp=22.8 pwm=0.000 extruder1: target=0 temp=23.0 pwm=0.000 sysload=1.90 cputime=3.316 memavail=630724
webhooks client 547946425584: Client info {'program': 'Moonraker', 'version': 'v0.10.0-19-g1ed102e'}
webhooks: registering remote method 'shutdown_machine' for connection id: 547946425584
webhooks: registering remote method 'reboot_machine' for connection id: 547946425584
webhooks: registering remote method 'pause_job_queue' for connection id: 547946425584
webhooks: registering remote method 'start_job_queue' for connection id: 547946425584
webhooks: registering remote method 'set_device_power' for connection id: 547946425584
Stats 45.3: gcodein=0 mcu: mcu_awake=0.001 mcu_task_avg=0.000002 mcu_task_stddev=0.000002 bytes_write=2606 bytes_read=7156 bytes_retransmit=9 bytes_invalid=0 send_seq=215 receive_seq=215 retransmit_seq=2 srtt=0.001 rttvar=0.000 rto=0.025 ready_bytes=0 upcoming_bytes=0 freq=520019488 heater_bed: target=0 temp=22.0 pwm=0.000 print_time=47.153 buffer_time=0.000 print_stall=0 extruder: target=0 temp=22.9 pwm=0.000 extruder1: target=0 temp=23.0 pwm=0.000 sysload=1.91 cputime=3.351 memavail=620064
Stats 46.3: gcodein=0 mcu: mcu_awake=0.001 mcu_task_avg=0.000002 mcu_task_stddev=0.000002 bytes_write=2612 bytes_read=7322 bytes_retransmit=9 bytes_invalid=0 send_seq=216 receive_seq=216 retransmit_seq=2 srtt=0.001 rttvar=0.001 rto=0.025 ready_bytes=0 upcoming_bytes=0 freq=520020507 heater_bed: target=0 temp=21.9 pwm=0.000 print_time=47.153 buffer_time=0.000 print_stall=0 extruder: target=0 temp=22.8 pwm=0.000 extruder1: target=0 temp=22.9 pwm=0.000 sysload=1.91 cputime=3.370 memavail=614420
Stats 47.3: gcodein=0 mcu: mcu_awake=0.001 mcu_task_avg=0.000002 mcu_task_stddev=0.000002 bytes_write=2618 bytes_read=7488 bytes_retransmit=9 bytes_invalid=0 send_seq=217 receive_seq=217 retransmit_seq=2 srtt=0.001 rttvar=0.001 rto=0.025 ready_bytes=0 upcoming_bytes=0 freq=520021390 heater_bed: target=0 temp=21.7 pwm=0.000 print_time=47.153 buffer_time=0.000 print_stall=0 extruder: target=0 temp=22.9 pwm=0.000 extruder1: target=0 temp=23.0 pwm=0.000 sysload=1.91 cputime=3.385 memavail=611584
Stats 48.3: gcodein=0 mcu: mcu_awake=0.001 mcu_task_avg=0.000002 mcu_task_stddev=0.000002 bytes_write=2624 bytes_read=7654 bytes_retransmit=9 bytes_invalid=0 send_seq=218 receive_seq=218 retransmit_seq=2 srtt=0.001 rttvar=0.001 rto=0.025 ready_bytes=0 upcoming_bytes=0 freq=520021095 heater_bed: target=0 temp=21.6 pwm=0.000 print_time=47.153 buffer_time=0.000 print_stall=0 extruder: target=0 temp=22.9 pwm=0.000 extruder1: target=0 temp=22.9 pwm=0.000 sysload=1.91 cputime=3.396 memavail=606068
Stats 49.3: gcodein=0 mcu: mcu_awake=0.000 mcu_task_avg=0.000001 mcu_task_stddev=0.000001 bytes_write=2630 bytes_read=7834 bytes_retransmit=9 bytes_invalid=0 send_seq=219 receive_seq=219 retransmit_seq=2 srtt=0.001 rttvar=0.001 rto=0.025 ready_bytes=0 upcoming_bytes=0 freq=520021083 heater_bed: target=0 temp=21.5 pwm=0.000 print_time=47.153 buffer_time=0.000 print_stall=0 extruder: target=0 temp=23.0 pwm=0.000 extruder1: target=0 temp=22.9 pwm=0.000 sysload=1.91 cputime=3.405 memavail=603712
Stats 50.3: gcodein=0 mcu: mcu_awake=0.000 mcu_task_avg=0.000001 mcu_task_stddev=0.000001 bytes_write=2636 bytes_read=8000 bytes_retransmit=9 bytes_invalid=0 send_seq=220 receive_seq=220 retransmit_seq=2 srtt=0.001 rttvar=0.001 rto=0.025 ready_bytes=0 upcoming_bytes=0 freq=520020831 heater_bed: target=0 temp=21.5 pwm=0.000 print_time=47.153 buffer_time=0.000 print_stall=0 extruder: target=0 temp=22.9 pwm=0.000 extruder1: target=0 temp=23.0 pwm=0.000 sysload=1.91 cputime=3.413 memavail=603464
Stats 51.3: gcodein=0 mcu: mcu_awake=0.000 mcu_task_avg=0.000001 mcu_task_stddev=0.000001 bytes_write=2642 bytes_read=8161 bytes_retransmit=9 bytes_invalid=0 send_seq=221 receive_seq=221 retransmit_seq=2 srtt=0.001 rttvar=0.000 rto=0.025 ready_bytes=0 upcoming_bytes=0 freq=520020657 heater_bed: target=0 temp=21.4 pwm=0.000 print_time=47.153 buffer_time=0.000 print_stall=0 extruder: target=0 temp=22.8 pwm=0.000 extruder1: target=0 temp=22.9 pwm=0.000 sysload=1.91 cputime=3.420 memavail=603464
Stats 52.3: gcodein=0 mcu: mcu_awake=0.000 mcu_task_avg=0.000001 mcu_task_stddev=0.000001 bytes_write=2648 bytes_read=8327 bytes_retransmit=9 bytes_invalid=0 send_seq=222 receive_seq=222 retransmit_seq=2 srtt=0.001 rttvar=0.001 rto=0.025 ready_bytes=0 upcoming_bytes=0 freq=520020575 heater_bed: target=0 temp=21.4 pwm=0.000 print_time=47.153 buffer_time=0.000 print_stall=0 extruder: target=0 temp=22.8 pwm=0.000 extruder1: target=0 temp=22.9 pwm=0.000 sysload=1.91 cputime=3.427 memavail=603464
Stats 53.3: gcodein=0 mcu: mcu_awake=0.000 mcu_task_avg=0.000001 mcu_task_stddev=0.000001 bytes_write=2654 bytes_read=8508 bytes_retransmit=9 bytes_invalid=0 send_seq=223 receive_seq=223 retransmit_seq=2 srtt=0.001 rttvar=0.000 rto=0.025 ready_bytes=0 upcoming_bytes=0 freq=520020673 heater_bed: target=0 temp=21.3 pwm=0.000 print_time=47.153 buffer_time=0.000 print_stall=0 extruder: target=0 temp=22.9 pwm=0.000 extruder1: target=0 temp=23.0 pwm=0.000 sysload=1.91 cputime=3.439 memavail=607644
Stats 54.3: gcodein=0 mcu: mcu_awake=0.000 mcu_task_avg=0.000001 mcu_task_stddev=0.000001 bytes_write=2660 bytes_read=8673 bytes_retransmit=9 bytes_invalid=0 send_seq=224 receive_seq=224 retransmit_seq=2 srtt=0.001 rttvar=0.001 rto=0.025 ready_bytes=0 upcoming_bytes=0 freq=520020940 heater_bed: target=0 temp=21.3 pwm=0.000 print_time=47.153 buffer_time=0.000 print_stall=0 extruder: target=0 temp=22.9 pwm=0.000 extruder1: target=0 temp=23.0 pwm=0.000 sysload=1.91 cputime=3.458 memavail=605760
Stats 55.3: gcodein=0 mcu: mcu_awake=0.000 mcu_task_avg=0.000001 mcu_task_stddev=0.000001 bytes_write=2666 bytes_read=8839 bytes_retransmit=9 bytes_invalid=0 send_seq=225 receive_seq=225 retransmit_seq=2 srtt=0.001 rttvar=0.001 rto=0.025 ready_bytes=0 upcoming_bytes=0 freq=520020909 heater_bed: target=0 temp=21.3 pwm=0.000 print_time=47.153 buffer_time=0.000 print_stall=0 extruder: target=0 temp=23.0 pwm=0.000 extruder1: target=0 temp=23.1 pwm=0.000 sysload=1.76 cputime=3.468 memavail=605760
Stats 56.3: gcodein=0 mcu: mcu_awake=0.000 mcu_task_avg=0.000001 mcu_task_stddev=0.000001 bytes_write=2672 bytes_read=9020 bytes_retransmit=9 bytes_invalid=0 send_seq=226 receive_seq=226 retransmit_seq=2 srtt=0.001 rttvar=0.001 rto=0.025 ready_bytes=0 upcoming_bytes=0 freq=520020952 heater_bed: target=0 temp=21.2 pwm=0.000 print_time=47.153 buffer_time=0.000 print_stall=0 extruder: target=0 temp=22.8 pwm=0.000 extruder1: target=0 temp=22.9 pwm=0.000 sysload=1.76 cputime=3.478 memavail=605760
Stats 57.3: gcodein=0 mcu: mcu_awake=0.000 mcu_task_avg=0.000001 mcu_task_stddev=0.000001 bytes_write=2678 bytes_read=9171 bytes_retransmit=9 bytes_invalid=0 send_seq=227 receive_seq=227 retransmit_seq=2 srtt=0.001 rttvar=0.001 rto=0.025 ready_bytes=0 upcoming_bytes=0 freq=520020993 heater_bed: target=0 temp=21.3 pwm=0.000 print_time=47.153 buffer_time=0.000 print_stall=0 extruder: target=0 temp=23.0 pwm=0.000 extruder1: target=0 temp=23.0 pwm=0.000 sysload=1.76 cputime=3.487 memavail=605760
Stats 58.3: gcodein=0 mcu: mcu_awake=0.000 mcu_task_avg=0.000001 mcu_task_stddev=0.000001 bytes_write=2684 bytes_read=9337 bytes_retransmit=9 bytes_invalid=0 send_seq=228 receive_seq=228 retransmit_seq=2 srtt=0.001 rttvar=0.001 rto=0.025 ready_bytes=0 upcoming_bytes=0 freq=520021032 heater_bed: target=0 temp=21.4 pwm=0.000 print_time=47.153 buffer_time=0.000 print_stall=0 extruder: target=0 temp=22.9 pwm=0.000 extruder1: target=0 temp=23.1 pwm=0.000 sysload=1.76 cputime=3.497 memavail=605784
Stats 59.3: gcodein=0 mcu: mcu_awake=0.000 mcu_task_avg=0.000001 mcu_task_stddev=0.000001 bytes_write=2690 bytes_read=9527 bytes_retransmit=9 bytes_invalid=0 send_seq=229 receive_seq=229 retransmit_seq=2 srtt=0.001 rttvar=0.001 rto=0.025 ready_bytes=0 upcoming_bytes=0 freq=520021093 heater_bed: target=0 temp=21.4 pwm=0.000 print_time=47.153 buffer_time=0.000 print_stall=0 extruder: target=0 temp=23.0 pwm=0.000 extruder1: target=0 temp=23.0 pwm=0.000 sysload=1.76 cputime=3.507 memavail=605784
Stats 60.3: gcodein=0 mcu: mcu_awake=0.000 mcu_task_avg=0.000001 mcu_task_stddev=0.000001 bytes_write=2696 bytes_read=9677 bytes_retransmit=9 bytes_invalid=0 send_seq=230 receive_seq=230 retransmit_seq=2 srtt=0.001 rttvar=0.001 rto=0.025 ready_bytes=0 upcoming_bytes=0 freq=520021158 heater_bed: target=0 temp=21.4 pwm=0.000 print_time=47.153 buffer_time=0.000 print_stall=0 extruder: target=0 temp=22.9 pwm=0.000 extruder1: target=0 temp=23.0 pwm=0.000 sysload=1.62 cputime=3.516 memavail=605784
Stats 61.3: gcodein=0 mcu: mcu_awake=0.000 mcu_task_avg=0.000001 mcu_task_stddev=0.000001 bytes_write=2702 bytes_read=9843 bytes_retransmit=9 bytes_invalid=0 send_seq=231 receive_seq=231 retransmit_seq=2 srtt=0.001 rttvar=0.001 rto=0.025 ready_bytes=0 upcoming_bytes=0 freq=520021210 heater_bed: target=0 temp=21.5 pwm=0.000 print_time=47.153 buffer_time=0.000 print_stall=0 extruder: target=0 temp=23.0 pwm=0.000 extruder1: target=0 temp=23.0 pwm=0.000 sysload=1.62 cputime=3.529 memavail=606236
Stats 62.3: gcodein=0 mcu: mcu_awake=0.000 mcu_task_avg=0.000001 mcu_task_stddev=0.000001 bytes_write=2708 bytes_read=10024 bytes_retransmit=9 bytes_invalid=0 send_seq=232 receive_seq=232 retransmit_seq=2 srtt=0.001 rttvar=0.001 rto=0.025 ready_bytes=0 upcoming_bytes=0 freq=520021286 heater_bed: target=0 temp=21.6 pwm=0.000 print_time=47.153 buffer_time=0.000 print_stall=0 extruder: target=0 temp=22.9 pwm=0.000 extruder1: target=0 temp=23.0 pwm=0.000 sysload=1.62 cputime=3.544 memavail=606424
Stats 63.3: gcodein=0 mcu: mcu_awake=0.000 mcu_task_avg=0.000001 mcu_task_stddev=0.000001 bytes_write=2714 bytes_read=10175 bytes_retransmit=9 bytes_invalid=0 send_seq=233 receive_seq=233 retransmit_seq=2 srtt=0.001 rttvar=0.001 rto=0.025 ready_bytes=0 upcoming_bytes=0 freq=520021623 heater_bed: target=0 temp=21.7 pwm=0.000 print_time=47.153 buffer_time=0.000 print_stall=0 extruder: target=0 temp=22.9 pwm=0.000 extruder1: target=0 temp=23.0 pwm=0.000 sysload=1.62 cputime=3.558 memavail=604724
Stats 64.3: gcodein=0 mcu: mcu_awake=0.000 mcu_task_avg=0.000001 mcu_task_stddev=0.000001 bytes_write=2720 bytes_read=10355 bytes_retransmit=9 bytes_invalid=0 send_seq=234 receive_seq=234 retransmit_seq=2 srtt=0.001 rttvar=0.001 rto=0.025 ready_bytes=0 upcoming_bytes=0 freq=520021707 heater_bed: target=0 temp=21.7 pwm=0.000 print_time=47.153 buffer_time=0.000 print_stall=0 extruder: target=0 temp=23.0 pwm=0.000 extruder1: target=0 temp=23.0 pwm=0.000 sysload=1.62 cputime=3.572 memavail=600804
Stats 65.3: gcodein=0 mcu: mcu_awake=0.000 mcu_task_avg=0.000001 mcu_task_stddev=0.000001 bytes_write=2726 bytes_read=10536 bytes_retransmit=9 bytes_invalid=0 send_seq=235 receive_seq=235 retransmit_seq=2 srtt=0.001 rttvar=0.001 rto=0.025 ready_bytes=0 upcoming_bytes=0 freq=520021756 heater_bed: target=0 temp=21.8 pwm=0.000 print_time=47.153 buffer_time=0.000 print_stall=0 extruder: target=0 temp=23.1 pwm=0.000 extruder1: target=0 temp=23.0 pwm=0.000 sysload=1.57 cputime=3.583 memavail=592296
Stats 66.3: gcodein=0 mcu: mcu_awake=0.000 mcu_task_avg=0.000001 mcu_task_stddev=0.000001 bytes_write=2732 bytes_read=10687 bytes_retransmit=9 bytes_invalid=0 send_seq=236 receive_seq=236 retransmit_seq=2 srtt=0.001 rttvar=0.001 rto=0.025 ready_bytes=0 upcoming_bytes=0 freq=520021728 heater_bed: target=0 temp=21.8 pwm=0.000 print_time=47.153 buffer_time=0.000 print_stall=0 extruder: target=0 temp=23.0 pwm=0.000 extruder1: target=0 temp=22.9 pwm=0.000 sysload=1.57 cputime=3.593 memavail=592296
Stats 67.3: gcodein=0 mcu: mcu_awake=0.000 mcu_task_avg=0.000001 mcu_task_stddev=0.000001 bytes_write=2738 bytes_read=10852 bytes_retransmit=9 bytes_invalid=0 send_seq=237 receive_seq=237 retransmit_seq=2 srtt=0.001 rttvar=0.001 rto=0.025 ready_bytes=0 upcoming_bytes=0 freq=520021680 heater_bed: target=0 temp=21.9 pwm=0.000 print_time=47.153 buffer_time=0.000 print_stall=0 extruder: target=0 temp=23.0 pwm=0.000 extruder1: target=0 temp=23.0 pwm=0.000 sysload=1.57 cputime=3.602 memavail=592296
Stats 68.3: gcodein=0 mcu: mcu_awake=0.000 mcu_task_avg=0.000001 mcu_task_stddev=0.000001 bytes_write=2744 bytes_read=11029 bytes_retransmit=9 bytes_invalid=0 send_seq=238 receive_seq=238 retransmit_seq=2 srtt=0.001 rttvar=0.001 rto=0.025 ready_bytes=0 upcoming_bytes=0 freq=520021655 heater_bed: target=0 temp=22.0 pwm=0.000 print_time=47.153 buffer_time=0.000 print_stall=0 extruder: target=0 temp=23.0 pwm=0.000 extruder1: target=0 temp=22.9 pwm=0.000 sysload=1.57 cputime=3.612 memavail=593076
Stats 69.3: gcodein=0 mcu: mcu_awake=0.000 mcu_task_avg=0.000001 mcu_task_stddev=0.000001 bytes_write=2750 bytes_read=11194 bytes_retransmit=9 bytes_invalid=0 send_seq=239 receive_seq=239 retransmit_seq=2 srtt=0.001 rttvar=0.001 rto=0.025 ready_bytes=0 upcoming_bytes=0 freq=520021648 heater_bed: target=0 temp=22.1 pwm=0.000 print_time=47.153 buffer_time=0.000 print_stall=0 extruder: target=0 temp=22.8 pwm=0.000 extruder1: target=0 temp=22.9 pwm=0.000 sysload=1.57 cputime=3.625 memavail=594568
Stats 70.3: gcodein=0 mcu: mcu_awake=0.000 mcu_task_avg=0.000001 mcu_task_stddev=0.000001 bytes_write=2756 bytes_read=11360 bytes_retransmit=9 bytes_invalid=0 send_seq=240 receive_seq=240 retransmit_seq=2 srtt=0.001 rttvar=0.001 rto=0.025 ready_bytes=0 upcoming_bytes=0 freq=520021668 heater_bed: target=0 temp=22.2 pwm=0.000 print_time=47.153 buffer_time=0.000 print_stall=0 extruder: target=0 temp=22.8 pwm=0.000 extruder1: target=0 temp=23.0 pwm=0.000 sysload=1.44 cputime=3.639 memavail=595620
Stats 71.3: gcodein=0 mcu: mcu_awake=0.000 mcu_task_avg=0.000001 mcu_task_stddev=0.000001 bytes_write=2762 bytes_read=11541 bytes_retransmit=9 bytes_invalid=0 send_seq=241 receive_seq=241 retransmit_seq=2 srtt=0.001 rttvar=0.000 rto=0.025 ready_bytes=0 upcoming_bytes=0 freq=520021699 heater_bed: target=0 temp=22.3 pwm=0.000 print_time=47.153 buffer_time=0.000 print_stall=0 extruder: target=0 temp=22.9 pwm=0.000 extruder1: target=0 temp=23.0 pwm=0.000 sysload=1.44 cputime=3.654 memavail=597012
Stats 72.3: gcodein=0 mcu: mcu_awake=0.000 mcu_task_avg=0.000001 mcu_task_stddev=0.000001 bytes_write=2774 bytes_read=11708 bytes_retransmit=9 bytes_invalid=0 send_seq=243 receive_seq=243 retransmit_seq=2 srtt=0.001 rttvar=0.000 rto=0.025 ready_bytes=0 upcoming_bytes=0 freq=520021744 heater_bed: target=0 temp=22.4 pwm=0.000 print_time=47.153 buffer_time=0.000 print_stall=0 extruder: target=0 temp=22.9 pwm=0.000 extruder1: target=0 temp=23.0 pwm=0.000 sysload=1.44 cputime=3.667 memavail=598024
Stats 73.3: gcodein=0 mcu: mcu_awake=0.000 mcu_task_avg=0.000001 mcu_task_stddev=0.000001 bytes_write=2780 bytes_read=11874 bytes_retransmit=9 bytes_invalid=0 send_seq=244 receive_seq=244 retransmit_seq=2 srtt=0.001 rttvar=0.000 rto=0.025 ready_bytes=0 upcoming_bytes=0 freq=520021742 heater_bed: target=0 temp=22.4 pwm=0.000 print_time=47.153 buffer_time=0.000 print_stall=0 extruder: target=0 temp=22.9 pwm=0.000 extruder1: target=0 temp=22.9 pwm=0.000 sysload=1.44 cputime=3.678 memavail=597152
Stats 74.3: gcodein=0 mcu: mcu_awake=0.000 mcu_task_avg=0.000001 mcu_task_stddev=0.000001 bytes_write=2786 bytes_read=12069 bytes_retransmit=9 bytes_invalid=0 send_seq=245 receive_seq=245 retransmit_seq=2 srtt=0.001 rttvar=0.001 rto=0.025 ready_bytes=0 upcoming_bytes=0 freq=520021756 heater_bed: target=0 temp=22.5 pwm=0.000 print_time=47.153 buffer_time=0.000 print_stall=0 extruder: target=0 temp=23.0 pwm=0.000 extruder1: target=0 temp=23.0 pwm=0.000 sysload=1.44 cputime=3.688 memavail=597856
Stats 75.3: gcodein=0 mcu: mcu_awake=0.000 mcu_task_avg=0.000001 mcu_task_stddev=0.000001 bytes_write=2792 bytes_read=12220 bytes_retransmit=9 bytes_invalid=0 send_seq=246 receive_seq=246 retransmit_seq=2 srtt=0.001 rttvar=0.000 rto=0.025 ready_bytes=0 upcoming_bytes=0 freq=520021744 heater_bed: target=0 temp=22.5 pwm=0.000 print_time=47.153 buffer_time=0.000 print_stall=0 extruder: target=0 temp=22.9 pwm=0.000 extruder1: target=0 temp=23.0 pwm=0.000 sysload=1.33 cputime=3.697 memavail=597856
Stats 76.3: gcodein=0 mcu: mcu_awake=0.000 mcu_task_avg=0.000001 mcu_task_stddev=0.000001 bytes_write=2798 bytes_read=12381 bytes_retransmit=9 bytes_invalid=0 send_seq=247 receive_seq=247 retransmit_seq=2 srtt=0.001 rttvar=0.000 rto=0.025 ready_bytes=0 upcoming_bytes=0 freq=520021732 heater_bed: target=0 temp=22.6 pwm=0.000 print_time=47.153 buffer_time=0.000 print_stall=0 extruder: target=0 temp=23.0 pwm=0.000 extruder1: target=0 temp=22.8 pwm=0.000 sysload=1.33 cputime=3.707 memavail=597856
Stats 77.3: gcodein=0 mcu: mcu_awake=0.000 mcu_task_avg=0.000001 mcu_task_stddev=0.000001 bytes_write=2804 bytes_read=12562 bytes_retransmit=9 bytes_invalid=0 send_seq=248 receive_seq=248 retransmit_seq=2 srtt=0.001 rttvar=0.000 rto=0.025 ready_bytes=0 upcoming_bytes=0 freq=520021745 heater_bed: target=0 temp=22.7 pwm=0.000 print_time=47.153 buffer_time=0.000 print_stall=0 extruder: target=0 temp=22.9 pwm=0.000 extruder1: target=0 temp=22.9 pwm=0.000 sysload=1.33 cputime=3.719 memavail=597856
Stats 78.3: gcodein=0 mcu: mcu_awake=0.000 mcu_task_avg=0.000001 mcu_task_stddev=0.000001 bytes_write=2810 bytes_read=12713 bytes_retransmit=9 bytes_invalid=0 send_seq=249 receive_seq=249 retransmit_seq=2 srtt=0.001 rttvar=0.000 rto=0.025 ready_bytes=0 upcoming_bytes=0 freq=520021778 heater_bed: target=0 temp=22.7 pwm=0.000 print_time=47.153 buffer_time=0.000 print_stall=0 extruder: target=0 temp=23.0 pwm=0.000 extruder1: target=0 temp=23.0 pwm=0.000 sysload=1.33 cputime=3.733 memavail=597860
Stats 79.3: gcodein=0 mcu: mcu_awake=0.000 mcu_task_avg=0.000001 mcu_task_stddev=0.000001 bytes_write=2816 bytes_read=12893 bytes_retransmit=9 bytes_invalid=0 send_seq=250 receive_seq=250 retransmit_seq=2 srtt=0.001 rttvar=0.000 rto=0.025 ready_bytes=0 upcoming_bytes=0 freq=520021794 heater_bed: target=0 temp=22.8 pwm=0.000 print_time=47.153 buffer_time=0.000 print_stall=0 extruder: target=0 temp=23.0 pwm=0.000 extruder1: target=0 temp=23.0 pwm=0.000 sysload=1.33 cputime=3.748 memavail=597860
Stats 80.3: gcodein=0 mcu: mcu_awake=0.000 mcu_task_avg=0.000001 mcu_task_stddev=0.000001 bytes_write=2822 bytes_read=13074 bytes_retransmit=9 bytes_invalid=0 send_seq=251 receive_seq=251 retransmit_seq=2 srtt=0.001 rttvar=0.000 rto=0.025 ready_bytes=0 upcoming_bytes=0 freq=520021795 heater_bed: target=0 temp=22.8 pwm=0.000 print_time=47.153 buffer_time=0.000 print_stall=0 extruder: target=0 temp=23.0 pwm=0.000 extruder1: target=0 temp=23.0 pwm=0.000 sysload=1.30 cputime=3.763 memavail=597860
Stats 81.3: gcodein=0 mcu: mcu_awake=0.000 mcu_task_avg=0.000001 mcu_task_stddev=0.000001 bytes_write=2828 bytes_read=13225 bytes_retransmit=9 bytes_invalid=0 send_seq=252 receive_seq=252 retransmit_seq=2 srtt=0.001 rttvar=0.000 rto=0.025 ready_bytes=0 upcoming_bytes=0 freq=520021811 heater_bed: target=0 temp=22.8 pwm=0.000 print_time=47.153 buffer_time=0.000 print_stall=0 extruder: target=0 temp=22.9 pwm=0.000 extruder1: target=0 temp=23.0 pwm=0.000 sysload=1.30 cputime=3.778 memavail=597860
Stats 82.3: gcodein=0 mcu: mcu_awake=0.000 mcu_task_avg=0.000001 mcu_task_stddev=0.000001 bytes_write=2834 bytes_read=13391 bytes_retransmit=9 bytes_invalid=0 send_seq=253 receive_seq=253 retransmit_seq=2 srtt=0.001 rttvar=0.000 rto=0.025 ready_bytes=0 upcoming_bytes=0 freq=520021835 heater_bed: target=0 temp=22.8 pwm=0.000 print_time=47.153 buffer_time=0.000 print_stall=0 extruder: target=0 temp=23.0 pwm=0.000 extruder1: target=0 temp=23.1 pwm=0.000 sysload=1.30 cputime=3.794 memavail=597860
Stats 83.3: gcodein=0 mcu: mcu_awake=0.000 mcu_task_avg=0.000001 mcu_task_stddev=0.000001 bytes_write=2840 bytes_read=13572 bytes_retransmit=9 bytes_invalid=0 send_seq=254 receive_seq=254 retransmit_seq=2 srtt=0.001 rttvar=0.000 rto=0.025 ready_bytes=0 upcoming_bytes=0 freq=520021876 heater_bed: target=0 temp=22.8 pwm=0.000 print_time=47.153 buffer_time=0.000 print_stall=0 extruder: target=0 temp=22.9 pwm=0.000 extruder1: target=0 temp=22.9 pwm=0.000 sysload=1.30 cputime=3.811 memavail=601900
Stats 84.3: gcodein=0 mcu: mcu_awake=0.000 mcu_task_avg=0.000001 mcu_task_stddev=0.000001 bytes_write=2846 bytes_read=13730 bytes_retransmit=9 bytes_invalid=0 send_seq=255 receive_seq=255 retransmit_seq=2 srtt=0.001 rttvar=0.000 rto=0.025 ready_bytes=0 upcoming_bytes=0 freq=520021898 heater_bed: target=0 temp=22.8 pwm=0.000 print_time=47.153 buffer_time=0.000 print_stall=0 extruder: target=0 temp=22.9 pwm=0.000 extruder1: target=0 temp=22.9 pwm=0.000 sysload=1.30 cputime=3.827 memavail=601004
Stats 85.3: gcodein=0 mcu: mcu_awake=0.000 mcu_task_avg=0.000001 mcu_task_stddev=0.000001 bytes_write=2852 bytes_read=13896 bytes_retransmit=9 bytes_invalid=0 send_seq=256 receive_seq=256 retransmit_seq=2 srtt=0.001 rttvar=0.000 rto=0.025 ready_bytes=0 upcoming_bytes=0 freq=520021916 heater_bed: target=0 temp=22.8 pwm=0.000 print_time=47.153 buffer_time=0.000 print_stall=0 extruder: target=0 temp=23.0 pwm=0.000 extruder1: target=0 temp=23.1 pwm=0.000 sysload=1.28 cputime=3.843 memavail=601452
Stats 86.3: gcodein=0 mcu: mcu_awake=0.000 mcu_task_avg=0.000001 mcu_task_stddev=0.000001 bytes_write=2858 bytes_read=14077 bytes_retransmit=9 bytes_invalid=0 send_seq=257 receive_seq=257 retransmit_seq=2 srtt=0.001 rttvar=0.000 rto=0.025 ready_bytes=0 upcoming_bytes=0 freq=520021978 heater_bed: target=0 temp=22.9 pwm=0.000 print_time=47.153 buffer_time=0.000 print_stall=0 extruder: target=0 temp=22.8 pwm=0.000 extruder1: target=0 temp=22.9 pwm=0.000 sysload=1.28 cputime=3.859 memavail=601452
Stats 87.3: gcodein=0 mcu: mcu_awake=0.000 mcu_task_avg=0.000001 mcu_task_stddev=0.000001 bytes_write=2864 bytes_read=14228 bytes_retransmit=9 bytes_invalid=0 send_seq=258 receive_seq=258 retransmit_seq=2 srtt=0.001 rttvar=0.000 rto=0.025 ready_bytes=0 upcoming_bytes=0 freq=520022012 heater_bed: target=0 temp=22.9 pwm=0.000 print_time=47.153 buffer_time=0.000 print_stall=0 extruder: target=0 temp=23.1 pwm=0.000 extruder1: target=0 temp=22.9 pwm=0.000 sysload=1.28 cputime=3.876 memavail=601228
Stats 88.3: gcodein=0 mcu: mcu_awake=0.000 mcu_task_avg=0.000001 mcu_task_stddev=0.000001 bytes_write=2870 bytes_read=14394 bytes_retransmit=9 bytes_invalid=0 send_seq=259 receive_seq=259 retransmit_seq=2 srtt=0.001 rttvar=0.000 rto=0.025 ready_bytes=0 upcoming_bytes=0 freq=520022049 heater_bed: target=0 temp=22.9 pwm=0.000 print_time=47.153 buffer_time=0.000 print_stall=0 extruder: target=0 temp=23.0 pwm=0.000 extruder1: target=0 temp=22.9 pwm=0.000 sysload=1.28 cputime=3.892 memavail=601716
Stats 89.3: gcodein=0 mcu: mcu_awake=0.000 mcu_task_avg=0.000001 mcu_task_stddev=0.000001 bytes_write=2876 bytes_read=14589 bytes_retransmit=9 bytes_invalid=0 send_seq=260 receive_seq=260 retransmit_seq=2 srtt=0.001 rttvar=0.000 rto=0.025 ready_bytes=0 upcoming_bytes=0 freq=520022076 heater_bed: target=0 temp=22.9 pwm=0.000 print_time=47.153 buffer_time=0.000 print_stall=0 extruder: target=0 temp=22.9 pwm=0.000 extruder1: target=0 temp=22.9 pwm=0.000 sysload=1.28 cputime=3.908 memavail=601712
Stats 90.3: gcodein=0 mcu: mcu_awake=0.000 mcu_task_avg=0.000001 mcu_task_stddev=0.000001 bytes_write=2882 bytes_read=14740 bytes_retransmit=9 bytes_invalid=0 send_seq=261 receive_seq=261 retransmit_seq=2 srtt=0.001 rttvar=0.000 rto=0.025 ready_bytes=0 upcoming_bytes=0 freq=520022079 heater_bed: target=0 temp=23.0 pwm=0.000 print_time=47.153 buffer_time=0.000 print_stall=0 extruder: target=0 temp=23.0 pwm=0.000 extruder1: target=0 temp=23.2 pwm=0.000 sysload=1.17 cputime=3.923 memavail=601712
Stats 91.3: gcodein=0 mcu: mcu_awake=0.000 mcu_task_avg=0.000001 mcu_task_stddev=0.000001 bytes_write=2888 bytes_read=14906 bytes_retransmit=9 bytes_invalid=0 send_seq=262 receive_seq=262 retransmit_seq=2 srtt=0.001 rttvar=0.000 rto=0.025 ready_bytes=0 upcoming_bytes=0 freq=520022073 heater_bed: target=0 temp=23.0 pwm=0.000 print_time=47.153 buffer_time=0.000 print_stall=0 extruder: target=0 temp=22.8 pwm=0.000 extruder1: target=0 temp=22.9 pwm=0.000 sysload=1.17 cputime=3.936 memavail=601460
Stats 92.3: gcodein=0 mcu: mcu_awake=0.000 mcu_task_avg=0.000001 mcu_task_stddev=0.000001 bytes_write=2894 bytes_read=15082 bytes_retransmit=9 bytes_invalid=0 send_seq=263 receive_seq=263 retransmit_seq=2 srtt=0.001 rttvar=0.000 rto=0.025 ready_bytes=0 upcoming_bytes=0 freq=520022056 heater_bed: target=0 temp=23.0 pwm=0.000 print_time=47.153 buffer_time=0.000 print_stall=0 extruder: target=0 temp=23.0 pwm=0.000 extruder1: target=0 temp=23.0 pwm=0.000 sysload=1.17 cputime=3.946 memavail=601464
Stats 93.3: gcodein=0 mcu: mcu_awake=0.000 mcu_task_avg=0.000001 mcu_task_stddev=0.000001 bytes_write=2900 bytes_read=15232 bytes_retransmit=9 bytes_invalid=0 send_seq=264 receive_seq=264 retransmit_seq=2 srtt=0.001 rttvar=0.000 rto=0.025 ready_bytes=0 upcoming_bytes=0 freq=520022042 heater_bed: target=0 temp=22.9 pwm=0.000 print_time=47.153 buffer_time=0.000 print_stall=0 extruder: target=0 temp=23.1 pwm=0.000 extruder1: target=0 temp=23.1 pwm=0.000 sysload=1.17 cputime=3.956 memavail=604340
Stats 94.3: gcodein=0 mcu: mcu_awake=0.000 mcu_task_avg=0.000001 mcu_task_stddev=0.000001 bytes_write=2906 bytes_read=15412 bytes_retransmit=9 bytes_invalid=0 send_seq=265 receive_seq=265 retransmit_seq=2 srtt=0.001 rttvar=0.000 rto=0.025 ready_bytes=0 upcoming_bytes=0 freq=520022032 heater_bed: target=0 temp=22.9 pwm=0.000 print_time=47.153 buffer_time=0.000 print_stall=0 extruder: target=0 temp=22.8 pwm=0.000 extruder1: target=0 temp=23.1 pwm=0.000 sysload=1.17 cputime=3.966 memavail=604332
Stats 95.3: gcodein=0 mcu: mcu_awake=0.000 mcu_task_avg=0.000001 mcu_task_stddev=0.000001 bytes_write=2912 bytes_read=15593 bytes_retransmit=9 bytes_invalid=0 send_seq=266 receive_seq=266 retransmit_seq=2 srtt=0.001 rttvar=0.000 rto=0.025 ready_bytes=0 upcoming_bytes=0 freq=520022021 heater_bed: target=0 temp=22.9 pwm=0.000 print_time=47.153 buffer_time=0.000 print_stall=0 extruder: target=0 temp=23.0 pwm=0.000 extruder1: target=0 temp=23.0 pwm=0.000 sysload=1.08 cputime=3.975 memavail=604328
Stats 96.3: gcodein=0 mcu: mcu_awake=0.000 mcu_task_avg=0.000001 mcu_task_stddev=0.000001 bytes_write=2918 bytes_read=15744 bytes_retransmit=9 bytes_invalid=0 send_seq=267 receive_seq=267 retransmit_seq=2 srtt=0.001 rttvar=0.000 rto=0.025 ready_bytes=0 upcoming_bytes=0 freq=520022003 heater_bed: target=0 temp=22.9 pwm=0.000 print_time=47.153 buffer_time=0.000 print_stall=0 extruder: target=0 temp=22.9 pwm=0.000 extruder1: target=0 temp=23.1 pwm=0.000 sysload=1.08 cputime=3.986 memavail=604076
Stats 97.3: gcodein=0 mcu: mcu_awake=0.000 mcu_task_avg=0.000001 mcu_task_stddev=0.000001 bytes_write=2924 bytes_read=15910 bytes_retransmit=9 bytes_invalid=0 send_seq=268 receive_seq=268 retransmit_seq=2 srtt=0.001 rttvar=0.000 rto=0.025 ready_bytes=0 upcoming_bytes=0 freq=520022008 heater_bed: target=0 temp=22.8 pwm=0.000 print_time=47.153 buffer_time=0.000 print_stall=0 extruder: target=0 temp=22.9 pwm=0.000 extruder1: target=0 temp=23.2 pwm=0.000 sysload=1.08 cputime=4.000 memavail=603852
Stats 98.3: gcodein=0 mcu: mcu_awake=0.000 mcu_task_avg=0.000001 mcu_task_stddev=0.000001 bytes_write=2930 bytes_read=16091 bytes_retransmit=9 bytes_invalid=0 send_seq=269 receive_seq=269 retransmit_seq=2 srtt=0.001 rttvar=0.000 rto=0.025 ready_bytes=0 upcoming_bytes=0 freq=520022019 heater_bed: target=0 temp=22.8 pwm=0.000 print_time=47.153 buffer_time=0.000 print_stall=0 extruder: target=0 temp=23.0 pwm=0.000 extruder1: target=0 temp=23.0 pwm=0.000 sysload=1.08 cputime=4.016 memavail=603836
Stats 99.3: gcodein=0 mcu: mcu_awake=0.000 mcu_task_avg=0.000001 mcu_task_stddev=0.000001 bytes_write=2936 bytes_read=16242 bytes_retransmit=9 bytes_invalid=0 send_seq=270 receive_seq=270 retransmit_seq=2 srtt=0.001 rttvar=0.000 rto=0.025 ready_bytes=0 upcoming_bytes=0 freq=520022035 heater_bed: target=0 temp=22.7 pwm=0.000 print_time=47.153 buffer_time=0.000 print_stall=0 extruder: target=0 temp=23.1 pwm=0.000 extruder1: target=0 temp=23.1 pwm=0.000 sysload=1.08 cputime=4.030 memavail=603848
Stats 100.3: gcodein=0 mcu: mcu_awake=0.000 mcu_task_avg=0.000001 mcu_task_stddev=0.000001 bytes_write=2942 bytes_read=16421 bytes_retransmit=9 bytes_invalid=0 send_seq=271 receive_seq=271 retransmit_seq=2 srtt=0.001 rttvar=0.000 rto=0.025 ready_bytes=0 upcoming_bytes=0 freq=520022051 heater_bed: target=0 temp=22.7 pwm=0.000 print_time=47.153 buffer_time=0.000 print_stall=0 extruder: target=0 temp=22.8 pwm=0.000 extruder1: target=0 temp=22.9 pwm=0.000 sysload=0.99 cputime=4.046 memavail=603848
Stats 431.5: gcodein=0 mcu: mcu_awake=0.000 mcu_task_avg=0.000001 mcu_task_stddev=0.000001 bytes_write=4971 bytes_read=72161 bytes_retransmit=9 bytes_invalid=0 send_seq=608 receive_seq=608 retransmit_seq=2 srtt=0.001 rttvar=0.001 rto=0.025 ready_bytes=0 upcoming_bytes=0 freq=520022092 heater_bed: target=0 temp=23.1 pwm=0.000 print_time=438.165 buffer_time=0.000 print_stall=0 extruder: target=0 temp=23.0 pwm=0.000 extruder1: target=0 temp=23.2 pwm=0.000 sysload=4.99 cputime=8.011 memavail=552952
Stats 432.5: gcodein=0 mcu: mcu_awake=0.000 mcu_task_avg=0.000001 mcu_task_stddev=0.000001 bytes_write=4977 bytes_read=72342 bytes_retransmit=9 bytes_invalid=0 send_seq=609 receive_seq=609 retransmit_seq=2 srtt=0.001 rttvar=0.000 rto=0.025 ready_bytes=0 upcoming_bytes=0 freq=520022080 heater_bed: target=0 temp=23.1 pwm=0.000 print_time=438.165 buffer_time=0.000 print_stall=0 extruder: target=0 temp=23.1 pwm=0.000 extruder1: target=0 temp=23.1 pwm=0.000 sysload=4.99 cputime=8.024 memavail=551848
Stats 433.5: gcodein=0 mcu: mcu_awake=0.000 mcu_task_avg=0.000001 mcu_task_stddev=0.000001 bytes_write=4983 bytes_read=72493 bytes_retransmit=9 bytes_invalid=0 send_seq=610 receive_seq=610 retransmit_seq=2 srtt=0.001 rttvar=0.001 rto=0.025 ready_bytes=0 upcoming_bytes=0 freq=520022074 heater_bed: target=0 temp=23.1 pwm=0.000 print_time=438.165 buffer_time=0.000 print_stall=0 extruder: target=0 temp=23.0 pwm=0.000 extruder1: target=0 temp=23.1 pwm=0.000 sysload=4.99 cputime=8.037 memavail=547160
Stats 434.5: gcodein=0 mcu: mcu_awake=0.000 mcu_task_avg=0.000001 mcu_task_stddev=0.000001 bytes_write=4989 bytes_read=72688 bytes_retransmit=9 bytes_invalid=0 send_seq=611 receive_seq=611 retransmit_seq=2 srtt=0.001 rttvar=0.000 rto=0.025 ready_bytes=0 upcoming_bytes=0 freq=520022089 heater_bed: target=0 temp=22.9 pwm=0.000 print_time=438.165 buffer_time=0.000 print_stall=0 extruder: target=0 temp=23.0 pwm=0.000 extruder1: target=0 temp=23.2 pwm=0.000 sysload=4.99 cputime=8.050 memavail=543988
Stats 435.5: gcodein=0 mcu: mcu_awake=0.000 mcu_task_avg=0.000001 mcu_task_stddev=0.000001 bytes_write=4995 bytes_read=72854 bytes_retransmit=9 bytes_invalid=0 send_seq=612 receive_seq=612 retransmit_seq=2 srtt=0.001 rttvar=0.000 rto=0.025 ready_bytes=0 upcoming_bytes=0 freq=520022086 heater_bed: target=0 temp=22.9 pwm=0.000 print_time=438.165 buffer_time=0.000 print_stall=0 extruder: target=0 temp=23.0 pwm=0.000 extruder1: target=0 temp=22.9 pwm=0.000 sysload=4.67 cputime=8.063 memavail=543236
Stats 436.5: gcodein=0 mcu: mcu_awake=0.000 mcu_task_avg=0.000001 mcu_task_stddev=0.000001 bytes_write=5001 bytes_read=73020 bytes_retransmit=9 bytes_invalid=0 send_seq=613 receive_seq=613 retransmit_seq=2 srtt=0.001 rttvar=0.000 rto=0.025 ready_bytes=0 upcoming_bytes=0 freq=520022088 heater_bed: target=0 temp=22.8 pwm=0.000 print_time=438.165 buffer_time=0.000 print_stall=0 extruder: target=0 temp=23.0 pwm=0.000 extruder1: target=0 temp=23.0 pwm=0.000 sysload=4.67 cputime=8.077 memavail=548132
Stats 437.6: gcodein=0 mcu: mcu_awake=0.000 mcu_task_avg=0.000001 mcu_task_stddev=0.000001 bytes_write=5007 bytes_read=73186 bytes_retransmit=9 bytes_invalid=0 send_seq=614 receive_seq=614 retransmit_seq=2 srtt=0.001 rttvar=0.000 rto=0.025 ready_bytes=0 upcoming_bytes=0 freq=520022087 heater_bed: target=0 temp=22.7 pwm=0.000 print_time=438.165 buffer_time=0.000 print_stall=0 extruder: target=0 temp=23.1 pwm=0.000 extruder1: target=0 temp=23.2 pwm=0.000 sysload=4.67 cputime=8.089 memavail=543704
Stats 438.6: gcodein=0 mcu: mcu_awake=0.000 mcu_task_avg=0.000001 mcu_task_stddev=0.000001 bytes_write=5013 bytes_read=73352 bytes_retransmit=9 bytes_invalid=0 send_seq=615 receive_seq=615 retransmit_seq=2 srtt=0.001 rttvar=0.000 rto=0.025 ready_bytes=0 upcoming_bytes=0 freq=520022073 heater_bed: target=0 temp=22.6 pwm=0.000 print_time=438.165 buffer_time=0.000 print_stall=0 extruder: target=0 temp=23.0 pwm=0.000 extruder1: target=0 temp=23.0 pwm=0.000 sysload=4.67 cputime=8.099 memavail=545372
Stats 439.6: gcodein=0 mcu: mcu_awake=0.000 mcu_task_avg=0.000001 mcu_task_stddev=0.000001 bytes_write=5025 bytes_read=73542 bytes_retransmit=9 bytes_invalid=0 send_seq=617 receive_seq=617 retransmit_seq=2 srtt=0.001 rttvar=0.000 rto=0.025 ready_bytes=0 upcoming_bytes=0 freq=520022049 heater_bed: target=0 temp=22.5 pwm=0.000 print_time=438.165 buffer_time=0.000 print_stall=0 extruder: target=0 temp=23.0 pwm=0.000 extruder1: target=0 temp=23.2 pwm=0.000 sysload=4.67 cputime=8.109 memavail=545408
Stats 440.6: gcodein=0 mcu: mcu_awake=0.000 mcu_task_avg=0.000001 mcu_task_stddev=0.000001 bytes_write=5031 bytes_read=73708 bytes_retransmit=9 bytes_invalid=0 send_seq=618 receive_seq=618 retransmit_seq=2 srtt=0.001 rttvar=0.000 rto=0.025 ready_bytes=0 upcoming_bytes=0 freq=520022039 heater_bed: target=0 temp=22.4 pwm=0.000 print_time=438.165 buffer_time=0.000 print_stall=0 extruder: target=0 temp=23.0 pwm=0.000 extruder1: target=0 temp=23.1 pwm=0.000 sysload=4.46 cputime=8.118 memavail=545408
Stats 441.6: gcodein=0 mcu: mcu_awake=0.000 mcu_task_avg=0.000001 mcu_task_stddev=0.000001 bytes_write=5037 bytes_read=73874 bytes_retransmit=9 bytes_invalid=0 send_seq=619 receive_seq=619 retransmit_seq=2 srtt=0.001 rttvar=0.000 rto=0.025 ready_bytes=0 upcoming_bytes=0 freq=520022030 heater_bed: target=0 temp=22.3 pwm=0.000 print_time=438.165 buffer_time=0.000 print_stall=0 extruder: target=0 temp=22.9 pwm=0.000 extruder1: target=0 temp=23.2 pwm=0.000 sysload=4.46 cputime=8.127 memavail=545408
Stats 442.6: gcodein=0 mcu: mcu_awake=0.000 mcu_task_avg=0.000001 mcu_task_stddev=0.000001 bytes_write=5043 bytes_read=74040 bytes_retransmit=9 bytes_invalid=0 send_seq=620 receive_seq=620 retransmit_seq=2 srtt=0.001 rttvar=0.000 rto=0.025 ready_bytes=0 upcoming_bytes=0 freq=520022022 heater_bed: target=0 temp=22.2 pwm=0.000 print_time=438.165 buffer_time=0.000 print_stall=0 extruder: target=0 temp=23.0 pwm=0.000 extruder1: target=0 temp=23.1 pwm=0.000 sysload=4.46 cputime=8.140 memavail=545408
Stats 443.6: gcodein=0 mcu: mcu_awake=0.000 mcu_task_avg=0.000001 mcu_task_stddev=0.000001 bytes_write=5049 bytes_read=74206 bytes_retransmit=9 bytes_invalid=0 send_seq=621 receive_seq=621 retransmit_seq=2 srtt=0.001 rttvar=0.000 rto=0.025 ready_bytes=0 upcoming_bytes=0 freq=520022010 heater_bed: target=0 temp=22.1 pwm=0.000 print_time=438.165 buffer_time=0.000 print_stall=0 extruder: target=0 temp=22.9 pwm=0.000 extruder1: target=0 temp=23.2 pwm=0.000 sysload=4.46 cputime=8.149 memavail=545580
Stats 444.6: gcodein=0 mcu: mcu_awake=0.000 mcu_task_avg=0.000001 mcu_task_stddev=0.000001 bytes_write=5055 bytes_read=74386 bytes_retransmit=9 bytes_invalid=0 send_seq=622 receive_seq=622 retransmit_seq=2 srtt=0.001 rttvar=0.000 rto=0.025 ready_bytes=0 upcoming_bytes=0 freq=520022055 heater_bed: target=0 temp=22.0 pwm=0.000 print_time=438.165 buffer_time=0.000 print_stall=0 extruder: target=0 temp=23.0 pwm=0.000 extruder1: target=0 temp=23.2 pwm=0.000 sysload=4.46 cputime=8.172 memavail=470232
Stats 445.6: gcodein=0 mcu: mcu_awake=0.000 mcu_task_avg=0.000001 mcu_task_stddev=0.000001 bytes_write=5061 bytes_read=74552 bytes_retransmit=9 bytes_invalid=0 send_seq=623 receive_seq=623 retransmit_seq=2 srtt=0.001 rttvar=0.001 rto=0.025 ready_bytes=0 upcoming_bytes=0 freq=520022135 heater_bed: target=0 temp=21.9 pwm=0.000 print_time=438.165 buffer_time=0.000 print_stall=0 extruder: target=0 temp=23.0 pwm=0.000 extruder1: target=0 temp=23.1 pwm=0.000 sysload=4.42 cputime=8.208 memavail=434476
Stats 446.6: gcodein=0 mcu: mcu_awake=0.000 mcu_task_avg=0.000001 mcu_task_stddev=0.000001 bytes_write=5067 bytes_read=74718 bytes_retransmit=9 bytes_invalid=0 send_seq=624 receive_seq=624 retransmit_seq=2 srtt=0.001 rttvar=0.001 rto=0.025 ready_bytes=0 upcoming_bytes=0 freq=520022180 heater_bed: target=0 temp=21.8 pwm=0.000 print_time=438.165 buffer_time=0.000 print_stall=0 extruder: target=0 temp=23.2 pwm=0.000 extruder1: target=0 temp=23.2 pwm=0.000 sysload=4.42 cputime=8.246 memavail=432732
Stats 447.6: gcodein=0 mcu: mcu_awake=0.000 mcu_task_avg=0.000001 mcu_task_stddev=0.000001 bytes_write=5073 bytes_read=74878 bytes_retransmit=9 bytes_invalid=0 send_seq=625 receive_seq=625 retransmit_seq=2 srtt=0.001 rttvar=0.001 rto=0.025 ready_bytes=0 upcoming_bytes=0 freq=520022258 heater_bed: target=0 temp=21.7 pwm=0.000 print_time=438.165 buffer_time=0.000 print_stall=0 extruder: target=0 temp=23.1 pwm=0.000 extruder1: target=0 temp=23.2 pwm=0.000 sysload=4.42 cputime=8.285 memavail=433924
Stats 448.6: gcodein=0 mcu: mcu_awake=0.000 mcu_task_avg=0.000001 mcu_task_stddev=0.000001 bytes_write=5079 bytes_read=75044 bytes_retransmit=9 bytes_invalid=0 send_seq=626 receive_seq=626 retransmit_seq=2 srtt=0.001 rttvar=0.000 rto=0.025 ready_bytes=0 upcoming_bytes=0 freq=520022297 heater_bed: target=0 temp=21.7 pwm=0.000 print_time=438.165 buffer_time=0.000 print_stall=0 extruder: target=0 temp=23.2 pwm=0.000 extruder1: target=0 temp=23.2 pwm=0.000 sysload=4.42 cputime=8.314 memavail=433264
Stats 449.6: gcodein=0 mcu: mcu_awake=0.000 mcu_task_avg=0.000001 mcu_task_stddev=0.000001 bytes_write=5085 bytes_read=75224 bytes_retransmit=9 bytes_invalid=0 send_seq=627 receive_seq=627 retransmit_seq=2 srtt=0.001 rttvar=0.000 rto=0.025 ready_bytes=0 upcoming_bytes=0 freq=520022337 heater_bed: target=0 temp=21.6 pwm=0.000 print_time=438.165 buffer_time=0.000 print_stall=0 extruder: target=0 temp=23.2 pwm=0.000 extruder1: target=0 temp=23.0 pwm=0.000 sysload=4.42 cputime=8.347 memavail=434552
Stats 450.6: gcodein=0 mcu: mcu_awake=0.000 mcu_task_avg=0.000001 mcu_task_stddev=0.000001 bytes_write=5091 bytes_read=75390 bytes_retransmit=9 bytes_invalid=0 send_seq=628 receive_seq=628 retransmit_seq=2 srtt=0.001 rttvar=0.000 rto=0.025 ready_bytes=0 upcoming_bytes=0 freq=520022343 heater_bed: target=0 temp=21.6 pwm=0.000 print_time=438.165 buffer_time=0.000 print_stall=0 extruder: target=0 temp=22.9 pwm=0.000 extruder1: target=0 temp=22.9 pwm=0.000 sysload=4.23 cputime=8.373 memavail=427136
Stats 451.6: gcodein=0 mcu: mcu_awake=0.000 mcu_task_avg=0.000001 mcu_task_stddev=0.000001 bytes_write=5097 bytes_read=75556 bytes_retransmit=9 bytes_invalid=0 send_seq=629 receive_seq=629 retransmit_seq=2 srtt=0.001 rttvar=0.001 rto=0.025 ready_bytes=0 upcoming_bytes=0 freq=520022321 heater_bed: target=0 temp=21.6 pwm=0.000 print_time=438.165 buffer_time=0.000 print_stall=0 extruder: target=0 temp=23.1 pwm=0.000 extruder1: target=0 temp=23.0 pwm=0.000 sysload=4.23 cputime=8.383 memavail=537768
Stats 452.6: gcodein=0 mcu: mcu_awake=0.000 mcu_task_avg=0.000001 mcu_task_stddev=0.000001 bytes_write=5103 bytes_read=75722 bytes_retransmit=9 bytes_invalid=0 send_seq=630 receive_seq=630 retransmit_seq=2 srtt=0.001 rttvar=0.000 rto=0.025 ready_bytes=0 upcoming_bytes=0 freq=520022294 heater_bed: target=0 temp=21.5 pwm=0.000 print_time=438.165 buffer_time=0.000 print_stall=0 extruder: target=0 temp=23.1 pwm=0.000 extruder1: target=0 temp=23.0 pwm=0.000 sysload=4.23 cputime=8.393 memavail=538668
Stats 453.6: gcodein=0 mcu: mcu_awake=0.000 mcu_task_avg=0.000001 mcu_task_stddev=0.000001 bytes_write=5109 bytes_read=75888 bytes_retransmit=9 bytes_invalid=0 send_seq=631 receive_seq=631 retransmit_seq=2 srtt=0.001 rttvar=0.000 rto=0.025 ready_bytes=0 upcoming_bytes=0 freq=520022270 heater_bed: target=0 temp=21.5 pwm=0.000 print_time=438.165 buffer_time=0.000 print_stall=0 extruder: target=0 temp=23.0 pwm=0.000 extruder1: target=0 temp=23.0 pwm=0.000 sysload=4.23 cputime=8.402 memavail=544852
Stats 454.6: gcodein=0 mcu: mcu_awake=0.000 mcu_task_avg=0.000001 mcu_task_stddev=0.000001 bytes_write=5115 bytes_read=76068 bytes_retransmit=9 bytes_invalid=0 send_seq=632 receive_seq=632 retransmit_seq=2 srtt=0.001 rttvar=0.000 rto=0.025 ready_bytes=0 upcoming_bytes=0 freq=520022245 heater_bed: target=0 temp=21.5 pwm=0.000 print_time=438.165 buffer_time=0.000 print_stall=0 extruder: target=0 temp=23.0 pwm=0.000 extruder1: target=0 temp=23.2 pwm=0.000 sysload=4.23 cputime=8.411 memavail=545164
Stats 455.6: gcodein=0 mcu: mcu_awake=0.000 mcu_task_avg=0.000001 mcu_task_stddev=0.000001 bytes_write=5121 bytes_read=76232 bytes_retransmit=9 bytes_invalid=0 send_seq=633 receive_seq=633 retransmit_seq=2 srtt=0.001 rttvar=0.001 rto=0.025 ready_bytes=0 upcoming_bytes=0 freq=520022222 heater_bed: target=0 temp=21.4 pwm=0.000 print_time=438.165 buffer_time=0.000 print_stall=0 extruder: target=0 temp=23.0 pwm=0.000 extruder1: target=0 temp=23.1 pwm=0.000 sysload=4.13 cputime=8.421 memavail=538476
Stats 456.6: gcodein=0 mcu: mcu_awake=0.000 mcu_task_avg=0.000001 mcu_task_stddev=0.000001 bytes_write=5127 bytes_read=76395 bytes_retransmit=9 bytes_invalid=0 send_seq=634 receive_seq=634 retransmit_seq=2 srtt=0.001 rttvar=0.000 rto=0.025 ready_bytes=0 upcoming_bytes=0 freq=520022195 heater_bed: target=0 temp=21.5 pwm=0.000 print_time=438.165 buffer_time=0.000 print_stall=0 extruder: target=0 temp=23.0 pwm=0.000 extruder1: target=0 temp=23.0 pwm=0.000 sysload=4.13 cputime=8.430 memavail=539788
Stats 457.6: gcodein=0 mcu: mcu_awake=0.000 mcu_task_avg=0.000001 mcu_task_stddev=0.000001 bytes_write=5133 bytes_read=76561 bytes_retransmit=9 bytes_invalid=0 send_seq=635 receive_seq=635 retransmit_seq=2 srtt=0.001 rttvar=0.000 rto=0.025 ready_bytes=0 upcoming_bytes=0 freq=520022182 heater_bed: target=0 temp=21.5 pwm=0.000 print_time=438.165 buffer_time=0.000 print_stall=0 extruder: target=0 temp=22.9 pwm=0.000 extruder1: target=0 temp=23.2 pwm=0.000 sysload=4.13 cputime=8.442 memavail=541480
Stats 458.6: gcodein=0 mcu: mcu_awake=0.000 mcu_task_avg=0.000001 mcu_task_stddev=0.000001 bytes_write=5139 bytes_read=76727 bytes_retransmit=9 bytes_invalid=0 send_seq=636 receive_seq=636 retransmit_seq=2 srtt=0.001 rttvar=0.000 rto=0.025 ready_bytes=0 upcoming_bytes=0 freq=520022166 heater_bed: target=0 temp=21.5 pwm=0.000 print_time=438.165 buffer_time=0.000 print_stall=0 extruder: target=0 temp=23.0 pwm=0.000 extruder1: target=0 temp=23.2 pwm=0.000 sysload=4.13 cputime=8.456 memavail=543716
Stats 459.6: gcodein=0 mcu: mcu_awake=0.000 mcu_task_avg=0.000001 mcu_task_stddev=0.000001 bytes_write=5145 bytes_read=76907 bytes_retransmit=9 bytes_invalid=0 send_seq=637 receive_seq=637 retransmit_seq=2 srtt=0.001 rttvar=0.000 rto=0.025 ready_bytes=0 upcoming_bytes=0 freq=520022154 heater_bed: target=0 temp=21.5 pwm=0.000 print_time=438.165 buffer_time=0.000 print_stall=0 extruder: target=0 temp=23.0 pwm=0.000 extruder1: target=0 temp=23.0 pwm=0.000 sysload=4.13 cputime=8.470 memavail=545620
Stats 460.6: gcodein=0 mcu: mcu_awake=0.000 mcu_task_avg=0.000001 mcu_task_stddev=0.000001 bytes_write=5151 bytes_read=77073 bytes_retransmit=9 bytes_invalid=0 send_seq=638 receive_seq=638 retransmit_seq=2 srtt=0.001 rttvar=0.000 rto=0.025 ready_bytes=0 upcoming_bytes=0 freq=520022143 heater_bed: target=0 temp=21.5 pwm=0.000 print_time=438.165 buffer_time=0.000 print_stall=0 extruder: target=0 temp=23.1 pwm=0.000 extruder1: target=0 temp=23.2 pwm=0.000 sysload=3.88 cputime=8.484 memavail=534692
Stats 461.6: gcodein=0 mcu: mcu_awake=0.000 mcu_task_avg=0.000001 mcu_task_stddev=0.000001 bytes_write=5157 bytes_read=77239 bytes_retransmit=9 bytes_invalid=0 send_seq=639 receive_seq=639 retransmit_seq=2 srtt=0.001 rttvar=0.000 rto=0.025 ready_bytes=0 upcoming_bytes=0 freq=520022136 heater_bed: target=0 temp=21.6 pwm=0.000 print_time=438.165 buffer_time=0.000 print_stall=0 extruder: target=0 temp=23.0 pwm=0.000 extruder1: target=0 temp=23.0 pwm=0.000 sysload=3.88 cputime=8.495 memavail=530776
Stats 462.6: gcodein=0 mcu: mcu_awake=0.000 mcu_task_avg=0.000001 mcu_task_stddev=0.000001 bytes_write=5163 bytes_read=77405 bytes_retransmit=9 bytes_invalid=0 send_seq=640 receive_seq=640 retransmit_seq=2 srtt=0.001 rttvar=0.000 rto=0.025 ready_bytes=0 upcoming_bytes=0 freq=520022125 heater_bed: target=0 temp=21.6 pwm=0.000 print_time=438.165 buffer_time=0.000 print_stall=0 extruder: target=0 temp=23.0 pwm=0.000 extruder1: target=0 temp=23.2 pwm=0.000 sysload=3.88 cputime=8.508 memavail=527040
Stats 463.6: gcodein=0 mcu: mcu_awake=0.000 mcu_task_avg=0.000001 mcu_task_stddev=0.000001 bytes_write=5169 bytes_read=77571 bytes_retransmit=9 bytes_invalid=0 send_seq=641 receive_seq=641 retransmit_seq=2 srtt=0.001 rttvar=0.000 rto=0.025 ready_bytes=0 upcoming_bytes=0 freq=520022118 heater_bed: target=0 temp=21.7 pwm=0.000 print_time=438.165 buffer_time=0.000 print_stall=0 extruder: target=0 temp=23.2 pwm=0.000 extruder1: target=0 temp=23.2 pwm=0.000 sysload=3.88 cputime=8.521 memavail=524972
Stats 464.6: gcodein=0 mcu: mcu_awake=0.000 mcu_task_avg=0.000001 mcu_task_stddev=0.000001 bytes_write=5175 bytes_read=77745 bytes_retransmit=9 bytes_invalid=0 send_seq=642 receive_seq=642 retransmit_seq=2 srtt=0.002 rttvar=0.001 rto=0.025 ready_bytes=0 upcoming_bytes=0 freq=520022119 heater_bed: target=0 temp=21.9 pwm=0.000 print_time=438.165 buffer_time=0.000 print_stall=0 extruder: target=0 temp=23.2 pwm=0.000 extruder1: target=0 temp=23.0 pwm=0.000 sysload=3.88 cputime=8.535 memavail=531092
Stats 465.6: gcodein=0 mcu: mcu_awake=0.000 mcu_task_avg=0.000001 mcu_task_stddev=0.000001 bytes_write=5181 bytes_read=77911 bytes_retransmit=9 bytes_invalid=0 send_seq=643 receive_seq=643 retransmit_seq=2 srtt=0.002 rttvar=0.001 rto=0.025 ready_bytes=0 upcoming_bytes=0 freq=520022114 heater_bed: target=0 temp=21.9 pwm=0.000 print_time=438.165 buffer_time=0.000 print_stall=0 extruder: target=0 temp=23.0 pwm=0.000 extruder1: target=0 temp=23.1 pwm=0.000 sysload=3.73 cputime=8.548 memavail=536284
Stats 466.6: gcodein=0 mcu: mcu_awake=0.000 mcu_task_avg=0.000001 mcu_task_stddev=0.000001 bytes_write=5187 bytes_read=78077 bytes_retransmit=9 bytes_invalid=0 send_seq=644 receive_seq=644 retransmit_seq=2 srtt=0.001 rttvar=0.001 rto=0.025 ready_bytes=0 upcoming_bytes=0 freq=520022099 heater_bed: target=0 temp=22.0 pwm=0.000 print_time=438.165 buffer_time=0.000 print_stall=0 extruder: target=0 temp=23.1 pwm=0.000 extruder1: target=0 temp=23.1 pwm=0.000 sysload=3.73 cputime=8.559 memavail=537068
Stats 467.6: gcodein=0 mcu: mcu_awake=0.000 mcu_task_avg=0.000001 mcu_task_stddev=0.000001 bytes_write=5193 bytes_read=78243 bytes_retransmit=9 bytes_invalid=0 send_seq=645 receive_seq=645 retransmit_seq=2 srtt=0.001 rttvar=0.001 rto=0.025 ready_bytes=0 upcoming_bytes=0 freq=520022089 heater_bed: target=0 temp=22.0 pwm=0.000 print_time=438.165 buffer_time=0.000 print_stall=0 extruder: target=0 temp=23.2 pwm=0.000 extruder1: target=0 temp=23.0 pwm=0.000 sysload=3.73 cputime=8.570 memavail=539204
Stats 468.6: gcodein=0 mcu: mcu_awake=0.000 mcu_task_avg=0.000001 mcu_task_stddev=0.000001 bytes_write=5199 bytes_read=78409 bytes_retransmit=9 bytes_invalid=0 send_seq=646 receive_seq=646 retransmit_seq=2 srtt=0.001 rttvar=0.001 rto=0.025 ready_bytes=0 upcoming_bytes=0 freq=520022077 heater_bed: target=0 temp=22.2 pwm=0.000 print_time=438.165 buffer_time=0.000 print_stall=0 extruder: target=0 temp=23.1 pwm=0.000 extruder1: target=0 temp=23.2 pwm=0.000 sysload=3.73 cputime=8.580 memavail=541324
Stats 469.6: gcodein=0 mcu: mcu_awake=0.000 mcu_task_avg=0.000001 mcu_task_stddev=0.000001 bytes_write=5205 bytes_read=78589 bytes_retransmit=9 bytes_invalid=0 send_seq=647 receive_seq=647 retransmit_seq=2 srtt=0.001 rttvar=0.001 rto=0.025 ready_bytes=0 upcoming_bytes=0 freq=520022075 heater_bed: target=0 temp=22.3 pwm=0.000 print_time=438.165 buffer_time=0.000 print_stall=0 extruder: target=0 temp=23.1 pwm=0.000 extruder1: target=0 temp=23.0 pwm=0.000 sysload=3.73 cputime=8.594 memavail=540184
Stats 470.6: gcodein=0 mcu: mcu_awake=0.000 mcu_task_avg=0.000001 mcu_task_stddev=0.000001 bytes_write=5211 bytes_read=78770 bytes_retransmit=9 bytes_invalid=0 send_seq=648 receive_seq=648 retransmit_seq=2 srtt=0.001 rttvar=0.001 rto=0.025 ready_bytes=0 upcoming_bytes=0 freq=520022068 heater_bed: target=0 temp=22.4 pwm=0.000 print_time=438.165 buffer_time=0.000 print_stall=0 extruder: target=0 temp=23.0 pwm=0.000 extruder1: target=0 temp=23.1 pwm=0.000 sysload=3.51 cputime=8.609 memavail=543828
Stats 471.6: gcodein=0 mcu: mcu_awake=0.000 mcu_task_avg=0.000001 mcu_task_stddev=0.000001 bytes_write=5217 bytes_read=78921 bytes_retransmit=9 bytes_invalid=0 send_seq=649 receive_seq=649 retransmit_seq=2 srtt=0.001 rttvar=0.001 rto=0.025 ready_bytes=0 upcoming_bytes=0 freq=520022088 heater_bed: target=0 temp=22.5 pwm=0.000 print_time=438.165 buffer_time=0.000 print_stall=0 extruder: target=0 temp=23.0 pwm=0.000 extruder1: target=0 temp=23.0 pwm=0.000 sysload=3.51 cputime=8.625 memavail=542412
Stats 472.6: gcodein=0 mcu: mcu_awake=0.000 mcu_task_avg=0.000001 mcu_task_stddev=0.000001 bytes_write=5223 bytes_read=79081 bytes_retransmit=9 bytes_invalid=0 send_seq=650 receive_seq=650 retransmit_seq=2 srtt=0.001 rttvar=0.001 rto=0.025 ready_bytes=0 upcoming_bytes=0 freq=520022078 heater_bed: target=0 temp=22.6 pwm=0.000 print_time=438.165 buffer_time=0.000 print_stall=0 extruder: target=0 temp=23.0 pwm=0.000 extruder1: target=0 temp=23.2 pwm=0.000 sysload=3.51 cputime=8.639 memavail=543400
Stats 473.6: gcodein=0 mcu: mcu_awake=0.000 mcu_task_avg=0.000001 mcu_task_stddev=0.000001 bytes_write=5229 bytes_read=79262 bytes_retransmit=9 bytes_invalid=0 send_seq=651 receive_seq=651 retransmit_seq=2 srtt=0.001 rttvar=0.001 rto=0.025 ready_bytes=0 upcoming_bytes=0 freq=520022074 heater_bed: target=0 temp=22.7 pwm=0.000 print_time=438.165 buffer_time=0.000 print_stall=0 extruder: target=0 temp=23.0 pwm=0.000 extruder1: target=0 temp=23.0 pwm=0.000 sysload=3.51 cputime=8.652 memavail=543780
Stats 474.6: gcodein=0 mcu: mcu_awake=0.000 mcu_task_avg=0.000001 mcu_task_stddev=0.000001 bytes_write=5235 bytes_read=79413 bytes_retransmit=9 bytes_invalid=0 send_seq=652 receive_seq=652 retransmit_seq=2 srtt=0.001 rttvar=0.001 rto=0.025 ready_bytes=0 upcoming_bytes=0 freq=520022064 heater_bed: target=0 temp=22.8 pwm=0.000 print_time=438.165 buffer_time=0.000 print_stall=0 extruder: target=0 temp=23.2 pwm=0.000 extruder1: target=0 temp=23.0 pwm=0.000 sysload=3.51 cputime=8.661 memavail=544428
Stats 475.6: gcodein=0 mcu: mcu_awake=0.000 mcu_task_avg=0.000001 mcu_task_stddev=0.000001 bytes_write=5241 bytes_read=79593 bytes_retransmit=9 bytes_invalid=0 send_seq=653 receive_seq=653 retransmit_seq=2 srtt=0.001 rttvar=0.001 rto=0.025 ready_bytes=0 upcoming_bytes=0 freq=520022050 heater_bed: target=0 temp=22.9 pwm=0.000 print_time=438.165 buffer_time=0.000 print_stall=0 extruder: target=0 temp=23.0 pwm=0.000 extruder1: target=0 temp=23.0 pwm=0.000 sysload=3.63 cputime=8.671 memavail=545576
Stats 476.6: gcodein=0 mcu: mcu_awake=0.000 mcu_task_avg=0.000001 mcu_task_stddev=0.000001 bytes_write=5247 bytes_read=79774 bytes_retransmit=9 bytes_invalid=0 send_seq=654 receive_seq=654 retransmit_seq=2 srtt=0.001 rttvar=0.000 rto=0.025 ready_bytes=0 upcoming_bytes=0 freq=520022036 heater_bed: target=0 temp=23.0 pwm=0.000 print_time=438.165 buffer_time=0.000 print_stall=0 extruder: target=0 temp=23.1 pwm=0.000 extruder1: target=0 temp=23.2 pwm=0.000 sysload=3.63 cputime=8.680 memavail=546344
Stats 477.6: gcodein=0 mcu: mcu_awake=0.000 mcu_task_avg=0.000001 mcu_task_stddev=0.000001 bytes_write=5253 bytes_read=79925 bytes_retransmit=9 bytes_invalid=0 send_seq=655 receive_seq=655 retransmit_seq=2 srtt=0.001 rttvar=0.000 rto=0.025 ready_bytes=0 upcoming_bytes=0 freq=520022028 heater_bed: target=0 temp=23.0 pwm=0.000 print_time=438.165 buffer_time=0.000 print_stall=0 extruder: target=0 temp=23.2 pwm=0.000 extruder1: target=0 temp=23.2 pwm=0.000 sysload=3.63 cputime=8.692 memavail=547068
Stats 478.6: gcodein=0 mcu: mcu_awake=0.000 mcu_task_avg=0.000001 mcu_task_stddev=0.000001 bytes_write=5259 bytes_read=80091 bytes_retransmit=9 bytes_invalid=0 send_seq=656 receive_seq=656 retransmit_seq=2 srtt=0.001 rttvar=0.000 rto=0.025 ready_bytes=0 upcoming_bytes=0 freq=520022029 heater_bed: target=0 temp=23.0 pwm=0.000 print_time=438.165 buffer_time=0.000 print_stall=0 extruder: target=0 temp=23.0 pwm=0.000 extruder1: target=0 temp=23.1 pwm=0.000 sysload=3.63 cputime=8.706 memavail=547704
Stats 479.6: gcodein=0 mcu: mcu_awake=0.000 mcu_task_avg=0.000001 mcu_task_stddev=0.000001 bytes_write=5265 bytes_read=80272 bytes_retransmit=9 bytes_invalid=0 send_seq=657 receive_seq=657 retransmit_seq=2 srtt=0.001 rttvar=0.000 rto=0.025 ready_bytes=0 upcoming_bytes=0 freq=520022032 heater_bed: target=0 temp=23.1 pwm=0.000 print_time=438.165 buffer_time=0.000 print_stall=0 extruder: target=0 temp=22.9 pwm=0.000 extruder1: target=0 temp=23.0 pwm=0.000 sysload=3.63 cputime=8.720 memavail=548260
Stats 480.6: gcodein=0 mcu: mcu_awake=0.000 mcu_task_avg=0.000001 mcu_task_stddev=0.000001 bytes_write=5271 bytes_read=80432 bytes_retransmit=9 bytes_invalid=0 send_seq=658 receive_seq=658 retransmit_seq=2 srtt=0.001 rttvar=0.000 rto=0.025 ready_bytes=0 upcoming_bytes=0 freq=520022036 heater_bed: target=0 temp=23.1 pwm=0.000 print_time=438.165 buffer_time=0.000 print_stall=0 extruder: target=0 temp=23.0 pwm=0.000 extruder1: target=0 temp=23.3 pwm=0.000 sysload=3.98 cputime=8.735 memavail=549232
Stats 481.6: gcodein=0 mcu: mcu_awake=0.000 mcu_task_avg=0.000001 mcu_task_stddev=0.000001 bytes_write=5277 bytes_read=80596 bytes_retransmit=9 bytes_invalid=0 send_seq=659 receive_seq=659 retransmit_seq=2 srtt=0.001 rttvar=0.000 rto=0.025 ready_bytes=0 upcoming_bytes=0 freq=520022036 heater_bed: target=0 temp=23.0 pwm=0.000 print_time=438.165 buffer_time=0.000 print_stall=0 extruder: target=0 temp=23.0 pwm=0.000 extruder1: target=0 temp=23.0 pwm=0.000 sysload=3.98 cputime=8.749 memavail=550100
Stats 482.6: gcodein=0 mcu: mcu_awake=0.000 mcu_task_avg=0.000001 mcu_task_stddev=0.000001 bytes_write=5283 bytes_read=80777 bytes_retransmit=9 bytes_invalid=0 send_seq=660 receive_seq=660 retransmit_seq=2 srtt=0.001 rttvar=0.000 rto=0.025 ready_bytes=0 upcoming_bytes=0 freq=520022039 heater_bed: target=0 temp=23.0 pwm=0.000 print_time=438.165 buffer_time=0.000 print_stall=0 extruder: target=0 temp=23.0 pwm=0.000 extruder1: target=0 temp=22.9 pwm=0.000 sysload=3.98 cputime=8.763 memavail=550636
Stats 483.6: gcodein=0 mcu: mcu_awake=0.000 mcu_task_avg=0.000001 mcu_task_stddev=0.000001 bytes_write=5289 bytes_read=80928 bytes_retransmit=9 bytes_invalid=0 send_seq=661 receive_seq=661 retransmit_seq=2 srtt=0.001 rttvar=0.000 rto=0.025 ready_bytes=0 upcoming_bytes=0 freq=520022034 heater_bed: target=0 temp=22.9 pwm=0.000 print_time=438.165 buffer_time=0.000 print_stall=0 extruder: target=0 temp=23.0 pwm=0.000 extruder1: target=0 temp=23.0 pwm=0.000 sysload=3.98 cputime=8.777 memavail=550436
Stats 484.6: gcodein=0 mcu: mcu_awake=0.000 mcu_task_avg=0.000001 mcu_task_stddev=0.000001 bytes_write=5295 bytes_read=81094 bytes_retransmit=9 bytes_invalid=0 send_seq=662 receive_seq=662 retransmit_seq=2 srtt=0.001 rttvar=0.000 rto=0.025 ready_bytes=0 upcoming_bytes=0 freq=520022034 heater_bed: target=0 temp=22.8 pwm=0.000 print_time=438.165 buffer_time=0.000 print_stall=0 extruder: target=0 temp=23.0 pwm=0.000 extruder1: target=0 temp=23.0 pwm=0.000 sysload=3.98 cputime=8.791 memavail=556368
Stats 485.6: gcodein=0 mcu: mcu_awake=0.000 mcu_task_avg=0.000001 mcu_task_stddev=0.000001 bytes_write=5301 bytes_read=81289 bytes_retransmit=9 bytes_invalid=0 send_seq=663 receive_seq=663 retransmit_seq=2 srtt=0.001 rttvar=0.000 rto=0.025 ready_bytes=0 upcoming_bytes=0 freq=520022029 heater_bed: target=0 temp=22.6 pwm=0.000 print_time=438.165 buffer_time=0.000 print_stall=0 extruder: target=0 temp=23.0 pwm=0.000 extruder1: target=0 temp=23.2 pwm=0.000 sysload=4.22 cputime=8.806 memavail=556368
Stats 486.6: gcodein=0 mcu: mcu_awake=0.000 mcu_task_avg=0.000001 mcu_task_stddev=0.000001 bytes_write=5307 bytes_read=81440 bytes_retransmit=9 bytes_invalid=0 send_seq=664 receive_seq=664 retransmit_seq=2 srtt=0.001 rttvar=0.000 rto=0.025 ready_bytes=0 upcoming_bytes=0 freq=520022031 heater_bed: target=0 temp=22.5 pwm=0.000 print_time=438.165 buffer_time=0.000 print_stall=0 extruder: target=0 temp=23.1 pwm=0.000 extruder1: target=0 temp=23.2 pwm=0.000 sysload=4.22 cputime=8.819 memavail=556368
Stats 487.6: gcodein=0 mcu: mcu_awake=0.000 mcu_task_avg=0.000001 mcu_task_stddev=0.000001 bytes_write=5313 bytes_read=81606 bytes_retransmit=9 bytes_invalid=0 send_seq=665 receive_seq=665 retransmit_seq=2 srtt=0.001 rttvar=0.000 rto=0.025 ready_bytes=0 upcoming_bytes=0 freq=520022026 heater_bed: target=0 temp=22.4 pwm=0.000 print_time=438.165 buffer_time=0.000 print_stall=0 extruder: target=0 temp=23.0 pwm=0.000 extruder1: target=0 temp=23.2 pwm=0.000 sysload=4.22 cputime=8.834 memavail=556368
Stats 488.6: gcodein=0 mcu: mcu_awake=0.000 mcu_task_avg=0.000001 mcu_task_stddev=0.000001 bytes_write=5319 bytes_read=81784 bytes_retransmit=9 bytes_invalid=0 send_seq=666 receive_seq=666 retransmit_seq=2 srtt=0.001 rttvar=0.000 rto=0.025 ready_bytes=0 upcoming_bytes=0 freq=520022025 heater_bed: target=0 temp=22.2 pwm=0.000 print_time=438.165 buffer_time=0.000 print_stall=0 extruder: target=0 temp=23.1 pwm=0.000 extruder1: target=0 temp=23.1 pwm=0.000 sysload=4.22 cputime=8.848 memavail=556168
Stats 489.6: gcodein=0 mcu: mcu_awake=0.000 mcu_task_avg=0.000001 mcu_task_stddev=0.000001 bytes_write=5325 bytes_read=81931 bytes_retransmit=9 bytes_invalid=0 send_seq=667 receive_seq=667 retransmit_seq=2 srtt=0.001 rttvar=0.000 rto=0.025 ready_bytes=0 upcoming_bytes=0 freq=520022032 heater_bed: target=0 temp=22.1 pwm=0.000 print_time=438.165 buffer_time=0.000 print_stall=0 extruder: target=0 temp=23.0 pwm=0.000 extruder1: target=0 temp=23.2 pwm=0.000 sysload=4.22 cputime=8.862 memavail=555880
Stats 490.6: gcodein=0 mcu: mcu_awake=0.000 mcu_task_avg=0.000001 mcu_task_stddev=0.000001 bytes_write=5331 bytes_read=82111 bytes_retransmit=9 bytes_invalid=0 send_seq=668 receive_seq=668 retransmit_seq=2 srtt=0.001 rttvar=0.000 rto=0.025 ready_bytes=0 upcoming_bytes=0 freq=520022028 heater_bed: target=0 temp=21.9 pwm=0.000 print_time=438.165 buffer_time=0.000 print_stall=0 extruder: target=0 temp=23.0 pwm=0.000 extruder1: target=0 temp=23.2 pwm=0.000 sysload=4.44 cputime=8.876 memavail=555880
Stats 832.8: gcodein=0 mcu: mcu_awake=0.000 mcu_task_avg=0.000001 mcu_task_stddev=0.000001 bytes_write=7435 bytes_read=139733 bytes_retransmit=9 bytes_invalid=0 send_seq=1017 receive_seq=1017 retransmit_seq=2 srtt=0.001 rttvar=0.000 rto=0.025 ready_bytes=0 upcoming_bytes=0 freq=520021724 heater_bed: target=0 temp=22.2 pwm=0.000 print_time=839.082 buffer_time=0.000 print_stall=0 extruder: target=0 temp=23.2 pwm=0.000 extruder1: target=0 temp=23.3 pwm=0.000 sysload=0.50 cputime=13.520 memavail=591800
Stats 833.8: gcodein=0 mcu: mcu_awake=0.000 mcu_task_avg=0.000001 mcu_task_stddev=0.000001 bytes_write=7441 bytes_read=139899 bytes_retransmit=9 bytes_invalid=0 send_seq=1018 receive_seq=1018 retransmit_seq=2 srtt=0.001 rttvar=0.000 rto=0.025 ready_bytes=0 upcoming_bytes=0 freq=520021717 heater_bed: target=0 temp=22.4 pwm=0.000 print_time=839.082 buffer_time=0.000 print_stall=0 extruder: target=0 temp=23.2 pwm=0.000 extruder1: target=0 temp=23.2 pwm=0.000 sysload=0.50 cputime=13.530 memavail=591640
Stats 834.8: gcodein=0 mcu: mcu_awake=0.000 mcu_task_avg=0.000001 mcu_task_stddev=0.000001 bytes_write=7447 bytes_read=140079 bytes_retransmit=9 bytes_invalid=0 send_seq=1019 receive_seq=1019 retransmit_seq=2 srtt=0.001 rttvar=0.000 rto=0.025 ready_bytes=0 upcoming_bytes=0 freq=520021711 heater_bed: target=0 temp=22.5 pwm=0.000 print_time=839.082 buffer_time=0.000 print_stall=0 extruder: target=0 temp=23.2 pwm=0.000 extruder1: target=0 temp=23.2 pwm=0.000 sysload=0.50 cputime=13.540 memavail=593712
Stats 835.8: gcodein=0 mcu: mcu_awake=0.000 mcu_task_avg=0.000001 mcu_task_stddev=0.000001 bytes_write=7453 bytes_read=140240 bytes_retransmit=9 bytes_invalid=0 send_seq=1020 receive_seq=1020 retransmit_seq=2 srtt=0.001 rttvar=0.000 rto=0.025 ready_bytes=0 upcoming_bytes=0 freq=520021699 heater_bed: target=0 temp=22.6 pwm=0.000 print_time=839.082 buffer_time=0.000 print_stall=0 extruder: target=0 temp=23.1 pwm=0.000 extruder1: target=0 temp=23.2 pwm=0.000 sysload=0.46 cputime=13.550 memavail=593524
Stats 836.8: gcodein=0 mcu: mcu_awake=0.000 mcu_task_avg=0.000001 mcu_task_stddev=0.000001 bytes_write=7459 bytes_read=140406 bytes_retransmit=9 bytes_invalid=0 send_seq=1021 receive_seq=1021 retransmit_seq=2 srtt=0.001 rttvar=0.000 rto=0.025 ready_bytes=0 upcoming_bytes=0 freq=520021698 heater_bed: target=0 temp=22.7 pwm=0.000 print_time=839.082 buffer_time=0.000 print_stall=0 extruder: target=0 temp=23.1 pwm=0.000 extruder1: target=0 temp=23.2 pwm=0.000 sysload=0.46 cputime=13.561 memavail=593524
Stats 837.8: gcodein=0 mcu: mcu_awake=0.000 mcu_task_avg=0.000001 mcu_task_stddev=0.000001 bytes_write=7465 bytes_read=140572 bytes_retransmit=9 bytes_invalid=0 send_seq=1022 receive_seq=1022 retransmit_seq=2 srtt=0.001 rttvar=0.000 rto=0.025 ready_bytes=0 upcoming_bytes=0 freq=520021724 heater_bed: target=0 temp=22.8 pwm=0.000 print_time=839.082 buffer_time=0.000 print_stall=0 extruder: target=0 temp=23.2 pwm=0.000 extruder1: target=0 temp=23.1 pwm=0.000 sysload=0.46 cputime=13.579 memavail=593508
Stats 838.8: gcodein=0 mcu: mcu_awake=0.000 mcu_task_avg=0.000001 mcu_task_stddev=0.000001 bytes_write=7471 bytes_read=140738 bytes_retransmit=9 bytes_invalid=0 send_seq=1023 receive_seq=1023 retransmit_seq=2 srtt=0.001 rttvar=0.000 rto=0.025 ready_bytes=0 upcoming_bytes=0 freq=520021736 heater_bed: target=0 temp=22.9 pwm=0.000 print_time=839.082 buffer_time=0.000 print_stall=0 extruder: target=0 temp=23.2 pwm=0.000 extruder1: target=0 temp=23.2 pwm=0.000 sysload=0.46 cputime=13.598 memavail=592792
Stats 839.8: gcodein=0 mcu: mcu_awake=0.000 mcu_task_avg=0.000001 mcu_task_stddev=0.000001 bytes_write=7477 bytes_read=140918 bytes_retransmit=9 bytes_invalid=0 send_seq=1024 receive_seq=1024 retransmit_seq=2 srtt=0.001 rttvar=0.000 rto=0.025 ready_bytes=0 upcoming_bytes=0 freq=520021745 heater_bed: target=0 temp=23.0 pwm=0.000 print_time=839.082 buffer_time=0.000 print_stall=0 extruder: target=0 temp=23.2 pwm=0.000 extruder1: target=0 temp=23.2 pwm=0.000 sysload=0.46 cputime=13.615 memavail=584816
Stats 840.8: gcodein=0 mcu: mcu_awake=0.000 mcu_task_avg=0.000001 mcu_task_stddev=0.000001 bytes_write=7483 bytes_read=141084 bytes_retransmit=9 bytes_invalid=0 send_seq=1025 receive_seq=1025 retransmit_seq=2 srtt=0.001 rttvar=0.000 rto=0.025 ready_bytes=0 upcoming_bytes=0 freq=520021730 heater_bed: target=0 temp=23.0 pwm=0.000 print_time=839.082 buffer_time=0.000 print_stall=0 extruder: target=0 temp=23.2 pwm=0.000 extruder1: target=0 temp=23.2 pwm=0.000 sysload=0.50 cputime=13.625 memavail=584844
Stats 841.8: gcodein=0 mcu: mcu_awake=0.000 mcu_task_avg=0.000001 mcu_task_stddev=0.000001 bytes_write=7489 bytes_read=141250 bytes_retransmit=9 bytes_invalid=0 send_seq=1026 receive_seq=1026 retransmit_seq=2 srtt=0.001 rttvar=0.000 rto=0.025 ready_bytes=0 upcoming_bytes=0 freq=520021718 heater_bed: target=0 temp=23.1 pwm=0.000 print_time=839.082 buffer_time=0.000 print_stall=0 extruder: target=0 temp=23.2 pwm=0.000 extruder1: target=0 temp=23.2 pwm=0.000 sysload=0.50 cputime=13.635 memavail=584852
Stats 842.8: gcodein=0 mcu: mcu_awake=0.000 mcu_task_avg=0.000001 mcu_task_stddev=0.000001 bytes_write=7495 bytes_read=141416 bytes_retransmit=9 bytes_invalid=0 send_seq=1027 receive_seq=1027 retransmit_seq=2 srtt=0.001 rttvar=0.000 rto=0.025 ready_bytes=0 upcoming_bytes=0 freq=520021708 heater_bed: target=0 temp=23.1 pwm=0.000 print_time=839.082 buffer_time=0.000 print_stall=0 extruder: target=0 temp=23.1 pwm=0.000 extruder1: target=0 temp=23.2 pwm=0.000 sysload=0.50 cputime=13.645 memavail=584852
Stats 843.8: gcodein=0 mcu: mcu_awake=0.000 mcu_task_avg=0.000001 mcu_task_stddev=0.000001 bytes_write=7501 bytes_read=141579 bytes_retransmit=9 bytes_invalid=0 send_seq=1028 receive_seq=1028 retransmit_seq=2 srtt=0.001 rttvar=0.000 rto=0.025 ready_bytes=0 upcoming_bytes=0 freq=520021710 heater_bed: target=0 temp=23.1 pwm=0.000 print_time=839.082 buffer_time=0.000 print_stall=0 extruder: target=0 temp=23.2 pwm=0.000 extruder1: target=0 temp=23.2 pwm=0.000 sysload=0.50 cputime=13.660 memavail=585300
Stats 844.8: gcodein=0 mcu: mcu_awake=0.000 mcu_task_avg=0.000001 mcu_task_stddev=0.000001 bytes_write=7507 bytes_read=141756 bytes_retransmit=9 bytes_invalid=0 send_seq=1029 receive_seq=1029 retransmit_seq=2 srtt=0.001 rttvar=0.000 rto=0.025 ready_bytes=0 upcoming_bytes=0 freq=520021715 heater_bed: target=0 temp=23.2 pwm=0.000 print_time=839.082 buffer_time=0.000 print_stall=0 extruder: target=0 temp=23.2 pwm=0.000 extruder1: target=0 temp=23.1 pwm=0.000 sysload=0.50 cputime=13.675 memavail=586100
Stats 845.8: gcodein=0 mcu: mcu_awake=0.000 mcu_task_avg=0.000001 mcu_task_stddev=0.000001 bytes_write=7513 bytes_read=141922 bytes_retransmit=9 bytes_invalid=0 send_seq=1030 receive_seq=1030 retransmit_seq=2 srtt=0.001 rttvar=0.000 rto=0.025 ready_bytes=0 upcoming_bytes=0 freq=520021708 heater_bed: target=0 temp=23.1 pwm=0.000 print_time=839.082 buffer_time=0.000 print_stall=0 extruder: target=0 temp=23.2 pwm=0.000 extruder1: target=0 temp=23.1 pwm=0.000 sysload=0.46 cputime=13.686 memavail=586280
Stats 846.8: gcodein=0 mcu: mcu_awake=0.000 mcu_task_avg=0.000001 mcu_task_stddev=0.000001 bytes_write=7519 bytes_read=142088 bytes_retransmit=9 bytes_invalid=0 send_seq=1031 receive_seq=1031 retransmit_seq=2 srtt=0.001 rttvar=0.000 rto=0.025 ready_bytes=0 upcoming_bytes=0 freq=520021702 heater_bed: target=0 temp=23.1 pwm=0.000 print_time=839.082 buffer_time=0.000 print_stall=0 extruder: target=0 temp=23.2 pwm=0.000 extruder1: target=0 temp=23.1 pwm=0.000 sysload=0.46 cputime=13.697 memavail=586680
Stats 847.8: gcodein=0 mcu: mcu_awake=0.000 mcu_task_avg=0.000001 mcu_task_stddev=0.000001 bytes_write=7525 bytes_read=142254 bytes_retransmit=9 bytes_invalid=0 send_seq=1032 receive_seq=1032 retransmit_seq=2 srtt=0.001 rttvar=0.000 rto=0.025 ready_bytes=0 upcoming_bytes=0 freq=520021696 heater_bed: target=0 temp=23.0 pwm=0.000 print_time=839.082 buffer_time=0.000 print_stall=0 extruder: target=0 temp=23.2 pwm=0.000 extruder1: target=0 temp=23.2 pwm=0.000 sysload=0.46 cputime=13.707 memavail=586536
Stats 848.8: gcodein=0 mcu: mcu_awake=0.000 mcu_task_avg=0.000001 mcu_task_stddev=0.000001 bytes_write=7531 bytes_read=142420 bytes_retransmit=9 bytes_invalid=0 send_seq=1033 receive_seq=1033 retransmit_seq=2 srtt=0.001 rttvar=0.000 rto=0.025 ready_bytes=0 upcoming_bytes=0 freq=520021689 heater_bed: target=0 temp=22.9 pwm=0.000 print_time=839.082 buffer_time=0.000 print_stall=0 extruder: target=0 temp=23.2 pwm=0.000 extruder1: target=0 temp=23.2 pwm=0.000 sysload=0.46 cputime=13.718 memavail=586536
Stats 849.8: gcodein=0 mcu: mcu_awake=0.000 mcu_task_avg=0.000001 mcu_task_stddev=0.000001 bytes_write=7537 bytes_read=142586 bytes_retransmit=9 bytes_invalid=0 send_seq=1034 receive_seq=1034 retransmit_seq=2 srtt=0.001 rttvar=0.000 rto=0.025 ready_bytes=0 upcoming_bytes=0 freq=520021684 heater_bed: target=0 temp=22.8 pwm=0.000 print_time=839.082 buffer_time=0.000 print_stall=0 extruder: target=0 temp=23.2 pwm=0.000 extruder1: target=0 temp=23.3 pwm=0.000 sysload=0.46 cputime=13.728 memavail=586536
Stats 850.9: gcodein=0 mcu: mcu_awake=0.000 mcu_task_avg=0.000001 mcu_task_stddev=0.000001 bytes_write=7543 bytes_read=142766 bytes_retransmit=9 bytes_invalid=0 send_seq=1035 receive_seq=1035 retransmit_seq=2 srtt=0.001 rttvar=0.000 rto=0.025 ready_bytes=0 upcoming_bytes=0 freq=520021700 heater_bed: target=0 temp=22.7 pwm=0.000 print_time=839.082 buffer_time=0.000 print_stall=0 extruder: target=0 temp=23.2 pwm=0.000 extruder1: target=0 temp=23.2 pwm=0.000 sysload=0.43 cputime=13.744 memavail=586536
Stats 851.9: gcodein=0 mcu: mcu_awake=0.000 mcu_task_avg=0.000001 mcu_task_stddev=0.000001 bytes_write=7549 bytes_read=142931 bytes_retransmit=9 bytes_invalid=0 send_seq=1036 receive_seq=1036 retransmit_seq=2 srtt=0.001 rttvar=0.000 rto=0.025 ready_bytes=0 upcoming_bytes=0 freq=520021706 heater_bed: target=0 temp=22.6 pwm=0.000 print_time=839.082 buffer_time=0.000 print_stall=0 extruder: target=0 temp=23.2 pwm=0.000 extruder1: target=0 temp=23.2 pwm=0.000 sysload=0.43 cputime=13.759 memavail=586540
Stats 852.9: gcodein=0 mcu: mcu_awake=0.000 mcu_task_avg=0.000001 mcu_task_stddev=0.000001 bytes_write=7555 bytes_read=143092 bytes_retransmit=9 bytes_invalid=0 send_seq=1037 receive_seq=1037 retransmit_seq=2 srtt=0.001 rttvar=0.000 rto=0.025 ready_bytes=0 upcoming_bytes=0 freq=520021709 heater_bed: target=0 temp=22.5 pwm=0.000 print_time=839.082 buffer_time=0.000 print_stall=0 extruder: target=0 temp=23.1 pwm=0.000 extruder1: target=0 temp=23.2 pwm=0.000 sysload=0.43 cputime=13.775 memavail=586548
Stats 853.9: gcodein=0 mcu: mcu_awake=0.000 mcu_task_avg=0.000001 mcu_task_stddev=0.000001 bytes_write=7561 bytes_read=143258 bytes_retransmit=9 bytes_invalid=0 send_seq=1038 receive_seq=1038 retransmit_seq=2 srtt=0.001 rttvar=0.000 rto=0.025 ready_bytes=0 upcoming_bytes=0 freq=520021708 heater_bed: target=0 temp=22.4 pwm=0.000 print_time=839.082 buffer_time=0.000 print_stall=0 extruder: target=0 temp=23.2 pwm=0.000 extruder1: target=0 temp=23.2 pwm=0.000 sysload=0.43 cputime=13.791 memavail=586548
Stats 854.9: gcodein=0 mcu: mcu_awake=0.000 mcu_task_avg=0.000001 mcu_task_stddev=0.000001 bytes_write=7567 bytes_read=143424 bytes_retransmit=9 bytes_invalid=0 send_seq=1039 receive_seq=1039 retransmit_seq=2 srtt=0.001 rttvar=0.000 rto=0.025 ready_bytes=0 upcoming_bytes=0 freq=520021712 heater_bed: target=0 temp=22.2 pwm=0.000 print_time=839.082 buffer_time=0.000 print_stall=0 extruder: target=0 temp=23.2 pwm=0.000 extruder1: target=0 temp=23.1 pwm=0.000 sysload=0.43 cputime=13.806 memavail=584848
Stats 855.9: gcodein=0 mcu: mcu_awake=0.000 mcu_task_avg=0.000001 mcu_task_stddev=0.000001 bytes_write=7573 bytes_read=143604 bytes_retransmit=9 bytes_invalid=0 send_seq=1040 receive_seq=1040 retransmit_seq=2 srtt=0.001 rttvar=0.000 rto=0.025 ready_bytes=0 upcoming_bytes=0 freq=520021715 heater_bed: target=0 temp=22.1 pwm=0.000 print_time=839.082 buffer_time=0.000 print_stall=0 extruder: target=0 temp=23.2 pwm=0.000 extruder1: target=0 temp=23.2 pwm=0.000 sysload=0.39 cputime=13.822 memavail=584784
Stats 856.9: gcodein=0 mcu: mcu_awake=0.000 mcu_task_avg=0.000001 mcu_task_stddev=0.000001 bytes_write=7579 bytes_read=143770 bytes_retransmit=9 bytes_invalid=0 send_seq=1041 receive_seq=1041 retransmit_seq=2 srtt=0.001 rttvar=0.000 rto=0.025 ready_bytes=0 upcoming_bytes=0 freq=520021721 heater_bed: target=0 temp=21.9 pwm=0.000 print_time=839.082 buffer_time=0.000 print_stall=0 extruder: target=0 temp=23.2 pwm=0.000 extruder1: target=0 temp=23.1 pwm=0.000 sysload=0.39 cputime=13.838 memavail=584792
Stats 857.9: gcodein=0 mcu: mcu_awake=0.000 mcu_task_avg=0.000001 mcu_task_stddev=0.000001 bytes_write=7585 bytes_read=143936 bytes_retransmit=9 bytes_invalid=0 send_seq=1042 receive_seq=1042 retransmit_seq=2 srtt=0.001 rttvar=0.000 rto=0.025 ready_bytes=0 upcoming_bytes=0 freq=520021722 heater_bed: target=0 temp=21.9 pwm=0.000 print_time=839.082 buffer_time=0.000 print_stall=0 extruder: target=0 temp=23.2 pwm=0.000 extruder1: target=0 temp=23.2 pwm=0.000 sysload=0.39 cputime=13.854 memavail=584796
Stats 858.9: gcodein=0 mcu: mcu_awake=0.000 mcu_task_avg=0.000001 mcu_task_stddev=0.000001 bytes_write=7591 bytes_read=144102 bytes_retransmit=9 bytes_invalid=0 send_seq=1043 receive_seq=1043 retransmit_seq=2 srtt=0.001 rttvar=0.000 rto=0.025 ready_bytes=0 upcoming_bytes=0 freq=520021723 heater_bed: target=0 temp=21.7 pwm=0.000 print_time=839.082 buffer_time=0.000 print_stall=0 extruder: target=0 temp=23.1 pwm=0.000 extruder1: target=0 temp=23.4 pwm=0.000 sysload=0.39 cputime=13.869 memavail=584796
Stats 859.9: gcodein=0 mcu: mcu_awake=0.000 mcu_task_avg=0.000001 mcu_task_stddev=0.000001 bytes_write=7597 bytes_read=144268 bytes_retransmit=9 bytes_invalid=0 send_seq=1044 receive_seq=1044 retransmit_seq=2 srtt=0.001 rttvar=0.000 rto=0.025 ready_bytes=0 upcoming_bytes=0 freq=520021724 heater_bed: target=0 temp=21.6 pwm=0.000 print_time=839.082 buffer_time=0.000 print_stall=0 extruder: target=0 temp=23.0 pwm=0.000 extruder1: target=0 temp=23.2 pwm=0.000 sysload=0.39 cputime=13.884 memavail=584796
Stats 860.9: gcodein=0 mcu: mcu_awake=0.000 mcu_task_avg=0.000001 mcu_task_stddev=0.000001 bytes_write=7603 bytes_read=144442 bytes_retransmit=9 bytes_invalid=0 send_seq=1045 receive_seq=1045 retransmit_seq=2 srtt=0.001 rttvar=0.000 rto=0.025 ready_bytes=0 upcoming_bytes=0 freq=520021727 heater_bed: target=0 temp=21.6 pwm=0.000 print_time=839.082 buffer_time=0.000 print_stall=0 extruder: target=0 temp=23.2 pwm=0.000 extruder1: target=0 temp=23.2 pwm=0.000 sysload=0.36 cputime=13.901 memavail=584796
Stats 861.9: gcodein=0 mcu: mcu_awake=0.000 mcu_task_avg=0.000001 mcu_task_stddev=0.000001 bytes_write=7609 bytes_read=144608 bytes_retransmit=9 bytes_invalid=0 send_seq=1046 receive_seq=1046 retransmit_seq=2 srtt=0.001 rttvar=0.000 rto=0.025 ready_bytes=0 upcoming_bytes=0 freq=520021735 heater_bed: target=0 temp=21.5 pwm=0.000 print_time=839.082 buffer_time=0.000 print_stall=0 extruder: target=0 temp=23.2 pwm=0.000 extruder1: target=0 temp=23.2 pwm=0.000 sysload=0.36 cputime=13.917 memavail=584796
Stats 862.9: gcodein=0 mcu: mcu_awake=0.000 mcu_task_avg=0.000001 mcu_task_stddev=0.000001 bytes_write=7615 bytes_read=144774 bytes_retransmit=9 bytes_invalid=0 send_seq=1047 receive_seq=1047 retransmit_seq=2 srtt=0.001 rttvar=0.000 rto=0.025 ready_bytes=0 upcoming_bytes=0 freq=520021739 heater_bed: target=0 temp=21.5 pwm=0.000 print_time=839.082 buffer_time=0.000 print_stall=0 extruder: target=0 temp=23.2 pwm=0.000 extruder1: target=0 temp=23.0 pwm=0.000 sysload=0.36 cputime=13.932 memavail=584796
                                                                                                                                                                                                                                                                                                                                                                                                                                                                                                                                                                                                                                                                                                                                                                                                                                                                                                                                                                                                                                                          Starting Klippy...
Args: ['/home/pi/klipper/klippy/klippy.py', '/home/pi/printer_data/config/printer.cfg', '-I', '/home/pi/printer_data/comms/klippy.serial', '-l', '/home/pi/printer_data/logs/klippy.log', '-a', '/home/pi/printer_data/comms/klippy.sock']
Git version: 'v0.13.0-641-g2239041d-dirty'
Untracked files: klippy/extras/bed_thermal_adjust.py, klippy/extras/manual_rail.py, klippy/extras/multi_fan.py, klippy/extras/rounded_path.py, klippy/extras/tool.py, klippy/extras/tool_probe.py, klippy/extras/tool_probe_endstop.py, klippy/extras/toolchanger.py, klippy/extras/tools_calibrate.py
Branch: master
Remote: origin
Tracked URL: https://github.com/Klipper3d/klipper
CPU: 4 core ?
Device: Raspberry Pi 3 Model B Rev 1.2
Linux: Linux version 6.12.75+rpt-rpi-v8 (serge@raspberrypi.com) (aarch64-linux-gnu-gcc-14 (Debian 14.2.0-19) 14.2.0, GNU ld (GNU Binutils for Debian) 2.44) #1 SMP PREEMPT Debian 1:6.12.75-1+rpt1 (2026-03-11)
Python: '3.13.5 (main, Jun 25 2025, 18:55:22) [GCC 14.2.0]'
Start printer at Wed May 20 12:00:18 2026 (1779242418.1 36.6)
===== Config file =====
[virtual_sdcard]
path = ~/printer_data/gcodes
on_error_gcode = CANCEL_PRINT

[pause_resume]

[display_status]

[respond]

[gcode_macro CANCEL_PRINT]
description = Cancel the actual running print
rename_existing = CANCEL_PRINT_BASE
gcode = 
	
	{% set client = printer['gcode_macro _CLIENT_VARIABLE'] | default({}) %}
	{% set allow_park = client.park_at_cancel | default(false) | lower == 'true' %}
	{% set retract = client.cancel_retract | default(5.0) | abs %}
	
	{% set park_x = "" if (client.park_at_cancel_x | default(none) is none)
	else "X=" ~ client.park_at_cancel_x %}
	{% set park_y = "" if (client.park_at_cancel_y | default(none) is none)
	else "Y=" ~ client.park_at_cancel_y %}
	{% set custom_park = park_x | length > 0 or park_y | length > 0 %}
	
	
	{% if printer['gcode_macro RESUME'].restore_idle_timeout > 0 %}
	SET_IDLE_TIMEOUT TIMEOUT={printer['gcode_macro RESUME'].restore_idle_timeout}
	{% endif %}
	{% if (custom_park or not printer.pause_resume.is_paused) and allow_park %} _TOOLHEAD_PARK_PAUSE_CANCEL {park_x} {park_y} {% endif %}
	_CLIENT_RETRACT LENGTH={retract}
	TURN_OFF_HEATERS
	M106 S0
	{client.user_cancel_macro | default("")}
	SET_GCODE_VARIABLE MACRO=RESUME VARIABLE=idle_state VALUE=False
	
	SET_PAUSE_NEXT_LAYER ENABLE=0
	SET_PAUSE_AT_LAYER ENABLE=0 LAYER=0
	CANCEL_PRINT_BASE

[gcode_macro PAUSE]
description = Pause the actual running print
rename_existing = PAUSE_BASE
gcode = 
	
	{% set client = printer['gcode_macro _CLIENT_VARIABLE'] | default({}) %}
	{% set idle_timeout = client.idle_timeout | default(0) %}
	{% set temp = printer[printer.toolhead.extruder].target if printer.toolhead.extruder != '' else 0 %}
	{% set restore = False if printer.toolhead.extruder == ''
	else True  if params.RESTORE | default(1) | int == 1 else False %}
	
	SET_GCODE_VARIABLE MACRO=RESUME VARIABLE=last_extruder_temp VALUE="{{'restore': restore, 'temp': temp}}"
	
	{% if idle_timeout > 0 %}
	SET_GCODE_VARIABLE MACRO=RESUME VARIABLE=restore_idle_timeout VALUE={printer.configfile.settings.idle_timeout.timeout}
	SET_IDLE_TIMEOUT TIMEOUT={idle_timeout}
	{% endif %}
	PAUSE_BASE
	{client.user_pause_macro | default("")}
	_TOOLHEAD_PARK_PAUSE_CANCEL {rawparams}

[gcode_macro RESUME]
description = Resume the actual running print
rename_existing = RESUME_BASE
variable_last_extruder_temp = {'restore': False, 'temp': 0}
variable_restore_idle_timeout = 0
variable_idle_state = False
gcode = 
	
	{% set client = printer['gcode_macro _CLIENT_VARIABLE'] | default({}) %}
	{% set velocity = printer.configfile.settings.pause_resume.recover_velocity %}
	{% set sp_move = client.speed_move | default(velocity) %}
	{% set runout_resume = True if client.runout_sensor | default("") == ""
	else True if not printer[client.runout_sensor].enabled
	else printer[client.runout_sensor].filament_detected %}
	{% set can_extrude = True if printer.toolhead.extruder == ''
	else printer[printer.toolhead.extruder].can_extrude %}
	{% set do_resume = False %}
	{% set prompt_txt = [] %}
	
	
	{% if printer.idle_timeout.state | upper == "IDLE" or idle_state %}
	SET_GCODE_VARIABLE MACRO=RESUME VARIABLE=idle_state VALUE=False
	{% if last_extruder_temp.restore %}
	
	RESPOND TYPE=echo MSG='{"Restoring \"%s\" temperature to %3.1f\u00B0C, this may take some time" % (printer.toolhead.extruder, last_extruder_temp.temp) }'
	M109 S{last_extruder_temp.temp}
	{% set do_resume = True %}
	{% elif can_extrude %}
	{% set do_resume = True %}
	{% else %}
	RESPOND TYPE=error MSG='{"Resume aborted !!! \"%s\" not hot enough, please heat up again and press RESUME" % printer.toolhead.extruder}'
	{% set _d = prompt_txt.append("\"%s\" not hot enough, please heat up again and press RESUME" % printer.toolhead.extruder) %}
	{% endif %}
	
	{% elif can_extrude %}
	{% set do_resume = True %}
	{% else %}
	RESPOND TYPE=error MSG='{"Resume aborted !!! \"%s\" not hot enough, please heat up again and press RESUME" % printer.toolhead.extruder}'
	{% set _d = prompt_txt.append("\"%s\" not hot enough, please heat up again and press RESUME" % printer.toolhead.extruder) %}
	{% endif %}
	{% if runout_resume %}
	{% if do_resume %}
	{% if restore_idle_timeout > 0 %} SET_IDLE_TIMEOUT TIMEOUT={restore_idle_timeout} {% endif %}
	{client.user_resume_macro | default("")}
	_CLIENT_EXTRUDE
	RESUME_BASE VELOCITY={params.VELOCITY | default(sp_move)}
	{% endif %}
	{% else %}
	RESPOND TYPE=error MSG='{"Resume aborted !!! \"%s\" detects no filament, please load filament and press RESUME" % (client.runout_sensor.split(" "))[1]}'
	{% set _d = prompt_txt.append("\"%s\" detects no filament, please load filament and press RESUME" % (client.runout_sensor.split(" "))[1]) %}
	{% endif %}
	
	{% if not (runout_resume and do_resume) %}
	RESPOND TYPE=command MSG="action:prompt_begin RESUME aborted !!!"
	{% for element in prompt_txt %}
	RESPOND TYPE=command MSG='{"action:prompt_text %s" % element}'
	{% endfor %}
	RESPOND TYPE=command MSG="action:prompt_footer_button Ok|RESPOND TYPE=command MSG=action:prompt_end|info"
	RESPOND TYPE=command MSG="action:prompt_show"
	{% endif %}

[gcode_macro SET_PAUSE_NEXT_LAYER]
description = Enable a pause if the next layer is reached
gcode = 
	{% set pause_next_layer = printer['gcode_macro SET_PRINT_STATS_INFO'].pause_next_layer %}
	{% set ENABLE = params.ENABLE | default(1)|int != 0 %}
	{% set MACRO = params.MACRO | default(pause_next_layer.call, True) %}
	SET_GCODE_VARIABLE MACRO=SET_PRINT_STATS_INFO VARIABLE=pause_next_layer VALUE="{{ 'enable': ENABLE, 'call': MACRO }}"

[gcode_macro SET_PAUSE_AT_LAYER]
description = Enable/disable a pause if a given layer number is reached
gcode = 
	{% set pause_at_layer = printer['gcode_macro SET_PRINT_STATS_INFO'].pause_at_layer %}
	{% set ENABLE = params.ENABLE | int != 0 if params.ENABLE is defined
	else params.LAYER is defined %}
	{% set LAYER = params.LAYER | default(pause_at_layer.layer) | int %}
	{% set MACRO = params.MACRO | default(pause_at_layer.call, True) %}
	SET_GCODE_VARIABLE MACRO=SET_PRINT_STATS_INFO VARIABLE=pause_at_layer VALUE="{{ 'enable': ENABLE, 'layer': LAYER, 'call': MACRO }}"

[gcode_macro SET_PRINT_STATS_INFO]
rename_existing = SET_PRINT_STATS_INFO_BASE
description = Overwrite, to get pause_next_layer and pause_at_layer feature
variable_pause_next_layer = { 'enable': False, 'call': "PAUSE" }
variable_pause_at_layer = { 'enable': False, 'layer': 0, 'call': "PAUSE" }
gcode = 
	{% if pause_next_layer.enable %}
	RESPOND TYPE=echo MSG='{"%s, forced by pause_next_layer" % pause_next_layer.call}'
	{pause_next_layer.call}
	SET_PAUSE_NEXT_LAYER ENABLE=0
	{% elif pause_at_layer.enable and params.CURRENT_LAYER is defined and params.CURRENT_LAYER | int == pause_at_layer.layer %}
	RESPOND TYPE=echo MSG='{"%s, forced by pause_at_layer [%d]" % (pause_at_layer.call, pause_at_layer.layer)}'
	{pause_at_layer.call}
	SET_PAUSE_AT_LAYER ENABLE=0
	{% endif %}
	SET_PRINT_STATS_INFO_BASE {rawparams}

[gcode_macro _TOOLHEAD_PARK_PAUSE_CANCEL]
description = Helper: park toolhead used in PAUSE and CANCEL_PRINT
gcode = 
	
	{% set client = printer['gcode_macro _CLIENT_VARIABLE'] | default({}) %}
	{% set velocity = printer.configfile.settings.pause_resume.recover_velocity %}
	{% set use_custom     = client.use_custom_pos | default(false) | lower == 'true' %}
	{% set custom_park_x  = client.custom_park_x | default(0.0) %}
	{% set custom_park_y  = client.custom_park_y | default(0.0) %}
	{% set park_dz        = client.custom_park_dz | default(2.0) | abs %}
	{% set sp_hop         = client.speed_hop | default(15) * 60 %}
	{% set sp_move        = client.speed_move | default(velocity) * 60 %}
	
	{% set origin    = printer.gcode_move.homing_origin %}
	{% set act       = printer.gcode_move.gcode_position %}
	{% set max       = printer.toolhead.axis_maximum %}
	{% set cone      = printer.toolhead.cone_start_z | default(max.z) %}
	{% set round_bed = True if printer.configfile.settings.printer.kinematics is in ['delta','polar','rotary_delta','winch']
	else False %}
	
	{% set z_min = params.Z_MIN | default(0) | float %}
	{% set z_park = [[(act.z + park_dz), z_min]|max, (max.z - origin.z)] | min %}
	{% set x_park = params.X       if params.X is defined
	else custom_park_x  if use_custom
	else 0.0            if round_bed
	else (max.x - 5.0) %}
	{% set y_park = params.Y       if params.Y is defined
	else custom_park_y  if use_custom
	else (max.y - 5.0)  if round_bed and z_park < cone
	else 0.0            if round_bed
	else (max.y - 5.0) %}
	
	_CLIENT_RETRACT
	{% if "xyz" in printer.toolhead.homed_axes %}
	G90
	G1 Z{z_park} F{sp_hop}
	G1 X{x_park} Y{y_park} F{sp_move}
	{% if not printer.gcode_move.absolute_coordinates %} G91 {% endif %}
	{% else %}
	RESPOND TYPE=echo MSG='Printer not homed'
	{% endif %}

[gcode_macro _CLIENT_EXTRUDE]
description = Extrudes, if the extruder is hot enough
gcode = 
	
	{% set client = printer['gcode_macro _CLIENT_VARIABLE'] | default({}) %}
	{% set use_fw_retract = (client.use_fw_retract | default(false) | lower == 'true') and (printer.firmware_retraction is defined) %}
	{% set length = params.LENGTH | default(client.unretract) | default(1.0) | float %}
	{% set speed = params.SPEED | default(client.speed_unretract) | default(35) %}
	{% set absolute_extrude = printer.gcode_move.absolute_extrude %}
	
	{% if printer.toolhead.extruder != '' %}
	{% if printer[printer.toolhead.extruder].can_extrude %}
	{% if use_fw_retract %}
	{% if length < 0 %}
	G10
	{% else %}
	G11
	{% endif %}
	{% else %}
	M83
	G1 E{length} F{(speed | float | abs) * 60}
	{% if absolute_extrude %}
	M82
	{% endif %}
	{% endif %}
	{% else %}
	RESPOND TYPE=echo MSG='{"\"%s\" not hot enough" % printer.toolhead.extruder}'
	{% endif %}
	{% endif %}

[gcode_macro _CLIENT_RETRACT]
description = Retracts, if the extruder is hot enough
gcode = 
	{% set client = printer['gcode_macro _CLIENT_VARIABLE'] | default({}) %}
	{% set length = params.LENGTH | default(client.retract) | default(1.0) | float %}
	{% set speed = params.SPEED | default(client.speed_retract) | default(35) %}
	
	_CLIENT_EXTRUDE LENGTH=-{length | float | abs} SPEED={speed | float | abs}

[gcode_macro _CLIENT_LINEAR_MOVE]
description = Linear move with save and restore of the gcode state
gcode = 
	{% set x_move = "X" ~ params.X if params.X is defined else "" %}
	{% set y_move = "Y" ~ params.Y if params.Y is defined else "" %}
	{% set z_move = "Z" ~ params.Z if params.Z is defined else "" %}
	{% set e_move = "E" ~ params.E if params.E is defined else "" %}
	{% set rate = "F" ~ params.F if params.F is defined else "" %}
	{% set ABSOLUTE = params.ABSOLUTE | default(0) | int != 0 %}
	{% set ABSOLUTE_E = params.ABSOLUTE_E | default(0) | int != 0 %}
	SAVE_GCODE_STATE NAME=_client_movement
	{% if x_move or y_move or z_move %}
	G9{ 0 if ABSOLUTE else 1 }
	{% endif %}
	{% if e_move %}
	M8{ 2 if ABSOLUTE_E else 3 }
	{% endif %}
	G1 { x_move } { y_move } { z_move } { e_move } { rate }
	RESTORE_GCODE_STATE NAME=_client_movement

[toolchanger]
initialize_on = first-use
verify_tool_pickup = False
require_tool_present = False
uses_axis = xyz
on_axis_not_homed = home
transfer_fan_speed = True

[tool T0]
tool_number = 0
extruder = extruder
gcode_x_offset = 0
gcode_y_offset = 0
gcode_z_offset = 0
pickup_gcode = 
	G90
	
	G1 Y10 F8000
	G1 X284
	G1 Y0
	G1 X305 F2000
	G1 Y10 F8000
	G1 X317
	G1 Y60

[tool T1]
tool_number = 1
extruder = extruder1
gcode_x_offset = -17.5
gcode_y_offset = 1.1
gcode_z_offset = -1.55
pickup_gcode = 
	G90
	
	G1 Y10 F8000
	G1 X322
	G1 Y0
	G1 X302 F2000
	G1 Y10 F8000
	G1 X315
	G1 Y60

[gcode_macro PRINT_START]
gcode = 
	{% set BED_TEMP = params.BED_TEMP|default(60)|float %}
	{% set EXTRUDER_TEMP = params.EXTRUDER_TEMP|default(220)|float %}
	{% set EXTRUDER1_TEMP = params.EXTRUDER1_TEMP|default(220)|float %}
	
	M140 S{BED_TEMP}
	M104 T0 S180
	M104 T1 S180
	
	G90
	
	
	G28
	G1 Y10 F8000
	G1 X316
	
	T0
	
	G1 Z10 F500
	
	M190 S{BED_TEMP}
	
	M104 T1 S{EXTRUDER1_TEMP}
	M109 T0 S{EXTRUDER_TEMP}
	M109 T1 S{EXTRUDER1_TEMP}
	
	
	G1 X325 F8000
	G1 Y60
	G1 X270
	G1 Y0
	G1 Z0.2 F1000
	G1 X300 E20
	G1 Z1

[gcode_macro END_PRINT]
gcode = 
	
	M140 S0
	M104 S0
	M106 S0
	
	G90
	G1 Z145 F8000
	
	G1 Y10
	G1 X316
	G90
	
	M84

[gcode_macro PURGE]
gcode = 
	G90
	G1 Y10 F6000
	G1 X325 F6000
	M83
	G1 E40 F500
	G1 Y60 F6000

[gcode_macro SET_AUTO_LIGHTS]
variable_value = 1
gcode = 
	{% if 'VALUE' not in params %}
	{action_raise_error("Parameter 'VALUE' missing from 'SET_AUTO_LIGHTS'")}
	{% endif %}
	{% set state = params.VALUE|int %}
	{% if state %}
	
	SET_LED LED=chamber WHITE=1
	{% else %}
	
	SET_LED LED=chamber WHITE=0
	{% endif %}
	
	
	SET_GCODE_VARIABLE MACRO=SET_AUTO_LIGHTS VARIABLE=value value={state}

[manual_stepper fibre_extruder]
step_pin = PC13
dir_pin = PF0
enable_pin = !PF1
microsteps = 16
rotation_distance = 64.7

[delayed_gcode setdisplayneopixel]
initial_duration = 1
gcode = 
	MANUAL_STEPPER STEPPER=fibre_extruder GCODE_AXIS=U

[gcode_macro CUT]
gcode = 
	SET_SERVO SERVO=cutter angle=0
	G4 P400
	SET_SERVO SERVO=cutter angle=90

[gcode_macro PRIME_FIBRE]
gcode = 
	MANUAL_STEPPER STEPPER=fibre_extruder GCODE_AXIS=
	MANUAL_STEPPER STEPPER=fibre_extruder SET_POSITION=0
	MANUAL_STEPPER STEPPER=fibre_extruder GCODE_AXIS=U
	G1 U47 F500
	MANUAL_STEPPER STEPPER=fibre_extruder GCODE_AXIS=
	MANUAL_STEPPER STEPPER=fibre_extruder SET_POSITION=0
	MANUAL_STEPPER STEPPER=fibre_extruder GCODE_AXIS=U

[mcu]
serial = /dev/serial/by-id/usb-Klipper_stm32h723xx_410014001251313531383332-if00

[force_move]
enable_force_move = true

[printer]
kinematics = corexy
max_velocity = 300
max_accel = 1000

[stepper_x]
step_pin = PF13
dir_pin = !PF12
enable_pin = !PF14
microsteps = 16
rotation_distance = 32
endstop_pin = tmc2209_stepper_x:virtual_endstop
position_endstop = -28
position_min = -28
position_max = 325
homing_speed = 80
homing_retract_dist = 0

[tmc2209 stepper_x]
uart_pin = PC4
diag_pin = ^PG6
run_current = 0.800
driver_sgthrs = 120
stealthchop_threshold = 999999

[stepper_y]
step_pin = PG0
dir_pin = !PG1
enable_pin = !PF15
microsteps = 16
rotation_distance = 32
endstop_pin = PG13
position_endstop = 0
position_max = 210
homing_speed = 50
homing_retract_dist = 0

[tmc2209 stepper_y]
uart_pin = PD11
run_current = 0.800
stealthchop_threshold = 999999

[stepper_z]
step_pin = PF11
dir_pin = PG3
enable_pin = !PG5
microsteps = 16
rotation_distance = 8
endstop_pin = PG12
position_max = 147
position_min = -5
homing_speed = 40
homing_retract_dist = 2
second_homing_speed = 2
position_endstop = 144.935

[tmc2209 stepper_z]
uart_pin = PC6
run_current = 0.650
stealthchop_threshold = 999999

[extruder]
step_pin = PG4
dir_pin = PC1
enable_pin = !PA2
microsteps = 16
rotation_distance = 15.78
nozzle_diameter = 0.6
filament_diameter = 1.75
pressure_advance = 0.3
heater_pin = PA3
sensor_type = PT1000
sensor_pin = PF4
control = pid
pid_kp = 18.702
pid_ki = 0.826
pid_kd = 105.899
min_extrude_temp = 0
min_temp = 0
max_temp = 310
max_extrude_cross_section = 10

[heater_fan heatbreak_0]
pin = PE5
max_power = 1
shutdown_speed = 1
heater = extruder
heater_temp = 50.0
fan_speed = 1.0

[extruder1]
step_pin = PF9
dir_pin = PF10
enable_pin = !PG2
microsteps = 16
rotation_distance = 15.78
nozzle_diameter = 1
filament_diameter = 1.75
pressure_advance = 0.00
heater_pin = PA0
sensor_type = PT1000
sensor_pin = PF5
control = pid
pid_kp = 21.241
pid_ki = 0.782
pid_kd = 144.175
min_extrude_temp = 0
min_temp = 0
max_temp = 310
max_extrude_cross_section = 10

[heater_fan heatbreak_1]
pin = PD12
max_power = 1
shutdown_speed = 1
heater = extruder1
heater_temp = 50.0
fan_speed = 1.0

[multi_pin part_fan]
pins = PD13, PD14

[fan]
pin = multi_pin:part_fan

[heater_bed]
heater_pin = PB11
sensor_type = Generic 3950
sensor_pin = PF3
control = pid
pid_kp = 56.299
pid_ki = 2.145
pid_kd = 369.459
min_temp = 10
max_temp = 120

[fan_generic exhaust]
pin = PB0

[multi_pin control_fan]
pins = PA8, PD15

[controller_fan controller_fan]
pin = multi_pin:control_fan
stepper = stepper_x

[servo cutter]
pin = PB6
maximum_servo_angle = 180
initial_angle = 90

[led chamber]
white_pin = PA1
initial_white = 1.0
=======================
Extruder max_extrude_ratio=4.157517
Extruder max_extrude_ratio=4.157517
mcu 'mcu': Starting serial connect
Loaded MCU 'mcu' 135 commands (v0.13.0-641-g2239041d / gcc: (15:14.2.rel1-1) 14.2.1 20241119 binutils: (2.44-3+23+b2) 2.44)
MCU 'mcu' config: ADC_MAX=4095 BUS_PINS_i2c1_PB6_PB7=PB6,PB7 BUS_PINS_i2c1_PB8_PB9=PB8,PB9 BUS_PINS_i2c2_PB10_PB11=PB10,PB11 BUS_PINS_i2c3_PA8_PC9=PA8,PC9 BUS_PINS_spi1=PA6,PA7,PA5 BUS_PINS_spi1a=PB4,PB5,PB3 BUS_PINS_spi2=PB14,PB15,PB13 BUS_PINS_spi2a=PC2,PC3,PB10 BUS_PINS_spi2b=PI2,PI3,PI1 BUS_PINS_spi3a=PC11,PC12,PC10 BUS_PINS_spi4=PE13,PE14,PE12 BUS_PINS_spi5=PF8,PF9,PF7 BUS_PINS_spi5a=PH7,PF11,PH6 BUS_PINS_spi6=PG12,PG14,PG13 CLOCK_FREQ=520000000 MCU=stm32h723xx PWM_MAX=32768 RESERVE_PINS_USB=PA11,PA12 RESERVE_PINS_crystal=PH0,PH1 STATS_SUMSQ_BASE=256 STEPPER_STEP_BOTH_EDGE=1
Sending MCU 'mcu' printer configuration...
Configured MCU 'mcu' (1024 moves)
Starting heater checks for heater_bed
Starting heater checks for extruder
Starting heater checks for extruder1
Stats 42.0: gcodein=0 mcu: mcu_awake=0.000 mcu_task_avg=0.000000 mcu_task_stddev=0.000000 bytes_write=2766 bytes_read=6672 bytes_retransmit=9 bytes_invalid=0 send_seq=248 receive_seq=248 retransmit_seq=2 srtt=0.001 rttvar=0.000 rto=0.025 ready_bytes=0 upcoming_bytes=0 freq=520031468 heater_bed: target=0 temp=0.0 pwm=0.000 print_time=48.918 buffer_time=0.128 print_stall=0 extruder: target=0 temp=0.0 pwm=0.000 extruder1: target=0 temp=0.0 pwm=0.000 sysload=3.18 cputime=3.609 memavail=690176
Stats 43.0: gcodein=0 mcu: mcu_awake=0.000 mcu_task_avg=0.000000 mcu_task_stddev=0.000000 bytes_write=2772 bytes_read=6772 bytes_retransmit=9 bytes_invalid=0 send_seq=249 receive_seq=249 retransmit_seq=2 srtt=0.001 rttvar=0.001 rto=0.025 ready_bytes=0 upcoming_bytes=0 freq=520026016 heater_bed: target=0 temp=21.5 pwm=0.000 print_time=48.918 buffer_time=0.000 print_stall=0 extruder: target=0 temp=24.1 pwm=0.000 extruder1: target=0 temp=24.1 pwm=0.000 sysload=3.18 cputime=3.616 memavail=663692
Stats 44.0: gcodein=0 mcu: mcu_awake=0.001 mcu_task_avg=0.000002 mcu_task_stddev=0.000002 bytes_write=2778 bytes_read=6953 bytes_retransmit=9 bytes_invalid=0 send_seq=250 receive_seq=250 retransmit_seq=2 srtt=0.001 rttvar=0.001 rto=0.025 ready_bytes=0 upcoming_bytes=0 freq=520027580 heater_bed: target=0 temp=21.4 pwm=0.000 print_time=48.918 buffer_time=0.000 print_stall=0 extruder: target=0 temp=24.1 pwm=0.000 extruder1: target=0 temp=24.1 pwm=0.000 sysload=3.18 cputime=3.624 memavail=649008
Stats 45.0: gcodein=0 mcu: mcu_awake=0.001 mcu_task_avg=0.000002 mcu_task_stddev=0.000002 bytes_write=2784 bytes_read=7134 bytes_retransmit=9 bytes_invalid=0 send_seq=251 receive_seq=251 retransmit_seq=2 srtt=0.001 rttvar=0.001 rto=0.025 ready_bytes=0 upcoming_bytes=0 freq=520022786 heater_bed: target=0 temp=21.4 pwm=0.000 print_time=48.918 buffer_time=0.000 print_stall=0 extruder: target=0 temp=24.2 pwm=0.000 extruder1: target=0 temp=24.1 pwm=0.000 sysload=3.18 cputime=3.630 memavail=641100
Stats 46.0: gcodein=0 mcu: mcu_awake=0.001 mcu_task_avg=0.000002 mcu_task_stddev=0.000002 bytes_write=2790 bytes_read=7285 bytes_retransmit=9 bytes_invalid=0 send_seq=252 receive_seq=252 retransmit_seq=2 srtt=0.001 rttvar=0.001 rto=0.025 ready_bytes=0 upcoming_bytes=0 freq=520022625 heater_bed: target=0 temp=21.3 pwm=0.000 print_time=48.918 buffer_time=0.000 print_stall=0 extruder: target=0 temp=24.1 pwm=0.000 extruder1: target=0 temp=24.1 pwm=0.000 sysload=3.08 cputime=3.638 memavail=634004
Stats 47.0: gcodein=0 mcu: mcu_awake=0.001 mcu_task_avg=0.000002 mcu_task_stddev=0.000002 bytes_write=2796 bytes_read=7451 bytes_retransmit=9 bytes_invalid=0 send_seq=253 receive_seq=253 retransmit_seq=2 srtt=0.001 rttvar=0.001 rto=0.025 ready_bytes=0 upcoming_bytes=0 freq=520022483 heater_bed: target=0 temp=21.3 pwm=0.000 print_time=48.918 buffer_time=0.000 print_stall=0 extruder: target=0 temp=24.1 pwm=0.000 extruder1: target=0 temp=24.1 pwm=0.000 sysload=3.08 cputime=3.645 memavail=628776
webhooks client 548555894000: New connection
webhooks client 548555894000: Client info {'program': 'Moonraker', 'version': 'v0.10.0-19-g1ed102e'}
webhooks: registering remote method 'shutdown_machine' for connection id: 548555894000
webhooks: registering remote method 'reboot_machine' for connection id: 548555894000
webhooks: registering remote method 'pause_job_queue' for connection id: 548555894000
webhooks: registering remote method 'start_job_queue' for connection id: 548555894000
webhooks: registering remote method 'set_device_power' for connection id: 548555894000
Stats 48.0: gcodein=0 mcu: mcu_awake=0.001 mcu_task_avg=0.000002 mcu_task_stddev=0.000002 bytes_write=2802 bytes_read=7632 bytes_retransmit=9 bytes_invalid=0 send_seq=254 receive_seq=254 retransmit_seq=2 srtt=0.001 rttvar=0.001 rto=0.025 ready_bytes=0 upcoming_bytes=0 freq=520022752 heater_bed: target=0 temp=21.3 pwm=0.000 print_time=48.918 buffer_time=0.000 print_stall=0 extruder: target=0 temp=24.1 pwm=0.000 extruder1: target=0 temp=24.1 pwm=0.000 sysload=3.08 cputime=3.670 memavail=618264
Stats 49.0: gcodein=0 mcu: mcu_awake=0.000 mcu_task_avg=0.000001 mcu_task_stddev=0.000001 bytes_write=2808 bytes_read=7797 bytes_retransmit=9 bytes_invalid=0 send_seq=255 receive_seq=255 retransmit_seq=2 srtt=0.001 rttvar=0.001 rto=0.025 ready_bytes=0 upcoming_bytes=0 freq=520022687 heater_bed: target=0 temp=21.4 pwm=0.000 print_time=48.918 buffer_time=0.000 print_stall=0 extruder: target=0 temp=23.9 pwm=0.000 extruder1: target=0 temp=24.2 pwm=0.000 sysload=3.08 cputime=3.682 memavail=612752
Stats 50.0: gcodein=0 mcu: mcu_awake=0.000 mcu_task_avg=0.000001 mcu_task_stddev=0.000001 bytes_write=2814 bytes_read=7963 bytes_retransmit=9 bytes_invalid=0 send_seq=256 receive_seq=256 retransmit_seq=2 srtt=0.001 rttvar=0.001 rto=0.025 ready_bytes=0 upcoming_bytes=0 freq=520022577 heater_bed: target=0 temp=21.5 pwm=0.000 print_time=48.918 buffer_time=0.000 print_stall=0 extruder: target=0 temp=24.0 pwm=0.000 extruder1: target=0 temp=24.1 pwm=0.000 sysload=3.08 cputime=3.692 memavail=611076
Stats 51.0: gcodein=0 mcu: mcu_awake=0.000 mcu_task_avg=0.000001 mcu_task_stddev=0.000001 bytes_write=2820 bytes_read=8139 bytes_retransmit=9 bytes_invalid=0 send_seq=257 receive_seq=257 retransmit_seq=2 srtt=0.002 rttvar=0.001 rto=0.025 ready_bytes=0 upcoming_bytes=0 freq=520022320 heater_bed: target=0 temp=21.7 pwm=0.000 print_time=48.918 buffer_time=0.000 print_stall=0 extruder: target=0 temp=24.1 pwm=0.000 extruder1: target=0 temp=24.1 pwm=0.000 sysload=2.92 cputime=3.701 memavail=608880
Stats 52.0: gcodein=0 mcu: mcu_awake=0.000 mcu_task_avg=0.000001 mcu_task_stddev=0.000001 bytes_write=2826 bytes_read=8288 bytes_retransmit=9 bytes_invalid=0 send_seq=258 receive_seq=258 retransmit_seq=2 srtt=0.001 rttvar=0.001 rto=0.025 ready_bytes=0 upcoming_bytes=0 freq=520021977 heater_bed: target=0 temp=21.8 pwm=0.000 print_time=48.918 buffer_time=0.000 print_stall=0 extruder: target=0 temp=24.1 pwm=0.000 extruder1: target=0 temp=24.1 pwm=0.000 sysload=2.92 cputime=3.708 memavail=608880
Stats 53.0: gcodein=0 mcu: mcu_awake=0.000 mcu_task_avg=0.000001 mcu_task_stddev=0.000001 bytes_write=2832 bytes_read=8454 bytes_retransmit=9 bytes_invalid=0 send_seq=259 receive_seq=259 retransmit_seq=2 srtt=0.001 rttvar=0.001 rto=0.025 ready_bytes=0 upcoming_bytes=0 freq=520021794 heater_bed: target=0 temp=22.0 pwm=0.000 print_time=48.918 buffer_time=0.000 print_stall=0 extruder: target=0 temp=24.0 pwm=0.000 extruder1: target=0 temp=24.1 pwm=0.000 sysload=2.92 cputime=3.715 memavail=608884
Stats 54.0: gcodein=0 mcu: mcu_awake=0.000 mcu_task_avg=0.000001 mcu_task_stddev=0.000001 bytes_write=2838 bytes_read=8649 bytes_retransmit=9 bytes_invalid=0 send_seq=260 receive_seq=260 retransmit_seq=2 srtt=0.001 rttvar=0.001 rto=0.025 ready_bytes=0 upcoming_bytes=0 freq=520021653 heater_bed: target=0 temp=22.1 pwm=0.000 print_time=48.918 buffer_time=0.000 print_stall=0 extruder: target=0 temp=24.1 pwm=0.000 extruder1: target=0 temp=24.1 pwm=0.000 sysload=2.92 cputime=3.723 memavail=608884
Stats 55.0: gcodein=0 mcu: mcu_awake=0.000 mcu_task_avg=0.000001 mcu_task_stddev=0.000001 bytes_write=2844 bytes_read=8800 bytes_retransmit=9 bytes_invalid=0 send_seq=261 receive_seq=261 retransmit_seq=2 srtt=0.001 rttvar=0.001 rto=0.025 ready_bytes=0 upcoming_bytes=0 freq=520021560 heater_bed: target=0 temp=22.3 pwm=0.000 print_time=48.918 buffer_time=0.000 print_stall=0 extruder: target=0 temp=24.1 pwm=0.000 extruder1: target=0 temp=24.1 pwm=0.000 sysload=2.92 cputime=3.730 memavail=608144
Stats 56.0: gcodein=0 mcu: mcu_awake=0.000 mcu_task_avg=0.000001 mcu_task_stddev=0.000001 bytes_write=2850 bytes_read=8966 bytes_retransmit=9 bytes_invalid=0 send_seq=262 receive_seq=262 retransmit_seq=2 srtt=0.001 rttvar=0.001 rto=0.025 ready_bytes=0 upcoming_bytes=0 freq=520021585 heater_bed: target=0 temp=22.4 pwm=0.000 print_time=48.918 buffer_time=0.000 print_stall=0 extruder: target=0 temp=24.1 pwm=0.000 extruder1: target=0 temp=24.1 pwm=0.000 sysload=2.84 cputime=3.752 memavail=607524
Stats 57.0: gcodein=0 mcu: mcu_awake=0.000 mcu_task_avg=0.000001 mcu_task_stddev=0.000001 bytes_write=2856 bytes_read=9147 bytes_retransmit=9 bytes_invalid=0 send_seq=263 receive_seq=263 retransmit_seq=2 srtt=0.001 rttvar=0.000 rto=0.025 ready_bytes=0 upcoming_bytes=0 freq=520021585 heater_bed: target=0 temp=22.6 pwm=0.000 print_time=48.918 buffer_time=0.000 print_stall=0 extruder: target=0 temp=24.0 pwm=0.000 extruder1: target=0 temp=24.1 pwm=0.000 sysload=2.84 cputime=3.762 memavail=606784
Stats 58.0: gcodein=0 mcu: mcu_awake=0.000 mcu_task_avg=0.000001 mcu_task_stddev=0.000001 bytes_write=2862 bytes_read=9298 bytes_retransmit=9 bytes_invalid=0 send_seq=264 receive_seq=264 retransmit_seq=2 srtt=0.001 rttvar=0.001 rto=0.025 ready_bytes=0 upcoming_bytes=0 freq=520021552 heater_bed: target=0 temp=22.7 pwm=0.000 print_time=48.918 buffer_time=0.000 print_stall=0 extruder: target=0 temp=24.0 pwm=0.000 extruder1: target=0 temp=24.1 pwm=0.000 sysload=2.84 cputime=3.772 memavail=606784
Stats 59.0: gcodein=0 mcu: mcu_awake=0.000 mcu_task_avg=0.000001 mcu_task_stddev=0.000001 bytes_write=2868 bytes_read=9477 bytes_retransmit=9 bytes_invalid=0 send_seq=265 receive_seq=265 retransmit_seq=2 srtt=0.001 rttvar=0.001 rto=0.025 ready_bytes=0 upcoming_bytes=0 freq=520021601 heater_bed: target=0 temp=22.9 pwm=0.000 print_time=48.918 buffer_time=0.000 print_stall=0 extruder: target=0 temp=24.2 pwm=0.000 extruder1: target=0 temp=24.0 pwm=0.000 sysload=2.84 cputime=3.782 memavail=606784
Stats 60.1: gcodein=0 mcu: mcu_awake=0.000 mcu_task_avg=0.000001 mcu_task_stddev=0.000001 bytes_write=2874 bytes_read=9652 bytes_retransmit=9 bytes_invalid=0 send_seq=266 receive_seq=266 retransmit_seq=2 srtt=0.001 rttvar=0.001 rto=0.025 ready_bytes=0 upcoming_bytes=0 freq=520021624 heater_bed: target=0 temp=22.9 pwm=0.000 print_time=48.918 buffer_time=0.000 print_stall=0 extruder: target=0 temp=24.1 pwm=0.000 extruder1: target=0 temp=24.1 pwm=0.000 sysload=2.84 cputime=3.792 memavail=606784
Stats 61.1: gcodein=0 mcu: mcu_awake=0.000 mcu_task_avg=0.000001 mcu_task_stddev=0.000001 bytes_write=2880 bytes_read=9803 bytes_retransmit=9 bytes_invalid=0 send_seq=267 receive_seq=267 retransmit_seq=2 srtt=0.001 rttvar=0.000 rto=0.025 ready_bytes=0 upcoming_bytes=0 freq=520021847 heater_bed: target=0 temp=22.9 pwm=0.000 print_time=48.918 buffer_time=0.000 print_stall=0 extruder: target=0 temp=24.1 pwm=0.000 extruder1: target=0 temp=24.1 pwm=0.000 sysload=2.61 cputime=3.803 memavail=606576
Stats 62.1: gcodein=0 mcu: mcu_awake=0.000 mcu_task_avg=0.000001 mcu_task_stddev=0.000001 bytes_write=2886 bytes_read=9969 bytes_retransmit=9 bytes_invalid=0 send_seq=268 receive_seq=268 retransmit_seq=2 srtt=0.001 rttvar=0.000 rto=0.025 ready_bytes=0 upcoming_bytes=0 freq=520021825 heater_bed: target=0 temp=23.0 pwm=0.000 print_time=48.918 buffer_time=0.000 print_stall=0 extruder: target=0 temp=24.0 pwm=0.000 extruder1: target=0 temp=24.1 pwm=0.000 sysload=2.61 cputime=3.813 memavail=606544
Stats 63.1: gcodein=0 mcu: mcu_awake=0.000 mcu_task_avg=0.000001 mcu_task_stddev=0.000001 bytes_write=2892 bytes_read=10150 bytes_retransmit=9 bytes_invalid=0 send_seq=269 receive_seq=269 retransmit_seq=2 srtt=0.001 rttvar=0.000 rto=0.025 ready_bytes=0 upcoming_bytes=0 freq=520021789 heater_bed: target=0 temp=22.9 pwm=0.000 print_time=48.918 buffer_time=0.000 print_stall=0 extruder: target=0 temp=23.9 pwm=0.000 extruder1: target=0 temp=24.1 pwm=0.000 sysload=2.61 cputime=3.823 memavail=606544
Stats 64.1: gcodein=0 mcu: mcu_awake=0.000 mcu_task_avg=0.000001 mcu_task_stddev=0.000001 bytes_write=2898 bytes_read=10315 bytes_retransmit=9 bytes_invalid=0 send_seq=270 receive_seq=270 retransmit_seq=2 srtt=0.001 rttvar=0.000 rto=0.025 ready_bytes=0 upcoming_bytes=0 freq=520021759 heater_bed: target=0 temp=22.8 pwm=0.000 print_time=48.918 buffer_time=0.000 print_stall=0 extruder: target=0 temp=24.1 pwm=0.000 extruder1: target=0 temp=24.1 pwm=0.000 sysload=2.61 cputime=3.832 memavail=606548
Stats 65.1: gcodein=0 mcu: mcu_awake=0.000 mcu_task_avg=0.000001 mcu_task_stddev=0.000001 bytes_write=2904 bytes_read=10496 bytes_retransmit=9 bytes_invalid=0 send_seq=271 receive_seq=271 retransmit_seq=2 srtt=0.001 rttvar=0.000 rto=0.025 ready_bytes=0 upcoming_bytes=0 freq=520021745 heater_bed: target=0 temp=22.7 pwm=0.000 print_time=48.918 buffer_time=0.000 print_stall=0 extruder: target=0 temp=24.1 pwm=0.000 extruder1: target=0 temp=24.2 pwm=0.000 sysload=2.61 cputime=3.842 memavail=606548
Stats 66.1: gcodein=0 mcu: mcu_awake=0.000 mcu_task_avg=0.000001 mcu_task_stddev=0.000001 bytes_write=2910 bytes_read=10662 bytes_retransmit=9 bytes_invalid=0 send_seq=272 receive_seq=272 retransmit_seq=2 srtt=0.001 rttvar=0.000 rto=0.025 ready_bytes=0 upcoming_bytes=0 freq=520021731 heater_bed: target=0 temp=22.6 pwm=0.000 print_time=48.918 buffer_time=0.000 print_stall=0 extruder: target=0 temp=24.0 pwm=0.000 extruder1: target=0 temp=24.1 pwm=0.000 sysload=2.41 cputime=3.852 memavail=604540
Stats 67.1: gcodein=0 mcu: mcu_awake=0.000 mcu_task_avg=0.000001 mcu_task_stddev=0.000001 bytes_write=2916 bytes_read=10828 bytes_retransmit=9 bytes_invalid=0 send_seq=273 receive_seq=273 retransmit_seq=2 srtt=0.001 rttvar=0.000 rto=0.025 ready_bytes=0 upcoming_bytes=0 freq=520021763 heater_bed: target=0 temp=22.5 pwm=0.000 print_time=48.918 buffer_time=0.000 print_stall=0 extruder: target=0 temp=24.0 pwm=0.000 extruder1: target=0 temp=24.1 pwm=0.000 sysload=2.41 cputime=3.867 memavail=604540
Stats 68.1: gcodein=0 mcu: mcu_awake=0.000 mcu_task_avg=0.000001 mcu_task_stddev=0.000001 bytes_write=2922 bytes_read=10989 bytes_retransmit=9 bytes_invalid=0 send_seq=274 receive_seq=274 retransmit_seq=2 srtt=0.001 rttvar=0.000 rto=0.025 ready_bytes=0 upcoming_bytes=0 freq=520021787 heater_bed: target=0 temp=22.3 pwm=0.000 print_time=48.918 buffer_time=0.000 print_stall=0 extruder: target=0 temp=24.1 pwm=0.000 extruder1: target=0 temp=24.1 pwm=0.000 sysload=2.41 cputime=3.882 memavail=604540
Stats 69.1: gcodein=0 mcu: mcu_awake=0.000 mcu_task_avg=0.000001 mcu_task_stddev=0.000001 bytes_write=2928 bytes_read=11169 bytes_retransmit=9 bytes_invalid=0 send_seq=275 receive_seq=275 retransmit_seq=2 srtt=0.001 rttvar=0.000 rto=0.025 ready_bytes=0 upcoming_bytes=0 freq=520021807 heater_bed: target=0 temp=22.2 pwm=0.000 print_time=48.918 buffer_time=0.000 print_stall=0 extruder: target=0 temp=24.1 pwm=0.000 extruder1: target=0 temp=24.1 pwm=0.000 sysload=2.41 cputime=3.896 memavail=604540
Stats 70.1: gcodein=0 mcu: mcu_awake=0.000 mcu_task_avg=0.000001 mcu_task_stddev=0.000001 bytes_write=2934 bytes_read=11335 bytes_retransmit=9 bytes_invalid=0 send_seq=276 receive_seq=276 retransmit_seq=2 srtt=0.001 rttvar=0.000 rto=0.025 ready_bytes=0 upcoming_bytes=0 freq=520021835 heater_bed: target=0 temp=22.0 pwm=0.000 print_time=48.918 buffer_time=0.000 print_stall=0 extruder: target=0 temp=24.1 pwm=0.000 extruder1: target=0 temp=24.1 pwm=0.000 sysload=2.41 cputime=3.911 memavail=604540
Stats 71.1: gcodein=0 mcu: mcu_awake=0.000 mcu_task_avg=0.000001 mcu_task_stddev=0.000001 bytes_write=2940 bytes_read=11501 bytes_retransmit=9 bytes_invalid=0 send_seq=277 receive_seq=277 retransmit_seq=2 srtt=0.001 rttvar=0.000 rto=0.025 ready_bytes=0 upcoming_bytes=0 freq=520021886 heater_bed: target=0 temp=21.8 pwm=0.000 print_time=48.918 buffer_time=0.000 print_stall=0 extruder: target=0 temp=24.1 pwm=0.000 extruder1: target=0 temp=24.1 pwm=0.000 sysload=2.37 cputime=3.924 memavail=604540
Stats 72.1: gcodein=0 mcu: mcu_awake=0.000 mcu_task_avg=0.000001 mcu_task_stddev=0.000001 bytes_write=2946 bytes_read=11667 bytes_retransmit=9 bytes_invalid=0 send_seq=278 receive_seq=278 retransmit_seq=2 srtt=0.001 rttvar=0.000 rto=0.025 ready_bytes=0 upcoming_bytes=0 freq=520021864 heater_bed: target=0 temp=21.7 pwm=0.000 print_time=48.918 buffer_time=0.000 print_stall=0 extruder: target=0 temp=24.1 pwm=0.000 extruder1: target=0 temp=24.2 pwm=0.000 sysload=2.37 cputime=3.934 memavail=604540
Stats 73.1: gcodein=0 mcu: mcu_awake=0.000 mcu_task_avg=0.000001 mcu_task_stddev=0.000001 bytes_write=2952 bytes_read=11833 bytes_retransmit=9 bytes_invalid=0 send_seq=279 receive_seq=279 retransmit_seq=2 srtt=0.001 rttvar=0.000 rto=0.025 ready_bytes=0 upcoming_bytes=0 freq=520021860 heater_bed: target=0 temp=21.6 pwm=0.000 print_time=48.918 buffer_time=0.000 print_stall=0 extruder: target=0 temp=24.1 pwm=0.000 extruder1: target=0 temp=24.1 pwm=0.000 sysload=2.37 cputime=3.943 memavail=604540
Stats 74.1: gcodein=0 mcu: mcu_awake=0.000 mcu_task_avg=0.000001 mcu_task_stddev=0.000001 bytes_write=2964 bytes_read=12029 bytes_retransmit=9 bytes_invalid=0 send_seq=281 receive_seq=281 retransmit_seq=2 srtt=0.001 rttvar=0.000 rto=0.025 ready_bytes=0 upcoming_bytes=0 freq=520021849 heater_bed: target=0 temp=21.5 pwm=0.000 print_time=48.918 buffer_time=0.000 print_stall=0 extruder: target=0 temp=24.1 pwm=0.000 extruder1: target=0 temp=24.1 pwm=0.000 sysload=2.37 cputime=3.953 memavail=604540
Stats 75.1: gcodein=0 mcu: mcu_awake=0.000 mcu_task_avg=0.000001 mcu_task_stddev=0.000001 bytes_write=2970 bytes_read=12195 bytes_retransmit=9 bytes_invalid=0 send_seq=282 receive_seq=282 retransmit_seq=2 srtt=0.001 rttvar=0.000 rto=0.025 ready_bytes=0 upcoming_bytes=0 freq=520021838 heater_bed: target=0 temp=21.4 pwm=0.000 print_time=48.918 buffer_time=0.000 print_stall=0 extruder: target=0 temp=24.1 pwm=0.000 extruder1: target=0 temp=24.1 pwm=0.000 sysload=2.37 cputime=3.963 memavail=604540
Stats 76.1: gcodein=0 mcu: mcu_awake=0.000 mcu_task_avg=0.000001 mcu_task_stddev=0.000001 bytes_write=2976 bytes_read=12354 bytes_retransmit=9 bytes_invalid=0 send_seq=283 receive_seq=283 retransmit_seq=2 srtt=0.001 rttvar=0.000 rto=0.025 ready_bytes=0 upcoming_bytes=0 freq=520021839 heater_bed: target=0 temp=21.4 pwm=0.000 print_time=48.918 buffer_time=0.000 print_stall=0 extruder: target=0 temp=24.1 pwm=0.000 extruder1: target=0 temp=24.0 pwm=0.000 sysload=2.26 cputime=3.973 memavail=609248
Stats 77.1: gcodein=0 mcu: mcu_awake=0.000 mcu_task_avg=0.000001 mcu_task_stddev=0.000001 bytes_write=2982 bytes_read=12520 bytes_retransmit=9 bytes_invalid=0 send_seq=284 receive_seq=284 retransmit_seq=2 srtt=0.001 rttvar=0.000 rto=0.025 ready_bytes=0 upcoming_bytes=0 freq=520021875 heater_bed: target=0 temp=21.3 pwm=0.000 print_time=48.918 buffer_time=0.000 print_stall=0 extruder: target=0 temp=24.1 pwm=0.000 extruder1: target=0 temp=24.1 pwm=0.000 sysload=2.26 cputime=3.987 memavail=608996
Stats 78.1: gcodein=0 mcu: mcu_awake=0.000 mcu_task_avg=0.000001 mcu_task_stddev=0.000001 bytes_write=2988 bytes_read=12686 bytes_retransmit=9 bytes_invalid=0 send_seq=285 receive_seq=285 retransmit_seq=2 srtt=0.001 rttvar=0.000 rto=0.025 ready_bytes=0 upcoming_bytes=0 freq=520021888 heater_bed: target=0 temp=21.3 pwm=0.000 print_time=48.918 buffer_time=0.000 print_stall=0 extruder: target=0 temp=24.1 pwm=0.000 extruder1: target=0 temp=24.0 pwm=0.000 sysload=2.26 cputime=4.002 memavail=608996
Stats 79.1: gcodein=0 mcu: mcu_awake=0.000 mcu_task_avg=0.000001 mcu_task_stddev=0.000001 bytes_write=2994 bytes_read=12866 bytes_retransmit=9 bytes_invalid=0 send_seq=286 receive_seq=286 retransmit_seq=2 srtt=0.001 rttvar=0.000 rto=0.025 ready_bytes=0 upcoming_bytes=0 freq=520021920 heater_bed: target=0 temp=21.4 pwm=0.000 print_time=48.918 buffer_time=0.000 print_stall=0 extruder: target=0 temp=24.1 pwm=0.000 extruder1: target=0 temp=24.1 pwm=0.000 sysload=2.26 cputime=4.017 memavail=608996
Stats 80.1: gcodein=0 mcu: mcu_awake=0.000 mcu_task_avg=0.000001 mcu_task_stddev=0.000001 bytes_write=3000 bytes_read=13032 bytes_retransmit=9 bytes_invalid=0 send_seq=287 receive_seq=287 retransmit_seq=2 srtt=0.001 rttvar=0.000 rto=0.025 ready_bytes=0 upcoming_bytes=0 freq=520021922 heater_bed: target=0 temp=21.4 pwm=0.000 print_time=48.918 buffer_time=0.000 print_stall=0 extruder: target=0 temp=23.9 pwm=0.000 extruder1: target=0 temp=24.1 pwm=0.000 sysload=2.26 cputime=4.031 memavail=608996
Stats 81.1: gcodein=0 mcu: mcu_awake=0.000 mcu_task_avg=0.000001 mcu_task_stddev=0.000001 bytes_write=3006 bytes_read=13198 bytes_retransmit=9 bytes_invalid=0 send_seq=288 receive_seq=288 retransmit_seq=2 srtt=0.001 rttvar=0.000 rto=0.025 ready_bytes=0 upcoming_bytes=0 freq=520021936 heater_bed: target=0 temp=21.4 pwm=0.000 print_time=48.918 buffer_time=0.000 print_stall=0 extruder: target=0 temp=24.1 pwm=0.000 extruder1: target=0 temp=24.1 pwm=0.000 sysload=2.16 cputime=4.046 memavail=608996
Stats 82.1: gcodein=0 mcu: mcu_awake=0.000 mcu_task_avg=0.000001 mcu_task_stddev=0.000001 bytes_write=3012 bytes_read=13364 bytes_retransmit=9 bytes_invalid=0 send_seq=289 receive_seq=289 retransmit_seq=2 srtt=0.001 rttvar=0.000 rto=0.025 ready_bytes=0 upcoming_bytes=0 freq=520021932 heater_bed: target=0 temp=21.5 pwm=0.000 print_time=48.918 buffer_time=0.000 print_stall=0 extruder: target=0 temp=24.1 pwm=0.000 extruder1: target=0 temp=24.1 pwm=0.000 sysload=2.16 cputime=4.056 memavail=608996
Stats 83.1: gcodein=0 mcu: mcu_awake=0.000 mcu_task_avg=0.000001 mcu_task_stddev=0.000001 bytes_write=3018 bytes_read=13530 bytes_retransmit=9 bytes_invalid=0 send_seq=290 receive_seq=290 retransmit_seq=2 srtt=0.001 rttvar=0.000 rto=0.025 ready_bytes=0 upcoming_bytes=0 freq=520021930 heater_bed: target=0 temp=21.6 pwm=0.000 print_time=48.918 buffer_time=0.000 print_stall=0 extruder: target=0 temp=24.1 pwm=0.000 extruder1: target=0 temp=24.0 pwm=0.000 sysload=2.16 cputime=4.066 memavail=608996
Stats 84.1: gcodein=0 mcu: mcu_awake=0.000 mcu_task_avg=0.000001 mcu_task_stddev=0.000001 bytes_write=3024 bytes_read=13706 bytes_retransmit=9 bytes_invalid=0 send_seq=291 receive_seq=291 retransmit_seq=2 srtt=0.001 rttvar=0.000 rto=0.025 ready_bytes=0 upcoming_bytes=0 freq=520021919 heater_bed: target=0 temp=21.7 pwm=0.000 print_time=48.918 buffer_time=0.000 print_stall=0 extruder: target=0 temp=24.1 pwm=0.000 extruder1: target=0 temp=24.0 pwm=0.000 sysload=2.16 cputime=4.076 memavail=608996
Stats 85.1: gcodein=0 mcu: mcu_awake=0.000 mcu_task_avg=0.000001 mcu_task_stddev=0.000001 bytes_write=3030 bytes_read=13871 bytes_retransmit=9 bytes_invalid=0 send_seq=292 receive_seq=292 retransmit_seq=2 srtt=0.001 rttvar=0.000 rto=0.025 ready_bytes=0 upcoming_bytes=0 freq=520021920 heater_bed: target=0 temp=21.9 pwm=0.000 print_time=48.918 buffer_time=0.000 print_stall=0 extruder: target=0 temp=24.1 pwm=0.000 extruder1: target=0 temp=24.1 pwm=0.000 sysload=2.16 cputime=4.086 memavail=608996
Stats 86.1: gcodein=0 mcu: mcu_awake=0.000 mcu_task_avg=0.000001 mcu_task_stddev=0.000001 bytes_write=3036 bytes_read=14037 bytes_retransmit=9 bytes_invalid=0 send_seq=293 receive_seq=293 retransmit_seq=2 srtt=0.001 rttvar=0.000 rto=0.025 ready_bytes=0 upcoming_bytes=0 freq=520021943 heater_bed: target=0 temp=22.0 pwm=0.000 print_time=48.918 buffer_time=0.000 print_stall=0 extruder: target=0 temp=23.9 pwm=0.000 extruder1: target=0 temp=24.1 pwm=0.000 sysload=1.99 cputime=4.097 memavail=611084
Stats 87.1: gcodein=0 mcu: mcu_awake=0.000 mcu_task_avg=0.000001 mcu_task_stddev=0.000001 bytes_write=3042 bytes_read=14203 bytes_retransmit=9 bytes_invalid=0 send_seq=294 receive_seq=294 retransmit_seq=2 srtt=0.001 rttvar=0.001 rto=0.025 ready_bytes=0 upcoming_bytes=0 freq=520021986 heater_bed: target=0 temp=22.2 pwm=0.000 print_time=48.918 buffer_time=0.000 print_stall=0 extruder: target=0 temp=24.1 pwm=0.000 extruder1: target=0 temp=23.9 pwm=0.000 sysload=1.99 cputime=4.112 memavail=610768
Stats 88.1: gcodein=0 mcu: mcu_awake=0.000 mcu_task_avg=0.000001 mcu_task_stddev=0.000001 bytes_write=3048 bytes_read=14369 bytes_retransmit=9 bytes_invalid=0 send_seq=295 receive_seq=295 retransmit_seq=2 srtt=0.001 rttvar=0.001 rto=0.025 ready_bytes=0 upcoming_bytes=0 freq=520022007 heater_bed: target=0 temp=22.4 pwm=0.000 print_time=48.918 buffer_time=0.000 print_stall=0 extruder: target=0 temp=24.2 pwm=0.000 extruder1: target=0 temp=24.1 pwm=0.000 sysload=1.99 cputime=4.127 memavail=610640
Stats 89.1: gcodein=0 mcu: mcu_awake=0.000 mcu_task_avg=0.000001 mcu_task_stddev=0.000001 bytes_write=3054 bytes_read=14549 bytes_retransmit=9 bytes_invalid=0 send_seq=296 receive_seq=296 retransmit_seq=2 srtt=0.001 rttvar=0.001 rto=0.025 ready_bytes=0 upcoming_bytes=0 freq=520022013 heater_bed: target=0 temp=22.6 pwm=0.000 print_time=48.918 buffer_time=0.000 print_stall=0 extruder: target=0 temp=24.1 pwm=0.000 extruder1: target=0 temp=24.1 pwm=0.000 sysload=1.99 cputime=4.142 memavail=610544
Stats 90.1: gcodein=0 mcu: mcu_awake=0.000 mcu_task_avg=0.000001 mcu_task_stddev=0.000001 bytes_write=3060 bytes_read=14715 bytes_retransmit=9 bytes_invalid=0 send_seq=297 receive_seq=297 retransmit_seq=2 srtt=0.001 rttvar=0.001 rto=0.025 ready_bytes=0 upcoming_bytes=0 freq=520022011 heater_bed: target=0 temp=22.7 pwm=0.000 print_time=48.918 buffer_time=0.000 print_stall=0 extruder: target=0 temp=24.0 pwm=0.000 extruder1: target=0 temp=24.1 pwm=0.000 sysload=1.99 cputime=4.157 memavail=610544
Stats 91.1: gcodein=0 mcu: mcu_awake=0.000 mcu_task_avg=0.000001 mcu_task_stddev=0.000001 bytes_write=3066 bytes_read=14881 bytes_retransmit=9 bytes_invalid=0 send_seq=298 receive_seq=298 retransmit_seq=2 srtt=0.001 rttvar=0.001 rto=0.025 ready_bytes=0 upcoming_bytes=0 freq=520022009 heater_bed: target=0 temp=22.8 pwm=0.000 print_time=48.918 buffer_time=0.000 print_stall=0 extruder: target=0 temp=24.1 pwm=0.000 extruder1: target=0 temp=24.1 pwm=0.000 sysload=1.83 cputime=4.171 memavail=610320
Stats 92.1: gcodein=0 mcu: mcu_awake=0.000 mcu_task_avg=0.000001 mcu_task_stddev=0.000001 bytes_write=3072 bytes_read=15045 bytes_retransmit=9 bytes_invalid=0 send_seq=299 receive_seq=299 retransmit_seq=2 srtt=0.001 rttvar=0.001 rto=0.025 ready_bytes=0 upcoming_bytes=0 freq=520021989 heater_bed: target=0 temp=22.9 pwm=0.000 print_time=48.918 buffer_time=0.000 print_stall=0 extruder: target=0 temp=24.1 pwm=0.000 extruder1: target=0 temp=24.1 pwm=0.000 sysload=1.83 cputime=4.181 memavail=610304
Stats 93.1: gcodein=0 mcu: mcu_awake=0.000 mcu_task_avg=0.000001 mcu_task_stddev=0.000001 bytes_write=3078 bytes_read=15207 bytes_retransmit=9 bytes_invalid=0 send_seq=300 receive_seq=300 retransmit_seq=2 srtt=0.001 rttvar=0.000 rto=0.025 ready_bytes=0 upcoming_bytes=0 freq=520021973 heater_bed: target=0 temp=23.0 pwm=0.000 print_time=48.918 buffer_time=0.000 print_stall=0 extruder: target=0 temp=24.1 pwm=0.000 extruder1: target=0 temp=24.1 pwm=0.000 sysload=1.83 cputime=4.190 memavail=610304
Stats 94.1: gcodein=0 mcu: mcu_awake=0.000 mcu_task_avg=0.000001 mcu_task_stddev=0.000001 bytes_write=3084 bytes_read=15387 bytes_retransmit=9 bytes_invalid=0 send_seq=301 receive_seq=301 retransmit_seq=2 srtt=0.001 rttvar=0.000 rto=0.025 ready_bytes=0 upcoming_bytes=0 freq=520021970 heater_bed: target=0 temp=23.0 pwm=0.000 print_time=48.918 buffer_time=0.000 print_stall=0 extruder: target=0 temp=24.0 pwm=0.000 extruder1: target=0 temp=24.0 pwm=0.000 sysload=1.83 cputime=4.200 memavail=610104
Stats 95.1: gcodein=0 mcu: mcu_awake=0.000 mcu_task_avg=0.000001 mcu_task_stddev=0.000001 bytes_write=3090 bytes_read=15553 bytes_retransmit=9 bytes_invalid=0 send_seq=302 receive_seq=302 retransmit_seq=2 srtt=0.001 rttvar=0.000 rto=0.025 ready_bytes=0 upcoming_bytes=0 freq=520021962 heater_bed: target=0 temp=22.9 pwm=0.000 print_time=48.918 buffer_time=0.000 print_stall=0 extruder: target=0 temp=24.0 pwm=0.000 extruder1: target=0 temp=24.1 pwm=0.000 sysload=1.83 cputime=4.210 memavail=610052
Stats 96.1: gcodein=0 mcu: mcu_awake=0.000 mcu_task_avg=0.000001 mcu_task_stddev=0.000001 bytes_write=3096 bytes_read=15719 bytes_retransmit=9 bytes_invalid=0 send_seq=303 receive_seq=303 retransmit_seq=2 srtt=0.001 rttvar=0.000 rto=0.025 ready_bytes=0 upcoming_bytes=0 freq=520021948 heater_bed: target=0 temp=22.9 pwm=0.000 print_time=48.918 buffer_time=0.000 print_stall=0 extruder: target=0 temp=24.1 pwm=0.000 extruder1: target=0 temp=24.2 pwm=0.000 sysload=1.68 cputime=4.220 memavail=608564
Stats 97.1: gcodein=0 mcu: mcu_awake=0.000 mcu_task_avg=0.000001 mcu_task_stddev=0.000001 bytes_write=3102 bytes_read=15885 bytes_retransmit=9 bytes_invalid=0 send_seq=304 receive_seq=304 retransmit_seq=2 srtt=0.001 rttvar=0.000 rto=0.025 ready_bytes=0 upcoming_bytes=0 freq=520021971 heater_bed: target=0 temp=22.7 pwm=0.000 print_time=48.918 buffer_time=0.000 print_stall=0 extruder: target=0 temp=24.1 pwm=0.000 extruder1: target=0 temp=24.1 pwm=0.000 sysload=1.68 cputime=4.236 memavail=608564
Stats 98.1: gcodein=0 mcu: mcu_awake=0.000 mcu_task_avg=0.000001 mcu_task_stddev=0.000001 bytes_write=3108 bytes_read=16051 bytes_retransmit=9 bytes_invalid=0 send_seq=305 receive_seq=305 retransmit_seq=2 srtt=0.001 rttvar=0.000 rto=0.025 ready_bytes=0 upcoming_bytes=0 freq=520021980 heater_bed: target=0 temp=22.6 pwm=0.000 print_time=48.918 buffer_time=0.000 print_stall=0 extruder: target=0 temp=24.0 pwm=0.000 extruder1: target=0 temp=24.1 pwm=0.000 sysload=1.68 cputime=4.250 memavail=608564
Stats 99.1: gcodein=0 mcu: mcu_awake=0.000 mcu_task_avg=0.000001 mcu_task_stddev=0.000001 bytes_write=3114 bytes_read=16217 bytes_retransmit=9 bytes_invalid=0 send_seq=306 receive_seq=306 retransmit_seq=2 srtt=0.001 rttvar=0.000 rto=0.025 ready_bytes=0 upcoming_bytes=0 freq=520021999 heater_bed: target=0 temp=22.5 pwm=0.000 print_time=48.918 buffer_time=0.000 print_stall=0 extruder: target=0 temp=24.1 pwm=0.000 extruder1: target=0 temp=24.1 pwm=0.000 sysload=1.68 cputime=4.265 memavail=608564
Stats 100.1: gcodein=0 mcu: mcu_awake=0.000 mcu_task_avg=0.000001 mcu_task_stddev=0.000001 bytes_write=3120 bytes_read=16397 bytes_retransmit=9 bytes_invalid=0 send_seq=307 receive_seq=307 retransmit_seq=2 srtt=0.001 rttvar=0.000 rto=0.025 ready_bytes=0 upcoming_bytes=0 freq=520022040 heater_bed: target=0 temp=22.3 pwm=0.000 print_time=48.918 buffer_time=0.000 print_stall=0 extruder: target=0 temp=24.1 pwm=0.000 extruder1: target=0 temp=24.1 pwm=0.000 sysload=1.68 cputime=4.280 memavail=608564
Stats 101.1: gcodein=0 mcu: mcu_awake=0.000 mcu_task_avg=0.000001 mcu_task_stddev=0.000001 bytes_write=3126 bytes_read=16558 bytes_retransmit=9 bytes_invalid=0 send_seq=308 receive_seq=308 retransmit_seq=2 srtt=0.001 rttvar=0.000 rto=0.025 ready_bytes=0 upcoming_bytes=0 freq=520022048 heater_bed: target=0 temp=22.1 pwm=0.000 print_time=48.918 buffer_time=0.000 print_stall=0 extruder: target=0 temp=24.0 pwm=0.000 extruder1: target=0 temp=23.9 pwm=0.000 sysload=1.63 cputime=4.295 memavail=608564
Stats 102.1: gcodein=0 mcu: mcu_awake=0.000 mcu_task_avg=0.000001 mcu_task_stddev=0.000001 bytes_write=3132 bytes_read=16724 bytes_retransmit=9 bytes_invalid=0 send_seq=309 receive_seq=309 retransmit_seq=2 srtt=0.001 rttvar=0.000 rto=0.025 ready_bytes=0 upcoming_bytes=0 freq=520022036 heater_bed: target=0 temp=22.0 pwm=0.000 print_time=48.918 buffer_time=0.000 print_stall=0 extruder: target=0 temp=24.0 pwm=0.000 extruder1: target=0 temp=24.1 pwm=0.000 sysload=1.63 cputime=4.304 memavail=608564
Stats 435.3: gcodein=0 mcu: mcu_awake=0.000 mcu_task_avg=0.000001 mcu_task_stddev=0.000001 bytes_write=5173 bytes_read=72831 bytes_retransmit=9 bytes_invalid=0 send_seq=648 receive_seq=648 retransmit_seq=2 srtt=0.001 rttvar=0.000 rto=0.025 ready_bytes=0 upcoming_bytes=0 freq=520021802 heater_bed: target=0 temp=23.0 pwm=0.000 print_time=441.984 buffer_time=0.000 print_stall=0 extruder: target=0 temp=24.1 pwm=0.000 extruder1: target=0 temp=24.1 pwm=0.000 sysload=0.14 cputime=8.348 memavail=609552
Stats 436.3: gcodein=0 mcu: mcu_awake=0.000 mcu_task_avg=0.000001 mcu_task_stddev=0.000001 bytes_write=5179 bytes_read=72982 bytes_retransmit=9 bytes_invalid=0 send_seq=649 receive_seq=649 retransmit_seq=2 srtt=0.001 rttvar=0.000 rto=0.025 ready_bytes=0 upcoming_bytes=0 freq=520021815 heater_bed: target=0 temp=23.0 pwm=0.000 print_time=441.984 buffer_time=0.000 print_stall=0 extruder: target=0 temp=24.1 pwm=0.000 extruder1: target=0 temp=24.0 pwm=0.000 sysload=0.13 cputime=8.363 memavail=610408
Stats 437.3: gcodein=0 mcu: mcu_awake=0.000 mcu_task_avg=0.000001 mcu_task_stddev=0.000001 bytes_write=5185 bytes_read=73148 bytes_retransmit=9 bytes_invalid=0 send_seq=650 receive_seq=650 retransmit_seq=2 srtt=0.001 rttvar=0.000 rto=0.025 ready_bytes=0 upcoming_bytes=0 freq=520021814 heater_bed: target=0 temp=23.0 pwm=0.000 print_time=441.984 buffer_time=0.000 print_stall=0 extruder: target=0 temp=24.1 pwm=0.000 extruder1: target=0 temp=24.1 pwm=0.000 sysload=0.13 cputime=8.377 memavail=610408
Stats 438.3: gcodein=0 mcu: mcu_awake=0.000 mcu_task_avg=0.000001 mcu_task_stddev=0.000001 bytes_write=5191 bytes_read=73329 bytes_retransmit=9 bytes_invalid=0 send_seq=651 receive_seq=651 retransmit_seq=2 srtt=0.001 rttvar=0.000 rto=0.025 ready_bytes=0 upcoming_bytes=0 freq=520021821 heater_bed: target=0 temp=23.0 pwm=0.000 print_time=441.984 buffer_time=0.000 print_stall=0 extruder: target=0 temp=24.1 pwm=0.000 extruder1: target=0 temp=24.1 pwm=0.000 sysload=0.13 cputime=8.392 memavail=610408
Stats 439.3: gcodein=0 mcu: mcu_awake=0.000 mcu_task_avg=0.000001 mcu_task_stddev=0.000001 bytes_write=5197 bytes_read=73489 bytes_retransmit=9 bytes_invalid=0 send_seq=652 receive_seq=652 retransmit_seq=2 srtt=0.001 rttvar=0.000 rto=0.025 ready_bytes=0 upcoming_bytes=0 freq=520021824 heater_bed: target=0 temp=23.0 pwm=0.000 print_time=441.984 buffer_time=0.000 print_stall=0 extruder: target=0 temp=24.1 pwm=0.000 extruder1: target=0 temp=24.1 pwm=0.000 sysload=0.13 cputime=8.406 memavail=610408
Stats 440.3: gcodein=0 mcu: mcu_awake=0.000 mcu_task_avg=0.000001 mcu_task_stddev=0.000001 bytes_write=5203 bytes_read=73653 bytes_retransmit=9 bytes_invalid=0 send_seq=653 receive_seq=653 retransmit_seq=2 srtt=0.001 rttvar=0.000 rto=0.025 ready_bytes=0 upcoming_bytes=0 freq=520021832 heater_bed: target=0 temp=22.9 pwm=0.000 print_time=441.984 buffer_time=0.000 print_stall=0 extruder: target=0 temp=24.1 pwm=0.000 extruder1: target=0 temp=24.1 pwm=0.000 sysload=0.13 cputime=8.420 memavail=610408
Stats 441.3: gcodein=0 mcu: mcu_awake=0.000 mcu_task_avg=0.000001 mcu_task_stddev=0.000001 bytes_write=5215 bytes_read=73850 bytes_retransmit=9 bytes_invalid=0 send_seq=655 receive_seq=655 retransmit_seq=2 srtt=0.001 rttvar=0.000 rto=0.025 ready_bytes=0 upcoming_bytes=0 freq=520021846 heater_bed: target=0 temp=22.9 pwm=0.000 print_time=441.984 buffer_time=0.000 print_stall=0 extruder: target=0 temp=24.1 pwm=0.000 extruder1: target=0 temp=24.2 pwm=0.000 sysload=0.12 cputime=8.435 memavail=610156
Stats 442.3: gcodein=0 mcu: mcu_awake=0.000 mcu_task_avg=0.000001 mcu_task_stddev=0.000001 bytes_write=5221 bytes_read=74001 bytes_retransmit=9 bytes_invalid=0 send_seq=656 receive_seq=656 retransmit_seq=2 srtt=0.001 rttvar=0.000 rto=0.025 ready_bytes=0 upcoming_bytes=0 freq=520021847 heater_bed: target=0 temp=22.8 pwm=0.000 print_time=441.984 buffer_time=0.000 print_stall=0 extruder: target=0 temp=24.0 pwm=0.000 extruder1: target=0 temp=24.1 pwm=0.000 sysload=0.12 cputime=8.450 memavail=610156
Stats 443.3: gcodein=0 mcu: mcu_awake=0.000 mcu_task_avg=0.000001 mcu_task_stddev=0.000001 bytes_write=5227 bytes_read=74167 bytes_retransmit=9 bytes_invalid=0 send_seq=657 receive_seq=657 retransmit_seq=2 srtt=0.001 rttvar=0.000 rto=0.025 ready_bytes=0 upcoming_bytes=0 freq=520021854 heater_bed: target=0 temp=22.8 pwm=0.000 print_time=441.984 buffer_time=0.000 print_stall=0 extruder: target=0 temp=24.1 pwm=0.000 extruder1: target=0 temp=24.1 pwm=0.000 sysload=0.12 cputime=8.462 memavail=610156
Stats 444.3: gcodein=0 mcu: mcu_awake=0.000 mcu_task_avg=0.000001 mcu_task_stddev=0.000001 bytes_write=5233 bytes_read=74362 bytes_retransmit=9 bytes_invalid=0 send_seq=658 receive_seq=658 retransmit_seq=2 srtt=0.001 rttvar=0.000 rto=0.025 ready_bytes=0 upcoming_bytes=0 freq=520021861 heater_bed: target=0 temp=22.7 pwm=0.000 print_time=441.984 buffer_time=0.000 print_stall=0 extruder: target=0 temp=24.0 pwm=0.000 extruder1: target=0 temp=24.1 pwm=0.000 sysload=0.12 cputime=8.477 memavail=609904
Stats 445.3: gcodein=0 mcu: mcu_awake=0.000 mcu_task_avg=0.000001 mcu_task_stddev=0.000001 bytes_write=5239 bytes_read=74513 bytes_retransmit=9 bytes_invalid=0 send_seq=659 receive_seq=659 retransmit_seq=2 srtt=0.001 rttvar=0.000 rto=0.025 ready_bytes=0 upcoming_bytes=0 freq=520021858 heater_bed: target=0 temp=22.6 pwm=0.000 print_time=441.984 buffer_time=0.000 print_stall=0 extruder: target=0 temp=24.1 pwm=0.000 extruder1: target=0 temp=24.1 pwm=0.000 sysload=0.12 cputime=8.491 memavail=609904
Stats 446.3: gcodein=0 mcu: mcu_awake=0.000 mcu_task_avg=0.000001 mcu_task_stddev=0.000001 bytes_write=5245 bytes_read=74679 bytes_retransmit=9 bytes_invalid=0 send_seq=660 receive_seq=660 retransmit_seq=2 srtt=0.001 rttvar=0.000 rto=0.025 ready_bytes=0 upcoming_bytes=0 freq=520021852 heater_bed: target=0 temp=22.5 pwm=0.000 print_time=441.984 buffer_time=0.000 print_stall=0 extruder: target=0 temp=24.1 pwm=0.000 extruder1: target=0 temp=24.1 pwm=0.000 sysload=0.11 cputime=8.505 memavail=611820
Stats 447.3: gcodein=0 mcu: mcu_awake=0.000 mcu_task_avg=0.000001 mcu_task_stddev=0.000001 bytes_write=5251 bytes_read=74857 bytes_retransmit=9 bytes_invalid=0 send_seq=661 receive_seq=661 retransmit_seq=2 srtt=0.001 rttvar=0.000 rto=0.025 ready_bytes=0 upcoming_bytes=0 freq=520021850 heater_bed: target=0 temp=22.5 pwm=0.000 print_time=441.984 buffer_time=0.000 print_stall=0 extruder: target=0 temp=24.0 pwm=0.000 extruder1: target=0 temp=24.1 pwm=0.000 sysload=0.11 cputime=8.520 memavail=611660
Stats 448.3: gcodein=0 mcu: mcu_awake=0.000 mcu_task_avg=0.000001 mcu_task_stddev=0.000001 bytes_write=5257 bytes_read=75005 bytes_retransmit=9 bytes_invalid=0 send_seq=662 receive_seq=662 retransmit_seq=2 srtt=0.001 rttvar=0.000 rto=0.025 ready_bytes=0 upcoming_bytes=0 freq=520021847 heater_bed: target=0 temp=22.5 pwm=0.000 print_time=441.984 buffer_time=0.000 print_stall=0 extruder: target=0 temp=24.1 pwm=0.000 extruder1: target=0 temp=24.1 pwm=0.000 sysload=0.11 cputime=8.533 memavail=611532
Stats 449.3: gcodein=0 mcu: mcu_awake=0.000 mcu_task_avg=0.000001 mcu_task_stddev=0.000001 bytes_write=5263 bytes_read=75185 bytes_retransmit=9 bytes_invalid=0 send_seq=663 receive_seq=663 retransmit_seq=2 srtt=0.001 rttvar=0.000 rto=0.025 ready_bytes=0 upcoming_bytes=0 freq=520021846 heater_bed: target=0 temp=22.5 pwm=0.000 print_time=441.984 buffer_time=0.000 print_stall=0 extruder: target=0 temp=24.1 pwm=0.000 extruder1: target=0 temp=24.1 pwm=0.000 sysload=0.11 cputime=8.548 memavail=611436
Stats 450.3: gcodein=0 mcu: mcu_awake=0.000 mcu_task_avg=0.000001 mcu_task_stddev=0.000001 bytes_write=5269 bytes_read=75366 bytes_retransmit=9 bytes_invalid=0 send_seq=664 receive_seq=664 retransmit_seq=2 srtt=0.001 rttvar=0.000 rto=0.025 ready_bytes=0 upcoming_bytes=0 freq=520021843 heater_bed: target=0 temp=22.5 pwm=0.000 print_time=441.984 buffer_time=0.000 print_stall=0 extruder: target=0 temp=24.1 pwm=0.000 extruder1: target=0 temp=24.1 pwm=0.000 sysload=0.11 cputime=8.563 memavail=611436
Stats 451.3: gcodein=0 mcu: mcu_awake=0.000 mcu_task_avg=0.000001 mcu_task_stddev=0.000001 bytes_write=5275 bytes_read=75517 bytes_retransmit=9 bytes_invalid=0 send_seq=665 receive_seq=665 retransmit_seq=2 srtt=0.001 rttvar=0.000 rto=0.025 ready_bytes=0 upcoming_bytes=0 freq=520021842 heater_bed: target=0 temp=22.5 pwm=0.000 print_time=441.984 buffer_time=0.000 print_stall=0 extruder: target=0 temp=24.1 pwm=0.000 extruder1: target=0 temp=24.1 pwm=0.000 sysload=0.10 cputime=8.576 memavail=611436
Stats 452.3: gcodein=0 mcu: mcu_awake=0.000 mcu_task_avg=0.000001 mcu_task_stddev=0.000001 bytes_write=5281 bytes_read=75683 bytes_retransmit=9 bytes_invalid=0 send_seq=666 receive_seq=666 retransmit_seq=2 srtt=0.001 rttvar=0.000 rto=0.025 ready_bytes=0 upcoming_bytes=0 freq=520021843 heater_bed: target=0 temp=22.5 pwm=0.000 print_time=441.984 buffer_time=0.000 print_stall=0 extruder: target=0 temp=24.1 pwm=0.000 extruder1: target=0 temp=24.0 pwm=0.000 sysload=0.10 cputime=8.590 memavail=611436
Stats 453.3: gcodein=0 mcu: mcu_awake=0.000 mcu_task_avg=0.000001 mcu_task_stddev=0.000001 bytes_write=5287 bytes_read=75864 bytes_retransmit=9 bytes_invalid=0 send_seq=667 receive_seq=667 retransmit_seq=2 srtt=0.001 rttvar=0.000 rto=0.025 ready_bytes=0 upcoming_bytes=0 freq=520021845 heater_bed: target=0 temp=22.6 pwm=0.000 print_time=441.984 buffer_time=0.000 print_stall=0 extruder: target=0 temp=24.1 pwm=0.000 extruder1: target=0 temp=24.1 pwm=0.000 sysload=0.10 cputime=8.605 memavail=611436
Stats 454.3: gcodein=0 mcu: mcu_awake=0.000 mcu_task_avg=0.000001 mcu_task_stddev=0.000001 bytes_write=5293 bytes_read=76029 bytes_retransmit=9 bytes_invalid=0 send_seq=668 receive_seq=668 retransmit_seq=2 srtt=0.001 rttvar=0.000 rto=0.025 ready_bytes=0 upcoming_bytes=0 freq=520021844 heater_bed: target=0 temp=22.6 pwm=0.000 print_time=441.984 buffer_time=0.000 print_stall=0 extruder: target=0 temp=24.1 pwm=0.000 extruder1: target=0 temp=24.1 pwm=0.000 sysload=0.10 cputime=8.619 memavail=611436
Stats 455.3: gcodein=0 mcu: mcu_awake=0.000 mcu_task_avg=0.000001 mcu_task_stddev=0.000001 bytes_write=5299 bytes_read=76195 bytes_retransmit=9 bytes_invalid=0 send_seq=669 receive_seq=669 retransmit_seq=2 srtt=0.001 rttvar=0.000 rto=0.025 ready_bytes=0 upcoming_bytes=0 freq=520021839 heater_bed: target=0 temp=22.7 pwm=0.000 print_time=441.984 buffer_time=0.000 print_stall=0 extruder: target=0 temp=24.1 pwm=0.000 extruder1: target=0 temp=24.1 pwm=0.000 sysload=0.10 cputime=8.633 memavail=611436
Stats 456.3: gcodein=0 mcu: mcu_awake=0.000 mcu_task_avg=0.000001 mcu_task_stddev=0.000001 bytes_write=5305 bytes_read=76370 bytes_retransmit=9 bytes_invalid=0 send_seq=670 receive_seq=670 retransmit_seq=2 srtt=0.001 rttvar=0.001 rto=0.025 ready_bytes=0 upcoming_bytes=0 freq=520021836 heater_bed: target=0 temp=22.7 pwm=0.000 print_time=441.984 buffer_time=0.000 print_stall=0 extruder: target=0 temp=24.1 pwm=0.000 extruder1: target=0 temp=24.1 pwm=0.000 sysload=0.09 cputime=8.648 memavail=611468
Stats 457.3: gcodein=0 mcu: mcu_awake=0.000 mcu_task_avg=0.000001 mcu_task_stddev=0.000001 bytes_write=5311 bytes_read=76521 bytes_retransmit=9 bytes_invalid=0 send_seq=671 receive_seq=671 retransmit_seq=2 srtt=0.001 rttvar=0.000 rto=0.025 ready_bytes=0 upcoming_bytes=0 freq=520021837 heater_bed: target=0 temp=22.8 pwm=0.000 print_time=441.984 buffer_time=0.000 print_stall=0 extruder: target=0 temp=24.1 pwm=0.000 extruder1: target=0 temp=24.0 pwm=0.000 sysload=0.09 cputime=8.661 memavail=611436
Stats 458.3: gcodein=0 mcu: mcu_awake=0.000 mcu_task_avg=0.000001 mcu_task_stddev=0.000001 bytes_write=5317 bytes_read=76687 bytes_retransmit=9 bytes_invalid=0 send_seq=672 receive_seq=672 retransmit_seq=2 srtt=0.001 rttvar=0.000 rto=0.025 ready_bytes=0 upcoming_bytes=0 freq=520021842 heater_bed: target=0 temp=22.8 pwm=0.000 print_time=441.984 buffer_time=0.000 print_stall=0 extruder: target=0 temp=24.1 pwm=0.000 extruder1: target=0 temp=24.4 pwm=0.000 sysload=0.09 cputime=8.675 memavail=611436
Stats 459.3: gcodein=0 mcu: mcu_awake=0.000 mcu_task_avg=0.000001 mcu_task_stddev=0.000001 bytes_write=5323 bytes_read=76882 bytes_retransmit=9 bytes_invalid=0 send_seq=673 receive_seq=673 retransmit_seq=2 srtt=0.001 rttvar=0.000 rto=0.025 ready_bytes=0 upcoming_bytes=0 freq=520021840 heater_bed: target=0 temp=22.9 pwm=0.000 print_time=441.984 buffer_time=0.000 print_stall=0 extruder: target=0 temp=24.1 pwm=0.000 extruder1: target=0 temp=24.1 pwm=0.000 sysload=0.09 cputime=8.691 memavail=611436
Stats 460.3: gcodein=0 mcu: mcu_awake=0.000 mcu_task_avg=0.000001 mcu_task_stddev=0.000001 bytes_write=5329 bytes_read=77033 bytes_retransmit=9 bytes_invalid=0 send_seq=674 receive_seq=674 retransmit_seq=2 srtt=0.001 rttvar=0.000 rto=0.025 ready_bytes=0 upcoming_bytes=0 freq=520021845 heater_bed: target=0 temp=22.9 pwm=0.000 print_time=441.984 buffer_time=0.000 print_stall=0 extruder: target=0 temp=24.0 pwm=0.000 extruder1: target=0 temp=24.1 pwm=0.000 sysload=0.09 cputime=8.705 memavail=611436
Stats 461.3: gcodein=0 mcu: mcu_awake=0.000 mcu_task_avg=0.000001 mcu_task_stddev=0.000001 bytes_write=5335 bytes_read=77199 bytes_retransmit=9 bytes_invalid=0 send_seq=675 receive_seq=675 retransmit_seq=2 srtt=0.001 rttvar=0.000 rto=0.025 ready_bytes=0 upcoming_bytes=0 freq=520021850 heater_bed: target=0 temp=22.9 pwm=0.000 print_time=441.984 buffer_time=0.000 print_stall=0 extruder: target=0 temp=24.1 pwm=0.000 extruder1: target=0 temp=24.1 pwm=0.000 sysload=0.08 cputime=8.719 memavail=611436
Stats 462.3: gcodein=0 mcu: mcu_awake=0.000 mcu_task_avg=0.000001 mcu_task_stddev=0.000001 bytes_write=5341 bytes_read=77380 bytes_retransmit=9 bytes_invalid=0 send_seq=676 receive_seq=676 retransmit_seq=2 srtt=0.001 rttvar=0.000 rto=0.025 ready_bytes=0 upcoming_bytes=0 freq=520021853 heater_bed: target=0 temp=22.9 pwm=0.000 print_time=441.984 buffer_time=0.000 print_stall=0 extruder: target=0 temp=24.1 pwm=0.000 extruder1: target=0 temp=24.2 pwm=0.000 sysload=0.08 cputime=8.734 memavail=611436
Stats 463.3: gcodein=0 mcu: mcu_awake=0.000 mcu_task_avg=0.000001 mcu_task_stddev=0.000001 bytes_write=5347 bytes_read=77531 bytes_retransmit=9 bytes_invalid=0 send_seq=677 receive_seq=677 retransmit_seq=2 srtt=0.001 rttvar=0.000 rto=0.025 ready_bytes=0 upcoming_bytes=0 freq=520021852 heater_bed: target=0 temp=23.0 pwm=0.000 print_time=441.984 buffer_time=0.000 print_stall=0 extruder: target=0 temp=24.1 pwm=0.000 extruder1: target=0 temp=24.2 pwm=0.000 sysload=0.08 cputime=8.747 memavail=611436
Stats 464.3: gcodein=0 mcu: mcu_awake=0.000 mcu_task_avg=0.000001 mcu_task_stddev=0.000001 bytes_write=5353 bytes_read=77704 bytes_retransmit=9 bytes_invalid=0 send_seq=678 receive_seq=678 retransmit_seq=2 srtt=0.001 rttvar=0.000 rto=0.025 ready_bytes=0 upcoming_bytes=0 freq=520021853 heater_bed: target=0 temp=22.9 pwm=0.000 print_time=441.984 buffer_time=0.000 print_stall=0 extruder: target=0 temp=24.1 pwm=0.000 extruder1: target=0 temp=24.1 pwm=0.000 sysload=0.08 cputime=8.762 memavail=611436
Stats 465.3: gcodein=0 mcu: mcu_awake=0.000 mcu_task_avg=0.000001 mcu_task_stddev=0.000001 bytes_write=5359 bytes_read=77885 bytes_retransmit=9 bytes_invalid=0 send_seq=679 receive_seq=679 retransmit_seq=2 srtt=0.001 rttvar=0.000 rto=0.025 ready_bytes=0 upcoming_bytes=0 freq=520021857 heater_bed: target=0 temp=22.9 pwm=0.000 print_time=441.984 buffer_time=0.000 print_stall=0 extruder: target=0 temp=24.1 pwm=0.000 extruder1: target=0 temp=24.1 pwm=0.000 sysload=0.08 cputime=8.777 memavail=611436
Stats 466.3: gcodein=0 mcu: mcu_awake=0.000 mcu_task_avg=0.000001 mcu_task_stddev=0.000001 bytes_write=5365 bytes_read=78036 bytes_retransmit=9 bytes_invalid=0 send_seq=680 receive_seq=680 retransmit_seq=2 srtt=0.001 rttvar=0.000 rto=0.025 ready_bytes=0 upcoming_bytes=0 freq=520021856 heater_bed: target=0 temp=22.9 pwm=0.000 print_time=441.984 buffer_time=0.000 print_stall=0 extruder: target=0 temp=23.9 pwm=0.000 extruder1: target=0 temp=24.1 pwm=0.000 sysload=0.08 cputime=8.790 memavail=612792
Stats 467.3: gcodein=0 mcu: mcu_awake=0.000 mcu_task_avg=0.000001 mcu_task_stddev=0.000001 bytes_write=5371 bytes_read=78202 bytes_retransmit=9 bytes_invalid=0 send_seq=681 receive_seq=681 retransmit_seq=2 srtt=0.001 rttvar=0.000 rto=0.025 ready_bytes=0 upcoming_bytes=0 freq=520021856 heater_bed: target=0 temp=22.9 pwm=0.000 print_time=441.984 buffer_time=0.000 print_stall=0 extruder: target=0 temp=24.1 pwm=0.000 extruder1: target=0 temp=24.1 pwm=0.000 sysload=0.08 cputime=8.804 memavail=612808
Stats 468.3: gcodein=0 mcu: mcu_awake=0.000 mcu_task_avg=0.000001 mcu_task_stddev=0.000001 bytes_write=5377 bytes_read=78383 bytes_retransmit=9 bytes_invalid=0 send_seq=682 receive_seq=682 retransmit_seq=2 srtt=0.001 rttvar=0.000 rto=0.025 ready_bytes=0 upcoming_bytes=0 freq=520021851 heater_bed: target=0 temp=23.0 pwm=0.000 print_time=441.984 buffer_time=0.000 print_stall=0 extruder: target=0 temp=24.1 pwm=0.000 extruder1: target=0 temp=24.1 pwm=0.000 sysload=0.08 cputime=8.819 memavail=612808
Stats 469.3: gcodein=0 mcu: mcu_awake=0.000 mcu_task_avg=0.000001 mcu_task_stddev=0.000001 bytes_write=5383 bytes_read=78534 bytes_retransmit=9 bytes_invalid=0 send_seq=683 receive_seq=683 retransmit_seq=2 srtt=0.001 rttvar=0.000 rto=0.025 ready_bytes=0 upcoming_bytes=0 freq=520021843 heater_bed: target=0 temp=22.8 pwm=0.000 print_time=441.984 buffer_time=0.000 print_stall=0 extruder: target=0 temp=24.1 pwm=0.000 extruder1: target=0 temp=24.1 pwm=0.000 sysload=0.08 cputime=8.832 memavail=612808
Stats 470.3: gcodein=0 mcu: mcu_awake=0.000 mcu_task_avg=0.000001 mcu_task_stddev=0.000001 bytes_write=5389 bytes_read=78714 bytes_retransmit=9 bytes_invalid=0 send_seq=684 receive_seq=684 retransmit_seq=2 srtt=0.001 rttvar=0.000 rto=0.025 ready_bytes=0 upcoming_bytes=0 freq=520021838 heater_bed: target=0 temp=22.9 pwm=0.000 print_time=441.984 buffer_time=0.000 print_stall=0 extruder: target=0 temp=24.1 pwm=0.000 extruder1: target=0 temp=24.1 pwm=0.000 sysload=0.08 cputime=8.846 memavail=612808
Stats 471.3: gcodein=0 mcu: mcu_awake=0.000 mcu_task_avg=0.000001 mcu_task_stddev=0.000001 bytes_write=5395 bytes_read=78895 bytes_retransmit=9 bytes_invalid=0 send_seq=685 receive_seq=685 retransmit_seq=2 srtt=0.001 rttvar=0.000 rto=0.025 ready_bytes=0 upcoming_bytes=0 freq=520021839 heater_bed: target=0 temp=22.9 pwm=0.000 print_time=441.984 buffer_time=0.000 print_stall=0 extruder: target=0 temp=24.1 pwm=0.000 extruder1: target=0 temp=24.1 pwm=0.000 sysload=0.07 cputime=8.861 memavail=612556
Stats 472.3: gcodein=0 mcu: mcu_awake=0.000 mcu_task_avg=0.000001 mcu_task_stddev=0.000001 bytes_write=5401 bytes_read=79042 bytes_retransmit=9 bytes_invalid=0 send_seq=686 receive_seq=686 retransmit_seq=2 srtt=0.001 rttvar=0.000 rto=0.025 ready_bytes=0 upcoming_bytes=0 freq=520021835 heater_bed: target=0 temp=22.7 pwm=0.000 print_time=441.984 buffer_time=0.000 print_stall=0 extruder: target=0 temp=24.1 pwm=0.000 extruder1: target=0 temp=24.1 pwm=0.000 sysload=0.07 cputime=8.875 memavail=612428
Stats 473.3: gcodein=0 mcu: mcu_awake=0.000 mcu_task_avg=0.000001 mcu_task_stddev=0.000001 bytes_write=5407 bytes_read=79207 bytes_retransmit=9 bytes_invalid=0 send_seq=687 receive_seq=687 retransmit_seq=2 srtt=0.001 rttvar=0.000 rto=0.025 ready_bytes=0 upcoming_bytes=0 freq=520021832 heater_bed: target=0 temp=22.7 pwm=0.000 print_time=441.984 buffer_time=0.000 print_stall=0 extruder: target=0 temp=24.1 pwm=0.000 extruder1: target=0 temp=24.1 pwm=0.000 sysload=0.07 cputime=8.889 memavail=612332
Stats 474.3: gcodein=0 mcu: mcu_awake=0.000 mcu_task_avg=0.000001 mcu_task_stddev=0.000001 bytes_write=5413 bytes_read=79388 bytes_retransmit=9 bytes_invalid=0 send_seq=688 receive_seq=688 retransmit_seq=2 srtt=0.001 rttvar=0.000 rto=0.025 ready_bytes=0 upcoming_bytes=0 freq=520021830 heater_bed: target=0 temp=22.6 pwm=0.000 print_time=441.984 buffer_time=0.000 print_stall=0 extruder: target=0 temp=24.1 pwm=0.000 extruder1: target=0 temp=24.0 pwm=0.000 sysload=0.07 cputime=8.903 memavail=612332
Stats 475.3: gcodein=0 mcu: mcu_awake=0.000 mcu_task_avg=0.000001 mcu_task_stddev=0.000001 bytes_write=5419 bytes_read=79553 bytes_retransmit=9 bytes_invalid=0 send_seq=689 receive_seq=689 retransmit_seq=2 srtt=0.001 rttvar=0.000 rto=0.025 ready_bytes=0 upcoming_bytes=0 freq=520021823 heater_bed: target=0 temp=22.5 pwm=0.000 print_time=441.984 buffer_time=0.000 print_stall=0 extruder: target=0 temp=24.1 pwm=0.000 extruder1: target=0 temp=24.1 pwm=0.000 sysload=0.07 cputime=8.917 memavail=612332
Stats 476.3: gcodein=0 mcu: mcu_awake=0.000 mcu_task_avg=0.000001 mcu_task_stddev=0.000001 bytes_write=5425 bytes_read=79719 bytes_retransmit=9 bytes_invalid=0 send_seq=690 receive_seq=690 retransmit_seq=2 srtt=0.001 rttvar=0.000 rto=0.025 ready_bytes=0 upcoming_bytes=0 freq=520021825 heater_bed: target=0 temp=22.5 pwm=0.000 print_time=441.984 buffer_time=0.000 print_stall=0 extruder: target=0 temp=24.1 pwm=0.000 extruder1: target=0 temp=24.1 pwm=0.000 sysload=0.06 cputime=8.931 memavail=612200
Stats 477.3: gcodein=0 mcu: mcu_awake=0.000 mcu_task_avg=0.000001 mcu_task_stddev=0.000001 bytes_write=5431 bytes_read=79900 bytes_retransmit=9 bytes_invalid=0 send_seq=691 receive_seq=691 retransmit_seq=2 srtt=0.001 rttvar=0.000 rto=0.025 ready_bytes=0 upcoming_bytes=0 freq=520021826 heater_bed: target=0 temp=22.4 pwm=0.000 print_time=441.984 buffer_time=0.000 print_stall=0 extruder: target=0 temp=24.0 pwm=0.000 extruder1: target=0 temp=24.2 pwm=0.000 sysload=0.06 cputime=8.946 memavail=611952
Stats 478.3: gcodein=0 mcu: mcu_awake=0.000 mcu_task_avg=0.000001 mcu_task_stddev=0.000001 bytes_write=5437 bytes_read=80051 bytes_retransmit=9 bytes_invalid=0 send_seq=692 receive_seq=692 retransmit_seq=2 srtt=0.001 rttvar=0.000 rto=0.025 ready_bytes=0 upcoming_bytes=0 freq=520021826 heater_bed: target=0 temp=22.3 pwm=0.000 print_time=441.984 buffer_time=0.000 print_stall=0 extruder: target=0 temp=24.0 pwm=0.000 extruder1: target=0 temp=24.1 pwm=0.000 sysload=0.06 cputime=8.960 memavail=611752
Stats 479.3: gcodein=0 mcu: mcu_awake=0.000 mcu_task_avg=0.000001 mcu_task_stddev=0.000001 bytes_write=5443 bytes_read=80217 bytes_retransmit=9 bytes_invalid=0 send_seq=693 receive_seq=693 retransmit_seq=2 srtt=0.001 rttvar=0.000 rto=0.025 ready_bytes=0 upcoming_bytes=0 freq=520021825 heater_bed: target=0 temp=22.1 pwm=0.000 print_time=441.984 buffer_time=0.000 print_stall=0 extruder: target=0 temp=24.2 pwm=0.000 extruder1: target=0 temp=24.2 pwm=0.000 sysload=0.06 cputime=8.974 memavail=611700
Stats 480.3: gcodein=0 mcu: mcu_awake=0.000 mcu_task_avg=0.000001 mcu_task_stddev=0.000001 bytes_write=5449 bytes_read=80409 bytes_retransmit=9 bytes_invalid=0 send_seq=694 receive_seq=694 retransmit_seq=2 srtt=0.001 rttvar=0.000 rto=0.025 ready_bytes=0 upcoming_bytes=0 freq=520021823 heater_bed: target=0 temp=22.0 pwm=0.000 print_time=441.984 buffer_time=0.000 print_stall=0 extruder: target=0 temp=24.1 pwm=0.000 extruder1: target=0 temp=24.0 pwm=0.000 sysload=0.06 cputime=8.989 memavail=611700
Stats 481.3: gcodein=0 mcu: mcu_awake=0.000 mcu_task_avg=0.000001 mcu_task_stddev=0.000001 bytes_write=5455 bytes_read=80556 bytes_retransmit=9 bytes_invalid=0 send_seq=695 receive_seq=695 retransmit_seq=2 srtt=0.001 rttvar=0.000 rto=0.025 ready_bytes=0 upcoming_bytes=0 freq=520021830 heater_bed: target=0 temp=22.0 pwm=0.000 print_time=441.984 buffer_time=0.000 print_stall=0 extruder: target=0 temp=24.0 pwm=0.000 extruder1: target=0 temp=24.1 pwm=0.000 sysload=0.06 cputime=9.002 memavail=611700
Stats 482.3: gcodein=0 mcu: mcu_awake=0.000 mcu_task_avg=0.000001 mcu_task_stddev=0.000001 bytes_write=5461 bytes_read=80722 bytes_retransmit=9 bytes_invalid=0 send_seq=696 receive_seq=696 retransmit_seq=2 srtt=0.001 rttvar=0.000 rto=0.025 ready_bytes=0 upcoming_bytes=0 freq=520021820 heater_bed: target=0 temp=21.9 pwm=0.000 print_time=441.984 buffer_time=0.000 print_stall=0 extruder: target=0 temp=24.1 pwm=0.000 extruder1: target=0 temp=24.1 pwm=0.000 sysload=0.06 cputime=9.016 memavail=611700
Stats 483.3: gcodein=0 mcu: mcu_awake=0.000 mcu_task_avg=0.000001 mcu_task_stddev=0.000001 bytes_write=5467 bytes_read=80903 bytes_retransmit=9 bytes_invalid=0 send_seq=697 receive_seq=697 retransmit_seq=2 srtt=0.001 rttvar=0.000 rto=0.025 ready_bytes=0 upcoming_bytes=0 freq=520021814 heater_bed: target=0 temp=21.8 pwm=0.000 print_time=441.984 buffer_time=0.000 print_stall=0 extruder: target=0 temp=24.1 pwm=0.000 extruder1: target=0 temp=24.1 pwm=0.000 sysload=0.06 cputime=9.031 memavail=611500
Stats 484.3: gcodein=0 mcu: mcu_awake=0.000 mcu_task_avg=0.000001 mcu_task_stddev=0.000001 bytes_write=5473 bytes_read=81054 bytes_retransmit=9 bytes_invalid=0 send_seq=698 receive_seq=698 retransmit_seq=2 srtt=0.001 rttvar=0.000 rto=0.025 ready_bytes=0 upcoming_bytes=0 freq=520021807 heater_bed: target=0 temp=21.7 pwm=0.000 print_time=441.984 buffer_time=0.000 print_stall=0 extruder: target=0 temp=23.9 pwm=0.000 extruder1: target=0 temp=24.2 pwm=0.000 sysload=0.06 cputime=9.044 memavail=611448
Stats 485.3: gcodein=0 mcu: mcu_awake=0.000 mcu_task_avg=0.000001 mcu_task_stddev=0.000001 bytes_write=5479 bytes_read=81234 bytes_retransmit=9 bytes_invalid=0 send_seq=699 receive_seq=699 retransmit_seq=2 srtt=0.001 rttvar=0.000 rto=0.025 ready_bytes=0 upcoming_bytes=0 freq=520021804 heater_bed: target=0 temp=21.6 pwm=0.000 print_time=441.984 buffer_time=0.000 print_stall=0 extruder: target=0 temp=24.1 pwm=0.000 extruder1: target=0 temp=24.1 pwm=0.000 sysload=0.06 cputime=9.059 memavail=611448
Stats 486.3: gcodein=0 mcu: mcu_awake=0.000 mcu_task_avg=0.000001 mcu_task_stddev=0.000001 bytes_write=5485 bytes_read=81415 bytes_retransmit=9 bytes_invalid=0 send_seq=700 receive_seq=700 retransmit_seq=2 srtt=0.001 rttvar=0.000 rto=0.025 ready_bytes=0 upcoming_bytes=0 freq=520021801 heater_bed: target=0 temp=21.5 pwm=0.000 print_time=441.984 buffer_time=0.000 print_stall=0 extruder: target=0 temp=24.1 pwm=0.000 extruder1: target=0 temp=24.1 pwm=0.000 sysload=0.05 cputime=9.074 memavail=607992
Stats 487.3: gcodein=0 mcu: mcu_awake=0.000 mcu_task_avg=0.000001 mcu_task_stddev=0.000001 bytes_write=5491 bytes_read=81566 bytes_retransmit=9 bytes_invalid=0 send_seq=701 receive_seq=701 retransmit_seq=2 srtt=0.001 rttvar=0.000 rto=0.025 ready_bytes=0 upcoming_bytes=0 freq=520021795 heater_bed: target=0 temp=21.5 pwm=0.000 print_time=441.984 buffer_time=0.000 print_stall=0 extruder: target=0 temp=24.1 pwm=0.000 extruder1: target=0 temp=24.1 pwm=0.000 sysload=0.05 cputime=9.088 memavail=607976
Stats 488.3: gcodein=0 mcu: mcu_awake=0.000 mcu_task_avg=0.000001 mcu_task_stddev=0.000001 bytes_write=5497 bytes_read=81732 bytes_retransmit=9 bytes_invalid=0 send_seq=702 receive_seq=702 retransmit_seq=2 srtt=0.001 rttvar=0.000 rto=0.025 ready_bytes=0 upcoming_bytes=0 freq=520021793 heater_bed: target=0 temp=21.5 pwm=0.000 print_time=441.984 buffer_time=0.000 print_stall=0 extruder: target=0 temp=24.1 pwm=0.000 extruder1: target=0 temp=24.1 pwm=0.000 sysload=0.05 cputime=9.102 memavail=607976
Stats 489.3: gcodein=0 mcu: mcu_awake=0.000 mcu_task_avg=0.000001 mcu_task_stddev=0.000001 bytes_write=5503 bytes_read=81909 bytes_retransmit=9 bytes_invalid=0 send_seq=703 receive_seq=703 retransmit_seq=2 srtt=0.001 rttvar=0.000 rto=0.025 ready_bytes=0 upcoming_bytes=0 freq=520021788 heater_bed: target=0 temp=21.5 pwm=0.000 print_time=441.984 buffer_time=0.000 print_stall=0 extruder: target=0 temp=23.9 pwm=0.000 extruder1: target=0 temp=24.3 pwm=0.000 sysload=0.05 cputime=9.117 memavail=607976
Stats 490.3: gcodein=0 mcu: mcu_awake=0.000 mcu_task_avg=0.000001 mcu_task_stddev=0.000001 bytes_write=5509 bytes_read=82074 bytes_retransmit=9 bytes_invalid=0 send_seq=704 receive_seq=704 retransmit_seq=2 srtt=0.001 rttvar=0.000 rto=0.025 ready_bytes=0 upcoming_bytes=0 freq=520021787 heater_bed: target=0 temp=21.5 pwm=0.000 print_time=441.984 buffer_time=0.000 print_stall=0 extruder: target=0 temp=24.1 pwm=0.000 extruder1: target=0 temp=24.0 pwm=0.000 sysload=0.05 cputime=9.130 memavail=607976
Stats 491.3: gcodein=0 mcu: mcu_awake=0.000 mcu_task_avg=0.000001 mcu_task_stddev=0.000001 bytes_write=5515 bytes_read=82240 bytes_retransmit=9 bytes_invalid=0 send_seq=705 receive_seq=705 retransmit_seq=2 srtt=0.001 rttvar=0.000 rto=0.025 ready_bytes=0 upcoming_bytes=0 freq=520021786 heater_bed: target=0 temp=21.5 pwm=0.000 print_time=441.984 buffer_time=0.000 print_stall=0 extruder: target=0 temp=24.1 pwm=0.000 extruder1: target=0 temp=24.2 pwm=0.000 sysload=0.05 cputime=9.145 memavail=607976
Stats 492.3: gcodein=0 mcu: mcu_awake=0.000 mcu_task_avg=0.000001 mcu_task_stddev=0.000001 bytes_write=5521 bytes_read=82421 bytes_retransmit=9 bytes_invalid=0 send_seq=706 receive_seq=706 retransmit_seq=2 srtt=0.001 rttvar=0.000 rto=0.025 ready_bytes=0 upcoming_bytes=0 freq=520021786 heater_bed: target=0 temp=21.5 pwm=0.000 print_time=441.984 buffer_time=0.000 print_stall=0 extruder: target=0 temp=24.1 pwm=0.000 extruder1: target=0 temp=24.2 pwm=0.000 sysload=0.05 cputime=9.160 memavail=607976
Stats 493.3: gcodein=0 mcu: mcu_awake=0.000 mcu_task_avg=0.000001 mcu_task_stddev=0.000001 bytes_write=5527 bytes_read=82572 bytes_retransmit=9 bytes_invalid=0 send_seq=707 receive_seq=707 retransmit_seq=2 srtt=0.001 rttvar=0.000 rto=0.025 ready_bytes=0 upcoming_bytes=0 freq=520021788 heater_bed: target=0 temp=21.5 pwm=0.000 print_time=441.984 buffer_time=0.000 print_stall=0 extruder: target=0 temp=24.1 pwm=0.000 extruder1: target=0 temp=24.0 pwm=0.000 sysload=0.05 cputime=9.174 memavail=607976
Stats 494.3: gcodein=0 mcu: mcu_awake=0.000 mcu_task_avg=0.000001 mcu_task_stddev=0.000001 bytes_write=5533 bytes_read=82738 bytes_retransmit=9 bytes_invalid=0 send_seq=708 receive_seq=708 retransmit_seq=2 srtt=0.001 rttvar=0.000 rto=0.025 ready_bytes=0 upcoming_bytes=0 freq=520021798 heater_bed: target=0 temp=21.6 pwm=0.000 print_time=441.984 buffer_time=0.000 print_stall=0 extruder: target=0 temp=24.1 pwm=0.000 extruder1: target=0 temp=24.2 pwm=0.000 sysload=0.05 cputime=9.188 memavail=607976
Stats 1036.7: gcodein=0 mcu: mcu_awake=0.000 mcu_task_avg=0.000001 mcu_task_stddev=0.000001 bytes_write=8839 bytes_read=174036 bytes_retransmit=9 bytes_invalid=0 send_seq=1259 receive_seq=1259 retransmit_seq=2 srtt=0.001 rttvar=0.000 rto=0.025 ready_bytes=0 upcoming_bytes=0 freq=520021614 heater_bed: target=0 temp=23.1 pwm=0.000 print_time=1042.763 buffer_time=0.000 print_stall=0 extruder: target=0 temp=24.1 pwm=0.000 extruder1: target=0 temp=24.1 pwm=0.000 sysload=0.01 cputime=16.413 memavail=604964
Stats 1037.7: gcodein=0 mcu: mcu_awake=0.000 mcu_task_avg=0.000001 mcu_task_stddev=0.000001 bytes_write=8845 bytes_read=174231 bytes_retransmit=9 bytes_invalid=0 send_seq=1260 receive_seq=1260 retransmit_seq=2 srtt=0.001 rttvar=0.000 rto=0.025 ready_bytes=0 upcoming_bytes=0 freq=520021617 heater_bed: target=0 temp=23.2 pwm=0.000 print_time=1042.763 buffer_time=0.000 print_stall=0 extruder: target=0 temp=24.2 pwm=0.000 extruder1: target=0 temp=24.0 pwm=0.000 sysload=0.01 cputime=16.428 memavail=604912
Stats 1038.7: gcodein=0 mcu: mcu_awake=0.000 mcu_task_avg=0.000001 mcu_task_stddev=0.000001 bytes_write=8851 bytes_read=174382 bytes_retransmit=9 bytes_invalid=0 send_seq=1261 receive_seq=1261 retransmit_seq=2 srtt=0.001 rttvar=0.000 rto=0.025 ready_bytes=0 upcoming_bytes=0 freq=520021623 heater_bed: target=0 temp=23.2 pwm=0.000 print_time=1042.763 buffer_time=0.000 print_stall=0 extruder: target=0 temp=24.2 pwm=0.000 extruder1: target=0 temp=24.2 pwm=0.000 sysload=0.01 cputime=16.442 memavail=604912
Stats 1039.7: gcodein=0 mcu: mcu_awake=0.000 mcu_task_avg=0.000001 mcu_task_stddev=0.000001 bytes_write=8857 bytes_read=174548 bytes_retransmit=9 bytes_invalid=0 send_seq=1262 receive_seq=1262 retransmit_seq=2 srtt=0.001 rttvar=0.000 rto=0.025 ready_bytes=0 upcoming_bytes=0 freq=520021631 heater_bed: target=0 temp=23.2 pwm=0.000 print_time=1042.763 buffer_time=0.000 print_stall=0 extruder: target=0 temp=24.2 pwm=0.000 extruder1: target=0 temp=24.1 pwm=0.000 sysload=0.01 cputime=16.456 memavail=604912
Stats 1040.7: gcodein=0 mcu: mcu_awake=0.000 mcu_task_avg=0.000001 mcu_task_stddev=0.000001 bytes_write=8863 bytes_read=174729 bytes_retransmit=9 bytes_invalid=0 send_seq=1263 receive_seq=1263 retransmit_seq=2 srtt=0.001 rttvar=0.000 rto=0.025 ready_bytes=0 upcoming_bytes=0 freq=520021626 heater_bed: target=0 temp=23.1 pwm=0.000 print_time=1042.763 buffer_time=0.000 print_stall=0 extruder: target=0 temp=24.1 pwm=0.000 extruder1: target=0 temp=24.1 pwm=0.000 sysload=0.01 cputime=16.471 memavail=604912
Stats 1041.7: gcodein=0 mcu: mcu_awake=0.000 mcu_task_avg=0.000001 mcu_task_stddev=0.000001 bytes_write=8869 bytes_read=174880 bytes_retransmit=9 bytes_invalid=0 send_seq=1264 receive_seq=1264 retransmit_seq=2 srtt=0.001 rttvar=0.000 rto=0.025 ready_bytes=0 upcoming_bytes=0 freq=520021624 heater_bed: target=0 temp=23.1 pwm=0.000 print_time=1042.763 buffer_time=0.000 print_stall=0 extruder: target=0 temp=24.1 pwm=0.000 extruder1: target=0 temp=24.1 pwm=0.000 sysload=0.01 cputime=16.485 memavail=604912
Stats 1042.7: gcodein=0 mcu: mcu_awake=0.000 mcu_task_avg=0.000001 mcu_task_stddev=0.000001 bytes_write=8875 bytes_read=175055 bytes_retransmit=9 bytes_invalid=0 send_seq=1265 receive_seq=1265 retransmit_seq=2 srtt=0.001 rttvar=0.000 rto=0.025 ready_bytes=0 upcoming_bytes=0 freq=520021622 heater_bed: target=0 temp=23.0 pwm=0.000 print_time=1042.763 buffer_time=0.000 print_stall=0 extruder: target=0 temp=24.1 pwm=0.000 extruder1: target=0 temp=24.1 pwm=0.000 sysload=0.01 cputime=16.499 memavail=604912
Stats 1043.7: gcodein=0 mcu: mcu_awake=0.000 mcu_task_avg=0.000001 mcu_task_stddev=0.000001 bytes_write=8881 bytes_read=175236 bytes_retransmit=9 bytes_invalid=0 send_seq=1266 receive_seq=1266 retransmit_seq=2 srtt=0.001 rttvar=0.000 rto=0.025 ready_bytes=0 upcoming_bytes=0 freq=520021623 heater_bed: target=0 temp=22.9 pwm=0.000 print_time=1042.763 buffer_time=0.000 print_stall=0 extruder: target=0 temp=24.1 pwm=0.000 extruder1: target=0 temp=24.1 pwm=0.000 sysload=0.01 cputime=16.514 memavail=604912
Stats 1044.7: gcodein=0 mcu: mcu_awake=0.000 mcu_task_avg=0.000001 mcu_task_stddev=0.000001 bytes_write=8887 bytes_read=175387 bytes_retransmit=9 bytes_invalid=0 send_seq=1267 receive_seq=1267 retransmit_seq=2 srtt=0.001 rttvar=0.000 rto=0.025 ready_bytes=0 upcoming_bytes=0 freq=520021620 heater_bed: target=0 temp=22.8 pwm=0.000 print_time=1042.763 buffer_time=0.000 print_stall=0 extruder: target=0 temp=24.1 pwm=0.000 extruder1: target=0 temp=24.1 pwm=0.000 sysload=0.01 cputime=16.528 memavail=604912
Stats 1045.7: gcodein=0 mcu: mcu_awake=0.000 mcu_task_avg=0.000001 mcu_task_stddev=0.000001 bytes_write=8893 bytes_read=175553 bytes_retransmit=9 bytes_invalid=0 send_seq=1268 receive_seq=1268 retransmit_seq=2 srtt=0.001 rttvar=0.000 rto=0.025 ready_bytes=0 upcoming_bytes=0 freq=520021616 heater_bed: target=0 temp=22.7 pwm=0.000 print_time=1042.763 buffer_time=0.000 print_stall=0 extruder: target=0 temp=24.1 pwm=0.000 extruder1: target=0 temp=24.1 pwm=0.000 sysload=0.01 cputime=16.543 memavail=604912
Stats 1046.7: gcodein=0 mcu: mcu_awake=0.000 mcu_task_avg=0.000001 mcu_task_stddev=0.000001 bytes_write=8899 bytes_read=175734 bytes_retransmit=9 bytes_invalid=0 send_seq=1269 receive_seq=1269 retransmit_seq=2 srtt=0.001 rttvar=0.000 rto=0.025 ready_bytes=0 upcoming_bytes=0 freq=520021617 heater_bed: target=0 temp=22.5 pwm=0.000 print_time=1042.763 buffer_time=0.000 print_stall=0 extruder: target=0 temp=24.1 pwm=0.000 extruder1: target=0 temp=24.1 pwm=0.000 sysload=0.01 cputime=16.557 memavail=604912
Stats 1047.7: gcodein=0 mcu: mcu_awake=0.000 mcu_task_avg=0.000001 mcu_task_stddev=0.000001 bytes_write=8905 bytes_read=175885 bytes_retransmit=9 bytes_invalid=0 send_seq=1270 receive_seq=1270 retransmit_seq=2 srtt=0.001 rttvar=0.000 rto=0.025 ready_bytes=0 upcoming_bytes=0 freq=520021614 heater_bed: target=0 temp=22.4 pwm=0.000 print_time=1042.763 buffer_time=0.000 print_stall=0 extruder: target=0 temp=24.1 pwm=0.000 extruder1: target=0 temp=24.1 pwm=0.000 sysload=0.01 cputime=16.571 memavail=604920
Stats 1048.7: gcodein=0 mcu: mcu_awake=0.000 mcu_task_avg=0.000001 mcu_task_stddev=0.000001 bytes_write=8911 bytes_read=176065 bytes_retransmit=9 bytes_invalid=0 send_seq=1271 receive_seq=1271 retransmit_seq=2 srtt=0.001 rttvar=0.000 rto=0.025 ready_bytes=0 upcoming_bytes=0 freq=520021610 heater_bed: target=0 temp=22.3 pwm=0.000 print_time=1042.763 buffer_time=0.000 print_stall=0 extruder: target=0 temp=24.1 pwm=0.000 extruder1: target=0 temp=24.1 pwm=0.000 sysload=0.01 cputime=16.587 memavail=604720
Stats 1049.7: gcodein=0 mcu: mcu_awake=0.000 mcu_task_avg=0.000001 mcu_task_stddev=0.000001 bytes_write=8917 bytes_read=176246 bytes_retransmit=9 bytes_invalid=0 send_seq=1272 receive_seq=1272 retransmit_seq=2 srtt=0.001 rttvar=0.000 rto=0.025 ready_bytes=0 upcoming_bytes=0 freq=520021612 heater_bed: target=0 temp=22.1 pwm=0.000 print_time=1042.763 buffer_time=0.000 print_stall=0 extruder: target=0 temp=24.1 pwm=0.000 extruder1: target=0 temp=24.1 pwm=0.000 sysload=0.01 cputime=16.601 memavail=604668
Stats 1050.7: gcodein=0 mcu: mcu_awake=0.000 mcu_task_avg=0.000001 mcu_task_stddev=0.000001 bytes_write=8923 bytes_read=176392 bytes_retransmit=9 bytes_invalid=0 send_seq=1273 receive_seq=1273 retransmit_seq=2 srtt=0.001 rttvar=0.000 rto=0.025 ready_bytes=0 upcoming_bytes=0 freq=520021612 heater_bed: target=0 temp=22.0 pwm=0.000 print_time=1042.763 buffer_time=0.000 print_stall=0 extruder: target=0 temp=24.0 pwm=0.000 extruder1: target=0 temp=24.2 pwm=0.000 sysload=0.01 cputime=16.614 memavail=604668
Stats 1051.7: gcodein=0 mcu: mcu_awake=0.000 mcu_task_avg=0.000001 mcu_task_stddev=0.000001 bytes_write=8929 bytes_read=176557 bytes_retransmit=9 bytes_invalid=0 send_seq=1274 receive_seq=1274 retransmit_seq=2 srtt=0.001 rttvar=0.000 rto=0.025 ready_bytes=0 upcoming_bytes=0 freq=520021626 heater_bed: target=0 temp=21.8 pwm=0.000 print_time=1042.763 buffer_time=0.000 print_stall=0 extruder: target=0 temp=24.1 pwm=0.000 extruder1: target=0 temp=24.1 pwm=0.000 sysload=0.00 cputime=16.628 memavail=604668
Stats 1052.7: gcodein=0 mcu: mcu_awake=0.000 mcu_task_avg=0.000001 mcu_task_stddev=0.000001 bytes_write=8935 bytes_read=176738 bytes_retransmit=9 bytes_invalid=0 send_seq=1275 receive_seq=1275 retransmit_seq=2 srtt=0.001 rttvar=0.000 rto=0.025 ready_bytes=0 upcoming_bytes=0 freq=520021620 heater_bed: target=0 temp=21.8 pwm=0.000 print_time=1042.763 buffer_time=0.000 print_stall=0 extruder: target=0 temp=24.1 pwm=0.000 extruder1: target=0 temp=24.1 pwm=0.000 sysload=0.00 cputime=16.642 memavail=604668
Stats 1053.7: gcodein=0 mcu: mcu_awake=0.000 mcu_task_avg=0.000001 mcu_task_stddev=0.000001 bytes_write=8941 bytes_read=176903 bytes_retransmit=9 bytes_invalid=0 send_seq=1276 receive_seq=1276 retransmit_seq=2 srtt=0.001 rttvar=0.000 rto=0.025 ready_bytes=0 upcoming_bytes=0 freq=520021620 heater_bed: target=0 temp=21.7 pwm=0.000 print_time=1042.763 buffer_time=0.000 print_stall=0 extruder: target=0 temp=24.1 pwm=0.000 extruder1: target=0 temp=24.1 pwm=0.000 sysload=0.00 cputime=16.656 memavail=604668
Stats 1054.7: gcodein=0 mcu: mcu_awake=0.000 mcu_task_avg=0.000001 mcu_task_stddev=0.000001 bytes_write=8947 bytes_read=177069 bytes_retransmit=9 bytes_invalid=0 send_seq=1277 receive_seq=1277 retransmit_seq=2 srtt=0.001 rttvar=0.000 rto=0.025 ready_bytes=0 upcoming_bytes=0 freq=520021619 heater_bed: target=0 temp=21.6 pwm=0.000 print_time=1042.763 buffer_time=0.000 print_stall=0 extruder: target=0 temp=24.2 pwm=0.000 extruder1: target=0 temp=24.2 pwm=0.000 sysload=0.00 cputime=16.670 memavail=604668
Stats 1055.7: gcodein=0 mcu: mcu_awake=0.000 mcu_task_avg=0.000001 mcu_task_stddev=0.000001 bytes_write=8959 bytes_read=177266 bytes_retransmit=9 bytes_invalid=0 send_seq=1279 receive_seq=1279 retransmit_seq=2 srtt=0.001 rttvar=0.000 rto=0.025 ready_bytes=0 upcoming_bytes=0 freq=520021610 heater_bed: target=0 temp=21.5 pwm=0.000 print_time=1042.763 buffer_time=0.000 print_stall=0 extruder: target=0 temp=24.1 pwm=0.000 extruder1: target=0 temp=23.8 pwm=0.000 sysload=0.00 cputime=16.686 memavail=604668
Stats 1056.7: gcodein=0 mcu: mcu_awake=0.000 mcu_task_avg=0.000001 mcu_task_stddev=0.000001 bytes_write=8965 bytes_read=177417 bytes_retransmit=9 bytes_invalid=0 send_seq=1280 receive_seq=1280 retransmit_seq=2 srtt=0.001 rttvar=0.000 rto=0.025 ready_bytes=0 upcoming_bytes=0 freq=520021614 heater_bed: target=0 temp=21.5 pwm=0.000 print_time=1042.763 buffer_time=0.000 print_stall=0 extruder: target=0 temp=24.1 pwm=0.000 extruder1: target=0 temp=24.1 pwm=0.000 sysload=0.00 cputime=16.700 memavail=604468
Stats 1057.7: gcodein=0 mcu: mcu_awake=0.000 mcu_task_avg=0.000001 mcu_task_stddev=0.000001 bytes_write=8971 bytes_read=177583 bytes_retransmit=9 bytes_invalid=0 send_seq=1281 receive_seq=1281 retransmit_seq=2 srtt=0.001 rttvar=0.000 rto=0.025 ready_bytes=0 upcoming_bytes=0 freq=520021611 heater_bed: target=0 temp=21.5 pwm=0.000 print_time=1042.763 buffer_time=0.000 print_stall=0 extruder: target=0 temp=24.2 pwm=0.000 extruder1: target=0 temp=24.1 pwm=0.000 sysload=0.00 cputime=16.714 memavail=604468
Stats 1058.7: gcodein=0 mcu: mcu_awake=0.000 mcu_task_avg=0.000001 mcu_task_stddev=0.000001 bytes_write=8977 bytes_read=177772 bytes_retransmit=9 bytes_invalid=0 send_seq=1282 receive_seq=1282 retransmit_seq=2 srtt=0.001 rttvar=0.000 rto=0.025 ready_bytes=0 upcoming_bytes=0 freq=520021611 heater_bed: target=0 temp=21.6 pwm=0.000 print_time=1042.763 buffer_time=0.000 print_stall=0 extruder: target=0 temp=24.1 pwm=0.000 extruder1: target=0 temp=24.2 pwm=0.000 sysload=0.00 cputime=16.729 memavail=604416
Stats 1059.7: gcodein=0 mcu: mcu_awake=0.000 mcu_task_avg=0.000001 mcu_task_stddev=0.000001 bytes_write=8983 bytes_read=177923 bytes_retransmit=9 bytes_invalid=0 send_seq=1283 receive_seq=1283 retransmit_seq=2 srtt=0.001 rttvar=0.000 rto=0.025 ready_bytes=0 upcoming_bytes=0 freq=520021615 heater_bed: target=0 temp=21.7 pwm=0.000 print_time=1042.763 buffer_time=0.000 print_stall=0 extruder: target=0 temp=24.1 pwm=0.000 extruder1: target=0 temp=24.1 pwm=0.000 sysload=0.00 cputime=16.742 memavail=604416
Stats 1060.7: gcodein=0 mcu: mcu_awake=0.000 mcu_task_avg=0.000001 mcu_task_stddev=0.000001 bytes_write=8989 bytes_read=178089 bytes_retransmit=9 bytes_invalid=0 send_seq=1284 receive_seq=1284 retransmit_seq=2 srtt=0.001 rttvar=0.000 rto=0.025 ready_bytes=0 upcoming_bytes=0 freq=520021611 heater_bed: target=0 temp=21.9 pwm=0.000 print_time=1042.763 buffer_time=0.000 print_stall=0 extruder: target=0 temp=24.1 pwm=0.000 extruder1: target=0 temp=24.0 pwm=0.000 sysload=0.00 cputime=16.757 memavail=604416
Stats 1061.7: gcodein=0 mcu: mcu_awake=0.000 mcu_task_avg=0.000001 mcu_task_stddev=0.000001 bytes_write=8995 bytes_read=178270 bytes_retransmit=9 bytes_invalid=0 send_seq=1285 receive_seq=1285 retransmit_seq=2 srtt=0.001 rttvar=0.000 rto=0.025 ready_bytes=0 upcoming_bytes=0 freq=520021613 heater_bed: target=0 temp=22.0 pwm=0.000 print_time=1042.763 buffer_time=0.000 print_stall=0 extruder: target=0 temp=24.1 pwm=0.000 extruder1: target=0 temp=24.1 pwm=0.000 sysload=0.00 cputime=16.771 memavail=604416
Stats 1062.7: gcodein=0 mcu: mcu_awake=0.000 mcu_task_avg=0.000001 mcu_task_stddev=0.000001 bytes_write=9001 bytes_read=178421 bytes_retransmit=9 bytes_invalid=0 send_seq=1286 receive_seq=1286 retransmit_seq=2 srtt=0.001 rttvar=0.000 rto=0.025 ready_bytes=0 upcoming_bytes=0 freq=520021615 heater_bed: target=0 temp=22.2 pwm=0.000 print_time=1042.763 buffer_time=0.000 print_stall=0 extruder: target=0 temp=24.1 pwm=0.000 extruder1: target=0 temp=24.2 pwm=0.000 sysload=0.00 cputime=16.784 memavail=604416
Stats 1063.7: gcodein=0 mcu: mcu_awake=0.000 mcu_task_avg=0.000001 mcu_task_stddev=0.000001 bytes_write=9007 bytes_read=178601 bytes_retransmit=9 bytes_invalid=0 send_seq=1287 receive_seq=1287 retransmit_seq=2 srtt=0.001 rttvar=0.000 rto=0.025 ready_bytes=0 upcoming_bytes=0 freq=520021616 heater_bed: target=0 temp=22.4 pwm=0.000 print_time=1042.763 buffer_time=0.000 print_stall=0 extruder: target=0 temp=24.1 pwm=0.000 extruder1: target=0 temp=24.2 pwm=0.000 sysload=0.00 cputime=16.798 memavail=604416
Stats 1064.7: gcodein=0 mcu: mcu_awake=0.000 mcu_task_avg=0.000001 mcu_task_stddev=0.000001 bytes_write=9013 bytes_read=178782 bytes_retransmit=9 bytes_invalid=0 send_seq=1288 receive_seq=1288 retransmit_seq=2 srtt=0.001 rttvar=0.000 rto=0.025 ready_bytes=0 upcoming_bytes=0 freq=520021614 heater_bed: target=0 temp=22.5 pwm=0.000 print_time=1042.763 buffer_time=0.000 print_stall=0 extruder: target=0 temp=24.1 pwm=0.000 extruder1: target=0 temp=24.1 pwm=0.000 sysload=0.00 cputime=16.813 memavail=604416
Stats 1065.7: gcodein=0 mcu: mcu_awake=0.000 mcu_task_avg=0.000001 mcu_task_stddev=0.000001 bytes_write=9019 bytes_read=178933 bytes_retransmit=9 bytes_invalid=0 send_seq=1289 receive_seq=1289 retransmit_seq=2 srtt=0.001 rttvar=0.000 rto=0.025 ready_bytes=0 upcoming_bytes=0 freq=520021609 heater_bed: target=0 temp=22.6 pwm=0.000 print_time=1042.763 buffer_time=0.000 print_stall=0 extruder: target=0 temp=24.1 pwm=0.000 extruder1: target=0 temp=24.1 pwm=0.000 sysload=0.00 cputime=16.826 memavail=604416
Stats 1066.7: gcodein=0 mcu: mcu_awake=0.000 mcu_task_avg=0.000001 mcu_task_stddev=0.000001 bytes_write=9025 bytes_read=179098 bytes_retransmit=9 bytes_invalid=0 send_seq=1290 receive_seq=1290 retransmit_seq=2 srtt=0.001 rttvar=0.000 rto=0.025 ready_bytes=0 upcoming_bytes=0 freq=520021607 heater_bed: target=0 temp=22.8 pwm=0.000 print_time=1042.763 buffer_time=0.000 print_stall=0 extruder: target=0 temp=24.1 pwm=0.000 extruder1: target=0 temp=24.1 pwm=0.000 sysload=0.00 cputime=16.841 memavail=607008
Stats 1067.7: gcodein=0 mcu: mcu_awake=0.000 mcu_task_avg=0.000001 mcu_task_stddev=0.000001 bytes_write=9031 bytes_read=179275 bytes_retransmit=9 bytes_invalid=0 send_seq=1291 receive_seq=1291 retransmit_seq=2 srtt=0.001 rttvar=0.000 rto=0.025 ready_bytes=0 upcoming_bytes=0 freq=520021609 heater_bed: target=0 temp=22.9 pwm=0.000 print_time=1042.763 buffer_time=0.000 print_stall=0 extruder: target=0 temp=24.1 pwm=0.000 extruder1: target=0 temp=24.2 pwm=0.000 sysload=0.00 cputime=16.856 memavail=607028
Stats 1068.7: gcodein=0 mcu: mcu_awake=0.000 mcu_task_avg=0.000001 mcu_task_stddev=0.000001 bytes_write=9037 bytes_read=179455 bytes_retransmit=9 bytes_invalid=0 send_seq=1292 receive_seq=1292 retransmit_seq=2 srtt=0.001 rttvar=0.000 rto=0.025 ready_bytes=0 upcoming_bytes=0 freq=520021607 heater_bed: target=0 temp=23.0 pwm=0.000 print_time=1042.763 buffer_time=0.000 print_stall=0 extruder: target=0 temp=24.1 pwm=0.000 extruder1: target=0 temp=24.1 pwm=0.000 sysload=0.00 cputime=16.870 memavail=607028
Stats 1069.7: gcodein=0 mcu: mcu_awake=0.000 mcu_task_avg=0.000001 mcu_task_stddev=0.000001 bytes_write=9043 bytes_read=179621 bytes_retransmit=9 bytes_invalid=0 send_seq=1293 receive_seq=1293 retransmit_seq=2 srtt=0.001 rttvar=0.000 rto=0.025 ready_bytes=0 upcoming_bytes=0 freq=520021606 heater_bed: target=0 temp=23.1 pwm=0.000 print_time=1042.763 buffer_time=0.000 print_stall=0 extruder: target=0 temp=24.1 pwm=0.000 extruder1: target=0 temp=24.1 pwm=0.000 sysload=0.00 cputime=16.884 memavail=607028
Stats 1070.7: gcodein=0 mcu: mcu_awake=0.000 mcu_task_avg=0.000001 mcu_task_stddev=0.000001 bytes_write=9049 bytes_read=179787 bytes_retransmit=9 bytes_invalid=0 send_seq=1294 receive_seq=1294 retransmit_seq=2 srtt=0.001 rttvar=0.000 rto=0.025 ready_bytes=0 upcoming_bytes=0 freq=520021608 heater_bed: target=0 temp=23.2 pwm=0.000 print_time=1042.763 buffer_time=0.000 print_stall=0 extruder: target=0 temp=24.1 pwm=0.000 extruder1: target=0 temp=24.2 pwm=0.000 sysload=0.00 cputime=16.899 memavail=607028
Stats 1071.7: gcodein=0 mcu: mcu_awake=0.000 mcu_task_avg=0.000001 mcu_task_stddev=0.000001 bytes_write=9055 bytes_read=179953 bytes_retransmit=9 bytes_invalid=0 send_seq=1295 receive_seq=1295 retransmit_seq=2 srtt=0.001 rttvar=0.000 rto=0.025 ready_bytes=0 upcoming_bytes=0 freq=520021608 heater_bed: target=0 temp=23.2 pwm=0.000 print_time=1042.763 buffer_time=0.000 print_stall=0 extruder: target=0 temp=24.1 pwm=0.000 extruder1: target=0 temp=24.1 pwm=0.000 sysload=0.00 cputime=16.913 memavail=607028
Stats 1072.7: gcodein=0 mcu: mcu_awake=0.000 mcu_task_avg=0.000001 mcu_task_stddev=0.000001 bytes_write=9061 bytes_read=180119 bytes_retransmit=9 bytes_invalid=0 send_seq=1296 receive_seq=1296 retransmit_seq=2 srtt=0.001 rttvar=0.000 rto=0.025 ready_bytes=0 upcoming_bytes=0 freq=520021606 heater_bed: target=0 temp=23.2 pwm=0.000 print_time=1042.763 buffer_time=0.000 print_stall=0 extruder: target=0 temp=24.1 pwm=0.000 extruder1: target=0 temp=24.2 pwm=0.000 sysload=0.00 cputime=16.927 memavail=607028
Stats 1073.7: gcodein=0 mcu: mcu_awake=0.000 mcu_task_avg=0.000001 mcu_task_stddev=0.000001 bytes_write=9067 bytes_read=180299 bytes_retransmit=9 bytes_invalid=0 send_seq=1297 receive_seq=1297 retransmit_seq=2 srtt=0.001 rttvar=0.000 rto=0.025 ready_bytes=0 upcoming_bytes=0 freq=520021610 heater_bed: target=0 temp=23.2 pwm=0.000 print_time=1042.763 buffer_time=0.000 print_stall=0 extruder: target=0 temp=24.1 pwm=0.000 extruder1: target=0 temp=24.1 pwm=0.000 sysload=0.00 cputime=16.941 memavail=607028
Stats 1074.7: gcodein=0 mcu: mcu_awake=0.000 mcu_task_avg=0.000001 mcu_task_stddev=0.000001 bytes_write=9073 bytes_read=180465 bytes_retransmit=9 bytes_invalid=0 send_seq=1298 receive_seq=1298 retransmit_seq=2 srtt=0.001 rttvar=0.000 rto=0.025 ready_bytes=0 upcoming_bytes=0 freq=520021610 heater_bed: target=0 temp=23.1 pwm=0.000 print_time=1042.763 buffer_time=0.000 print_stall=0 extruder: target=0 temp=24.1 pwm=0.000 extruder1: target=0 temp=24.2 pwm=0.000 sysload=0.00 cputime=16.955 memavail=607028
Stats 1075.7: gcodein=0 mcu: mcu_awake=0.000 mcu_task_avg=0.000001 mcu_task_stddev=0.000001 bytes_write=9079 bytes_read=180625 bytes_retransmit=9 bytes_invalid=0 send_seq=1299 receive_seq=1299 retransmit_seq=2 srtt=0.001 rttvar=0.000 rto=0.025 ready_bytes=0 upcoming_bytes=0 freq=520021612 heater_bed: target=0 temp=23.0 pwm=0.000 print_time=1042.763 buffer_time=0.000 print_stall=0 extruder: target=0 temp=24.2 pwm=0.000 extruder1: target=0 temp=24.1 pwm=0.000 sysload=0.00 cputime=16.970 memavail=607028
Stats 1076.7: gcodein=0 mcu: mcu_awake=0.000 mcu_task_avg=0.000001 mcu_task_stddev=0.000001 bytes_write=9085 bytes_read=180791 bytes_retransmit=9 bytes_invalid=0 send_seq=1300 receive_seq=1300 retransmit_seq=2 srtt=0.001 rttvar=0.000 rto=0.025 ready_bytes=0 upcoming_bytes=0 freq=520021615 heater_bed: target=0 temp=22.9 pwm=0.000 print_time=1042.763 buffer_time=0.000 print_stall=0 extruder: target=0 temp=24.1 pwm=0.000 extruder1: target=0 temp=24.2 pwm=0.000 sysload=0.08 cputime=16.984 memavail=607560
Stats 1077.7: gcodein=0 mcu: mcu_awake=0.000 mcu_task_avg=0.000001 mcu_task_stddev=0.000001 bytes_write=9091 bytes_read=180957 bytes_retransmit=9 bytes_invalid=0 send_seq=1301 receive_seq=1301 retransmit_seq=2 srtt=0.001 rttvar=0.000 rto=0.025 ready_bytes=0 upcoming_bytes=0 freq=520021634 heater_bed: target=0 temp=22.8 pwm=0.000 print_time=1042.763 buffer_time=0.000 print_stall=0 extruder: target=0 temp=24.4 pwm=0.000 extruder1: target=0 temp=24.1 pwm=0.000 sysload=0.08 cputime=16.999 memavail=607572
Stats 1078.7: gcodein=0 mcu: mcu_awake=0.000 mcu_task_avg=0.000001 mcu_task_stddev=0.000001 bytes_write=9097 bytes_read=181137 bytes_retransmit=9 bytes_invalid=0 send_seq=1302 receive_seq=1302 retransmit_seq=2 srtt=0.001 rttvar=0.000 rto=0.025 ready_bytes=0 upcoming_bytes=0 freq=520021628 heater_bed: target=0 temp=22.8 pwm=0.000 print_time=1042.763 buffer_time=0.000 print_stall=0 extruder: target=0 temp=24.1 pwm=0.000 extruder1: target=0 temp=23.8 pwm=0.000 sysload=0.08 cputime=17.013 memavail=607572
Stats 1079.7: gcodein=0 mcu: mcu_awake=0.000 mcu_task_avg=0.000001 mcu_task_stddev=0.000001 bytes_write=9103 bytes_read=181303 bytes_retransmit=9 bytes_invalid=0 send_seq=1303 receive_seq=1303 retransmit_seq=2 srtt=0.001 rttvar=0.000 rto=0.025 ready_bytes=0 upcoming_bytes=0 freq=520021623 heater_bed: target=0 temp=22.6 pwm=0.000 print_time=1042.763 buffer_time=0.000 print_stall=0 extruder: target=0 temp=24.1 pwm=0.000 extruder1: target=0 temp=24.1 pwm=0.000 sysload=0.08 cputime=17.027 memavail=607572
Stats 1080.7: gcodein=0 mcu: mcu_awake=0.000 mcu_task_avg=0.000001 mcu_task_stddev=0.000001 bytes_write=9109 bytes_read=181469 bytes_retransmit=9 bytes_invalid=0 send_seq=1304 receive_seq=1304 retransmit_seq=2 srtt=0.001 rttvar=0.000 rto=0.025 ready_bytes=0 upcoming_bytes=0 freq=520021625 heater_bed: target=0 temp=22.5 pwm=0.000 print_time=1042.763 buffer_time=0.000 print_stall=0 extruder: target=0 temp=24.1 pwm=0.000 extruder1: target=0 temp=24.1 pwm=0.000 sysload=0.08 cputime=17.041 memavail=607572
Stats 1081.7: gcodein=0 mcu: mcu_awake=0.000 mcu_task_avg=0.000001 mcu_task_stddev=0.000001 bytes_write=9115 bytes_read=181635 bytes_retransmit=9 bytes_invalid=0 send_seq=1305 receive_seq=1305 retransmit_seq=2 srtt=0.001 rttvar=0.000 rto=0.025 ready_bytes=0 upcoming_bytes=0 freq=520021626 heater_bed: target=0 temp=22.4 pwm=0.000 print_time=1042.763 buffer_time=0.000 print_stall=0 extruder: target=0 temp=24.1 pwm=0.000 extruder1: target=0 temp=24.2 pwm=0.000 sysload=0.08 cputime=17.055 memavail=607572
Stats 1082.7: gcodein=0 mcu: mcu_awake=0.000 mcu_task_avg=0.000001 mcu_task_stddev=0.000001 bytes_write=9121 bytes_read=181801 bytes_retransmit=9 bytes_invalid=0 send_seq=1306 receive_seq=1306 retransmit_seq=2 srtt=0.001 rttvar=0.000 rto=0.025 ready_bytes=0 upcoming_bytes=0 freq=520021628 heater_bed: target=0 temp=22.3 pwm=0.000 print_time=1042.763 buffer_time=0.000 print_stall=0 extruder: target=0 temp=23.8 pwm=0.000 extruder1: target=0 temp=24.1 pwm=0.000 sysload=0.08 cputime=17.069 memavail=607572
Stats 1083.7: gcodein=0 mcu: mcu_awake=0.000 mcu_task_avg=0.000001 mcu_task_stddev=0.000001 bytes_write=9127 bytes_read=181975 bytes_retransmit=9 bytes_invalid=0 send_seq=1307 receive_seq=1307 retransmit_seq=2 srtt=0.001 rttvar=0.000 rto=0.025 ready_bytes=0 upcoming_bytes=0 freq=520021632 heater_bed: target=0 temp=22.1 pwm=0.000 print_time=1042.763 buffer_time=0.000 print_stall=0 extruder: target=0 temp=24.1 pwm=0.000 extruder1: target=0 temp=24.1 pwm=0.000 sysload=0.08 cputime=17.084 memavail=607572
Stats 1084.7: gcodein=0 mcu: mcu_awake=0.000 mcu_task_avg=0.000001 mcu_task_stddev=0.000001 bytes_write=9133 bytes_read=182141 bytes_retransmit=9 bytes_invalid=0 send_seq=1308 receive_seq=1308 retransmit_seq=2 srtt=0.001 rttvar=0.000 rto=0.025 ready_bytes=0 upcoming_bytes=0 freq=520021634 heater_bed: target=0 temp=22.1 pwm=0.000 print_time=1042.763 buffer_time=0.000 print_stall=0 extruder: target=0 temp=24.1 pwm=0.000 extruder1: target=0 temp=24.1 pwm=0.000 sysload=0.08 cputime=17.098 memavail=607572
Stats 1085.7: gcodein=0 mcu: mcu_awake=0.000 mcu_task_avg=0.000001 mcu_task_stddev=0.000001 bytes_write=9139 bytes_read=182307 bytes_retransmit=9 bytes_invalid=0 send_seq=1309 receive_seq=1309 retransmit_seq=2 srtt=0.001 rttvar=0.000 rto=0.025 ready_bytes=0 upcoming_bytes=0 freq=520021640 heater_bed: target=0 temp=21.9 pwm=0.000 print_time=1042.763 buffer_time=0.000 print_stall=0 extruder: target=0 temp=24.1 pwm=0.000 extruder1: target=0 temp=24.1 pwm=0.000 sysload=0.08 cputime=17.113 memavail=607572
Stats 1086.7: gcodein=0 mcu: mcu_awake=0.000 mcu_task_avg=0.000001 mcu_task_stddev=0.000001 bytes_write=9145 bytes_read=182473 bytes_retransmit=9 bytes_invalid=0 send_seq=1310 receive_seq=1310 retransmit_seq=2 srtt=0.001 rttvar=0.000 rto=0.025 ready_bytes=0 upcoming_bytes=0 freq=520021638 heater_bed: target=0 temp=21.8 pwm=0.000 print_time=1042.763 buffer_time=0.000 print_stall=0 extruder: target=0 temp=24.1 pwm=0.000 extruder1: target=0 temp=24.2 pwm=0.000 sysload=0.07 cputime=17.127 memavail=607496
Stats 1087.7: gcodein=0 mcu: mcu_awake=0.000 mcu_task_avg=0.000001 mcu_task_stddev=0.000001 bytes_write=9151 bytes_read=182639 bytes_retransmit=9 bytes_invalid=0 send_seq=1311 receive_seq=1311 retransmit_seq=2 srtt=0.001 rttvar=0.000 rto=0.025 ready_bytes=0 upcoming_bytes=0 freq=520021638 heater_bed: target=0 temp=21.7 pwm=0.000 print_time=1042.763 buffer_time=0.000 print_stall=0 extruder: target=0 temp=24.1 pwm=0.000 extruder1: target=0 temp=24.2 pwm=0.000 sysload=0.07 cputime=17.141 memavail=607444
Stats 1088.7: gcodein=0 mcu: mcu_awake=0.000 mcu_task_avg=0.000001 mcu_task_stddev=0.000001 bytes_write=9157 bytes_read=182819 bytes_retransmit=9 bytes_invalid=0 send_seq=1312 receive_seq=1312 retransmit_seq=2 srtt=0.001 rttvar=0.000 rto=0.025 ready_bytes=0 upcoming_bytes=0 freq=520021649 heater_bed: target=0 temp=21.7 pwm=0.000 print_time=1042.763 buffer_time=0.000 print_stall=0 extruder: target=0 temp=24.1 pwm=0.000 extruder1: target=0 temp=24.0 pwm=0.000 sysload=0.07 cputime=17.155 memavail=607444
Stats 1089.7: gcodein=0 mcu: mcu_awake=0.000 mcu_task_avg=0.000001 mcu_task_stddev=0.000001 bytes_write=9163 bytes_read=182985 bytes_retransmit=9 bytes_invalid=0 send_seq=1313 receive_seq=1313 retransmit_seq=2 srtt=0.001 rttvar=0.000 rto=0.025 ready_bytes=0 upcoming_bytes=0 freq=520021650 heater_bed: target=0 temp=21.6 pwm=0.000 print_time=1042.763 buffer_time=0.000 print_stall=0 extruder: target=0 temp=24.4 pwm=0.000 extruder1: target=0 temp=24.1 pwm=0.000 sysload=0.07 cputime=17.169 memavail=607444
Stats 1090.7: gcodein=0 mcu: mcu_awake=0.000 mcu_task_avg=0.000001 mcu_task_stddev=0.000001 bytes_write=9169 bytes_read=183151 bytes_retransmit=9 bytes_invalid=0 send_seq=1314 receive_seq=1314 retransmit_seq=2 srtt=0.001 rttvar=0.000 rto=0.025 ready_bytes=0 upcoming_bytes=0 freq=520021644 heater_bed: target=0 temp=21.6 pwm=0.000 print_time=1042.763 buffer_time=0.000 print_stall=0 extruder: target=0 temp=24.1 pwm=0.000 extruder1: target=0 temp=24.1 pwm=0.000 sysload=0.07 cputime=17.184 memavail=607244
Stats 1091.7: gcodein=0 mcu: mcu_awake=0.000 mcu_task_avg=0.000001 mcu_task_stddev=0.000001 bytes_write=9175 bytes_read=183312 bytes_retransmit=9 bytes_invalid=0 send_seq=1315 receive_seq=1315 retransmit_seq=2 srtt=0.001 rttvar=0.000 rto=0.025 ready_bytes=0 upcoming_bytes=0 freq=520021649 heater_bed: target=0 temp=21.5 pwm=0.000 print_time=1042.763 buffer_time=0.000 print_stall=0 extruder: target=0 temp=24.1 pwm=0.000 extruder1: target=0 temp=24.1 pwm=0.000 sysload=0.06 cputime=17.198 memavail=607192
Stats 1092.7: gcodein=0 mcu: mcu_awake=0.000 mcu_task_avg=0.000001 mcu_task_stddev=0.000001 bytes_write=9181 bytes_read=183477 bytes_retransmit=9 bytes_invalid=0 send_seq=1316 receive_seq=1316 retransmit_seq=2 srtt=0.001 rttvar=0.000 rto=0.025 ready_bytes=0 upcoming_bytes=0 freq=520021645 heater_bed: target=0 temp=21.5 pwm=0.000 print_time=1042.763 buffer_time=0.000 print_stall=0 extruder: target=0 temp=24.1 pwm=0.000 extruder1: target=0 temp=24.1 pwm=0.000 sysload=0.06 cputime=17.212 memavail=607192
Stats 1093.7: gcodein=0 mcu: mcu_awake=0.000 mcu_task_avg=0.000001 mcu_task_stddev=0.000001 bytes_write=9187 bytes_read=183657 bytes_retransmit=9 bytes_invalid=0 send_seq=1317 receive_seq=1317 retransmit_seq=2 srtt=0.001 rttvar=0.000 rto=0.025 ready_bytes=0 upcoming_bytes=0 freq=520021641 heater_bed: target=0 temp=21.5 pwm=0.000 print_time=1042.763 buffer_time=0.000 print_stall=0 extruder: target=0 temp=24.1 pwm=0.000 extruder1: target=0 temp=24.1 pwm=0.000 sysload=0.06 cputime=17.226 memavail=607192
Stats 1094.7: gcodein=0 mcu: mcu_awake=0.000 mcu_task_avg=0.000001 mcu_task_stddev=0.000001 bytes_write=9193 bytes_read=183823 bytes_retransmit=9 bytes_invalid=0 send_seq=1318 receive_seq=1318 retransmit_seq=2 srtt=0.001 rttvar=0.000 rto=0.025 ready_bytes=0 upcoming_bytes=0 freq=520021638 heater_bed: target=0 temp=21.6 pwm=0.000 print_time=1042.763 buffer_time=0.000 print_stall=0 extruder: target=0 temp=24.1 pwm=0.000 extruder1: target=0 temp=24.1 pwm=0.000 sysload=0.06 cputime=17.240 memavail=607192
Stats 1095.7: gcodein=0 mcu: mcu_awake=0.000 mcu_task_avg=0.000001 mcu_task_stddev=0.000001 bytes_write=9199 bytes_read=183989 bytes_retransmit=9 bytes_invalid=0 send_seq=1319 receive_seq=1319 retransmit_seq=2 srtt=0.001 rttvar=0.000 rto=0.025 ready_bytes=0 upcoming_bytes=0 freq=520021635 heater_bed: target=0 temp=21.6 pwm=0.000 print_time=1042.763 buffer_time=0.000 print_stall=0 extruder: target=0 temp=24.1 pwm=0.000 extruder1: target=0 temp=24.1 pwm=0.000 sysload=0.06 cputime=17.254 memavail=607192
Stats 15978.8: gcodein=0 mcu: mcu_awake=0.000 mcu_task_avg=0.000001 mcu_task_stddev=0.000001 bytes_write=99911 bytes_read=2689134 bytes_retransmit=9 bytes_invalid=0 send_seq=16436 receive_seq=16436 retransmit_seq=2 srtt=0.001 rttvar=0.000 rto=0.025 ready_bytes=0 upcoming_bytes=0 freq=520021580 heater_bed: target=0 temp=22.5 pwm=0.000 print_time=15986.046 buffer_time=0.000 print_stall=0 extruder: target=0 temp=24.0 pwm=0.000 extruder1: target=0 temp=24.0 pwm=0.000 sysload=0.00 cputime=271.648 memavail=599828
Stats 15979.8: gcodein=0 mcu: mcu_awake=0.000 mcu_task_avg=0.000001 mcu_task_stddev=0.000001 bytes_write=99917 bytes_read=2689329 bytes_retransmit=9 bytes_invalid=0 send_seq=16437 receive_seq=16437 retransmit_seq=2 srtt=0.001 rttvar=0.000 rto=0.025 ready_bytes=0 upcoming_bytes=0 freq=520021569 heater_bed: target=0 temp=22.6 pwm=0.000 print_time=15986.046 buffer_time=0.000 print_stall=0 extruder: target=0 temp=24.1 pwm=0.000 extruder1: target=0 temp=24.0 pwm=0.000 sysload=0.00 cputime=271.665 memavail=600588
Stats 15980.8: gcodein=0 mcu: mcu_awake=0.000 mcu_task_avg=0.000001 mcu_task_stddev=0.000001 bytes_write=99923 bytes_read=2689480 bytes_retransmit=9 bytes_invalid=0 send_seq=16438 receive_seq=16438 retransmit_seq=2 srtt=0.001 rttvar=0.000 rto=0.025 ready_bytes=0 upcoming_bytes=0 freq=520021560 heater_bed: target=0 temp=22.7 pwm=0.000 print_time=15986.046 buffer_time=0.000 print_stall=0 extruder: target=0 temp=23.9 pwm=0.000 extruder1: target=0 temp=23.9 pwm=0.000 sysload=0.00 cputime=271.677 memavail=600588
Stats 15981.8: gcodein=0 mcu: mcu_awake=0.000 mcu_task_avg=0.000001 mcu_task_stddev=0.000001 bytes_write=99929 bytes_read=2689646 bytes_retransmit=9 bytes_invalid=0 send_seq=16439 receive_seq=16439 retransmit_seq=2 srtt=0.001 rttvar=0.000 rto=0.025 ready_bytes=0 upcoming_bytes=0 freq=520021551 heater_bed: target=0 temp=22.8 pwm=0.000 print_time=15986.046 buffer_time=0.000 print_stall=0 extruder: target=0 temp=24.0 pwm=0.000 extruder1: target=0 temp=23.9 pwm=0.000 sysload=0.00 cputime=271.689 memavail=600084
Stats 15982.8: gcodein=0 mcu: mcu_awake=0.000 mcu_task_avg=0.000001 mcu_task_stddev=0.000001 bytes_write=99935 bytes_read=2689825 bytes_retransmit=9 bytes_invalid=0 send_seq=16440 receive_seq=16440 retransmit_seq=2 srtt=0.001 rttvar=0.000 rto=0.025 ready_bytes=0 upcoming_bytes=0 freq=520021544 heater_bed: target=0 temp=22.8 pwm=0.000 print_time=15986.046 buffer_time=0.000 print_stall=0 extruder: target=0 temp=23.9 pwm=0.000 extruder1: target=0 temp=23.9 pwm=0.000 sysload=0.00 cputime=271.701 memavail=599956
Stats 15983.8: gcodein=0 mcu: mcu_awake=0.000 mcu_task_avg=0.000001 mcu_task_stddev=0.000001 bytes_write=99941 bytes_read=2689973 bytes_retransmit=9 bytes_invalid=0 send_seq=16441 receive_seq=16441 retransmit_seq=2 srtt=0.001 rttvar=0.000 rto=0.025 ready_bytes=0 upcoming_bytes=0 freq=520021542 heater_bed: target=0 temp=22.9 pwm=0.000 print_time=15986.046 buffer_time=0.000 print_stall=0 extruder: target=0 temp=23.9 pwm=0.000 extruder1: target=0 temp=24.0 pwm=0.000 sysload=0.00 cputime=271.713 memavail=600252
Stats 15984.8: gcodein=0 mcu: mcu_awake=0.000 mcu_task_avg=0.000001 mcu_task_stddev=0.000001 bytes_write=99947 bytes_read=2690153 bytes_retransmit=9 bytes_invalid=0 send_seq=16442 receive_seq=16442 retransmit_seq=2 srtt=0.001 rttvar=0.000 rto=0.025 ready_bytes=0 upcoming_bytes=0 freq=520021546 heater_bed: target=0 temp=22.9 pwm=0.000 print_time=15986.046 buffer_time=0.000 print_stall=0 extruder: target=0 temp=24.1 pwm=0.000 extruder1: target=0 temp=24.1 pwm=0.000 sysload=0.00 cputime=271.729 memavail=600252
Stats 15985.8: gcodein=0 mcu: mcu_awake=0.000 mcu_task_avg=0.000001 mcu_task_stddev=0.000001 bytes_write=99953 bytes_read=2690334 bytes_retransmit=9 bytes_invalid=0 send_seq=16443 receive_seq=16443 retransmit_seq=2 srtt=0.001 rttvar=0.000 rto=0.025 ready_bytes=0 upcoming_bytes=0 freq=520021548 heater_bed: target=0 temp=22.9 pwm=0.000 print_time=15986.046 buffer_time=0.000 print_stall=0 extruder: target=0 temp=23.9 pwm=0.000 extruder1: target=0 temp=24.0 pwm=0.000 sysload=0.00 cputime=271.747 memavail=600252
Stats 15986.8: gcodein=0 mcu: mcu_awake=0.000 mcu_task_avg=0.000001 mcu_task_stddev=0.000001 bytes_write=99959 bytes_read=2690485 bytes_retransmit=9 bytes_invalid=0 send_seq=16444 receive_seq=16444 retransmit_seq=2 srtt=0.001 rttvar=0.000 rto=0.025 ready_bytes=0 upcoming_bytes=0 freq=520021562 heater_bed: target=0 temp=22.9 pwm=0.000 print_time=15986.046 buffer_time=0.000 print_stall=0 extruder: target=0 temp=24.1 pwm=0.000 extruder1: target=0 temp=24.0 pwm=0.000 sysload=0.00 cputime=271.759 memavail=600488
Stats 15987.8: gcodein=0 mcu: mcu_awake=0.000 mcu_task_avg=0.000001 mcu_task_stddev=0.000001 bytes_write=99965 bytes_read=2690651 bytes_retransmit=9 bytes_invalid=0 send_seq=16445 receive_seq=16445 retransmit_seq=2 srtt=0.001 rttvar=0.000 rto=0.025 ready_bytes=0 upcoming_bytes=0 freq=520021553 heater_bed: target=0 temp=23.0 pwm=0.000 print_time=15986.046 buffer_time=0.000 print_stall=0 extruder: target=0 temp=24.0 pwm=0.000 extruder1: target=0 temp=23.9 pwm=0.000 sysload=0.00 cputime=271.771 memavail=600288
Stats 15988.8: gcodein=0 mcu: mcu_awake=0.000 mcu_task_avg=0.000001 mcu_task_stddev=0.000001 bytes_write=99971 bytes_read=2690832 bytes_retransmit=9 bytes_invalid=0 send_seq=16446 receive_seq=16446 retransmit_seq=2 srtt=0.001 rttvar=0.000 rto=0.025 ready_bytes=0 upcoming_bytes=0 freq=520021548 heater_bed: target=0 temp=22.9 pwm=0.000 print_time=15986.046 buffer_time=0.000 print_stall=0 extruder: target=0 temp=24.1 pwm=0.000 extruder1: target=0 temp=23.9 pwm=0.000 sysload=0.00 cputime=271.783 memavail=600012
Stats 15989.8: gcodein=0 mcu: mcu_awake=0.000 mcu_task_avg=0.000001 mcu_task_stddev=0.000001 bytes_write=99977 bytes_read=2690997 bytes_retransmit=9 bytes_invalid=0 send_seq=16447 receive_seq=16447 retransmit_seq=2 srtt=0.001 rttvar=0.000 rto=0.025 ready_bytes=0 upcoming_bytes=0 freq=520021545 heater_bed: target=0 temp=22.9 pwm=0.000 print_time=15986.046 buffer_time=0.000 print_stall=0 extruder: target=0 temp=24.0 pwm=0.000 extruder1: target=0 temp=23.8 pwm=0.000 sysload=0.00 cputime=271.795 memavail=600012
Stats 15990.8: gcodein=0 mcu: mcu_awake=0.000 mcu_task_avg=0.000001 mcu_task_stddev=0.000001 bytes_write=99983 bytes_read=2691163 bytes_retransmit=9 bytes_invalid=0 send_seq=16448 receive_seq=16448 retransmit_seq=2 srtt=0.001 rttvar=0.000 rto=0.025 ready_bytes=0 upcoming_bytes=0 freq=520021547 heater_bed: target=0 temp=22.9 pwm=0.000 print_time=15986.046 buffer_time=0.000 print_stall=0 extruder: target=0 temp=23.9 pwm=0.000 extruder1: target=0 temp=23.8 pwm=0.000 sysload=0.00 cputime=271.808 memavail=600012
Stats 15991.8: gcodein=0 mcu: mcu_awake=0.000 mcu_task_avg=0.000001 mcu_task_stddev=0.000001 bytes_write=99989 bytes_read=2691337 bytes_retransmit=9 bytes_invalid=0 send_seq=16449 receive_seq=16449 retransmit_seq=2 srtt=0.001 rttvar=0.000 rto=0.025 ready_bytes=0 upcoming_bytes=0 freq=520021551 heater_bed: target=0 temp=22.8 pwm=0.000 print_time=15986.046 buffer_time=0.000 print_stall=0 extruder: target=0 temp=24.0 pwm=0.000 extruder1: target=0 temp=24.0 pwm=0.000 sysload=0.00 cputime=271.827 memavail=600012
Stats 15992.8: gcodein=0 mcu: mcu_awake=0.000 mcu_task_avg=0.000001 mcu_task_stddev=0.000001 bytes_write=99995 bytes_read=2691488 bytes_retransmit=9 bytes_invalid=0 send_seq=16450 receive_seq=16450 retransmit_seq=2 srtt=0.001 rttvar=0.000 rto=0.025 ready_bytes=0 upcoming_bytes=0 freq=520021549 heater_bed: target=0 temp=22.8 pwm=0.000 print_time=15986.046 buffer_time=0.000 print_stall=0 extruder: target=0 temp=24.1 pwm=0.000 extruder1: target=0 temp=23.9 pwm=0.000 sysload=0.00 cputime=271.845 memavail=601320
Stats 15993.8: gcodein=0 mcu: mcu_awake=0.000 mcu_task_avg=0.000001 mcu_task_stddev=0.000001 bytes_write=100001 bytes_read=2691654 bytes_retransmit=9 bytes_invalid=0 send_seq=16451 receive_seq=16451 retransmit_seq=2 srtt=0.001 rttvar=0.000 rto=0.025 ready_bytes=0 upcoming_bytes=0 freq=520021556 heater_bed: target=0 temp=22.8 pwm=0.000 print_time=15986.046 buffer_time=0.000 print_stall=0 extruder: target=0 temp=23.9 pwm=0.000 extruder1: target=0 temp=23.9 pwm=0.000 sysload=0.00 cputime=271.864 memavail=598900
Stats 15994.8: gcodein=0 mcu: mcu_awake=0.000 mcu_task_avg=0.000001 mcu_task_stddev=0.000001 bytes_write=100007 bytes_read=2691849 bytes_retransmit=9 bytes_invalid=0 send_seq=16452 receive_seq=16452 retransmit_seq=2 srtt=0.001 rttvar=0.000 rto=0.025 ready_bytes=0 upcoming_bytes=0 freq=520021560 heater_bed: target=0 temp=22.7 pwm=0.000 print_time=15986.046 buffer_time=0.000 print_stall=0 extruder: target=0 temp=23.9 pwm=0.000 extruder1: target=0 temp=24.1 pwm=0.000 sysload=0.00 cputime=271.883 memavail=598824
Stats 15995.8: gcodein=0 mcu: mcu_awake=0.000 mcu_task_avg=0.000001 mcu_task_stddev=0.000001 bytes_write=100013 bytes_read=2692000 bytes_retransmit=9 bytes_invalid=0 send_seq=16453 receive_seq=16453 retransmit_seq=2 srtt=0.001 rttvar=0.000 rto=0.025 ready_bytes=0 upcoming_bytes=0 freq=520021558 heater_bed: target=0 temp=22.7 pwm=0.000 print_time=15986.046 buffer_time=0.000 print_stall=0 extruder: target=0 temp=23.9 pwm=0.000 extruder1: target=0 temp=24.1 pwm=0.000 sysload=0.00 cputime=271.901 memavail=598824
Stats 15996.8: gcodein=0 mcu: mcu_awake=0.000 mcu_task_avg=0.000001 mcu_task_stddev=0.000001 bytes_write=100019 bytes_read=2692166 bytes_retransmit=9 bytes_invalid=0 send_seq=16454 receive_seq=16454 retransmit_seq=2 srtt=0.001 rttvar=0.000 rto=0.025 ready_bytes=0 upcoming_bytes=0 freq=520021555 heater_bed: target=0 temp=22.5 pwm=0.000 print_time=15986.046 buffer_time=0.000 print_stall=0 extruder: target=0 temp=24.0 pwm=0.000 extruder1: target=0 temp=23.9 pwm=0.000 sysload=0.00 cputime=271.920 memavail=598824
Stats 15997.8: gcodein=0 mcu: mcu_awake=0.000 mcu_task_avg=0.000001 mcu_task_stddev=0.000001 bytes_write=100025 bytes_read=2692347 bytes_retransmit=9 bytes_invalid=0 send_seq=16455 receive_seq=16455 retransmit_seq=2 srtt=0.001 rttvar=0.000 rto=0.025 ready_bytes=0 upcoming_bytes=0 freq=520021553 heater_bed: target=0 temp=22.4 pwm=0.000 print_time=15986.046 buffer_time=0.000 print_stall=0 extruder: target=0 temp=24.0 pwm=0.000 extruder1: target=0 temp=24.0 pwm=0.000 sysload=0.00 cputime=271.936 memavail=598196
Stats 15998.8: gcodein=0 mcu: mcu_awake=0.000 mcu_task_avg=0.000001 mcu_task_stddev=0.000001 bytes_write=100031 bytes_read=2692498 bytes_retransmit=9 bytes_invalid=0 send_seq=16456 receive_seq=16456 retransmit_seq=2 srtt=0.001 rttvar=0.000 rto=0.025 ready_bytes=0 upcoming_bytes=0 freq=520021547 heater_bed: target=0 temp=22.4 pwm=0.000 print_time=15986.046 buffer_time=0.000 print_stall=0 extruder: target=0 temp=24.0 pwm=0.000 extruder1: target=0 temp=23.9 pwm=0.000 sysload=0.00 cputime=271.948 memavail=596588
Stats 15999.8: gcodein=0 mcu: mcu_awake=0.000 mcu_task_avg=0.000001 mcu_task_stddev=0.000001 bytes_write=100037 bytes_read=2692673 bytes_retransmit=9 bytes_invalid=0 send_seq=16457 receive_seq=16457 retransmit_seq=2 srtt=0.001 rttvar=0.000 rto=0.025 ready_bytes=0 upcoming_bytes=0 freq=520021539 heater_bed: target=0 temp=22.2 pwm=0.000 print_time=15986.046 buffer_time=0.000 print_stall=0 extruder: target=0 temp=24.0 pwm=0.000 extruder1: target=0 temp=24.1 pwm=0.000 sysload=0.00 cputime=271.960 memavail=596588
Stats 16000.8: gcodein=0 mcu: mcu_awake=0.000 mcu_task_avg=0.000001 mcu_task_stddev=0.000001 bytes_write=100043 bytes_read=2692854 bytes_retransmit=9 bytes_invalid=0 send_seq=16458 receive_seq=16458 retransmit_seq=2 srtt=0.001 rttvar=0.000 rto=0.025 ready_bytes=0 upcoming_bytes=0 freq=520021536 heater_bed: target=0 temp=22.2 pwm=0.000 print_time=15986.046 buffer_time=0.000 print_stall=0 extruder: target=0 temp=23.8 pwm=0.000 extruder1: target=0 temp=24.0 pwm=0.000 sysload=0.00 cputime=271.972 memavail=596588
Stats 16001.8: gcodein=0 mcu: mcu_awake=0.000 mcu_task_avg=0.000001 mcu_task_stddev=0.000001 bytes_write=100049 bytes_read=2693005 bytes_retransmit=9 bytes_invalid=0 send_seq=16459 receive_seq=16459 retransmit_seq=2 srtt=0.001 rttvar=0.000 rto=0.025 ready_bytes=0 upcoming_bytes=0 freq=520021533 heater_bed: target=0 temp=22.1 pwm=0.000 print_time=15986.046 buffer_time=0.000 print_stall=0 extruder: target=0 temp=24.1 pwm=0.000 extruder1: target=0 temp=24.0 pwm=0.000 sysload=0.00 cputime=271.983 memavail=596588
Stats 16002.8: gcodein=0 mcu: mcu_awake=0.000 mcu_task_avg=0.000001 mcu_task_stddev=0.000001 bytes_write=100055 bytes_read=2693171 bytes_retransmit=9 bytes_invalid=0 send_seq=16460 receive_seq=16460 retransmit_seq=2 srtt=0.001 rttvar=0.000 rto=0.025 ready_bytes=0 upcoming_bytes=0 freq=520021540 heater_bed: target=0 temp=22.0 pwm=0.000 print_time=15986.046 buffer_time=0.000 print_stall=0 extruder: target=0 temp=24.0 pwm=0.000 extruder1: target=0 temp=23.9 pwm=0.000 sysload=0.00 cputime=271.999 memavail=598068
Stats 16003.8: gcodein=0 mcu: mcu_awake=0.000 mcu_task_avg=0.000001 mcu_task_stddev=0.000001 bytes_write=100061 bytes_read=2693352 bytes_retransmit=9 bytes_invalid=0 send_seq=16461 receive_seq=16461 retransmit_seq=2 srtt=0.001 rttvar=0.000 rto=0.025 ready_bytes=0 upcoming_bytes=0 freq=520021553 heater_bed: target=0 temp=22.0 pwm=0.000 print_time=15986.046 buffer_time=0.000 print_stall=0 extruder: target=0 temp=24.0 pwm=0.000 extruder1: target=0 temp=24.2 pwm=0.000 sysload=0.00 cputime=272.019 memavail=597608
Stats 16004.8: gcodein=0 mcu: mcu_awake=0.000 mcu_task_avg=0.000001 mcu_task_stddev=0.000001 bytes_write=100067 bytes_read=2693532 bytes_retransmit=9 bytes_invalid=0 send_seq=16462 receive_seq=16462 retransmit_seq=2 srtt=0.001 rttvar=0.000 rto=0.025 ready_bytes=0 upcoming_bytes=0 freq=520021558 heater_bed: target=0 temp=22.0 pwm=0.000 print_time=15986.046 buffer_time=0.000 print_stall=0 extruder: target=0 temp=23.9 pwm=0.000 extruder1: target=0 temp=23.9 pwm=0.000 sysload=0.00 cputime=272.037 memavail=597608
Stats 16005.8: gcodein=0 mcu: mcu_awake=0.000 mcu_task_avg=0.000001 mcu_task_stddev=0.000001 bytes_write=100073 bytes_read=2693698 bytes_retransmit=9 bytes_invalid=0 send_seq=16463 receive_seq=16463 retransmit_seq=2 srtt=0.001 rttvar=0.000 rto=0.025 ready_bytes=0 upcoming_bytes=0 freq=520021572 heater_bed: target=0 temp=22.0 pwm=0.000 print_time=15986.046 buffer_time=0.000 print_stall=0 extruder: target=0 temp=24.0 pwm=0.000 extruder1: target=0 temp=23.9 pwm=0.000 sysload=0.00 cputime=272.056 memavail=597356
Stats 16006.8: gcodein=0 mcu: mcu_awake=0.000 mcu_task_avg=0.000001 mcu_task_stddev=0.000001 bytes_write=100079 bytes_read=2693864 bytes_retransmit=9 bytes_invalid=0 send_seq=16464 receive_seq=16464 retransmit_seq=2 srtt=0.001 rttvar=0.000 rto=0.025 ready_bytes=0 upcoming_bytes=0 freq=520021579 heater_bed: target=0 temp=22.1 pwm=0.000 print_time=15986.046 buffer_time=0.000 print_stall=0 extruder: target=0 temp=24.1 pwm=0.000 extruder1: target=0 temp=23.9 pwm=0.000 sysload=0.00 cputime=272.074 memavail=597356
Stats 16007.8: gcodein=0 mcu: mcu_awake=0.000 mcu_task_avg=0.000001 mcu_task_stddev=0.000001 bytes_write=100085 bytes_read=2694026 bytes_retransmit=9 bytes_invalid=0 send_seq=16465 receive_seq=16465 retransmit_seq=2 srtt=0.001 rttvar=0.000 rto=0.025 ready_bytes=0 upcoming_bytes=0 freq=520021640 heater_bed: target=0 temp=22.2 pwm=0.000 print_time=15986.046 buffer_time=0.000 print_stall=0 extruder: target=0 temp=23.9 pwm=0.000 extruder1: target=0 temp=23.9 pwm=0.000 sysload=0.00 cputime=272.093 memavail=599412
Stats 16008.8: gcodein=0 mcu: mcu_awake=0.000 mcu_task_avg=0.000001 mcu_task_stddev=0.000001 bytes_write=100091 bytes_read=2694189 bytes_retransmit=9 bytes_invalid=0 send_seq=16466 receive_seq=16466 retransmit_seq=2 srtt=0.001 rttvar=0.000 rto=0.025 ready_bytes=0 upcoming_bytes=0 freq=520021633 heater_bed: target=0 temp=22.3 pwm=0.000 print_time=15986.046 buffer_time=0.000 print_stall=0 extruder: target=0 temp=23.9 pwm=0.000 extruder1: target=0 temp=24.0 pwm=0.000 sysload=0.00 cputime=272.112 memavail=599116
Stats 16009.8: gcodein=0 mcu: mcu_awake=0.000 mcu_task_avg=0.000001 mcu_task_stddev=0.000001 bytes_write=100097 bytes_read=2694355 bytes_retransmit=9 bytes_invalid=0 send_seq=16467 receive_seq=16467 retransmit_seq=2 srtt=0.001 rttvar=0.000 rto=0.025 ready_bytes=0 upcoming_bytes=0 freq=520021651 heater_bed: target=0 temp=22.3 pwm=0.000 print_time=15986.046 buffer_time=0.000 print_stall=0 extruder: target=0 temp=23.9 pwm=0.000 extruder1: target=0 temp=24.1 pwm=0.000 sysload=0.00 cputime=272.130 memavail=599116
Stats 16010.8: gcodein=0 mcu: mcu_awake=0.000 mcu_task_avg=0.000001 mcu_task_stddev=0.000001 bytes_write=100103 bytes_read=2694535 bytes_retransmit=9 bytes_invalid=0 send_seq=16468 receive_seq=16468 retransmit_seq=2 srtt=0.001 rttvar=0.000 rto=0.025 ready_bytes=0 upcoming_bytes=0 freq=520021644 heater_bed: target=0 temp=22.4 pwm=0.000 print_time=15986.046 buffer_time=0.000 print_stall=0 extruder: target=0 temp=23.9 pwm=0.000 extruder1: target=0 temp=24.0 pwm=0.000 sysload=0.00 cputime=272.148 memavail=599116
Stats 16011.8: gcodein=0 mcu: mcu_awake=0.000 mcu_task_avg=0.000001 mcu_task_stddev=0.000001 bytes_write=100109 bytes_read=2694701 bytes_retransmit=9 bytes_invalid=0 send_seq=16469 receive_seq=16469 retransmit_seq=2 srtt=0.001 rttvar=0.000 rto=0.025 ready_bytes=0 upcoming_bytes=0 freq=520021642 heater_bed: target=0 temp=22.5 pwm=0.000 print_time=15986.046 buffer_time=0.000 print_stall=0 extruder: target=0 temp=24.1 pwm=0.000 extruder1: target=0 temp=24.1 pwm=0.000 sysload=0.00 cputime=272.167 memavail=599116
Stats 16012.8: gcodein=0 mcu: mcu_awake=0.000 mcu_task_avg=0.000001 mcu_task_stddev=0.000001 bytes_write=100115 bytes_read=2694867 bytes_retransmit=9 bytes_invalid=0 send_seq=16470 receive_seq=16470 retransmit_seq=2 srtt=0.001 rttvar=0.000 rto=0.025 ready_bytes=0 upcoming_bytes=0 freq=520021638 heater_bed: target=0 temp=22.5 pwm=0.000 print_time=15986.046 buffer_time=0.000 print_stall=0 extruder: target=0 temp=23.9 pwm=0.000 extruder1: target=0 temp=24.1 pwm=0.000 sysload=0.00 cputime=272.182 memavail=599412
Stats 16013.8: gcodein=0 mcu: mcu_awake=0.000 mcu_task_avg=0.000001 mcu_task_stddev=0.000001 bytes_write=100121 bytes_read=2695033 bytes_retransmit=9 bytes_invalid=0 send_seq=16471 receive_seq=16471 retransmit_seq=2 srtt=0.001 rttvar=0.000 rto=0.025 ready_bytes=0 upcoming_bytes=0 freq=520021640 heater_bed: target=0 temp=22.6 pwm=0.000 print_time=15986.046 buffer_time=0.000 print_stall=0 extruder: target=0 temp=24.1 pwm=0.000 extruder1: target=0 temp=24.0 pwm=0.000 sysload=0.00 cputime=272.195 memavail=599708
Stats 16014.8: gcodein=0 mcu: mcu_awake=0.000 mcu_task_avg=0.000001 mcu_task_stddev=0.000001 bytes_write=100127 bytes_read=2695199 bytes_retransmit=9 bytes_invalid=0 send_seq=16472 receive_seq=16472 retransmit_seq=2 srtt=0.001 rttvar=0.000 rto=0.025 ready_bytes=0 upcoming_bytes=0 freq=520021637 heater_bed: target=0 temp=22.6 pwm=0.000 print_time=15986.046 buffer_time=0.000 print_stall=0 extruder: target=0 temp=24.1 pwm=0.000 extruder1: target=0 temp=24.1 pwm=0.000 sysload=0.00 cputime=272.207 memavail=599208
Stats 16015.8: gcodein=0 mcu: mcu_awake=0.000 mcu_task_avg=0.000001 mcu_task_stddev=0.000001 bytes_write=100133 bytes_read=2695378 bytes_retransmit=9 bytes_invalid=0 send_seq=16473 receive_seq=16473 retransmit_seq=2 srtt=0.001 rttvar=0.000 rto=0.025 ready_bytes=0 upcoming_bytes=0 freq=520021625 heater_bed: target=0 temp=22.6 pwm=0.000 print_time=15986.046 buffer_time=0.000 print_stall=0 extruder: target=0 temp=24.0 pwm=0.000 extruder1: target=0 temp=23.9 pwm=0.000 sysload=0.00 cputime=272.219 memavail=599208
Stats 16016.8: gcodein=0 mcu: mcu_awake=0.000 mcu_task_avg=0.000001 mcu_task_stddev=0.000001 bytes_write=100139 bytes_read=2695540 bytes_retransmit=9 bytes_invalid=0 send_seq=16474 receive_seq=16474 retransmit_seq=2 srtt=0.001 rttvar=0.000 rto=0.025 ready_bytes=0 upcoming_bytes=0 freq=520021620 heater_bed: target=0 temp=22.7 pwm=0.000 print_time=15986.046 buffer_time=0.000 print_stall=0 extruder: target=0 temp=24.1 pwm=0.000 extruder1: target=0 temp=23.9 pwm=0.000 sysload=0.00 cputime=272.231 memavail=599208
Stats 16017.8: gcodein=0 mcu: mcu_awake=0.000 mcu_task_avg=0.000001 mcu_task_stddev=0.000001 bytes_write=100145 bytes_read=2695706 bytes_retransmit=9 bytes_invalid=0 send_seq=16475 receive_seq=16475 retransmit_seq=2 srtt=0.001 rttvar=0.000 rto=0.025 ready_bytes=0 upcoming_bytes=0 freq=520021622 heater_bed: target=0 temp=22.8 pwm=0.000 print_time=15986.046 buffer_time=0.000 print_stall=0 extruder: target=0 temp=24.1 pwm=0.000 extruder1: target=0 temp=24.0 pwm=0.000 sysload=0.00 cputime=272.246 memavail=600012
Stats 16018.8: gcodein=0 mcu: mcu_awake=0.000 mcu_task_avg=0.000001 mcu_task_stddev=0.000001 bytes_write=100151 bytes_read=2695872 bytes_retransmit=9 bytes_invalid=0 send_seq=16476 receive_seq=16476 retransmit_seq=2 srtt=0.001 rttvar=0.000 rto=0.025 ready_bytes=0 upcoming_bytes=0 freq=520021623 heater_bed: target=0 temp=22.8 pwm=0.000 print_time=15986.046 buffer_time=0.000 print_stall=0 extruder: target=0 temp=24.0 pwm=0.000 extruder1: target=0 temp=24.1 pwm=0.000 sysload=0.08 cputime=272.265 memavail=599696
Stats 16019.8: gcodein=0 mcu: mcu_awake=0.000 mcu_task_avg=0.000001 mcu_task_stddev=0.000001 bytes_write=100157 bytes_read=2696038 bytes_retransmit=9 bytes_invalid=0 send_seq=16477 receive_seq=16477 retransmit_seq=2 srtt=0.001 rttvar=0.000 rto=0.025 ready_bytes=0 upcoming_bytes=0 freq=520021618 heater_bed: target=0 temp=22.8 pwm=0.000 print_time=15986.046 buffer_time=0.000 print_stall=0 extruder: target=0 temp=24.0 pwm=0.000 extruder1: target=0 temp=24.0 pwm=0.000 sysload=0.08 cputime=272.284 memavail=599696
Stats 16020.8: gcodein=0 mcu: mcu_awake=0.000 mcu_task_avg=0.000001 mcu_task_stddev=0.000001 bytes_write=100163 bytes_read=2696218 bytes_retransmit=9 bytes_invalid=0 send_seq=16478 receive_seq=16478 retransmit_seq=2 srtt=0.001 rttvar=0.000 rto=0.025 ready_bytes=0 upcoming_bytes=0 freq=520021638 heater_bed: target=0 temp=22.8 pwm=0.000 print_time=15986.046 buffer_time=0.000 print_stall=0 extruder: target=0 temp=24.0 pwm=0.000 extruder1: target=0 temp=23.9 pwm=0.000 sysload=0.08 cputime=272.303 memavail=599444
Stats 16021.8: gcodein=0 mcu: mcu_awake=0.000 mcu_task_avg=0.000001 mcu_task_stddev=0.000001 bytes_write=100169 bytes_read=2696384 bytes_retransmit=9 bytes_invalid=0 send_seq=16479 receive_seq=16479 retransmit_seq=2 srtt=0.001 rttvar=0.000 rto=0.025 ready_bytes=0 upcoming_bytes=0 freq=520021631 heater_bed: target=0 temp=22.8 pwm=0.000 print_time=15986.046 buffer_time=0.000 print_stall=0 extruder: target=0 temp=23.9 pwm=0.000 extruder1: target=0 temp=24.3 pwm=0.000 sysload=0.08 cputime=272.322 memavail=599444
Stats 16022.8: gcodein=0 mcu: mcu_awake=0.000 mcu_task_avg=0.000001 mcu_task_stddev=0.000001 bytes_write=100175 bytes_read=2696550 bytes_retransmit=9 bytes_invalid=0 send_seq=16480 receive_seq=16480 retransmit_seq=2 srtt=0.001 rttvar=0.000 rto=0.025 ready_bytes=0 upcoming_bytes=0 freq=520021633 heater_bed: target=0 temp=22.8 pwm=0.000 print_time=15986.046 buffer_time=0.000 print_stall=0 extruder: target=0 temp=24.0 pwm=0.000 extruder1: target=0 temp=23.9 pwm=0.000 sysload=0.08 cputime=272.340 memavail=600656
Stats 16023.8: gcodein=0 mcu: mcu_awake=0.000 mcu_task_avg=0.000001 mcu_task_stddev=0.000001 bytes_write=100181 bytes_read=2696716 bytes_retransmit=9 bytes_invalid=0 send_seq=16481 receive_seq=16481 retransmit_seq=2 srtt=0.001 rttvar=0.000 rto=0.025 ready_bytes=0 upcoming_bytes=0 freq=520021635 heater_bed: target=0 temp=22.9 pwm=0.000 print_time=15986.046 buffer_time=0.000 print_stall=0 extruder: target=0 temp=23.9 pwm=0.000 extruder1: target=0 temp=23.9 pwm=0.000 sysload=0.23 cputime=272.359 memavail=601108
Stats 16024.8: gcodein=0 mcu: mcu_awake=0.000 mcu_task_avg=0.000001 mcu_task_stddev=0.000001 bytes_write=100187 bytes_read=2696876 bytes_retransmit=9 bytes_invalid=0 send_seq=16482 receive_seq=16482 retransmit_seq=2 srtt=0.001 rttvar=0.000 rto=0.025 ready_bytes=0 upcoming_bytes=0 freq=520021636 heater_bed: target=0 temp=22.9 pwm=0.000 print_time=15986.046 buffer_time=0.000 print_stall=0 extruder: target=0 temp=24.1 pwm=0.000 extruder1: target=0 temp=24.1 pwm=0.000 sysload=0.23 cputime=272.378 memavail=600912
Stats 16025.8: gcodein=0 mcu: mcu_awake=0.000 mcu_task_avg=0.000001 mcu_task_stddev=0.000001 bytes_write=100193 bytes_read=2697056 bytes_retransmit=9 bytes_invalid=0 send_seq=16483 receive_seq=16483 retransmit_seq=2 srtt=0.001 rttvar=0.000 rto=0.025 ready_bytes=0 upcoming_bytes=0 freq=520021639 heater_bed: target=0 temp=22.9 pwm=0.000 print_time=15986.046 buffer_time=0.000 print_stall=0 extruder: target=0 temp=23.9 pwm=0.000 extruder1: target=0 temp=24.1 pwm=0.000 sysload=0.23 cputime=272.397 memavail=600816
Stats 16026.8: gcodein=0 mcu: mcu_awake=0.000 mcu_task_avg=0.000001 mcu_task_stddev=0.000001 bytes_write=100199 bytes_read=2697222 bytes_retransmit=9 bytes_invalid=0 send_seq=16484 receive_seq=16484 retransmit_seq=2 srtt=0.001 rttvar=0.000 rto=0.025 ready_bytes=0 upcoming_bytes=0 freq=520021642 heater_bed: target=0 temp=22.8 pwm=0.000 print_time=15986.046 buffer_time=0.000 print_stall=0 extruder: target=0 temp=23.9 pwm=0.000 extruder1: target=0 temp=24.0 pwm=0.000 sysload=0.23 cputime=272.415 memavail=600816
Stats 16027.8: gcodein=0 mcu: mcu_awake=0.000 mcu_task_avg=0.000001 mcu_task_stddev=0.000001 bytes_write=100211 bytes_read=2697404 bytes_retransmit=9 bytes_invalid=0 send_seq=16486 receive_seq=16486 retransmit_seq=2 srtt=0.001 rttvar=0.000 rto=0.025 ready_bytes=0 upcoming_bytes=0 freq=520021721 heater_bed: target=0 temp=22.9 pwm=0.000 print_time=15986.046 buffer_time=0.000 print_stall=0 extruder: target=0 temp=24.0 pwm=0.000 extruder1: target=0 temp=23.9 pwm=0.000 sysload=0.23 cputime=272.434 memavail=601176
Stats 16028.8: gcodein=0 mcu: mcu_awake=0.000 mcu_task_avg=0.000001 mcu_task_stddev=0.000001 bytes_write=100217 bytes_read=2697570 bytes_retransmit=9 bytes_invalid=0 send_seq=16487 receive_seq=16487 retransmit_seq=2 srtt=0.001 rttvar=0.000 rto=0.025 ready_bytes=0 upcoming_bytes=0 freq=520021720 heater_bed: target=0 temp=22.9 pwm=0.000 print_time=15986.046 buffer_time=0.000 print_stall=0 extruder: target=0 temp=24.1 pwm=0.000 extruder1: target=0 temp=24.2 pwm=0.000 sysload=0.21 cputime=272.453 memavail=600912
Stats 16029.8: gcodein=0 mcu: mcu_awake=0.000 mcu_task_avg=0.000001 mcu_task_stddev=0.000001 bytes_write=100223 bytes_read=2697736 bytes_retransmit=9 bytes_invalid=0 send_seq=16488 receive_seq=16488 retransmit_seq=2 srtt=0.001 rttvar=0.000 rto=0.025 ready_bytes=0 upcoming_bytes=0 freq=520021735 heater_bed: target=0 temp=22.8 pwm=0.000 print_time=15986.046 buffer_time=0.000 print_stall=0 extruder: target=0 temp=23.9 pwm=0.000 extruder1: target=0 temp=23.9 pwm=0.000 sysload=0.21 cputime=272.472 memavail=600860
Stats 16030.8: gcodein=0 mcu: mcu_awake=0.000 mcu_task_avg=0.000001 mcu_task_stddev=0.000001 bytes_write=100229 bytes_read=2697916 bytes_retransmit=9 bytes_invalid=0 send_seq=16489 receive_seq=16489 retransmit_seq=2 srtt=0.001 rttvar=0.000 rto=0.025 ready_bytes=0 upcoming_bytes=0 freq=520021725 heater_bed: target=0 temp=22.8 pwm=0.000 print_time=15986.046 buffer_time=0.000 print_stall=0 extruder: target=0 temp=24.1 pwm=0.000 extruder1: target=0 temp=24.0 pwm=0.000 sysload=0.21 cputime=272.491 memavail=600732
Stats 16031.8: gcodein=0 mcu: mcu_awake=0.000 mcu_task_avg=0.000001 mcu_task_stddev=0.000001 bytes_write=100235 bytes_read=2698082 bytes_retransmit=9 bytes_invalid=0 send_seq=16490 receive_seq=16490 retransmit_seq=2 srtt=0.001 rttvar=0.000 rto=0.025 ready_bytes=0 upcoming_bytes=0 freq=520021722 heater_bed: target=0 temp=22.7 pwm=0.000 print_time=15986.046 buffer_time=0.000 print_stall=0 extruder: target=0 temp=24.0 pwm=0.000 extruder1: target=0 temp=23.9 pwm=0.000 sysload=0.21 cputime=272.510 memavail=600636
Stats 16032.8: gcodein=0 mcu: mcu_awake=0.000 mcu_task_avg=0.000001 mcu_task_stddev=0.000001 bytes_write=100241 bytes_read=2698242 bytes_retransmit=9 bytes_invalid=0 send_seq=16491 receive_seq=16491 retransmit_seq=2 srtt=0.001 rttvar=0.000 rto=0.025 ready_bytes=0 upcoming_bytes=0 freq=520021704 heater_bed: target=0 temp=22.6 pwm=0.000 print_time=15986.046 buffer_time=0.000 print_stall=0 extruder: target=0 temp=24.1 pwm=0.000 extruder1: target=0 temp=23.9 pwm=0.000 sysload=0.21 cputime=272.524 memavail=601140
Stats 16033.8: gcodein=0 mcu: mcu_awake=0.000 mcu_task_avg=0.000001 mcu_task_stddev=0.000001 bytes_write=100247 bytes_read=2698408 bytes_retransmit=9 bytes_invalid=0 send_seq=16492 receive_seq=16492 retransmit_seq=2 srtt=0.001 rttvar=0.000 rto=0.025 ready_bytes=0 upcoming_bytes=0 freq=520021688 heater_bed: target=0 temp=22.5 pwm=0.000 print_time=15986.046 buffer_time=0.000 print_stall=0 extruder: target=0 temp=24.0 pwm=0.000 extruder1: target=0 temp=23.9 pwm=0.000 sysload=0.20 cputime=272.536 memavail=601348
Stats 16034.8: gcodein=0 mcu: mcu_awake=0.000 mcu_task_avg=0.000001 mcu_task_stddev=0.000001 bytes_write=100253 bytes_read=2698574 bytes_retransmit=9 bytes_invalid=0 send_seq=16493 receive_seq=16493 retransmit_seq=2 srtt=0.001 rttvar=0.000 rto=0.025 ready_bytes=0 upcoming_bytes=0 freq=520021674 heater_bed: target=0 temp=22.4 pwm=0.000 print_time=15986.046 buffer_time=0.000 print_stall=0 extruder: target=0 temp=24.1 pwm=0.000 extruder1: target=0 temp=24.1 pwm=0.000 sysload=0.20 cputime=272.548 memavail=601328
Stats 16035.8: gcodein=0 mcu: mcu_awake=0.000 mcu_task_avg=0.000001 mcu_task_stddev=0.000001 bytes_write=100259 bytes_read=2698754 bytes_retransmit=9 bytes_invalid=0 send_seq=16494 receive_seq=16494 retransmit_seq=2 srtt=0.001 rttvar=0.000 rto=0.025 ready_bytes=0 upcoming_bytes=0 freq=520021665 heater_bed: target=0 temp=22.3 pwm=0.000 print_time=15986.046 buffer_time=0.000 print_stall=0 extruder: target=0 temp=24.1 pwm=0.000 extruder1: target=0 temp=24.1 pwm=0.000 sysload=0.20 cputime=272.560 memavail=601328
Stats 16036.8: gcodein=0 mcu: mcu_awake=0.000 mcu_task_avg=0.000001 mcu_task_stddev=0.000001 bytes_write=100265 bytes_read=2698920 bytes_retransmit=9 bytes_invalid=0 send_seq=16495 receive_seq=16495 retransmit_seq=2 srtt=0.001 rttvar=0.000 rto=0.025 ready_bytes=0 upcoming_bytes=0 freq=520021653 heater_bed: target=0 temp=22.1 pwm=0.000 print_time=15986.046 buffer_time=0.000 print_stall=0 extruder: target=0 temp=23.9 pwm=0.000 extruder1: target=0 temp=23.9 pwm=0.000 sysload=0.20 cputime=272.572 memavail=600700
Stats 16037.8: gcodein=0 mcu: mcu_awake=0.000 mcu_task_avg=0.000001 mcu_task_stddev=0.000001 bytes_write=100271 bytes_read=2699086 bytes_retransmit=9 bytes_invalid=0 send_seq=16496 receive_seq=16496 retransmit_seq=2 srtt=0.001 rttvar=0.000 rto=0.025 ready_bytes=0 upcoming_bytes=0 freq=520021647 heater_bed: target=0 temp=22.0 pwm=0.000 print_time=15986.046 buffer_time=0.000 print_stall=0 extruder: target=0 temp=24.3 pwm=0.000 extruder1: target=0 temp=24.1 pwm=0.000 sysload=0.20 cputime=272.590 memavail=599996
Stats 16287.0: gcodein=0 mcu: mcu_awake=0.000 mcu_task_avg=0.000001 mcu_task_stddev=0.000001 bytes_write=101802 bytes_read=2741035 bytes_retransmit=9 bytes_invalid=0 send_seq=16750 receive_seq=16750 retransmit_seq=2 srtt=0.001 rttvar=0.000 rto=0.025 ready_bytes=0 upcoming_bytes=0 freq=520021811 heater_bed: target=0 temp=21.7 pwm=0.000 print_time=16293.824 buffer_time=0.000 print_stall=0 extruder: target=0 temp=23.9 pwm=0.000 extruder1: target=0 temp=24.0 pwm=0.000 sysload=5.15 cputime=276.312 memavail=555400
Stats 16288.0: gcodein=0 mcu: mcu_awake=0.000 mcu_task_avg=0.000001 mcu_task_stddev=0.000001 bytes_write=101808 bytes_read=2741201 bytes_retransmit=9 bytes_invalid=0 send_seq=16751 receive_seq=16751 retransmit_seq=2 srtt=0.001 rttvar=0.000 rto=0.025 ready_bytes=0 upcoming_bytes=0 freq=520021814 heater_bed: target=0 temp=21.8 pwm=0.000 print_time=16293.824 buffer_time=0.000 print_stall=0 extruder: target=0 temp=23.9 pwm=0.000 extruder1: target=0 temp=23.9 pwm=0.000 sysload=5.15 cputime=276.330 memavail=555348
Stats 16289.0: gcodein=0 mcu: mcu_awake=0.000 mcu_task_avg=0.000001 mcu_task_stddev=0.000001 bytes_write=101814 bytes_read=2741388 bytes_retransmit=9 bytes_invalid=0 send_seq=16752 receive_seq=16752 retransmit_seq=2 srtt=0.001 rttvar=0.000 rto=0.025 ready_bytes=0 upcoming_bytes=0 freq=520021818 heater_bed: target=0 temp=21.9 pwm=0.000 print_time=16293.824 buffer_time=0.000 print_stall=0 extruder: target=0 temp=24.0 pwm=0.000 extruder1: target=0 temp=23.8 pwm=0.000 sysload=5.22 cputime=276.350 memavail=555348
Stats 16290.0: gcodein=0 mcu: mcu_awake=0.000 mcu_task_avg=0.000001 mcu_task_stddev=0.000001 bytes_write=101820 bytes_read=2741539 bytes_retransmit=9 bytes_invalid=0 send_seq=16753 receive_seq=16753 retransmit_seq=2 srtt=0.001 rttvar=0.000 rto=0.025 ready_bytes=0 upcoming_bytes=0 freq=520021822 heater_bed: target=0 temp=22.0 pwm=0.000 print_time=16293.824 buffer_time=0.000 print_stall=0 extruder: target=0 temp=24.0 pwm=0.000 extruder1: target=0 temp=24.1 pwm=0.000 sysload=5.22 cputime=276.368 memavail=555348
Stats 16291.0: gcodein=0 mcu: mcu_awake=0.000 mcu_task_avg=0.000001 mcu_task_stddev=0.000001 bytes_write=101826 bytes_read=2741705 bytes_retransmit=9 bytes_invalid=0 send_seq=16754 receive_seq=16754 retransmit_seq=2 srtt=0.001 rttvar=0.000 rto=0.025 ready_bytes=0 upcoming_bytes=0 freq=520021826 heater_bed: target=0 temp=22.1 pwm=0.000 print_time=16293.824 buffer_time=0.000 print_stall=0 extruder: target=0 temp=23.9 pwm=0.000 extruder1: target=0 temp=24.1 pwm=0.000 sysload=5.22 cputime=276.386 memavail=554948
Stats 16292.0: gcodein=0 mcu: mcu_awake=0.000 mcu_task_avg=0.000001 mcu_task_stddev=0.000001 bytes_write=101832 bytes_read=2741886 bytes_retransmit=9 bytes_invalid=0 send_seq=16755 receive_seq=16755 retransmit_seq=2 srtt=0.001 rttvar=0.000 rto=0.025 ready_bytes=0 upcoming_bytes=0 freq=520021824 heater_bed: target=0 temp=22.2 pwm=0.000 print_time=16293.824 buffer_time=0.000 print_stall=0 extruder: target=0 temp=23.9 pwm=0.000 extruder1: target=0 temp=23.7 pwm=0.000 sysload=5.22 cputime=276.404 memavail=554892
Stats 16293.0: gcodein=0 mcu: mcu_awake=0.000 mcu_task_avg=0.000001 mcu_task_stddev=0.000001 bytes_write=101838 bytes_read=2742037 bytes_retransmit=9 bytes_invalid=0 send_seq=16756 receive_seq=16756 retransmit_seq=2 srtt=0.001 rttvar=0.000 rto=0.025 ready_bytes=0 upcoming_bytes=0 freq=520021828 heater_bed: target=0 temp=22.4 pwm=0.000 print_time=16293.824 buffer_time=0.000 print_stall=0 extruder: target=0 temp=23.7 pwm=0.000 extruder1: target=0 temp=23.8 pwm=0.000 sysload=5.22 cputime=276.421 memavail=554892
Stats 16294.0: gcodein=0 mcu: mcu_awake=0.000 mcu_task_avg=0.000001 mcu_task_stddev=0.000001 bytes_write=101844 bytes_read=2742217 bytes_retransmit=9 bytes_invalid=0 send_seq=16757 receive_seq=16757 retransmit_seq=2 srtt=0.001 rttvar=0.000 rto=0.025 ready_bytes=0 upcoming_bytes=0 freq=520021835 heater_bed: target=0 temp=22.4 pwm=0.000 print_time=16293.824 buffer_time=0.000 print_stall=0 extruder: target=0 temp=23.7 pwm=0.000 extruder1: target=0 temp=24.0 pwm=0.000 sysload=5.68 cputime=276.441 memavail=552728
Stats 16295.0: gcodein=0 mcu: mcu_awake=0.000 mcu_task_avg=0.000001 mcu_task_stddev=0.000001 bytes_write=101850 bytes_read=2742398 bytes_retransmit=9 bytes_invalid=0 send_seq=16758 receive_seq=16758 retransmit_seq=2 srtt=0.001 rttvar=0.000 rto=0.025 ready_bytes=0 upcoming_bytes=0 freq=520021840 heater_bed: target=0 temp=22.4 pwm=0.000 print_time=16293.824 buffer_time=0.000 print_stall=0 extruder: target=0 temp=24.0 pwm=0.000 extruder1: target=0 temp=23.9 pwm=0.000 sysload=5.68 cputime=276.459 memavail=552696
Stats 16296.0: gcodein=0 mcu: mcu_awake=0.000 mcu_task_avg=0.000001 mcu_task_stddev=0.000001 bytes_write=101856 bytes_read=2742549 bytes_retransmit=9 bytes_invalid=0 send_seq=16759 receive_seq=16759 retransmit_seq=2 srtt=0.001 rttvar=0.000 rto=0.025 ready_bytes=0 upcoming_bytes=0 freq=520021838 heater_bed: target=0 temp=22.3 pwm=0.000 print_time=16293.824 buffer_time=0.000 print_stall=0 extruder: target=0 temp=24.1 pwm=0.000 extruder1: target=0 temp=23.9 pwm=0.000 sysload=5.68 cputime=276.476 memavail=552696
Stats 16297.0: gcodein=0 mcu: mcu_awake=0.000 mcu_task_avg=0.000001 mcu_task_stddev=0.000001 bytes_write=101862 bytes_read=2742710 bytes_retransmit=9 bytes_invalid=0 send_seq=16760 receive_seq=16760 retransmit_seq=2 srtt=0.001 rttvar=0.000 rto=0.025 ready_bytes=0 upcoming_bytes=0 freq=520021836 heater_bed: target=0 temp=22.2 pwm=0.000 print_time=16293.824 buffer_time=0.000 print_stall=0 extruder: target=0 temp=23.9 pwm=0.000 extruder1: target=0 temp=23.9 pwm=0.000 sysload=5.68 cputime=276.494 memavail=552696
Stats 16298.0: gcodein=0 mcu: mcu_awake=0.000 mcu_task_avg=0.000001 mcu_task_stddev=0.000001 bytes_write=101868 bytes_read=2742891 bytes_retransmit=9 bytes_invalid=0 send_seq=16761 receive_seq=16761 retransmit_seq=2 srtt=0.001 rttvar=0.000 rto=0.025 ready_bytes=0 upcoming_bytes=0 freq=520021837 heater_bed: target=0 temp=22.1 pwm=0.000 print_time=16293.824 buffer_time=0.000 print_stall=0 extruder: target=0 temp=23.9 pwm=0.000 extruder1: target=0 temp=23.9 pwm=0.000 sysload=5.68 cputime=276.512 memavail=552696
Stats 16299.0: gcodein=0 mcu: mcu_awake=0.000 mcu_task_avg=0.000001 mcu_task_stddev=0.000001 bytes_write=101874 bytes_read=2743042 bytes_retransmit=9 bytes_invalid=0 send_seq=16762 receive_seq=16762 retransmit_seq=2 srtt=0.001 rttvar=0.000 rto=0.025 ready_bytes=0 upcoming_bytes=0 freq=520021842 heater_bed: target=0 temp=22.0 pwm=0.000 print_time=16293.824 buffer_time=0.000 print_stall=0 extruder: target=0 temp=24.1 pwm=0.000 extruder1: target=0 temp=23.9 pwm=0.000 sysload=5.71 cputime=276.529 memavail=552696
Stats 16300.0: gcodein=0 mcu: mcu_awake=0.000 mcu_task_avg=0.000001 mcu_task_stddev=0.000001 bytes_write=101880 bytes_read=2743222 bytes_retransmit=9 bytes_invalid=0 send_seq=16763 receive_seq=16763 retransmit_seq=2 srtt=0.001 rttvar=0.000 rto=0.025 ready_bytes=0 upcoming_bytes=0 freq=520021850 heater_bed: target=0 temp=21.9 pwm=0.000 print_time=16293.824 buffer_time=0.000 print_stall=0 extruder: target=0 temp=24.1 pwm=0.000 extruder1: target=0 temp=24.0 pwm=0.000 sysload=5.71 cputime=276.550 memavail=462620
Stats 16301.0: gcodein=0 mcu: mcu_awake=0.000 mcu_task_avg=0.000001 mcu_task_stddev=0.000001 bytes_write=101886 bytes_read=2743403 bytes_retransmit=9 bytes_invalid=0 send_seq=16764 receive_seq=16764 retransmit_seq=2 srtt=0.001 rttvar=0.001 rto=0.025 ready_bytes=0 upcoming_bytes=0 freq=520021963 heater_bed: target=0 temp=21.8 pwm=0.000 print_time=16293.824 buffer_time=0.000 print_stall=0 extruder: target=0 temp=23.9 pwm=0.000 extruder1: target=0 temp=24.0 pwm=0.000 sysload=5.71 cputime=276.592 memavail=439984
Stats 16302.0: gcodein=0 mcu: mcu_awake=0.000 mcu_task_avg=0.000001 mcu_task_stddev=0.000001 bytes_write=101892 bytes_read=2743554 bytes_retransmit=9 bytes_invalid=0 send_seq=16765 receive_seq=16765 retransmit_seq=2 srtt=0.001 rttvar=0.001 rto=0.025 ready_bytes=0 upcoming_bytes=0 freq=520022015 heater_bed: target=0 temp=21.7 pwm=0.000 print_time=16293.824 buffer_time=0.000 print_stall=0 extruder: target=0 temp=24.1 pwm=0.000 extruder1: target=0 temp=23.9 pwm=0.000 sysload=5.71 cputime=276.641 memavail=438896
Stats 16303.0: gcodein=0 mcu: mcu_awake=0.000 mcu_task_avg=0.000001 mcu_task_stddev=0.000001 bytes_write=101898 bytes_read=2743720 bytes_retransmit=9 bytes_invalid=0 send_seq=16766 receive_seq=16766 retransmit_seq=2 srtt=0.001 rttvar=0.000 rto=0.025 ready_bytes=0 upcoming_bytes=0 freq=520022075 heater_bed: target=0 temp=21.8 pwm=0.000 print_time=16293.824 buffer_time=0.000 print_stall=0 extruder: target=0 temp=24.1 pwm=0.000 extruder1: target=0 temp=24.1 pwm=0.000 sysload=5.71 cputime=276.684 memavail=434768
Stats 16304.0: gcodein=0 mcu: mcu_awake=0.000 mcu_task_avg=0.000001 mcu_task_stddev=0.000001 bytes_write=101904 bytes_read=2743901 bytes_retransmit=9 bytes_invalid=0 send_seq=16767 receive_seq=16767 retransmit_seq=2 srtt=0.001 rttvar=0.000 rto=0.025 ready_bytes=0 upcoming_bytes=0 freq=520022124 heater_bed: target=0 temp=21.5 pwm=0.000 print_time=16293.824 buffer_time=0.000 print_stall=0 extruder: target=0 temp=24.0 pwm=0.000 extruder1: target=0 temp=24.1 pwm=0.000 sysload=5.57 cputime=276.724 memavail=436392
Stats 16305.0: gcodein=0 mcu: mcu_awake=0.000 mcu_task_avg=0.000001 mcu_task_stddev=0.000001 bytes_write=101910 bytes_read=2744063 bytes_retransmit=9 bytes_invalid=0 send_seq=16768 receive_seq=16768 retransmit_seq=2 srtt=0.001 rttvar=0.000 rto=0.025 ready_bytes=0 upcoming_bytes=0 freq=520022212 heater_bed: target=0 temp=21.5 pwm=0.000 print_time=16293.824 buffer_time=0.000 print_stall=0 extruder: target=0 temp=24.0 pwm=0.000 extruder1: target=0 temp=24.0 pwm=0.000 sysload=5.57 cputime=276.762 memavail=430944
Stats 16306.0: gcodein=0 mcu: mcu_awake=0.000 mcu_task_avg=0.000001 mcu_task_stddev=0.000001 bytes_write=101916 bytes_read=2744225 bytes_retransmit=9 bytes_invalid=0 send_seq=16769 receive_seq=16769 retransmit_seq=2 srtt=0.001 rttvar=0.000 rto=0.025 ready_bytes=0 upcoming_bytes=0 freq=520022203 heater_bed: target=0 temp=21.4 pwm=0.000 print_time=16293.824 buffer_time=0.000 print_stall=0 extruder: target=0 temp=24.0 pwm=0.000 extruder1: target=0 temp=24.1 pwm=0.000 sysload=5.57 cputime=276.792 memavail=432996
Stats 16307.0: gcodein=0 mcu: mcu_awake=0.000 mcu_task_avg=0.000001 mcu_task_stddev=0.000001 bytes_write=101922 bytes_read=2744406 bytes_retransmit=9 bytes_invalid=0 send_seq=16770 receive_seq=16770 retransmit_seq=2 srtt=0.001 rttvar=0.000 rto=0.025 ready_bytes=0 upcoming_bytes=0 freq=520022169 heater_bed: target=0 temp=21.4 pwm=0.000 print_time=16293.824 buffer_time=0.000 print_stall=0 extruder: target=0 temp=23.8 pwm=0.000 extruder1: target=0 temp=23.9 pwm=0.000 sysload=5.57 cputime=276.805 memavail=543140
Stats 16308.0: gcodein=0 mcu: mcu_awake=0.000 mcu_task_avg=0.000001 mcu_task_stddev=0.000001 bytes_write=101928 bytes_read=2744557 bytes_retransmit=9 bytes_invalid=0 send_seq=16771 receive_seq=16771 retransmit_seq=2 srtt=0.001 rttvar=0.000 rto=0.025 ready_bytes=0 upcoming_bytes=0 freq=520022142 heater_bed: target=0 temp=21.4 pwm=0.000 print_time=16293.824 buffer_time=0.000 print_stall=0 extruder: target=0 temp=23.6 pwm=0.000 extruder1: target=0 temp=24.0 pwm=0.000 sysload=5.57 cputime=276.817 memavail=544672
Stats 16309.0: gcodein=0 mcu: mcu_awake=0.000 mcu_task_avg=0.000001 mcu_task_stddev=0.000001 bytes_write=101934 bytes_read=2744723 bytes_retransmit=9 bytes_invalid=0 send_seq=16772 receive_seq=16772 retransmit_seq=2 srtt=0.001 rttvar=0.000 rto=0.025 ready_bytes=0 upcoming_bytes=0 freq=520022111 heater_bed: target=0 temp=21.4 pwm=0.000 print_time=16293.824 buffer_time=0.000 print_stall=0 extruder: target=0 temp=24.0 pwm=0.000 extruder1: target=0 temp=23.9 pwm=0.000 sysload=5.21 cputime=276.829 memavail=543508
Stats 16310.0: gcodein=0 mcu: mcu_awake=0.000 mcu_task_avg=0.000001 mcu_task_stddev=0.000001 bytes_write=101940 bytes_read=2744918 bytes_retransmit=9 bytes_invalid=0 send_seq=16773 receive_seq=16773 retransmit_seq=2 srtt=0.001 rttvar=0.000 rto=0.025 ready_bytes=0 upcoming_bytes=0 freq=520022088 heater_bed: target=0 temp=21.3 pwm=0.000 print_time=16293.824 buffer_time=0.000 print_stall=0 extruder: target=0 temp=23.8 pwm=0.000 extruder1: target=0 temp=24.0 pwm=0.000 sysload=5.21 cputime=276.845 memavail=544672
Stats 16311.0: gcodein=0 mcu: mcu_awake=0.000 mcu_task_avg=0.000001 mcu_task_stddev=0.000001 bytes_write=101946 bytes_read=2745069 bytes_retransmit=9 bytes_invalid=0 send_seq=16774 receive_seq=16774 retransmit_seq=2 srtt=0.001 rttvar=0.000 rto=0.025 ready_bytes=0 upcoming_bytes=0 freq=520022070 heater_bed: target=0 temp=21.3 pwm=0.000 print_time=16293.824 buffer_time=0.000 print_stall=0 extruder: target=0 temp=23.9 pwm=0.000 extruder1: target=0 temp=24.0 pwm=0.000 sysload=5.21 cputime=276.862 memavail=545692
Stats 16312.0: gcodein=0 mcu: mcu_awake=0.000 mcu_task_avg=0.000001 mcu_task_stddev=0.000001 bytes_write=101952 bytes_read=2745235 bytes_retransmit=9 bytes_invalid=0 send_seq=16775 receive_seq=16775 retransmit_seq=2 srtt=0.001 rttvar=0.000 rto=0.025 ready_bytes=0 upcoming_bytes=0 freq=520022054 heater_bed: target=0 temp=21.3 pwm=0.000 print_time=16293.824 buffer_time=0.000 print_stall=0 extruder: target=0 temp=23.7 pwm=0.000 extruder1: target=0 temp=23.9 pwm=0.000 sysload=5.21 cputime=276.881 memavail=546588
Stats 16313.0: gcodein=0 mcu: mcu_awake=0.000 mcu_task_avg=0.000001 mcu_task_stddev=0.000001 bytes_write=101958 bytes_read=2745416 bytes_retransmit=9 bytes_invalid=0 send_seq=16776 receive_seq=16776 retransmit_seq=2 srtt=0.001 rttvar=0.000 rto=0.025 ready_bytes=0 upcoming_bytes=0 freq=520022043 heater_bed: target=0 temp=21.3 pwm=0.000 print_time=16293.824 buffer_time=0.000 print_stall=0 extruder: target=0 temp=23.9 pwm=0.000 extruder1: target=0 temp=23.9 pwm=0.000 sysload=5.21 cputime=276.899 memavail=547368
Stats 16314.0: gcodein=0 mcu: mcu_awake=0.000 mcu_task_avg=0.000001 mcu_task_stddev=0.000001 bytes_write=101964 bytes_read=2745562 bytes_retransmit=9 bytes_invalid=0 send_seq=16777 receive_seq=16777 retransmit_seq=2 srtt=0.001 rttvar=0.000 rto=0.025 ready_bytes=0 upcoming_bytes=0 freq=520022034 heater_bed: target=0 temp=21.3 pwm=0.000 print_time=16293.824 buffer_time=0.000 print_stall=0 extruder: target=0 temp=23.8 pwm=0.000 extruder1: target=0 temp=23.8 pwm=0.000 sysload=5.11 cputime=276.917 memavail=547280
Stats 16315.0: gcodein=0 mcu: mcu_awake=0.000 mcu_task_avg=0.000001 mcu_task_stddev=0.000001 bytes_write=101970 bytes_read=2745742 bytes_retransmit=9 bytes_invalid=0 send_seq=16778 receive_seq=16778 retransmit_seq=2 srtt=0.001 rttvar=0.000 rto=0.025 ready_bytes=0 upcoming_bytes=0 freq=520022028 heater_bed: target=0 temp=21.4 pwm=0.000 print_time=16293.824 buffer_time=0.000 print_stall=0 extruder: target=0 temp=23.9 pwm=0.000 extruder1: target=0 temp=23.8 pwm=0.000 sysload=5.11 cputime=276.936 memavail=547768
Stats 16316.0: gcodein=0 mcu: mcu_awake=0.000 mcu_task_avg=0.000001 mcu_task_stddev=0.000001 bytes_write=101976 bytes_read=2745923 bytes_retransmit=9 bytes_invalid=0 send_seq=16779 receive_seq=16779 retransmit_seq=2 srtt=0.001 rttvar=0.000 rto=0.025 ready_bytes=0 upcoming_bytes=0 freq=520022013 heater_bed: target=0 temp=21.4 pwm=0.000 print_time=16293.824 buffer_time=0.000 print_stall=0 extruder: target=0 temp=24.1 pwm=0.000 extruder1: target=0 temp=23.9 pwm=0.000 sysload=5.11 cputime=276.955 memavail=547828
Stats 16317.0: gcodein=0 mcu: mcu_awake=0.000 mcu_task_avg=0.000001 mcu_task_stddev=0.000001 bytes_write=101982 bytes_read=2746074 bytes_retransmit=9 bytes_invalid=0 send_seq=16780 receive_seq=16780 retransmit_seq=2 srtt=0.001 rttvar=0.000 rto=0.025 ready_bytes=0 upcoming_bytes=0 freq=520021996 heater_bed: target=0 temp=21.4 pwm=0.000 print_time=16293.824 buffer_time=0.000 print_stall=0 extruder: target=0 temp=23.8 pwm=0.000 extruder1: target=0 temp=24.0 pwm=0.000 sysload=5.11 cputime=276.973 memavail=547828
Stats 16318.0: gcodein=0 mcu: mcu_awake=0.000 mcu_task_avg=0.000001 mcu_task_stddev=0.000001 bytes_write=101988 bytes_read=2746240 bytes_retransmit=9 bytes_invalid=0 send_seq=16781 receive_seq=16781 retransmit_seq=2 srtt=0.001 rttvar=0.000 rto=0.025 ready_bytes=0 upcoming_bytes=0 freq=520021986 heater_bed: target=0 temp=21.4 pwm=0.000 print_time=16293.824 buffer_time=0.000 print_stall=0 extruder: target=0 temp=23.9 pwm=0.000 extruder1: target=0 temp=24.0 pwm=0.000 sysload=5.11 cputime=276.992 memavail=547828
Stats 16319.0: gcodein=0 mcu: mcu_awake=0.000 mcu_task_avg=0.000001 mcu_task_stddev=0.000001 bytes_write=101994 bytes_read=2746421 bytes_retransmit=9 bytes_invalid=0 send_seq=16782 receive_seq=16782 retransmit_seq=2 srtt=0.001 rttvar=0.000 rto=0.025 ready_bytes=0 upcoming_bytes=0 freq=520021987 heater_bed: target=0 temp=21.5 pwm=0.000 print_time=16293.824 buffer_time=0.000 print_stall=0 extruder: target=0 temp=23.9 pwm=0.000 extruder1: target=0 temp=23.8 pwm=0.000 sysload=5.02 cputime=277.007 memavail=548528
Stats 16320.0: gcodein=0 mcu: mcu_awake=0.000 mcu_task_avg=0.000001 mcu_task_stddev=0.000001 bytes_write=102000 bytes_read=2746586 bytes_retransmit=9 bytes_invalid=0 send_seq=16783 receive_seq=16783 retransmit_seq=2 srtt=0.001 rttvar=0.000 rto=0.025 ready_bytes=0 upcoming_bytes=0 freq=520021972 heater_bed: target=0 temp=21.5 pwm=0.000 print_time=16293.824 buffer_time=0.000 print_stall=0 extruder: target=0 temp=23.9 pwm=0.000 extruder1: target=0 temp=24.2 pwm=0.000 sysload=5.02 cputime=277.020 memavail=544388
Stats 16321.0: gcodein=0 mcu: mcu_awake=0.000 mcu_task_avg=0.000001 mcu_task_stddev=0.000001 bytes_write=102006 bytes_read=2746752 bytes_retransmit=9 bytes_invalid=0 send_seq=16784 receive_seq=16784 retransmit_seq=2 srtt=0.001 rttvar=0.000 rto=0.025 ready_bytes=0 upcoming_bytes=0 freq=520021962 heater_bed: target=0 temp=21.5 pwm=0.000 print_time=16293.824 buffer_time=0.000 print_stall=0 extruder: target=0 temp=23.9 pwm=0.000 extruder1: target=0 temp=23.9 pwm=0.000 sysload=5.02 cputime=277.036 memavail=541812
Stats 16322.0: gcodein=0 mcu: mcu_awake=0.000 mcu_task_avg=0.000001 mcu_task_stddev=0.000001 bytes_write=102012 bytes_read=2746928 bytes_retransmit=9 bytes_invalid=0 send_seq=16785 receive_seq=16785 retransmit_seq=2 srtt=0.001 rttvar=0.000 rto=0.025 ready_bytes=0 upcoming_bytes=0 freq=520021953 heater_bed: target=0 temp=21.5 pwm=0.000 print_time=16293.824 buffer_time=0.000 print_stall=0 extruder: target=0 temp=23.9 pwm=0.000 extruder1: target=0 temp=23.9 pwm=0.000 sysload=5.02 cputime=277.052 memavail=541016
Stats 16323.1: gcodein=0 mcu: mcu_awake=0.000 mcu_task_avg=0.000001 mcu_task_stddev=0.000001 bytes_write=102018 bytes_read=2747079 bytes_retransmit=9 bytes_invalid=0 send_seq=16786 receive_seq=16786 retransmit_seq=2 srtt=0.001 rttvar=0.000 rto=0.025 ready_bytes=0 upcoming_bytes=0 freq=520021943 heater_bed: target=0 temp=21.5 pwm=0.000 print_time=16293.824 buffer_time=0.000 print_stall=0 extruder: target=0 temp=23.9 pwm=0.000 extruder1: target=0 temp=24.1 pwm=0.000 sysload=5.02 cputime=277.067 memavail=540252
Stats 16324.1: gcodein=0 mcu: mcu_awake=0.000 mcu_task_avg=0.000001 mcu_task_stddev=0.000001 bytes_write=102024 bytes_read=2747245 bytes_retransmit=9 bytes_invalid=0 send_seq=16787 receive_seq=16787 retransmit_seq=2 srtt=0.001 rttvar=0.000 rto=0.025 ready_bytes=0 upcoming_bytes=0 freq=520021937 heater_bed: target=0 temp=21.6 pwm=0.000 print_time=16293.824 buffer_time=0.000 print_stall=0 extruder: target=0 temp=23.8 pwm=0.000 extruder1: target=0 temp=23.9 pwm=0.000 sysload=4.86 cputime=277.082 memavail=544232
Stats 16325.1: gcodein=0 mcu: mcu_awake=0.000 mcu_task_avg=0.000001 mcu_task_stddev=0.000001 bytes_write=102030 bytes_read=2747440 bytes_retransmit=9 bytes_invalid=0 send_seq=16788 receive_seq=16788 retransmit_seq=2 srtt=0.001 rttvar=0.000 rto=0.025 ready_bytes=0 upcoming_bytes=0 freq=520021927 heater_bed: target=0 temp=21.7 pwm=0.000 print_time=16293.824 buffer_time=0.000 print_stall=0 extruder: target=0 temp=24.1 pwm=0.000 extruder1: target=0 temp=23.9 pwm=0.000 sysload=4.86 cputime=277.102 memavail=543032
Stats 16326.1: gcodein=0 mcu: mcu_awake=0.000 mcu_task_avg=0.000001 mcu_task_stddev=0.000001 bytes_write=102036 bytes_read=2747591 bytes_retransmit=9 bytes_invalid=0 send_seq=16789 receive_seq=16789 retransmit_seq=2 srtt=0.001 rttvar=0.000 rto=0.025 ready_bytes=0 upcoming_bytes=0 freq=520021940 heater_bed: target=0 temp=21.7 pwm=0.000 print_time=16293.824 buffer_time=0.000 print_stall=0 extruder: target=0 temp=23.8 pwm=0.000 extruder1: target=0 temp=23.9 pwm=0.000 sysload=4.86 cputime=277.119 memavail=542092
Stats 16327.1: gcodein=0 mcu: mcu_awake=0.000 mcu_task_avg=0.000001 mcu_task_stddev=0.000001 bytes_write=102042 bytes_read=2747757 bytes_retransmit=9 bytes_invalid=0 send_seq=16790 receive_seq=16790 retransmit_seq=2 srtt=0.001 rttvar=0.001 rto=0.025 ready_bytes=0 upcoming_bytes=0 freq=520021983 heater_bed: target=0 temp=21.8 pwm=0.000 print_time=16293.824 buffer_time=0.000 print_stall=0 extruder: target=0 temp=23.9 pwm=0.000 extruder1: target=0 temp=23.9 pwm=0.000 sysload=4.86 cputime=277.134 memavail=543208
Stats 16328.1: gcodein=0 mcu: mcu_awake=0.000 mcu_task_avg=0.000001 mcu_task_stddev=0.000001 bytes_write=102048 bytes_read=2747938 bytes_retransmit=9 bytes_invalid=0 send_seq=16791 receive_seq=16791 retransmit_seq=2 srtt=0.001 rttvar=0.001 rto=0.025 ready_bytes=0 upcoming_bytes=0 freq=520021966 heater_bed: target=0 temp=21.8 pwm=0.000 print_time=16293.824 buffer_time=0.000 print_stall=0 extruder: target=0 temp=23.8 pwm=0.000 extruder1: target=0 temp=24.1 pwm=0.000 sysload=4.86 cputime=277.147 memavail=545212
Stats 16329.1: gcodein=0 mcu: mcu_awake=0.000 mcu_task_avg=0.000001 mcu_task_stddev=0.000001 bytes_write=102054 bytes_read=2748089 bytes_retransmit=9 bytes_invalid=0 send_seq=16792 receive_seq=16792 retransmit_seq=2 srtt=0.001 rttvar=0.001 rto=0.025 ready_bytes=0 upcoming_bytes=0 freq=520021949 heater_bed: target=0 temp=21.8 pwm=0.000 print_time=16293.824 buffer_time=0.000 print_stall=0 extruder: target=0 temp=23.7 pwm=0.000 extruder1: target=0 temp=23.9 pwm=0.000 sysload=4.63 cputime=277.159 memavail=546772
Stats 16330.1: gcodein=0 mcu: mcu_awake=0.000 mcu_task_avg=0.000001 mcu_task_stddev=0.000001 bytes_write=102060 bytes_read=2748265 bytes_retransmit=9 bytes_invalid=0 send_seq=16793 receive_seq=16793 retransmit_seq=2 srtt=0.001 rttvar=0.001 rto=0.025 ready_bytes=0 upcoming_bytes=0 freq=520021933 heater_bed: target=0 temp=21.8 pwm=0.000 print_time=16293.824 buffer_time=0.000 print_stall=0 extruder: target=0 temp=23.9 pwm=0.000 extruder1: target=0 temp=23.9 pwm=0.000 sysload=4.63 cputime=277.173 memavail=546516
Stats 16331.1: gcodein=0 mcu: mcu_awake=0.000 mcu_task_avg=0.000001 mcu_task_stddev=0.000001 bytes_write=102066 bytes_read=2748445 bytes_retransmit=9 bytes_invalid=0 send_seq=16794 receive_seq=16794 retransmit_seq=2 srtt=0.001 rttvar=0.001 rto=0.025 ready_bytes=0 upcoming_bytes=0 freq=520021928 heater_bed: target=0 temp=21.9 pwm=0.000 print_time=16293.824 buffer_time=0.000 print_stall=0 extruder: target=0 temp=24.0 pwm=0.000 extruder1: target=0 temp=23.9 pwm=0.000 sysload=4.63 cputime=277.190 memavail=546156
Stats 16332.1: gcodein=0 mcu: mcu_awake=0.000 mcu_task_avg=0.000001 mcu_task_stddev=0.000001 bytes_write=102072 bytes_read=2748596 bytes_retransmit=9 bytes_invalid=0 send_seq=16795 receive_seq=16795 retransmit_seq=2 srtt=0.001 rttvar=0.000 rto=0.025 ready_bytes=0 upcoming_bytes=0 freq=520021936 heater_bed: target=0 temp=21.9 pwm=0.000 print_time=16293.824 buffer_time=0.000 print_stall=0 extruder: target=0 temp=23.8 pwm=0.000 extruder1: target=0 temp=23.9 pwm=0.000 sysload=4.63 cputime=277.208 memavail=542872
Stats 16333.1: gcodein=0 mcu: mcu_awake=0.000 mcu_task_avg=0.000001 mcu_task_stddev=0.000001 bytes_write=102078 bytes_read=2748762 bytes_retransmit=9 bytes_invalid=0 send_seq=16796 receive_seq=16796 retransmit_seq=2 srtt=0.001 rttvar=0.000 rto=0.025 ready_bytes=0 upcoming_bytes=0 freq=520021936 heater_bed: target=0 temp=21.9 pwm=0.000 print_time=16293.824 buffer_time=0.000 print_stall=0 extruder: target=0 temp=23.8 pwm=0.000 extruder1: target=0 temp=24.0 pwm=0.000 sysload=4.63 cputime=277.226 memavail=544084
Stats 16334.1: gcodein=0 mcu: mcu_awake=0.000 mcu_task_avg=0.000001 mcu_task_stddev=0.000001 bytes_write=102090 bytes_read=2748959 bytes_retransmit=9 bytes_invalid=0 send_seq=16798 receive_seq=16798 retransmit_seq=2 srtt=0.001 rttvar=0.000 rto=0.025 ready_bytes=0 upcoming_bytes=0 freq=520021915 heater_bed: target=0 temp=21.9 pwm=0.000 print_time=16293.824 buffer_time=0.000 print_stall=0 extruder: target=0 temp=23.8 pwm=0.000 extruder1: target=0 temp=23.9 pwm=0.000 sysload=4.42 cputime=277.240 memavail=550240
Stats 16335.1: gcodein=0 mcu: mcu_awake=0.000 mcu_task_avg=0.000001 mcu_task_stddev=0.000001 bytes_write=102096 bytes_read=2749124 bytes_retransmit=9 bytes_invalid=0 send_seq=16799 receive_seq=16799 retransmit_seq=2 srtt=0.001 rttvar=0.000 rto=0.025 ready_bytes=0 upcoming_bytes=0 freq=520021915 heater_bed: target=0 temp=21.9 pwm=0.000 print_time=16293.824 buffer_time=0.000 print_stall=0 extruder: target=0 temp=24.0 pwm=0.000 extruder1: target=0 temp=23.9 pwm=0.000 sysload=4.42 cputime=277.256 memavail=548868
Stats 16336.1: gcodein=0 mcu: mcu_awake=0.000 mcu_task_avg=0.000001 mcu_task_stddev=0.000001 bytes_write=102102 bytes_read=2749290 bytes_retransmit=9 bytes_invalid=0 send_seq=16800 receive_seq=16800 retransmit_seq=2 srtt=0.001 rttvar=0.000 rto=0.025 ready_bytes=0 upcoming_bytes=0 freq=520021897 heater_bed: target=0 temp=22.0 pwm=0.000 print_time=16293.824 buffer_time=0.000 print_stall=0 extruder: target=0 temp=23.9 pwm=0.000 extruder1: target=0 temp=24.0 pwm=0.000 sysload=4.42 cputime=277.269 memavail=547640
Stats 16337.1: gcodein=0 mcu: mcu_awake=0.000 mcu_task_avg=0.000001 mcu_task_stddev=0.000001 bytes_write=102108 bytes_read=2749471 bytes_retransmit=9 bytes_invalid=0 send_seq=16801 receive_seq=16801 retransmit_seq=2 srtt=0.001 rttvar=0.000 rto=0.025 ready_bytes=0 upcoming_bytes=0 freq=520021880 heater_bed: target=0 temp=22.0 pwm=0.000 print_time=16293.824 buffer_time=0.000 print_stall=0 extruder: target=0 temp=23.7 pwm=0.000 extruder1: target=0 temp=23.9 pwm=0.000 sysload=4.42 cputime=277.281 memavail=547640
Stats 16338.1: gcodein=0 mcu: mcu_awake=0.000 mcu_task_avg=0.000001 mcu_task_stddev=0.000001 bytes_write=102114 bytes_read=2749620 bytes_retransmit=9 bytes_invalid=0 send_seq=16802 receive_seq=16802 retransmit_seq=2 srtt=0.001 rttvar=0.000 rto=0.025 ready_bytes=0 upcoming_bytes=0 freq=520021877 heater_bed: target=0 temp=21.9 pwm=0.000 print_time=16293.824 buffer_time=0.000 print_stall=0 extruder: target=0 temp=24.0 pwm=0.000 extruder1: target=0 temp=24.0 pwm=0.000 sysload=4.42 cputime=277.294 memavail=547640
Stats 16339.1: gcodein=0 mcu: mcu_awake=0.000 mcu_task_avg=0.000001 mcu_task_stddev=0.000001 bytes_write=102120 bytes_read=2749783 bytes_retransmit=9 bytes_invalid=0 send_seq=16803 receive_seq=16803 retransmit_seq=2 srtt=0.001 rttvar=0.000 rto=0.025 ready_bytes=0 upcoming_bytes=0 freq=520021876 heater_bed: target=0 temp=21.9 pwm=0.000 print_time=16293.824 buffer_time=0.000 print_stall=0 extruder: target=0 temp=24.0 pwm=0.000 extruder1: target=0 temp=23.8 pwm=0.000 sysload=4.38 cputime=277.312 memavail=547640
Stats 16340.1: gcodein=0 mcu: mcu_awake=0.000 mcu_task_avg=0.000001 mcu_task_stddev=0.000001 bytes_write=102126 bytes_read=2749978 bytes_retransmit=9 bytes_invalid=0 send_seq=16804 receive_seq=16804 retransmit_seq=2 srtt=0.001 rttvar=0.000 rto=0.025 ready_bytes=0 upcoming_bytes=0 freq=520021877 heater_bed: target=0 temp=22.0 pwm=0.000 print_time=16293.824 buffer_time=0.000 print_stall=0 extruder: target=0 temp=23.7 pwm=0.000 extruder1: target=0 temp=23.9 pwm=0.000 sysload=4.38 cputime=277.331 memavail=547640
Stats 16341.1: gcodein=0 mcu: mcu_awake=0.000 mcu_task_avg=0.000001 mcu_task_stddev=0.000001 bytes_write=102132 bytes_read=2750129 bytes_retransmit=9 bytes_invalid=0 send_seq=16805 receive_seq=16805 retransmit_seq=2 srtt=0.001 rttvar=0.000 rto=0.025 ready_bytes=0 upcoming_bytes=0 freq=520021872 heater_bed: target=0 temp=22.0 pwm=0.000 print_time=16293.824 buffer_time=0.000 print_stall=0 extruder: target=0 temp=23.7 pwm=0.000 extruder1: target=0 temp=23.9 pwm=0.000 sysload=4.38 cputime=277.349 memavail=547640
Stats 16342.1: gcodein=0 mcu: mcu_awake=0.000 mcu_task_avg=0.000001 mcu_task_stddev=0.000001 bytes_write=102138 bytes_read=2750295 bytes_retransmit=9 bytes_invalid=0 send_seq=16806 receive_seq=16806 retransmit_seq=2 srtt=0.001 rttvar=0.000 rto=0.025 ready_bytes=0 upcoming_bytes=0 freq=520021874 heater_bed: target=0 temp=22.1 pwm=0.000 print_time=16293.824 buffer_time=0.000 print_stall=0 extruder: target=0 temp=23.9 pwm=0.000 extruder1: target=0 temp=23.9 pwm=0.000 sysload=4.38 cputime=277.367 memavail=547640
Stats 16343.1: gcodein=0 mcu: mcu_awake=0.000 mcu_task_avg=0.000001 mcu_task_stddev=0.000001 bytes_write=102144 bytes_read=2750476 bytes_retransmit=9 bytes_invalid=0 send_seq=16807 receive_seq=16807 retransmit_seq=2 srtt=0.001 rttvar=0.000 rto=0.025 ready_bytes=0 upcoming_bytes=0 freq=520021873 heater_bed: target=0 temp=22.2 pwm=0.000 print_time=16293.824 buffer_time=0.000 print_stall=0 extruder: target=0 temp=24.0 pwm=0.000 extruder1: target=0 temp=23.9 pwm=0.000 sysload=4.38 cputime=277.385 memavail=547640
Stats 16344.1: gcodein=0 mcu: mcu_awake=0.000 mcu_task_avg=0.000001 mcu_task_stddev=0.000001 bytes_write=102150 bytes_read=2750627 bytes_retransmit=9 bytes_invalid=0 send_seq=16808 receive_seq=16808 retransmit_seq=2 srtt=0.001 rttvar=0.000 rto=0.025 ready_bytes=0 upcoming_bytes=0 freq=520021873 heater_bed: target=0 temp=22.3 pwm=0.000 print_time=16293.824 buffer_time=0.000 print_stall=0 extruder: target=0 temp=23.9 pwm=0.000 extruder1: target=0 temp=23.9 pwm=0.000 sysload=4.59 cputime=277.403 memavail=551876
Stats 16345.1: gcodein=0 mcu: mcu_awake=0.000 mcu_task_avg=0.000001 mcu_task_stddev=0.000001 bytes_write=102156 bytes_read=2750807 bytes_retransmit=9 bytes_invalid=0 send_seq=16809 receive_seq=16809 retransmit_seq=2 srtt=0.001 rttvar=0.000 rto=0.025 ready_bytes=0 upcoming_bytes=0 freq=520021871 heater_bed: target=0 temp=22.4 pwm=0.000 print_time=16293.824 buffer_time=0.000 print_stall=0 extruder: target=0 temp=23.9 pwm=0.000 extruder1: target=0 temp=24.1 pwm=0.000 sysload=4.59 cputime=277.421 memavail=551876
Stats 16346.1: gcodein=0 mcu: mcu_awake=0.000 mcu_task_avg=0.000001 mcu_task_stddev=0.000001 bytes_write=102162 bytes_read=2750988 bytes_retransmit=9 bytes_invalid=0 send_seq=16810 receive_seq=16810 retransmit_seq=2 srtt=0.001 rttvar=0.000 rto=0.025 ready_bytes=0 upcoming_bytes=0 freq=520021866 heater_bed: target=0 temp=22.4 pwm=0.000 print_time=16293.824 buffer_time=0.000 print_stall=0 extruder: target=0 temp=23.8 pwm=0.000 extruder1: target=0 temp=23.9 pwm=0.000 sysload=4.59 cputime=277.440 memavail=551876
Stats 16443.1: gcodein=0 mcu: mcu_awake=0.000 mcu_task_avg=0.000001 mcu_task_stddev=0.000001 bytes_write=102766 bytes_read=2767307 bytes_retransmit=9 bytes_invalid=0 send_seq=16909 receive_seq=16909 retransmit_seq=2 srtt=0.001 rttvar=0.000 rto=0.025 ready_bytes=0 upcoming_bytes=0 freq=520021795 heater_bed: target=0 temp=21.8 pwm=0.000 print_time=16450.207 buffer_time=0.000 print_stall=0 extruder: target=0 temp=23.9 pwm=0.000 extruder1: target=0 temp=24.0 pwm=0.000 sysload=7.37 cputime=279.158 memavail=541076
Stats 16444.1: gcodein=0 mcu: mcu_awake=0.000 mcu_task_avg=0.000001 mcu_task_stddev=0.000001 bytes_write=102772 bytes_read=2767488 bytes_retransmit=9 bytes_invalid=0 send_seq=16910 receive_seq=16910 retransmit_seq=2 srtt=0.001 rttvar=0.000 rto=0.025 ready_bytes=0 upcoming_bytes=0 freq=520021793 heater_bed: target=0 temp=21.7 pwm=0.000 print_time=16450.207 buffer_time=0.000 print_stall=0 extruder: target=0 temp=24.0 pwm=0.000 extruder1: target=0 temp=24.1 pwm=0.000 sysload=6.86 cputime=279.175 memavail=540088
Stats 16445.1: gcodein=0 mcu: mcu_awake=0.000 mcu_task_avg=0.000001 mcu_task_stddev=0.000001 bytes_write=102778 bytes_read=2767639 bytes_retransmit=9 bytes_invalid=0 send_seq=16911 receive_seq=16911 retransmit_seq=2 srtt=0.001 rttvar=0.000 rto=0.025 ready_bytes=0 upcoming_bytes=0 freq=520021792 heater_bed: target=0 temp=21.6 pwm=0.000 print_time=16450.207 buffer_time=0.000 print_stall=0 extruder: target=0 temp=24.1 pwm=0.000 extruder1: target=0 temp=24.0 pwm=0.000 sysload=6.86 cputime=279.190 memavail=544556
Stats 16446.1: gcodein=0 mcu: mcu_awake=0.000 mcu_task_avg=0.000001 mcu_task_stddev=0.000001 bytes_write=102784 bytes_read=2767798 bytes_retransmit=9 bytes_invalid=0 send_seq=16912 receive_seq=16912 retransmit_seq=2 srtt=0.001 rttvar=0.000 rto=0.025 ready_bytes=0 upcoming_bytes=0 freq=520021781 heater_bed: target=0 temp=21.5 pwm=0.000 print_time=16450.207 buffer_time=0.000 print_stall=0 extruder: target=0 temp=24.1 pwm=0.000 extruder1: target=0 temp=23.9 pwm=0.000 sysload=6.86 cputime=279.205 memavail=541328
Stats 16447.1: gcodein=0 mcu: mcu_awake=0.000 mcu_task_avg=0.000001 mcu_task_stddev=0.000001 bytes_write=102790 bytes_read=2767993 bytes_retransmit=9 bytes_invalid=0 send_seq=16913 receive_seq=16913 retransmit_seq=2 srtt=0.001 rttvar=0.000 rto=0.025 ready_bytes=0 upcoming_bytes=0 freq=520021773 heater_bed: target=0 temp=21.4 pwm=0.000 print_time=16450.207 buffer_time=0.000 print_stall=0 extruder: target=0 temp=24.1 pwm=0.000 extruder1: target=0 temp=24.1 pwm=0.000 sysload=6.86 cputime=279.225 memavail=465216
Stats 16448.1: gcodein=0 mcu: mcu_awake=0.000 mcu_task_avg=0.000001 mcu_task_stddev=0.000001 bytes_write=102796 bytes_read=2768144 bytes_retransmit=9 bytes_invalid=0 send_seq=16914 receive_seq=16914 retransmit_seq=2 srtt=0.001 rttvar=0.001 rto=0.025 ready_bytes=0 upcoming_bytes=0 freq=520021851 heater_bed: target=0 temp=21.4 pwm=0.000 print_time=16450.207 buffer_time=0.000 print_stall=0 extruder: target=0 temp=23.9 pwm=0.000 extruder1: target=0 temp=24.1 pwm=0.000 sysload=6.86 cputime=279.263 memavail=448656
Stats 16449.1: gcodein=0 mcu: mcu_awake=0.000 mcu_task_avg=0.000001 mcu_task_stddev=0.000001 bytes_write=102802 bytes_read=2768310 bytes_retransmit=9 bytes_invalid=0 send_seq=16915 receive_seq=16915 retransmit_seq=2 srtt=0.001 rttvar=0.001 rto=0.025 ready_bytes=0 upcoming_bytes=0 freq=520021899 heater_bed: target=0 temp=21.3 pwm=0.000 print_time=16450.207 buffer_time=0.000 print_stall=0 extruder: target=0 temp=24.0 pwm=0.000 extruder1: target=0 temp=24.1 pwm=0.000 sysload=6.71 cputime=279.308 memavail=445704
Stats 16450.1: gcodein=0 mcu: mcu_awake=0.000 mcu_task_avg=0.000001 mcu_task_stddev=0.000001 bytes_write=102808 bytes_read=2768491 bytes_retransmit=9 bytes_invalid=0 send_seq=16916 receive_seq=16916 retransmit_seq=2 srtt=0.001 rttvar=0.001 rto=0.025 ready_bytes=0 upcoming_bytes=0 freq=520021977 heater_bed: target=0 temp=21.3 pwm=0.000 print_time=16450.207 buffer_time=0.000 print_stall=0 extruder: target=0 temp=24.1 pwm=0.000 extruder1: target=0 temp=24.1 pwm=0.000 sysload=6.71 cputime=279.357 memavail=444040
Stats 16451.1: gcodein=0 mcu: mcu_awake=0.000 mcu_task_avg=0.000001 mcu_task_stddev=0.000001 bytes_write=102814 bytes_read=2768642 bytes_retransmit=9 bytes_invalid=0 send_seq=16917 receive_seq=16917 retransmit_seq=2 srtt=0.001 rttvar=0.001 rto=0.025 ready_bytes=0 upcoming_bytes=0 freq=520022028 heater_bed: target=0 temp=21.3 pwm=0.000 print_time=16450.207 buffer_time=0.000 print_stall=0 extruder: target=0 temp=24.1 pwm=0.000 extruder1: target=0 temp=24.1 pwm=0.000 sysload=6.71 cputime=279.388 memavail=434580
Stats 16452.1: gcodein=0 mcu: mcu_awake=0.000 mcu_task_avg=0.000001 mcu_task_stddev=0.000001 bytes_write=102820 bytes_read=2768822 bytes_retransmit=9 bytes_invalid=0 send_seq=16918 receive_seq=16918 retransmit_seq=2 srtt=0.001 rttvar=0.001 rto=0.025 ready_bytes=0 upcoming_bytes=0 freq=520022092 heater_bed: target=0 temp=21.4 pwm=0.000 print_time=16450.207 buffer_time=0.000 print_stall=0 extruder: target=0 temp=24.1 pwm=0.000 extruder1: target=0 temp=24.1 pwm=0.000 sysload=6.71 cputime=279.427 memavail=444004
Stats 16453.1: gcodein=0 mcu: mcu_awake=0.000 mcu_task_avg=0.000001 mcu_task_stddev=0.000001 bytes_write=102826 bytes_read=2769003 bytes_retransmit=9 bytes_invalid=0 send_seq=16919 receive_seq=16919 retransmit_seq=2 srtt=0.001 rttvar=0.000 rto=0.025 ready_bytes=0 upcoming_bytes=0 freq=520022127 heater_bed: target=0 temp=21.5 pwm=0.000 print_time=16450.207 buffer_time=0.000 print_stall=0 extruder: target=0 temp=24.0 pwm=0.000 extruder1: target=0 temp=24.1 pwm=0.000 sysload=6.71 cputime=279.465 memavail=436436
Stats 16454.1: gcodein=0 mcu: mcu_awake=0.000 mcu_task_avg=0.000001 mcu_task_stddev=0.000001 bytes_write=102832 bytes_read=2769150 bytes_retransmit=9 bytes_invalid=0 send_seq=16920 receive_seq=16920 retransmit_seq=2 srtt=0.001 rttvar=0.000 rto=0.025 ready_bytes=0 upcoming_bytes=0 freq=520022166 heater_bed: target=0 temp=21.5 pwm=0.000 print_time=16450.207 buffer_time=0.000 print_stall=0 extruder: target=0 temp=23.9 pwm=0.000 extruder1: target=0 temp=24.1 pwm=0.000 sysload=6.25 cputime=279.485 memavail=553988
Stats 16455.1: gcodein=0 mcu: mcu_awake=0.000 mcu_task_avg=0.000001 mcu_task_stddev=0.000001 bytes_write=102838 bytes_read=2769315 bytes_retransmit=9 bytes_invalid=0 send_seq=16921 receive_seq=16921 retransmit_seq=2 srtt=0.001 rttvar=0.000 rto=0.025 ready_bytes=0 upcoming_bytes=0 freq=520022126 heater_bed: target=0 temp=21.7 pwm=0.000 print_time=16450.207 buffer_time=0.000 print_stall=0 extruder: target=0 temp=24.1 pwm=0.000 extruder1: target=0 temp=24.1 pwm=0.000 sysload=6.25 cputime=279.498 memavail=540744
Stats 16456.1: gcodein=0 mcu: mcu_awake=0.000 mcu_task_avg=0.000001 mcu_task_stddev=0.000001 bytes_write=102850 bytes_read=2769512 bytes_retransmit=9 bytes_invalid=0 send_seq=16923 receive_seq=16923 retransmit_seq=2 srtt=0.001 rttvar=0.000 rto=0.025 ready_bytes=0 upcoming_bytes=0 freq=520022064 heater_bed: target=0 temp=21.9 pwm=0.000 print_time=16450.207 buffer_time=0.000 print_stall=0 extruder: target=0 temp=24.0 pwm=0.000 extruder1: target=0 temp=23.9 pwm=0.000 sysload=6.25 cputime=279.511 memavail=542856
Stats 16457.1: gcodein=0 mcu: mcu_awake=0.000 mcu_task_avg=0.000001 mcu_task_stddev=0.000001 bytes_write=102856 bytes_read=2769677 bytes_retransmit=9 bytes_invalid=0 send_seq=16924 receive_seq=16924 retransmit_seq=2 srtt=0.001 rttvar=0.000 rto=0.025 ready_bytes=0 upcoming_bytes=0 freq=520022037 heater_bed: target=0 temp=21.9 pwm=0.000 print_time=16450.207 buffer_time=0.000 print_stall=0 extruder: target=0 temp=23.9 pwm=0.000 extruder1: target=0 temp=24.0 pwm=0.000 sysload=6.25 cputime=279.523 memavail=545108
Stats 16458.1: gcodein=0 mcu: mcu_awake=0.000 mcu_task_avg=0.000001 mcu_task_stddev=0.000001 bytes_write=102862 bytes_read=2769843 bytes_retransmit=9 bytes_invalid=0 send_seq=16925 receive_seq=16925 retransmit_seq=2 srtt=0.001 rttvar=0.000 rto=0.025 ready_bytes=0 upcoming_bytes=0 freq=520022017 heater_bed: target=0 temp=22.0 pwm=0.000 print_time=16450.207 buffer_time=0.000 print_stall=0 extruder: target=0 temp=24.1 pwm=0.000 extruder1: target=0 temp=24.0 pwm=0.000 sysload=6.25 cputime=279.539 memavail=546676
Stats 16459.1: gcodein=0 mcu: mcu_awake=0.000 mcu_task_avg=0.000001 mcu_task_stddev=0.000001 bytes_write=102868 bytes_read=2770024 bytes_retransmit=9 bytes_invalid=0 send_seq=16926 receive_seq=16926 retransmit_seq=2 srtt=0.001 rttvar=0.000 rto=0.025 ready_bytes=0 upcoming_bytes=0 freq=520021993 heater_bed: target=0 temp=22.2 pwm=0.000 print_time=16450.207 buffer_time=0.000 print_stall=0 extruder: target=0 temp=23.9 pwm=0.000 extruder1: target=0 temp=23.9 pwm=0.000 sysload=5.83 cputime=279.559 memavail=549844
Stats 16460.1: gcodein=0 mcu: mcu_awake=0.000 mcu_task_avg=0.000001 mcu_task_stddev=0.000001 bytes_write=102874 bytes_read=2770175 bytes_retransmit=9 bytes_invalid=0 send_seq=16927 receive_seq=16927 retransmit_seq=2 srtt=0.001 rttvar=0.001 rto=0.025 ready_bytes=0 upcoming_bytes=0 freq=520021973 heater_bed: target=0 temp=22.4 pwm=0.000 print_time=16450.207 buffer_time=0.000 print_stall=0 extruder: target=0 temp=24.1 pwm=0.000 extruder1: target=0 temp=23.8 pwm=0.000 sysload=5.83 cputime=279.578 memavail=551048
Stats 16461.2: gcodein=0 mcu: mcu_awake=0.000 mcu_task_avg=0.000001 mcu_task_stddev=0.000001 bytes_write=102880 bytes_read=2770341 bytes_retransmit=9 bytes_invalid=0 send_seq=16928 receive_seq=16928 retransmit_seq=2 srtt=0.001 rttvar=0.000 rto=0.025 ready_bytes=0 upcoming_bytes=0 freq=520021972 heater_bed: target=0 temp=22.5 pwm=0.000 print_time=16450.207 buffer_time=0.000 print_stall=0 extruder: target=0 temp=24.1 pwm=0.000 extruder1: target=0 temp=24.0 pwm=0.000 sysload=5.83 cputime=279.597 memavail=551048
Stats 16462.2: gcodein=0 mcu: mcu_awake=0.000 mcu_task_avg=0.000001 mcu_task_stddev=0.000001 bytes_write=102886 bytes_read=2770530 bytes_retransmit=9 bytes_invalid=0 send_seq=16929 receive_seq=16929 retransmit_seq=2 srtt=0.001 rttvar=0.001 rto=0.025 ready_bytes=0 upcoming_bytes=0 freq=520021964 heater_bed: target=0 temp=22.6 pwm=0.000 print_time=16450.207 buffer_time=0.000 print_stall=0 extruder: target=0 temp=23.9 pwm=0.000 extruder1: target=0 temp=24.1 pwm=0.000 sysload=5.83 cputime=279.616 memavail=551896
Stats 16463.2: gcodein=0 mcu: mcu_awake=0.000 mcu_task_avg=0.000001 mcu_task_stddev=0.000001 bytes_write=102892 bytes_read=2770681 bytes_retransmit=9 bytes_invalid=0 send_seq=16930 receive_seq=16930 retransmit_seq=2 srtt=0.001 rttvar=0.000 rto=0.025 ready_bytes=0 upcoming_bytes=0 freq=520021962 heater_bed: target=0 temp=22.7 pwm=0.000 print_time=16450.207 buffer_time=0.000 print_stall=0 extruder: target=0 temp=24.0 pwm=0.000 extruder1: target=0 temp=24.1 pwm=0.000 sysload=5.83 cputime=279.634 memavail=553760
Stats 16464.2: gcodein=0 mcu: mcu_awake=0.000 mcu_task_avg=0.000001 mcu_task_stddev=0.000001 bytes_write=102898 bytes_read=2770847 bytes_retransmit=9 bytes_invalid=0 send_seq=16931 receive_seq=16931 retransmit_seq=2 srtt=0.001 rttvar=0.001 rto=0.025 ready_bytes=0 upcoming_bytes=0 freq=520021942 heater_bed: target=0 temp=22.8 pwm=0.000 print_time=16450.207 buffer_time=0.000 print_stall=0 extruder: target=0 temp=23.9 pwm=0.000 extruder1: target=0 temp=23.9 pwm=0.000 sysload=5.60 cputime=279.648 memavail=559176
Stats 16465.2: gcodein=0 mcu: mcu_awake=0.000 mcu_task_avg=0.000001 mcu_task_stddev=0.000001 bytes_write=102904 bytes_read=2771028 bytes_retransmit=9 bytes_invalid=0 send_seq=16932 receive_seq=16932 retransmit_seq=2 srtt=0.001 rttvar=0.000 rto=0.025 ready_bytes=0 upcoming_bytes=0 freq=520021924 heater_bed: target=0 temp=22.8 pwm=0.000 print_time=16450.207 buffer_time=0.000 print_stall=0 extruder: target=0 temp=24.0 pwm=0.000 extruder1: target=0 temp=23.9 pwm=0.000 sysload=5.60 cputime=279.661 memavail=559640
Stats 16466.2: gcodein=0 mcu: mcu_awake=0.000 mcu_task_avg=0.000001 mcu_task_stddev=0.000001 bytes_write=102910 bytes_read=2771179 bytes_retransmit=9 bytes_invalid=0 send_seq=16933 receive_seq=16933 retransmit_seq=2 srtt=0.001 rttvar=0.000 rto=0.025 ready_bytes=0 upcoming_bytes=0 freq=520021905 heater_bed: target=0 temp=22.8 pwm=0.000 print_time=16450.207 buffer_time=0.000 print_stall=0 extruder: target=0 temp=23.9 pwm=0.000 extruder1: target=0 temp=24.1 pwm=0.000 sysload=5.60 cputime=279.673 memavail=555008
Stats 16467.2: gcodein=0 mcu: mcu_awake=0.000 mcu_task_avg=0.000001 mcu_task_stddev=0.000001 bytes_write=102916 bytes_read=2771359 bytes_retransmit=9 bytes_invalid=0 send_seq=16934 receive_seq=16934 retransmit_seq=2 srtt=0.001 rttvar=0.000 rto=0.025 ready_bytes=0 upcoming_bytes=0 freq=520021887 heater_bed: target=0 temp=22.9 pwm=0.000 print_time=16450.207 buffer_time=0.000 print_stall=0 extruder: target=0 temp=23.8 pwm=0.000 extruder1: target=0 temp=23.9 pwm=0.000 sysload=5.60 cputime=279.686 memavail=555032
Stats 16468.2: gcodein=0 mcu: mcu_awake=0.000 mcu_task_avg=0.000001 mcu_task_stddev=0.000001 bytes_write=102922 bytes_read=2771540 bytes_retransmit=9 bytes_invalid=0 send_seq=16935 receive_seq=16935 retransmit_seq=2 srtt=0.001 rttvar=0.000 rto=0.025 ready_bytes=0 upcoming_bytes=0 freq=520021874 heater_bed: target=0 temp=23.0 pwm=0.000 print_time=16450.207 buffer_time=0.000 print_stall=0 extruder: target=0 temp=24.0 pwm=0.000 extruder1: target=0 temp=23.9 pwm=0.000 sysload=5.60 cputime=279.698 memavail=563168
Stats 16469.2: gcodein=0 mcu: mcu_awake=0.000 mcu_task_avg=0.000001 mcu_task_stddev=0.000001 bytes_write=102928 bytes_read=2771691 bytes_retransmit=9 bytes_invalid=0 send_seq=16936 receive_seq=16936 retransmit_seq=2 srtt=0.001 rttvar=0.000 rto=0.025 ready_bytes=0 upcoming_bytes=0 freq=520021860 heater_bed: target=0 temp=23.0 pwm=0.000 print_time=16450.207 buffer_time=0.000 print_stall=0 extruder: target=0 temp=23.8 pwm=0.000 extruder1: target=0 temp=24.0 pwm=0.000 sysload=5.48 cputime=279.715 memavail=566692
Stats 16470.2: gcodein=0 mcu: mcu_awake=0.000 mcu_task_avg=0.000001 mcu_task_stddev=0.000001 bytes_write=102934 bytes_read=2771856 bytes_retransmit=9 bytes_invalid=0 send_seq=16937 receive_seq=16937 retransmit_seq=2 srtt=0.001 rttvar=0.000 rto=0.025 ready_bytes=0 upcoming_bytes=0 freq=520021848 heater_bed: target=0 temp=23.0 pwm=0.000 print_time=16450.207 buffer_time=0.000 print_stall=0 extruder: target=0 temp=23.9 pwm=0.000 extruder1: target=0 temp=24.0 pwm=0.000 sysload=5.48 cputime=279.729 memavail=564824
Stats 16471.2: gcodein=0 mcu: mcu_awake=0.000 mcu_task_avg=0.000001 mcu_task_stddev=0.000001 bytes_write=102940 bytes_read=2772034 bytes_retransmit=9 bytes_invalid=0 send_seq=16938 receive_seq=16938 retransmit_seq=2 srtt=0.001 rttvar=0.000 rto=0.025 ready_bytes=0 upcoming_bytes=0 freq=520021835 heater_bed: target=0 temp=23.0 pwm=0.000 print_time=16450.207 buffer_time=0.000 print_stall=0 extruder: target=0 temp=24.0 pwm=0.000 extruder1: target=0 temp=24.1 pwm=0.000 sysload=5.48 cputime=279.743 memavail=562512
Stats 16472.2: gcodein=0 mcu: mcu_awake=0.000 mcu_task_avg=0.000001 mcu_task_stddev=0.000001 bytes_write=102946 bytes_read=2772199 bytes_retransmit=9 bytes_invalid=0 send_seq=16939 receive_seq=16939 retransmit_seq=2 srtt=0.001 rttvar=0.000 rto=0.025 ready_bytes=0 upcoming_bytes=0 freq=520021822 heater_bed: target=0 temp=23.0 pwm=0.000 print_time=16450.207 buffer_time=0.000 print_stall=0 extruder: target=0 temp=24.1 pwm=0.000 extruder1: target=0 temp=23.9 pwm=0.000 sysload=5.48 cputime=279.758 memavail=518308
Stats 16473.2: gcodein=0 mcu: mcu_awake=0.000 mcu_task_avg=0.000001 mcu_task_stddev=0.000001 bytes_write=102952 bytes_read=2772365 bytes_retransmit=9 bytes_invalid=0 send_seq=16940 receive_seq=16940 retransmit_seq=2 srtt=0.001 rttvar=0.000 rto=0.025 ready_bytes=0 upcoming_bytes=0 freq=520021809 heater_bed: target=0 temp=23.0 pwm=0.000 print_time=16450.207 buffer_time=0.000 print_stall=0 extruder: target=0 temp=23.9 pwm=0.000 extruder1: target=0 temp=24.1 pwm=0.000 sysload=5.48 cputime=279.776 memavail=446884
Stats 16474.2: gcodein=0 mcu: mcu_awake=0.000 mcu_task_avg=0.000001 mcu_task_stddev=0.000001 bytes_write=102958 bytes_read=2772546 bytes_retransmit=9 bytes_invalid=0 send_seq=16941 receive_seq=16941 retransmit_seq=2 srtt=0.001 rttvar=0.000 rto=0.025 ready_bytes=0 upcoming_bytes=0 freq=520021809 heater_bed: target=0 temp=22.9 pwm=0.000 print_time=16450.207 buffer_time=0.000 print_stall=0 extruder: target=0 temp=24.0 pwm=0.000 extruder1: target=0 temp=24.0 pwm=0.000 sysload=5.44 cputime=279.791 memavail=443540
Stats 16475.2: gcodein=0 mcu: mcu_awake=0.000 mcu_task_avg=0.000001 mcu_task_stddev=0.000001 bytes_write=102964 bytes_read=2772697 bytes_retransmit=9 bytes_invalid=0 send_seq=16942 receive_seq=16942 retransmit_seq=2 srtt=0.001 rttvar=0.000 rto=0.025 ready_bytes=0 upcoming_bytes=0 freq=520021810 heater_bed: target=0 temp=22.9 pwm=0.000 print_time=16450.207 buffer_time=0.000 print_stall=0 extruder: target=0 temp=24.0 pwm=0.000 extruder1: target=0 temp=23.9 pwm=0.000 sysload=5.44 cputime=279.809 memavail=444576
Stats 16476.2: gcodein=0 mcu: mcu_awake=0.000 mcu_task_avg=0.000001 mcu_task_stddev=0.000001 bytes_write=102970 bytes_read=2772863 bytes_retransmit=9 bytes_invalid=0 send_seq=16943 receive_seq=16943 retransmit_seq=2 srtt=0.001 rttvar=0.000 rto=0.025 ready_bytes=0 upcoming_bytes=0 freq=520021817 heater_bed: target=0 temp=22.9 pwm=0.000 print_time=16450.207 buffer_time=0.000 print_stall=0 extruder: target=0 temp=24.1 pwm=0.000 extruder1: target=0 temp=23.9 pwm=0.000 sysload=5.44 cputime=279.828 memavail=445560
Stats 16477.2: gcodein=0 mcu: mcu_awake=0.000 mcu_task_avg=0.000001 mcu_task_stddev=0.000001 bytes_write=102976 bytes_read=2773058 bytes_retransmit=9 bytes_invalid=0 send_seq=16944 receive_seq=16944 retransmit_seq=2 srtt=0.001 rttvar=0.000 rto=0.025 ready_bytes=0 upcoming_bytes=0 freq=520021802 heater_bed: target=0 temp=22.8 pwm=0.000 print_time=16450.207 buffer_time=0.000 print_stall=0 extruder: target=0 temp=24.1 pwm=0.000 extruder1: target=0 temp=23.9 pwm=0.000 sysload=5.44 cputime=279.842 memavail=508352
Stats 16478.2: gcodein=0 mcu: mcu_awake=0.000 mcu_task_avg=0.000001 mcu_task_stddev=0.000001 bytes_write=102982 bytes_read=2773209 bytes_retransmit=9 bytes_invalid=0 send_seq=16945 receive_seq=16945 retransmit_seq=2 srtt=0.001 rttvar=0.000 rto=0.025 ready_bytes=0 upcoming_bytes=0 freq=520021788 heater_bed: target=0 temp=22.8 pwm=0.000 print_time=16450.207 buffer_time=0.000 print_stall=0 extruder: target=0 temp=24.0 pwm=0.000 extruder1: target=0 temp=23.9 pwm=0.000 sysload=5.44 cputime=279.853 memavail=509872
Stats 16479.2: gcodein=0 mcu: mcu_awake=0.000 mcu_task_avg=0.000001 mcu_task_stddev=0.000001 bytes_write=102988 bytes_read=2773369 bytes_retransmit=9 bytes_invalid=0 send_seq=16946 receive_seq=16946 retransmit_seq=2 srtt=0.001 rttvar=0.000 rto=0.025 ready_bytes=0 upcoming_bytes=0 freq=520021778 heater_bed: target=0 temp=22.7 pwm=0.000 print_time=16450.207 buffer_time=0.000 print_stall=0 extruder: target=0 temp=24.1 pwm=0.000 extruder1: target=0 temp=24.1 pwm=0.000 sysload=5.48 cputime=279.865 memavail=509880
Stats 16480.2: gcodein=0 mcu: mcu_awake=0.000 mcu_task_avg=0.000001 mcu_task_stddev=0.000001 bytes_write=102994 bytes_read=2773550 bytes_retransmit=9 bytes_invalid=0 send_seq=16947 receive_seq=16947 retransmit_seq=2 srtt=0.001 rttvar=0.000 rto=0.025 ready_bytes=0 upcoming_bytes=0 freq=520021767 heater_bed: target=0 temp=22.6 pwm=0.000 print_time=16450.207 buffer_time=0.000 print_stall=0 extruder: target=0 temp=24.1 pwm=0.000 extruder1: target=0 temp=23.9 pwm=0.000 sysload=5.48 cputime=279.877 memavail=509124
Stats 16481.2: gcodein=0 mcu: mcu_awake=0.000 mcu_task_avg=0.000001 mcu_task_stddev=0.000001 bytes_write=103000 bytes_read=2773701 bytes_retransmit=9 bytes_invalid=0 send_seq=16948 receive_seq=16948 retransmit_seq=2 srtt=0.001 rttvar=0.000 rto=0.025 ready_bytes=0 upcoming_bytes=0 freq=520021756 heater_bed: target=0 temp=22.4 pwm=0.000 print_time=16450.207 buffer_time=0.000 print_stall=0 extruder: target=0 temp=23.9 pwm=0.000 extruder1: target=0 temp=23.9 pwm=0.000 sysload=5.48 cputime=279.888 memavail=509124
Stats 16482.2: gcodein=0 mcu: mcu_awake=0.000 mcu_task_avg=0.000001 mcu_task_stddev=0.000001 bytes_write=103006 bytes_read=2773881 bytes_retransmit=9 bytes_invalid=0 send_seq=16949 receive_seq=16949 retransmit_seq=2 srtt=0.001 rttvar=0.001 rto=0.025 ready_bytes=0 upcoming_bytes=0 freq=520021762 heater_bed: target=0 temp=22.4 pwm=0.000 print_time=16450.207 buffer_time=0.000 print_stall=0 extruder: target=0 temp=23.9 pwm=0.000 extruder1: target=0 temp=24.0 pwm=0.000 sysload=5.48 cputime=279.905 memavail=509124
Stats 16483.2: gcodein=0 mcu: mcu_awake=0.000 mcu_task_avg=0.000001 mcu_task_stddev=0.000001 bytes_write=103012 bytes_read=2774062 bytes_retransmit=9 bytes_invalid=0 send_seq=16950 receive_seq=16950 retransmit_seq=2 srtt=0.001 rttvar=0.000 rto=0.025 ready_bytes=0 upcoming_bytes=0 freq=520021762 heater_bed: target=0 temp=22.3 pwm=0.000 print_time=16450.207 buffer_time=0.000 print_stall=0 extruder: target=0 temp=24.0 pwm=0.000 extruder1: target=0 temp=23.9 pwm=0.000 sysload=5.48 cputime=279.923 memavail=513656
Stats 16484.2: gcodein=0 mcu: mcu_awake=0.000 mcu_task_avg=0.000001 mcu_task_stddev=0.000001 bytes_write=103018 bytes_read=2774213 bytes_retransmit=9 bytes_invalid=0 send_seq=16951 receive_seq=16951 retransmit_seq=2 srtt=0.001 rttvar=0.000 rto=0.025 ready_bytes=0 upcoming_bytes=0 freq=520021758 heater_bed: target=0 temp=22.2 pwm=0.000 print_time=16450.207 buffer_time=0.000 print_stall=0 extruder: target=0 temp=23.8 pwm=0.000 extruder1: target=0 temp=24.1 pwm=0.000 sysload=5.28 cputime=279.938 memavail=579812
Stats 16485.2: gcodein=0 mcu: mcu_awake=0.000 mcu_task_avg=0.000001 mcu_task_stddev=0.000001 bytes_write=103024 bytes_read=2774379 bytes_retransmit=9 bytes_invalid=0 send_seq=16952 receive_seq=16952 retransmit_seq=2 srtt=0.001 rttvar=0.000 rto=0.025 ready_bytes=0 upcoming_bytes=0 freq=520021754 heater_bed: target=0 temp=22.1 pwm=0.000 print_time=16450.207 buffer_time=0.000 print_stall=0 extruder: target=0 temp=24.0 pwm=0.000 extruder1: target=0 temp=23.9 pwm=0.000 sysload=5.28 cputime=279.950 memavail=580696
Stats 16486.2: gcodein=0 mcu: mcu_awake=0.000 mcu_task_avg=0.000001 mcu_task_stddev=0.000001 bytes_write=103030 bytes_read=2774560 bytes_retransmit=9 bytes_invalid=0 send_seq=16953 receive_seq=16953 retransmit_seq=2 srtt=0.001 rttvar=0.000 rto=0.025 ready_bytes=0 upcoming_bytes=0 freq=520021745 heater_bed: target=0 temp=22.1 pwm=0.000 print_time=16450.207 buffer_time=0.000 print_stall=0 extruder: target=0 temp=24.1 pwm=0.000 extruder1: target=0 temp=23.9 pwm=0.000 sysload=5.28 cputime=279.962 memavail=582004
Stats 16487.2: gcodein=0 mcu: mcu_awake=0.000 mcu_task_avg=0.000001 mcu_task_stddev=0.000001 bytes_write=103036 bytes_read=2774720 bytes_retransmit=9 bytes_invalid=0 send_seq=16954 receive_seq=16954 retransmit_seq=2 srtt=0.001 rttvar=0.000 rto=0.025 ready_bytes=0 upcoming_bytes=0 freq=520021742 heater_bed: target=0 temp=22.0 pwm=0.000 print_time=16450.207 buffer_time=0.000 print_stall=0 extruder: target=0 temp=23.9 pwm=0.000 extruder1: target=0 temp=23.9 pwm=0.000 sysload=5.28 cputime=279.974 memavail=583148
Stats 16488.2: gcodein=0 mcu: mcu_awake=0.000 mcu_task_avg=0.000001 mcu_task_stddev=0.000001 bytes_write=103042 bytes_read=2774886 bytes_retransmit=9 bytes_invalid=0 send_seq=16955 receive_seq=16955 retransmit_seq=2 srtt=0.001 rttvar=0.000 rto=0.025 ready_bytes=0 upcoming_bytes=0 freq=520021739 heater_bed: target=0 temp=22.0 pwm=0.000 print_time=16450.207 buffer_time=0.000 print_stall=0 extruder: target=0 temp=24.0 pwm=0.000 extruder1: target=0 temp=24.0 pwm=0.000 sysload=5.28 cputime=279.988 memavail=584152
Stats 16489.2: gcodein=0 mcu: mcu_awake=0.000 mcu_task_avg=0.000001 mcu_task_stddev=0.000001 bytes_write=103048 bytes_read=2775067 bytes_retransmit=9 bytes_invalid=0 send_seq=16956 receive_seq=16956 retransmit_seq=2 srtt=0.001 rttvar=0.000 rto=0.025 ready_bytes=0 upcoming_bytes=0 freq=520021737 heater_bed: target=0 temp=21.9 pwm=0.000 print_time=16450.207 buffer_time=0.000 print_stall=0 extruder: target=0 temp=23.9 pwm=0.000 extruder1: target=0 temp=24.0 pwm=0.000 sysload=4.86 cputime=280.002 memavail=589328
Stats 16490.2: gcodein=0 mcu: mcu_awake=0.000 mcu_task_avg=0.000001 mcu_task_stddev=0.000001 bytes_write=103054 bytes_read=2775218 bytes_retransmit=9 bytes_invalid=0 send_seq=16957 receive_seq=16957 retransmit_seq=2 srtt=0.001 rttvar=0.001 rto=0.025 ready_bytes=0 upcoming_bytes=0 freq=520021745 heater_bed: target=0 temp=21.9 pwm=0.000 print_time=16450.207 buffer_time=0.000 print_stall=0 extruder: target=0 temp=23.9 pwm=0.000 extruder1: target=0 temp=24.1 pwm=0.000 sysload=4.86 cputime=280.014 memavail=590096
Stats 16491.2: gcodein=0 mcu: mcu_awake=0.000 mcu_task_avg=0.000001 mcu_task_stddev=0.000001 bytes_write=103060 bytes_read=2775399 bytes_retransmit=9 bytes_invalid=0 send_seq=16958 receive_seq=16958 retransmit_seq=2 srtt=0.001 rttvar=0.001 rto=0.025 ready_bytes=0 upcoming_bytes=0 freq=520021738 heater_bed: target=0 temp=21.9 pwm=0.000 print_time=16450.207 buffer_time=0.000 print_stall=0 extruder: target=0 temp=23.9 pwm=0.000 extruder1: target=0 temp=24.0 pwm=0.000 sysload=4.86 cputime=280.026 memavail=590360
Stats 16492.2: gcodein=0 mcu: mcu_awake=0.000 mcu_task_avg=0.000001 mcu_task_stddev=0.000001 bytes_write=103066 bytes_read=2775579 bytes_retransmit=9 bytes_invalid=0 send_seq=16959 receive_seq=16959 retransmit_seq=2 srtt=0.001 rttvar=0.001 rto=0.025 ready_bytes=0 upcoming_bytes=0 freq=520021732 heater_bed: target=0 temp=21.9 pwm=0.000 print_time=16450.207 buffer_time=0.000 print_stall=0 extruder: target=0 temp=24.0 pwm=0.000 extruder1: target=0 temp=23.9 pwm=0.000 sysload=4.86 cputime=280.038 memavail=590360
Stats 16493.2: gcodein=0 mcu: mcu_awake=0.000 mcu_task_avg=0.000001 mcu_task_stddev=0.000001 bytes_write=103072 bytes_read=2775745 bytes_retransmit=9 bytes_invalid=0 send_seq=16960 receive_seq=16960 retransmit_seq=2 srtt=0.001 rttvar=0.001 rto=0.025 ready_bytes=0 upcoming_bytes=0 freq=520021727 heater_bed: target=0 temp=21.7 pwm=0.000 print_time=16450.207 buffer_time=0.000 print_stall=0 extruder: target=0 temp=23.9 pwm=0.000 extruder1: target=0 temp=24.1 pwm=0.000 sysload=4.86 cputime=280.051 memavail=590864
Stats 16494.2: gcodein=0 mcu: mcu_awake=0.000 mcu_task_avg=0.000001 mcu_task_stddev=0.000001 bytes_write=103078 bytes_read=2775911 bytes_retransmit=9 bytes_invalid=0 send_seq=16961 receive_seq=16961 retransmit_seq=2 srtt=0.001 rttvar=0.001 rto=0.025 ready_bytes=0 upcoming_bytes=0 freq=520021727 heater_bed: target=0 temp=21.7 pwm=0.000 print_time=16450.207 buffer_time=0.000 print_stall=0 extruder: target=0 temp=24.0 pwm=0.000 extruder1: target=0 temp=24.1 pwm=0.000 sysload=4.47 cputime=280.070 memavail=590792
Stats 16495.2: gcodein=0 mcu: mcu_awake=0.000 mcu_task_avg=0.000001 mcu_task_stddev=0.000001 bytes_write=103084 bytes_read=2776072 bytes_retransmit=9 bytes_invalid=0 send_seq=16962 receive_seq=16962 retransmit_seq=2 srtt=0.001 rttvar=0.000 rto=0.025 ready_bytes=0 upcoming_bytes=0 freq=520021742 heater_bed: target=0 temp=21.6 pwm=0.000 print_time=16450.207 buffer_time=0.000 print_stall=0 extruder: target=0 temp=24.0 pwm=0.000 extruder1: target=0 temp=24.1 pwm=0.000 sysload=4.47 cputime=280.089 memavail=590792
Stats 16496.2: gcodein=0 mcu: mcu_awake=0.000 mcu_task_avg=0.000001 mcu_task_stddev=0.000001 bytes_write=103090 bytes_read=2776237 bytes_retransmit=9 bytes_invalid=0 send_seq=16963 receive_seq=16963 retransmit_seq=2 srtt=0.001 rttvar=0.000 rto=0.025 ready_bytes=0 upcoming_bytes=0 freq=520021747 heater_bed: target=0 temp=21.5 pwm=0.000 print_time=16450.207 buffer_time=0.000 print_stall=0 extruder: target=0 temp=23.9 pwm=0.000 extruder1: target=0 temp=24.0 pwm=0.000 sysload=4.47 cputime=280.108 memavail=590792
Stats 16497.2: gcodein=0 mcu: mcu_awake=0.000 mcu_task_avg=0.000001 mcu_task_stddev=0.000001 bytes_write=103096 bytes_read=2776417 bytes_retransmit=9 bytes_invalid=0 send_seq=16964 receive_seq=16964 retransmit_seq=2 srtt=0.001 rttvar=0.000 rto=0.025 ready_bytes=0 upcoming_bytes=0 freq=520021749 heater_bed: target=0 temp=21.5 pwm=0.000 print_time=16450.207 buffer_time=0.000 print_stall=0 extruder: target=0 temp=23.8 pwm=0.000 extruder1: target=0 temp=24.0 pwm=0.000 sysload=4.47 cputime=280.128 memavail=590792
Stats 16498.2: gcodein=0 mcu: mcu_awake=0.000 mcu_task_avg=0.000001 mcu_task_stddev=0.000001 bytes_write=103102 bytes_read=2776583 bytes_retransmit=9 bytes_invalid=0 send_seq=16965 receive_seq=16965 retransmit_seq=2 srtt=0.001 rttvar=0.000 rto=0.025 ready_bytes=0 upcoming_bytes=0 freq=520021755 heater_bed: target=0 temp=21.5 pwm=0.000 print_time=16450.207 buffer_time=0.000 print_stall=0 extruder: target=0 temp=23.9 pwm=0.000 extruder1: target=0 temp=24.1 pwm=0.000 sysload=4.47 cputime=280.146 memavail=590864
Stats 16499.2: gcodein=0 mcu: mcu_awake=0.000 mcu_task_avg=0.000001 mcu_task_stddev=0.000001 bytes_write=103108 bytes_read=2776749 bytes_retransmit=9 bytes_invalid=0 send_seq=16966 receive_seq=16966 retransmit_seq=2 srtt=0.001 rttvar=0.000 rto=0.025 ready_bytes=0 upcoming_bytes=0 freq=520021765 heater_bed: target=0 temp=21.4 pwm=0.000 print_time=16450.207 buffer_time=0.000 print_stall=0 extruder: target=0 temp=23.9 pwm=0.000 extruder1: target=0 temp=23.9 pwm=0.000 sysload=4.11 cputime=280.165 memavail=590132
Stats 16500.2: gcodein=0 mcu: mcu_awake=0.000 mcu_task_avg=0.000001 mcu_task_stddev=0.000001 bytes_write=103114 bytes_read=2776915 bytes_retransmit=9 bytes_invalid=0 send_seq=16967 receive_seq=16967 retransmit_seq=2 srtt=0.001 rttvar=0.000 rto=0.025 ready_bytes=0 upcoming_bytes=0 freq=520021780 heater_bed: target=0 temp=21.4 pwm=0.000 print_time=16450.207 buffer_time=0.000 print_stall=0 extruder: target=0 temp=23.9 pwm=0.000 extruder1: target=0 temp=24.1 pwm=0.000 sysload=4.11 cputime=280.184 memavail=590132
Stats 16501.2: gcodein=0 mcu: mcu_awake=0.000 mcu_task_avg=0.000001 mcu_task_stddev=0.000001 bytes_write=103120 bytes_read=2777081 bytes_retransmit=9 bytes_invalid=0 send_seq=16968 receive_seq=16968 retransmit_seq=2 srtt=0.001 rttvar=0.000 rto=0.025 ready_bytes=0 upcoming_bytes=0 freq=520021785 heater_bed: target=0 temp=21.3 pwm=0.000 print_time=16450.207 buffer_time=0.000 print_stall=0 extruder: target=0 temp=24.0 pwm=0.000 extruder1: target=0 temp=23.9 pwm=0.000 sysload=4.11 cputime=280.203 memavail=590132
Stats 16502.2: gcodein=0 mcu: mcu_awake=0.000 mcu_task_avg=0.000001 mcu_task_stddev=0.000001 bytes_write=103126 bytes_read=2777261 bytes_retransmit=9 bytes_invalid=0 send_seq=16969 receive_seq=16969 retransmit_seq=2 srtt=0.001 rttvar=0.000 rto=0.025 ready_bytes=0 upcoming_bytes=0 freq=520021794 heater_bed: target=0 temp=21.3 pwm=0.000 print_time=16450.207 buffer_time=0.000 print_stall=0 extruder: target=0 temp=24.0 pwm=0.000 extruder1: target=0 temp=23.9 pwm=0.000 sysload=4.11 cputime=280.223 memavail=590132
Stats 16690.3: gcodein=0 mcu: mcu_awake=0.000 mcu_task_avg=0.000001 mcu_task_stddev=0.000001 bytes_write=104272 bytes_read=2808915 bytes_retransmit=9 bytes_invalid=0 send_seq=17160 receive_seq=17160 retransmit_seq=2 srtt=0.001 rttvar=0.000 rto=0.025 ready_bytes=8 upcoming_bytes=0 freq=520021794 heater_bed: target=0 temp=23.0 pwm=0.000 print_time=16697.993 buffer_time=0.218 print_stall=0 extruder: target=0 temp=24.0 pwm=0.000 extruder1: target=0 temp=24.0 pwm=0.000 sysload=0.34 cputime=283.076 memavail=602732
Stats 16691.3: gcodein=0 mcu: mcu_awake=0.000 mcu_task_avg=0.000001 mcu_task_stddev=0.000001 bytes_write=104291 bytes_read=2809101 bytes_retransmit=9 bytes_invalid=0 send_seq=17162 receive_seq=17162 retransmit_seq=2 srtt=0.001 rttvar=0.000 rto=0.025 ready_bytes=0 upcoming_bytes=0 freq=520021776 heater_bed: target=0 temp=23.0 pwm=0.000 print_time=16697.993 buffer_time=0.000 print_stall=0 extruder: target=0 temp=23.8 pwm=0.000 extruder1: target=0 temp=23.9 pwm=0.000 sysload=0.34 cputime=283.088 memavail=602816
Stats 16692.3: gcodein=0 mcu: mcu_awake=0.000 mcu_task_avg=0.000001 mcu_task_stddev=0.000001 bytes_write=104297 bytes_read=2809252 bytes_retransmit=9 bytes_invalid=0 send_seq=17163 receive_seq=17163 retransmit_seq=2 srtt=0.001 rttvar=0.000 rto=0.025 ready_bytes=0 upcoming_bytes=0 freq=520021765 heater_bed: target=0 temp=22.9 pwm=0.000 print_time=16697.993 buffer_time=0.000 print_stall=0 extruder: target=0 temp=23.9 pwm=0.000 extruder1: target=0 temp=23.9 pwm=0.000 sysload=0.34 cputime=283.099 memavail=600168
Stats 16693.3: gcodein=0 mcu: mcu_awake=0.000 mcu_task_avg=0.000001 mcu_task_stddev=0.000001 bytes_write=104303 bytes_read=2809414 bytes_retransmit=9 bytes_invalid=0 send_seq=17164 receive_seq=17164 retransmit_seq=2 srtt=0.001 rttvar=0.000 rto=0.025 ready_bytes=0 upcoming_bytes=0 freq=520021755 heater_bed: target=0 temp=22.8 pwm=0.000 print_time=16697.993 buffer_time=0.000 print_stall=0 extruder: target=0 temp=24.0 pwm=0.000 extruder1: target=0 temp=23.9 pwm=0.000 sysload=0.34 cputime=283.112 memavail=600072
Stats 16694.3: gcodein=0 mcu: mcu_awake=0.000 mcu_task_avg=0.000001 mcu_task_stddev=0.000001 bytes_write=104309 bytes_read=2809592 bytes_retransmit=9 bytes_invalid=0 send_seq=17165 receive_seq=17165 retransmit_seq=2 srtt=0.001 rttvar=0.000 rto=0.025 ready_bytes=0 upcoming_bytes=0 freq=520021754 heater_bed: target=0 temp=22.8 pwm=0.000 print_time=16697.993 buffer_time=0.000 print_stall=0 extruder: target=0 temp=23.9 pwm=0.000 extruder1: target=0 temp=24.1 pwm=0.000 sysload=0.31 cputime=283.131 memavail=600072
Stats 16695.3: gcodein=0 mcu: mcu_awake=0.000 mcu_task_avg=0.000001 mcu_task_stddev=0.000001 bytes_write=104315 bytes_read=2809757 bytes_retransmit=9 bytes_invalid=0 send_seq=17166 receive_seq=17166 retransmit_seq=2 srtt=0.001 rttvar=0.000 rto=0.025 ready_bytes=0 upcoming_bytes=0 freq=520021758 heater_bed: target=0 temp=22.7 pwm=0.000 print_time=16697.993 buffer_time=0.000 print_stall=0 extruder: target=0 temp=23.8 pwm=0.000 extruder1: target=0 temp=24.0 pwm=0.000 sysload=0.31 cputime=283.149 memavail=600072
Stats 16696.3: gcodein=0 mcu: mcu_awake=0.000 mcu_task_avg=0.000001 mcu_task_stddev=0.000001 bytes_write=104321 bytes_read=2809923 bytes_retransmit=9 bytes_invalid=0 send_seq=17167 receive_seq=17167 retransmit_seq=2 srtt=0.001 rttvar=0.000 rto=0.025 ready_bytes=0 upcoming_bytes=0 freq=520021781 heater_bed: target=0 temp=22.6 pwm=0.000 print_time=16697.993 buffer_time=0.000 print_stall=0 extruder: target=0 temp=24.0 pwm=0.000 extruder1: target=0 temp=23.7 pwm=0.000 sysload=0.31 cputime=283.166 memavail=600072
Stats 16697.3: gcodein=0 mcu: mcu_awake=0.000 mcu_task_avg=0.000001 mcu_task_stddev=0.000001 bytes_write=104327 bytes_read=2810104 bytes_retransmit=9 bytes_invalid=0 send_seq=17168 receive_seq=17168 retransmit_seq=2 srtt=0.001 rttvar=0.000 rto=0.025 ready_bytes=0 upcoming_bytes=0 freq=520021775 heater_bed: target=0 temp=22.5 pwm=0.000 print_time=16697.993 buffer_time=0.000 print_stall=0 extruder: target=0 temp=24.1 pwm=0.000 extruder1: target=0 temp=23.9 pwm=0.000 sysload=0.31 cputime=283.185 memavail=600072
Stats 16698.3: gcodein=0 mcu: mcu_awake=0.000 mcu_task_avg=0.000001 mcu_task_stddev=0.000001 bytes_write=104333 bytes_read=2810255 bytes_retransmit=9 bytes_invalid=0 send_seq=17169 receive_seq=17169 retransmit_seq=2 srtt=0.001 rttvar=0.000 rto=0.025 ready_bytes=0 upcoming_bytes=0 freq=520021774 heater_bed: target=0 temp=22.4 pwm=0.000 print_time=16697.993 buffer_time=0.000 print_stall=0 extruder: target=0 temp=23.7 pwm=0.000 extruder1: target=0 temp=24.1 pwm=0.000 sysload=0.31 cputime=283.202 memavail=600072
Stats 16699.3: gcodein=0 mcu: mcu_awake=0.000 mcu_task_avg=0.000001 mcu_task_stddev=0.000001 bytes_write=104339 bytes_read=2810421 bytes_retransmit=9 bytes_invalid=0 send_seq=17170 receive_seq=17170 retransmit_seq=2 srtt=0.001 rttvar=0.000 rto=0.025 ready_bytes=0 upcoming_bytes=0 freq=520021775 heater_bed: target=0 temp=22.3 pwm=0.000 print_time=16697.993 buffer_time=0.000 print_stall=0 extruder: target=0 temp=23.9 pwm=0.000 extruder1: target=0 temp=23.9 pwm=0.000 sysload=0.29 cputime=283.221 memavail=600072
Stats 16700.3: gcodein=0 mcu: mcu_awake=0.000 mcu_task_avg=0.000001 mcu_task_stddev=0.000001 bytes_write=104345 bytes_read=2810616 bytes_retransmit=9 bytes_invalid=0 send_seq=17171 receive_seq=17171 retransmit_seq=2 srtt=0.001 rttvar=0.000 rto=0.025 ready_bytes=0 upcoming_bytes=0 freq=520021773 heater_bed: target=0 temp=22.3 pwm=0.000 print_time=16697.993 buffer_time=0.000 print_stall=0 extruder: target=0 temp=23.9 pwm=0.000 extruder1: target=0 temp=23.9 pwm=0.000 sysload=0.29 cputime=283.239 memavail=600072
Stats 16701.3: gcodein=0 mcu: mcu_awake=0.000 mcu_task_avg=0.000001 mcu_task_stddev=0.000001 bytes_write=104351 bytes_read=2810767 bytes_retransmit=9 bytes_invalid=0 send_seq=17172 receive_seq=17172 retransmit_seq=2 srtt=0.001 rttvar=0.000 rto=0.025 ready_bytes=0 upcoming_bytes=0 freq=520021774 heater_bed: target=0 temp=22.2 pwm=0.000 print_time=16697.993 buffer_time=0.000 print_stall=0 extruder: target=0 temp=23.9 pwm=0.000 extruder1: target=0 temp=24.1 pwm=0.000 sysload=0.29 cputime=283.257 memavail=600072
Stats 16702.3: gcodein=0 mcu: mcu_awake=0.000 mcu_task_avg=0.000001 mcu_task_stddev=0.000001 bytes_write=104363 bytes_read=2810945 bytes_retransmit=9 bytes_invalid=0 send_seq=17174 receive_seq=17174 retransmit_seq=2 srtt=0.001 rttvar=0.000 rto=0.025 ready_bytes=0 upcoming_bytes=0 freq=520021780 heater_bed: target=0 temp=22.1 pwm=0.000 print_time=16697.993 buffer_time=0.000 print_stall=0 extruder: target=0 temp=23.7 pwm=0.000 extruder1: target=0 temp=23.9 pwm=0.000 sysload=0.29 cputime=283.276 memavail=599224
Stats 16703.3: gcodein=0 mcu: mcu_awake=0.000 mcu_task_avg=0.000001 mcu_task_stddev=0.000001 bytes_write=104369 bytes_read=2811126 bytes_retransmit=9 bytes_invalid=0 send_seq=17175 receive_seq=17175 retransmit_seq=2 srtt=0.001 rttvar=0.000 rto=0.025 ready_bytes=0 upcoming_bytes=0 freq=520021779 heater_bed: target=0 temp=22.0 pwm=0.000 print_time=16697.993 buffer_time=0.000 print_stall=0 extruder: target=0 temp=23.9 pwm=0.000 extruder1: target=0 temp=24.0 pwm=0.000 sysload=0.29 cputime=283.294 memavail=599236
Stats 16704.3: gcodein=0 mcu: mcu_awake=0.000 mcu_task_avg=0.000001 mcu_task_stddev=0.000001 bytes_write=104375 bytes_read=2811277 bytes_retransmit=9 bytes_invalid=0 send_seq=17176 receive_seq=17176 retransmit_seq=2 srtt=0.001 rttvar=0.000 rto=0.025 ready_bytes=0 upcoming_bytes=0 freq=520021786 heater_bed: target=0 temp=22.0 pwm=0.000 print_time=16697.993 buffer_time=0.000 print_stall=0 extruder: target=0 temp=23.9 pwm=0.000 extruder1: target=0 temp=23.9 pwm=0.000 sysload=0.26 cputime=283.312 memavail=599236
Stats 16705.3: gcodein=0 mcu: mcu_awake=0.000 mcu_task_avg=0.000001 mcu_task_stddev=0.000001 bytes_write=104381 bytes_read=2811457 bytes_retransmit=9 bytes_invalid=0 send_seq=17177 receive_seq=17177 retransmit_seq=2 srtt=0.001 rttvar=0.001 rto=0.025 ready_bytes=0 upcoming_bytes=0 freq=520021791 heater_bed: target=0 temp=22.1 pwm=0.000 print_time=16697.993 buffer_time=0.000 print_stall=0 extruder: target=0 temp=23.8 pwm=0.000 extruder1: target=0 temp=23.9 pwm=0.000 sysload=0.26 cputime=283.331 memavail=599236
Stats 16706.3: gcodein=0 mcu: mcu_awake=0.000 mcu_task_avg=0.000001 mcu_task_stddev=0.000001 bytes_write=104387 bytes_read=2811638 bytes_retransmit=9 bytes_invalid=0 send_seq=17178 receive_seq=17178 retransmit_seq=2 srtt=0.001 rttvar=0.001 rto=0.025 ready_bytes=0 upcoming_bytes=0 freq=520021788 heater_bed: target=0 temp=22.1 pwm=0.000 print_time=16697.993 buffer_time=0.000 print_stall=0 extruder: target=0 temp=23.9 pwm=0.000 extruder1: target=0 temp=24.0 pwm=0.000 sysload=0.26 cputime=283.349 memavail=599236
Stats 16707.3: gcodein=0 mcu: mcu_awake=0.000 mcu_task_avg=0.000001 mcu_task_stddev=0.000001 bytes_write=104393 bytes_read=2811789 bytes_retransmit=9 bytes_invalid=0 send_seq=17179 receive_seq=17179 retransmit_seq=2 srtt=0.001 rttvar=0.001 rto=0.025 ready_bytes=0 upcoming_bytes=0 freq=520021787 heater_bed: target=0 temp=22.1 pwm=0.000 print_time=16697.993 buffer_time=0.000 print_stall=0 extruder: target=0 temp=23.8 pwm=0.000 extruder1: target=0 temp=23.9 pwm=0.000 sysload=0.26 cputime=283.367 memavail=599236
Stats 16708.3: gcodein=0 mcu: mcu_awake=0.000 mcu_task_avg=0.000001 mcu_task_stddev=0.000001 bytes_write=104399 bytes_read=2811955 bytes_retransmit=9 bytes_invalid=0 send_seq=17180 receive_seq=17180 retransmit_seq=2 srtt=0.001 rttvar=0.001 rto=0.025 ready_bytes=0 upcoming_bytes=0 freq=520021786 heater_bed: target=0 temp=22.2 pwm=0.000 print_time=16697.993 buffer_time=0.000 print_stall=0 extruder: target=0 temp=23.9 pwm=0.000 extruder1: target=0 temp=24.0 pwm=0.000 sysload=0.26 cputime=283.385 memavail=599248
Stats 16709.3: gcodein=0 mcu: mcu_awake=0.000 mcu_task_avg=0.000001 mcu_task_stddev=0.000001 bytes_write=104405 bytes_read=2812136 bytes_retransmit=9 bytes_invalid=0 send_seq=17181 receive_seq=17181 retransmit_seq=2 srtt=0.001 rttvar=0.001 rto=0.025 ready_bytes=0 upcoming_bytes=0 freq=520021776 heater_bed: target=0 temp=22.3 pwm=0.000 print_time=16697.993 buffer_time=0.000 print_stall=0 extruder: target=0 temp=23.9 pwm=0.000 extruder1: target=0 temp=23.9 pwm=0.000 sysload=0.32 cputime=283.398 memavail=598776
Stats 16710.3: gcodein=0 mcu: mcu_awake=0.000 mcu_task_avg=0.000001 mcu_task_stddev=0.000001 bytes_write=104411 bytes_read=2812295 bytes_retransmit=9 bytes_invalid=0 send_seq=17182 receive_seq=17182 retransmit_seq=2 srtt=0.001 rttvar=0.001 rto=0.025 ready_bytes=0 upcoming_bytes=0 freq=520021761 heater_bed: target=0 temp=22.3 pwm=0.000 print_time=16697.993 buffer_time=0.000 print_stall=0 extruder: target=0 temp=23.8 pwm=0.000 extruder1: target=0 temp=24.0 pwm=0.000 sysload=0.32 cputime=283.409 memavail=598776
Stats 16711.3: gcodein=0 mcu: mcu_awake=0.000 mcu_task_avg=0.000001 mcu_task_stddev=0.000001 bytes_write=104417 bytes_read=2812461 bytes_retransmit=9 bytes_invalid=0 send_seq=17183 receive_seq=17183 retransmit_seq=2 srtt=0.001 rttvar=0.001 rto=0.025 ready_bytes=0 upcoming_bytes=0 freq=520021755 heater_bed: target=0 temp=22.5 pwm=0.000 print_time=16697.993 buffer_time=0.000 print_stall=0 extruder: target=0 temp=23.9 pwm=0.000 extruder1: target=0 temp=24.0 pwm=0.000 sysload=0.32 cputime=283.420 memavail=598776
Stats 16712.3: gcodein=0 mcu: mcu_awake=0.000 mcu_task_avg=0.000001 mcu_task_stddev=0.000001 bytes_write=104423 bytes_read=2812642 bytes_retransmit=9 bytes_invalid=0 send_seq=17184 receive_seq=17184 retransmit_seq=2 srtt=0.001 rttvar=0.000 rto=0.025 ready_bytes=0 upcoming_bytes=0 freq=520021745 heater_bed: target=0 temp=22.5 pwm=0.000 print_time=16697.993 buffer_time=0.000 print_stall=0 extruder: target=0 temp=23.9 pwm=0.000 extruder1: target=0 temp=23.9 pwm=0.000 sysload=0.32 cputime=283.433 memavail=591484
Stats 16713.3: gcodein=0 mcu: mcu_awake=0.000 mcu_task_avg=0.000001 mcu_task_stddev=0.000001 bytes_write=104429 bytes_read=2812793 bytes_retransmit=9 bytes_invalid=0 send_seq=17185 receive_seq=17185 retransmit_seq=2 srtt=0.001 rttvar=0.000 rto=0.025 ready_bytes=0 upcoming_bytes=0 freq=520021746 heater_bed: target=0 temp=22.5 pwm=0.000 print_time=16697.993 buffer_time=0.000 print_stall=0 extruder: target=0 temp=23.9 pwm=0.000 extruder1: target=0 temp=23.9 pwm=0.000 sysload=0.32 cputime=283.447 memavail=560244
Stats 16714.3: gcodein=0 mcu: mcu_awake=0.000 mcu_task_avg=0.000001 mcu_task_stddev=0.000001 bytes_write=104435 bytes_read=2812959 bytes_retransmit=9 bytes_invalid=0 send_seq=17186 receive_seq=17186 retransmit_seq=2 srtt=0.001 rttvar=0.000 rto=0.025 ready_bytes=0 upcoming_bytes=0 freq=520021745 heater_bed: target=0 temp=22.6 pwm=0.000 print_time=16697.993 buffer_time=0.000 print_stall=0 extruder: target=0 temp=23.9 pwm=0.000 extruder1: target=0 temp=24.0 pwm=0.000 sysload=0.30 cputime=283.461 memavail=560252
Stats 16715.3: gcodein=0 mcu: mcu_awake=0.000 mcu_task_avg=0.000001 mcu_task_stddev=0.000001 bytes_write=104441 bytes_read=2813154 bytes_retransmit=9 bytes_invalid=0 send_seq=17187 receive_seq=17187 retransmit_seq=2 srtt=0.001 rttvar=0.000 rto=0.025 ready_bytes=0 upcoming_bytes=0 freq=520021736 heater_bed: target=0 temp=22.6 pwm=0.000 print_time=16697.993 buffer_time=0.000 print_stall=0 extruder: target=0 temp=23.9 pwm=0.000 extruder1: target=0 temp=23.9 pwm=0.000 sysload=0.30 cputime=283.473 memavail=561680
Stats 16716.3: gcodein=0 mcu: mcu_awake=0.000 mcu_task_avg=0.000001 mcu_task_stddev=0.000001 bytes_write=104447 bytes_read=2813305 bytes_retransmit=9 bytes_invalid=0 send_seq=17188 receive_seq=17188 retransmit_seq=2 srtt=0.001 rttvar=0.000 rto=0.025 ready_bytes=0 upcoming_bytes=0 freq=520021725 heater_bed: target=0 temp=22.6 pwm=0.000 print_time=16697.993 buffer_time=0.000 print_stall=0 extruder: target=0 temp=23.9 pwm=0.000 extruder1: target=0 temp=23.9 pwm=0.000 sysload=0.30 cputime=283.485 memavail=565984
Stats 16717.3: gcodein=0 mcu: mcu_awake=0.000 mcu_task_avg=0.000001 mcu_task_stddev=0.000001 bytes_write=104453 bytes_read=2813471 bytes_retransmit=9 bytes_invalid=0 send_seq=17189 receive_seq=17189 retransmit_seq=2 srtt=0.001 rttvar=0.000 rto=0.025 ready_bytes=0 upcoming_bytes=0 freq=520021717 heater_bed: target=0 temp=22.7 pwm=0.000 print_time=16697.993 buffer_time=0.000 print_stall=0 extruder: target=0 temp=23.8 pwm=0.000 extruder1: target=0 temp=24.0 pwm=0.000 sysload=0.30 cputime=283.496 memavail=569752
Stats 16718.4: gcodein=0 mcu: mcu_awake=0.000 mcu_task_avg=0.000001 mcu_task_stddev=0.000001 bytes_write=104459 bytes_read=2813647 bytes_retransmit=9 bytes_invalid=0 send_seq=17190 receive_seq=17190 retransmit_seq=2 srtt=0.001 rttvar=0.000 rto=0.025 ready_bytes=0 upcoming_bytes=0 freq=520021712 heater_bed: target=0 temp=22.7 pwm=0.000 print_time=16697.993 buffer_time=0.000 print_stall=0 extruder: target=0 temp=23.8 pwm=0.000 extruder1: target=0 temp=23.9 pwm=0.000 sysload=0.30 cputime=283.508 memavail=573052
Stats 16719.4: gcodein=0 mcu: mcu_awake=0.000 mcu_task_avg=0.000001 mcu_task_stddev=0.000001 bytes_write=104465 bytes_read=2813798 bytes_retransmit=9 bytes_invalid=0 send_seq=17191 receive_seq=17191 retransmit_seq=2 srtt=0.001 rttvar=0.000 rto=0.025 ready_bytes=0 upcoming_bytes=0 freq=520021704 heater_bed: target=0 temp=22.8 pwm=0.000 print_time=16697.993 buffer_time=0.000 print_stall=0 extruder: target=0 temp=23.9 pwm=0.000 extruder1: target=0 temp=23.8 pwm=0.000 sysload=0.35 cputime=283.522 memavail=572620
Stats 16720.4: gcodein=0 mcu: mcu_awake=0.000 mcu_task_avg=0.000001 mcu_task_stddev=0.000001 bytes_write=104471 bytes_read=2813978 bytes_retransmit=9 bytes_invalid=0 send_seq=17192 receive_seq=17192 retransmit_seq=2 srtt=0.001 rttvar=0.000 rto=0.025 ready_bytes=0 upcoming_bytes=0 freq=520021699 heater_bed: target=0 temp=22.7 pwm=0.000 print_time=16697.993 buffer_time=0.000 print_stall=0 extruder: target=0 temp=24.0 pwm=0.000 extruder1: target=0 temp=23.9 pwm=0.000 sysload=0.35 cputime=283.535 memavail=572840
Stats 16721.4: gcodein=0 mcu: mcu_awake=0.000 mcu_task_avg=0.000001 mcu_task_stddev=0.000001 bytes_write=104477 bytes_read=2814159 bytes_retransmit=9 bytes_invalid=0 send_seq=17193 receive_seq=17193 retransmit_seq=2 srtt=0.001 rttvar=0.000 rto=0.025 ready_bytes=0 upcoming_bytes=0 freq=520021691 heater_bed: target=0 temp=22.8 pwm=0.000 print_time=16697.993 buffer_time=0.000 print_stall=0 extruder: target=0 temp=23.8 pwm=0.000 extruder1: target=0 temp=24.1 pwm=0.000 sysload=0.35 cputime=283.548 memavail=573056
Stats 16722.4: gcodein=0 mcu: mcu_awake=0.000 mcu_task_avg=0.000001 mcu_task_stddev=0.000001 bytes_write=104483 bytes_read=2814310 bytes_retransmit=9 bytes_invalid=0 send_seq=17194 receive_seq=17194 retransmit_seq=2 srtt=0.001 rttvar=0.000 rto=0.025 ready_bytes=0 upcoming_bytes=0 freq=520021690 heater_bed: target=0 temp=22.9 pwm=0.000 print_time=16697.993 buffer_time=0.000 print_stall=0 extruder: target=0 temp=23.9 pwm=0.000 extruder1: target=0 temp=23.9 pwm=0.000 sysload=0.35 cputime=283.559 memavail=582788
Stats 16723.4: gcodein=0 mcu: mcu_awake=0.000 mcu_task_avg=0.000001 mcu_task_stddev=0.000001 bytes_write=104489 bytes_read=2814476 bytes_retransmit=9 bytes_invalid=0 send_seq=17195 receive_seq=17195 retransmit_seq=2 srtt=0.001 rttvar=0.000 rto=0.025 ready_bytes=0 upcoming_bytes=0 freq=520021684 heater_bed: target=0 temp=22.9 pwm=0.000 print_time=16697.993 buffer_time=0.000 print_stall=0 extruder: target=0 temp=23.8 pwm=0.000 extruder1: target=0 temp=24.1 pwm=0.000 sysload=0.35 cputime=283.571 memavail=582884
Stats 16724.4: gcodein=0 mcu: mcu_awake=0.000 mcu_task_avg=0.000001 mcu_task_stddev=0.000001 bytes_write=104495 bytes_read=2814657 bytes_retransmit=9 bytes_invalid=0 send_seq=17196 receive_seq=17196 retransmit_seq=2 srtt=0.001 rttvar=0.000 rto=0.025 ready_bytes=0 upcoming_bytes=0 freq=520021708 heater_bed: target=0 temp=22.9 pwm=0.000 print_time=16697.993 buffer_time=0.000 print_stall=0 extruder: target=0 temp=23.9 pwm=0.000 extruder1: target=0 temp=23.9 pwm=0.000 sysload=0.33 cputime=283.588 memavail=583876
Stats 16725.4: gcodein=0 mcu: mcu_awake=0.000 mcu_task_avg=0.000001 mcu_task_stddev=0.000001 bytes_write=104501 bytes_read=2814822 bytes_retransmit=9 bytes_invalid=0 send_seq=17197 receive_seq=17197 retransmit_seq=2 srtt=0.001 rttvar=0.000 rto=0.025 ready_bytes=0 upcoming_bytes=0 freq=520021728 heater_bed: target=0 temp=23.0 pwm=0.000 print_time=16697.993 buffer_time=0.000 print_stall=0 extruder: target=0 temp=24.1 pwm=0.000 extruder1: target=0 temp=24.0 pwm=0.000 sysload=0.33 cputime=283.607 memavail=584848
Stats 16726.4: gcodein=0 mcu: mcu_awake=0.000 mcu_task_avg=0.000001 mcu_task_stddev=0.000001 bytes_write=104507 bytes_read=2814985 bytes_retransmit=9 bytes_invalid=0 send_seq=17198 receive_seq=17198 retransmit_seq=2 srtt=0.001 rttvar=0.000 rto=0.025 ready_bytes=0 upcoming_bytes=0 freq=520021746 heater_bed: target=0 temp=23.0 pwm=0.000 print_time=16697.993 buffer_time=0.000 print_stall=0 extruder: target=0 temp=23.9 pwm=0.000 extruder1: target=0 temp=24.0 pwm=0.000 sysload=0.33 cputime=283.625 memavail=585724
Stats 16727.4: gcodein=0 mcu: mcu_awake=0.000 mcu_task_avg=0.000001 mcu_task_stddev=0.000001 bytes_write=104513 bytes_read=2815164 bytes_retransmit=9 bytes_invalid=0 send_seq=17199 receive_seq=17199 retransmit_seq=2 srtt=0.001 rttvar=0.000 rto=0.025 ready_bytes=0 upcoming_bytes=0 freq=520021754 heater_bed: target=0 temp=23.0 pwm=0.000 print_time=16697.993 buffer_time=0.000 print_stall=0 extruder: target=0 temp=23.9 pwm=0.000 extruder1: target=0 temp=23.9 pwm=0.000 sysload=0.33 cputime=283.644 memavail=586716
Stats 16728.4: gcodein=0 mcu: mcu_awake=0.000 mcu_task_avg=0.000001 mcu_task_stddev=0.000001 bytes_write=104519 bytes_read=2815315 bytes_retransmit=9 bytes_invalid=0 send_seq=17200 receive_seq=17200 retransmit_seq=2 srtt=0.001 rttvar=0.000 rto=0.025 ready_bytes=0 upcoming_bytes=0 freq=520021755 heater_bed: target=0 temp=23.0 pwm=0.000 print_time=16697.993 buffer_time=0.000 print_stall=0 extruder: target=0 temp=23.9 pwm=0.000 extruder1: target=0 temp=24.0 pwm=0.000 sysload=0.33 cputime=283.662 memavail=587584
Stats 16729.4: gcodein=0 mcu: mcu_awake=0.000 mcu_task_avg=0.000001 mcu_task_stddev=0.000001 bytes_write=104525 bytes_read=2815481 bytes_retransmit=9 bytes_invalid=0 send_seq=17201 receive_seq=17201 retransmit_seq=2 srtt=0.001 rttvar=0.000 rto=0.025 ready_bytes=0 upcoming_bytes=0 freq=520021762 heater_bed: target=0 temp=23.0 pwm=0.000 print_time=16697.993 buffer_time=0.000 print_stall=0 extruder: target=0 temp=24.1 pwm=0.000 extruder1: target=0 temp=24.0 pwm=0.000 sysload=0.30 cputime=283.680 memavail=588344
Stats 16730.4: gcodein=0 mcu: mcu_awake=0.000 mcu_task_avg=0.000001 mcu_task_stddev=0.000001 bytes_write=104531 bytes_read=2815676 bytes_retransmit=9 bytes_invalid=0 send_seq=17202 receive_seq=17202 retransmit_seq=2 srtt=0.001 rttvar=0.000 rto=0.025 ready_bytes=0 upcoming_bytes=0 freq=520021765 heater_bed: target=0 temp=23.0 pwm=0.000 print_time=16697.993 buffer_time=0.000 print_stall=0 extruder: target=0 temp=24.1 pwm=0.000 extruder1: target=0 temp=23.9 pwm=0.000 sysload=0.30 cputime=283.699 memavail=588544
Stats 16731.4: gcodein=0 mcu: mcu_awake=0.000 mcu_task_avg=0.000001 mcu_task_stddev=0.000001 bytes_write=104537 bytes_read=2815842 bytes_retransmit=9 bytes_invalid=0 send_seq=17203 receive_seq=17203 retransmit_seq=2 srtt=0.001 rttvar=0.000 rto=0.025 ready_bytes=0 upcoming_bytes=0 freq=520021765 heater_bed: target=0 temp=23.0 pwm=0.000 print_time=16697.993 buffer_time=0.000 print_stall=0 extruder: target=0 temp=23.9 pwm=0.000 extruder1: target=0 temp=24.0 pwm=0.000 sysload=0.30 cputime=283.717 memavail=588544
Stats 16732.4: gcodein=0 mcu: mcu_awake=0.000 mcu_task_avg=0.000001 mcu_task_stddev=0.000001 bytes_write=104543 bytes_read=2816008 bytes_retransmit=9 bytes_invalid=0 send_seq=17204 receive_seq=17204 retransmit_seq=2 srtt=0.001 rttvar=0.000 rto=0.025 ready_bytes=0 upcoming_bytes=0 freq=520021766 heater_bed: target=0 temp=23.0 pwm=0.000 print_time=16697.993 buffer_time=0.000 print_stall=0 extruder: target=0 temp=23.9 pwm=0.000 extruder1: target=0 temp=23.9 pwm=0.000 sysload=0.30 cputime=283.736 memavail=588112
Stats 16733.4: gcodein=0 mcu: mcu_awake=0.000 mcu_task_avg=0.000001 mcu_task_stddev=0.000001 bytes_write=104549 bytes_read=2816174 bytes_retransmit=9 bytes_invalid=0 send_seq=17205 receive_seq=17205 retransmit_seq=2 srtt=0.001 rttvar=0.000 rto=0.025 ready_bytes=0 upcoming_bytes=0 freq=520021780 heater_bed: target=0 temp=23.0 pwm=0.000 print_time=16697.993 buffer_time=0.000 print_stall=0 extruder: target=0 temp=24.0 pwm=0.000 extruder1: target=0 temp=24.0 pwm=0.000 sysload=0.30 cputime=283.754 memavail=588148
Stats 16734.4: gcodein=0 mcu: mcu_awake=0.000 mcu_task_avg=0.000001 mcu_task_stddev=0.000001 bytes_write=104555 bytes_read=2816339 bytes_retransmit=9 bytes_invalid=0 send_seq=17206 receive_seq=17206 retransmit_seq=2 srtt=0.001 rttvar=0.000 rto=0.025 ready_bytes=0 upcoming_bytes=0 freq=520021779 heater_bed: target=0 temp=23.0 pwm=0.000 print_time=16697.993 buffer_time=0.000 print_stall=0 extruder: target=0 temp=23.9 pwm=0.000 extruder1: target=0 temp=23.9 pwm=0.000 sysload=0.27 cputime=283.773 memavail=588148
Stats 16735.4: gcodein=0 mcu: mcu_awake=0.000 mcu_task_avg=0.000001 mcu_task_stddev=0.000001 bytes_write=104561 bytes_read=2816514 bytes_retransmit=9 bytes_invalid=0 send_seq=17207 receive_seq=17207 retransmit_seq=2 srtt=0.001 rttvar=0.000 rto=0.025 ready_bytes=0 upcoming_bytes=0 freq=520021775 heater_bed: target=0 temp=22.9 pwm=0.000 print_time=16697.993 buffer_time=0.000 print_stall=0 extruder: target=0 temp=24.1 pwm=0.000 extruder1: target=0 temp=23.7 pwm=0.000 sysload=0.27 cputime=283.792 memavail=588148
Stats 16736.4: gcodein=0 mcu: mcu_awake=0.000 mcu_task_avg=0.000001 mcu_task_stddev=0.000001 bytes_write=104567 bytes_read=2816680 bytes_retransmit=9 bytes_invalid=0 send_seq=17208 receive_seq=17208 retransmit_seq=2 srtt=0.001 rttvar=0.000 rto=0.025 ready_bytes=0 upcoming_bytes=0 freq=520021777 heater_bed: target=0 temp=23.0 pwm=0.000 print_time=16697.993 buffer_time=0.000 print_stall=0 extruder: target=0 temp=23.8 pwm=0.000 extruder1: target=0 temp=23.9 pwm=0.000 sysload=0.27 cputime=283.810 memavail=588148
Stats 16737.4: gcodein=0 mcu: mcu_awake=0.000 mcu_task_avg=0.000001 mcu_task_stddev=0.000001 bytes_write=104573 bytes_read=2816846 bytes_retransmit=9 bytes_invalid=0 send_seq=17209 receive_seq=17209 retransmit_seq=2 srtt=0.001 rttvar=0.000 rto=0.025 ready_bytes=0 upcoming_bytes=0 freq=520021779 heater_bed: target=0 temp=22.9 pwm=0.000 print_time=16697.993 buffer_time=0.000 print_stall=0 extruder: target=0 temp=23.9 pwm=0.000 extruder1: target=0 temp=23.9 pwm=0.000 sysload=0.27 cputime=283.828 memavail=588148
Stats 16738.4: gcodein=0 mcu: mcu_awake=0.000 mcu_task_avg=0.000001 mcu_task_stddev=0.000001 bytes_write=104579 bytes_read=2817012 bytes_retransmit=9 bytes_invalid=0 send_seq=17210 receive_seq=17210 retransmit_seq=2 srtt=0.001 rttvar=0.000 rto=0.025 ready_bytes=0 upcoming_bytes=0 freq=520021775 heater_bed: target=0 temp=22.9 pwm=0.000 print_time=16697.993 buffer_time=0.000 print_stall=0 extruder: target=0 temp=23.8 pwm=0.000 extruder1: target=0 temp=24.2 pwm=0.000 sysload=0.27 cputime=283.847 memavail=588152
Stats 16739.4: gcodein=0 mcu: mcu_awake=0.000 mcu_task_avg=0.000001 mcu_task_stddev=0.000001 bytes_write=104585 bytes_read=2817178 bytes_retransmit=9 bytes_invalid=0 send_seq=17211 receive_seq=17211 retransmit_seq=2 srtt=0.001 rttvar=0.000 rto=0.025 ready_bytes=0 upcoming_bytes=0 freq=520021776 heater_bed: target=0 temp=23.0 pwm=0.000 print_time=16697.993 buffer_time=0.000 print_stall=0 extruder: target=0 temp=23.8 pwm=0.000 extruder1: target=0 temp=23.9 pwm=0.000 sysload=0.25 cputime=283.865 memavail=588152
Stats 16740.4: gcodein=0 mcu: mcu_awake=0.000 mcu_task_avg=0.000001 mcu_task_stddev=0.000001 bytes_write=104591 bytes_read=2817358 bytes_retransmit=9 bytes_invalid=0 send_seq=17212 receive_seq=17212 retransmit_seq=2 srtt=0.001 rttvar=0.000 rto=0.025 ready_bytes=0 upcoming_bytes=0 freq=520021780 heater_bed: target=0 temp=23.0 pwm=0.000 print_time=16697.993 buffer_time=0.000 print_stall=0 extruder: target=0 temp=23.7 pwm=0.000 extruder1: target=0 temp=24.0 pwm=0.000 sysload=0.25 cputime=283.884 memavail=588152
Stats 16741.4: gcodein=0 mcu: mcu_awake=0.000 mcu_task_avg=0.000001 mcu_task_stddev=0.000001 bytes_write=104597 bytes_read=2817524 bytes_retransmit=9 bytes_invalid=0 send_seq=17213 receive_seq=17213 retransmit_seq=2 srtt=0.001 rttvar=0.000 rto=0.025 ready_bytes=0 upcoming_bytes=0 freq=520021778 heater_bed: target=0 temp=23.0 pwm=0.000 print_time=16697.993 buffer_time=0.000 print_stall=0 extruder: target=0 temp=23.9 pwm=0.000 extruder1: target=0 temp=24.2 pwm=0.000 sysload=0.25 cputime=283.902 memavail=588152
Stats 16742.4: gcodein=0 mcu: mcu_awake=0.000 mcu_task_avg=0.000001 mcu_task_stddev=0.000001 bytes_write=104603 bytes_read=2817690 bytes_retransmit=9 bytes_invalid=0 send_seq=17214 receive_seq=17214 retransmit_seq=2 srtt=0.001 rttvar=0.000 rto=0.025 ready_bytes=0 upcoming_bytes=0 freq=520021773 heater_bed: target=0 temp=23.0 pwm=0.000 print_time=16697.993 buffer_time=0.000 print_stall=0 extruder: target=0 temp=23.7 pwm=0.000 extruder1: target=0 temp=24.0 pwm=0.000 sysload=0.25 cputime=283.920 memavail=593124
Stats 16743.4: gcodein=0 mcu: mcu_awake=0.000 mcu_task_avg=0.000001 mcu_task_stddev=0.000001 bytes_write=104609 bytes_read=2817851 bytes_retransmit=9 bytes_invalid=0 send_seq=17215 receive_seq=17215 retransmit_seq=2 srtt=0.001 rttvar=0.000 rto=0.025 ready_bytes=0 upcoming_bytes=0 freq=520021771 heater_bed: target=0 temp=22.9 pwm=0.000 print_time=16697.993 buffer_time=0.000 print_stall=0 extruder: target=0 temp=24.0 pwm=0.000 extruder1: target=0 temp=24.0 pwm=0.000 sysload=0.25 cputime=283.939 memavail=593112
Stats 16744.4: gcodein=0 mcu: mcu_awake=0.000 mcu_task_avg=0.000001 mcu_task_stddev=0.000001 bytes_write=104615 bytes_read=2818017 bytes_retransmit=9 bytes_invalid=0 send_seq=17216 receive_seq=17216 retransmit_seq=2 srtt=0.001 rttvar=0.000 rto=0.025 ready_bytes=0 upcoming_bytes=0 freq=520021766 heater_bed: target=0 temp=22.9 pwm=0.000 print_time=16697.993 buffer_time=0.000 print_stall=0 extruder: target=0 temp=23.8 pwm=0.000 extruder1: target=0 temp=23.9 pwm=0.000 sysload=0.23 cputime=283.957 memavail=593116
Stats 16745.4: gcodein=0 mcu: mcu_awake=0.000 mcu_task_avg=0.000001 mcu_task_stddev=0.000001 bytes_write=104621 bytes_read=2818183 bytes_retransmit=9 bytes_invalid=0 send_seq=17217 receive_seq=17217 retransmit_seq=2 srtt=0.001 rttvar=0.000 rto=0.025 ready_bytes=0 upcoming_bytes=0 freq=520021763 heater_bed: target=0 temp=22.9 pwm=0.000 print_time=16697.993 buffer_time=0.000 print_stall=0 extruder: target=0 temp=23.9 pwm=0.000 extruder1: target=0 temp=23.9 pwm=0.000 sysload=0.23 cputime=283.976 memavail=593116
Stats 16746.4: gcodein=0 mcu: mcu_awake=0.000 mcu_task_avg=0.000001 mcu_task_stddev=0.000001 bytes_write=104627 bytes_read=2818363 bytes_retransmit=9 bytes_invalid=0 send_seq=17218 receive_seq=17218 retransmit_seq=2 srtt=0.001 rttvar=0.000 rto=0.025 ready_bytes=0 upcoming_bytes=0 freq=520021758 heater_bed: target=0 temp=22.9 pwm=0.000 print_time=16697.993 buffer_time=0.000 print_stall=0 extruder: target=0 temp=23.9 pwm=0.000 extruder1: target=0 temp=23.9 pwm=0.000 sysload=0.23 cputime=283.994 memavail=593116
Stats 16747.4: gcodein=0 mcu: mcu_awake=0.000 mcu_task_avg=0.000001 mcu_task_stddev=0.000001 bytes_write=104633 bytes_read=2818529 bytes_retransmit=9 bytes_invalid=0 send_seq=17219 receive_seq=17219 retransmit_seq=2 srtt=0.001 rttvar=0.000 rto=0.025 ready_bytes=0 upcoming_bytes=0 freq=520021760 heater_bed: target=0 temp=22.8 pwm=0.000 print_time=16697.993 buffer_time=0.000 print_stall=0 extruder: target=0 temp=23.8 pwm=0.000 extruder1: target=0 temp=23.9 pwm=0.000 sysload=0.23 cputime=284.013 memavail=593116
Stats 16748.4: gcodein=0 mcu: mcu_awake=0.000 mcu_task_avg=0.000001 mcu_task_stddev=0.000001 bytes_write=104639 bytes_read=2818695 bytes_retransmit=9 bytes_invalid=0 send_seq=17220 receive_seq=17220 retransmit_seq=2 srtt=0.001 rttvar=0.000 rto=0.025 ready_bytes=0 upcoming_bytes=0 freq=520021758 heater_bed: target=0 temp=22.8 pwm=0.000 print_time=16697.993 buffer_time=0.000 print_stall=0 extruder: target=0 temp=24.1 pwm=0.000 extruder1: target=0 temp=23.9 pwm=0.000 sysload=0.23 cputime=284.032 memavail=592516
Stats 16749.4: gcodein=0 mcu: mcu_awake=0.000 mcu_task_avg=0.000001 mcu_task_stddev=0.000001 bytes_write=104645 bytes_read=2818861 bytes_retransmit=9 bytes_invalid=0 send_seq=17221 receive_seq=17221 retransmit_seq=2 srtt=0.001 rttvar=0.000 rto=0.025 ready_bytes=0 upcoming_bytes=0 freq=520021752 heater_bed: target=0 temp=22.7 pwm=0.000 print_time=16697.993 buffer_time=0.000 print_stall=0 extruder: target=0 temp=24.0 pwm=0.000 extruder1: target=0 temp=23.9 pwm=0.000 sysload=0.21 cputime=284.050 memavail=592484
Stats 16750.4: gcodein=0 mcu: mcu_awake=0.000 mcu_task_avg=0.000001 mcu_task_stddev=0.000001 bytes_write=104651 bytes_read=2819027 bytes_retransmit=9 bytes_invalid=0 send_seq=17222 receive_seq=17222 retransmit_seq=2 srtt=0.001 rttvar=0.000 rto=0.025 ready_bytes=0 upcoming_bytes=0 freq=520021756 heater_bed: target=0 temp=22.7 pwm=0.000 print_time=16697.993 buffer_time=0.000 print_stall=0 extruder: target=0 temp=23.9 pwm=0.000 extruder1: target=0 temp=24.1 pwm=0.000 sysload=0.21 cputime=284.069 memavail=592484
